{
"type": "FeatureCollection",
"crs": { "type": "name", "properties": { "name": "urn:ogc:def:crs:OGC:1.3:CRS84" } },
"features": [
{ "type": "Feature", "properties": { "Zone": "Antioquia" }, "geometry": { "type": "MultiPolygon", "coordinates": [ [ [ [ -77.424514598123537, 4.287824539061184 ], [ -77.432286456582716, 4.284923710196923 ], [ -77.438392916800652, 4.289951813561641 ], [ -77.432286456582716, 4.293819585380657 ], [ -77.42340433262936, 4.29227247665305 ], [ -77.424514598123537, 4.287824539061184 ] ] ], [ [ [ -77.439873270792887, 4.298460911563476 ], [ -77.435432208816209, 4.294012973971608 ], [ -77.440613447788991, 4.290145202152592 ], [ -77.447830173501103, 4.29188569947115 ], [ -77.458007607197658, 4.290725367925445 ], [ -77.457637518699599, 4.296333637063016 ], [ -77.450975925734582, 4.300974963245835 ], [ -77.443204067275389, 4.297880745790623 ], [ -77.439873270792887, 4.298460911563476 ] ] ], [ [ [ -77.397313093516374, 5.407931257847949 ], [ -77.401754155493052, 5.408124646438898 ], [ -77.405084951975567, 5.41624696725883 ], [ -77.402864420987228, 5.423208956533058 ], [ -77.39657291652027, 5.415473412895027 ], [ -77.397313093516374, 5.407931257847949 ] ] ], [ [ [ -76.048340518100247, 5.460339565995602 ], [ -76.073136447470034, 5.454151131085178 ], [ -76.086459633400068, 5.451830467993769 ], [ -76.115141491999452, 5.443321369991937 ], [ -76.121618040715447, 5.438099878036265 ], [ -76.130130076170744, 5.428817225670629 ], [ -76.13993742136924, 5.4214684592145 ], [ -76.145858837338139, 5.412765972621717 ], [ -76.156036271034694, 5.401936211528474 ], [ -76.163623085244865, 5.395554388027099 ], [ -76.176946271174899, 5.392073393389985 ], [ -76.187863881867557, 5.388012232980021 ], [ -76.199336625307311, 5.381243632296744 ], [ -76.238010873354227, 5.36751304233924 ], [ -76.27668512140113, 5.349141126198919 ], [ -76.287047599346721, 5.33657086778712 ], [ -76.301481050770931, 5.323420443602469 ], [ -76.302406272016071, 5.310656796599719 ], [ -76.30647724549469, 5.298473315369822 ], [ -76.315174325199024, 5.289964217367988 ], [ -76.323316272156262, 5.287063388503727 ], [ -76.350332732514389, 5.280874953593303 ], [ -76.354958838740103, 5.277393958956189 ], [ -76.354958838740103, 5.271592301227667 ], [ -76.357734502475523, 5.264050146180587 ], [ -76.359584944965803, 5.252060053541641 ], [ -76.358474679471641, 5.233494748810369 ], [ -76.352553263502728, 5.22885342262755 ], [ -76.345151493541593, 5.220150936034766 ], [ -76.329052643876139, 5.207387289032017 ], [ -76.309437953479147, 5.179539331935109 ], [ -76.297780165790357, 5.154785592293411 ], [ -76.289638218833119, 5.146083105700628 ], [ -76.286307422350603, 5.137380619107844 ], [ -76.272984236420569, 5.113013656648048 ], [ -76.26891326294195, 5.104311170055265 ], [ -76.264287156716236, 5.087486362642549 ], [ -76.257625563751219, 5.060411959909445 ], [ -76.257440519502197, 5.04648798136099 ], [ -76.253924678770659, 5.034884665903945 ], [ -76.24985370529204, 5.025795402129258 ], [ -76.236530519362006, 5.004135879942774 ], [ -76.22857361665379, 4.9977540564414 ], [ -76.219321404202375, 4.988084626893862 ], [ -76.200261846552451, 4.97744825439157 ], [ -76.189899368606874, 4.969906099344492 ], [ -76.177131315423921, 4.963524275843117 ], [ -76.169729545462786, 4.965071384570722 ], [ -76.177131315423921, 4.95134079461322 ], [ -76.195080607579669, 4.915757293878281 ], [ -76.200261846552451, 4.900092818011268 ], [ -76.208958926256784, 4.881720901870947 ], [ -76.23134928038921, 4.85174567027358 ], [ -76.233569811377549, 4.845363846772205 ], [ -76.239491227346448, 4.843043183680797 ], [ -76.241711758334787, 4.834340697088013 ], [ -76.252074236280379, 4.824671267540475 ], [ -76.276315032903085, 4.816162169538643 ], [ -76.286122378101581, 4.810360511810119 ], [ -76.297595121541335, 4.805719185627302 ], [ -76.333863794350876, 4.786380326532226 ], [ -76.34311600680229, 4.78231916612226 ], [ -76.358659723720663, 4.770135684892363 ], [ -76.365691405183739, 4.762206752663381 ], [ -76.379384679611832, 4.737453013021685 ], [ -76.386231316825871, 4.731071189520311 ], [ -76.383455653090451, 4.727010029110344 ], [ -76.396778839020484, 4.716180268017103 ], [ -76.4047357417287, 4.712119107607137 ], [ -76.410102024950518, 4.707477781424318 ], [ -76.42601583036695, 4.680983544464066 ], [ -76.433047511830026, 4.671700892098428 ], [ -76.439894149044079, 4.658550467913779 ], [ -76.451922025230914, 4.637857888682047 ], [ -76.45895370669399, 4.622773578587889 ], [ -76.466355476655124, 4.610009931585139 ], [ -76.472276892624024, 4.593958678536227 ], [ -76.475052556359444, 4.582935528852033 ], [ -76.475607689106539, 4.570945436213087 ], [ -76.479678662585158, 4.568044607348826 ], [ -76.489300963534632, 4.55644129189178 ], [ -76.489300963534632, 4.546771862344242 ], [ -76.498553175986046, 4.525305728748709 ], [ -76.506695122943285, 4.515056133428319 ], [ -76.509655830927741, 4.508094144154091 ], [ -76.513541760157324, 4.491269336741377 ], [ -76.515947335394699, 4.476378415238168 ], [ -76.518908043379156, 4.463421379644467 ], [ -76.532046185060153, 4.426677547363825 ], [ -76.546479636484364, 4.423970107090515 ], [ -76.580342734056543, 4.41526762049773 ], [ -76.591445388998238, 4.410239517133011 ], [ -76.591445388998238, 4.403277527858783 ], [ -76.581082911052647, 4.359378317712963 ], [ -76.575161495083748, 4.345454339164508 ], [ -76.572940964095409, 4.333270857934611 ], [ -76.559617778165375, 4.300201408882032 ], [ -76.556101937433837, 4.27892866387745 ], [ -76.555546804686742, 4.267905514193256 ], [ -76.557212202928, 4.257075753100013 ], [ -76.556101937433837, 4.241991443005855 ], [ -76.53778255678003, 4.224586469820288 ], [ -76.529640609822792, 4.221685640956025 ], [ -76.523719193853879, 4.215883983227503 ], [ -76.5146520256515, 4.210662491271833 ], [ -76.481159016577379, 4.187842637539644 ], [ -76.471351671378883, 4.178173207992106 ], [ -76.468946096141508, 4.173918658991189 ], [ -76.462099458927469, 4.169857498581225 ], [ -76.464319989915808, 4.162508732125096 ], [ -76.469501228888603, 4.159607903260834 ], [ -76.47708804309876, 4.147424422030936 ], [ -76.4839346803128, 4.140655821347661 ], [ -76.494482202507413, 4.136014495164842 ], [ -76.509840875176764, 4.133113666300581 ], [ -76.512246450414125, 4.126731842799206 ], [ -76.525569636344173, 4.117062413251668 ], [ -76.53408167179947, 4.105459097794624 ], [ -76.563503707394972, 4.092308673609972 ], [ -76.583118397791964, 4.073936757469649 ], [ -76.591815477496297, 4.057885504420737 ], [ -76.628639283052919, 4.038353256734711 ], [ -76.664352823115379, 4.0356458164614 ], [ -76.691924416220587, 4.036806148007106 ], [ -76.705987779146739, 4.026556552686715 ], [ -76.717460522586492, 4.014953237229671 ], [ -76.727823000532069, 4.009344968092098 ], [ -76.740961142213081, 4.006444139227836 ], [ -76.765757071582868, 3.999095372771709 ], [ -76.785371761979874, 3.995034212361743 ], [ -76.792958576190031, 3.992713549270334 ], [ -76.798694947909908, 3.993487103634136 ], [ -76.81645919581662, 4.000449092908363 ], [ -76.83274308973111, 4.010311911046852 ], [ -76.843660700423769, 4.019594563412488 ], [ -76.861424948330495, 4.038740033916612 ], [ -76.874193001513447, 4.048602852055101 ], [ -76.896028222898778, 4.066587991013522 ], [ -76.909906541575893, 4.075290477606305 ], [ -76.933037072704437, 4.083026021244336 ], [ -76.946360258634471, 4.093469005155676 ], [ -76.956722736580048, 4.104492154839869 ], [ -76.983739196938174, 4.115515304524061 ], [ -77.025374152969547, 4.10990703538649 ], [ -77.040732825638884, 4.10719959511318 ], [ -77.051835480580593, 4.10719959511318 ], [ -77.069784772736327, 4.108359926658885 ], [ -77.100132029576969, 4.114354972978358 ], [ -77.109939374775465, 4.118416133388324 ], [ -77.124927958946756, 4.127118619981108 ], [ -77.132514773156913, 4.14046243275671 ], [ -77.156200437032538, 4.161928566352243 ], [ -77.174519817686331, 4.170631052945026 ], [ -77.188583180612483, 4.180493871083515 ], [ -77.201721322293494, 4.183974865720629 ], [ -77.215044508223528, 4.179333539537812 ], [ -77.231698490636077, 4.169083944217421 ], [ -77.238545127850117, 4.162702120716046 ], [ -77.264081234216022, 4.165796338171258 ], [ -77.274258667912576, 4.179720316719711 ], [ -77.284621145858154, 4.208535216771374 ], [ -77.28943229633289, 4.223619526865534 ], [ -77.291097694574148, 4.23290217923117 ], [ -77.294613535305686, 4.239864168505397 ], [ -77.298684508784305, 4.24044433427825 ], [ -77.309417075227941, 4.231161681912612 ], [ -77.311267517718235, 4.224973247002188 ], [ -77.312377783212398, 4.206407942270916 ], [ -77.32514583639535, 4.188616191903447 ], [ -77.328476632877852, 4.18165420262922 ], [ -77.341244686060804, 4.178753373764959 ], [ -77.349386633018057, 4.185715363039186 ], [ -77.361414509204891, 4.193837683859117 ], [ -77.370666721656306, 4.198672398632887 ], [ -77.383249730590222, 4.198672398632887 ], [ -77.390281412053298, 4.196931901314329 ], [ -77.399903713002772, 4.191130243585807 ], [ -77.477437253345627, 4.20466744495236 ], [ -77.47854751883979, 4.204860833543311 ], [ -77.479287695835907, 4.207955050998523 ], [ -77.474106456863112, 4.217044314773208 ], [ -77.466519642652955, 4.218398034909862 ], [ -77.467999996645176, 4.222265806728878 ], [ -77.475956899353392, 4.218398034909862 ], [ -77.480212917081047, 4.213756708727045 ], [ -77.481508226824246, 4.206794719452818 ], [ -77.487614687042182, 4.207955050998523 ], [ -77.490390350777602, 4.205440999316162 ], [ -77.508524687182373, 4.203507113406655 ], [ -77.511485395166829, 4.201379838906197 ], [ -77.512595660660992, 4.201379838906197 ], [ -77.519257253626009, 4.201186450315246 ], [ -77.523513271353664, 4.198672398632887 ], [ -77.529064598824505, 4.201573227497148 ], [ -77.529804775820622, 4.208148439589474 ], [ -77.524623536847827, 4.236189785277332 ], [ -77.524068404100746, 4.247599712143426 ], [ -77.524808581096863, 4.254561701417654 ], [ -77.522032917361429, 4.264231130965191 ], [ -77.515371324396412, 4.277574943740794 ], [ -77.504083625205695, 4.287437761879282 ], [ -77.49853229773484, 4.293432808198755 ], [ -77.484839023306748, 4.293819585380657 ], [ -77.490205306528566, 4.288791482015938 ], [ -77.486319377298983, 4.281249326968858 ], [ -77.488169819789263, 4.272353451785124 ], [ -77.497422032240678, 4.267131959829452 ], [ -77.49853229773484, 4.261910467873783 ], [ -77.493166014513022, 4.262103856464734 ], [ -77.486319377298983, 4.251274095371491 ], [ -77.481508226824246, 4.247406323552475 ], [ -77.471885925874773, 4.246245992006772 ], [ -77.4609683151821, 4.246439380597723 ], [ -77.458747784193761, 4.250113763825787 ], [ -77.467074775400036, 4.251467483962442 ], [ -77.480768049828129, 4.250887318189589 ], [ -77.484283890559666, 4.255141867190506 ], [ -77.48132318257521, 4.260943524919028 ], [ -77.475401766606311, 4.267131959829452 ], [ -77.467444863898095, 4.267325348420403 ], [ -77.458377695695702, 4.274867503467483 ], [ -77.452641323975826, 4.277574943740794 ], [ -77.452086191228744, 4.283183212878365 ], [ -77.44005831504191, 4.285697264560726 ], [ -77.432101412333694, 4.282989824287414 ], [ -77.42340433262936, 4.285697264560726 ], [ -77.422294067135198, 4.290918756516396 ], [ -77.413226898932805, 4.292852642425903 ], [ -77.413226898932805, 4.298654300154425 ], [ -77.428770615851192, 4.306583232383407 ], [ -77.439873270792887, 4.31006422702052 ], [ -77.427105217609935, 4.318960102204255 ], [ -77.421183801641021, 4.326308868660384 ], [ -77.412671766185724, 4.345067561982606 ], [ -77.410636279446408, 4.351449385483981 ], [ -77.399903713002772, 4.357444431803454 ], [ -77.386210438574679, 4.370401467397155 ], [ -77.382694597843141, 4.367694027123845 ], [ -77.374922739383962, 4.369241135851452 ], [ -77.369371411913107, 4.374849404989023 ], [ -77.370481677407284, 4.38703288621892 ], [ -77.366780792426709, 4.392834543947442 ], [ -77.365670526932547, 4.400183310403571 ], [ -77.358453801220435, 4.405404802359241 ], [ -77.355493093235992, 4.414880843315828 ], [ -77.348831500270975, 4.416427952043435 ], [ -77.344020349796239, 4.432092427910446 ], [ -77.351607164006396, 4.427644490318578 ], [ -77.351607164006396, 4.433446148047102 ], [ -77.346240880784578, 4.456266001779289 ], [ -77.346240880784578, 4.462647825280664 ], [ -77.344020349796239, 4.47425114073771 ], [ -77.344205394045261, 4.479279244102429 ], [ -77.341614774558863, 4.49242966828708 ], [ -77.339579287819561, 4.513702413291664 ], [ -77.333102739103566, 4.514282579064515 ], [ -77.323665482403129, 4.523758620021102 ], [ -77.324590703648269, 4.530333832113428 ], [ -77.335693358589964, 4.533814826750541 ], [ -77.335693358589964, 4.540196650251916 ], [ -77.331807429360367, 4.563790058347909 ], [ -77.330142031119109, 4.565143778484565 ], [ -77.316263712441994, 4.564370224120761 ], [ -77.312932915959479, 4.570752047622136 ], [ -77.324775747897291, 4.569011550303578 ], [ -77.325330880644373, 4.577907425487314 ], [ -77.324590703648269, 4.596279341627636 ], [ -77.325700969142432, 4.623547132951691 ], [ -77.325700969142432, 4.645400043729127 ], [ -77.326441146138549, 4.646753763865782 ], [ -77.32514583639535, 4.665899234369906 ], [ -77.32144495141479, 4.672861223644134 ], [ -77.318669287679356, 4.672861223644134 ], [ -77.315708579694913, 4.660677742414236 ], [ -77.31256282746142, 4.657583524959025 ], [ -77.315708579694913, 4.646753763865782 ], [ -77.308491853982801, 4.646560375274831 ], [ -77.304790969002241, 4.655069473276665 ], [ -77.305901234496403, 4.661064519596138 ], [ -77.305901234496403, 4.674601720962691 ], [ -77.300905039772644, 4.680209990100263 ], [ -77.302015305266821, 4.686591813601638 ], [ -77.310342296473095, 4.680596767282164 ], [ -77.314043181453656, 4.685238093464982 ], [ -77.320149641671591, 4.687558756556392 ], [ -77.32792150013077, 4.688525699511144 ], [ -77.329031765624947, 4.696841408922028 ], [ -77.325700969142432, 4.70535050692386 ], [ -77.327366367383689, 4.733005075429817 ], [ -77.32422061515021, 4.745962111023518 ], [ -77.316263712441994, 4.745381945250667 ], [ -77.312932915959479, 4.743254670750208 ], [ -77.30423583625516, 4.749829882842533 ], [ -77.3051610575003, 4.757952203662466 ], [ -77.314043181453656, 4.772649736574722 ], [ -77.309787163726, 4.776710896984689 ], [ -77.319224420426451, 4.781545611758457 ], [ -77.327736455881748, 4.774583622484229 ], [ -77.334768137344824, 4.778451394303245 ], [ -77.339579287819561, 4.777677839939443 ], [ -77.342354951554981, 4.773423290938526 ], [ -77.346240880784578, 4.776517508393738 ], [ -77.347166102029718, 4.785219994986521 ], [ -77.333102739103566, 4.79256876144265 ], [ -77.331067252364249, 4.797983641989271 ], [ -77.320889818667695, 4.810360511810119 ], [ -77.320334685920614, 4.81538861517484 ], [ -77.331807429360367, 4.809006791673465 ], [ -77.343465217049143, 4.804365465490646 ], [ -77.34827636752388, 4.807653071536809 ], [ -77.350496898512219, 4.81538861517484 ], [ -77.354937960488897, 4.841302686362241 ], [ -77.363449995944208, 4.866056426003937 ], [ -77.362154686201009, 4.877659741460981 ], [ -77.357898668473354, 4.875145689778622 ], [ -77.351052031259314, 4.876499409915278 ], [ -77.349016544519998, 4.864315928685381 ], [ -77.342539995804003, 4.861028322639218 ], [ -77.340504509064701, 4.857353939411153 ], [ -77.340134420566642, 4.849618395773122 ], [ -77.335508314340927, 4.85174567027358 ], [ -77.336803624084126, 4.868957254868198 ], [ -77.339949376317605, 4.878433295824784 ], [ -77.348831500270975, 4.889069668327076 ], [ -77.358268756971412, 4.89255066296419 ], [ -77.359379022465575, 4.904347367012186 ], [ -77.36178459770295, 4.91827134556064 ], [ -77.367150880924768, 4.929101106653881 ], [ -77.369556456162144, 4.940124256338075 ], [ -77.371036810154365, 4.952694514749874 ], [ -77.375477872131043, 4.960236669796954 ], [ -77.374367606636866, 4.976868088618719 ], [ -77.374552650885903, 4.998140833623301 ], [ -77.375662916380065, 5.017286304127426 ], [ -77.372887252644645, 5.020187132991687 ], [ -77.376588137625205, 5.025408624947357 ], [ -77.376773181874242, 5.040492935041517 ], [ -77.378808668613544, 5.058478073999936 ], [ -77.379548845609662, 5.078203710276913 ], [ -77.377698403119382, 5.085939253914944 ], [ -77.373812473889785, 5.080911150550223 ], [ -77.362154686201009, 5.071821886775538 ], [ -77.356048225983074, 5.071048332411735 ], [ -77.34827636752388, 5.073755772685045 ], [ -77.343835305547202, 5.078203710276913 ], [ -77.346610969282636, 5.081491316323076 ], [ -77.356048225983074, 5.073949161275996 ], [ -77.360119199461693, 5.073175606912194 ], [ -77.369001323415048, 5.080330984777371 ], [ -77.364005128691289, 5.09038719150681 ], [ -77.365670526932547, 5.106631833146674 ], [ -77.374552650885903, 5.111273159329492 ], [ -77.376773181874242, 5.106631833146674 ], [ -77.381769376598001, 5.105664890191921 ], [ -77.383804863337318, 5.109532662010935 ], [ -77.38398990758634, 5.127324412378405 ], [ -77.385655305827598, 5.146856660064431 ], [ -77.384545040333421, 5.15188476342915 ], [ -77.369001323415048, 5.147050048655382 ], [ -77.355678137485015, 5.138154173471646 ], [ -77.355678137485015, 5.142408722472563 ], [ -77.366780792426709, 5.152078152020101 ], [ -77.372332119897564, 5.158653364112427 ], [ -77.373257341142704, 5.170643456751373 ], [ -77.377328314621323, 5.179539331935109 ], [ -77.376588137625205, 5.190175704437399 ], [ -77.369926544660188, 5.195977362165921 ], [ -77.358823889718494, 5.198104636666381 ], [ -77.348461411772917, 5.194623642029267 ], [ -77.345130615290401, 5.196170750756872 ], [ -77.340134420566642, 5.2031327400311 ], [ -77.343280172800121, 5.204679848758706 ], [ -77.346240880784578, 5.19791124807543 ], [ -77.361599553453914, 5.201198854121593 ], [ -77.374367606636866, 5.197331082302577 ], [ -77.380659111103839, 5.19036909302835 ], [ -77.382694597843141, 5.183407103754123 ], [ -77.381584332348979, 5.177025280252748 ], [ -77.383249730590222, 5.158459975521476 ], [ -77.391576721796497, 5.157686421157672 ], [ -77.396202828022211, 5.166775684932359 ], [ -77.396202828022211, 5.174124451388487 ], [ -77.390651500551357, 5.197137693711626 ], [ -77.390651500551357, 5.204099682985854 ], [ -77.388801058061077, 5.215122832670046 ], [ -77.388430969563018, 5.238716240766038 ], [ -77.388986102310099, 5.252446830723542 ], [ -77.385100173080517, 5.254574105224 ], [ -77.385100173080517, 5.259022042815868 ], [ -77.390096367804276, 5.265984032090095 ], [ -77.391206633298452, 5.283002228093761 ], [ -77.3876907925669, 5.290157605958939 ], [ -77.38491512883148, 5.288997274413235 ], [ -77.382694597843141, 5.28242206232091 ], [ -77.378253535866463, 5.279521233456647 ], [ -77.374922739383962, 5.266564197862946 ], [ -77.365670526932547, 5.258441877043015 ], [ -77.358823889718494, 5.257088156906359 ], [ -77.363264951695172, 5.265210477726292 ], [ -77.369556456162144, 5.265790643499145 ], [ -77.371776987150469, 5.26965841531816 ], [ -77.369371411913107, 5.277007181774287 ], [ -77.368816279166026, 5.286483222730874 ], [ -77.364930349936429, 5.288223720049432 ], [ -77.364930349936429, 5.292865046232249 ], [ -77.369556456162144, 5.295185709323659 ], [ -77.371591942901446, 5.300213812688378 ], [ -77.369926544660188, 5.309496465054014 ], [ -77.373442385391726, 5.311043573781621 ], [ -77.378253535866463, 5.317618785873947 ], [ -77.380474066854802, 5.327094826830534 ], [ -77.393797252784836, 5.318972506010601 ], [ -77.403789642232368, 5.327288215421484 ], [ -77.402679376738192, 5.33657086778712 ], [ -77.393797252784836, 5.343726245652299 ], [ -77.388986102310099, 5.343532857061348 ], [ -77.388986102310099, 5.351268400699377 ], [ -77.397683182014433, 5.346240297334658 ], [ -77.402864420987228, 5.350688234926524 ], [ -77.402864420987228, 5.356296504064098 ], [ -77.407675571461965, 5.376602306113925 ], [ -77.409340969703209, 5.390719673253331 ], [ -77.412671766185724, 5.406577537711293 ], [ -77.407860615710987, 5.409865143757456 ], [ -77.403789642232368, 5.403676708847032 ], [ -77.397868226263469, 5.404063486028933 ], [ -77.396017783773175, 5.409091589393652 ], [ -77.39564769527513, 5.420114739077846 ], [ -77.389911323555253, 5.433651940444399 ], [ -77.389541235057195, 5.443708147173837 ], [ -77.398238314761514, 5.440613929718625 ], [ -77.40434477497945, 5.442547815628133 ], [ -77.401569111244029, 5.451443690811868 ], [ -77.407675571461965, 5.453184188130423 ], [ -77.420073536146859, 5.444675090128591 ], [ -77.419333359150741, 5.435779214944857 ], [ -77.422294067135198, 5.43171805453489 ], [ -77.427845394606038, 5.435779214944857 ], [ -77.429325748598274, 5.440420541127674 ], [ -77.429880881345355, 5.467881721042682 ], [ -77.439318138045792, 5.477937927772121 ], [ -77.45356654522098, 5.487607357319659 ], [ -77.469110262139353, 5.488961077456313 ], [ -77.477992386092708, 5.485093305637299 ], [ -77.487429642793145, 5.478518093544974 ], [ -77.491315572022742, 5.468655275406485 ], [ -77.498162209236796, 5.477937927772121 ], [ -77.505749023446953, 5.481032145227333 ], [ -77.51426105890225, 5.481805699591137 ], [ -77.527399200583261, 5.479871813681628 ], [ -77.537576634279816, 5.483159419727791 ], [ -77.537391590030779, 5.488767688865362 ], [ -77.532950528054101, 5.497083398276246 ], [ -77.527584244832283, 5.498823895594802 ], [ -77.524068404100746, 5.50327183318667 ], [ -77.522403005859488, 5.513134651325158 ], [ -77.516851678388647, 5.51622886878037 ], [ -77.510930262419734, 5.522610692281745 ], [ -77.508154598684314, 5.529379292965022 ], [ -77.509819996925572, 5.544656991650131 ], [ -77.507599465937233, 5.547364431923441 ], [ -77.506489200443056, 5.563995850745206 ], [ -77.508154598684314, 5.568443788337074 ], [ -77.503158403960555, 5.571731394383237 ], [ -77.503528492458614, 5.581014046748873 ], [ -77.497422032240678, 5.598999185707292 ], [ -77.494646368505258, 5.603253734708209 ], [ -77.485394156053843, 5.609828946800535 ], [ -77.484098846310644, 5.600352905843948 ], [ -77.469665394886434, 5.594938025297326 ], [ -77.45819265144668, 5.597452076979687 ], [ -77.443944244271506, 5.604800843435815 ], [ -77.43598734156329, 5.611182666937189 ], [ -77.428955660100215, 5.619111599166171 ], [ -77.428955660100215, 5.622012428030432 ], [ -77.415077341423085, 5.627427308577053 ], [ -77.40434477497945, 5.630134748850363 ], [ -77.402124243991111, 5.627040531395151 ], [ -77.388245925313996, 5.628200862940856 ], [ -77.386025394325657, 5.62143226225758 ], [ -77.380659111103839, 5.612923164255747 ], [ -77.374922739383962, 5.609055392436732 ], [ -77.363449995944208, 5.607314895118176 ], [ -77.346796013531659, 5.614663661574303 ], [ -77.332917694854544, 5.624526479712792 ], [ -77.32699627888563, 5.640190955579802 ], [ -77.329771942621051, 5.645219058944523 ], [ -77.326811234636608, 5.651600882445898 ], [ -77.321259907165754, 5.651214105263996 ], [ -77.316818845189076, 5.654888488492061 ], [ -77.317003889438112, 5.669586021404317 ], [ -77.311822650465317, 5.664364529448648 ], [ -77.305716190247381, 5.665138083812451 ], [ -77.299609730029445, 5.670359575768121 ], [ -77.287951942340669, 5.685057108680377 ], [ -77.278514685640232, 5.702075304684044 ], [ -77.277404420146055, 5.707103408048765 ], [ -77.268152207694641, 5.709810848322075 ], [ -77.262045747476705, 5.717933169142006 ], [ -77.255939287258769, 5.734564587963771 ], [ -77.25464397751557, 5.746748069193668 ], [ -77.254829021764607, 5.759318327605467 ], [ -77.257604685500027, 5.77034147728966 ], [ -77.256309375756828, 5.781751404155754 ], [ -77.251313181033069, 5.780977849791952 ], [ -77.250758048285988, 5.774789414881527 ], [ -77.247057163305413, 5.771501808835364 ], [ -77.242431057079713, 5.780204295428149 ], [ -77.247427251803472, 5.793161331021849 ], [ -77.250387959787929, 5.796062159886111 ], [ -77.255939287258769, 5.792967942430899 ], [ -77.258714950994204, 5.802443983387485 ], [ -77.265931676706302, 5.81675473911784 ], [ -77.270187694433957, 5.817915070663545 ], [ -77.272593269671319, 5.825650614301576 ], [ -77.275924066153834, 5.825457225710625 ], [ -77.275739021904798, 5.838994427077177 ], [ -77.280735216628557, 5.845376250578553 ], [ -77.286286544099411, 5.845956416351404 ], [ -77.29128273882317, 5.843442364669045 ], [ -77.29128273882317, 5.856786177444647 ], [ -77.296463977795966, 5.858139897581303 ], [ -77.294243446807627, 5.865682052628381 ], [ -77.297574243290143, 5.875738259357821 ], [ -77.303495659259042, 5.878832476813033 ], [ -77.303680703508064, 5.891209346633881 ], [ -77.30701149999058, 5.894303564089093 ], [ -77.309232030978919, 5.907453988273744 ], [ -77.30701149999058, 5.913449034593217 ], [ -77.309602119476978, 5.924085407095509 ], [ -77.317373977936157, 5.936849054098259 ], [ -77.320334685920614, 5.949032535328156 ], [ -77.324590703648269, 5.951739975601466 ], [ -77.325886013391468, 5.965083788377068 ], [ -77.329771942621051, 5.970498668923691 ], [ -77.329401854123006, 5.975139995106508 ], [ -77.332917694854544, 5.9857763676088 ], [ -77.334768137344824, 6.000087123339155 ], [ -77.3417998188079, 6.005115226703875 ], [ -77.344945571041379, 6.012657381750953 ], [ -77.349016544519998, 6.014591267660462 ], [ -77.346796013531659, 6.028515246208917 ], [ -77.348461411772917, 6.038378064347404 ], [ -77.352162296753477, 6.043986333484977 ], [ -77.359564066714611, 6.045726830803533 ], [ -77.357713624224331, 6.035670624074093 ], [ -77.354567871990852, 6.027161526072261 ], [ -77.354382827741816, 5.9987334032025 ], [ -77.361599553453914, 6.000667289112007 ], [ -77.361599553453914, 6.008982998522891 ], [ -77.368261146418945, 6.017685485115674 ], [ -77.376033004878124, 6.047080550940189 ], [ -77.385655305827598, 6.059264032170086 ], [ -77.393797252784836, 6.067966518762869 ], [ -77.416742739664343, 6.087305377857945 ], [ -77.425994952115758, 6.097168195996433 ], [ -77.425624863617699, 6.100649190633547 ], [ -77.433396722076893, 6.104903739634464 ], [ -77.434877076069114, 6.112639283272493 ], [ -77.445054509765669, 6.119021106773868 ], [ -77.449310527493324, 6.127143427593801 ], [ -77.448940438995265, 6.131204588003767 ], [ -77.455046899213201, 6.132945085322323 ], [ -77.459673005438901, 6.143774846415566 ], [ -77.464299111664616, 6.148222784007432 ], [ -77.467444863898095, 6.16021287664638 ], [ -77.47077566038061, 6.160986431010182 ], [ -77.473736368365053, 6.166788088738706 ], [ -77.475401766606311, 6.179938512923355 ], [ -77.481878315322305, 6.18593355924283 ], [ -77.483173625065504, 6.192702159926107 ], [ -77.479102651586871, 6.210880687475477 ], [ -77.475216722357288, 6.217842676749704 ], [ -77.474846633859229, 6.229832769388651 ], [ -77.468185040894213, 6.248978239892775 ], [ -77.470405571882551, 6.261741886895525 ], [ -77.467074775400036, 6.272958425170669 ], [ -77.470405571882551, 6.282434466127256 ], [ -77.470220527633515, 6.287849346673877 ], [ -77.463188846170439, 6.285141906400566 ], [ -77.4563422089564, 6.271604705034013 ], [ -77.446534863757904, 6.269670819124507 ], [ -77.436542474310372, 6.271604705034013 ], [ -77.428770615851192, 6.264255938577884 ], [ -77.425994952115758, 6.251492291575135 ], [ -77.419333359150741, 6.240662530481893 ], [ -77.414892297174063, 6.236794758662878 ], [ -77.409526013952245, 6.228285660661044 ], [ -77.401199022745971, 6.229059215024847 ], [ -77.396202828022211, 6.235441038526222 ], [ -77.39564769527513, 6.248204685528972 ], [ -77.39842335901055, 6.254006343257494 ], [ -77.39564769527513, 6.256713783530806 ], [ -77.381584332348979, 6.277019585580634 ], [ -77.38121424385092, 6.279920414444895 ], [ -77.386025394325657, 6.28591546076437 ], [ -77.383434774839259, 6.289589843992433 ], [ -77.383434774839259, 6.297712164812365 ], [ -77.379548845609662, 6.306221262814198 ], [ -77.377328314621323, 6.316277469543637 ], [ -77.377143270372301, 6.329234505137338 ], [ -77.378993712862581, 6.333489054138255 ], [ -77.375107783632984, 6.336583271593467 ], [ -77.370111588909225, 6.346832866913857 ], [ -77.370111588909225, 6.355148576324739 ], [ -77.377143270372301, 6.366171726008933 ], [ -77.380659111103839, 6.368492389100341 ], [ -77.391576721796497, 6.364044451508473 ], [ -77.394907518279012, 6.373133715283158 ], [ -77.403234509485287, 6.38106264751214 ], [ -77.406750350216825, 6.376614709920272 ], [ -77.412856810434761, 6.380482481739287 ], [ -77.411561500691562, 6.388798191150171 ], [ -77.405640084722648, 6.39382629451489 ], [ -77.398793447508609, 6.390151911286825 ], [ -77.392872031539696, 6.390732077059678 ], [ -77.389356190808158, 6.387831248195416 ], [ -77.38491512883148, 6.389378356923022 ], [ -77.38121424385092, 6.39382629451489 ], [ -77.376588137625205, 6.394793237469644 ], [ -77.373997518138822, 6.389765134104923 ], [ -77.368816279166026, 6.387444471013515 ], [ -77.358453801220435, 6.393439517332988 ], [ -77.356233270232096, 6.398467620697708 ], [ -77.359564066714611, 6.402142003925771 ], [ -77.359564066714611, 6.407943661654295 ], [ -77.364560261438371, 6.4094907703819 ], [ -77.367335925173791, 6.420127142884192 ], [ -77.376033004878124, 6.424381691885108 ], [ -77.375107783632984, 6.427862686522221 ], [ -77.367891057920886, 6.428442852295074 ], [ -77.363264951695172, 6.431150292568384 ], [ -77.360674332208774, 6.439272613388317 ], [ -77.364375217189348, 6.453003203345821 ], [ -77.361044420706833, 6.457644529528638 ], [ -77.352347341002513, 6.459385026847196 ], [ -77.351237075508337, 6.468474290621881 ], [ -77.356048225983074, 6.47620983425991 ], [ -77.361044420706833, 6.478723885942271 ], [ -77.361044420706833, 6.487619761126005 ], [ -77.355678137485015, 6.489940424217414 ], [ -77.346610969282636, 6.498256133628296 ], [ -77.346796013531659, 6.503284236993016 ], [ -77.339579287819561, 6.506185065857277 ], [ -77.337358756831222, 6.522623096088092 ], [ -77.337728845329266, 6.528231365225663 ], [ -77.333102739103566, 6.530165251135172 ], [ -77.330327075368146, 6.541575178001265 ], [ -77.326811234636608, 6.542348732365069 ], [ -77.325700969142432, 6.54795700150264 ], [ -77.330697163866205, 6.5634280887787 ], [ -77.334398048846765, 6.564008254551553 ], [ -77.337728845329266, 6.571743798189583 ], [ -77.346055836535541, 6.579285953236662 ], [ -77.351237075508337, 6.58121983914617 ], [ -77.355123004737933, 6.579285953236662 ], [ -77.369926544660188, 6.581800004919023 ], [ -77.375662916380065, 6.589535548557052 ], [ -77.372332119897564, 6.593403320376067 ], [ -77.370666721656306, 6.600752086832196 ], [ -77.376588137625205, 6.604039692878359 ], [ -77.380659111103839, 6.610228127788783 ], [ -77.390096367804276, 6.61467606538065 ], [ -77.393427164286777, 6.619897557336321 ], [ -77.397683182014433, 6.620671111700123 ], [ -77.39934858025569, 6.638462862067593 ], [ -77.406010173220707, 6.6403967479771 ], [ -77.405640084722648, 6.649292623160836 ], [ -77.397128049267351, 6.652580229206999 ], [ -77.396202828022211, 6.657995109753619 ], [ -77.39934858025569, 6.664570321845945 ], [ -77.40619521746973, 6.665924041982599 ], [ -77.40434477497945, 6.673272808438728 ], [ -77.39934858025569, 6.674626528575384 ], [ -77.400458845749853, 6.680621574894857 ], [ -77.407120438714884, 6.687583564169085 ], [ -77.414522208676004, 6.691064558806199 ], [ -77.429880881345355, 6.687003398396232 ], [ -77.428400527353133, 6.695899273579967 ], [ -77.430065925594377, 6.704214982990848 ], [ -77.435432208816209, 6.701507542717538 ], [ -77.448385306248184, 6.707695977627962 ], [ -77.462818757672395, 6.706342257491308 ], [ -77.471885925874773, 6.703441428627047 ], [ -77.49853229773484, 6.691451335988098 ], [ -77.505378934948894, 6.687003398396232 ], [ -77.505193890699857, 6.677333968848695 ], [ -77.508524687182373, 6.67095214534732 ], [ -77.509634952676549, 6.653740560752702 ], [ -77.520922651867266, 6.659542218481224 ], [ -77.529249643073541, 6.652000063434146 ], [ -77.530729997065762, 6.65818849834457 ], [ -77.537576634279816, 6.667084373528304 ], [ -77.534060793548278, 6.674046362802532 ], [ -77.538131767026897, 6.684876123895773 ], [ -77.540907430762317, 6.686036455441478 ], [ -77.5342458377973, 6.695319107807114 ], [ -77.538686899773978, 6.713691023947437 ], [ -77.543498050248715, 6.7173654071755 ], [ -77.547383979478312, 6.724327396449727 ], [ -77.545903625486091, 6.733223271633461 ], [ -77.549234421968592, 6.744053032726704 ], [ -77.552935306949152, 6.75062824481903 ], [ -77.558116545921948, 6.752368742137586 ], [ -77.559226811416124, 6.759330731411813 ], [ -77.564223006139883, 6.762618337457976 ], [ -77.561817430902522, 6.766872886458893 ], [ -77.561817430902522, 6.772867932778366 ], [ -77.5662584928792, 6.773254709960268 ], [ -77.568479023867539, 6.777896036143087 ], [ -77.568479023867539, 6.792593569055343 ], [ -77.572920085844217, 6.797621672420062 ], [ -77.576620970824777, 6.797428283829111 ], [ -77.586058227525214, 6.811545650968517 ], [ -77.58568813902717, 6.815993588560385 ], [ -77.59401513023343, 6.823148966425562 ], [ -77.601046811696506, 6.82508285233507 ], [ -77.604562652428044, 6.833205173155001 ], [ -77.627323095058529, 6.84809609465821 ], [ -77.63065389154103, 6.851770477886275 ], [ -77.64231167922982, 6.853510975204831 ], [ -77.650638670436095, 6.85815230138765 ], [ -77.657855396148193, 6.854671306750536 ], [ -77.660446015634591, 6.866854787980433 ], [ -77.666552475852527, 6.875750663164167 ], [ -77.674324334311706, 6.875944051755118 ], [ -77.683391502514098, 6.870915948390399 ], [ -77.684316723759238, 6.862987016161417 ], [ -77.688757785735916, 6.847902706067259 ], [ -77.687277431743681, 6.8457754315668 ], [ -77.690053095479115, 6.83513905906451 ], [ -77.695789467198992, 6.83533244765546 ], [ -77.69745486544025, 6.841714271156835 ], [ -77.702636104413031, 6.8453886543849 ], [ -77.70485663540137, 6.858539078569549 ], [ -77.70208097166595, 6.864920902070924 ], [ -77.70485663540137, 6.87149611416325 ], [ -77.712443449611527, 6.878844880619379 ], [ -77.712443449611527, 6.886000258484557 ], [ -77.706892122140687, 6.903985397442977 ], [ -77.706336989393606, 6.910753998126253 ], [ -77.703191237160112, 6.914041604172416 ], [ -77.697824953938294, 6.913268049808613 ], [ -77.695419378700933, 6.921196982037594 ], [ -77.698750175183434, 6.92293747935615 ], [ -77.698195042436353, 6.939955675359817 ], [ -77.692088582218418, 6.940149063950768 ], [ -77.682096192770899, 6.947111053224996 ], [ -77.67895044053742, 6.955233374044926 ], [ -77.673399113066566, 6.95600692840873 ], [ -77.673399113066566, 6.949625104907355 ], [ -77.669328139587947, 6.949238327725453 ], [ -77.662296458124871, 6.952332545180665 ], [ -77.658965661642355, 6.957940814318238 ], [ -77.656004953657913, 6.967416855274825 ], [ -77.656560086404994, 6.981534222414229 ], [ -77.660075927136532, 6.994878035189831 ], [ -77.664331944864188, 7.003387133191664 ], [ -77.672843980319485, 7.016537557376315 ], [ -77.680430794529642, 7.02504665537815 ], [ -77.67987566178256, 7.036843359426145 ], [ -77.68172610427284, 7.041291297018013 ], [ -77.688017608739798, 7.048253286292239 ], [ -77.703561325658171, 7.051540892338402 ], [ -77.695789467198992, 7.043418571518471 ], [ -77.690053095479115, 7.040324354063259 ], [ -77.68949796273202, 7.035489639289489 ], [ -77.700415573424692, 7.045739234609879 ], [ -77.709297697378048, 7.055408664157417 ], [ -77.728172210778936, 7.072620248752035 ], [ -77.742605662203147, 7.083836787027177 ], [ -77.744086016195368, 7.088671501800947 ], [ -77.755188671137063, 7.09466654812042 ], [ -77.775173450032113, 7.114778961579299 ], [ -77.774803361534055, 7.119226899171165 ], [ -77.781464954499086, 7.127155831400147 ], [ -77.782945308491307, 7.133537654901522 ], [ -77.79571336167426, 7.148235187813778 ], [ -77.807556193612072, 7.150362462314238 ], [ -77.807926282110117, 7.145334358949517 ], [ -77.813107521082912, 7.143787250221912 ], [ -77.820879379542106, 7.147848410631878 ], [ -77.829021326499344, 7.154036845542302 ], [ -77.834017521223103, 7.165059995226494 ], [ -77.837718406203678, 7.178210419411146 ], [ -77.844935131915776, 7.184785631503471 ], [ -77.853447167371073, 7.183431911366815 ], [ -77.853447167371073, 7.191554232186748 ], [ -77.855482654110389, 7.194068283869107 ], [ -77.866770353301121, 7.191747620777699 ], [ -77.865660087806944, 7.20257738187094 ], [ -77.868250707293342, 7.206445153689955 ], [ -77.8745422117603, 7.206831930871857 ], [ -77.874912300258359, 7.211473257054676 ], [ -77.880463627729213, 7.212440200009429 ], [ -77.883424335713656, 7.217081526192247 ], [ -77.881203804725317, 7.223463349693622 ], [ -77.87731787549572, 7.242995597379648 ], [ -77.869360972787518, 7.270843554476556 ], [ -77.86806566304432, 7.277225377977931 ], [ -77.859553627589008, 7.306620443802446 ], [ -77.858628406343868, 7.313969210258575 ], [ -77.853077078873028, 7.331954349216995 ], [ -77.848450972647314, 7.349552710993514 ], [ -77.839568848693958, 7.376820502317569 ], [ -77.838458583199795, 7.383975880182748 ], [ -77.822914866281408, 7.429035421874273 ], [ -77.809961768849433, 7.461718093744951 ], [ -77.806445928117896, 7.46674619710967 ], [ -77.802004866141218, 7.467906528655375 ], [ -77.797748848413562, 7.462491648108754 ], [ -77.794418051931061, 7.452048664197413 ], [ -77.777949113767548, 7.454175938697871 ], [ -77.766291326078758, 7.448374280969349 ], [ -77.760739998607917, 7.449147835333152 ], [ -77.747971945424965, 7.466166031336819 ], [ -77.736499201985211, 7.469260248792031 ], [ -77.730022653269216, 7.473708186383897 ], [ -77.72706194528476, 7.478736289748618 ], [ -77.724841414296421, 7.488792496478055 ], [ -77.720030263821698, 7.496141262934184 ], [ -77.723546104553236, 7.49730159447989 ], [ -77.718919998327522, 7.508324744164081 ], [ -77.728172210778936, 7.53327187239673 ], [ -77.735759024989093, 7.549323125445643 ], [ -77.742605662203147, 7.568275207358816 ], [ -77.746861679930788, 7.571949590586881 ], [ -77.752598051650665, 7.588194232226744 ], [ -77.752413007401643, 7.605019039639458 ], [ -77.761110087105976, 7.611981028913686 ], [ -77.76185026410208, 7.621070292688371 ], [ -77.768511857067097, 7.636734768555382 ], [ -77.767216547323898, 7.645630643739118 ], [ -77.757039113627343, 7.661488508197079 ], [ -77.7540784056429, 7.676766206882188 ], [ -77.754263449891923, 7.68508191629307 ], [ -77.751672830405525, 7.692430682749199 ], [ -77.748342033923024, 7.715250536481388 ], [ -77.743715927697309, 7.724339800256073 ], [ -77.736129113487152, 7.728981126438892 ], [ -77.72706194528476, 7.730141457984596 ], [ -77.717809732833359, 7.727434017711285 ], [ -77.713923803603763, 7.723953023074172 ], [ -77.700600617673729, 7.720665417028009 ], [ -77.695974511448014, 7.713123261980931 ], [ -77.685056900755342, 7.70287366666054 ], [ -77.685056900755342, 7.695524900204411 ], [ -77.678025219292266, 7.692043905567298 ], [ -77.672103803323367, 7.686242247838775 ], [ -77.660075927136532, 7.680053812928351 ], [ -77.653229289922479, 7.67173810351747 ], [ -77.651563891681235, 7.661488508197079 ], [ -77.648048050949697, 7.650852135694787 ], [ -77.64693778545552, 7.641956260511053 ], [ -77.643792033222041, 7.635381048418727 ], [ -77.641016369486621, 7.623971121552632 ], [ -77.640646280988562, 7.609853754413228 ], [ -77.638240705751201, 7.601538045002345 ], [ -77.632134245533265, 7.587033900681039 ], [ -77.628063272054632, 7.581425631543468 ], [ -77.62232690033477, 7.570209093268323 ], [ -77.622511944583792, 7.559766109356982 ], [ -77.618626015354195, 7.547582628127085 ], [ -77.613814864879458, 7.545842130808529 ], [ -77.606043006420279, 7.539847084489056 ], [ -77.601786988692623, 7.534045426760532 ], [ -77.595865572723724, 7.522635499894438 ], [ -77.583652652287853, 7.518380950893521 ], [ -77.576435926575755, 7.514126401892606 ], [ -77.571254687602959, 7.513159458937851 ], [ -77.566813625626281, 7.521281779757782 ], [ -77.561447342404463, 7.525342940167748 ], [ -77.553120351198189, 7.537526421397645 ], [ -77.537761678528838, 7.555511560356067 ], [ -77.534060793548278, 7.561893383857441 ], [ -77.535541147540499, 7.572916533541633 ], [ -77.529434687322563, 7.583359517452974 ], [ -77.523143182855605, 7.590708283909104 ], [ -77.512780704910028, 7.597670273183331 ], [ -77.495016457003302, 7.597863661774282 ], [ -77.489465129532462, 7.601731433593296 ], [ -77.485209111804807, 7.61294797186844 ], [ -77.474476545361171, 7.634994271236826 ], [ -77.474106456863112, 7.641762871920102 ], [ -77.47669707634951, 7.649498415558133 ], [ -77.473551324116031, 7.654526518922852 ], [ -77.456897341703481, 7.656460404832359 ], [ -77.451901146979722, 7.658587679332818 ], [ -77.446719908006926, 7.664776114243242 ], [ -77.44375920002247, 7.673478600836026 ], [ -77.436542474310372, 7.676379429700287 ], [ -77.423219288380338, 7.686242247838775 ], [ -77.417667960909483, 7.699392672023427 ], [ -77.412116633438643, 7.708288547207161 ], [ -77.402864420987228, 7.713510039162832 ], [ -77.390466456302335, 7.707514992843358 ], [ -77.386395482823715, 7.708675324389063 ], [ -77.379178757111603, 7.716024090845192 ], [ -77.373072296893667, 7.720085251255158 ], [ -77.365300438434488, 7.727240629120335 ], [ -77.362524774699068, 7.735169561349316 ], [ -77.352532385251536, 7.740391053304986 ], [ -77.346796013531659, 7.746966265397312 ], [ -77.341614774558863, 7.750060482852524 ], [ -77.321629995663812, 7.746386099624459 ], [ -77.316263712441994, 7.750060482852524 ], [ -77.316818845189076, 7.757602637899604 ], [ -77.320149641671591, 7.770172896311403 ], [ -77.327366367383689, 7.784677040632708 ], [ -77.335878402838986, 7.796667133271656 ], [ -77.349386633018057, 7.825482033323318 ], [ -77.352902473749594, 7.843080395099836 ], [ -77.351977252504454, 7.866093637422976 ], [ -77.349941765765138, 7.873829181061007 ], [ -77.338469022325384, 7.891234154246574 ], [ -77.327366367383689, 7.903417635476472 ], [ -77.321074862916731, 7.909025904614044 ], [ -77.311822650465317, 7.912700287842108 ], [ -77.303680703508064, 7.917535002615876 ], [ -77.294983623803745, 7.91830855697968 ], [ -77.28573141135233, 7.914634173751615 ], [ -77.272408225422296, 7.917535002615876 ], [ -77.263341057219904, 7.921789551616794 ], [ -77.258159818247108, 7.922756494571548 ], [ -77.246687074807355, 7.928364763709119 ], [ -77.233919021624416, 7.926817654981512 ], [ -77.231698490636077, 7.92353004893535 ], [ -77.219670614449228, 7.921402774434892 ], [ -77.212823977235189, 7.923336660344399 ], [ -77.206717517017253, 7.927011043572463 ], [ -77.196725127569721, 7.926817654981512 ], [ -77.186732738122203, 7.92353004893535 ], [ -77.176370260176611, 7.93126559257338 ], [ -77.173409552192169, 7.938034193256657 ], [ -77.184142118635805, 7.948670565758947 ], [ -77.187843003616365, 7.955052389260324 ], [ -77.198390525810979, 7.965882150353565 ], [ -77.199315747056119, 7.970523476536384 ], [ -77.193579375336242, 7.973424305400645 ], [ -77.17951601241009, 7.971490419491136 ], [ -77.175630083180508, 7.978839185947265 ], [ -77.194504596581382, 7.992182998722868 ], [ -77.199315747056119, 8.00552681149847 ], [ -77.216524862215749, 8.02370533904784 ], [ -77.222076189686604, 8.036662374641541 ], [ -77.226332207414245, 8.054647513599962 ], [ -77.218005216207985, 8.088297128425392 ], [ -77.218930437453125, 8.09796655797293 ], [ -77.223741587927861, 8.110730204975679 ], [ -77.228922826900643, 8.1287153439341 ], [ -77.227257428659385, 8.143412876846357 ], [ -77.243726366822912, 8.155596358076254 ], [ -77.245946897811251, 8.161011238622875 ], [ -77.244466543819016, 8.179576543354148 ], [ -77.24724220755445, 8.188665807128833 ], [ -77.25464397751557, 8.206650946087253 ], [ -77.268337251943663, 8.220961701817609 ], [ -77.285546367103294, 8.225989805182328 ], [ -77.294058402558605, 8.226569970955181 ], [ -77.298129376037224, 8.232371628683703 ], [ -77.297574243290143, 8.242234446822192 ], [ -77.300349907025563, 8.251903876369729 ], [ -77.307196544239602, 8.261573305917267 ], [ -77.320889818667695, 8.273176621374313 ], [ -77.322740261157989, 8.296576640879353 ], [ -77.336433535586082, 8.315528722792527 ], [ -77.342354951554981, 8.333707250341899 ], [ -77.339579287819561, 8.350725446345564 ], [ -77.332917694854544, 8.366970087985427 ], [ -77.335508314340927, 8.373932077259655 ], [ -77.343095128551099, 8.383214729625291 ], [ -77.34457548254332, 8.393851102127583 ], [ -77.352532385251536, 8.404100697447973 ], [ -77.36270981894809, 8.42382633372495 ], [ -77.372517164146586, 8.436009814954847 ], [ -77.3784385801155, 8.437943700864354 ], [ -77.387135659819819, 8.451287513639956 ], [ -77.388986102310099, 8.457282559959429 ], [ -77.397868226263469, 8.468112321052672 ], [ -77.402494332489169, 8.475654476099752 ], [ -77.409526013952245, 8.478168527782111 ], [ -77.429510792847296, 8.479909025100667 ], [ -77.439133093796769, 8.477008196236406 ], [ -77.442648934528307, 8.477394973418308 ], [ -77.441723713283167, 8.487451180147747 ], [ -77.444684421267624, 8.499247884195743 ], [ -77.449680615991383, 8.506983427833774 ], [ -77.46004309393696, 8.519940463427474 ], [ -77.4609683151821, 8.524775178201242 ], [ -77.459302916940857, 8.533864441975929 ], [ -77.450050704489442, 8.546628088978679 ], [ -77.444499377018587, 8.557844627253822 ], [ -77.443019023026366, 8.566740502437556 ], [ -77.440613447788991, 8.570608274256571 ], [ -77.396017783773175, 8.614894261584293 ], [ -77.394722474029976, 8.623596748177079 ], [ -77.396017783773175, 8.630171960269404 ], [ -77.393797252784836, 8.645256270363562 ], [ -77.389541235057195, 8.649124042182578 ], [ -77.38121424385092, 8.651057928092085 ], [ -77.364375217189348, 8.65221825963779 ], [ -77.361044420706833, 8.657052974411558 ], [ -77.354012739243757, 8.655699254274904 ], [ -77.344205394045261, 8.646223213318317 ], [ -77.346796013531659, 8.635200063634123 ], [ -77.342354951554981, 8.625143856904684 ], [ -77.335693358589964, 8.621856250858521 ], [ -77.32792150013077, 8.620115753539965 ], [ -77.323665482403129, 8.612960375674787 ], [ -77.32237017265993, 8.6034843347182 ], [ -77.320334685920614, 8.600390117262988 ], [ -77.309046986729896, 8.594008293761613 ], [ -77.309602119476978, 8.588980190396892 ], [ -77.302570438013902, 8.586272750123582 ], [ -77.294243446807627, 8.577376874939848 ], [ -77.294058402558605, 8.57292893734798 ], [ -77.286841676846493, 8.572155382984178 ], [ -77.284066013111072, 8.56229256484569 ], [ -77.279809995383417, 8.560745456118083 ], [ -77.276294154651879, 8.553203301071004 ], [ -77.275924066153834, 8.542953705750614 ], [ -77.277404420146055, 8.537345436613041 ], [ -77.272408225422296, 8.532704110430224 ], [ -77.268707340441722, 8.525935509746947 ], [ -77.2685222961927, 8.51897352047272 ], [ -77.275368933406739, 8.514525582880854 ], [ -77.275739021904798, 8.506016484879019 ], [ -77.272038136924238, 8.501761935878104 ], [ -77.259640172239344, 8.493833003649122 ], [ -77.252053358029187, 8.490352009012009 ], [ -77.24909265004473, 8.472173481462638 ], [ -77.216894950713808, 8.452641233776612 ], [ -77.188768224861505, 8.437363535091503 ], [ -77.164342383989776, 8.432335431726782 ], [ -77.153794861795163, 8.420151950496885 ], [ -77.147873445826264, 8.417057733041673 ], [ -77.137881056378731, 8.415123847132165 ], [ -77.128998932425375, 8.409515577994593 ], [ -77.128443799678294, 8.3981056511285 ], [ -77.12289247220744, 8.394044490718533 ], [ -77.119006542977843, 8.387275890035257 ], [ -77.114380436752143, 8.38534200412575 ], [ -77.114565481001165, 8.380120512170079 ], [ -77.118451410230762, 8.375672574578212 ], [ -77.11789627748368, 8.371611414168246 ], [ -77.109014153530325, 8.364069259121166 ], [ -77.107348755289067, 8.357107269846939 ], [ -77.102722649063367, 8.352272555073171 ], [ -77.098281587086689, 8.351305612118416 ], [ -77.093655480860974, 8.34453701143514 ], [ -77.094395657857092, 8.340669239616126 ], [ -77.087363976394016, 8.329259312750031 ], [ -77.076446365701344, 8.325391540931015 ], [ -77.07570618870524, 8.319589883202493 ], [ -77.078111763942601, 8.313788225473971 ], [ -77.073485657716901, 8.308953510700201 ], [ -77.075336100207181, 8.305472516063089 ], [ -77.069599728487304, 8.299284081152663 ], [ -77.064788578012568, 8.296770029470304 ], [ -77.064603533763531, 8.291548537514634 ], [ -77.055906454059212, 8.287680765695619 ], [ -77.052575657576696, 8.278011336148081 ], [ -77.044063622121399, 8.271822901237657 ], [ -77.040732825638884, 8.257318756916352 ], [ -77.034811409669985, 8.252677430733533 ], [ -77.022043356487032, 8.250936933414975 ], [ -77.009830436051175, 8.250936933414975 ], [ -76.996692294370163, 8.254224539461138 ], [ -76.98799521466583, 8.25480470523399 ], [ -76.978187869467334, 8.257125368325401 ], [ -76.968010435770779, 8.257705534098251 ], [ -76.957833002074224, 8.256545202552548 ], [ -76.949320966618927, 8.251517099187827 ], [ -76.954317161342686, 8.24184766964029 ], [ -76.957833002074224, 8.238753452185078 ], [ -76.96671512602758, 8.235465846138915 ], [ -76.968195480019801, 8.22908402263754 ], [ -76.965049727786322, 8.225603028000426 ], [ -76.966530081778558, 8.210712106497219 ], [ -76.958758223319364, 8.186731921219325 ], [ -76.950616276362126, 8.182864149400311 ], [ -76.945990170136412, 8.185378201082671 ], [ -76.943769639148073, 8.180156709127001 ], [ -76.938958488673336, 8.182090595036508 ], [ -76.934887515194717, 8.189052584310735 ], [ -76.936182824937916, 8.197368293721617 ], [ -76.939513621420417, 8.20065589976778 ], [ -76.942659373653896, 8.208391443405811 ], [ -76.937293090432078, 8.208391443405811 ], [ -76.934332382447636, 8.203943505813942 ], [ -76.9282259222297, 8.20819805481486 ], [ -76.925450258494266, 8.205103837359648 ], [ -76.922119462011764, 8.19543440781211 ], [ -76.916013001793829, 8.190986470220242 ], [ -76.916013001793829, 8.186538532628376 ], [ -76.911571939817151, 8.180736874899852 ], [ -76.922859639007882, 8.173774885625624 ], [ -76.927855833731641, 8.174355051398477 ], [ -76.933222116953459, 8.169520336624709 ], [ -76.927855833731641, 8.163718678896187 ], [ -76.932111851459297, 8.158690575531466 ], [ -76.935442647941798, 8.16487901044189 ], [ -76.941549108159734, 8.166812896351399 ], [ -76.945435037389331, 8.161204627213825 ], [ -76.943214506400992, 8.1546294151215 ], [ -76.950061143615031, 8.145153374164913 ], [ -76.948950878120868, 8.135483944617375 ], [ -76.951541497607266, 8.133163281525967 ], [ -76.95228167460337, 8.126007903660788 ], [ -76.947840612626692, 8.119819468750364 ], [ -76.940623886914594, 8.116725251295152 ], [ -76.935442647941798, 8.112277313703286 ], [ -76.934517426696658, 8.096999615018175 ], [ -76.93007636471998, 8.091004568698702 ], [ -76.924895125747184, 8.091004568698702 ], [ -76.907315922089509, 8.100480609655289 ], [ -76.902874860112817, 8.101060775428142 ], [ -76.897878665389058, 8.108409541884271 ], [ -76.887886275941526, 8.116338474113251 ], [ -76.889366629933761, 8.124074017751282 ], [ -76.89343760341238, 8.131809561389312 ], [ -76.884000346711943, 8.129875675479804 ], [ -76.870492116532873, 8.130649229843607 ], [ -76.869011762540651, 8.132583115753114 ], [ -76.858834328844097, 8.134903778844524 ], [ -76.847361585404343, 8.135677333208326 ], [ -76.838479461450987, 8.138191384890687 ], [ -76.836258930462648, 8.132969892935016 ], [ -76.830707602991794, 8.133550058707868 ], [ -76.825156275520953, 8.137031053344982 ], [ -76.82016008079718, 8.132002949980262 ], [ -76.826451585264152, 8.127168235206494 ], [ -76.837369195956811, 8.122913686205576 ], [ -76.841995302182525, 8.124267406342232 ], [ -76.848471850898505, 8.120593023114168 ], [ -76.852542824377139, 8.12117318888702 ], [ -76.852357780128102, 8.108989707657123 ], [ -76.849026983645601, 8.096999615018175 ], [ -76.855133443863522, 8.094098786153914 ], [ -76.85124751463394, 8.089264071380146 ], [ -76.835703797715553, 8.092358288835358 ], [ -76.829597337497631, 8.092358288835358 ], [ -76.831262735738875, 8.086169853924934 ], [ -76.841810257933489, 8.081721916333066 ], [ -76.843475656174746, 8.077854144514051 ], [ -76.864570700563974, 8.073986372695037 ], [ -76.870492116532873, 8.070892155239823 ], [ -76.866791231552313, 8.062963223010843 ], [ -76.860684771334377, 8.062963223010843 ], [ -76.851802647381021, 8.05948222837373 ], [ -76.839034594198068, 8.05948222837373 ], [ -76.829227248999572, 8.047105358552882 ], [ -76.838479461450987, 8.042850809551965 ], [ -76.846251319910166, 8.052133461917601 ], [ -76.852542824377139, 8.056581399509469 ], [ -76.859019373093119, 8.056774788100419 ], [ -76.871602382027049, 8.053680570645207 ], [ -76.870492116532873, 8.048265690098587 ], [ -76.864015567816892, 8.044591306870522 ], [ -76.857539019100898, 8.043817752506719 ], [ -76.861054859832436, 8.037049151823442 ], [ -76.849582116392682, 8.032021048458724 ], [ -76.847731673902402, 8.027379722275905 ], [ -76.841810257933489, 8.026606167912101 ], [ -76.836258930462648, 8.020611121592628 ], [ -76.845141054416004, 8.017323515546465 ], [ -76.851062470384903, 8.022545007502137 ], [ -76.857353974851861, 8.022931784684037 ], [ -76.866606187303276, 8.0262193907302 ], [ -76.874563090011492, 8.02099789877453 ], [ -76.874563090011492, 8.029506996776362 ], [ -76.880669550229428, 8.040143369278654 ], [ -76.887886275941526, 8.044784695461473 ], [ -76.901024417622537, 8.045171472643373 ], [ -76.913422382307431, 8.040336757869605 ], [ -76.917863444284109, 8.032021048458724 ], [ -76.924895125747184, 8.024285504820693 ], [ -76.920454063770507, 8.02099789877453 ], [ -76.914532647801607, 8.022351618911186 ], [ -76.913977515054526, 8.01577640681886 ], [ -76.925450258494266, 8.019064012865023 ], [ -76.926560523988442, 8.014229298091253 ], [ -76.920639108019543, 7.997597879269488 ], [ -76.927670789482619, 7.991022667177162 ], [ -76.927855833731641, 7.973230916809694 ], [ -76.928966099225818, 7.962594544307402 ], [ -76.9328520284554, 7.947316845622293 ], [ -76.931741762961238, 7.933392867073838 ], [ -76.922859639007882, 7.917341614024926 ], [ -76.91379247080549, 7.912893676433059 ], [ -76.880669550229428, 7.904771355613127 ], [ -76.867346364299394, 7.903997801249323 ], [ -76.862350169575635, 7.90071019520316 ], [ -76.859019373093119, 7.903997801249323 ], [ -76.845696187163085, 7.903224246885522 ], [ -76.82016008079718, 7.903224246885522 ], [ -76.796474416921569, 7.904771355613127 ], [ -76.775749461030401, 7.90825235025024 ], [ -76.760760876859109, 7.912893676433059 ], [ -76.749658221917414, 7.920049054298236 ], [ -76.748177867925179, 7.926044100617711 ], [ -76.74410689444656, 7.929525095254823 ], [ -76.748733000672274, 7.937647416074755 ], [ -76.740035920967941, 7.942868908030425 ], [ -76.739850876718918, 7.9492507315318 ], [ -76.744662027193641, 7.954859000669373 ], [ -76.745402204189759, 7.962981321489304 ], [ -76.733929460750005, 7.970910253718285 ], [ -76.729858487271386, 7.975358191310152 ], [ -76.726897779286929, 7.982706957766281 ], [ -76.732079018259725, 7.998178045042341 ], [ -76.736890168734462, 8.000111930951848 ], [ -76.737075212983484, 8.009007806135584 ], [ -76.740035920967941, 8.016549961182662 ], [ -76.730968752765548, 8.024865670593545 ], [ -76.726157602290826, 8.035695431686786 ], [ -76.719866097823854, 8.040723535051507 ], [ -76.71820069958261, 8.045364861234324 ], [ -76.716165212843293, 8.064123554556549 ], [ -76.72190158456317, 8.070892155239823 ], [ -76.72190158456317, 8.077854144514051 ], [ -76.724122115551509, 8.082302082105919 ], [ -76.735964947489322, 8.091197957289653 ], [ -76.736520080236403, 8.085976465333983 ], [ -76.733744416500983, 8.080174807605461 ], [ -76.732634151006806, 8.071278932421725 ], [ -76.734299549248064, 8.06702438342081 ], [ -76.74410689444656, 8.065477274693203 ], [ -76.741886363458221, 8.082108693514968 ], [ -76.742996628952397, 8.08791035124349 ], [ -76.739665832469882, 8.09815994656388 ], [ -76.739295743971823, 8.107829376111418 ], [ -76.74133123071114, 8.114597976794695 ], [ -76.748547956423238, 8.110150039202827 ], [ -76.755394593637291, 8.120399634523217 ], [ -76.747437690929075, 8.131809561389312 ], [ -76.74410689444656, 8.138771550663538 ], [ -76.742626540454339, 8.148827757392977 ], [ -76.740035920967941, 8.156563301031008 ], [ -76.739110699722801, 8.168746782260905 ], [ -76.744662027193641, 8.181897206445557 ], [ -76.745402204189759, 8.189826138674537 ], [ -76.748733000672274, 8.194854242039257 ], [ -76.748733000672274, 8.204330282995844 ], [ -76.752063797154776, 8.217093929998594 ], [ -76.754839460890196, 8.219027815908101 ], [ -76.754654416641173, 8.235079068957013 ], [ -76.755394593637291, 8.239527006548881 ], [ -76.759650611364933, 8.245135275686453 ], [ -76.760760876859109, 8.253450985097336 ], [ -76.773158841544003, 8.261186528735365 ], [ -76.774269107038165, 8.269115460964347 ], [ -76.768162646820244, 8.282265885148998 ], [ -76.765386983084809, 8.291355148923683 ], [ -76.760945921108132, 8.300057635516467 ], [ -76.756319814882431, 8.313788225473971 ], [ -76.753544151146997, 8.330419644295736 ], [ -76.753729195396033, 8.340669239616126 ], [ -76.757059991878549, 8.347051063117501 ], [ -76.760760876859109, 8.34956511479986 ], [ -76.760760876859109, 8.357687435619791 ], [ -76.758170257372711, 8.372384968532049 ], [ -76.75854034587077, 8.392690770581877 ], [ -76.762426275100367, 8.403713920266071 ], [ -76.767977602571207, 8.414543681359314 ], [ -76.772973797294981, 8.419765173314984 ], [ -76.787592292968213, 8.420925504860689 ], [ -76.789627779707516, 8.427694105543965 ], [ -76.79425388593323, 8.434269317636289 ], [ -76.797584682415732, 8.453221399549465 ], [ -76.804246275380748, 8.469659429780277 ], [ -76.809242470104522, 8.477975139191161 ], [ -76.82016008079718, 8.491318951966763 ], [ -76.826451585264152, 8.497120609695285 ], [ -76.842550434929606, 8.507563593606626 ], [ -76.85124751463394, 8.511237976834691 ], [ -76.869566895287733, 8.517426411745115 ], [ -76.871602382027049, 8.51897352047272 ], [ -76.891217072424041, 8.524581789610291 ], [ -76.909351408828812, 8.533284276203077 ], [ -76.913977515054526, 8.532123944657371 ], [ -76.921749373513705, 8.5265156755198 ], [ -76.929891320470958, 8.528449561429307 ], [ -76.934887515194717, 8.536185105067338 ], [ -76.937848223179174, 8.544887591660121 ], [ -76.938773444424314, 8.552429746707201 ], [ -76.936737957684997, 8.555717352753364 ], [ -76.909906541575893, 8.574862823257488 ], [ -76.899544063630316, 8.581631423940765 ], [ -76.8915871609221, 8.590914076306401 ], [ -76.886220877700282, 8.601743837399642 ], [ -76.887886275941526, 8.605031443445805 ], [ -76.886776010447363, 8.622629805222324 ], [ -76.874933178509551, 8.623790136768029 ], [ -76.857539019100898, 8.623790136768029 ], [ -76.836258930462648, 8.626884354223241 ], [ -76.829227248999572, 8.627077742814192 ], [ -76.812388222338001, 8.630171960269404 ], [ -76.791293177948774, 8.632299234769862 ], [ -76.78074565575416, 8.634233120679369 ], [ -76.761871142353272, 8.639261224044089 ], [ -76.755209549388255, 8.640034778407893 ], [ -76.733744416500983, 8.647576933454971 ], [ -76.72097636331803, 8.649317430773529 ], [ -76.685447867504593, 8.658019917366312 ], [ -76.656766008905208, 8.668462901277653 ], [ -76.645663353963513, 8.675038113369979 ], [ -76.640667159239754, 8.684320765735615 ], [ -76.634560699021819, 8.690122423464137 ], [ -76.633820522025715, 8.699018298647871 ], [ -76.639371849496555, 8.71158855705967 ], [ -76.632895300780575, 8.715456328878686 ], [ -76.627343973309721, 8.72435220406242 ], [ -76.627714061807779, 8.728219975881435 ], [ -76.632155123784457, 8.7318943591095 ], [ -76.611430167893289, 8.73711585106517 ], [ -76.60828441565981, 8.741177011475136 ], [ -76.59292574299046, 8.745624949067004 ], [ -76.584043619037104, 8.747172057794609 ], [ -76.554806627690638, 8.757421653114999 ], [ -76.541298397511568, 8.763996865207325 ], [ -76.52242388411068, 8.775213403482468 ], [ -76.513541760157324, 8.782368781347646 ], [ -76.514281937153442, 8.792424988077086 ], [ -76.511506273418021, 8.803448137761279 ], [ -76.504844680453004, 8.807702686762195 ], [ -76.489671052032676, 8.815051453218324 ], [ -76.482084237822519, 8.822013442492551 ], [ -76.480418839581262, 8.826267991493468 ], [ -76.470981582880825, 8.830715929085335 ], [ -76.462839635923586, 8.835937421041006 ], [ -76.433232556079062, 8.850634953953262 ], [ -76.42324016663153, 8.858370497591293 ], [ -76.4047357417287, 8.84212585595143 ], [ -76.39918441425786, 8.833423369358645 ], [ -76.394373263783123, 8.813117567308817 ], [ -76.391597600047703, 8.797066314259904 ], [ -76.38752662656907, 8.779081175301483 ], [ -76.383455653090451, 8.767477859844439 ], [ -76.381235122102112, 8.753553881295984 ], [ -76.379939812358913, 8.740210068520382 ], [ -76.377164148623493, 8.729380307427141 ], [ -76.374203440639036, 8.710234836923016 ], [ -76.364951228187621, 8.695150526828856 ], [ -76.349407511269249, 8.652991814001592 ], [ -76.337379635082414, 8.638487669680286 ], [ -76.330347953619338, 8.633846343497467 ], [ -76.322206006662086, 8.625724022677536 ], [ -76.307217422490808, 8.619342199176161 ], [ -76.298150254288416, 8.6164413703119 ], [ -76.291673705572421, 8.617408313266655 ], [ -76.276129988654048, 8.608705826673869 ], [ -76.262991846973037, 8.6034843347182 ], [ -76.251889192031342, 8.593621516579711 ], [ -76.239861315844507, 8.589560356169745 ], [ -76.227093262661555, 8.583758698441223 ], [ -76.227648395408636, 8.579117372258404 ], [ -76.217285917463059, 8.571575217211326 ], [ -76.212104678490263, 8.534637996339731 ], [ -76.211549545743182, 8.521874349336981 ], [ -76.208033705011644, 8.500988381514301 ], [ -76.197671227066067, 8.451287513639956 ], [ -76.195820784575773, 8.437943700864354 ], [ -76.195450696077728, 8.42653377399826 ], [ -76.19656096157189, 8.418411453178328 ], [ -76.200446890801487, 8.416670955859772 ], [ -76.219506448451398, 8.402360200129415 ], [ -76.233939899875608, 8.388436221580962 ], [ -76.246522908809524, 8.375285797396311 ], [ -76.254109723019681, 8.369484139667788 ], [ -76.283531758615183, 8.318236163065839 ], [ -76.312213617214567, 8.274530341510967 ], [ -76.32775733413294, 8.252677430733533 ], [ -76.342745918304232, 8.232951794456556 ], [ -76.354958838740103, 8.200075733994927 ], [ -76.364766183938599, 8.189245972901686 ], [ -76.372723086646815, 8.164492233259988 ], [ -76.385491139829767, 8.146507094301569 ], [ -76.392892909790888, 8.133356670116918 ], [ -76.392337777043807, 8.131036007025509 ], [ -76.39918441425786, 8.10338143851955 ], [ -76.406771228468017, 8.083075636469722 ], [ -76.413062732934975, 8.073212818331234 ], [ -76.414728131176233, 8.062383057237991 ], [ -76.416578573666513, 8.043237586733866 ], [ -76.415283263923314, 8.02641277932115 ], [ -76.416578573666513, 8.019064012865023 ], [ -76.417688839160689, 7.998758210815193 ], [ -76.422870078133471, 7.973424305400645 ], [ -76.431937246335863, 7.948670565758947 ], [ -76.448036096001317, 7.920435831480138 ], [ -76.455622910211474, 7.909992847568798 ], [ -76.463764857168727, 7.884078776381397 ], [ -76.481529105075438, 7.852363047465472 ], [ -76.490226184779772, 7.835151462870856 ], [ -76.497072821993811, 7.79802085340831 ], [ -76.504474591954946, 7.739230721759283 ], [ -76.514281937153442, 7.693784402885855 ], [ -76.514281937153442, 7.678119927018844 ], [ -76.518908043379156, 7.657814124969015 ], [ -76.518352910632061, 7.645630643739118 ], [ -76.514837069900523, 7.636928157146333 ], [ -76.505584857449108, 7.609853754413228 ], [ -76.502624149464665, 7.597670273183331 ], [ -76.487635565293374, 7.580265299997762 ], [ -76.481899193573497, 7.560733052311736 ], [ -76.477273087347783, 7.535205758306237 ], [ -76.466355476655124, 7.529404100577715 ], [ -76.455992998709533, 7.510838795846443 ], [ -76.446185653511037, 7.489566050841859 ], [ -76.43582317556546, 7.471580911883439 ], [ -76.429346626849465, 7.45881726488069 ], [ -76.425460697619869, 7.447794115196496 ], [ -76.410472113448577, 7.422846986963849 ], [ -76.404550697479678, 7.411243671506805 ], [ -76.396408750522426, 7.403894905050675 ], [ -76.379754768109891, 7.390357703684122 ], [ -76.36717175917596, 7.371212233179998 ], [ -76.359029812218722, 7.363283300951018 ], [ -76.346816891782851, 7.353227094221578 ], [ -76.341635652810055, 7.351679985493972 ], [ -76.030391225944499, 7.353033705630628 ], [ -75.911777862317379, 7.368891570088589 ], [ -75.841461047686636, 7.388617206365566 ], [ -75.835539631717722, 7.409503174188247 ], [ -75.825732286519226, 7.408923008415394 ], [ -75.819440782052268, 7.416851940644376 ], [ -75.810373613849876, 7.424974261464307 ], [ -75.80056626865138, 7.441605680286072 ], [ -75.786687949974265, 7.460170985017344 ], [ -75.774660073787416, 7.482604061567631 ], [ -75.762447153351559, 7.499815646162249 ], [ -75.746348303686091, 7.519541282439226 ], [ -75.734320427499256, 7.531531375078172 ], [ -75.723217772557561, 7.546422296581381 ], [ -75.700827418425135, 7.583359517452974 ], [ -75.696756444946516, 7.603665319502804 ], [ -75.6887995422383, 7.621457069870273 ], [ -75.681952905024261, 7.641569483329151 ], [ -75.68232299352232, 7.656073627650457 ], [ -75.676031489055347, 7.678506704200744 ], [ -75.671590427078669, 7.688949688112086 ], [ -75.662893347374336, 7.700553003569132 ], [ -75.649570161444302, 7.713123261980931 ], [ -75.626624674564795, 7.726273686165582 ], [ -75.60812024966198, 7.730915012348399 ], [ -75.592576532743593, 7.733622452621709 ], [ -75.585174762782472, 7.733622452621709 ], [ -75.574627240587859, 7.726080297574631 ], [ -75.564819895389363, 7.71563731366329 ], [ -75.545390249241393, 7.70809515861621 ], [ -75.536138036789978, 7.705194329751949 ], [ -75.513007505661434, 7.705581106933851 ], [ -75.503200160462939, 7.707321604252408 ], [ -75.502645027715857, 7.713123261980931 ], [ -75.491727417023185, 7.72588690898368 ], [ -75.490062018781927, 7.734396006985513 ], [ -75.493392815264443, 7.74657948821541 ], [ -75.483585470065947, 7.750060482852524 ], [ -75.477293965598989, 7.759729912400061 ], [ -75.469892195637854, 7.775974554039925 ], [ -75.475628567357731, 7.794346470180246 ], [ -75.473963169116473, 7.807690282955848 ], [ -75.450832637987943, 7.811171277592962 ], [ -75.431217947590937, 7.820260541367647 ], [ -75.411603257193946, 7.824708478959515 ], [ -75.396614673022654, 7.830510136688037 ], [ -75.360901132960194, 7.84656138973695 ], [ -75.346467681535984, 7.85681098505734 ], [ -75.342581752306401, 7.875376289788612 ], [ -75.341286442563202, 7.890267211291821 ], [ -75.33499493809623, 7.909992847568798 ], [ -75.333884672602068, 7.917921779797778 ], [ -75.321671752166196, 7.931845758346233 ], [ -75.300946796275028, 7.933586255664789 ], [ -75.289474052835288, 7.945576348303735 ], [ -75.289474052835288, 7.951378006032259 ], [ -75.285403079356655, 7.9622077671255 ], [ -75.281332105878036, 7.966849093308319 ], [ -75.260607149986868, 7.969169756399728 ], [ -75.25431564551991, 7.991602832950015 ], [ -75.243953167574318, 8.000885485315651 ], [ -75.236551397613198, 8.009587971908436 ], [ -75.228964583403041, 8.024478893411644 ], [ -75.216381574469111, 8.031827659867773 ], [ -75.154576795293664, 8.032214437049674 ], [ -75.129225733176796, 8.036275597459639 ], [ -75.105169980803112, 8.038402871960098 ], [ -75.090181396631834, 8.036662374641541 ], [ -75.073342369970248, 8.035888820277737 ], [ -75.056503343308677, 8.041110312233409 ], [ -75.02948688295055, 8.043237586733866 ], [ -74.994328475635186, 8.047685524325734 ], [ -74.970272723261502, 8.048265690098587 ], [ -74.958614935572726, 8.050586353189995 ], [ -74.933263873455843, 8.068378103557464 ], [ -74.910873519323431, 8.088490517016343 ], [ -74.907357678591893, 8.102801272746699 ], [ -74.895884935152139, 8.124654183524134 ], [ -74.879045908490568, 8.144959985573962 ], [ -74.854435023369803, 8.17242116548897 ], [ -74.840001571945592, 8.182283983627459 ], [ -74.833895111727671, 8.185378201082671 ], [ -74.819831748801519, 8.179383154763197 ], [ -74.806508562871485, 8.167006284942349 ], [ -74.795035819431732, 8.161204627213825 ], [ -74.778751925517241, 8.13915832784544 ], [ -74.749329889921739, 8.115951696931349 ], [ -74.729160066777666, 8.096226060654374 ], [ -74.707879978139403, 8.073019429740283 ], [ -74.677347677049738, 8.048652467280487 ], [ -74.650886349438693, 8.018677235683121 ], [ -74.626645552816001, 7.995857381950932 ], [ -74.602959888940376, 7.976131745673955 ], [ -74.547631658480924, 7.919855665707285 ], [ -74.53893457877659, 7.904964744204078 ], [ -74.538379446029509, 7.886399439472806 ], [ -74.539489711523672, 7.85681098505734 ], [ -74.534863605297971, 7.818713432640042 ], [ -74.534123428301854, 7.796860521862607 ], [ -74.51524891490098, 7.741938162032593 ], [ -74.500815463476769, 7.727434017711285 ], [ -74.480645640332682, 7.709448878752866 ], [ -74.477129799601144, 7.697265397522969 ], [ -74.489712808535074, 7.678893481382646 ], [ -74.515063870651943, 7.648918249785281 ], [ -74.533013162807691, 7.634414105463973 ], [ -74.552627853204683, 7.624164510143583 ], [ -74.563545463897356, 7.61565541214175 ], [ -74.57094723385849, 7.603471930911853 ], [ -74.570392101111395, 7.578524802679206 ], [ -74.574463074590028, 7.564794212721702 ], [ -74.57964431356281, 7.540620638852857 ], [ -74.597963694216617, 7.494980931388481 ], [ -74.61128688014665, 7.468486694428227 ], [ -74.615912986372351, 7.454175938697871 ], [ -74.614062543882071, 7.428648644692371 ], [ -74.60943643765637, 7.421686655418144 ], [ -74.600924402201059, 7.417625495008179 ], [ -74.59222732249674, 7.400220521822611 ], [ -74.588156349018107, 7.393838698321236 ], [ -74.569651924115291, 7.372372564725703 ], [ -74.557624047928442, 7.370051901634293 ], [ -74.541525198262988, 7.357288254631543 ], [ -74.530422543321293, 7.345104773401646 ], [ -74.526536614091697, 7.332921292171749 ], [ -74.51617413614612, 7.319190702214245 ], [ -74.506921923694705, 7.317256816304738 ], [ -74.497114578496195, 7.322478308260408 ], [ -74.488972631538957, 7.324605582760867 ], [ -74.482125994324917, 7.324605582760867 ], [ -74.474539180114746, 7.326926245852276 ], [ -74.471023339383208, 7.330987406262242 ], [ -74.469357941141965, 7.344331219037842 ], [ -74.46658227740653, 7.351873374084922 ], [ -74.438270507305205, 7.37701389090852 ], [ -74.434384578075623, 7.390357703684122 ], [ -74.42901829485379, 7.414531277552967 ], [ -74.422171657639751, 7.434256913829943 ], [ -74.41180917969416, 7.444506509150333 ], [ -74.405517675227202, 7.453208995743118 ], [ -74.402001834495664, 7.460751150790196 ], [ -74.389418825561748, 7.471000746110587 ], [ -74.377761037872958, 7.434063525238994 ], [ -74.375540506884619, 7.418979215144834 ], [ -74.375540506884619, 7.407375899687789 ], [ -74.362772453701666, 7.383782491591797 ], [ -74.364437851942924, 7.371018844589047 ], [ -74.372024666153081, 7.359415529132002 ], [ -74.382387144098672, 7.353227094221578 ], [ -74.391639356550087, 7.341623778764532 ], [ -74.40533263097818, 7.329633686125586 ], [ -74.421061392145575, 7.320931199532803 ], [ -74.42624263111837, 7.310681604212412 ], [ -74.426612719616429, 7.299078288755366 ], [ -74.424947321375171, 7.282253481342652 ], [ -74.422171657639751, 7.265041896748034 ], [ -74.422726790386832, 7.26156090211092 ], [ -74.418655816908213, 7.237774105423979 ], [ -74.423281923133914, 7.208379039599464 ], [ -74.427722985110591, 7.186912906003929 ], [ -74.42716785236351, 7.170281487182166 ], [ -74.416250241670838, 7.14591452472237 ], [ -74.409218560207776, 7.127929385763951 ], [ -74.406442896472342, 7.11013763539648 ], [ -74.400151392005384, 7.093312827983764 ], [ -74.385717940581173, 7.073587191706789 ], [ -74.379241391865193, 7.056375607112171 ], [ -74.37239475465114, 7.042451628563716 ], [ -74.371839621904059, 7.021565660741036 ], [ -74.373505020145316, 7.005901184874025 ], [ -74.371839621904059, 7.000873081509305 ], [ -74.365363073188064, 6.997392086872191 ], [ -74.355185639491509, 6.99719869828124 ], [ -74.345378294293013, 6.987916045915604 ], [ -74.335570949094517, 6.982694553959934 ], [ -74.31632634719557, 6.979213559322821 ], [ -74.309479709981531, 6.984241662687539 ], [ -74.299672364783035, 6.98656232577895 ], [ -74.289865019584539, 6.985982160006097 ], [ -74.285238913358825, 6.983661496914689 ], [ -74.268029798199194, 6.98656232577895 ], [ -74.261738293732236, 6.985401994233245 ], [ -74.248415107802202, 6.985208605642294 ], [ -73.954009707598203, 7.263494788020429 ], [ -73.955675105839461, 7.242802208788698 ], [ -73.954564840345299, 7.210312925508971 ], [ -73.951789176609878, 7.178017030820195 ], [ -73.945867760640965, 7.155583954269908 ], [ -73.937170680936632, 7.124835168308739 ], [ -73.937725813683727, 7.106463252168416 ], [ -73.940131388921088, 7.083836787027177 ], [ -73.928473601232312, 7.057729327248827 ], [ -73.916445725045463, 7.037616913789948 ], [ -73.907748645341144, 7.029494592970016 ], [ -73.900716963878068, 7.008028459374483 ], [ -73.89627590190139, 6.997005309690289 ], [ -73.89627590190139, 6.992363983507472 ], [ -73.903677671862525, 6.978053227777115 ], [ -73.926253070243973, 6.957360648545386 ], [ -73.9532695306021, 6.929125914266576 ], [ -73.97232908825201, 6.918876318946186 ], [ -74.008597761061552, 6.908046557852943 ], [ -74.021180769995482, 6.897603573941602 ], [ -74.084650947412172, 6.84809609465821 ], [ -74.113332806011556, 6.824115909380316 ], [ -74.129061567178965, 6.801682832830029 ], [ -74.136463337140086, 6.785438191190165 ], [ -74.1457155495915, 6.757203456911355 ], [ -74.154967762042915, 6.748694358909523 ], [ -74.185315018883557, 6.722780287722122 ], [ -74.200488647303871, 6.712337303810781 ], [ -74.226394842167835, 6.700927376944685 ], [ -74.241383426339127, 6.698026548080424 ], [ -74.2556318335143, 6.688937284305739 ], [ -74.278207231895749, 6.667664539301157 ], [ -74.28856970984134, 6.647552125842278 ], [ -74.301337763024279, 6.644651296978017 ], [ -74.312255373716951, 6.633628147293823 ], [ -74.344453073047873, 6.612548790880192 ], [ -74.355370683740546, 6.608487630470226 ], [ -74.377946082121994, 6.608681019061176 ], [ -74.392379533546205, 6.603459527105507 ], [ -74.405517675227202, 6.588568605602298 ], [ -74.418285728410154, 6.575804958599548 ], [ -74.42161652489267, 6.563621477369651 ], [ -74.438455551554242, 6.542348732365069 ], [ -74.444191923274118, 6.530938805498973 ], [ -74.433829445328527, 6.50947267190344 ], [ -74.431423870091166, 6.496902413491641 ], [ -74.431979002838247, 6.482978434943186 ], [ -74.431423870091166, 6.46557346175762 ], [ -74.423837055881009, 6.453970146300573 ], [ -74.417545551414037, 6.431923846932188 ], [ -74.417545551414037, 6.422834583157503 ], [ -74.409588648705821, 6.405429609971934 ], [ -74.396265462775787, 6.392665962969184 ], [ -74.394415020285507, 6.386864305240662 ], [ -74.399041126511221, 6.377194875693124 ], [ -74.422726790386832, 6.371393217964602 ], [ -74.438270507305205, 6.369072554873194 ], [ -74.44752271975662, 6.366945280372734 ], [ -74.460845905686654, 6.346639478322906 ], [ -74.475279357110864, 6.32710723063688 ], [ -74.485456790807419, 6.31202292054272 ], [ -74.499890242231629, 6.300032827903774 ], [ -74.515433959150002, 6.279340248672044 ], [ -74.530422543321293, 6.265416270123589 ], [ -74.543745729251327, 6.248784851301824 ], [ -74.551702631959543, 6.247431131165168 ], [ -74.555773605438162, 6.254779897621297 ], [ -74.566876260379857, 6.251298902984184 ], [ -74.575388295835168, 6.236214592890025 ], [ -74.578349003819611, 6.234667484162419 ], [ -74.592782455243821, 6.210880687475477 ], [ -74.601849623446213, 6.197730263290826 ], [ -74.608141127913171, 6.167755031693458 ], [ -74.608141127913171, 6.15789221355497 ], [ -74.613322366885953, 6.14512856655222 ], [ -74.622574579337368, 6.130817810821865 ], [ -74.629421216551421, 6.109931842999183 ], [ -74.630161393547539, 6.092720258404567 ], [ -74.624239977578625, 6.079376445628965 ], [ -74.613877499633048, 6.07067395903618 ], [ -74.607030862418995, 6.061971472443396 ], [ -74.593892720737983, 6.06023097512484 ], [ -74.589636703010342, 6.058490477806282 ], [ -74.587416172022003, 6.048627659667794 ], [ -74.594262809236042, 6.036444178437897 ], [ -74.601109446450096, 6.02967557775462 ], [ -74.604625287181634, 6.022133422707542 ], [ -74.605735552675796, 6.014591267660462 ], [ -74.602404756193295, 6.008209444159087 ], [ -74.59315254374188, 5.999506957566304 ], [ -74.589081570263261, 5.992544968292076 ], [ -74.587416172022003, 5.979974709880278 ], [ -74.590746968504504, 5.972819332015099 ], [ -74.618503605858749, 5.962182959512807 ], [ -74.626090420068905, 5.956961467557138 ], [ -74.625350243072802, 5.929887064824031 ], [ -74.617393340364586, 5.910741594319907 ], [ -74.608141127913171, 5.893916786907191 ], [ -74.609251393407334, 5.888695294951521 ], [ -74.635712721018379, 5.876705202312575 ], [ -74.643114490979514, 5.872063876129756 ], [ -74.651256437936752, 5.869163047265495 ], [ -74.660508650388167, 5.856592788853696 ], [ -74.659953517641085, 5.849050633806616 ], [ -74.664024491119704, 5.840348147213833 ], [ -74.663469358372623, 5.829324997529641 ], [ -74.66735528760222, 5.820235733754954 ], [ -74.673276703571119, 5.797029102840865 ], [ -74.674386969065296, 5.779237352473395 ], [ -74.674386969065296, 5.758351384650714 ], [ -74.676607500053635, 5.758351384650714 ], [ -74.684749447010873, 5.751002618194585 ], [ -74.694926880707428, 5.752743115513141 ], [ -74.698442721438965, 5.762025767878777 ], [ -74.715281748100537, 5.76260593365163 ], [ -74.722683518061672, 5.759705104787368 ], [ -74.741187942964501, 5.731470370508559 ], [ -74.747479447431459, 5.715999283232499 ], [ -74.755066261641616, 5.704976133548305 ], [ -74.757841925377051, 5.690085212045098 ], [ -74.765243695338171, 5.68312322277087 ], [ -74.778011748521124, 5.680222393906609 ], [ -74.798181571665211, 5.677514953633299 ], [ -74.80687865136953, 5.679255450951855 ], [ -74.827603607260698, 5.689118269090343 ], [ -74.835190421470855, 5.690858766408901 ], [ -74.842037058684909, 5.694339761046013 ], [ -74.853509802124663, 5.696273646955522 ], [ -74.858691041097458, 5.700334807365488 ], [ -74.863317147323158, 5.714258785913941 ], [ -74.86387228007024, 5.720447220824365 ], [ -74.872569359774573, 5.730890204735706 ], [ -74.877195466000288, 5.733984422190918 ], [ -74.893294315665742, 5.730503427553804 ], [ -74.90143626262298, 5.727602598689543 ], [ -74.918090245035529, 5.723541438279577 ], [ -74.955654227588269, 5.715612506050597 ], [ -74.995993873876429, 5.711164568458729 ], [ -75.016718829767598, 5.705556299321158 ], [ -75.020049626250113, 5.691052154999852 ], [ -75.026526174966108, 5.681382725452314 ], [ -75.035038210421405, 5.674420736178087 ], [ -75.047806263604357, 5.669972798586219 ], [ -75.06057431678731, 5.666491803949105 ], [ -75.079448830188184, 5.659529814674878 ], [ -75.090921573627938, 5.653921545537306 ], [ -75.094437414359476, 5.653921545537306 ], [ -75.115717502997725, 5.648119887808784 ], [ -75.119788476476344, 5.64193145289836 ], [ -75.122749184460801, 5.621045485075678 ], [ -75.126635113690398, 5.612342998482895 ], [ -75.124414582702059, 5.591650419251163 ], [ -75.124414582702059, 5.580627269566971 ], [ -75.130706087169017, 5.573858668883695 ], [ -75.146989981083507, 5.568057011155172 ], [ -75.153281485550465, 5.563415684972354 ], [ -75.156612282032981, 5.55471319837957 ], [ -75.161238388258681, 5.537501613784952 ], [ -75.166974759978558, 5.531119790283578 ], [ -75.179742813161511, 5.522610692281745 ], [ -75.204538742531298, 5.517969366098926 ], [ -75.21952732670259, 5.516809034553223 ], [ -75.235071043620962, 5.512361096961355 ], [ -75.247098919807812, 5.491088351956773 ], [ -75.254685734017968, 5.473296601589302 ], [ -75.287993698843053, 5.458212291495144 ], [ -75.302982283014344, 5.460146177404651 ], [ -75.313344760959922, 5.460146177404651 ], [ -75.323152106158432, 5.45724534854039 ], [ -75.336475292088465, 5.456858571358488 ], [ -75.339991132820003, 5.458018902904193 ], [ -75.344062106298622, 5.464400726405568 ], [ -75.349798478018499, 5.485093305637299 ], [ -75.349798478018499, 5.497856952640049 ], [ -75.353869451497118, 5.516809034553223 ], [ -75.366452460431049, 5.533247064784037 ], [ -75.367562725925211, 5.555099975561472 ], [ -75.370523433909668, 5.568443788337074 ], [ -75.375149540135368, 5.574825611838449 ], [ -75.374039274641206, 5.594938025297326 ], [ -75.376814938376626, 5.597838854161587 ], [ -75.38606715082804, 5.601319848798701 ], [ -75.40179591199545, 5.599772740071096 ], [ -75.40919768195657, 5.605574397799618 ], [ -75.40272113324059, 5.620465319302825 ], [ -75.399390336758074, 5.63438929785128 ], [ -75.393098832291116, 5.651020716673045 ], [ -75.396429628773632, 5.659143037492976 ], [ -75.412158389941027, 5.668425689858614 ], [ -75.425851664369119, 5.683509999952772 ], [ -75.433993611326372, 5.683509999952772 ], [ -75.441580425536529, 5.687184383180837 ], [ -75.453608301723364, 5.687184383180837 ], [ -75.455828832711703, 5.68312322277087 ], [ -75.469892195637854, 5.676741399269496 ], [ -75.484695735560109, 5.665911638176253 ], [ -75.507826266688653, 5.660303369038681 ], [ -75.514117771155611, 5.668425689858614 ], [ -75.537248302284141, 5.673067016041431 ], [ -75.542984674004018, 5.681769502634214 ], [ -75.559083523669486, 5.691632320772703 ], [ -75.563154497148105, 5.707876962412566 ], [ -75.566670337879643, 5.713678620141089 ], [ -75.575367417583962, 5.717739780551055 ], [ -75.582214054798015, 5.717159614778202 ], [ -75.604789453179464, 5.725281935598135 ], [ -75.618482727607557, 5.726635655734789 ], [ -75.62995547104731, 5.730696816144755 ], [ -75.626069541817714, 5.717353003369153 ], [ -75.622553701086176, 5.70110836172929 ], [ -75.618482727607557, 5.68834471472654 ], [ -75.617372462113394, 5.679835616724707 ], [ -75.62717980731189, 5.665911638176253 ], [ -75.624219099327433, 5.651407493854947 ], [ -75.619592993101719, 5.636516572351738 ], [ -75.621813524090072, 5.616790936074763 ], [ -75.626439630315772, 5.597838854161587 ], [ -75.617372462113394, 5.574052057474645 ], [ -75.6155220196231, 5.556066918516224 ], [ -75.616632285117277, 5.542916494331575 ], [ -75.616632285117277, 5.531313178874528 ], [ -75.614226709879901, 5.515068537234665 ], [ -75.623663966580352, 5.512941262734207 ], [ -75.633841400276907, 5.51874292046273 ], [ -75.652345825179736, 5.519903252008435 ], [ -75.668074586347132, 5.517775977507975 ], [ -75.670295117335471, 5.514875148643714 ], [ -75.680102462533966, 5.512554485552306 ], [ -75.693980781211096, 5.51081398823375 ], [ -75.706008657397931, 5.507913159369487 ], [ -75.712300161864889, 5.504045387550473 ], [ -75.728584055779379, 5.506366050641882 ], [ -75.735430692993432, 5.512167708370404 ], [ -75.738206356728853, 5.517969366098926 ], [ -75.744127772697752, 5.52377102382745 ], [ -75.744127772697752, 5.527252018464562 ], [ -75.757821047125844, 5.523190858054598 ], [ -75.772254498550055, 5.524931355373154 ], [ -75.786687949974265, 5.522223915099843 ], [ -75.810373613849876, 5.514101594279913 ], [ -75.834614410472582, 5.514875148643714 ], [ -75.84090591493954, 5.514294982870862 ], [ -75.859965472589451, 5.498243729821949 ], [ -75.868662552293785, 5.497663564049098 ], [ -75.882355826721877, 5.489154466047264 ], [ -75.885316534706334, 5.483352808318742 ], [ -75.886426800200496, 5.47503709890786 ], [ -75.896234145399006, 5.471749492861697 ], [ -75.911777862317379, 5.472523047225499 ], [ -75.919734765025595, 5.470782549906943 ], [ -75.939349455422587, 5.470975938497894 ], [ -75.955078216589996, 5.472136270043599 ], [ -75.977468570722408, 5.470395772725041 ], [ -75.986720783173823, 5.470589161315992 ], [ -76.003929898333453, 5.473296601589302 ], [ -76.017253084263487, 5.471749492861697 ], [ -76.026505296714902, 5.468848663997436 ], [ -76.036312641913412, 5.464400726405568 ], [ -76.048340518100247, 5.460339565995602 ] ] ] ] } },
{ "type": "Feature", "properties": { "Zone": "Caribe" }, "geometry": { "type": "MultiPolygon", "coordinates": [ [ [ [ -74.840001571945592, 8.182283983627459 ], [ -74.854435023369803, 8.17242116548897 ], [ -74.879045908490568, 8.144959985573962 ], [ -74.895884935152139, 8.124654183524134 ], [ -74.907357678591893, 8.102801272746699 ], [ -74.910873519323431, 8.088490517016343 ], [ -74.933263873455843, 8.068378103557464 ], [ -74.958614935572726, 8.050586353189995 ], [ -74.970272723261502, 8.048265690098587 ], [ -74.994328475635186, 8.047685524325734 ], [ -75.02948688295055, 8.043237586733866 ], [ -75.056503343308677, 8.041110312233409 ], [ -75.073342369970248, 8.035888820277737 ], [ -75.090181396631834, 8.036662374641541 ], [ -75.105169980803112, 8.038402871960098 ], [ -75.129225733176796, 8.036275597459639 ], [ -75.154576795293664, 8.032214437049674 ], [ -75.216381574469111, 8.031827659867773 ], [ -75.228964583403041, 8.024478893411644 ], [ -75.236551397613198, 8.009587971908436 ], [ -75.243953167574318, 8.000885485315651 ], [ -75.25431564551991, 7.991602832950015 ], [ -75.260607149986868, 7.969169756399728 ], [ -75.281332105878036, 7.966849093308319 ], [ -75.285403079356655, 7.9622077671255 ], [ -75.289474052835288, 7.951378006032259 ], [ -75.289474052835288, 7.945576348303735 ], [ -75.300946796275028, 7.933586255664789 ], [ -75.321671752166196, 7.931845758346233 ], [ -75.333884672602068, 7.917921779797778 ], [ -75.33499493809623, 7.909992847568798 ], [ -75.341286442563202, 7.890267211291821 ], [ -75.342581752306401, 7.875376289788612 ], [ -75.346467681535984, 7.85681098505734 ], [ -75.360901132960194, 7.84656138973695 ], [ -75.396614673022654, 7.830510136688037 ], [ -75.411603257193946, 7.824708478959515 ], [ -75.431217947590937, 7.820260541367647 ], [ -75.450832637987943, 7.811171277592962 ], [ -75.473963169116473, 7.807690282955848 ], [ -75.475628567357731, 7.794346470180246 ], [ -75.469892195637854, 7.775974554039925 ], [ -75.477293965598989, 7.759729912400061 ], [ -75.483585470065947, 7.750060482852524 ], [ -75.493392815264443, 7.74657948821541 ], [ -75.490062018781927, 7.734396006985513 ], [ -75.491727417023185, 7.72588690898368 ], [ -75.502645027715857, 7.713123261980931 ], [ -75.503200160462939, 7.707321604252408 ], [ -75.513007505661434, 7.705581106933851 ], [ -75.536138036789978, 7.705194329751949 ], [ -75.545390249241393, 7.70809515861621 ], [ -75.564819895389363, 7.71563731366329 ], [ -75.574627240587859, 7.726080297574631 ], [ -75.585174762782472, 7.733622452621709 ], [ -75.592576532743593, 7.733622452621709 ], [ -75.60812024966198, 7.730915012348399 ], [ -75.626624674564795, 7.726273686165582 ], [ -75.649570161444302, 7.713123261980931 ], [ -75.662893347374336, 7.700553003569132 ], [ -75.671590427078669, 7.688949688112086 ], [ -75.676031489055347, 7.678506704200744 ], [ -75.68232299352232, 7.656073627650457 ], [ -75.681952905024261, 7.641569483329151 ], [ -75.6887995422383, 7.621457069870273 ], [ -75.696756444946516, 7.603665319502804 ], [ -75.700827418425135, 7.583359517452974 ], [ -75.723217772557561, 7.546422296581381 ], [ -75.734320427499256, 7.531531375078172 ], [ -75.746348303686091, 7.519541282439226 ], [ -75.762447153351559, 7.499815646162249 ], [ -75.774660073787416, 7.482604061567631 ], [ -75.786687949974265, 7.460170985017344 ], [ -75.80056626865138, 7.441605680286072 ], [ -75.810373613849876, 7.424974261464307 ], [ -75.819440782052268, 7.416851940644376 ], [ -75.825732286519226, 7.408923008415394 ], [ -75.835539631717722, 7.409503174188247 ], [ -75.841461047686636, 7.388617206365566 ], [ -75.911777862317379, 7.368891570088589 ], [ -76.030391225944499, 7.353033705630628 ], [ -76.341635652810055, 7.351679985493972 ], [ -76.346816891782851, 7.353227094221578 ], [ -76.359029812218722, 7.363283300951018 ], [ -76.36717175917596, 7.371212233179998 ], [ -76.379754768109891, 7.390357703684122 ], [ -76.396408750522426, 7.403894905050675 ], [ -76.404550697479678, 7.411243671506805 ], [ -76.410472113448577, 7.422846986963849 ], [ -76.425460697619869, 7.447794115196496 ], [ -76.429346626849465, 7.45881726488069 ], [ -76.43582317556546, 7.471580911883439 ], [ -76.446185653511037, 7.489566050841859 ], [ -76.455992998709533, 7.510838795846443 ], [ -76.466355476655124, 7.529404100577715 ], [ -76.477273087347783, 7.535205758306237 ], [ -76.481899193573497, 7.560733052311736 ], [ -76.487635565293374, 7.580265299997762 ], [ -76.502624149464665, 7.597670273183331 ], [ -76.505584857449108, 7.609853754413228 ], [ -76.514837069900523, 7.636928157146333 ], [ -76.518352910632061, 7.645630643739118 ], [ -76.518908043379156, 7.657814124969015 ], [ -76.514281937153442, 7.678119927018844 ], [ -76.514281937153442, 7.693784402885855 ], [ -76.504474591954946, 7.739230721759283 ], [ -76.497072821993811, 7.79802085340831 ], [ -76.490226184779772, 7.835151462870856 ], [ -76.481529105075438, 7.852363047465472 ], [ -76.463764857168727, 7.884078776381397 ], [ -76.455622910211474, 7.909992847568798 ], [ -76.448036096001317, 7.920435831480138 ], [ -76.431937246335863, 7.948670565758947 ], [ -76.422870078133471, 7.973424305400645 ], [ -76.417688839160689, 7.998758210815193 ], [ -76.416578573666513, 8.019064012865023 ], [ -76.415283263923314, 8.02641277932115 ], [ -76.416578573666513, 8.043237586733866 ], [ -76.414728131176233, 8.062383057237991 ], [ -76.413062732934975, 8.073212818331234 ], [ -76.406771228468017, 8.083075636469722 ], [ -76.39918441425786, 8.10338143851955 ], [ -76.392337777043807, 8.131036007025509 ], [ -76.392892909790888, 8.133356670116918 ], [ -76.385491139829767, 8.146507094301569 ], [ -76.372723086646815, 8.164492233259988 ], [ -76.364766183938599, 8.189245972901686 ], [ -76.354958838740103, 8.200075733994927 ], [ -76.342745918304232, 8.232951794456556 ], [ -76.32775733413294, 8.252677430733533 ], [ -76.312213617214567, 8.274530341510967 ], [ -76.283531758615183, 8.318236163065839 ], [ -76.254109723019681, 8.369484139667788 ], [ -76.246522908809524, 8.375285797396311 ], [ -76.233939899875608, 8.388436221580962 ], [ -76.219506448451398, 8.402360200129415 ], [ -76.200446890801487, 8.416670955859772 ], [ -76.19656096157189, 8.418411453178328 ], [ -76.195450696077728, 8.42653377399826 ], [ -76.195820784575773, 8.437943700864354 ], [ -76.197671227066067, 8.451287513639956 ], [ -76.208033705011644, 8.500988381514301 ], [ -76.211549545743182, 8.521874349336981 ], [ -76.212104678490263, 8.534637996339731 ], [ -76.217285917463059, 8.571575217211326 ], [ -76.227648395408636, 8.579117372258404 ], [ -76.227093262661555, 8.583758698441223 ], [ -76.239861315844507, 8.589560356169745 ], [ -76.251889192031342, 8.593621516579711 ], [ -76.262991846973037, 8.6034843347182 ], [ -76.276129988654048, 8.608705826673869 ], [ -76.291673705572421, 8.617408313266655 ], [ -76.298150254288416, 8.6164413703119 ], [ -76.307217422490808, 8.619342199176161 ], [ -76.322206006662086, 8.625724022677536 ], [ -76.330347953619338, 8.633846343497467 ], [ -76.337379635082414, 8.638487669680286 ], [ -76.349407511269249, 8.652991814001592 ], [ -76.364951228187621, 8.695150526828856 ], [ -76.374203440639036, 8.710234836923016 ], [ -76.377164148623493, 8.729380307427141 ], [ -76.379939812358913, 8.740210068520382 ], [ -76.381235122102112, 8.753553881295984 ], [ -76.383455653090451, 8.767477859844439 ], [ -76.38752662656907, 8.779081175301483 ], [ -76.391597600047703, 8.797066314259904 ], [ -76.394373263783123, 8.813117567308817 ], [ -76.39918441425786, 8.833423369358645 ], [ -76.4047357417287, 8.84212585595143 ], [ -76.42324016663153, 8.858370497591293 ], [ -76.417873883409712, 8.863785378137914 ], [ -76.413802909931093, 8.874808527822108 ], [ -76.414543086927196, 8.882157294278235 ], [ -76.417133706413594, 8.887572174824857 ], [ -76.409361847954415, 8.893760609735281 ], [ -76.393448042537983, 8.8987887131 ], [ -76.384010785837532, 8.902656484919016 ], [ -76.376053883129316, 8.904396982237571 ], [ -76.355143882989125, 8.91155236010275 ], [ -76.345891670537711, 8.915613520512716 ], [ -76.332013351860596, 8.925089561469303 ], [ -76.327387245634881, 8.930117664834022 ], [ -76.32313122790724, 8.939013540017758 ], [ -76.320725652669864, 8.952550741384309 ], [ -76.322946183658203, 8.956998678976177 ], [ -76.303146449012175, 8.967441662887518 ], [ -76.299815652529674, 8.971309434706532 ], [ -76.293154059564657, 8.974210263570795 ], [ -76.290378395829222, 8.978271423980759 ], [ -76.276500077152107, 8.989874739437806 ], [ -76.264102112467214, 8.99877061462154 ], [ -76.264287156716236, 9.017722696534713 ], [ -76.261511492980816, 9.020623525398975 ], [ -76.260956360233735, 9.028939234809858 ], [ -76.263176891222074, 9.035127669720282 ], [ -76.257625563751219, 9.042283047585459 ], [ -76.25540503276288, 9.052145865723947 ], [ -76.242636979579927, 9.066069844272402 ], [ -76.230979191891151, 9.072838444955678 ], [ -76.23042405914407, 9.077286382547546 ], [ -76.220431669696538, 9.08347481745797 ], [ -76.212659811237359, 9.090050029550296 ], [ -76.199521669556347, 9.103393842325897 ], [ -76.187308749120476, 9.117704598056253 ], [ -76.186198483626313, 9.127954193376643 ], [ -76.182682642894775, 9.131821965195659 ], [ -76.182867687143798, 9.141491394743197 ], [ -76.178796713665179, 9.148840161199324 ], [ -76.178981757914201, 9.16566496861204 ], [ -76.1756509614317, 9.175141009568627 ], [ -76.181017244653518, 9.180942667297149 ], [ -76.173985563190442, 9.1940930914818 ], [ -76.173985563190442, 9.200088137801274 ], [ -76.176761226925862, 9.205116241165994 ], [ -76.169359456964742, 9.214785670713532 ], [ -76.168249191470565, 9.220200551260152 ], [ -76.170654766707941, 9.226775763352478 ], [ -76.167323970225425, 9.232384032490049 ], [ -76.15714653652887, 9.23509147276336 ], [ -76.144008394847859, 9.24011957612808 ], [ -76.124578748699889, 9.251336114403223 ], [ -76.109220076030539, 9.263712984224073 ], [ -76.10514910255192, 9.268547698997841 ], [ -76.100708040575242, 9.279570848682035 ], [ -76.100893084824278, 9.28653283795626 ], [ -76.106259368046096, 9.293494827230488 ], [ -76.111995739765973, 9.295235324549045 ], [ -76.110145297275693, 9.303937811141829 ], [ -76.096266978598564, 9.31708823532648 ], [ -76.091825916621886, 9.325210556146411 ], [ -76.084609190909788, 9.331592379647786 ], [ -76.085164323656869, 9.334879985693949 ], [ -76.074801845711292, 9.338747757512964 ], [ -76.056297420808463, 9.343002306513881 ], [ -76.032426712683815, 9.350157684379059 ], [ -76.029836093197417, 9.350157684379059 ], [ -76.01244193378875, 9.357119673653287 ], [ -76.002449544341232, 9.362147777018006 ], [ -75.990421668154397, 9.370463486428887 ], [ -75.977838659220467, 9.376458532748362 ], [ -75.972657420247685, 9.380713081749278 ], [ -75.961739809555013, 9.392123008615373 ], [ -75.957853880325416, 9.39927838648055 ], [ -75.956188482084158, 9.407980873073335 ], [ -75.958779101570556, 9.413202365029004 ], [ -75.968216358270993, 9.420164354303232 ], [ -75.963775296294315, 9.425966012031754 ], [ -75.954338039593878, 9.434088332851687 ], [ -75.947676446628861, 9.443951150990175 ], [ -75.941569986410926, 9.444337928172075 ], [ -75.923990782753236, 9.448399088582041 ], [ -75.919549720776558, 9.447625534218238 ], [ -75.916774057041138, 9.438149493261651 ], [ -75.912888127811541, 9.432928001305982 ], [ -75.897159366644146, 9.425192457667951 ], [ -75.885316534706334, 9.423838737531296 ], [ -75.87476901251172, 9.423838737531296 ], [ -75.848677773398734, 9.426352789213656 ], [ -75.836464852962862, 9.430220561032671 ], [ -75.825732286519226, 9.430607338214573 ], [ -75.826842552013403, 9.425385846258902 ], [ -75.819255737803232, 9.4246122918951 ], [ -75.821291224542549, 9.430994115396475 ], [ -75.814259543079473, 9.432734612715031 ], [ -75.800196180153321, 9.433508167078834 ], [ -75.794644852682481, 9.429640395259819 ], [ -75.791314056199965, 9.419004022757527 ], [ -75.790758923452884, 9.411268479119498 ], [ -75.800196180153321, 9.413395753619955 ], [ -75.813704410332392, 9.418230468393725 ], [ -75.826472463515344, 9.415329639529462 ], [ -75.830728481242986, 9.408947816028087 ], [ -75.834244321974523, 9.407400707300482 ], [ -75.832949012231325, 9.397151111980092 ], [ -75.824251932527005, 9.393283340161076 ], [ -75.822956622783806, 9.399858552253402 ], [ -75.816850162565871, 9.39676433479819 ], [ -75.811853967842112, 9.397344500571043 ], [ -75.805747507624176, 9.401985826753862 ], [ -75.802601755390697, 9.395990780434387 ], [ -75.794644852682481, 9.393670117342978 ], [ -75.783727241989808, 9.393283340161076 ], [ -75.778731047266049, 9.395410614661536 ], [ -75.775215206534511, 9.401212272390058 ], [ -75.769663879063657, 9.401792438162911 ], [ -75.759856533865161, 9.40682054152763 ], [ -75.753935117896248, 9.41436269657471 ], [ -75.745978215188046, 9.421324685848937 ], [ -75.73894653372497, 9.419004022757527 ], [ -75.732655029257998, 9.421324685848937 ], [ -75.727843878783261, 9.420357742894183 ], [ -75.724883170798819, 9.414942862347562 ], [ -75.713040338861006, 9.413782530801857 ], [ -75.701197506923194, 9.413395753619955 ], [ -75.688984586487337, 9.411268479119498 ], [ -75.688244409491219, 9.408174261664286 ], [ -75.676771666051465, 9.403146158299565 ], [ -75.663448480121431, 9.410494924755694 ], [ -75.652715913677781, 9.420744520076084 ], [ -75.649940249942361, 9.419004022757527 ], [ -75.643833789724425, 9.420937908667035 ], [ -75.636061931265246, 9.427899897941263 ], [ -75.627364851560912, 9.4379561046707 ], [ -75.615892108121159, 9.454394134901515 ], [ -75.60812024966198, 9.467351170495215 ], [ -75.599238125708609, 9.484562755089833 ], [ -75.588505559264973, 9.5145379866872 ], [ -75.587580338019833, 9.521499975961426 ], [ -75.584619630035377, 9.52730163368995 ], [ -75.579808479560654, 9.541032223647452 ], [ -75.57518237333494, 9.561531414288233 ], [ -75.573702019342718, 9.562885134424889 ], [ -75.571851576852424, 9.58125705056521 ], [ -75.571851576852424, 9.604657070070251 ], [ -75.573516975093682, 9.616453774118247 ], [ -75.578513169817455, 9.637146353349976 ], [ -75.585914939778576, 9.648943057397974 ], [ -75.594056886735828, 9.65571165808125 ], [ -75.597572727467366, 9.66576786481069 ], [ -75.610340780650318, 9.692068713179991 ], [ -75.617002373615335, 9.696516650771859 ], [ -75.62625458606675, 9.692648878952843 ], [ -75.631620869288568, 9.692262101770941 ], [ -75.639392727747747, 9.697290205135662 ], [ -75.64660945345986, 9.70483236018274 ], [ -75.653456090673899, 9.707153023274151 ], [ -75.666039099607829, 9.705219137364642 ], [ -75.680472551032025, 9.704252194409889 ], [ -75.686579011249961, 9.705412525955593 ], [ -75.700642374176113, 9.704638971591789 ], [ -75.68787432099316, 9.715662121275983 ], [ -75.686579011249961, 9.724944773641619 ], [ -75.680472551032025, 9.725718328005422 ], [ -75.678252020043686, 9.733647260234402 ], [ -75.66936989609033, 9.738288586417221 ], [ -75.664003612868513, 9.744863798509547 ], [ -75.655121488915157, 9.748538181737612 ], [ -75.642168391483182, 9.760141497194656 ], [ -75.641058125989005, 9.763429103240819 ], [ -75.645499187965683, 9.774258864334062 ], [ -75.640502993241924, 9.778126636153077 ], [ -75.630140515296333, 9.788956397246318 ], [ -75.62903024980217, 9.7968853294753 ], [ -75.623663966580352, 9.80481426170428 ], [ -75.624034055078411, 9.811002696614704 ], [ -75.621443435592013, 9.814096914069916 ], [ -75.619592993101719, 9.823186177844603 ], [ -75.621998568339095, 9.824539897981257 ], [ -75.619592993101719, 9.838657265120663 ], [ -75.61459679837796, 9.84813330607725 ], [ -75.614781842626996, 9.855675461124328 ], [ -75.621813524090072, 9.864571336308064 ], [ -75.621443435592013, 9.875401097401305 ], [ -75.612006178891562, 9.88410358399409 ], [ -75.609600603654201, 9.888938298767858 ], [ -75.603494143436265, 9.895513510860184 ], [ -75.596462461973189, 9.906536660544377 ], [ -75.595907329226108, 9.916012701500964 ], [ -75.592946621241651, 9.922007747820437 ], [ -75.596277417724167, 9.93535156059604 ], [ -75.582954231794133, 9.949082150553542 ], [ -75.580363612307735, 9.954110253918262 ], [ -75.57518237333494, 9.977316884832353 ], [ -75.577402904323279, 9.991240863380806 ], [ -75.587950426517892, 9.999363184200739 ], [ -75.574072107840777, 10.008452447975424 ], [ -75.57148148835438, 10.019862374841518 ], [ -75.571851576852424, 10.030111970161908 ], [ -75.573702019342718, 10.039007845345642 ], [ -75.570741311358262, 10.047323554756526 ], [ -75.573702019342718, 10.055445875576456 ], [ -75.570371222860203, 10.067435968215404 ], [ -75.572591753848542, 10.084454164219069 ], [ -75.5742571520898, 10.086581438719529 ], [ -75.576477683078139, 10.100892194449884 ], [ -75.580733700805794, 10.111528566952176 ], [ -75.581288833552875, 10.125645934091581 ], [ -75.577402904323279, 10.127579820001088 ], [ -75.570741311358262, 10.12313188240922 ], [ -75.564634851140326, 10.12313188240922 ], [ -75.55760316967725, 10.132994700547709 ], [ -75.557418125428228, 10.139569912640034 ], [ -75.547980868727791, 10.145951736141409 ], [ -75.547055647482637, 10.150206285142326 ], [ -75.542429541256936, 10.156588108643701 ], [ -75.532992284556499, 10.16161621200842 ], [ -75.536878213786082, 10.166837703964092 ], [ -75.544835116494298, 10.164323652281732 ], [ -75.542429541256936, 10.172445973101663 ], [ -75.545760337739438, 10.176313744920678 ], [ -75.543724851000135, 10.182308791240152 ], [ -75.538728656276376, 10.18675672883202 ], [ -75.538728656276376, 10.175733579147826 ], [ -75.523925116354107, 10.17437985901117 ], [ -75.522074673863827, 10.182888957013004 ], [ -75.52188962961479, 10.19217160937864 ], [ -75.526330691591482, 10.20493525638139 ], [ -75.525220426097306, 10.221179898021253 ], [ -75.529846532323006, 10.226208001385972 ], [ -75.540209010268597, 10.226208001385972 ], [ -75.544835116494298, 10.221760063794106 ], [ -75.546870603233614, 10.229302218841184 ], [ -75.538728656276376, 10.230462550386889 ], [ -75.527070868587586, 10.23819809402492 ], [ -75.537433346533177, 10.242839420207737 ], [ -75.543539806751099, 10.243806363162491 ], [ -75.548536001474872, 10.239358425570623 ], [ -75.55852839092239, 10.227561721522628 ], [ -75.567595559124783, 10.227368332931677 ], [ -75.577587948572301, 10.223500561112662 ], [ -75.585914939778576, 10.216731960429385 ], [ -75.587950426517892, 10.213250965792271 ], [ -75.605159541677523, 10.198553432880015 ], [ -75.620148125848814, 10.197006324152408 ], [ -75.623663966580352, 10.191011277832935 ], [ -75.631620869288568, 10.183469122785857 ], [ -75.640688037490946, 10.182308791240152 ], [ -75.639392727747747, 10.176313744920678 ], [ -75.649015028697221, 10.164517040872681 ], [ -75.652345825179736, 10.156007942870849 ], [ -75.669925028837412, 10.137055860957675 ], [ -75.681212728028143, 10.138409581094331 ], [ -75.684543524510644, 10.131447591820104 ], [ -75.692130338720816, 10.1306740374563 ], [ -75.700457329927076, 10.135121975048168 ], [ -75.703973170658628, 10.141890575731443 ], [ -75.697126533444575, 10.146531901914262 ], [ -75.691205117475675, 10.143244295868099 ], [ -75.690094851981499, 10.15097983950613 ], [ -75.683433259016482, 10.159682326098913 ], [ -75.678437064292723, 10.157555051598456 ], [ -75.659377506642812, 10.161036046235569 ], [ -75.661042904884056, 10.166837703964092 ], [ -75.654936444666134, 10.172059195919761 ], [ -75.654381311919039, 10.177860853648284 ], [ -75.650125294191398, 10.177087299284482 ], [ -75.639022639249703, 10.189270780514379 ], [ -75.632361046284672, 10.191204666423886 ], [ -75.631065736541473, 10.195652604015754 ], [ -75.619592993101719, 10.209383193973258 ], [ -75.616262196619218, 10.21518485170178 ], [ -75.60812024966198, 10.22311378393076 ], [ -75.604789453179464, 10.231429493341643 ], [ -75.604789453179464, 10.237037762479215 ], [ -75.596832550471248, 10.232396436296396 ], [ -75.588505559264973, 10.230462550386889 ], [ -75.587580338019833, 10.234523710796855 ], [ -75.595722284977086, 10.238971648388722 ], [ -75.606269807171685, 10.240325368525378 ], [ -75.613116444385739, 10.245740249071998 ], [ -75.618482727607557, 10.246320414844851 ], [ -75.622368656837153, 10.251735295391471 ], [ -75.616262196619218, 10.258117118892846 ], [ -75.599238125708609, 10.2590840618476 ], [ -75.594797063731932, 10.264112165212319 ], [ -75.594056886735828, 10.275328703487464 ], [ -75.596277417724167, 10.280163418261234 ], [ -75.590911134502349, 10.294087396809687 ], [ -75.586470072525671, 10.298535334401555 ], [ -75.578698214066478, 10.300469220311061 ], [ -75.578513169817455, 10.286351853171658 ], [ -75.581288833552875, 10.285771687398805 ], [ -75.580733700805794, 10.277455977987922 ], [ -75.570371222860203, 10.269333657167991 ], [ -75.562044231653928, 10.269913822940843 ], [ -75.557418125428228, 10.274941926305562 ], [ -75.546315470486533, 10.279776641079332 ], [ -75.544650072245275, 10.276489035033169 ], [ -75.534842727046779, 10.276875812215071 ], [ -75.532067063311345, 10.281130361215986 ], [ -75.533732461552603, 10.288092350490214 ], [ -75.524850337599247, 10.294667562582539 ], [ -75.516153257894914, 10.297955168628702 ], [ -75.505420691451278, 10.299502277356307 ], [ -75.50375529321002, 10.308978318312896 ], [ -75.508381399435734, 10.315746918996171 ], [ -75.510046797676992, 10.320968410951842 ], [ -75.509861753427955, 10.335085778091246 ], [ -75.511712195918236, 10.337986606955509 ], [ -75.508011310937675, 10.344948596229735 ], [ -75.511712195918236, 10.356745300277732 ], [ -75.509306620680874, 10.36912217009858 ], [ -75.511342107420191, 10.380145319782772 ], [ -75.518558833132289, 10.385753588920345 ], [ -75.524295204852166, 10.381499039919428 ], [ -75.529846532323006, 10.385173423147492 ], [ -75.532622196058441, 10.39232880101267 ], [ -75.528551222579807, 10.396196572831684 ], [ -75.523740072105085, 10.404318893651617 ], [ -75.537063258035118, 10.404899059424469 ], [ -75.539653877521516, 10.410507328562041 ], [ -75.546315470486533, 10.411280882925844 ], [ -75.552606974953491, 10.402578396333059 ], [ -75.552421930704469, 10.397163515786438 ], [ -75.561489098906847, 10.393102355376472 ], [ -75.564634851140326, 10.397937070150242 ], [ -75.556862992681147, 10.403158562105911 ], [ -75.552421930704469, 10.408960219834434 ], [ -75.551311665210292, 10.415342043335809 ], [ -75.554272373194749, 10.425204861474297 ], [ -75.549646266969035, 10.429846187657116 ], [ -75.527070868587586, 10.442029668887013 ], [ -75.509491664929897, 10.457694144754024 ], [ -75.5009796294746, 10.467556962892512 ], [ -75.492282549770266, 10.48206110721382 ], [ -75.491542372774163, 10.488829707897096 ], [ -75.493947948011524, 10.493664422670864 ], [ -75.502645027715857, 10.501206577717944 ], [ -75.502089894968776, 10.509909064310728 ], [ -75.497278744494039, 10.520158659631118 ], [ -75.492837682517361, 10.533695860997671 ], [ -75.493762903762502, 10.546459508000421 ], [ -75.496538567497922, 10.549940502637535 ], [ -75.512452372914353, 10.556709103320811 ], [ -75.515228036649773, 10.559609932185072 ], [ -75.512452372914353, 10.572373579187822 ], [ -75.50283007196488, 10.576241351006836 ], [ -75.48340042581691, 10.578175236916344 ], [ -75.476183700104812, 10.580109122825851 ], [ -75.460454938937403, 10.587844666463882 ], [ -75.456013876960725, 10.592099215464799 ], [ -75.45656900970782, 10.606796748377056 ], [ -75.454903611466563, 10.616466177924593 ], [ -75.452312991980165, 10.619367006788854 ], [ -75.452127947731142, 10.628843047745441 ], [ -75.442875735279728, 10.632324042382555 ], [ -75.438804761801094, 10.635611648428718 ], [ -75.430662814843856, 10.637738922929175 ], [ -75.420115292649243, 10.643153803475798 ], [ -75.413823788182285, 10.653403398796186 ], [ -75.409012637707548, 10.652436455841434 ], [ -75.399020248260015, 10.660365388070414 ], [ -75.396244584524595, 10.666553822980838 ], [ -75.395504407528477, 10.681831521665949 ], [ -75.36423192944271, 10.687053013621618 ], [ -75.353499362999059, 10.690340619667781 ], [ -75.329258566376367, 10.691887728395386 ], [ -75.319636265426894, 10.693434837122993 ], [ -75.300761752026006, 10.699236494851515 ], [ -75.282072282874154, 10.708519147217151 ], [ -75.27430042441496, 10.715094359309477 ], [ -75.275410689909137, 10.726310897584622 ], [ -75.273745291667879, 10.729791892221735 ], [ -75.267268742951885, 10.735206772768356 ], [ -75.26967431818926, 10.746616699634449 ], [ -75.268008919948002, 10.750097694271563 ], [ -75.268379008446061, 10.758800180864348 ], [ -75.271339716430504, 10.770210107730442 ], [ -75.2705995394344, 10.777558874186571 ], [ -75.263567857971324, 10.788775412461714 ], [ -75.260607149986868, 10.801539059464464 ], [ -75.251539981784489, 10.798251453418301 ], [ -75.237291574609301, 10.79535062455404 ], [ -75.224893609924408, 10.795157235963089 ], [ -75.220082459449685, 10.797091121872597 ], [ -75.216196530220088, 10.802312613828267 ], [ -75.217121751465228, 10.806180385647282 ], [ -75.207869539013814, 10.818750644059081 ], [ -75.197877149566281, 10.817590312513376 ], [ -75.190475379605147, 10.820684529968588 ], [ -75.179927857410547, 10.830160570925175 ], [ -75.165679450235359, 10.828420073606619 ], [ -75.154576795293664, 10.831901068243733 ], [ -75.149950689067964, 10.83615561724465 ], [ -75.146804936834485, 10.846211823974087 ], [ -75.141253609363631, 10.853560590430217 ], [ -75.132926618157356, 10.854527533384971 ], [ -75.129040688927759, 10.8618762998411 ], [ -75.124044494204, 10.8618762998411 ], [ -75.115902547246762, 10.864777128705361 ], [ -75.10461484805603, 10.865744071660114 ], [ -75.100358830328389, 10.872125895161489 ], [ -75.089811308133775, 10.87463994684385 ], [ -75.084074936413899, 10.879668050208569 ], [ -75.081299272678464, 10.886823428073747 ], [ -75.070751750483865, 10.886049873709943 ], [ -75.061314493783414, 10.888950702574204 ], [ -75.058168741549935, 10.892431697211318 ], [ -75.052987502577139, 10.893205251575122 ], [ -75.044660511370864, 10.897653189166988 ], [ -75.042439980382539, 10.917958991216818 ], [ -75.028191573207351, 10.935750741584288 ], [ -75.026526174966108, 10.947547445632283 ], [ -75.030227059946668, 10.95160860604225 ], [ -75.039294228149046, 10.946193725495627 ], [ -75.041514759137385, 10.9518019946332 ], [ -75.039109183900024, 10.954896212088412 ], [ -75.028746705954433, 10.958957372498377 ], [ -75.021159891744276, 10.96456564163595 ], [ -75.00765166156522, 10.979649951730108 ], [ -75.000064847355063, 10.983517723549124 ], [ -74.988407059666272, 10.983130946367222 ], [ -74.97656422772846, 10.985064832276729 ], [ -74.975453962234297, 10.978296231593452 ], [ -74.963796174545521, 10.985064832276729 ], [ -74.95620936033535, 10.992606987323809 ], [ -74.952693519603812, 10.998795422234233 ], [ -74.953248652350908, 11.007304520236065 ], [ -74.946587059385891, 11.010205349100326 ], [ -74.942886174405317, 11.019101224284062 ], [ -74.935114315946137, 11.019681390056915 ], [ -74.922346262763185, 11.027997099467797 ], [ -74.920125731774846, 11.032638425650616 ], [ -74.922901395510266, 11.039600414924841 ], [ -74.921791130016089, 11.045402072653365 ], [ -74.911798740568571, 11.045402072653365 ], [ -74.897365289144361, 11.043274798152906 ], [ -74.888483165191005, 11.044821906880513 ], [ -74.872939448272632, 11.050043398836182 ], [ -74.850919182638265, 11.058745885428966 ], [ -74.845922987914506, 11.063773988793686 ], [ -74.854620067618839, 11.105352535848098 ], [ -74.847588386155763, 11.107866587530458 ], [ -74.838706262202408, 11.098970712346723 ], [ -74.831304492241273, 11.09819715798292 ], [ -74.819276616054424, 11.091235168708693 ], [ -74.805398297377309, 11.085046733798269 ], [ -74.800772191151609, 11.08543351098017 ], [ -74.783933164490037, 11.081178961979253 ], [ -74.763208208598869, 11.074023584114077 ], [ -74.754326084645498, 11.068995480749356 ], [ -74.73175068626405, 11.060099605565622 ], [ -74.723978827804871, 11.055458279382803 ], [ -74.715096703851515, 11.053524393473296 ], [ -74.705474402902041, 11.047722735744774 ], [ -74.697887588691884, 11.045788849835265 ], [ -74.684379358512814, 11.039600414924841 ], [ -74.667725376100279, 11.033411980014417 ], [ -74.643669623726595, 11.02606321355829 ], [ -74.609806526154415, 11.013106177964589 ], [ -74.582605021547266, 11.004597079962755 ], [ -74.566321127632776, 11.00072930814374 ], [ -74.554848384193022, 10.996281370551873 ], [ -74.500260330729688, 10.983517723549124 ], [ -74.482125994324917, 10.98003672891201 ], [ -74.456774932208035, 10.977135900047749 ], [ -74.424947321375171, 10.97520201413824 ], [ -74.39145431230105, 10.97520201413824 ], [ -74.372579798900176, 10.974621848365389 ], [ -74.355370683740546, 10.976168957092995 ], [ -74.34648855978719, 10.976168957092995 ], [ -74.304113426759713, 10.984678055094827 ], [ -74.311330152471811, 10.978296231593452 ], [ -74.315771214448489, 10.978683008775354 ], [ -74.325208471148926, 10.975782179911093 ], [ -74.334275639351318, 10.9773292886387 ], [ -74.35296510850317, 10.970947465137325 ], [ -74.361292099709445, 10.96727308190926 ], [ -74.376835816627818, 10.966886304727359 ], [ -74.386458117577291, 10.971527630910177 ], [ -74.39145431230105, 10.966499527545457 ], [ -74.413474577935418, 10.962631755726441 ], [ -74.417545551414037, 10.963792087272147 ], [ -74.427722985110591, 10.96185820136264 ], [ -74.441231215289662, 10.968240024864015 ], [ -74.453814224223578, 10.966886304727359 ], [ -74.45825528620027, 10.963211921499294 ], [ -74.46658227740653, 10.963405310090245 ], [ -74.476759711103085, 10.968240024864015 ], [ -74.484346525313256, 10.966499527545457 ], [ -74.491563251025354, 10.967079693318309 ], [ -74.492673516519517, 10.961278035589787 ], [ -74.498779976737453, 10.956443320816017 ], [ -74.49674448999815, 10.942906119449464 ], [ -74.498779976737453, 10.938651570448549 ], [ -74.50729201219275, 10.932849912720027 ], [ -74.514508737904862, 10.925114369081996 ], [ -74.515433959150002, 10.915444939534458 ], [ -74.513213428161663, 10.896492857621285 ], [ -74.510067675928184, 10.893011862984171 ], [ -74.490452985531178, 10.876187055571455 ], [ -74.482681127071999, 10.867677957569622 ], [ -74.480645640332682, 10.861296134068247 ], [ -74.48231103857394, 10.840410166245565 ], [ -74.48046059608366, 10.839056446108911 ], [ -74.479350330589483, 10.825132467560456 ], [ -74.476574666854063, 10.820684529968588 ], [ -74.467877587149729, 10.813722540694362 ], [ -74.46103094993569, 10.799025007782104 ], [ -74.460660861437631, 10.77465804532231 ], [ -74.462141215429853, 10.757446460727692 ], [ -74.46103094993569, 10.750871248635367 ], [ -74.457145020706093, 10.741588596269731 ], [ -74.456774932208035, 10.72592412040272 ], [ -74.44659749851148, 10.726310897584622 ], [ -74.431238825842129, 10.728824949266981 ], [ -74.429943516098945, 10.724763788857015 ], [ -74.42161652489267, 10.730952223767439 ], [ -74.414029710682513, 10.730952223767439 ], [ -74.400706524752465, 10.7334662754498 ], [ -74.386458117577291, 10.738687767405469 ], [ -74.375170418386574, 10.745069590906844 ], [ -74.374800329888515, 10.758220015091496 ], [ -74.36961909091572, 10.762861341274313 ], [ -74.372579798900176, 10.765182004365723 ], [ -74.371284489156977, 10.770983662094245 ], [ -74.360922011211386, 10.774077879549457 ], [ -74.363512630697784, 10.785874583597453 ], [ -74.357406170479848, 10.795930790326892 ], [ -74.35296510850317, 10.800185339327809 ], [ -74.355370683740546, 10.807920882965838 ], [ -74.343527851802733, 10.815463038012918 ], [ -74.340752188067313, 10.812368820557706 ], [ -74.33298032960812, 10.819524198422885 ], [ -74.328169179133383, 10.828226685015668 ], [ -74.330389710121722, 10.839056446108911 ], [ -74.333535462355201, 10.847565544110743 ], [ -74.333165373857156, 10.859362248158739 ], [ -74.329649533125618, 10.865937460251065 ], [ -74.324283249903786, 10.869225066297227 ], [ -74.325948648145044, 10.881601936118075 ], [ -74.322062718915447, 10.888950702574204 ], [ -74.30799935598931, 10.896492857621285 ], [ -74.309294665732494, 10.904808567032166 ], [ -74.308184400238332, 10.91099700194259 ], [ -74.297636878043718, 10.917572214034916 ], [ -74.290975285078702, 10.93401024426573 ], [ -74.290975285078702, 10.94406645099517 ], [ -74.294676170059262, 10.956443320816017 ], [ -74.28949493108648, 10.95702348658887 ], [ -74.283943603615626, 10.96456564163595 ], [ -74.283758559366603, 10.975782179911093 ], [ -74.276541833654491, 10.982357392003419 ], [ -74.27783714339769, 10.988159049731941 ], [ -74.272100771677813, 10.991833432960005 ], [ -74.270620417685592, 10.997635090688528 ], [ -74.28949493108648, 10.988932604095744 ], [ -74.286534223102024, 10.99550781618807 ], [ -74.277652099148668, 10.998795422234233 ], [ -74.276541833654491, 11.00092269673469 ], [ -74.262848559226398, 11.00827146319082 ], [ -74.245084311319687, 11.023549161875929 ], [ -74.243418913078429, 11.027610322285895 ], [ -74.243974045825524, 11.036506197469629 ], [ -74.240088116595928, 11.038246694788187 ], [ -74.229355550152292, 11.049269844472379 ], [ -74.227320063412975, 11.054878113609952 ], [ -74.220473426198936, 11.06242026865703 ], [ -74.214552010230022, 11.072089698204568 ], [ -74.218252895210583, 11.081565739161155 ], [ -74.218252895210583, 11.088140951253481 ], [ -74.224914488175614, 11.105932701620951 ], [ -74.231576081140631, 11.112314525122326 ], [ -74.231576081140631, 11.125078172125075 ], [ -74.226579886416857, 11.140742647992086 ], [ -74.227135019163953, 11.153119517812934 ], [ -74.230465815646454, 11.160661672860014 ], [ -74.231576081140631, 11.167623662134242 ], [ -74.240088116595928, 11.180387309136991 ], [ -74.234536789125073, 11.185995578274563 ], [ -74.229540594401314, 11.1956650078221 ], [ -74.228430328907137, 11.205914603142491 ], [ -74.23287139088383, 11.209008820597703 ], [ -74.234536789125073, 11.216164198462879 ], [ -74.23934793959981, 11.220998913236649 ], [ -74.232131213887712, 11.227960902510876 ], [ -74.226579886416857, 11.228154291101827 ], [ -74.218252895210583, 11.237436943467463 ], [ -74.215477231475163, 11.24207826965028 ], [ -74.215477231475163, 11.252714642152572 ], [ -74.212701567739742, 11.25716257974444 ], [ -74.208815638510146, 11.256582413971588 ], [ -74.201043780050952, 11.259096465653947 ], [ -74.19900829331165, 11.261997294518208 ], [ -74.191791567599552, 11.265671677746273 ], [ -74.198823249062627, 11.270313003929092 ], [ -74.206039974774725, 11.270699781110991 ], [ -74.206780151770829, 11.274954330111909 ], [ -74.198823249062627, 11.279595656294727 ], [ -74.195122364082053, 11.290425417387969 ], [ -74.191236434852456, 11.291585748933674 ], [ -74.193456965840795, 11.304542784527374 ], [ -74.187905638369955, 11.303189064390718 ], [ -74.177358116175341, 11.304349395936423 ], [ -74.174027319692826, 11.307443613391635 ], [ -74.166810593980728, 11.304542784527374 ], [ -74.169401213467125, 11.300094846935506 ], [ -74.166255461233646, 11.295066743570787 ], [ -74.161814399256968, 11.299514681162655 ], [ -74.154597673544856, 11.296227075116493 ], [ -74.14756599208178, 11.298741126798852 ], [ -74.149786523070134, 11.304929561709276 ], [ -74.154042540797775, 11.307637001982586 ], [ -74.154782717793893, 11.31382543689301 ], [ -74.160149001015711, 11.319820483212483 ], [ -74.160149001015711, 11.325235363759106 ], [ -74.150711744315274, 11.327169249668612 ], [ -74.151266877062355, 11.331230410078579 ], [ -74.145900593840537, 11.333744461760938 ], [ -74.139609089373579, 11.333551073169987 ], [ -74.135168027396887, 11.325428752350055 ], [ -74.135723160143982, 11.317113042939173 ], [ -74.127396168937707, 11.31866015166678 ], [ -74.128136345933825, 11.328716358396218 ], [ -74.12480554945131, 11.334904793306643 ], [ -74.117403779490175, 11.33181057585143 ], [ -74.114258027256696, 11.322914700667695 ], [ -74.110187053778077, 11.322914700667695 ], [ -74.104820770556259, 11.319240317439631 ], [ -74.104080593560141, 11.325622140941006 ], [ -74.107411390042657, 11.329103135578119 ], [ -74.1090767882839, 11.33683867921615 ], [ -74.111852452019335, 11.338385787943755 ], [ -74.110927230774195, 11.345154388627032 ], [ -74.10537590330334, 11.347861828900342 ], [ -74.104265637809164, 11.340319673853264 ], [ -74.095753602353867, 11.338192399352806 ], [ -74.099639531583463, 11.322334534894843 ], [ -74.094088204112609, 11.31904692884868 ], [ -74.089647142135931, 11.321560980531041 ], [ -74.085391124408289, 11.320207260394385 ], [ -74.082615460672855, 11.315372545620617 ], [ -74.077989354447155, 11.317886597302977 ], [ -74.077434221700074, 11.328522969805269 ], [ -74.080209885435494, 11.333551073169987 ], [ -74.075213690711735, 11.342446948353722 ], [ -74.06873714199574, 11.342640336944672 ], [ -74.061890504781701, 11.337999010761855 ], [ -74.062630681777804, 11.331230410078579 ], [ -74.056524221559869, 11.328522969805269 ], [ -74.049862628594852, 11.333551073169987 ], [ -74.053193425077367, 11.338772565125657 ], [ -74.052083159583191, 11.346508108763688 ], [ -74.046161743614292, 11.3496023262189 ], [ -74.041535637388591, 11.348828771855096 ], [ -74.038759973653157, 11.340899839626116 ], [ -74.032653513435221, 11.341866782580869 ], [ -74.030988115193978, 11.346701497354639 ], [ -74.022846168236725, 11.346314720172737 ], [ -74.019885460252283, 11.343800668490378 ], [ -73.99175873439998, 11.341286616808018 ], [ -73.988798026415523, 11.337612233579954 ], [ -73.979360769715086, 11.340319673853264 ], [ -73.973809442244232, 11.338192399352806 ], [ -73.974919707738408, 11.333744461760938 ], [ -73.967147849279215, 11.331230410078579 ], [ -73.961041389061279, 11.325041975168155 ], [ -73.955490061590439, 11.322914700667695 ], [ -73.948458380127363, 11.314018825483961 ], [ -73.933469795956071, 11.311504773801602 ], [ -73.928658645481335, 11.308990722119242 ], [ -73.91755599053964, 11.30628328184593 ], [ -73.909043955084343, 11.301835344254064 ], [ -73.897941300142648, 11.300481624117408 ], [ -73.891464751426653, 11.297000629480294 ], [ -73.874070592018001, 11.282109707977087 ], [ -73.862042715831151, 11.277661770385219 ], [ -73.857046521107392, 11.273987387157154 ], [ -73.846869087410838, 11.272827055611451 ], [ -73.825959087270647, 11.264511346200567 ], [ -73.816336786321173, 11.263931180427717 ], [ -73.804678998632397, 11.2596766314268 ], [ -73.786729706476649, 11.255615471016833 ], [ -73.778217671021352, 11.256002248198735 ], [ -73.772666343550497, 11.259096465653947 ], [ -73.771741122305357, 11.263544403245815 ], [ -73.758788024873382, 11.265671677746273 ], [ -73.732326697262337, 11.257549356926342 ], [ -73.714562449355626, 11.254068362289228 ], [ -73.709011121884771, 11.254068362289228 ], [ -73.701609351923636, 11.260643574381554 ], [ -73.6967982014489, 11.261223740154405 ], [ -73.680329263285387, 11.256002248198735 ], [ -73.666450944608272, 11.252908030743523 ], [ -73.65923421889616, 11.252714642152572 ], [ -73.649056785199605, 11.255615471016833 ], [ -73.642950324981683, 11.255422082425882 ], [ -73.628516873557473, 11.258516299881094 ], [ -73.612418023892019, 11.259096465653947 ], [ -73.604831209681848, 11.261997294518208 ], [ -73.595393952981411, 11.261803905927257 ], [ -73.592433244996954, 11.263737791836766 ], [ -73.577999793572758, 11.2596766314268 ], [ -73.57355873159608, 11.260063408608701 ], [ -73.53784519153362, 11.251747699197818 ], [ -73.531738731315684, 11.251554310606867 ], [ -73.524892094101631, 11.25484191665303 ], [ -73.51563988165023, 11.253488196516376 ], [ -73.507127846194919, 11.259096465653947 ], [ -73.489548642537244, 11.25987002001775 ], [ -73.488253332794045, 11.26238407170011 ], [ -73.481036607081933, 11.263931180427717 ], [ -73.463272359175221, 11.260063408608701 ], [ -73.441807226287949, 11.257355968335391 ], [ -73.434590500575837, 11.257355968335391 ], [ -73.42422802263026, 11.259289854244898 ], [ -73.417381385416206, 11.262964237472962 ], [ -73.406833863221593, 11.261803905927257 ], [ -73.376486606380965, 11.261803905927257 ], [ -73.359092446972298, 11.26238407170011 ], [ -73.342993597306844, 11.26509151197342 ], [ -73.336332004341827, 11.270119615338141 ], [ -73.326709703392353, 11.271279946883844 ], [ -73.301173597026448, 11.276501438839516 ], [ -73.278783242894036, 11.284623759659446 ], [ -73.264904924216907, 11.293132857661281 ], [ -73.264349791469826, 11.29564690934364 ], [ -73.252321915282991, 11.302995675799767 ], [ -73.251026605539792, 11.308990722119242 ], [ -73.219384038955951, 11.326008918122907 ], [ -73.217718640714693, 11.329876689941923 ], [ -73.208281384014256, 11.334518016124742 ], [ -73.195883419329363, 11.344574222854181 ], [ -73.190702180356567, 11.355210595356471 ], [ -73.189591914862405, 11.365460190676862 ], [ -73.179229436916813, 11.373195734314892 ], [ -73.165166073990662, 11.380931277952921 ], [ -73.157394215531482, 11.387313101454296 ], [ -73.150917666815488, 11.394855256501376 ], [ -73.14925226857423, 11.400463525638948 ], [ -73.143515896854353, 11.408005680686028 ], [ -73.117424657741367, 11.413227172641697 ], [ -73.115759259500123, 11.408005680686028 ], [ -73.117609701990403, 11.401430468593702 ], [ -73.111503241772468, 11.398723028320392 ], [ -73.109097666535106, 11.402010634366555 ], [ -73.103546339064252, 11.399883359866095 ], [ -73.101880940822994, 11.391180873273312 ], [ -73.093183861118661, 11.38286516386243 ], [ -73.082266250426002, 11.388666821590952 ], [ -73.085226958410459, 11.396595753819932 ], [ -73.092443684122557, 11.406845349140323 ], [ -73.09040819738324, 11.411873452505043 ], [ -73.085597046908504, 11.414387504187403 ], [ -73.084671825663364, 11.422123047825432 ], [ -73.081896161927943, 11.425604042462545 ], [ -73.086337223904621, 11.432952808918674 ], [ -73.074864480464868, 11.443975958602868 ], [ -73.07319908222361, 11.44707017605808 ], [ -73.058395542301355, 11.461767708970337 ], [ -73.0528442148305, 11.469890029790269 ], [ -73.038780851904363, 11.482653676793019 ], [ -73.03285943593545, 11.489228888885345 ], [ -73.027123064215573, 11.49348343788626 ], [ -73.007693418067603, 11.504119810388552 ], [ -72.987893683421575, 11.512628908390385 ], [ -72.964948196542068, 11.520751229210317 ], [ -72.948109169880496, 11.533128099031165 ], [ -72.939042001678118, 11.53680248225923 ], [ -72.937931736183941, 11.539123145350638 ], [ -72.929234656479622, 11.542023974214899 ], [ -72.920167488277229, 11.547825631943422 ], [ -72.888154833195344, 11.55981572458237 ], [ -72.878162443747811, 11.566004159492794 ], [ -72.874831647265296, 11.572579371585119 ], [ -72.867429877304176, 11.569871931311807 ], [ -72.855957133864422, 11.571612428630365 ], [ -72.850775894891626, 11.578187640722691 ], [ -72.847075009911066, 11.575673589040331 ], [ -72.845779700167867, 11.587083515906425 ], [ -72.847445098409111, 11.592885173634947 ], [ -72.859843063094019, 11.592111619271146 ], [ -72.859843063094019, 11.597139722635864 ], [ -72.845224567420786, 11.609903369638614 ], [ -72.835417222222276, 11.62672817705133 ], [ -72.824869700027662, 11.636010829416966 ], [ -72.813396956587908, 11.640652155599783 ], [ -72.804514832634553, 11.646840590510209 ], [ -72.80155412465011, 11.650901750920173 ], [ -72.796002797179256, 11.653415802602533 ], [ -72.787305717474922, 11.66037779187676 ], [ -72.781014213007964, 11.668113335514791 ], [ -72.770651735062387, 11.677395987880427 ], [ -72.761214478361936, 11.681457148290393 ], [ -72.753442619902756, 11.683197645608949 ], [ -72.749001557926078, 11.686291863064161 ], [ -72.729386867529072, 11.694027406702192 ], [ -72.723835540058232, 11.699055510066911 ], [ -72.712177752369442, 11.701762950340221 ], [ -72.697559256696209, 11.702343116113074 ], [ -72.684236070766175, 11.705630722159237 ], [ -72.675724035310878, 11.710078659751105 ], [ -72.667026955606545, 11.712592711433464 ], [ -72.657404654657086, 11.718200980571035 ], [ -72.646301999715376, 11.716460483252479 ], [ -72.638160052758138, 11.716847260434381 ], [ -72.624281734081023, 11.720134866480544 ], [ -72.619100495108228, 11.722842306753854 ], [ -72.609848282656813, 11.734252233619948 ], [ -72.600596070205398, 11.739086948393718 ], [ -72.598190494968037, 11.743534885985584 ], [ -72.589863503761762, 11.746242326258896 ], [ -72.583386955045768, 11.746435714849847 ], [ -72.575059963839493, 11.743148108803684 ], [ -72.568213326625454, 11.743148108803684 ], [ -72.558220937177921, 11.746242326258896 ], [ -72.553409786703185, 11.750496875259811 ], [ -72.548228547730389, 11.751270429623615 ], [ -72.543972530002748, 11.75765225312499 ], [ -72.537866069784812, 11.761713413534956 ], [ -72.532684830812016, 11.768288625627282 ], [ -72.521767220119358, 11.771769620264394 ], [ -72.511774830671825, 11.776604335038165 ], [ -72.506778635948066, 11.773703506173902 ], [ -72.517881290889761, 11.769642345763936 ], [ -72.528243768835338, 11.76790184844538 ], [ -72.536755804290635, 11.760746470580202 ], [ -72.538791291029952, 11.753784481305974 ], [ -72.545452883994969, 11.751463818214566 ], [ -72.546748193738168, 11.746822492031747 ], [ -72.538791291029952, 11.741794388667028 ], [ -72.532684830812016, 11.739860502757521 ], [ -72.527133503341176, 11.743534885985584 ], [ -72.509924388181545, 11.748369600759354 ], [ -72.495675981006372, 11.754558035669778 ], [ -72.485683591558839, 11.755718367215483 ], [ -72.481797662329242, 11.758425807488793 ], [ -72.471990317130746, 11.760746470580202 ], [ -72.469214653395326, 11.764034076626364 ], [ -72.460702617940015, 11.767708459854429 ], [ -72.458667131200713, 11.761520024944005 ], [ -72.453115803729858, 11.764034076626364 ], [ -72.450340139994438, 11.769642345763936 ], [ -72.450710228492497, 11.777571277992916 ], [ -72.444233679776502, 11.77853822094767 ], [ -72.439607573550802, 11.784920044449045 ], [ -72.432020759340631, 11.785693598812848 ], [ -72.427949785862012, 11.78820765049521 ], [ -72.414811644181015, 11.790141536404715 ], [ -72.405189343231541, 11.796329971315142 ], [ -72.395196953784009, 11.804065514953169 ], [ -72.382428900601056, 11.816442384774017 ], [ -72.365404829690462, 11.822630819684441 ], [ -72.357077838484187, 11.827078757276311 ], [ -72.343754652554153, 11.831526694868177 ], [ -72.338943502079417, 11.8373283525967 ], [ -72.327100670141604, 11.841196124415717 ], [ -72.323214740912007, 11.846030839189485 ], [ -72.309336422234892, 11.852606051281811 ], [ -72.297678634546102, 11.855120102964168 ], [ -72.281209696382589, 11.869624247285476 ], [ -72.271587395433116, 11.876586236559703 ], [ -72.247161554561387, 11.889543272153404 ], [ -72.249937218296807, 11.87813334528731 ], [ -72.244941023573048, 11.877166402332556 ], [ -72.237169165113869, 11.885095334561537 ], [ -72.232172970390096, 11.886062277516292 ], [ -72.225696421674115, 11.891477158062912 ], [ -72.229027218156617, 11.897278815791434 ], [ -72.233468280133295, 11.892057323835765 ], [ -72.239389696102194, 11.891283769471961 ], [ -72.240129873098311, 11.896505261427631 ], [ -72.235133678374552, 11.904047416474711 ], [ -72.227176775666337, 11.911009405748938 ], [ -72.220700226950342, 11.922999498387885 ], [ -72.217369430467841, 11.925706938661193 ], [ -72.212003147246008, 11.936536699754438 ], [ -72.212003147246008, 11.939630917209648 ], [ -72.207006952522249, 11.94988051253004 ], [ -72.201825713549454, 11.97115325753462 ], [ -72.195904297580554, 11.982949961582619 ], [ -72.182396067401498, 12.000161546177235 ], [ -72.179805447915101, 12.013118581770936 ], [ -72.174069076195224, 12.028009503274145 ], [ -72.168702792973406, 12.034584715366467 ], [ -72.167407483230207, 12.040192984504042 ], [ -72.16352155400061, 12.043287201959252 ], [ -72.160190757518095, 12.055083906007248 ], [ -72.156859961035593, 12.06011200937197 ], [ -72.148532969829319, 12.078483925512291 ], [ -72.144091907852641, 12.08660624633222 ], [ -72.139835890124985, 12.097436007425465 ], [ -72.138170491883727, 12.107298825563952 ], [ -72.141501288366243, 12.117355032293393 ], [ -72.140761111370125, 12.139401331661777 ], [ -72.143166686607501, 12.149264149800267 ], [ -72.141501288366243, 12.158546802165901 ], [ -72.142981642358464, 12.162994739757771 ], [ -72.143721819354582, 12.17653194112432 ], [ -72.145942350342921, 12.179045992806682 ], [ -72.147052615837097, 12.195677411628445 ], [ -72.152418899058915, 12.204573286812181 ], [ -72.157415093782674, 12.205733618357886 ], [ -72.169628014218546, 12.205346841175984 ], [ -72.174624208942305, 12.203993121039328 ], [ -72.180730669160241, 12.208827835813096 ], [ -72.176474651432585, 12.217336933814931 ], [ -72.167962615977288, 12.219270819724439 ], [ -72.165186952241868, 12.225459254634863 ], [ -72.158155270778792, 12.228746860681024 ], [ -72.156859961035593, 12.231454300954336 ], [ -72.143721819354582, 12.233968352636694 ], [ -72.144091907852641, 12.238996456001416 ], [ -72.140205978623044, 12.240350176138069 ], [ -72.12873323518329, 12.23744934727381 ], [ -72.123737040459531, 12.237836124455711 ], [ -72.113004474015895, 12.235128684182399 ], [ -72.090984208381528, 12.232034466727189 ], [ -72.07488535871606, 12.233001409681943 ], [ -72.066003234762704, 12.235902238546203 ], [ -72.053420225828788, 12.237062570091908 ], [ -72.032140137190538, 12.24286422782043 ], [ -72.014931022030908, 12.241510507683774 ], [ -71.99568642013196, 12.247698942594198 ], [ -71.990690225408201, 12.247698942594198 ], [ -71.98032774746261, 12.253693988913671 ], [ -71.970890490762173, 12.256594817777934 ], [ -71.965339163291318, 12.255434486232229 ], [ -71.956457039337963, 12.248472496958001 ], [ -71.95812243757922, 12.240736953319971 ], [ -71.961823322559781, 12.238222901637613 ], [ -71.963673765050075, 12.227586529135319 ], [ -71.970890490762173, 12.218690653951587 ], [ -71.980697835960669, 12.216563379451127 ], [ -71.988469694419862, 12.209021224404047 ], [ -71.987729517423745, 12.198384851901757 ], [ -71.996796685626123, 12.193936914309891 ], [ -71.99476119888682, 12.186588147853762 ], [ -71.990690225408201, 12.183493930398548 ], [ -71.982918366949008, 12.183107153216646 ], [ -71.982548278450949, 12.178465827033829 ], [ -71.978662349221366, 12.172664169305307 ], [ -71.98032774746261, 12.165508791440129 ], [ -71.985694030684428, 12.153518698801182 ], [ -71.985694030684428, 12.149070761209316 ], [ -71.979032437719411, 12.15003770416407 ], [ -71.97570164123691, 12.155065807528789 ], [ -71.968114827026753, 12.151198035709772 ], [ -71.970150313766055, 12.163188128348718 ], [ -71.965894296038414, 12.163768294121571 ], [ -71.964228897797156, 12.168409620304391 ], [ -71.965709251789377, 12.175951775351468 ], [ -71.960342968567559, 12.179239381397633 ], [ -71.959232703073383, 12.166862511576785 ], [ -71.963488720801038, 12.150617869936919 ], [ -71.9553467738438, 12.151778201482625 ], [ -71.953681375602542, 12.154872418937838 ], [ -71.947019782637526, 12.15293853302833 ], [ -71.934806862201654, 12.156032750483543 ], [ -71.929625623228873, 12.151198035709772 ], [ -71.928515357734696, 12.157966636393049 ], [ -71.924629428505099, 12.163381516939669 ], [ -71.919263145283281, 12.165508791440129 ], [ -71.9187080125362, 12.172857557896258 ], [ -71.920743499275517, 12.179626158579534 ], [ -71.908160490341587, 12.177112106897173 ], [ -71.904089516862967, 12.183107153216646 ], [ -71.894652260162516, 12.182913764625695 ], [ -71.892431729174177, 12.189875753899923 ], [ -71.90242411862171, 12.188135256581369 ], [ -71.912046419571183, 12.182140210261895 ], [ -71.92240889751676, 12.180786490125239 ], [ -71.922593941765797, 12.183687318989499 ], [ -71.912046419571183, 12.182913764625695 ], [ -71.908715623088668, 12.188135256581369 ], [ -71.901313853127533, 12.190455919672775 ], [ -71.900388631882393, 12.19374352571894 ], [ -71.885955180458197, 12.195097245855596 ], [ -71.883179516722777, 12.19142286262753 ], [ -71.877073056504841, 12.193550137127989 ], [ -71.868190932551471, 12.192389805582284 ], [ -71.864119959072852, 12.196064188810347 ], [ -71.867450755555367, 12.20650717272169 ], [ -71.85986394134521, 12.207860892858346 ], [ -71.861344295337432, 12.214629493541619 ], [ -71.868005888302449, 12.220624539861095 ], [ -71.872076861781068, 12.227393140544372 ], [ -71.877998277749981, 12.231841078136238 ], [ -71.879663675991225, 12.235902238546203 ], [ -71.872076861781068, 12.242284062047577 ], [ -71.870966596286905, 12.252146880186068 ], [ -71.863379782076748, 12.250986548640363 ], [ -71.867450755555367, 12.246345222457546 ], [ -71.866525534310227, 12.242670839229479 ], [ -71.854312613874356, 12.238416290228564 ], [ -71.853202348380194, 12.241897284865676 ], [ -71.846540755415162, 12.243444393593283 ], [ -71.838213764208902, 12.247698942594198 ], [ -71.834882967726386, 12.245958445275644 ], [ -71.830626949998731, 12.251179937231313 ], [ -71.833402613734165, 12.254660931868425 ], [ -71.826000843773031, 12.257174983550787 ], [ -71.827111109267207, 12.262976641279309 ], [ -71.823965357033728, 12.267037801689273 ], [ -71.826555976520112, 12.271292350690192 ], [ -71.836733410216667, 12.268391521825929 ], [ -71.843209958932661, 12.269938630553536 ], [ -71.858383587352975, 12.268971687598782 ], [ -71.866525534310227, 12.264910527188817 ], [ -71.875407658263583, 12.27071218491734 ], [ -71.879108543244143, 12.278447728555371 ], [ -71.887435534450418, 12.280768391646777 ], [ -71.889656065438757, 12.285216329238647 ], [ -71.898168100894054, 12.287923769511956 ], [ -71.909085711586727, 12.279608060101072 ], [ -71.929070490481777, 12.273999790963501 ], [ -71.931291021470116, 12.275933676873009 ], [ -71.941283410917649, 12.275160122509206 ], [ -71.948500136629747, 12.264910527188817 ], [ -71.952015977361285, 12.266457635916421 ], [ -71.955901906590881, 12.273226236599697 ], [ -71.950165534871005, 12.277287397009665 ], [ -71.941283410917649, 12.280961780237728 ], [ -71.934066685205551, 12.289857655421464 ], [ -71.931846154217212, 12.294498981604281 ], [ -71.926294826746357, 12.298946919196148 ], [ -71.914822083306603, 12.304941965515621 ], [ -71.905754915104211, 12.312677509153652 ], [ -71.899833499135312, 12.31461139506316 ], [ -71.897057835399892, 12.321186607155486 ], [ -71.889285976940698, 12.325634544747352 ], [ -71.880403852987342, 12.336270917249646 ], [ -71.875222614014547, 12.339365134704856 ], [ -71.871891817532045, 12.344586626660526 ], [ -71.858753675851034, 12.357930439436128 ], [ -71.846725799664199, 12.35077506157095 ], [ -71.842284737687521, 12.350388284389048 ], [ -71.836548365967644, 12.357543662254226 ], [ -71.826185888022053, 12.362571765618945 ], [ -71.82322518003761, 12.372434583757435 ], [ -71.809531905609518, 12.371467640802681 ], [ -71.806756241874098, 12.366052760256061 ], [ -71.813417834839115, 12.362378377027998 ], [ -71.813787923337159, 12.359090770981833 ], [ -71.83099703849679, 12.349227952843346 ], [ -71.832292348239989, 12.345166792433378 ], [ -71.838768896955983, 12.34245935216007 ], [ -71.836178277469585, 12.333563476976334 ], [ -71.829516684504569, 12.320219664200732 ], [ -71.823780312784692, 12.313451063517455 ], [ -71.814528100333277, 12.30706924001608 ], [ -71.810087038356599, 12.305715519879424 ], [ -71.81064217110368, 12.300880805105656 ], [ -71.820634560551213, 12.298946919196148 ], [ -71.833772702232224, 12.303201468197067 ], [ -71.840989427944322, 12.309003125925589 ], [ -71.833772702232224, 12.317125446745521 ], [ -71.847095888162258, 12.334530419931088 ], [ -71.849501463399619, 12.328148596429713 ], [ -71.856163056364636, 12.322346938701191 ], [ -71.863379782076748, 12.328148596429713 ], [ -71.869301198045648, 12.327568430656861 ], [ -71.866155445812169, 12.319639498427879 ], [ -71.873742260022325, 12.318479166882174 ], [ -71.874667481267466, 12.312677509153652 ], [ -71.869856330792729, 12.307649405788933 ], [ -71.863194737827712, 12.308229571561785 ], [ -71.86578535731411, 12.297399810468544 ], [ -71.861344295337432, 12.297013033286643 ], [ -71.855422879368533, 12.302814691015165 ], [ -71.849501463399619, 12.306295685652277 ], [ -71.843950135928779, 12.299527084969 ], [ -71.84450526867586, 12.293532038649527 ], [ -71.847651020909339, 12.288503935284808 ], [ -71.84728093241128, 12.28366922051104 ], [ -71.837658631461807, 12.284636163465795 ], [ -71.833217569485129, 12.289084101057661 ], [ -71.818969162309955, 12.284249386283893 ], [ -71.81064217110368, 12.27902789432822 ], [ -71.810087038356599, 12.284249386283893 ], [ -71.80509084363284, 12.287536992330054 ], [ -71.796578808177543, 12.287536992330054 ], [ -71.795098454185307, 12.295079147377134 ], [ -71.78658641873001, 12.293532038649527 ], [ -71.779924825764994, 12.296046090331888 ], [ -71.779554737266935, 12.300107250741853 ], [ -71.770117480566498, 12.300107250741853 ], [ -71.766046507087864, 12.302814691015165 ], [ -71.751242967165609, 12.302814691015165 ], [ -71.750502790169492, 12.308809737334638 ], [ -71.755128896395206, 12.313837840699357 ], [ -71.754388719399088, 12.32215355011024 ], [ -71.744951462698651, 12.329308927975418 ], [ -71.743471108706416, 12.337431248795347 ], [ -71.74994765742241, 12.335497362885842 ], [ -71.75679429463645, 12.329502316566369 ], [ -71.764566153095643, 12.327955207838762 ], [ -71.77122774606066, 12.319639498427879 ], [ -71.781220135508192, 12.318285778291223 ], [ -71.785476153235834, 12.315965115199816 ], [ -71.787881728473209, 12.310163457471294 ], [ -71.796023675430447, 12.309003125925589 ], [ -71.800094648909067, 12.317899001109321 ], [ -71.794543321438226, 12.325634544747352 ], [ -71.786771462979033, 12.331049425293973 ], [ -71.781775268255274, 12.329502316566369 ], [ -71.767896949578159, 12.329115539384468 ], [ -71.758459692877707, 12.331242813884923 ], [ -71.745876683943791, 12.341879186387217 ], [ -71.738474913982657, 12.353675890435213 ], [ -71.737179604239458, 12.360057713936587 ], [ -71.731258188270559, 12.370500697847927 ], [ -71.717935002340511, 12.367406480392717 ], [ -71.713123851865788, 12.362958542800847 ], [ -71.706462258900771, 12.361024656891342 ], [ -71.701836152675057, 12.357350273663275 ], [ -71.689068099492104, 12.36063787970944 ], [ -71.679815887040689, 12.36895358912032 ], [ -71.674079515320813, 12.372627972348386 ], [ -71.670933763087334, 12.380170127395466 ], [ -71.666307656861633, 12.382104013304971 ], [ -71.670378630340252, 12.389066002579199 ], [ -71.662051639133978, 12.396608157626279 ], [ -71.656315267414101, 12.398928820717689 ], [ -71.647988276207826, 12.408791638856176 ], [ -71.640401461997669, 12.407631307310471 ], [ -71.640401461997669, 12.401442872400047 ], [ -71.634850134526829, 12.402603203945752 ], [ -71.629113762806952, 12.406857752946671 ], [ -71.630409072550151, 12.415366850948502 ], [ -71.647433143460745, 12.413819742220898 ], [ -71.649283585951025, 12.410725524765684 ], [ -71.656870400161182, 12.411499079129488 ], [ -71.658720842651462, 12.405117255628113 ], [ -71.667047833857737, 12.405117255628113 ], [ -71.670933763087334, 12.402023038172899 ], [ -71.677410311803328, 12.405117255628113 ], [ -71.656870400161182, 12.422135451631778 ], [ -71.6576105771573, 12.429097440906006 ], [ -71.649653674449084, 12.431031326815514 ], [ -71.648728453203944, 12.434512321452626 ], [ -71.6576105771573, 12.43547926440738 ], [ -71.665197391367457, 12.432578435543121 ], [ -71.667047833857737, 12.4279371093603 ], [ -71.675929957811093, 12.428517275133153 ], [ -71.684071904768345, 12.423102394586532 ], [ -71.690733497733362, 12.422135451631778 ], [ -71.698135267694497, 12.416720571085158 ], [ -71.702391285422138, 12.420975120086073 ], [ -71.687587745499883, 12.434318932861675 ], [ -71.681481285281947, 12.434899098634528 ], [ -71.678705621546527, 12.441280922135903 ], [ -71.685367214511544, 12.44514869395492 ], [ -71.69239889597462, 12.438186704680692 ], [ -71.701466064176998, 12.436252818771184 ], [ -71.705722081904653, 12.43006438386076 ], [ -71.705351993406595, 12.423682560359385 ], [ -71.709237922636191, 12.420975120086073 ], [ -71.706462258900771, 12.416527182494207 ], [ -71.71423411735995, 12.410145358992832 ], [ -71.719045267834687, 12.414206519402796 ], [ -71.732553498013758, 12.408211473083323 ], [ -71.735884294496259, 12.414013130811846 ], [ -71.72903765728222, 12.42484289190509 ], [ -71.730147922776382, 12.427356943587448 ], [ -71.724596595305542, 12.432578435543121 ], [ -71.704611816410477, 12.441280922135903 ], [ -71.689068099492104, 12.446889191273474 ], [ -71.685182170262507, 12.451530517456295 ], [ -71.672414117079569, 12.455978455048161 ], [ -71.668713232098995, 12.458492506730522 ], [ -71.662421727632037, 12.45810572954862 ], [ -71.642621992986008, 12.452304071820098 ], [ -71.639661285001552, 12.448823077182983 ], [ -71.633739869032652, 12.447082579864425 ], [ -71.624857745079296, 12.440120590590197 ], [ -71.616530753873022, 12.440507367772099 ], [ -71.610979426402167, 12.437026373134987 ], [ -71.590994647507117, 12.438573481862594 ], [ -71.582852700549878, 12.43547926440738 ], [ -71.574895797841663, 12.436446207362135 ], [ -71.570454735864985, 12.44070075636305 ], [ -71.557316594183973, 12.435092487225479 ], [ -71.551210133966038, 12.438573481862594 ], [ -71.542698098510741, 12.440507367772099 ], [ -71.531780487818068, 12.435092487225479 ], [ -71.52456376210597, 12.436059430180233 ], [ -71.518827390386093, 12.433932155679774 ], [ -71.508464912440502, 12.4279371093603 ], [ -71.496251992004645, 12.424649503314139 ], [ -71.488110045047392, 12.420975120086073 ], [ -71.477377478603756, 12.417880902630863 ], [ -71.46757013340526, 12.408791638856176 ], [ -71.461278628938302, 12.408211473083323 ], [ -71.456467478463566, 12.40434370126431 ], [ -71.451471283739806, 12.393513940171069 ], [ -71.446845177514092, 12.390613111306806 ], [ -71.442034027039355, 12.38403789921448 ], [ -71.435742522572397, 12.380363515986417 ], [ -71.4318565933428, 12.381330458941171 ], [ -71.42815570836224, 12.385971785123989 ], [ -71.417978274665685, 12.383264344850677 ], [ -71.415387655179288, 12.38094368175927 ], [ -71.402064469249254, 12.38403789921448 ], [ -71.398548628517716, 12.380363515986417 ], [ -71.384485265591564, 12.378429630076909 ], [ -71.372272345155693, 12.374948635439797 ], [ -71.366721017684853, 12.37127425221173 ], [ -71.35672862823732, 12.367599868983667 ], [ -71.351732433513561, 12.36818003475652 ], [ -71.348771725529105, 12.364312262937503 ], [ -71.324530928906398, 12.348261009888592 ], [ -71.3173142031943, 12.34787423270669 ], [ -71.310467565980247, 12.354642833389967 ], [ -71.305471371256488, 12.354836221980918 ], [ -71.297884557046331, 12.352128781707606 ], [ -71.286781902104636, 12.343813072296722 ], [ -71.2806754418867, 12.34245935216007 ], [ -71.259025264750392, 12.326214710520205 ], [ -71.25661968951303, 12.319059332655026 ], [ -71.249217919551896, 12.317899001109321 ], [ -71.240705884096599, 12.311323789016996 ], [ -71.234229335380604, 12.302621302424214 ], [ -71.227937830913646, 12.300494027923754 ], [ -71.223496768936968, 12.293532038649527 ], [ -71.225717299925307, 12.289084101057661 ], [ -71.223681813185991, 12.277867562782518 ], [ -71.225347211427248, 12.274386568145403 ], [ -71.221276237948629, 12.266844413098323 ], [ -71.219610839707371, 12.259882423824095 ], [ -71.215169777730694, 12.255047709050327 ], [ -71.208508184765677, 12.242284062047577 ], [ -71.199255972314262, 12.228940249271975 ], [ -71.191854202353127, 12.212888996223064 ], [ -71.175755352687673, 12.187361702217565 ], [ -71.167428361481399, 12.177112106897173 ], [ -71.165762963240141, 12.170343506213896 ], [ -71.159286414524146, 12.156806304847343 ], [ -71.15355004280427, 12.146556709526955 ], [ -71.148183759582452, 12.140368274616531 ], [ -71.133380219660197, 12.117161643702442 ], [ -71.124498095706841, 12.104591385290643 ], [ -71.115430927504448, 12.08660624633222 ], [ -71.116541192998625, 12.082931863104157 ], [ -71.116541192998625, 12.06533350132764 ], [ -71.113210396516109, 12.049282248278725 ], [ -71.115986060251529, 12.042126870413547 ], [ -71.116541192998625, 12.03439132677552 ], [ -71.125978449699062, 12.021047513999918 ], [ -71.126903670944202, 12.016792964998999 ], [ -71.135230662150477, 12.00654336967861 ], [ -71.135230662150477, 12.003835929405298 ], [ -71.142447387862575, 11.998807826040579 ], [ -71.152439777310107, 11.998807826040579 ], [ -71.155400485294564, 11.995520219994418 ], [ -71.164097564998883, 11.992619391130155 ], [ -71.167428361481399, 11.986817733401633 ], [ -71.174089954446416, 11.988751619311142 ], [ -71.179826326166292, 11.979855744127406 ], [ -71.189818715613825, 11.980629298491209 ], [ -71.20092137055552, 11.974247474989834 ], [ -71.204807299785102, 11.969606148807017 ], [ -71.22183137069571, 11.961870605168986 ], [ -71.229788273403926, 11.951234232666692 ], [ -71.236264822119921, 11.951814398439545 ], [ -71.242556326586879, 11.943692077619616 ], [ -71.248107654057719, 11.941178025937255 ], [ -71.26624199046249, 11.921452389660278 ], [ -71.266982167458607, 11.91449040038605 ], [ -71.273273671925566, 11.912169737294644 ], [ -71.278454910898361, 11.907335022520872 ], [ -71.284006238369216, 11.906561468157069 ], [ -71.288262256096857, 11.909849074203233 ], [ -71.289002433092975, 11.915070566158903 ], [ -71.295478981808969, 11.918164783614117 ], [ -71.301585442026891, 11.917584617841264 ], [ -71.302325619023009, 11.921452389660278 ], [ -71.310652610229283, 11.928414378934505 ], [ -71.314908627956925, 11.926480493024997 ], [ -71.311577831474423, 11.917971395023166 ], [ -71.316203937700124, 11.917391229250313 ], [ -71.327121548392796, 11.921065612478376 ], [ -71.327306592641833, 11.914297011795099 ], [ -71.332857920112673, 11.906561468157069 ], [ -71.328416858135995, 11.900759810428546 ], [ -71.321570220921956, 11.902887084929006 ], [ -71.315093672205961, 11.902113530565202 ], [ -71.313243229715681, 11.906174690975167 ], [ -71.305471371256488, 11.909268908430381 ], [ -71.301585442026891, 11.915457343340805 ], [ -71.294923849061874, 11.916811063477461 ], [ -71.291037919832291, 11.912363125885591 ], [ -71.295108893310911, 11.910235851385135 ], [ -71.300475176532728, 11.902113530565202 ], [ -71.30380597301523, 11.88567550033439 ], [ -71.312318008470541, 11.879100288242064 ], [ -71.316574026198182, 11.871171356013082 ], [ -71.317129158945278, 11.863242423784101 ], [ -71.323235619163199, 11.857440766055579 ], [ -71.323790751910295, 11.8373283525967 ], [ -71.328971990883076, 11.842936621734271 ], [ -71.324901017404457, 11.846030839189485 ], [ -71.331007477622393, 11.851445719736105 ], [ -71.34044473432283, 11.853766382827516 ], [ -71.353397831754819, 11.847384559326141 ], [ -71.378378805373629, 11.837521741187651 ], [ -71.383375000097402, 11.833460580777686 ], [ -71.38874128331922, 11.824371317002999 ], [ -71.386335708081845, 11.814121721682611 ], [ -71.434077124331139, 11.799037411588451 ], [ -71.464239336922759, 11.78820765049521 ], [ -71.495696859257563, 11.778344832356719 ], [ -71.499767832736183, 11.778731609538621 ], [ -71.512905974417194, 11.774283671946755 ], [ -71.561572611911629, 11.761713413534956 ], [ -71.610609337904123, 11.747209269213648 ], [ -71.645582700970465, 11.735219176574702 ], [ -71.691658718978502, 11.720521643662446 ], [ -71.721080754574004, 11.710078659751105 ], [ -71.753278453904926, 11.701376173158321 ], [ -71.777519250527618, 11.694414183884094 ], [ -71.870596507788846, 11.671981107333806 ], [ -71.893727038917376, 11.666953003969086 ], [ -71.916672525796884, 11.66250506637722 ], [ -71.942578720660848, 11.654769522739189 ], [ -71.966079340287436, 11.650128196556372 ], [ -72.010675004303252, 11.568904988357055 ], [ -72.026958898217742, 11.537962813804933 ], [ -72.04897916385211, 11.498704929841931 ], [ -72.069334031245219, 11.460027211651781 ], [ -72.084322615416511, 11.433919751873429 ], [ -72.110413854529497, 11.383638718226232 ], [ -72.113559606762976, 11.38054450077102 ], [ -72.14039102287208, 11.330843632896677 ], [ -72.149273146825436, 11.315372545620617 ], [ -72.154639430047254, 11.304156007345473 ], [ -72.174809253191327, 11.267992340837681 ], [ -72.189797837362619, 11.239177440786019 ], [ -72.219219872958121, 11.186962521229317 ], [ -72.226806687168278, 11.171491433953255 ], [ -72.237539253611914, 11.152345963449131 ], [ -72.244015802327908, 11.146350917129658 ], [ -72.25807916525406, 11.141129425173988 ], [ -72.272512616678256, 11.14209636812874 ], [ -72.282134917627729, 11.146544305720608 ], [ -72.291572174328181, 11.147124471493461 ], [ -72.302119696522794, 11.149831911766771 ], [ -72.32062412142561, 11.145770751356805 ], [ -72.326915625892582, 11.150025300357722 ], [ -72.331911820616341, 11.156793901040999 ], [ -72.341719165814837, 11.157567455404802 ], [ -72.35134146676431, 11.153312906403885 ], [ -72.363554387200168, 11.143836865447298 ], [ -72.378728015620496, 11.139582316446381 ], [ -72.402043590998062, 11.136101321809267 ], [ -72.417032175169339, 11.12875255535314 ], [ -72.433501113332866, 11.116762462714192 ], [ -72.437201998313427, 11.130686441262647 ], [ -72.458667131200713, 11.116182296941341 ], [ -72.46717916665601, 11.111347582167571 ], [ -72.485868635807861, 11.094522774754855 ], [ -72.489384476539399, 11.088914505617284 ], [ -72.48161261808022, 11.07518391565978 ], [ -72.477356600352564, 11.063000434429883 ], [ -72.476801467605483, 11.057392165292312 ], [ -72.484573326064663, 11.05449133642805 ], [ -72.500857219979153, 11.038053306197236 ], [ -72.505298281955831, 11.026836767922092 ], [ -72.514180405909187, 11.017940892738357 ], [ -72.521397131621299, 10.999955753779938 ], [ -72.535275450298414, 10.986031775231483 ], [ -72.54138191051635, 10.975782179911093 ], [ -72.549153768975543, 10.957797040952673 ], [ -72.562106866407518, 10.934977187220484 ], [ -72.57617022933367, 10.919312711353474 ], [ -72.599300760462199, 10.903841624077414 ], [ -72.607257663170415, 10.892625085802269 ], [ -72.612068813645152, 10.889337479756106 ], [ -72.632978813785343, 10.890304422710861 ], [ -72.64241607048578, 10.883149044845682 ], [ -72.646857132462472, 10.875413501207651 ], [ -72.65037297319401, 10.864196962932509 ], [ -72.658144831653189, 10.851046538747857 ], [ -72.660920495388609, 10.83886305751796 ], [ -72.667397044104604, 10.829193627970422 ], [ -72.668692353847803, 10.820684529968588 ], [ -72.676649256556018, 10.800765505100662 ], [ -72.677759522050195, 10.784327474869848 ], [ -72.680535185785615, 10.77465804532231 ], [ -72.683865982268117, 10.769629941957589 ], [ -72.697744300945246, 10.761314232546708 ], [ -72.707181557645683, 10.752611745953924 ], [ -72.713658106361677, 10.730178669403637 ], [ -72.713288017863619, 10.714707582127575 ], [ -72.711807663871383, 10.708712535808102 ], [ -72.714583327606817, 10.703491043852432 ], [ -72.725130849801431, 10.696529054578205 ], [ -72.730312088774212, 10.688793510940174 ], [ -72.734938194999927, 10.673129035073163 ], [ -72.735308283497986, 10.667520765935592 ], [ -72.744560495949401, 10.655337284705695 ], [ -72.749371646424123, 10.643927357839599 ], [ -72.756773416385258, 10.635224871246816 ], [ -72.76769102707793, 10.627876104790687 ], [ -72.777128283778367, 10.623041390016919 ], [ -72.783974920992421, 10.61569262356079 ], [ -72.788415982969099, 10.601575256421386 ], [ -72.793412177692858, 10.593646324192404 ], [ -72.799703682159816, 10.587071112100078 ], [ -72.818393151311682, 10.576434739597786 ], [ -72.823574390284477, 10.571213247642117 ], [ -72.827090231016001, 10.561157040912677 ], [ -72.837822797459651, 10.542591736181405 ], [ -72.835232177973253, 10.530021477769607 ], [ -72.837452708961592, 10.516677664994004 ], [ -72.840228372697013, 10.511262784447384 ], [ -72.842448903685352, 10.49482475421657 ], [ -72.846334832914948, 10.488636319306146 ], [ -72.86317385957652, 10.469684237392972 ], [ -72.869650408292514, 10.465429688392055 ], [ -72.88537916945991, 10.460788362209236 ], [ -72.889635187187565, 10.456147036026419 ], [ -72.893151027919103, 10.437775119886096 ], [ -72.893521116417162, 10.414955266153909 ], [ -72.891855718175904, 10.40779988828873 ], [ -72.884268903965747, 10.396003184240733 ], [ -72.886674479203108, 10.382852760056084 ], [ -72.895556603156464, 10.371249444599037 ], [ -72.899997665133142, 10.361193237869598 ], [ -72.90351350586468, 10.33856677272836 ], [ -72.897222001397722, 10.316327084769023 ], [ -72.898332266891899, 10.300662608902012 ], [ -72.904253682860798, 10.275715480669366 ], [ -72.904253682860798, 10.264885719576123 ], [ -72.902218196121481, 10.252122072573373 ], [ -72.904438727109834, 10.233943545024003 ], [ -72.89888739963898, 10.21286418861037 ], [ -72.907584479343313, 10.207449308063749 ], [ -72.908879789086512, 10.194105495288147 ], [ -72.909434921833594, 10.175153413374973 ], [ -72.91609651479861, 10.158715383144159 ], [ -72.918502090035972, 10.141697187140494 ], [ -72.914061028059294, 10.108627738087915 ], [ -72.920722621024311, 10.099151697131328 ], [ -72.927199169740305, 10.08677482731048 ], [ -72.947554037133415, 10.063374807805438 ], [ -72.953660497351351, 10.046743388983673 ], [ -72.950699789366894, 10.030885524525711 ], [ -72.952365187608152, 10.023730146660533 ], [ -72.959026780573168, 10.006325173474966 ], [ -72.960877223063449, 9.998009464064083 ], [ -72.971054656760003, 9.988533423107496 ], [ -72.977531205475998, 9.975963164695697 ], [ -72.979196603717256, 9.960878854601539 ], [ -72.987153506425472, 9.943087104234069 ], [ -72.989559081662833, 9.928582959912763 ], [ -72.989559081662833, 9.917559810228569 ], [ -72.986413329429354, 9.909050712226737 ], [ -72.985488108184214, 9.899768059861101 ], [ -72.98049191346044, 9.892806070586873 ], [ -72.990484302907973, 9.882943252448385 ], [ -72.983637665693934, 9.875981263174157 ], [ -72.978826515219197, 9.875014320219403 ], [ -72.966058462036244, 9.865731667853767 ], [ -72.956991293833852, 9.857609347033836 ], [ -72.950329700868835, 9.85354818662387 ], [ -72.946998904386334, 9.847166363122495 ], [ -72.947739081382437, 9.840204373848268 ], [ -72.963282798300824, 9.818351463070833 ], [ -72.985858196682273, 9.798432438202905 ], [ -72.995110409133687, 9.78412168247255 ], [ -73.006213064075382, 9.744283632736694 ], [ -73.019351205756379, 9.73016626559729 ], [ -73.037300497912128, 9.699804256818021 ], [ -73.049883506846058, 9.684719946723863 ], [ -73.055989967063979, 9.670022413811605 ], [ -73.058765630799414, 9.651650497671284 ], [ -73.061171206036775, 9.644301731215155 ], [ -73.070793506986249, 9.630377752666702 ], [ -73.073754214970705, 9.62244882043772 ], [ -73.073754214970705, 9.605430624434053 ], [ -73.080230763686686, 9.565979351880101 ], [ -73.091888551375476, 9.561724802879183 ], [ -73.107432268293849, 9.560564471333478 ], [ -73.118719967484566, 9.562691745833938 ], [ -73.134263684402953, 9.556309922332563 ], [ -73.145736427842706, 9.545286772648369 ], [ -73.156098905788284, 9.528461965235653 ], [ -73.172567843951796, 9.508349551776774 ], [ -73.173308020947914, 9.491911521545962 ], [ -73.176638817430415, 9.485723086635538 ], [ -73.188111560870169, 9.477213988633704 ], [ -73.188481649368228, 9.46580406176761 ], [ -73.192922711344906, 9.443177596626372 ], [ -73.196068463578385, 9.438342881852602 ], [ -73.208466428263279, 9.434475110033587 ], [ -73.227896074411248, 9.42229162880369 ], [ -73.247695809057277, 9.401212272390058 ], [ -73.25731811000675, 9.380132915976425 ], [ -73.264719879967885, 9.370656875019838 ], [ -73.272676782676101, 9.353251901834271 ], [ -73.27674775615472, 9.337587425967261 ], [ -73.288775632341554, 9.31167335477986 ], [ -73.304504393508964, 9.279570848682035 ], [ -73.31338651746232, 9.263712984224073 ], [ -73.315977136948717, 9.251916280176076 ], [ -73.326524659143331, 9.230836923762444 ], [ -73.33337129635737, 9.228129483489134 ], [ -73.35465138499562, 9.231803866717197 ], [ -73.362793331952872, 9.230256757989592 ], [ -73.366679261182469, 9.227549317716282 ], [ -73.37093527891011, 9.215559225077335 ], [ -73.378892181618326, 9.187517879389475 ], [ -73.387034128575579, 9.168759186067252 ], [ -73.386478995828483, 9.157929424974009 ], [ -73.386108907330424, 9.151160824290734 ], [ -73.379817402863466, 9.145939332335063 ], [ -73.377411827626105, 9.141878171925097 ], [ -73.387959349820719, 9.138397177287985 ], [ -73.392585456046419, 9.133949239696117 ], [ -73.401097491501716, 9.133949239696117 ], [ -73.417751473914265, 9.130468245059003 ], [ -73.42700368636568, 9.124859975921431 ], [ -73.427558819112761, 9.111516163145829 ], [ -73.426448553618599, 9.100493013461636 ], [ -73.426448553618599, 9.086182257731281 ], [ -73.428669084606938, 9.065876455681451 ], [ -73.432740058085557, 9.046150819404474 ], [ -73.437366164311257, 9.030099566355561 ], [ -73.437921297058352, 9.005345826713866 ], [ -73.44143713778989, 8.992002013938263 ], [ -73.44606324401559, 8.98097886425407 ], [ -73.451614571486445, 8.963767279659454 ], [ -73.452354748482549, 8.93998048297251 ], [ -73.450504305992268, 8.926249893015008 ], [ -73.447173509509767, 8.88853911777961 ], [ -73.444767934272392, 8.871907698957845 ], [ -73.443657668778229, 8.848120902270903 ], [ -73.437366164311257, 8.835357255268153 ], [ -73.437366164311257, 8.821626665310649 ], [ -73.436070854568072, 8.786236553166662 ], [ -73.443657668778229, 8.756841487342147 ], [ -73.453279969727689, 8.740790234293234 ], [ -73.466603155657737, 8.730927416154746 ], [ -73.471784394630518, 8.725705924199076 ], [ -73.476965633603314, 8.716036494651538 ], [ -73.476965633603314, 8.709654671150163 ], [ -73.471784394630518, 8.704433179194492 ], [ -73.468823686646076, 8.698051355693117 ], [ -73.470674129136356, 8.689348869100334 ], [ -73.481591739829014, 8.684900931508468 ], [ -73.488438377043067, 8.685481097281318 ], [ -73.504537226708521, 8.676391833506633 ], [ -73.516750147144393, 8.660727357639622 ], [ -73.529333156078309, 8.654345534138248 ], [ -73.540250766770981, 8.651638093864937 ], [ -73.547282448234057, 8.642935607272154 ], [ -73.551908554459771, 8.629785183087503 ], [ -73.550613244716573, 8.611800044129081 ], [ -73.547837580981138, 8.598456231353479 ], [ -73.550058111969477, 8.585112418577879 ], [ -73.555239350942273, 8.562099176254739 ], [ -73.555794483689354, 8.552816523889103 ], [ -73.559310324420892, 8.540826431250155 ], [ -73.556349616436449, 8.526322286928849 ], [ -73.551168377463654, 8.512978474153247 ], [ -73.550613244716573, 8.502535490241906 ], [ -73.528778023331228, 8.494413169421975 ], [ -73.526372448093866, 8.478748693554964 ], [ -73.52248651886427, 8.470626372735031 ], [ -73.510828731175494, 8.468499098234574 ], [ -73.496395279751283, 8.479909025100667 ], [ -73.488808465541126, 8.471786704280737 ], [ -73.494729881510025, 8.460763554596543 ], [ -73.496395279751283, 8.450320570685202 ], [ -73.496395279751283, 8.440651141137666 ], [ -73.493434571766826, 8.430788322999177 ], [ -73.494729881510025, 8.417444510223575 ], [ -73.501021385976998, 8.402553588720366 ], [ -73.510828731175494, 8.388629610171913 ], [ -73.514159527657995, 8.379927123579128 ], [ -73.52341174010941, 8.370837859804443 ], [ -73.521191209121071, 8.360975041665954 ], [ -73.511938996669656, 8.352852720846023 ], [ -73.493434571766826, 8.338928742297568 ], [ -73.491769173525569, 8.328485758386227 ], [ -73.487143067299868, 8.315722111383478 ], [ -73.480111385836793, 8.307019624790694 ], [ -73.473264748622753, 8.302958464380728 ], [ -73.465862978661619, 8.304698961699286 ], [ -73.458831297198543, 8.311660950973513 ], [ -73.456610766210204, 8.318042774474888 ], [ -73.453094925478666, 8.321330380521051 ], [ -73.426633597867621, 8.341442793979928 ], [ -73.423672889883164, 8.351305612118416 ], [ -73.423672889883164, 8.358267601392644 ], [ -73.419786960653582, 8.370451082622541 ], [ -73.42422802263026, 8.386502335671453 ], [ -73.433665279330697, 8.396945319582795 ], [ -73.436996075813212, 8.403907308857022 ], [ -73.438661474054456, 8.417251121632624 ], [ -73.433110146583616, 8.426727162589211 ], [ -73.416826252669125, 8.425760219634457 ], [ -73.403688110988114, 8.42169905922449 ], [ -73.387959349820719, 8.415317235723116 ], [ -73.375931473633869, 8.416477567268821 ], [ -73.369639969166911, 8.414156904177412 ], [ -73.366124128435374, 8.398492428310401 ], [ -73.360942889462592, 8.371224636986344 ], [ -73.366124128435374, 8.367356865167329 ], [ -73.366124128435374, 8.356333715483137 ], [ -73.36908483641983, 8.342989902707535 ], [ -73.374636163890671, 8.324617986567214 ], [ -73.376486606380965, 8.315335334201576 ], [ -73.380927668357643, 8.302184910016926 ], [ -73.380927668357643, 8.288841097241324 ], [ -73.391475190552256, 8.277237781784278 ], [ -73.395916252528934, 8.26756835223674 ], [ -73.406463774723534, 8.248422881732616 ], [ -73.406463774723534, 8.234498903184162 ], [ -73.405168464980335, 8.222315421954264 ], [ -73.414975810178845, 8.212065826633875 ], [ -73.425338288124422, 8.198722013858273 ], [ -73.431074659844299, 8.178029434626541 ], [ -73.435145633322918, 8.15965751848622 ], [ -73.427188730614702, 8.145733539937765 ], [ -73.427188730614702, 8.135870721799277 ], [ -73.432740058085557, 8.122526909023675 ], [ -73.412015102194388, 8.107442598929516 ], [ -73.404983420731313, 8.09815994656388 ], [ -73.412570234941469, 8.087330185470638 ], [ -73.417196341167184, 8.086169853924934 ], [ -73.417196341167184, 8.066444217647957 ], [ -73.414975810178845, 8.052133461917601 ], [ -73.414235633182727, 8.042270643779112 ], [ -73.411459969447307, 8.035308654504886 ], [ -73.379632358614444, 8.025445836366398 ], [ -73.354836429244656, 8.015389629636958 ], [ -73.327264836139435, 7.998564822224242 ], [ -73.318567756435115, 7.980579683265823 ], [ -73.307095012995362, 7.959113549670288 ], [ -73.305244570505067, 7.952344948987012 ], [ -73.303579172263824, 7.936680473120001 ], [ -73.309315543983701, 7.917148225433975 ], [ -73.31616218119774, 7.900903583794111 ], [ -73.32781996888653, 7.893941594519886 ], [ -73.343918818551984, 7.890653988473723 ], [ -73.365754039937315, 7.884852330745199 ], [ -73.375006252388729, 7.875182901197661 ], [ -73.373340854147472, 7.845787835373146 ], [ -73.370380146163029, 7.806916728592046 ], [ -73.36815961517469, 7.794346470180246 ], [ -73.382963155096945, 7.776941496994679 ], [ -73.396286341026979, 7.759729912400061 ], [ -73.411274925198271, 7.742518327805445 ], [ -73.419231827906486, 7.737296835849774 ], [ -73.42330280138512, 7.726273686165582 ], [ -73.429039173104997, 7.721632359982763 ], [ -73.430889615595277, 7.714863759299487 ], [ -73.430889615595277, 7.703840609615295 ], [ -73.433665279330697, 7.694557957249659 ], [ -73.459016341447565, 7.68720919079353 ], [ -73.488438377043067, 7.683921584747367 ], [ -73.508053067440059, 7.684501750520219 ], [ -73.539140501276819, 7.691657128385396 ], [ -73.573188643098021, 7.705000941160998 ], [ -73.601500413199346, 7.719698474073256 ], [ -73.623335634584677, 7.718538142527551 ], [ -73.644615723222927, 7.71563731366329 ], [ -73.652757670180179, 7.708868712980014 ], [ -73.778587759519411, 7.722019137164665 ], [ -73.778587759519411, 7.747546431170164 ], [ -73.769890679815077, 7.760696855354816 ], [ -73.760638467363663, 7.770559673493304 ], [ -73.763414131099083, 7.78254976613225 ], [ -73.769335547067996, 7.794733247362148 ], [ -73.764709440842282, 7.80807706013775 ], [ -73.755457228390867, 7.819680375594796 ], [ -73.736952803488037, 7.840372954826526 ], [ -73.732326697262337, 7.855844042102586 ], [ -73.730661299021079, 7.865126694468222 ], [ -73.718078290087163, 7.878277118652873 ], [ -73.707160679394491, 7.897809366338899 ], [ -73.70475510415713, 7.91347384220591 ], [ -73.708270944888653, 7.924496991890104 ], [ -73.721409086569665, 7.932619312710035 ], [ -73.734177139752617, 7.947123457031342 ], [ -73.750831122165167, 7.951764783214161 ], [ -73.758417936375324, 7.964528430216911 ], [ -73.755087139892808, 7.981353237629625 ], [ -73.755642272639903, 7.997597879269488 ], [ -73.758973069122405, 8.00552681149847 ], [ -73.765819706336458, 8.013649132318401 ], [ -73.769335547067996, 8.026992945094003 ], [ -73.775812095783976, 8.043817752506719 ], [ -73.795981918928064, 8.066444217647957 ], [ -73.800608025153764, 8.071085543830774 ], [ -73.795981918928064, 8.083655802242575 ], [ -73.788580148966929, 8.107829376111418 ], [ -73.788580148966929, 8.116531862704202 ], [ -73.795981918928064, 8.113244256658039 ], [ -73.80763970661684, 8.118272360022759 ], [ -73.818927405807571, 8.120593023114168 ], [ -73.823183423535227, 8.113244256658039 ], [ -73.835211299722062, 8.098353335154831 ], [ -73.847794308655978, 8.088683905607294 ], [ -73.864633335317549, 8.078821087468805 ], [ -73.884062981465519, 8.062769834419893 ], [ -73.888133954944138, 8.05696817669137 ], [ -73.888689087691233, 8.037242540414393 ], [ -73.891649795675676, 8.028153276639708 ], [ -73.892760061169852, 8.013649132318401 ], [ -73.892760061169852, 7.997597879269488 ], [ -73.890354485932477, 7.976131745673955 ], [ -73.875921034508281, 7.950604451668456 ], [ -73.866298733558807, 7.922369717389646 ], [ -73.863893158321446, 7.908445738841191 ], [ -73.855196078617112, 7.885819273699953 ], [ -73.848349441403059, 7.86435314010442 ], [ -73.846498998912779, 7.837858903144166 ], [ -73.846498998912779, 7.819486987003845 ], [ -73.840762627192902, 7.796280356089754 ], [ -73.833730945729826, 7.772493559402811 ], [ -73.824663777527448, 7.760310078172914 ], [ -73.824663777527448, 7.743678659351149 ], [ -73.828549706757045, 7.725693520392729 ], [ -73.836691653714283, 7.716410868027094 ], [ -73.837246786461364, 7.693397625703954 ], [ -73.836691653714283, 7.680053812928351 ], [ -73.841317759939983, 7.669224051835108 ], [ -73.840762627192902, 7.652399244422394 ], [ -73.844093423675417, 7.618362852415061 ], [ -73.854455901620994, 7.599217381910936 ], [ -73.85686147685837, 7.593028947000512 ], [ -73.85686147685837, 7.581425631543468 ], [ -73.868889353045205, 7.557832223447475 ], [ -73.888318999193174, 7.521475168348733 ], [ -73.89535068065625, 7.507164412618378 ], [ -73.914410238306161, 7.488792496478055 ], [ -73.934024928703153, 7.471000746110587 ], [ -73.93569032694441, 7.459397430653542 ], [ -73.93291466320899, 7.43851146283086 ], [ -73.928288556983276, 7.428648644692371 ], [ -73.926438114492996, 7.393451921139334 ], [ -73.926993247240077, 7.380688274136585 ], [ -73.93846599067983, 7.344911384810695 ], [ -73.941981831411368, 7.313195655894772 ], [ -73.953454574851122, 7.297724568618712 ], [ -73.952899442104041, 7.286701418934518 ], [ -73.958635813823918, 7.275098103477474 ], [ -73.954009707598203, 7.263494788020429 ], [ -74.248415107802202, 6.985208605642294 ], [ -74.261738293732236, 6.985401994233245 ], [ -74.268029798199194, 6.98656232577895 ], [ -74.285238913358825, 6.983661496914689 ], [ -74.289865019584539, 6.985982160006097 ], [ -74.299672364783035, 6.98656232577895 ], [ -74.309479709981531, 6.984241662687539 ], [ -74.31632634719557, 6.979213559322821 ], [ -74.335570949094517, 6.982694553959934 ], [ -74.345378294293013, 6.987916045915604 ], [ -74.355185639491509, 6.99719869828124 ], [ -74.365363073188064, 6.997392086872191 ], [ -74.371839621904059, 7.000873081509305 ], [ -74.373505020145316, 7.005901184874025 ], [ -74.371839621904059, 7.021565660741036 ], [ -74.37239475465114, 7.042451628563716 ], [ -74.379241391865193, 7.056375607112171 ], [ -74.385717940581173, 7.073587191706789 ], [ -74.400151392005384, 7.093312827983764 ], [ -74.406442896472342, 7.11013763539648 ], [ -74.409218560207776, 7.127929385763951 ], [ -74.416250241670838, 7.14591452472237 ], [ -74.42716785236351, 7.170281487182166 ], [ -74.427722985110591, 7.186912906003929 ], [ -74.423281923133914, 7.208379039599464 ], [ -74.418655816908213, 7.237774105423979 ], [ -74.422726790386832, 7.26156090211092 ], [ -74.422171657639751, 7.265041896748034 ], [ -74.424947321375171, 7.282253481342652 ], [ -74.426612719616429, 7.299078288755366 ], [ -74.42624263111837, 7.310681604212412 ], [ -74.421061392145575, 7.320931199532803 ], [ -74.40533263097818, 7.329633686125586 ], [ -74.391639356550087, 7.341623778764532 ], [ -74.382387144098672, 7.353227094221578 ], [ -74.372024666153081, 7.359415529132002 ], [ -74.364437851942924, 7.371018844589047 ], [ -74.362772453701666, 7.383782491591797 ], [ -74.375540506884619, 7.407375899687789 ], [ -74.375540506884619, 7.418979215144834 ], [ -74.377761037872958, 7.434063525238994 ], [ -74.389418825561748, 7.471000746110587 ], [ -74.402001834495664, 7.460751150790196 ], [ -74.405517675227202, 7.453208995743118 ], [ -74.41180917969416, 7.444506509150333 ], [ -74.422171657639751, 7.434256913829943 ], [ -74.42901829485379, 7.414531277552967 ], [ -74.434384578075623, 7.390357703684122 ], [ -74.438270507305205, 7.37701389090852 ], [ -74.46658227740653, 7.351873374084922 ], [ -74.469357941141965, 7.344331219037842 ], [ -74.471023339383208, 7.330987406262242 ], [ -74.474539180114746, 7.326926245852276 ], [ -74.482125994324917, 7.324605582760867 ], [ -74.488972631538957, 7.324605582760867 ], [ -74.497114578496195, 7.322478308260408 ], [ -74.506921923694705, 7.317256816304738 ], [ -74.51617413614612, 7.319190702214245 ], [ -74.526536614091697, 7.332921292171749 ], [ -74.530422543321293, 7.345104773401646 ], [ -74.541525198262988, 7.357288254631543 ], [ -74.557624047928442, 7.370051901634293 ], [ -74.569651924115291, 7.372372564725703 ], [ -74.588156349018107, 7.393838698321236 ], [ -74.59222732249674, 7.400220521822611 ], [ -74.600924402201059, 7.417625495008179 ], [ -74.60943643765637, 7.421686655418144 ], [ -74.614062543882071, 7.428648644692371 ], [ -74.615912986372351, 7.454175938697871 ], [ -74.61128688014665, 7.468486694428227 ], [ -74.597963694216617, 7.494980931388481 ], [ -74.57964431356281, 7.540620638852857 ], [ -74.574463074590028, 7.564794212721702 ], [ -74.570392101111395, 7.578524802679206 ], [ -74.57094723385849, 7.603471930911853 ], [ -74.563545463897356, 7.61565541214175 ], [ -74.552627853204683, 7.624164510143583 ], [ -74.533013162807691, 7.634414105463973 ], [ -74.515063870651943, 7.648918249785281 ], [ -74.489712808535074, 7.678893481382646 ], [ -74.477129799601144, 7.697265397522969 ], [ -74.480645640332682, 7.709448878752866 ], [ -74.500815463476769, 7.727434017711285 ], [ -74.51524891490098, 7.741938162032593 ], [ -74.534123428301854, 7.796860521862607 ], [ -74.534863605297971, 7.818713432640042 ], [ -74.539489711523672, 7.85681098505734 ], [ -74.538379446029509, 7.886399439472806 ], [ -74.53893457877659, 7.904964744204078 ], [ -74.547631658480924, 7.919855665707285 ], [ -74.602959888940376, 7.976131745673955 ], [ -74.626645552816001, 7.995857381950932 ], [ -74.650886349438693, 8.018677235683121 ], [ -74.677347677049738, 8.048652467280487 ], [ -74.707879978139403, 8.073019429740283 ], [ -74.729160066777666, 8.096226060654374 ], [ -74.749329889921739, 8.115951696931349 ], [ -74.778751925517241, 8.13915832784544 ], [ -74.795035819431732, 8.161204627213825 ], [ -74.806508562871485, 8.167006284942349 ], [ -74.819831748801519, 8.179383154763197 ], [ -74.833895111727671, 8.185378201082671 ], [ -74.840001571945592, 8.182283983627459 ] ] ], [ [ [ -76.189899368606874, 9.38380729920449 ], [ -76.188974147361733, 9.392896562979175 ], [ -76.180462111906436, 9.398118054934846 ], [ -76.17380051894142, 9.399084997889599 ], [ -76.173985563190442, 9.389028791160161 ], [ -76.176206094178781, 9.380326304567376 ], [ -76.18120228890254, 9.378005641475967 ], [ -76.189899368606874, 9.38380729920449 ] ] ], [ [ [ -75.850898304387073, 9.789536563019171 ], [ -75.856449631857913, 9.800172935521463 ], [ -75.851268392885132, 9.804234095931427 ], [ -75.849232906145815, 9.799786158339561 ], [ -75.827582729009507, 9.795918386520546 ], [ -75.827952817507565, 9.789923340201073 ], [ -75.850898304387073, 9.789536563019171 ] ] ], [ [ [ -75.796310250923725, 10.164323652281732 ], [ -75.79686538367082, 10.167998035509795 ], [ -75.786872994223287, 10.166064149600288 ], [ -75.784097330487867, 10.158135217371306 ], [ -75.790203790705803, 10.156588108643701 ], [ -75.796310250923725, 10.164323652281732 ] ] ], [ [ [ -75.747273524931231, 10.172639361692614 ], [ -75.74856883467443, 10.182308791240152 ], [ -75.74172219746039, 10.180374905330645 ], [ -75.736726002736631, 10.184049288558708 ], [ -75.725993436292981, 10.177860853648284 ], [ -75.733210162005093, 10.17670052210258 ], [ -75.737651223981771, 10.17186580732881 ], [ -75.747273524931231, 10.172639361692614 ] ] ], [ [ [ -75.538173523529281, 10.359839517732944 ], [ -75.545390249241393, 10.356551911686781 ], [ -75.545390249241393, 10.351717196913011 ], [ -75.539653877521516, 10.350750253958259 ], [ -75.543539806751099, 10.341854378774523 ], [ -75.548721045723894, 10.336246109636951 ], [ -75.55482750594183, 10.339340327092163 ], [ -75.556862992681147, 10.336439498227902 ], [ -75.564264762642267, 10.338760161319311 ], [ -75.567040426377702, 10.343788264684031 ], [ -75.572036621101461, 10.340694047228819 ], [ -75.578698214066478, 10.333538669363641 ], [ -75.574627240587859, 10.32812378881702 ], [ -75.580363612307735, 10.319808079406137 ], [ -75.59146626724943, 10.322708908270398 ], [ -75.593501753988733, 10.330444451908429 ], [ -75.590911134502349, 10.33856677272836 ], [ -75.593131665490688, 10.347849425093996 ], [ -75.590356001755254, 10.353264305640618 ], [ -75.591836355747489, 10.357905631823435 ], [ -75.581473877801898, 10.36699489559812 ], [ -75.578513169817455, 10.372989941917595 ], [ -75.578143081319396, 10.378984988237068 ], [ -75.574812284836881, 10.381305651328477 ], [ -75.569816090113122, 10.373183330508546 ], [ -75.557048036930169, 10.366027952643368 ], [ -75.544094939498194, 10.36428745532481 ], [ -75.538173523529281, 10.359839517732944 ] ] ], [ [ [ -74.297451833794696, 10.956056543634116 ], [ -74.301707851522337, 10.96185820136264 ], [ -74.294861214308298, 10.963211921499294 ], [ -74.297451833794696, 10.956056543634116 ] ] ], [ [ [ -74.195122364082053, 11.322914700667695 ], [ -74.190681302105375, 11.318273374484878 ], [ -74.194567231334972, 11.314598991256814 ], [ -74.200488647303871, 11.320787426167238 ], [ -74.195122364082053, 11.322914700667695 ] ] ], [ [ [ -71.886510313205278, 12.266070858734519 ], [ -71.890766330932934, 12.275353511100157 ], [ -71.884104737967903, 12.276320454054911 ], [ -71.879663675991225, 12.271872516463045 ], [ -71.876517923757746, 12.26549069296167 ], [ -71.8820692512286, 12.262009698324555 ], [ -71.886510313205278, 12.266070858734519 ] ] ], [ [ [ -71.716269604099267, 12.398542043535787 ], [ -71.711828542122589, 12.394287494534872 ], [ -71.725336772301645, 12.386745339487792 ], [ -71.723671374060388, 12.376302355576449 ], [ -71.718490135087606, 12.377075909940253 ], [ -71.70960801113425, 12.371854417984583 ], [ -71.707387480145911, 12.376302355576449 ], [ -71.702946418169233, 12.377075909940253 ], [ -71.697580134947401, 12.373208138121239 ], [ -71.69147367472948, 12.366052760256061 ], [ -71.691843763227524, 12.362184988437047 ], [ -71.700355798682835, 12.359090770981833 ], [ -71.704796860659513, 12.364118874346552 ], [ -71.701281019927976, 12.367986646165569 ], [ -71.703686595165337, 12.373788303894091 ], [ -71.708127657142015, 12.368760200529373 ], [ -71.715159338605091, 12.366826314619864 ], [ -71.724041462558446, 12.370694086438878 ], [ -71.726447037795822, 12.377075909940253 ], [ -71.726261993546785, 12.386165173714939 ], [ -71.731998365266662, 12.381717236123073 ], [ -71.726817126293881, 12.375335412621695 ], [ -71.727927391788043, 12.371467640802681 ], [ -71.735144117500141, 12.373208138121239 ], [ -71.738474913982657, 12.376302355576449 ], [ -71.737364648488494, 12.380750293168319 ], [ -71.744951462698651, 12.383457733441627 ], [ -71.745506595445733, 12.388292448215395 ], [ -71.738845002480716, 12.390226334124904 ], [ -71.732368453764721, 12.395447826080574 ], [ -71.727927391788043, 12.404923867037162 ], [ -71.728112436037065, 12.410145358992832 ], [ -71.720340577577886, 12.413239576448046 ], [ -71.724596595305542, 12.409565193219979 ], [ -71.72903765728222, 12.397575100581033 ], [ -71.718490135087606, 12.392933774398216 ], [ -71.716269604099267, 12.398542043535787 ] ] ] ] } },
{ "type": "Feature", "properties": { "Zone": "Nordeste" }, "geometry": { "type": "Polygon", "coordinates": [ [ [ -69.875449414765967, 5.967017674286577 ], [ -69.882481096229043, 5.954834193056678 ], [ -69.891548264431435, 5.926792847368819 ], [ -69.906536848602713, 5.9088077084104 ], [ -69.922635698268181, 5.892176289588635 ], [ -69.930777645225419, 5.888695294951521 ], [ -69.938179415186553, 5.875931647948772 ], [ -69.942250388665173, 5.85755973180845 ], [ -69.954833397599103, 5.835706821031016 ], [ -69.971117291513593, 5.817721682072595 ], [ -69.97962932696889, 5.798189434386568 ], [ -69.998688884618801, 5.763186099424482 ], [ -70.003314990844501, 5.741139800056096 ], [ -70.01996897325705, 5.722187718142923 ], [ -70.037363132665718, 5.710004236913026 ], [ -70.047170477864213, 5.694533149636964 ], [ -70.052351716836995, 5.67770834222425 ], [ -70.048835876105471, 5.666298415358154 ], [ -70.050501274346715, 5.654114934128257 ], [ -70.088065256899455, 5.640384344170753 ], [ -70.10009313308629, 5.635356240806034 ], [ -70.116191982751758, 5.633615743487477 ], [ -70.125999327950254, 5.618144656211417 ], [ -70.128404903187629, 5.59841901993444 ], [ -70.141543044868627, 5.588169424614049 ], [ -70.188174195623759, 5.565736348063762 ], [ -70.205568355032412, 5.565349570881862 ], [ -70.221112071950785, 5.558387581607635 ], [ -70.239431452604592, 5.544656991650131 ], [ -70.255715346519082, 5.540015665467312 ], [ -70.276440302410251, 5.535567727875446 ], [ -70.296054992807242, 5.532666899011184 ], [ -70.324366762908568, 5.532860287602135 ], [ -70.362855966706448, 5.533633841965937 ], [ -70.391167736807773, 5.528605738601218 ], [ -70.401530214753365, 5.523384246645549 ], [ -70.4181841971659, 5.517582588917024 ], [ -70.43261764859011, 5.510233822460897 ], [ -70.485540303812201, 5.476970984817367 ], [ -70.501269064979596, 5.468268498224583 ], [ -70.509781100434907, 5.459179234449898 ], [ -70.523104286364941, 5.448156084765705 ], [ -70.535132162551776, 5.434425494808201 ], [ -70.547900215734728, 5.423402345124009 ], [ -70.563443932653101, 5.415473412895027 ], [ -70.577137207081194, 5.406770926302244 ], [ -70.595641631984023, 5.390719673253331 ], [ -70.6013780037039, 5.384337849751956 ], [ -70.633020570287727, 5.364225436293077 ], [ -70.650969862443475, 5.353975840972687 ], [ -70.669474287346304, 5.341212193969938 ], [ -70.683352606023419, 5.330962598649547 ], [ -70.692419774225812, 5.321873334874862 ], [ -70.694825349463173, 5.306208859007851 ], [ -70.697045880451512, 5.268111306590553 ], [ -70.713884907113084, 5.240456738084596 ], [ -70.726467916047014, 5.225565816581387 ], [ -70.739606057728025, 5.20816084339582 ], [ -70.752374110910978, 5.198491413848283 ], [ -70.769768270319631, 5.188628595709794 ], [ -70.803631367891811, 5.166388907750457 ], [ -70.820470394553382, 5.156526089611969 ], [ -70.835829067222718, 5.14917732315584 ], [ -70.84804198765859, 5.132932681515976 ], [ -70.851927916888187, 5.120362423104178 ], [ -70.867656678055596, 5.105278113010019 ], [ -70.895228271160804, 5.093288020371071 ], [ -70.912622430569456, 5.088840082779205 ], [ -70.921874643020871, 5.088259917006352 ], [ -70.943709864406202, 5.083038425050683 ], [ -70.954072342351793, 5.082651647868781 ], [ -70.963324554803208, 5.073368995503145 ], [ -70.971836590258505, 5.062539234409902 ], [ -70.980533669962838, 5.044554095451483 ], [ -70.987565351425914, 5.035464831676796 ], [ -70.989230749667172, 5.021540853128343 ], [ -70.999038094865668, 5.00316893698802 ], [ -71.001813758601088, 4.988084626893862 ], [ -71.006994997573884, 4.971839985253999 ], [ -71.012176236546679, 4.961590389933608 ], [ -71.01680234277238, 4.94650607983945 ], [ -71.023648979986433, 4.933935821427651 ], [ -71.03586190042229, 4.91827134556064 ], [ -71.039377741153828, 4.915950682469232 ], [ -71.063433493527498, 4.890036611281831 ], [ -71.085453759161865, 4.863155597139675 ], [ -71.085453759161865, 4.860254768275414 ], [ -71.0882294228973, 4.855613442092595 ], [ -71.113025352267087, 4.844783680999354 ], [ -71.126903670944202, 4.837241525952274 ], [ -71.156140662290667, 4.817129112493395 ], [ -71.194814910337584, 4.796436533261666 ], [ -71.228863052158786, 4.785606772168423 ], [ -71.249032875302873, 4.777677839939443 ], [ -71.267907388703748, 4.766267913073348 ], [ -71.317499247443322, 4.750796825797288 ], [ -71.35672862823732, 4.734745572748375 ], [ -71.375788185887231, 4.725076143200837 ], [ -71.395402876284237, 4.714246382107595 ], [ -71.429451018105439, 4.69761496328583 ], [ -71.456467478463566, 4.688525699511144 ], [ -71.509575177934678, 4.674795109553642 ], [ -71.52733942584139, 4.665125680006105 ], [ -71.555096063195634, 4.654295918912862 ], [ -71.573415443849427, 4.648494261184339 ], [ -71.582112523553761, 4.638244665863949 ], [ -71.594140399740596, 4.622000024224086 ], [ -71.620231638853582, 4.608269434266582 ], [ -71.629483851304997, 4.600727279219504 ], [ -71.64095659474475, 4.593958678536227 ], [ -71.677780400301387, 4.583128917442984 ], [ -71.707202435896875, 4.564757001302663 ], [ -71.723856418309424, 4.55663468048273 ], [ -71.761975533609245, 4.546578473753291 ], [ -71.778074383274713, 4.544257810661883 ], [ -71.788991993967372, 4.541356981797621 ], [ -71.813232790590078, 4.532847883795789 ], [ -71.84265482618558, 4.516216464974024 ], [ -71.854127569625334, 4.504032983744127 ], [ -71.862824649329653, 4.493203222650884 ], [ -71.892246684925155, 4.463227991053516 ], [ -71.911121198326043, 4.441955246048934 ], [ -71.931291021470116, 4.428804821864283 ], [ -71.941098366668626, 4.418361837952942 ], [ -71.950905711867122, 4.401150253358326 ], [ -71.95904765882436, 4.384905611718462 ], [ -71.972740933252453, 4.375816347943775 ], [ -71.983843588194148, 4.36653369557814 ], [ -72.009009606061994, 4.359184929122012 ], [ -72.028254207960941, 4.359958483485814 ], [ -72.046018455867653, 4.346034504937361 ], [ -72.061562172786026, 4.345647727755459 ], [ -72.071369517984522, 4.346808059301162 ], [ -72.081731995930113, 4.36131220362247 ], [ -72.087098279151931, 4.373302296261416 ], [ -72.091539341128609, 4.388386606355576 ], [ -72.101346686327105, 4.398829590266915 ], [ -72.123922084708553, 4.400763476176424 ], [ -72.138355536132764, 4.397862647312163 ], [ -72.161856155759352, 4.398056035903114 ], [ -72.184431554140801, 4.396895704357409 ], [ -72.204601377284888, 4.394768429856951 ], [ -72.226436598670219, 4.389546937901279 ], [ -72.262150138732679, 4.390320492265083 ], [ -72.28306013887287, 4.38219817144515 ], [ -72.296753413300962, 4.37426923921617 ], [ -72.331911820616341, 4.359378317712963 ], [ -72.358373148227386, 4.340426235799788 ], [ -72.386684918328712, 4.311031169975275 ], [ -72.401118369752908, 4.301941906200588 ], [ -72.417217219418376, 4.299041077336327 ], [ -72.448304653255121, 4.309677449838619 ], [ -72.465143679916693, 4.309097284065766 ], [ -72.482907927823419, 4.287244373288331 ], [ -72.493270405768996, 4.287244373288331 ], [ -72.507148724446111, 4.298847688745376 ], [ -72.521582175870321, 4.307550175338161 ], [ -72.538236158282871, 4.311224558566225 ], [ -72.553224742454162, 4.31528571897619 ], [ -72.563032087652658, 4.31528571897619 ], [ -72.59522978698358, 4.272160063194173 ], [ -72.609293149909732, 4.272160063194173 ], [ -72.621876158843648, 4.275641057831287 ], [ -72.636309610267858, 4.282796435696463 ], [ -72.655369167917769, 4.275254280649385 ], [ -72.671468017583223, 4.273513783330827 ], [ -72.685716424758397, 4.273707171921778 ], [ -72.710512354128198, 4.270226177284664 ], [ -72.721059876322812, 4.260556747737127 ], [ -72.724945805552395, 4.247212934961524 ], [ -72.731422354268389, 4.246632769188674 ], [ -72.746966071186762, 4.253014592690048 ], [ -72.756773416385258, 4.261717079282832 ], [ -72.76769102707793, 4.265971628283749 ], [ -72.772872266050726, 4.293626196789706 ], [ -72.781014213007964, 4.305229512246751 ], [ -72.791931823700637, 4.312771667293831 ], [ -72.801739168899132, 4.313931998839536 ], [ -72.808585806113172, 4.316832827703797 ], [ -72.813767045085967, 4.323214651205172 ], [ -72.80803067336609, 4.33075680625225 ], [ -72.816727753070424, 4.341779955936444 ], [ -72.823574390284477, 4.347581613664966 ], [ -72.821353859296124, 4.356864266030602 ], [ -72.813211912338886, 4.365566752623387 ], [ -72.82653509826892, 4.371368410351909 ], [ -72.846704921413007, 4.370788244579057 ], [ -72.849665629397464, 4.373108907670465 ], [ -72.848925452401346, 4.395735372811703 ], [ -72.858732797599842, 4.398636201675965 ], [ -72.869835452541537, 4.397475870130261 ], [ -72.871500850782795, 4.409659351360158 ], [ -72.877237222502671, 4.418361837952942 ], [ -72.895186514658405, 4.438667640002771 ], [ -72.917761913039868, 4.458973442052601 ], [ -72.933120585709204, 4.475218083692464 ], [ -72.980676957709477, 4.535361935478148 ], [ -73.002512179094808, 4.562629726802204 ], [ -73.024347400480153, 4.596859507400488 ], [ -73.045627489118402, 4.634570282635885 ], [ -73.07227386097847, 4.666479400142759 ], [ -73.072828993725551, 4.677309161236002 ], [ -73.06764775475277, 4.68717197937449 ], [ -73.069313152994027, 4.703223232423403 ], [ -73.078010232698347, 4.714246382107595 ], [ -73.086152179655599, 4.717727376744708 ], [ -73.098735188589515, 4.712119107607137 ], [ -73.103916427562311, 4.70515711833291 ], [ -73.114463949756924, 4.676342218281247 ], [ -73.128712356932098, 4.649267815548141 ], [ -73.135744038395174, 4.647527318229585 ], [ -73.146106516340751, 4.650428147093846 ], [ -73.161095100512043, 4.650041369911944 ], [ -73.172567843951796, 4.644239712183422 ], [ -73.186446162628926, 4.641919049092014 ], [ -73.193292799842965, 4.642692603455815 ], [ -73.201434746800203, 4.646173598092929 ], [ -73.234372623127243, 4.656036416231418 ], [ -73.242329525835459, 4.661257908187089 ], [ -73.256207844512574, 4.665319068597054 ], [ -73.261389083485369, 4.673441389416986 ], [ -73.259538640995089, 4.695487688785372 ], [ -73.263054481726627, 4.707671170015269 ], [ -73.276932800403742, 4.711732330425235 ], [ -73.282114039376538, 4.71057199887953 ], [ -73.31616218119774, 4.708444724379072 ], [ -73.326524659143331, 4.708444724379072 ], [ -73.334666606100569, 4.710765387470481 ], [ -73.342623508808785, 4.729330692201755 ], [ -73.343733774302962, 4.736872847248833 ], [ -73.346694482287404, 4.743641447932109 ], [ -73.354836429244656, 4.754277820434401 ], [ -73.370380146163029, 4.763560472800037 ], [ -73.388884571065859, 4.771102627847117 ], [ -73.402022712746856, 4.778644782894196 ], [ -73.403132978241032, 4.787347269486981 ], [ -73.399247049011436, 4.807459682945858 ], [ -73.399802181758517, 4.819643164175755 ], [ -73.403318022490055, 4.827185319222835 ], [ -73.414790765929808, 4.832406811178506 ], [ -73.413125367688565, 4.845750623954107 ], [ -73.416086075673007, 4.850391950136926 ], [ -73.424598111128319, 4.856773773638301 ], [ -73.432740058085557, 4.860834934048267 ], [ -73.437366164311257, 4.865476260231084 ], [ -73.448283775003929, 4.871277917959606 ], [ -73.46549289016356, 4.870697752186755 ], [ -73.501946607222123, 4.873791969641967 ], [ -73.548022625230175, 4.871664695141508 ], [ -73.560790678413127, 4.87978701596144 ], [ -73.566342005883968, 4.886168839462815 ], [ -73.566342005883968, 4.890229999872782 ], [ -73.571523244856763, 4.897191989147007 ], [ -73.572818554599962, 4.904153978421235 ], [ -73.571523244856763, 4.909955636149757 ], [ -73.565971917385909, 4.923106060334408 ], [ -73.554869262444214, 4.945152359702794 ], [ -73.549132890724337, 4.954821789250332 ], [ -73.541175988016121, 4.96468460738882 ], [ -73.536549881790421, 4.98247635775629 ], [ -73.530628465821508, 4.989438347030518 ], [ -73.525632271097749, 5.008970594716544 ], [ -73.525077138350667, 5.015352418217919 ], [ -73.519155722381754, 5.021734241719294 ], [ -73.521006164872048, 5.035078054494894 ], [ -73.511753952420634, 5.060411959909445 ], [ -73.510088554179376, 5.092707854598221 ], [ -73.516935191393429, 5.111273159329492 ], [ -73.522116430366211, 5.118815314376571 ], [ -73.52618740384483, 5.138347562062597 ], [ -73.533034041058883, 5.152851706383904 ], [ -73.548762802226292, 5.171417011115176 ], [ -73.552278642957816, 5.192883144710709 ], [ -73.55912528017187, 5.199845133984937 ], [ -73.56097572266215, 5.235622023310826 ], [ -73.56375138639757, 5.251286499177837 ], [ -73.571338200607741, 5.265017089135341 ], [ -73.589657581261534, 5.266370809271997 ], [ -73.596504218475587, 5.268691472363406 ], [ -73.601130324701288, 5.283195616684711 ], [ -73.613343245137159, 5.301760921415985 ], [ -73.617969351362859, 5.306208859007851 ], [ -73.636473776265689, 5.330189044285746 ], [ -73.63702890901277, 5.334636981877612 ], [ -73.641655015238484, 5.343339468470397 ], [ -73.640544749744308, 5.361324607428816 ], [ -73.642210147985566, 5.365965933611635 ], [ -73.643320413479728, 5.381050243705793 ], [ -73.635918643518607, 5.381437020887695 ], [ -73.6496119179467, 5.396521330981853 ], [ -73.660714572888395, 5.405803983347489 ], [ -73.675703157059687, 5.413346138394569 ], [ -73.683845104016925, 5.422628790760205 ], [ -73.690691741230978, 5.435392437762955 ], [ -73.692357139472222, 5.44177426126433 ], [ -73.708085900639631, 5.44931641631141 ], [ -73.717153068842009, 5.450089970675212 ], [ -73.728255723783718, 5.452410633766622 ], [ -73.746575104437511, 5.460532954586553 ], [ -73.753421741651565, 5.460532954586553 ], [ -73.76322908685006, 5.465174280769372 ], [ -73.773776609044674, 5.464013949223666 ], [ -73.788765193215966, 5.47503709890786 ], [ -73.800237936655719, 5.475810653271662 ], [ -73.816336786321173, 5.484513139864447 ], [ -73.826514220017728, 5.48780074591061 ], [ -73.820962892546873, 5.496696621094344 ], [ -73.81929749430563, 5.503078444595719 ], [ -73.821518025293969, 5.515068537234665 ], [ -73.812820945589635, 5.53421400773879 ], [ -73.810045281854215, 5.546397488968687 ], [ -73.813005989838658, 5.567090068200418 ], [ -73.816336786321173, 5.579273549430315 ], [ -73.829659972251207, 5.571151228610384 ], [ -73.832620680235664, 5.571151228610384 ], [ -73.844648556422499, 5.564382627927108 ], [ -73.863708114072409, 5.546397488968687 ], [ -73.868334220298124, 5.539048722512559 ], [ -73.871665016780625, 5.537888390966854 ], [ -73.883877937216496, 5.525124743964104 ], [ -73.890169441683454, 5.520676806372236 ], [ -73.898866521387788, 5.516615645962272 ], [ -73.915520503800323, 5.511587542597551 ], [ -73.922922273761458, 5.501724724459063 ], [ -73.925327848998833, 5.500564392913359 ], [ -73.929398822477452, 5.48780074591061 ], [ -73.934580061450248, 5.478518093544974 ], [ -73.937355725185668, 5.464207337814617 ], [ -73.940871565917206, 5.454344519676129 ], [ -73.955860150088498, 5.445835421674296 ], [ -73.963261920049618, 5.426109785397319 ], [ -73.970848734259789, 5.417600687395487 ], [ -73.973624397995209, 5.406577537711293 ], [ -73.999160504361114, 5.394587445072347 ], [ -74.012853778789207, 5.39052628466238 ], [ -74.027842362960499, 5.368093208112093 ], [ -74.040425371894415, 5.354749395336491 ], [ -74.04283094713179, 5.358423778564555 ], [ -74.055043867567647, 5.353202286608886 ], [ -74.06411103577004, 5.356683281245997 ], [ -74.073363248221455, 5.366546099384486 ], [ -74.082060327925774, 5.380470077932941 ], [ -74.096493779349984, 5.3829841296153 ], [ -74.104080593560141, 5.386271735661463 ], [ -74.107411390042657, 5.392653559162838 ], [ -74.114813160003777, 5.401936211528474 ], [ -74.123510239708111, 5.416440355849781 ], [ -74.128136345933825, 5.429784168625384 ], [ -74.138683868128425, 5.443708147173837 ], [ -74.149416434572075, 5.443127981400986 ], [ -74.169031124969067, 5.43926020958197 ], [ -74.195677496829134, 5.45202385658472 ], [ -74.208815638510146, 5.460726343177503 ], [ -74.221028558946017, 5.461306508950356 ], [ -74.230835904144513, 5.460726343177503 ], [ -74.243418913078429, 5.461306508950356 ], [ -74.262478470728354, 5.47020238413409 ], [ -74.280982895631169, 5.485286694228249 ], [ -74.292085550572878, 5.498050341231 ], [ -74.292455639070923, 5.509073490915192 ], [ -74.295416347055379, 5.525898298327908 ], [ -74.305778825000971, 5.543109882922526 ], [ -74.31262546221501, 5.552392535288162 ], [ -74.319657143678086, 5.56747684538232 ], [ -74.3289093561295, 5.577919829293661 ], [ -74.338161568580915, 5.593004139387819 ], [ -74.346118471289131, 5.612149609891944 ], [ -74.345193250043991, 5.620658707893776 ], [ -74.331129887117839, 5.63168185757797 ], [ -74.320212276425167, 5.642511618671213 ], [ -74.313920771958209, 5.657015762992518 ], [ -74.305223692253875, 5.670746352950022 ], [ -74.305963869249993, 5.681189336861364 ], [ -74.312810506464032, 5.688731491908442 ], [ -74.324283249903786, 5.694533149636964 ], [ -74.321507586168366, 5.703815802002602 ], [ -74.319102010931005, 5.722767883915775 ], [ -74.319842187927108, 5.727409210098592 ], [ -74.3289093561295, 5.741333188647047 ], [ -74.331870064113957, 5.761058824924024 ], [ -74.336496170339657, 5.768020814198252 ], [ -74.3348307720984, 5.776529912200084 ], [ -74.335385904845481, 5.784652233020015 ], [ -74.341677409312453, 5.796835714249914 ], [ -74.346858648285234, 5.802057206205584 ], [ -74.354445462495406, 5.820622510936856 ], [ -74.368878913919602, 5.816174573344989 ], [ -74.380906790106451, 5.801670429023682 ], [ -74.387198294573409, 5.792000999476144 ], [ -74.402742011491782, 5.781558015564803 ], [ -74.407923250464577, 5.77285552897202 ], [ -74.416065197421815, 5.766667094061596 ], [ -74.432164047087269, 5.762025767878777 ], [ -74.439750861297441, 5.760865436333074 ], [ -74.459735640192491, 5.749455509466978 ], [ -74.468432719896825, 5.745394349057014 ], [ -74.474724224363783, 5.751196006785536 ], [ -74.483421304068116, 5.751776172558388 ], [ -74.492118383772436, 5.756417498741206 ], [ -74.496189357251055, 5.763959653788286 ], [ -74.512288206916523, 5.761832379287826 ], [ -74.519134844130562, 5.766473705470645 ], [ -74.527276791087814, 5.761832379287826 ], [ -74.541155109764929, 5.761832379287826 ], [ -74.542265375259106, 5.771695197426315 ], [ -74.556143693936221, 5.772468751790118 ], [ -74.564285640893473, 5.761445602105926 ], [ -74.576868649827389, 5.759705104787368 ], [ -74.583160154294347, 5.753903447058846 ], [ -74.586120862278804, 5.747521623557471 ], [ -74.594632897734101, 5.742493520192752 ], [ -74.607400950917054, 5.741333188647047 ], [ -74.616098030621387, 5.738432359782786 ], [ -74.630901570543642, 5.736885251055179 ], [ -74.648295729952309, 5.748488566512226 ], [ -74.666800154855125, 5.758351384650714 ], [ -74.674386969065296, 5.758351384650714 ], [ -74.674386969065296, 5.779237352473395 ], [ -74.673276703571119, 5.797029102840865 ], [ -74.66735528760222, 5.820235733754954 ], [ -74.663469358372623, 5.829324997529641 ], [ -74.664024491119704, 5.840348147213833 ], [ -74.659953517641085, 5.849050633806616 ], [ -74.660508650388167, 5.856592788853696 ], [ -74.651256437936752, 5.869163047265495 ], [ -74.643114490979514, 5.872063876129756 ], [ -74.635712721018379, 5.876705202312575 ], [ -74.609251393407334, 5.888695294951521 ], [ -74.608141127913171, 5.893916786907191 ], [ -74.617393340364586, 5.910741594319907 ], [ -74.625350243072802, 5.929887064824031 ], [ -74.626090420068905, 5.956961467557138 ], [ -74.618503605858749, 5.962182959512807 ], [ -74.590746968504504, 5.972819332015099 ], [ -74.587416172022003, 5.979974709880278 ], [ -74.589081570263261, 5.992544968292076 ], [ -74.59315254374188, 5.999506957566304 ], [ -74.602404756193295, 6.008209444159087 ], [ -74.605735552675796, 6.014591267660462 ], [ -74.604625287181634, 6.022133422707542 ], [ -74.601109446450096, 6.02967557775462 ], [ -74.594262809236042, 6.036444178437897 ], [ -74.587416172022003, 6.048627659667794 ], [ -74.589636703010342, 6.058490477806282 ], [ -74.593892720737983, 6.06023097512484 ], [ -74.607030862418995, 6.061971472443396 ], [ -74.613877499633048, 6.07067395903618 ], [ -74.624239977578625, 6.079376445628965 ], [ -74.630161393547539, 6.092720258404567 ], [ -74.629421216551421, 6.109931842999183 ], [ -74.622574579337368, 6.130817810821865 ], [ -74.613322366885953, 6.14512856655222 ], [ -74.608141127913171, 6.15789221355497 ], [ -74.608141127913171, 6.167755031693458 ], [ -74.601849623446213, 6.197730263290826 ], [ -74.592782455243821, 6.210880687475477 ], [ -74.578349003819611, 6.234667484162419 ], [ -74.575388295835168, 6.236214592890025 ], [ -74.566876260379857, 6.251298902984184 ], [ -74.555773605438162, 6.254779897621297 ], [ -74.551702631959543, 6.247431131165168 ], [ -74.543745729251327, 6.248784851301824 ], [ -74.530422543321293, 6.265416270123589 ], [ -74.515433959150002, 6.279340248672044 ], [ -74.499890242231629, 6.300032827903774 ], [ -74.485456790807419, 6.31202292054272 ], [ -74.475279357110864, 6.32710723063688 ], [ -74.460845905686654, 6.346639478322906 ], [ -74.44752271975662, 6.366945280372734 ], [ -74.438270507305205, 6.369072554873194 ], [ -74.422726790386832, 6.371393217964602 ], [ -74.399041126511221, 6.377194875693124 ], [ -74.394415020285507, 6.386864305240662 ], [ -74.396265462775787, 6.392665962969184 ], [ -74.409588648705821, 6.405429609971934 ], [ -74.417545551414037, 6.422834583157503 ], [ -74.417545551414037, 6.431923846932188 ], [ -74.423837055881009, 6.453970146300573 ], [ -74.431423870091166, 6.46557346175762 ], [ -74.431979002838247, 6.482978434943186 ], [ -74.431423870091166, 6.496902413491641 ], [ -74.433829445328527, 6.50947267190344 ], [ -74.444191923274118, 6.530938805498973 ], [ -74.438455551554242, 6.542348732365069 ], [ -74.42161652489267, 6.563621477369651 ], [ -74.418285728410154, 6.575804958599548 ], [ -74.405517675227202, 6.588568605602298 ], [ -74.392379533546205, 6.603459527105507 ], [ -74.377946082121994, 6.608681019061176 ], [ -74.355370683740546, 6.608487630470226 ], [ -74.344453073047873, 6.612548790880192 ], [ -74.312255373716951, 6.633628147293823 ], [ -74.301337763024279, 6.644651296978017 ], [ -74.28856970984134, 6.647552125842278 ], [ -74.278207231895749, 6.667664539301157 ], [ -74.2556318335143, 6.688937284305739 ], [ -74.241383426339127, 6.698026548080424 ], [ -74.226394842167835, 6.700927376944685 ], [ -74.200488647303871, 6.712337303810781 ], [ -74.185315018883557, 6.722780287722122 ], [ -74.154967762042915, 6.748694358909523 ], [ -74.1457155495915, 6.757203456911355 ], [ -74.136463337140086, 6.785438191190165 ], [ -74.129061567178965, 6.801682832830029 ], [ -74.113332806011556, 6.824115909380316 ], [ -74.084650947412172, 6.84809609465821 ], [ -74.021180769995482, 6.897603573941602 ], [ -74.008597761061552, 6.908046557852943 ], [ -73.97232908825201, 6.918876318946186 ], [ -73.9532695306021, 6.929125914266576 ], [ -73.926253070243973, 6.957360648545386 ], [ -73.903677671862525, 6.978053227777115 ], [ -73.89627590190139, 6.992363983507472 ], [ -73.89627590190139, 6.997005309690289 ], [ -73.900716963878068, 7.008028459374483 ], [ -73.907748645341144, 7.029494592970016 ], [ -73.916445725045463, 7.037616913789948 ], [ -73.928473601232312, 7.057729327248827 ], [ -73.940131388921088, 7.083836787027177 ], [ -73.937725813683727, 7.106463252168416 ], [ -73.937170680936632, 7.124835168308739 ], [ -73.945867760640965, 7.155583954269908 ], [ -73.951789176609878, 7.178017030820195 ], [ -73.954564840345299, 7.210312925508971 ], [ -73.955675105839461, 7.242802208788698 ], [ -73.954009707598203, 7.263494788020429 ], [ -73.958635813823918, 7.275098103477474 ], [ -73.952899442104041, 7.286701418934518 ], [ -73.953454574851122, 7.297724568618712 ], [ -73.941981831411368, 7.313195655894772 ], [ -73.93846599067983, 7.344911384810695 ], [ -73.926993247240077, 7.380688274136585 ], [ -73.926438114492996, 7.393451921139334 ], [ -73.928288556983276, 7.428648644692371 ], [ -73.93291466320899, 7.43851146283086 ], [ -73.93569032694441, 7.459397430653542 ], [ -73.934024928703153, 7.471000746110587 ], [ -73.914410238306161, 7.488792496478055 ], [ -73.89535068065625, 7.507164412618378 ], [ -73.888318999193174, 7.521475168348733 ], [ -73.868889353045205, 7.557832223447475 ], [ -73.85686147685837, 7.581425631543468 ], [ -73.85686147685837, 7.593028947000512 ], [ -73.854455901620994, 7.599217381910936 ], [ -73.844093423675417, 7.618362852415061 ], [ -73.840762627192902, 7.652399244422394 ], [ -73.841317759939983, 7.669224051835108 ], [ -73.836691653714283, 7.680053812928351 ], [ -73.837246786461364, 7.693397625703954 ], [ -73.836691653714283, 7.716410868027094 ], [ -73.828549706757045, 7.725693520392729 ], [ -73.824663777527448, 7.743678659351149 ], [ -73.824663777527448, 7.760310078172914 ], [ -73.833730945729826, 7.772493559402811 ], [ -73.840762627192902, 7.796280356089754 ], [ -73.846498998912779, 7.819486987003845 ], [ -73.846498998912779, 7.837858903144166 ], [ -73.848349441403059, 7.86435314010442 ], [ -73.855196078617112, 7.885819273699953 ], [ -73.863893158321446, 7.908445738841191 ], [ -73.866298733558807, 7.922369717389646 ], [ -73.875921034508281, 7.950604451668456 ], [ -73.890354485932477, 7.976131745673955 ], [ -73.892760061169852, 7.997597879269488 ], [ -73.892760061169852, 8.013649132318401 ], [ -73.891649795675676, 8.028153276639708 ], [ -73.888689087691233, 8.037242540414393 ], [ -73.888133954944138, 8.05696817669137 ], [ -73.884062981465519, 8.062769834419893 ], [ -73.864633335317549, 8.078821087468805 ], [ -73.847794308655978, 8.088683905607294 ], [ -73.835211299722062, 8.098353335154831 ], [ -73.823183423535227, 8.113244256658039 ], [ -73.818927405807571, 8.120593023114168 ], [ -73.80763970661684, 8.118272360022759 ], [ -73.795981918928064, 8.113244256658039 ], [ -73.788580148966929, 8.116531862704202 ], [ -73.788580148966929, 8.107829376111418 ], [ -73.795981918928064, 8.083655802242575 ], [ -73.800608025153764, 8.071085543830774 ], [ -73.795981918928064, 8.066444217647957 ], [ -73.775812095783976, 8.043817752506719 ], [ -73.769335547067996, 8.026992945094003 ], [ -73.765819706336458, 8.013649132318401 ], [ -73.758973069122405, 8.00552681149847 ], [ -73.755642272639903, 7.997597879269488 ], [ -73.755087139892808, 7.981353237629625 ], [ -73.758417936375324, 7.964528430216911 ], [ -73.750831122165167, 7.951764783214161 ], [ -73.734177139752617, 7.947123457031342 ], [ -73.721409086569665, 7.932619312710035 ], [ -73.708270944888653, 7.924496991890104 ], [ -73.70475510415713, 7.91347384220591 ], [ -73.707160679394491, 7.897809366338899 ], [ -73.718078290087163, 7.878277118652873 ], [ -73.730661299021079, 7.865126694468222 ], [ -73.732326697262337, 7.855844042102586 ], [ -73.736952803488037, 7.840372954826526 ], [ -73.755457228390867, 7.819680375594796 ], [ -73.764709440842282, 7.80807706013775 ], [ -73.769335547067996, 7.794733247362148 ], [ -73.763414131099083, 7.78254976613225 ], [ -73.760638467363663, 7.770559673493304 ], [ -73.769890679815077, 7.760696855354816 ], [ -73.778587759519411, 7.747546431170164 ], [ -73.778587759519411, 7.722019137164665 ], [ -73.652757670180179, 7.708868712980014 ], [ -73.644615723222927, 7.71563731366329 ], [ -73.623335634584677, 7.718538142527551 ], [ -73.601500413199346, 7.719698474073256 ], [ -73.573188643098021, 7.705000941160998 ], [ -73.539140501276819, 7.691657128385396 ], [ -73.508053067440059, 7.684501750520219 ], [ -73.488438377043067, 7.683921584747367 ], [ -73.459016341447565, 7.68720919079353 ], [ -73.433665279330697, 7.694557957249659 ], [ -73.430889615595277, 7.703840609615295 ], [ -73.430889615595277, 7.714863759299487 ], [ -73.429039173104997, 7.721632359982763 ], [ -73.42330280138512, 7.726273686165582 ], [ -73.419231827906486, 7.737296835849774 ], [ -73.411274925198271, 7.742518327805445 ], [ -73.396286341026979, 7.759729912400061 ], [ -73.382963155096945, 7.776941496994679 ], [ -73.36815961517469, 7.794346470180246 ], [ -73.370380146163029, 7.806916728592046 ], [ -73.373340854147472, 7.845787835373146 ], [ -73.375006252388729, 7.875182901197661 ], [ -73.365754039937315, 7.884852330745199 ], [ -73.343918818551984, 7.890653988473723 ], [ -73.32781996888653, 7.893941594519886 ], [ -73.31616218119774, 7.900903583794111 ], [ -73.309315543983701, 7.917148225433975 ], [ -73.303579172263824, 7.936680473120001 ], [ -73.305244570505067, 7.952344948987012 ], [ -73.307095012995362, 7.959113549670288 ], [ -73.318567756435115, 7.980579683265823 ], [ -73.327264836139435, 7.998564822224242 ], [ -73.354836429244656, 8.015389629636958 ], [ -73.379632358614444, 8.025445836366398 ], [ -73.411459969447307, 8.035308654504886 ], [ -73.414235633182727, 8.042270643779112 ], [ -73.414975810178845, 8.052133461917601 ], [ -73.417196341167184, 8.066444217647957 ], [ -73.417196341167184, 8.086169853924934 ], [ -73.412570234941469, 8.087330185470638 ], [ -73.404983420731313, 8.09815994656388 ], [ -73.412015102194388, 8.107442598929516 ], [ -73.432740058085557, 8.122526909023675 ], [ -73.427188730614702, 8.135870721799277 ], [ -73.427188730614702, 8.145733539937765 ], [ -73.435145633322918, 8.15965751848622 ], [ -73.431074659844299, 8.178029434626541 ], [ -73.425338288124422, 8.198722013858273 ], [ -73.414975810178845, 8.212065826633875 ], [ -73.405168464980335, 8.222315421954264 ], [ -73.406463774723534, 8.234498903184162 ], [ -73.406463774723534, 8.248422881732616 ], [ -73.395916252528934, 8.26756835223674 ], [ -73.391475190552256, 8.277237781784278 ], [ -73.380927668357643, 8.288841097241324 ], [ -73.380927668357643, 8.302184910016926 ], [ -73.376486606380965, 8.315335334201576 ], [ -73.374636163890671, 8.324617986567214 ], [ -73.36908483641983, 8.342989902707535 ], [ -73.366124128435374, 8.356333715483137 ], [ -73.366124128435374, 8.367356865167329 ], [ -73.360942889462592, 8.371224636986344 ], [ -73.366124128435374, 8.398492428310401 ], [ -73.369639969166911, 8.414156904177412 ], [ -73.375931473633869, 8.416477567268821 ], [ -73.387959349820719, 8.415317235723116 ], [ -73.403688110988114, 8.42169905922449 ], [ -73.416826252669125, 8.425760219634457 ], [ -73.433110146583616, 8.426727162589211 ], [ -73.438661474054456, 8.417251121632624 ], [ -73.436996075813212, 8.403907308857022 ], [ -73.433665279330697, 8.396945319582795 ], [ -73.42422802263026, 8.386502335671453 ], [ -73.419786960653582, 8.370451082622541 ], [ -73.423672889883164, 8.358267601392644 ], [ -73.423672889883164, 8.351305612118416 ], [ -73.426633597867621, 8.341442793979928 ], [ -73.453094925478666, 8.321330380521051 ], [ -73.456610766210204, 8.318042774474888 ], [ -73.458831297198543, 8.311660950973513 ], [ -73.465862978661619, 8.304698961699286 ], [ -73.473264748622753, 8.302958464380728 ], [ -73.480111385836793, 8.307019624790694 ], [ -73.487143067299868, 8.315722111383478 ], [ -73.491769173525569, 8.328485758386227 ], [ -73.493434571766826, 8.338928742297568 ], [ -73.511938996669656, 8.352852720846023 ], [ -73.521191209121071, 8.360975041665954 ], [ -73.52341174010941, 8.370837859804443 ], [ -73.514159527657995, 8.379927123579128 ], [ -73.510828731175494, 8.388629610171913 ], [ -73.501021385976998, 8.402553588720366 ], [ -73.494729881510025, 8.417444510223575 ], [ -73.493434571766826, 8.430788322999177 ], [ -73.496395279751283, 8.440651141137666 ], [ -73.496395279751283, 8.450320570685202 ], [ -73.494729881510025, 8.460763554596543 ], [ -73.488808465541126, 8.471786704280737 ], [ -73.496395279751283, 8.479909025100667 ], [ -73.510828731175494, 8.468499098234574 ], [ -73.52248651886427, 8.470626372735031 ], [ -73.526372448093866, 8.478748693554964 ], [ -73.528778023331228, 8.494413169421975 ], [ -73.550613244716573, 8.502535490241906 ], [ -73.551168377463654, 8.512978474153247 ], [ -73.556349616436449, 8.526322286928849 ], [ -73.559310324420892, 8.540826431250155 ], [ -73.555794483689354, 8.552816523889103 ], [ -73.555239350942273, 8.562099176254739 ], [ -73.550058111969477, 8.585112418577879 ], [ -73.547837580981138, 8.598456231353479 ], [ -73.550613244716573, 8.611800044129081 ], [ -73.551908554459771, 8.629785183087503 ], [ -73.547282448234057, 8.642935607272154 ], [ -73.540250766770981, 8.651638093864937 ], [ -73.529333156078309, 8.654345534138248 ], [ -73.516750147144393, 8.660727357639622 ], [ -73.504537226708521, 8.676391833506633 ], [ -73.488438377043067, 8.685481097281318 ], [ -73.481591739829014, 8.684900931508468 ], [ -73.470674129136356, 8.689348869100334 ], [ -73.468823686646076, 8.698051355693117 ], [ -73.471784394630518, 8.704433179194492 ], [ -73.476965633603314, 8.709654671150163 ], [ -73.476965633603314, 8.716036494651538 ], [ -73.471784394630518, 8.725705924199076 ], [ -73.466603155657737, 8.730927416154746 ], [ -73.453279969727689, 8.740790234293234 ], [ -73.443657668778229, 8.756841487342147 ], [ -73.436070854568072, 8.786236553166662 ], [ -73.437366164311257, 8.821626665310649 ], [ -73.437366164311257, 8.835357255268153 ], [ -73.443657668778229, 8.848120902270903 ], [ -73.444767934272392, 8.871907698957845 ], [ -73.447173509509767, 8.88853911777961 ], [ -73.450504305992268, 8.926249893015008 ], [ -73.452354748482549, 8.93998048297251 ], [ -73.451614571486445, 8.963767279659454 ], [ -73.44606324401559, 8.98097886425407 ], [ -73.44143713778989, 8.992002013938263 ], [ -73.437921297058352, 9.005345826713866 ], [ -73.437366164311257, 9.030099566355561 ], [ -73.432740058085557, 9.046150819404474 ], [ -73.428669084606938, 9.065876455681451 ], [ -73.426448553618599, 9.086182257731281 ], [ -73.426448553618599, 9.100493013461636 ], [ -73.427558819112761, 9.111516163145829 ], [ -73.42700368636568, 9.124859975921431 ], [ -73.417751473914265, 9.130468245059003 ], [ -73.401097491501716, 9.133949239696117 ], [ -73.392585456046419, 9.133949239696117 ], [ -73.387959349820719, 9.138397177287985 ], [ -73.377411827626105, 9.141878171925097 ], [ -73.379817402863466, 9.145939332335063 ], [ -73.386108907330424, 9.151160824290734 ], [ -73.386478995828483, 9.157929424974009 ], [ -73.347619703532544, 9.184230273343312 ], [ -73.341883331812667, 9.180942667297149 ], [ -73.31708740244288, 9.177848449841937 ], [ -73.299323154536168, 9.178235227023839 ], [ -73.295622269555608, 9.177461672660035 ], [ -73.281003773882375, 9.167792243112498 ], [ -73.258798463998971, 9.166245134384893 ], [ -73.249731295796593, 9.164117859884435 ], [ -73.243994924076716, 9.16566496861204 ], [ -73.227896074411248, 9.180169112933347 ], [ -73.219569083204988, 9.184617050525214 ], [ -73.213832711485111, 9.185583993479968 ], [ -73.174233242193054, 9.182876553206658 ], [ -73.166461383733861, 9.18616415925282 ], [ -73.162205366006219, 9.192545982754195 ], [ -73.151472799562583, 9.202795578074586 ], [ -73.148142003080068, 9.213818727758778 ], [ -73.132968374659754, 9.224068323079168 ], [ -73.129267489679179, 9.234898084172411 ], [ -73.100400586830773, 9.236251804309065 ], [ -73.087447489398798, 9.234511306990509 ], [ -73.083561560169201, 9.241860073446636 ], [ -73.075234568962927, 9.243987347947096 ], [ -73.073939259219728, 9.247274953993259 ], [ -73.073384126472646, 9.260038600996008 ], [ -73.07042341848819, 9.262939429860269 ], [ -73.051733949336338, 9.264873315769776 ], [ -73.044887312122285, 9.266807201679285 ], [ -73.040816338643666, 9.270674973498298 ], [ -73.035079966923789, 9.285179117819606 ], [ -73.031379081943228, 9.288079946683867 ], [ -73.025457665974315, 9.286919615138162 ], [ -73.01805589601318, 9.293881604412389 ], [ -73.010839170301082, 9.296202267503798 ], [ -73.000846780853564, 9.291947718502882 ], [ -73.003252356090925, 9.284792340637704 ], [ -73.001031825102586, 9.281504734591541 ], [ -72.993815099390488, 9.278990682909182 ], [ -72.992704833896312, 9.274155968135412 ], [ -72.993815099390488, 9.264293149996924 ], [ -72.985303063935177, 9.257717937904598 ], [ -72.985303063935177, 9.241086519082835 ], [ -72.986598373678376, 9.233931141217656 ], [ -72.993259966643393, 9.227742706307232 ], [ -72.983637665693934, 9.224841877442971 ], [ -72.978271382472116, 9.219813774078251 ], [ -72.968834125771664, 9.215752613668284 ], [ -72.963652886798883, 9.207823681439304 ], [ -72.960877223063449, 9.173787289431973 ], [ -72.962727665553729, 9.164504637066335 ], [ -72.966613594783325, 9.159669922292567 ], [ -72.985303063935177, 9.149033549790275 ], [ -72.983267577195875, 9.145939332335063 ], [ -72.972349966503202, 9.141878171925097 ], [ -72.968464037273606, 9.138590565878934 ], [ -72.957546426580947, 9.118864929601958 ], [ -72.953290408853292, 9.114030214828189 ], [ -72.944963417647017, 9.109195500054421 ], [ -72.946258727390216, 9.100686402052586 ], [ -72.944038196401877, 9.095271521505966 ], [ -72.937006514938801, 9.093337635596459 ], [ -72.928679523732526, 9.086762423504133 ], [ -72.922573063514591, 9.088116143640788 ], [ -72.91609651479861, 9.09623846446072 ], [ -72.906844302347196, 9.097978961779276 ], [ -72.890005275685624, 9.105907894008258 ], [ -72.881863328728372, 9.115383934964845 ], [ -72.882603505724489, 9.129694690695199 ], [ -72.879272709241974, 9.135496348423722 ], [ -72.874091470269192, 9.135883125605623 ], [ -72.862618726829439, 9.13240213096851 ], [ -72.838007841708674, 9.13201535378661 ], [ -72.823944478782522, 9.126793861830938 ], [ -72.819503416805844, 9.131821965195659 ], [ -72.820243593801962, 9.141684783334147 ], [ -72.818393151311682, 9.143618669243654 ], [ -72.808770850362208, 9.136850068560378 ], [ -72.80618023087581, 9.133755851105166 ], [ -72.808585806113172, 9.126793861830938 ], [ -72.806550319373869, 9.122926090011923 ], [ -72.795262620183138, 9.123506255784775 ], [ -72.796002797179256, 9.114803769191992 ], [ -72.791376690953555, 9.109195500054421 ], [ -72.783974920992421, 9.115964100737697 ], [ -72.777868460774485, 9.116350877919597 ], [ -72.768801292572107, 9.10668144837206 ], [ -72.772687221801689, 9.103974008098749 ], [ -72.766950850081813, 9.094884744324064 ], [ -72.768061115575989, 9.089856640959345 ], [ -72.762879876603193, 9.086182257731281 ], [ -72.756218283638177, 9.049245036859686 ], [ -72.743820318953283, 9.015982199216158 ], [ -72.731607398517411, 8.964927611205157 ], [ -72.73197748701547, 8.958739176294733 ], [ -72.721429964820857, 8.920061458104582 ], [ -72.704035805412204, 8.845026684815691 ], [ -72.690897663731192, 8.786429941757612 ], [ -72.673133415824481, 8.711975334241572 ], [ -72.66850730959878, 8.690315812055088 ], [ -72.65869996440027, 8.650671150910183 ], [ -72.65314863692943, 8.626110799859438 ], [ -72.646116955466354, 8.61373393003859 ], [ -72.639455362501337, 8.613153764265737 ], [ -72.632608725287284, 8.614507484402392 ], [ -72.630758282797004, 8.609479381037673 ], [ -72.625021911077127, 8.608512438082919 ], [ -72.622616335839766, 8.601163671626791 ], [ -72.611883769396115, 8.595555402489218 ], [ -72.584127132041885, 8.567514056801359 ], [ -72.554705096446384, 8.532897499021175 ], [ -72.537495981286753, 8.515299137244655 ], [ -72.462923148928354, 8.431561877362979 ], [ -72.424804033628533, 8.385728781307652 ], [ -72.419807838904774, 8.392303993399977 ], [ -72.414811644181015, 8.389983330308567 ], [ -72.411850936196558, 8.385148615534799 ], [ -72.412776157441698, 8.379346957806277 ], [ -72.402598723745143, 8.366389922212576 ], [ -72.39482686528595, 8.366970087985427 ], [ -72.391681113052471, 8.352659332255072 ], [ -72.395196953784009, 8.341249405388977 ], [ -72.392236245799552, 8.328679146977178 ], [ -72.380948546608835, 8.321523769112002 ], [ -72.381133590857857, 8.316689054338232 ], [ -72.385019520087454, 8.30605268183594 ], [ -72.384094298842314, 8.299090692561714 ], [ -72.387240051075793, 8.292515480469389 ], [ -72.385944741332594, 8.279558444875688 ], [ -72.387425095324829, 8.271436124055755 ], [ -72.390940936056353, 8.263313803235825 ], [ -72.390385803309272, 8.257705534098251 ], [ -72.385389608585513, 8.254417928052089 ], [ -72.377617750126319, 8.224829473636625 ], [ -72.368180493425882, 8.205297225950599 ], [ -72.371511289908398, 8.200075733994927 ], [ -72.367440316429764, 8.196401350766862 ], [ -72.355042351744871, 8.170680668170412 ], [ -72.354487218997789, 8.165072399032841 ], [ -72.356892794235151, 8.158690575531466 ], [ -72.362999254453086, 8.153275694984846 ], [ -72.363924475698227, 8.14940792316583 ], [ -72.359483413721549, 8.1287153439341 ], [ -72.372806599651582, 8.11343764524899 ], [ -72.373361732398678, 8.107249210338566 ], [ -72.367440316429764, 8.09796655797293 ], [ -72.352821820756532, 8.094098786153914 ], [ -72.350046157021112, 8.089844237152999 ], [ -72.349861112772089, 8.079014476059756 ], [ -72.345790139293456, 8.049039244462389 ], [ -72.349120935775971, 8.034921877322985 ], [ -72.34856580302889, 8.016356572591711 ], [ -72.35541244024293, 8.009974749090336 ], [ -72.356707749986128, 8.005720200089421 ], [ -72.365959962437543, 8.021384675956432 ], [ -72.374657042141877, 8.029893773958264 ], [ -72.379468192616599, 8.037629317596295 ], [ -72.390570847558308, 8.040916923642458 ], [ -72.399823060009709, 8.038402871960098 ], [ -72.41388642293586, 8.038209483369148 ], [ -72.410925714951418, 8.030667328322068 ], [ -72.410925714951418, 8.026026002139249 ], [ -72.417587307916435, 8.011328469226992 ], [ -72.416106953924199, 7.999918542360898 ], [ -72.427209608865894, 7.986574729585296 ], [ -72.439422529301766, 7.984060677902935 ], [ -72.439237485052743, 7.973424305400645 ], [ -72.445528989519701, 7.970136699354482 ], [ -72.446454210764841, 7.960273881215993 ], [ -72.458482086951676, 7.960273881215993 ], [ -72.463293237426413, 7.957759829533634 ], [ -72.474765980866167, 7.955632555033175 ], [ -72.480132264087985, 7.948670565758947 ], [ -72.48716394555106, 7.933973032846691 ], [ -72.481427573831184, 7.92623748920866 ], [ -72.468474476399209, 7.919855665707285 ], [ -72.464218458671553, 7.914440785160664 ], [ -72.463108193177391, 7.904771355613127 ], [ -72.459592352445853, 7.894715148883687 ], [ -72.459037219698757, 7.883111833426643 ], [ -72.453485892227917, 7.873635792470056 ], [ -72.451265361239578, 7.866480414604878 ], [ -72.449044830251239, 7.830896913869939 ], [ -72.450710228492497, 7.824515090368564 ], [ -72.463293237426413, 7.807303505773946 ], [ -72.469399697644349, 7.796667133271656 ], [ -72.473840759621027, 7.785643983587462 ], [ -72.475321113613248, 7.775200999676121 ], [ -72.475321113613248, 7.750253871443475 ], [ -72.479021998593822, 7.733429064030759 ], [ -72.475136069364225, 7.705581106933851 ], [ -72.479021998593822, 7.691657128385396 ], [ -72.477911733099646, 7.673091823654124 ], [ -72.479207042842845, 7.64659758669387 ], [ -72.479207042842845, 7.626871950416895 ], [ -72.474395892368108, 7.606566148367065 ], [ -72.461812883434192, 7.578718191270157 ], [ -72.456631644461396, 7.560539663720785 ], [ -72.458297042702654, 7.550870234173248 ], [ -72.461627839185155, 7.540814027443808 ], [ -72.467364210905032, 7.528823934804862 ], [ -72.476616423356447, 7.518961116666373 ], [ -72.477911733099646, 7.514319790483556 ], [ -72.477356600352564, 7.491499936751367 ], [ -72.480687396835066, 7.48453794747714 ], [ -72.476986511854506, 7.480283398476223 ], [ -72.46625394541087, 7.475835460884356 ], [ -72.455706423216256, 7.462298259517803 ], [ -72.449414918749298, 7.448567669560299 ], [ -72.4468242992629, 7.416271774871523 ], [ -72.443493502780385, 7.406215568142084 ], [ -72.438682352305648, 7.400413910413562 ], [ -72.408520139714042, 7.39731969295835 ], [ -72.392236245799552, 7.39209820100268 ], [ -72.383909254593277, 7.395579195639792 ], [ -72.379098104118555, 7.395192418457892 ], [ -72.367440316429764, 7.390357703684122 ], [ -72.360593679215725, 7.393838698321236 ], [ -72.346160227791515, 7.385329600319404 ], [ -72.343754652554153, 7.379914719772781 ], [ -72.33783323658524, 7.375273393589964 ], [ -72.331541732118282, 7.374113062044259 ], [ -72.321364298421727, 7.374886616408062 ], [ -72.315812970950873, 7.377594056681373 ], [ -72.308781289487797, 7.387456874819861 ], [ -72.303044917767934, 7.387843652001763 ], [ -72.293237572569424, 7.383975880182748 ], [ -72.281209696382589, 7.382041994273241 ], [ -72.269921997191872, 7.37914116540898 ], [ -72.265110846717135, 7.375466782180915 ], [ -72.259744563495317, 7.375660170771866 ], [ -72.253268014779323, 7.381655217091339 ], [ -72.235318722623575, 7.390937869456975 ], [ -72.220700226950342, 7.390357703684122 ], [ -72.213113412740185, 7.385522988910354 ], [ -72.203306067541689, 7.381075051318486 ], [ -72.194053855090274, 7.370051901634293 ], [ -72.18850252761942, 7.357481643222494 ], [ -72.181100757658299, 7.346458493538302 ], [ -72.165927129237971, 7.328473354579881 ], [ -72.165927129237971, 7.317450204895689 ], [ -72.168332704475347, 7.307780775348151 ], [ -72.172588722202988, 7.298691511573466 ], [ -72.176104562934526, 7.28438075584311 ], [ -72.172033589455907, 7.271230331658458 ], [ -72.174254120444246, 7.260593959156166 ], [ -72.173143854950084, 7.25131130679053 ], [ -72.165557040739913, 7.238160882605879 ], [ -72.161301023012271, 7.233712945014013 ], [ -72.14723766008612, 7.20741209664471 ], [ -72.124847305953693, 7.172215373091673 ], [ -72.085802969408732, 7.109364081032677 ], [ -72.063412615276306, 7.072813637342986 ], [ -72.04990438509725, 7.049413617837944 ], [ -72.033990579680818, 7.023886323832444 ], [ -72.032140137190538, 7.021952437922938 ], [ -72.024368278731345, 7.013830117103005 ], [ -72.018446862762431, 7.011122676829695 ], [ -72.007899340567832, 7.008995402329237 ], [ -71.988654738668885, 7.010929288238744 ], [ -71.983103411198044, 7.010349122465891 ], [ -71.967189605781613, 7.008608625147335 ], [ -71.959787835820478, 7.010155733874941 ], [ -71.920928543524539, 7.010542511056842 ], [ -71.904829693859085, 7.014216894284907 ], [ -71.873557215773303, 7.009188790920188 ], [ -71.846170666917118, 7.008608625147335 ], [ -71.840434295197241, 7.007641682192581 ], [ -71.833032525236106, 7.011316065420646 ], [ -71.82229995879247, 7.02291938087769 ], [ -71.823965357033728, 7.037036748017096 ], [ -71.820264472053154, 7.045739234609879 ], [ -71.808606684364378, 7.04805989770129 ], [ -71.804350666636722, 7.055215275566466 ], [ -71.798799339165868, 7.054054944020763 ], [ -71.789177038216408, 7.067205368205414 ], [ -71.786956507228069, 7.068752476933019 ], [ -71.781590224006251, 7.055215275566466 ], [ -71.778444471772758, 7.052894612475058 ], [ -71.774188454045117, 7.057922715839776 ], [ -71.767896949578159, 7.070106197069675 ], [ -71.760125091118965, 7.07165330579728 ], [ -71.760680223866046, 7.056955772885024 ], [ -71.758829781375766, 7.049800395019846 ], [ -71.75494385214617, 7.050380560792698 ], [ -71.745136506947674, 7.059663213158334 ], [ -71.734403940504038, 7.061597099067841 ], [ -71.732553498013758, 7.057922715839776 ], [ -71.729222701531242, 7.041097908427062 ], [ -71.718860223585665, 7.03568302788044 ], [ -71.687217657001824, 7.037423525198998 ], [ -71.679260754293608, 7.035489639289489 ], [ -71.665197391367457, 7.021759049331987 ], [ -71.660201196643698, 7.022339215104839 ], [ -71.659646063896616, 7.03297558760713 ], [ -71.660941373639815, 7.043418571518471 ], [ -71.65576013466702, 7.051154115156502 ], [ -71.650948984192283, 7.051347503747452 ], [ -71.64003137349961, 7.046319400382732 ], [ -71.630224028301114, 7.039744188290406 ], [ -71.621711992845817, 7.038197079562801 ], [ -71.615420488378845, 7.039937576881357 ], [ -71.603947744939106, 7.047673120519388 ], [ -71.597101107725052, 7.046706177564634 ], [ -71.593215178495456, 7.041678074199915 ], [ -71.593400222744492, 7.028334261424313 ], [ -71.590069426261977, 7.020792106377232 ], [ -71.578596682822223, 7.020405329195331 ], [ -71.553245620705354, 7.029687981560967 ], [ -71.540107479024343, 7.026980541287656 ], [ -71.525674027600132, 7.025240043969101 ], [ -71.506799514199258, 7.026593764105755 ], [ -71.491440841529908, 7.015183837239661 ], [ -71.477932611350838, 7.028334261424313 ], [ -71.472196239630961, 7.029881370151918 ], [ -71.469420575895541, 7.025820209741951 ], [ -71.466274823662062, 7.011122676829695 ], [ -71.442774204035473, 7.020985494968183 ], [ -71.437407920813655, 7.030074758742868 ], [ -71.421124026899165, 7.03316897619808 ], [ -71.404285000237593, 7.032202033243326 ], [ -71.394477655039097, 7.029107815788114 ], [ -71.385040398338646, 7.020018552013429 ], [ -71.380969424860027, 7.017891277512971 ], [ -71.367831283179015, 7.015764003012514 ], [ -71.345625973295625, 7.014410282875858 ], [ -71.330267300626275, 7.012476396966351 ], [ -71.322310397918059, 7.014797060057759 ], [ -71.316203937700124, 7.018278054694873 ], [ -71.304546150011348, 7.021372272150085 ], [ -71.289372521591034, 7.022725992286739 ], [ -71.280860486135737, 7.026787152696706 ], [ -71.271608273684308, 7.028140872833362 ], [ -71.251068362042176, 7.013056562739202 ], [ -71.243296503582997, 7.012863174148251 ], [ -71.234229335380604, 7.019825163422478 ], [ -71.227012609668506, 7.021372272150085 ], [ -71.212024025497215, 7.019051609058677 ], [ -71.186302874882273, 7.019825163422478 ], [ -71.16798349422848, 7.023499546650543 ], [ -71.152994910057188, 7.029107815788114 ], [ -71.139486679878132, 7.029107815788114 ], [ -71.133010131162138, 7.026013598332902 ], [ -71.128198980687401, 7.010155733874941 ], [ -71.115060839006389, 7.008608625147335 ], [ -71.108584290290409, 7.004547464737369 ], [ -71.11691128149667, 6.999325972781699 ], [ -71.113765529263191, 6.994684646598881 ], [ -71.104143228313731, 6.986755714369901 ], [ -71.093040573372036, 6.983274719732787 ], [ -71.065839068764873, 6.982887942550885 ], [ -71.015507033029181, 6.97902017073187 ], [ -70.993856855892872, 6.992944149280325 ], [ -70.987195262927855, 6.994878035189831 ], [ -70.982569156702141, 6.993524315053175 ], [ -70.971096413262387, 6.981534222414229 ], [ -70.962954466305149, 6.980180502277575 ], [ -70.952962076857631, 6.985982160006097 ], [ -70.943709864406202, 7.007254905010679 ], [ -70.931126855472286, 7.016730945967266 ], [ -70.926685793495608, 7.025433432560051 ], [ -70.915768182802935, 7.022532603695788 ], [ -70.913732696063633, 7.026787152696706 ], [ -70.902074908374843, 7.03297558760713 ], [ -70.900409510133599, 7.037616913789948 ], [ -70.902630041121938, 7.051927669520303 ], [ -70.897078713651084, 7.057342550066926 ], [ -70.876538802008952, 7.05598882993027 ], [ -70.8671015453085, 7.051734280929352 ], [ -70.859329686849321, 7.051347503747452 ], [ -70.857109155860982, 7.054054944020763 ], [ -70.851372784141105, 7.070879751433477 ], [ -70.829352518506738, 7.067592145387314 ], [ -70.804001456389855, 7.077841740707704 ], [ -70.795119332436499, 7.078808683662459 ], [ -70.781796146506466, 7.075134300434394 ], [ -70.772173845556992, 7.082289678299572 ], [ -70.761996411860437, 7.088284724619045 ], [ -70.754964730397376, 7.088478113209996 ], [ -70.73905092498093, 7.084223564209079 ], [ -70.71684561509754, 7.087511170255242 ], [ -70.701671986677226, 7.087317781664291 ], [ -70.691494552980672, 7.092539273619963 ], [ -70.667438800606988, 7.079002072253409 ], [ -70.658001543906551, 7.075327689025345 ], [ -70.646158711968738, 7.067592145387314 ], [ -70.637461632264404, 7.064304539341151 ], [ -70.59952756121362, 7.064111150750202 ], [ -70.591200570007345, 7.066431813841611 ], [ -70.585649242536491, 7.070492974251577 ], [ -70.574361543345773, 7.074940911843443 ], [ -70.560853313166703, 7.076874797752952 ], [ -70.547715171485692, 7.067978922569216 ], [ -70.541053578520675, 7.056568995703122 ], [ -70.539943313026512, 7.043611960109422 ], [ -70.534206941306635, 7.037810302380899 ], [ -70.521438888123683, 7.033362364789031 ], [ -70.515517472154784, 7.026593764105755 ], [ -70.508300746442671, 7.011702842602547 ], [ -70.499603666738352, 7.005321019101173 ], [ -70.488501011796643, 7.003967298964517 ], [ -70.481284286084545, 6.998552418417896 ], [ -70.472217117882167, 6.996425143917438 ], [ -70.460559330193377, 7.006674739237827 ], [ -70.441499772543466, 7.002613578827862 ], [ -70.437798887562906, 6.999712749963601 ], [ -70.432432604341088, 6.991010263370816 ], [ -70.425771011376071, 6.984241662687539 ], [ -70.413188002442141, 6.98172761100518 ], [ -70.386911719080132, 6.981534222414229 ], [ -70.37969499336802, 6.977666450595214 ], [ -70.373218444652039, 6.967223466683874 ], [ -70.368037205679244, 6.965096192183415 ], [ -70.366741895936045, 6.956780482772533 ], [ -70.361005524216168, 6.956393705590632 ], [ -70.351568267515731, 6.948464773361652 ], [ -70.338430125834719, 6.940149063950768 ], [ -70.31900047968675, 6.932800297494639 ], [ -70.309748267235335, 6.932606908903688 ], [ -70.30142127602906, 6.934540794813197 ], [ -70.289948532589307, 6.939182120996014 ], [ -70.275700125414133, 6.939375509586965 ], [ -70.263487204978262, 6.944597001542636 ], [ -70.252014461538508, 6.95600692840873 ], [ -70.236840833118194, 6.966643300911022 ], [ -70.222407381693984, 6.972058181457642 ], [ -70.200572160308653, 6.972444958639544 ], [ -70.177996761927204, 6.973605290185249 ], [ -70.15394100955352, 6.981147445232327 ], [ -70.14561401834726, 6.980373890868526 ], [ -70.136546850144867, 6.977086284822363 ], [ -70.129515168681792, 6.977279673413314 ], [ -70.121928354471635, 6.980567279459477 ], [ -70.108790212790623, 6.992944149280325 ], [ -70.094171717117391, 7.00203341305501 ], [ -70.089360566642654, 7.002420190236911 ], [ -70.082698973677637, 6.998359029826945 ], [ -70.071041185988861, 6.980760668050426 ], [ -70.036252867171541, 6.931446577357985 ], [ -70.030331451202642, 6.921777147810447 ], [ -70.024595079482765, 6.915201935718121 ], [ -70.011827026299812, 6.897023408168751 ], [ -69.999984194362, 6.880972155119837 ], [ -69.994247822642123, 6.87633082893702 ], [ -69.98055454821403, 6.859892798706205 ], [ -69.96149499056412, 6.83513905906451 ], [ -69.956128707342302, 6.825856406698874 ], [ -69.938549503684612, 6.802456387193832 ], [ -69.931702866470573, 6.792400180464393 ], [ -69.896544459155194, 6.742892701180999 ], [ -69.892473485676575, 6.734963768952019 ], [ -69.884701627217382, 6.725294339404481 ], [ -69.855279591621894, 6.684876123895773 ], [ -69.841771361442824, 6.665537264800697 ], [ -69.810498883357042, 6.62241160901868 ], [ -69.799581272664369, 6.605973578787866 ], [ -69.787738440726571, 6.590309102920855 ], [ -69.781076847761554, 6.579672730418563 ], [ -69.775525520290699, 6.573290906917189 ], [ -69.765718175092204, 6.558399985413981 ], [ -69.725563573053066, 6.502123905447311 ], [ -69.71945711283513, 6.492067698717872 ], [ -69.708724546391494, 6.478143720169419 ], [ -69.697436847200763, 6.461512301347653 ], [ -69.688924811745466, 6.451456094618214 ], [ -69.683558528523648, 6.442753608025431 ], [ -69.674121271823211, 6.431150292568384 ], [ -69.667644723107216, 6.420127142884192 ], [ -69.636187200772412, 6.376421321329321 ], [ -69.549031359480097, 6.253426177484643 ], [ -69.542369766515066, 6.24511046807376 ], [ -69.534042775308805, 6.23234682107101 ], [ -69.497589058250227, 6.182645953196667 ], [ -69.450402774748014, 6.116700443682459 ], [ -69.441520650794658, 6.112832671863444 ], [ -69.436524456070899, 6.115153334954854 ], [ -69.436524456070899, 6.108191345680627 ], [ -69.442445872039798, 6.082857440266078 ], [ -69.442445872039798, 6.065839244262412 ], [ -69.44781215526163, 6.055976426123923 ], [ -69.451883128740249, 6.051335099941104 ], [ -69.451883128740249, 6.040311950256912 ], [ -69.457619500460126, 6.032963183800783 ], [ -69.470202509394042, 6.030642520709375 ], [ -69.480564987339633, 6.021940034116591 ], [ -69.489817199791048, 6.022520199889442 ], [ -69.521089677876816, 6.020392925388984 ], [ -69.541629589518962, 6.017685485115674 ], [ -69.563649855153329, 6.007242501204333 ], [ -69.590666315511456, 6.001634232066761 ], [ -69.60676516517691, 5.992544968292076 ], [ -69.6230490590914, 5.98848380788211 ], [ -69.679487555045029, 5.99331852265588 ], [ -69.695586404710482, 5.992931745473978 ], [ -69.712980564119135, 5.99119124815542 ], [ -69.738886758983099, 5.998153237429648 ], [ -69.77052932556694, 6.005308615294826 ], [ -69.783852511496974, 6.00878960993194 ], [ -69.805687732882305, 6.000280511930105 ], [ -69.820676317053596, 6.002021009248663 ], [ -69.846027379170479, 6.009176387113841 ], [ -69.847877821660759, 6.004921838112924 ], [ -69.853059060633541, 5.990611082382568 ], [ -69.875449414765967, 5.967017674286577 ] ] ] } },
{ "type": "Feature", "properties": { "Zone": "Oriental" }, "geometry": { "type": "Polygon", "coordinates": [ [ [ -71.070835263488632, 2.834896055248172 ], [ -71.057697121807621, 2.82677373442824 ], [ -71.059362520048879, 2.81130264715218 ], [ -71.060472785543055, 2.787515850465238 ], [ -71.05714198906054, 2.777653032326749 ], [ -71.040858095146049, 2.789256347783795 ], [ -71.027164820717957, 2.801246440422741 ], [ -71.021983581745175, 2.802986937741298 ], [ -71.000703493106926, 2.795444782694219 ], [ -70.96536004154251, 2.79583155987612 ], [ -70.952777032608594, 2.791770399466154 ], [ -70.957218094585272, 2.780747249781961 ], [ -70.955552696344014, 2.758314173231674 ], [ -70.949261191877056, 2.750191852411742 ], [ -70.937233315690222, 2.760441447732132 ], [ -70.941859421915922, 2.772044763189177 ], [ -70.944635085651356, 2.787709239056189 ], [ -70.944079952904261, 2.81130264715218 ], [ -70.935938005947023, 2.820585299517816 ], [ -70.921134466024768, 2.812462978697885 ], [ -70.912437386320434, 2.786935684692385 ], [ -70.905590749106381, 2.773591871916783 ], [ -70.899669333137481, 2.768370379961113 ], [ -70.888196589697728, 2.763148888005443 ], [ -70.888751722444809, 2.772431540371079 ], [ -70.88468074896619, 2.784034855828124 ], [ -70.874318271020599, 2.793704285375662 ], [ -70.859884819596402, 2.787902627647139 ], [ -70.864510925822103, 2.763729053778295 ], [ -70.878389244499232, 2.745163749047022 ], [ -70.865621191316279, 2.740522422864204 ], [ -70.86340066032794, 2.746324080592727 ], [ -70.850632607144988, 2.756186898731215 ], [ -70.827131987518399, 2.755413344367413 ], [ -70.782166235004524, 2.751738961139348 ], [ -70.78549703148704, 2.74187614300086 ], [ -70.802336058148612, 2.737428205408992 ], [ -70.805111721884032, 2.725824889951947 ], [ -70.768102872078373, 2.729305884589061 ], [ -70.734794907253288, 2.746324080592727 ], [ -70.722767031066454, 2.742843085955614 ], [ -70.722026854070336, 2.730659604725716 ], [ -70.719806323081997, 2.716735626177262 ], [ -70.713514818615039, 2.708033139584478 ], [ -70.698526234443747, 2.713834797313001 ], [ -70.68113207503508, 2.728725718816208 ], [ -70.665588358116707, 2.744970360456072 ], [ -70.655966057167234, 2.756380287322166 ], [ -70.65707632266141, 2.765662939687802 ], [ -70.665033225369626, 2.782487747100518 ], [ -70.659851986396831, 2.817104304880703 ], [ -70.640237295999839, 2.807821652515067 ], [ -70.632280393291623, 2.788096016238089 ], [ -70.625988888824665, 2.763148888005443 ], [ -70.615441366630051, 2.75734723027692 ], [ -70.613220835641712, 2.766629882642556 ], [ -70.611555437400455, 2.781134026963863 ], [ -70.601007915205841, 2.79834561155848 ], [ -70.563628976902123, 2.775719146417241 ], [ -70.541793755516792, 2.763535665187344 ], [ -70.526064994349383, 2.754059624230758 ], [ -70.516257649150887, 2.746517469183678 ], [ -70.501824197726691, 2.746517469183678 ], [ -70.859884819596402, 2.542299117139682 ], [ -70.856924111611946, 2.533016464774046 ], [ -70.849337297401789, 2.521026372135099 ], [ -70.838974819456212, 2.511163553996611 ], [ -70.844156058428993, 2.503041233176679 ], [ -70.839529952203293, 2.493758580811043 ], [ -70.81417889008641, 2.489504031810126 ], [ -70.800300571409295, 2.491824694901536 ], [ -70.772728978304087, 2.50323462176763 ], [ -70.761256234864334, 2.499753627130517 ], [ -70.75533481889542, 2.479641213671638 ], [ -70.747377916187205, 2.46223624048607 ], [ -70.726652960296036, 2.45179325657473 ], [ -70.706298092902927, 2.417563475976446 ], [ -70.698341190194711, 2.407700657837958 ], [ -70.690199243237473, 2.394356845062355 ], [ -70.687238535253016, 2.374631208785379 ], [ -70.676320924560343, 2.360900618827875 ], [ -70.665958446614766, 2.345816308733716 ], [ -70.65615110141627, 2.327831169775297 ], [ -70.644678357976517, 2.300176601269339 ], [ -70.639312074754699, 2.283351793856623 ], [ -70.62728419856785, 2.267687317989612 ], [ -70.609334906412116, 2.258211277033025 ], [ -70.582318446053989, 2.246027795803127 ], [ -70.567329861882698, 2.241386469620309 ], [ -70.550675879470148, 2.235004646118934 ], [ -70.538092870536232, 2.231910428663722 ], [ -70.525879950100361, 2.235391423300836 ], [ -70.50959605618587, 2.235971589073689 ], [ -70.50959605618587, 2.2261087709352 ], [ -70.501084020730573, 2.215085621251007 ], [ -70.498678445493198, 2.210444295068189 ], [ -70.506265259703369, 2.202321974248258 ], [ -70.499973755236397, 2.196520316519734 ], [ -70.491276675532077, 2.198840979611144 ], [ -70.48368986132192, 2.193039321882621 ], [ -70.471661985135071, 2.194199653428326 ], [ -70.465370480668113, 2.199421145383996 ], [ -70.465925613415195, 2.206963300431076 ], [ -70.451492161990998, 2.212571569568647 ], [ -70.444090392029864, 2.214312066887204 ], [ -70.43539331232553, 2.219533558842874 ], [ -70.427806498115373, 2.216052564205761 ], [ -70.408746940465463, 2.217599672933367 ], [ -70.396163931531532, 2.22340133066189 ], [ -70.397274197025709, 2.210057517886288 ], [ -70.389872427064574, 2.209477352113435 ], [ -70.386356586333036, 2.204255860157764 ], [ -70.358784993227829, 2.198260813838291 ], [ -70.343611364807515, 2.204062471566814 ], [ -70.342501099313338, 2.191492213155015 ], [ -70.337874993087638, 2.184917001062689 ], [ -70.325847116900789, 2.184336835289837 ], [ -70.322331276169251, 2.175634348697053 ], [ -70.313079063717851, 2.175634348697053 ], [ -70.293464373320845, 2.187044275563148 ], [ -70.288838267095144, 2.195746762155932 ], [ -70.299940922036839, 2.19806742524734 ], [ -70.29864561229364, 2.211991403795795 ], [ -70.288283134348049, 2.21083107225009 ], [ -70.275144992667052, 2.20541619170347 ], [ -70.261266673989923, 2.207156689022026 ], [ -70.237581010114312, 2.217406284342416 ], [ -70.238876319857511, 2.20812363197678 ], [ -70.24109685084585, 2.201935197066356 ], [ -70.226108266674558, 2.201355031293503 ], [ -70.204643133787272, 2.19768064806544 ], [ -70.194835788588776, 2.198840979611144 ], [ -70.186323753133479, 2.208510409158682 ], [ -70.173555699950526, 2.200968254111602 ], [ -70.163193222004935, 2.203288917203011 ], [ -70.164488531748134, 2.214312066887204 ], [ -70.157456850285058, 2.214312066887204 ], [ -70.155791452043815, 2.221274056161431 ], [ -70.150610213071019, 2.226882325299003 ], [ -70.13395623065847, 2.221660833343333 ], [ -70.112491097771198, 2.22108066757048 ], [ -70.09232127462711, 2.225528605162348 ], [ -70.078442955949981, 2.230169931345166 ], [ -70.065859947016065, 2.239839360892703 ], [ -70.045690123871978, 2.247961681712635 ], [ -70.045134991124897, 2.240419526665556 ], [ -70.047355522113236, 2.232297205845624 ], [ -70.038658442408916, 2.231717040072771 ], [ -70.041064017646278, 2.224755050798545 ], [ -70.017378353770653, 2.225141827980446 ], [ -69.997763663373661, 2.215279009841958 ], [ -70.009236406813415, 2.209670740704386 ], [ -70.01904375201191, 2.206769911840125 ], [ -70.023669858237625, 2.197487259474489 ], [ -70.010531716556613, 2.185303778244591 ], [ -70.005350477583818, 2.175440960106102 ], [ -70.031811805194863, 2.139277293598312 ], [ -70.05198162833895, 2.123612817731301 ], [ -70.056052601817569, 2.112202890865206 ], [ -70.06067870804327, 2.10292023849957 ], [ -70.068635610751485, 2.093637586133934 ], [ -70.095281982611567, 2.07990699617643 ], [ -70.110085522533822, 2.076039224357415 ], [ -70.122853575716775, 2.06965740085604 ], [ -70.126369416448313, 2.058247473989946 ], [ -70.116562071249817, 2.032720179984446 ], [ -70.127479681942475, 2.032720179984446 ], [ -70.144133664355024, 2.027111910846875 ], [ -70.158567115779235, 2.016088761162681 ], [ -70.174665965444689, 2.006419331615144 ], [ -70.188544284121818, 1.997136679249508 ], [ -70.190764815110157, 1.990948244339084 ], [ -70.209824372760067, 1.988047415474822 ], [ -70.213340213491605, 1.979344928882038 ], [ -70.223147558690101, 1.983599477882955 ], [ -70.257750833258385, 1.98243914633725 ], [ -70.272184284682595, 1.980892037609644 ], [ -70.28236171837915, 1.977411042972531 ], [ -70.299200745040721, 1.976830877199679 ], [ -70.294574638815021, 1.972769716789712 ], [ -70.298090479546559, 1.96948211074355 ], [ -70.313634196464932, 1.966001116106437 ], [ -70.323811630161487, 1.957298629513653 ], [ -70.338985258581801, 1.951690360376081 ], [ -70.352863577258915, 1.952270526148933 ], [ -70.359710214472969, 1.958072183877456 ], [ -70.371738090659804, 1.95923251542316 ], [ -70.379324904869961, 1.953430857694637 ], [ -70.397644285523768, 1.951883748967031 ], [ -70.421885082146474, 1.942020930828543 ], [ -70.428731719360513, 1.946855645602312 ], [ -70.430027029103712, 1.950336640239425 ], [ -70.438168976060965, 1.9567184637408 ], [ -70.440944639796385, 1.945115148283755 ], [ -70.457043489461839, 1.940667210691887 ], [ -70.468516232901592, 1.940087044919036 ], [ -70.466850834660335, 1.936025884509069 ], [ -70.468516232901592, 1.925582900597729 ], [ -70.506080215454332, 1.908371316003111 ], [ -70.512371719921305, 1.908951481775964 ], [ -70.521068799625624, 1.91301264218593 ], [ -70.531986410318297, 1.912045699231176 ], [ -70.537722782038173, 1.907984538821211 ], [ -70.554561808699745, 1.891933285772298 ], [ -70.586759508030667, 1.891933285772298 ], [ -70.603968623190298, 1.889225845498987 ], [ -70.620252517104788, 1.890966342817544 ], [ -70.630059862303284, 1.886325016634726 ], [ -70.645048446474576, 1.881296913270006 ], [ -70.670214464342422, 1.871627483722468 ], [ -70.702042075175285, 1.867759711903454 ], [ -70.7112942876267, 1.872207649495321 ], [ -70.732574376264949, 1.875882032723386 ], [ -70.753854464903199, 1.886325016634726 ], [ -70.755519863144457, 1.87472170117768 ], [ -70.767177650833233, 1.873174592450074 ], [ -70.778650394272987, 1.884197742134268 ], [ -70.806962164374312, 1.877815918632892 ], [ -70.824726412281024, 1.875108478359582 ], [ -70.841565438942595, 1.870467152176764 ], [ -70.860069863845425, 1.877622530041942 ], [ -70.883015350724932, 1.872981203859124 ], [ -70.888196589697728, 1.873174592450074 ], [ -70.896338536654966, 1.879363027360499 ], [ -70.918728890787392, 1.832176211168515 ], [ -70.92502039525435, 1.824053890348583 ], [ -70.942969687410098, 1.811483631936785 ], [ -70.953887298102771, 1.80007370507069 ], [ -70.972946855752681, 1.790210886932202 ], [ -70.989045705418135, 1.77938112583896 ], [ -70.99829791786955, 1.774739799656142 ], [ -71.023648979986433, 1.766230701654308 ], [ -71.035676856173268, 1.758108380834376 ], [ -71.043818803130506, 1.75656127210677 ], [ -71.059917652795974, 1.758301769425327 ], [ -71.072130573231831, 1.754240609015361 ], [ -71.080642608687128, 1.752693500287755 ], [ -71.092115352126882, 1.738769521739301 ], [ -71.113025352267087, 1.719237274053275 ], [ -71.156880839286785, 1.706667015641476 ], [ -71.175755352687673, 1.698157917639643 ], [ -71.19018880411187, 1.694096757229677 ], [ -71.205177388283161, 1.685587659227844 ], [ -71.229418184905867, 1.659673588040443 ], [ -71.236264822119921, 1.651551267220511 ], [ -71.255879512516913, 1.630858687988781 ], [ -71.26346632672707, 1.626797527578815 ], [ -71.274383937419742, 1.625057030260258 ], [ -71.284746415365319, 1.625830584624061 ], [ -71.291037919832291, 1.628731413488322 ], [ -71.300290132283692, 1.639174397399663 ], [ -71.308247034991922, 1.642075226263924 ], [ -71.327861725388914, 1.655419039039526 ], [ -71.342480221062146, 1.662961194086606 ], [ -71.355063229996063, 1.66412152563231 ], [ -71.360244468968858, 1.671083514906537 ], [ -71.372827477902788, 1.678625669953616 ], [ -71.386890840828926, 1.683460384727385 ], [ -71.39244216829978, 1.683460384727385 ], [ -71.397623407272576, 1.674177732361749 ], [ -71.399473849762856, 1.660833919586147 ], [ -71.403359778992453, 1.644202500764383 ], [ -71.406320486976895, 1.619835538304588 ], [ -71.411501725949691, 1.600883456391414 ], [ -71.418348363163744, 1.553503251608479 ], [ -71.422974469389445, 1.54364043346999 ], [ -71.428895885358344, 1.536871832786715 ], [ -71.45128623949077, 1.533584226740552 ], [ -71.457577743957728, 1.52546190592062 ], [ -71.4684953546504, 1.497033783050859 ], [ -71.473676593623196, 1.476921369591981 ], [ -71.484039071568773, 1.445205640676058 ], [ -71.486814735304193, 1.434375879582815 ], [ -71.494401549514365, 1.421032066807213 ], [ -71.497917390245902, 1.408848585577315 ], [ -71.496622080502704, 1.398405601665975 ], [ -71.497362257498807, 1.388156006345585 ], [ -71.499582788487146, 1.375392359342835 ], [ -71.505319160207023, 1.359727883475824 ], [ -71.515681638152614, 1.343676630426912 ], [ -71.519012434635115, 1.336134475379832 ], [ -71.520307744378314, 1.316022061920954 ], [ -71.53011508957681, 1.307899741101022 ], [ -71.533075797561267, 1.295136094098273 ], [ -71.532890753312245, 1.279665006822212 ], [ -71.53807199228504, 1.26632119404661 ], [ -71.543808364004917, 1.256651764499073 ], [ -71.546213939242278, 1.245048449042027 ], [ -71.554725974697575, 1.238279848358751 ], [ -71.558241815429113, 1.22783686444741 ], [ -71.553060576456318, 1.206370730851877 ], [ -71.551210133966038, 1.190126089212013 ], [ -71.553060576456318, 1.178522773754968 ], [ -71.543808364004917, 1.170593841525987 ], [ -71.533445886059326, 1.15841036029609 ], [ -71.525859071849169, 1.130562403199181 ], [ -71.525859071849169, 1.128241740107772 ], [ -71.518457301888034, 1.114317761559318 ], [ -71.50920508943662, 1.086663193053361 ], [ -71.507539691195362, 1.076800374914872 ], [ -71.516791903646777, 1.07389954605061 ], [ -71.536961726790864, 1.076993763505823 ], [ -71.543253231257822, 1.083375587007198 ], [ -71.547324204736441, 1.118572310560235 ], [ -71.553615709203413, 1.126694631380166 ], [ -71.562312788907732, 1.129595460244428 ], [ -71.568604293374705, 1.127854962925871 ], [ -71.573230399600405, 1.116445036059776 ], [ -71.569714558868867, 1.106582217921288 ], [ -71.55935208092329, 1.092658239372834 ], [ -71.561017479164548, 1.084535918552902 ], [ -71.575450930588744, 1.082215255461493 ], [ -71.589884382012954, 1.088016913190016 ], [ -71.591549780254212, 1.08646980446241 ], [ -71.595065620985736, 1.069644997049694 ], [ -71.587663851024615, 1.063263173548319 ], [ -71.589884382012954, 1.05069291513652 ], [ -71.601357125452708, 1.033868107723804 ], [ -71.607278541421607, 1.01472263721968 ], [ -71.624487656581238, 1.007373870763551 ], [ -71.637625798262249, 1.000411881489324 ], [ -71.644657479725325, 0.995383778124604 ], [ -71.667602966604832, 0.960187054571567 ], [ -71.675189780814989, 0.954578785433996 ], [ -71.692954028721701, 0.947036630386916 ], [ -71.695914736706158, 0.947036630386916 ], [ -71.714974294356068, 0.952838288115439 ], [ -71.731073144021522, 0.948390350523571 ], [ -71.745506595445733, 0.956512671343503 ], [ -71.764566153095643, 0.949550682069276 ], [ -71.775483763788316, 0.91976883906286 ], [ -71.79158261345377, 0.895982042375917 ], [ -71.802500224146442, 0.874129131598482 ], [ -71.811012259601739, 0.847054728865377 ], [ -71.813972967586196, 0.845894397319672 ], [ -71.835253056224445, 0.826362149633646 ], [ -71.846725799664199, 0.818239828813714 ], [ -71.857273321858813, 0.80682990194762 ], [ -71.869301198045648, 0.790778648898708 ], [ -71.8820692512286, 0.780335664987367 ], [ -71.898723233641149, 0.765444743484158 ], [ -71.925739693999276, 0.743011666933871 ], [ -71.936102171944853, 0.732568683022531 ], [ -71.959787835820478, 0.707234777607981 ], [ -71.977181995229131, 0.693504187650478 ], [ -71.9919855351514, 0.677452934601566 ], [ -72.005308721081434, 0.667009950690225 ], [ -72.024368278731345, 0.649798366095608 ], [ -72.038061553159437, 0.642256211048529 ], [ -72.042132526638056, 0.638968605002366 ], [ -72.045093234622513, 0.636647941910956 ], [ -72.07396013747092, 0.633747113046695 ], [ -72.085988013657754, 0.628719009681975 ], [ -72.096905624350427, 0.626398346590567 ], [ -72.084137571167474, 0.638581827820464 ], [ -72.085432880910673, 0.648251257368002 ], [ -72.094685093362088, 0.664495899007865 ], [ -72.111894208521718, 0.664689287598816 ], [ -72.122256686467296, 0.669330613781634 ], [ -72.129288367930371, 0.678033100374418 ], [ -72.132064031665806, 0.690023193013364 ], [ -72.139095713128881, 0.704527337334671 ], [ -72.143721819354582, 0.704527337334671 ], [ -72.150568456568635, 0.694857907787133 ], [ -72.163151465502551, 0.693117410468576 ], [ -72.170738279712708, 0.701239731288508 ], [ -72.183321288646638, 0.702980228607065 ], [ -72.172958810701047, 0.693117410468576 ], [ -72.177029784179666, 0.683447980921039 ], [ -72.189242704615538, 0.682287649375334 ], [ -72.195534209082496, 0.690990135968119 ], [ -72.204601377284888, 0.692730633286675 ], [ -72.212188191495045, 0.692730633286675 ], [ -72.215704032226583, 0.688089307103857 ], [ -72.219219872958121, 0.678226488965369 ], [ -72.230137483650793, 0.673198385600649 ], [ -72.239389696102194, 0.676099214464911 ], [ -72.243460669580827, 0.691763690331921 ], [ -72.242165359837628, 0.702786840016114 ], [ -72.242720492584709, 0.726380248112107 ], [ -72.245126067822071, 0.736823232023447 ], [ -72.253823147526404, 0.742624889751969 ], [ -72.264185625471995, 0.757709199846128 ], [ -72.27343783792341, 0.764091023347503 ], [ -72.280284475137449, 0.763510857574651 ], [ -72.276768634405911, 0.747266215934788 ], [ -72.281394740631626, 0.741077781024363 ], [ -72.295828192055822, 0.751907542117606 ], [ -72.321179254172705, 0.774147230076943 ], [ -72.323029696662985, 0.780335664987367 ], [ -72.31377748421157, 0.790198483125855 ], [ -72.307485979744612, 0.791938980444412 ], [ -72.308596245238775, 0.803929073083358 ], [ -72.315442882452828, 0.820753880496074 ], [ -72.312667218717394, 0.832937361725971 ], [ -72.305635537254318, 0.841639848318755 ], [ -72.312667218717394, 0.849762169138687 ], [ -72.327655802888685, 0.846281174501573 ], [ -72.338573413581358, 0.846861340274426 ], [ -72.340238811822616, 0.83777207649974 ], [ -72.336722971091078, 0.816886108677059 ], [ -72.347825626032773, 0.812244782494241 ], [ -72.355967572990011, 0.830229921452661 ], [ -72.358743236725445, 0.838932408045445 ], [ -72.357632971231268, 0.847634894638229 ], [ -72.354117130499731, 0.852856386593899 ], [ -72.357077838484187, 0.863299370505239 ], [ -72.365034741192403, 0.875869628917039 ], [ -72.362814210204064, 0.890373773238346 ], [ -72.362259077456969, 0.90197708869539 ], [ -72.368550581923941, 0.903137420241095 ], [ -72.39575208653109, 0.891147327602148 ], [ -72.405929520227645, 0.889986996056444 ], [ -72.401303414001944, 0.905458083332504 ], [ -72.397417484772348, 0.915901067243845 ], [ -72.400933325503885, 0.926344051155185 ], [ -72.41296120169072, 0.936206869293674 ], [ -72.423878812383393, 0.950130847842128 ], [ -72.422768546889216, 0.962701106253927 ], [ -72.417032175169339, 0.971983758619563 ], [ -72.430355361099387, 0.987068068713722 ], [ -72.436091732819264, 0.998091218397915 ], [ -72.437201998313427, 1.009114368082108 ], [ -72.454041024974998, 1.023038346630562 ], [ -72.456816688710433, 1.03000033590479 ], [ -72.472360405628805, 1.046825143317505 ], [ -72.4880891667962, 1.057848293001697 ], [ -72.501782441224293, 1.056107795683142 ], [ -72.50936925543445, 1.053787132591732 ], [ -72.531204476819795, 1.05340035540983 ], [ -72.583016866547709, 1.079507815188182 ], [ -72.612068813645152, 1.095365679646144 ], [ -72.659810229894447, 1.14564671329334 ], [ -72.669617575092943, 1.156863251568484 ], [ -72.676094123808937, 1.157443417341335 ], [ -72.676094123808937, 1.147000433429995 ], [ -72.677759522050195, 1.140038444155768 ], [ -72.686271557505492, 1.144679770338586 ], [ -72.698484477941349, 1.144679770338586 ], [ -72.71754403559126, 1.160344246205598 ], [ -72.730682177272271, 1.163825240842711 ], [ -72.738824124229524, 1.164018629433661 ], [ -72.746966071186762, 1.1611178005694 ], [ -72.749186602175101, 1.145453324702389 ], [ -72.74271005345912, 1.136364060927704 ], [ -72.76584058458765, 1.127081408562067 ], [ -72.768246159825011, 1.12766157433492 ], [ -72.786565540478819, 1.14042522133767 ], [ -72.792301912198695, 1.150868205249011 ], [ -72.792301912198695, 1.158990526068942 ], [ -72.805069965381648, 1.159570691841794 ], [ -72.812656779591805, 1.157830194523237 ], [ -72.836157399218393, 1.160344246205598 ], [ -72.84374421342855, 1.164405406615563 ], [ -72.844299346175632, 1.150094650885207 ], [ -72.856327222362481, 1.147000433429995 ], [ -72.867985010051257, 1.150094650885207 ], [ -72.882973594222548, 1.147387210611897 ], [ -72.877052178253649, 1.141972330065276 ], [ -72.875386780012391, 1.130949180381083 ], [ -72.890930496930764, 1.126501242789216 ], [ -72.898517311140921, 1.120119419287841 ], [ -72.89796217839384, 1.110256601149352 ], [ -72.885194125210887, 1.097686342737553 ], [ -72.877052178253649, 1.094011959509489 ], [ -72.874276514518215, 1.086083027280508 ], [ -72.903698550113717, 1.077960706460576 ], [ -72.910545187327756, 1.07389954605061 ], [ -72.902958373117599, 1.066937556776383 ], [ -72.901292974876341, 1.053206966818879 ], [ -72.895556603156464, 1.053206966818879 ], [ -72.885749257957968, 1.045084645998948 ], [ -72.885194125210887, 1.036962325179016 ], [ -72.882233417226431, 1.028840004359084 ], [ -72.892040762424926, 1.024198678176266 ], [ -72.899072443888002, 1.028259838586233 ], [ -72.887969788946307, 1.011435031173517 ], [ -72.890930496930764, 1.008147425127354 ], [ -72.902403240370518, 1.007567259354502 ], [ -72.919242267032089, 1.001378824444078 ], [ -72.920907665273347, 0.998477995579816 ], [ -72.941632621164516, 0.998477995579816 ], [ -72.946813860137297, 0.996737498261259 ], [ -72.951439966363012, 0.985134182804215 ], [ -72.954955807094549, 0.973144090165268 ], [ -72.954955807094549, 0.966762266663893 ], [ -72.971054656760003, 0.962120940481075 ], [ -72.981972267452676, 0.942008527022196 ], [ -72.998626249865225, 0.936980423657477 ], [ -73.008988727810802, 0.94046141829459 ], [ -73.013614834036503, 0.94046141829459 ], [ -73.016020409273878, 0.925377108200432 ], [ -73.010839170301082, 0.916674621607648 ], [ -73.018796073009298, 0.910486186697224 ], [ -73.035079966923789, 0.90700519206011 ], [ -73.051178816589243, 0.90197708869539 ], [ -73.058580586550377, 0.900816757149686 ], [ -73.073569170721669, 0.896175430966868 ], [ -73.086337223904621, 0.891147327602148 ], [ -73.096514657601176, 0.888246498737887 ], [ -73.109282710784129, 0.895208488012115 ], [ -73.127787135686958, 0.898689482649227 ], [ -73.150732622566466, 0.906811803469159 ], [ -73.170347312963457, 0.932919263247511 ], [ -73.190517136107545, 0.945876298841211 ], [ -73.201619791049239, 0.9557391169797 ], [ -73.202730056543402, 0.970630038482908 ], [ -73.211982268994817, 0.981653188167101 ], [ -73.228081118660285, 0.980686245212347 ], [ -73.251211649788814, 0.987068068713722 ], [ -73.258613419749949, 0.995770555306506 ], [ -73.263239525975649, 1.008534202309256 ], [ -73.276562711905683, 1.021104460721054 ], [ -73.301358641275485, 1.035221827860459 ], [ -73.322083597166653, 1.053787132591732 ], [ -73.336517048590849, 1.061909453411664 ], [ -73.364273685945093, 1.092658239372834 ], [ -73.374081031143589, 1.09962022864706 ], [ -73.394250854287677, 1.116445036059776 ], [ -73.410904836700212, 1.146033490475242 ], [ -73.419046783657464, 1.154735977068025 ], [ -73.436811031564176, 1.164598795206514 ], [ -73.438661474054456, 1.172140950253593 ], [ -73.435885810319036, 1.180843436846377 ], [ -73.435885810319036, 1.188772369075358 ], [ -73.439771739548632, 1.198635187213847 ], [ -73.441067049291831, 1.208498005352335 ], [ -73.439771739548632, 1.216040160399414 ], [ -73.444952978521428, 1.229964138947868 ], [ -73.450874394490327, 1.255298044362418 ], [ -73.455315456467005, 1.278504675276507 ], [ -73.473819881369835, 1.286626996096439 ], [ -73.488808465541126, 1.308673295464825 ], [ -73.491769173525569, 1.321436942467574 ], [ -73.501021385976998, 1.336908029743635 ], [ -73.511383863922575, 1.349284899564483 ], [ -73.522856607362328, 1.357213831793464 ], [ -73.535624660545281, 1.367850204295756 ], [ -73.543766607502519, 1.383321291571816 ], [ -73.555794483689354, 1.379453519752801 ], [ -73.55912528017187, 1.385835343254175 ], [ -73.575964306833441, 1.422772564125769 ], [ -73.586881917526114, 1.44075770308419 ], [ -73.617414218615778, 1.476147815228178 ], [ -73.635363510771526, 1.478468478319587 ], [ -73.653867935674342, 1.490071793776632 ], [ -73.654978201168518, 1.503415606552234 ], [ -73.650352094942804, 1.512118093145018 ], [ -73.655533333915599, 1.547894982470908 ], [ -73.655533333915599, 1.567427230156934 ], [ -73.657938909152961, 1.588313197979615 ], [ -73.656828643658798, 1.600496679209512 ], [ -73.660159440141314, 1.610939663120853 ], [ -73.6862506792543, 1.612680160439409 ], [ -73.738618201729295, 1.61287354903036 ], [ -73.789875458710128, 1.606298336938035 ], [ -73.82114793679591, 1.596435518799546 ], [ -73.843538290928336, 1.586185923479157 ], [ -73.859082007846709, 1.58173798588729 ], [ -73.896645990399449, 1.573228887885456 ], [ -73.930694132220651, 1.570328059021195 ], [ -73.95882085807294, 1.572261944930703 ], [ -73.985282185683985, 1.575742939567816 ], [ -74.00896784955961, 1.584058648978698 ], [ -74.031913336439118, 1.592761135571482 ], [ -74.047086964859432, 1.601463622164266 ], [ -74.056339177310846, 1.612486771848459 ], [ -74.059669973793362, 1.621189258441243 ], [ -74.062630681777804, 1.624090087305504 ], [ -74.079839796937435, 1.635693402762549 ], [ -74.093162982867469, 1.647296718219595 ], [ -74.118514044984352, 1.649230604129102 ], [ -74.140534310618719, 1.658513256494738 ], [ -74.157743425778335, 1.683460384727385 ], [ -74.169956346214207, 1.70241246664056 ], [ -74.188275726868014, 1.728519926418911 ], [ -74.202154045545129, 1.743797625104021 ], [ -74.223434134183378, 1.76410342715385 ], [ -74.246564665311922, 1.774546411065191 ], [ -74.274876435413248, 1.784989394976531 ], [ -74.300227497530116, 1.786729892295088 ], [ -74.372764843149199, 1.795238990296921 ], [ -74.404407409733039, 1.797172876206429 ], [ -74.436235020565903, 1.799493539297838 ], [ -74.471948560628363, 1.806648917163016 ], [ -74.487677321795758, 1.815351403755799 ], [ -74.503776171461226, 1.828115050758549 ], [ -74.522280596364041, 1.84900101858123 ], [ -74.540599977017848, 1.86698615753965 ], [ -74.549852189469263, 1.880910136088105 ], [ -74.561324932909017, 1.901602715319836 ], [ -74.57464811883905, 1.917460579777797 ], [ -74.585010596784628, 1.9308043925534 ], [ -74.590191835757423, 1.94395481673805 ], [ -74.596668384473418, 1.967161447652141 ], [ -74.606475729671914, 1.979344928882038 ], [ -74.616838207617491, 2.001391228250425 ], [ -74.631271659041701, 2.037748283349166 ], [ -74.631826791788782, 2.078166498857874 ], [ -74.629051128053362, 2.107561564682388 ], [ -74.629051128053362, 2.145272339917785 ], [ -74.631271659041701, 2.170026079559482 ], [ -74.634787499773239, 2.186850886972197 ], [ -74.642374313983396, 2.207156689022026 ], [ -74.649776083944531, 2.220307113206677 ], [ -74.65384705742315, 2.231330262890871 ], [ -74.661989004380402, 2.249895567622143 ], [ -74.663099269874564, 2.271361701217677 ], [ -74.66643006635708, 2.302497264360747 ], [ -74.671611305329861, 2.319128683182512 ], [ -74.674572013314318, 2.353358463780796 ], [ -74.677532721298775, 2.37753203764964 ], [ -74.678642986792937, 2.404219663200844 ], [ -74.678087854045856, 2.422784967932117 ], [ -74.676422455804598, 2.440576718299585 ], [ -74.681048562030313, 2.460108965985611 ], [ -74.689190508987551, 2.479254436489736 ], [ -74.692521305470066, 2.497819741221009 ], [ -74.695482013454509, 2.51870570904369 ], [ -74.69141103997589, 2.53649745941116 ], [ -74.683454137267674, 2.555062764142431 ], [ -74.67290661507306, 2.575755343374162 ], [ -74.661433871633307, 2.59296692796878 ], [ -74.65292183617801, 2.601669414561563 ], [ -74.624610066076684, 2.634932252205093 ], [ -74.615912986372351, 2.648276064980695 ], [ -74.605180419928715, 2.667808312666721 ], [ -74.604440242932597, 2.693722383854122 ], [ -74.604625287181634, 2.766629882642556 ], [ -74.609251393407334, 2.778813363872453 ], [ -74.62886608380434, 2.792737342420907 ], [ -74.646630331711052, 2.801439829013692 ], [ -74.66735528760222, 2.819424967972112 ], [ -74.693446526715206, 2.832768780747714 ], [ -74.723238650808753, 2.843985319022858 ], [ -74.745814049190201, 2.860229960662721 ], [ -74.764873606840112, 2.872993607665471 ], [ -74.814465465579701, 2.897553958716216 ], [ -74.827603607260698, 2.898714290261921 ], [ -74.844997766669366, 2.906256445309 ], [ -74.873864669517772, 2.916892817811291 ], [ -74.887187855447806, 2.924241584267421 ], [ -74.896255023650198, 2.931977127905451 ], [ -74.91586971404719, 2.940679614498234 ], [ -74.920680864521927, 2.944160609135348 ], [ -74.910133342327313, 2.969494514549897 ], [ -74.901621306872016, 2.986125933371661 ], [ -74.878490775743472, 3.005271403875786 ], [ -74.868128297797895, 3.020162325378994 ], [ -74.853694846373685, 3.035633412655054 ], [ -74.845737943665469, 3.056325991886785 ], [ -74.826678386015558, 3.06792930734383 ], [ -74.817426173564144, 3.071990467753796 ], [ -74.806508562871485, 3.081659897301334 ], [ -74.793185376941437, 3.085721057711299 ], [ -74.766168916583311, 3.098291316123098 ], [ -74.752290597906196, 3.103319419487818 ], [ -74.729345111026689, 3.115502900717716 ], [ -74.724163872053893, 3.137935977268003 ], [ -74.718982633081112, 3.150506235679802 ], [ -74.715466792349574, 3.171972369275336 ], [ -74.710285553376778, 3.187056679369494 ], [ -74.681418650528371, 3.215678190830205 ], [ -74.675682278808495, 3.219739351240172 ], [ -74.659583429143026, 3.23985176469905 ], [ -74.646815375960074, 3.254355909020356 ], [ -74.636082809516438, 3.273888156706382 ], [ -74.631456703290723, 3.290132798346246 ], [ -74.623314756333485, 3.313726206442237 ], [ -74.622759623586404, 3.331517956809707 ], [ -74.621649358092228, 3.347182432676719 ], [ -74.61998395985097, 3.355884919269502 ], [ -74.619243782854866, 3.370969229363661 ], [ -74.61998395985097, 3.40152462673388 ], [ -74.622204490839323, 3.430339526785542 ], [ -74.622204490839323, 3.448904831516814 ], [ -74.616468119119446, 3.477139565795625 ], [ -74.609066349158311, 3.49145032152598 ], [ -74.602034667695236, 3.49899247657306 ], [ -74.596298295975359, 3.508855294711548 ], [ -74.58241997729823, 3.522585884669052 ], [ -74.57094723385849, 3.539217303490816 ], [ -74.560029623165818, 3.560103271313498 ], [ -74.552627853204683, 3.577314855908115 ], [ -74.53708413628631, 3.608450419051186 ], [ -74.520985286620856, 3.636685153329997 ], [ -74.519134844130562, 3.657571121152678 ], [ -74.516914313142223, 3.66569344197261 ], [ -74.51987502112668, 3.674202539974442 ], [ -74.512843339663604, 3.682905026567227 ], [ -74.512843339663604, 3.691027347387158 ], [ -74.520985286620856, 3.700890165525647 ], [ -74.524316083103358, 3.713653812528396 ], [ -74.516914313142223, 3.728544734031605 ], [ -74.505441569702469, 3.744015821307665 ], [ -74.510622808675265, 3.76084062872038 ], [ -74.546891481484806, 3.785981145543978 ], [ -74.563175375399297, 3.803966284502398 ], [ -74.555033428442059, 3.823498532188424 ], [ -74.550962454963425, 3.8557944268772 ], [ -74.537639269033392, 3.875326674563226 ], [ -74.529682366325176, 3.894472145067351 ], [ -74.528016968083918, 3.905495294751544 ], [ -74.529127233578095, 3.910523398116263 ], [ -74.537269180535333, 3.927348205528979 ], [ -74.551517587710521, 3.959837488808706 ], [ -74.55281289745372, 3.963705260627721 ], [ -74.551517587710521, 3.972407747220505 ], [ -74.543560685002305, 3.987492057314663 ], [ -74.53430847255089, 3.992520160679383 ], [ -74.53430847255089, 4.006444139227836 ], [ -74.54300555225521, 4.026169775504814 ], [ -74.540044844270767, 4.037192925189007 ], [ -74.530422543321293, 4.052083846692215 ], [ -74.529867410574212, 4.063687162149261 ], [ -74.522280596364041, 4.071035928605388 ], [ -74.506736879445668, 4.092308673609972 ], [ -74.50322103871413, 4.108553315249836 ], [ -74.503961215710248, 4.122477293798289 ], [ -74.505626613951506, 4.132340111936777 ], [ -74.509142454683044, 4.143750038802873 ], [ -74.515433959150002, 4.15593352003277 ], [ -74.520615198122798, 4.16115501198844 ], [ -74.529867410574212, 4.173338493218337 ], [ -74.539119623025627, 4.188422803312497 ], [ -74.543745729251327, 4.200026118769541 ], [ -74.545411127492585, 4.211049268453735 ], [ -74.544300861998408, 4.224973247002188 ], [ -74.554108207196904, 4.228454241639302 ], [ -74.558734313422619, 4.237543505413987 ], [ -74.570207056862372, 4.244698883279165 ], [ -74.589821747259364, 4.252241038326245 ], [ -74.600739357952037, 4.25108070678054 ], [ -74.610731747399569, 4.252821204099098 ], [ -74.625535287321824, 4.247793100734377 ], [ -74.629606260800443, 4.244892271870116 ], [ -74.640523871493116, 4.230001350366908 ], [ -74.649220951197449, 4.222459195319828 ], [ -74.662914225625542, 4.213176542954193 ], [ -74.680863517781276, 4.198865787223838 ], [ -74.696592278948685, 4.198285621450985 ], [ -74.710285553376778, 4.196738512723378 ], [ -74.721203164069451, 4.197318678496231 ], [ -74.738597323478103, 4.207181496634719 ], [ -74.74895980142368, 4.225746801365991 ], [ -74.755251305890653, 4.227487298684549 ], [ -74.758212013875095, 4.225746801365991 ], [ -74.775421129034726, 4.224779858411237 ], [ -74.778936969766264, 4.229227796003105 ], [ -74.780602368007521, 4.236189785277332 ], [ -74.785228474233222, 4.24315177455156 ], [ -74.807248739867589, 4.245085660461067 ], [ -74.8157607753229, 4.254948478599555 ], [ -74.818721483307343, 4.265971628283749 ], [ -74.825012987774301, 4.276994777967941 ], [ -74.828528828505839, 4.277574943740794 ], [ -74.841296881688791, 4.272933617557975 ], [ -74.852029448132441, 4.271193120239419 ], [ -74.868313342046918, 4.2661650168747 ], [ -74.879786085486671, 4.259783193373325 ], [ -74.889038297938086, 4.258042696054767 ], [ -74.907912811338974, 4.252434426917196 ], [ -74.916054758296212, 4.258816250418571 ], [ -74.918460333533588, 4.266358405465651 ], [ -74.919015466280669, 4.276027835013188 ], [ -74.917905200786507, 4.283569990060267 ], [ -74.913279094560792, 4.296913802835869 ], [ -74.910318386576336, 4.297493968608721 ], [ -74.905137147603554, 4.309484061247668 ], [ -74.900696085626876, 4.313545221657634 ], [ -74.896625112148257, 4.326308868660384 ], [ -74.895329802405058, 4.336751852571725 ], [ -74.89088874042838, 4.348741945210671 ], [ -74.884412191712386, 4.369434524442401 ], [ -74.874049713766794, 4.388579994946527 ], [ -74.870163784537212, 4.406371745313995 ], [ -74.862576970327041, 4.420875889635301 ], [ -74.852214492381464, 4.434026313819952 ], [ -74.841852014435887, 4.445049463504146 ], [ -74.836670775463091, 4.448917235323162 ], [ -74.834450244474752, 4.468642871600139 ], [ -74.828528828505839, 4.47676519242007 ], [ -74.824642899276256, 4.491656113923277 ], [ -74.824642899276256, 4.497457771651801 ], [ -74.831489536490295, 4.51544291061022 ], [ -74.84074174894171, 4.525885894521561 ], [ -74.84351741267713, 4.54097020461572 ], [ -74.845367855167424, 4.56398344693886 ], [ -74.838521217953371, 4.570945436213087 ], [ -74.833339978980575, 4.579067757033018 ], [ -74.838521217953371, 4.591057849671966 ], [ -74.845367855167424, 4.599373559082848 ], [ -74.845367855167424, 4.60266116512901 ], [ -74.839631483447548, 4.613684314813204 ], [ -74.835005377221833, 4.618905806768874 ], [ -74.825753164770418, 4.634376894044934 ], [ -74.826493341766536, 4.646560375274831 ], [ -74.839631483447548, 4.666286011551808 ], [ -74.83796608520629, 4.688138922329243 ], [ -74.840926793190732, 4.700322403559142 ], [ -74.850179005642147, 4.715986879426152 ], [ -74.825938209019455, 4.728557137837951 ], [ -74.809284226606906, 4.74112739624975 ], [ -74.806323518622449, 4.750990214388239 ], [ -74.783378031742942, 4.768201798982854 ], [ -74.78097245650558, 4.794115870170256 ], [ -74.781527589252661, 4.81326134067438 ], [ -74.788559270715737, 4.824284490358574 ], [ -74.786153695478376, 4.834147308497062 ], [ -74.779862191011404, 4.851939058864531 ], [ -74.782267766248779, 4.866443203185838 ], [ -74.777086527275983, 4.869344032050099 ], [ -74.76376334134595, 4.872631638096262 ], [ -74.762653075851773, 4.881334124689046 ], [ -74.765428739587207, 4.894097771691795 ], [ -74.770054845812908, 4.902220092511728 ], [ -74.767279182077488, 4.91324324219592 ], [ -74.760247500614412, 4.918851511333493 ], [ -74.759137235120235, 4.924073003289163 ], [ -74.768944580318745, 4.937996981837617 ], [ -74.774680952038622, 4.943218473793287 ], [ -74.777086527275983, 4.948439965748957 ], [ -74.771350155556107, 4.954821789250332 ], [ -74.753400863400358, 4.959849892615052 ], [ -74.740077677470325, 4.967392047662132 ], [ -74.741372987213524, 4.977835031573472 ], [ -74.745814049190201, 4.978221808755373 ], [ -74.764318474093031, 4.994079673213335 ], [ -74.765798828085252, 4.99794744503235 ], [ -74.758582102373154, 5.031597059857782 ], [ -74.759877412116353, 5.035658220267747 ], [ -74.751180332412019, 5.065633451865114 ], [ -74.745999093439238, 5.097349180781038 ], [ -74.745999093439238, 5.106631833146674 ], [ -74.752290597906196, 5.125197137877946 ], [ -74.750070066917857, 5.133126070106927 ], [ -74.7424832527077, 5.149950877519643 ], [ -74.743038385454781, 5.158073198339574 ], [ -74.745443960692143, 5.162521135931442 ], [ -74.756361571384815, 5.177025280252748 ], [ -74.759322279369272, 5.188048429936941 ], [ -74.756916704131896, 5.219377381670963 ], [ -74.759322279369272, 5.257474934088261 ], [ -74.765798828085252, 5.272946021364323 ], [ -74.765058651089149, 5.276427016001435 ], [ -74.755251305890653, 5.281068342184254 ], [ -74.747294403182437, 5.287450165685629 ], [ -74.739707588972266, 5.312203905327324 ], [ -74.733971217252389, 5.323033666420567 ], [ -74.729345111026689, 5.335797313423317 ], [ -74.730085288022806, 5.350301457744623 ], [ -74.717872367586935, 5.357650224200752 ], [ -74.714911659602478, 5.365772545020684 ], [ -74.718427500334016, 5.379696523569137 ], [ -74.716206969345677, 5.385498181297661 ], [ -74.702883783415643, 5.386078347070512 ], [ -74.697147411695767, 5.396327942390903 ], [ -74.697702544442848, 5.404450263210835 ], [ -74.701773517921481, 5.419534573304993 ], [ -74.701218385174386, 5.425723008215417 ], [ -74.695482013454509, 5.425723008215417 ], [ -74.693076438217147, 5.422242013578304 ], [ -74.685674668256013, 5.421661847805451 ], [ -74.685119535508932, 5.425723008215417 ], [ -74.690300774481727, 5.445448644492394 ], [ -74.690855907228809, 5.463820560632715 ], [ -74.692521305470066, 5.480645368045431 ], [ -74.681048562030313, 5.514681760052763 ], [ -74.671241216831817, 5.534987562102593 ], [ -74.67475705756334, 5.545817323195836 ], [ -74.685119535508932, 5.556840472880028 ], [ -74.680493429283217, 5.568443788337074 ], [ -74.672536526575001, 5.584495041385987 ], [ -74.663284314123587, 5.609248781027683 ], [ -74.661063783135262, 5.631875246168921 ], [ -74.659213340644968, 5.641157898534557 ], [ -74.659768473392063, 5.654501711310159 ], [ -74.656807765407606, 5.661850477766288 ], [ -74.648850862699391, 5.668232301267663 ], [ -74.669575818590559, 5.683316611361821 ], [ -74.676607500053635, 5.689118269090343 ], [ -74.679383163789055, 5.695500092591718 ], [ -74.677717765547797, 5.704782744957354 ], [ -74.678828031041974, 5.710584402685877 ], [ -74.685119535508932, 5.717546391960104 ], [ -74.682343871773512, 5.728956318826199 ], [ -74.676607500053635, 5.738819136964688 ], [ -74.673091659322097, 5.739979468510391 ], [ -74.675312190310436, 5.746361292011766 ], [ -74.676607500053635, 5.758351384650714 ], [ -74.674386969065296, 5.758351384650714 ], [ -74.666800154855125, 5.758351384650714 ], [ -74.648295729952309, 5.748488566512226 ], [ -74.630901570543642, 5.736885251055179 ], [ -74.616098030621387, 5.738432359782786 ], [ -74.607400950917054, 5.741333188647047 ], [ -74.594632897734101, 5.742493520192752 ], [ -74.586120862278804, 5.747521623557471 ], [ -74.583160154294347, 5.753903447058846 ], [ -74.576868649827389, 5.759705104787368 ], [ -74.564285640893473, 5.761445602105926 ], [ -74.556143693936221, 5.772468751790118 ], [ -74.542265375259106, 5.771695197426315 ], [ -74.541155109764929, 5.761832379287826 ], [ -74.527276791087814, 5.761832379287826 ], [ -74.519134844130562, 5.766473705470645 ], [ -74.512288206916523, 5.761832379287826 ], [ -74.496189357251055, 5.763959653788286 ], [ -74.492118383772436, 5.756417498741206 ], [ -74.483421304068116, 5.751776172558388 ], [ -74.474724224363783, 5.751196006785536 ], [ -74.468432719896825, 5.745394349057014 ], [ -74.459735640192491, 5.749455509466978 ], [ -74.439750861297441, 5.760865436333074 ], [ -74.432164047087269, 5.762025767878777 ], [ -74.416065197421815, 5.766667094061596 ], [ -74.407923250464577, 5.77285552897202 ], [ -74.402742011491782, 5.781558015564803 ], [ -74.387198294573409, 5.792000999476144 ], [ -74.380906790106451, 5.801670429023682 ], [ -74.368878913919602, 5.816174573344989 ], [ -74.354445462495406, 5.820622510936856 ], [ -74.346858648285234, 5.802057206205584 ], [ -74.341677409312453, 5.796835714249914 ], [ -74.335385904845481, 5.784652233020015 ], [ -74.3348307720984, 5.776529912200084 ], [ -74.336496170339657, 5.768020814198252 ], [ -74.331870064113957, 5.761058824924024 ], [ -74.3289093561295, 5.741333188647047 ], [ -74.319842187927108, 5.727409210098592 ], [ -74.319102010931005, 5.722767883915775 ], [ -74.321507586168366, 5.703815802002602 ], [ -74.324283249903786, 5.694533149636964 ], [ -74.312810506464032, 5.688731491908442 ], [ -74.305963869249993, 5.681189336861364 ], [ -74.305223692253875, 5.670746352950022 ], [ -74.313920771958209, 5.657015762992518 ], [ -74.320212276425167, 5.642511618671213 ], [ -74.331129887117839, 5.63168185757797 ], [ -74.345193250043991, 5.620658707893776 ], [ -74.346118471289131, 5.612149609891944 ], [ -74.338161568580915, 5.593004139387819 ], [ -74.3289093561295, 5.577919829293661 ], [ -74.319657143678086, 5.56747684538232 ], [ -74.31262546221501, 5.552392535288162 ], [ -74.305778825000971, 5.543109882922526 ], [ -74.295416347055379, 5.525898298327908 ], [ -74.292455639070923, 5.509073490915192 ], [ -74.292085550572878, 5.498050341231 ], [ -74.280982895631169, 5.485286694228249 ], [ -74.262478470728354, 5.47020238413409 ], [ -74.243418913078429, 5.461306508950356 ], [ -74.230835904144513, 5.460726343177503 ], [ -74.221028558946017, 5.461306508950356 ], [ -74.208815638510146, 5.460726343177503 ], [ -74.195677496829134, 5.45202385658472 ], [ -74.169031124969067, 5.43926020958197 ], [ -74.149416434572075, 5.443127981400986 ], [ -74.138683868128425, 5.443708147173837 ], [ -74.128136345933825, 5.429784168625384 ], [ -74.123510239708111, 5.416440355849781 ], [ -74.114813160003777, 5.401936211528474 ], [ -74.107411390042657, 5.392653559162838 ], [ -74.104080593560141, 5.386271735661463 ], [ -74.096493779349984, 5.3829841296153 ], [ -74.082060327925774, 5.380470077932941 ], [ -74.073363248221455, 5.366546099384486 ], [ -74.06411103577004, 5.356683281245997 ], [ -74.055043867567647, 5.353202286608886 ], [ -74.04283094713179, 5.358423778564555 ], [ -74.040425371894415, 5.354749395336491 ], [ -74.027842362960499, 5.368093208112093 ], [ -74.012853778789207, 5.39052628466238 ], [ -73.999160504361114, 5.394587445072347 ], [ -73.973624397995209, 5.406577537711293 ], [ -73.970848734259789, 5.417600687395487 ], [ -73.963261920049618, 5.426109785397319 ], [ -73.955860150088498, 5.445835421674296 ], [ -73.940871565917206, 5.454344519676129 ], [ -73.937355725185668, 5.464207337814617 ], [ -73.934580061450248, 5.478518093544974 ], [ -73.929398822477452, 5.48780074591061 ], [ -73.925327848998833, 5.500564392913359 ], [ -73.922922273761458, 5.501724724459063 ], [ -73.915520503800323, 5.511587542597551 ], [ -73.898866521387788, 5.516615645962272 ], [ -73.890169441683454, 5.520676806372236 ], [ -73.883877937216496, 5.525124743964104 ], [ -73.871665016780625, 5.537888390966854 ], [ -73.868334220298124, 5.539048722512559 ], [ -73.863708114072409, 5.546397488968687 ], [ -73.844648556422499, 5.564382627927108 ], [ -73.832620680235664, 5.571151228610384 ], [ -73.829659972251207, 5.571151228610384 ], [ -73.816336786321173, 5.579273549430315 ], [ -73.813005989838658, 5.567090068200418 ], [ -73.810045281854215, 5.546397488968687 ], [ -73.812820945589635, 5.53421400773879 ], [ -73.821518025293969, 5.515068537234665 ], [ -73.81929749430563, 5.503078444595719 ], [ -73.820962892546873, 5.496696621094344 ], [ -73.826514220017728, 5.48780074591061 ], [ -73.816336786321173, 5.484513139864447 ], [ -73.800237936655719, 5.475810653271662 ], [ -73.788765193215966, 5.47503709890786 ], [ -73.773776609044674, 5.464013949223666 ], [ -73.76322908685006, 5.465174280769372 ], [ -73.753421741651565, 5.460532954586553 ], [ -73.746575104437511, 5.460532954586553 ], [ -73.728255723783718, 5.452410633766622 ], [ -73.717153068842009, 5.450089970675212 ], [ -73.708085900639631, 5.44931641631141 ], [ -73.692357139472222, 5.44177426126433 ], [ -73.690691741230978, 5.435392437762955 ], [ -73.683845104016925, 5.422628790760205 ], [ -73.675703157059687, 5.413346138394569 ], [ -73.660714572888395, 5.405803983347489 ], [ -73.6496119179467, 5.396521330981853 ], [ -73.635918643518607, 5.381437020887695 ], [ -73.643320413479728, 5.381050243705793 ], [ -73.642210147985566, 5.365965933611635 ], [ -73.640544749744308, 5.361324607428816 ], [ -73.641655015238484, 5.343339468470397 ], [ -73.63702890901277, 5.334636981877612 ], [ -73.636473776265689, 5.330189044285746 ], [ -73.617969351362859, 5.306208859007851 ], [ -73.613343245137159, 5.301760921415985 ], [ -73.601130324701288, 5.283195616684711 ], [ -73.596504218475587, 5.268691472363406 ], [ -73.589657581261534, 5.266370809271997 ], [ -73.571338200607741, 5.265017089135341 ], [ -73.56375138639757, 5.251286499177837 ], [ -73.56097572266215, 5.235622023310826 ], [ -73.55912528017187, 5.199845133984937 ], [ -73.552278642957816, 5.192883144710709 ], [ -73.548762802226292, 5.171417011115176 ], [ -73.533034041058883, 5.152851706383904 ], [ -73.52618740384483, 5.138347562062597 ], [ -73.522116430366211, 5.118815314376571 ], [ -73.516935191393429, 5.111273159329492 ], [ -73.510088554179376, 5.092707854598221 ], [ -73.511753952420634, 5.060411959909445 ], [ -73.521006164872048, 5.035078054494894 ], [ -73.519155722381754, 5.021734241719294 ], [ -73.525077138350667, 5.015352418217919 ], [ -73.525632271097749, 5.008970594716544 ], [ -73.530628465821508, 4.989438347030518 ], [ -73.536549881790421, 4.98247635775629 ], [ -73.541175988016121, 4.96468460738882 ], [ -73.549132890724337, 4.954821789250332 ], [ -73.554869262444214, 4.945152359702794 ], [ -73.565971917385909, 4.923106060334408 ], [ -73.571523244856763, 4.909955636149757 ], [ -73.572818554599962, 4.904153978421235 ], [ -73.571523244856763, 4.897191989147007 ], [ -73.566342005883968, 4.890229999872782 ], [ -73.566342005883968, 4.886168839462815 ], [ -73.560790678413127, 4.87978701596144 ], [ -73.548022625230175, 4.871664695141508 ], [ -73.501946607222123, 4.873791969641967 ], [ -73.46549289016356, 4.870697752186755 ], [ -73.448283775003929, 4.871277917959606 ], [ -73.437366164311257, 4.865476260231084 ], [ -73.432740058085557, 4.860834934048267 ], [ -73.424598111128319, 4.856773773638301 ], [ -73.416086075673007, 4.850391950136926 ], [ -73.413125367688565, 4.845750623954107 ], [ -73.414790765929808, 4.832406811178506 ], [ -73.403318022490055, 4.827185319222835 ], [ -73.399802181758517, 4.819643164175755 ], [ -73.399247049011436, 4.807459682945858 ], [ -73.403132978241032, 4.787347269486981 ], [ -73.402022712746856, 4.778644782894196 ], [ -73.388884571065859, 4.771102627847117 ], [ -73.370380146163029, 4.763560472800037 ], [ -73.354836429244656, 4.754277820434401 ], [ -73.346694482287404, 4.743641447932109 ], [ -73.343733774302962, 4.736872847248833 ], [ -73.342623508808785, 4.729330692201755 ], [ -73.334666606100569, 4.710765387470481 ], [ -73.326524659143331, 4.708444724379072 ], [ -73.31616218119774, 4.708444724379072 ], [ -73.282114039376538, 4.71057199887953 ], [ -73.276932800403742, 4.711732330425235 ], [ -73.263054481726627, 4.707671170015269 ], [ -73.259538640995089, 4.695487688785372 ], [ -73.261389083485369, 4.673441389416986 ], [ -73.256207844512574, 4.665319068597054 ], [ -73.242329525835459, 4.661257908187089 ], [ -73.234372623127243, 4.656036416231418 ], [ -73.201434746800203, 4.646173598092929 ], [ -73.193292799842965, 4.642692603455815 ], [ -73.186446162628926, 4.641919049092014 ], [ -73.172567843951796, 4.644239712183422 ], [ -73.161095100512043, 4.650041369911944 ], [ -73.146106516340751, 4.650428147093846 ], [ -73.135744038395174, 4.647527318229585 ], [ -73.128712356932098, 4.649267815548141 ], [ -73.114463949756924, 4.676342218281247 ], [ -73.103916427562311, 4.70515711833291 ], [ -73.098735188589515, 4.712119107607137 ], [ -73.086152179655599, 4.717727376744708 ], [ -73.078010232698347, 4.714246382107595 ], [ -73.069313152994027, 4.703223232423403 ], [ -73.06764775475277, 4.68717197937449 ], [ -73.072828993725551, 4.677309161236002 ], [ -73.07227386097847, 4.666479400142759 ], [ -73.045627489118402, 4.634570282635885 ], [ -73.024347400480153, 4.596859507400488 ], [ -73.002512179094808, 4.562629726802204 ], [ -72.980676957709477, 4.535361935478148 ], [ -72.933120585709204, 4.475218083692464 ], [ -72.917761913039868, 4.458973442052601 ], [ -72.895186514658405, 4.438667640002771 ], [ -72.877237222502671, 4.418361837952942 ], [ -72.871500850782795, 4.409659351360158 ], [ -72.869835452541537, 4.397475870130261 ], [ -72.858732797599842, 4.398636201675965 ], [ -72.848925452401346, 4.395735372811703 ], [ -72.849665629397464, 4.373108907670465 ], [ -72.846704921413007, 4.370788244579057 ], [ -72.82653509826892, 4.371368410351909 ], [ -72.813211912338886, 4.365566752623387 ], [ -72.821353859296124, 4.356864266030602 ], [ -72.823574390284477, 4.347581613664966 ], [ -72.816727753070424, 4.341779955936444 ], [ -72.80803067336609, 4.33075680625225 ], [ -72.813767045085967, 4.323214651205172 ], [ -72.808585806113172, 4.316832827703797 ], [ -72.801739168899132, 4.313931998839536 ], [ -72.791931823700637, 4.312771667293831 ], [ -72.781014213007964, 4.305229512246751 ], [ -72.772872266050726, 4.293626196789706 ], [ -72.76769102707793, 4.265971628283749 ], [ -72.756773416385258, 4.261717079282832 ], [ -72.746966071186762, 4.253014592690048 ], [ -72.731422354268389, 4.246632769188674 ], [ -72.724945805552395, 4.247212934961524 ], [ -72.721059876322812, 4.260556747737127 ], [ -72.710512354128198, 4.270226177284664 ], [ -72.685716424758397, 4.273707171921778 ], [ -72.671468017583223, 4.273513783330827 ], [ -72.655369167917769, 4.275254280649385 ], [ -72.636309610267858, 4.282796435696463 ], [ -72.621876158843648, 4.275641057831287 ], [ -72.609293149909732, 4.272160063194173 ], [ -72.59522978698358, 4.272160063194173 ], [ -72.563032087652658, 4.31528571897619 ], [ -72.553224742454162, 4.31528571897619 ], [ -72.538236158282871, 4.311224558566225 ], [ -72.521582175870321, 4.307550175338161 ], [ -72.507148724446111, 4.298847688745376 ], [ -72.493270405768996, 4.287244373288331 ], [ -72.482907927823419, 4.287244373288331 ], [ -72.465143679916693, 4.309097284065766 ], [ -72.448304653255121, 4.309677449838619 ], [ -72.417217219418376, 4.299041077336327 ], [ -72.401118369752908, 4.301941906200588 ], [ -72.386684918328712, 4.311031169975275 ], [ -72.358373148227386, 4.340426235799788 ], [ -72.331911820616341, 4.359378317712963 ], [ -72.296753413300962, 4.37426923921617 ], [ -72.28306013887287, 4.38219817144515 ], [ -72.262150138732679, 4.390320492265083 ], [ -72.226436598670219, 4.389546937901279 ], [ -72.204601377284888, 4.394768429856951 ], [ -72.184431554140801, 4.396895704357409 ], [ -72.161856155759352, 4.398056035903114 ], [ -72.138355536132764, 4.397862647312163 ], [ -72.123922084708553, 4.400763476176424 ], [ -72.101346686327105, 4.398829590266915 ], [ -72.091539341128609, 4.388386606355576 ], [ -72.087098279151931, 4.373302296261416 ], [ -72.081731995930113, 4.36131220362247 ], [ -72.071369517984522, 4.346808059301162 ], [ -72.061562172786026, 4.345647727755459 ], [ -72.046018455867653, 4.346034504937361 ], [ -72.028254207960941, 4.359958483485814 ], [ -72.009009606061994, 4.359184929122012 ], [ -71.983843588194148, 4.36653369557814 ], [ -71.972740933252453, 4.375816347943775 ], [ -71.95904765882436, 4.384905611718462 ], [ -71.950905711867122, 4.401150253358326 ], [ -71.941098366668626, 4.418361837952942 ], [ -71.931291021470116, 4.428804821864283 ], [ -71.911121198326043, 4.441955246048934 ], [ -71.892246684925155, 4.463227991053516 ], [ -71.862824649329653, 4.493203222650884 ], [ -71.854127569625334, 4.504032983744127 ], [ -71.84265482618558, 4.516216464974024 ], [ -71.813232790590078, 4.532847883795789 ], [ -71.788991993967372, 4.541356981797621 ], [ -71.778074383274713, 4.544257810661883 ], [ -71.761975533609245, 4.546578473753291 ], [ -71.723856418309424, 4.55663468048273 ], [ -71.707202435896875, 4.564757001302663 ], [ -71.677780400301387, 4.583128917442984 ], [ -71.64095659474475, 4.593958678536227 ], [ -71.629483851304997, 4.600727279219504 ], [ -71.620231638853582, 4.608269434266582 ], [ -71.594140399740596, 4.622000024224086 ], [ -71.582112523553761, 4.638244665863949 ], [ -71.573415443849427, 4.648494261184339 ], [ -71.555096063195634, 4.654295918912862 ], [ -71.52733942584139, 4.665125680006105 ], [ -71.509575177934678, 4.674795109553642 ], [ -71.456467478463566, 4.688525699511144 ], [ -71.429451018105439, 4.69761496328583 ], [ -71.395402876284237, 4.714246382107595 ], [ -71.375788185887231, 4.725076143200837 ], [ -71.35672862823732, 4.734745572748375 ], [ -71.317499247443322, 4.750796825797288 ], [ -71.267907388703748, 4.766267913073348 ], [ -71.249032875302873, 4.777677839939443 ], [ -71.228863052158786, 4.785606772168423 ], [ -71.194814910337584, 4.796436533261666 ], [ -71.156140662290667, 4.817129112493395 ], [ -71.126903670944202, 4.837241525952274 ], [ -71.113025352267087, 4.844783680999354 ], [ -71.0882294228973, 4.855613442092595 ], [ -71.085453759161865, 4.860254768275414 ], [ -71.074906236967252, 4.672474446462232 ], [ -71.079902431691025, 4.444856074913195 ], [ -71.086008891908961, 4.187262471766791 ], [ -71.097851723846759, 3.343314660857703 ], [ -71.095261104360361, 2.845532427750464 ], [ -71.070835263488632, 2.834896055248172 ] ] ] } },
{ "type": "Feature", "properties": { "Zone": "Suroccidental" }, "geometry": { "type": "MultiPolygon", "coordinates": [ [ [ [ -77.128073711180235, 0.37054524076272 ], [ -77.13362503865109, 0.366677468943704 ], [ -77.151019198059743, 0.367644411898459 ], [ -77.156940614028642, 0.370351852171769 ], [ -77.160641499009216, 0.374606401172685 ], [ -77.180071145157186, 0.374993178354587 ], [ -77.182846808892606, 0.36803118908036 ], [ -77.193949463834301, 0.355460930668561 ], [ -77.209863269250732, 0.349659272940039 ], [ -77.241320791585537, 0.35526754207761 ], [ -77.25371875627043, 0.351593158849546 ], [ -77.272963358169378, 0.354880764895709 ], [ -77.282400614869815, 0.36029564544233 ], [ -77.300719995523622, 0.364743583034197 ], [ -77.323665482403129, 0.373639458217932 ], [ -77.343465217049143, 0.379054338764553 ], [ -77.34457548254332, 0.373446069626981 ], [ -77.353827694994735, 0.377894007218848 ], [ -77.353827694994735, 0.381761779037864 ], [ -77.371221854403387, 0.386596493811632 ], [ -77.376958226123264, 0.378667561582652 ], [ -77.384359996084399, 0.377894007218848 ], [ -77.389541235057195, 0.362229531351837 ], [ -77.394352385531931, 0.359715479669478 ], [ -77.403049465236251, 0.361649365578985 ], [ -77.409711058201268, 0.366484080352754 ], [ -77.422664155633257, 0.381568390446913 ], [ -77.431731323835635, 0.387370048175435 ], [ -77.448015217750125, 0.388143602539238 ], [ -77.464484155913638, 0.394912203222515 ], [ -77.472070970123795, 0.418892388500408 ], [ -77.479287695835907, 0.446546957006366 ], [ -77.482248403820364, 0.464145318782885 ], [ -77.482433448069386, 0.485611452378418 ], [ -77.483913802061608, 0.49895526515402 ], [ -77.491685660520801, 0.518874290021948 ], [ -77.492980970264, 0.532024714206599 ], [ -77.492240793267882, 0.542274309526989 ], [ -77.486134333049947, 0.57321648407911 ], [ -77.480212917081047, 0.591395011628481 ], [ -77.48039796133007, 0.599710721039362 ], [ -77.482248403820364, 0.60667271031359 ], [ -77.497422032240678, 0.622530574771551 ], [ -77.500937872972216, 0.631233061364336 ], [ -77.507044333190152, 0.637228107683809 ], [ -77.524068404100746, 0.647284314413248 ], [ -77.538501855524956, 0.643223154003282 ], [ -77.543498050248715, 0.644963651321839 ], [ -77.55367548394527, 0.643803319776135 ], [ -77.557561413174867, 0.647284314413248 ], [ -77.56810893536948, 0.653859526505574 ], [ -77.581432121299514, 0.658694241279343 ], [ -77.600121590451366, 0.667396727872126 ], [ -77.611964422389178, 0.676485991646812 ], [ -77.631023980039089, 0.69659840510569 ], [ -77.637500528755083, 0.697178570878543 ], [ -77.645272387214263, 0.700852954106606 ], [ -77.650638670436095, 0.707041389017031 ], [ -77.654154511167633, 0.71709759574647 ], [ -77.657300263401112, 0.718451315883125 ], [ -77.676544865300045, 0.718451315883125 ], [ -77.689868051230079, 0.720965367565485 ], [ -77.697084776942191, 0.728314134021613 ], [ -77.701895927416928, 0.744171998479576 ], [ -77.698009998187331, 0.752294319299507 ], [ -77.686352210498541, 0.760610028710389 ], [ -77.680985927276723, 0.769699292485075 ], [ -77.664146900615151, 0.782269550896874 ], [ -77.664331944864188, 0.785750545533988 ], [ -77.672473891821426, 0.78633071130684 ], [ -77.673769201564625, 0.792519146217264 ], [ -77.665072121860291, 0.804896016038112 ], [ -77.661371236879731, 0.806636513356669 ], [ -77.667107608599608, 0.815725777131354 ], [ -77.674509378560742, 0.815338999949453 ], [ -77.680985927276723, 0.820560491905123 ], [ -77.688017608739798, 0.823848097951286 ], [ -77.689127874233975, 0.828296035543153 ], [ -77.693383891961616, 0.832163807362169 ], [ -77.70208097166595, 0.833130750316922 ], [ -77.705411768148451, 0.838545630863544 ], [ -77.714849024848903, 0.839319185227346 ], [ -77.721140529315861, 0.836418356363085 ], [ -77.731688051510474, 0.828876201316006 ], [ -77.743160794950228, 0.82481504090604 ], [ -77.753893361393864, 0.830616698634563 ], [ -77.76185026410208, 0.83274397313502 ], [ -77.772027697798634, 0.831583641589316 ], [ -77.781649998748108, 0.8273290925884 ], [ -77.791087255448545, 0.826942315406498 ], [ -77.799969379401901, 0.824428263724139 ], [ -77.80218991039024, 0.819400160359419 ], [ -77.809406636102352, 0.812824948267093 ], [ -77.815883184818347, 0.8018017985829 ], [ -77.830131591993521, 0.799674524082442 ], [ -77.835497875215339, 0.797547249581983 ], [ -77.864179733814723, 0.79658030662723 ], [ -77.874727256009336, 0.79928774690054 ], [ -77.878613185238919, 0.801995187173851 ], [ -77.89175132691993, 0.806636513356669 ], [ -77.901928760616485, 0.807603456311423 ], [ -77.909145486328597, 0.80702329053857 ], [ -77.92376398200183, 0.811471228130438 ], [ -77.926909734235309, 0.81456544558565 ], [ -77.936346990935746, 0.818046440222764 ], [ -77.948374867122581, 0.824428263724139 ], [ -77.962808318546791, 0.827135703997449 ], [ -77.97095026550403, 0.83235719595312 ], [ -77.980942654951562, 0.843573734228263 ], [ -77.98168283194768, 0.848988614774884 ], [ -77.986679026671439, 0.854983661094358 ], [ -78.000187256850509, 0.858464655731471 ], [ -78.009809557799969, 0.863686147687141 ], [ -78.011660000290249, 0.866780365142353 ], [ -78.020357079994582, 0.872388634279925 ], [ -78.022392566733899, 0.876449794689891 ], [ -78.032014867683372, 0.879930789327005 ], [ -78.044042743870207, 0.881864675236512 ], [ -78.051074425333283, 0.887472944374084 ], [ -78.06421256701428, 0.890180384647395 ], [ -78.069393805987076, 0.89675559673972 ], [ -78.077720797193351, 0.898496094058277 ], [ -78.082161859170029, 0.897142373921621 ], [ -78.088083275138928, 0.898689482649227 ], [ -78.095855133598121, 0.905458083332504 ], [ -78.098445753084519, 0.90951924374247 ], [ -78.104922301800514, 0.91474073569814 ], [ -78.106587700041757, 0.929825045792299 ], [ -78.121761328462085, 0.93775397802128 ], [ -78.138230266625598, 0.935433314929871 ], [ -78.143226461349357, 0.929244880019446 ], [ -78.15321885079689, 0.925763885382334 ], [ -78.16950274471138, 0.934659760566068 ], [ -78.182085753645296, 0.939107698157935 ], [ -78.192263187341851, 0.946649853205015 ], [ -78.197259382065624, 0.948390350523571 ], [ -78.197999559061728, 0.954192008252094 ], [ -78.190042656353512, 0.960960608935371 ], [ -78.19170805459477, 0.968889541164351 ], [ -78.190042656353512, 0.971790370028613 ], [ -78.194853806828249, 0.976431696211431 ], [ -78.193373452836028, 0.986101125758968 ], [ -78.197814514812706, 0.992096172078441 ], [ -78.209657346750518, 0.998864772761718 ], [ -78.217244160960675, 1.000798658671226 ], [ -78.248886727544502, 1.015496191583483 ], [ -78.258509028493975, 1.018010243265842 ], [ -78.314392391700522, 1.029806947313839 ], [ -78.346960179529489, 1.044891257407997 ], [ -78.355842303482845, 1.050499526545569 ], [ -78.364354338938156, 1.05842845877455 ], [ -78.373421507140534, 1.063649950730221 ], [ -78.396922126767123, 1.090530964872375 ], [ -78.409875224199112, 1.101360725965617 ], [ -78.412650887934532, 1.106968995103189 ], [ -78.417647082658291, 1.123020248152102 ], [ -78.431340357086384, 1.144873158929537 ], [ -78.436336551810143, 1.148934319339503 ], [ -78.454100799716869, 1.158023583114188 ], [ -78.485928410549732, 1.181810379801131 ], [ -78.495735755748228, 1.185291374438244 ], [ -78.501102038970046, 1.190126089212013 ], [ -78.507208499187982, 1.191673197939619 ], [ -78.5125747824098, 1.190512866393915 ], [ -78.514795313398139, 1.19438063821293 ], [ -78.52793345507915, 1.198055021440994 ], [ -78.544957525989744, 1.20714428521568 ], [ -78.554949915437277, 1.207724450988532 ], [ -78.559761065912014, 1.210045114079941 ], [ -78.566237614627994, 1.218360823490824 ], [ -78.57419451733621, 1.224742646992198 ], [ -78.580115933305123, 1.226676532901705 ], [ -78.585297172277919, 1.23305835640308 ], [ -78.579190712059983, 1.245241837632978 ], [ -78.583631774036661, 1.246208780587732 ], [ -78.592698942239039, 1.242921174541569 ], [ -78.602506287437535, 1.249883163815796 ], [ -78.610278145896729, 1.25085010677055 ], [ -78.615459384869524, 1.249689775224845 ], [ -78.624526553071902, 1.25858565040858 ], [ -78.625451774317042, 1.264193919546152 ], [ -78.629707792044698, 1.26883524572897 ], [ -78.640995491235429, 1.272896406138936 ], [ -78.647101951453351, 1.280438561186015 ], [ -78.645066464714048, 1.292428653824962 ], [ -78.650062659437808, 1.293975762552568 ], [ -78.652283190426147, 1.301324529008697 ], [ -78.660425137383399, 1.316022061920954 ], [ -78.661165314379502, 1.323564216968033 ], [ -78.667641863095497, 1.323177439786131 ], [ -78.673193190566337, 1.326465045832294 ], [ -78.679854783531368, 1.334007200879374 ], [ -78.683925757009987, 1.334200589470325 ], [ -78.690032217227923, 1.342709687472158 ], [ -78.691512571220144, 1.367463427113854 ], [ -78.693363013710425, 1.373458473433327 ], [ -78.700949827920581, 1.377713022434244 ], [ -78.716678589087991, 1.376359302297589 ], [ -78.731297084761223, 1.370557644569066 ], [ -78.733887704247621, 1.37674607947949 ], [ -78.744990359189316, 1.386222120436077 ], [ -78.756093014131011, 1.391056835209846 ], [ -78.767750801819787, 1.399179156029778 ], [ -78.775707704528003, 1.407881642622562 ], [ -78.777188058520238, 1.416390740624395 ], [ -78.780333810753717, 1.422772564125769 ], [ -78.787365492216793, 1.426640335944785 ], [ -78.799023279905569, 1.423932895671475 ], [ -78.804574607376424, 1.429927941990948 ], [ -78.813271687080743, 1.431861827900455 ], [ -78.816787527812281, 1.437856874219928 ], [ -78.816602483563258, 1.449653578267925 ], [ -78.809940890598241, 1.454488293041694 ], [ -78.815677262318118, 1.457969287678807 ], [ -78.820488412792855, 1.450427132631727 ], [ -78.834551775719007, 1.451200686995531 ], [ -78.834921864217051, 1.456808956133102 ], [ -78.823264076528275, 1.465124665543985 ], [ -78.816602483563258, 1.466865162862542 ], [ -78.811051156092404, 1.470346157499655 ], [ -78.811051156092404, 1.473827152136769 ], [ -78.805129740123505, 1.478468478319587 ], [ -78.809940890598241, 1.480982530001946 ], [ -78.81900805880062, 1.473246986363916 ], [ -78.823449120777298, 1.473827152136769 ], [ -78.836772306707346, 1.478468478319587 ], [ -78.845654430660701, 1.478468478319587 ], [ -78.84880018289418, 1.475374260864375 ], [ -78.861568236077133, 1.485430467593814 ], [ -78.870635404279511, 1.500128000506071 ], [ -78.87285593526785, 1.505929658234594 ], [ -78.874521333509108, 1.517146196509738 ], [ -78.869340094536312, 1.527589180421078 ], [ -78.868414873291172, 1.537258609968616 ], [ -78.875446554754248, 1.542673490515237 ], [ -78.889324873431377, 1.545380930788547 ], [ -78.898206997384733, 1.544027210651892 ], [ -78.903758324855573, 1.54093299319668 ], [ -78.90764425408517, 1.546154485152351 ], [ -78.912640448808929, 1.559304909337002 ], [ -78.917636643532703, 1.562592515383165 ], [ -78.923373015252579, 1.571488390566899 ], [ -78.927629032980221, 1.572068556339752 ], [ -78.929109386972456, 1.579223934204929 ], [ -78.932070094956899, 1.582898317432994 ], [ -78.947613811875271, 1.592567746980531 ], [ -78.949279210116529, 1.596242130208596 ], [ -78.955940803081546, 1.601270233573315 ], [ -78.965378059781997, 1.603784285255675 ], [ -78.97814611296495, 1.604364451028528 ], [ -78.988138502412468, 1.600109902027611 ], [ -78.996280449369721, 1.61016610875705 ], [ -78.999056113105141, 1.619835538304588 ], [ -79.004237352077936, 1.631245465170682 ], [ -79.010158768046836, 1.633372739671141 ], [ -79.0040523078289, 1.645749609491989 ], [ -79.008493369805578, 1.651164490038609 ], [ -79.007568148560438, 1.657159536358083 ], [ -79.000166378599303, 1.662961194086606 ], [ -78.990173989151785, 1.668762851815128 ], [ -78.982402130692591, 1.671470292088439 ], [ -78.980181599704252, 1.668182686042276 ], [ -78.974630272233412, 1.669923183360833 ], [ -78.96463788278588, 1.677271949816961 ], [ -78.960751953556283, 1.682300053181681 ], [ -78.954830537587384, 1.684040550500238 ], [ -78.954830537587384, 1.693516591456825 ], [ -78.948539033120426, 1.703959575368166 ], [ -78.942987705649571, 1.716336445189014 ], [ -78.932995316202039, 1.731614143874123 ], [ -78.925408501991882, 1.739929853285005 ], [ -78.915416112544364, 1.743991013694972 ], [ -78.913565670054069, 1.749599282832543 ], [ -78.905423723096831, 1.758108380834376 ], [ -78.897281776139593, 1.764876981517653 ], [ -78.891545404419716, 1.767004256018111 ], [ -78.87008027153243, 1.794658824524069 ], [ -78.862308413073237, 1.797172876206429 ], [ -78.858977616590735, 1.801814202389247 ], [ -78.854351510365021, 1.802974533934951 ], [ -78.847134784652923, 1.809936523209179 ], [ -78.833811598722889, 1.813997683619144 ], [ -78.822708943781194, 1.813997683619144 ], [ -78.814566996823942, 1.810129911800129 ], [ -78.812901598582698, 1.806842305753967 ], [ -78.803279297633225, 1.799880316479739 ], [ -78.795692483423068, 1.807035694344918 ], [ -78.786255226722616, 1.80007370507069 ], [ -78.781999208994975, 1.801234036616394 ], [ -78.775707704528003, 1.793691881569315 ], [ -78.77182177529842, 1.795432378887872 ], [ -78.769046111562986, 1.789630721159349 ], [ -78.761829385850888, 1.78711666947699 ], [ -78.756833191127129, 1.797946430570232 ], [ -78.749616465415016, 1.801040648025444 ], [ -78.741474518457778, 1.799106762115936 ], [ -78.737403544979159, 1.795432378887872 ], [ -78.719639297072447, 1.791564607068857 ], [ -78.714828146597711, 1.792918327205512 ], [ -78.712052482862276, 1.785762949340334 ], [ -78.705390889897259, 1.776286908383748 ], [ -78.696508765943904, 1.772612525155683 ], [ -78.691882659718203, 1.78208856611227 ], [ -78.687626641990548, 1.78208856611227 ], [ -78.679299650784273, 1.789243943977448 ], [ -78.655613986908662, 1.784022452021778 ], [ -78.652283190426147, 1.793111715796463 ], [ -78.645991685959189, 1.790984441296004 ], [ -78.635999296511656, 1.790791052705054 ], [ -78.629337703546639, 1.792724938614561 ], [ -78.612868765383126, 1.79485221311502 ], [ -78.600470800698233, 1.791757995659808 ], [ -78.60990805739867, 1.785182783567482 ], [ -78.601025933445314, 1.771065416428077 ], [ -78.596214782970577, 1.768551364745717 ], [ -78.58677752627014, 1.770485250655224 ], [ -78.581781331546381, 1.765457147290505 ], [ -78.57234407484593, 1.758688546607229 ], [ -78.568458145616333, 1.749792671423494 ], [ -78.561056375655212, 1.753467054651558 ], [ -78.562351685398411, 1.760429043925785 ], [ -78.562351685398411, 1.770098473473323 ], [ -78.560686287157154, 1.785762949340334 ], [ -78.562166641149375, 1.792144772841709 ], [ -78.558465756168815, 1.796592710433576 ], [ -78.549028499468363, 1.798719984934035 ], [ -78.539036110020845, 1.803941476889705 ], [ -78.546993012729061, 1.806262139981114 ], [ -78.549583632215459, 1.822120004439076 ], [ -78.548473366721282, 1.830629102440909 ], [ -78.542922039250442, 1.83855803466989 ], [ -78.537555756028624, 1.856156396446409 ], [ -78.544772481740722, 1.857316727992113 ], [ -78.544032304744604, 1.86427871726634 ], [ -78.546807968480024, 1.872594426677223 ], [ -78.545882747234884, 1.884004353543317 ], [ -78.550878941958658, 1.892320062954199 ], [ -78.551619118954761, 1.899088663637476 ], [ -78.555690092433395, 1.90005560659223 ], [ -78.568458145616333, 1.899862218001279 ], [ -78.584371951032765, 1.898121720682722 ], [ -78.590663455499737, 1.892706840136101 ], [ -78.597325048464754, 1.894834114636559 ], [ -78.598990446706011, 1.898701886455574 ], [ -78.599915667951151, 1.9182341341416 ], [ -78.598250269709894, 1.924809346233926 ], [ -78.601025933445314, 1.928677118052941 ], [ -78.602321243188513, 1.936992827463824 ], [ -78.601766110441432, 1.944534982510903 ], [ -78.599545579453093, 1.950336640239425 ], [ -78.594919473227378, 1.951303583194179 ], [ -78.593809207733216, 1.955944909376997 ], [ -78.587332659017221, 1.963293675833126 ], [ -78.589368145756538, 1.967354836243092 ], [ -78.588257880262361, 1.973736659744467 ], [ -78.596769915717672, 1.980118483245842 ], [ -78.598805402456975, 1.987273861111019 ], [ -78.607317437912272, 1.995976347703803 ], [ -78.623786376075799, 1.999650730931868 ], [ -78.624526553071902, 2.002938336978031 ], [ -78.630077880542757, 2.006806108797045 ], [ -78.634518942519435, 2.007386274569898 ], [ -78.634333898270413, 1.999844119522819 ], [ -78.640995491235429, 1.992301964475739 ], [ -78.647657084200446, 1.987273861111019 ], [ -78.648767349694609, 1.977604431563481 ], [ -78.66098027013048, 1.978958151700137 ], [ -78.660610181632421, 1.973543271153516 ], [ -78.66745681884646, 1.972382939607812 ], [ -78.672082925072175, 1.975670545653974 ], [ -78.672453013570234, 1.986500306747216 ], [ -78.666716641850357, 1.989594524202428 ], [ -78.667826907344519, 1.999844119522819 ], [ -78.66745681884646, 2.012607766525568 ], [ -78.665791420605217, 2.015895372571731 ], [ -78.668752128589659, 2.02092347593645 ], [ -78.671897880823153, 2.041809443759131 ], [ -78.676523987048853, 2.054766479352832 ], [ -78.680965049025531, 2.062695411581814 ], [ -78.684665934006091, 2.08242104785879 ], [ -78.689292040231805, 2.096538414998195 ], [ -78.689662128729864, 2.101179741181014 ], [ -78.700764783671559, 2.113556611001862 ], [ -78.705390889897259, 2.120325211685138 ], [ -78.706871243889495, 2.135602910370247 ], [ -78.710387084621033, 2.149333500327751 ], [ -78.711497350115195, 2.157455821147683 ], [ -78.707611420885598, 2.162677313103353 ], [ -78.708721686379775, 2.16963930237758 ], [ -78.711867438613254, 2.16963930237758 ], [ -78.705760978395318, 2.193232710473572 ], [ -78.702430181912817, 2.191492213155015 ], [ -78.697433987189044, 2.194199653428326 ], [ -78.693548057959461, 2.199807922565897 ], [ -78.6957685889478, 2.210637683659139 ], [ -78.690402305725968, 2.217986450115268 ], [ -78.692992925212366, 2.223207942070939 ], [ -78.690402305725968, 2.229009599799461 ], [ -78.685221066753186, 2.235391423300836 ], [ -78.682630447266789, 2.24409390989362 ], [ -78.680224872029413, 2.24660796157598 ], [ -78.674858588807595, 2.240612915256507 ], [ -78.670972659577998, 2.245060852848374 ], [ -78.667086730348416, 2.253183173668305 ], [ -78.653393455920323, 2.24931540184929 ], [ -78.652838323173228, 2.254536893804961 ], [ -78.66098027013048, 2.258984831396828 ], [ -78.66653159760132, 2.270394758262922 ], [ -78.665421332107158, 2.278517079082854 ], [ -78.659314871889222, 2.284512125402328 ], [ -78.652098146177124, 2.289540228767047 ], [ -78.64932248244169, 2.293988166358915 ], [ -78.637664694752914, 2.31854851740966 ], [ -78.62989283629372, 2.32106256909202 ], [ -78.626562039811219, 2.330345221457656 ], [ -78.621010712340365, 2.337693987913784 ], [ -78.619345314099121, 2.345622920142766 ], [ -78.615644429118547, 2.348136971825125 ], [ -78.616569650363687, 2.357613012781712 ], [ -78.60990805739867, 2.362641116146432 ], [ -78.617864960106886, 2.368442773874954 ], [ -78.619530358348143, 2.377725426240591 ], [ -78.610648234394787, 2.387588244379079 ], [ -78.606022128169073, 2.388555187333833 ], [ -78.603431508682689, 2.395903953789961 ], [ -78.600470800698233, 2.399578337018026 ], [ -78.588813013009457, 2.420657693431658 ], [ -78.571788942098848, 2.447925484755714 ], [ -78.566792747375089, 2.448699039119517 ], [ -78.558650800417837, 2.454307308257089 ], [ -78.558650800417837, 2.458948634439907 ], [ -78.554394782690196, 2.469778395533149 ], [ -78.554394782690196, 2.473452778761214 ], [ -78.550323809211562, 2.487376757309668 ], [ -78.545882747234884, 2.493758580811043 ], [ -78.53570531353833, 2.500333792903368 ], [ -78.529228764822349, 2.502654455994778 ], [ -78.522567171857332, 2.500913958676221 ], [ -78.513685047903977, 2.500913958676221 ], [ -78.512389738160778, 2.507295782177596 ], [ -78.504802923950606, 2.525667698317918 ], [ -78.497401153989486, 2.534950350683554 ], [ -78.484633100806533, 2.548487552050106 ], [ -78.47963690608276, 2.551581769505318 ], [ -78.464093189164387, 2.565118970871871 ], [ -78.460762392681886, 2.574788400419409 ], [ -78.452435401475611, 2.58523138433075 ], [ -78.449104604993096, 2.597414865560647 ], [ -78.431525401335421, 2.598961974288253 ], [ -78.423753542876227, 2.605343797789628 ], [ -78.414501330424812, 2.605730574971529 ], [ -78.395626817023924, 2.603990077652973 ], [ -78.38322885233903, 2.624876045475654 ], [ -78.37767752486819, 2.630871091795127 ], [ -78.359913276961478, 2.641507464297419 ], [ -78.341593896307671, 2.650596728072104 ], [ -78.333451949350433, 2.656204997209676 ], [ -78.329566020120836, 2.653690945527316 ], [ -78.303104692509791, 2.657558717346332 ], [ -78.285710533101138, 2.654271111300169 ], [ -78.270721948929847, 2.655624831436824 ], [ -78.258138939995916, 2.661813266347248 ], [ -78.247961506299362, 2.663166986483903 ], [ -78.244260621318801, 2.665100872393411 ], [ -78.209102214003423, 2.668968644212425 ], [ -78.196519205069507, 2.669355421394327 ], [ -78.186156727123915, 2.670902530121933 ], [ -78.180790443902097, 2.673416581804293 ], [ -78.169872833209439, 2.675930633486653 ], [ -78.162286018999268, 2.676317410668554 ], [ -78.157104780026486, 2.68289262276088 ], [ -78.146557257831873, 2.683472788533732 ], [ -78.140450797613937, 2.677090965032357 ], [ -78.142301240104217, 2.671482695894785 ], [ -78.134529381645038, 2.6623934321201 ], [ -78.106032567294676, 2.645955401889286 ], [ -78.096040177847144, 2.646728956253089 ], [ -78.088453363636987, 2.639573578387911 ], [ -78.082902036166146, 2.6368661381146 ], [ -78.04237734562895, 2.640733909933616 ], [ -78.032570000430454, 2.649049619344498 ], [ -78.02387292072612, 2.649823173708301 ], [ -78.00758902681163, 2.651563671026858 ], [ -77.99981716835245, 2.650983505254006 ], [ -77.998151770111193, 2.653497556936365 ], [ -77.991860265644235, 2.653110779754464 ], [ -77.982052920445739, 2.638993412615059 ], [ -77.97187548674917, 2.640347132751714 ], [ -77.962068141550674, 2.638993412615059 ], [ -77.955406548585657, 2.635512417977945 ], [ -77.948189822873559, 2.627583485748964 ], [ -77.936532035184769, 2.621588439429491 ], [ -77.93431150419643, 2.624489268293752 ], [ -77.935606813939629, 2.635125640796044 ], [ -77.929870442219752, 2.640153744160763 ], [ -77.916547256289718, 2.640153744160763 ], [ -77.908960442079561, 2.653690945527316 ], [ -77.908960442079561, 2.663747152256756 ], [ -77.914326725301379, 2.663747152256756 ], [ -77.906739911091222, 2.682699234169929 ], [ -77.898412919884947, 2.685406674443239 ], [ -77.891196194172849, 2.683279399942782 ], [ -77.878798229487955, 2.691595109353663 ], [ -77.87269176927002, 2.697976932855038 ], [ -77.862699379822487, 2.698557098627891 ], [ -77.857888229347765, 2.695462881172679 ], [ -77.852706990374969, 2.6879207261256 ], [ -77.849006105394395, 2.686567005988945 ], [ -77.844379999168694, 2.692368663717467 ], [ -77.845675308911893, 2.7008777617193 ], [ -77.842159468180355, 2.703198424810709 ], [ -77.833832476974081, 2.703005036219758 ], [ -77.830871768989624, 2.698750487218842 ], [ -77.824025131775585, 2.696816601309334 ], [ -77.817733627308627, 2.691595109353663 ], [ -77.809591680351375, 2.689274446262255 ], [ -77.810331857347492, 2.67515707912285 ], [ -77.802559998888299, 2.673416581804293 ], [ -77.796453538670363, 2.651757059617808 ], [ -77.794047963433002, 2.646342179071188 ], [ -77.787571414717007, 2.64962978511735 ], [ -77.790717166950486, 2.662006654938199 ], [ -77.787016281969926, 2.67012897575813 ], [ -77.786461149222845, 2.67515707912285 ], [ -77.790162034203405, 2.684052954306584 ], [ -77.786461149222845, 2.685406674443239 ], [ -77.784795750981587, 2.691014943580812 ], [ -77.793677874934943, 2.699330652991694 ], [ -77.79571336167426, 2.709000082539232 ], [ -77.792012476693685, 2.716155460404409 ], [ -77.791272299697582, 2.724664558406243 ], [ -77.794788140429119, 2.727952164452406 ], [ -77.799229202405797, 2.725631501360996 ], [ -77.79848902540968, 2.735687708090436 ], [ -77.799784335152879, 2.745357137637973 ], [ -77.794603096180083, 2.757734007458821 ], [ -77.786831237720904, 2.760054670550231 ], [ -77.776838848273371, 2.758120784640723 ], [ -77.766846458825853, 2.764115830960196 ], [ -77.755743803884144, 2.760054670550231 ], [ -77.750932653409421, 2.765469551096851 ], [ -77.750192476413304, 2.771464597416325 ], [ -77.743715927697309, 2.777072866553897 ], [ -77.732428228506592, 2.769917488688719 ], [ -77.726876901035737, 2.768176991370162 ], [ -77.721325573564883, 2.764115830960196 ], [ -77.71651442309016, 2.769917488688719 ], [ -77.71651442309016, 2.779780306827208 ], [ -77.71929008682558, 2.784034855828124 ], [ -77.715774246094043, 2.786742296101434 ], [ -77.698195042436353, 2.788676182010942 ], [ -77.702636104413031, 2.791577010875203 ], [ -77.715219113346961, 2.791577010875203 ], [ -77.719845219572662, 2.78828940482904 ], [ -77.722990971806141, 2.779586918236257 ], [ -77.729097432024076, 2.779393529645306 ], [ -77.729652564771158, 2.783454690055271 ], [ -77.736499201985211, 2.787902627647139 ], [ -77.742605662203147, 2.788676182010942 ], [ -77.755188671137063, 2.792543953829957 ], [ -77.762590441098197, 2.790416679329499 ], [ -77.765181060584595, 2.792543953829957 ], [ -77.761295131354998, 2.801246440422741 ], [ -77.737424423230351, 2.823099351200177 ], [ -77.720770440817802, 2.824646459927783 ], [ -77.719105042576558, 2.829674563292502 ], [ -77.710963095619306, 2.83934399284004 ], [ -77.708002387634849, 2.846305982114266 ], [ -77.705411768148451, 2.862937400936032 ], [ -77.700415573424692, 2.861196903617475 ], [ -77.693383891961616, 2.862357235163179 ], [ -77.6867222989966, 2.858102686162263 ], [ -77.680430794529642, 2.863517566708883 ], [ -77.684871856506319, 2.86757872711885 ], [ -77.692828759214535, 2.882276260031107 ], [ -77.694494157455793, 2.887304363395827 ], [ -77.69930530793053, 2.890205192260088 ], [ -77.69930530793053, 2.897360570125265 ], [ -77.695974511448014, 2.901808507717133 ], [ -77.688757785735916, 2.902388673489985 ], [ -77.692088582218418, 2.907996942627557 ], [ -77.689868051230079, 2.92172753258506 ], [ -77.683946635261179, 2.929076299041189 ], [ -77.67987566178256, 2.936618454088268 ], [ -77.672103803323367, 2.936038288315416 ], [ -77.669883272335028, 2.933717625224007 ], [ -77.651193803183176, 2.92926968763214 ], [ -77.646752741206498, 2.935651511133515 ], [ -77.653969466918596, 2.941066391680136 ], [ -77.660446015634591, 2.95479698163764 ], [ -77.671548670576286, 2.967947405822291 ], [ -77.666182387354468, 2.97548956086937 ], [ -77.662111413875834, 2.97819700114268 ], [ -77.668773006840865, 2.985352379007859 ], [ -77.678395307790325, 2.986319321962612 ], [ -77.681541060023818, 2.992120979691134 ], [ -77.688017608739798, 2.988446596463071 ], [ -77.693383891961616, 2.97819700114268 ], [ -77.702451060164009, 2.969301125958946 ], [ -77.70208097166595, 2.977036669596976 ], [ -77.693753980459675, 2.992120979691134 ], [ -77.688757785735916, 2.992314368282085 ], [ -77.690978316724255, 3.001790409238672 ], [ -77.675619644054905, 3.027897869017024 ], [ -77.66729265284863, 3.045689619384493 ], [ -77.657670351899156, 3.050911111340164 ], [ -77.656745130654016, 3.057099546250588 ], [ -77.652859201424434, 3.062127649615308 ], [ -77.639350971245364, 3.070056581844288 ], [ -77.63065389154103, 3.076245016754712 ], [ -77.624917519821153, 3.074891296618057 ], [ -77.620476457844475, 3.086301223484152 ], [ -77.606043006420279, 3.103512808078769 ], [ -77.601601944443601, 3.110088020171094 ], [ -77.597345926715946, 3.111441740307749 ], [ -77.584577873532993, 3.13213431953948 ], [ -77.577546192069917, 3.135228536994692 ], [ -77.577361147820895, 3.139289697404658 ], [ -77.571994864599077, 3.146445075269837 ], [ -77.561817430902522, 3.164623602819207 ], [ -77.553490439696247, 3.183769073323331 ], [ -77.55089982020985, 3.193438502870869 ], [ -77.549604510466651, 3.204268263964112 ], [ -77.541277519260376, 3.210456698874536 ], [ -77.540352298015236, 3.225154231786793 ], [ -77.544053182995796, 3.230182335151512 ], [ -77.543127961750656, 3.239271598926198 ], [ -77.534800970544381, 3.250488137201342 ], [ -77.525178669594922, 3.264605504340746 ], [ -77.520922651867266, 3.268279887568811 ], [ -77.504083625205695, 3.290132798346246 ], [ -77.49575663399942, 3.3040567768947 ], [ -77.489650173781484, 3.308117937304666 ], [ -77.483173625065504, 3.310051823214174 ], [ -77.48132318257521, 3.3170138124884 ], [ -77.476326987851451, 3.323975801762628 ], [ -77.471330793127692, 3.325716299081185 ], [ -77.46004309393696, 3.333838619901116 ], [ -77.445054509765669, 3.349309707177176 ], [ -77.43506212031815, 3.360719634043271 ], [ -77.432656545080775, 3.352984090405241 ], [ -77.427290261858957, 3.356851862224256 ], [ -77.418223093656579, 3.358205582360911 ], [ -77.409526013952245, 3.368455177681301 ], [ -77.406565305967789, 3.376190721319332 ], [ -77.407305482963906, 3.382959322002607 ], [ -77.393242120037755, 3.39630313477821 ], [ -77.388801058061077, 3.40403867841624 ], [ -77.384359996084399, 3.415061828100432 ], [ -77.379548845609662, 3.418156045555645 ], [ -77.370111588909225, 3.443683339561145 ], [ -77.362894863197113, 3.449871774471569 ], [ -77.357713624224331, 3.458961038246254 ], [ -77.365670526932547, 3.465149473156678 ], [ -77.369926544660188, 3.472885016794708 ], [ -77.369001323415048, 3.481007337614639 ], [ -77.357713624224331, 3.489903212798374 ], [ -77.346796013531659, 3.502086694028272 ], [ -77.343835305547202, 3.502860248392075 ], [ -77.334583093095787, 3.512916455121514 ], [ -77.327736455881748, 3.510402403439154 ], [ -77.319964597422555, 3.519104890031938 ], [ -77.329031765624947, 3.523746216214756 ], [ -77.329771942621051, 3.530708205488984 ], [ -77.317003889438112, 3.544632184037438 ], [ -77.311822650465317, 3.553528059221172 ], [ -77.299609730029445, 3.567452037769627 ], [ -77.294798579554708, 3.562037157223005 ], [ -77.298684508784305, 3.556235499494483 ], [ -77.299054597282364, 3.546759458537896 ], [ -77.294613535305686, 3.540184246445571 ], [ -77.29128273882317, 3.541537966582226 ], [ -77.294243446807627, 3.547919790083601 ], [ -77.291837871570266, 3.560490048495399 ], [ -77.28850707508775, 3.55816938540399 ], [ -77.28480619010719, 3.572286752543396 ], [ -77.268152207694641, 3.574220638452902 ], [ -77.265191499710184, 3.577121467317165 ], [ -77.249277694293752, 3.580409073363327 ], [ -77.237064773857895, 3.57847518745382 ], [ -77.232438667632181, 3.579248741817622 ], [ -77.218560348955066, 3.591819000229422 ], [ -77.218930437453125, 3.594913217684634 ], [ -77.206717517017253, 3.607290087505482 ], [ -77.203756809032797, 3.604582647232172 ], [ -77.195984950573617, 3.610190916369743 ], [ -77.194504596581382, 3.626242169418656 ], [ -77.191728932845962, 3.637458707693799 ], [ -77.189508401857623, 3.639392593603307 ], [ -77.189878490355682, 3.6504157432875 ], [ -77.182661764643584, 3.655057069470318 ], [ -77.176555304425648, 3.648675245968943 ], [ -77.167858224721314, 3.64538763992278 ], [ -77.155090171538362, 3.642873588240421 ], [ -77.151204242308765, 3.639585982194258 ], [ -77.142137074106387, 3.639779370785209 ], [ -77.15175937505586, 3.648675245968943 ], [ -77.163972295491718, 3.6504157432875 ], [ -77.165637693732975, 3.65312318356081 ], [ -77.166007782231034, 3.668787659427822 ], [ -77.167303091974233, 3.674395928565393 ], [ -77.165082560985894, 3.685419078249586 ], [ -77.169893711460631, 3.686579409795291 ], [ -77.171003976954793, 3.691220735978109 ], [ -77.167303091974233, 3.694508342024272 ], [ -77.161196631756297, 3.695668673569976 ], [ -77.152684596301, 3.690640570205256 ], [ -77.147318313079182, 3.691220735978109 ], [ -77.141211852861247, 3.696248839342829 ], [ -77.134920348394289, 3.695088507797124 ], [ -77.127333534184118, 3.706305046072267 ], [ -77.134920348394289, 3.710752983664135 ], [ -77.145652914837925, 3.712686869573642 ], [ -77.149908932565566, 3.708432320572726 ], [ -77.160086366262135, 3.705724880299416 ], [ -77.168413357468395, 3.699536445388992 ], [ -77.172854419445073, 3.698956279616139 ], [ -77.17951601241009, 3.693541399069518 ], [ -77.17951601241009, 3.689673627250503 ], [ -77.188213092114424, 3.680777752066768 ], [ -77.1893233576086, 3.69160751316001 ], [ -77.193209286838183, 3.707078600436071 ], [ -77.19616999482264, 3.732412505850619 ], [ -77.197835393063897, 3.740921603852453 ], [ -77.194504596581382, 3.750204256218089 ], [ -77.190433623102763, 3.752718307900448 ], [ -77.179886100908149, 3.738407552170092 ], [ -77.173409552192169, 3.733186060214423 ], [ -77.158976100767958, 3.728544734031605 ], [ -77.154905127289339, 3.71964885884787 ], [ -77.151574330806824, 3.715974475619805 ], [ -77.145467870588888, 3.715200921256002 ], [ -77.139546454619989, 3.721002578984525 ], [ -77.132884861654972, 3.719068693075017 ], [ -77.133254950153031, 3.725450516576392 ], [ -77.140471675865129, 3.726804236713048 ], [ -77.148243534324322, 3.718488527302165 ], [ -77.156570525530583, 3.731058785713964 ], [ -77.161566720254356, 3.735700111896782 ], [ -77.172299286697992, 3.739374495124847 ], [ -77.176185215927589, 3.744595987080517 ], [ -77.17674034867467, 3.750204256218089 ], [ -77.170448844207712, 3.752138142127596 ], [ -77.171559109701874, 3.758713354219922 ], [ -77.162121853001437, 3.757359634083267 ], [ -77.152129463553905, 3.750397644809039 ], [ -77.145097782090843, 3.749817479036187 ], [ -77.144357605094726, 3.752138142127596 ], [ -77.140656720114151, 3.75310508508235 ], [ -77.142322118355409, 3.754845582400907 ], [ -77.144912737841807, 3.759486908583725 ], [ -77.139546454619989, 3.761807571675134 ], [ -77.145467870588888, 3.769543115313164 ], [ -77.139916543118048, 3.774764607268834 ], [ -77.131034419164692, 3.774377830086932 ], [ -77.131589551911773, 3.777858824724046 ], [ -77.136585746635532, 3.785594368362077 ], [ -77.136770790884569, 3.790429083135846 ], [ -77.143247339600549, 3.788108420044436 ], [ -77.146208047585006, 3.794103466363909 ], [ -77.145652914837925, 3.799905124092433 ], [ -77.147318313079182, 3.810154719412822 ], [ -77.141581941359306, 3.80976794223092 ], [ -77.138436189125827, 3.806867113366659 ], [ -77.133810082900112, 3.796810906637221 ], [ -77.129554065172456, 3.794103466363909 ], [ -77.125668135942874, 3.796810906637221 ], [ -77.132144684658854, 3.80183901000194 ], [ -77.132329728907891, 3.813248936868034 ], [ -77.127333534184118, 3.817696874459902 ], [ -77.115490702246319, 3.819050594596558 ], [ -77.106053445545868, 3.814022491231837 ], [ -77.104017958806566, 3.817696874459902 ], [ -77.111789817265745, 3.821758034869868 ], [ -77.113455215507003, 3.83548862482737 ], [ -77.107348755289067, 3.843224168465401 ], [ -77.105498312798787, 3.849219214784874 ], [ -77.099946985327932, 3.847285328875367 ], [ -77.096246100347372, 3.85328037519484 ], [ -77.085698578152758, 3.85850186715051 ], [ -77.072005303724666, 3.856761369831954 ], [ -77.072560436471747, 3.863143193333329 ], [ -77.061827870028111, 3.860629141650969 ], [ -77.055166277063094, 3.867010965152344 ], [ -77.052575657576696, 3.87880766920034 ], [ -77.055351321312116, 3.887123378611221 ], [ -77.062012914277148, 3.894858922249252 ], [ -77.056831675304352, 3.896212642385908 ], [ -77.046469197358761, 3.895439088022105 ], [ -77.045358931864598, 3.892925036339745 ], [ -77.034811409669985, 3.886929990020271 ], [ -77.032590878681646, 3.889830818884533 ], [ -77.039807604393744, 3.892731647748795 ], [ -77.041473002635001, 3.896792808158759 ], [ -77.047949551350996, 3.900080414204922 ], [ -77.04461875486848, 3.905108517569643 ], [ -77.029075037950108, 3.908976289388658 ], [ -77.028704949452049, 3.913230838389573 ], [ -77.037031940658323, 3.912650672616723 ], [ -77.040362737140839, 3.909556455161509 ], [ -77.048134595600018, 3.910330009525312 ], [ -77.055166277063094, 3.90936306657056 ], [ -77.058126985047551, 3.90452835179679 ], [ -77.062568047024229, 3.902594465887283 ], [ -77.067934330246047, 3.903948186023937 ], [ -77.07755663119552, 3.903948186023937 ], [ -77.082552825919279, 3.902401077296332 ], [ -77.08625371089984, 3.90452835179679 ], [ -77.094395657857092, 3.90182091152348 ], [ -77.094395657857092, 3.894665533658301 ], [ -77.103277781810448, 3.897566362522562 ], [ -77.109939374775465, 3.883448995383159 ], [ -77.111789817265745, 3.87629361751798 ], [ -77.122707427958417, 3.875133285972275 ], [ -77.126778401437036, 3.870878736971358 ], [ -77.134365215647193, 3.869911794016605 ], [ -77.150464065312661, 3.856761369831954 ], [ -77.158420968020877, 3.852893598012939 ], [ -77.162862029997555, 3.852893598012939 ], [ -77.166192826480057, 3.846318385920613 ], [ -77.172854419445073, 3.848252271830122 ], [ -77.178220702666891, 3.83548862482737 ], [ -77.180996366402326, 3.831814241599307 ], [ -77.185992561126085, 3.832007630190258 ], [ -77.193394331087219, 3.838776230873533 ], [ -77.200981145297376, 3.839549785237336 ], [ -77.204867074526973, 3.833748127508814 ], [ -77.21522955247255, 3.83510184764547 ], [ -77.219855658698265, 3.837422510736879 ], [ -77.223186455180766, 3.83548862482737 ], [ -77.224851853422024, 3.829880355689799 ], [ -77.235769464114696, 3.835682013418321 ], [ -77.242431057079713, 3.83510184764547 ], [ -77.247612296052509, 3.829300189916946 ], [ -77.264821411212125, 3.833167961735962 ], [ -77.268707340441722, 3.838196065100682 ], [ -77.281290349375652, 3.839356396646386 ], [ -77.285916455601352, 3.849799380557727 ], [ -77.296834066294025, 3.859662198696215 ], [ -77.302570438013902, 3.861789473196673 ], [ -77.302940526511961, 3.874359731608472 ], [ -77.292393004317347, 3.87629361751798 ], [ -77.292393004317347, 3.881901886655552 ], [ -77.289062207834831, 3.890217596066433 ], [ -77.279069818387313, 3.893698590703547 ], [ -77.279809995383417, 3.896792808158759 ], [ -77.286841676846493, 3.895439088022105 ], [ -77.291837871570266, 3.899500248432071 ], [ -77.299239641531386, 3.899113471250169 ], [ -77.309602119476978, 3.906849014888198 ], [ -77.316448756691017, 3.902594465887283 ], [ -77.320334685920614, 3.902594465887283 ], [ -77.322000084161871, 3.912263895434821 ], [ -77.319039376177415, 3.913424226980524 ], [ -77.320704774418672, 3.924640765255669 ], [ -77.316448756691017, 3.924060599482816 ], [ -77.312377783212398, 3.929282091438486 ], [ -77.312377783212398, 3.934116806212256 ], [ -77.317559022185193, 3.949007727715463 ], [ -77.313673092955597, 3.955389551216838 ], [ -77.309232030978919, 3.958290380081099 ], [ -77.299054597282364, 3.959257323035853 ], [ -77.29035751757803, 3.973374690175259 ], [ -77.290172473329008, 3.979563125085683 ], [ -77.284066013111072, 3.979369736494732 ], [ -77.275183889157717, 3.987105280132761 ], [ -77.268152207694641, 3.987298668723712 ], [ -77.259640172239344, 3.982657342540895 ], [ -77.25371875627043, 3.980916845222337 ], [ -77.247057163305413, 3.984397839859451 ], [ -77.24816742879959, 3.988459000269417 ], [ -77.238730172099139, 3.993293715043185 ], [ -77.232623711881217, 3.992133383497482 ], [ -77.229292915398702, 3.997161486862201 ], [ -77.224666809173002, 3.996194543907448 ], [ -77.216894950713808, 4.007991247955443 ], [ -77.209308136503651, 4.010118522455901 ], [ -77.21152866749199, 4.017080511730128 ], [ -77.203386720534738, 4.023268946640552 ], [ -77.199500791305155, 4.028683827187173 ], [ -77.201536278044458, 4.03293837618809 ], [ -77.200611056799318, 4.039126811098514 ], [ -77.196540083320698, 4.043961525872284 ], [ -77.197280260316816, 4.047442520509398 ], [ -77.191728932845962, 4.050343349373659 ], [ -77.182846808892606, 4.049763183600806 ], [ -77.182106631896488, 4.052277235283166 ], [ -77.188953269110542, 4.056338395693132 ], [ -77.194874685079441, 4.057111950056935 ], [ -77.209863269250732, 4.055758229920279 ], [ -77.208382915258511, 4.062140053421654 ], [ -77.222631322433685, 4.0611731104669 ], [ -77.229107871149679, 4.059239224557393 ], [ -77.234104065873439, 4.0611731104669 ], [ -77.236879729608859, 4.057692115829786 ], [ -77.242060968581654, 4.058272281602639 ], [ -77.240395570340397, 4.063106996376408 ], [ -77.234844242869556, 4.067361545377324 ], [ -77.228737782651621, 4.067361545377324 ], [ -77.226517251663282, 4.069875597059685 ], [ -77.227997605655503, 4.075677254788207 ], [ -77.23373397737538, 4.082832632653385 ], [ -77.239655393344293, 4.083412798426236 ], [ -77.247612296052509, 4.091148342064267 ], [ -77.250387959787929, 4.08960123333666 ], [ -77.25094309253501, 4.07625742056106 ], [ -77.253163623523349, 4.069102042695881 ], [ -77.262045747476705, 4.060786333284998 ], [ -77.2685222961927, 4.068135099741127 ], [ -77.276479198900915, 4.068135099741127 ], [ -77.278514685640232, 4.061753276239752 ], [ -77.287951942340669, 4.062333442012605 ], [ -77.288692119336787, 4.057885504420737 ], [ -77.283510880363991, 4.05324417823792 ], [ -77.287951942340669, 4.048989629237003 ], [ -77.296834066294025, 4.048796240646052 ], [ -77.299054597282364, 4.042607805735628 ], [ -77.309602119476978, 4.034292096324746 ], [ -77.308121765484742, 4.029844158732878 ], [ -77.312377783212398, 4.024622666777208 ], [ -77.314783358449773, 4.015340014411573 ], [ -77.319039376177415, 4.011278854001606 ], [ -77.316263712441994, 4.006444139227836 ], [ -77.320889818667695, 4.004316864727379 ], [ -77.322925305407011, 3.996774709680299 ], [ -77.319964597422555, 3.994647435179841 ], [ -77.325700969142432, 3.978209404949027 ], [ -77.326256101889527, 3.97144080426575 ], [ -77.332732650605507, 3.975501964675717 ], [ -77.339949376317605, 3.960224265990608 ], [ -77.340134420566642, 3.954615996853034 ], [ -77.34457548254332, 3.943786235759793 ], [ -77.34550070378846, 3.934503583394157 ], [ -77.352162296753477, 3.929088702847535 ], [ -77.359379022465575, 3.926768039756126 ], [ -77.366040615430606, 3.934310194803206 ], [ -77.36770601367185, 3.943786235759793 ], [ -77.374367606636866, 3.956549882762543 ], [ -77.382694597843141, 3.966799478082933 ], [ -77.382879642092178, 3.975115187493815 ], [ -77.381029199601883, 3.978402793539978 ], [ -77.389541235057195, 3.983237508313747 ], [ -77.397128049267351, 3.980916845222337 ], [ -77.410636279446408, 3.992713549270334 ], [ -77.421738934388117, 3.99967553854456 ], [ -77.428770615851192, 4.006057362045935 ], [ -77.436172385812313, 4.017273900321079 ], [ -77.438207872551629, 4.022882169458651 ], [ -77.438392916800652, 4.034872262097597 ], [ -77.437097607057453, 4.041254085598974 ], [ -77.432656545080775, 4.043768137281333 ], [ -77.426735129111876, 4.042607805735628 ], [ -77.423959465376456, 4.052277235283166 ], [ -77.431176191088554, 4.060979721875949 ], [ -77.432101412333694, 4.075483866197256 ], [ -77.427845394606038, 4.08689379306335 ], [ -77.433396722076893, 4.089021067563809 ], [ -77.437282651306489, 4.079931803789123 ], [ -77.450975925734582, 4.064654105104013 ], [ -77.459673005438901, 4.067361545377324 ], [ -77.464299111664616, 4.075097089015355 ], [ -77.469850439135456, 4.077417752106763 ], [ -77.474106456863112, 4.082639244062435 ], [ -77.485394156053843, 4.09172850783712 ], [ -77.493721147260104, 4.103718600476066 ], [ -77.505378934948894, 4.106619429340327 ], [ -77.510930262419734, 4.116288858887865 ], [ -77.510745218170712, 4.121316962252585 ], [ -77.497977164987759, 4.126538454208255 ], [ -77.490390350777602, 4.136207883755793 ], [ -77.480768049828129, 4.140075655574808 ], [ -77.474106456863112, 4.145490536121429 ], [ -77.471515837376714, 4.151292193849951 ], [ -77.465779465656837, 4.153999634123261 ], [ -77.468185040894213, 4.159607903260834 ], [ -77.475216722357288, 4.155353354259917 ], [ -77.484839023306748, 4.15593352003277 ], [ -77.493721147260104, 4.153999634123261 ], [ -77.503528492458614, 4.153999634123261 ], [ -77.508524687182373, 4.152452525395656 ], [ -77.518146988131846, 4.141042598529561 ], [ -77.520922651867266, 4.130986391800123 ], [ -77.525363713843944, 4.129052505890614 ], [ -77.524253448349782, 4.16115501198844 ], [ -77.523143182855605, 4.165409560989357 ], [ -77.524068404100746, 4.176432710673549 ], [ -77.520737607618244, 4.17894676235591 ], [ -77.520737607618244, 4.188809580494398 ], [ -77.51796194388281, 4.194804626813871 ], [ -77.507969554435292, 4.194611238222921 ], [ -77.500197695976098, 4.197898844269083 ], [ -77.493721147260104, 4.198672398632887 ], [ -77.482063359571328, 4.205440999316162 ], [ -77.48132318257521, 4.205247610725213 ], [ -77.477437253345627, 4.20466744495236 ], [ -77.399903713002772, 4.191130243585807 ], [ -77.390281412053298, 4.196931901314329 ], [ -77.383249730590222, 4.198672398632887 ], [ -77.370666721656306, 4.198672398632887 ], [ -77.361414509204891, 4.193837683859117 ], [ -77.349386633018057, 4.185715363039186 ], [ -77.341244686060804, 4.178753373764959 ], [ -77.328476632877852, 4.18165420262922 ], [ -77.32514583639535, 4.188616191903447 ], [ -77.312377783212398, 4.206407942270916 ], [ -77.311267517718235, 4.224973247002188 ], [ -77.309417075227941, 4.231161681912612 ], [ -77.298684508784305, 4.24044433427825 ], [ -77.294613535305686, 4.239864168505397 ], [ -77.291097694574148, 4.23290217923117 ], [ -77.28943229633289, 4.223619526865534 ], [ -77.284621145858154, 4.208535216771374 ], [ -77.274258667912576, 4.179720316719711 ], [ -77.264081234216022, 4.165796338171258 ], [ -77.238545127850117, 4.162702120716046 ], [ -77.231698490636077, 4.169083944217421 ], [ -77.215044508223528, 4.179333539537812 ], [ -77.201721322293494, 4.183974865720629 ], [ -77.188583180612483, 4.180493871083515 ], [ -77.174519817686331, 4.170631052945026 ], [ -77.156200437032538, 4.161928566352243 ], [ -77.132514773156913, 4.14046243275671 ], [ -77.124927958946756, 4.127118619981108 ], [ -77.109939374775465, 4.118416133388324 ], [ -77.100132029576969, 4.114354972978358 ], [ -77.069784772736327, 4.108359926658885 ], [ -77.051835480580593, 4.10719959511318 ], [ -77.040732825638884, 4.10719959511318 ], [ -77.025374152969547, 4.10990703538649 ], [ -76.983739196938174, 4.115515304524061 ], [ -76.956722736580048, 4.104492154839869 ], [ -76.946360258634471, 4.093469005155676 ], [ -76.933037072704437, 4.083026021244336 ], [ -76.909906541575893, 4.075290477606305 ], [ -76.896028222898778, 4.066587991013522 ], [ -76.874193001513447, 4.048602852055101 ], [ -76.861424948330495, 4.038740033916612 ], [ -76.843660700423769, 4.019594563412488 ], [ -76.83274308973111, 4.010311911046852 ], [ -76.81645919581662, 4.000449092908363 ], [ -76.798694947909908, 3.993487103634136 ], [ -76.792958576190031, 3.992713549270334 ], [ -76.785371761979874, 3.995034212361743 ], [ -76.765757071582868, 3.999095372771709 ], [ -76.740961142213081, 4.006444139227836 ], [ -76.727823000532069, 4.009344968092098 ], [ -76.717460522586492, 4.014953237229671 ], [ -76.705987779146739, 4.026556552686715 ], [ -76.691924416220587, 4.036806148007106 ], [ -76.664352823115379, 4.0356458164614 ], [ -76.628639283052919, 4.038353256734711 ], [ -76.591815477496297, 4.057885504420737 ], [ -76.583118397791964, 4.073936757469649 ], [ -76.563503707394972, 4.092308673609972 ], [ -76.53408167179947, 4.105459097794624 ], [ -76.525569636344173, 4.117062413251668 ], [ -76.512246450414125, 4.126731842799206 ], [ -76.509840875176764, 4.133113666300581 ], [ -76.494482202507413, 4.136014495164842 ], [ -76.4839346803128, 4.140655821347661 ], [ -76.47708804309876, 4.147424422030936 ], [ -76.469501228888603, 4.159607903260834 ], [ -76.464319989915808, 4.162508732125096 ], [ -76.462099458927469, 4.169857498581225 ], [ -76.468946096141508, 4.173918658991189 ], [ -76.471351671378883, 4.178173207992106 ], [ -76.481159016577379, 4.187842637539644 ], [ -76.5146520256515, 4.210662491271833 ], [ -76.523719193853879, 4.215883983227503 ], [ -76.529640609822792, 4.221685640956025 ], [ -76.53778255678003, 4.224586469820288 ], [ -76.556101937433837, 4.241991443005855 ], [ -76.557212202928, 4.257075753100013 ], [ -76.555546804686742, 4.267905514193256 ], [ -76.556101937433837, 4.27892866387745 ], [ -76.559617778165375, 4.300201408882032 ], [ -76.572940964095409, 4.333270857934611 ], [ -76.575161495083748, 4.345454339164508 ], [ -76.581082911052647, 4.359378317712963 ], [ -76.591445388998238, 4.403277527858783 ], [ -76.591445388998238, 4.410239517133011 ], [ -76.580342734056543, 4.41526762049773 ], [ -76.546479636484364, 4.423970107090515 ], [ -76.532046185060153, 4.426677547363825 ], [ -76.518908043379156, 4.463421379644467 ], [ -76.515947335394699, 4.476378415238168 ], [ -76.513541760157324, 4.491269336741377 ], [ -76.509655830927741, 4.508094144154091 ], [ -76.506695122943285, 4.515056133428319 ], [ -76.498553175986046, 4.525305728748709 ], [ -76.489300963534632, 4.546771862344242 ], [ -76.489300963534632, 4.55644129189178 ], [ -76.479678662585158, 4.568044607348826 ], [ -76.475607689106539, 4.570945436213087 ], [ -76.475052556359444, 4.582935528852033 ], [ -76.472276892624024, 4.593958678536227 ], [ -76.466355476655124, 4.610009931585139 ], [ -76.45895370669399, 4.622773578587889 ], [ -76.451922025230914, 4.637857888682047 ], [ -76.439894149044079, 4.658550467913779 ], [ -76.433047511830026, 4.671700892098428 ], [ -76.42601583036695, 4.680983544464066 ], [ -76.410102024950518, 4.707477781424318 ], [ -76.4047357417287, 4.712119107607137 ], [ -76.396778839020484, 4.716180268017103 ], [ -76.383455653090451, 4.727010029110344 ], [ -76.386231316825871, 4.731071189520311 ], [ -76.379384679611832, 4.737453013021685 ], [ -76.365691405183739, 4.762206752663381 ], [ -76.358659723720663, 4.770135684892363 ], [ -76.34311600680229, 4.78231916612226 ], [ -76.333863794350876, 4.786380326532226 ], [ -76.297595121541335, 4.805719185627302 ], [ -76.286122378101581, 4.810360511810119 ], [ -76.276315032903085, 4.816162169538643 ], [ -76.252074236280379, 4.824671267540475 ], [ -76.241711758334787, 4.834340697088013 ], [ -76.239491227346448, 4.843043183680797 ], [ -76.233569811377549, 4.845363846772205 ], [ -76.23134928038921, 4.85174567027358 ], [ -76.208958926256784, 4.881720901870947 ], [ -76.200261846552451, 4.900092818011268 ], [ -76.195080607579669, 4.915757293878281 ], [ -76.177131315423921, 4.95134079461322 ], [ -76.169729545462786, 4.965071384570722 ], [ -76.177131315423921, 4.963524275843117 ], [ -76.189899368606874, 4.969906099344492 ], [ -76.200261846552451, 4.97744825439157 ], [ -76.219321404202375, 4.988084626893862 ], [ -76.22857361665379, 4.9977540564414 ], [ -76.236530519362006, 5.004135879942774 ], [ -76.24985370529204, 5.025795402129258 ], [ -76.253924678770659, 5.034884665903945 ], [ -76.257440519502197, 5.04648798136099 ], [ -76.257625563751219, 5.060411959909445 ], [ -76.264287156716236, 5.087486362642549 ], [ -76.26891326294195, 5.104311170055265 ], [ -76.272984236420569, 5.113013656648048 ], [ -76.286307422350603, 5.137380619107844 ], [ -76.289638218833119, 5.146083105700628 ], [ -76.297780165790357, 5.154785592293411 ], [ -76.309437953479147, 5.179539331935109 ], [ -76.329052643876139, 5.207387289032017 ], [ -76.345151493541593, 5.220150936034766 ], [ -76.352553263502728, 5.22885342262755 ], [ -76.358474679471641, 5.233494748810369 ], [ -76.359584944965803, 5.252060053541641 ], [ -76.357734502475523, 5.264050146180587 ], [ -76.354958838740103, 5.271592301227667 ], [ -76.354958838740103, 5.277393958956189 ], [ -76.350332732514389, 5.280874953593303 ], [ -76.323316272156262, 5.287063388503727 ], [ -76.315174325199024, 5.289964217367988 ], [ -76.30647724549469, 5.298473315369822 ], [ -76.302406272016071, 5.310656796599719 ], [ -76.301481050770931, 5.323420443602469 ], [ -76.287047599346721, 5.33657086778712 ], [ -76.27668512140113, 5.349141126198919 ], [ -76.238010873354227, 5.36751304233924 ], [ -76.199336625307311, 5.381243632296744 ], [ -76.187863881867557, 5.388012232980021 ], [ -76.176946271174899, 5.392073393389985 ], [ -76.163623085244865, 5.395554388027099 ], [ -76.156036271034694, 5.401936211528474 ], [ -76.145858837338139, 5.412765972621717 ], [ -76.13993742136924, 5.4214684592145 ], [ -76.130130076170744, 5.428817225670629 ], [ -76.121618040715447, 5.438099878036265 ], [ -76.115141491999452, 5.443321369991937 ], [ -76.086459633400068, 5.451830467993769 ], [ -76.073136447470034, 5.454151131085178 ], [ -76.048340518100247, 5.460339565995602 ], [ -76.036312641913412, 5.464400726405568 ], [ -76.026505296714902, 5.468848663997436 ], [ -76.017253084263487, 5.471749492861697 ], [ -76.003929898333453, 5.473296601589302 ], [ -75.986720783173823, 5.470589161315992 ], [ -75.977468570722408, 5.470395772725041 ], [ -75.955078216589996, 5.472136270043599 ], [ -75.939349455422587, 5.470975938497894 ], [ -75.919734765025595, 5.470782549906943 ], [ -75.911777862317379, 5.472523047225499 ], [ -75.896234145399006, 5.471749492861697 ], [ -75.886426800200496, 5.47503709890786 ], [ -75.885316534706334, 5.483352808318742 ], [ -75.882355826721877, 5.489154466047264 ], [ -75.868662552293785, 5.497663564049098 ], [ -75.859965472589451, 5.498243729821949 ], [ -75.84090591493954, 5.514294982870862 ], [ -75.834614410472582, 5.514875148643714 ], [ -75.810373613849876, 5.514101594279913 ], [ -75.786687949974265, 5.522223915099843 ], [ -75.772254498550055, 5.524931355373154 ], [ -75.757821047125844, 5.523190858054598 ], [ -75.744127772697752, 5.527252018464562 ], [ -75.744127772697752, 5.52377102382745 ], [ -75.738206356728853, 5.517969366098926 ], [ -75.735430692993432, 5.512167708370404 ], [ -75.728584055779379, 5.506366050641882 ], [ -75.712300161864889, 5.504045387550473 ], [ -75.706008657397931, 5.507913159369487 ], [ -75.693980781211096, 5.51081398823375 ], [ -75.680102462533966, 5.512554485552306 ], [ -75.670295117335471, 5.514875148643714 ], [ -75.668074586347132, 5.517775977507975 ], [ -75.652345825179736, 5.519903252008435 ], [ -75.633841400276907, 5.51874292046273 ], [ -75.623663966580352, 5.512941262734207 ], [ -75.614226709879901, 5.515068537234665 ], [ -75.616632285117277, 5.531313178874528 ], [ -75.616632285117277, 5.542916494331575 ], [ -75.6155220196231, 5.556066918516224 ], [ -75.617372462113394, 5.574052057474645 ], [ -75.626439630315772, 5.597838854161587 ], [ -75.621813524090072, 5.616790936074763 ], [ -75.619592993101719, 5.636516572351738 ], [ -75.624219099327433, 5.651407493854947 ], [ -75.62717980731189, 5.665911638176253 ], [ -75.617372462113394, 5.679835616724707 ], [ -75.618482727607557, 5.68834471472654 ], [ -75.622553701086176, 5.70110836172929 ], [ -75.626069541817714, 5.717353003369153 ], [ -75.62995547104731, 5.730696816144755 ], [ -75.618482727607557, 5.726635655734789 ], [ -75.604789453179464, 5.725281935598135 ], [ -75.582214054798015, 5.717159614778202 ], [ -75.575367417583962, 5.717739780551055 ], [ -75.566670337879643, 5.713678620141089 ], [ -75.563154497148105, 5.707876962412566 ], [ -75.559083523669486, 5.691632320772703 ], [ -75.542984674004018, 5.681769502634214 ], [ -75.537248302284141, 5.673067016041431 ], [ -75.514117771155611, 5.668425689858614 ], [ -75.507826266688653, 5.660303369038681 ], [ -75.484695735560109, 5.665911638176253 ], [ -75.469892195637854, 5.676741399269496 ], [ -75.455828832711703, 5.68312322277087 ], [ -75.453608301723364, 5.687184383180837 ], [ -75.441580425536529, 5.687184383180837 ], [ -75.433993611326372, 5.683509999952772 ], [ -75.425851664369119, 5.683509999952772 ], [ -75.412158389941027, 5.668425689858614 ], [ -75.396429628773632, 5.659143037492976 ], [ -75.393098832291116, 5.651020716673045 ], [ -75.399390336758074, 5.63438929785128 ], [ -75.40272113324059, 5.620465319302825 ], [ -75.40919768195657, 5.605574397799618 ], [ -75.40179591199545, 5.599772740071096 ], [ -75.38606715082804, 5.601319848798701 ], [ -75.376814938376626, 5.597838854161587 ], [ -75.374039274641206, 5.594938025297326 ], [ -75.375149540135368, 5.574825611838449 ], [ -75.370523433909668, 5.568443788337074 ], [ -75.367562725925211, 5.555099975561472 ], [ -75.366452460431049, 5.533247064784037 ], [ -75.353869451497118, 5.516809034553223 ], [ -75.349798478018499, 5.497856952640049 ], [ -75.349798478018499, 5.485093305637299 ], [ -75.344062106298622, 5.464400726405568 ], [ -75.339991132820003, 5.458018902904193 ], [ -75.336475292088465, 5.456858571358488 ], [ -75.323152106158432, 5.45724534854039 ], [ -75.313344760959922, 5.460146177404651 ], [ -75.302982283014344, 5.460146177404651 ], [ -75.287993698843053, 5.458212291495144 ], [ -75.254685734017968, 5.473296601589302 ], [ -75.247098919807812, 5.491088351956773 ], [ -75.235071043620962, 5.512361096961355 ], [ -75.21952732670259, 5.516809034553223 ], [ -75.204538742531298, 5.517969366098926 ], [ -75.179742813161511, 5.522610692281745 ], [ -75.166974759978558, 5.531119790283578 ], [ -75.161238388258681, 5.537501613784952 ], [ -75.156612282032981, 5.55471319837957 ], [ -75.153281485550465, 5.563415684972354 ], [ -75.146989981083507, 5.568057011155172 ], [ -75.130706087169017, 5.573858668883695 ], [ -75.124414582702059, 5.580627269566971 ], [ -75.124414582702059, 5.591650419251163 ], [ -75.126635113690398, 5.612342998482895 ], [ -75.122749184460801, 5.621045485075678 ], [ -75.119788476476344, 5.64193145289836 ], [ -75.115717502997725, 5.648119887808784 ], [ -75.094437414359476, 5.653921545537306 ], [ -75.090921573627938, 5.653921545537306 ], [ -75.079448830188184, 5.659529814674878 ], [ -75.06057431678731, 5.666491803949105 ], [ -75.047806263604357, 5.669972798586219 ], [ -75.035038210421405, 5.674420736178087 ], [ -75.026526174966108, 5.681382725452314 ], [ -75.020049626250113, 5.691052154999852 ], [ -75.016718829767598, 5.705556299321158 ], [ -74.995993873876429, 5.711164568458729 ], [ -74.955654227588269, 5.715612506050597 ], [ -74.918090245035529, 5.723541438279577 ], [ -74.90143626262298, 5.727602598689543 ], [ -74.893294315665742, 5.730503427553804 ], [ -74.877195466000288, 5.733984422190918 ], [ -74.872569359774573, 5.730890204735706 ], [ -74.86387228007024, 5.720447220824365 ], [ -74.863317147323158, 5.714258785913941 ], [ -74.858691041097458, 5.700334807365488 ], [ -74.853509802124663, 5.696273646955522 ], [ -74.842037058684909, 5.694339761046013 ], [ -74.835190421470855, 5.690858766408901 ], [ -74.827603607260698, 5.689118269090343 ], [ -74.80687865136953, 5.679255450951855 ], [ -74.798181571665211, 5.677514953633299 ], [ -74.778011748521124, 5.680222393906609 ], [ -74.765243695338171, 5.68312322277087 ], [ -74.757841925377051, 5.690085212045098 ], [ -74.755066261641616, 5.704976133548305 ], [ -74.747479447431459, 5.715999283232499 ], [ -74.741187942964501, 5.731470370508559 ], [ -74.722683518061672, 5.759705104787368 ], [ -74.715281748100537, 5.76260593365163 ], [ -74.698442721438965, 5.762025767878777 ], [ -74.694926880707428, 5.752743115513141 ], [ -74.684749447010873, 5.751002618194585 ], [ -74.676607500053635, 5.758351384650714 ], [ -74.675312190310436, 5.746361292011766 ], [ -74.673091659322097, 5.739979468510391 ], [ -74.676607500053635, 5.738819136964688 ], [ -74.682343871773512, 5.728956318826199 ], [ -74.685119535508932, 5.717546391960104 ], [ -74.678828031041974, 5.710584402685877 ], [ -74.677717765547797, 5.704782744957354 ], [ -74.679383163789055, 5.695500092591718 ], [ -74.676607500053635, 5.689118269090343 ], [ -74.669575818590559, 5.683316611361821 ], [ -74.648850862699391, 5.668232301267663 ], [ -74.656807765407606, 5.661850477766288 ], [ -74.659768473392063, 5.654501711310159 ], [ -74.659213340644968, 5.641157898534557 ], [ -74.661063783135262, 5.631875246168921 ], [ -74.663284314123587, 5.609248781027683 ], [ -74.672536526575001, 5.584495041385987 ], [ -74.680493429283217, 5.568443788337074 ], [ -74.685119535508932, 5.556840472880028 ], [ -74.67475705756334, 5.545817323195836 ], [ -74.671241216831817, 5.534987562102593 ], [ -74.681048562030313, 5.514681760052763 ], [ -74.692521305470066, 5.480645368045431 ], [ -74.690855907228809, 5.463820560632715 ], [ -74.690300774481727, 5.445448644492394 ], [ -74.685119535508932, 5.425723008215417 ], [ -74.685674668256013, 5.421661847805451 ], [ -74.693076438217147, 5.422242013578304 ], [ -74.695482013454509, 5.425723008215417 ], [ -74.701218385174386, 5.425723008215417 ], [ -74.701773517921481, 5.419534573304993 ], [ -74.697702544442848, 5.404450263210835 ], [ -74.697147411695767, 5.396327942390903 ], [ -74.702883783415643, 5.386078347070512 ], [ -74.716206969345677, 5.385498181297661 ], [ -74.718427500334016, 5.379696523569137 ], [ -74.714911659602478, 5.365772545020684 ], [ -74.717872367586935, 5.357650224200752 ], [ -74.730085288022806, 5.350301457744623 ], [ -74.729345111026689, 5.335797313423317 ], [ -74.733971217252389, 5.323033666420567 ], [ -74.739707588972266, 5.312203905327324 ], [ -74.747294403182437, 5.287450165685629 ], [ -74.755251305890653, 5.281068342184254 ], [ -74.765058651089149, 5.276427016001435 ], [ -74.765798828085252, 5.272946021364323 ], [ -74.759322279369272, 5.257474934088261 ], [ -74.756916704131896, 5.219377381670963 ], [ -74.759322279369272, 5.188048429936941 ], [ -74.756361571384815, 5.177025280252748 ], [ -74.745443960692143, 5.162521135931442 ], [ -74.743038385454781, 5.158073198339574 ], [ -74.7424832527077, 5.149950877519643 ], [ -74.750070066917857, 5.133126070106927 ], [ -74.752290597906196, 5.125197137877946 ], [ -74.745999093439238, 5.106631833146674 ], [ -74.745999093439238, 5.097349180781038 ], [ -74.751180332412019, 5.065633451865114 ], [ -74.759877412116353, 5.035658220267747 ], [ -74.758582102373154, 5.031597059857782 ], [ -74.765798828085252, 4.99794744503235 ], [ -74.764318474093031, 4.994079673213335 ], [ -74.745814049190201, 4.978221808755373 ], [ -74.741372987213524, 4.977835031573472 ], [ -74.740077677470325, 4.967392047662132 ], [ -74.753400863400358, 4.959849892615052 ], [ -74.771350155556107, 4.954821789250332 ], [ -74.777086527275983, 4.948439965748957 ], [ -74.774680952038622, 4.943218473793287 ], [ -74.768944580318745, 4.937996981837617 ], [ -74.759137235120235, 4.924073003289163 ], [ -74.760247500614412, 4.918851511333493 ], [ -74.767279182077488, 4.91324324219592 ], [ -74.770054845812908, 4.902220092511728 ], [ -74.765428739587207, 4.894097771691795 ], [ -74.762653075851773, 4.881334124689046 ], [ -74.76376334134595, 4.872631638096262 ], [ -74.777086527275983, 4.869344032050099 ], [ -74.782267766248779, 4.866443203185838 ], [ -74.779862191011404, 4.851939058864531 ], [ -74.786153695478376, 4.834147308497062 ], [ -74.788559270715737, 4.824284490358574 ], [ -74.781527589252661, 4.81326134067438 ], [ -74.78097245650558, 4.794115870170256 ], [ -74.783378031742942, 4.768201798982854 ], [ -74.806323518622449, 4.750990214388239 ], [ -74.809284226606906, 4.74112739624975 ], [ -74.825938209019455, 4.728557137837951 ], [ -74.850179005642147, 4.715986879426152 ], [ -74.840926793190732, 4.700322403559142 ], [ -74.83796608520629, 4.688138922329243 ], [ -74.839631483447548, 4.666286011551808 ], [ -74.826493341766536, 4.646560375274831 ], [ -74.825753164770418, 4.634376894044934 ], [ -74.835005377221833, 4.618905806768874 ], [ -74.839631483447548, 4.613684314813204 ], [ -74.845367855167424, 4.60266116512901 ], [ -74.845367855167424, 4.599373559082848 ], [ -74.838521217953371, 4.591057849671966 ], [ -74.833339978980575, 4.579067757033018 ], [ -74.838521217953371, 4.570945436213087 ], [ -74.845367855167424, 4.56398344693886 ], [ -74.84351741267713, 4.54097020461572 ], [ -74.84074174894171, 4.525885894521561 ], [ -74.831489536490295, 4.51544291061022 ], [ -74.824642899276256, 4.497457771651801 ], [ -74.824642899276256, 4.491656113923277 ], [ -74.828528828505839, 4.47676519242007 ], [ -74.834450244474752, 4.468642871600139 ], [ -74.836670775463091, 4.448917235323162 ], [ -74.841852014435887, 4.445049463504146 ], [ -74.852214492381464, 4.434026313819952 ], [ -74.862576970327041, 4.420875889635301 ], [ -74.870163784537212, 4.406371745313995 ], [ -74.874049713766794, 4.388579994946527 ], [ -74.884412191712386, 4.369434524442401 ], [ -74.89088874042838, 4.348741945210671 ], [ -74.895329802405058, 4.336751852571725 ], [ -74.896625112148257, 4.326308868660384 ], [ -74.900696085626876, 4.313545221657634 ], [ -74.905137147603554, 4.309484061247668 ], [ -74.910318386576336, 4.297493968608721 ], [ -74.913279094560792, 4.296913802835869 ], [ -74.917905200786507, 4.283569990060267 ], [ -74.919015466280669, 4.276027835013188 ], [ -74.918460333533588, 4.266358405465651 ], [ -74.916054758296212, 4.258816250418571 ], [ -74.907912811338974, 4.252434426917196 ], [ -74.889038297938086, 4.258042696054767 ], [ -74.879786085486671, 4.259783193373325 ], [ -74.868313342046918, 4.2661650168747 ], [ -74.852029448132441, 4.271193120239419 ], [ -74.841296881688791, 4.272933617557975 ], [ -74.828528828505839, 4.277574943740794 ], [ -74.825012987774301, 4.276994777967941 ], [ -74.818721483307343, 4.265971628283749 ], [ -74.8157607753229, 4.254948478599555 ], [ -74.807248739867589, 4.245085660461067 ], [ -74.785228474233222, 4.24315177455156 ], [ -74.780602368007521, 4.236189785277332 ], [ -74.778936969766264, 4.229227796003105 ], [ -74.775421129034726, 4.224779858411237 ], [ -74.758212013875095, 4.225746801365991 ], [ -74.755251305890653, 4.227487298684549 ], [ -74.74895980142368, 4.225746801365991 ], [ -74.738597323478103, 4.207181496634719 ], [ -74.721203164069451, 4.197318678496231 ], [ -74.710285553376778, 4.196738512723378 ], [ -74.696592278948685, 4.198285621450985 ], [ -74.680863517781276, 4.198865787223838 ], [ -74.662914225625542, 4.213176542954193 ], [ -74.649220951197449, 4.222459195319828 ], [ -74.640523871493116, 4.230001350366908 ], [ -74.629606260800443, 4.244892271870116 ], [ -74.625535287321824, 4.247793100734377 ], [ -74.610731747399569, 4.252821204099098 ], [ -74.600739357952037, 4.25108070678054 ], [ -74.589821747259364, 4.252241038326245 ], [ -74.570207056862372, 4.244698883279165 ], [ -74.558734313422619, 4.237543505413987 ], [ -74.554108207196904, 4.228454241639302 ], [ -74.544300861998408, 4.224973247002188 ], [ -74.545411127492585, 4.211049268453735 ], [ -74.543745729251327, 4.200026118769541 ], [ -74.539119623025627, 4.188422803312497 ], [ -74.529867410574212, 4.173338493218337 ], [ -74.520615198122798, 4.16115501198844 ], [ -74.515433959150002, 4.15593352003277 ], [ -74.509142454683044, 4.143750038802873 ], [ -74.505626613951506, 4.132340111936777 ], [ -74.503961215710248, 4.122477293798289 ], [ -74.50322103871413, 4.108553315249836 ], [ -74.506736879445668, 4.092308673609972 ], [ -74.522280596364041, 4.071035928605388 ], [ -74.529867410574212, 4.063687162149261 ], [ -74.530422543321293, 4.052083846692215 ], [ -74.540044844270767, 4.037192925189007 ], [ -74.54300555225521, 4.026169775504814 ], [ -74.53430847255089, 4.006444139227836 ], [ -74.53430847255089, 3.992520160679383 ], [ -74.543560685002305, 3.987492057314663 ], [ -74.551517587710521, 3.972407747220505 ], [ -74.55281289745372, 3.963705260627721 ], [ -74.551517587710521, 3.959837488808706 ], [ -74.537269180535333, 3.927348205528979 ], [ -74.529127233578095, 3.910523398116263 ], [ -74.528016968083918, 3.905495294751544 ], [ -74.529682366325176, 3.894472145067351 ], [ -74.537639269033392, 3.875326674563226 ], [ -74.550962454963425, 3.8557944268772 ], [ -74.555033428442059, 3.823498532188424 ], [ -74.563175375399297, 3.803966284502398 ], [ -74.546891481484806, 3.785981145543978 ], [ -74.510622808675265, 3.76084062872038 ], [ -74.505441569702469, 3.744015821307665 ], [ -74.516914313142223, 3.728544734031605 ], [ -74.524316083103358, 3.713653812528396 ], [ -74.520985286620856, 3.700890165525647 ], [ -74.512843339663604, 3.691027347387158 ], [ -74.512843339663604, 3.682905026567227 ], [ -74.51987502112668, 3.674202539974442 ], [ -74.516914313142223, 3.66569344197261 ], [ -74.519134844130562, 3.657571121152678 ], [ -74.520985286620856, 3.636685153329997 ], [ -74.53708413628631, 3.608450419051186 ], [ -74.552627853204683, 3.577314855908115 ], [ -74.560029623165818, 3.560103271313498 ], [ -74.57094723385849, 3.539217303490816 ], [ -74.58241997729823, 3.522585884669052 ], [ -74.596298295975359, 3.508855294711548 ], [ -74.602034667695236, 3.49899247657306 ], [ -74.609066349158311, 3.49145032152598 ], [ -74.616468119119446, 3.477139565795625 ], [ -74.622204490839323, 3.448904831516814 ], [ -74.622204490839323, 3.430339526785542 ], [ -74.61998395985097, 3.40152462673388 ], [ -74.619243782854866, 3.370969229363661 ], [ -74.61998395985097, 3.355884919269502 ], [ -74.621649358092228, 3.347182432676719 ], [ -74.622759623586404, 3.331517956809707 ], [ -74.623314756333485, 3.313726206442237 ], [ -74.631456703290723, 3.290132798346246 ], [ -74.636082809516438, 3.273888156706382 ], [ -74.646815375960074, 3.254355909020356 ], [ -74.659583429143026, 3.23985176469905 ], [ -74.675682278808495, 3.219739351240172 ], [ -74.681418650528371, 3.215678190830205 ], [ -74.710285553376778, 3.187056679369494 ], [ -74.715466792349574, 3.171972369275336 ], [ -74.718982633081112, 3.150506235679802 ], [ -74.724163872053893, 3.137935977268003 ], [ -74.729345111026689, 3.115502900717716 ], [ -74.752290597906196, 3.103319419487818 ], [ -74.766168916583311, 3.098291316123098 ], [ -74.793185376941437, 3.085721057711299 ], [ -74.806508562871485, 3.081659897301334 ], [ -74.817426173564144, 3.071990467753796 ], [ -74.826678386015558, 3.06792930734383 ], [ -74.845737943665469, 3.056325991886785 ], [ -74.853694846373685, 3.035633412655054 ], [ -74.868128297797895, 3.020162325378994 ], [ -74.878490775743472, 3.005271403875786 ], [ -74.901621306872016, 2.986125933371661 ], [ -74.910133342327313, 2.969494514549897 ], [ -74.920680864521927, 2.944160609135348 ], [ -74.91586971404719, 2.940679614498234 ], [ -74.896255023650198, 2.931977127905451 ], [ -74.887187855447806, 2.924241584267421 ], [ -74.873864669517772, 2.916892817811291 ], [ -74.844997766669366, 2.906256445309 ], [ -74.827603607260698, 2.898714290261921 ], [ -74.814465465579701, 2.897553958716216 ], [ -74.764873606840112, 2.872993607665471 ], [ -74.745814049190201, 2.860229960662721 ], [ -74.723238650808753, 2.843985319022858 ], [ -74.693446526715206, 2.832768780747714 ], [ -74.66735528760222, 2.819424967972112 ], [ -74.646630331711052, 2.801439829013692 ], [ -74.62886608380434, 2.792737342420907 ], [ -74.609251393407334, 2.778813363872453 ], [ -74.604625287181634, 2.766629882642556 ], [ -74.604440242932597, 2.693722383854122 ], [ -74.605180419928715, 2.667808312666721 ], [ -74.615912986372351, 2.648276064980695 ], [ -74.624610066076684, 2.634932252205093 ], [ -74.65292183617801, 2.601669414561563 ], [ -74.661433871633307, 2.59296692796878 ], [ -74.67290661507306, 2.575755343374162 ], [ -74.683454137267674, 2.555062764142431 ], [ -74.69141103997589, 2.53649745941116 ], [ -74.695482013454509, 2.51870570904369 ], [ -74.692521305470066, 2.497819741221009 ], [ -74.689190508987551, 2.479254436489736 ], [ -74.681048562030313, 2.460108965985611 ], [ -74.676422455804598, 2.440576718299585 ], [ -74.678087854045856, 2.422784967932117 ], [ -74.678642986792937, 2.404219663200844 ], [ -74.677532721298775, 2.37753203764964 ], [ -74.674572013314318, 2.353358463780796 ], [ -74.671611305329861, 2.319128683182512 ], [ -74.66643006635708, 2.302497264360747 ], [ -74.663099269874564, 2.271361701217677 ], [ -74.661989004380402, 2.249895567622143 ], [ -74.65384705742315, 2.231330262890871 ], [ -74.649776083944531, 2.220307113206677 ], [ -74.642374313983396, 2.207156689022026 ], [ -74.634787499773239, 2.186850886972197 ], [ -74.631271659041701, 2.170026079559482 ], [ -74.629051128053362, 2.145272339917785 ], [ -74.629051128053362, 2.107561564682388 ], [ -74.631826791788782, 2.078166498857874 ], [ -74.631271659041701, 2.037748283349166 ], [ -74.616838207617491, 2.001391228250425 ], [ -74.606475729671914, 1.979344928882038 ], [ -74.596668384473418, 1.967161447652141 ], [ -74.590191835757423, 1.94395481673805 ], [ -74.585010596784628, 1.9308043925534 ], [ -74.57464811883905, 1.917460579777797 ], [ -74.561324932909017, 1.901602715319836 ], [ -74.549852189469263, 1.880910136088105 ], [ -74.540599977017848, 1.86698615753965 ], [ -74.522280596364041, 1.84900101858123 ], [ -74.503776171461226, 1.828115050758549 ], [ -74.487677321795758, 1.815351403755799 ], [ -74.471948560628363, 1.806648917163016 ], [ -74.436235020565903, 1.799493539297838 ], [ -74.404407409733039, 1.797172876206429 ], [ -74.372764843149199, 1.795238990296921 ], [ -74.300227497530116, 1.786729892295088 ], [ -74.274876435413248, 1.784989394976531 ], [ -74.246564665311922, 1.774546411065191 ], [ -74.223434134183378, 1.76410342715385 ], [ -74.202154045545129, 1.743797625104021 ], [ -74.188275726868014, 1.728519926418911 ], [ -74.169956346214207, 1.70241246664056 ], [ -74.157743425778335, 1.683460384727385 ], [ -74.140534310618719, 1.658513256494738 ], [ -74.118514044984352, 1.649230604129102 ], [ -74.093162982867469, 1.647296718219595 ], [ -74.079839796937435, 1.635693402762549 ], [ -74.062630681777804, 1.624090087305504 ], [ -74.059669973793362, 1.621189258441243 ], [ -74.056339177310846, 1.612486771848459 ], [ -74.047086964859432, 1.601463622164266 ], [ -74.031913336439118, 1.592761135571482 ], [ -74.00896784955961, 1.584058648978698 ], [ -73.985282185683985, 1.575742939567816 ], [ -73.95882085807294, 1.572261944930703 ], [ -73.930694132220651, 1.570328059021195 ], [ -73.896645990399449, 1.573228887885456 ], [ -73.859082007846709, 1.58173798588729 ], [ -73.843538290928336, 1.586185923479157 ], [ -73.82114793679591, 1.596435518799546 ], [ -73.789875458710128, 1.606298336938035 ], [ -73.738618201729295, 1.61287354903036 ], [ -73.6862506792543, 1.612680160439409 ], [ -73.660159440141314, 1.610939663120853 ], [ -73.656828643658798, 1.600496679209512 ], [ -73.657938909152961, 1.588313197979615 ], [ -73.655533333915599, 1.567427230156934 ], [ -73.655533333915599, 1.547894982470908 ], [ -73.650352094942804, 1.512118093145018 ], [ -73.654978201168518, 1.503415606552234 ], [ -73.653867935674342, 1.490071793776632 ], [ -73.635363510771526, 1.478468478319587 ], [ -73.617414218615778, 1.476147815228178 ], [ -73.586881917526114, 1.44075770308419 ], [ -73.575964306833441, 1.422772564125769 ], [ -73.55912528017187, 1.385835343254175 ], [ -73.555794483689354, 1.379453519752801 ], [ -73.543766607502519, 1.383321291571816 ], [ -73.535624660545281, 1.367850204295756 ], [ -73.522856607362328, 1.357213831793464 ], [ -73.511383863922575, 1.349284899564483 ], [ -73.501021385976998, 1.336908029743635 ], [ -73.491769173525569, 1.321436942467574 ], [ -73.488808465541126, 1.308673295464825 ], [ -73.473819881369835, 1.286626996096439 ], [ -73.455315456467005, 1.278504675276507 ], [ -73.450874394490327, 1.255298044362418 ], [ -73.444952978521428, 1.229964138947868 ], [ -73.439771739548632, 1.216040160399414 ], [ -73.441067049291831, 1.208498005352335 ], [ -73.439771739548632, 1.198635187213847 ], [ -73.435885810319036, 1.188772369075358 ], [ -73.435885810319036, 1.180843436846377 ], [ -73.438661474054456, 1.172140950253593 ], [ -73.436811031564176, 1.164598795206514 ], [ -73.419046783657464, 1.154735977068025 ], [ -73.410904836700212, 1.146033490475242 ], [ -73.394250854287677, 1.116445036059776 ], [ -73.374081031143589, 1.09962022864706 ], [ -73.364273685945093, 1.092658239372834 ], [ -73.336517048590849, 1.061909453411664 ], [ -73.322083597166653, 1.053787132591732 ], [ -73.301358641275485, 1.035221827860459 ], [ -73.276562711905683, 1.021104460721054 ], [ -73.263239525975649, 1.008534202309256 ], [ -73.258613419749949, 0.995770555306506 ], [ -73.251211649788814, 0.987068068713722 ], [ -73.228081118660285, 0.980686245212347 ], [ -73.211982268994817, 0.981653188167101 ], [ -73.202730056543402, 0.970630038482908 ], [ -73.201619791049239, 0.9557391169797 ], [ -73.190517136107545, 0.945876298841211 ], [ -73.170347312963457, 0.932919263247511 ], [ -73.150732622566466, 0.906811803469159 ], [ -73.127787135686958, 0.898689482649227 ], [ -73.109282710784129, 0.895208488012115 ], [ -73.096514657601176, 0.888246498737887 ], [ -73.086337223904621, 0.891147327602148 ], [ -73.073569170721669, 0.896175430966868 ], [ -73.058580586550377, 0.900816757149686 ], [ -73.051178816589243, 0.90197708869539 ], [ -73.035079966923789, 0.90700519206011 ], [ -73.018796073009298, 0.910486186697224 ], [ -73.010839170301082, 0.916674621607648 ], [ -73.016020409273878, 0.925377108200432 ], [ -73.013614834036503, 0.94046141829459 ], [ -73.008988727810802, 0.94046141829459 ], [ -72.998626249865225, 0.936980423657477 ], [ -72.981972267452676, 0.942008527022196 ], [ -72.971054656760003, 0.962120940481075 ], [ -72.954955807094549, 0.966762266663893 ], [ -72.954955807094549, 0.973144090165268 ], [ -72.951439966363012, 0.985134182804215 ], [ -72.946813860137297, 0.996737498261259 ], [ -72.941632621164516, 0.998477995579816 ], [ -72.920907665273347, 0.998477995579816 ], [ -72.919242267032089, 1.001378824444078 ], [ -72.902403240370518, 1.007567259354502 ], [ -72.890930496930764, 1.008147425127354 ], [ -72.887969788946307, 1.011435031173517 ], [ -72.899072443888002, 1.028259838586233 ], [ -72.892040762424926, 1.024198678176266 ], [ -72.882233417226431, 1.028840004359084 ], [ -72.885194125210887, 1.036962325179016 ], [ -72.885749257957968, 1.045084645998948 ], [ -72.895556603156464, 1.053206966818879 ], [ -72.901292974876341, 1.053206966818879 ], [ -72.902958373117599, 1.066937556776383 ], [ -72.910545187327756, 1.07389954605061 ], [ -72.903698550113717, 1.077960706460576 ], [ -72.874276514518215, 1.086083027280508 ], [ -72.877052178253649, 1.094011959509489 ], [ -72.885194125210887, 1.097686342737553 ], [ -72.89796217839384, 1.110256601149352 ], [ -72.898517311140921, 1.120119419287841 ], [ -72.890930496930764, 1.126501242789216 ], [ -72.875386780012391, 1.130949180381083 ], [ -72.877052178253649, 1.141972330065276 ], [ -72.882973594222548, 1.147387210611897 ], [ -72.867985010051257, 1.150094650885207 ], [ -72.856327222362481, 1.147000433429995 ], [ -72.844299346175632, 1.150094650885207 ], [ -72.84374421342855, 1.164405406615563 ], [ -72.836157399218393, 1.160344246205598 ], [ -72.812656779591805, 1.157830194523237 ], [ -72.805069965381648, 1.159570691841794 ], [ -72.792301912198695, 1.158990526068942 ], [ -72.792301912198695, 1.150868205249011 ], [ -72.786565540478819, 1.14042522133767 ], [ -72.768246159825011, 1.12766157433492 ], [ -72.76584058458765, 1.127081408562067 ], [ -72.74271005345912, 1.136364060927704 ], [ -72.749186602175101, 1.145453324702389 ], [ -72.746966071186762, 1.1611178005694 ], [ -72.738824124229524, 1.164018629433661 ], [ -72.730682177272271, 1.163825240842711 ], [ -72.71754403559126, 1.160344246205598 ], [ -72.698484477941349, 1.144679770338586 ], [ -72.686271557505492, 1.144679770338586 ], [ -72.677759522050195, 1.140038444155768 ], [ -72.676094123808937, 1.147000433429995 ], [ -72.676094123808937, 1.157443417341335 ], [ -72.669617575092943, 1.156863251568484 ], [ -72.659810229894447, 1.14564671329334 ], [ -72.612068813645152, 1.095365679646144 ], [ -72.583016866547709, 1.079507815188182 ], [ -72.531204476819795, 1.05340035540983 ], [ -72.50936925543445, 1.053787132591732 ], [ -72.501782441224293, 1.056107795683142 ], [ -72.4880891667962, 1.057848293001697 ], [ -72.472360405628805, 1.046825143317505 ], [ -72.456816688710433, 1.03000033590479 ], [ -72.454041024974998, 1.023038346630562 ], [ -72.437201998313427, 1.009114368082108 ], [ -72.436091732819264, 0.998091218397915 ], [ -72.430355361099387, 0.987068068713722 ], [ -72.417032175169339, 0.971983758619563 ], [ -72.422768546889216, 0.962701106253927 ], [ -72.423878812383393, 0.950130847842128 ], [ -72.41296120169072, 0.936206869293674 ], [ -72.400933325503885, 0.926344051155185 ], [ -72.397417484772348, 0.915901067243845 ], [ -72.401303414001944, 0.905458083332504 ], [ -72.405929520227645, 0.889986996056444 ], [ -72.39575208653109, 0.891147327602148 ], [ -72.368550581923941, 0.903137420241095 ], [ -72.362259077456969, 0.90197708869539 ], [ -72.362814210204064, 0.890373773238346 ], [ -72.365034741192403, 0.875869628917039 ], [ -72.357077838484187, 0.863299370505239 ], [ -72.354117130499731, 0.852856386593899 ], [ -72.357632971231268, 0.847634894638229 ], [ -72.358743236725445, 0.838932408045445 ], [ -72.355967572990011, 0.830229921452661 ], [ -72.347825626032773, 0.812244782494241 ], [ -72.336722971091078, 0.816886108677059 ], [ -72.340238811822616, 0.83777207649974 ], [ -72.338573413581358, 0.846861340274426 ], [ -72.327655802888685, 0.846281174501573 ], [ -72.312667218717394, 0.849762169138687 ], [ -72.305635537254318, 0.841639848318755 ], [ -72.312667218717394, 0.832937361725971 ], [ -72.315442882452828, 0.820753880496074 ], [ -72.308596245238775, 0.803929073083358 ], [ -72.307485979744612, 0.791938980444412 ], [ -72.31377748421157, 0.790198483125855 ], [ -72.323029696662985, 0.780335664987367 ], [ -72.321179254172705, 0.774147230076943 ], [ -72.295828192055822, 0.751907542117606 ], [ -72.281394740631626, 0.741077781024363 ], [ -72.276768634405911, 0.747266215934788 ], [ -72.280284475137449, 0.763510857574651 ], [ -72.27343783792341, 0.764091023347503 ], [ -72.264185625471995, 0.757709199846128 ], [ -72.253823147526404, 0.742624889751969 ], [ -72.245126067822071, 0.736823232023447 ], [ -72.242720492584709, 0.726380248112107 ], [ -72.242165359837628, 0.702786840016114 ], [ -72.243460669580827, 0.691763690331921 ], [ -72.239389696102194, 0.676099214464911 ], [ -72.230137483650793, 0.673198385600649 ], [ -72.219219872958121, 0.678226488965369 ], [ -72.215704032226583, 0.688089307103857 ], [ -72.212188191495045, 0.692730633286675 ], [ -72.204601377284888, 0.692730633286675 ], [ -72.195534209082496, 0.690990135968119 ], [ -72.189242704615538, 0.682287649375334 ], [ -72.177029784179666, 0.683447980921039 ], [ -72.172958810701047, 0.693117410468576 ], [ -72.183321288646638, 0.702980228607065 ], [ -72.170738279712708, 0.701239731288508 ], [ -72.163151465502551, 0.693117410468576 ], [ -72.150568456568635, 0.694857907787133 ], [ -72.143721819354582, 0.704527337334671 ], [ -72.139095713128881, 0.704527337334671 ], [ -72.132064031665806, 0.690023193013364 ], [ -72.129288367930371, 0.678033100374418 ], [ -72.122256686467296, 0.669330613781634 ], [ -72.111894208521718, 0.664689287598816 ], [ -72.094685093362088, 0.664495899007865 ], [ -72.085432880910673, 0.648251257368002 ], [ -72.084137571167474, 0.638581827820464 ], [ -72.096905624350427, 0.626398346590567 ], [ -72.085988013657754, 0.628719009681975 ], [ -72.07396013747092, 0.633747113046695 ], [ -72.045093234622513, 0.636647941910956 ], [ -72.042132526638056, 0.638968605002366 ], [ -72.02954951770414, 0.633553724455744 ], [ -72.01974217250563, 0.628332232500075 ], [ -72.01511606627993, 0.628332232500075 ], [ -72.012710491042569, 0.618469414361586 ], [ -72.01326562378965, 0.612861145224014 ], [ -72.011600225548392, 0.602418161312674 ], [ -72.007529252069773, 0.602998327085525 ], [ -71.997721906871277, 0.600677663994117 ], [ -72.001237747602815, 0.587914016991367 ], [ -72.011600225548392, 0.579791696171435 ], [ -72.014931022030908, 0.575730535761469 ], [ -72.014375889283812, 0.567608214941537 ], [ -72.009194650311031, 0.546335469936955 ], [ -72.002348013096977, 0.528930496751387 ], [ -71.992540667898481, 0.528350330978535 ], [ -71.976441818233013, 0.518487512840046 ], [ -71.968855004022856, 0.508624694701558 ], [ -71.960157924318537, 0.510945357792967 ], [ -71.960157924318537, 0.516166849748637 ], [ -71.969595181018974, 0.530670994069943 ], [ -71.97292597750149, 0.539760257844629 ], [ -71.968855004022856, 0.544981749800299 ], [ -71.959787835820478, 0.546722247118856 ], [ -71.958492526077279, 0.531637937024698 ], [ -71.949240313625864, 0.525256113523323 ], [ -71.945724472894327, 0.5194544557948 ], [ -71.945724472894327, 0.493540384607399 ], [ -71.929625623228873, 0.480776737604649 ], [ -71.930735888723035, 0.474975079876127 ], [ -71.94461420740015, 0.465885816101442 ], [ -71.945724472894327, 0.455442832190101 ], [ -71.933141463960396, 0.449061008688726 ], [ -71.925554649750239, 0.441325465050696 ], [ -71.923889251508996, 0.431656035503158 ], [ -71.931476065719153, 0.424694046228931 ], [ -71.916487481547861, 0.416571725408999 ], [ -71.899093322139208, 0.404388244179102 ], [ -71.867820844053426, 0.404775021361004 ], [ -71.853572436878238, 0.389110545493992 ], [ -71.839138985454042, 0.371125406535572 ], [ -71.848391197905457, 0.365903914579902 ], [ -71.858753675851034, 0.364356805852296 ], [ -71.858753675851034, 0.359135313896625 ], [ -71.849501463399619, 0.344051003802466 ], [ -71.856903233360754, 0.326839419207849 ], [ -71.859123764349093, 0.315236103750804 ], [ -71.833217569485129, 0.315042715159853 ], [ -71.822855091539552, 0.313302217841296 ], [ -71.817673852566756, 0.315042715159853 ], [ -71.815453321578417, 0.32432536752549 ], [ -71.824150401282751, 0.328966693708308 ], [ -71.825815799524008, 0.336508848755387 ], [ -71.819524295057036, 0.33476835143683 ], [ -71.808421640115341, 0.328966693708308 ], [ -71.794728365687249, 0.331674133981618 ], [ -71.785476153235834, 0.331093968208766 ], [ -71.802685268395464, 0.31678321247841 ], [ -71.80324040114256, 0.309821223204183 ], [ -71.798614294916845, 0.30634022856707 ], [ -71.794728365687249, 0.297637741974285 ], [ -71.788991993967372, 0.294156747337172 ], [ -71.779739781515957, 0.296477410428581 ], [ -71.769932436317461, 0.29357658156432 ], [ -71.768637126574262, 0.284293929198684 ], [ -71.768081993827181, 0.264568292921707 ], [ -71.760125091118965, 0.261667464057446 ], [ -71.755313940644228, 0.261667464057446 ], [ -71.745691639694755, 0.27327077951449 ], [ -71.732368453764721, 0.285260872153438 ], [ -71.722561108566225, 0.288161701017699 ], [ -71.722561108566225, 0.262054241239347 ], [ -71.735329161749178, 0.254512086192268 ], [ -71.734033852005979, 0.247743485508991 ], [ -71.728852613033183, 0.240201330461912 ], [ -71.704611816410477, 0.215254202229264 ], [ -71.683886860519323, 0.194368234406583 ], [ -71.67759535605235, 0.18334508472239 ], [ -71.666677745359692, 0.17812359276672 ], [ -71.65576013466702, 0.179864090085276 ], [ -71.648173320456863, 0.193014514269928 ], [ -71.636145444270028, 0.197655840452746 ], [ -71.630224028301114, 0.195915343134189 ], [ -71.638365975258353, 0.178703758539572 ], [ -71.647063054962686, 0.16535994576397 ], [ -71.650948984192283, 0.156077293398334 ], [ -71.634295001779734, 0.157817790716891 ], [ -71.62282225833998, 0.161685562535906 ], [ -71.615235444129823, 0.160525230990201 ], [ -71.602652435195907, 0.165746722945872 ], [ -71.58063216956154, 0.180057478676227 ], [ -71.580262081063481, 0.171354992083444 ], [ -71.589884382012954, 0.16284589408161 ], [ -71.593955355491573, 0.15240291017027 ], [ -71.602652435195907, 0.143700423577486 ], [ -71.600246859958531, 0.141959926258929 ], [ -71.580077036814458, 0.14486075512319 ], [ -71.55935208092329, 0.145827698077944 ], [ -71.547879337483536, 0.140026040349421 ], [ -71.546028894993242, 0.128422724892376 ], [ -71.552320399460214, 0.111791306070612 ], [ -71.555836240191752, 0.096126830203601 ], [ -71.544363496751998, 0.092645835566487 ], [ -71.524193673607911, 0.103088819477827 ], [ -71.517347036393872, 0.105216093978286 ], [ -71.511425620424959, 0.115659077889626 ], [ -71.495326770759505, 0.128809502074278 ], [ -71.494216505265328, 0.138672320212766 ], [ -71.48792500079837, 0.148535138351255 ], [ -71.482743761825574, 0.14737480680555 ], [ -71.476822345856675, 0.134611159802801 ], [ -71.48329889457267, 0.126488838982869 ], [ -71.48607455830809, 0.117979740981036 ], [ -71.493106239771166, 0.107536757069695 ], [ -71.497177213249785, 0.108116922842547 ], [ -71.504578983210919, 0.097673938931207 ], [ -71.508094823942457, 0.090131783884127 ], [ -71.521232965623454, 0.07524086238092 ], [ -71.532705709063208, 0.056868946240598 ], [ -71.541402788767542, 0.047006128102109 ], [ -71.552320399460214, 0.036756532781719 ], [ -71.563423054401909, 0.024573051551822 ], [ -71.571379957110125, 0.021285445505659 ], [ -71.579521904067363, 0.010262295821466 ], [ -71.611719603398285, -0.012750946501674 ], [ -71.622637214090958, -0.0322831941877 ], [ -71.627818453063753, -0.051428664691825 ], [ -71.644657479725325, -0.064579088876476 ], [ -71.664272170122317, -0.077729513061127 ], [ -71.690733497733362, -0.092040268791482 ], [ -71.710348188130354, -0.112732848023214 ], [ -71.73273854226278, -0.12723699234452 ], [ -71.754573763648125, -0.15315106353192 ], [ -71.762160577858282, -0.159919664215197 ], [ -71.77307818855094, -0.181965963583584 ], [ -71.801389958652265, -0.262609006010047 ], [ -71.813972967586196, -0.276339595967551 ], [ -71.832847480987084, -0.293164403380267 ], [ -71.855978012115614, -0.301093335609247 ], [ -71.890026153936816, -0.306121438973967 ], [ -71.917042614294942, -0.299739615472592 ], [ -71.934436773703595, -0.293744569153119 ], [ -71.948870225127806, -0.292584237607414 ], [ -71.964413942046178, -0.288523077197449 ], [ -72.008269429065876, -0.280207367786566 ], [ -72.028809340708023, -0.280594144968467 ], [ -72.046758632863771, -0.284655305378433 ], [ -72.057861287805466, -0.297418952381183 ], [ -72.0698891639923, -0.308248713474425 ], [ -72.076180668459259, -0.325653686659993 ], [ -72.075625535712177, -0.338997499435595 ], [ -72.073219960474802, -0.349247094755985 ], [ -72.076180668459259, -0.359690078667326 ], [ -72.110783943027542, -0.379222326353352 ], [ -72.124662261704671, -0.389471921673742 ], [ -72.137800403385683, -0.391792584765151 ], [ -72.150568456568635, -0.40204218008554 ], [ -72.163151465502551, -0.414225661315438 ], [ -72.192018368350958, -0.440139732502839 ], [ -72.200530403806269, -0.454450488233195 ], [ -72.212188191495045, -0.497769532606164 ], [ -72.227731908413418, -0.52774476420353 ], [ -72.237539253611914, -0.550177840753818 ], [ -72.244941023573048, -0.572610917304105 ], [ -72.249567129798749, -0.592336553581082 ], [ -72.261039873238502, -0.616510127449927 ], [ -72.289351643339842, -0.654027514094373 ], [ -72.309521466483915, -0.661376280550501 ], [ -72.33598279409496, -0.672206041643743 ], [ -72.360778723464747, -0.66872504700663 ], [ -72.373916865145759, -0.661763057732403 ], [ -72.381503679355916, -0.655381234231028 ], [ -72.387240051075793, -0.655381234231028 ], [ -72.399452971511664, -0.647645690592998 ], [ -72.401673502500003, -0.642424198637327 ], [ -72.411480847698499, -0.634301877817395 ], [ -72.420733060149914, -0.621538230814646 ], [ -72.427024564616872, -0.618637401950385 ], [ -72.431095538095491, -0.613996075767567 ], [ -72.432945980585771, -0.586341507261609 ], [ -72.443863591278443, -0.586341507261609 ], [ -72.451820493986659, -0.590209279080624 ], [ -72.480687396835066, -0.611675412676158 ], [ -72.483648104819522, -0.616703516040877 ], [ -72.490494742033576, -0.6225051737694 ], [ -72.495120848259276, -0.631787826135036 ], [ -72.504373060710691, -0.638556426818312 ], [ -72.511774830671825, -0.653060571139619 ], [ -72.526208282096036, -0.667371326869974 ], [ -72.534350229053274, -0.680134973872724 ], [ -72.540641733520232, -0.688063906101705 ], [ -72.555630317691524, -0.700827553104455 ], [ -72.567103061131277, -0.713397811516254 ], [ -72.571174034609896, -0.722100298109038 ], [ -72.580426247061311, -0.730029230338018 ], [ -72.590788725006902, -0.729449064565166 ], [ -72.612623946392233, -0.717845749108121 ], [ -72.643156247481897, -0.697539947058292 ], [ -72.65129819443915, -0.691158123556917 ], [ -72.710142265630139, -0.642424198637327 ], [ -72.716988902844179, -0.633721712044543 ], [ -72.725130849801431, -0.628500220088873 ], [ -72.73197748701547, -0.616896904631828 ], [ -72.76491536334251, -0.599298542855309 ], [ -72.767135894330849, -0.591949776399181 ], [ -72.771762000556549, -0.584987787124954 ], [ -72.783974920992421, -0.584987787124954 ], [ -72.795447664432174, -0.590015890489673 ], [ -72.803589611389413, -0.601039040173866 ], [ -72.809881115856371, -0.60722747508429 ], [ -72.817838018564601, -0.618250624768483 ], [ -72.823019257537382, -0.619410956314188 ], [ -72.834121912479077, -0.63024071740743 ], [ -72.851331027638707, -0.637202706681657 ], [ -72.85947297459596, -0.641650644273524 ], [ -72.882418461475467, -0.648032467774899 ], [ -72.898517311140921, -0.648419244956801 ], [ -72.913505895312213, -0.644358084546835 ], [ -72.922758107763627, -0.644358084546835 ], [ -72.93552616094658, -0.645905193274441 ], [ -72.951069877864953, -0.645905193274441 ], [ -72.957916515079006, -0.632174603316937 ], [ -72.963282798300824, -0.616510127449927 ], [ -72.976976072728917, -0.586341507261609 ], [ -72.987338550674494, -0.579379517987382 ], [ -72.998441205616189, -0.564295207893223 ], [ -73.015650320775819, -0.555592721300439 ], [ -73.031194037694192, -0.553852223981882 ], [ -73.060616073289694, -0.553658835390932 ], [ -73.069313152994027, -0.558880327346602 ], [ -73.074494391966809, -0.575511746168367 ], [ -73.078565365445428, -0.584214232761151 ], [ -73.088372710643938, -0.595237382445343 ], [ -73.092258639873535, -0.601425817355767 ], [ -73.092258639873535, -0.624632448269858 ], [ -73.093368905367697, -0.642424198637327 ], [ -73.105026693056473, -0.64822585636585 ], [ -73.117054569243322, -0.64822585636585 ], [ -73.126861914441818, -0.644164695955884 ], [ -73.135003861399056, -0.638943204000214 ], [ -73.144256073850471, -0.634882043590248 ], [ -73.163870764247463, -0.635848986545002 ], [ -73.189036782115323, -0.644938250319687 ], [ -73.197733861819643, -0.649579576502505 ], [ -73.207541207018139, -0.656928342958634 ], [ -73.223084923936511, -0.657508508731486 ], [ -73.231226870893764, -0.652867182548668 ], [ -73.240479083345178, -0.645325027501589 ], [ -73.253062092279094, -0.637202706681657 ], [ -73.254357402022293, -0.625019225451759 ], [ -73.275637490660543, -0.613996075767567 ], [ -73.277858021648882, -0.607034086493339 ], [ -73.284334570364877, -0.598911765673408 ], [ -73.294141915563372, -0.582280346851643 ], [ -73.30746510149342, -0.572804305895056 ], [ -73.320603243174418, -0.571063808576499 ], [ -73.332631119361253, -0.567582813939385 ], [ -73.366124128435374, -0.552305115254276 ], [ -73.385183686085284, -0.544762960207197 ], [ -73.38758926132266, -0.544762960207197 ], [ -73.416271119922044, -0.557333218618996 ], [ -73.435885810319036, -0.555592721300439 ], [ -73.454390235221865, -0.546890234707655 ], [ -73.462347137930081, -0.549791063571917 ], [ -73.476225456607196, -0.551918338072375 ], [ -73.488808465541126, -0.555399332709488 ], [ -73.50213165147116, -0.555979498482341 ], [ -73.532848996809861, -0.55578610989139 ], [ -73.538585368529738, -0.555012555527587 ], [ -73.547652536732116, -0.551144783708572 ], [ -73.571338200607741, -0.531999313204447 ], [ -73.581145545806237, -0.543989405843394 ], [ -73.596134129977528, -0.544569571616246 ], [ -73.596134129977528, -0.52774476420353 ], [ -73.588177227269313, -0.519042277610747 ], [ -73.605941475176024, -0.510339791017963 ], [ -73.616859085868697, -0.500476972879474 ], [ -73.621670236343419, -0.494095149378099 ], [ -73.624445900078854, -0.478043896329187 ], [ -73.628516873557473, -0.469341409736403 ], [ -73.63425324527735, -0.466827358054043 ], [ -73.644615723222927, -0.468181078190698 ], [ -73.679218997791224, -0.475916621828728 ], [ -73.680329263285387, -0.462766197644077 ], [ -73.678108732297048, -0.452903379505589 ], [ -73.678108732297048, -0.444781058685657 ], [ -73.688471210242639, -0.441880229821396 ], [ -73.702349528919754, -0.444007504321854 ], [ -73.711416697122132, -0.440139732502839 ], [ -73.724184750305085, -0.433177743228612 ], [ -73.7334369627565, -0.420220707634912 ], [ -73.739728467223472, -0.419060376089207 ], [ -73.75064607791613, -0.410357889496423 ], [ -73.763969263846178, -0.410938055269275 ], [ -73.773776609044674, -0.413258718360684 ], [ -73.787099794974708, -0.418866987498256 ], [ -73.790430591457209, -0.429309971409597 ], [ -73.795796874679041, -0.435111629138119 ], [ -73.810785458850319, -0.440719898275691 ], [ -73.827994574009949, -0.443620727139953 ], [ -73.847609264406955, -0.442460395594248 ], [ -73.860192273340871, -0.437045515047627 ], [ -73.870184662788404, -0.427376085500089 ], [ -73.88369289296746, -0.430470302955301 ], [ -74.38867864856563, -0.580926626714988 ], [ -74.388308560067571, -0.571837362940302 ], [ -74.390344046806888, -0.561394379028961 ], [ -74.393119710542308, -0.555012555527587 ], [ -74.40126165749956, -0.554239001163784 ], [ -74.404407409733039, -0.560040658892306 ], [ -74.411994223943196, -0.566809259575582 ], [ -74.417175462915992, -0.567389425348435 ], [ -74.421986613390715, -0.560234047483257 ], [ -74.42161652489267, -0.552111726663326 ], [ -74.42346696738295, -0.535867085023462 ], [ -74.421246436394611, -0.515367894382682 ], [ -74.425502454122253, -0.510726568199864 ], [ -74.430683693095048, -0.508405905108455 ], [ -74.443266702028978, -0.505891853426095 ], [ -74.450668471990099, -0.499896807106622 ], [ -74.460660861437631, -0.497382755424262 ], [ -74.470838295134186, -0.489260434604331 ], [ -74.480645640332682, -0.485586051376266 ], [ -74.492673516519517, -0.495642258105705 ], [ -74.495634224503974, -0.492161263468592 ], [ -74.493783782013693, -0.476883564783482 ], [ -74.497299622745231, -0.472242238600664 ], [ -74.506736879445668, -0.475143067464925 ], [ -74.515804047648061, -0.480751336602497 ], [ -74.51987502112668, -0.479397616465842 ], [ -74.53338325130575, -0.463926529189782 ], [ -74.545411127492585, -0.439752955320937 ], [ -74.551147499212462, -0.432017411682907 ], [ -74.557624047928442, -0.427182696909139 ], [ -74.562990331150274, -0.426022365363434 ], [ -74.567616437375975, -0.421381039180616 ], [ -74.571502366605571, -0.404362843176949 ], [ -74.58056953480795, -0.39662729953892 ], [ -74.599444048208838, -0.395660356584166 ], [ -74.605550508426774, -0.391985973356102 ], [ -74.60758599516609, -0.387731424355185 ], [ -74.605735552675796, -0.382123155217613 ], [ -74.616468119119446, -0.379028937762401 ], [ -74.61905873860583, -0.374194222988632 ], [ -74.619428827103889, -0.36587851357775 ], [ -74.624425021827662, -0.365685124986799 ], [ -74.632752013033922, -0.361430575985882 ], [ -74.641634136987278, -0.354468586711655 ], [ -74.648850862699391, -0.347119820255527 ], [ -74.656067588411489, -0.334936339025629 ], [ -74.659398384894004, -0.331648732979466 ], [ -74.665689889360962, -0.32990823566091 ], [ -74.680123340785173, -0.330681790024713 ], [ -74.699182898435083, -0.32990823566091 ], [ -74.710285553376778, -0.326233852432845 ], [ -74.725459181797092, -0.30960243361108 ], [ -74.731565642015028, -0.306314827564917 ], [ -74.741372987213524, -0.304961107428262 ], [ -74.752105553657174, -0.307475159110622 ], [ -74.761172721859552, -0.306508216155868 ], [ -74.787634049470597, -0.295291677880725 ], [ -74.795035819431732, -0.294324734925971 ], [ -74.801142279649653, -0.289876797334104 ], [ -74.800032014155491, -0.283301585241778 ], [ -74.794850775182695, -0.277306538922304 ], [ -74.786893872474479, -0.275566041603748 ], [ -74.776346350279866, -0.263962726146703 ], [ -74.775236084785703, -0.253132965053461 ], [ -74.777826704272101, -0.233020551594582 ], [ -74.779677146762381, -0.225285007956552 ], [ -74.780232279509463, -0.214455246863309 ], [ -74.787449005221561, -0.199757713951052 ], [ -74.795590952178813, -0.193569279040628 ], [ -74.810209447852046, -0.190088284403514 ], [ -74.816500952319004, -0.186607289766402 ], [ -74.822792456785962, -0.180612243446928 ], [ -74.827048474513617, -0.179838689083125 ], [ -74.828343784256816, -0.184673403856894 ], [ -74.825938209019455, -0.194922999177283 ], [ -74.827788651509735, -0.199564325360102 ], [ -74.833525023229612, -0.205559371679575 ], [ -74.841111837439769, -0.20923375490764 ], [ -74.847403341906727, -0.216002355590915 ], [ -74.859801306591621, -0.234567660322188 ], [ -74.863317147323158, -0.237468489186449 ], [ -74.871829182778455, -0.239982540868809 ], [ -74.878490775743472, -0.239595763686907 ], [ -74.892369094420602, -0.236114769049794 ], [ -74.900325997128817, -0.236114769049794 ], [ -74.902916616615215, -0.233020551594582 ], [ -74.905877324599658, -0.22219079050134 ], [ -74.913279094560792, -0.207880034770984 ], [ -74.91957059902775, -0.201304822678658 ], [ -74.924381749502487, -0.200337879723905 ], [ -74.926787324739863, -0.20420565154292 ], [ -74.928082634483061, -0.215422189818064 ], [ -74.932338652210703, -0.219483350228029 ], [ -74.937889979681557, -0.218323018682325 ], [ -74.941590864662118, -0.214068469681409 ], [ -74.942886174405317, -0.205946148861477 ], [ -74.945846882389773, -0.199564325360102 ], [ -74.956764493082446, -0.195503164950136 ], [ -74.962685909051345, -0.190475061585416 ], [ -74.967497059526082, -0.18119240921978 ], [ -74.97101290025762, -0.17074942530844 ], [ -74.975824050732356, -0.16572132194372 ], [ -74.979154847214858, -0.154891560850477 ], [ -74.986741661425015, -0.148122960167202 ], [ -75.002470422592424, -0.147929571576251 ], [ -75.010242281051617, -0.146575851439596 ], [ -75.021529980242335, -0.141160970892974 ], [ -75.053912723822279, -0.10673780170374 ], [ -75.066865821254268, -0.097261760747153 ], [ -75.079448830188184, -0.084884890926305 ], [ -75.085370246157098, -0.080243564743487 ], [ -75.096472901098792, -0.07579562715162 ], [ -75.110536264024944, -0.075215461378767 ], [ -75.122379095962742, -0.073861741242112 ], [ -75.134592016398614, -0.069413803650245 ], [ -75.151431043060185, -0.059550985511756 ], [ -75.172155998951354, -0.043499732462844 ], [ -75.182518476896945, -0.039245183461927 ], [ -75.192880954842522, -0.03750468614337 ], [ -75.205649008025475, -0.042919566689991 ], [ -75.220637592196766, -0.054136104965135 ], [ -75.228224406406923, -0.077536124470176 ], [ -75.238216795854441, -0.090106382881975 ], [ -75.251354937535453, -0.109832019158952 ], [ -75.253575468523792, -0.111765905068459 ], [ -75.262272548228125, -0.103256807066626 ], [ -75.270969627932459, -0.097455149338104 ], [ -75.282257327123176, -0.096101429201449 ], [ -75.320746530921056, -0.086431999653911 ], [ -75.330553876119552, -0.084884890926305 ], [ -75.343506973551541, -0.081403896289191 ], [ -75.355534849738376, -0.076955958697324 ], [ -75.367377681676189, -0.074635295605915 ], [ -75.377370071123707, -0.075215461378767 ], [ -75.387917593318321, -0.079083233197783 ], [ -75.394764230532374, -0.078696456015881 ], [ -75.405866885474069, -0.075602238560669 ], [ -75.417709717411881, -0.071154300968801 ], [ -75.436214142314711, -0.061098094239362 ], [ -75.455273699964621, -0.045240229781401 ], [ -75.467856708898537, -0.037117908961469 ], [ -75.473037947871333, -0.035377411642912 ], [ -75.487471399295544, -0.033636914324355 ], [ -75.498944142735297, -0.028415422368685 ], [ -75.513377594159493, -0.017392272684492 ], [ -75.521704585365768, -0.010043506228363 ], [ -75.527255912836623, -0.007142677364102 ], [ -75.541504320011796, -0.005595568636496 ], [ -75.570186178611181, -0.007529454546003 ], [ -75.574627240587859, -0.007336065955053 ], [ -75.582584143296074, 0.001173032046781 ], [ -75.583694408790237, 0.019351559596151 ], [ -75.587950426517892, 0.027860657597985 ], [ -75.598312904463469, 0.035016035463163 ], [ -75.61182113464254, 0.035402812645064 ], [ -75.624589187825492, 0.037916864327424 ], [ -75.636432019763305, 0.048553236829715 ], [ -75.651605648183619, 0.064024324105775 ], [ -75.659377506642812, 0.069245816061446 ], [ -75.66381856861949, 0.069052427470495 ], [ -75.662893347374336, 0.057255723422499 ], [ -75.665298922611711, 0.049520179784469 ], [ -75.671590427078669, 0.050873899921124 ], [ -75.681212728028143, 0.059576386513908 ], [ -75.684728568759681, 0.060930106650563 ], [ -75.694165825460118, 0.06015655228676 ], [ -75.705453524650849, 0.054741671740139 ], [ -75.714520692853228, 0.05493506033109 ], [ -75.760781755110301, 0.051067288512075 ], [ -75.777250693273814, 0.058222666377253 ], [ -75.78520759598203, 0.064604489878628 ], [ -75.79501494118054, 0.068472261697643 ], [ -75.803897065133896, 0.065958210015283 ], [ -75.812224056340156, 0.065958210015283 ], [ -75.817220251063929, 0.074080530835214 ], [ -75.817220251063929, 0.085103680519407 ], [ -75.820180959048372, 0.094579721475994 ], [ -75.835169543219664, 0.11140452888871 ], [ -75.839610605196341, 0.118366518162937 ], [ -75.845902109663314, 0.136351657121358 ], [ -75.852008569881235, 0.142346703440831 ], [ -75.859040251344311, 0.140992983304176 ], [ -75.866256977056423, 0.131323553756638 ], [ -75.874583968262698, 0.131130165165687 ], [ -75.875509189507838, 0.141959926258929 ], [ -75.87846989749228, 0.148148361169353 ], [ -75.888277242690776, 0.149115304124107 ], [ -75.891978127671351, 0.153756630306925 ], [ -75.89142299492427, 0.159945065217349 ], [ -75.888277242690776, 0.163812837036364 ], [ -75.888277242690776, 0.169034328992034 ], [ -75.891978127671351, 0.176189706857213 ], [ -75.905301313601385, 0.183538473313341 ], [ -75.907521844589724, 0.18585913640475 ], [ -75.918624499531418, 0.206164938454579 ], [ -75.931022464216312, 0.215254202229264 ], [ -75.935093437694931, 0.222602968685393 ], [ -75.933798127951746, 0.229564957959621 ], [ -75.927876711982833, 0.236720335824798 ], [ -75.927876711982833, 0.240588107643814 ], [ -75.933242995204651, 0.242715382144271 ], [ -75.937128924434248, 0.236333558642897 ], [ -75.942865296154125, 0.236913724415749 ], [ -75.94712131388178, 0.248130262690893 ], [ -75.954893172340959, 0.254898863374169 ], [ -75.966365915780713, 0.256059194919874 ], [ -75.973582641492825, 0.261087298284593 ], [ -75.980799367204924, 0.263214572785052 ], [ -75.981909632699086, 0.271723670786884 ], [ -75.970066800761288, 0.271530282195934 ], [ -75.96655096002975, 0.277138551333506 ], [ -75.968956535267111, 0.281973266107275 ], [ -75.976358305228246, 0.281586488925373 ], [ -75.980984411453946, 0.285067483562487 ], [ -75.981169455702982, 0.295510467473828 ], [ -75.983575030940344, 0.303826176884709 ], [ -75.988941314162162, 0.310981554749888 ], [ -75.997638393866495, 0.317169989660312 ], [ -76.018733438255722, 0.318717098387918 ], [ -76.027985650707137, 0.323358424570736 ], [ -76.033907066676036, 0.335928682982535 ], [ -76.037052818909515, 0.347338609848629 ], [ -76.042234057882311, 0.350432827303841 ], [ -76.055372199563323, 0.352946878986201 ], [ -76.065549633259877, 0.352366713213349 ], [ -76.071656093477799, 0.35023943871289 ], [ -76.079798040435051, 0.338442734664895 ], [ -76.087199810396186, 0.33206091116352 ], [ -76.093861403361203, 0.332834465527323 ], [ -76.10607432379706, 0.342890672256762 ], [ -76.106629456544155, 0.347918775621482 ], [ -76.103668748559699, 0.359715479669478 ], [ -76.112180784014996, 0.371705572308424 ], [ -76.114586359252371, 0.377120452855046 ], [ -76.121247952217388, 0.385822939447829 ], [ -76.124578748699889, 0.388143602539238 ], [ -76.136791669135761, 0.392398151540155 ], [ -76.144193439096895, 0.397813032086776 ], [ -76.149744766567736, 0.399360140814382 ], [ -76.15529609403859, 0.39626592335917 ], [ -76.156036271034694, 0.389690711266844 ], [ -76.169359456964742, 0.384855996493076 ], [ -76.185273262381173, 0.387176659584485 ], [ -76.191564766848131, 0.390657654221598 ], [ -76.194340430583551, 0.396072534768219 ], [ -76.200631935050509, 0.397619643495825 ], [ -76.204517864280106, 0.39626592335917 ], [ -76.209884147501924, 0.388917156903041 ], [ -76.215435474972779, 0.390657654221598 ], [ -76.216360696217919, 0.404968409951953 ], [ -76.218581227206258, 0.409803124725722 ], [ -76.226538129914474, 0.415991559636147 ], [ -76.233939899875608, 0.416184948227097 ], [ -76.244117333572163, 0.414057673726639 ], [ -76.25077892653718, 0.418698999909457 ], [ -76.248558395548841, 0.431462646912207 ], [ -76.249483616793981, 0.436877527458829 ], [ -76.259661050490536, 0.444032905324006 ], [ -76.265582466459435, 0.446546957006366 ], [ -76.273169280669606, 0.44519323686971 ], [ -76.281311227626844, 0.43475025295837 ], [ -76.285012112607404, 0.432429589866961 ], [ -76.292783971066598, 0.435330418731223 ], [ -76.297410077292298, 0.443259350960203 ], [ -76.302776360514116, 0.445580014051612 ], [ -76.31054821897331, 0.434363475776468 ], [ -76.318135033183466, 0.427401486502242 ], [ -76.320355564171805, 0.412510564999033 ], [ -76.320170519922783, 0.401874192496742 ], [ -76.321650873915004, 0.398393197859629 ], [ -76.328312466880021, 0.39375187167681 ], [ -76.336824502335332, 0.392204762949204 ], [ -76.342375829806173, 0.394138648858712 ], [ -76.349407511269249, 0.4040014669972 ], [ -76.354588750242044, 0.407095684452412 ], [ -76.362915741448319, 0.406128741497659 ], [ -76.373648307891955, 0.398199809268678 ], [ -76.386971493821989, 0.392591540131106 ], [ -76.395668573526322, 0.391817985767303 ], [ -76.401219900997162, 0.310788166158937 ], [ -76.402515210740361, 0.257219526465578 ], [ -76.404920785977737, 0.257026137874627 ], [ -76.422870078133471, 0.246583153963287 ], [ -76.425275653370846, 0.246969931145189 ], [ -76.427496184359185, 0.256832749283677 ], [ -76.423980343627647, 0.263794738557904 ], [ -76.428236361355289, 0.269789784877378 ], [ -76.441004414538241, 0.269403007695476 ], [ -76.445815565012978, 0.264568292921707 ], [ -76.445075388016875, 0.254318697601317 ], [ -76.448961317246457, 0.252964977464662 ], [ -76.462284503176491, 0.251804645918957 ], [ -76.4780132643439, 0.251611257328006 ], [ -76.494297158258391, 0.252384811691809 ], [ -76.504289547705923, 0.249097205645646 ], [ -76.5100259194258, 0.250257537191351 ], [ -76.521683707114576, 0.257219526465578 ], [ -76.530010698320851, 0.26785589896787 ], [ -76.539262910772266, 0.270950116423082 ], [ -76.554991671939661, 0.263601349966953 ], [ -76.568314857869694, 0.258766635193184 ], [ -76.576826893325006, 0.254125309010366 ], [ -76.587374415519605, 0.241168273416665 ], [ -76.588299636764759, 0.235946781460996 ], [ -76.595516362476857, 0.231498843869128 ], [ -76.607544238663692, 0.239621164689059 ], [ -76.616981495364143, 0.242715382144271 ], [ -76.62271786708402, 0.248323651281844 ], [ -76.626048663566522, 0.25779969223843 ], [ -76.640112026492673, 0.265728624467411 ], [ -76.644738132718373, 0.26553523587646 ], [ -76.654730522165906, 0.258186469420332 ], [ -76.663427601870239, 0.26282779560315 ], [ -76.663797690368284, 0.270756727832131 ], [ -76.67082937183136, 0.275204665423998 ], [ -76.695440256952125, 0.28081293456157 ], [ -76.700066363177825, 0.28061954597062 ], [ -76.708763442882159, 0.277138551333506 ], [ -76.715054947349117, 0.277138551333506 ], [ -76.718755832329691, 0.279459214424915 ], [ -76.722641761559288, 0.276945162742555 ], [ -76.730413620018467, 0.284874094971536 ], [ -76.736705124485425, 0.281199711743471 ], [ -76.752618929901857, 0.277718717106358 ], [ -76.758170257372711, 0.274624499651146 ], [ -76.76039078836105, 0.270369950650229 ], [ -76.754284328143115, 0.264181515739805 ], [ -76.754839460890196, 0.256252583510824 ], [ -76.759835655613969, 0.254318697601317 ], [ -76.77796999201874, 0.251224480146105 ], [ -76.785741850477919, 0.253738531828465 ], [ -76.789072646960435, 0.260507132511741 ], [ -76.803136009886586, 0.264955070103609 ], [ -76.815348930322443, 0.262247629830298 ], [ -76.825526364018998, 0.254898863374169 ], [ -76.832187956984029, 0.254125309010366 ], [ -76.838109372952928, 0.245422822417583 ], [ -76.842180346431547, 0.242328604962371 ], [ -76.847361585404343, 0.241941827780469 ], [ -76.85864928459506, 0.246002988190434 ], [ -76.867901497046475, 0.245809599599483 ], [ -76.872897691770248, 0.247743485508991 ], [ -76.889551674182783, 0.248517039872794 ], [ -76.896768399894896, 0.24755009691804 ], [ -76.905650523848252, 0.248710428463745 ], [ -76.925265214245243, 0.254318697601317 ], [ -76.938033267428196, 0.261087298284593 ], [ -76.960793710058681, 0.267082344604066 ], [ -76.990215745654169, 0.268049287558821 ], [ -76.988365303163889, 0.272110447968786 ], [ -76.981148577451791, 0.272497225150688 ], [ -76.977632736720253, 0.275784831196851 ], [ -76.977632736720253, 0.28081293456157 ], [ -76.981888754447894, 0.281586488925373 ], [ -76.98892043591097, 0.292609638609566 ], [ -76.992806365140567, 0.294350135928123 ], [ -76.992621320891544, 0.299958405065695 ], [ -77.00057822359976, 0.296864187610483 ], [ -77.007609905062822, 0.291642695654812 ], [ -77.016677073265214, 0.28081293456157 ], [ -77.02185831223801, 0.28081293456157 ], [ -77.0381422061525, 0.287581535244846 ], [ -77.047949551350996, 0.285454260744388 ], [ -77.053130790323777, 0.287001369471994 ], [ -77.06312317977131, 0.28603442651724 ], [ -77.079592117934823, 0.29106252988196 ], [ -77.083478047164419, 0.295703856064778 ], [ -77.077001498448425, 0.310788166158937 ], [ -77.075891232954262, 0.316203046705558 ], [ -77.079222029436778, 0.319684041342671 ], [ -77.090509728627495, 0.32451875611644 ], [ -77.097356365841549, 0.335928682982535 ], [ -77.10161238356919, 0.338249346073944 ], [ -77.103277781810448, 0.343470838029615 ], [ -77.10438804730461, 0.357394816578068 ], [ -77.114010348254084, 0.367644411898459 ], [ -77.128073711180235, 0.37054524076272 ] ] ], [ [ [ -78.944097971143748, 1.583671871796796 ], [ -78.935770979937473, 1.582898317432994 ], [ -78.930959829462736, 1.579030545613978 ], [ -78.932440183454958, 1.568200784520736 ], [ -78.938731687921916, 1.573809053658309 ], [ -78.951499741104868, 1.58715286643391 ], [ -78.964822927034902, 1.596048741617645 ], [ -78.971854608497978, 1.599336347663808 ], [ -78.985362838677048, 1.599336347663808 ], [ -78.982957263439673, 1.601850399346167 ], [ -78.976295670474656, 1.603010730891872 ], [ -78.975370449229516, 1.601463622164266 ], [ -78.961307086303364, 1.598949570481906 ], [ -78.953165139346126, 1.598756181890955 ], [ -78.952980095097104, 1.591794192616728 ], [ -78.944097971143748, 1.583671871796796 ] ] ], [ [ [ -78.802354076388085, 1.820379507120519 ], [ -78.799763456901687, 1.815158015164848 ], [ -78.805869917119622, 1.803941476889705 ], [ -78.810125934847264, 1.806262139981114 ], [ -78.813826819827838, 1.817091901074356 ], [ -78.802354076388085, 1.820379507120519 ] ] ], [ [ [ -78.773117085041619, 1.803941476889705 ], [ -78.776262837275098, 1.807422471526818 ], [ -78.764790093835344, 1.816511735301504 ], [ -78.762939651345064, 1.823473724575731 ], [ -78.760349031858667, 1.820766284302421 ], [ -78.762939651345064, 1.811483631936785 ], [ -78.760904164605748, 1.807035694344918 ], [ -78.763494784092146, 1.803554699707804 ], [ -78.773117085041619, 1.803941476889705 ] ] ], [ [ [ -78.752022040652392, 1.801620813798296 ], [ -78.754057527391694, 1.802587756753049 ], [ -78.756278058380033, 1.812643963482489 ], [ -78.754242571640731, 1.817672066847209 ], [ -78.742029651204859, 1.824634056121436 ], [ -78.736293279484983, 1.831015879622811 ], [ -78.724080359049125, 1.826567942030943 ], [ -78.723155137803985, 1.823473724575731 ], [ -78.734072748496644, 1.816318346710553 ], [ -78.740179208714579, 1.806842305753967 ], [ -78.752022040652392, 1.801620813798296 ] ] ], [ [ [ -78.62896761504858, 2.342722091278504 ], [ -78.624526553071902, 2.357999789963614 ], [ -78.618975225601062, 2.359933675873122 ], [ -78.623786376075799, 2.347943583234175 ], [ -78.624896641569961, 2.340401428187096 ], [ -78.629337703546639, 2.33131216441241 ], [ -78.632853544278177, 2.332279107367164 ], [ -78.62896761504858, 2.342722091278504 ] ] ], [ [ [ -77.991305132897139, 2.656785162982528 ], [ -77.984828584181159, 2.656591774391577 ], [ -77.976871681472943, 2.661619877756297 ], [ -77.972430619496265, 2.660072769028691 ], [ -77.968729734515691, 2.650596728072104 ], [ -77.975391327480708, 2.641507464297419 ], [ -77.983163185939901, 2.643828127388828 ], [ -77.991305132897139, 2.656785162982528 ] ] ], [ [ [ -78.180050266905994, 2.948415158136265 ], [ -78.190967877598652, 2.943387054771545 ], [ -78.195223895326308, 2.93700523127017 ], [ -78.204291063528686, 2.932944070860204 ], [ -78.206326550268003, 2.936811842679219 ], [ -78.198739736057846, 2.941453168862037 ], [ -78.199294868804927, 2.956537478956196 ], [ -78.193743541334086, 2.965626742730882 ], [ -78.193188408586991, 2.973942452141764 ], [ -78.190412744851571, 2.975876338051272 ], [ -78.18893239085935, 2.985158990416908 ], [ -78.180420355404038, 2.995795362919199 ], [ -78.168762567715262, 3.004304460921032 ], [ -78.167282213723041, 2.995215197146347 ], [ -78.170057877458461, 2.98825320787212 ], [ -78.169872833209439, 2.973555674959862 ], [ -78.171538231450683, 2.965046576958029 ], [ -78.180050266905994, 2.948415158136265 ] ] ], [ [ [ -77.418963270652682, 3.359559302497567 ], [ -77.428400527353133, 3.358979136724714 ], [ -77.423959465376456, 3.364007240089434 ], [ -77.419518403399778, 3.365360960226089 ], [ -77.418963270652682, 3.359559302497567 ] ] ], [ [ [ -77.363264951695172, 3.908009346433904 ], [ -77.358453801220435, 3.915358112890033 ], [ -77.352717429500558, 3.914391169935278 ], [ -77.352347341002513, 3.908202735024854 ], [ -77.356233270232096, 3.89930685984112 ], [ -77.360674332208774, 3.902014300114431 ], [ -77.363264951695172, 3.908009346433904 ] ] ], [ [ [ -77.294058402558605, 3.978402793539978 ], [ -77.292578048566369, 3.973761467357159 ], [ -77.302570438013902, 3.96351187203677 ], [ -77.309787163726, 3.965058980764375 ], [ -77.305716190247381, 3.973181301584308 ], [ -77.294058402558605, 3.978402793539978 ] ] ], [ [ [ -81.603738962427158, 4.00199620163597 ], [ -81.606884714660637, 3.998708595589807 ], [ -81.615766838613993, 3.998515206998857 ], [ -81.605774449166475, 4.009344968092098 ], [ -81.603738962427158, 4.00199620163597 ] ] ], [ [ [ -77.269632561686862, 4.05865905878454 ], [ -77.265931676706302, 4.055758229920279 ], [ -77.269632561686862, 4.051503680919362 ], [ -77.279069818387313, 4.044541691645135 ], [ -77.28295574761691, 4.05073012655556 ], [ -77.269632561686862, 4.05865905878454 ] ] ], [ [ [ -77.462078580676277, 4.054791286965525 ], [ -77.467074775400036, 4.065040882285915 ], [ -77.468740173641294, 4.072389648742044 ], [ -77.463743978917535, 4.070649151423487 ], [ -77.462633713423358, 4.061753276239752 ], [ -77.451346014232641, 4.049376406418904 ], [ -77.45541698771126, 4.045508634599889 ], [ -77.462078580676277, 4.054791286965525 ] ] ], [ [ [ -77.240950703087492, 4.082639244062435 ], [ -77.23373397737538, 4.080125192380073 ], [ -77.235769464114696, 4.071229317196339 ], [ -77.244281499569993, 4.073549980287748 ], [ -77.243541322573876, 4.081285523925779 ], [ -77.240950703087492, 4.082639244062435 ] ] ], [ [ [ -77.48039796133007, 4.150712028077098 ], [ -77.476512032100487, 4.147037644849036 ], [ -77.482988580816468, 4.14046243275671 ], [ -77.485394156053843, 4.144523593166674 ], [ -77.48039796133007, 4.147037644849036 ], [ -77.48039796133007, 4.150712028077098 ] ] ], [ [ [ -77.494646368505258, 4.144910370348576 ], [ -77.500197695976098, 4.141235987120512 ], [ -77.502048138466378, 4.145490536121429 ], [ -77.49205574901886, 4.150131862304248 ], [ -77.494646368505258, 4.144910370348576 ] ] ], [ [ [ -77.198390525810979, 3.659118229880284 ], [ -77.193949463834301, 3.657571121152678 ], [ -77.190063534604704, 3.645967805695633 ], [ -77.194504596581382, 3.646161194286583 ], [ -77.199500791305155, 3.656024012425072 ], [ -77.198390525810979, 3.659118229880284 ] ] ], [ [ [ -77.155090171538362, 3.699923222570892 ], [ -77.148983711320426, 3.70688521184512 ], [ -77.139916543118048, 3.707078600436071 ], [ -77.132144684658854, 3.704951325935612 ], [ -77.136030613888451, 3.697409170888533 ], [ -77.139916543118048, 3.698762891025188 ], [ -77.151019198059743, 3.694314953433321 ], [ -77.155090171538362, 3.699923222570892 ] ] ], [ [ [ -77.146578136083065, 3.759873685765626 ], [ -77.142692206853468, 3.75310508508235 ], [ -77.150464065312661, 3.753491862264251 ], [ -77.152869640550023, 3.754652193809956 ], [ -77.15453503879128, 3.759100131401823 ], [ -77.146578136083065, 3.759873685765626 ] ] ], [ [ [ -77.143987516596667, 3.786754699907782 ], [ -77.147133268830146, 3.771477001222672 ], [ -77.152869640550023, 3.770703446858868 ], [ -77.157865835273782, 3.766448897857952 ], [ -77.163787251242695, 3.767415840812705 ], [ -77.170078755709653, 3.765868732085099 ], [ -77.173409552192169, 3.768769560949361 ], [ -77.172669375196051, 3.777665436133095 ], [ -77.181181410651348, 3.808414222094266 ], [ -77.178220702666891, 3.811508439549478 ], [ -77.172854419445073, 3.804353061684299 ], [ -77.159346189266017, 3.804933227457152 ], [ -77.150093976814603, 3.797391072410072 ], [ -77.147133268830146, 3.788688585817289 ], [ -77.143987516596667, 3.786754699907782 ] ] ], [ [ [ -77.080702383428999, 3.88905726452073 ], [ -77.077926719693579, 3.894085367885449 ], [ -77.067564241747988, 3.895052310840203 ], [ -77.056276542557271, 3.884802715519813 ], [ -77.055906454059212, 3.878420892018438 ], [ -77.061457781530052, 3.872039068517063 ], [ -77.072560436471747, 3.87880766920034 ], [ -77.080702383428999, 3.88905726452073 ] ] ], [ [ [ -77.110494507522546, 3.873006011471817 ], [ -77.109014153530325, 3.88151510947365 ], [ -77.101427339320168, 3.896019253794957 ], [ -77.099021764082792, 3.887123378611221 ], [ -77.094950790604173, 3.88905726452073 ], [ -77.093470436611952, 3.881321720882699 ], [ -77.101057250822109, 3.873392788653719 ], [ -77.110494507522546, 3.873006011471817 ] ] ], [ [ [ -77.240765658838455, 4.03815986814376 ], [ -77.236879729608859, 4.041834251371824 ], [ -77.231513446387041, 4.039513588280416 ], [ -77.236879729608859, 4.032551599006188 ], [ -77.240765658838455, 4.03815986814376 ] ] ] ] } },
{ "type": "Feature", "properties": { "Zone": "Extra" }, "geometry": { "type": "Polygon", "coordinates": [ [ [ -69.410063128459853, -1.131697333742734 ], [ -69.392854013300223, -1.148328752564499 ], [ -69.375089765393511, -1.173275880797146 ], [ -69.373239322903231, -1.193388294256024 ], [ -69.37823551762699, -1.235160229901387 ], [ -69.379345783121167, -1.25643297490597 ], [ -69.376014986638651, -1.265909015862557 ], [ -69.373054278654195, -1.291049532686155 ], [ -69.373979499899335, -1.306714008553166 ], [ -69.368428172428494, -1.333788411286271 ], [ -69.371388880412951, -1.35138677306279 ], [ -69.377125252132828, -1.371692575112619 ], [ -69.385822331837147, -1.393738874481005 ], [ -69.395444632786621, -1.404181858392346 ], [ -69.418020031168069, -1.42081327721411 ], [ -69.429677818856845, -1.432609981262106 ], [ -69.452068172989271, -1.475735637044124 ], [ -69.45428870397761, -1.487919118274022 ], [ -69.452993394234412, -1.509191863278605 ], [ -69.448182243759675, -1.516927406916635 ], [ -69.444296314530078, -1.527177002237025 ], [ -69.44781215526163, -1.552510907651573 ], [ -69.467241801409585, -1.657714301128783 ], [ -69.484821005067275, -1.754021819422259 ], [ -69.505360916709421, -1.865993813582745 ], [ -69.530156846079208, -2.005040210476337 ], [ -69.550141624974259, -2.117398981818725 ], [ -69.574012333098906, -2.251804052529498 ], [ -69.5864102977838, -2.321037168089868 ], [ -69.608430563418167, -2.444419089116449 ], [ -69.64155348399423, -2.625044033064452 ], [ -69.664684015122759, -2.750359840000541 ], [ -69.686334192259068, -2.874128538209023 ], [ -69.707984369395376, -2.998670790781309 ], [ -69.729819590780721, -3.123213043353593 ], [ -69.751654812166052, -3.247755295925879 ], [ -69.777931095528061, -3.398211619685565 ], [ -69.796065431932846, -3.49683980107045 ], [ -69.819195963061375, -3.621188665051784 ], [ -69.842141449940883, -3.745730917624069 ], [ -69.859905697847594, -3.842038435917545 ], [ -69.889512777692119, -3.994041868404837 ], [ -69.9220805655211, -4.161709776759141 ], [ -69.926151538999719, -4.20000071776739 ], [ -69.929297291233198, -4.212570976179189 ], [ -69.936699061194332, -4.221853628544824 ], [ -69.949467114377285, -4.22842884063715 ], [ -69.951872689614646, -4.222433794317677 ], [ -69.956313751591324, -4.218372633907711 ], [ -69.967786495031078, -4.213344530542991 ], [ -69.983885344696546, -4.21044370167873 ], [ -69.989991804914467, -4.207349484223518 ], [ -70.001279504105199, -4.197293277494079 ], [ -70.01534286703135, -4.174860200943791 ], [ -70.01811853076677, -4.168671766033367 ], [ -70.022929681241507, -4.149332906938292 ], [ -70.027370743218185, -4.141790751891213 ], [ -70.034587468930283, -4.133281653889379 ], [ -70.046430300868096, -4.116263457885713 ], [ -70.053461982331171, -4.10504691961057 ], [ -70.06067870804327, -4.086094837697396 ], [ -70.064009504525785, -4.080293179968873 ], [ -70.075297203716502, -4.06927003028468 ], [ -70.104164106564923, -4.05902043496429 ], [ -70.135621628899727, -4.05902043496429 ], [ -70.145243929849201, -4.055152663145275 ], [ -70.153200832557417, -4.049351005416752 ], [ -70.163563310502994, -4.036974135595904 ], [ -70.173555699950526, -4.010866675817552 ], [ -70.176701452184005, -3.985919547584905 ], [ -70.174480921195666, -3.976056729446417 ], [ -70.174851009693725, -3.965420356944125 ], [ -70.178736938923322, -3.939699674347675 ], [ -70.18502844339028, -3.916106266251683 ], [ -70.187248974378619, -3.910304608523161 ], [ -70.194095611592658, -3.905276505158441 ], [ -70.206493576277552, -3.903536007839884 ], [ -70.230734372900258, -3.896187241383755 ], [ -70.245352868573491, -3.889418640700479 ], [ -70.257565789009362, -3.882650040017203 ], [ -70.265152603219519, -3.874721107788222 ], [ -70.269408620947175, -3.864664901058783 ], [ -70.28606260335971, -3.837397109734726 ], [ -70.293649417569867, -3.826760737232435 ], [ -70.303826851266436, -3.815737587548242 ], [ -70.312708975219792, -3.810902872774473 ], [ -70.326957382394966, -3.805294603636901 ], [ -70.340835701072081, -3.804134272091197 ], [ -70.349162692278355, -3.804327660682148 ], [ -70.362670922457426, -3.808582209683064 ], [ -70.371553046410781, -3.81515742177539 ], [ -70.385801453585955, -3.831788840597155 ], [ -70.39505366603737, -3.841651658735643 ], [ -70.401345170504328, -3.849967368146526 ], [ -70.417814108667841, -3.859250020512162 ], [ -70.424475701632872, -3.859250020512162 ], [ -70.432247560092051, -3.861764072194521 ], [ -70.437428799064847, -3.866405398377339 ], [ -70.454452869975441, -3.87665499369773 ], [ -70.466295701913253, -3.881489708471499 ], [ -70.485355259563164, -3.884777314517661 ], [ -70.50774561369559, -3.883423594381006 ], [ -70.518293135890204, -3.880909542698646 ], [ -70.528470569586759, -3.875688050742976 ], [ -70.538648003283313, -3.868532672877798 ], [ -70.551601100715288, -3.852868197010787 ], [ -70.56751490613172, -3.838750829871382 ], [ -70.58194835755593, -3.832369006370007 ], [ -70.591940747003463, -3.83314256073381 ], [ -70.599712605462642, -3.838170664098529 ], [ -70.612110570147536, -3.8433921560542 ], [ -70.624323490583407, -3.836816943961874 ], [ -70.630059862303284, -3.831982229188105 ], [ -70.647268977462915, -3.830048343278598 ], [ -70.660592163392948, -3.821345856685814 ], [ -70.670769597089503, -3.809355764046867 ], [ -70.67835641129966, -3.798139225771723 ], [ -70.683907738770515, -3.794271453952708 ], [ -70.694640305214151, -3.792530956634152 ], [ -70.703337384918484, -3.79465823113461 ], [ -70.677061101556461, -3.752306129716395 ], [ -70.610075083408233, -3.649230010739643 ], [ -70.550860923719185, -3.557757207219937 ], [ -70.48776083480054, -3.460289357380757 ], [ -70.474992781617587, -3.441724052649485 ], [ -70.440019418551245, -3.386221527046619 ], [ -70.375068887142319, -3.286626402706981 ], [ -70.316964992947433, -3.19650731932393 ], [ -70.271629151935514, -3.128047758127362 ], [ -70.182622868152905, -2.992288967279934 ], [ -70.110085522533822, -2.880897138892299 ], [ -70.05290684958409, -2.792131775645903 ], [ -70.034032336183202, -2.76041604672998 ], [ -70.034217380432239, -2.741850741998708 ], [ -70.047170477864213, -2.744558182272018 ], [ -70.05383207082923, -2.742624296362511 ], [ -70.065304814268984, -2.736049084270185 ], [ -70.069005699249544, -2.73218131245117 ], [ -70.072521539981082, -2.710521790264686 ], [ -70.070671097490802, -2.678419284166861 ], [ -70.072151451483023, -2.669716797574076 ], [ -70.078442955949981, -2.659273813662736 ], [ -70.092876407374192, -2.644189503568577 ], [ -70.102313664074643, -2.648444052569494 ], [ -70.104719239312004, -2.654439098888967 ], [ -70.109715434035763, -2.676678786848304 ], [ -70.119707823483296, -2.695244091579576 ], [ -70.133401097911388, -2.703753189581409 ], [ -70.141913133366685, -2.705687075490917 ], [ -70.15024012457296, -2.704913521127114 ], [ -70.159862425522434, -2.697951531852887 ], [ -70.163008177755913, -2.689829211032955 ], [ -70.163378266253972, -2.681126724440171 ], [ -70.159307292775338, -2.663528362663652 ], [ -70.158937204277294, -2.657339927753228 ], [ -70.16374835475203, -2.63974156597671 ], [ -70.172815522954409, -2.630458913611074 ], [ -70.181327558409706, -2.629298582065369 ], [ -70.185583576137361, -2.633939908248187 ], [ -70.188174195623759, -2.643609337795725 ], [ -70.192245169102378, -2.649410995524248 ], [ -70.201127293055734, -2.653858933116115 ], [ -70.213525257740628, -2.6499911612971 ], [ -70.219076585211482, -2.640321731749562 ], [ -70.224072779935241, -2.626397753201108 ], [ -70.225923222425521, -2.615954769289767 ], [ -70.225738178176499, -2.600290293422756 ], [ -70.22999419590414, -2.573796056462503 ], [ -70.242207116340012, -2.553490254412674 ], [ -70.248313576557948, -2.549042316820807 ], [ -70.260896585491864, -2.543820824865136 ], [ -70.269963753694256, -2.543627436274186 ], [ -70.274034727172875, -2.545948099365594 ], [ -70.286802780355828, -2.559291912141196 ], [ -70.306787559250878, -2.572829113507749 ], [ -70.316409860200352, -2.57553655378106 ], [ -70.332878798363865, -2.575923330962961 ], [ -70.34213101081528, -2.5730225020987 ], [ -70.350458002021554, -2.566834067188275 ], [ -70.356934550737549, -2.556971249049787 ], [ -70.35656446223949, -2.548075373866053 ], [ -70.350458002021554, -2.541113384591825 ], [ -70.342501099313338, -2.53705222418186 ], [ -70.330288178877481, -2.535118338272352 ], [ -70.326587293896907, -2.536665446999958 ], [ -70.314189329212013, -2.5345381724995 ], [ -70.300866143281979, -2.526029074497667 ], [ -70.298090479546559, -2.519453862405341 ], [ -70.297905435297523, -2.511911707358262 ], [ -70.301236231780038, -2.503402609356429 ], [ -70.305307205258657, -2.501468723446921 ], [ -70.315299594706175, -2.503209220765478 ], [ -70.323071453165369, -2.502822443583576 ], [ -70.35378879850407, -2.49353979121794 ], [ -70.366186763188963, -2.49353979121794 ], [ -70.373033400403003, -2.495860454309349 ], [ -70.387281807578177, -2.504176163720231 ], [ -70.407636674971286, -2.521194359723898 ], [ -70.417629064418819, -2.525255520133864 ], [ -70.427991542364396, -2.51906708522344 ], [ -70.437983931811928, -2.507076992584493 ], [ -70.440944639796385, -2.495473677127448 ], [ -70.440759595547348, -2.488705076444171 ], [ -70.444645524776945, -2.479809201260437 ], [ -70.45297251598322, -2.465691834121031 ], [ -70.461114462940458, -2.456409181755395 ], [ -70.465740569166172, -2.453701741482085 ], [ -70.469811542644791, -2.45505546161874 ], [ -70.474622693119528, -2.460470342165361 ], [ -70.487205702053444, -2.468979440167194 ], [ -70.495717737508755, -2.469559605940047 ], [ -70.508115702193649, -2.464918279757229 ], [ -70.515147383656725, -2.46008356498346 ], [ -70.522549153617859, -2.451767855572577 ], [ -70.525139773104243, -2.444999254889301 ], [ -70.53180136606926, -2.436683545478418 ], [ -70.537537737789137, -2.427400893112782 ], [ -70.548455348481809, -2.419665349474752 ], [ -70.56196357866088, -2.415410800473836 ], [ -70.578617561073415, -2.418698406519999 ], [ -70.583613755797188, -2.425273618612324 ], [ -70.58102313631079, -2.4320422192956 ], [ -70.565849507890476, -2.440164540115532 ], [ -70.557337472435165, -2.448093472344513 ], [ -70.551786144964325, -2.456215793164445 ], [ -70.549010481228891, -2.464724891166278 ], [ -70.550490835221126, -2.4705265488948 ], [ -70.56288879990602, -2.476328206623323 ], [ -70.567884994629779, -2.477295149578077 ], [ -70.583428711548152, -2.484643916034206 ], [ -70.595641631984023, -2.483483584488501 ], [ -70.608224640917939, -2.48058275562424 ], [ -70.619697384357693, -2.473814154940963 ], [ -70.625063667579525, -2.46781910862149 ], [ -70.628579508311049, -2.454668684436839 ], [ -70.623768357836326, -2.434749659568911 ], [ -70.619142251610612, -2.412123194427673 ], [ -70.618772163112553, -2.404581039380593 ], [ -70.622843136591172, -2.397232272924465 ], [ -70.639312074754699, -2.409222365563412 ], [ -70.645233490723598, -2.410962862881968 ], [ -70.655595968669189, -2.409995919927215 ], [ -70.659851986396831, -2.407481868244855 ], [ -70.667253756357965, -2.398972770243022 ], [ -70.668919154599223, -2.392784335332597 ], [ -70.664663136871567, -2.382147962830306 ], [ -70.656336145665293, -2.368030595690901 ], [ -70.65522588017113, -2.360681829234772 ], [ -70.658186588155587, -2.351012399687235 ], [ -70.674285437821041, -2.340376027184943 ], [ -70.683352606023419, -2.339602472821141 ], [ -70.697415968949571, -2.335734701002125 ], [ -70.71684561509754, -2.332447094955962 ], [ -70.725542694801874, -2.329739654682652 ], [ -70.741086411720246, -2.32161733386272 ], [ -70.746822783440123, -2.314075178815641 ], [ -70.754594641899317, -2.298023925766728 ], [ -70.762921633105577, -2.288741273401092 ], [ -70.772173845556992, -2.286227221718732 ], [ -70.788457739471482, -2.2906751593106 ], [ -70.803631367891811, -2.292802433811058 ], [ -70.819175084810183, -2.29338259958391 ], [ -70.828242253012561, -2.291448713674403 ], [ -70.834903845977578, -2.288354496219191 ], [ -70.841935527440654, -2.278298289489752 ], [ -70.850262518646929, -2.24967677802904 ], [ -70.855258713370688, -2.235752799480585 ], [ -70.864140837324044, -2.227050312887802 ], [ -70.874503315269635, -2.222215598114033 ], [ -70.881349952483674, -2.220861877977378 ], [ -70.888751722444809, -2.222022209523082 ], [ -70.899299244639423, -2.237106519617241 ], [ -70.911142076577235, -2.243294954527665 ], [ -70.919839156281569, -2.245809006210025 ], [ -70.927981103238807, -2.245422229028123 ], [ -70.93760340418828, -2.240200737072453 ], [ -70.942969687410098, -2.234979245116783 ], [ -70.951296678616373, -2.216607328976461 ], [ -70.95980871407167, -2.207904842383677 ], [ -70.967765616779886, -2.205584179292268 ], [ -70.987010218678819, -2.204230459155613 ], [ -70.992931634647732, -2.205197402110367 ], [ -71.002183847099147, -2.220668489386427 ], [ -71.003849245340405, -2.227823867251605 ], [ -71.002183847099147, -2.233238747798226 ], [ -70.993116678896754, -2.247356114937631 ], [ -70.988675616920077, -2.257992487439922 ], [ -70.983309333698259, -2.266694974032706 ], [ -70.977572961978382, -2.285260278763979 ], [ -70.978683227472558, -2.29086854790155 ], [ -70.985714908935634, -2.297637148584827 ], [ -70.993486767394813, -2.297637148584827 ], [ -71.007920218819024, -2.284873501582077 ], [ -71.02050322775294, -2.271142911624573 ], [ -71.027534909216016, -2.268048694169361 ], [ -71.046224378367867, -2.263987533759396 ], [ -71.051775705838722, -2.263600756577494 ], [ -71.065098891768756, -2.266501585441755 ], [ -71.073610927224053, -2.269402414306017 ], [ -71.078051989200731, -2.273656963306934 ], [ -71.099702166337039, -2.278685066671653 ], [ -71.104328272562753, -2.282359449899717 ], [ -71.118021546990846, -2.284486724400176 ], [ -71.126163493948084, -2.29338259958391 ], [ -71.128013936438379, -2.300344588858137 ], [ -71.118021546990846, -2.316589230498001 ], [ -71.113025352267087, -2.329739654682652 ], [ -71.114875794757367, -2.336121478184027 ], [ -71.118946768235986, -2.340182638593992 ], [ -71.126163493948084, -2.340569415775894 ], [ -71.132454998415056, -2.336121478184027 ], [ -71.146333317092171, -2.337281809729731 ], [ -71.151884644563026, -2.341729747321598 ], [ -71.157065883535807, -2.367450429918049 ], [ -71.158916326026088, -2.371318201737064 ], [ -71.164837741995001, -2.375766139328931 ], [ -71.174460042944474, -2.374412419192276 ], [ -71.185932786384228, -2.368223984281852 ], [ -71.190928981107987, -2.363776046689985 ], [ -71.202956857294822, -2.346951239277269 ], [ -71.213319335240413, -2.340956192957796 ], [ -71.220165972454453, -2.341729747321598 ], [ -71.236449866368943, -2.34985206814153 ], [ -71.244406769077159, -2.348885125186777 ], [ -71.264206503723187, -2.337861975502584 ], [ -71.270683052439182, -2.337281809729731 ], [ -71.28437632686726, -2.338635529866386 ], [ -71.291778096828395, -2.347724793641072 ], [ -71.294553760563815, -2.358747943325265 ], [ -71.29825464554439, -2.368610761463754 ], [ -71.305101282758429, -2.376346305101784 ], [ -71.330082256377253, -2.375959527919882 ], [ -71.341554999817006, -2.379247133966045 ], [ -71.348401637031046, -2.383308294376011 ], [ -71.366350929186794, -2.398199215879218 ], [ -71.374862964642091, -2.397812438697317 ], [ -71.380969424860027, -2.395104998424006 ], [ -71.383560044346424, -2.391430615195942 ], [ -71.385965619583786, -2.380987631284602 ], [ -71.376528362883349, -2.35488017150625 ], [ -71.37615827438529, -2.346564462095367 ], [ -71.391331902805604, -2.330706597637406 ], [ -71.405765354229814, -2.311754515724232 ], [ -71.411316681700669, -2.307693355314266 ], [ -71.420198805654024, -2.29086854790155 ], [ -71.428710841109321, -2.279845398217358 ], [ -71.441478894292274, -2.267081751214608 ], [ -71.449250752751453, -2.260506539122282 ], [ -71.455542257218426, -2.261086704895134 ], [ -71.470345797140681, -2.266501585441755 ], [ -71.476267213109594, -2.272496631761229 ], [ -71.478302699848896, -2.284099947218274 ], [ -71.474601814868336, -2.29841070294863 ], [ -71.467385089156238, -2.310594184178528 ], [ -71.462203850183442, -2.325678494272686 ], [ -71.4684953546504, -2.333607426501667 ], [ -71.475341991864454, -2.338248752684485 ], [ -71.483668983070714, -2.336508255365928 ], [ -71.493291284020188, -2.324518162726982 ], [ -71.496992169000748, -2.315815676134198 ], [ -71.5005080097323, -2.297637148584827 ], [ -71.499767832736183, -2.258766041803725 ], [ -71.498657567242006, -2.252770995484252 ], [ -71.500322965483264, -2.244648674664321 ], [ -71.507539691195362, -2.238460239753896 ], [ -71.522158186868609, -2.239040405526748 ], [ -71.541402788767542, -2.231304861888718 ], [ -71.548249425981595, -2.231304861888718 ], [ -71.559907213670371, -2.22917758738826 ], [ -71.564348275647049, -2.226276758523999 ], [ -71.573045355351383, -2.225309815569245 ], [ -71.592289957250316, -2.216413940385511 ], [ -71.606353320176467, -2.204617236337514 ], [ -71.617826063616221, -2.19591474974473 ], [ -71.628373585810834, -2.19069325778906 ], [ -71.648728453203944, -2.193013920880469 ], [ -71.662421727632037, -2.196494915517583 ], [ -71.685367214511544, -2.212739557157446 ], [ -71.687772789748905, -2.215640386021708 ], [ -71.6988754446906, -2.217961049113117 ], [ -71.706832347398816, -2.214286665885052 ], [ -71.714604205858009, -2.207904842383677 ], [ -71.716454648348289, -2.202103184655154 ], [ -71.714419161608987, -2.192240366516666 ], [ -71.704796860659513, -2.160911414782644 ], [ -71.705537037655631, -2.150081653689402 ], [ -71.708497745640074, -2.13693122950475 ], [ -71.717194825344407, -2.12900229727577 ], [ -71.721450843072063, -2.128422131502917 ], [ -71.730703055523463, -2.13170973754908 ], [ -71.740140312223915, -2.143506441597076 ], [ -71.741805710465172, -2.15472297987222 ], [ -71.751428011414632, -2.164392409419758 ], [ -71.762160577858282, -2.168840347011625 ], [ -71.771042701811638, -2.170774232921132 ], [ -71.776223940784419, -2.174061838967295 ], [ -71.79435827718919, -2.195141195380927 ], [ -71.798059162169764, -2.195141195380927 ], [ -71.813232790590078, -2.185278377242439 ], [ -71.82229995879247, -2.187018874560996 ], [ -71.82729615351623, -2.197848635654238 ], [ -71.828591463259428, -2.207904842383677 ], [ -71.841544560691403, -2.237880073981044 ], [ -71.851907038636995, -2.278685066671653 ], [ -71.860974206839373, -2.300344588858137 ], [ -71.868746065298566, -2.307113189541414 ], [ -71.875777746761642, -2.309433852632823 ], [ -71.882439339726659, -2.309047075450922 ], [ -71.889285976940698, -2.313495013042789 ], [ -71.900018543384334, -2.313495013042789 ], [ -71.91593234880078, -2.309627241223773 ], [ -71.919078101034259, -2.311561127133281 ], [ -71.921298632022598, -2.318523116407508 ], [ -71.919078101034259, -2.327225603000292 ], [ -71.90334933986685, -2.35739422318861 ], [ -71.901868985874628, -2.364742989644738 ], [ -71.907235269096446, -2.373445476237523 ], [ -71.913896862061463, -2.374799196374178 ], [ -71.918337924038141, -2.37035125878231 ], [ -71.925554649750239, -2.357007446006708 ], [ -71.933511552458455, -2.352172731232939 ], [ -71.950165534871005, -2.35758761177956 ], [ -71.961823322559781, -2.363195880917132 ], [ -71.973481110248571, -2.365516544008541 ], [ -71.983843588194148, -2.363776046689985 ], [ -71.996426597128078, -2.356040503051954 ], [ -72.000312526357675, -2.350819011096284 ], [ -72.020297305252726, -2.332640483546913 ], [ -72.031585004443443, -2.329739654682652 ], [ -72.035100845174981, -2.331093374819307 ], [ -72.042132526638056, -2.339989250003042 ], [ -72.04990438509725, -2.351979342641989 ], [ -72.065448102015623, -2.373252087646572 ], [ -72.079881553439833, -2.384855403103617 ], [ -72.090429075634432, -2.392010780968794 ], [ -72.10282704031934, -2.403807485016791 ], [ -72.109118544786298, -2.411929805836722 ], [ -72.114669872257139, -2.42159923538426 ], [ -72.115780137751315, -2.426047172976127 ], [ -72.114669872257139, -2.433589328023206 ], [ -72.117630580241595, -2.440164540115532 ], [ -72.116335270498396, -2.451574466981627 ], [ -72.120961376724097, -2.462597616665819 ], [ -72.125587482949811, -2.468399274394342 ], [ -72.135949960895402, -2.469366217349096 ], [ -72.142611553860405, -2.465498445530081 ], [ -72.14538721759584, -2.456602570346346 ], [ -72.143721819354582, -2.441131483070286 ], [ -72.146497483090002, -2.433976105205108 ], [ -72.155379607043358, -2.427207504521832 ], [ -72.162041200008389, -2.428367836067536 ], [ -72.176104562934526, -2.441711648843138 ], [ -72.184061465642742, -2.444419089116449 ], [ -72.192758545347075, -2.443645534752646 ], [ -72.206266775526146, -2.439971151524581 ], [ -72.221070315448401, -2.433009162250354 ], [ -72.232172970390096, -2.43455627097796 ], [ -72.240129873098311, -2.436876934069369 ], [ -72.241795271339569, -2.442871980388843 ], [ -72.238834563355113, -2.454088518663986 ], [ -72.242720492584709, -2.46008356498346 ], [ -72.247716687308468, -2.460663730756312 ], [ -72.257709076756001, -2.456602570346346 ], [ -72.262150138732679, -2.4575695133011 ], [ -72.273067749425351, -2.470913326076702 ], [ -72.279359253892309, -2.475941429441422 ], [ -72.284540492865105, -2.477681926759979 ], [ -72.2956431478068, -2.477101760987126 ], [ -72.310446687729055, -2.482129864351846 ], [ -72.326360493145486, -2.484063750261353 ], [ -72.341349077316778, -2.490252185171777 ], [ -72.345975183542492, -2.490445573762728 ], [ -72.353376953503613, -2.484643916034206 ], [ -72.364849696943367, -2.488898465035122 ], [ -72.371141201410339, -2.489091853626073 ], [ -72.378172882873415, -2.485030693216107 ], [ -72.381503679355916, -2.476714983805225 ], [ -72.378357927122437, -2.458149679073952 ], [ -72.381318635106894, -2.451187689799725 ], [ -72.38798022807191, -2.442871980388843 ], [ -72.397602529021384, -2.43436288238701 ], [ -72.409445360959182, -2.441324871661237 ], [ -72.423508723885334, -2.439197597160779 ], [ -72.438867396554684, -2.431462053522748 ], [ -72.453670936476939, -2.431462053522748 ], [ -72.466994122406987, -2.433202550841305 ], [ -72.485683591558839, -2.431462053522748 ], [ -72.495490936757335, -2.432235607886551 ], [ -72.498821733239851, -2.430881887749896 ], [ -72.518436423636842, -2.432815773659404 ], [ -72.529909167076596, -2.430881887749896 ], [ -72.546378105240109, -2.42933477902229 ], [ -72.558220937177921, -2.425660395794226 ], [ -72.561921822158482, -2.420245515247605 ], [ -72.574504831092412, -2.406901702472003 ], [ -72.586532707279247, -2.397232272924465 ], [ -72.59708022947386, -2.394911609833056 ], [ -72.618915450859191, -2.395685164196859 ], [ -72.627982619061584, -2.399166158833973 ], [ -72.628537751808665, -2.406128148108199 ], [ -72.624466778330046, -2.415217411882885 ], [ -72.624281734081023, -2.422179401157112 ], [ -72.626132176571303, -2.427787670294684 ], [ -72.664436336120147, -2.424693452839472 ], [ -72.664991468867242, -2.434943048159862 ], [ -72.667767132602663, -2.441711648843138 ], [ -72.677759522050195, -2.449447192481168 ], [ -72.679424920291439, -2.441324871661237 ], [ -72.688307044244794, -2.430108333386093 ], [ -72.687566867248691, -2.420245515247605 ], [ -72.712547840867501, -2.407675256835805 ], [ -72.732347575513529, -2.40129343333443 ], [ -72.732347575513529, -2.409609142745313 ], [ -72.735308283497986, -2.419858738065703 ], [ -72.739749345474664, -2.42411328706662 ], [ -72.749926779171219, -2.426433950158029 ], [ -72.756218283638177, -2.419278572292851 ], [ -72.757883681879434, -2.41134964006387 ], [ -72.758068726128457, -2.402066987698234 ], [ -72.763620053599311, -2.392204169559745 ], [ -72.778423593521566, -2.385242180285518 ], [ -72.78527023073562, -2.389109952104533 ], [ -72.798593416665653, -2.405547982335348 ], [ -72.805069965381648, -2.411156251472919 ], [ -72.811361469848606, -2.41405708033718 ], [ -72.821168815047102, -2.415217411882885 ], [ -72.831161204494634, -2.420438903838555 ], [ -72.843559169179528, -2.431075276340847 ], [ -72.850960939140649, -2.435329825341763 ], [ -72.861693505584299, -2.438230654206024 ], [ -72.874091470269192, -2.438230654206024 ], [ -72.891485629677845, -2.433202550841305 ], [ -72.899997665133142, -2.435716602523665 ], [ -72.917761913039868, -2.446739752207858 ], [ -72.926458992744188, -2.453314964300183 ], [ -72.932565452962123, -2.450027358254021 ], [ -72.937561647685882, -2.444612477707399 ], [ -72.935711205195602, -2.439971151524581 ], [ -72.926644036993224, -2.430881887749896 ], [ -72.922758107763627, -2.424500064248521 ], [ -72.923313240510709, -2.418118240747146 ], [ -72.928494479483504, -2.413476914564328 ], [ -72.934785983950462, -2.412316583018624 ], [ -72.945518550394098, -2.406901702472003 ], [ -72.950514745117871, -2.402260376289185 ], [ -72.954770762845513, -2.3935578896964 ], [ -72.957176338082888, -2.383695071557912 ], [ -72.958101559328028, -2.373445476237523 ], [ -72.968093948775561, -2.359521497689068 ], [ -72.970684568261944, -2.350432233914383 ], [ -72.970499524012922, -2.343083467458254 ], [ -72.972349966503202, -2.339215695639239 ], [ -72.980306869211418, -2.339022307048288 ], [ -72.984562886939074, -2.343276856049205 ], [ -72.992334745398253, -2.35488017150625 ], [ -73.002512179094808, -2.358554554734314 ], [ -73.007878462316626, -2.354106617142447 ], [ -73.017685807515136, -2.341923135912549 ], [ -73.021201648246674, -2.32413138554508 ], [ -73.026938019966551, -2.315428898952296 ], [ -73.035265011172811, -2.313301624451838 ], [ -73.040816338643666, -2.318136339225607 ], [ -73.044332179375203, -2.330319820455504 ], [ -73.043592002379086, -2.346564462095367 ], [ -73.044887312122285, -2.352559508414841 ], [ -73.049883506846058, -2.358941331916216 ], [ -73.055064745818839, -2.360488440643822 ], [ -73.063021648527055, -2.358554554734314 ], [ -73.066537489258593, -2.355073560097201 ], [ -73.070238374239167, -2.34463057618586 ], [ -73.069128108744991, -2.337281809729731 ], [ -73.065427223764431, -2.32935287750075 ], [ -73.066167400760534, -2.316976007679902 ], [ -73.074494391966809, -2.311561127133281 ], [ -73.083376515920165, -2.310787572769478 ], [ -73.087447489398798, -2.312914847269936 ], [ -73.098365100091456, -2.323357831181277 ], [ -73.113908817009843, -2.326452048636489 ], [ -73.124826427702502, -2.313301624451838 ], [ -73.122790940963199, -2.307886743905217 ], [ -73.116684480745263, -2.300731366040039 ], [ -73.114463949756924, -2.293769376765812 ], [ -73.120385365725824, -2.282359449899717 ], [ -73.12519651620056, -2.277137957944047 ], [ -73.138519702130594, -2.271142911624573 ], [ -73.152027932309664, -2.259346207576578 ], [ -73.158874569523704, -2.248903223665237 ], [ -73.164610941243581, -2.237299908208191 ], [ -73.168866958971236, -2.223375929659738 ], [ -73.172197755453737, -2.196688304108533 ], [ -73.170717401461516, -2.189919703425257 ], [ -73.167201560729978, -2.186825485970045 ], [ -73.158874569523704, -2.185665154424341 ], [ -73.146846693336869, -2.187599040333848 ], [ -73.139074834877675, -2.186438708788144 ], [ -73.133523507406835, -2.183731268514833 ], [ -73.128342268434039, -2.178122999377261 ], [ -73.123716162208339, -2.16768001546592 ], [ -73.121310586970964, -2.151435373826057 ], [ -73.114278905507888, -2.130356017412425 ], [ -73.111133153274409, -2.125327914047705 ], [ -73.097995011593412, -2.120106422092035 ], [ -73.084671825663364, -2.1112105469083 ], [ -73.075789701710008, -2.106762609316433 ], [ -73.07227386097847, -2.102701448906467 ], [ -73.069868285741109, -2.092451853586077 ], [ -73.070608462737226, -2.082975812629491 ], [ -73.074679436215845, -2.081622092492835 ], [ -73.087817577896843, -2.084522921357097 ], [ -73.086522268153658, -2.080074983765229 ], [ -73.086522268153658, -2.061703067624908 ], [ -73.093924038114778, -2.056481575669237 ], [ -73.10336129481523, -2.055708021305434 ], [ -73.095404392107014, -2.045265037394093 ], [ -73.093553949616719, -2.039656768256521 ], [ -73.094664215110896, -2.032114613209442 ], [ -73.102251029321053, -2.024765846753314 ], [ -73.112058374519549, -2.020511297752397 ], [ -73.121310586970964, -2.011808811159613 ], [ -73.123716162208339, -2.000205495702568 ], [ -73.122235808216104, -1.996144335292602 ], [ -73.123531117959303, -1.979899693652739 ], [ -73.116869524994286, -1.969456709741398 ], [ -73.113168640013726, -1.950698016419175 ], [ -73.112613507266644, -1.938901312371179 ], [ -73.114648994005947, -1.926911219732232 ], [ -73.118534923235543, -1.916855013002793 ], [ -73.116314392247205, -1.906412029091452 ], [ -73.107432268293849, -1.893454993497752 ], [ -73.108542533788011, -1.880304569313101 ], [ -73.11168828602149, -1.873149191447923 ], [ -73.120200321476801, -1.870828528356514 ], [ -73.128897401181121, -1.87256902567507 ], [ -73.141480410115051, -1.868314476674154 ], [ -73.139815011873793, -1.854583886716651 ], [ -73.139815011873793, -1.844721068578162 ], [ -73.142590675609213, -1.83389130748492 ], [ -73.146106516340751, -1.830410312847806 ], [ -73.144811206597552, -1.825575598074038 ], [ -73.145366339344648, -1.811071453752731 ], [ -73.146846693336869, -1.804689630251356 ], [ -73.150362534068407, -1.800821858432341 ], [ -73.157764304029541, -1.801982189978045 ], [ -73.169792180216376, -1.801982189978045 ], [ -73.17941448116585, -1.807590459115617 ], [ -73.184410675889609, -1.80836401347942 ], [ -73.187926516621147, -1.80584996179706 ], [ -73.192737667095884, -1.791345817475754 ], [ -73.197178729072562, -1.783030108064872 ], [ -73.203840322037578, -1.766592077834058 ], [ -73.211797224745794, -1.753248265058456 ], [ -73.216608375220531, -1.74918710464849 ], [ -73.221419525695268, -1.748413550284687 ], [ -73.230301649648624, -1.754601985195111 ], [ -73.231782003640845, -1.766785466425008 ], [ -73.229561472652506, -1.78264333088297 ], [ -73.229561472652506, -1.788831765793394 ], [ -73.233262357633066, -1.798887972522834 ], [ -73.237888463858781, -1.802949132932799 ], [ -73.247140676310195, -1.80584996179706 ], [ -73.256207844512574, -1.803529298705651 ], [ -73.256577933010632, -1.796760698022375 ], [ -73.247325720559218, -1.79269953761241 ], [ -73.243994924076716, -1.788638377202444 ], [ -73.244550056823797, -1.784577216792478 ], [ -73.249361207298534, -1.780516056382512 ], [ -73.255097579018411, -1.780322667791561 ], [ -73.268235720699423, -1.782063165110118 ], [ -73.274527225166381, -1.781869776519167 ], [ -73.287110234100297, -1.776068118790644 ], [ -73.298212889041992, -1.777035061745398 ], [ -73.303579172263824, -1.78012927920061 ], [ -73.308760411236605, -1.787478045656739 ], [ -73.308390322738546, -1.803529298705651 ], [ -73.303764216512846, -1.812425173889386 ], [ -73.305614659003126, -1.81861360879981 ], [ -73.304134305010905, -1.825962375255939 ], [ -73.314496782956482, -1.826929318210693 ], [ -73.322638729913734, -1.822868157800727 ], [ -73.32967041137681, -1.808170624888469 ], [ -73.334481561851547, -1.801402024205193 ], [ -73.351320588513119, -1.795987143658572 ], [ -73.361868110707718, -1.789992097339099 ], [ -73.370195101913993, -1.782836719473921 ], [ -73.379632358614444, -1.7774218389273 ], [ -73.391660234801279, -1.774521010063038 ], [ -73.397026518023097, -1.775874730199694 ], [ -73.409609526957027, -1.785930936929133 ], [ -73.424598111128319, -1.789798708748148 ], [ -73.429409261603041, -1.789798708748148 ], [ -73.433665279330697, -1.784577216792478 ], [ -73.435330677571955, -1.777035061745398 ], [ -73.435145633322918, -1.765431746288353 ], [ -73.437181120062235, -1.760403642923634 ], [ -73.450874394490327, -1.747446607329933 ], [ -73.457906075953403, -1.737197012009543 ], [ -73.462532182179103, -1.734489571736233 ], [ -73.469563863642179, -1.734682960327183 ], [ -73.478631031844571, -1.732362297235774 ], [ -73.487328111548891, -1.732362297235774 ], [ -73.501391474475042, -1.728881302598661 ], [ -73.510458642677435, -1.72095237036968 ], [ -73.521191209121071, -1.714957324050206 ], [ -73.533589173805964, -1.705868060275521 ], [ -73.538955457027782, -1.698712682410343 ], [ -73.538955457027782, -1.686722589771396 ], [ -73.535439616296244, -1.682081263588578 ], [ -73.518600589634673, -1.667577119267272 ], [ -73.508608200187155, -1.648431648763147 ], [ -73.509348377183258, -1.637215110488003 ], [ -73.508053067440059, -1.630639898395678 ], [ -73.503612005463381, -1.6234845205305 ], [ -73.493804660264885, -1.611881205073455 ], [ -73.472709615875658, -1.597957226525001 ], [ -73.463087314926199, -1.588094408386512 ], [ -73.457350943206322, -1.57726464729327 ], [ -73.458276164451462, -1.569335715064289 ], [ -73.4664181114087, -1.567595217745732 ], [ -73.473634837120812, -1.573203486883304 ], [ -73.478631031844571, -1.57475059561091 ], [ -73.487328111548891, -1.573010098292353 ], [ -73.481591739829014, -1.558699342561998 ], [ -73.482331916825132, -1.552124130469672 ], [ -73.484922536311529, -1.548643135832558 ], [ -73.478631031844571, -1.529884442510335 ], [ -73.478631031844571, -1.522535676054207 ], [ -73.48177678407805, -1.518861292826142 ], [ -73.48769820004695, -1.517700961280438 ], [ -73.494914925759062, -1.51054558341526 ], [ -73.493434571766826, -1.505904257232442 ], [ -73.488993509790149, -1.502229874004378 ], [ -73.485662713307647, -1.494300941775397 ], [ -73.487513155797927, -1.487338952501169 ], [ -73.490843952280429, -1.48231084913645 ], [ -73.501761562973101, -1.483664569273105 ], [ -73.510828731175494, -1.48231084913645 ], [ -73.51563988165023, -1.47979679745409 ], [ -73.528407934833169, -1.465486041723735 ], [ -73.530628465821508, -1.45659016654 ], [ -73.530813510070544, -1.442279410809644 ], [ -73.532478908311802, -1.435897587308269 ], [ -73.540250766770981, -1.430676095352599 ], [ -73.552093598708794, -1.429128986624993 ], [ -73.555239350942273, -1.416558728213194 ], [ -73.552648731455875, -1.413657899348932 ], [ -73.550428200467536, -1.402441361073789 ], [ -73.553388908451993, -1.393545485890054 ], [ -73.560790678413127, -1.379234730159698 ], [ -73.568192448374248, -1.369952077794062 ], [ -73.577814749323721, -1.360476036837475 ], [ -73.579480147564979, -1.3411371777424 ], [ -73.577814749323721, -1.33591568578673 ], [ -73.568747581121343, -1.326246256239192 ], [ -73.568932625370365, -1.322571873011127 ], [ -73.574854041339279, -1.319090878374014 ], [ -73.580405368810119, -1.321604930056374 ], [ -73.588917404265416, -1.327793364966798 ], [ -73.595949085728492, -1.328953696512502 ], [ -73.607421829168246, -1.322378484420177 ], [ -73.611307758397842, -1.318317324010211 ], [ -73.61482359912938, -1.306907397144117 ], [ -73.6175992628648, -1.287761926639992 ], [ -73.617784307113837, -1.272097450772981 ], [ -73.61944970535508, -1.262621409816394 ], [ -73.622225369090515, -1.260494135315936 ], [ -73.629442094802613, -1.266875958817311 ], [ -73.639064395752087, -1.268809844726818 ], [ -73.645355900219045, -1.267456124590163 ], [ -73.652757670180179, -1.263588352771148 ], [ -73.665155634865073, -1.247730488313186 ], [ -73.67551811281065, -1.240768499038959 ], [ -73.682919882771785, -1.239608167493254 ], [ -73.690691741230978, -1.244636270857974 ], [ -73.699943953682393, -1.252758591677905 ], [ -73.707900856390609, -1.253725534632659 ], [ -73.716597936094928, -1.252371814496004 ], [ -73.728810856530799, -1.248504042676989 ], [ -73.738988290227354, -1.239994944675156 ], [ -73.741578909713752, -1.232066012446175 ], [ -73.741393865464715, -1.22317013726244 ], [ -73.743799440702091, -1.216014759397262 ], [ -73.744354573449172, -1.208279215759232 ], [ -73.743059263705973, -1.200930449303104 ], [ -73.746760148686548, -1.199770117757399 ], [ -73.753421741651565, -1.205958552667823 ], [ -73.752681564655447, -1.220462696989129 ], [ -73.753051653153506, -1.235160229901387 ], [ -73.760268378865604, -1.250244539995546 ], [ -73.762858998352002, -1.257399917860723 ], [ -73.766744927581598, -1.260687523906886 ], [ -73.779142892266492, -1.260107358134034 ], [ -73.784139086990251, -1.256239586315019 ], [ -73.780993334756772, -1.248117265495087 ], [ -73.784324131239288, -1.241542053402762 ], [ -73.789690414461106, -1.239994944675156 ], [ -73.796537051675145, -1.247343711131284 ], [ -73.801348202149882, -1.249664374222693 ], [ -73.811525635846436, -1.249084208449841 ], [ -73.82022271555077, -1.240188333266107 ], [ -73.824663777527448, -1.237094115810895 ], [ -73.842242981185137, -1.23593378426519 ], [ -73.855381122866135, -1.232839566809978 ], [ -73.862967937076291, -1.228971794990963 ], [ -73.868149176049087, -1.220849474171031 ], [ -73.867779087551028, -1.210599878850641 ], [ -73.870184662788404, -1.200350283530251 ], [ -73.874255636267023, -1.194355237210778 ], [ -73.890169441683454, -1.178303984161865 ], [ -73.895905813403331, -1.16921472038718 ], [ -73.89720112314653, -1.164380005613411 ], [ -73.897016078897508, -1.149875861292105 ], [ -73.900346875380009, -1.14097998610837 ], [ -73.903122539115429, -1.129570059242275 ], [ -73.909043955084343, -1.120674184058541 ], [ -73.914410238306161, -1.118160132376181 ], [ -73.925512893247856, -1.1231882357409 ], [ -73.93198944196385, -1.130343613606078 ], [ -73.936060415442469, -1.132470888106537 ], [ -73.948643424376385, -1.133824608243192 ], [ -73.960116167816139, -1.130537002197029 ], [ -73.962151654555456, -1.12821633910562 ], [ -73.957155459831696, -1.116613023648575 ], [ -73.960116167816139, -1.108103925646742 ], [ -73.953639619100159, -1.101722102145367 ], [ -73.952714397855019, -1.093213004143534 ], [ -73.958080681076837, -1.084703906141701 ], [ -73.966222628034075, -1.08451051755075 ], [ -73.972699176750069, -1.089925398097371 ], [ -73.976585105979666, -1.102689045100121 ], [ -73.985282185683985, -1.108103925646742 ], [ -73.99731006187082, -1.104042765236776 ], [ -74.00619218582419, -1.09746755314445 ], [ -74.012298646042112, -1.08973200950642 ], [ -74.017479885014907, -1.078322082640326 ], [ -74.019145283256165, -1.062077441000462 ], [ -74.023216256734784, -1.050667514134368 ], [ -74.021735902742563, -1.036936924176865 ], [ -74.015074309777546, -1.02301294562841 ], [ -74.01488926552851, -1.014503847626577 ], [ -74.018405106260047, -1.007928635534252 ], [ -74.025066699225064, -1.003287309351433 ], [ -74.031728292190081, -1.005221195260941 ], [ -74.035799265668714, -1.01005591003471 ], [ -74.037649708158995, -1.022239391264607 ], [ -74.036169354166759, -1.031522043630243 ], [ -74.051157938338051, -1.049313793997713 ], [ -74.060595195038502, -1.053374954407678 ], [ -74.072067938478256, -1.05124767990722 ], [ -74.08724156689857, -1.044865856405846 ], [ -74.093348027116505, -1.04351213626919 ], [ -74.107966522789738, -1.036936924176865 ], [ -74.115368292750873, -1.03577659263116 ], [ -74.126285903443531, -1.03074848926644 ], [ -74.133317584906607, -1.029394769129785 ], [ -74.138683868128425, -1.026493940265524 ], [ -74.150341655817215, -1.016050956354183 ], [ -74.165515284237529, -1.007735246943301 ], [ -74.175322629436025, -1.005801361033793 ], [ -74.183649620642299, -1.008702189898055 ], [ -74.192901833093714, -1.008508801307104 ], [ -74.204929709280549, -1.010442687216611 ], [ -74.219178116455737, -1.009282355670907 ], [ -74.227875196160056, -1.005414583851892 ], [ -74.25378139102402, -0.988783165030127 ], [ -74.270990506183651, -0.979693901255442 ], [ -74.265809267210855, -0.975439352254525 ], [ -74.263588736222516, -0.970024471707904 ], [ -74.270805461934614, -0.95377983006804 ], [ -74.264143868969597, -0.94585089783906 ], [ -74.264143868969597, -0.94082279447434 ], [ -74.273396081421012, -0.929219479017295 ], [ -74.275616612409351, -0.923997987061624 ], [ -74.275616612409351, -0.912974837377432 ], [ -74.278577320393808, -0.905819459512254 ], [ -74.285423957607847, -0.898277304465174 ], [ -74.294861214308298, -0.894022755464257 ], [ -74.303743338261654, -0.892282258145701 ], [ -74.310960063973752, -0.894216144055208 ], [ -74.315031037452371, -0.893249201100454 ], [ -74.321692630417402, -0.88686737759908 ], [ -74.322062718915447, -0.875650839323936 ], [ -74.317991745436828, -0.868688850049709 ], [ -74.313735727709172, -0.865594632594497 ], [ -74.305778825000971, -0.863660746684989 ], [ -74.300042453281094, -0.864047523866891 ], [ -74.293935993063158, -0.866948352731152 ], [ -74.279872630137007, -0.879325222552001 ], [ -74.271915727428791, -0.877778113824395 ], [ -74.267844753950172, -0.868495461458758 ], [ -74.272655904424909, -0.856505368819811 ], [ -74.272655904424909, -0.849349990954634 ], [ -74.27043537343657, -0.842388001680407 ], [ -74.261923337981258, -0.832331794950967 ], [ -74.248785196300261, -0.822468976812479 ], [ -74.247489886557062, -0.817054096265858 ], [ -74.2510057272886, -0.814153267401597 ], [ -74.25655705475944, -0.813766490219695 ], [ -74.276726877903528, -0.825176417085789 ], [ -74.282463249623405, -0.825563194267691 ], [ -74.289309886837444, -0.820921868084873 ], [ -74.293565904565099, -0.814733433174449 ], [ -74.290050063833561, -0.805064003626911 ], [ -74.290790240829679, -0.795007796897472 ], [ -74.284683780611743, -0.786498698895639 ], [ -74.284683780611743, -0.778763155257609 ], [ -74.28949493108648, -0.773348274710987 ], [ -74.29726678954566, -0.773735051892889 ], [ -74.300967674526234, -0.777796212302855 ], [ -74.304668559506794, -0.787465641850392 ], [ -74.31170024096987, -0.79210696803321 ], [ -74.316511391444607, -0.791720190851309 ], [ -74.315031037452371, -0.777409435120953 ], [ -74.318731922432946, -0.772961497529086 ], [ -74.315031037452371, -0.764645788118203 ], [ -74.313920771958209, -0.757103633071124 ], [ -74.317621656938769, -0.752075529706405 ], [ -74.32705891363922, -0.751495363933552 ], [ -74.340567143818276, -0.757297021662075 ], [ -74.35018944476775, -0.75594330152542 ], [ -74.362032276705563, -0.743566431704572 ], [ -74.372209710402117, -0.736411053839393 ], [ -74.372579798900176, -0.73041600751992 ], [ -74.354075373997347, -0.725774681337102 ], [ -74.345008205794954, -0.715331697425762 ], [ -74.342047497810512, -0.709336651106288 ], [ -74.341307320814394, -0.700634164513504 ], [ -74.344082984549814, -0.692511843693572 ], [ -74.342417586308557, -0.685936631601247 ], [ -74.342417586308557, -0.678007699372266 ], [ -74.345933427040094, -0.672012653052793 ], [ -74.364807940440983, -0.664083720823812 ], [ -74.371284489156977, -0.659829171822895 ], [ -74.364437851942924, -0.643971307364933 ], [ -74.363882719195843, -0.639523369773066 ], [ -74.368508825421543, -0.627146499952218 ], [ -74.367768648425439, -0.619410956314188 ], [ -74.370729356409896, -0.611675412676158 ], [ -74.382387144098672, -0.602392760310521 ], [ -74.389788914059807, -0.592143164990131 ], [ -74.38867864856563, -0.580926626714988 ], [ -73.88369289296746, -0.430470302955301 ], [ -73.870184662788404, -0.427376085500089 ], [ -73.860192273340871, -0.437045515047627 ], [ -73.847609264406955, -0.442460395594248 ], [ -73.827994574009949, -0.443620727139953 ], [ -73.810785458850319, -0.440719898275691 ], [ -73.795796874679041, -0.435111629138119 ], [ -73.790430591457209, -0.429309971409597 ], [ -73.787099794974708, -0.418866987498256 ], [ -73.773776609044674, -0.413258718360684 ], [ -73.763969263846178, -0.410938055269275 ], [ -73.75064607791613, -0.410357889496423 ], [ -73.739728467223472, -0.419060376089207 ], [ -73.7334369627565, -0.420220707634912 ], [ -73.724184750305085, -0.433177743228612 ], [ -73.711416697122132, -0.440139732502839 ], [ -73.702349528919754, -0.444007504321854 ], [ -73.688471210242639, -0.441880229821396 ], [ -73.678108732297048, -0.444781058685657 ], [ -73.678108732297048, -0.452903379505589 ], [ -73.680329263285387, -0.462766197644077 ], [ -73.679218997791224, -0.475916621828728 ], [ -73.644615723222927, -0.468181078190698 ], [ -73.63425324527735, -0.466827358054043 ], [ -73.628516873557473, -0.469341409736403 ], [ -73.624445900078854, -0.478043896329187 ], [ -73.621670236343419, -0.494095149378099 ], [ -73.616859085868697, -0.500476972879474 ], [ -73.605941475176024, -0.510339791017963 ], [ -73.588177227269313, -0.519042277610747 ], [ -73.596134129977528, -0.52774476420353 ], [ -73.596134129977528, -0.544569571616246 ], [ -73.581145545806237, -0.543989405843394 ], [ -73.571338200607741, -0.531999313204447 ], [ -73.547652536732116, -0.551144783708572 ], [ -73.538585368529738, -0.555012555527587 ], [ -73.532848996809861, -0.55578610989139 ], [ -73.50213165147116, -0.555979498482341 ], [ -73.488808465541126, -0.555399332709488 ], [ -73.476225456607196, -0.551918338072375 ], [ -73.462347137930081, -0.549791063571917 ], [ -73.454390235221865, -0.546890234707655 ], [ -73.435885810319036, -0.555592721300439 ], [ -73.416271119922044, -0.557333218618996 ], [ -73.38758926132266, -0.544762960207197 ], [ -73.385183686085284, -0.544762960207197 ], [ -73.366124128435374, -0.552305115254276 ], [ -73.332631119361253, -0.567582813939385 ], [ -73.320603243174418, -0.571063808576499 ], [ -73.30746510149342, -0.572804305895056 ], [ -73.294141915563372, -0.582280346851643 ], [ -73.284334570364877, -0.598911765673408 ], [ -73.277858021648882, -0.607034086493339 ], [ -73.275637490660543, -0.613996075767567 ], [ -73.254357402022293, -0.625019225451759 ], [ -73.253062092279094, -0.637202706681657 ], [ -73.240479083345178, -0.645325027501589 ], [ -73.231226870893764, -0.652867182548668 ], [ -73.223084923936511, -0.657508508731486 ], [ -73.207541207018139, -0.656928342958634 ], [ -73.197733861819643, -0.649579576502505 ], [ -73.189036782115323, -0.644938250319687 ], [ -73.163870764247463, -0.635848986545002 ], [ -73.144256073850471, -0.634882043590248 ], [ -73.135003861399056, -0.638943204000214 ], [ -73.126861914441818, -0.644164695955884 ], [ -73.117054569243322, -0.64822585636585 ], [ -73.105026693056473, -0.64822585636585 ], [ -73.093368905367697, -0.642424198637327 ], [ -73.092258639873535, -0.624632448269858 ], [ -73.092258639873535, -0.601425817355767 ], [ -73.088372710643938, -0.595237382445343 ], [ -73.078565365445428, -0.584214232761151 ], [ -73.074494391966809, -0.575511746168367 ], [ -73.069313152994027, -0.558880327346602 ], [ -73.060616073289694, -0.553658835390932 ], [ -73.031194037694192, -0.553852223981882 ], [ -73.015650320775819, -0.555592721300439 ], [ -72.998441205616189, -0.564295207893223 ], [ -72.987338550674494, -0.579379517987382 ], [ -72.976976072728917, -0.586341507261609 ], [ -72.963282798300824, -0.616510127449927 ], [ -72.957916515079006, -0.632174603316937 ], [ -72.951069877864953, -0.645905193274441 ], [ -72.93552616094658, -0.645905193274441 ], [ -72.922758107763627, -0.644358084546835 ], [ -72.913505895312213, -0.644358084546835 ], [ -72.898517311140921, -0.648419244956801 ], [ -72.882418461475467, -0.648032467774899 ], [ -72.85947297459596, -0.641650644273524 ], [ -72.851331027638707, -0.637202706681657 ], [ -72.834121912479077, -0.63024071740743 ], [ -72.823019257537382, -0.619410956314188 ], [ -72.817838018564601, -0.618250624768483 ], [ -72.809881115856371, -0.60722747508429 ], [ -72.803589611389413, -0.601039040173866 ], [ -72.795447664432174, -0.590015890489673 ], [ -72.783974920992421, -0.584987787124954 ], [ -72.771762000556549, -0.584987787124954 ], [ -72.767135894330849, -0.591949776399181 ], [ -72.76491536334251, -0.599298542855309 ], [ -72.73197748701547, -0.616896904631828 ], [ -72.725130849801431, -0.628500220088873 ], [ -72.716988902844179, -0.633721712044543 ], [ -72.710142265630139, -0.642424198637327 ], [ -72.65129819443915, -0.691158123556917 ], [ -72.643156247481897, -0.697539947058292 ], [ -72.612623946392233, -0.717845749108121 ], [ -72.590788725006902, -0.729449064565166 ], [ -72.580426247061311, -0.730029230338018 ], [ -72.571174034609896, -0.722100298109038 ], [ -72.567103061131277, -0.713397811516254 ], [ -72.555630317691524, -0.700827553104455 ], [ -72.540641733520232, -0.688063906101705 ], [ -72.534350229053274, -0.680134973872724 ], [ -72.526208282096036, -0.667371326869974 ], [ -72.511774830671825, -0.653060571139619 ], [ -72.504373060710691, -0.638556426818312 ], [ -72.495120848259276, -0.631787826135036 ], [ -72.490494742033576, -0.6225051737694 ], [ -72.483648104819522, -0.616703516040877 ], [ -72.480687396835066, -0.611675412676158 ], [ -72.451820493986659, -0.590209279080624 ], [ -72.443863591278443, -0.586341507261609 ], [ -72.432945980585771, -0.586341507261609 ], [ -72.431095538095491, -0.613996075767567 ], [ -72.427024564616872, -0.618637401950385 ], [ -72.420733060149914, -0.621538230814646 ], [ -72.411480847698499, -0.634301877817395 ], [ -72.401673502500003, -0.642424198637327 ], [ -72.399452971511664, -0.647645690592998 ], [ -72.387240051075793, -0.655381234231028 ], [ -72.381503679355916, -0.655381234231028 ], [ -72.373916865145759, -0.661763057732403 ], [ -72.360778723464747, -0.66872504700663 ], [ -72.33598279409496, -0.672206041643743 ], [ -72.309521466483915, -0.661376280550501 ], [ -72.289351643339842, -0.654027514094373 ], [ -72.261039873238502, -0.616510127449927 ], [ -72.249567129798749, -0.592336553581082 ], [ -72.244941023573048, -0.572610917304105 ], [ -72.237539253611914, -0.550177840753818 ], [ -72.227731908413418, -0.52774476420353 ], [ -72.212188191495045, -0.497769532606164 ], [ -72.200530403806269, -0.454450488233195 ], [ -72.192018368350958, -0.440139732502839 ], [ -72.163151465502551, -0.414225661315438 ], [ -72.150568456568635, -0.40204218008554 ], [ -72.137800403385683, -0.391792584765151 ], [ -72.124662261704671, -0.389471921673742 ], [ -72.110783943027542, -0.379222326353352 ], [ -72.076180668459259, -0.359690078667326 ], [ -72.073219960474802, -0.349247094755985 ], [ -72.075625535712177, -0.338997499435595 ], [ -72.076180668459259, -0.325653686659993 ], [ -72.0698891639923, -0.308248713474425 ], [ -72.057861287805466, -0.297418952381183 ], [ -72.046758632863771, -0.284655305378433 ], [ -72.028809340708023, -0.280594144968467 ], [ -72.008269429065876, -0.280207367786566 ], [ -71.964413942046178, -0.288523077197449 ], [ -71.948870225127806, -0.292584237607414 ], [ -71.934436773703595, -0.293744569153119 ], [ -71.917042614294942, -0.299739615472592 ], [ -71.890026153936816, -0.306121438973967 ], [ -71.855978012115614, -0.301093335609247 ], [ -71.832847480987084, -0.293164403380267 ], [ -71.813972967586196, -0.276339595967551 ], [ -71.801389958652265, -0.262609006010047 ], [ -71.77307818855094, -0.181965963583584 ], [ -71.762160577858282, -0.159919664215197 ], [ -71.754573763648125, -0.15315106353192 ], [ -71.73273854226278, -0.12723699234452 ], [ -71.710348188130354, -0.112732848023214 ], [ -71.690733497733362, -0.092040268791482 ], [ -71.664272170122317, -0.077729513061127 ], [ -71.644657479725325, -0.064579088876476 ], [ -71.627818453063753, -0.051428664691825 ], [ -71.622637214090958, -0.0322831941877 ], [ -71.611719603398285, -0.012750946501674 ], [ -71.579521904067363, 0.010262295821466 ], [ -71.571379957110125, 0.021285445505659 ], [ -71.563423054401909, 0.024573051551822 ], [ -71.552320399460214, 0.036756532781719 ], [ -71.541402788767542, 0.047006128102109 ], [ -71.532705709063208, 0.056868946240598 ], [ -71.521232965623454, 0.07524086238092 ], [ -71.508094823942457, 0.090131783884127 ], [ -71.504578983210919, 0.097673938931207 ], [ -71.497177213249785, 0.108116922842547 ], [ -71.493106239771166, 0.107536757069695 ], [ -71.48607455830809, 0.117979740981036 ], [ -71.48329889457267, 0.126488838982869 ], [ -71.476822345856675, 0.134611159802801 ], [ -71.482743761825574, 0.14737480680555 ], [ -71.48792500079837, 0.148535138351255 ], [ -71.494216505265328, 0.138672320212766 ], [ -71.495326770759505, 0.128809502074278 ], [ -71.511425620424959, 0.115659077889626 ], [ -71.517347036393872, 0.105216093978286 ], [ -71.524193673607911, 0.103088819477827 ], [ -71.544363496751998, 0.092645835566487 ], [ -71.555836240191752, 0.096126830203601 ], [ -71.552320399460214, 0.111791306070612 ], [ -71.546028894993242, 0.128422724892376 ], [ -71.547879337483536, 0.140026040349421 ], [ -71.55935208092329, 0.145827698077944 ], [ -71.580077036814458, 0.14486075512319 ], [ -71.600246859958531, 0.141959926258929 ], [ -71.602652435195907, 0.143700423577486 ], [ -71.593955355491573, 0.15240291017027 ], [ -71.589884382012954, 0.16284589408161 ], [ -71.580262081063481, 0.171354992083444 ], [ -71.58063216956154, 0.180057478676227 ], [ -71.602652435195907, 0.165746722945872 ], [ -71.615235444129823, 0.160525230990201 ], [ -71.62282225833998, 0.161685562535906 ], [ -71.634295001779734, 0.157817790716891 ], [ -71.650948984192283, 0.156077293398334 ], [ -71.647063054962686, 0.16535994576397 ], [ -71.638365975258353, 0.178703758539572 ], [ -71.630224028301114, 0.195915343134189 ], [ -71.636145444270028, 0.197655840452746 ], [ -71.648173320456863, 0.193014514269928 ], [ -71.65576013466702, 0.179864090085276 ], [ -71.666677745359692, 0.17812359276672 ], [ -71.67759535605235, 0.18334508472239 ], [ -71.683886860519323, 0.194368234406583 ], [ -71.704611816410477, 0.215254202229264 ], [ -71.728852613033183, 0.240201330461912 ], [ -71.734033852005979, 0.247743485508991 ], [ -71.735329161749178, 0.254512086192268 ], [ -71.722561108566225, 0.262054241239347 ], [ -71.722561108566225, 0.288161701017699 ], [ -71.732368453764721, 0.285260872153438 ], [ -71.745691639694755, 0.27327077951449 ], [ -71.755313940644228, 0.261667464057446 ], [ -71.760125091118965, 0.261667464057446 ], [ -71.768081993827181, 0.264568292921707 ], [ -71.768637126574262, 0.284293929198684 ], [ -71.769932436317461, 0.29357658156432 ], [ -71.779739781515957, 0.296477410428581 ], [ -71.788991993967372, 0.294156747337172 ], [ -71.794728365687249, 0.297637741974285 ], [ -71.798614294916845, 0.30634022856707 ], [ -71.80324040114256, 0.309821223204183 ], [ -71.802685268395464, 0.31678321247841 ], [ -71.785476153235834, 0.331093968208766 ], [ -71.794728365687249, 0.331674133981618 ], [ -71.808421640115341, 0.328966693708308 ], [ -71.819524295057036, 0.33476835143683 ], [ -71.825815799524008, 0.336508848755387 ], [ -71.824150401282751, 0.328966693708308 ], [ -71.815453321578417, 0.32432536752549 ], [ -71.817673852566756, 0.315042715159853 ], [ -71.822855091539552, 0.313302217841296 ], [ -71.833217569485129, 0.315042715159853 ], [ -71.859123764349093, 0.315236103750804 ], [ -71.856903233360754, 0.326839419207849 ], [ -71.849501463399619, 0.344051003802466 ], [ -71.858753675851034, 0.359135313896625 ], [ -71.858753675851034, 0.364356805852296 ], [ -71.848391197905457, 0.365903914579902 ], [ -71.839138985454042, 0.371125406535572 ], [ -71.853572436878238, 0.389110545493992 ], [ -71.867820844053426, 0.404775021361004 ], [ -71.899093322139208, 0.404388244179102 ], [ -71.916487481547861, 0.416571725408999 ], [ -71.931476065719153, 0.424694046228931 ], [ -71.923889251508996, 0.431656035503158 ], [ -71.925554649750239, 0.441325465050696 ], [ -71.933141463960396, 0.449061008688726 ], [ -71.945724472894327, 0.455442832190101 ], [ -71.94461420740015, 0.465885816101442 ], [ -71.930735888723035, 0.474975079876127 ], [ -71.929625623228873, 0.480776737604649 ], [ -71.945724472894327, 0.493540384607399 ], [ -71.945724472894327, 0.5194544557948 ], [ -71.949240313625864, 0.525256113523323 ], [ -71.958492526077279, 0.531637937024698 ], [ -71.959787835820478, 0.546722247118856 ], [ -71.968855004022856, 0.544981749800299 ], [ -71.97292597750149, 0.539760257844629 ], [ -71.969595181018974, 0.530670994069943 ], [ -71.960157924318537, 0.516166849748637 ], [ -71.960157924318537, 0.510945357792967 ], [ -71.968855004022856, 0.508624694701558 ], [ -71.976441818233013, 0.518487512840046 ], [ -71.992540667898481, 0.528350330978535 ], [ -72.002348013096977, 0.528930496751387 ], [ -72.009194650311031, 0.546335469936955 ], [ -72.014375889283812, 0.567608214941537 ], [ -72.014931022030908, 0.575730535761469 ], [ -72.011600225548392, 0.579791696171435 ], [ -72.001237747602815, 0.587914016991367 ], [ -71.997721906871277, 0.600677663994117 ], [ -72.007529252069773, 0.602998327085525 ], [ -72.011600225548392, 0.602418161312674 ], [ -72.01326562378965, 0.612861145224014 ], [ -72.012710491042569, 0.618469414361586 ], [ -72.01511606627993, 0.628332232500075 ], [ -72.01974217250563, 0.628332232500075 ], [ -72.02954951770414, 0.633553724455744 ], [ -72.042132526638056, 0.638968605002366 ], [ -72.038061553159437, 0.642256211048529 ], [ -72.024368278731345, 0.649798366095608 ], [ -72.005308721081434, 0.667009950690225 ], [ -71.9919855351514, 0.677452934601566 ], [ -71.977181995229131, 0.693504187650478 ], [ -71.959787835820478, 0.707234777607981 ], [ -71.936102171944853, 0.732568683022531 ], [ -71.925739693999276, 0.743011666933871 ], [ -71.898723233641149, 0.765444743484158 ], [ -71.8820692512286, 0.780335664987367 ], [ -71.869301198045648, 0.790778648898708 ], [ -71.857273321858813, 0.80682990194762 ], [ -71.846725799664199, 0.818239828813714 ], [ -71.835253056224445, 0.826362149633646 ], [ -71.813972967586196, 0.845894397319672 ], [ -71.811012259601739, 0.847054728865377 ], [ -71.802500224146442, 0.874129131598482 ], [ -71.79158261345377, 0.895982042375917 ], [ -71.775483763788316, 0.91976883906286 ], [ -71.764566153095643, 0.949550682069276 ], [ -71.745506595445733, 0.956512671343503 ], [ -71.731073144021522, 0.948390350523571 ], [ -71.714974294356068, 0.952838288115439 ], [ -71.695914736706158, 0.947036630386916 ], [ -71.692954028721701, 0.947036630386916 ], [ -71.675189780814989, 0.954578785433996 ], [ -71.667602966604832, 0.960187054571567 ], [ -71.644657479725325, 0.995383778124604 ], [ -71.637625798262249, 1.000411881489324 ], [ -71.624487656581238, 1.007373870763551 ], [ -71.607278541421607, 1.01472263721968 ], [ -71.601357125452708, 1.033868107723804 ], [ -71.589884382012954, 1.05069291513652 ], [ -71.587663851024615, 1.063263173548319 ], [ -71.595065620985736, 1.069644997049694 ], [ -71.591549780254212, 1.08646980446241 ], [ -71.589884382012954, 1.088016913190016 ], [ -71.575450930588744, 1.082215255461493 ], [ -71.561017479164548, 1.084535918552902 ], [ -71.55935208092329, 1.092658239372834 ], [ -71.569714558868867, 1.106582217921288 ], [ -71.573230399600405, 1.116445036059776 ], [ -71.568604293374705, 1.127854962925871 ], [ -71.562312788907732, 1.129595460244428 ], [ -71.553615709203413, 1.126694631380166 ], [ -71.547324204736441, 1.118572310560235 ], [ -71.543253231257822, 1.083375587007198 ], [ -71.536961726790864, 1.076993763505823 ], [ -71.516791903646777, 1.07389954605061 ], [ -71.507539691195362, 1.076800374914872 ], [ -71.50920508943662, 1.086663193053361 ], [ -71.518457301888034, 1.114317761559318 ], [ -71.525859071849169, 1.128241740107772 ], [ -71.525859071849169, 1.130562403199181 ], [ -71.533445886059326, 1.15841036029609 ], [ -71.543808364004917, 1.170593841525987 ], [ -71.553060576456318, 1.178522773754968 ], [ -71.551210133966038, 1.190126089212013 ], [ -71.553060576456318, 1.206370730851877 ], [ -71.558241815429113, 1.22783686444741 ], [ -71.554725974697575, 1.238279848358751 ], [ -71.546213939242278, 1.245048449042027 ], [ -71.543808364004917, 1.256651764499073 ], [ -71.53807199228504, 1.26632119404661 ], [ -71.532890753312245, 1.279665006822212 ], [ -71.533075797561267, 1.295136094098273 ], [ -71.53011508957681, 1.307899741101022 ], [ -71.520307744378314, 1.316022061920954 ], [ -71.519012434635115, 1.336134475379832 ], [ -71.515681638152614, 1.343676630426912 ], [ -71.505319160207023, 1.359727883475824 ], [ -71.499582788487146, 1.375392359342835 ], [ -71.497362257498807, 1.388156006345585 ], [ -71.496622080502704, 1.398405601665975 ], [ -71.497917390245902, 1.408848585577315 ], [ -71.494401549514365, 1.421032066807213 ], [ -71.486814735304193, 1.434375879582815 ], [ -71.484039071568773, 1.445205640676058 ], [ -71.473676593623196, 1.476921369591981 ], [ -71.4684953546504, 1.497033783050859 ], [ -71.457577743957728, 1.52546190592062 ], [ -71.45128623949077, 1.533584226740552 ], [ -71.428895885358344, 1.536871832786715 ], [ -71.422974469389445, 1.54364043346999 ], [ -71.418348363163744, 1.553503251608479 ], [ -71.411501725949691, 1.600883456391414 ], [ -71.406320486976895, 1.619835538304588 ], [ -71.403359778992453, 1.644202500764383 ], [ -71.399473849762856, 1.660833919586147 ], [ -71.397623407272576, 1.674177732361749 ], [ -71.39244216829978, 1.683460384727385 ], [ -71.386890840828926, 1.683460384727385 ], [ -71.372827477902788, 1.678625669953616 ], [ -71.360244468968858, 1.671083514906537 ], [ -71.355063229996063, 1.66412152563231 ], [ -71.342480221062146, 1.662961194086606 ], [ -71.327861725388914, 1.655419039039526 ], [ -71.308247034991922, 1.642075226263924 ], [ -71.300290132283692, 1.639174397399663 ], [ -71.291037919832291, 1.628731413488322 ], [ -71.284746415365319, 1.625830584624061 ], [ -71.274383937419742, 1.625057030260258 ], [ -71.26346632672707, 1.626797527578815 ], [ -71.255879512516913, 1.630858687988781 ], [ -71.236264822119921, 1.651551267220511 ], [ -71.229418184905867, 1.659673588040443 ], [ -71.205177388283161, 1.685587659227844 ], [ -71.19018880411187, 1.694096757229677 ], [ -71.175755352687673, 1.698157917639643 ], [ -71.156880839286785, 1.706667015641476 ], [ -71.113025352267087, 1.719237274053275 ], [ -71.092115352126882, 1.738769521739301 ], [ -71.080642608687128, 1.752693500287755 ], [ -71.072130573231831, 1.754240609015361 ], [ -71.059917652795974, 1.758301769425327 ], [ -71.043818803130506, 1.75656127210677 ], [ -71.035676856173268, 1.758108380834376 ], [ -71.023648979986433, 1.766230701654308 ], [ -70.99829791786955, 1.774739799656142 ], [ -70.989045705418135, 1.77938112583896 ], [ -70.972946855752681, 1.790210886932202 ], [ -70.953887298102771, 1.80007370507069 ], [ -70.942969687410098, 1.811483631936785 ], [ -70.92502039525435, 1.824053890348583 ], [ -70.918728890787392, 1.832176211168515 ], [ -70.896338536654966, 1.879363027360499 ], [ -70.888196589697728, 1.873174592450074 ], [ -70.883015350724932, 1.872981203859124 ], [ -70.860069863845425, 1.877622530041942 ], [ -70.841565438942595, 1.870467152176764 ], [ -70.824726412281024, 1.875108478359582 ], [ -70.806962164374312, 1.877815918632892 ], [ -70.778650394272987, 1.884197742134268 ], [ -70.767177650833233, 1.873174592450074 ], [ -70.755519863144457, 1.87472170117768 ], [ -70.753854464903199, 1.886325016634726 ], [ -70.732574376264949, 1.875882032723386 ], [ -70.7112942876267, 1.872207649495321 ], [ -70.702042075175285, 1.867759711903454 ], [ -70.670214464342422, 1.871627483722468 ], [ -70.645048446474576, 1.881296913270006 ], [ -70.630059862303284, 1.886325016634726 ], [ -70.620252517104788, 1.890966342817544 ], [ -70.603968623190298, 1.889225845498987 ], [ -70.586759508030667, 1.891933285772298 ], [ -70.554561808699745, 1.891933285772298 ], [ -70.537722782038173, 1.907984538821211 ], [ -70.531986410318297, 1.912045699231176 ], [ -70.521068799625624, 1.91301264218593 ], [ -70.512371719921305, 1.908951481775964 ], [ -70.506080215454332, 1.908371316003111 ], [ -70.468516232901592, 1.925582900597729 ], [ -70.466850834660335, 1.936025884509069 ], [ -70.468516232901592, 1.940087044919036 ], [ -70.457043489461839, 1.940667210691887 ], [ -70.440944639796385, 1.945115148283755 ], [ -70.438168976060965, 1.9567184637408 ], [ -70.430027029103712, 1.950336640239425 ], [ -70.428731719360513, 1.946855645602312 ], [ -70.421885082146474, 1.942020930828543 ], [ -70.397644285523768, 1.951883748967031 ], [ -70.379324904869961, 1.953430857694637 ], [ -70.371738090659804, 1.95923251542316 ], [ -70.359710214472969, 1.958072183877456 ], [ -70.352863577258915, 1.952270526148933 ], [ -70.338985258581801, 1.951690360376081 ], [ -70.323811630161487, 1.957298629513653 ], [ -70.313634196464932, 1.966001116106437 ], [ -70.298090479546559, 1.96948211074355 ], [ -70.294574638815021, 1.972769716789712 ], [ -70.299200745040721, 1.976830877199679 ], [ -70.28236171837915, 1.977411042972531 ], [ -70.272184284682595, 1.980892037609644 ], [ -70.257750833258385, 1.98243914633725 ], [ -70.223147558690101, 1.983599477882955 ], [ -70.213340213491605, 1.979344928882038 ], [ -70.209824372760067, 1.988047415474822 ], [ -70.190764815110157, 1.990948244339084 ], [ -70.188544284121818, 1.997136679249508 ], [ -70.174665965444689, 2.006419331615144 ], [ -70.158567115779235, 2.016088761162681 ], [ -70.144133664355024, 2.027111910846875 ], [ -70.127479681942475, 2.032720179984446 ], [ -70.116562071249817, 2.032720179984446 ], [ -70.126369416448313, 2.058247473989946 ], [ -70.122853575716775, 2.06965740085604 ], [ -70.110085522533822, 2.076039224357415 ], [ -70.095281982611567, 2.07990699617643 ], [ -70.068635610751485, 2.093637586133934 ], [ -70.06067870804327, 2.10292023849957 ], [ -70.056052601817569, 2.112202890865206 ], [ -70.05198162833895, 2.123612817731301 ], [ -70.031811805194863, 2.139277293598312 ], [ -70.005350477583818, 2.175440960106102 ], [ -70.010531716556613, 2.185303778244591 ], [ -70.023669858237625, 2.197487259474489 ], [ -70.01904375201191, 2.206769911840125 ], [ -70.009236406813415, 2.209670740704386 ], [ -69.997763663373661, 2.215279009841958 ], [ -70.017378353770653, 2.225141827980446 ], [ -70.041064017646278, 2.224755050798545 ], [ -70.038658442408916, 2.231717040072771 ], [ -70.047355522113236, 2.232297205845624 ], [ -70.045134991124897, 2.240419526665556 ], [ -70.045690123871978, 2.247961681712635 ], [ -70.065859947016065, 2.239839360892703 ], [ -70.078442955949981, 2.230169931345166 ], [ -70.09232127462711, 2.225528605162348 ], [ -70.112491097771198, 2.22108066757048 ], [ -70.13395623065847, 2.221660833343333 ], [ -70.150610213071019, 2.226882325299003 ], [ -70.155791452043815, 2.221274056161431 ], [ -70.157456850285058, 2.214312066887204 ], [ -70.164488531748134, 2.214312066887204 ], [ -70.163193222004935, 2.203288917203011 ], [ -70.173555699950526, 2.200968254111602 ], [ -70.186323753133479, 2.208510409158682 ], [ -70.194835788588776, 2.198840979611144 ], [ -70.204643133787272, 2.19768064806544 ], [ -70.226108266674558, 2.201355031293503 ], [ -70.24109685084585, 2.201935197066356 ], [ -70.238876319857511, 2.20812363197678 ], [ -70.237581010114312, 2.217406284342416 ], [ -70.261266673989923, 2.207156689022026 ], [ -70.275144992667052, 2.20541619170347 ], [ -70.288283134348049, 2.21083107225009 ], [ -70.29864561229364, 2.211991403795795 ], [ -70.299940922036839, 2.19806742524734 ], [ -70.288838267095144, 2.195746762155932 ], [ -70.293464373320845, 2.187044275563148 ], [ -70.313079063717851, 2.175634348697053 ], [ -70.322331276169251, 2.175634348697053 ], [ -70.325847116900789, 2.184336835289837 ], [ -70.337874993087638, 2.184917001062689 ], [ -70.342501099313338, 2.191492213155015 ], [ -70.343611364807515, 2.204062471566814 ], [ -70.358784993227829, 2.198260813838291 ], [ -70.386356586333036, 2.204255860157764 ], [ -70.389872427064574, 2.209477352113435 ], [ -70.397274197025709, 2.210057517886288 ], [ -70.396163931531532, 2.22340133066189 ], [ -70.408746940465463, 2.217599672933367 ], [ -70.427806498115373, 2.216052564205761 ], [ -70.43539331232553, 2.219533558842874 ], [ -70.444090392029864, 2.214312066887204 ], [ -70.451492161990998, 2.212571569568647 ], [ -70.465925613415195, 2.206963300431076 ], [ -70.465370480668113, 2.199421145383996 ], [ -70.471661985135071, 2.194199653428326 ], [ -70.48368986132192, 2.193039321882621 ], [ -70.491276675532077, 2.198840979611144 ], [ -70.499973755236397, 2.196520316519734 ], [ -70.506265259703369, 2.202321974248258 ], [ -70.498678445493198, 2.210444295068189 ], [ -70.501084020730573, 2.215085621251007 ], [ -70.50959605618587, 2.2261087709352 ], [ -70.50959605618587, 2.235971589073689 ], [ -70.525879950100361, 2.235391423300836 ], [ -70.538092870536232, 2.231910428663722 ], [ -70.550675879470148, 2.235004646118934 ], [ -70.567329861882698, 2.241386469620309 ], [ -70.582318446053989, 2.246027795803127 ], [ -70.609334906412116, 2.258211277033025 ], [ -70.62728419856785, 2.267687317989612 ], [ -70.639312074754699, 2.283351793856623 ], [ -70.644678357976517, 2.300176601269339 ], [ -70.65615110141627, 2.327831169775297 ], [ -70.665958446614766, 2.345816308733716 ], [ -70.676320924560343, 2.360900618827875 ], [ -70.687238535253016, 2.374631208785379 ], [ -70.690199243237473, 2.394356845062355 ], [ -70.698341190194711, 2.407700657837958 ], [ -70.706298092902927, 2.417563475976446 ], [ -70.726652960296036, 2.45179325657473 ], [ -70.747377916187205, 2.46223624048607 ], [ -70.75533481889542, 2.479641213671638 ], [ -70.761256234864334, 2.499753627130517 ], [ -70.772728978304087, 2.50323462176763 ], [ -70.800300571409295, 2.491824694901536 ], [ -70.81417889008641, 2.489504031810126 ], [ -70.839529952203293, 2.493758580811043 ], [ -70.844156058428993, 2.503041233176679 ], [ -70.838974819456212, 2.511163553996611 ], [ -70.849337297401789, 2.521026372135099 ], [ -70.856924111611946, 2.533016464774046 ], [ -70.859884819596402, 2.542299117139682 ], [ -70.501824197726691, 2.746517469183678 ], [ -70.516257649150887, 2.746517469183678 ], [ -70.526064994349383, 2.754059624230758 ], [ -70.541793755516792, 2.763535665187344 ], [ -70.563628976902123, 2.775719146417241 ], [ -70.601007915205841, 2.79834561155848 ], [ -70.611555437400455, 2.781134026963863 ], [ -70.613220835641712, 2.766629882642556 ], [ -70.615441366630051, 2.75734723027692 ], [ -70.625988888824665, 2.763148888005443 ], [ -70.632280393291623, 2.788096016238089 ], [ -70.640237295999839, 2.807821652515067 ], [ -70.659851986396831, 2.817104304880703 ], [ -70.665033225369626, 2.782487747100518 ], [ -70.65707632266141, 2.765662939687802 ], [ -70.655966057167234, 2.756380287322166 ], [ -70.665588358116707, 2.744970360456072 ], [ -70.68113207503508, 2.728725718816208 ], [ -70.698526234443747, 2.713834797313001 ], [ -70.713514818615039, 2.708033139584478 ], [ -70.719806323081997, 2.716735626177262 ], [ -70.722026854070336, 2.730659604725716 ], [ -70.722767031066454, 2.742843085955614 ], [ -70.734794907253288, 2.746324080592727 ], [ -70.768102872078373, 2.729305884589061 ], [ -70.805111721884032, 2.725824889951947 ], [ -70.802336058148612, 2.737428205408992 ], [ -70.78549703148704, 2.74187614300086 ], [ -70.782166235004524, 2.751738961139348 ], [ -70.827131987518399, 2.755413344367413 ], [ -70.850632607144988, 2.756186898731215 ], [ -70.86340066032794, 2.746324080592727 ], [ -70.865621191316279, 2.740522422864204 ], [ -70.878389244499232, 2.745163749047022 ], [ -70.864510925822103, 2.763729053778295 ], [ -70.859884819596402, 2.787902627647139 ], [ -70.874318271020599, 2.793704285375662 ], [ -70.88468074896619, 2.784034855828124 ], [ -70.888751722444809, 2.772431540371079 ], [ -70.888196589697728, 2.763148888005443 ], [ -70.899669333137481, 2.768370379961113 ], [ -70.905590749106381, 2.773591871916783 ], [ -70.912437386320434, 2.786935684692385 ], [ -70.921134466024768, 2.812462978697885 ], [ -70.935938005947023, 2.820585299517816 ], [ -70.944079952904261, 2.81130264715218 ], [ -70.944635085651356, 2.787709239056189 ], [ -70.941859421915922, 2.772044763189177 ], [ -70.937233315690222, 2.760441447732132 ], [ -70.949261191877056, 2.750191852411742 ], [ -70.955552696344014, 2.758314173231674 ], [ -70.957218094585272, 2.780747249781961 ], [ -70.952777032608594, 2.791770399466154 ], [ -70.96536004154251, 2.79583155987612 ], [ -71.000703493106926, 2.795444782694219 ], [ -71.021983581745175, 2.802986937741298 ], [ -71.027164820717957, 2.801246440422741 ], [ -71.040858095146049, 2.789256347783795 ], [ -71.05714198906054, 2.777653032326749 ], [ -71.060472785543055, 2.787515850465238 ], [ -71.059362520048879, 2.81130264715218 ], [ -71.057697121807621, 2.82677373442824 ], [ -71.070835263488632, 2.834896055248172 ], [ -71.095261104360361, 2.845532427750464 ], [ -71.097851723846759, 3.343314660857703 ], [ -71.086008891908961, 4.187262471766791 ], [ -71.079902431691025, 4.444856074913195 ], [ -71.074906236967252, 4.672474446462232 ], [ -71.085453759161865, 4.860254768275414 ], [ -71.085453759161865, 4.863155597139675 ], [ -71.063433493527498, 4.890036611281831 ], [ -71.039377741153828, 4.915950682469232 ], [ -71.03586190042229, 4.91827134556064 ], [ -71.023648979986433, 4.933935821427651 ], [ -71.01680234277238, 4.94650607983945 ], [ -71.012176236546679, 4.961590389933608 ], [ -71.006994997573884, 4.971839985253999 ], [ -71.001813758601088, 4.988084626893862 ], [ -70.999038094865668, 5.00316893698802 ], [ -70.989230749667172, 5.021540853128343 ], [ -70.987565351425914, 5.035464831676796 ], [ -70.980533669962838, 5.044554095451483 ], [ -70.971836590258505, 5.062539234409902 ], [ -70.963324554803208, 5.073368995503145 ], [ -70.954072342351793, 5.082651647868781 ], [ -70.943709864406202, 5.083038425050683 ], [ -70.921874643020871, 5.088259917006352 ], [ -70.912622430569456, 5.088840082779205 ], [ -70.895228271160804, 5.093288020371071 ], [ -70.867656678055596, 5.105278113010019 ], [ -70.851927916888187, 5.120362423104178 ], [ -70.84804198765859, 5.132932681515976 ], [ -70.835829067222718, 5.14917732315584 ], [ -70.820470394553382, 5.156526089611969 ], [ -70.803631367891811, 5.166388907750457 ], [ -70.769768270319631, 5.188628595709794 ], [ -70.752374110910978, 5.198491413848283 ], [ -70.739606057728025, 5.20816084339582 ], [ -70.726467916047014, 5.225565816581387 ], [ -70.713884907113084, 5.240456738084596 ], [ -70.697045880451512, 5.268111306590553 ], [ -70.694825349463173, 5.306208859007851 ], [ -70.692419774225812, 5.321873334874862 ], [ -70.683352606023419, 5.330962598649547 ], [ -70.669474287346304, 5.341212193969938 ], [ -70.650969862443475, 5.353975840972687 ], [ -70.633020570287727, 5.364225436293077 ], [ -70.6013780037039, 5.384337849751956 ], [ -70.595641631984023, 5.390719673253331 ], [ -70.577137207081194, 5.406770926302244 ], [ -70.563443932653101, 5.415473412895027 ], [ -70.547900215734728, 5.423402345124009 ], [ -70.535132162551776, 5.434425494808201 ], [ -70.523104286364941, 5.448156084765705 ], [ -70.509781100434907, 5.459179234449898 ], [ -70.501269064979596, 5.468268498224583 ], [ -70.485540303812201, 5.476970984817367 ], [ -70.43261764859011, 5.510233822460897 ], [ -70.4181841971659, 5.517582588917024 ], [ -70.401530214753365, 5.523384246645549 ], [ -70.391167736807773, 5.528605738601218 ], [ -70.362855966706448, 5.533633841965937 ], [ -70.324366762908568, 5.532860287602135 ], [ -70.296054992807242, 5.532666899011184 ], [ -70.276440302410251, 5.535567727875446 ], [ -70.255715346519082, 5.540015665467312 ], [ -70.239431452604592, 5.544656991650131 ], [ -70.221112071950785, 5.558387581607635 ], [ -70.205568355032412, 5.565349570881862 ], [ -70.188174195623759, 5.565736348063762 ], [ -70.141543044868627, 5.588169424614049 ], [ -70.128404903187629, 5.59841901993444 ], [ -70.125999327950254, 5.618144656211417 ], [ -70.116191982751758, 5.633615743487477 ], [ -70.10009313308629, 5.635356240806034 ], [ -70.088065256899455, 5.640384344170753 ], [ -70.050501274346715, 5.654114934128257 ], [ -70.048835876105471, 5.666298415358154 ], [ -70.052351716836995, 5.67770834222425 ], [ -70.047170477864213, 5.694533149636964 ], [ -70.037363132665718, 5.710004236913026 ], [ -70.01996897325705, 5.722187718142923 ], [ -70.003314990844501, 5.741139800056096 ], [ -69.998688884618801, 5.763186099424482 ], [ -69.97962932696889, 5.798189434386568 ], [ -69.971117291513593, 5.817721682072595 ], [ -69.954833397599103, 5.835706821031016 ], [ -69.942250388665173, 5.85755973180845 ], [ -69.938179415186553, 5.875931647948772 ], [ -69.930777645225419, 5.888695294951521 ], [ -69.922635698268181, 5.892176289588635 ], [ -69.906536848602713, 5.9088077084104 ], [ -69.891548264431435, 5.926792847368819 ], [ -69.882481096229043, 5.954834193056678 ], [ -69.875449414765967, 5.967017674286577 ], [ -69.853059060633541, 5.990611082382568 ], [ -69.847877821660759, 6.004921838112924 ], [ -69.846027379170479, 6.009176387113841 ], [ -69.820676317053596, 6.002021009248663 ], [ -69.805687732882305, 6.000280511930105 ], [ -69.783852511496974, 6.00878960993194 ], [ -69.77052932556694, 6.005308615294826 ], [ -69.738886758983099, 5.998153237429648 ], [ -69.712980564119135, 5.99119124815542 ], [ -69.695586404710482, 5.992931745473978 ], [ -69.679487555045029, 5.99331852265588 ], [ -69.6230490590914, 5.98848380788211 ], [ -69.60676516517691, 5.992544968292076 ], [ -69.590666315511456, 6.001634232066761 ], [ -69.563649855153329, 6.007242501204333 ], [ -69.541629589518962, 6.017685485115674 ], [ -69.521089677876816, 6.020392925388984 ], [ -69.489817199791048, 6.022520199889442 ], [ -69.480564987339633, 6.021940034116591 ], [ -69.470202509394042, 6.030642520709375 ], [ -69.457619500460126, 6.032963183800783 ], [ -69.451883128740249, 6.040311950256912 ], [ -69.451883128740249, 6.051335099941104 ], [ -69.44781215526163, 6.055976426123923 ], [ -69.442445872039798, 6.065839244262412 ], [ -69.442445872039798, 6.082857440266078 ], [ -69.436524456070899, 6.108191345680627 ], [ -69.436524456070899, 6.115153334954854 ], [ -69.408952862965691, 6.127530204775702 ], [ -69.385452243339088, 6.129464090685209 ], [ -69.38008596011727, 6.13236491954947 ], [ -69.372499145907113, 6.142227737687959 ], [ -69.366947818436273, 6.145708732325073 ], [ -69.347333128039267, 6.151703778644546 ], [ -69.33512020760341, 6.152864110190251 ], [ -69.323277375665597, 6.150350058507891 ], [ -69.314210207463205, 6.141647571915106 ], [ -69.30680843750207, 6.125402930275243 ], [ -69.296075871058434, 6.107804568498725 ], [ -69.282567640879378, 6.095234310086926 ], [ -69.277386401906583, 6.092526869813616 ], [ -69.259807198248893, 6.090206206722206 ], [ -69.242227994591204, 6.090786372495058 ], [ -69.222243215696153, 6.087111989266994 ], [ -69.215211534233077, 6.087305377857945 ], [ -69.201703304054021, 6.095040921495976 ], [ -69.190230560614268, 6.105677293998268 ], [ -69.175056932193939, 6.124242598729539 ], [ -69.168395339228923, 6.127530204775702 ], [ -69.153961887804712, 6.138940131641796 ], [ -69.137677993890236, 6.154797996099758 ], [ -69.130831356676183, 6.164467425647295 ], [ -69.112697020271412, 6.183226118969518 ], [ -69.092342152878302, 6.197923651881776 ], [ -69.080684365189526, 6.203725309610299 ], [ -69.069396665998795, 6.208173247202167 ], [ -69.051447373843061, 6.213007961975935 ], [ -69.036273745422733, 6.212427796203082 ], [ -69.028316842714517, 6.210107133111674 ], [ -69.01980480725922, 6.202758366655544 ], [ -69.012403037298085, 6.19869720624558 ], [ -69.001485426605427, 6.196956708927022 ], [ -68.985201532690937, 6.196763320336071 ], [ -68.976319408737581, 6.194829434426564 ], [ -68.961515868815312, 6.189414553879944 ], [ -68.945787107647902, 6.180325290105257 ], [ -68.932834010215927, 6.175490575331489 ], [ -68.915254806558238, 6.175490575331489 ], [ -68.889718700192347, 6.172396357876277 ], [ -68.866403124814781, 6.172009580694375 ], [ -68.861406930091022, 6.176070741104342 ], [ -68.847158522915834, 6.180712067287159 ], [ -68.840496929950817, 6.184773227697125 ], [ -68.835500735227058, 6.183806284742371 ], [ -68.829949407756203, 6.179164958559554 ], [ -68.823102770542164, 6.180131901514306 ], [ -68.812185159849491, 6.177231072650045 ], [ -68.804598345639334, 6.17316991224008 ], [ -68.787204186230682, 6.166594700147755 ], [ -68.777211796783149, 6.165627757193 ], [ -68.774251088798692, 6.166981477329657 ], [ -68.762963389607975, 6.166788088738706 ], [ -68.744088876207087, 6.16292031691969 ], [ -68.732616132767333, 6.159826099464478 ], [ -68.710040734385885, 6.151123612871693 ], [ -68.695422238712652, 6.141840960506057 ], [ -68.685614893514156, 6.137779800096093 ], [ -68.669330999599666, 6.133331862504225 ], [ -68.648976132206556, 6.132751696731372 ], [ -68.636208079023604, 6.133718639686126 ], [ -68.615483123132435, 6.140100463187501 ], [ -68.60438046819074, 6.149383115553137 ], [ -68.596793653980583, 6.158472379327822 ], [ -68.585690999038889, 6.166401311556804 ], [ -68.571072503365656, 6.166594700147755 ], [ -68.558489494431726, 6.162340151146838 ], [ -68.543500910260434, 6.159439322282577 ], [ -68.533138432314857, 6.161759985373985 ], [ -68.505196750711576, 6.176070741104342 ], [ -68.471703741637469, 6.187867445152337 ], [ -68.45597498047006, 6.190381496834696 ], [ -68.431734183847354, 6.187674056561386 ], [ -68.420076396158578, 6.187093890788534 ], [ -68.349759581527834, 6.166788088738706 ], [ -68.314601174212456, 6.168721974648212 ], [ -68.304053652017842, 6.170269083375818 ], [ -68.293506129823243, 6.173363300831031 ], [ -68.27093073144178, 6.182065787423815 ], [ -68.230220996655561, 6.19656993174512 ], [ -68.217637987721645, 6.202564978064594 ], [ -68.199318607067838, 6.204692252565053 ], [ -68.180999226414045, 6.211267464657379 ], [ -68.161199491768016, 6.219776562659211 ], [ -68.144545509355467, 6.223837723069177 ], [ -68.124930818958475, 6.223450945887276 ], [ -68.109387102040102, 6.219776562659211 ], [ -68.075524004467923, 6.213201350566885 ], [ -68.057389668063152, 6.211847630430231 ], [ -68.042216039642838, 6.205659195519805 ], [ -68.025562057230289, 6.207399692838363 ], [ -68.015014535035675, 6.206239361292658 ], [ -67.998545596872162, 6.207206304247412 ], [ -67.992994269401308, 6.20933357874787 ], [ -67.969493649774719, 6.211074076066428 ], [ -67.967088074537358, 6.21204101902118 ], [ -67.942477189416593, 6.228092272070095 ], [ -67.92693347249822, 6.232733598252912 ], [ -67.918976569790004, 6.241242696254744 ], [ -67.897696481151755, 6.259614612395067 ], [ -67.890109666941598, 6.266769990260244 ], [ -67.883263029727544, 6.271217927852112 ], [ -67.860317542848037, 6.291523729901941 ], [ -67.851250374645659, 6.297712164812365 ], [ -67.841628073696185, 6.301966713813282 ], [ -67.819792852310854, 6.297712164812365 ], [ -67.808505153120123, 6.296745221857611 ], [ -67.790925949462434, 6.29655183326666 ], [ -67.780563471516857, 6.292877450038596 ], [ -67.757803028886372, 6.289009678219582 ], [ -67.734302409259783, 6.286689015128172 ], [ -67.724865152559346, 6.28359479767296 ], [ -67.715612940107931, 6.284174963445812 ], [ -67.685265683267289, 6.283981574854861 ], [ -67.669351877850858, 6.2810807459906 ], [ -67.656953913165964, 6.279727025853944 ], [ -67.643260638737871, 6.281660911763453 ], [ -67.634193470535479, 6.280500580217748 ], [ -67.619389930613224, 6.272378259397817 ], [ -67.604586390690969, 6.267543544624047 ], [ -67.577199841834783, 6.260388166758869 ], [ -67.565912142644052, 6.254586509030347 ], [ -67.551478691219842, 6.249171628483726 ], [ -67.522241699873376, 6.225191443205832 ], [ -67.502997097974443, 6.214748459294492 ], [ -67.475980637616317, 6.194636045835614 ], [ -67.471354531390602, 6.185353393469978 ], [ -67.470984442892544, 6.179938512923355 ], [ -67.478941345600759, 6.172009580694375 ], [ -67.489488867795373, 6.156151716236414 ], [ -67.493189752775933, 6.137973188687043 ], [ -67.49337479702497, 6.125983096048095 ], [ -67.485047805818695, 6.108191345680627 ], [ -67.483012319079378, 6.100455802042596 ], [ -67.485047805818695, 6.090592983904108 ], [ -67.480976832340076, 6.082083885902275 ], [ -67.472649841133801, 6.071834290581885 ], [ -67.457291168464451, 6.055976426123923 ], [ -67.451924885242633, 6.054816094578218 ], [ -67.442302584293159, 6.04998137980445 ], [ -67.433050371841745, 6.041085504620716 ], [ -67.427684088619927, 6.028708634799868 ], [ -67.42102249565491, 6.005888781067679 ], [ -67.421762672651028, 6.001440843475811 ], [ -67.426388778876728, 5.992738356883027 ], [ -67.445263292277616, 5.969531725968936 ], [ -67.45673603571737, 5.95754163332999 ], [ -67.464322849927527, 5.947485426600551 ], [ -67.478016124355619, 5.935108556779703 ], [ -67.488748690799255, 5.926212681595967 ], [ -67.506142850207922, 5.913835811775119 ], [ -67.514654885663219, 5.909001097001351 ], [ -67.522981876869494, 5.902232496318074 ], [ -67.538155505289808, 5.88579446608726 ], [ -67.547037629243164, 5.877672145267328 ], [ -67.560730903671256, 5.861620892218415 ], [ -67.56665231964017, 5.859687006308908 ], [ -67.578865240076027, 5.849244022397567 ], [ -67.599405151718173, 5.821009288118757 ], [ -67.60976762966375, 5.805538200842697 ], [ -67.618464709368084, 5.780591072610051 ], [ -67.621055328854482, 5.759318327605467 ], [ -67.627716921819498, 5.740366245692293 ], [ -67.638079399765076, 5.722381106733874 ], [ -67.639929842255356, 5.712905065777287 ], [ -67.643815771484952, 5.70110836172929 ], [ -67.643260638737871, 5.694533149636964 ], [ -67.64455594848107, 5.677901730815201 ], [ -67.646591435220387, 5.672486850268578 ], [ -67.64733161221649, 5.657015762992518 ], [ -67.640670019251473, 5.627814085758954 ], [ -67.639374709508274, 5.603833900481062 ], [ -67.638079399765076, 5.595518191070179 ], [ -67.632343028045199, 5.580820658157922 ], [ -67.631417806800059, 5.573858668883695 ], [ -67.626051523578241, 5.561288410471896 ], [ -67.615689045632664, 5.550458649378653 ], [ -67.612913381897229, 5.544850380241082 ], [ -67.613468514644325, 5.531506567465479 ], [ -67.62235063859768, 5.525704909736957 ], [ -67.634748603282574, 5.520676806372236 ], [ -67.639374709508274, 5.505785884869029 ], [ -67.642335417492731, 5.49050818618392 ], [ -67.647886744963586, 5.476777596226416 ], [ -67.655843647671787, 5.466914778087927 ], [ -67.671572408839197, 5.45473129685803 ], [ -67.703214975423037, 5.431137888762038 ], [ -67.721719400325867, 5.424756065260663 ], [ -67.7776027635324, 5.392460170571887 ], [ -67.786114798987697, 5.386078347070512 ], [ -67.810725684108462, 5.363065104747372 ], [ -67.816647100077361, 5.355329561109343 ], [ -67.827934799268093, 5.332896484559056 ], [ -67.840702852451045, 5.313751014054931 ], [ -67.846809312668981, 5.300793978461231 ], [ -67.850140109151482, 5.290737771731791 ], [ -67.851065330396622, 5.283002228093761 ], [ -67.844403737431605, 5.265017089135341 ], [ -67.838852409960765, 5.244131121312659 ], [ -67.832930993991852, 5.225565816581387 ], [ -67.824974091283636, 5.209707952123425 ], [ -67.822198427548216, 5.202359185667296 ], [ -67.816832144326398, 5.182633549390321 ], [ -67.817572321322501, 5.170836845342324 ], [ -67.811280816855543, 5.143569054018268 ], [ -67.804619223890526, 5.122876474786537 ], [ -67.796292232684252, 5.099669843872446 ], [ -67.795367011439112, 5.085165699551141 ], [ -67.796107188435229, 5.074335938457898 ], [ -67.798327719423568, 5.064086343137507 ], [ -67.797032409680369, 5.053063193453315 ], [ -67.794256745944949, 5.039332603495811 ], [ -67.797217453929392, 5.026955733674964 ], [ -67.802953825649269, 5.014772252445066 ], [ -67.806099577882748, 4.992725953076681 ], [ -67.806284622131784, 4.979382140301079 ], [ -67.813501347843882, 4.958882949660298 ], [ -67.822198427548216, 4.943411862384238 ], [ -67.825344179781695, 4.932001935518144 ], [ -67.82960019750935, 4.906474641512643 ], [ -67.828119843517115, 4.879980404552391 ], [ -67.823863825789473, 4.857740716593055 ], [ -67.818497542567656, 4.835501028633718 ], [ -67.818312498318619, 4.822930770221918 ], [ -67.824789047034614, 4.773036513756624 ], [ -67.823308693042378, 4.758145592253417 ], [ -67.827009578022952, 4.731651355293163 ], [ -67.832005772746712, 4.711152164652383 ], [ -67.844218693182583, 4.684271150510229 ], [ -67.850510197649541, 4.664932291415154 ], [ -67.853100817135939, 4.646753763865782 ], [ -67.852175595890799, 4.625094241679298 ], [ -67.852360640139821, 4.610396708767041 ], [ -67.864388516326656, 4.559922286528893 ], [ -67.876416392513505, 4.544064422070932 ], [ -67.877711702256704, 4.536135489841952 ], [ -67.876416392513505, 4.521824734111595 ], [ -67.871975330536827, 4.514089190473564 ], [ -67.867349224311113, 4.510414807245501 ], [ -67.858282056108735, 4.506933812608388 ], [ -67.838852409960765, 4.493589999832786 ], [ -67.830155330256432, 4.488368507877114 ], [ -67.821458250552098, 4.477925523965775 ], [ -67.81701718857542, 4.465935431326827 ], [ -67.815721878832221, 4.456266001779289 ], [ -67.815536834583199, 4.439441194366575 ], [ -67.811650905353602, 4.431899039319495 ], [ -67.803508958396364, 4.427644490318578 ], [ -67.799623029166767, 4.422229609771957 ], [ -67.797402498178428, 4.414880843315828 ], [ -67.804989312388585, 4.394575041266 ], [ -67.802398692902187, 4.385679166082264 ], [ -67.793701613197868, 4.369821301624302 ], [ -67.784449400746439, 4.350869219711129 ], [ -67.782784002505196, 4.34371384184595 ], [ -67.784449400746439, 4.332497303570808 ], [ -67.787410108730896, 4.323214651205172 ], [ -67.798512763672591, 4.298267522972525 ], [ -67.805729489384703, 4.275641057831287 ], [ -67.808505153120123, 4.254174924235752 ], [ -67.809245330116241, 4.233288956413071 ], [ -67.807024799127902, 4.223812915456485 ], [ -67.798697807921627, 4.200606284542394 ], [ -67.790370816715352, 4.181847591220171 ], [ -67.784264356497417, 4.164829395216504 ], [ -67.78130364851296, 4.160768234806538 ], [ -67.767980462582926, 4.151678971031853 ], [ -67.750031170427192, 4.137368215301498 ], [ -67.743369577462175, 4.130019448845369 ], [ -67.736152851750063, 4.118222744797373 ], [ -67.732081878271444, 4.107392983704131 ], [ -67.725605329555449, 4.084766518562892 ], [ -67.723754887065169, 4.075677254788207 ], [ -67.717093294100152, 4.061946664830703 ], [ -67.715427895858895, 4.051310292328411 ], [ -67.708581258644855, 4.038933422507563 ], [ -67.701179488683721, 4.023075558049602 ], [ -67.698588869197323, 4.010892076819704 ], [ -67.698588869197323, 4.004897030500231 ], [ -67.692667453228424, 3.977049073403322 ], [ -67.690261877991048, 3.959257323035853 ], [ -67.678234001804213, 3.91477794711718 ], [ -67.674348072574617, 3.907429180661051 ], [ -67.659359488403339, 3.889830818884533 ], [ -67.653067983936367, 3.879581223564143 ], [ -67.642335417492731, 3.853667152376742 ], [ -67.639374709508274, 3.839163008055435 ], [ -67.640670019251473, 3.823305143597473 ], [ -67.635488780278678, 3.800872067047186 ], [ -67.6264216120763, 3.777858824724046 ], [ -67.619389930613224, 3.766448897857952 ], [ -67.60699196592833, 3.751557976354744 ], [ -67.594964089741495, 3.739954660897698 ], [ -67.590523027764817, 3.738600940761043 ], [ -67.561841169165433, 3.738987717942945 ], [ -67.537600372542727, 3.742081935398157 ], [ -67.52816311584229, 3.746336484399073 ], [ -67.509843735188483, 3.745949707217172 ], [ -67.490044000542454, 3.730865397123013 ], [ -67.483937540324519, 3.716554641392658 ], [ -67.48079178809104, 3.702630662844204 ], [ -67.47301992963186, 3.687352964159094 ], [ -67.466728425164888, 3.677490146020605 ], [ -67.455440725974171, 3.666660384927363 ], [ -67.446928690518874, 3.659698395653136 ], [ -67.447668867514977, 3.644807474149928 ], [ -67.44507824802858, 3.63262399292003 ], [ -67.433420460339804, 3.602068595549811 ], [ -67.426758867374787, 3.577895021680967 ], [ -67.413805769942812, 3.547533012901699 ], [ -67.405478778736537, 3.530321428307082 ], [ -67.398447097273461, 3.518524724259086 ], [ -67.391970548557467, 3.499959419527814 ], [ -67.382903380355089, 3.484488332251753 ], [ -67.366989574938657, 3.471918073839954 ], [ -67.359957893475581, 3.469790799339496 ], [ -67.350150548277085, 3.468630467793791 ], [ -67.335902141101911, 3.461281701337663 ], [ -67.327575149895637, 3.459154426837205 ], [ -67.317397716199082, 3.448904831516814 ], [ -67.310921167483087, 3.435947795923114 ], [ -67.307590371000572, 3.422603983147512 ], [ -67.302594176276813, 3.397850243505816 ], [ -67.304814707265152, 3.389727922685884 ], [ -67.310736123234051, 3.376964275683134 ], [ -67.331276034876197, 3.351243593086684 ], [ -67.341453468572752, 3.329970848082101 ], [ -67.347004796043606, 3.322428693035022 ], [ -67.354221521755704, 3.315079926578893 ], [ -67.368284884681856, 3.303283222530897 ], [ -67.381978159109948, 3.294193958756212 ], [ -67.386974353833708, 3.287812135254837 ], [ -67.390860283063304, 3.251841857337997 ], [ -67.391970548557467, 3.248747639882785 ], [ -67.404553557491397, 3.248747639882785 ], [ -67.434160637335921, 3.247007142564228 ], [ -67.478016124355619, 3.206395538464569 ], [ -67.490044000542454, 3.19633933173513 ], [ -67.508363381196261, 3.178547581367662 ], [ -67.522241699873376, 3.167331043092518 ], [ -67.591078160511898, 3.105446693988276 ], [ -67.595889310986635, 3.100225202032606 ], [ -67.616429222628767, 3.083013617437989 ], [ -67.620685240356423, 3.078759068437073 ], [ -67.644370904232034, 3.057873100614391 ], [ -67.649552143204829, 3.052071442885868 ], [ -67.700809400185662, 3.006625124012441 ], [ -67.705620550660399, 2.999276357556313 ], [ -67.708951347142914, 2.998889580374411 ], [ -67.720979223329749, 2.989413539417824 ], [ -67.747995683687876, 2.963886245412325 ], [ -67.760578692621806, 2.953249872910034 ], [ -67.799437984917731, 2.918633315129848 ], [ -67.803323914147327, 2.913411823174178 ], [ -67.817572321322501, 2.902775450671887 ], [ -67.854396126879138, 2.869899390210258 ], [ -67.855691436622337, 2.85249441702469 ], [ -67.859207277353875, 2.789449736374745 ], [ -67.843478516186465, 2.794864616921366 ], [ -67.833856215236992, 2.804534046468904 ], [ -67.83145063999963, 2.816137361925949 ], [ -67.826269401026835, 2.825613402882536 ], [ -67.818312498318619, 2.832768780747714 ], [ -67.810725684108462, 2.834896055248172 ], [ -67.800178161913848, 2.834122500884369 ], [ -67.790555860964375, 2.831028283429157 ], [ -67.783709223750336, 2.830254729065354 ], [ -67.773716834302803, 2.831995226383911 ], [ -67.745960196948559, 2.838763827067187 ], [ -67.738558426987439, 2.840117547203842 ], [ -67.735042586255901, 2.836249775384827 ], [ -67.733377188014643, 2.824646459927783 ], [ -67.730416480030186, 2.820972076699718 ], [ -67.714502674613755, 2.812462978697885 ], [ -67.681749842535751, 2.805500989423658 ], [ -67.653253028185404, 2.80105305183179 ], [ -67.648071789212608, 2.801826606195593 ], [ -67.639559753757311, 2.809175372651722 ], [ -67.626791700574358, 2.813429921652639 ], [ -67.615689045632664, 2.812462978697885 ], [ -67.607177010177352, 2.800472886058938 ], [ -67.587747364029383, 2.778233198099602 ], [ -67.584971700293963, 2.769337322915867 ], [ -67.587192231282302, 2.759087727595476 ], [ -67.584416567546882, 2.750385241002693 ], [ -67.581270815313403, 2.745937303410826 ], [ -67.570723293118789, 2.735881096681386 ], [ -67.567207452387251, 2.728145553043356 ], [ -67.567022408138229, 2.720603397996276 ], [ -67.568872850628509, 2.712674465767296 ], [ -67.567947629383369, 2.701264538901201 ], [ -67.571648514363929, 2.683859565715633 ], [ -67.57127842586587, 2.679024850941865 ], [ -67.567392496636273, 2.671289307303835 ], [ -67.558510372682917, 2.666067815348164 ], [ -67.55591975319652, 2.667808312666721 ], [ -67.546112407998024, 2.679798405305668 ], [ -67.532234089320909, 2.683472788533732 ], [ -67.522241699873376, 2.682699234169929 ], [ -67.506327894456945, 2.675737244895702 ], [ -67.499296212993869, 2.674383524759047 ], [ -67.49244957577983, 2.669355421394327 ], [ -67.487823469554115, 2.663166986483903 ], [ -67.483752496075496, 2.654464499891119 ], [ -67.482457186332297, 2.646728956253089 ], [ -67.485602938565776, 2.63415869784129 ], [ -67.478941345600759, 2.621008273656638 ], [ -67.47209470838672, 2.61617355888287 ], [ -67.45951169945279, 2.611532232700052 ], [ -67.446558602020815, 2.602442968925367 ], [ -67.444523115281498, 2.599542140061105 ], [ -67.431199929351465, 2.591226430650223 ], [ -67.419912230160747, 2.575561954783212 ], [ -67.413805769942812, 2.573241291691803 ], [ -67.392525681304562, 2.568019799736132 ], [ -67.390675238814282, 2.566279302417575 ], [ -67.38253329185703, 2.54191233995778 ], [ -67.374946477646873, 2.532823076183095 ], [ -67.366989574938657, 2.529342081545981 ], [ -67.348115061537769, 2.524700755363163 ], [ -67.334606831358712, 2.513290828497069 ], [ -67.327205061397578, 2.502461067403827 ], [ -67.321468689677701, 2.487183368718718 ], [ -67.316657539202964, 2.481188322399244 ], [ -67.290751344339, 2.456434582757548 ], [ -67.284459839872042, 2.449279204892369 ], [ -67.281314087638563, 2.440770106890536 ], [ -67.275762760167709, 2.435355226343916 ], [ -67.266140459218249, 2.431680843115851 ], [ -67.242269751093602, 2.42607257397828 ], [ -67.23005683065773, 2.420657693431658 ], [ -67.225800812930075, 2.414662647112185 ], [ -67.218954175716036, 2.408667600792711 ], [ -67.20914683051754, 2.402672554473238 ], [ -67.195083467591388, 2.391262627607143 ], [ -67.190087272867629, 2.383333695378163 ], [ -67.184350901147752, 2.366315499374497 ], [ -67.173063201957021, 2.344655977188012 ], [ -67.174173467451197, 2.337307210731884 ], [ -67.179539750673015, 2.325510506683887 ], [ -67.186016299388996, 2.314487356999694 ], [ -67.202300193303486, 2.303270818724551 ], [ -67.205260901287943, 2.297082383814127 ], [ -67.206371166782105, 2.289153451585146 ], [ -67.204335680042803, 2.275616250218593 ], [ -67.206001078284061, 2.265366654898203 ], [ -67.211367361505879, 2.250475733394995 ], [ -67.209331874766562, 2.244480687075521 ], [ -67.200634795062228, 2.227462491071855 ], [ -67.197489042828749, 2.21837322729717 ], [ -67.197303998579727, 2.211604626613894 ], [ -67.193788157848189, 2.202321974248258 ], [ -67.190087272867629, 2.187237664154098 ], [ -67.183610724151634, 2.169252525195678 ], [ -67.174728600198279, 2.153007883555815 ], [ -67.15677930804253, 2.121098766048941 ], [ -67.153818600058088, 2.118971491548483 ], [ -67.144381343357637, 2.117424382820876 ], [ -67.128467537941205, 2.120518600276089 ], [ -67.118105059995628, 2.118004548593729 ], [ -67.114034086516995, 2.112783056638058 ], [ -67.112183644026715, 2.105821067363832 ], [ -67.112738776773796, 2.093637586133934 ], [ -67.109222936042272, 2.080100384767381 ], [ -67.104596829816558, 2.065789629037026 ], [ -67.10385665282044, 2.055733422307586 ], [ -67.106632316555874, 2.040842500804378 ], [ -67.109963113038376, 2.033687122939201 ], [ -67.111073378532552, 2.027305299437826 ], [ -67.11458921926409, 2.019182978617894 ], [ -67.124026475964527, 2.004485445705637 ], [ -67.126432051201903, 1.992882130248591 ], [ -67.123841431715505, 1.983019312110103 ], [ -67.118105059995628, 1.97470360269922 ], [ -67.100895944835997, 1.957685406695554 ], [ -67.090533466890406, 1.945695314056607 ], [ -67.078690634952608, 1.928870506643892 ], [ -67.071288864991473, 1.914753139504487 ], [ -67.063146918034221, 1.896574611955116 ], [ -67.051119041847386, 1.867566323312503 ], [ -67.046677979870708, 1.854222510536901 ], [ -67.042051873644994, 1.827341496394746 ], [ -67.031134262952335, 1.784215840612728 ], [ -67.0250278027344, 1.773192690928536 ], [ -67.02003160801064, 1.762362929835293 ], [ -67.011704616804366, 1.736255470056942 ], [ -67.005968245084489, 1.712468673369998 ], [ -66.995235678640853, 1.686941379364499 ], [ -66.98154240421276, 1.655612427630477 ], [ -66.978026563481222, 1.649423992720053 ], [ -66.974880811247743, 1.635500014171599 ], [ -66.974140634251626, 1.618288429576982 ], [ -66.977101342236082, 1.596822295981448 ], [ -66.974510722749685, 1.585992534888206 ], [ -66.953785766858516, 1.550409034153267 ], [ -66.948234439387662, 1.536291667013862 ], [ -66.943608333161961, 1.518499916646393 ], [ -66.93417107646151, 1.492585845458992 ], [ -66.929915058733869, 1.478855255501489 ], [ -66.926584262251353, 1.455842013178349 ], [ -66.929174881737751, 1.435149433946618 ], [ -66.926214173753294, 1.428380833263342 ], [ -66.926214173753294, 1.418324626533902 ], [ -66.910300368336863, 1.397438658711221 ], [ -66.899197713395168, 1.385448566072275 ], [ -66.886059571714156, 1.362628712340086 ], [ -66.880323199994294, 1.341549355926453 ], [ -66.877177447760801, 1.314088176011446 ], [ -66.889760456694731, 1.295329482689223 ], [ -66.894016474422386, 1.275023680639394 ], [ -66.88920532394765, 1.255878210135269 ], [ -66.883468952227773, 1.244855060451076 ], [ -66.875141961021498, 1.234798853721637 ], [ -66.870330810546761, 1.226483144310755 ], [ -67.001342138858774, 1.190706254984866 ], [ -67.088312935902067, 1.166919458297923 ], [ -67.082946652680249, 1.203276513396665 ], [ -67.087387714656927, 1.231511247675474 ], [ -67.088868068649163, 1.324917937104688 ], [ -67.080541077442888, 1.401306430530236 ], [ -67.072399130485636, 1.442498200402746 ], [ -67.072214086236613, 1.461063505134019 ], [ -67.073324351730776, 1.472860209182015 ], [ -67.07887567920163, 1.49974122332417 ], [ -67.08165134293705, 1.638207454444909 ], [ -67.086462493411787, 1.657933090721886 ], [ -67.099600635092798, 1.681719887408828 ], [ -67.101451077583079, 1.706280238459574 ], [ -67.097565148353482, 1.732581086828877 ], [ -67.115699484758252, 1.767584421790963 ], [ -67.124211520213549, 1.798913373524986 ], [ -67.139755237131936, 1.826567942030943 ], [ -67.157149396540589, 1.84880762999028 ], [ -67.174543555949242, 1.856929950810211 ], [ -67.228946565163568, 1.860797722629226 ], [ -67.244120193583882, 1.858090282355916 ], [ -67.278168335405084, 1.875688644132435 ], [ -67.286865415109418, 1.888645679726135 ], [ -67.300373645288474, 1.926743232143433 ], [ -67.326279840152438, 2.029625962529234 ], [ -67.330165769382035, 2.078166498857874 ], [ -67.337012406596074, 2.098085523725801 ], [ -67.343673999561091, 2.20541619170347 ], [ -67.364583999701281, 2.230363319936116 ], [ -67.389379929071083, 2.243900521302669 ], [ -67.406774088479736, 2.246221184394078 ], [ -67.431199929351465, 2.24157985821126 ], [ -67.438786743561622, 2.233264148800377 ], [ -67.448409044511095, 2.20812363197678 ], [ -67.522056655624354, 2.170219468150433 ], [ -67.540190992029125, 2.155908712420077 ], [ -67.551108602721797, 2.14159795668972 ], [ -67.558140284184859, 2.106014455954782 ], [ -67.586452054286184, 2.085515265314002 ], [ -67.607177010177352, 2.035427620257757 ], [ -67.619945063360305, 2.023630916209761 ], [ -67.654178249430544, 2.020149921572648 ], [ -67.697293559454124, 2.023244139027859 ], [ -67.750031170427192, 2.040068946440575 ], [ -67.769090728077103, 2.039295392076772 ], [ -67.779638250271717, 2.030979682665889 ], [ -67.818497542567656, 1.966774670470239 ], [ -67.83237586124477, 1.957298629513653 ], [ -67.835891701976308, 1.945308536874706 ], [ -67.859947454349978, 1.920168020051108 ], [ -67.882892941229485, 1.90276304686554 ], [ -67.913240198070127, 1.89773494350082 ], [ -67.907133737852192, 1.866019214584897 ], [ -67.912129932575951, 1.855769619264507 ], [ -67.922862499019601, 1.852095236036442 ], [ -67.931004445976839, 1.834883651441825 ], [ -67.941551968171453, 1.830629102440909 ], [ -67.973749667502375, 1.832756376941368 ], [ -68.004281968592039, 1.860217556856374 ], [ -68.02519196873223, 1.885358073679972 ], [ -68.043696393635059, 1.899668829410328 ], [ -68.065531615020404, 1.897928332091771 ], [ -68.079594977946542, 1.902376269683638 ], [ -68.087736924903794, 1.901215938137934 ], [ -68.094398517868811, 1.910111813321668 ], [ -68.103280641822167, 1.93621927310002 ], [ -68.111607633028441, 1.942020930828543 ], [ -68.117899137495399, 1.952463914739884 ], [ -68.122895332219159, 1.965807727515486 ], [ -68.13418303140989, 1.979344928882038 ], [ -68.143065155363246, 1.983986255064856 ], [ -68.158793916530655, 1.977604431563481 ], [ -68.218748253215807, 2.006419331615144 ], [ -68.219673474460947, 1.992882130248591 ], [ -68.221708961200264, 1.974316825517318 ], [ -68.226890200173059, 1.961553178514569 ], [ -68.237807810865718, 1.943374650965199 ], [ -68.24965064280353, 1.929450672416744 ], [ -68.250760908297707, 1.921908517369665 ], [ -68.251316041044788, 1.901602715319836 ], [ -68.253351527784105, 1.889612622680889 ], [ -68.256867368515628, 1.883617576361416 ], [ -68.268710200453441, 1.86930682063106 ], [ -68.274631616422354, 1.859830779674473 ], [ -68.283883828873769, 1.855382842082605 ], [ -68.284809050118909, 1.846486966898871 ], [ -68.289620200593646, 1.8412654749432 ], [ -68.283328696126674, 1.835463817214678 ], [ -68.271670908437898, 1.8283084393495 ], [ -68.267784979208301, 1.827148107803795 ], [ -68.253906660531186, 1.832176211168515 ], [ -68.244284359581712, 1.833723319896121 ], [ -68.237437722367673, 1.831789433986613 ], [ -68.235402235628356, 1.826567942030943 ], [ -68.24409931533269, 1.806068751390163 ], [ -68.246504890570051, 1.786536503704137 ], [ -68.244654448079771, 1.781508400339417 ], [ -68.237622766616695, 1.785762949340334 ], [ -68.225964978927919, 1.781508400339417 ], [ -68.20838577527023, 1.789630721159349 ], [ -68.198948518569779, 1.789437332568398 ], [ -68.196357899083395, 1.783829063430827 ], [ -68.186550553884885, 1.780541457384664 ], [ -68.182849668904325, 1.775706742610895 ], [ -68.188400996375179, 1.767584421790963 ], [ -68.190436483114482, 1.759268712380081 ], [ -68.189326217620319, 1.748438951286839 ], [ -68.18618046538684, 1.746891842559233 ], [ -68.175817987441249, 1.752693500287755 ], [ -68.168231173231092, 1.747858785513986 ], [ -68.162124713013156, 1.734321584147434 ], [ -68.156943474040361, 1.734514972738385 ], [ -68.152502412063683, 1.741283573421661 ], [ -68.142510022616165, 1.748825728468741 ], [ -68.133997987160853, 1.743217459331168 ], [ -68.128631703939035, 1.732000921056025 ], [ -68.143805332359364, 1.731614143874123 ], [ -68.157128518289397, 1.732581086828877 ], [ -68.164530288250532, 1.73084058951032 ], [ -68.213381969993989, 1.729486869373665 ], [ -68.340137280578361, 1.729486869373665 ], [ -68.348279227535599, 1.730260423737468 ], [ -68.365858431193288, 1.729486869373665 ], [ -68.402312148251866, 1.729486869373665 ], [ -68.432659405092494, 1.728906703600813 ], [ -68.49631462675822, 1.728519926418911 ], [ -68.505011706462554, 1.727939760646059 ], [ -68.516484449902308, 1.728906703600813 ], [ -68.535173919054159, 1.72832653782796 ], [ -68.557749317435608, 1.729100092191763 ], [ -68.57051737061856, 1.727939760646059 ], [ -68.609931795661595, 1.727939760646059 ], [ -68.638798698510001, 1.728713315009862 ], [ -68.665630114619091, 1.72832653782796 ], [ -68.682469141280677, 1.727552983464157 ], [ -68.705599672409207, 1.72832653782796 ], [ -68.713556575117423, 1.727359594873207 ], [ -68.725214362806199, 1.727939760646059 ], [ -68.841052062697912, 1.727166206282256 ], [ -68.910998788830597, 1.726586040509404 ], [ -68.933574187212045, 1.727359594873207 ], [ -68.9437516209086, 1.726586040509404 ], [ -68.968547550278387, 1.726972817691305 ], [ -69.002410647850567, 1.726586040509404 ], [ -69.01610392227866, 1.72561909755465 ], [ -69.027206577220355, 1.726779429100354 ], [ -69.056628612815842, 1.726392651918453 ], [ -69.128425781438821, 1.726779429100354 ], [ -69.145079763851356, 1.725812486145601 ], [ -69.162658967509046, 1.726586040509404 ], [ -69.208364897019038, 1.726392651918453 ], [ -69.244078437081498, 1.726586040509404 ], [ -69.310324278233608, 1.726005874736551 ], [ -69.322352154420457, 1.725038931781797 ], [ -69.33789587133883, 1.725812486145601 ], [ -69.394519411541481, 1.72561909755465 ], [ -69.41024817270889, 1.740316630466907 ], [ -69.418020031168069, 1.744184402285923 ], [ -69.430973128600044, 1.743410847922119 ], [ -69.440595429549518, 1.749405894241592 ], [ -69.446516845518431, 1.750372837196347 ], [ -69.454473748226647, 1.74631167678638 ], [ -69.460765252693605, 1.752113334514903 ], [ -69.485931270561451, 1.749599282832543 ], [ -69.494813394514807, 1.758495158016278 ], [ -69.498329235246345, 1.759848878152933 ], [ -69.509616934437062, 1.759268712380081 ], [ -69.519609323884595, 1.767777810381914 ], [ -69.525345695604472, 1.770291862064274 ], [ -69.536818439044225, 1.771452193609979 ], [ -69.555692952445114, 1.775126576838042 ], [ -69.564204987900411, 1.768551364745717 ], [ -69.58548507653866, 1.765457147290505 ], [ -69.585300032289638, 1.76410342715385 ], [ -69.609540828912344, 1.750953002969198 ], [ -69.614722067885126, 1.745151345240676 ], [ -69.62397428033654, 1.738189355966449 ], [ -69.631191006048653, 1.731420755283173 ], [ -69.644144103480627, 1.73586869287504 ], [ -69.654321537177182, 1.725812486145601 ], [ -69.660798085893163, 1.724071988827044 ], [ -69.667829767356238, 1.726199263327502 ], [ -69.676896935558631, 1.732387698237926 ], [ -69.691700475480886, 1.732000921056025 ], [ -69.705763838407037, 1.74089679623976 ], [ -69.71575622785457, 1.740316630466907 ], [ -69.724638351807926, 1.737995967375498 ], [ -69.734075608508363, 1.737415801602646 ], [ -69.740182068726298, 1.735288527102187 ], [ -69.744253042204917, 1.727166206282256 ], [ -69.749989413924794, 1.72310504587229 ], [ -69.761277113115526, 1.720397605598979 ], [ -69.770159237068881, 1.716916610961866 ], [ -69.775155431792641, 1.705700072686723 ], [ -69.778486228275156, 1.70260585523151 ], [ -69.79273463545033, 1.70511990691387 ], [ -69.798656051419229, 1.70260585523151 ], [ -69.817160476322059, 1.706473627050525 ], [ -69.826042600275414, 1.713629004915703 ], [ -69.830853750750151, 1.714595947870457 ], [ -69.846027379170479, 1.713629004915703 ], [ -69.855094547372858, 1.714982725052359 ], [ -69.855094547372858, 1.667022354496572 ], [ -69.854909503123835, 1.51018420723551 ], [ -69.854724458874799, 1.453521350086939 ], [ -69.85435437037674, 1.276764177957951 ], [ -69.854169326127717, 1.069838385640645 ], [ -69.847507733162701, 1.065003670866876 ], [ -69.835849945473925, 1.063843339321171 ], [ -69.817900653318176, 1.054947464137436 ], [ -69.806983042625504, 1.059202013138353 ], [ -69.797545785925067, 1.069644997049694 ], [ -69.78903375046977, 1.08144170109769 ], [ -69.782002069006694, 1.084535918552902 ], [ -69.770714369815963, 1.087436747417163 ], [ -69.765348086594145, 1.09188468500903 ], [ -69.753135166158273, 1.095945845418997 ], [ -69.743142776710755, 1.09691278837375 ], [ -69.730744812025861, 1.095752456828046 ], [ -69.720752422578329, 1.097106176964701 ], [ -69.71483100660943, 1.095365679646144 ], [ -69.711500210126914, 1.080861535324837 ], [ -69.710389944632752, 1.067517722549235 ], [ -69.708354457893435, 1.06113589904786 ], [ -69.700397555185219, 1.05572101850124 ], [ -69.687074369255186, 1.057268127228846 ], [ -69.672085785083894, 1.061716064820713 ], [ -69.65876259915386, 1.063843339321171 ], [ -69.628970475060299, 1.073512768868709 ], [ -69.608245519169145, 1.073512768868709 ], [ -69.598808262468694, 1.070225162822546 ], [ -69.5864102977838, 1.062102842002615 ], [ -69.569756315371251, 1.056687961455993 ], [ -69.555877996694136, 1.054560686955535 ], [ -69.537743660289365, 1.054947464137436 ], [ -69.518499058390432, 1.058815235956452 ], [ -69.491482598032292, 1.05842845877455 ], [ -69.455769057969832, 1.056301184274091 ], [ -69.447627111012594, 1.048372252045111 ], [ -69.437819765814098, 1.042377205725638 ], [ -69.433563748086442, 1.027873061404331 ], [ -69.416354632926812, 1.023618512403415 ], [ -69.400625871759416, 1.036382159406164 ], [ -69.388597995572582, 1.048565640636062 ], [ -69.362321712210559, 1.060555733275009 ], [ -69.342151889066471, 1.064036727912122 ], [ -69.329198791634497, 1.062489619184516 ], [ -69.310139233984586, 1.051273080909373 ], [ -69.301072065782193, 1.044311091635145 ], [ -69.292189941828838, 1.034641662087608 ], [ -69.277941534653664, 1.030387113086691 ], [ -69.256661446015414, 1.025552398312922 ], [ -69.24333826008538, 1.014142471446828 ], [ -69.222798348443234, 0.998477995579816 ], [ -69.215951711229195, 0.990162286168935 ], [ -69.214101268738915, 0.980106079439495 ], [ -69.214286312987937, 0.96850276398245 ], [ -69.211880737750576, 0.957866391480159 ], [ -69.202628525299161, 0.953611842479241 ], [ -69.185419410139531, 0.952644899524488 ], [ -69.180423215415757, 0.94548952165931 ], [ -69.179497994170617, 0.940654806885541 ], [ -69.175427020691998, 0.936400257884625 ], [ -69.178757817174514, 0.93001843438325 ], [ -69.195596843836086, 0.924023388063777 ], [ -69.196337020832203, 0.91996222765381 ], [ -69.191155781859408, 0.898689482649227 ], [ -69.183013834902155, 0.885152281282675 ], [ -69.176167197688116, 0.880124177917955 ], [ -69.168025250730864, 0.877029960462743 ], [ -69.158032861283345, 0.877803514826546 ], [ -69.149520825828034, 0.876449794689891 ], [ -69.139158347882457, 0.872388634279925 ], [ -69.136937816894118, 0.86852086246091 ], [ -69.137863038139258, 0.852082832230096 ], [ -69.137122861143155, 0.844153900001115 ], [ -69.142489144364973, 0.838352242272593 ], [ -69.153221710808609, 0.839319185227346 ], [ -69.158217905532368, 0.838158853681642 ], [ -69.164879498497385, 0.833324138907873 ], [ -69.167100029485724, 0.827522481179351 ], [ -69.165804719742525, 0.817659663040862 ], [ -69.161548702014883, 0.809924119402832 ], [ -69.157107640038205, 0.796193529445328 ], [ -69.149335781579012, 0.781882773714973 ], [ -69.146190029345533, 0.769119126712223 ], [ -69.15377684355569, 0.751327376344753 ], [ -69.159698259524589, 0.747072827343837 ], [ -69.173391533952696, 0.743398444115773 ], [ -69.178572772925477, 0.740304226660561 ], [ -69.183013834902155, 0.73508273470489 ], [ -69.183568967649251, 0.730441408522072 ], [ -69.175056932193939, 0.711295938017948 ], [ -69.171171002964343, 0.708588497744637 ], [ -69.152481533812491, 0.700272788333755 ], [ -69.136567728396059, 0.679193431920122 ], [ -69.123799675213107, 0.665076064780718 ], [ -69.114177374263647, 0.652119029187017 ], [ -69.111956843275294, 0.642836376821381 ], [ -69.113807285765589, 0.634133890228597 ], [ -69.124909940707283, 0.636067776138105 ], [ -69.142119055866914, 0.64012893654807 ], [ -69.167840206481841, 0.644383485548987 ], [ -69.186344631384671, 0.638581827820464 ], [ -69.192821180100651, 0.627558678136271 ], [ -69.195966932334144, 0.604545435813131 ], [ -69.201518259804985, 0.601837995539821 ], [ -69.229089852910192, 0.611507425087359 ], [ -69.249814808801375, 0.611507425087359 ], [ -69.26461834872363, 0.614021476769718 ], [ -69.277571446155605, 0.608413207632147 ], [ -69.287563835603137, 0.608993373404999 ], [ -69.290709587836616, 0.613441310996866 ], [ -69.289784366591476, 0.619049580134438 ], [ -69.284788171867717, 0.628719009681975 ], [ -69.284418083369658, 0.633360335864793 ], [ -69.287193747105079, 0.640709102320923 ], [ -69.294965605564272, 0.648251257368002 ], [ -69.308288791494306, 0.644770262730888 ], [ -69.313470030467101, 0.634520667410499 ], [ -69.321982065922398, 0.637034719092858 ], [ -69.326053039401017, 0.641676045275676 ], [ -69.333084720864093, 0.640322325139021 ], [ -69.338451004085911, 0.63510083318335 ], [ -69.348258349284407, 0.622530574771551 ], [ -69.352699411261085, 0.61962974590729 ], [ -69.358805871479021, 0.622530574771551 ], [ -69.362321712210559, 0.636841330501907 ], [ -69.365837552942097, 0.640322325139021 ], [ -69.371203836163915, 0.641095879502824 ], [ -69.381381269860469, 0.651345474823214 ], [ -69.388968084070626, 0.662175235916456 ], [ -69.403771623992895, 0.677259546010615 ], [ -69.410803305455971, 0.688476084285758 ], [ -69.428752597611705, 0.704527337334671 ], [ -69.440410385300495, 0.712649658154603 ], [ -69.45243826148733, 0.725026527975451 ], [ -69.453548526981507, 0.729087688385417 ], [ -69.462245606685826, 0.733535625977284 ], [ -69.46816702265474, 0.734309180341087 ], [ -69.493518084771608, 0.727733968248762 ], [ -69.502585252974001, 0.720965367565485 ], [ -69.511097288429298, 0.712262880972701 ], [ -69.521459766374875, 0.710909160836046 ], [ -69.526826049596693, 0.708781886335588 ], [ -69.532747465565606, 0.700852954106606 ], [ -69.536448350546166, 0.689636415831463 ], [ -69.54329498776022, 0.683254592330088 ], [ -69.561614368414013, 0.686735586967202 ], [ -69.565870386141668, 0.685381866830546 ], [ -69.577528173830444, 0.667590116463077 ], [ -69.584374811044484, 0.660821515779801 ], [ -69.586965430530881, 0.651732252005115 ], [ -69.595662510235215, 0.64515703991279 ], [ -69.600103572211893, 0.638968605002366 ], [ -69.602324103200232, 0.628138843909124 ], [ -69.608430563418167, 0.625238015044862 ], [ -69.612871625394845, 0.634714056001449 ], [ -69.617497731620546, 0.638968605002366 ], [ -69.634891891029213, 0.646317371458494 ], [ -69.643218882235487, 0.662562013098357 ], [ -69.650990740694667, 0.670104168145437 ], [ -69.664128882375678, 0.672038054054944 ], [ -69.683558528523648, 0.666429784917373 ], [ -69.693180829473121, 0.655986801006032 ], [ -69.702062953426477, 0.653666137914623 ], [ -69.706874103901214, 0.648831423140854 ], [ -69.709649767636634, 0.638581827820464 ], [ -69.72038233408027, 0.61943635731634 ], [ -69.729449502282662, 0.612474368042112 ], [ -69.734445697006421, 0.613054533814965 ], [ -69.746103484695197, 0.623304129135355 ], [ -69.750914635169934, 0.622917351953453 ], [ -69.765718175092204, 0.612280979451162 ], [ -69.782187113255716, 0.598357000902707 ], [ -69.78995897171491, 0.591008234446579 ], [ -69.798471007170207, 0.584819799536155 ], [ -69.804392423139106, 0.585206576718056 ], [ -69.817900653318176, 0.594682617674643 ], [ -69.824932334781252, 0.595262783447495 ], [ -69.830668706501129, 0.593328897537988 ], [ -69.851208618143261, 0.594102451901791 ], [ -69.863051450081073, 0.591008234446579 ], [ -69.887847379450861, 0.589267737128022 ], [ -69.904131273365351, 0.591395011628481 ], [ -69.910052689334265, 0.590041291491825 ], [ -69.916899326548304, 0.582692525035696 ], [ -69.923560919513321, 0.571669375351504 ], [ -69.929112246984175, 0.567801603532488 ], [ -69.939104636431694, 0.567221437759637 ], [ -69.950022247124366, 0.570122266623898 ], [ -69.968341627778159, 0.581725582080943 ], [ -69.972967734003873, 0.582305747853795 ], [ -69.979999415466949, 0.57592392435242 ], [ -69.984070388945568, 0.574570204215765 ], [ -69.992397380151843, 0.576890867307174 ], [ -69.996653397879498, 0.575150369988617 ], [ -69.998318796120742, 0.567221437759637 ], [ -70.000724371358118, 0.564513997486325 ], [ -70.00368507934256, 0.554264402165936 ], [ -70.014047557288151, 0.545561915573152 ], [ -70.024224990984706, 0.544014806845546 ], [ -70.03292207068904, 0.551556961892625 ], [ -70.037363132665718, 0.553104070620231 ], [ -70.036807999918622, 0.476908965785634 ], [ -70.03569773442446, 0.37054524076272 ], [ -70.044024725630734, 0.243875713689977 ], [ -70.050871362844774, 0.13712521148516 ], [ -70.059198354051048, 0.010649073003368 ], [ -70.061788973537446, 0.000012700501076 ], [ -70.062714194782586, -0.091073325836729 ], [ -70.064749681521903, -0.114666733932721 ], [ -70.068080478004404, -0.134779147391599 ], [ -70.032366937941944, -0.18389984949309 ], [ -69.999984194362, -0.200918045496757 ], [ -69.993692689895042, -0.20942714349859 ], [ -69.98740118542807, -0.225091619365601 ], [ -69.980924636712089, -0.231860220048878 ], [ -69.96427065429954, -0.243270146914972 ], [ -69.951317556867565, -0.254486685190116 ], [ -69.94484100815157, -0.269377606693324 ], [ -69.932998176213758, -0.287556134242695 ], [ -69.907832158345911, -0.315790868521505 ], [ -69.901540653878953, -0.31965864034052 ], [ -69.8900679104392, -0.323526412159535 ], [ -69.872673751030547, -0.325653686659993 ], [ -69.863421538579132, -0.328554515524254 ], [ -69.850283396898121, -0.33512972761658 ], [ -69.839180741956426, -0.345185934346019 ], [ -69.830668706501129, -0.362010741758735 ], [ -69.80716808687454, -0.384250429718071 ], [ -69.796990653177986, -0.390632253219446 ], [ -69.787923484975593, -0.401075237130787 ], [ -69.767568617582484, -0.417900044543503 ], [ -69.75517065289759, -0.436852126456676 ], [ -69.742772688212696, -0.444974447276608 ], [ -69.730744812025861, -0.456771151324604 ], [ -69.713350652617194, -0.463926529189782 ], [ -69.706504015403155, -0.464893472144535 ], [ -69.69817702419688, -0.463926529189782 ], [ -69.691145342733805, -0.465280249326437 ], [ -69.67819224530183, -0.471468684236861 ], [ -69.667829767356238, -0.474176124510172 ], [ -69.660242953146081, -0.479010839283941 ], [ -69.647844988461188, -0.481911668148202 ], [ -69.630080740554476, -0.488680268831478 ], [ -69.621753749348201, -0.494095149378099 ], [ -69.60861560766719, -0.508986070881307 ], [ -69.598253129721613, -0.512853842700322 ], [ -69.593256934997854, -0.516721614519338 ], [ -69.589741094266316, -0.523683603793565 ], [ -69.595292421737156, -0.538767913887723 ], [ -69.593812067744935, -0.543602628661492 ], [ -69.581044014561982, -0.556172887073291 ], [ -69.577713218079481, -0.565262150847976 ], [ -69.576232864087245, -0.579959683760234 ], [ -69.579378616320724, -0.592336553581082 ], [ -69.586595342032837, -0.604326646220029 ], [ -69.585114988040601, -0.608001029448093 ], [ -69.576602952585304, -0.612835744221862 ], [ -69.559023748927615, -0.63043410599838 ], [ -69.551251890468436, -0.648032467774899 ], [ -69.559208793176651, -0.660022560413846 ], [ -69.560134014421791, -0.66891843559758 ], [ -69.566240474639727, -0.671625875870891 ], [ -69.566795607386808, -0.678587865145118 ], [ -69.572161890608626, -0.680908528236527 ], [ -69.580118793316842, -0.700053998740652 ], [ -69.582894457052262, -0.716492028971466 ], [ -69.589556050017279, -0.721326743745235 ], [ -69.595292421737156, -0.729449064565166 ], [ -69.608430563418167, -0.737377996794147 ], [ -69.610651094406506, -0.741825934386015 ], [ -69.608800651916226, -0.754782969979715 ], [ -69.599733483713834, -0.767740005573415 ], [ -69.595477465986193, -0.777216046530003 ], [ -69.582339324305181, -0.782244149894722 ], [ -69.576417908336282, -0.798682180125536 ], [ -69.565685341892632, -0.801389620398847 ], [ -69.561244279915954, -0.808351609673074 ], [ -69.55162197896648, -0.812799547264941 ], [ -69.552732244460657, -0.821502033857725 ], [ -69.56327976665527, -0.835426012406179 ], [ -69.546810828491743, -0.857278923183614 ], [ -69.54792109398592, -0.862113637957383 ], [ -69.540704368273822, -0.865788021185448 ], [ -69.53348764256171, -0.861146695002629 ], [ -69.529971801830172, -0.863467358094038 ], [ -69.521644810623911, -0.879325222552001 ], [ -69.517203748647233, -0.897890527283273 ], [ -69.523125164616133, -0.909493842740318 ], [ -69.518314014141396, -0.919163272287856 ], [ -69.507951536195819, -0.936374856882473 ], [ -69.500734810483706, -0.941402960247192 ], [ -69.488706934296872, -0.94585089783906 ], [ -69.483895783822135, -0.949138503885222 ], [ -69.480564987339633, -0.955907104568499 ], [ -69.475938881113919, -0.959968264978464 ], [ -69.461320385440686, -0.967317031434593 ], [ -69.454658792475669, -0.97930712407354 ], [ -69.456324190716927, -0.986655890529669 ], [ -69.450217730498991, -0.993811268394846 ], [ -69.444851447277173, -0.994391434167699 ], [ -69.438189854312157, -1.000579869078123 ], [ -69.427642332117543, -0.996518708668157 ], [ -69.421905960397666, -0.997872428804812 ], [ -69.419870473658349, -1.003287309351433 ], [ -69.423016225891828, -1.008508801307104 ], [ -69.426161978125322, -1.019531950991297 ], [ -69.437819765814098, -1.028621214765982 ], [ -69.435414190576722, -1.032875763766899 ], [ -69.426532066623366, -1.042158416132535 ], [ -69.421350827650585, -1.051054291316269 ], [ -69.420610650654467, -1.061303886636659 ], [ -69.429122686109764, -1.070006373229443 ], [ -69.431343217098103, -1.078515471231277 ], [ -69.423386314389887, -1.104429542418678 ], [ -69.410063128459853, -1.131697333742734 ] ] ] } }
]
}
