load_zone,timestamp,ZoneTotalCentralDispatch,ZoneTotalDistributedDispatch,TXPowerNet,zone_demand_mw,StorageNetCharge
Antioquia,2023_Q1_labor_0h,3860.63,0,-2766.85,1093.78,0
Antioquia,2023_Q1_labor_1h,3758.25,0,-2725.7,1032.55,0
Antioquia,2023_Q1_labor_2h,3695.46,0,-2698.19,997.272,0
Antioquia,2023_Q1_labor_3h,3649.07,0,-2676.81,972.263,0
Antioquia,2023_Q1_labor_4h,3626.2,0,-2665.95,960.252,0
Antioquia,2023_Q1_labor_5h,3654.54,0,-2679.49,975.055,0
Antioquia,2023_Q1_labor_6h,3724.26,0,-2709.08,1015.18,0
Antioquia,2023_Q1_labor_7h,3757.74,0,-2718.91,1038.83,0
Antioquia,2023_Q1_labor_8h,3856.46,0,-2754.92,1101.54,0
Antioquia,2023_Q1_labor_9h,3960.4,0,-2790.56,1169.83,0
Antioquia,2023_Q1_labor_10h,4023.38,0,-2811.01,1212.36,0
Antioquia,2023_Q1_labor_11h,4087.7,0,-2833.26,1254.44,0
Antioquia,2023_Q1_labor_12h,4141.59,0,-2853.7,1287.89,0
Antioquia,2023_Q1_labor_13h,4135.71,0,-2853.43,1282.28,0
Antioquia,2023_Q1_labor_14h,4145.39,0,-2860.31,1285.08,0
Antioquia,2023_Q1_labor_15h,4173.2,0,-2875.38,1297.82,0
Antioquia,2023_Q1_labor_16h,4175.98,0,-2881.06,1294.92,0
Antioquia,2023_Q1_labor_17h,4145.89,0,-2872.76,1273.13,0
Antioquia,2023_Q1_labor_18h,4106.9,0,-2858.47,1248.43,0
Antioquia,2023_Q1_labor_19h,4216.66,0,-2903.13,1313.53,0
Antioquia,2023_Q1_labor_20h,4241.6,0,-2913.7,1327.9,0
Antioquia,2023_Q1_labor_21h,4183.52,0,-2889.05,1294.47,0
Antioquia,2023_Q1_labor_22h,4090.08,0,-2851.92,1238.16,0
Antioquia,2023_Q1_labor_23h,3971.54,0,-2808.05,1163.49,0
Antioquia,2023_Q1_holidays_0h,3816.29,0,-2789.71,1026.58,0
Antioquia,2023_Q1_holidays_1h,3768.87,0,-2765.82,1003.05,0
Antioquia,2023_Q1_holidays_2h,3700.76,0,-2731.06,969.7,0
Antioquia,2023_Q1_holidays_3h,3643.23,0,-2700.95,942.278,0
Antioquia,2023_Q1_holidays_4h,3599.92,0,-2678.39,921.532,0
Antioquia,2023_Q1_holidays_5h,3576.37,0,-2666.02,910.347,0
Antioquia,2023_Q1_holidays_6h,3552.01,0,-2650.53,901.478,0
Antioquia,2023_Q1_holidays_7h,3478.03,0,-2604.31,873.72,0
Antioquia,2023_Q1_holidays_8h,3524.77,0,-2622.42,902.352,0
Antioquia,2023_Q1_holidays_9h,3621.66,0,-2667.5,954.16,0
Antioquia,2023_Q1_holidays_10h,3711.74,0,-2709.8,1001.94,0
Antioquia,2023_Q1_holidays_11h,3785.31,0,-2744.85,1040.45,0
Antioquia,2023_Q1_holidays_12h,3851.4,0,-2778.49,1072.92,0
Antioquia,2023_Q1_holidays_13h,3885.49,0,-2798.56,1086.92,0
Antioquia,2023_Q1_holidays_14h,3891.04,0,-2806.18,1084.86,0
Antioquia,2023_Q1_holidays_15h,3881.95,0,-2807.98,1073.97,0
Antioquia,2023_Q1_holidays_16h,3876.13,0,-2811.57,1064.56,0
Antioquia,2023_Q1_holidays_17h,3870.59,0,-2814.48,1056.11,0
Antioquia,2023_Q1_holidays_18h,3887.37,0,-2825.43,1061.94,0
Antioquia,2023_Q1_holidays_19h,4066.31,0,-2913.42,1152.89,0
Antioquia,2023_Q1_holidays_20h,4126.66,0,-2942.99,1183.66,0
Antioquia,2023_Q1_holidays_21h,4096.35,0,-2927.43,1168.93,0
Antioquia,2023_Q1_holidays_22h,4027.56,0,-2893.74,1133.82,0
Antioquia,2023_Q1_holidays_23h,3927.78,0,-2844.59,1083.19,0
Antioquia,2023_Q2_labor_0h,3670.92,0,-2585.29,1085.63,0
Antioquia,2023_Q2_labor_1h,3536.96,0,-2515.02,1021.94,0
Antioquia,2023_Q2_labor_2h,3448.01,0,-2460.26,987.747,0
Antioquia,2023_Q2_labor_3h,3381.43,0,-2418.04,963.386,0
Antioquia,2023_Q2_labor_4h,3350.5,0,-2398.13,952.367,0
Antioquia,2023_Q2_labor_5h,3407.26,0,-2434.83,972.424,0
Antioquia,2023_Q2_labor_6h,3523.41,0,-2502.86,1020.55,0
Antioquia,2023_Q2_labor_7h,3551.37,0,-2510.28,1041.08,0
Antioquia,2023_Q2_labor_8h,3676.21,0,-2573.63,1102.58,0
Antioquia,2023_Q2_labor_9h,3781.49,0,-2615.21,1166.28,0
Antioquia,2023_Q2_labor_10h,3844.26,0,-2637.75,1206.51,0
Antioquia,2023_Q2_labor_11h,3914.68,0,-2664.74,1249.94,0
Antioquia,2023_Q2_labor_12h,3969.75,0,-2687.05,1282.7,0
Antioquia,2023_Q2_labor_13h,3956.74,0,-2684,1272.74,0
Antioquia,2023_Q2_labor_14h,3973.37,0,-2694.08,1279.29,0
Antioquia,2023_Q2_labor_15h,4005.65,0,-2711.58,1294.07,0
Antioquia,2023_Q2_labor_16h,4012.66,0,-2719.17,1293.49,0
Antioquia,2023_Q2_labor_17h,3984.33,0,-2711.6,1272.73,0
Antioquia,2023_Q2_labor_18h,3930.63,0,-2690.86,1239.77,0
Antioquia,2023_Q2_labor_19h,4035.08,0,-2734.07,1301.01,0
Antioquia,2023_Q2_labor_20h,4081.87,0,-2754.4,1327.46,0
Antioquia,2023_Q2_labor_21h,4028.33,0,-2731.29,1297.04,0
Antioquia,2023_Q2_labor_22h,3926.82,0,-2689.4,1237.42,0
Antioquia,2023_Q2_labor_23h,3793.37,0,-2636.2,1157.18,0
Antioquia,2023_Q2_holidays_0h,3849.2,0,-2832.47,1016.73,0
Antioquia,2023_Q2_holidays_1h,3835.55,0,-2824.66,1010.89,0
Antioquia,2023_Q2_holidays_2h,3735.45,0,-2764.16,971.289,0
Antioquia,2023_Q2_holidays_3h,3657.02,0,-2716.12,940.901,0
Antioquia,2023_Q2_holidays_4h,3600.08,0,-2680.75,919.335,0
Antioquia,2023_Q2_holidays_5h,3573.44,0,-2664.53,908.912,0
Antioquia,2023_Q2_holidays_6h,3527.56,0,-2632.18,895.388,0
Antioquia,2023_Q2_holidays_7h,3456.19,0,-2579.91,876.277,0
Antioquia,2023_Q2_holidays_8h,3534.79,0,-2620.71,914.074,0
Antioquia,2023_Q2_holidays_9h,3645.76,0,-2682.64,963.115,0
Antioquia,2023_Q2_holidays_10h,3749.97,0,-2741.55,1008.42,0
Antioquia,2023_Q2_holidays_11h,3838.05,0,-2792.51,1045.53,0
Antioquia,2023_Q2_holidays_12h,3914.13,0,-2838.1,1076.04,0
Antioquia,2023_Q2_holidays_13h,3953.81,0,-2864.38,1089.43,0
Antioquia,2023_Q2_holidays_14h,3965.36,0,-2876.62,1088.74,0
Antioquia,2023_Q2_holidays_15h,3948.76,0,-2874.37,1074.39,0
Antioquia,2023_Q2_holidays_16h,3938.66,0,-2875.37,1063.29,0
Antioquia,2023_Q2_holidays_17h,3932.06,0,-2877.77,1054.29,0
Antioquia,2023_Q2_holidays_18h,3941.92,0,-2885.6,1056.32,0
Antioquia,2023_Q2_holidays_19h,4133.95,0,-2990.47,1143.48,0
Antioquia,2023_Q2_holidays_20h,4214.16,0,-3031.7,1182.47,0
Antioquia,2023_Q2_holidays_21h,4184.14,0,-3016.4,1167.74,0
Antioquia,2023_Q2_holidays_22h,4104.8,0,-2974.88,1129.91,0
Antioquia,2023_Q2_holidays_23h,3986.83,0,-2911.02,1075.81,0
Antioquia,2023_Q3_labor_0h,3693.18,0,-2567.82,1125.36,0
Antioquia,2023_Q3_labor_1h,3554.16,0,-2493.68,1060.48,0
Antioquia,2023_Q3_labor_2h,3458.52,0,-2434.99,1023.53,0
Antioquia,2023_Q3_labor_3h,3388.79,0,-2391.6,997.183,0
Antioquia,2023_Q3_labor_4h,3355.95,0,-2371.28,984.67,0
Antioquia,2023_Q3_labor_5h,3397.43,0,-2397.02,1000.42,0
Antioquia,2023_Q3_labor_6h,3483.34,0,-2446.35,1036.99,0
Antioquia,2023_Q3_labor_7h,3520.96,0,-2460.4,1060.56,0
Antioquia,2023_Q3_labor_8h,3658.41,0,-2530.78,1127.63,0
Antioquia,2023_Q3_labor_9h,3783.73,0,-2589.85,1193.87,0
Antioquia,2023_Q3_labor_10h,3862.23,0,-2625.74,1236.48,0
Antioquia,2023_Q3_labor_11h,3951.01,0,-2668.71,1282.3,0
Antioquia,2023_Q3_labor_12h,4020.65,0,-2704.19,1316.46,0
Antioquia,2023_Q3_labor_13h,4012.04,0,-2702.93,1309.11,0
Antioquia,2023_Q3_labor_14h,4035.97,0,-2719.92,1316.05,0
Antioquia,2023_Q3_labor_15h,4077.86,0,-2747.13,1330.74,0
Antioquia,2023_Q3_labor_16h,4084.6,0,-2757.09,1327.51,0
Antioquia,2023_Q3_labor_17h,4057.49,0,-2749.79,1307.7,0
Antioquia,2023_Q3_labor_18h,3990.05,0,-2719.08,1270.98,0
Antioquia,2023_Q3_labor_19h,4089.26,0,-2767.8,1321.46,0
Antioquia,2023_Q3_labor_20h,4165.65,0,-2805.93,1359.72,0
Antioquia,2023_Q3_labor_21h,4114.15,0,-2780.04,1334.11,0
Antioquia,2023_Q3_labor_22h,4002.36,0,-2724.83,1277.53,0
Antioquia,2023_Q3_labor_23h,3846.85,0,-2647.47,1199.38,0
Antioquia,2023_Q3_holidays_0h,3784.59,0,-2734.25,1050.34,0
Antioquia,2023_Q3_holidays_1h,3754.19,0,-2715.78,1038.41,0
Antioquia,2023_Q3_holidays_2h,3655.86,0,-2655.37,1000.49,0
Antioquia,2023_Q3_holidays_3h,3576.59,0,-2606.58,970.004,0
Antioquia,2023_Q3_holidays_4h,3517.49,0,-2570.46,947.031,0
Antioquia,2023_Q3_holidays_5h,3484.52,0,-2550.15,934.365,0
Antioquia,2023_Q3_holidays_6h,3438.26,0,-2519.07,919.195,0
Antioquia,2023_Q3_holidays_7h,3361.07,0,-2463.61,897.468,0
Antioquia,2023_Q3_holidays_8h,3435.79,0,-2500.05,935.741,0
Antioquia,2023_Q3_holidays_9h,3538.53,0,-2554.45,984.078,0
Antioquia,2023_Q3_holidays_10h,3629.63,0,-2604.04,1025.59,0
Antioquia,2023_Q3_holidays_11h,3710.33,0,-2650.65,1059.68,0
Antioquia,2023_Q3_holidays_12h,3787.48,0,-2699.25,1088.22,0
Antioquia,2023_Q3_holidays_13h,3840.92,0,-2735.97,1104.95,0
Antioquia,2023_Q3_holidays_14h,3860.02,0,-2754.01,1106.01,0
Antioquia,2023_Q3_holidays_15h,3845.35,0,-2752.85,1092.5,0
Antioquia,2023_Q3_holidays_16h,3836.55,0,-2756.03,1080.52,0
Antioquia,2023_Q3_holidays_17h,3832.81,0,-2761.31,1071.5,0
Antioquia,2023_Q3_holidays_18h,3844.38,0,-2771.71,1072.67,0
Antioquia,2023_Q3_holidays_19h,4047.15,0,-2895.87,1151.28,0
Antioquia,2023_Q3_holidays_20h,4178.1,0,-2975.19,1202.91,0
Antioquia,2023_Q3_holidays_21h,4148.38,0,-2957.11,1191.27,0
Antioquia,2023_Q3_holidays_22h,4068.85,0,-2909.04,1159.81,0
Antioquia,2023_Q3_holidays_23h,3935.58,0,-2827.84,1107.75,0
Antioquia,2023_Q4_labor_0h,4048.33,0,-2871.91,1176.42,0
Antioquia,2023_Q4_labor_1h,3905.31,0,-2795.78,1109.54,0
Antioquia,2023_Q4_labor_2h,3819.21,0,-2747.6,1071.61,0
Antioquia,2023_Q4_labor_3h,3754.25,0,-2708.9,1045.35,0
Antioquia,2023_Q4_labor_4h,3720.69,0,-2688.2,1032.49,0
Antioquia,2023_Q4_labor_5h,3764.52,0,-2715.21,1049.31,0
Antioquia,2023_Q4_labor_6h,3849.79,0,-2762.54,1087.25,0
Antioquia,2023_Q4_labor_7h,3890.11,0,-2777.78,1112.33,0
Antioquia,2023_Q4_labor_8h,4022.21,0,-2841.09,1181.12,0
Antioquia,2023_Q4_labor_9h,4148.4,0,-2900.2,1248.21,0
Antioquia,2023_Q4_labor_10h,4230.65,0,-2938.75,1291.9,0
Antioquia,2023_Q4_labor_11h,4327.24,0,-2989.37,1337.87,0
Antioquia,2023_Q4_labor_12h,4392.49,0,-3020.91,1371.58,0
Antioquia,2023_Q4_labor_13h,4387.03,0,-3021.13,1365.9,0
Antioquia,2023_Q4_labor_14h,4410.58,0,-3036.73,1373.85,0
Antioquia,2023_Q4_labor_15h,4449.51,0,-3060.51,1388.99,0
Antioquia,2023_Q4_labor_16h,4454.46,0,-3068.39,1386.07,0
Antioquia,2023_Q4_labor_17h,4429.57,0,-3061.85,1367.73,0
Antioquia,2023_Q4_labor_18h,4405.31,0,-3052.37,1352.94,0
Antioquia,2023_Q4_labor_19h,4526.69,0,-3107.07,1419.62,0
Antioquia,2023_Q4_labor_20h,4522.38,0,-3105.09,1417.29,0
Antioquia,2023_Q4_labor_21h,4467.66,0,-3080.46,1387.2,0
Antioquia,2023_Q4_labor_22h,4361.56,0,-3032.05,1329.51,0
Antioquia,2023_Q4_labor_23h,4210.46,0,-2959.72,1250.74,0
Antioquia,2023_Q4_holidays_0h,4179.1,0,-3085.74,1093.37,0
Antioquia,2023_Q4_holidays_1h,4126.69,0,-3056.15,1070.54,0
Antioquia,2023_Q4_holidays_2h,4012.69,0,-2980.25,1032.44,0
Antioquia,2023_Q4_holidays_3h,3902.83,0,-2902.34,1000.5,0
Antioquia,2023_Q4_holidays_4h,3807.02,0,-2834.48,972.546,0
Antioquia,2023_Q4_holidays_5h,3766.4,0,-2805.77,960.625,0
Antioquia,2023_Q4_holidays_6h,3703.64,0,-2757.65,945.987,0
Antioquia,2023_Q4_holidays_7h,3596.68,0,-2670.6,926.082,0
Antioquia,2023_Q4_holidays_8h,3691.68,0,-2727.88,963.802,0
Antioquia,2023_Q4_holidays_9h,3830.92,0,-2816.79,1014.14,0
Antioquia,2023_Q4_holidays_10h,3959.52,0,-2899.49,1060.04,0
Antioquia,2023_Q4_holidays_11h,4087.66,0,-2986.32,1101.33,0
Antioquia,2023_Q4_holidays_12h,4204.74,0,-3069.64,1135.1,0
Antioquia,2023_Q4_holidays_13h,4250.91,0,-3099.56,1151.34,0
Antioquia,2023_Q4_holidays_14h,4262.95,0,-3111.66,1151.3,0
Antioquia,2023_Q4_holidays_15h,4247.94,0,-3109.68,1138.26,0
Antioquia,2023_Q4_holidays_16h,4245.03,0,-3114.78,1130.25,0
Antioquia,2023_Q4_holidays_17h,4239.94,0,-3117.63,1122.31,0
Antioquia,2023_Q4_holidays_18h,4289.52,0,-3146.14,1143.38,0
Antioquia,2023_Q4_holidays_19h,4480.29,0,-3241.03,1239.26,0
Antioquia,2023_Q4_holidays_20h,4513.7,0,-3256.41,1257.29,0
Antioquia,2023_Q4_holidays_21h,4485.31,0,-3243.32,1241.99,0
Antioquia,2023_Q4_holidays_22h,4419.8,0,-3212.09,1207.72,0
Antioquia,2023_Q4_holidays_23h,4312.61,0,-3158.06,1154.55,0
Antioquia,2024_Q1_labor_0h,3962.64,0,-2833.9,1128.74,0
Antioquia,2024_Q1_labor_1h,3822.66,0,-2762.39,1060.27,0
Antioquia,2024_Q1_labor_2h,3743.17,0,-2718.6,1024.57,0
Antioquia,2024_Q1_labor_3h,3681.44,0,-2681.94,999.508,0
Antioquia,2024_Q1_labor_4h,3645.11,0,-2659.81,985.301,0
Antioquia,2024_Q1_labor_5h,3682.48,0,-2683.2,999.278,0
Antioquia,2024_Q1_labor_6h,3759.62,0,-2716.67,1042.95,0
Antioquia,2024_Q1_labor_7h,3715.6,0,-2655.76,1059.84,0
Antioquia,2024_Q1_labor_8h,3702.23,0,-2588.79,1113.44,0
Antioquia,2024_Q1_labor_9h,3750.9,0,-2571.15,1179.75,0
Antioquia,2024_Q1_labor_10h,3765.6,0,-2543.36,1222.24,0
Antioquia,2024_Q1_labor_11h,3851.33,0,-2585.8,1265.52,0
Antioquia,2024_Q1_labor_12h,3964.44,0,-2663.28,1301.15,0
Antioquia,2024_Q1_labor_13h,4020.45,0,-2721.91,1298.54,0
Antioquia,2024_Q1_labor_14h,4114.74,0,-2808.38,1306.37,0
Antioquia,2024_Q1_labor_15h,4220.76,0,-2898.11,1322.65,0
Antioquia,2024_Q1_labor_16h,4267.82,0,-2947.21,1320.61,0
Antioquia,2024_Q1_labor_17h,4251.93,0,-2951.33,1300.6,0
Antioquia,2024_Q1_labor_18h,4202.26,0,-2932.87,1269.38,0
Antioquia,2024_Q1_labor_19h,4318.46,0,-2984.99,1333.47,0
Antioquia,2024_Q1_labor_20h,4376.08,0,-3012.48,1363.61,0
Antioquia,2024_Q1_labor_21h,4319,0,-2985.1,1333.9,0
Antioquia,2024_Q1_labor_22h,4220.67,0,-2940.62,1280.05,0
Antioquia,2024_Q1_labor_23h,4091.24,0,-2888.11,1203.13,0
Antioquia,2024_Q1_holidays_0h,3744.39,0,-2639.48,1104.91,0
Antioquia,2024_Q1_holidays_1h,3720.37,0,-2625.46,1094.91,0
Antioquia,2024_Q1_holidays_2h,3627.04,0,-2565.01,1062.03,0
Antioquia,2024_Q1_holidays_3h,3537.16,0,-2507.29,1029.86,0
Antioquia,2024_Q1_holidays_4h,3498.71,0,-2481.97,1016.74,0
Antioquia,2024_Q1_holidays_5h,3513.91,0,-2492.29,1021.62,0
Antioquia,2024_Q1_holidays_6h,3543.55,0,-2500.85,1042.7,0
Antioquia,2024_Q1_holidays_7h,3464.81,0,-2414.35,1050.46,0
Antioquia,2024_Q1_holidays_8h,3450,0,-2345.68,1104.32,0
Antioquia,2024_Q1_holidays_9h,3546,0,-2367.74,1178.27,0
Antioquia,2024_Q1_holidays_10h,3587.69,0,-2359.18,1228.5,0
Antioquia,2024_Q1_holidays_11h,3687.41,0,-2415.45,1271.95,0
Antioquia,2024_Q1_holidays_12h,3808.9,0,-2506.74,1302.16,0
Antioquia,2024_Q1_holidays_13h,3883.19,0,-2584.16,1299.03,0
Antioquia,2024_Q1_holidays_14h,3935.44,0,-2651.4,1284.04,0
Antioquia,2024_Q1_holidays_15h,3969.05,0,-2704.54,1264.51,0
Antioquia,2024_Q1_holidays_16h,4042.46,0,-2787.5,1254.96,0
Antioquia,2024_Q1_holidays_17h,4043.54,0,-2808.92,1234.62,0
Antioquia,2024_Q1_holidays_18h,4035.17,0,-2809.24,1225.94,0
Antioquia,2024_Q1_holidays_19h,4200.63,0,-2895.26,1305.38,0
Antioquia,2024_Q1_holidays_20h,4256.19,0,-2924.45,1331.74,0
Antioquia,2024_Q1_holidays_21h,4176.28,0,-2881.42,1294.86,0
Antioquia,2024_Q1_holidays_22h,4051.2,0,-2816.64,1234.56,0
Antioquia,2024_Q1_holidays_23h,3912.51,0,-2745.41,1167.11,0
Antioquia,2024_Q2_labor_0h,3740.56,0,-2636.81,1103.75,0
Antioquia,2024_Q2_labor_1h,3607.23,0,-2558.38,1048.85,0
Antioquia,2024_Q2_labor_2h,3516.77,0,-2504.27,1012.5,0
Antioquia,2024_Q2_labor_3h,3448.5,0,-2462.06,986.437,0
Antioquia,2024_Q2_labor_4h,3412.78,0,-2439.49,973.288,0
Antioquia,2024_Q2_labor_5h,3454.35,0,-2466.17,988.182,0
Antioquia,2024_Q2_labor_6h,3527.39,0,-2501.08,1026.31,0
Antioquia,2024_Q2_labor_7h,3488.79,0,-2447.96,1040.83,0
Antioquia,2024_Q2_labor_8h,3550.74,0,-2450.25,1100.49,0
Antioquia,2024_Q2_labor_9h,3604.64,0,-2440.31,1164.32,0
Antioquia,2024_Q2_labor_10h,3631.28,0,-2424.16,1207.12,0
Antioquia,2024_Q2_labor_11h,3722.43,0,-2471.64,1250.78,0
Antioquia,2024_Q2_labor_12h,3840.66,0,-2556.43,1284.23,0
Antioquia,2024_Q2_labor_13h,3860.53,0,-2582.04,1278.49,0
Antioquia,2024_Q2_labor_14h,3927.06,0,-2643.48,1283.57,0
Antioquia,2024_Q2_labor_15h,4027.01,0,-2734.25,1292.76,0
Antioquia,2024_Q2_labor_16h,4063.2,0,-2772.92,1290.28,0
Antioquia,2024_Q2_labor_17h,4048.29,0,-2777.21,1271.08,0
Antioquia,2024_Q2_labor_18h,4005.54,0,-2761.47,1244.07,0
Antioquia,2024_Q2_labor_19h,4132.52,0,-2819.73,1312.79,0
Antioquia,2024_Q2_labor_20h,4190.96,0,-2848.23,1342.73,0
Antioquia,2024_Q2_labor_21h,4134.63,0,-2820.83,1313.8,0
Antioquia,2024_Q2_labor_22h,4025.97,0,-2770.53,1255.44,0
Antioquia,2024_Q2_labor_23h,3885.96,0,-2710.16,1175.8,0
Antioquia,2024_Q2_holidays_0h,3707.39,0,-2572.36,1135.03,0
Antioquia,2024_Q2_holidays_1h,3504.74,0,-2440.7,1064.04,0
Antioquia,2024_Q2_holidays_2h,3411.54,0,-2381.48,1030.06,0
Antioquia,2024_Q2_holidays_3h,3346.18,0,-2341.51,1004.68,0
Antioquia,2024_Q2_holidays_4h,3316.78,0,-2323.37,993.407,0
Antioquia,2024_Q2_holidays_5h,3381.65,0,-2363.96,1017.7,0
Antioquia,2024_Q2_holidays_6h,3510.47,0,-2437.18,1073.29,0
Antioquia,2024_Q2_holidays_7h,3521.96,0,-2428.03,1093.93,0
Antioquia,2024_Q2_holidays_8h,3631.58,0,-2476.38,1155.2,0
Antioquia,2024_Q2_holidays_9h,3744.15,0,-2527.64,1216.51,0
Antioquia,2024_Q2_holidays_10h,3795.38,0,-2540.44,1254.95,0
Antioquia,2024_Q2_holidays_11h,3899.61,0,-2599.96,1299.65,0
Antioquia,2024_Q2_holidays_12h,3975.28,0,-2642.38,1332.9,0
Antioquia,2024_Q2_holidays_13h,3960.13,0,-2640.92,1319.21,0
Antioquia,2024_Q2_holidays_14h,4017.27,0,-2688.66,1328.61,0
Antioquia,2024_Q2_holidays_15h,4143.89,0,-2793.4,1350.5,0
Antioquia,2024_Q2_holidays_16h,4224.26,0,-2873.76,1350.5,0
Antioquia,2024_Q2_holidays_17h,4215.31,0,-2887.35,1327.96,0
Antioquia,2024_Q2_holidays_18h,4134.93,0,-2847.01,1287.92,0
Antioquia,2024_Q2_holidays_19h,4256.17,0,-2912.78,1343.38,0
Antioquia,2024_Q2_holidays_20h,4304.58,0,-2937.4,1367.18,0
Antioquia,2024_Q2_holidays_21h,4243.39,0,-2906.03,1337.36,0
Antioquia,2024_Q2_holidays_22h,4121.12,0,-2841.23,1279.89,0
Antioquia,2024_Q2_holidays_23h,3916.6,0,-2710.75,1205.86,0
Antioquia,2024_Q3_labor_0h,3731.65,0,-2588.97,1142.68,0
Antioquia,2024_Q3_labor_1h,3587.27,0,-2501.6,1085.67,0
Antioquia,2024_Q3_labor_2h,3493.31,0,-2445.92,1047.39,0
Antioquia,2024_Q3_labor_3h,3425.89,0,-2405.91,1019.98,0
Antioquia,2024_Q3_labor_4h,3389.77,0,-2384.58,1005.19,0
Antioquia,2024_Q3_labor_5h,3414.23,0,-2398.09,1016.14,0
Antioquia,2024_Q3_labor_6h,3459.89,0,-2416.04,1043.84,0
Antioquia,2024_Q3_labor_7h,3451.5,0,-2391.86,1059.64,0
Antioquia,2024_Q3_labor_8h,3549.68,0,-2426.15,1123.52,0
Antioquia,2024_Q3_labor_9h,3655.24,0,-2466.61,1188.64,0
Antioquia,2024_Q3_labor_10h,3723.25,0,-2490.59,1232.66,0
Antioquia,2024_Q3_labor_11h,3808.37,0,-2530.52,1277.85,0
Antioquia,2024_Q3_labor_12h,3888.15,0,-2575.84,1312.31,0
Antioquia,2024_Q3_labor_13h,3904.83,0,-2595.94,1308.89,0
Antioquia,2024_Q3_labor_14h,3966.38,0,-2652.03,1314.35,0
Antioquia,2024_Q3_labor_15h,4070.1,0,-2746.59,1323.51,0
Antioquia,2024_Q3_labor_16h,4139.15,0,-2819.99,1319.16,0
Antioquia,2024_Q3_labor_17h,4130.34,0,-2829.08,1301.25,0
Antioquia,2024_Q3_labor_18h,4076.58,0,-2805.46,1271.12,0
Antioquia,2024_Q3_labor_19h,4203.12,0,-2873.8,1329.32,0
Antioquia,2024_Q3_labor_20h,4298.74,0,-2926.82,1371.92,0
Antioquia,2024_Q3_labor_21h,4243.86,0,-2896.15,1347.71,0
Antioquia,2024_Q3_labor_22h,4124.32,0,-2830.82,1293.5,0
Antioquia,2024_Q3_labor_23h,3931.69,0,-2714.98,1216.72,0
Antioquia,2024_Q3_holidays_0h,3623.82,0,-2442.08,1181.74,0
Antioquia,2024_Q3_holidays_1h,3452.28,0,-2342.48,1109.8,0
Antioquia,2024_Q3_holidays_2h,3361.81,0,-2289.7,1072.11,0
Antioquia,2024_Q3_holidays_3h,3289.87,0,-2247.51,1042.36,0
Antioquia,2024_Q3_holidays_4h,3261.14,0,-2230.89,1030.25,0
Antioquia,2024_Q3_holidays_5h,3306.48,0,-2257.24,1049.24,0
Antioquia,2024_Q3_holidays_6h,3402.1,0,-2307.96,1094.15,0
Antioquia,2024_Q3_holidays_7h,3433.61,0,-2310.28,1123.33,0
Antioquia,2024_Q3_holidays_8h,3559.17,0,-2364.82,1194.35,0
Antioquia,2024_Q3_holidays_9h,3682.32,0,-2419.25,1263.07,0
Antioquia,2024_Q3_holidays_10h,3751.39,0,-2446.42,1304.97,0
Antioquia,2024_Q3_holidays_11h,3848.29,0,-2496,1352.29,0
Antioquia,2024_Q3_holidays_12h,3930.65,0,-2544.5,1386.14,0
Antioquia,2024_Q3_holidays_13h,3927.93,0,-2549.83,1378.1,0
Antioquia,2024_Q3_holidays_14h,3983.23,0,-2593.77,1389.46,0
Antioquia,2024_Q3_holidays_15h,4071.64,0,-2659.86,1411.78,0
Antioquia,2024_Q3_holidays_16h,4097.58,0,-2691.9,1405.67,0
Antioquia,2024_Q3_holidays_17h,4077.95,0,-2696.71,1381.24,0
Antioquia,2024_Q3_holidays_18h,3988.47,0,-2652.77,1335.7,0
Antioquia,2024_Q3_holidays_19h,4086.13,0,-2707.16,1378.97,0
Antioquia,2024_Q3_holidays_20h,4161.25,0,-2748.49,1412.76,0
Antioquia,2024_Q3_holidays_21h,4105.07,0,-2717.47,1387.6,0
Antioquia,2024_Q3_holidays_22h,3975.73,0,-2645.26,1330.48,0
Antioquia,2024_Q3_holidays_23h,3797.15,0,-2542.87,1254.29,0
Antioquia,2024_Q4_labor_0h,4102.16,0,-2908.36,1193.79,0
Antioquia,2024_Q4_labor_1h,3975.17,0,-2843.36,1131.81,0
Antioquia,2024_Q4_labor_2h,3893.71,0,-2800.66,1093.04,0
Antioquia,2024_Q4_labor_3h,3823.16,0,-2757.64,1065.52,0
Antioquia,2024_Q4_labor_4h,3778.87,0,-2728.98,1049.89,0
Antioquia,2024_Q4_labor_5h,3818.67,0,-2756.55,1062.12,0
Antioquia,2024_Q4_labor_6h,3879.78,0,-2788.5,1091.28,0
Antioquia,2024_Q4_labor_7h,3867.68,0,-2758.58,1109.1,0
Antioquia,2024_Q4_labor_8h,3968.25,0,-2793.27,1174.98,0
Antioquia,2024_Q4_labor_9h,4072.81,0,-2831.85,1240.96,0
Antioquia,2024_Q4_labor_10h,4140.29,0,-2853.72,1286.57,0
Antioquia,2024_Q4_labor_11h,4241.03,0,-2907.81,1333.22,0
Antioquia,2024_Q4_labor_12h,4326.12,0,-2958.24,1367.88,0
Antioquia,2024_Q4_labor_13h,4335.17,0,-2969.46,1365.71,0
Antioquia,2024_Q4_labor_14h,4369.79,0,-2997.47,1372.32,0
Antioquia,2024_Q4_labor_15h,4415.87,0,-3033.58,1382.29,0
Antioquia,2024_Q4_labor_16h,4434.74,0,-3056.37,1378.37,0
Antioquia,2024_Q4_labor_17h,4425.44,0,-3063.41,1362.03,0
Antioquia,2024_Q4_labor_18h,4416.02,0,-3062.48,1353.54,0
Antioquia,2024_Q4_labor_19h,4556.96,0,-3128.24,1428.73,0
Antioquia,2024_Q4_labor_20h,4559.84,0,-3129.5,1430.34,0
Antioquia,2024_Q4_labor_21h,4505.68,0,-3104.34,1401.34,0
Antioquia,2024_Q4_labor_22h,4401.23,0,-3055.15,1346.09,0
Antioquia,2024_Q4_labor_23h,4250.77,0,-2982.39,1268.38,0
Antioquia,2024_Q4_holidays_0h,4443.16,0,-3209.46,1233.7,0
Antioquia,2024_Q4_holidays_1h,4265.72,0,-3096.99,1168.73,0
Antioquia,2024_Q4_holidays_2h,4130.68,0,-3002.96,1127.72,0
Antioquia,2024_Q4_holidays_3h,4020.13,0,-2922.47,1097.66,0
Antioquia,2024_Q4_holidays_4h,3964.61,0,-2881.44,1083.17,0
Antioquia,2024_Q4_holidays_5h,4046.14,0,-2944.67,1101.47,0
Antioquia,2024_Q4_holidays_6h,4179.51,0,-3033.6,1145.91,0
Antioquia,2024_Q4_holidays_7h,4157.98,0,-2984.52,1173.45,0
Antioquia,2024_Q4_holidays_8h,4240.99,0,-2998.86,1242.13,0
Antioquia,2024_Q4_holidays_9h,4343.1,0,-3030.38,1312.71,0
Antioquia,2024_Q4_holidays_10h,4378.48,0,-3022.12,1356.36,0
Antioquia,2024_Q4_holidays_11h,4496.92,0,-3093.79,1403.13,0
Antioquia,2024_Q4_holidays_12h,4649.16,0,-3210.89,1438.27,0
Antioquia,2024_Q4_holidays_13h,4690.21,0,-3257.34,1432.87,0
Antioquia,2024_Q4_holidays_14h,4764.46,0,-3322.15,1442.31,0
Antioquia,2024_Q4_holidays_15h,4905.12,0,-3442.47,1462.64,0
Antioquia,2024_Q4_holidays_16h,4990.02,0,-3530.21,1459.81,0
Antioquia,2024_Q4_holidays_17h,4976.03,0,-3539.66,1436.37,0
Antioquia,2024_Q4_holidays_18h,4917.27,0,-3499.68,1417.59,0
Antioquia,2024_Q4_holidays_19h,5070.78,0,-3593.48,1477.3,0
Antioquia,2024_Q4_holidays_20h,5050.27,0,-3578.44,1471.84,0
Antioquia,2024_Q4_holidays_21h,4977.73,0,-3533.65,1444.08,0
Antioquia,2024_Q4_holidays_22h,4804.3,0,-3420.52,1383.78,0
Antioquia,2024_Q4_holidays_23h,4607.32,0,-3298.85,1308.47,0
Antioquia,2025_Q1_labor_0h,3971.18,0,-2836.06,1135.12,0
Antioquia,2025_Q1_labor_1h,3850.39,0,-2772.24,1078.15,0
Antioquia,2025_Q1_labor_2h,3768.08,0,-2726.26,1041.82,0
Antioquia,2025_Q1_labor_3h,3701.9,0,-2686.72,1015.18,0
Antioquia,2025_Q1_labor_4h,3667.12,0,-2665.55,1001.57,0
Antioquia,2025_Q1_labor_5h,3696.38,0,-2683.97,1012.41,0
Antioquia,2025_Q1_labor_6h,3746.99,0,-2701.22,1045.77,0
Antioquia,2025_Q1_labor_7h,3670.6,0,-2609.23,1061.37,0
Antioquia,2025_Q1_labor_8h,3664.62,0,-2543.38,1121.24,0
Antioquia,2025_Q1_labor_9h,3718,0,-2527.37,1190.63,0
Antioquia,2025_Q1_labor_10h,3739.87,0,-2503.29,1236.58,0
Antioquia,2025_Q1_labor_11h,3825.6,0,-2545.34,1280.26,0
Antioquia,2025_Q1_labor_12h,3935.27,0,-2620.9,1314.37,0
Antioquia,2025_Q1_labor_13h,3993.09,0,-2681.57,1311.52,0
Antioquia,2025_Q1_labor_14h,4103.15,0,-2790.16,1312.99,0
Antioquia,2025_Q1_labor_15h,4201.16,0,-2879.87,1321.3,0
Antioquia,2025_Q1_labor_16h,4282.27,0,-2965.38,1316.9,0
Antioquia,2025_Q1_labor_17h,4267.65,0,-2971.37,1296.28,0
Antioquia,2025_Q1_labor_18h,4236.68,0,-2960.93,1275.74,0
Antioquia,2025_Q1_labor_19h,4375.04,0,-3026.45,1348.59,0
Antioquia,2025_Q1_labor_20h,4411.34,0,-3044.53,1366.81,0
Antioquia,2025_Q1_labor_21h,4347.64,0,-3012.74,1334.9,0
Antioquia,2025_Q1_labor_22h,4243.33,0,-2963.72,1279.6,0
Antioquia,2025_Q1_labor_23h,4115.15,0,-2909.88,1205.27,0
Antioquia,2025_Q1_holidays_0h,3876.81,0,-2716.69,1160.12,0
Antioquia,2025_Q1_holidays_1h,3697.52,0,-2606,1091.52,0
Antioquia,2025_Q1_holidays_2h,3590.18,0,-2537.85,1052.33,0
Antioquia,2025_Q1_holidays_3h,3516.66,0,-2490.91,1025.75,0
Antioquia,2025_Q1_holidays_4h,3470.67,0,-2460.85,1009.82,0
Antioquia,2025_Q1_holidays_5h,3518.1,0,-2491.96,1026.14,0
Antioquia,2025_Q1_holidays_6h,3610.2,0,-2540.5,1069.7,0
Antioquia,2025_Q1_holidays_7h,3585.54,0,-2490.39,1095.15,0
Antioquia,2025_Q1_holidays_8h,3598.67,0,-2438.77,1159.89,0
Antioquia,2025_Q1_holidays_9h,3662.44,0,-2434.37,1228.07,0
Antioquia,2025_Q1_holidays_10h,3666.89,0,-2396.37,1270.52,0
Antioquia,2025_Q1_holidays_11h,3764.84,0,-2450.77,1314.07,0
Antioquia,2025_Q1_holidays_12h,3926.41,0,-2572.14,1354.27,0
Antioquia,2025_Q1_holidays_13h,4006.95,0,-2655.95,1351,0
Antioquia,2025_Q1_holidays_14h,4111.68,0,-2753.83,1357.86,0
Antioquia,2025_Q1_holidays_15h,4245.07,0,-2868.33,1376.74,0
Antioquia,2025_Q1_holidays_16h,4307.05,0,-2932.03,1375.02,0
Antioquia,2025_Q1_holidays_17h,4290.81,0,-2938.05,1352.76,0
Antioquia,2025_Q1_holidays_18h,4245.07,0,-2919.2,1325.88,0
Antioquia,2025_Q1_holidays_19h,4389.42,0,-2995.21,1394.21,0
Antioquia,2025_Q1_holidays_20h,4421.97,0,-3012.24,1409.72,0
Antioquia,2025_Q1_holidays_21h,4347.14,0,-2971.67,1375.46,0
Antioquia,2025_Q1_holidays_22h,4222.35,0,-2906.52,1315.83,0
Antioquia,2025_Q1_holidays_23h,4061.88,0,-2823.78,1238.1,0
Antioquia,2025_Q2_labor_0h,3738.27,0,-2599.46,1138.81,0
Antioquia,2025_Q2_labor_1h,3598.59,0,-2518.87,1079.72,0
Antioquia,2025_Q2_labor_2h,3512.33,0,-2469.6,1042.72,0
Antioquia,2025_Q2_labor_3h,3448.74,0,-2432.51,1016.22,0
Antioquia,2025_Q2_labor_4h,3415.82,0,-2412.99,1002.83,0
Antioquia,2025_Q2_labor_5h,3455.19,0,-2436.8,1018.39,0
Antioquia,2025_Q2_labor_6h,3524.31,0,-2467.22,1057.09,0
Antioquia,2025_Q2_labor_7h,3495.24,0,-2422.97,1072.27,0
Antioquia,2025_Q2_labor_8h,3546.41,0,-2412.1,1134.31,0
Antioquia,2025_Q2_labor_9h,3595.66,0,-2395.72,1199.95,0
Antioquia,2025_Q2_labor_10h,3619.68,0,-2375.46,1244.22,0
Antioquia,2025_Q2_labor_11h,3713.55,0,-2424.31,1289.23,0
Antioquia,2025_Q2_labor_12h,3836.72,0,-2513.59,1323.13,0
Antioquia,2025_Q2_labor_13h,3865,0,-2547.86,1317.14,0
Antioquia,2025_Q2_labor_14h,3925.08,0,-2602.96,1322.12,0
Antioquia,2025_Q2_labor_15h,4028.62,0,-2697.06,1331.55,0
Antioquia,2025_Q2_labor_16h,4075.81,0,-2746.97,1328.84,0
Antioquia,2025_Q2_labor_17h,4062.28,0,-2753.38,1308.9,0
Antioquia,2025_Q2_labor_18h,4017,0,-2736.1,1280.9,0
Antioquia,2025_Q2_labor_19h,4151.66,0,-2801.08,1350.58,0
Antioquia,2025_Q2_labor_20h,4212.93,0,-2832.42,1380.51,0
Antioquia,2025_Q2_labor_21h,4153.35,0,-2802.03,1351.32,0
Antioquia,2025_Q2_labor_22h,4038.3,0,-2746.04,1292.26,0
Antioquia,2025_Q2_labor_23h,3892.18,0,-2680.04,1212.14,0
Antioquia,2025_Q2_holidays_0h,4145.18,0,-2987.93,1157.25,0
Antioquia,2025_Q2_holidays_1h,3946.15,0,-2846.61,1099.53,0
Antioquia,2025_Q2_holidays_2h,3812.91,0,-2751,1061.91,0
Antioquia,2025_Q2_holidays_3h,3717.77,0,-2684.13,1033.63,0
Antioquia,2025_Q2_holidays_4h,3677.06,0,-2655.95,1021.11,0
Antioquia,2025_Q2_holidays_5h,3757.78,0,-2712.97,1044.8,0
Antioquia,2025_Q2_holidays_6h,3932.42,0,-2826.89,1105.53,0
Antioquia,2025_Q2_holidays_7h,3898.95,0,-2773.53,1125.42,0
Antioquia,2025_Q2_holidays_8h,3980.73,0,-2795.74,1184.98,0
Antioquia,2025_Q2_holidays_9h,4082.23,0,-2833.44,1248.79,0
Antioquia,2025_Q2_holidays_10h,4099.79,0,-2812.6,1287.19,0
Antioquia,2025_Q2_holidays_11h,4228.67,0,-2895.69,1332.98,0
Antioquia,2025_Q2_holidays_12h,4345.73,0,-2975.16,1370.57,0
Antioquia,2025_Q2_holidays_13h,4352.67,0,-2995.71,1356.97,0
Antioquia,2025_Q2_holidays_14h,4469.86,0,-3101.61,1368.25,0
Antioquia,2025_Q2_holidays_15h,4606.06,0,-3215.11,1390.95,0
Antioquia,2025_Q2_holidays_16h,4634.06,0,-3242.14,1391.92,0
Antioquia,2025_Q2_holidays_17h,4613.73,0,-3244,1369.72,0
Antioquia,2025_Q2_holidays_18h,4543.26,0,-3213.71,1329.55,0
Antioquia,2025_Q2_holidays_19h,4664.96,0,-3271.57,1393.39,0
Antioquia,2025_Q2_holidays_20h,4719.37,0,-3295.97,1423.4,0
Antioquia,2025_Q2_holidays_21h,4656.52,0,-3267.54,1388.98,0
Antioquia,2025_Q2_holidays_22h,4530.51,0,-3207.09,1323.43,0
Antioquia,2025_Q2_holidays_23h,4344.74,0,-3109.16,1235.58,0
Antioquia,2025_Q3_labor_0h,3720.77,0,-2542.85,1177.92,0
Antioquia,2025_Q3_labor_1h,3590.48,0,-2473.04,1117.44,0
Antioquia,2025_Q3_labor_2h,3508.63,0,-2430.23,1078.39,0
Antioquia,2025_Q3_labor_3h,3447.8,0,-2398.22,1049.59,0
Antioquia,2025_Q3_labor_4h,3416.35,0,-2381.64,1034.71,0
Antioquia,2025_Q3_labor_5h,3440.08,0,-2393.93,1046.15,0
Antioquia,2025_Q3_labor_6h,3484.67,0,-2410.05,1074.62,0
Antioquia,2025_Q3_labor_7h,3483.18,0,-2391.51,1091.67,0
Antioquia,2025_Q3_labor_8h,3578.32,0,-2420.14,1158.19,0
Antioquia,2025_Q3_labor_9h,3680.16,0,-2454.06,1226.11,0
Antioquia,2025_Q3_labor_10h,3746.14,0,-2474.32,1271.82,0
Antioquia,2025_Q3_labor_11h,3826.17,0,-2507.69,1318.48,0
Antioquia,2025_Q3_labor_12h,3897.73,0,-2544,1353.73,0
Antioquia,2025_Q3_labor_13h,3908.93,0,-2558.21,1350.72,0
Antioquia,2025_Q3_labor_14h,3954.04,0,-2597.97,1356.07,0
Antioquia,2025_Q3_labor_15h,4043.32,0,-2678.21,1365.11,0
Antioquia,2025_Q3_labor_16h,4121.56,0,-2761.97,1359.59,0
Antioquia,2025_Q3_labor_17h,4114.66,0,-2774.17,1340.49,0
Antioquia,2025_Q3_labor_18h,4057.78,0,-2748.68,1309.09,0
Antioquia,2025_Q3_labor_19h,4190.77,0,-2823.06,1367.72,0
Antioquia,2025_Q3_labor_20h,4290.96,0,-2880.57,1410.38,0
Antioquia,2025_Q3_labor_21h,4232.52,0,-2846.79,1385.72,0
Antioquia,2025_Q3_labor_22h,4104.68,0,-2774.47,1330.21,0
Antioquia,2025_Q3_labor_23h,3902.58,0,-2649.94,1252.63,0
Antioquia,2025_Q3_holidays_0h,4036.24,0,-2827.26,1208.98,0
Antioquia,2025_Q3_holidays_1h,3864.87,0,-2719.08,1145.79,0
Antioquia,2025_Q3_holidays_2h,3756.38,0,-2651.6,1104.78,0
Antioquia,2025_Q3_holidays_3h,3682.89,0,-2605.38,1077.51,0
Antioquia,2025_Q3_holidays_4h,3646.67,0,-2583.82,1062.86,0
Antioquia,2025_Q3_holidays_5h,3695.99,0,-2615.07,1080.92,0
Antioquia,2025_Q3_holidays_6h,3794.25,0,-2667.97,1126.28,0
Antioquia,2025_Q3_holidays_7h,3804.05,0,-2653.01,1151.04,0
Antioquia,2025_Q3_holidays_8h,3921.27,0,-2701.64,1219.63,0
Antioquia,2025_Q3_holidays_9h,4035.19,0,-2749.8,1285.4,0
Antioquia,2025_Q3_holidays_10h,4101.38,0,-2774.71,1326.67,0
Antioquia,2025_Q3_holidays_11h,4205.32,0,-2830.69,1374.63,0
Antioquia,2025_Q3_holidays_12h,4302.14,0,-2891.3,1410.83,0
Antioquia,2025_Q3_holidays_13h,4299.87,0,-2899.79,1400.08,0
Antioquia,2025_Q3_holidays_14h,4384.98,0,-2972.13,1412.86,0
Antioquia,2025_Q3_holidays_15h,4535.51,0,-3098.41,1437.09,0
Antioquia,2025_Q3_holidays_16h,4614.58,0,-3177.85,1436.73,0
Antioquia,2025_Q3_holidays_17h,4605.47,0,-3189.81,1415.65,0
Antioquia,2025_Q3_holidays_18h,4510.86,0,-3138.96,1371.91,0
Antioquia,2025_Q3_holidays_19h,4637.96,0,-3213,1424.96,0
Antioquia,2025_Q3_holidays_20h,4728.77,0,-3261.63,1467.13,0
Antioquia,2025_Q3_holidays_21h,4670.2,0,-3230.44,1439.75,0
Antioquia,2025_Q3_holidays_22h,4530.91,0,-3151.58,1379.33,0
Antioquia,2025_Q3_holidays_23h,4276.23,0,-2983.83,1292.4,0
Antioquia,2025_Q4_labor_0h,4139.74,0,-2910.37,1229.37,0
Antioquia,2025_Q4_labor_1h,4014.29,0,-2847.1,1167.19,0
Antioquia,2025_Q4_labor_2h,3930.91,0,-2804.15,1126.76,0
Antioquia,2025_Q4_labor_3h,3857.35,0,-2759.26,1098.09,0
Antioquia,2025_Q4_labor_4h,3814.39,0,-2732.57,1081.82,0
Antioquia,2025_Q4_labor_5h,3850.01,0,-2756.21,1093.79,0
Antioquia,2025_Q4_labor_6h,3909.13,0,-2785.91,1123.21,0
Antioquia,2025_Q4_labor_7h,3897.79,0,-2756.32,1141.47,0
Antioquia,2025_Q4_labor_8h,3997.49,0,-2788.46,1209.03,0
Antioquia,2025_Q4_labor_9h,4105.11,0,-2826.71,1278.4,0
Antioquia,2025_Q4_labor_10h,4171.99,0,-2846.83,1325.16,0
Antioquia,2025_Q4_labor_11h,4270.45,0,-2897.15,1373.3,0
Antioquia,2025_Q4_labor_12h,4359.19,0,-2950.99,1408.2,0
Antioquia,2025_Q4_labor_13h,4369.54,0,-2963.41,1406.13,0
Antioquia,2025_Q4_labor_14h,4404.97,0,-2992.78,1412.19,0
Antioquia,2025_Q4_labor_15h,4452.12,0,-3030.62,1421.5,0
Antioquia,2025_Q4_labor_16h,4472.02,0,-3055.15,1416.87,0
Antioquia,2025_Q4_labor_17h,4463.7,0,-3063.75,1399.96,0
Antioquia,2025_Q4_labor_18h,4455.5,0,-3063.81,1391.7,0
Antioquia,2025_Q4_labor_19h,4599.29,0,-3130.59,1468.7,0
Antioquia,2025_Q4_labor_20h,4602.41,0,-3131.97,1470.44,0
Antioquia,2025_Q4_labor_21h,4546.87,0,-3106.24,1440.64,0
Antioquia,2025_Q4_labor_22h,4440.17,0,-3056.27,1383.9,0
Antioquia,2025_Q4_labor_23h,4290.44,0,-2984.53,1305.91,0
Antioquia,2025_Q4_holidays_0h,4484,0,-3211.89,1272.11,0
Antioquia,2025_Q4_holidays_1h,4241.55,0,-3046.33,1195.23,0
Antioquia,2025_Q4_holidays_2h,4096.69,0,-2940.67,1156.02,0
Antioquia,2025_Q4_holidays_3h,3975.6,0,-2848.61,1126.99,0
Antioquia,2025_Q4_holidays_4h,3914.85,0,-2801.76,1113.09,0
Antioquia,2025_Q4_holidays_5h,4024.69,0,-2889.03,1135.66,0
Antioquia,2025_Q4_holidays_6h,4192.93,0,-3007.83,1185.1,0
Antioquia,2025_Q4_holidays_7h,4176.5,0,-2962.45,1214.06,0
Antioquia,2025_Q4_holidays_8h,4284.45,0,-2997.85,1286.6,0
Antioquia,2025_Q4_holidays_9h,4370.46,0,-3019.64,1350.82,0
Antioquia,2025_Q4_holidays_10h,4417.77,0,-3020.66,1397.11,0
Antioquia,2025_Q4_holidays_11h,4543.54,0,-3098.82,1444.72,0
Antioquia,2025_Q4_holidays_12h,4722.58,0,-3236.88,1485.7,0
Antioquia,2025_Q4_holidays_13h,4763.26,0,-3284.1,1479.16,0
Antioquia,2025_Q4_holidays_14h,4823.77,0,-3330.38,1493.39,0
Antioquia,2025_Q4_holidays_15h,4913,0,-3392.92,1520.08,0
Antioquia,2025_Q4_holidays_16h,4952.11,0,-3431.39,1520.72,0
Antioquia,2025_Q4_holidays_17h,4932.3,0,-3435.23,1497.07,0
Antioquia,2025_Q4_holidays_18h,4889.71,0,-3414.9,1474.81,0
Antioquia,2025_Q4_holidays_19h,5016.57,0,-3477.58,1538.99,0
Antioquia,2025_Q4_holidays_20h,5000.96,0,-3468.09,1532.87,0
Antioquia,2025_Q4_holidays_21h,4943.36,0,-3439.48,1503.88,0
Antioquia,2025_Q4_holidays_22h,4819.42,0,-3378.73,1440.7,0
Antioquia,2025_Q4_holidays_23h,4642.34,0,-3291.51,1350.84,0
Antioquia,2026_Q1_labor_0h,4850.82,0,-3681.25,1169.57,0
Antioquia,2026_Q1_labor_1h,4766.55,0,-3656.75,1109.8,0
Antioquia,2026_Q1_labor_2h,4711.78,0,-3639.9,1071.88,0
Antioquia,2026_Q1_labor_3h,4671.51,0,-3627.04,1044.47,0
Antioquia,2026_Q1_labor_4h,4649.87,0,-3619.79,1030.07,0
Antioquia,2026_Q1_labor_5h,4666.54,0,-3625.51,1041.03,0
Antioquia,2026_Q1_labor_6h,4708.56,0,-3633.97,1074.6,0
Antioquia,2026_Q1_labor_7h,4653.99,0,-3563.86,1090.13,0
Antioquia,2026_Q1_labor_8h,4594.63,0,-3443.66,1150.97,0
Antioquia,2026_Q1_labor_9h,4608.16,0,-3385.58,1222.58,0
Antioquia,2026_Q1_labor_10h,4598.31,0,-3328.26,1270.05,0
Antioquia,2026_Q1_labor_11h,4678.01,0,-3363.25,1314.76,0
Antioquia,2026_Q1_labor_12h,4806.48,0,-3456.02,1350.45,0
Antioquia,2026_Q1_labor_13h,4896.87,0,-3548.41,1348.46,0
Antioquia,2026_Q1_labor_14h,5035.7,0,-3685.77,1349.93,0
Antioquia,2026_Q1_labor_15h,5067.9,0,-3709.3,1358.6,0
Antioquia,2026_Q1_labor_16h,5094.58,0,-3740.19,1354.39,0
Antioquia,2026_Q1_labor_17h,5082.23,0,-3748.69,1333.54,0
Antioquia,2026_Q1_labor_18h,5059.87,0,-3746.73,1313.14,0
Antioquia,2026_Q1_labor_19h,5162.54,0,-3773.29,1389.25,0
Antioquia,2026_Q1_labor_20h,5187.61,0,-3779.42,1408.19,0
Antioquia,2026_Q1_labor_21h,5143.99,0,-3768.43,1375.56,0
Antioquia,2026_Q1_labor_22h,5066.86,0,-3748.36,1318.5,0
Antioquia,2026_Q1_labor_23h,4955.36,0,-3713.32,1242.04,0
Antioquia,2026_Q1_holidays_0h,4948.65,0,-3754.17,1194.48,0
Antioquia,2026_Q1_holidays_1h,4858.73,0,-3728.81,1129.92,0
Antioquia,2026_Q1_holidays_2h,4799.6,0,-3707.05,1092.56,0
Antioquia,2026_Q1_holidays_3h,4750.13,0,-3685.12,1065.02,0
Antioquia,2026_Q1_holidays_4h,4720.11,0,-3669.28,1050.83,0
Antioquia,2026_Q1_holidays_5h,4758.67,0,-3689.21,1069.46,0
Antioquia,2026_Q1_holidays_6h,4833.09,0,-3712.67,1120.42,0
Antioquia,2026_Q1_holidays_7h,4842.92,0,-3691.98,1150.93,0
Antioquia,2026_Q1_holidays_8h,4868.89,0,-3645.48,1223.41,0
Antioquia,2026_Q1_holidays_9h,4886.86,0,-3594.23,1292.64,0
Antioquia,2026_Q1_holidays_10h,4854.54,0,-3519.44,1335.11,0
Antioquia,2026_Q1_holidays_11h,4941.94,0,-3560.16,1381.77,0
Antioquia,2026_Q1_holidays_12h,5085.15,0,-3665.08,1420.08,0
Antioquia,2026_Q1_holidays_13h,5150.45,0,-3739.91,1410.55,0
Antioquia,2026_Q1_holidays_14h,5178.48,0,-3760.07,1418.41,0
Antioquia,2026_Q1_holidays_15h,5224.32,0,-3786.31,1438.01,0
Antioquia,2026_Q1_holidays_16h,5228.03,0,-3793.66,1434.37,0
Antioquia,2026_Q1_holidays_17h,5204.01,0,-3795.22,1408.8,0
Antioquia,2026_Q1_holidays_18h,5167.25,0,-3791.59,1375.66,0
Antioquia,2026_Q1_holidays_19h,5240.66,0,-3802,1438.65,0
Antioquia,2026_Q1_holidays_20h,5257.64,0,-3804.35,1453.28,0
Antioquia,2026_Q1_holidays_21h,5214.22,0,-3798.01,1416.21,0
Antioquia,2026_Q1_holidays_22h,5143.01,0,-3787.9,1355.11,0
Antioquia,2026_Q1_holidays_23h,5047.53,0,-3773.48,1274.05,0
Antioquia,2026_Q2_labor_0h,4923.8,0,-3752.51,1171.29,0
Antioquia,2026_Q2_labor_1h,4848.5,0,-3735.15,1113.35,0
Antioquia,2026_Q2_labor_2h,4798.44,0,-3723.48,1074.96,0
Antioquia,2026_Q2_labor_3h,4760.76,0,-3713.78,1046.99,0
Antioquia,2026_Q2_labor_4h,4741.25,0,-3708.27,1032.98,0
Antioquia,2026_Q2_labor_5h,4763.67,0,-3714.92,1048.75,0
Antioquia,2026_Q2_labor_6h,4810.26,0,-3722.53,1087.73,0
Antioquia,2026_Q2_labor_7h,4811.29,0,-3708.52,1102.76,0
Antioquia,2026_Q2_labor_8h,4849.77,0,-3683.57,1166.2,0
Antioquia,2026_Q2_labor_9h,4862.52,0,-3629.16,1233.36,0
Antioquia,2026_Q2_labor_10h,4860.85,0,-3581.77,1279.08,0
Antioquia,2026_Q2_labor_11h,4945.86,0,-3620.82,1325.04,0
Antioquia,2026_Q2_labor_12h,5082.69,0,-3722.43,1360.26,0
Antioquia,2026_Q2_labor_13h,5096.49,0,-3742.13,1354.36,0
Antioquia,2026_Q2_labor_14h,5112.71,0,-3753.78,1358.93,0
Antioquia,2026_Q2_labor_15h,5148.38,0,-3780.48,1367.9,0
Antioquia,2026_Q2_labor_16h,5164.48,0,-3799.75,1364.73,0
Antioquia,2026_Q2_labor_17h,5148.21,0,-3803.85,1344.36,0
Antioquia,2026_Q2_labor_18h,5115.57,0,-3799.46,1316.11,0
Antioquia,2026_Q2_labor_19h,5203.72,0,-3815.2,1388.51,0
Antioquia,2026_Q2_labor_20h,5239.99,0,-3820.4,1419.59,0
Antioquia,2026_Q2_labor_21h,5204.64,0,-3815.38,1389.27,0
Antioquia,2026_Q2_labor_22h,5131.17,0,-3802.97,1328.2,0
Antioquia,2026_Q2_labor_23h,5022.74,0,-3776.25,1246.49,0
Antioquia,2026_Q2_holidays_0h,4977.44,0,-3777.47,1199.97,0
Antioquia,2026_Q2_holidays_1h,4850.31,0,-3726.15,1124.16,0
Antioquia,2026_Q2_holidays_2h,4774.37,0,-3687.33,1087.03,0
Antioquia,2026_Q2_holidays_3h,4716.36,0,-3654.52,1061.84,0
Antioquia,2026_Q2_holidays_4h,4687.37,0,-3637.3,1050.07,0
Antioquia,2026_Q2_holidays_5h,4749.51,0,-3674.21,1075.3,0
Antioquia,2026_Q2_holidays_6h,4868.02,0,-3726.93,1141.09,0
Antioquia,2026_Q2_holidays_7h,4866.32,0,-3701.71,1164.6,0
Antioquia,2026_Q2_holidays_8h,4933.85,0,-3705.16,1228.69,0
Antioquia,2026_Q2_holidays_9h,5011.61,0,-3714.54,1297.08,0
Antioquia,2026_Q2_holidays_10h,5038.26,0,-3701.87,1336.39,0
Antioquia,2026_Q2_holidays_11h,5120.5,0,-3734.73,1385.77,0
Antioquia,2026_Q2_holidays_12h,5183.31,0,-3760.79,1422.52,0
Antioquia,2026_Q2_holidays_13h,5176.9,0,-3769.36,1407.54,0
Antioquia,2026_Q2_holidays_14h,5219.18,0,-3797.38,1421.79,0
Antioquia,2026_Q2_holidays_15h,5260.34,0,-3811.99,1448.36,0
Antioquia,2026_Q2_holidays_16h,5267.56,0,-3816.4,1451.16,0
Antioquia,2026_Q2_holidays_17h,5244.7,0,-3817.17,1427.54,0
Antioquia,2026_Q2_holidays_18h,5197.05,0,-3813.27,1383.78,0
Antioquia,2026_Q2_holidays_19h,5266.8,0,-3820.39,1446.41,0
Antioquia,2026_Q2_holidays_20h,5299.47,0,-3823.51,1475.96,0
Antioquia,2026_Q2_holidays_21h,5262.25,0,-3819.91,1442.33,0
Antioquia,2026_Q2_holidays_22h,5188.89,0,-3812.33,1376.56,0
Antioquia,2026_Q2_holidays_23h,5080.21,0,-3798.1,1282.12,0
Antioquia,2026_Q3_labor_0h,4959.55,0,-3746.53,1213.02,0
Antioquia,2026_Q3_labor_1h,4871.49,0,-3718.5,1153,0
Antioquia,2026_Q3_labor_2h,4809.29,0,-3696.85,1112.45,0
Antioquia,2026_Q3_labor_3h,4762.29,0,-3679.53,1082.77,0
Antioquia,2026_Q3_labor_4h,4736.82,0,-3669.8,1067.02,0
Antioquia,2026_Q3_labor_5h,4755.36,0,-3676.93,1078.44,0
Antioquia,2026_Q3_labor_6h,4793,0,-3685.74,1107.26,0
Antioquia,2026_Q3_labor_7h,4797.42,0,-3673.03,1124.39,0
Antioquia,2026_Q3_labor_8h,4881.93,0,-3689.11,1192.82,0
Antioquia,2026_Q3_labor_9h,4969.21,0,-3707.21,1262,0
Antioquia,2026_Q3_labor_10h,5025.74,0,-3716.97,1308.77,0
Antioquia,2026_Q3_labor_11h,5089.05,0,-3732.41,1356.64,0
Antioquia,2026_Q3_labor_12h,5139.12,0,-3746.72,1392.41,0
Antioquia,2026_Q3_labor_13h,5140.64,0,-3751.74,1388.9,0
Antioquia,2026_Q3_labor_14h,5157.74,0,-3763.37,1394.37,0
Antioquia,2026_Q3_labor_15h,5186.7,0,-3783,1403.7,0
Antioquia,2026_Q3_labor_16h,5203.96,0,-3806.36,1397.6,0
Antioquia,2026_Q3_labor_17h,5188.42,0,-3810.24,1378.17,0
Antioquia,2026_Q3_labor_18h,5153.15,0,-3806.53,1346.61,0
Antioquia,2026_Q3_labor_19h,5226.8,0,-3818.91,1407.89,0
Antioquia,2026_Q3_labor_20h,5278.4,0,-3827.18,1451.23,0
Antioquia,2026_Q3_labor_21h,5247.85,0,-3822.22,1425.64,0
Antioquia,2026_Q3_labor_22h,5180.44,0,-3811.31,1369.13,0
Antioquia,2026_Q3_labor_23h,5068.95,0,-3779.28,1289.67,0
Antioquia,2026_Q3_holidays_0h,4872.34,0,-3623.18,1249.16,0
Antioquia,2026_Q3_holidays_1h,4697.72,0,-3527.66,1170.06,0
Antioquia,2026_Q3_holidays_2h,4597.52,0,-3467.84,1129.68,0
Antioquia,2026_Q3_holidays_3h,4517.29,0,-3415.52,1101.77,0
Antioquia,2026_Q3_holidays_4h,4490.21,0,-3400.94,1089.27,0
Antioquia,2026_Q3_holidays_5h,4555.96,0,-3445.36,1110.6,0
Antioquia,2026_Q3_holidays_6h,4654.65,0,-3492.96,1161.69,0
Antioquia,2026_Q3_holidays_7h,4652.08,0,-3461.65,1190.43,0
Antioquia,2026_Q3_holidays_8h,4750.12,0,-3488.35,1261.77,0
Antioquia,2026_Q3_holidays_9h,4853.26,0,-3519.2,1334.06,0
Antioquia,2026_Q3_holidays_10h,4908.7,0,-3530.55,1378.15,0
Antioquia,2026_Q3_holidays_11h,5010.13,0,-3581.36,1428.77,0
Antioquia,2026_Q3_holidays_12h,5111.03,0,-3641.59,1469.44,0
Antioquia,2026_Q3_holidays_13h,5119.59,0,-3659.41,1460.18,0
Antioquia,2026_Q3_holidays_14h,5191.32,0,-3717.14,1474.18,0
Antioquia,2026_Q3_holidays_15h,5267.96,0,-3767.68,1500.27,0
Antioquia,2026_Q3_holidays_16h,5283.74,0,-3780.92,1502.81,0
Antioquia,2026_Q3_holidays_17h,5263.34,0,-3783.87,1479.47,0
Antioquia,2026_Q3_holidays_18h,5199.26,0,-3770.58,1428.68,0
Antioquia,2026_Q3_holidays_19h,5264.59,0,-3787.12,1477.47,0
Antioquia,2026_Q3_holidays_20h,5324.82,0,-3800.28,1524.54,0
Antioquia,2026_Q3_holidays_21h,5290.14,0,-3792.82,1497.32,0
Antioquia,2026_Q3_holidays_22h,5201.74,0,-3771.15,1430.59,0
Antioquia,2026_Q3_holidays_23h,5053.52,0,-3715.91,1337.61,0
Antioquia,2026_Q4_labor_0h,5215,0,-3946.75,1268.25,0
Antioquia,2026_Q4_labor_1h,5150.24,0,-3946.75,1203.48,0
Antioquia,2026_Q4_labor_2h,5108.28,0,-3946.75,1161.53,0
Antioquia,2026_Q4_labor_3h,5078.41,0,-3946.75,1131.66,0
Antioquia,2026_Q4_labor_4h,5061.91,0,-3946.75,1115.15,0
Antioquia,2026_Q4_labor_5h,5074.61,0,-3946.75,1127.86,0
Antioquia,2026_Q4_labor_6h,5104.71,0,-3946.75,1157.95,0
Antioquia,2026_Q4_labor_7h,5124.08,0,-3946.75,1177.33,0
Antioquia,2026_Q4_labor_8h,5193.5,0,-3946.75,1246.75,0
Antioquia,2026_Q4_labor_9h,5264.71,0,-3946.75,1317.96,0
Antioquia,2026_Q4_labor_10h,5313.74,0,-3946.75,1366.99,0
Antioquia,2026_Q4_labor_11h,5363.34,0,-3946.75,1416.58,0
Antioquia,2026_Q4_labor_12h,5399.71,0,-3946.75,1452.95,0
Antioquia,2026_Q4_labor_13h,5397.94,0,-3946.75,1451.19,0
Antioquia,2026_Q4_labor_14h,5404.9,0,-3946.75,1458.14,0
Antioquia,2026_Q4_labor_15h,5414.37,0,-3946.75,1467.62,0
Antioquia,2026_Q4_labor_16h,5409.8,0,-3946.75,1463.05,0
Antioquia,2026_Q4_labor_17h,5391.87,0,-3946.75,1445.12,0
Antioquia,2026_Q4_labor_18h,5383.7,0,-3946.75,1436.95,0
Antioquia,2026_Q4_labor_19h,5461.48,0,-3946.75,1514.73,0
Antioquia,2026_Q4_labor_20h,5461.83,0,-3946.75,1515.07,0
Antioquia,2026_Q4_labor_21h,5431.22,0,-3946.75,1484.47,0
Antioquia,2026_Q4_labor_22h,5373.08,0,-3946.75,1426.33,0
Antioquia,2026_Q4_labor_23h,5292.75,0,-3946.75,1346,0
Antioquia,2026_Q4_holidays_0h,5215.92,0,-3917.6,1298.32,0
Antioquia,2026_Q4_holidays_1h,5136.07,0,-3912.64,1223.44,0
Antioquia,2026_Q4_holidays_2h,5095.5,0,-3910.63,1184.87,0
Antioquia,2026_Q4_holidays_3h,5064.81,0,-3907.79,1157.02,0
Antioquia,2026_Q4_holidays_4h,5045.71,0,-3904.51,1141.2,0
Antioquia,2026_Q4_holidays_5h,5071.25,0,-3909.03,1162.22,0
Antioquia,2026_Q4_holidays_6h,5126.32,0,-3911.93,1214.38,0
Antioquia,2026_Q4_holidays_7h,5151.04,0,-3910.23,1240.81,0
Antioquia,2026_Q4_holidays_8h,5227.27,0,-3910.78,1316.49,0
Antioquia,2026_Q4_holidays_9h,5295.27,0,-3911.14,1384.13,0
Antioquia,2026_Q4_holidays_10h,5337.28,0,-3910.69,1426.59,0
Antioquia,2026_Q4_holidays_11h,5387.94,0,-3912.4,1475.54,0
Antioquia,2026_Q4_holidays_12h,5431.01,0,-3915.79,1515.22,0
Antioquia,2026_Q4_holidays_13h,5425.98,0,-3919.7,1506.28,0
Antioquia,2026_Q4_holidays_14h,5449.24,0,-3932.57,1516.67,0
Antioquia,2026_Q4_holidays_15h,5491.23,0,-3946.4,1544.84,0
Antioquia,2026_Q4_holidays_16h,5491.08,0,-3946.75,1544.32,0
Antioquia,2026_Q4_holidays_17h,5469.74,0,-3946.75,1522.99,0
Antioquia,2026_Q4_holidays_18h,5444.82,0,-3946.75,1498.06,0
Antioquia,2026_Q4_holidays_19h,5520.08,0,-3946.75,1573.33,0
Antioquia,2026_Q4_holidays_20h,5522.45,0,-3946.75,1575.7,0
Antioquia,2026_Q4_holidays_21h,5492.09,0,-3946.75,1545.33,0
Antioquia,2026_Q4_holidays_22h,5424.56,0,-3946.1,1478.46,0
Antioquia,2026_Q4_holidays_23h,5312.03,0,-3926.14,1385.89,0
Antioquia,2027_Q1_labor_0h,4996.87,0,-3792.19,1204.68,0
Antioquia,2027_Q1_labor_1h,4926.12,0,-3780.72,1145.4,0
Antioquia,2027_Q1_labor_2h,4878.97,0,-3772.46,1106.51,0
Antioquia,2027_Q1_labor_3h,4838.68,0,-3760.72,1077.97,0
Antioquia,2027_Q1_labor_4h,4793.31,0,-3730.11,1063.2,0
Antioquia,2027_Q1_labor_5h,4830.21,0,-3756.23,1073.97,0
Antioquia,2027_Q1_labor_6h,4866.13,0,-3757.97,1108.16,0
Antioquia,2027_Q1_labor_7h,4694.8,0,-3571.22,1123.58,0
Antioquia,2027_Q1_labor_8h,4618.31,0,-3431.11,1187.2,0
Antioquia,2027_Q1_labor_9h,4617.08,0,-3356.58,1260.5,0
Antioquia,2027_Q1_labor_10h,4598.53,0,-3289.03,1309.5,0
Antioquia,2027_Q1_labor_11h,4678.39,0,-3322.56,1355.83,0
Antioquia,2027_Q1_labor_12h,4810.92,0,-3417.78,1393.14,0
Antioquia,2027_Q1_labor_13h,4906.16,0,-3515.44,1390.72,0
Antioquia,2027_Q1_labor_14h,5096.2,0,-3704.15,1392.05,0
Antioquia,2027_Q1_labor_15h,5203.56,0,-3803.58,1399.99,0
Antioquia,2027_Q1_labor_16h,5220.5,0,-3825.66,1394.84,0
Antioquia,2027_Q1_labor_17h,5211.27,0,-3837.97,1373.31,0
Antioquia,2027_Q1_labor_18h,5190.2,0,-3837.34,1352.86,0
Antioquia,2027_Q1_labor_19h,5281.2,0,-3850.12,1431.08,0
Antioquia,2027_Q1_labor_20h,5302.65,0,-3852.95,1449.7,0
Antioquia,2027_Q1_labor_21h,5263.56,0,-3847.59,1415.97,0
Antioquia,2027_Q1_labor_22h,5194.78,0,-3837.88,1356.89,0
Antioquia,2027_Q1_labor_23h,5089.17,0,-3809.92,1279.25,0
Antioquia,2027_Q1_holidays_0h,5007.78,0,-3779.54,1228.24,0
Antioquia,2027_Q1_holidays_1h,4900.93,0,-3752.39,1148.54,0
Antioquia,2027_Q1_holidays_2h,4836.54,0,-3727.49,1109.05,0
Antioquia,2027_Q1_holidays_3h,4769.06,0,-3686.54,1082.52,0
Antioquia,2027_Q1_holidays_4h,4706.66,0,-3639.13,1067.53,0
Antioquia,2027_Q1_holidays_5h,4791.56,0,-3702.38,1089.18,0
Antioquia,2027_Q1_holidays_6h,4879.7,0,-3737.15,1142.55,0
Antioquia,2027_Q1_holidays_7h,4799.64,0,-3623.4,1176.24,0
Antioquia,2027_Q1_holidays_8h,4754.28,0,-3510,1244.28,0
Antioquia,2027_Q1_holidays_9h,4779.73,0,-3461.25,1318.48,0
Antioquia,2027_Q1_holidays_10h,4740.75,0,-3378.75,1362,0
Antioquia,2027_Q1_holidays_11h,4823.73,0,-3415.47,1408.26,0
Antioquia,2027_Q1_holidays_12h,4960.08,0,-3515.78,1444.3,0
Antioquia,2027_Q1_holidays_13h,5045.17,0,-3607.92,1437.25,0
Antioquia,2027_Q1_holidays_14h,5224.73,0,-3778.81,1445.92,0
Antioquia,2027_Q1_holidays_15h,5273.09,0,-3801.95,1471.13,0
Antioquia,2027_Q1_holidays_16h,5288.43,0,-3816.29,1472.14,0
Antioquia,2027_Q1_holidays_17h,5264.22,0,-3817.72,1446.5,0
Antioquia,2027_Q1_holidays_18h,5224.56,0,-3814.51,1410.05,0
Antioquia,2027_Q1_holidays_19h,5300.2,0,-3823.22,1476.98,0
Antioquia,2027_Q1_holidays_20h,5323.61,0,-3825.97,1497.64,0
Antioquia,2027_Q1_holidays_21h,5281.43,0,-3820.85,1460.57,0
Antioquia,2027_Q1_holidays_22h,5212.75,0,-3813,1399.74,0
Antioquia,2027_Q1_holidays_23h,5110.92,0,-3800.88,1310.04,0
Antioquia,2027_Q2_labor_0h,4965.39,0,-3756.42,1208.97,0
Antioquia,2027_Q2_labor_1h,4888.07,0,-3739.29,1148.78,0
Antioquia,2027_Q2_labor_2h,4836.25,0,-3727.11,1109.14,0
Antioquia,2027_Q2_labor_3h,4796.45,0,-3715.91,1080.54,0
Antioquia,2027_Q2_labor_4h,4774.55,0,-3708.69,1065.86,0
Antioquia,2027_Q2_labor_5h,4798.46,0,-3716.84,1081.62,0
Antioquia,2027_Q2_labor_6h,4847.24,0,-3725.2,1122.05,0
Antioquia,2027_Q2_labor_7h,4784.04,0,-3646.5,1137.54,0
Antioquia,2027_Q2_labor_8h,4773.26,0,-3570.82,1202.43,0
Antioquia,2027_Q2_labor_9h,4780.96,0,-3509.44,1271.52,0
Antioquia,2027_Q2_labor_10h,4772.9,0,-3455.17,1317.73,0
Antioquia,2027_Q2_labor_11h,4860.69,0,-3495.16,1365.53,0
Antioquia,2027_Q2_labor_12h,5003.82,0,-3601.91,1401.9,0
Antioquia,2027_Q2_labor_13h,5083.69,0,-3688.42,1395.27,0
Antioquia,2027_Q2_labor_14h,5153.01,0,-3752.97,1400.04,0
Antioquia,2027_Q2_labor_15h,5186.1,0,-3776.2,1409.9,0
Antioquia,2027_Q2_labor_16h,5207.92,0,-3800.51,1407.41,0
Antioquia,2027_Q2_labor_17h,5190.68,0,-3804.09,1386.59,0
Antioquia,2027_Q2_labor_18h,5158.22,0,-3801.02,1357.2,0
Antioquia,2027_Q2_labor_19h,5247.86,0,-3815.93,1431.93,0
Antioquia,2027_Q2_labor_20h,5287.26,0,-3823.47,1463.79,0
Antioquia,2027_Q2_labor_21h,5248.57,0,-3816.09,1432.48,0
Antioquia,2027_Q2_labor_22h,5173.19,0,-3803.38,1369.81,0
Antioquia,2027_Q2_labor_23h,5072.42,0,-3786.52,1285.9,0
Antioquia,2027_Q2_holidays_0h,4986.33,0,-3763.49,1222.84,0
Antioquia,2027_Q2_holidays_1h,4838.02,0,-3691.59,1146.43,0
Antioquia,2027_Q2_holidays_2h,4747.6,0,-3638.74,1108.86,0
Antioquia,2027_Q2_holidays_3h,4671.77,0,-3589.96,1081.81,0
Antioquia,2027_Q2_holidays_4h,4641.41,0,-3570.01,1071.4,0
Antioquia,2027_Q2_holidays_5h,4728.88,0,-3627.78,1101.1,0
Antioquia,2027_Q2_holidays_6h,4868.79,0,-3699.46,1169.34,0
Antioquia,2027_Q2_holidays_7h,4857.32,0,-3663.19,1194.14,0
Antioquia,2027_Q2_holidays_8h,4912.88,0,-3649.94,1262.94,0
Antioquia,2027_Q2_holidays_9h,4947.59,0,-3613.58,1334.01,0
Antioquia,2027_Q2_holidays_10h,4952.58,0,-3573.24,1379.34,0
Antioquia,2027_Q2_holidays_11h,5060.58,0,-3632.94,1427.64,0
Antioquia,2027_Q2_holidays_12h,5200.06,0,-3735.01,1465.04,0
Antioquia,2027_Q2_holidays_13h,5203.05,0,-3750.76,1452.29,0
Antioquia,2027_Q2_holidays_14h,5260.59,0,-3793.28,1467.32,0
Antioquia,2027_Q2_holidays_15h,5309.97,0,-3817.65,1492.32,0
Antioquia,2027_Q2_holidays_16h,5312.49,0,-3821.5,1490.99,0
Antioquia,2027_Q2_holidays_17h,5287.7,0,-3822.25,1465.45,0
Antioquia,2027_Q2_holidays_18h,5239.45,0,-3818.58,1420.88,0
Antioquia,2027_Q2_holidays_19h,5309.07,0,-3825.36,1483.7,0
Antioquia,2027_Q2_holidays_20h,5343.47,0,-3828.55,1514.92,0
Antioquia,2027_Q2_holidays_21h,5305.52,0,-3825,1480.52,0
Antioquia,2027_Q2_holidays_22h,5228.35,0,-3817.36,1410.99,0
Antioquia,2027_Q2_holidays_23h,5114.38,0,-3803.16,1311.22,0
Antioquia,2027_Q3_labor_0h,4964.37,0,-3712.84,1251.53,0
Antioquia,2027_Q3_labor_1h,4871.24,0,-3678.45,1192.8,0
Antioquia,2027_Q3_labor_2h,4803.97,0,-3653.14,1150.83,0
Antioquia,2027_Q3_labor_3h,4755.19,0,-3635.02,1120.17,0
Antioquia,2027_Q3_labor_4h,4728.36,0,-3624.71,1103.65,0
Antioquia,2027_Q3_labor_5h,4746.21,0,-3631.53,1114.68,0
Antioquia,2027_Q3_labor_6h,4783.4,0,-3639.46,1143.94,0
Antioquia,2027_Q3_labor_7h,4785.08,0,-3623.68,1161.4,0
Antioquia,2027_Q3_labor_8h,4847.9,0,-3616.6,1231.3,0
Antioquia,2027_Q3_labor_9h,4923.43,0,-3620.86,1302.56,0
Antioquia,2027_Q3_labor_10h,4955.55,0,-3605.41,1350.14,0
Antioquia,2027_Q3_labor_11h,5053.12,0,-3654.12,1399,0
Antioquia,2027_Q3_labor_12h,5137.83,0,-3702.05,1435.78,0
Antioquia,2027_Q3_labor_13h,5139.9,0,-3707.73,1432.17,0
Antioquia,2027_Q3_labor_14h,5162.12,0,-3724.63,1437.49,0
Antioquia,2027_Q3_labor_15h,5206.14,0,-3758.8,1447.35,0
Antioquia,2027_Q3_labor_16h,5234.78,0,-3793.26,1441.52,0
Antioquia,2027_Q3_labor_17h,5228.55,0,-3807.14,1421.41,0
Antioquia,2027_Q3_labor_18h,5178.88,0,-3790.11,1388.76,0
Antioquia,2027_Q3_labor_19h,5272.68,0,-3820.89,1451.79,0
Antioquia,2027_Q3_labor_20h,5331.36,0,-3834.96,1496.4,0
Antioquia,2027_Q3_labor_21h,5296.74,0,-3826.72,1470.02,0
Antioquia,2027_Q3_labor_22h,5217.3,0,-3805.31,1411.98,0
Antioquia,2027_Q3_labor_23h,5086.42,0,-3755.93,1330.49,0
Antioquia,2027_Q3_holidays_0h,4874.36,0,-3600.6,1273.76,0
Antioquia,2027_Q3_holidays_1h,4621.3,0,-3447.79,1173.51,0
Antioquia,2027_Q3_holidays_2h,4520.56,0,-3387.44,1133.12,0
Antioquia,2027_Q3_holidays_3h,4443.14,0,-3338.24,1104.9,0
Antioquia,2027_Q3_holidays_4h,4418.8,0,-3324.92,1093.88,0
Antioquia,2027_Q3_holidays_5h,4494.19,0,-3373.91,1120.28,0
Antioquia,2027_Q3_holidays_6h,4604.13,0,-3428.59,1175.53,0
Antioquia,2027_Q3_holidays_7h,4614.22,0,-3408.01,1206.21,0
Antioquia,2027_Q3_holidays_8h,4729.56,0,-3446.33,1283.24,0
Antioquia,2027_Q3_holidays_9h,4841.43,0,-3483.78,1357.65,0
Antioquia,2027_Q3_holidays_10h,4912.06,0,-3505.36,1406.69,0
Antioquia,2027_Q3_holidays_11h,5022.67,0,-3561.11,1461.56,0
Antioquia,2027_Q3_holidays_12h,5122.15,0,-3618.35,1503.8,0
Antioquia,2027_Q3_holidays_13h,5125.89,0,-3631.61,1494.28,0
Antioquia,2027_Q3_holidays_14h,5219.51,0,-3708.94,1510.56,0
Antioquia,2027_Q3_holidays_15h,5323.95,0,-3788,1535.96,0
Antioquia,2027_Q3_holidays_16h,5341.23,0,-3805.45,1535.78,0
Antioquia,2027_Q3_holidays_17h,5320.72,0,-3808.38,1512.34,0
Antioquia,2027_Q3_holidays_18h,5259.36,0,-3798.46,1460.9,0
Antioquia,2027_Q3_holidays_19h,5323.22,0,-3811.54,1511.68,0
Antioquia,2027_Q3_holidays_20h,5382.8,0,-3822.47,1560.33,0
Antioquia,2027_Q3_holidays_21h,5348.63,0,-3816.23,1532.4,0
Antioquia,2027_Q3_holidays_22h,5261.54,0,-3798.86,1462.68,0
Antioquia,2027_Q3_holidays_23h,5092.79,0,-3727.96,1364.83,0
Antioquia,2027_Q4_labor_0h,5253.62,0,-3946.75,1306.86,0
Antioquia,2027_Q4_labor_1h,5190.37,0,-3946.75,1243.62,0
Antioquia,2027_Q4_labor_2h,5147.71,0,-3946.75,1200.96,0
Antioquia,2027_Q4_labor_3h,5116.47,0,-3946.75,1169.71,0
Antioquia,2027_Q4_labor_4h,5098.51,0,-3946.75,1151.75,0
Antioquia,2027_Q4_labor_5h,5110.6,0,-3946.75,1163.85,0
Antioquia,2027_Q4_labor_6h,5141.78,0,-3946.75,1195.03,0
Antioquia,2027_Q4_labor_7h,5161.27,0,-3946.75,1214.51,0
Antioquia,2027_Q4_labor_8h,5233.05,0,-3946.75,1286.3,0
Antioquia,2027_Q4_labor_9h,5304.9,0,-3946.75,1358.14,0
Antioquia,2027_Q4_labor_10h,5355.12,0,-3946.75,1408.36,0
Antioquia,2027_Q4_labor_11h,5405.56,0,-3946.75,1458.81,0
Antioquia,2027_Q4_labor_12h,5443.88,0,-3946.75,1497.13,0
Antioquia,2027_Q4_labor_13h,5441.64,0,-3946.75,1494.88,0
Antioquia,2027_Q4_labor_14h,5447.28,0,-3946.75,1500.53,0
Antioquia,2027_Q4_labor_15h,5457.75,0,-3946.75,1511,0
Antioquia,2027_Q4_labor_16h,5452.83,0,-3946.75,1506.08,0
Antioquia,2027_Q4_labor_17h,5434.27,0,-3946.75,1487.52,0
Antioquia,2027_Q4_labor_18h,5426.07,0,-3946.75,1479.31,0
Antioquia,2027_Q4_labor_19h,5506.74,0,-3946.75,1559.98,0
Antioquia,2027_Q4_labor_20h,5507.32,0,-3946.75,1560.56,0
Antioquia,2027_Q4_labor_21h,5476.32,0,-3946.75,1529.57,0
Antioquia,2027_Q4_labor_22h,5415.98,0,-3946.75,1469.22,0
Antioquia,2027_Q4_labor_23h,5333.86,0,-3946.75,1387.11,0
Antioquia,2027_Q4_holidays_0h,5219.6,0,-3885.74,1333.86,0
Antioquia,2027_Q4_holidays_1h,5092.97,0,-3857.03,1235.93,0
Antioquia,2027_Q4_holidays_2h,5033.4,0,-3840.48,1192.91,0
Antioquia,2027_Q4_holidays_3h,4987.48,0,-3820.39,1167.09,0
Antioquia,2027_Q4_holidays_4h,4966.53,0,-3809.97,1156.56,0
Antioquia,2027_Q4_holidays_5h,5023.26,0,-3839.08,1184.17,0
Antioquia,2027_Q4_holidays_6h,5093.82,0,-3857.01,1236.8,0
Antioquia,2027_Q4_holidays_7h,5115.39,0,-3848.54,1266.84,0
Antioquia,2027_Q4_holidays_8h,5194.37,0,-3851.24,1343.12,0
Antioquia,2027_Q4_holidays_9h,5278.36,0,-3856.6,1421.76,0
Antioquia,2027_Q4_holidays_10h,5322.14,0,-3854.96,1467.18,0
Antioquia,2027_Q4_holidays_11h,5386.72,0,-3865.3,1521.42,0
Antioquia,2027_Q4_holidays_12h,5438.46,0,-3881.29,1557.17,0
Antioquia,2027_Q4_holidays_13h,5449.46,0,-3898.93,1550.53,0
Antioquia,2027_Q4_holidays_14h,5514.8,0,-3944.48,1570.32,0
Antioquia,2027_Q4_holidays_15h,5541.83,0,-3946.75,1595.08,0
Antioquia,2027_Q4_holidays_16h,5542.59,0,-3946.75,1595.84,0
Antioquia,2027_Q4_holidays_17h,5521.17,0,-3946.75,1574.41,0
Antioquia,2027_Q4_holidays_18h,5494.21,0,-3946.75,1547.45,0
Antioquia,2027_Q4_holidays_19h,5568.4,0,-3946.75,1621.65,0
Antioquia,2027_Q4_holidays_20h,5569.52,0,-3946.75,1622.76,0
Antioquia,2027_Q4_holidays_21h,5535.02,0,-3946.75,1588.27,0
Antioquia,2027_Q4_holidays_22h,5468.93,0,-3946.75,1522.18,0
Antioquia,2027_Q4_holidays_23h,5354.45,0,-3931.36,1423.09,0
Antioquia,2028_Q1_labor_0h,5113.53,0,-3869.86,1243.68,0
Antioquia,2028_Q1_labor_1h,4941.07,0,-3752.7,1188.37,0
Antioquia,2028_Q1_labor_2h,4816.08,0,-3668.07,1148.01,0
Antioquia,2028_Q1_labor_3h,4716.98,0,-3599.02,1117.96,0
Antioquia,2028_Q1_labor_4h,4665.64,0,-3564.35,1101.29,0
Antioquia,2028_Q1_labor_5h,4703.1,0,-3590.5,1112.6,0
Antioquia,2028_Q1_labor_6h,4750.72,0,-3602.41,1148.31,0
Antioquia,2028_Q1_labor_7h,4565.06,0,-3400.24,1164.82,0
Antioquia,2028_Q1_labor_8h,4468.67,0,-3238.98,1229.69,0
Antioquia,2028_Q1_labor_9h,4460.35,0,-3155.61,1304.75,0
Antioquia,2028_Q1_labor_10h,4432.54,0,-3078.76,1353.78,0
Antioquia,2028_Q1_labor_11h,4512.22,0,-3111.1,1401.13,0
Antioquia,2028_Q1_labor_12h,4644.2,0,-3205.07,1439.13,0
Antioquia,2028_Q1_labor_13h,4739.28,0,-3303.27,1436.01,0
Antioquia,2028_Q1_labor_14h,4934.07,0,-3496.57,1437.5,0
Antioquia,2028_Q1_labor_15h,5208.32,0,-3761.51,1446.82,0
Antioquia,2028_Q1_labor_16h,5326.86,0,-3884.68,1442.18,0
Antioquia,2028_Q1_labor_17h,5306.98,0,-3887.35,1419.62,0
Antioquia,2028_Q1_labor_18h,5283.99,0,-3886.38,1397.61,0
Antioquia,2028_Q1_labor_19h,5382.65,0,-3905.74,1476.92,0
Antioquia,2028_Q1_labor_20h,5402.33,0,-3906.42,1495.91,0
Antioquia,2028_Q1_labor_21h,5365.71,0,-3905.12,1460.59,0
Antioquia,2028_Q1_labor_22h,5288.64,0,-3888.63,1400.01,0
Antioquia,2028_Q1_labor_23h,5202.81,0,-3882.75,1320.06,0
Antioquia,2028_Q1_holidays_0h,5180.64,0,-3932.51,1248.13,0
Antioquia,2028_Q1_holidays_1h,4855.29,0,-3723.24,1132.05,0
Antioquia,2028_Q1_holidays_2h,4719.6,0,-3626.45,1093.15,0
Antioquia,2028_Q1_holidays_3h,4645.79,0,-3576.13,1069.67,0
Antioquia,2028_Q1_holidays_4h,4613.96,0,-3551.07,1062.89,0
Antioquia,2028_Q1_holidays_5h,4688.01,0,-3604.09,1083.92,0
Antioquia,2028_Q1_holidays_6h,4801.64,0,-3665.73,1135.91,0
Antioquia,2028_Q1_holidays_7h,4659.87,0,-3492.99,1166.88,0
Antioquia,2028_Q1_holidays_8h,4610.29,0,-3369.38,1240.91,0
Antioquia,2028_Q1_holidays_9h,4643.68,0,-3323.75,1319.93,0
Antioquia,2028_Q1_holidays_10h,4628.94,0,-3255.66,1373.28,0
Antioquia,2028_Q1_holidays_11h,4719.31,0,-3296.16,1423.16,0
Antioquia,2028_Q1_holidays_12h,4862.41,0,-3399.64,1462.76,0
Antioquia,2028_Q1_holidays_13h,4958.36,0,-3499.17,1459.19,0
Antioquia,2028_Q1_holidays_14h,5161.6,0,-3694.16,1467.44,0
Antioquia,2028_Q1_holidays_15h,5414.99,0,-3928.34,1486.66,0
Antioquia,2028_Q1_holidays_16h,5430.52,0,-3946.75,1483.77,0
Antioquia,2028_Q1_holidays_17h,5406.34,0,-3946.75,1459.59,0
Antioquia,2028_Q1_holidays_18h,5374.44,0,-3946.75,1427.69,0
Antioquia,2028_Q1_holidays_19h,5450.86,0,-3946.75,1504.11,0
Antioquia,2028_Q1_holidays_20h,5473.26,0,-3946.75,1526.51,0
Antioquia,2028_Q1_holidays_21h,5438.47,0,-3946.75,1491.72,0
Antioquia,2028_Q1_holidays_22h,5374.19,0,-3946.75,1427.44,0
Antioquia,2028_Q1_holidays_23h,5281.72,0,-3946.75,1334.97,0
Antioquia,2028_Q2_labor_0h,5031.94,0,-3773.4,1258.54,0
Antioquia,2028_Q2_labor_1h,4896.69,0,-3711.98,1184.71,0
Antioquia,2028_Q2_labor_2h,4777.61,0,-3632.53,1145.07,0
Antioquia,2028_Q2_labor_3h,4684.93,0,-3568.11,1116.83,0
Antioquia,2028_Q2_labor_4h,4639.39,0,-3535.33,1104.05,0
Antioquia,2028_Q2_labor_5h,4719.52,0,-3592.22,1127.3,0
Antioquia,2028_Q2_labor_6h,4851.29,0,-3668.2,1183.09,0
Antioquia,2028_Q2_labor_7h,4709.32,0,-3502.42,1206.9,0
Antioquia,2028_Q2_labor_8h,4707.32,0,-3429.13,1278.19,0
Antioquia,2028_Q2_labor_9h,4720.46,0,-3368.42,1352.04,0
Antioquia,2028_Q2_labor_10h,4706.66,0,-3307.98,1398.68,0
Antioquia,2028_Q2_labor_11h,4799.75,0,-3350.73,1449.02,0
Antioquia,2028_Q2_labor_12h,4949.27,0,-3462.26,1487,0
Antioquia,2028_Q2_labor_13h,5016.6,0,-3541.14,1475.46,0
Antioquia,2028_Q2_labor_14h,5206.88,0,-3723.83,1483.05,0
Antioquia,2028_Q2_labor_15h,5290.43,0,-3790.25,1500.18,0
Antioquia,2028_Q2_labor_16h,5307.4,0,-3807.89,1499.51,0
Antioquia,2028_Q2_labor_17h,5292.78,0,-3817.33,1475.44,0
Antioquia,2028_Q2_labor_18h,5245.02,0,-3807.78,1437.24,0
Antioquia,2028_Q2_labor_19h,5338.68,0,-3830.46,1508.23,0
Antioquia,2028_Q2_labor_20h,5375.48,0,-3836.58,1538.9,0
Antioquia,2028_Q2_labor_21h,5333.22,0,-3829.6,1503.62,0
Antioquia,2028_Q2_labor_22h,5246.83,0,-3812.32,1434.51,0
Antioquia,2028_Q2_labor_23h,5130.74,0,-3789.25,1341.49,0
Antioquia,2028_Q2_holidays_0h,4949.51,0,-3770.85,1178.67,0
Antioquia,2028_Q2_holidays_1h,4943.2,0,-3771.3,1171.9,0
Antioquia,2028_Q2_holidays_2h,4778.85,0,-3652.86,1125.99,0
Antioquia,2028_Q2_holidays_3h,4658.19,0,-3567.43,1090.76,0
Antioquia,2028_Q2_holidays_4h,4578.73,0,-3512.98,1065.76,0
Antioquia,2028_Q2_holidays_5h,4533.43,0,-3479.75,1053.68,0
Antioquia,2028_Q2_holidays_6h,4444.94,0,-3406.94,1038,0
Antioquia,2028_Q2_holidays_7h,4139.91,0,-3124.07,1015.84,0
Antioquia,2028_Q2_holidays_8h,4035.23,0,-2975.57,1059.66,0
Antioquia,2028_Q2_holidays_9h,3994.53,0,-2878.01,1116.52,0
Antioquia,2028_Q2_holidays_10h,4010.5,0,-2841.47,1169.03,0
Antioquia,2028_Q2_holidays_11h,4093.43,0,-2881.36,1212.06,0
Antioquia,2028_Q2_holidays_12h,4234.44,0,-2987.01,1247.42,0
Antioquia,2028_Q2_holidays_13h,4392.52,0,-3129.58,1262.95,0
Antioquia,2028_Q2_holidays_14h,4557.61,0,-3295.47,1262.14,0
Antioquia,2028_Q2_holidays_15h,4685.9,0,-3440.39,1245.51,0
Antioquia,2028_Q2_holidays_16h,4840.42,0,-3607.78,1232.64,0
Antioquia,2028_Q2_holidays_17h,4971.21,0,-3749,1222.21,0
Antioquia,2028_Q2_holidays_18h,4983.15,0,-3758.59,1224.56,0
Antioquia,2028_Q2_holidays_19h,5185.31,0,-3859.7,1325.61,0
Antioquia,2028_Q2_holidays_20h,5236.76,0,-3865.96,1370.8,0
Antioquia,2028_Q2_holidays_21h,5218.28,0,-3864.56,1353.73,0
Antioquia,2028_Q2_holidays_22h,5169.8,0,-3859.92,1309.88,0
Antioquia,2028_Q2_holidays_23h,5100.72,0,-3853.57,1247.15,0
Antioquia,2028_Q3_labor_0h,5007.47,0,-3702.87,1304.6,0
Antioquia,2028_Q3_labor_1h,4866.47,0,-3637.09,1229.39,0
Antioquia,2028_Q3_labor_2h,4763.3,0,-3576.75,1186.55,0
Antioquia,2028_Q3_labor_3h,4666.6,0,-3510.59,1156.01,0
Antioquia,2028_Q3_labor_4h,4615.87,0,-3474.37,1141.5,0
Antioquia,2028_Q3_labor_5h,4654.25,0,-3494.49,1159.76,0
Antioquia,2028_Q3_labor_6h,4731.8,0,-3529.65,1202.15,0
Antioquia,2028_Q3_labor_7h,4681.48,0,-3451.99,1229.48,0
Antioquia,2028_Q3_labor_8h,4753.87,0,-3446.64,1307.23,0
Antioquia,2028_Q3_labor_9h,4836.04,0,-3452.02,1384.02,0
Antioquia,2028_Q3_labor_10h,4868.01,0,-3434.59,1433.42,0
Antioquia,2028_Q3_labor_11h,4973.57,0,-3487.03,1486.54,0
Antioquia,2028_Q3_labor_12h,5120.06,0,-3593.92,1526.14,0
Antioquia,2028_Q3_labor_13h,5173.96,0,-3656.35,1517.62,0
Antioquia,2028_Q3_labor_14h,5253.07,0,-3727.41,1525.66,0
Antioquia,2028_Q3_labor_15h,5326.26,0,-3783.58,1542.69,0
Antioquia,2028_Q3_labor_16h,5342.34,0,-3803.39,1538.95,0
Antioquia,2028_Q3_labor_17h,5326.12,0,-3810.13,1515.98,0
Antioquia,2028_Q3_labor_18h,5268.19,0,-3794.78,1473.41,0
Antioquia,2028_Q3_labor_19h,5346.99,0,-3815.05,1531.94,0
Antioquia,2028_Q3_labor_20h,5415.18,0,-3838.89,1576.29,0
Antioquia,2028_Q3_labor_21h,5369.36,0,-3822.75,1546.6,0
Antioquia,2028_Q3_labor_22h,5279.3,0,-3798.29,1481.01,0
Antioquia,2028_Q3_labor_23h,5158.18,0,-3767.77,1390.41,0
Antioquia,2028_Q3_holidays_0h,4737.62,0,-3519.99,1217.63,0
Antioquia,2028_Q3_holidays_1h,4685.04,0,-3481.23,1203.81,0
Antioquia,2028_Q3_holidays_2h,4539.61,0,-3379.76,1159.84,0
Antioquia,2028_Q3_holidays_3h,4407.98,0,-3283.48,1124.5,0
Antioquia,2028_Q3_holidays_4h,4349.88,0,-3252.01,1097.87,0
Antioquia,2028_Q3_holidays_5h,4309.73,0,-3226.54,1083.19,0
Antioquia,2028_Q3_holidays_6h,4159.17,0,-3093.57,1065.6,0
Antioquia,2028_Q3_holidays_7h,3873.06,0,-2832.65,1040.41,0
Antioquia,2028_Q3_holidays_8h,3817.29,0,-2732.51,1084.78,0
Antioquia,2028_Q3_holidays_9h,3805.49,0,-2664.67,1140.82,0
Antioquia,2028_Q3_holidays_10h,3837.83,0,-2648.89,1188.94,0
Antioquia,2028_Q3_holidays_11h,3911.93,0,-2683.48,1228.46,0
Antioquia,2028_Q3_holidays_12h,4039.13,0,-2777.57,1261.55,0
Antioquia,2028_Q3_holidays_13h,4214.09,0,-2933.15,1280.94,0
Antioquia,2028_Q3_holidays_14h,4379.64,0,-3097.47,1282.17,0
Antioquia,2028_Q3_holidays_15h,4521.03,0,-3254.53,1266.51,0
Antioquia,2028_Q3_holidays_16h,4659.12,0,-3406.51,1252.62,0
Antioquia,2028_Q3_holidays_17h,4762.17,0,-3520.01,1242.16,0
Antioquia,2028_Q3_holidays_18h,4756.71,0,-3513.19,1243.52,0
Antioquia,2028_Q3_holidays_19h,5028.8,0,-3694.15,1334.65,0
Antioquia,2028_Q3_holidays_20h,5171.56,0,-3777.06,1394.5,0
Antioquia,2028_Q3_holidays_21h,5144.94,0,-3763.94,1381.01,0
Antioquia,2028_Q3_holidays_22h,5072.48,0,-3727.94,1344.54,0
Antioquia,2028_Q3_holidays_23h,4920.16,0,-3635.98,1284.18,0
Antioquia,2028_Q4_labor_0h,5310.55,0,-3946.75,1363.79,0
Antioquia,2028_Q4_labor_1h,5233.01,0,-3946.75,1286.26,0
Antioquia,2028_Q4_labor_2h,5189.05,0,-3946.75,1242.29,0
Antioquia,2028_Q4_labor_3h,5158.6,0,-3946.75,1211.85,0
Antioquia,2028_Q4_labor_4h,5143.69,0,-3946.75,1196.94,0
Antioquia,2028_Q4_labor_5h,5163.2,0,-3946.75,1216.44,0
Antioquia,2028_Q4_labor_6h,5207.18,0,-3946.75,1260.42,0
Antioquia,2028_Q4_labor_7h,5236.25,0,-3946.75,1289.5,0
Antioquia,2028_Q4_labor_8h,5315.99,0,-3946.75,1369.24,0
Antioquia,2028_Q4_labor_9h,5393.77,0,-3946.75,1447.01,0
Antioquia,2028_Q4_labor_10h,5444.42,0,-3946.75,1497.67,0
Antioquia,2028_Q4_labor_11h,5497.71,0,-3946.75,1550.96,0
Antioquia,2028_Q4_labor_12h,5536.79,0,-3946.75,1590.04,0
Antioquia,2028_Q4_labor_13h,5530.2,0,-3946.75,1583.45,0
Antioquia,2028_Q4_labor_14h,5539.43,0,-3946.75,1592.67,0
Antioquia,2028_Q4_labor_15h,5556.98,0,-3946.75,1610.22,0
Antioquia,2028_Q4_labor_16h,5553.59,0,-3946.75,1606.83,0
Antioquia,2028_Q4_labor_17h,5532.33,0,-3946.75,1585.57,0
Antioquia,2028_Q4_labor_18h,5515.18,0,-3946.75,1568.42,0
Antioquia,2028_Q4_labor_19h,5592.48,0,-3946.75,1645.73,0
Antioquia,2028_Q4_labor_20h,5589.78,0,-3946.75,1643.03,0
Antioquia,2028_Q4_labor_21h,5554.9,0,-3946.75,1608.14,0
Antioquia,2028_Q4_labor_22h,5488.02,0,-3946.75,1541.26,0
Antioquia,2028_Q4_labor_23h,5396.7,0,-3946.75,1449.95,0
Antioquia,2028_Q4_holidays_0h,5214.27,0,-3946.75,1267.51,0
Antioquia,2028_Q4_holidays_1h,5187.8,0,-3946.75,1241.05,0
Antioquia,2028_Q4_holidays_2h,5143.64,0,-3946.75,1196.88,0
Antioquia,2028_Q4_holidays_3h,5106.61,0,-3946.75,1159.85,0
Antioquia,2028_Q4_holidays_4h,5074.2,0,-3946.75,1127.45,0
Antioquia,2028_Q4_holidays_5h,5060.38,0,-3946.75,1113.63,0
Antioquia,2028_Q4_holidays_6h,5043.41,0,-3946.75,1096.66,0
Antioquia,2028_Q4_holidays_7h,5020.34,0,-3946.75,1073.58,0
Antioquia,2028_Q4_holidays_8h,5064.07,0,-3946.75,1117.31,0
Antioquia,2028_Q4_holidays_9h,5122.42,0,-3946.75,1175.66,0
Antioquia,2028_Q4_holidays_10h,5175.63,0,-3946.75,1228.87,0
Antioquia,2028_Q4_holidays_11h,5223.5,0,-3946.75,1276.74,0
Antioquia,2028_Q4_holidays_12h,5262.65,0,-3946.75,1315.89,0
Antioquia,2028_Q4_holidays_13h,5281.48,0,-3946.75,1334.72,0
Antioquia,2028_Q4_holidays_14h,5281.42,0,-3946.75,1334.67,0
Antioquia,2028_Q4_holidays_15h,5266.31,0,-3946.75,1319.56,0
Antioquia,2028_Q4_holidays_16h,5257.02,0,-3946.75,1310.27,0
Antioquia,2028_Q4_holidays_17h,5247.82,0,-3946.75,1301.07,0
Antioquia,2028_Q4_holidays_18h,5272.24,0,-3946.75,1325.49,0
Antioquia,2028_Q4_holidays_19h,5383.39,0,-3946.75,1436.64,0
Antioquia,2028_Q4_holidays_20h,5404.3,0,-3946.75,1457.54,0
Antioquia,2028_Q4_holidays_21h,5386.56,0,-3946.75,1439.81,0
Antioquia,2028_Q4_holidays_22h,5346.83,0,-3946.75,1400.08,0
Antioquia,2028_Q4_holidays_23h,5285.19,0,-3946.75,1338.44,0
Antioquia,2029_Q1_labor_0h,4949.46,0,-3661.22,1288.23,0
Antioquia,2029_Q1_labor_1h,4714.87,0,-3503.78,1211.09,0
Antioquia,2029_Q1_labor_2h,4592.81,0,-3422.94,1169.87,0
Antioquia,2029_Q1_labor_3h,4499.87,0,-3359.04,1140.83,0
Antioquia,2029_Q1_labor_4h,4455.05,0,-3329.78,1125.27,0
Antioquia,2029_Q1_labor_5h,4503.9,0,-3363.96,1139.94,0
Antioquia,2029_Q1_labor_6h,4572.11,0,-3389.52,1182.6,0
Antioquia,2029_Q1_labor_7h,4404.49,0,-3201.04,1203.45,0
Antioquia,2029_Q1_labor_8h,4323.39,0,-3051.58,1271.81,0
Antioquia,2029_Q1_labor_9h,4326.35,0,-2977.71,1348.64,0
Antioquia,2029_Q1_labor_10h,4313.81,0,-2915.1,1398.71,0
Antioquia,2029_Q1_labor_11h,4393.69,0,-2945.38,1448.32,0
Antioquia,2029_Q1_labor_12h,4521.34,0,-3032.27,1489.08,0
Antioquia,2029_Q1_labor_13h,4610.72,0,-3124.56,1486.15,0
Antioquia,2029_Q1_labor_14h,4811.31,0,-3319.28,1492.03,0
Antioquia,2029_Q1_labor_15h,5100.28,0,-3591.88,1508.4,0
Antioquia,2029_Q1_labor_16h,5321.27,0,-3816.15,1505.13,0
Antioquia,2029_Q1_labor_17h,5379.12,0,-3897.87,1481.25,0
Antioquia,2029_Q1_labor_18h,5302.67,0,-3849.57,1453.1,0
Antioquia,2029_Q1_labor_19h,5478.49,0,-3946.75,1531.73,0
Antioquia,2029_Q1_labor_20h,5499.75,0,-3946.75,1553,0
Antioquia,2029_Q1_labor_21h,5464.87,0,-3946.75,1518.12,0
Antioquia,2029_Q1_labor_22h,5384.82,0,-3928.61,1456.21,0
Antioquia,2029_Q1_labor_23h,5175.2,0,-3804.63,1370.58,0
Antioquia,2029_Q1_holidays_0h,5088.24,0,-3845.58,1242.66,0
Antioquia,2029_Q1_holidays_1h,5096.53,0,-3853.95,1242.58,0
Antioquia,2029_Q1_holidays_2h,4996.73,0,-3796.27,1200.47,0
Antioquia,2029_Q1_holidays_3h,4899.64,0,-3734.68,1164.96,0
Antioquia,2029_Q1_holidays_4h,4838.54,0,-3690.08,1148.45,0
Antioquia,2029_Q1_holidays_5h,4856.05,0,-3703.87,1152.18,0
Antioquia,2029_Q1_holidays_6h,4864.86,0,-3693.91,1170.95,0
Antioquia,2029_Q1_holidays_7h,4653.09,0,-3473.05,1180.04,0
Antioquia,2029_Q1_holidays_8h,4578.89,0,-3331.71,1247.18,0
Antioquia,2029_Q1_holidays_9h,4629.59,0,-3298.18,1331.41,0
Antioquia,2029_Q1_holidays_10h,4617.73,0,-3228.82,1388.91,0
Antioquia,2029_Q1_holidays_11h,4698.2,0,-3262.88,1435.32,0
Antioquia,2029_Q1_holidays_12h,4819.47,0,-3352.93,1466.55,0
Antioquia,2029_Q1_holidays_13h,4915.12,0,-3453.95,1461.17,0
Antioquia,2029_Q1_holidays_14h,5040.03,0,-3596.11,1443.92,0
Antioquia,2029_Q1_holidays_15h,5191.26,0,-3767.68,1423.59,0
Antioquia,2029_Q1_holidays_16h,5281.64,0,-3869.96,1411.68,0
Antioquia,2029_Q1_holidays_17h,5277.27,0,-3886.65,1390.62,0
Antioquia,2029_Q1_holidays_18h,5278.45,0,-3888.29,1390.16,0
Antioquia,2029_Q1_holidays_19h,5412.31,0,-3925.34,1486.98,0
Antioquia,2029_Q1_holidays_20h,5439.13,0,-3939.17,1499.96,0
Antioquia,2029_Q1_holidays_21h,5375.79,0,-3920.55,1455.24,0
Antioquia,2029_Q1_holidays_22h,5286.55,0,-3900.39,1386.16,0
Antioquia,2029_Q1_holidays_23h,5194.02,0,-3883.67,1310.36,0
Antioquia,2029_Q2_labor_0h,5047.33,0,-3760.19,1287.14,0
Antioquia,2029_Q2_labor_1h,4837.73,0,-3624.11,1213.62,0
Antioquia,2029_Q2_labor_2h,4722.65,0,-3550.28,1172.37,0
Antioquia,2029_Q2_labor_3h,4630.76,0,-3488.28,1142.48,0
Antioquia,2029_Q2_labor_4h,4582.09,0,-3454.2,1127.89,0
Antioquia,2029_Q2_labor_5h,4653.36,0,-3504.4,1148.96,0
Antioquia,2029_Q2_labor_6h,4778.61,0,-3576.69,1201.92,0
Antioquia,2029_Q2_labor_7h,4616.26,0,-3397.96,1218.3,0
Antioquia,2029_Q2_labor_8h,4596.23,0,-3311.02,1285.21,0
Antioquia,2029_Q2_labor_9h,4593,0,-3236.04,1356.96,0
Antioquia,2029_Q2_labor_10h,4578.16,0,-3173.46,1404.7,0
Antioquia,2029_Q2_labor_11h,4668.3,0,-3212.34,1455.96,0
Antioquia,2029_Q2_labor_12h,4823.13,0,-3327.3,1495.82,0
Antioquia,2029_Q2_labor_13h,4903.68,0,-3416.06,1487.62,0
Antioquia,2029_Q2_labor_14h,5100.56,0,-3602.25,1498.31,0
Antioquia,2029_Q2_labor_15h,5324.99,0,-3808.81,1516.18,0
Antioquia,2029_Q2_labor_16h,5461.58,0,-3946.75,1514.82,0
Antioquia,2029_Q2_labor_17h,5438.18,0,-3946.75,1491.42,0
Antioquia,2029_Q2_labor_18h,5401.02,0,-3946.75,1454.27,0
Antioquia,2029_Q2_labor_19h,5476.47,0,-3946.75,1529.71,0
Antioquia,2029_Q2_labor_20h,5511.82,0,-3946.75,1565.07,0
Antioquia,2029_Q2_labor_21h,5479.13,0,-3946.75,1532.38,0
Antioquia,2029_Q2_labor_22h,5412.2,0,-3946.75,1465.45,0
Antioquia,2029_Q2_labor_23h,5268.73,0,-3896.27,1372.46,0
Antioquia,2029_Q2_holidays_0h,5068.46,0,-3798.76,1269.69,0
Antioquia,2029_Q2_holidays_1h,5024.94,0,-3777.59,1247.36,0
Antioquia,2029_Q2_holidays_2h,4892.9,0,-3690.27,1202.63,0
Antioquia,2029_Q2_holidays_3h,4800.28,0,-3629.05,1171.23,0
Antioquia,2029_Q2_holidays_4h,4755.8,0,-3601.61,1154.19,0
Antioquia,2029_Q2_holidays_5h,4768.38,0,-3609.15,1159.23,0
Antioquia,2029_Q2_holidays_6h,4785.6,0,-3615.2,1170.4,0
Antioquia,2029_Q2_holidays_7h,4676.76,0,-3479.69,1197.07,0
Antioquia,2029_Q2_holidays_8h,4717.59,0,-3435.77,1281.81,0
Antioquia,2029_Q2_holidays_9h,4772.39,0,-3405.83,1366.56,0
Antioquia,2029_Q2_holidays_10h,4802.57,0,-3380.1,1422.47,0
Antioquia,2029_Q2_holidays_11h,4898.32,0,-3427.89,1470.43,0
Antioquia,2029_Q2_holidays_12h,5018.48,0,-3516.14,1502.33,0
Antioquia,2029_Q2_holidays_13h,5091.44,0,-3595.56,1495.89,0
Antioquia,2029_Q2_holidays_14h,5172.71,0,-3695.07,1477.65,0
Antioquia,2029_Q2_holidays_15h,5248.18,0,-3789.07,1459.11,0
Antioquia,2029_Q2_holidays_16h,5330.64,0,-3880.72,1449.92,0
Antioquia,2029_Q2_holidays_17h,5361.86,0,-3931.09,1430.77,0
Antioquia,2029_Q2_holidays_18h,5333.14,0,-3913.34,1419.8,0
Antioquia,2029_Q2_holidays_19h,5456.51,0,-3946.75,1509.76,0
Antioquia,2029_Q2_holidays_20h,5480.18,0,-3946.75,1533.42,0
Antioquia,2029_Q2_holidays_21h,5440.49,0,-3946.75,1493.73,0
Antioquia,2029_Q2_holidays_22h,5369.41,0,-3946.75,1422.66,0
Antioquia,2029_Q2_holidays_23h,5232.01,0,-3891.11,1340.91,0
Antioquia,2029_Q3_labor_0h,5043.89,0,-3708.48,1335.41,0
Antioquia,2029_Q3_labor_1h,4849.49,0,-3592.7,1256.8,0
Antioquia,2029_Q3_labor_2h,4731.88,0,-3518.99,1212.89,0
Antioquia,2029_Q3_labor_3h,4631.68,0,-3450.55,1181.13,0
Antioquia,2029_Q3_labor_4h,4578.77,0,-3413.77,1165,0
Antioquia,2029_Q3_labor_5h,4597.78,0,-3416.86,1180.92,0
Antioquia,2029_Q3_labor_6h,4656.79,0,-3436.57,1220.22,0
Antioquia,2029_Q3_labor_7h,4590.02,0,-3350.23,1239.79,0
Antioquia,2029_Q3_labor_8h,4639,0,-3325.54,1313.46,0
Antioquia,2029_Q3_labor_9h,4700.4,0,-3312.28,1388.12,0
Antioquia,2029_Q3_labor_10h,4726.36,0,-3288.3,1438.07,0
Antioquia,2029_Q3_labor_11h,4823.3,0,-3331.74,1491.56,0
Antioquia,2029_Q3_labor_12h,4977.9,0,-3445.22,1532.68,0
Antioquia,2029_Q3_labor_13h,5071.38,0,-3542.47,1528.91,0
Antioquia,2029_Q3_labor_14h,5243.99,0,-3703.31,1540.68,0
Antioquia,2029_Q3_labor_15h,5417.69,0,-3859.73,1557.97,0
Antioquia,2029_Q3_labor_16h,5489.47,0,-3935.67,1553.8,0
Antioquia,2029_Q3_labor_17h,5477.8,0,-3946.38,1531.42,0
Antioquia,2029_Q3_labor_18h,5382.25,0,-3891.59,1490.65,0
Antioquia,2029_Q3_labor_19h,5493.29,0,-3939.21,1554.08,0
Antioquia,2029_Q3_labor_20h,5551.13,0,-3946.75,1604.38,0
Antioquia,2029_Q3_labor_21h,5524.81,0,-3946.75,1578.05,0
Antioquia,2029_Q3_labor_22h,5431.02,0,-3916.61,1514.42,0
Antioquia,2029_Q3_labor_23h,5251.45,0,-3828.26,1423.2,0
Antioquia,2029_Q3_holidays_0h,4949.5,0,-3644.75,1304.75,0
Antioquia,2029_Q3_holidays_1h,4919.97,0,-3622.49,1297.48,0
Antioquia,2029_Q3_holidays_2h,4794.39,0,-3543.47,1250.93,0
Antioquia,2029_Q3_holidays_3h,4685.63,0,-3469.28,1216.34,0
Antioquia,2029_Q3_holidays_4h,4680.12,0,-3484.01,1196.11,0
Antioquia,2029_Q3_holidays_5h,4707.48,0,-3509,1198.48,0
Antioquia,2029_Q3_holidays_6h,4646.11,0,-3439.17,1206.94,0
Antioquia,2029_Q3_holidays_7h,4569.81,0,-3336.69,1233.12,0
Antioquia,2029_Q3_holidays_8h,4632.87,0,-3315.08,1317.79,0
Antioquia,2029_Q3_holidays_9h,4678.76,0,-3276.3,1402.45,0
Antioquia,2029_Q3_holidays_10h,4714.69,0,-3256.99,1457.7,0
Antioquia,2029_Q3_holidays_11h,4798.02,0,-3292.21,1505.81,0
Antioquia,2029_Q3_holidays_12h,4896.37,0,-3358.47,1537.9,0
Antioquia,2029_Q3_holidays_13h,4959.19,0,-3431.8,1527.38,0
Antioquia,2029_Q3_holidays_14h,5041.38,0,-3533.88,1507.5,0
Antioquia,2029_Q3_holidays_15h,5168.73,0,-3675.83,1492.91,0
Antioquia,2029_Q3_holidays_16h,5281.14,0,-3800.66,1480.48,0
Antioquia,2029_Q3_holidays_17h,5327.64,0,-3865.64,1462,0
Antioquia,2029_Q3_holidays_18h,5257.91,0,-3813.26,1444.65,0
Antioquia,2029_Q3_holidays_19h,5419.19,0,-3899.77,1519.42,0
Antioquia,2029_Q3_holidays_20h,5471.46,0,-3918.47,1552.99,0
Antioquia,2029_Q3_holidays_21h,5396.5,0,-3883.22,1513.27,0
Antioquia,2029_Q3_holidays_22h,5281.69,0,-3829.85,1451.84,0
Antioquia,2029_Q3_holidays_23h,5110.61,0,-3733.65,1376.96,0
Antioquia,2029_Q4_labor_0h,5344.63,0,-3946.75,1397.87,0
Antioquia,2029_Q4_labor_1h,5258.62,0,-3946.75,1311.87,0
Antioquia,2029_Q4_labor_2h,5180.34,0,-3913.21,1267.14,0
Antioquia,2029_Q4_labor_3h,5118.48,0,-3883.21,1235.26,0
Antioquia,2029_Q4_labor_4h,5083.82,0,-3866.01,1217.81,0
Antioquia,2029_Q4_labor_5h,5135.06,0,-3899.45,1235.61,0
Antioquia,2029_Q4_labor_6h,5211.16,0,-3934.28,1276.88,0
Antioquia,2029_Q4_labor_7h,5212.79,0,-3913.71,1299.08,0
Antioquia,2029_Q4_labor_8h,5279.65,0,-3904.55,1375.1,0
Antioquia,2029_Q4_labor_9h,5357.1,0,-3906.17,1450.93,0
Antioquia,2029_Q4_labor_10h,5406.79,0,-3904.6,1502.2,0
Antioquia,2029_Q4_labor_11h,5502.87,0,-3945.97,1556.89,0
Antioquia,2029_Q4_labor_12h,5546,0,-3946.75,1599.24,0
Antioquia,2029_Q4_labor_13h,5543.73,0,-3946.75,1596.98,0
Antioquia,2029_Q4_labor_14h,5556.07,0,-3946.75,1609.32,0
Antioquia,2029_Q4_labor_15h,5574.31,0,-3946.75,1627.56,0
Antioquia,2029_Q4_labor_16h,5571.79,0,-3946.75,1625.03,0
Antioquia,2029_Q4_labor_17h,5551.08,0,-3946.75,1604.32,0
Antioquia,2029_Q4_labor_18h,5535.9,0,-3946.75,1589.14,0
Antioquia,2029_Q4_labor_19h,5618.78,0,-3946.75,1672.03,0
Antioquia,2029_Q4_labor_20h,5621.8,0,-3946.75,1675.05,0
Antioquia,2029_Q4_labor_21h,5591.04,0,-3946.75,1644.29,0
Antioquia,2029_Q4_labor_22h,5525.79,0,-3946.75,1579.04,0
Antioquia,2029_Q4_labor_23h,5433.49,0,-3946.75,1486.74,0
Antioquia,2029_Q4_holidays_0h,5261.28,0,-3914.72,1346.55,0
Antioquia,2029_Q4_holidays_1h,5271.53,0,-3915.38,1356.14,0
Antioquia,2029_Q4_holidays_2h,5217.08,0,-3909.75,1307.33,0
Antioquia,2029_Q4_holidays_3h,5110.89,0,-3838.6,1272.29,0
Antioquia,2029_Q4_holidays_4h,5047.51,0,-3796,1251.51,0
Antioquia,2029_Q4_holidays_5h,5065.31,0,-3814.34,1250.97,0
Antioquia,2029_Q4_holidays_6h,5072.64,0,-3814.95,1257.69,0
Antioquia,2029_Q4_holidays_7h,5036.22,0,-3755.83,1280.39,0
Antioquia,2029_Q4_holidays_8h,5116.44,0,-3754.35,1362.09,0
Antioquia,2029_Q4_holidays_9h,5235.12,0,-3787.22,1447.91,0
Antioquia,2029_Q4_holidays_10h,5298.38,0,-3790.24,1508.14,0
Antioquia,2029_Q4_holidays_11h,5430.28,0,-3871.65,1558.64,0
Antioquia,2029_Q4_holidays_12h,5502.34,0,-3916,1586.34,0
Antioquia,2029_Q4_holidays_13h,5497.67,0,-3919.05,1578.62,0
Antioquia,2029_Q4_holidays_14h,5489.55,0,-3928.04,1561.51,0
Antioquia,2029_Q4_holidays_15h,5477.14,0,-3932.18,1544.96,0
Antioquia,2029_Q4_holidays_16h,5466.6,0,-3936.99,1529.61,0
Antioquia,2029_Q4_holidays_17h,5449.31,0,-3936.3,1513.01,0
Antioquia,2029_Q4_holidays_18h,5458.15,0,-3934.9,1523.26,0
Antioquia,2029_Q4_holidays_19h,5564.9,0,-3946.75,1618.14,0
Antioquia,2029_Q4_holidays_20h,5551.66,0,-3946.75,1604.9,0
Antioquia,2029_Q4_holidays_21h,5495.73,0,-3940.12,1555.61,0
Antioquia,2029_Q4_holidays_22h,5423.85,0,-3930.98,1492.87,0
Antioquia,2029_Q4_holidays_23h,5338.36,0,-3919.5,1418.86,0
Antioquia,2030_Q1_labor_0h,5121.61,0,-3807.51,1314.1,0
Antioquia,2030_Q1_labor_1h,4979.49,0,-3730.49,1249,0
Antioquia,2030_Q1_labor_2h,4877.85,0,-3671.51,1206.34,0
Antioquia,2030_Q1_labor_3h,4792.77,0,-3617.38,1175.39,0
Antioquia,2030_Q1_labor_4h,4749.44,0,-3590.77,1158.67,0
Antioquia,2030_Q1_labor_5h,4786.21,0,-3614.97,1171.24,0
Antioquia,2030_Q1_labor_6h,4836.53,0,-3627.23,1209.3,0
Antioquia,2030_Q1_labor_7h,4695.6,0,-3468.34,1227.26,0
Antioquia,2030_Q1_labor_8h,4633.74,0,-3337.74,1296.01,0
Antioquia,2030_Q1_labor_9h,4644.58,0,-3269.94,1374.65,0
Antioquia,2030_Q1_labor_10h,4633.79,0,-3205.97,1427.82,0
Antioquia,2030_Q1_labor_11h,4719.44,0,-3241.46,1477.99,0
Antioquia,2030_Q1_labor_12h,4849.61,0,-3331.19,1518.42,0
Antioquia,2030_Q1_labor_13h,4936.61,0,-3420.49,1516.12,0
Antioquia,2030_Q1_labor_14h,5097.54,0,-3579.05,1518.5,0
Antioquia,2030_Q1_labor_15h,5287.46,0,-3759.52,1527.94,0
Antioquia,2030_Q1_labor_16h,5401.47,0,-3878.83,1522.64,0
Antioquia,2030_Q1_labor_17h,5428.15,0,-3928.81,1499.34,0
Antioquia,2030_Q1_labor_18h,5383.85,0,-3906.93,1476.92,0
Antioquia,2030_Q1_labor_19h,5509.67,0,-3946.75,1562.92,0
Antioquia,2030_Q1_labor_20h,5531.73,0,-3946.75,1584.98,0
Antioquia,2030_Q1_labor_21h,5494.65,0,-3946.75,1547.89,0
Antioquia,2030_Q1_labor_22h,5430.29,0,-3946.75,1483.53,0
Antioquia,2030_Q1_labor_23h,5282.64,0,-3885.26,1397.39,0
Antioquia,2030_Q1_holidays_0h,5113.48,0,-3757.84,1355.63,0
Antioquia,2030_Q1_holidays_1h,4860.05,0,-3589.56,1270.49,0
Antioquia,2030_Q1_holidays_2h,4708.7,0,-3480.41,1228.3,0
Antioquia,2030_Q1_holidays_3h,4614.66,0,-3416.76,1197.9,0
Antioquia,2030_Q1_holidays_4h,4560.51,0,-3375.52,1184.99,0
Antioquia,2030_Q1_holidays_5h,4629.42,0,-3425.5,1203.92,0
Antioquia,2030_Q1_holidays_6h,4750.88,0,-3492.82,1258.06,0
Antioquia,2030_Q1_holidays_7h,4591.85,0,-3303.54,1288.3,0
Antioquia,2030_Q1_holidays_8h,4544.51,0,-3177.26,1367.25,0
Antioquia,2030_Q1_holidays_9h,4605.1,0,-3148.15,1456.95,0
Antioquia,2030_Q1_holidays_10h,4562.8,0,-3056.07,1506.73,0
Antioquia,2030_Q1_holidays_11h,4663.21,0,-3103.22,1559.99,0
Antioquia,2030_Q1_holidays_12h,4818.12,0,-3216.78,1601.34,0
Antioquia,2030_Q1_holidays_13h,4903.52,0,-3311.96,1591.56,0
Antioquia,2030_Q1_holidays_14h,5106.59,0,-3511.01,1595.58,0
Antioquia,2030_Q1_holidays_15h,5417.66,0,-3799.11,1618.55,0
Antioquia,2030_Q1_holidays_16h,5564.52,0,-3946.75,1617.76,0
Antioquia,2030_Q1_holidays_17h,5535.16,0,-3946.75,1588.4,0
Antioquia,2030_Q1_holidays_18h,5495.73,0,-3946.75,1548.98,0
Antioquia,2030_Q1_holidays_19h,5565.8,0,-3946.75,1619.05,0
Antioquia,2030_Q1_holidays_20h,5578.23,0,-3946.75,1631.47,0
Antioquia,2030_Q1_holidays_21h,5539.05,0,-3946.75,1592.3,0
Antioquia,2030_Q1_holidays_22h,5471.43,0,-3946.75,1524.68,0
Antioquia,2030_Q1_holidays_23h,5364.75,0,-3930.34,1434.41,0
Antioquia,2030_Q2_labor_0h,5075.37,0,-3757.43,1317.93,0
Antioquia,2030_Q2_labor_1h,4880.22,0,-3627.85,1252.38,0
Antioquia,2030_Q2_labor_2h,4754.63,0,-3545.65,1208.98,0
Antioquia,2030_Q2_labor_3h,4656.71,0,-3478.85,1177.86,0
Antioquia,2030_Q2_labor_4h,4603.54,0,-3441.38,1162.16,0
Antioquia,2030_Q2_labor_5h,4665.32,0,-3485.38,1179.94,0
Antioquia,2030_Q2_labor_6h,4766.39,0,-3540.92,1225.47,0
Antioquia,2030_Q2_labor_7h,4591.3,0,-3348.5,1242.8,0
Antioquia,2030_Q2_labor_8h,4571.51,0,-3257.46,1314.04,0
Antioquia,2030_Q2_labor_9h,4568.73,0,-3178.47,1390.26,0
Antioquia,2030_Q2_labor_10h,4552.89,0,-3111.52,1441.36,0
Antioquia,2030_Q2_labor_11h,4644.93,0,-3151.44,1493.5,0
Antioquia,2030_Q2_labor_12h,4807.86,0,-3274.43,1533.43,0
Antioquia,2030_Q2_labor_13h,4902.06,0,-3375.48,1526.58,0
Antioquia,2030_Q2_labor_14h,5102.38,0,-3569.72,1532.65,0
Antioquia,2030_Q2_labor_15h,5333.96,0,-3790.34,1543.62,0
Antioquia,2030_Q2_labor_16h,5475.76,0,-3935.1,1540.66,0
Antioquia,2030_Q2_labor_17h,5452.92,0,-3935.18,1517.74,0
Antioquia,2030_Q2_labor_18h,5420.6,0,-3935.12,1485.48,0
Antioquia,2030_Q2_labor_19h,5502.99,0,-3935.45,1567.54,0
Antioquia,2030_Q2_labor_20h,5539.1,0,-3935.81,1603.29,0
Antioquia,2030_Q2_labor_21h,5504.27,0,-3935.53,1568.75,0
Antioquia,2030_Q2_labor_22h,5434.26,0,-3935.2,1499.06,0
Antioquia,2030_Q2_labor_23h,5328.56,0,-3924.59,1403.97,0
Antioquia,2030_Q2_holidays_0h,5141.19,0,-3785.9,1355.29,0
Antioquia,2030_Q2_holidays_1h,4879.72,0,-3609.21,1270.51,0
Antioquia,2030_Q2_holidays_2h,4729.2,0,-3499.26,1229.94,0
Antioquia,2030_Q2_holidays_3h,4626.72,0,-3427.08,1199.64,0
Antioquia,2030_Q2_holidays_4h,4590.47,0,-3404.3,1186.18,0
Antioquia,2030_Q2_holidays_5h,4684.55,0,-3469.37,1215.18,0
Antioquia,2030_Q2_holidays_6h,4888.02,0,-3606.45,1281.57,0
Antioquia,2030_Q2_holidays_7h,4739.68,0,-3433.47,1306.21,0
Antioquia,2030_Q2_holidays_8h,4716.74,0,-3337.37,1379.37,0
Antioquia,2030_Q2_holidays_9h,4711.77,0,-3259.2,1452.57,0
Antioquia,2030_Q2_holidays_10h,4693.5,0,-3195.03,1498.47,0
Antioquia,2030_Q2_holidays_11h,4807.39,0,-3255.54,1551.85,0
Antioquia,2030_Q2_holidays_12h,4963.66,0,-3372.1,1591.56,0
Antioquia,2030_Q2_holidays_13h,5021.26,0,-3446.05,1575.21,0
Antioquia,2030_Q2_holidays_14h,5231.9,0,-3645.46,1586.44,0
Antioquia,2030_Q2_holidays_15h,5493.53,0,-3880.97,1612.56,0
Antioquia,2030_Q2_holidays_16h,5501.95,0,-3889.38,1612.57,0
Antioquia,2030_Q2_holidays_17h,5476.87,0,-3891.22,1585.65,0
Antioquia,2030_Q2_holidays_18h,5426.12,0,-3888.28,1537.84,0
Antioquia,2030_Q2_holidays_19h,5496.28,0,-3892.21,1604.07,0
Antioquia,2030_Q2_holidays_20h,5525.97,0,-3893.49,1632.48,0
Antioquia,2030_Q2_holidays_21h,5489.16,0,-3892.27,1596.88,0
Antioquia,2030_Q2_holidays_22h,5417.51,0,-3889.26,1528.25,0
Antioquia,2030_Q2_holidays_23h,5320.21,0,-3880.35,1439.85,0
Antioquia,2030_Q3_labor_0h,5051.94,0,-3687.52,1364.42,0
Antioquia,2030_Q3_labor_1h,4885.31,0,-3588.96,1296.35,0
Antioquia,2030_Q3_labor_2h,4761.22,0,-3510.58,1250.64,0
Antioquia,2030_Q3_labor_3h,4656.85,0,-3438.94,1217.91,0
Antioquia,2030_Q3_labor_4h,4598.56,0,-3398.31,1200.25,0
Antioquia,2030_Q3_labor_5h,4607.88,0,-3394.56,1213.32,0
Antioquia,2030_Q3_labor_6h,4645.2,0,-3398.79,1246.4,0
Antioquia,2030_Q3_labor_7h,4569.09,0,-3303.82,1265.27,0
Antioquia,2030_Q3_labor_8h,4618.29,0,-3276.75,1341.54,0
Antioquia,2030_Q3_labor_9h,4681.58,0,-3262.29,1419.29,0
Antioquia,2030_Q3_labor_10h,4709.05,0,-3237.19,1471.87,0
Antioquia,2030_Q3_labor_11h,4804.64,0,-3278.81,1525.82,0
Antioquia,2030_Q3_labor_12h,4962.93,0,-3395.96,1566.96,0
Antioquia,2030_Q3_labor_13h,5063.05,0,-3500.17,1562.88,0
Antioquia,2030_Q3_labor_14h,5234.41,0,-3665.01,1569.4,0
Antioquia,2030_Q3_labor_15h,5412,0,-3831.66,1580.34,0
Antioquia,2030_Q3_labor_16h,5495.45,0,-3920.3,1575.15,0
Antioquia,2030_Q3_labor_17h,5474.28,0,-3920.52,1553.76,0
Antioquia,2030_Q3_labor_18h,5399.03,0,-3881.25,1517.78,0
Antioquia,2030_Q3_labor_19h,5508.09,0,-3920.81,1587.28,0
Antioquia,2030_Q3_labor_20h,5560.01,0,-3921.87,1638.14,0
Antioquia,2030_Q3_labor_21h,5530.42,0,-3921.18,1609.23,0
Antioquia,2030_Q3_labor_22h,5459.07,0,-3914.57,1544.5,0
Antioquia,2030_Q3_labor_23h,5267.45,0,-3814.63,1452.82,0
Antioquia,2030_Q3_holidays_0h,4957.17,0,-3546.11,1411.06,0
Antioquia,2030_Q3_holidays_1h,4681.16,0,-3356.01,1325.15,0
Antioquia,2030_Q3_holidays_2h,4536.96,0,-3256.8,1280.16,0
Antioquia,2030_Q3_holidays_3h,4403.62,0,-3158.99,1244.63,0
Antioquia,2030_Q3_holidays_4h,4403.93,0,-3173.75,1230.17,0
Antioquia,2030_Q3_holidays_5h,4506.3,0,-3253.45,1252.85,0
Antioquia,2030_Q3_holidays_6h,4600.87,0,-3294.4,1306.47,0
Antioquia,2030_Q3_holidays_7h,4546.75,0,-3205.43,1341.32,0
Antioquia,2030_Q3_holidays_8h,4625.21,0,-3199.1,1426.11,0
Antioquia,2030_Q3_holidays_9h,4677.5,0,-3169.33,1508.17,0
Antioquia,2030_Q3_holidays_10h,4701.59,0,-3143.39,1558.21,0
Antioquia,2030_Q3_holidays_11h,4827.39,0,-3212.69,1614.7,0
Antioquia,2030_Q3_holidays_12h,4970.01,0,-3314.88,1655.13,0
Antioquia,2030_Q3_holidays_13h,5041.46,0,-3395.93,1645.53,0
Antioquia,2030_Q3_holidays_14h,5231.34,0,-3572.26,1659.09,0
Antioquia,2030_Q3_holidays_15h,5433.76,0,-3748.03,1685.74,0
Antioquia,2030_Q3_holidays_16h,5485.26,0,-3806.81,1678.45,0
Antioquia,2030_Q3_holidays_17h,5468.45,0,-3819.17,1649.27,0
Antioquia,2030_Q3_holidays_18h,5377.88,0,-3782.99,1594.89,0
Antioquia,2030_Q3_holidays_19h,5461.79,0,-3815.23,1646.56,0
Antioquia,2030_Q3_holidays_20h,5516.39,0,-3829.48,1686.9,0
Antioquia,2030_Q3_holidays_21h,5474.84,0,-3817.96,1656.87,0
Antioquia,2030_Q3_holidays_22h,5368.02,0,-3779.36,1588.66,0
Antioquia,2030_Q3_holidays_23h,5165.77,0,-3668.08,1497.68,0
Antioquia,2030_Q4_labor_0h,5336.8,0,-3911.35,1425.45,0
Antioquia,2030_Q4_labor_1h,5261.64,0,-3910.2,1351.44,0
Antioquia,2030_Q4_labor_2h,5214.64,0,-3909.49,1305.15,0
Antioquia,2030_Q4_labor_3h,5144.19,0,-3871.9,1272.29,0
Antioquia,2030_Q4_labor_4h,5092.41,0,-3838.78,1253.62,0
Antioquia,2030_Q4_labor_5h,5161.05,0,-3892.82,1268.23,0
Antioquia,2030_Q4_labor_6h,5212.38,0,-3909.34,1303.04,0
Antioquia,2030_Q4_labor_7h,5222.03,0,-3897.7,1324.33,0
Antioquia,2030_Q4_labor_8h,5284.1,0,-3881.11,1402.99,0
Antioquia,2030_Q4_labor_9h,5367.92,0,-3886.15,1481.77,0
Antioquia,2030_Q4_labor_10h,5422.9,0,-3886.67,1536.23,0
Antioquia,2030_Q4_labor_11h,5502.2,0,-3910.27,1591.93,0
Antioquia,2030_Q4_labor_12h,5544.51,0,-3911.19,1633.32,0
Antioquia,2030_Q4_labor_13h,5542.51,0,-3911.78,1630.73,0
Antioquia,2030_Q4_labor_14h,5551.26,0,-3912.64,1638.63,0
Antioquia,2030_Q4_labor_15h,5563.75,0,-3913.22,1650.52,0
Antioquia,2030_Q4_labor_16h,5559.51,0,-3913.65,1645.85,0
Antioquia,2030_Q4_labor_17h,5540.08,0,-3913.75,1626.33,0
Antioquia,2030_Q4_labor_18h,5529.89,0,-3913.7,1616.2,0
Antioquia,2030_Q4_labor_19h,5620.9,0,-3914.92,1705.98,0
Antioquia,2030_Q4_labor_20h,5622.83,0,-3914.93,1707.9,0
Antioquia,2030_Q4_labor_21h,5587.62,0,-3914.34,1673.28,0
Antioquia,2030_Q4_labor_22h,5520.9,0,-3913.61,1607.3,0
Antioquia,2030_Q4_labor_23h,5427.1,0,-3912.59,1514.51,0
Antioquia,2030_Q4_holidays_0h,5205.29,0,-3732.18,1473.11,0
Antioquia,2030_Q4_holidays_1h,5106.19,0,-3710.66,1395.52,0
Antioquia,2030_Q4_holidays_2h,5043.92,0,-3697.36,1346.56,0
Antioquia,2030_Q4_holidays_3h,4998.04,0,-3687.37,1310.67,0
Antioquia,2030_Q4_holidays_4h,4956.08,0,-3662.71,1293.37,0
Antioquia,2030_Q4_holidays_5h,5003.68,0,-3688.46,1315.22,0
Antioquia,2030_Q4_holidays_6h,5065.43,0,-3697.16,1368.27,0
Antioquia,2030_Q4_holidays_7h,5094.37,0,-3693.21,1401.16,0
Antioquia,2030_Q4_holidays_8h,5185.29,0,-3702.12,1483.17,0
Antioquia,2030_Q4_holidays_9h,5281.17,0,-3713.72,1567.45,0
Antioquia,2030_Q4_holidays_10h,5339.87,0,-3720.3,1619.57,0
Antioquia,2030_Q4_holidays_11h,5409,0,-3733.59,1675.41,0
Antioquia,2030_Q4_holidays_12h,5466.36,0,-3748.99,1717.37,0
Antioquia,2030_Q4_holidays_13h,5467.01,0,-3756.09,1710.92,0
Antioquia,2030_Q4_holidays_14h,5505.01,0,-3782.82,1722.19,0
Antioquia,2030_Q4_holidays_15h,5565.97,0,-3819.49,1746.47,0
Antioquia,2030_Q4_holidays_16h,5588.97,0,-3845.88,1743.09,0
Antioquia,2030_Q4_holidays_17h,5556.55,0,-3841.44,1715.11,0
Antioquia,2030_Q4_holidays_18h,5519.67,0,-3826.99,1692.67,0
Antioquia,2030_Q4_holidays_19h,5626.43,0,-3862.46,1763.97,0
Antioquia,2030_Q4_holidays_20h,5614.59,0,-3857.14,1757.45,0
Antioquia,2030_Q4_holidays_21h,5565.07,0,-3840.76,1724.31,0
Antioquia,2030_Q4_holidays_22h,5456.93,0,-3804.63,1652.31,0
Antioquia,2030_Q4_holidays_23h,5328.74,0,-3766.36,1562.38,0
Antioquia,2031_Q1_labor_0h,5262.7,0,-3907.31,1355.39,0
Antioquia,2031_Q1_labor_1h,5127.27,0,-3839.9,1287.37,0
Antioquia,2031_Q1_labor_2h,5031.99,0,-3788.01,1243.99,0
Antioquia,2031_Q1_labor_3h,4950.1,0,-3737.92,1212.18,0
Antioquia,2031_Q1_labor_4h,4909.34,0,-3713.42,1195.92,0
Antioquia,2031_Q1_labor_5h,4946.17,0,-3737.3,1208.87,0
Antioquia,2031_Q1_labor_6h,4999.13,0,-3750.43,1248.71,0
Antioquia,2031_Q1_labor_7h,4857.79,0,-3590.46,1267.33,0
Antioquia,2031_Q1_labor_8h,4794.56,0,-3455.74,1338.82,0
Antioquia,2031_Q1_labor_9h,4810.22,0,-3388.55,1421.67,0
Antioquia,2031_Q1_labor_10h,4797.97,0,-3321.43,1476.54,0
Antioquia,2031_Q1_labor_11h,4888.65,0,-3359.95,1528.7,0
Antioquia,2031_Q1_labor_12h,5021.72,0,-3452.29,1569.43,0
Antioquia,2031_Q1_labor_13h,5109.61,0,-3543.59,1566.02,0
Antioquia,2031_Q1_labor_14h,5274.33,0,-3706.54,1567.78,0
Antioquia,2031_Q1_labor_15h,5448.07,0,-3870.37,1577.7,0
Antioquia,2031_Q1_labor_16h,5545.1,0,-3972.65,1572.45,0
Antioquia,2031_Q1_labor_17h,5565.81,0,-4017.98,1547.83,0
Antioquia,2031_Q1_labor_18h,5519.72,0,-3996.41,1523.3,0
Antioquia,2031_Q1_labor_19h,5628.27,0,-4017.98,1610.29,0
Antioquia,2031_Q1_labor_20h,5650.03,0,-4017.98,1632.05,0
Antioquia,2031_Q1_labor_21h,5611.93,0,-4017.98,1593.94,0
Antioquia,2031_Q1_labor_22h,5545.9,0,-4017.98,1527.91,0
Antioquia,2031_Q1_labor_23h,5413.01,0,-3973.86,1439.15,0
Antioquia,2031_Q1_holidays_0h,5131.19,0,-3745.95,1385.24,0
Antioquia,2031_Q1_holidays_1h,4885.58,0,-3582.25,1303.33,0
Antioquia,2031_Q1_holidays_2h,4717.37,0,-3460.83,1256.54,0
Antioquia,2031_Q1_holidays_3h,4618.48,0,-3393.68,1224.8,0
Antioquia,2031_Q1_holidays_4h,4543.37,0,-3337.59,1205.78,0
Antioquia,2031_Q1_holidays_5h,4614.83,0,-3389.56,1225.27,0
Antioquia,2031_Q1_holidays_6h,4728.93,0,-3451.65,1277.28,0
Antioquia,2031_Q1_holidays_7h,4562.81,0,-3255.14,1307.67,0
Antioquia,2031_Q1_holidays_8h,4501.76,0,-3116.79,1384.98,0
Antioquia,2031_Q1_holidays_9h,4529.36,0,-3062.98,1466.38,0
Antioquia,2031_Q1_holidays_10h,4483.17,0,-2966.1,1517.07,0
Antioquia,2031_Q1_holidays_11h,4578.73,0,-3009.67,1569.06,0
Antioquia,2031_Q1_holidays_12h,4757.95,0,-3140.88,1617.07,0
Antioquia,2031_Q1_holidays_13h,4866.65,0,-3253.48,1613.16,0
Antioquia,2031_Q1_holidays_14h,5090.15,0,-3468.79,1621.35,0
Antioquia,2031_Q1_holidays_15h,5411.62,0,-3767.72,1643.9,0
Antioquia,2031_Q1_holidays_16h,5608.51,0,-3966.67,1641.84,0
Antioquia,2031_Q1_holidays_17h,5582.97,0,-3967.7,1615.27,0
Antioquia,2031_Q1_holidays_18h,5550.21,0,-3967.04,1583.16,0
Antioquia,2031_Q1_holidays_19h,5634.76,0,-3969.99,1664.76,0
Antioquia,2031_Q1_holidays_20h,5654.25,0,-3970.97,1683.28,0
Antioquia,2031_Q1_holidays_21h,5611.92,0,-3969.54,1642.38,0
Antioquia,2031_Q1_holidays_22h,5538.59,0,-3967.42,1571.17,0
Antioquia,2031_Q1_holidays_23h,5443.19,0,-3964.83,1478.36,0
Antioquia,2031_Q2_labor_0h,5085.02,0,-3725.22,1359.8,0
Antioquia,2031_Q2_labor_1h,4875,0,-3585.76,1289.25,0
Antioquia,2031_Q2_labor_2h,4746.25,0,-3501.19,1245.07,0
Antioquia,2031_Q2_labor_3h,4645.49,0,-3432.07,1213.43,0
Antioquia,2031_Q2_labor_4h,4590.55,0,-3393.12,1197.43,0
Antioquia,2031_Q2_labor_5h,4656.15,0,-3440.14,1216.01,0
Antioquia,2031_Q2_labor_6h,4759.75,0,-3497.52,1262.22,0
Antioquia,2031_Q2_labor_7h,4585.48,0,-3305.14,1280.35,0
Antioquia,2031_Q2_labor_8h,4573.84,0,-3219.42,1354.42,0
Antioquia,2031_Q2_labor_9h,4576.77,0,-3143.97,1432.8,0
Antioquia,2031_Q2_labor_10h,4565.12,0,-3079.45,1485.66,0
Antioquia,2031_Q2_labor_11h,4662.45,0,-3123.03,1539.41,0
Antioquia,2031_Q2_labor_12h,4828.17,0,-3248.28,1579.89,0
Antioquia,2031_Q2_labor_13h,4922.39,0,-3349.65,1572.74,0
Antioquia,2031_Q2_labor_14h,5122.39,0,-3543.71,1578.68,0
Antioquia,2031_Q2_labor_15h,5353.74,0,-3763.79,1589.94,0
Antioquia,2031_Q2_labor_16h,5464.62,0,-3877.92,1586.7,0
Antioquia,2031_Q2_labor_17h,5447.15,0,-3884.26,1562.89,0
Antioquia,2031_Q2_labor_18h,5409.48,0,-3880.02,1529.46,0
Antioquia,2031_Q2_labor_19h,5514.19,0,-3901.53,1612.66,0
Antioquia,2031_Q2_labor_20h,5563.4,0,-3915,1648.4,0
Antioquia,2031_Q2_labor_21h,5518.05,0,-3904.5,1613.55,0
Antioquia,2031_Q2_labor_22h,5428.62,0,-3885.6,1543.02,0
Antioquia,2031_Q2_labor_23h,5316.45,0,-3869.09,1447.36,0
Antioquia,2031_Q2_holidays_0h,5089.46,0,-3707.64,1381.82,0
Antioquia,2031_Q2_holidays_1h,4861.59,0,-3548.69,1312.9,0
Antioquia,2031_Q2_holidays_2h,4679.64,0,-3411.67,1267.98,0
Antioquia,2031_Q2_holidays_3h,4550.74,0,-3316.53,1234.21,0
Antioquia,2031_Q2_holidays_4h,4501.69,0,-3282.43,1219.26,0
Antioquia,2031_Q2_holidays_5h,4607.29,0,-3359.74,1247.55,0
Antioquia,2031_Q2_holidays_6h,4852.45,0,-3532.39,1320.06,0
Antioquia,2031_Q2_holidays_7h,4699.95,0,-3356.13,1343.81,0
Antioquia,2031_Q2_holidays_8h,4681.8,0,-3266.87,1414.93,0
Antioquia,2031_Q2_holidays_9h,4696.82,0,-3205.69,1491.12,0
Antioquia,2031_Q2_holidays_10h,4682.08,0,-3145.1,1536.97,0
Antioquia,2031_Q2_holidays_11h,4805.49,0,-3213.84,1591.65,0
Antioquia,2031_Q2_holidays_12h,4985.1,0,-3348.56,1636.53,0
Antioquia,2031_Q2_holidays_13h,5044.35,0,-3424.06,1620.29,0
Antioquia,2031_Q2_holidays_14h,5269.67,0,-3635.91,1633.76,0
Antioquia,2031_Q2_holidays_15h,5517.56,0,-3856.69,1660.87,0
Antioquia,2031_Q2_holidays_16h,5556.28,0,-3894.25,1662.03,0
Antioquia,2031_Q2_holidays_17h,5537.46,0,-3901.93,1635.52,0
Antioquia,2031_Q2_holidays_18h,5478.17,0,-3890.62,1587.55,0
Antioquia,2031_Q2_holidays_19h,5571.3,0,-3907.52,1663.78,0
Antioquia,2031_Q2_holidays_20h,5612.98,0,-3913.37,1699.61,0
Antioquia,2031_Q2_holidays_21h,5566.61,0,-3908.1,1658.51,0
Antioquia,2031_Q2_holidays_22h,5475.25,0,-3895.01,1580.24,0
Antioquia,2031_Q2_holidays_23h,5324.02,0,-3848.67,1475.35,0
Antioquia,2031_Q3_labor_0h,5059.43,0,-3652.93,1406.5,0
Antioquia,2031_Q3_labor_1h,4875.97,0,-3541.69,1334.28,0
Antioquia,2031_Q3_labor_2h,4744.25,0,-3456.6,1287.66,0
Antioquia,2031_Q3_labor_3h,4630.64,0,-3377.38,1253.26,0
Antioquia,2031_Q3_labor_4h,4569.68,0,-3334.18,1235.5,0
Antioquia,2031_Q3_labor_5h,4583.38,0,-3334.22,1249.16,0
Antioquia,2031_Q3_labor_6h,4625.19,0,-3342.04,1283.15,0
Antioquia,2031_Q3_labor_7h,4548.92,0,-3245.42,1303.51,0
Antioquia,2031_Q3_labor_8h,4610.65,0,-3227.71,1382.93,0
Antioquia,2031_Q3_labor_9h,4687.97,0,-3223.94,1464.03,0
Antioquia,2031_Q3_labor_10h,4723.64,0,-3205.02,1518.62,0
Antioquia,2031_Q3_labor_11h,4829.09,0,-3254.76,1574.33,0
Antioquia,2031_Q3_labor_12h,4994.78,0,-3378.36,1616.43,0
Antioquia,2031_Q3_labor_13h,5097.24,0,-3484.42,1612.82,0
Antioquia,2031_Q3_labor_14h,5266.57,0,-3647.36,1619.21,0
Antioquia,2031_Q3_labor_15h,5432.67,0,-3802.66,1630.01,0
Antioquia,2031_Q3_labor_16h,5491.74,0,-3868.32,1623.42,0
Antioquia,2031_Q3_labor_17h,5474.38,0,-3873.76,1600.62,0
Antioquia,2031_Q3_labor_18h,5411.79,0,-3848.67,1563.12,0
Antioquia,2031_Q3_labor_19h,5513.87,0,-3880.75,1633.13,0
Antioquia,2031_Q3_labor_20h,5582.7,0,-3898.63,1684.07,0
Antioquia,2031_Q3_labor_21h,5542.44,0,-3887.81,1654.63,0
Antioquia,2031_Q3_labor_22h,5458.28,0,-3869.95,1588.34,0
Antioquia,2031_Q3_labor_23h,5274.76,0,-3779.05,1495.71,0
Antioquia,2031_Q3_holidays_0h,4978.86,0,-3535.27,1443.59,0
Antioquia,2031_Q3_holidays_1h,4729,0,-3360.87,1368.13,0
Antioquia,2031_Q3_holidays_2h,4564.8,0,-3245.64,1319.17,0
Antioquia,2031_Q3_holidays_3h,4437.18,0,-3150.58,1286.6,0
Antioquia,2031_Q3_holidays_4h,4422.31,0,-3153.21,1269.1,0
Antioquia,2031_Q3_holidays_5h,4523.96,0,-3233.29,1290.67,0
Antioquia,2031_Q3_holidays_6h,4625.99,0,-3281.15,1344.84,0
Antioquia,2031_Q3_holidays_7h,4549,0,-3174.6,1374.4,0
Antioquia,2031_Q3_holidays_8h,4621.11,0,-3164.81,1456.3,0
Antioquia,2031_Q3_holidays_9h,4665.46,0,-3130.63,1534.83,0
Antioquia,2031_Q3_holidays_10h,4688.43,0,-3104.32,1584.11,0
Antioquia,2031_Q3_holidays_11h,4824.11,0,-3182.73,1641.37,0
Antioquia,2031_Q3_holidays_12h,4986.06,0,-3301.45,1684.61,0
Antioquia,2031_Q3_holidays_13h,5048.84,0,-3377.07,1671.77,0
Antioquia,2031_Q3_holidays_14h,5257.31,0,-3570.28,1687.03,0
Antioquia,2031_Q3_holidays_15h,5481.75,0,-3765.79,1715.96,0
Antioquia,2031_Q3_holidays_16h,5565.26,0,-3849.73,1715.52,0
Antioquia,2031_Q3_holidays_17h,5559.45,0,-3869.08,1690.37,0
Antioquia,2031_Q3_holidays_18h,5464.14,0,-3826.01,1638.13,0
Antioquia,2031_Q3_holidays_19h,5573.5,0,-3872.02,1701.48,0
Antioquia,2031_Q3_holidays_20h,5643.98,0,-3892.14,1751.83,0
Antioquia,2031_Q3_holidays_21h,5597.77,0,-3878.62,1719.14,0
Antioquia,2031_Q3_holidays_22h,5484.28,0,-3837.29,1646.99,0
Antioquia,2031_Q3_holidays_23h,5239.79,0,-3696.59,1543.19,0
Antioquia,2031_Q4_labor_0h,5335.94,0,-3868,1467.94,0
Antioquia,2031_Q4_labor_1h,5242.5,0,-3848.82,1393.69,0
Antioquia,2031_Q4_labor_2h,5178.62,0,-3833.21,1345.41,0
Antioquia,2031_Q4_labor_3h,5128.71,0,-3817.54,1311.17,0
Antioquia,2031_Q4_labor_4h,5070.55,0,-3778.81,1291.75,0
Antioquia,2031_Q4_labor_5h,5125.29,0,-3819.24,1306.05,0
Antioquia,2031_Q4_labor_6h,5170.6,0,-3829.42,1341.18,0
Antioquia,2031_Q4_labor_7h,5182.24,0,-3819.26,1362.98,0
Antioquia,2031_Q4_labor_8h,5269.33,0,-3825.69,1443.64,0
Antioquia,2031_Q4_labor_9h,5360.18,0,-3833.7,1526.48,0
Antioquia,2031_Q4_labor_10h,5419.66,0,-3837.35,1582.31,0
Antioquia,2031_Q4_labor_11h,5489.62,0,-3849.83,1639.79,0
Antioquia,2031_Q4_labor_12h,5546.53,0,-3865.07,1681.46,0
Antioquia,2031_Q4_labor_13h,5552.65,0,-3873.65,1678.99,0
Antioquia,2031_Q4_labor_14h,5571.43,0,-3885.21,1686.23,0
Antioquia,2031_Q4_labor_15h,5589,0,-3891.66,1697.34,0
Antioquia,2031_Q4_labor_16h,5588.56,0,-3896.74,1691.82,0
Antioquia,2031_Q4_labor_17h,5570.24,0,-3898.62,1671.62,0
Antioquia,2031_Q4_labor_18h,5560.6,0,-3898.84,1661.76,0
Antioquia,2031_Q4_labor_19h,5664.45,0,-3910.75,1753.7,0
Antioquia,2031_Q4_labor_20h,5666.82,0,-3911.05,1755.78,0
Antioquia,2031_Q4_labor_21h,5625.94,0,-3905.74,1720.19,0
Antioquia,2031_Q4_labor_22h,5550.24,0,-3897.79,1652.45,0
Antioquia,2031_Q4_labor_23h,5445.44,0,-3886.12,1559.33,0
Antioquia,2031_Q4_holidays_0h,5536.95,0,-4017.98,1518.96,0
Antioquia,2031_Q4_holidays_1h,5445.15,0,-4017.98,1427.16,0
Antioquia,2031_Q4_holidays_2h,5398.33,0,-4017.98,1380.35,0
Antioquia,2031_Q4_holidays_3h,5363.67,0,-4017.98,1345.69,0
Antioquia,2031_Q4_holidays_4h,5347.07,0,-4017.98,1329.08,0
Antioquia,2031_Q4_holidays_5h,5374.02,0,-4017.98,1356.04,0
Antioquia,2031_Q4_holidays_6h,5433.05,0,-4017.98,1415.07,0
Antioquia,2031_Q4_holidays_7h,5467.63,0,-4017.98,1449.65,0
Antioquia,2031_Q4_holidays_8h,5554.25,0,-4017.98,1536.27,0
Antioquia,2031_Q4_holidays_9h,5630.93,0,-4017.98,1612.95,0
Antioquia,2031_Q4_holidays_10h,5686.21,0,-4017.98,1668.22,0
Antioquia,2031_Q4_holidays_11h,5743.05,0,-4017.98,1725.07,0
Antioquia,2031_Q4_holidays_12h,5791.99,0,-4017.98,1774,0
Antioquia,2031_Q4_holidays_13h,5784.18,0,-4017.98,1766.2,0
Antioquia,2031_Q4_holidays_14h,5801.18,0,-4017.98,1783.19,0
Antioquia,2031_Q4_holidays_15h,5833.04,0,-4017.98,1815.05,0
Antioquia,2031_Q4_holidays_16h,5833.8,0,-4017.98,1815.82,0
Antioquia,2031_Q4_holidays_17h,5805.56,0,-4017.98,1787.58,0
Antioquia,2031_Q4_holidays_18h,5778.98,0,-4017.98,1761,0
Antioquia,2031_Q4_holidays_19h,5855.61,0,-4017.98,1837.63,0
Antioquia,2031_Q4_holidays_20h,5848.31,0,-4017.98,1830.33,0
Antioquia,2031_Q4_holidays_21h,5813.7,0,-4017.98,1795.72,0
Antioquia,2031_Q4_holidays_22h,5738.25,0,-4017.98,1720.27,0
Antioquia,2031_Q4_holidays_23h,5630.95,0,-4017.98,1612.97,0
Antioquia,2032_Q1_labor_0h,5141.53,0,-3745,1396.53,0
Antioquia,2032_Q1_labor_1h,4962.86,0,-3637.7,1325.16,0
Antioquia,2032_Q1_labor_2h,4847.38,0,-3567.49,1279.88,0
Antioquia,2032_Q1_labor_3h,4753.08,0,-3505.93,1247.15,0
Antioquia,2032_Q1_labor_4h,4707.27,0,-3477.31,1229.96,0
Antioquia,2032_Q1_labor_5h,4748.03,0,-3504.98,1243.05,0
Antioquia,2032_Q1_labor_6h,4805.06,0,-3521.94,1283.12,0
Antioquia,2032_Q1_labor_7h,4643.07,0,-3341.4,1301.67,0
Antioquia,2032_Q1_labor_8h,4572.32,0,-3198,1374.32,0
Antioquia,2032_Q1_labor_9h,4591.24,0,-3131.42,1459.82,0
Antioquia,2032_Q1_labor_10h,4581.76,0,-3065.25,1516.51,0
Antioquia,2032_Q1_labor_11h,4673.4,0,-3103.51,1569.89,0
Antioquia,2032_Q1_labor_12h,4809.93,0,-3197.42,1612.51,0
Antioquia,2032_Q1_labor_13h,4903.5,0,-3293.37,1610.13,0
Antioquia,2032_Q1_labor_14h,5081.87,0,-3469.99,1611.88,0
Antioquia,2032_Q1_labor_15h,5307.73,0,-3685.49,1622.24,0
Antioquia,2032_Q1_labor_16h,5462.88,0,-3845.67,1617.21,0
Antioquia,2032_Q1_labor_17h,5484.37,0,-3892.06,1592.31,0
Antioquia,2032_Q1_labor_18h,5430.72,0,-3862.77,1567.95,0
Antioquia,2032_Q1_labor_19h,5624.63,0,-3965.79,1658.84,0
Antioquia,2032_Q1_labor_20h,5677.89,0,-3996.43,1681.45,0
Antioquia,2032_Q1_labor_21h,5618.51,0,-3976.02,1642.5,0
Antioquia,2032_Q1_labor_22h,5497.84,0,-3923.48,1574.36,0
Antioquia,2032_Q1_labor_23h,5324.57,0,-3841.5,1483.06,0
Antioquia,2032_Q1_holidays_0h,5023.06,0,-3596.79,1426.27,0
Antioquia,2032_Q1_holidays_1h,4801.61,0,-3452.43,1349.18,0
Antioquia,2032_Q1_holidays_2h,4640.75,0,-3336.18,1304.57,0
Antioquia,2032_Q1_holidays_3h,4540.01,0,-3268.33,1271.68,0
Antioquia,2032_Q1_holidays_4h,4470.89,0,-3216.14,1254.75,0
Antioquia,2032_Q1_holidays_5h,4551.76,0,-3274.77,1276.99,0
Antioquia,2032_Q1_holidays_6h,4699.48,0,-3361.63,1337.85,0
Antioquia,2032_Q1_holidays_7h,4556.81,0,-3182.53,1374.28,0
Antioquia,2032_Q1_holidays_8h,4536.57,0,-3075.76,1460.81,0
Antioquia,2032_Q1_holidays_9h,4580.76,0,-3037.28,1543.48,0
Antioquia,2032_Q1_holidays_10h,4560.65,0,-2966.46,1594.19,0
Antioquia,2032_Q1_holidays_11h,4653.19,0,-3003.28,1649.91,0
Antioquia,2032_Q1_holidays_12h,4804.67,0,-3109.02,1695.65,0
Antioquia,2032_Q1_holidays_13h,4881.79,0,-3197.52,1684.27,0
Antioquia,2032_Q1_holidays_14h,5096.97,0,-3403.32,1693.65,0
Antioquia,2032_Q1_holidays_15h,5406.08,0,-3689.03,1717.05,0
Antioquia,2032_Q1_holidays_16h,5604.79,0,-3892.08,1712.71,0
Antioquia,2032_Q1_holidays_17h,5644.62,0,-3962.45,1682.18,0
Antioquia,2032_Q1_holidays_18h,5538.61,0,-3895.99,1642.61,0
Antioquia,2032_Q1_holidays_19h,5735.67,0,-4017.84,1717.83,0
Antioquia,2032_Q1_holidays_20h,5753.14,0,-4017.84,1735.3,0
Antioquia,2032_Q1_holidays_21h,5708.87,0,-4017.84,1691.03,0
Antioquia,2032_Q1_holidays_22h,5584.48,0,-3966.41,1618.08,0
Antioquia,2032_Q1_holidays_23h,5338.4,0,-3817.13,1521.28,0
Antioquia,2032_Q2_labor_0h,5042.12,0,-3640.6,1401.52,0
Antioquia,2032_Q2_labor_1h,4837.5,0,-3505.75,1331.75,0
Antioquia,2032_Q2_labor_2h,4707.24,0,-3421.44,1285.8,0
Antioquia,2032_Q2_labor_3h,4603.83,0,-3351.18,1252.65,0
Antioquia,2032_Q2_labor_4h,4546.24,0,-3310.61,1235.62,0
Antioquia,2032_Q2_labor_5h,4610.8,0,-3356.9,1253.89,0
Antioquia,2032_Q2_labor_6h,4722.83,0,-3422.07,1300.76,0
Antioquia,2032_Q2_labor_7h,4541.1,0,-3222.38,1318.72,0
Antioquia,2032_Q2_labor_8h,4525.48,0,-3131.53,1393.95,0
Antioquia,2032_Q2_labor_9h,4522.16,0,-3048.13,1474.04,0
Antioquia,2032_Q2_labor_10h,4504.78,0,-2977.17,1527.61,0
Antioquia,2032_Q2_labor_11h,4603.43,0,-3020.41,1583.03,0
Antioquia,2032_Q2_labor_12h,4777.73,0,-3152.54,1625.19,0
Antioquia,2032_Q2_labor_13h,4875.36,0,-3257.86,1617.5,0
Antioquia,2032_Q2_labor_14h,5079.39,0,-3456.36,1623.04,0
Antioquia,2032_Q2_labor_15h,5313.54,0,-3679.08,1634.46,0
Antioquia,2032_Q2_labor_16h,5512.11,0,-3880.54,1631.58,0
Antioquia,2032_Q2_labor_17h,5554.45,0,-3947.02,1607.43,0
Antioquia,2032_Q2_labor_18h,5449.18,0,-3875.81,1573.37,0
Antioquia,2032_Q2_labor_19h,5677.98,0,-4017.98,1660,0
Antioquia,2032_Q2_labor_20h,5714.91,0,-4017.98,1696.93,0
Antioquia,2032_Q2_labor_21h,5678.61,0,-4017.98,1660.63,0
Antioquia,2032_Q2_labor_22h,5572.52,0,-3984.54,1587.98,0
Antioquia,2032_Q2_labor_23h,5299.22,0,-3808.51,1490.7,0
Antioquia,2032_Q2_holidays_0h,5008.22,0,-3590.61,1417.61,0
Antioquia,2032_Q2_holidays_1h,4736.49,0,-3407.46,1329.03,0
Antioquia,2032_Q2_holidays_2h,4571.65,0,-3286.17,1285.47,0
Antioquia,2032_Q2_holidays_3h,4464.71,0,-3210.6,1254.11,0
Antioquia,2032_Q2_holidays_4h,4434.78,0,-3192.73,1242.05,0
Antioquia,2032_Q2_holidays_5h,4547.96,0,-3271.49,1276.47,0
Antioquia,2032_Q2_holidays_6h,4808.39,0,-3452.81,1355.58,0
Antioquia,2032_Q2_holidays_7h,4664.88,0,-3280.55,1384.33,0
Antioquia,2032_Q2_holidays_8h,4652.27,0,-3188.18,1464.09,0
Antioquia,2032_Q2_holidays_9h,4665.69,0,-3119.21,1546.48,0
Antioquia,2032_Q2_holidays_10h,4662.04,0,-3063.01,1599.03,0
Antioquia,2032_Q2_holidays_11h,4784.11,0,-3129.09,1655.03,0
Antioquia,2032_Q2_holidays_12h,4955.79,0,-3257.4,1698.39,0
Antioquia,2032_Q2_holidays_13h,5024.19,0,-3340.59,1683.6,0
Antioquia,2032_Q2_holidays_14h,5260.56,0,-3559.54,1701.02,0
Antioquia,2032_Q2_holidays_15h,5541.21,0,-3811.21,1730.01,0
Antioquia,2032_Q2_holidays_16h,5679.96,0,-3951.49,1728.47,0
Antioquia,2032_Q2_holidays_17h,5653.19,0,-3954.33,1698.86,0
Antioquia,2032_Q2_holidays_18h,5595.83,0,-3948.65,1647.18,0
Antioquia,2032_Q2_holidays_19h,5675.64,0,-3955.62,1720.02,0
Antioquia,2032_Q2_holidays_20h,5713.99,0,-3957.78,1756.21,0
Antioquia,2032_Q2_holidays_21h,5672.41,0,-3956.08,1716.33,0
Antioquia,2032_Q2_holidays_22h,5586.42,0,-3950.7,1635.73,0
Antioquia,2032_Q2_holidays_23h,5349.4,0,-3829.33,1520.06,0
Antioquia,2032_Q3_labor_0h,5013.92,0,-3563.06,1450.86,0
Antioquia,2032_Q3_labor_1h,4847.18,0,-3464.41,1382.78,0
Antioquia,2032_Q3_labor_2h,4715.82,0,-3381.69,1334.13,0
Antioquia,2032_Q3_labor_3h,4602.55,0,-3303.96,1298.59,0
Antioquia,2032_Q3_labor_4h,4539.99,0,-3260.56,1279.43,0
Antioquia,2032_Q3_labor_5h,4542.41,0,-3250.19,1292.22,0
Antioquia,2032_Q3_labor_6h,4581.98,0,-3255.84,1326.14,0
Antioquia,2032_Q3_labor_7h,4515.34,0,-3168.96,1346.38,0
Antioquia,2032_Q3_labor_8h,4574,0,-3146.58,1427.41,0
Antioquia,2032_Q3_labor_9h,4645.49,0,-3135.46,1510.03,0
Antioquia,2032_Q3_labor_10h,4677.33,0,-3112.15,1565.18,0
Antioquia,2032_Q3_labor_11h,4775.94,0,-3154.12,1621.82,0
Antioquia,2032_Q3_labor_12h,4940.18,0,-3275.72,1664.46,0
Antioquia,2032_Q3_labor_13h,5049.08,0,-3388.8,1660.27,0
Antioquia,2032_Q3_labor_14h,5235.46,0,-3569.01,1666.45,0
Antioquia,2032_Q3_labor_15h,5458.99,0,-3781.12,1677.87,0
Antioquia,2032_Q3_labor_16h,5593.19,0,-3922.07,1671.12,0
Antioquia,2032_Q3_labor_17h,5585.57,0,-3937.76,1647.81,0
Antioquia,2032_Q3_labor_18h,5428.23,0,-3818.28,1609.96,0
Antioquia,2032_Q3_labor_19h,5606.32,0,-3923.29,1683.02,0
Antioquia,2032_Q3_labor_20h,5731.65,0,-3996.91,1734.74,0
Antioquia,2032_Q3_labor_21h,5661.66,0,-3957.5,1704.16,0
Antioquia,2032_Q3_labor_22h,5506.65,0,-3869.77,1636.88,0
Antioquia,2032_Q3_labor_23h,5263.13,0,-3720.73,1542.4,0
Antioquia,2032_Q3_holidays_0h,4919.94,0,-3443.3,1476.63,0
Antioquia,2032_Q3_holidays_1h,4522.12,0,-3161.71,1360.42,0
Antioquia,2032_Q3_holidays_2h,4374.68,0,-3061.08,1313.59,0
Antioquia,2032_Q3_holidays_3h,4251.82,0,-2970.95,1280.88,0
Antioquia,2032_Q3_holidays_4h,4272.46,0,-3004.36,1268.1,0
Antioquia,2032_Q3_holidays_5h,4408.54,0,-3109.83,1298.71,0
Antioquia,2032_Q3_holidays_6h,4528.54,0,-3165.77,1362.77,0
Antioquia,2032_Q3_holidays_7h,4468.36,0,-3070.02,1398.33,0
Antioquia,2032_Q3_holidays_8h,4543.85,0,-3056.23,1487.62,0
Antioquia,2032_Q3_holidays_9h,4585.45,0,-3011.56,1573.89,0
Antioquia,2032_Q3_holidays_10h,4622.6,0,-2991.86,1630.74,0
Antioquia,2032_Q3_holidays_11h,4764.85,0,-3070.5,1694.35,0
Antioquia,2032_Q3_holidays_12h,4931.17,0,-3187.85,1743.32,0
Antioquia,2032_Q3_holidays_13h,5006.75,0,-3274.47,1732.28,0
Antioquia,2032_Q3_holidays_14h,5235.99,0,-3484.83,1751.15,0
Antioquia,2032_Q3_holidays_15h,5522.46,0,-3741.86,1780.6,0
Antioquia,2032_Q3_holidays_16h,5669.89,0,-3889.5,1780.39,0
Antioquia,2032_Q3_holidays_17h,5660.47,0,-3907.25,1753.22,0
Antioquia,2032_Q3_holidays_18h,5511.36,0,-3817.78,1693.58,0
Antioquia,2032_Q3_holidays_19h,5649.67,0,-3897.22,1752.45,0
Antioquia,2032_Q3_holidays_20h,5727.5,0,-3918.65,1808.85,0
Antioquia,2032_Q3_holidays_21h,5685.73,0,-3909.26,1776.47,0
Antioquia,2032_Q3_holidays_22h,5523.3,0,-3827.65,1695.65,0
Antioquia,2032_Q3_holidays_23h,5212.11,0,-3629.9,1582.21,0
Antioquia,2032_Q4_labor_0h,5388.02,0,-3873.01,1515.01,0
Antioquia,2032_Q4_labor_1h,5256.79,0,-3815.09,1441.7,0
Antioquia,2032_Q4_labor_2h,5119.35,0,-3727.11,1392.24,0
Antioquia,2032_Q4_labor_3h,5016.05,0,-3660.03,1356.02,0
Antioquia,2032_Q4_labor_4h,4956.57,0,-3621.37,1335.2,0
Antioquia,2032_Q4_labor_5h,5028.65,0,-3679.43,1349.22,0
Antioquia,2032_Q4_labor_6h,5121.9,0,-3736.53,1385.37,0
Antioquia,2032_Q4_labor_7h,5107.92,0,-3699.96,1407.96,0
Antioquia,2032_Q4_labor_8h,5185.34,0,-3694.17,1491.17,0
Antioquia,2032_Q4_labor_9h,5284.16,0,-3709.7,1574.46,0
Antioquia,2032_Q4_labor_10h,5353.05,0,-3720.37,1632.68,0
Antioquia,2032_Q4_labor_11h,5505.47,0,-3814.31,1691.16,0
Antioquia,2032_Q4_labor_12h,5608.67,0,-3873.09,1735.58,0
Antioquia,2032_Q4_labor_13h,5613.19,0,-3880.21,1732.98,0
Antioquia,2032_Q4_labor_14h,5630.06,0,-3890.54,1739.52,0
Antioquia,2032_Q4_labor_15h,5652.29,0,-3900.63,1751.66,0
Antioquia,2032_Q4_labor_16h,5652.48,0,-3906.53,1745.96,0
Antioquia,2032_Q4_labor_17h,5630.2,0,-3905.75,1724.44,0
Antioquia,2032_Q4_labor_18h,5617.81,0,-3902.88,1714.93,0
Antioquia,2032_Q4_labor_19h,5726.09,0,-3917.64,1808.45,0
Antioquia,2032_Q4_labor_20h,5726.47,0,-3917.35,1809.12,0
Antioquia,2032_Q4_labor_21h,5684.12,0,-3910.93,1773.19,0
Antioquia,2032_Q4_labor_22h,5604.28,0,-3901.05,1703.23,0
Antioquia,2032_Q4_labor_23h,5496.4,0,-3888.36,1608.04,0
Antioquia,2032_Q4_holidays_0h,5564.29,0,-4017.98,1546.3,0
Antioquia,2032_Q4_holidays_1h,5336.12,0,-3903.34,1432.79,0
Antioquia,2032_Q4_holidays_2h,5211.49,0,-3828.57,1382.92,0
Antioquia,2032_Q4_holidays_3h,5124.19,0,-3771.21,1352.98,0
Antioquia,2032_Q4_holidays_4h,5090.29,0,-3749.52,1340.77,0
Antioquia,2032_Q4_holidays_5h,5219.56,0,-3846.78,1372.78,0
Antioquia,2032_Q4_holidays_6h,5409.57,0,-3975.78,1433.79,0
Antioquia,2032_Q4_holidays_7h,5413.64,0,-3945.02,1468.62,0
Antioquia,2032_Q4_holidays_8h,5506.44,0,-3949.4,1557.05,0
Antioquia,2032_Q4_holidays_9h,5635.22,0,-3987,1648.21,0
Antioquia,2032_Q4_holidays_10h,5665.97,0,-3965.1,1700.86,0
Antioquia,2032_Q4_holidays_11h,5781.73,0,-4017.98,1763.74,0
Antioquia,2032_Q4_holidays_12h,5823.17,0,-4017.98,1805.19,0
Antioquia,2032_Q4_holidays_13h,5815.48,0,-4017.98,1797.49,0
Antioquia,2032_Q4_holidays_14h,5838.42,0,-4017.98,1820.43,0
Antioquia,2032_Q4_holidays_15h,5867.11,0,-4017.98,1849.13,0
Antioquia,2032_Q4_holidays_16h,5867.99,0,-4017.98,1850.01,0
Antioquia,2032_Q4_holidays_17h,5843.16,0,-4017.98,1825.17,0
Antioquia,2032_Q4_holidays_18h,5811.9,0,-4017.98,1793.92,0
Antioquia,2032_Q4_holidays_19h,5897.92,0,-4017.98,1879.93,0
Antioquia,2032_Q4_holidays_20h,5899.21,0,-4017.98,1881.23,0
Antioquia,2032_Q4_holidays_21h,5859.22,0,-4017.98,1841.24,0
Antioquia,2032_Q4_holidays_22h,5782.6,0,-4017.98,1764.62,0
Antioquia,2032_Q4_holidays_23h,5667.73,0,-4017.98,1649.75,0
Antioquia,2033_Q1_labor_0h,5151.92,0,-3710.16,1441.76,0
Antioquia,2033_Q1_labor_1h,4959.61,0,-3581.97,1377.64,0
Antioquia,2033_Q1_labor_2h,4822.61,0,-3491.76,1330.85,0
Antioquia,2033_Q1_labor_3h,4710.47,0,-3414.44,1296.02,0
Antioquia,2033_Q1_labor_4h,4655.87,0,-3379.18,1276.7,0
Antioquia,2033_Q1_labor_5h,4700.91,0,-3411.11,1289.8,0
Antioquia,2033_Q1_labor_6h,4766.16,0,-3434.96,1331.21,0
Antioquia,2033_Q1_labor_7h,4568.3,0,-3217.95,1350.35,0
Antioquia,2033_Q1_labor_8h,4470.88,0,-3045.33,1425.55,0
Antioquia,2033_Q1_labor_9h,4475.26,0,-2962.69,1512.56,0
Antioquia,2033_Q1_labor_10h,4447.47,0,-2878.06,1569.41,0
Antioquia,2033_Q1_labor_11h,4548.78,0,-2924.49,1624.29,0
Antioquia,2033_Q1_labor_12h,4701.28,0,-3032.93,1668.35,0
Antioquia,2033_Q1_labor_13h,4804.17,0,-3139.43,1664.73,0
Antioquia,2033_Q1_labor_14h,5011.4,0,-3344.95,1666.46,0
Antioquia,2033_Q1_labor_15h,5305.82,0,-3628.56,1677.26,0
Antioquia,2033_Q1_labor_16h,5541.34,0,-3869.46,1671.88,0
Antioquia,2033_Q1_labor_17h,5590.98,0,-3945.25,1645.73,0
Antioquia,2033_Q1_labor_18h,5495.82,0,-3875.61,1620.21,0
Antioquia,2033_Q1_labor_19h,5730.13,0,-4017.98,1712.15,0
Antioquia,2033_Q1_labor_20h,5752.15,0,-4017.98,1734.17,0
Antioquia,2033_Q1_labor_21h,5711.21,0,-4017.98,1693.22,0
Antioquia,2033_Q1_labor_22h,5637.79,0,-4014.79,1623,0
Antioquia,2033_Q1_labor_23h,5393.12,0,-3862.81,1530.31,0
Antioquia,2033_Q1_holidays_0h,5118.11,0,-3671.19,1446.93,0
Antioquia,2033_Q1_holidays_1h,4709.79,0,-3397.43,1312.36,0
Antioquia,2033_Q1_holidays_2h,4542.77,0,-3275.5,1267.27,0
Antioquia,2033_Q1_holidays_3h,4462.17,0,-3222.14,1240.04,0
Antioquia,2033_Q1_holidays_4h,4419.83,0,-3187.65,1232.18,0
Antioquia,2033_Q1_holidays_5h,4509.64,0,-3253.08,1256.56,0
Antioquia,2033_Q1_holidays_6h,4662.84,0,-3346,1316.83,0
Antioquia,2033_Q1_holidays_7h,4503.51,0,-3150.78,1352.73,0
Antioquia,2033_Q1_holidays_8h,4462.78,0,-3024.23,1438.55,0
Antioquia,2033_Q1_holidays_9h,4529.02,0,-2998.86,1530.16,0
Antioquia,2033_Q1_holidays_10h,4506.75,0,-2914.74,1592.01,0
Antioquia,2033_Q1_holidays_11h,4623.99,0,-2974.16,1649.83,0
Antioquia,2033_Q1_holidays_12h,4801.48,0,-3105.73,1695.74,0
Antioquia,2033_Q1_holidays_13h,4914.1,0,-3222.49,1691.6,0
Antioquia,2033_Q1_holidays_14h,5139.82,0,-3438.65,1701.17,0
Antioquia,2033_Q1_holidays_15h,5456.16,0,-3732.72,1723.44,0
Antioquia,2033_Q1_holidays_16h,5666.7,0,-3946.6,1720.09,0
Antioquia,2033_Q1_holidays_17h,5710.04,0,-4017.98,1692.06,0
Antioquia,2033_Q1_holidays_18h,5596.74,0,-3941.66,1655.08,0
Antioquia,2033_Q1_holidays_19h,5761.66,0,-4017.98,1743.68,0
Antioquia,2033_Q1_holidays_20h,5787.63,0,-4017.98,1769.64,0
Antioquia,2033_Q1_holidays_21h,5747.29,0,-4017.98,1729.31,0
Antioquia,2033_Q1_holidays_22h,5672.77,0,-4017.98,1654.79,0
Antioquia,2033_Q1_holidays_23h,5466.44,0,-3918.85,1547.59,0
Antioquia,2033_Q2_labor_0h,4984.77,0,-3538.01,1446.76,0
Antioquia,2033_Q2_labor_1h,4820.06,0,-3437.54,1382.52,0
Antioquia,2033_Q2_labor_2h,4696.94,0,-3362.07,1334.87,0
Antioquia,2033_Q2_labor_3h,4596.47,0,-3296.29,1300.18,0
Antioquia,2033_Q2_labor_4h,4540.92,0,-3258.31,1282.61,0
Antioquia,2033_Q2_labor_5h,4607.45,0,-3304.72,1302.73,0
Antioquia,2033_Q2_labor_6h,4733.67,0,-3379.51,1354.15,0
Antioquia,2033_Q2_labor_7h,4591.99,0,-3218.55,1373.44,0
Antioquia,2033_Q2_labor_8h,4608.67,0,-3158.12,1450.55,0
Antioquia,2033_Q2_labor_9h,4633.14,0,-3100.71,1532.43,0
Antioquia,2033_Q2_labor_10h,4636.33,0,-3049.79,1586.53,0
Antioquia,2033_Q2_labor_11h,4729.05,0,-3086.03,1643.02,0
Antioquia,2033_Q2_labor_12h,4882.08,0,-3196.07,1686.01,0
Antioquia,2033_Q2_labor_13h,4955.1,0,-3278.86,1676.23,0
Antioquia,2033_Q2_labor_14h,5124.21,0,-3441.08,1683.13,0
Antioquia,2033_Q2_labor_15h,5313.28,0,-3616.62,1696.66,0
Antioquia,2033_Q2_labor_16h,5458.06,0,-3765,1693.05,0
Antioquia,2033_Q2_labor_17h,5469.61,0,-3801.72,1667.88,0
Antioquia,2033_Q2_labor_18h,5366.75,0,-3735.72,1631.03,0
Antioquia,2033_Q2_labor_19h,5595.52,0,-3877.34,1718.18,0
Antioquia,2033_Q2_labor_20h,5691.47,0,-3936.34,1755.13,0
Antioquia,2033_Q2_labor_21h,5617.14,0,-3900.29,1716.85,0
Antioquia,2033_Q2_labor_22h,5456.89,0,-3815.56,1641.32,0
Antioquia,2033_Q2_labor_23h,5216.81,0,-3676.99,1539.82,0
Antioquia,2033_Q2_holidays_0h,5122.53,0,-3681.79,1440.74,0
Antioquia,2033_Q2_holidays_1h,4719.61,0,-3416.44,1303.17,0
Antioquia,2033_Q2_holidays_2h,4565.38,0,-3305.12,1260.26,0
Antioquia,2033_Q2_holidays_3h,4473.39,0,-3242.14,1231.25,0
Antioquia,2033_Q2_holidays_4h,4446.89,0,-3227.86,1219.03,0
Antioquia,2033_Q2_holidays_5h,4529.94,0,-3283.37,1246.57,0
Antioquia,2033_Q2_holidays_6h,4732.95,0,-3424.02,1308.93,0
Antioquia,2033_Q2_holidays_7h,4590.16,0,-3256.4,1333.76,0
Antioquia,2033_Q2_holidays_8h,4595.99,0,-3177.82,1418.16,0
Antioquia,2033_Q2_holidays_9h,4630.05,0,-3123.29,1506.76,0
Antioquia,2033_Q2_holidays_10h,4654.99,0,-3087.58,1567.41,0
Antioquia,2033_Q2_holidays_11h,4788.28,0,-3159.61,1628.67,0
Antioquia,2033_Q2_holidays_12h,4966.33,0,-3290.32,1676.01,0
Antioquia,2033_Q2_holidays_13h,5067.23,0,-3395.16,1672.07,0
Antioquia,2033_Q2_holidays_14h,5270,0,-3587.25,1682.75,0
Antioquia,2033_Q2_holidays_15h,5495.55,0,-3793.64,1701.91,0
Antioquia,2033_Q2_holidays_16h,5649.1,0,-3944.92,1704.18,0
Antioquia,2033_Q2_holidays_17h,5660.07,0,-3984.55,1675.52,0
Antioquia,2033_Q2_holidays_18h,5547.84,0,-3914.83,1633.01,0
Antioquia,2033_Q2_holidays_19h,5718.72,0,-3998.05,1720.66,0
Antioquia,2033_Q2_holidays_20h,5766.19,0,-4001.58,1764.62,0
Antioquia,2033_Q2_holidays_21h,5729.5,0,-4000.59,1728.91,0
Antioquia,2033_Q2_holidays_22h,5635.13,0,-3984.96,1650.17,0
Antioquia,2033_Q2_holidays_23h,5407.86,0,-3868.89,1538.97,0
Antioquia,2033_Q3_labor_0h,4972.61,0,-3470.45,1502.16,0
Antioquia,2033_Q3_labor_1h,4808.04,0,-3375.2,1432.84,0
Antioquia,2033_Q3_labor_2h,4677.1,0,-3294.67,1382.43,0
Antioquia,2033_Q3_labor_3h,4566.18,0,-3220.61,1345.57,0
Antioquia,2033_Q3_labor_4h,4507.49,0,-3181.33,1326.16,0
Antioquia,2033_Q3_labor_5h,4517.71,0,-3176.27,1341.44,0
Antioquia,2033_Q3_labor_6h,4575.91,0,-3195.24,1380.67,0
Antioquia,2033_Q3_labor_7h,4539.42,0,-3135.04,1404.38,0
Antioquia,2033_Q3_labor_8h,4620.65,0,-3131.91,1488.75,0
Antioquia,2033_Q3_labor_9h,4710.75,0,-3136.86,1573.89,0
Antioquia,2033_Q3_labor_10h,4757.57,0,-3127.45,1630.12,0
Antioquia,2033_Q3_labor_11h,4861.54,0,-3173.01,1688.52,0
Antioquia,2033_Q3_labor_12h,5020.88,0,-3288.18,1732.71,0
Antioquia,2033_Q3_labor_13h,5112.17,0,-3385.6,1726.57,0
Antioquia,2033_Q3_labor_14h,5282.11,0,-3547.65,1734.46,0
Antioquia,2033_Q3_labor_15h,5484.14,0,-3734.87,1749.28,0
Antioquia,2033_Q3_labor_16h,5593.03,0,-3849.62,1743.41,0
Antioquia,2033_Q3_labor_17h,5570.51,0,-3851.82,1718.69,0
Antioquia,2033_Q3_labor_18h,5405.98,0,-3730.23,1675.75,0
Antioquia,2033_Q3_labor_19h,5566.69,0,-3818.66,1748.03,0
Antioquia,2033_Q3_labor_20h,5690.07,0,-3888.59,1801.48,0
Antioquia,2033_Q3_labor_21h,5617.6,0,-3848.6,1769,0
Antioquia,2033_Q3_labor_22h,5463.23,0,-3765.6,1697.63,0
Antioquia,2033_Q3_labor_23h,5224.47,0,-3626.14,1598.33,0
Antioquia,2033_Q3_holidays_0h,5021.78,0,-3548.09,1473.69,0
Antioquia,2033_Q3_holidays_1h,4633.48,0,-3284.38,1349.1,0
Antioquia,2033_Q3_holidays_2h,4510.95,0,-3208.22,1302.73,0
Antioquia,2033_Q3_holidays_3h,4411.17,0,-3140.64,1270.53,0
Antioquia,2033_Q3_holidays_4h,4434.49,0,-3179.06,1255.43,0
Antioquia,2033_Q3_holidays_5h,4516.36,0,-3242.19,1274.17,0
Antioquia,2033_Q3_holidays_6h,4544.65,0,-3230.64,1314.01,0
Antioquia,2033_Q3_holidays_7h,4453.99,0,-3120.72,1333.27,0
Antioquia,2033_Q3_holidays_8h,4515.26,0,-3095.48,1419.77,0
Antioquia,2033_Q3_holidays_9h,4556.05,0,-3047.73,1508.32,0
Antioquia,2033_Q3_holidays_10h,4605.5,0,-3035.14,1570.36,0
Antioquia,2033_Q3_holidays_11h,4728.29,0,-3092.79,1635.51,0
Antioquia,2033_Q3_holidays_12h,4868.98,0,-3184.64,1684.35,0
Antioquia,2033_Q3_holidays_13h,4973.6,0,-3289.57,1684.03,0
Antioquia,2033_Q3_holidays_14h,5165.36,0,-3471.18,1694.18,0
Antioquia,2033_Q3_holidays_15h,5399.53,0,-3693.57,1705.96,0
Antioquia,2033_Q3_holidays_16h,5542.11,0,-3842.95,1699.16,0
Antioquia,2033_Q3_holidays_17h,5569.91,0,-3894.42,1675.5,0
Antioquia,2033_Q3_holidays_18h,5427.69,0,-3789.61,1638.08,0
Antioquia,2033_Q3_holidays_19h,5610.83,0,-3894.06,1716.78,0
Antioquia,2033_Q3_holidays_20h,5702.12,0,-3928.29,1773.83,0
Antioquia,2033_Q3_holidays_21h,5658.01,0,-3911.61,1746.4,0
Antioquia,2033_Q3_holidays_22h,5533.87,0,-3858.14,1675.73,0
Antioquia,2033_Q3_holidays_23h,5269.44,0,-3698.46,1570.99,0
Antioquia,2033_Q4_labor_0h,5413.22,0,-3847.29,1565.93,0
Antioquia,2033_Q4_labor_1h,5230.28,0,-3732.86,1497.42,0
Antioquia,2033_Q4_labor_2h,5096.15,0,-3650.08,1446.06,0
Antioquia,2033_Q4_labor_3h,4997.19,0,-3588.36,1408.83,0
Antioquia,2033_Q4_labor_4h,4940.3,0,-3553.06,1387.24,0
Antioquia,2033_Q4_labor_5h,5021.81,0,-3618.79,1403.02,0
Antioquia,2033_Q4_labor_6h,5127.26,0,-3685,1442.27,0
Antioquia,2033_Q4_labor_7h,5132.13,0,-3666.57,1465.57,0
Antioquia,2033_Q4_labor_8h,5209.26,0,-3658.97,1550.29,0
Antioquia,2033_Q4_labor_9h,5312.98,0,-3676.9,1636.08,0
Antioquia,2033_Q4_labor_10h,5383.87,0,-3689.21,1694.67,0
Antioquia,2033_Q4_labor_11h,5545.23,0,-3790.79,1754.44,0
Antioquia,2033_Q4_labor_12h,5756.46,0,-3957.72,1798.74,0
Antioquia,2033_Q4_labor_13h,5804.66,0,-4009.44,1795.23,0
Antioquia,2033_Q4_labor_14h,5812.6,0,-4009.47,1803.13,0
Antioquia,2033_Q4_labor_15h,5827.4,0,-4009.54,1817.86,0
Antioquia,2033_Q4_labor_16h,5822.33,0,-4009.58,1812.75,0
Antioquia,2033_Q4_labor_17h,5798.69,0,-4009.55,1789.13,0
Antioquia,2033_Q4_labor_18h,5786.04,0,-4009.53,1776.51,0
Antioquia,2033_Q4_labor_19h,5882.13,0,-4009.62,1872.52,0
Antioquia,2033_Q4_labor_20h,5881.91,0,-4009.61,1872.3,0
Antioquia,2033_Q4_labor_21h,5843.96,0,-4009.57,1834.38,0
Antioquia,2033_Q4_labor_22h,5771.14,0,-4009.52,1761.62,0
Antioquia,2033_Q4_labor_23h,5671.25,0,-4009.46,1661.79,0
Antioquia,2033_Q4_holidays_0h,5419.3,0,-3859.42,1559.89,0
Antioquia,2033_Q4_holidays_1h,4935.67,0,-3534.73,1400.94,0
Antioquia,2033_Q4_holidays_2h,4821.34,0,-3469.27,1352.07,0
Antioquia,2033_Q4_holidays_3h,4731.75,0,-3410.93,1320.82,0
Antioquia,2033_Q4_holidays_4h,4700.31,0,-3391.26,1309.06,0
Antioquia,2033_Q4_holidays_5h,4809.38,0,-3475.36,1334.02,0
Antioquia,2033_Q4_holidays_6h,4969.67,0,-3584.9,1384.76,0
Antioquia,2033_Q4_holidays_7h,4985.7,0,-3565.25,1420.45,0
Antioquia,2033_Q4_holidays_8h,5109.25,0,-3591.77,1517.48,0
Antioquia,2033_Q4_holidays_9h,5249.39,0,-3638.06,1611.33,0
Antioquia,2033_Q4_holidays_10h,5314.04,0,-3640.2,1673.84,0
Antioquia,2033_Q4_holidays_11h,5509.65,0,-3768.26,1741.39,0
Antioquia,2033_Q4_holidays_12h,5735.48,0,-3942.7,1792.77,0
Antioquia,2033_Q4_holidays_13h,5807.86,0,-4017.98,1789.88,0
Antioquia,2033_Q4_holidays_14h,5824.51,0,-4017.98,1806.53,0
Antioquia,2033_Q4_holidays_15h,5840.67,0,-4017.98,1822.69,0
Antioquia,2033_Q4_holidays_16h,5836.99,0,-4017.98,1819.01,0
Antioquia,2033_Q4_holidays_17h,5820.16,0,-4017.98,1802.17,0
Antioquia,2033_Q4_holidays_18h,5804.91,0,-4017.98,1786.92,0
Antioquia,2033_Q4_holidays_19h,5895.43,0,-4017.98,1877.44,0
Antioquia,2033_Q4_holidays_20h,5902.19,0,-4017.98,1884.21,0
Antioquia,2033_Q4_holidays_21h,5866.49,0,-4017.98,1848.5,0
Antioquia,2033_Q4_holidays_22h,5791.79,0,-4017.98,1773.81,0
Antioquia,2033_Q4_holidays_23h,5684.2,0,-4017.98,1666.22,0
Antioquia,2034_Q1_labor_0h,5231.15,0,-3732.31,1498.83,0
Antioquia,2034_Q1_labor_1h,4974.16,0,-3559.32,1414.83,0
Antioquia,2034_Q1_labor_2h,4832.84,0,-3466.31,1366.52,0
Antioquia,2034_Q1_labor_3h,4722.7,0,-3390.44,1332.26,0
Antioquia,2034_Q1_labor_4h,4677.89,0,-3362.1,1315.79,0
Antioquia,2034_Q1_labor_5h,4746.79,0,-3410.67,1336.12,0
Antioquia,2034_Q1_labor_6h,4856.88,0,-3465.57,1391.31,0
Antioquia,2034_Q1_labor_7h,4698.67,0,-3274.98,1423.7,0
Antioquia,2034_Q1_labor_8h,4630.41,0,-3120.95,1509.46,0
Antioquia,2034_Q1_labor_9h,4651.97,0,-3048.96,1603.02,0
Antioquia,2034_Q1_labor_10h,4625.15,0,-2963.89,1661.26,0
Antioquia,2034_Q1_labor_11h,4734.66,0,-3015.74,1718.92,0
Antioquia,2034_Q1_labor_12h,4893.17,0,-3128.39,1764.78,0
Antioquia,2034_Q1_labor_13h,4984.29,0,-3227.21,1757.08,0
Antioquia,2034_Q1_labor_14h,5201.34,0,-3440.34,1761,0
Antioquia,2034_Q1_labor_15h,5521.21,0,-3742.69,1778.52,0
Antioquia,2034_Q1_labor_16h,5764.07,0,-3989.5,1774.57,0
Antioquia,2034_Q1_labor_17h,5762.7,0,-4017.98,1744.72,0
Antioquia,2034_Q1_labor_18h,5676.01,0,-3965.34,1710.67,0
Antioquia,2034_Q1_labor_19h,5817.71,0,-4017.98,1799.73,0
Antioquia,2034_Q1_labor_20h,5837.73,0,-4017.98,1819.74,0
Antioquia,2034_Q1_labor_21h,5791.95,0,-4017.98,1773.97,0
Antioquia,2034_Q1_labor_22h,5714.79,0,-4017.98,1696.81,0
Antioquia,2034_Q1_labor_23h,5493.6,0,-3899.17,1594.43,0
Antioquia,2034_Q1_holidays_0h,4632.62,0,-3224.12,1408.49,0
Antioquia,2034_Q1_holidays_1h,4565.66,0,-3189.42,1376.25,0
Antioquia,2034_Q1_holidays_2h,4418.97,0,-3088.48,1330.5,0
Antioquia,2034_Q1_holidays_3h,4322.1,0,-3029.21,1292.89,0
Antioquia,2034_Q1_holidays_4h,4237.57,0,-2973.13,1264.44,0
Antioquia,2034_Q1_holidays_5h,4205.93,0,-2956.82,1249.1,0
Antioquia,2034_Q1_holidays_6h,4152.75,0,-2915.83,1236.92,0
Antioquia,2034_Q1_holidays_7h,3897.47,0,-2698.67,1198.81,0
Antioquia,2034_Q1_holidays_8h,3716.9,0,-2478.9,1237.99,0
Antioquia,2034_Q1_holidays_9h,3719.13,0,-2410.06,1309.07,0
Antioquia,2034_Q1_holidays_10h,3711.4,0,-2336.79,1374.61,0
Antioquia,2034_Q1_holidays_11h,3807.7,0,-2380.28,1427.42,0
Antioquia,2034_Q1_holidays_12h,3971.36,0,-2499.45,1471.9,0
Antioquia,2034_Q1_holidays_13h,4149.03,0,-2657.86,1491.17,0
Antioquia,2034_Q1_holidays_14h,4310.12,0,-2821.78,1488.34,0
Antioquia,2034_Q1_holidays_15h,4391.85,0,-2918.45,1473.4,0
Antioquia,2034_Q1_holidays_16h,4504.1,0,-3043.57,1460.53,0
Antioquia,2034_Q1_holidays_17h,4582.19,0,-3133.22,1448.97,0
Antioquia,2034_Q1_holidays_18h,4606.62,0,-3149.82,1456.8,0
Antioquia,2034_Q1_holidays_19h,5007.79,0,-3426.3,1581.48,0
Antioquia,2034_Q1_holidays_20h,5164.1,0,-3540.1,1624,0
Antioquia,2034_Q1_holidays_21h,5140.73,0,-3536.94,1603.79,0
Antioquia,2034_Q1_holidays_22h,5043.88,0,-3488.24,1555.63,0
Antioquia,2034_Q1_holidays_23h,4880.1,0,-3393.94,1486.15,0
Antioquia,2034_Q2_labor_0h,4945.39,0,-3442.62,1502.76,0
Antioquia,2034_Q2_labor_1h,4694.67,0,-3280.06,1414.61,0
Antioquia,2034_Q2_labor_2h,4568.28,0,-3201.01,1367.27,0
Antioquia,2034_Q2_labor_3h,4468.58,0,-3135.03,1333.55,0
Antioquia,2034_Q2_labor_4h,4419.64,0,-3101.34,1318.3,0
Antioquia,2034_Q2_labor_5h,4511.5,0,-3165.43,1346.06,0
Antioquia,2034_Q2_labor_6h,4691.17,0,-3278.5,1412.68,0
Antioquia,2034_Q2_labor_7h,4557.09,0,-3115.99,1441.1,0
Antioquia,2034_Q2_labor_8h,4586.53,0,-3060.3,1526.23,0
Antioquia,2034_Q2_labor_9h,4625.42,0,-3011.02,1614.4,0
Antioquia,2034_Q2_labor_10h,4641.24,0,-2971.15,1670.09,0
Antioquia,2034_Q2_labor_11h,4733.52,0,-3003.31,1730.21,0
Antioquia,2034_Q2_labor_12h,4885.95,0,-3110.39,1775.56,0
Antioquia,2034_Q2_labor_13h,4953.23,0,-3191.46,1761.77,0
Antioquia,2034_Q2_labor_14h,5149.93,0,-3379.09,1770.84,0
Antioquia,2034_Q2_labor_15h,5391.73,0,-3600.44,1791.29,0
Antioquia,2034_Q2_labor_16h,5578.99,0,-3788.5,1790.49,0
Antioquia,2034_Q2_labor_17h,5588.34,0,-3826.58,1761.76,0
Antioquia,2034_Q2_labor_18h,5442.5,0,-3726.37,1716.13,0
Antioquia,2034_Q2_labor_19h,5696.16,0,-3895.26,1800.9,0
Antioquia,2034_Q2_labor_20h,5805.09,0,-3967.57,1837.52,0
Antioquia,2034_Q2_labor_21h,5714.12,0,-3918.71,1795.4,0
Antioquia,2034_Q2_labor_22h,5514.61,0,-3801.73,1712.88,0
Antioquia,2034_Q2_labor_23h,5217.18,0,-3615.37,1601.81,0
Antioquia,2034_Q2_holidays_0h,5062.9,0,-3655.51,1407.39,0
Antioquia,2034_Q2_holidays_1h,5068.47,0,-3669.16,1399.31,0
Antioquia,2034_Q2_holidays_2h,4866.26,0,-3521.77,1344.49,0
Antioquia,2034_Q2_holidays_3h,4727.18,0,-3424.75,1302.43,0
Antioquia,2034_Q2_holidays_4h,4643,0,-3370.42,1272.57,0
Antioquia,2034_Q2_holidays_5h,4591.52,0,-3333.38,1258.15,0
Antioquia,2034_Q2_holidays_6h,4543.45,0,-3304.02,1239.42,0
Antioquia,2034_Q2_holidays_7h,4211.29,0,-2998.32,1212.97,0
Antioquia,2034_Q2_holidays_8h,4096.39,0,-2831.1,1265.29,0
Antioquia,2034_Q2_holidays_9h,4064.64,0,-2731.46,1333.18,0
Antioquia,2034_Q2_holidays_10h,4089.5,0,-2693.61,1395.89,0
Antioquia,2034_Q2_holidays_11h,4190.86,0,-2743.6,1447.26,0
Antioquia,2034_Q2_holidays_12h,4342.35,0,-2852.86,1489.49,0
Antioquia,2034_Q2_holidays_13h,4524.12,0,-3016.1,1508.03,0
Antioquia,2034_Q2_holidays_14h,4700.16,0,-3193.09,1507.07,0
Antioquia,2034_Q2_holidays_15h,4812.29,0,-3325.09,1487.2,0
Antioquia,2034_Q2_holidays_16h,4963.87,0,-3492.03,1471.84,0
Antioquia,2034_Q2_holidays_17h,5092.5,0,-3633.13,1459.38,0
Antioquia,2034_Q2_holidays_18h,5050.1,0,-3587.91,1462.19,0
Antioquia,2034_Q2_holidays_19h,5442.51,0,-3859.67,1582.84,0
Antioquia,2034_Q2_holidays_20h,5618.1,0,-3981.3,1636.81,0
Antioquia,2034_Q2_holidays_21h,5604.18,0,-3987.75,1616.42,0
Antioquia,2034_Q2_holidays_22h,5509.43,0,-3945.36,1564.07,0
Antioquia,2034_Q2_holidays_23h,5331.68,0,-3842.51,1489.17,0
Antioquia,2034_Q3_labor_0h,4929.26,0,-3371.5,1557.76,0
Antioquia,2034_Q3_labor_1h,4705.95,0,-3238,1467.95,0
Antioquia,2034_Q3_labor_2h,4574.13,0,-3157.33,1416.8,0
Antioquia,2034_Q3_labor_3h,4464.33,0,-3083.99,1380.34,0
Antioquia,2034_Q3_labor_4h,4412.29,0,-3049.27,1363.01,0
Antioquia,2034_Q3_labor_5h,4436.21,0,-3051.4,1384.81,0
Antioquia,2034_Q3_labor_6h,4523.72,0,-3088.29,1435.43,0
Antioquia,2034_Q3_labor_7h,4509.29,0,-3041.23,1468.07,0
Antioquia,2034_Q3_labor_8h,4603.67,0,-3042.77,1560.9,0
Antioquia,2034_Q3_labor_9h,4700.82,0,-3048.22,1652.6,0
Antioquia,2034_Q3_labor_10h,4747.38,0,-3035.8,1711.58,0
Antioquia,2034_Q3_labor_11h,4859.11,0,-3084.1,1775.01,0
Antioquia,2034_Q3_labor_12h,5032.46,0,-3210.17,1822.29,0
Antioquia,2034_Q3_labor_13h,5126.26,0,-3314.15,1812.11,0
Antioquia,2034_Q3_labor_14h,5325.07,0,-3503.36,1821.72,0
Antioquia,2034_Q3_labor_15h,5579.94,0,-3737.89,1842.05,0
Antioquia,2034_Q3_labor_16h,5720.64,0,-3883.06,1837.58,0
Antioquia,2034_Q3_labor_17h,5688.86,0,-3878.7,1810.16,0
Antioquia,2034_Q3_labor_18h,5466.62,0,-3707.3,1759.33,0
Antioquia,2034_Q3_labor_19h,5635.32,0,-3806.11,1829.21,0
Antioquia,2034_Q3_labor_20h,5775.39,0,-3893.22,1882.17,0
Antioquia,2034_Q3_labor_21h,5683.82,0,-3837.09,1846.73,0
Antioquia,2034_Q3_labor_22h,5492.04,0,-3723.64,1768.4,0
Antioquia,2034_Q3_labor_23h,5207.79,0,-3547.56,1660.22,0
Antioquia,2034_Q3_holidays_0h,4938.95,0,-3485.03,1453.91,0
Antioquia,2034_Q3_holidays_1h,4871.47,0,-3434.06,1437.41,0
Antioquia,2034_Q3_holidays_2h,4721.87,0,-3336.96,1384.91,0
Antioquia,2034_Q3_holidays_3h,4581.85,0,-3239.14,1342.71,0
Antioquia,2034_Q3_holidays_4h,4569.06,0,-3258.15,1310.91,0
Antioquia,2034_Q3_holidays_5h,4547.39,0,-3254.01,1293.38,0
Antioquia,2034_Q3_holidays_6h,4381.6,0,-3109.22,1272.38,0
Antioquia,2034_Q3_holidays_7h,4167.63,0,-2925.32,1242.3,0
Antioquia,2034_Q3_holidays_8h,4166.95,0,-2871.67,1295.29,0
Antioquia,2034_Q3_holidays_9h,4183.59,0,-2821.39,1362.19,0
Antioquia,2034_Q3_holidays_10h,4219.65,0,-2799.99,1419.66,0
Antioquia,2034_Q3_holidays_11h,4285.63,0,-2818.79,1466.84,0
Antioquia,2034_Q3_holidays_12h,4357.64,0,-2851.28,1506.36,0
Antioquia,2034_Q3_holidays_13h,4455.52,0,-2926.01,1529.51,0
Antioquia,2034_Q3_holidays_14h,4588.19,0,-3057.21,1530.98,0
Antioquia,2034_Q3_holidays_15h,4735.42,0,-3223.15,1512.27,0
Antioquia,2034_Q3_holidays_16h,4885.18,0,-3389.49,1495.69,0
Antioquia,2034_Q3_holidays_17h,4992.84,0,-3509.64,1483.2,0
Antioquia,2034_Q3_holidays_18h,4907.66,0,-3422.83,1484.83,0
Antioquia,2034_Q3_holidays_19h,5231.13,0,-3637.49,1593.64,0
Antioquia,2034_Q3_holidays_20h,5408.7,0,-3743.59,1665.11,0
Antioquia,2034_Q3_holidays_21h,5374.6,0,-3725.61,1648.99,0
Antioquia,2034_Q3_holidays_22h,5300.04,0,-3694.6,1605.45,0
Antioquia,2034_Q3_holidays_23h,5119.52,0,-3586.15,1533.38,0
Antioquia,2034_Q4_labor_0h,5646.43,0,-4017.98,1628.44,0
Antioquia,2034_Q4_labor_1h,5553.84,0,-4017.98,1535.86,0
Antioquia,2034_Q4_labor_2h,5501.34,0,-4017.98,1483.36,0
Antioquia,2034_Q4_labor_3h,5464.99,0,-4017.98,1447.01,0
Antioquia,2034_Q4_labor_4h,5447.19,0,-4017.98,1429.21,0
Antioquia,2034_Q4_labor_5h,5470.48,0,-4017.98,1452.5,0
Antioquia,2034_Q4_labor_6h,5522.99,0,-4017.98,1505.01,0
Antioquia,2034_Q4_labor_7h,5557.71,0,-4017.98,1539.72,0
Antioquia,2034_Q4_labor_8h,5652.92,0,-4017.98,1634.94,0
Antioquia,2034_Q4_labor_9h,5745.79,0,-4017.98,1727.81,0
Antioquia,2034_Q4_labor_10h,5806.28,0,-4017.98,1788.29,0
Antioquia,2034_Q4_labor_11h,5869.91,0,-4017.98,1851.93,0
Antioquia,2034_Q4_labor_12h,5916.57,0,-4017.98,1898.59,0
Antioquia,2034_Q4_labor_13h,5908.71,0,-4017.98,1890.72,0
Antioquia,2034_Q4_labor_14h,5919.72,0,-4017.98,1901.73,0
Antioquia,2034_Q4_labor_15h,5940.67,0,-4017.98,1922.69,0
Antioquia,2034_Q4_labor_16h,5936.63,0,-4017.98,1918.64,0
Antioquia,2034_Q4_labor_17h,5911.24,0,-4017.98,1893.26,0
Antioquia,2034_Q4_labor_18h,5890.76,0,-4017.98,1872.78,0
Antioquia,2034_Q4_labor_19h,5983.07,0,-4017.98,1965.08,0
Antioquia,2034_Q4_labor_20h,5979.85,0,-4017.98,1961.86,0
Antioquia,2034_Q4_labor_21h,5938.19,0,-4017.98,1920.21,0
Antioquia,2034_Q4_labor_22h,5858.33,0,-4017.98,1840.35,0
Antioquia,2034_Q4_labor_23h,5749.3,0,-4017.98,1731.31,0
Antioquia,2034_Q4_holidays_0h,5472.02,0,-3958.55,1513.47,0
Antioquia,2034_Q4_holidays_1h,5424.1,0,-3942.23,1481.88,0
Antioquia,2034_Q4_holidays_2h,5330.26,0,-3901.12,1429.14,0
Antioquia,2034_Q4_holidays_3h,5214.45,0,-3829.53,1384.92,0
Antioquia,2034_Q4_holidays_4h,5101.14,0,-3754.91,1346.23,0
Antioquia,2034_Q4_holidays_5h,5076.27,0,-3746.54,1329.73,0
Antioquia,2034_Q4_holidays_6h,5008.03,0,-3698.57,1309.47,0
Antioquia,2034_Q4_holidays_7h,4819.56,0,-3537.65,1281.91,0
Antioquia,2034_Q4_holidays_8h,4794.44,0,-3460.31,1334.13,0
Antioquia,2034_Q4_holidays_9h,4854.45,0,-3450.64,1403.8,0
Antioquia,2034_Q4_holidays_10h,4920.44,0,-3453.1,1467.34,0
Antioquia,2034_Q4_holidays_11h,5086.66,0,-3562.16,1524.5,0
Antioquia,2034_Q4_holidays_12h,5314.8,0,-3743.55,1571.25,0
Antioquia,2034_Q4_holidays_13h,5504.98,0,-3911.25,1593.73,0
Antioquia,2034_Q4_holidays_14h,5563.22,0,-3969.55,1593.66,0
Antioquia,2034_Q4_holidays_15h,5560.41,0,-3984.79,1575.62,0
Antioquia,2034_Q4_holidays_16h,5554.97,0,-3990.45,1564.52,0
Antioquia,2034_Q4_holidays_17h,5541.93,0,-3988.39,1553.54,0
Antioquia,2034_Q4_holidays_18h,5570.7,0,-3988,1582.7,0
Antioquia,2034_Q4_holidays_19h,5724.12,0,-4008.7,1715.42,0
Antioquia,2034_Q4_holidays_20h,5756.5,0,-4016.12,1740.38,0
Antioquia,2034_Q4_holidays_21h,5731.12,0,-4011.92,1719.21,0
Antioquia,2034_Q4_holidays_22h,5672.38,0,-4000.61,1671.76,0
Antioquia,2034_Q4_holidays_23h,5588.76,0,-3990.6,1598.17,0
Antioquia,2035_Q1_labor_0h,4953.54,0,-3415.32,1538.22,0
Antioquia,2035_Q1_labor_1h,4672.81,0,-3226.71,1446.11,0
Antioquia,2035_Q1_labor_2h,4531.12,0,-3134.24,1396.88,0
Antioquia,2035_Q1_labor_3h,4420.25,0,-3058.04,1362.21,0
Antioquia,2035_Q1_labor_4h,4369.96,0,-3026.33,1343.63,0
Antioquia,2035_Q1_labor_5h,4429.9,0,-3068.75,1361.15,0
Antioquia,2035_Q1_labor_6h,4529.02,0,-3116.94,1412.08,0
Antioquia,2035_Q1_labor_7h,4344.79,0,-2907.8,1436.99,0
Antioquia,2035_Q1_labor_8h,4275.25,0,-2756.65,1518.6,0
Antioquia,2035_Q1_labor_9h,4294.7,0,-2684.36,1610.35,0
Antioquia,2035_Q1_labor_10h,4276.55,0,-2606.41,1670.14,0
Antioquia,2035_Q1_labor_11h,4387.98,0,-2658.61,1729.36,0
Antioquia,2035_Q1_labor_12h,4546.33,0,-2768.29,1778.04,0
Antioquia,2035_Q1_labor_13h,4634.77,0,-2860.22,1774.54,0
Antioquia,2035_Q1_labor_14h,4859.37,0,-3077.81,1781.56,0
Antioquia,2035_Q1_labor_15h,5183.99,0,-3382.88,1801.11,0
Antioquia,2035_Q1_labor_16h,5421.59,0,-3624.39,1797.2,0
Antioquia,2035_Q1_labor_17h,5448.6,0,-3679.91,1768.69,0
Antioquia,2035_Q1_labor_18h,5316.19,0,-3581.11,1735.08,0
Antioquia,2035_Q1_labor_19h,5636.14,0,-3807.17,1828.97,0
Antioquia,2035_Q1_labor_20h,5750.07,0,-3895.71,1854.36,0
Antioquia,2035_Q1_labor_21h,5668.79,0,-3856.07,1812.71,0
Antioquia,2035_Q1_labor_22h,5482.75,0,-3743.96,1738.79,0
Antioquia,2035_Q1_labor_23h,5217.62,0,-3581.08,1636.54,0
Antioquia,2035_Q1_holidays_0h,4715.08,0,-3231.28,1483.8,0
Antioquia,2035_Q1_holidays_1h,4755.51,0,-3271.8,1483.71,0
Antioquia,2035_Q1_holidays_2h,4568.24,0,-3134.82,1433.42,0
Antioquia,2035_Q1_holidays_3h,4439.65,0,-3048.62,1391.03,0
Antioquia,2035_Q1_holidays_4h,4355.59,0,-2984.28,1371.31,0
Antioquia,2035_Q1_holidays_5h,4381.57,0,-3005.81,1375.76,0
Antioquia,2035_Q1_holidays_6h,4417.63,0,-3019.45,1398.18,0
Antioquia,2035_Q1_holidays_7h,4183.33,0,-2774.31,1409.03,0
Antioquia,2035_Q1_holidays_8h,4128.54,0,-2639.35,1489.19,0
Antioquia,2035_Q1_holidays_9h,4226.45,0,-2636.67,1589.78,0
Antioquia,2035_Q1_holidays_10h,4223.55,0,-2565.11,1658.43,0
Antioquia,2035_Q1_holidays_11h,4329.52,0,-2615.67,1713.85,0
Antioquia,2035_Q1_holidays_12h,4473.18,0,-2722.05,1751.13,0
Antioquia,2035_Q1_holidays_13h,4566.44,0,-2821.73,1744.71,0
Antioquia,2035_Q1_holidays_14h,4687.88,0,-2963.77,1724.11,0
Antioquia,2035_Q1_holidays_15h,4849.97,0,-3150.13,1699.84,0
Antioquia,2035_Q1_holidays_16h,5016.36,0,-3330.74,1685.62,0
Antioquia,2035_Q1_holidays_17h,5061.64,0,-3401.17,1660.47,0
Antioquia,2035_Q1_holidays_18h,5053.16,0,-3393.23,1659.93,0
Antioquia,2035_Q1_holidays_19h,5465.86,0,-3690.33,1775.53,0
Antioquia,2035_Q1_holidays_20h,5550.37,0,-3759.34,1791.03,0
Antioquia,2035_Q1_holidays_21h,5430.43,0,-3692.8,1737.63,0
Antioquia,2035_Q1_holidays_22h,5231.43,0,-3576.29,1655.15,0
Antioquia,2035_Q1_holidays_23h,5000.95,0,-3436.31,1564.63,0
Antioquia,2035_Q2_labor_0h,5002.22,0,-3465.31,1536.91,0
Antioquia,2035_Q2_labor_1h,4757.16,0,-3308.03,1449.13,0
Antioquia,2035_Q2_labor_2h,4627.57,0,-3227.7,1399.87,0
Antioquia,2035_Q2_labor_3h,4521.66,0,-3157.49,1364.18,0
Antioquia,2035_Q2_labor_4h,4464.83,0,-3118.07,1346.75,0
Antioquia,2035_Q2_labor_5h,4551.17,0,-3179.25,1371.92,0
Antioquia,2035_Q2_labor_6h,4728.72,0,-3293.56,1435.16,0
Antioquia,2035_Q2_labor_7h,4554.93,0,-3100.22,1454.71,0
Antioquia,2035_Q2_labor_8h,4554.69,0,-3020.08,1534.61,0
Antioquia,2035_Q2_labor_9h,4563.8,0,-2943.51,1620.29,0
Antioquia,2035_Q2_labor_10h,4560.47,0,-2883.18,1677.29,0
Antioquia,2035_Q2_labor_11h,4661.56,0,-2923.07,1738.49,0
Antioquia,2035_Q2_labor_12h,4844,0,-3057.91,1786.09,0
Antioquia,2035_Q2_labor_13h,4935.96,0,-3159.66,1776.3,0
Antioquia,2035_Q2_labor_14h,5154.94,0,-3365.88,1789.06,0
Antioquia,2035_Q2_labor_15h,5396.29,0,-3585.89,1810.4,0
Antioquia,2035_Q2_labor_16h,5568.17,0,-3759.39,1808.78,0
Antioquia,2035_Q2_labor_17h,5568.41,0,-3787.58,1780.83,0
Antioquia,2035_Q2_labor_18h,5427.4,0,-3690.93,1736.48,0
Antioquia,2035_Q2_labor_19h,5677.8,0,-3851.24,1826.56,0
Antioquia,2035_Q2_labor_20h,5777.6,0,-3908.82,1868.77,0
Antioquia,2035_Q2_labor_21h,5709.59,0,-3879.85,1829.74,0
Antioquia,2035_Q2_labor_22h,5546.38,0,-3796.55,1749.82,0
Antioquia,2035_Q2_labor_23h,5271.88,0,-3633.09,1638.79,0
Antioquia,2035_Q2_holidays_0h,5042.48,0,-3526.4,1516.08,0
Antioquia,2035_Q2_holidays_1h,4991.31,0,-3501.9,1489.41,0
Antioquia,2035_Q2_holidays_2h,4790.55,0,-3354.54,1436.01,0
Antioquia,2035_Q2_holidays_3h,4666.47,0,-3267.95,1398.51,0
Antioquia,2035_Q2_holidays_4h,4615.55,0,-3237.39,1378.16,0
Antioquia,2035_Q2_holidays_5h,4631.17,0,-3246.99,1384.18,0
Antioquia,2035_Q2_holidays_6h,4703.54,0,-3306.02,1397.52,0
Antioquia,2035_Q2_holidays_7h,4560.53,0,-3131.16,1429.37,0
Antioquia,2035_Q2_holidays_8h,4598.76,0,-3068.22,1530.55,0
Antioquia,2035_Q2_holidays_9h,4653,0,-3021.27,1631.74,0
Antioquia,2035_Q2_holidays_10h,4685.16,0,-2986.66,1698.5,0
Antioquia,2035_Q2_holidays_11h,4811.24,0,-3055.47,1755.77,0
Antioquia,2035_Q2_holidays_12h,4969.4,0,-3175.54,1793.86,0
Antioquia,2035_Q2_holidays_13h,5068.51,0,-3282.35,1786.17,0
Antioquia,2035_Q2_holidays_14h,5175.49,0,-3411.11,1764.39,0
Antioquia,2035_Q2_holidays_15h,5273.64,0,-3531.38,1742.26,0
Antioquia,2035_Q2_holidays_16h,5435.68,0,-3704.4,1731.28,0
Antioquia,2035_Q2_holidays_17h,5526.32,0,-3817.91,1708.41,0
Antioquia,2035_Q2_holidays_18h,5414.75,0,-3719.44,1695.32,0
Antioquia,2035_Q2_holidays_19h,5762.28,0,-3959.54,1802.73,0
Antioquia,2035_Q2_holidays_20h,5839.46,0,-4008.48,1830.99,0
Antioquia,2035_Q2_holidays_21h,5760.28,0,-3976.68,1783.6,0
Antioquia,2035_Q2_holidays_22h,5566.62,0,-3867.88,1698.73,0
Antioquia,2035_Q2_holidays_23h,5322.4,0,-3721.29,1601.11,0
Antioquia,2035_Q3_labor_0h,4977.85,0,-3383.3,1594.55,0
Antioquia,2035_Q3_labor_1h,4746.62,0,-3245.94,1500.68,0
Antioquia,2035_Q3_labor_2h,4614.39,0,-3166.14,1448.25,0
Antioquia,2035_Q3_labor_3h,4502.75,0,-3092.42,1410.33,0
Antioquia,2035_Q3_labor_4h,4446.73,0,-3055.65,1391.07,0
Antioquia,2035_Q3_labor_5h,4459.97,0,-3049.89,1410.08,0
Antioquia,2035_Q3_labor_6h,4535.98,0,-3078.98,1457,0
Antioquia,2035_Q3_labor_7h,4501.75,0,-3021.38,1480.38,0
Antioquia,2035_Q3_labor_8h,4580.55,0,-3012.21,1568.34,0
Antioquia,2035_Q3_labor_9h,4666.93,0,-3009.44,1657.49,0
Antioquia,2035_Q3_labor_10h,4713.92,0,-2996.79,1717.13,0
Antioquia,2035_Q3_labor_11h,4820.27,0,-3039.27,1781,0
Antioquia,2035_Q3_labor_12h,4992.45,0,-3162.35,1830.1,0
Antioquia,2035_Q3_labor_13h,5103.89,0,-3278.28,1825.6,0
Antioquia,2035_Q3_labor_14h,5317.59,0,-3477.93,1839.65,0
Antioquia,2035_Q3_labor_15h,5567.11,0,-3706.81,1860.29,0
Antioquia,2035_Q3_labor_16h,5684.41,0,-3829.08,1855.32,0
Antioquia,2035_Q3_labor_17h,5654.94,0,-3826.34,1828.59,0
Antioquia,2035_Q3_labor_18h,5451.49,0,-3671.58,1779.92,0
Antioquia,2035_Q3_labor_19h,5629.9,0,-3774.25,1855.65,0
Antioquia,2035_Q3_labor_20h,5783.44,0,-3867.73,1915.71,0
Antioquia,2035_Q3_labor_21h,5706.68,0,-3822.4,1884.28,0
Antioquia,2035_Q3_labor_22h,5530.34,0,-3722.05,1808.29,0
Antioquia,2035_Q3_labor_23h,5256.78,0,-3557.41,1699.37,0
Antioquia,2035_Q3_holidays_0h,4917.79,0,-3359.84,1557.94,0
Antioquia,2035_Q3_holidays_1h,4875.92,0,-3326.67,1549.25,0
Antioquia,2035_Q3_holidays_2h,4728.35,0,-3234.68,1493.67,0
Antioquia,2035_Q3_holidays_3h,4598.36,0,-3145.98,1452.38,0
Antioquia,2035_Q3_holidays_4h,4619.17,0,-3190.95,1428.22,0
Antioquia,2035_Q3_holidays_5h,4663.65,0,-3232.6,1431.05,0
Antioquia,2035_Q3_holidays_6h,4591.69,0,-3150.54,1441.15,0
Antioquia,2035_Q3_holidays_7h,4527.92,0,-3055.51,1472.41,0
Antioquia,2035_Q3_holidays_8h,4613.05,0,-3039.55,1573.5,0
Antioquia,2035_Q3_holidays_9h,4665.02,0,-2990.42,1674.6,0
Antioquia,2035_Q3_holidays_10h,4717.31,0,-2976.73,1740.57,0
Antioquia,2035_Q3_holidays_11h,4812.48,0,-3014.46,1798.02,0
Antioquia,2035_Q3_holidays_12h,4913.37,0,-3077.03,1836.34,0
Antioquia,2035_Q3_holidays_13h,4986.5,0,-3162.73,1823.77,0
Antioquia,2035_Q3_holidays_14h,5079.71,0,-3279.68,1800.03,0
Antioquia,2035_Q3_holidays_15h,5236.84,0,-3454.23,1782.61,0
Antioquia,2035_Q3_holidays_16h,5389.1,0,-3621.34,1767.77,0
Antioquia,2035_Q3_holidays_17h,5458.76,0,-3713.05,1745.71,0
Antioquia,2035_Q3_holidays_18h,5287.71,0,-3562.72,1724.99,0
Antioquia,2035_Q3_holidays_19h,5543.47,0,-3729.2,1814.27,0
Antioquia,2035_Q3_holidays_20h,5620,0,-3765.65,1854.35,0
Antioquia,2035_Q3_holidays_21h,5486.35,0,-3679.42,1806.93,0
Antioquia,2035_Q3_holidays_22h,5322.97,0,-3589.4,1733.57,0
Antioquia,2035_Q3_holidays_23h,5098.72,0,-3454.57,1644.16,0
Antioquia,2035_Q4_labor_0h,5570.75,0,-3901.61,1669.13,0
Antioquia,2035_Q4_labor_1h,5359.37,0,-3792.93,1566.44,0
Antioquia,2035_Q4_labor_2h,5235.05,0,-3722.03,1513.03,0
Antioquia,2035_Q4_labor_3h,5138.04,0,-3663.07,1474.97,0
Antioquia,2035_Q4_labor_4h,5083.82,0,-3629.69,1454.13,0
Antioquia,2035_Q4_labor_5h,5182.55,0,-3707.16,1475.39,0
Antioquia,2035_Q4_labor_6h,5309.44,0,-3784.78,1524.66,0
Antioquia,2035_Q4_labor_7h,5332.42,0,-3781.25,1551.17,0
Antioquia,2035_Q4_labor_8h,5433.79,0,-3791.85,1641.95,0
Antioquia,2035_Q4_labor_9h,5550.15,0,-3817.66,1732.48,0
Antioquia,2035_Q4_labor_10h,5628.02,0,-3834.32,1793.7,0
Antioquia,2035_Q4_labor_11h,5757.24,0,-3898.23,1859.01,0
Antioquia,2035_Q4_labor_12h,5870.79,0,-3961.21,1909.58,0
Antioquia,2035_Q4_labor_13h,5906.25,0,-3999.38,1906.87,0
Antioquia,2035_Q4_labor_14h,5929.63,0,-4008.02,1921.61,0
Antioquia,2035_Q4_labor_15h,5961.37,0,-4017.98,1943.39,0
Antioquia,2035_Q4_labor_16h,5958.36,0,-4017.98,1940.37,0
Antioquia,2035_Q4_labor_17h,5925.16,0,-4009.51,1915.64,0
Antioquia,2035_Q4_labor_18h,5903.71,0,-4006.19,1897.52,0
Antioquia,2035_Q4_labor_19h,6005.31,0,-4008.82,1996.49,0
Antioquia,2035_Q4_labor_20h,6008.67,0,-4008.58,2000.09,0
Antioquia,2035_Q4_labor_21h,5970.74,0,-4007.38,1963.36,0
Antioquia,2035_Q4_labor_22h,5890.92,0,-4005.47,1885.45,0
Antioquia,2035_Q4_labor_23h,5743.84,0,-3968.6,1775.24,0
Antioquia,2035_Q4_holidays_0h,5323.22,0,-3715.36,1607.85,0
Antioquia,2035_Q4_holidays_1h,5375.9,0,-3756.59,1619.31,0
Antioquia,2035_Q4_holidays_2h,5251.43,0,-3690.42,1561.01,0
Antioquia,2035_Q4_holidays_3h,5139.66,0,-3620.48,1519.18,0
Antioquia,2035_Q4_holidays_4h,5070.91,0,-3576.54,1494.37,0
Antioquia,2035_Q4_holidays_5h,5095.91,0,-3602.2,1493.72,0
Antioquia,2035_Q4_holidays_6h,5117.82,0,-3616.08,1501.75,0
Antioquia,2035_Q4_holidays_7h,5114.08,0,-3585.24,1528.85,0
Antioquia,2035_Q4_holidays_8h,5241.66,0,-3615.25,1626.4,0
Antioquia,2035_Q4_holidays_9h,5406.53,0,-3677.65,1728.88,0
Antioquia,2035_Q4_holidays_10h,5500.9,0,-3700.1,1800.8,0
Antioquia,2035_Q4_holidays_11h,5657.26,0,-3796.16,1861.09,0
Antioquia,2035_Q4_holidays_12h,5790.75,0,-3896.57,1894.18,0
Antioquia,2035_Q4_holidays_13h,5838.86,0,-3953.9,1884.96,0
Antioquia,2035_Q4_holidays_14h,5850.83,0,-3986.3,1864.53,0
Antioquia,2035_Q4_holidays_15h,5840.81,0,-3996.05,1844.76,0
Antioquia,2035_Q4_holidays_16h,5828.6,0,-4002.16,1826.44,0
Antioquia,2035_Q4_holidays_17h,5799.16,0,-3992.55,1806.62,0
Antioquia,2035_Q4_holidays_18h,5805.54,0,-3986.69,1818.85,0
Antioquia,2035_Q4_holidays_19h,5950.13,0,-4017.98,1932.15,0
Antioquia,2035_Q4_holidays_20h,5921.06,0,-4004.72,1916.34,0
Antioquia,2035_Q4_holidays_21h,5846.19,0,-3988.71,1857.48,0
Antioquia,2035_Q4_holidays_22h,5733.23,0,-3950.67,1782.56,0
Antioquia,2035_Q4_holidays_23h,5548.63,0,-3854.44,1694.19,0
Nordeste,2023_Q1_labor_0h,1236.13,0,-272.442,963.686,0
Nordeste,2023_Q1_labor_1h,1197.41,0,-287.67,909.738,0
Nordeste,2023_Q1_labor_2h,1175.86,0,-297.201,878.656,0
Nordeste,2023_Q1_labor_3h,1160.97,0,-304.344,856.623,0
Nordeste,2023_Q1_labor_4h,1153.92,0,-307.883,846.041,0
Nordeste,2023_Q1_labor_5h,1162.62,0,-303.54,859.082,0
Nordeste,2023_Q1_labor_6h,1186.53,0,-292.097,894.435,0
Nordeste,2023_Q1_labor_7h,1199.67,0,-284.4,915.272,0
Nordeste,2023_Q1_labor_8h,1237.03,0,-266.51,970.522,0
Nordeste,2023_Q1_labor_9h,1279.01,0,-248.32,1030.69,0
Nordeste,2023_Q1_labor_10h,1304.98,0,-236.818,1068.16,0
Nordeste,2023_Q1_labor_11h,1331.38,0,-226.142,1105.24,0
Nordeste,2023_Q1_labor_12h,1352.79,0,-218.083,1134.71,0
Nordeste,2023_Q1_labor_13h,1349.9,0,-220.132,1129.76,0
Nordeste,2023_Q1_labor_14h,1353.21,0,-220.982,1132.23,0
Nordeste,2023_Q1_labor_15h,1363.26,0,-219.8,1143.46,0
Nordeste,2023_Q1_labor_16h,1363.52,0,-222.613,1140.9,0
Nordeste,2023_Q1_labor_17h,1352.06,0,-230.35,1121.7,0
Nordeste,2023_Q1_labor_18h,1337.5,0,-237.556,1099.94,0
Nordeste,2023_Q1_labor_19h,1377.44,0,-220.149,1157.3,0
Nordeste,2023_Q1_labor_20h,1385.74,0,-215.776,1169.96,0
Nordeste,2023_Q1_labor_21h,1365.99,0,-225.48,1140.51,0
Nordeste,2023_Q1_labor_22h,1330.7,0,-239.808,1090.9,0
Nordeste,2023_Q1_labor_23h,1281.79,0,-256.686,1025.1,0
Nordeste,2023_Q1_holidays_0h,1127.15,0,-222.672,904.477,0
Nordeste,2023_Q1_holidays_1h,1112.29,0,-228.541,883.747,0
Nordeste,2023_Q1_holidays_2h,1090.9,0,-236.535,854.363,0
Nordeste,2023_Q1_holidays_3h,1073.06,0,-242.852,830.205,0
Nordeste,2023_Q1_holidays_4h,1059.56,0,-247.636,811.923,0
Nordeste,2023_Q1_holidays_5h,1052.14,0,-250.069,802.072,0
Nordeste,2023_Q1_holidays_6h,1045.86,0,-251.604,794.256,0
Nordeste,2023_Q1_holidays_7h,1025.26,0,-255.457,769.801,0
Nordeste,2023_Q1_holidays_8h,1041.75,0,-246.721,795.028,0
Nordeste,2023_Q1_holidays_9h,1074.08,0,-233.406,840.671,0
Nordeste,2023_Q1_holidays_10h,1103.97,0,-221.199,882.774,0
Nordeste,2023_Q1_holidays_11h,1128,0,-211.297,916.702,0
Nordeste,2023_Q1_holidays_12h,1148.39,0,-203.091,945.303,0
Nordeste,2023_Q1_holidays_13h,1157.66,0,-200.016,957.646,0
Nordeste,2023_Q1_holidays_14h,1157.5,0,-201.668,955.831,0
Nordeste,2023_Q1_holidays_15h,1152.36,0,-206.128,946.235,0
Nordeste,2023_Q1_holidays_16h,1148.24,0,-210.305,937.94,0
Nordeste,2023_Q1_holidays_17h,1144.77,0,-214.272,930.5,0
Nordeste,2023_Q1_holidays_18h,1149.29,0,-213.658,935.631,0
Nordeste,2023_Q1_holidays_19h,1202.2,0,-186.436,1015.76,0
Nordeste,2023_Q1_holidays_20h,1218.77,0,-175.894,1042.88,0
Nordeste,2023_Q1_holidays_21h,1210.78,0,-180.882,1029.9,0
Nordeste,2023_Q1_holidays_22h,1191.31,0,-192.345,998.963,0
Nordeste,2023_Q1_holidays_23h,1161.63,0,-207.276,954.355,0
Nordeste,2023_Q2_labor_0h,1524.99,0,-568.489,956.503,0
Nordeste,2023_Q2_labor_1h,1463.02,0,-562.627,900.395,0
Nordeste,2023_Q2_labor_2h,1411.82,0,-541.551,870.266,0
Nordeste,2023_Q2_labor_3h,1375.33,0,-526.529,848.802,0
Nordeste,2023_Q2_labor_4h,1359.17,0,-520.082,839.093,0
Nordeste,2023_Q2_labor_5h,1388.88,0,-532.118,856.764,0
Nordeste,2023_Q2_labor_6h,1452.99,0,-553.824,899.164,0
Nordeste,2023_Q2_labor_7h,1463.91,0,-546.651,917.258,0
Nordeste,2023_Q2_labor_8h,1528.69,0,-557.253,971.438,0
Nordeste,2023_Q2_labor_9h,1565.81,0,-538.252,1027.56,0
Nordeste,2023_Q2_labor_10h,1585.17,0,-522.165,1063.01,0
Nordeste,2023_Q2_labor_11h,1604.67,0,-503.398,1101.27,0
Nordeste,2023_Q2_labor_12h,1618.13,0,-487.996,1130.14,0
Nordeste,2023_Q2_labor_13h,1613.69,0,-492.325,1121.36,0
Nordeste,2023_Q2_labor_14h,1616.17,0,-489.03,1127.14,0
Nordeste,2023_Q2_labor_15h,1621.7,0,-481.544,1140.15,0
Nordeste,2023_Q2_labor_16h,1621.27,0,-481.63,1139.64,0
Nordeste,2023_Q2_labor_17h,1613.4,0,-492.05,1121.35,0
Nordeste,2023_Q2_labor_18h,1600.69,0,-508.375,1092.31,0
Nordeste,2023_Q2_labor_19h,1624.04,0,-477.774,1146.27,0
Nordeste,2023_Q2_labor_20h,1633.24,0,-463.66,1169.58,0
Nordeste,2023_Q2_labor_21h,1622.63,0,-479.865,1142.77,0
Nordeste,2023_Q2_labor_22h,1599.68,0,-509.439,1090.24,0
Nordeste,2023_Q2_labor_23h,1563.47,0,-543.925,1019.54,0
Nordeste,2023_Q2_holidays_0h,1327.54,0,-431.736,895.8,0
Nordeste,2023_Q2_holidays_1h,1324.27,0,-433.615,890.654,0
Nordeste,2023_Q2_holidays_2h,1300.84,0,-445.08,855.764,0
Nordeste,2023_Q2_holidays_3h,1280.55,0,-451.554,828.992,0
Nordeste,2023_Q2_holidays_4h,1264.62,0,-454.631,809.989,0
Nordeste,2023_Q2_holidays_5h,1256.76,0,-455.949,800.806,0
Nordeste,2023_Q2_holidays_6h,1244.42,0,-455.527,788.889,0
Nordeste,2023_Q2_holidays_7h,1223.31,0,-451.262,772.052,0
Nordeste,2023_Q2_holidays_8h,1250.79,0,-445.439,805.354,0
Nordeste,2023_Q2_holidays_9h,1285.55,0,-436.986,848.563,0
Nordeste,2023_Q2_holidays_10h,1314.5,0,-426.021,888.48,0
Nordeste,2023_Q2_holidays_11h,1336.11,0,-414.929,921.179,0
Nordeste,2023_Q2_holidays_12h,1352.24,0,-404.187,948.056,0
Nordeste,2023_Q2_holidays_13h,1358.92,0,-399.067,959.853,0
Nordeste,2023_Q2_holidays_14h,1358.99,0,-399.74,959.245,0
Nordeste,2023_Q2_holidays_15h,1353.07,0,-406.469,946.598,0
Nordeste,2023_Q2_holidays_16h,1348.67,0,-411.852,936.822,0
Nordeste,2023_Q2_holidays_17h,1345.39,0,-416.5,928.888,0
Nordeste,2023_Q2_holidays_18h,1346.93,0,-416.246,930.682,0
Nordeste,2023_Q2_holidays_19h,1381.42,0,-373.942,1007.47,0
Nordeste,2023_Q2_holidays_20h,1394.04,0,-352.22,1041.82,0
Nordeste,2023_Q2_holidays_21h,1389.46,0,-360.613,1028.85,0
Nordeste,2023_Q2_holidays_22h,1376.69,0,-381.172,995.523,0
Nordeste,2023_Q2_holidays_23h,1355.63,0,-407.78,947.851,0
Nordeste,2023_Q3_labor_0h,1515.56,0,-524.056,991.508,0
Nordeste,2023_Q3_labor_1h,1459.8,0,-525.452,934.347,0
Nordeste,2023_Q3_labor_2h,1394.82,0,-493.026,901.792,0
Nordeste,2023_Q3_labor_3h,1347.47,0,-468.887,878.579,0
Nordeste,2023_Q3_labor_4h,1327.07,0,-459.518,867.555,0
Nordeste,2023_Q3_labor_5h,1352.29,0,-470.866,881.426,0
Nordeste,2023_Q3_labor_6h,1408.89,0,-495.248,913.646,0
Nordeste,2023_Q3_labor_7h,1432.12,0,-497.7,934.421,0
Nordeste,2023_Q3_labor_8h,1508.73,0,-515.218,993.51,0
Nordeste,2023_Q3_labor_9h,1558.36,0,-506.486,1051.87,0
Nordeste,2023_Q3_labor_10h,1586.18,0,-496.767,1089.41,0
Nordeste,2023_Q3_labor_11h,1612.94,0,-483.151,1129.79,0
Nordeste,2023_Q3_labor_12h,1630.2,0,-470.312,1159.88,0
Nordeste,2023_Q3_labor_13h,1626.63,0,-473.229,1153.4,0
Nordeste,2023_Q3_labor_14h,1630.17,0,-470.654,1159.52,0
Nordeste,2023_Q3_labor_15h,1636.88,0,-464.417,1172.46,0
Nordeste,2023_Q3_labor_16h,1635.64,0,-466.026,1169.62,0
Nordeste,2023_Q3_labor_17h,1627.63,0,-475.463,1152.16,0
Nordeste,2023_Q3_labor_18h,1611.27,0,-491.462,1119.81,0
Nordeste,2023_Q3_labor_19h,1633.6,0,-469.316,1164.29,0
Nordeste,2023_Q3_labor_20h,1648,0,-450.001,1197.99,0
Nordeste,2023_Q3_labor_21h,1638.58,0,-463.145,1175.44,0
Nordeste,2023_Q3_labor_22h,1614.44,0,-488.86,1125.58,0
Nordeste,2023_Q3_labor_23h,1570.73,0,-514,1056.73,0
Nordeste,2023_Q3_holidays_0h,1254.33,0,-328.922,925.412,0
Nordeste,2023_Q3_holidays_1h,1244.57,0,-329.662,914.905,0
Nordeste,2023_Q3_holidays_2h,1212.69,0,-331.196,881.493,0
Nordeste,2023_Q3_holidays_3h,1187.71,0,-333.082,854.632,0
Nordeste,2023_Q3_holidays_4h,1169.7,0,-335.307,834.392,0
Nordeste,2023_Q3_holidays_5h,1160.06,0,-336.827,823.234,0
Nordeste,2023_Q3_holidays_6h,1148.24,0,-338.368,809.868,0
Nordeste,2023_Q3_holidays_7h,1130.8,0,-340.078,790.723,0
Nordeste,2023_Q3_holidays_8h,1154.2,0,-329.756,824.445,0
Nordeste,2023_Q3_holidays_9h,1186.17,0,-319.137,867.033,0
Nordeste,2023_Q3_holidays_10h,1215.36,0,-311.752,903.609,0
Nordeste,2023_Q3_holidays_11h,1241.04,0,-307.397,933.639,0
Nordeste,2023_Q3_holidays_12h,1264.35,0,-305.555,958.793,0
Nordeste,2023_Q3_holidays_13h,1279.49,0,-305.965,973.529,0
Nordeste,2023_Q3_holidays_14h,1283.54,0,-309.08,974.464,0
Nordeste,2023_Q3_holidays_15h,1277.15,0,-314.589,962.558,0
Nordeste,2023_Q3_holidays_16h,1272.22,0,-320.221,952.003,0
Nordeste,2023_Q3_holidays_17h,1269.35,0,-325.296,944.052,0
Nordeste,2023_Q3_holidays_18h,1272.28,0,-327.187,945.089,0
Nordeste,2023_Q3_holidays_19h,1327.74,0,-313.394,1014.35,0
Nordeste,2023_Q3_holidays_20h,1355.22,0,-295.388,1059.84,0
Nordeste,2023_Q3_holidays_21h,1349.57,0,-299.996,1049.58,0
Nordeste,2023_Q3_holidays_22h,1332.82,0,-310.955,1021.86,0
Nordeste,2023_Q3_holidays_23h,1298.94,0,-322.955,975.989,0
Nordeste,2023_Q4_labor_0h,1591.71,0,-555.207,1036.5,0
Nordeste,2023_Q4_labor_1h,1546.75,0,-569.183,977.568,0
Nordeste,2023_Q4_labor_2h,1515.03,0,-570.879,944.155,0
Nordeste,2023_Q4_labor_3h,1487.46,0,-566.445,921.019,0
Nordeste,2023_Q4_labor_4h,1471.95,0,-562.265,909.687,0
Nordeste,2023_Q4_labor_5h,1492.01,0,-567.498,924.508,0
Nordeste,2023_Q4_labor_6h,1527.56,0,-569.626,957.934,0
Nordeste,2023_Q4_labor_7h,1543.65,0,-563.623,980.031,0
Nordeste,2023_Q4_labor_8h,1588.48,0,-547.842,1040.63,0
Nordeste,2023_Q4_labor_9h,1626.15,0,-526.405,1099.75,0
Nordeste,2023_Q4_labor_10h,1648.69,0,-510.451,1138.24,0
Nordeste,2023_Q4_labor_11h,1673.06,0,-494.31,1178.75,0
Nordeste,2023_Q4_labor_12h,1683.92,0,-475.476,1208.45,0
Nordeste,2023_Q4_labor_13h,1681.34,0,-477.897,1203.44,0
Nordeste,2023_Q4_labor_14h,1682.9,0,-472.449,1210.45,0
Nordeste,2023_Q4_labor_15h,1686.45,0,-462.664,1223.79,0
Nordeste,2023_Q4_labor_16h,1684.53,0,-463.322,1221.21,0
Nordeste,2023_Q4_labor_17h,1678.4,0,-473.352,1205.05,0
Nordeste,2023_Q4_labor_18h,1674.06,0,-482.044,1192.02,0
Nordeste,2023_Q4_labor_19h,1693.46,0,-442.689,1250.77,0
Nordeste,2023_Q4_labor_20h,1692.82,0,-444.096,1248.72,0
Nordeste,2023_Q4_labor_21h,1684.26,0,-462.058,1222.21,0
Nordeste,2023_Q4_labor_22h,1666.68,0,-495.304,1171.38,0
Nordeste,2023_Q4_labor_23h,1637.64,0,-535.661,1101.98,0
Nordeste,2023_Q4_holidays_0h,1644.97,0,-681.649,963.322,0
Nordeste,2023_Q4_holidays_1h,1634.66,0,-691.451,943.21,0
Nordeste,2023_Q4_holidays_2h,1600.83,0,-691.188,909.643,0
Nordeste,2023_Q4_holidays_3h,1554.5,0,-673.004,881.499,0
Nordeste,2023_Q4_holidays_4h,1505.17,0,-648.293,856.872,0
Nordeste,2023_Q4_holidays_5h,1482.56,0,-636.193,846.368,0
Nordeste,2023_Q4_holidays_6h,1446.09,0,-612.62,833.472,0
Nordeste,2023_Q4_holidays_7h,1383.64,0,-567.703,815.934,0
Nordeste,2023_Q4_holidays_8h,1432.63,0,-583.461,849.169,0
Nordeste,2023_Q4_holidays_9h,1508.09,0,-614.577,893.518,0
Nordeste,2023_Q4_holidays_10h,1572.19,0,-638.23,933.955,0
Nordeste,2023_Q4_holidays_11h,1623.31,0,-652.972,970.338,0
Nordeste,2023_Q4_holidays_12h,1659.5,0,-659.403,1000.09,0
Nordeste,2023_Q4_holidays_13h,1666.83,0,-652.424,1014.4,0
Nordeste,2023_Q4_holidays_14h,1666.68,0,-652.318,1014.36,0
Nordeste,2023_Q4_holidays_15h,1661.67,0,-658.795,1002.88,0
Nordeste,2023_Q4_holidays_16h,1658.68,0,-662.864,995.814,0
Nordeste,2023_Q4_holidays_17h,1655.9,0,-667.075,988.827,0
Nordeste,2023_Q4_holidays_18h,1663.68,0,-656.299,1007.38,0
Nordeste,2023_Q4_holidays_19h,1689.52,0,-597.661,1091.86,0
Nordeste,2023_Q4_holidays_20h,1693.42,0,-585.668,1107.75,0
Nordeste,2023_Q4_holidays_21h,1690.22,0,-595.95,1094.27,0
Nordeste,2023_Q4_holidays_22h,1682.17,0,-618.097,1064.07,0
Nordeste,2023_Q4_holidays_23h,1667.33,0,-650.097,1017.23,0
Nordeste,2024_Q1_labor_0h,978.034,0,16.4518,994.486,0
Nordeste,2024_Q1_labor_1h,854.339,0,79.8221,934.161,0
Nordeste,2024_Q1_labor_2h,798.061,0,104.647,902.708,0
Nordeste,2024_Q1_labor_3h,762.487,0,118.141,880.628,0
Nordeste,2024_Q1_labor_4h,745.296,0,122.814,868.111,0
Nordeste,2024_Q1_labor_5h,763.608,0,116.816,880.425,0
Nordeste,2024_Q1_labor_6h,804.59,0,114.314,918.904,0
Nordeste,2024_Q1_labor_7h,773.069,0,160.716,933.785,0
Nordeste,2024_Q1_labor_8h,804.033,0,176.977,981.01,0
Nordeste,2024_Q1_labor_9h,846.752,0,192.679,1039.43,0
Nordeste,2024_Q1_labor_10h,873.698,0,203.172,1076.87,0
Nordeste,2024_Q1_labor_11h,901.489,0,213.514,1115,0
Nordeste,2024_Q1_labor_12h,925.543,0,220.851,1146.39,0
Nordeste,2024_Q1_labor_13h,924.175,0,219.917,1144.09,0
Nordeste,2024_Q1_labor_14h,976.045,0,174.942,1150.99,0
Nordeste,2024_Q1_labor_15h,1094.5,0,70.8337,1165.33,0
Nordeste,2024_Q1_labor_16h,1128.8,0,34.7416,1163.54,0
Nordeste,2024_Q1_labor_17h,1107.95,0,37.9645,1145.91,0
Nordeste,2024_Q1_labor_18h,1090.26,0,28.1463,1118.4,0
Nordeste,2024_Q1_labor_19h,1122.37,0,52.5008,1174.87,0
Nordeste,2024_Q1_labor_20h,1136.22,0,65.1971,1201.42,0
Nordeste,2024_Q1_labor_21h,1122.54,0,52.7117,1175.25,0
Nordeste,2024_Q1_labor_22h,1095.79,0,32.0153,1127.8,0
Nordeste,2024_Q1_labor_23h,1052.74,0,7.28718,1060.03,0
Nordeste,2024_Q1_holidays_0h,1324.98,0,-351.481,973.499,0
Nordeste,2024_Q1_holidays_1h,1314.99,0,-350.305,964.683,0
Nordeste,2024_Q1_holidays_2h,1264.1,0,-328.387,935.711,0
Nordeste,2024_Q1_holidays_3h,1217.01,0,-309.638,907.375,0
Nordeste,2024_Q1_holidays_4h,1195.78,0,-299.965,895.811,0
Nordeste,2024_Q1_holidays_5h,1204.12,0,-304.01,900.111,0
Nordeste,2024_Q1_holidays_6h,1218.62,0,-299.939,918.685,0
Nordeste,2024_Q1_holidays_7h,1181.04,0,-255.521,925.519,0
Nordeste,2024_Q1_holidays_8h,1223.79,0,-250.823,972.971,0
Nordeste,2024_Q1_holidays_9h,1279.73,0,-241.604,1038.12,0
Nordeste,2024_Q1_holidays_10h,1315.65,0,-233.263,1082.39,0
Nordeste,2024_Q1_holidays_11h,1346.17,0,-225.5,1120.67,0
Nordeste,2024_Q1_holidays_12h,1365.97,0,-218.691,1147.28,0
Nordeste,2024_Q1_holidays_13h,1361.66,0,-217.143,1144.52,0
Nordeste,2024_Q1_holidays_14h,1372.11,0,-240.802,1131.31,0
Nordeste,2024_Q1_holidays_15h,1405.55,0,-291.434,1114.12,0
Nordeste,2024_Q1_holidays_16h,1444.76,0,-339.068,1105.69,0
Nordeste,2024_Q1_holidays_17h,1434.78,0,-346.998,1087.78,0
Nordeste,2024_Q1_holidays_18h,1429.3,0,-349.169,1080.13,0
Nordeste,2024_Q1_holidays_19h,1462,0,-311.887,1150.12,0
Nordeste,2024_Q1_holidays_20h,1471.55,0,-298.21,1173.34,0
Nordeste,2024_Q1_holidays_21h,1457.81,0,-316.955,1140.85,0
Nordeste,2024_Q1_holidays_22h,1432.86,0,-345.138,1087.72,0
Nordeste,2024_Q1_holidays_23h,1400.78,0,-372.487,1028.29,0
Nordeste,2024_Q2_labor_0h,1261.05,0,-288.585,972.469,0
Nordeste,2024_Q2_labor_1h,1194.96,0,-270.864,924.097,0
Nordeste,2024_Q2_labor_2h,1145.51,0,-253.435,892.078,0
Nordeste,2024_Q2_labor_3h,1107.09,0,-237.982,869.111,0
Nordeste,2024_Q2_labor_4h,1087.02,0,-229.492,857.525,0
Nordeste,2024_Q2_labor_5h,1110.53,0,-239.883,870.649,0
Nordeste,2024_Q2_labor_6h,1152.51,0,-248.272,904.24,0
Nordeste,2024_Q2_labor_7h,1117.35,0,-200.321,917.032,0
Nordeste,2024_Q2_labor_8h,1146.06,0,-176.466,969.597,0
Nordeste,2024_Q2_labor_9h,1194.07,0,-168.233,1025.84,0
Nordeste,2024_Q2_labor_10h,1224.55,0,-161.006,1063.54,0
Nordeste,2024_Q2_labor_11h,1255.26,0,-153.243,1102.01,0
Nordeste,2024_Q2_labor_12h,1278.25,0,-146.771,1131.48,0
Nordeste,2024_Q2_labor_13h,1293.9,0,-167.472,1126.43,0
Nordeste,2024_Q2_labor_14h,1334.3,0,-203.395,1130.91,0
Nordeste,2024_Q2_labor_15h,1370.33,0,-231.33,1139,0
Nordeste,2024_Q2_labor_16h,1362.7,0,-225.885,1136.81,0
Nordeste,2024_Q2_labor_17h,1343.36,0,-223.461,1119.9,0
Nordeste,2024_Q2_labor_18h,1331.69,0,-235.586,1096.1,0
Nordeste,2024_Q2_labor_19h,1352,0,-195.351,1156.65,0
Nordeste,2024_Q2_labor_20h,1359.93,0,-176.904,1183.03,0
Nordeste,2024_Q2_labor_21h,1352.29,0,-194.746,1157.54,0
Nordeste,2024_Q2_labor_22h,1335.28,0,-229.16,1106.12,0
Nordeste,2024_Q2_labor_23h,1308.03,0,-272.07,1035.96,0
Nordeste,2024_Q2_holidays_0h,1637.12,0,-637.091,1000.03,0
Nordeste,2024_Q2_holidays_1h,1502.98,0,-565.504,937.478,0
Nordeste,2024_Q2_holidays_2h,1435.74,0,-528.197,907.542,0
Nordeste,2024_Q2_holidays_3h,1395.54,0,-510.361,885.183,0
Nordeste,2024_Q2_holidays_4h,1377.2,0,-501.944,875.252,0
Nordeste,2024_Q2_holidays_5h,1417.04,0,-520.392,896.652,0
Nordeste,2024_Q2_holidays_6h,1503.97,0,-558.335,945.636,0
Nordeste,2024_Q2_holidays_7h,1503.86,0,-540.041,963.815,0
Nordeste,2024_Q2_holidays_8h,1567.62,0,-549.811,1017.8,0
Nordeste,2024_Q2_holidays_9h,1629.49,0,-557.678,1071.82,0
Nordeste,2024_Q2_holidays_10h,1664.91,0,-559.224,1105.68,0
Nordeste,2024_Q2_holidays_11h,1701,0,-555.93,1145.07,0
Nordeste,2024_Q2_holidays_12h,1721.65,0,-547.28,1174.37,0
Nordeste,2024_Q2_holidays_13h,1710.3,0,-547.994,1162.31,0
Nordeste,2024_Q2_holidays_14h,1730.41,0,-559.822,1170.59,0
Nordeste,2024_Q2_holidays_15h,1765.96,0,-576.091,1189.87,0
Nordeste,2024_Q2_holidays_16h,1764.53,0,-574.66,1189.87,0
Nordeste,2024_Q2_holidays_17h,1748.04,0,-578.029,1170.01,0
Nordeste,2024_Q2_holidays_18h,1736.9,0,-602.161,1134.74,0
Nordeste,2024_Q2_holidays_19h,1745.76,0,-562.156,1183.6,0
Nordeste,2024_Q2_holidays_20h,1748.79,0,-544.225,1204.57,0
Nordeste,2024_Q2_holidays_21h,1744.98,0,-566.684,1178.3,0
Nordeste,2024_Q2_holidays_22h,1736.75,0,-609.092,1127.66,0
Nordeste,2024_Q2_holidays_23h,1706.46,0,-644.034,1062.43,0
Nordeste,2024_Q3_labor_0h,1281.89,0,-275.122,1006.77,0
Nordeste,2024_Q3_labor_1h,1201.71,0,-245.168,956.545,0
Nordeste,2024_Q3_labor_2h,1141.7,0,-218.884,922.813,0
Nordeste,2024_Q3_labor_3h,1097.95,0,-199.281,898.665,0
Nordeste,2024_Q3_labor_4h,1075.71,0,-190.076,885.634,0
Nordeste,2024_Q3_labor_5h,1086.06,0,-190.783,895.278,0
Nordeste,2024_Q3_labor_6h,1109.85,0,-190.16,919.689,0
Nordeste,2024_Q3_labor_7h,1101.99,0,-168.377,933.609,0
Nordeste,2024_Q3_labor_8h,1154.31,0,-164.42,989.891,0
Nordeste,2024_Q3_labor_9h,1213.13,0,-165.866,1047.26,0
Nordeste,2024_Q3_labor_10h,1249.67,0,-163.621,1086.05,0
Nordeste,2024_Q3_labor_11h,1298.55,0,-172.682,1125.87,0
Nordeste,2024_Q3_labor_12h,1345.4,0,-189.182,1156.22,0
Nordeste,2024_Q3_labor_13h,1357.34,0,-204.135,1153.21,0
Nordeste,2024_Q3_labor_14h,1389.66,0,-231.642,1158.02,0
Nordeste,2024_Q3_labor_15h,1418.46,0,-252.36,1166.1,0
Nordeste,2024_Q3_labor_16h,1418.39,0,-256.127,1162.26,0
Nordeste,2024_Q3_labor_17h,1399.63,0,-253.146,1146.48,0
Nordeste,2024_Q3_labor_18h,1387.22,0,-267.294,1119.93,0
Nordeste,2024_Q3_labor_19h,1401.96,0,-230.746,1171.21,0
Nordeste,2024_Q3_labor_20h,1411.04,0,-202.296,1208.74,0
Nordeste,2024_Q3_labor_21h,1406.03,0,-218.618,1187.41,0
Nordeste,2024_Q3_labor_22h,1393.28,0,-253.628,1139.65,0
Nordeste,2024_Q3_labor_23h,1356.62,0,-284.614,1072,0
Nordeste,2024_Q3_holidays_0h,1457.61,0,-416.43,1041.18,0
Nordeste,2024_Q3_holidays_1h,1390.09,0,-412.29,977.796,0
Nordeste,2024_Q3_holidays_2h,1363.17,0,-418.581,944.593,0
Nordeste,2024_Q3_holidays_3h,1344.02,0,-425.638,918.382,0
Nordeste,2024_Q3_holidays_4h,1336.58,0,-428.86,907.716,0
Nordeste,2024_Q3_holidays_5h,1348.77,0,-424.328,924.446,0
Nordeste,2024_Q3_holidays_6h,1384.89,0,-420.881,964.011,0
Nordeste,2024_Q3_holidays_7h,1415.93,0,-426.2,989.725,0
Nordeste,2024_Q3_holidays_8h,1481.84,0,-429.542,1052.29,0
Nordeste,2024_Q3_holidays_9h,1555.25,0,-442.409,1112.84,0
Nordeste,2024_Q3_holidays_10h,1605.06,0,-455.294,1149.76,0
Nordeste,2024_Q3_holidays_11h,1663.69,0,-472.247,1191.45,0
Nordeste,2024_Q3_holidays_12h,1704.11,0,-482.837,1221.28,0
Nordeste,2024_Q3_holidays_13h,1692.75,0,-478.56,1214.19,0
Nordeste,2024_Q3_holidays_14h,1702.34,0,-478.146,1224.2,0
Nordeste,2024_Q3_holidays_15h,1743.28,0,-499.42,1243.86,0
Nordeste,2024_Q3_holidays_16h,1761.59,0,-523.108,1238.48,0
Nordeste,2024_Q3_holidays_17h,1755.77,0,-538.813,1216.96,0
Nordeste,2024_Q3_holidays_18h,1714.85,0,-538.024,1176.83,0
Nordeste,2024_Q3_holidays_19h,1748.84,0,-533.887,1214.96,0
Nordeste,2024_Q3_holidays_20h,1766.8,0,-522.072,1244.72,0
Nordeste,2024_Q3_holidays_21h,1752.19,0,-529.622,1222.56,0
Nordeste,2024_Q3_holidays_22h,1709.37,0,-537.139,1172.23,0
Nordeste,2024_Q3_holidays_23h,1577.28,0,-472.176,1105.1,0
Nordeste,2024_Q4_labor_0h,1449.32,0,-397.513,1051.8,0
Nordeste,2024_Q4_labor_1h,1417.84,0,-420.649,997.193,0
Nordeste,2024_Q4_labor_2h,1395.63,0,-432.598,963.037,0
Nordeste,2024_Q4_labor_3h,1367.14,0,-428.349,938.788,0
Nordeste,2024_Q4_labor_4h,1345.89,0,-420.877,925.017,0
Nordeste,2024_Q4_labor_5h,1367.56,0,-431.769,935.794,0
Nordeste,2024_Q4_labor_6h,1399.94,0,-438.457,961.483,0
Nordeste,2024_Q4_labor_7h,1400.49,0,-423.307,977.186,0
Nordeste,2024_Q4_labor_8h,1447.43,0,-412.202,1035.23,0
Nordeste,2024_Q4_labor_9h,1494.93,0,-401.57,1093.36,0
Nordeste,2024_Q4_labor_10h,1523.69,0,-390.14,1133.55,0
Nordeste,2024_Q4_labor_11h,1564.26,0,-389.613,1174.64,0
Nordeste,2024_Q4_labor_12h,1586.42,0,-381.24,1205.18,0
Nordeste,2024_Q4_labor_13h,1576.6,0,-373.328,1203.27,0
Nordeste,2024_Q4_labor_14h,1565.75,0,-356.651,1209.1,0
Nordeste,2024_Q4_labor_15h,1553.45,0,-335.57,1217.88,0
Nordeste,2024_Q4_labor_16h,1535.99,0,-321.557,1214.43,0
Nordeste,2024_Q4_labor_17h,1518.02,0,-317.992,1200.03,0
Nordeste,2024_Q4_labor_18h,1512.88,0,-320.333,1192.55,0
Nordeste,2024_Q4_labor_19h,1537.41,0,-278.611,1258.8,0
Nordeste,2024_Q4_labor_20h,1537.92,0,-277.706,1260.22,0
Nordeste,2024_Q4_labor_21h,1528.73,0,-294.057,1234.67,0
Nordeste,2024_Q4_labor_22h,1510.27,0,-324.285,1185.98,0
Nordeste,2024_Q4_labor_23h,1481.52,0,-364.001,1117.52,0
Nordeste,2024_Q4_holidays_0h,1621.42,0,-534.455,1086.97,0
Nordeste,2024_Q4_holidays_1h,1557.57,0,-527.853,1029.72,0
Nordeste,2024_Q4_holidays_2h,1519.44,0,-525.849,993.592,0
Nordeste,2024_Q4_holidays_3h,1488.64,0,-521.534,967.105,0
Nordeste,2024_Q4_holidays_4h,1472.81,0,-518.472,954.341,0
Nordeste,2024_Q4_holidays_5h,1493.96,0,-523.491,970.465,0
Nordeste,2024_Q4_holidays_6h,1539.74,0,-530.122,1009.61,0
Nordeste,2024_Q4_holidays_7h,1562.68,0,-528.794,1033.88,0
Nordeste,2024_Q4_holidays_8h,1618.5,0,-524.108,1094.39,0
Nordeste,2024_Q4_holidays_9h,1672.61,0,-516.028,1156.58,0
Nordeste,2024_Q4_holidays_10h,1702.43,0,-507.387,1195.04,0
Nordeste,2024_Q4_holidays_11h,1735.87,0,-499.633,1236.24,0
Nordeste,2024_Q4_holidays_12h,1760.7,0,-493.49,1267.21,0
Nordeste,2024_Q4_holidays_13h,1761.41,0,-498.963,1262.45,0
Nordeste,2024_Q4_holidays_14h,1773.04,0,-502.283,1270.76,0
Nordeste,2024_Q4_holidays_15h,1789.36,0,-500.686,1288.68,0
Nordeste,2024_Q4_holidays_16h,1788.98,0,-502.798,1286.18,0
Nordeste,2024_Q4_holidays_17h,1772.26,0,-506.727,1265.53,0
Nordeste,2024_Q4_holidays_18h,1756.91,0,-507.927,1248.98,0
Nordeste,2024_Q4_holidays_19h,1784.35,0,-482.768,1301.59,0
Nordeste,2024_Q4_holidays_20h,1779.9,0,-483.124,1296.78,0
Nordeste,2024_Q4_holidays_21h,1766.97,0,-494.649,1272.32,0
Nordeste,2024_Q4_holidays_22h,1733.57,0,-514.379,1219.19,0
Nordeste,2024_Q4_holidays_23h,1684.41,0,-531.573,1152.84,0
Nordeste,2025_Q1_labor_0h,1012.53,0,-12.4202,1000.11,0
Nordeste,2025_Q1_labor_1h,922.689,0,27.2257,949.914,0
Nordeste,2025_Q1_labor_2h,871.655,0,46.2507,917.906,0
Nordeste,2025_Q1_labor_3h,837.732,0,56.7053,894.438,0
Nordeste,2025_Q1_labor_4h,822.833,0,59.6092,882.442,0
Nordeste,2025_Q1_labor_5h,835.674,0,56.3198,891.994,0
Nordeste,2025_Q1_labor_6h,860.817,0,60.5718,921.389,0
Nordeste,2025_Q1_labor_7h,851.985,0,83.1453,935.131,0
Nordeste,2025_Q1_labor_8h,892.123,0,95.7576,987.88,0
Nordeste,2025_Q1_labor_9h,937.152,0,111.864,1049.02,0
Nordeste,2025_Q1_labor_10h,966.428,0,123.073,1089.5,0
Nordeste,2025_Q1_labor_11h,994.171,0,133.814,1127.99,0
Nordeste,2025_Q1_labor_12h,1016.31,0,141.734,1158.04,0
Nordeste,2025_Q1_labor_13h,1014.15,0,141.373,1155.53,0
Nordeste,2025_Q1_labor_14h,1028.19,0,128.637,1156.83,0
Nordeste,2025_Q1_labor_15h,1116.19,0,47.958,1164.15,0
Nordeste,2025_Q1_labor_16h,1177.02,0,-16.7516,1160.27,0
Nordeste,2025_Q1_labor_17h,1154.6,0,-12.5015,1142.1,0
Nordeste,2025_Q1_labor_18h,1143.53,0,-19.522,1124.01,0
Nordeste,2025_Q1_labor_19h,1173.83,0,14.3644,1188.19,0
Nordeste,2025_Q1_labor_20h,1180.61,0,23.6324,1204.25,0
Nordeste,2025_Q1_labor_21h,1168.49,0,7.64319,1176.13,0
Nordeste,2025_Q1_labor_22h,1145.17,0,-17.7653,1127.41,0
Nordeste,2025_Q1_labor_23h,1108.6,0,-46.6837,1061.91,0
Nordeste,2025_Q1_holidays_0h,1541.08,0,-518.949,1022.14,0
Nordeste,2025_Q1_holidays_1h,1441.8,0,-480.104,961.695,0
Nordeste,2025_Q1_holidays_2h,1375.29,0,-448.118,927.169,0
Nordeste,2025_Q1_holidays_3h,1334.69,0,-430.944,903.748,0
Nordeste,2025_Q1_holidays_4h,1309.18,0,-419.464,889.715,0
Nordeste,2025_Q1_holidays_5h,1334.68,0,-430.588,904.094,0
Nordeste,2025_Q1_holidays_6h,1384.28,0,-441.806,942.471,0
Nordeste,2025_Q1_holidays_7h,1364.35,0,-399.459,964.894,0
Nordeste,2025_Q1_holidays_8h,1418.17,0,-396.234,1021.94,0
Nordeste,2025_Q1_holidays_9h,1472.79,0,-390.786,1082,0
Nordeste,2025_Q1_holidays_10h,1505.19,0,-385.781,1119.4,0
Nordeste,2025_Q1_holidays_11h,1536.88,0,-379.109,1157.77,0
Nordeste,2025_Q1_holidays_12h,1564.05,0,-370.857,1193.19,0
Nordeste,2025_Q1_holidays_13h,1558.8,0,-368.49,1190.31,0
Nordeste,2025_Q1_holidays_14h,1607.02,0,-410.668,1196.35,0
Nordeste,2025_Q1_holidays_15h,1680.98,0,-467.996,1212.99,0
Nordeste,2025_Q1_holidays_16h,1679.76,0,-468.288,1211.47,0
Nordeste,2025_Q1_holidays_17h,1655.58,0,-463.715,1191.87,0
Nordeste,2025_Q1_holidays_18h,1643.74,0,-475.563,1168.18,0
Nordeste,2025_Q1_holidays_19h,1666.56,0,-438.169,1228.39,0
Nordeste,2025_Q1_holidays_20h,1671.16,0,-429.114,1242.05,0
Nordeste,2025_Q1_holidays_21h,1660.51,0,-448.645,1211.87,0
Nordeste,2025_Q1_holidays_22h,1639.81,0,-480.486,1159.33,0
Nordeste,2025_Q1_holidays_23h,1607.92,0,-517.073,1090.84,0
Nordeste,2025_Q2_labor_0h,1354.21,0,-350.856,1003.36,0
Nordeste,2025_Q2_labor_1h,1278.46,0,-327.162,951.301,0
Nordeste,2025_Q2_labor_2h,1223.19,0,-304.488,918.702,0
Nordeste,2025_Q2_labor_3h,1179.98,0,-284.62,895.356,0
Nordeste,2025_Q2_labor_4h,1157.33,0,-273.774,883.556,0
Nordeste,2025_Q2_labor_5h,1184.41,0,-287.144,897.264,0
Nordeste,2025_Q2_labor_6h,1229.18,0,-297.821,931.361,0
Nordeste,2025_Q2_labor_7h,1185.95,0,-241.22,944.735,0
Nordeste,2025_Q2_labor_8h,1224.64,0,-225.25,999.392,0
Nordeste,2025_Q2_labor_9h,1276.41,0,-219.188,1057.23,0
Nordeste,2025_Q2_labor_10h,1309.62,0,-213.383,1096.23,0
Nordeste,2025_Q2_labor_11h,1341.5,0,-205.606,1135.89,0
Nordeste,2025_Q2_labor_12h,1363.78,0,-198.022,1165.76,0
Nordeste,2025_Q2_labor_13h,1374.9,0,-214.418,1160.48,0
Nordeste,2025_Q2_labor_14h,1423.76,0,-258.898,1164.87,0
Nordeste,2025_Q2_labor_15h,1464.58,0,-291.404,1173.18,0
Nordeste,2025_Q2_labor_16h,1457.66,0,-286.872,1170.79,0
Nordeste,2025_Q2_labor_17h,1437.19,0,-283.967,1153.22,0
Nordeste,2025_Q2_labor_18h,1425.54,0,-296.995,1128.55,0
Nordeste,2025_Q2_labor_19h,1444.35,0,-254.409,1189.94,0
Nordeste,2025_Q2_labor_20h,1451.44,0,-235.123,1216.31,0
Nordeste,2025_Q2_labor_21h,1444.54,0,-253.945,1190.6,0
Nordeste,2025_Q2_labor_22h,1428.86,0,-290.301,1138.56,0
Nordeste,2025_Q2_labor_23h,1403.28,0,-335.314,1067.97,0
Nordeste,2025_Q2_holidays_0h,1658.8,0,-639.192,1019.61,0
Nordeste,2025_Q2_holidays_1h,1585.38,0,-616.622,968.754,0
Nordeste,2025_Q2_holidays_2h,1509.84,0,-574.231,935.611,0
Nordeste,2025_Q2_holidays_3h,1447.85,0,-537.152,910.694,0
Nordeste,2025_Q2_holidays_4h,1422.17,0,-522.516,899.658,0
Nordeste,2025_Q2_holidays_5h,1474.53,0,-553.994,920.538,0
Nordeste,2025_Q2_holidays_6h,1581.66,0,-607.62,974.042,0
Nordeste,2025_Q2_holidays_7h,1541.25,0,-549.69,991.563,0
Nordeste,2025_Q2_holidays_8h,1559.72,0,-515.68,1044.04,0
Nordeste,2025_Q2_holidays_9h,1589.31,0,-489.044,1100.26,0
Nordeste,2025_Q2_holidays_10h,1619.5,0,-485.413,1134.09,0
Nordeste,2025_Q2_holidays_11h,1659.16,0,-484.721,1174.44,0
Nordeste,2025_Q2_holidays_12h,1724.14,0,-516.588,1207.56,0
Nordeste,2025_Q2_holidays_13h,1731.46,0,-535.896,1195.57,0
Nordeste,2025_Q2_holidays_14h,1765.43,0,-559.921,1205.51,0
Nordeste,2025_Q2_holidays_15h,1772.35,0,-546.837,1225.51,0
Nordeste,2025_Q2_holidays_16h,1751.39,0,-525.022,1226.37,0
Nordeste,2025_Q2_holidays_17h,1730.39,0,-523.579,1206.81,0
Nordeste,2025_Q2_holidays_18h,1718.21,0,-546.8,1171.41,0
Nordeste,2025_Q2_holidays_19h,1730.27,0,-502.61,1227.66,0
Nordeste,2025_Q2_holidays_20h,1735.23,0,-481.133,1254.1,0
Nordeste,2025_Q2_holidays_21h,1729.53,0,-505.755,1223.77,0
Nordeste,2025_Q2_holidays_22h,1716.92,0,-550.905,1166.02,0
Nordeste,2025_Q2_holidays_23h,1694.41,0,-605.787,1088.62,0
Nordeste,2025_Q3_labor_0h,1387.9,0,-350.083,1037.82,0
Nordeste,2025_Q3_labor_1h,1280.13,0,-295.595,984.533,0
Nordeste,2025_Q3_labor_2h,1208.04,0,-257.907,950.13,0
Nordeste,2025_Q3_labor_3h,1157.49,0,-232.742,924.752,0
Nordeste,2025_Q3_labor_4h,1133.96,0,-222.312,911.643,0
Nordeste,2025_Q3_labor_5h,1145.26,0,-223.538,921.72,0
Nordeste,2025_Q3_labor_6h,1169.45,0,-222.645,946.804,0
Nordeste,2025_Q3_labor_7h,1160.78,0,-198.954,961.824,0
Nordeste,2025_Q3_labor_8h,1216.17,0,-195.739,1020.43,0
Nordeste,2025_Q3_labor_9h,1280.34,0,-200.068,1080.27,0
Nordeste,2025_Q3_labor_10h,1320.17,0,-199.617,1120.55,0
Nordeste,2025_Q3_labor_11h,1375.23,0,-213.572,1161.66,0
Nordeste,2025_Q3_labor_12h,1429.23,0,-236.511,1192.72,0
Nordeste,2025_Q3_labor_13h,1446.38,0,-256.323,1190.06,0
Nordeste,2025_Q3_labor_14h,1495.6,0,-300.824,1194.78,0
Nordeste,2025_Q3_labor_15h,1545.19,0,-342.447,1202.75,0
Nordeste,2025_Q3_labor_16h,1547.29,0,-349.405,1197.88,0
Nordeste,2025_Q3_labor_17h,1527.14,0,-346.084,1181.06,0
Nordeste,2025_Q3_labor_18h,1515.57,0,-362.18,1153.39,0
Nordeste,2025_Q3_labor_19h,1526.72,0,-321.682,1205.04,0
Nordeste,2025_Q3_labor_20h,1533.18,0,-290.55,1242.63,0
Nordeste,2025_Q3_labor_21h,1529.6,0,-308.689,1220.91,0
Nordeste,2025_Q3_labor_22h,1519.95,0,-347.951,1172,0
Nordeste,2025_Q3_labor_23h,1483.17,0,-379.518,1103.65,0
Nordeste,2025_Q3_holidays_0h,1547.42,0,-482.239,1065.19,0
Nordeste,2025_Q3_holidays_1h,1444.74,0,-435.228,1009.51,0
Nordeste,2025_Q3_holidays_2h,1393.61,0,-420.232,973.381,0
Nordeste,2025_Q3_holidays_3h,1363.68,0,-414.335,949.349,0
Nordeste,2025_Q3_holidays_4h,1355.42,0,-418.983,936.439,0
Nordeste,2025_Q3_holidays_5h,1376.41,0,-424.051,952.356,0
Nordeste,2025_Q3_holidays_6h,1415.34,0,-423.016,992.321,0
Nordeste,2025_Q3_holidays_7h,1422.47,0,-408.327,1014.14,0
Nordeste,2025_Q3_holidays_8h,1474.79,0,-400.219,1074.57,0
Nordeste,2025_Q3_holidays_9h,1526.83,0,-394.321,1132.51,0
Nordeste,2025_Q3_holidays_10h,1561.03,0,-392.159,1168.88,0
Nordeste,2025_Q3_holidays_11h,1619.14,0,-408.007,1211.13,0
Nordeste,2025_Q3_holidays_12h,1675.04,0,-432.007,1243.03,0
Nordeste,2025_Q3_holidays_13h,1674.86,0,-441.297,1233.56,0
Nordeste,2025_Q3_holidays_14h,1724.56,0,-479.747,1244.81,0
Nordeste,2025_Q3_holidays_15h,1769.49,0,-503.32,1266.17,0
Nordeste,2025_Q3_holidays_16h,1766.26,0,-500.421,1265.84,0
Nordeste,2025_Q3_holidays_17h,1746.89,0,-499.616,1247.28,0
Nordeste,2025_Q3_holidays_18h,1728.07,0,-519.338,1208.73,0
Nordeste,2025_Q3_holidays_19h,1744.03,0,-488.546,1255.48,0
Nordeste,2025_Q3_holidays_20h,1752.22,0,-459.589,1292.63,0
Nordeste,2025_Q3_holidays_21h,1747.11,0,-478.602,1268.51,0
Nordeste,2025_Q3_holidays_22h,1731.51,0,-516.239,1215.27,0
Nordeste,2025_Q3_holidays_23h,1667.41,0,-528.732,1138.68,0
Nordeste,2025_Q4_labor_0h,1623.76,0,-540.606,1083.15,0
Nordeste,2025_Q4_labor_1h,1592.47,0,-564.107,1028.37,0
Nordeste,2025_Q4_labor_2h,1568.96,0,-576.221,992.74,0
Nordeste,2025_Q4_labor_3h,1533.09,0,-565.609,967.481,0
Nordeste,2025_Q4_labor_4h,1509.36,0,-556.215,953.147,0
Nordeste,2025_Q4_labor_5h,1532.24,0,-568.537,963.699,0
Nordeste,2025_Q4_labor_6h,1567.79,0,-578.171,989.62,0
Nordeste,2025_Q4_labor_7h,1565.1,0,-559.393,1005.71,0
Nordeste,2025_Q4_labor_8h,1614.81,0,-549.58,1065.23,0
Nordeste,2025_Q4_labor_9h,1667.37,0,-541.023,1126.35,0
Nordeste,2025_Q4_labor_10h,1697.43,0,-529.885,1167.55,0
Nordeste,2025_Q4_labor_11h,1740.45,0,-530.492,1209.96,0
Nordeste,2025_Q4_labor_12h,1766.76,0,-526.048,1240.71,0
Nordeste,2025_Q4_labor_13h,1756.11,0,-517.227,1238.89,0
Nordeste,2025_Q4_labor_14h,1743.49,0,-499.261,1244.23,0
Nordeste,2025_Q4_labor_15h,1728.9,0,-476.474,1252.43,0
Nordeste,2025_Q4_labor_16h,1709.4,0,-461.048,1248.35,0
Nordeste,2025_Q4_labor_17h,1690.2,0,-456.749,1233.45,0
Nordeste,2025_Q4_labor_18h,1685.05,0,-458.883,1226.17,0
Nordeste,2025_Q4_labor_19h,1707.77,0,-413.763,1294.01,0
Nordeste,2025_Q4_labor_20h,1708.27,0,-412.725,1295.54,0
Nordeste,2025_Q4_labor_21h,1699.79,0,-430.501,1269.29,0
Nordeste,2025_Q4_labor_22h,1682.52,0,-463.222,1219.3,0
Nordeste,2025_Q4_labor_23h,1655.58,0,-504.989,1150.59,0
Nordeste,2025_Q4_holidays_0h,1635.97,0,-515.17,1120.8,0
Nordeste,2025_Q4_holidays_1h,1562.29,0,-509.224,1053.07,0
Nordeste,2025_Q4_holidays_2h,1521.29,0,-502.77,1018.52,0
Nordeste,2025_Q4_holidays_3h,1488.1,0,-495.154,992.947,0
Nordeste,2025_Q4_holidays_4h,1471.51,0,-490.814,980.698,0
Nordeste,2025_Q4_holidays_5h,1499.48,0,-498.898,1000.59,0
Nordeste,2025_Q4_holidays_6h,1554.88,0,-510.733,1044.14,0
Nordeste,2025_Q4_holidays_7h,1580.79,0,-511.127,1069.66,0
Nordeste,2025_Q4_holidays_8h,1645,0,-511.421,1133.58,0
Nordeste,2025_Q4_holidays_9h,1696.71,0,-506.557,1190.15,0
Nordeste,2025_Q4_holidays_10h,1730.14,0,-499.202,1230.94,0
Nordeste,2025_Q4_holidays_11h,1764.16,0,-491.276,1272.88,0
Nordeste,2025_Q4_holidays_12h,1790.72,0,-481.729,1308.99,0
Nordeste,2025_Q4_holidays_13h,1786.21,0,-482.977,1303.23,0
Nordeste,2025_Q4_holidays_14h,1785.21,0,-469.443,1315.77,0
Nordeste,2025_Q4_holidays_15h,1781.03,0,-441.746,1339.28,0
Nordeste,2025_Q4_holidays_16h,1765.43,0,-425.58,1339.85,0
Nordeste,2025_Q4_holidays_17h,1745.46,0,-426.454,1319.01,0
Nordeste,2025_Q4_holidays_18h,1735.25,0,-435.854,1299.4,0
Nordeste,2025_Q4_holidays_19h,1752.94,0,-396.999,1355.94,0
Nordeste,2025_Q4_holidays_20h,1750.62,0,-400.065,1350.55,0
Nordeste,2025_Q4_holidays_21h,1742.88,0,-417.864,1325.01,0
Nordeste,2025_Q4_holidays_22h,1723.71,0,-454.366,1269.34,0
Nordeste,2025_Q4_holidays_23h,1686.37,0,-496.199,1190.17,0
Nordeste,2026_Q1_labor_0h,656.763,0,373.7,1030.46,0
Nordeste,2026_Q1_labor_1h,475.988,0,501.813,977.801,0
Nordeste,2026_Q1_labor_2h,363.235,0,581.156,944.392,0
Nordeste,2026_Q1_labor_3h,279.029,0,641.213,920.242,0
Nordeste,2026_Q1_labor_4h,238.218,0,669.339,907.557,0
Nordeste,2026_Q1_labor_5h,272.545,0,644.669,917.214,0
Nordeste,2026_Q1_labor_6h,298.597,0,648.187,946.784,0
Nordeste,2026_Q1_labor_7h,204.033,0,756.436,960.47,0
Nordeste,2026_Q1_labor_8h,251.379,0,762.694,1014.07,0
Nordeste,2026_Q1_labor_9h,308.403,0,768.762,1077.16,0
Nordeste,2026_Q1_labor_10h,348.394,0,770.598,1118.99,0
Nordeste,2026_Q1_labor_11h,385.803,0,772.581,1158.38,0
Nordeste,2026_Q1_labor_12h,415.68,0,774.152,1189.83,0
Nordeste,2026_Q1_labor_13h,413.347,0,774.726,1188.07,0
Nordeste,2026_Q1_labor_14h,461.453,0,727.915,1189.37,0
Nordeste,2026_Q1_labor_15h,724.702,0,472.306,1197.01,0
Nordeste,2026_Q1_labor_16h,873.148,0,320.15,1193.3,0
Nordeste,2026_Q1_labor_17h,846.395,0,328.533,1174.93,0
Nordeste,2026_Q1_labor_18h,841.395,0,315.558,1156.95,0
Nordeste,2026_Q1_labor_19h,841.558,0,382.455,1224.01,0
Nordeste,2026_Q1_labor_20h,841.56,0,399.141,1240.7,0
Nordeste,2026_Q1_labor_21h,841.556,0,370.399,1211.96,0
Nordeste,2026_Q1_labor_22h,841.491,0,320.187,1161.68,0
Nordeste,2026_Q1_labor_23h,801.196,0,293.121,1094.32,0
Nordeste,2026_Q1_holidays_0h,1070.14,0,-17.724,1052.41,0
Nordeste,2026_Q1_holidays_1h,951.085,0,44.443,995.528,0
Nordeste,2026_Q1_holidays_2h,875.601,0,87.0095,962.61,0
Nordeste,2026_Q1_holidays_3h,829.766,0,108.577,938.343,0
Nordeste,2026_Q1_holidays_4h,807.024,0,118.827,925.851,0
Nordeste,2026_Q1_holidays_5h,836.266,0,105.994,942.261,0
Nordeste,2026_Q1_holidays_6h,902.175,0,84.987,987.162,0
Nordeste,2026_Q1_holidays_7h,876.722,0,137.323,1014.04,0
Nordeste,2026_Q1_holidays_8h,922.087,0,155.81,1077.9,0
Nordeste,2026_Q1_holidays_9h,980.398,0,158.495,1138.89,0
Nordeste,2026_Q1_holidays_10h,1015.78,0,160.528,1176.31,0
Nordeste,2026_Q1_holidays_11h,1050.83,0,166.594,1217.43,0
Nordeste,2026_Q1_holidays_12h,1076.46,0,174.717,1251.18,0
Nordeste,2026_Q1_holidays_13h,1068.4,0,174.373,1242.78,0
Nordeste,2026_Q1_holidays_14h,1152.32,0,97.3856,1249.7,0
Nordeste,2026_Q1_holidays_15h,1253.32,0,13.6539,1266.97,0
Nordeste,2026_Q1_holidays_16h,1236.34,0,27.4303,1263.77,0
Nordeste,2026_Q1_holidays_17h,1210.66,0,30.5815,1241.24,0
Nordeste,2026_Q1_holidays_18h,1194.25,0,17.7972,1212.04,0
Nordeste,2026_Q1_holidays_19h,1220.66,0,46.8848,1267.54,0
Nordeste,2026_Q1_holidays_20h,1226.38,0,54.0463,1280.43,0
Nordeste,2026_Q1_holidays_21h,1211.43,0,36.3381,1247.76,0
Nordeste,2026_Q1_holidays_22h,1184.83,0,9.11054,1193.94,0
Nordeste,2026_Q1_holidays_23h,1144.26,0,-21.7454,1122.51,0
Nordeste,2026_Q2_labor_0h,742.219,0,289.761,1031.98,0
Nordeste,2026_Q2_labor_1h,582.245,0,398.687,980.932,0
Nordeste,2026_Q2_labor_2h,473.842,0,473.263,947.105,0
Nordeste,2026_Q2_labor_3h,392.194,0,530.263,922.457,0
Nordeste,2026_Q2_labor_4h,350.91,0,559.204,910.114,0
Nordeste,2026_Q2_labor_5h,398.405,0,525.603,924.008,0
Nordeste,2026_Q2_labor_6h,455.688,0,502.672,958.36,0
Nordeste,2026_Q2_labor_7h,323.116,0,648.485,971.601,0
Nordeste,2026_Q2_labor_8h,335.3,0,692.195,1027.49,0
Nordeste,2026_Q2_labor_9h,386.042,0,700.621,1086.66,0
Nordeste,2026_Q2_labor_10h,422.042,0,704.905,1126.95,0
Nordeste,2026_Q2_labor_11h,457.565,0,709.874,1167.44,0
Nordeste,2026_Q2_labor_12h,485.094,0,713.375,1198.47,0
Nordeste,2026_Q2_labor_13h,545.304,0,647.97,1193.27,0
Nordeste,2026_Q2_labor_14h,714.62,0,482.68,1197.3,0
Nordeste,2026_Q2_labor_15h,888.365,0,316.837,1205.2,0
Nordeste,2026_Q2_labor_16h,895.643,0,306.771,1202.41,0
Nordeste,2026_Q2_labor_17h,876.767,0,307.697,1184.46,0
Nordeste,2026_Q2_labor_18h,856.856,0,302.716,1159.57,0
Nordeste,2026_Q2_labor_19h,882.2,0,341.166,1223.37,0
Nordeste,2026_Q2_labor_20h,882.2,0,368.546,1250.75,0
Nordeste,2026_Q2_labor_21h,882.2,0,341.831,1224.03,0
Nordeste,2026_Q2_labor_22h,864.134,0,306.094,1170.23,0
Nordeste,2026_Q2_labor_23h,823.039,0,275.199,1098.24,0
Nordeste,2026_Q2_holidays_0h,1335.91,0,-278.666,1057.24,0
Nordeste,2026_Q2_holidays_1h,1200.59,0,-210.141,990.454,0
Nordeste,2026_Q2_holidays_2h,1094.41,0,-136.673,957.74,0
Nordeste,2026_Q2_holidays_3h,1030.97,0,-95.4245,935.541,0
Nordeste,2026_Q2_holidays_4h,1007.22,0,-82.0441,925.175,0
Nordeste,2026_Q2_holidays_5h,1065.83,0,-118.426,947.405,0
Nordeste,2026_Q2_holidays_6h,1215.03,0,-209.664,1005.37,0
Nordeste,2026_Q2_holidays_7h,1156.53,0,-130.442,1026.09,0
Nordeste,2026_Q2_holidays_8h,1179.78,0,-97.2307,1082.55,0
Nordeste,2026_Q2_holidays_9h,1216.35,0,-73.5501,1142.8,0
Nordeste,2026_Q2_holidays_10h,1222.62,0,-45.1791,1177.44,0
Nordeste,2026_Q2_holidays_11h,1294.38,0,-73.4325,1220.95,0
Nordeste,2026_Q2_holidays_12h,1385.59,0,-132.257,1253.33,0
Nordeste,2026_Q2_holidays_13h,1402.47,0,-162.345,1240.13,0
Nordeste,2026_Q2_holidays_14h,1454.43,0,-201.744,1252.68,0
Nordeste,2026_Q2_holidays_15h,1451.31,0,-175.219,1276.09,0
Nordeste,2026_Q2_holidays_16h,1428.31,0,-149.752,1278.56,0
Nordeste,2026_Q2_holidays_17h,1406.02,0,-148.275,1257.75,0
Nordeste,2026_Q2_holidays_18h,1394.21,0,-175.022,1219.19,0
Nordeste,2026_Q2_holidays_19h,1403.91,0,-129.534,1274.37,0
Nordeste,2026_Q2_holidays_20h,1408.03,0,-107.621,1300.41,0
Nordeste,2026_Q2_holidays_21h,1403.32,0,-132.537,1270.78,0
Nordeste,2026_Q2_holidays_22h,1392.94,0,-180.111,1212.83,0
Nordeste,2026_Q2_holidays_23h,1371.54,0,-241.919,1129.62,0
Nordeste,2026_Q3_labor_0h,651.572,0,417.17,1068.74,0
Nordeste,2026_Q3_labor_1h,522.66,0,493.2,1015.86,0
Nordeste,2026_Q3_labor_2h,434.089,0,546.043,980.133,0
Nordeste,2026_Q3_labor_3h,366.285,0,587.698,953.983,0
Nordeste,2026_Q3_labor_4h,330.832,0,609.278,940.11,0
Nordeste,2026_Q3_labor_5h,344.004,0,606.166,950.169,0
Nordeste,2026_Q3_labor_6h,361.923,0,613.643,975.566,0
Nordeste,2026_Q3_labor_7h,315.729,0,674.928,990.657,0
Nordeste,2026_Q3_labor_8h,357.373,0,693.574,1050.95,0
Nordeste,2026_Q3_labor_9h,406.981,0,704.917,1111.9,0
Nordeste,2026_Q3_labor_10h,432.659,0,720.447,1153.11,0
Nordeste,2026_Q3_labor_11h,492.71,0,702.572,1195.28,0
Nordeste,2026_Q3_labor_12h,578.001,0,648.796,1226.8,0
Nordeste,2026_Q3_labor_13h,627.77,0,595.937,1223.71,0
Nordeste,2026_Q3_labor_14h,736.089,0,492.437,1228.53,0
Nordeste,2026_Q3_labor_15h,864.01,0,372.735,1236.75,0
Nordeste,2026_Q3_labor_16h,912.12,0,319.252,1231.37,0
Nordeste,2026_Q3_labor_17h,889.516,0,324.74,1214.26,0
Nordeste,2026_Q3_labor_18h,876.102,0,310.345,1186.45,0
Nordeste,2026_Q3_labor_19h,882.2,0,358.235,1240.43,0
Nordeste,2026_Q3_labor_20h,882.2,0,396.421,1278.62,0
Nordeste,2026_Q3_labor_21h,882.2,0,373.872,1256.07,0
Nordeste,2026_Q3_labor_22h,882.2,0,324.086,1206.29,0
Nordeste,2026_Q3_labor_23h,809.639,0,326.641,1136.28,0
Nordeste,2026_Q3_holidays_0h,1222.91,0,-122.319,1100.59,0
Nordeste,2026_Q3_holidays_1h,1101.94,0,-71.0434,1030.9,0
Nordeste,2026_Q3_holidays_2h,1052.85,0,-57.5306,995.315,0
Nordeste,2026_Q3_holidays_3h,1023.21,0,-52.4752,970.732,0
Nordeste,2026_Q3_holidays_4h,1018.14,0,-58.4305,959.714,0
Nordeste,2026_Q3_holidays_5h,1041.91,0,-63.3998,978.506,0
Nordeste,2026_Q3_holidays_6h,1086.28,0,-62.7602,1023.52,0
Nordeste,2026_Q3_holidays_7h,1092.01,0,-43.1729,1048.84,0
Nordeste,2026_Q3_holidays_8h,1139.91,0,-28.2176,1111.69,0
Nordeste,2026_Q3_holidays_9h,1189.72,0,-14.3336,1175.39,0
Nordeste,2026_Q3_holidays_10h,1218.02,0,-3.78718,1214.23,0
Nordeste,2026_Q3_holidays_11h,1283.68,0,-24.8475,1258.84,0
Nordeste,2026_Q3_holidays_12h,1369.39,0,-74.7242,1294.67,0
Nordeste,2026_Q3_holidays_13h,1384.82,0,-98.3154,1286.51,0
Nordeste,2026_Q3_holidays_14h,1448.79,0,-149.942,1298.84,0
Nordeste,2026_Q3_holidays_15h,1480,0,-158.167,1321.83,0
Nordeste,2026_Q3_holidays_16h,1461.63,0,-137.563,1324.07,0
Nordeste,2026_Q3_holidays_17h,1439.15,0,-135.642,1303.5,0
Nordeste,2026_Q3_holidays_18h,1418.69,0,-159.932,1258.76,0
Nordeste,2026_Q3_holidays_19h,1433.54,0,-131.805,1301.74,0
Nordeste,2026_Q3_holidays_20h,1443.62,0,-100.407,1343.21,0
Nordeste,2026_Q3_holidays_21h,1438.1,0,-118.863,1319.23,0
Nordeste,2026_Q3_holidays_22h,1419.44,0,-158.997,1260.44,0
Nordeste,2026_Q3_holidays_23h,1357.78,0,-179.263,1178.52,0
Nordeste,2026_Q4_labor_0h,1084.22,0,33.1843,1117.4,0
Nordeste,2026_Q4_labor_1h,1038.83,0,21.5102,1060.34,0
Nordeste,2026_Q4_labor_2h,1004.64,0,18.7401,1023.38,0
Nordeste,2026_Q4_labor_3h,969.15,0,27.9101,997.061,0
Nordeste,2026_Q4_labor_4h,934.95,0,47.566,982.516,0
Nordeste,2026_Q4_labor_5h,969.466,0,24.2469,993.713,0
Nordeste,2026_Q4_labor_6h,1004.22,0,16.0056,1020.23,0
Nordeste,2026_Q4_labor_7h,996.676,0,40.6228,1037.3,0
Nordeste,2026_Q4_labor_8h,1052.32,0,46.1402,1098.46,0
Nordeste,2026_Q4_labor_9h,1114.25,0,46.9453,1161.2,0
Nordeste,2026_Q4_labor_10h,1149.63,0,54.7701,1204.4,0
Nordeste,2026_Q4_labor_11h,1210.33,0,37.7608,1248.09,0
Nordeste,2026_Q4_labor_12h,1240.58,0,39.5622,1280.14,0
Nordeste,2026_Q4_labor_13h,1232.11,0,46.4758,1278.59,0
Nordeste,2026_Q4_labor_14h,1224.25,0,60.4603,1284.71,0
Nordeste,2026_Q4_labor_15h,1214.85,0,78.2106,1293.06,0
Nordeste,2026_Q4_labor_16h,1198.33,0,90.7062,1289.04,0
Nordeste,2026_Q4_labor_17h,1179.14,0,94.0983,1273.24,0
Nordeste,2026_Q4_labor_18h,1173.46,0,92.5819,1266.04,0
Nordeste,2026_Q4_labor_19h,1207.05,0,127.516,1334.57,0
Nordeste,2026_Q4_labor_20h,1207.19,0,127.678,1334.87,0
Nordeste,2026_Q4_labor_21h,1194.25,0,113.66,1307.91,0
Nordeste,2026_Q4_labor_22h,1168.61,0,88.0733,1256.68,0
Nordeste,2026_Q4_labor_23h,1129.33,0,56.5833,1185.91,0
Nordeste,2026_Q4_holidays_0h,1718.84,0,-574.946,1143.9,0
Nordeste,2026_Q4_holidays_1h,1504.49,0,-426.564,1077.92,0
Nordeste,2026_Q4_holidays_2h,1401.04,0,-357.099,1043.94,0
Nordeste,2026_Q4_holidays_3h,1320.77,0,-301.367,1019.41,0
Nordeste,2026_Q4_holidays_4h,1276.8,0,-271.341,1005.46,0
Nordeste,2026_Q4_holidays_5h,1348.38,0,-324.39,1023.99,0
Nordeste,2026_Q4_holidays_6h,1476.98,0,-407.034,1069.95,0
Nordeste,2026_Q4_holidays_7h,1432.91,0,-339.687,1093.23,0
Nordeste,2026_Q4_holidays_8h,1494.27,0,-334.365,1159.91,0
Nordeste,2026_Q4_holidays_9h,1546.49,0,-326.988,1219.51,0
Nordeste,2026_Q4_holidays_10h,1550.9,0,-293.994,1256.91,0
Nordeste,2026_Q4_holidays_11h,1652.09,0,-352.053,1300.04,0
Nordeste,2026_Q4_holidays_12h,1803.61,0,-468.613,1335,0
Nordeste,2026_Q4_holidays_13h,1868.02,0,-540.896,1327.12,0
Nordeste,2026_Q4_holidays_14h,1920,0,-583.715,1336.28,0
Nordeste,2026_Q4_holidays_15h,1932.74,0,-571.643,1361.1,0
Nordeste,2026_Q4_holidays_16h,1908.85,0,-548.207,1360.64,0
Nordeste,2026_Q4_holidays_17h,1886.89,0,-545.042,1341.84,0
Nordeste,2026_Q4_holidays_18h,1882.2,0,-562.318,1319.88,0
Nordeste,2026_Q4_holidays_19h,1882.2,0,-496.005,1386.2,0
Nordeste,2026_Q4_holidays_20h,1882.2,0,-493.91,1388.29,0
Nordeste,2026_Q4_holidays_21h,1882.2,0,-520.667,1361.53,0
Nordeste,2026_Q4_holidays_22h,1874.55,0,-571.93,1302.62,0
Nordeste,2026_Q4_holidays_23h,1812.14,0,-591.089,1221.05,0
Nordeste,2027_Q1_labor_0h,581.352,0,480.04,1061.39,0
Nordeste,2027_Q1_labor_1h,408.287,0,600.883,1009.17,0
Nordeste,2027_Q1_labor_2h,299.872,0,675.029,974.902,0
Nordeste,2027_Q1_labor_3h,229.782,0,719.973,949.755,0
Nordeste,2027_Q1_labor_4h,220.312,0,716.434,936.746,0
Nordeste,2027_Q1_labor_5h,227.184,0,719.05,946.234,0
Nordeste,2027_Q1_labor_6h,254.141,0,722.215,976.356,0
Nordeste,2027_Q1_labor_7h,273.579,0,716.36,989.939,0
Nordeste,2027_Q1_labor_8h,326.34,0,719.658,1046,0
Nordeste,2027_Q1_labor_9h,385.888,0,724.689,1110.58,0
Nordeste,2027_Q1_labor_10h,426.937,0,726.816,1153.75,0
Nordeste,2027_Q1_labor_11h,464.617,0,729.955,1194.57,0
Nordeste,2027_Q1_labor_12h,494.357,0,733.084,1227.44,0
Nordeste,2027_Q1_labor_13h,490.804,0,734.502,1225.31,0
Nordeste,2027_Q1_labor_14h,490.476,0,736.002,1226.48,0
Nordeste,2027_Q1_labor_15h,656.787,0,576.686,1233.47,0
Nordeste,2027_Q1_labor_16h,843.895,0,385.042,1228.94,0
Nordeste,2027_Q1_labor_17h,847.307,0,362.662,1209.97,0
Nordeste,2027_Q1_labor_18h,842.062,0,349.887,1191.95,0
Nordeste,2027_Q1_labor_19h,842.064,0,418.807,1260.87,0
Nordeste,2027_Q1_labor_20h,842.064,0,435.213,1277.28,0
Nordeste,2027_Q1_labor_21h,842.064,0,405.493,1247.56,0
Nordeste,2027_Q1_labor_22h,842.062,0,353.442,1195.5,0
Nordeste,2027_Q1_labor_23h,773.198,0,353.901,1127.1,0
Nordeste,2027_Q1_holidays_0h,1077.57,0,4.5845,1082.15,0
Nordeste,2027_Q1_holidays_1h,928.568,0,83.3664,1011.93,0
Nordeste,2027_Q1_holidays_2h,853.327,0,123.814,977.141,0
Nordeste,2027_Q1_holidays_3h,822.033,0,131.735,953.768,0
Nordeste,2027_Q1_holidays_4h,811.439,0,129.123,940.562,0
Nordeste,2027_Q1_holidays_5h,827.037,0,132.598,959.635,0
Nordeste,2027_Q1_holidays_6h,889.652,0,117.005,1006.66,0
Nordeste,2027_Q1_holidays_7h,908.491,0,127.85,1036.34,0
Nordeste,2027_Q1_holidays_8h,970.966,0,125.32,1096.29,0
Nordeste,2027_Q1_holidays_9h,1037.22,0,124.448,1161.66,0
Nordeste,2027_Q1_holidays_10h,1075.26,0,124.746,1200,0
Nordeste,2027_Q1_holidays_11h,1112.57,0,128.195,1240.77,0
Nordeste,2027_Q1_holidays_12h,1138.65,0,133.863,1272.52,0
Nordeste,2027_Q1_holidays_13h,1129.17,0,137.143,1266.31,0
Nordeste,2027_Q1_holidays_14h,1146.94,0,127.006,1273.95,0
Nordeste,2027_Q1_holidays_15h,1261.79,0,34.3718,1296.16,0
Nordeste,2027_Q1_holidays_16h,1285.29,0,11.7545,1297.04,0
Nordeste,2027_Q1_holidays_17h,1257.97,0,16.484,1274.45,0
Nordeste,2027_Q1_holidays_18h,1242.37,0,-0.0316374,1242.34,0
Nordeste,2027_Q1_holidays_19h,1265.31,0,35.9956,1301.31,0
Nordeste,2027_Q1_holidays_20h,1271.96,0,47.5565,1319.52,0
Nordeste,2027_Q1_holidays_21h,1259.77,0,27.0855,1286.86,0
Nordeste,2027_Q1_holidays_22h,1238.44,0,-5.18142,1233.26,0
Nordeste,2027_Q1_holidays_23h,1200.25,0,-46.03,1154.22,0
Nordeste,2027_Q2_labor_0h,714.278,0,350.893,1065.17,0
Nordeste,2027_Q2_labor_1h,564.806,0,447.339,1012.15,0
Nordeste,2027_Q2_labor_2h,466.464,0,510.757,977.221,0
Nordeste,2027_Q2_labor_3h,397.316,0,554.709,952.025,0
Nordeste,2027_Q2_labor_4h,364.54,0,574.548,939.088,0
Nordeste,2027_Q2_labor_5h,401.091,0,551.881,952.972,0
Nordeste,2027_Q2_labor_6h,458.727,0,529.864,988.591,0
Nordeste,2027_Q2_labor_7h,409.363,0,592.88,1002.24,0
Nordeste,2027_Q2_labor_8h,463.038,0,596.377,1059.42,0
Nordeste,2027_Q2_labor_9h,518.663,0,601.62,1120.28,0
Nordeste,2027_Q2_labor_10h,555.933,0,605.066,1161,0
Nordeste,2027_Q2_labor_11h,592.245,0,610.871,1203.12,0
Nordeste,2027_Q2_labor_12h,618.807,0,616.355,1235.16,0
Nordeste,2027_Q2_labor_13h,611.257,0,618.06,1229.32,0
Nordeste,2027_Q2_labor_14h,708.19,0,525.334,1233.52,0
Nordeste,2027_Q2_labor_15h,868.023,0,374.185,1242.21,0
Nordeste,2027_Q2_labor_16h,970.369,0,269.647,1240.02,0
Nordeste,2027_Q2_labor_17h,950.746,0,270.92,1221.67,0
Nordeste,2027_Q2_labor_18h,928.638,0,267.138,1195.78,0
Nordeste,2027_Q2_labor_19h,979.83,0,281.786,1261.62,0
Nordeste,2027_Q2_labor_20h,999.408,0,290.277,1289.68,0
Nordeste,2027_Q2_labor_21h,980.178,0,281.918,1262.1,0
Nordeste,2027_Q2_labor_22h,937.61,0,269.275,1206.89,0
Nordeste,2027_Q2_labor_23h,874.976,0,257.976,1132.95,0
Nordeste,2027_Q2_holidays_0h,1342.68,0,-265.283,1077.4,0
Nordeste,2027_Q2_holidays_1h,1177.06,0,-166.984,1010.07,0
Nordeste,2027_Q2_holidays_2h,1072.96,0,-95.9893,976.975,0
Nordeste,2027_Q2_holidays_3h,1014.44,0,-61.3041,953.139,0
Nordeste,2027_Q2_holidays_4h,997.924,0,-53.9535,943.971,0
Nordeste,2027_Q2_holidays_5h,1057.19,0,-87.0603,970.132,0
Nordeste,2027_Q2_holidays_6h,1209.66,0,-179.4,1030.26,0
Nordeste,2027_Q2_holidays_7h,1148.02,0,-95.915,1052.11,0
Nordeste,2027_Q2_holidays_8h,1184.93,0,-72.2044,1112.73,0
Nordeste,2027_Q2_holidays_9h,1253.26,0,-77.9169,1175.34,0
Nordeste,2027_Q2_holidays_10h,1293.11,0,-77.8243,1215.28,0
Nordeste,2027_Q2_holidays_11h,1337.36,0,-79.5174,1257.84,0
Nordeste,2027_Q2_holidays_12h,1377.87,0,-87.0755,1290.79,0
Nordeste,2027_Q2_holidays_13h,1408.18,0,-128.629,1279.55,0
Nordeste,2027_Q2_holidays_14h,1480.35,0,-187.553,1292.79,0
Nordeste,2027_Q2_holidays_15h,1486.64,0,-171.819,1314.82,0
Nordeste,2027_Q2_holidays_16h,1459.81,0,-146.153,1313.66,0
Nordeste,2027_Q2_holidays_17h,1435.75,0,-144.595,1291.15,0
Nordeste,2027_Q2_holidays_18h,1425.05,0,-173.174,1251.88,0
Nordeste,2027_Q2_holidays_19h,1432.17,0,-124.94,1307.23,0
Nordeste,2027_Q2_holidays_20h,1435.47,0,-100.729,1334.74,0
Nordeste,2027_Q2_holidays_21h,1431.83,0,-127.394,1304.43,0
Nordeste,2027_Q2_holidays_22h,1423.8,0,-180.627,1243.17,0
Nordeste,2027_Q2_holidays_23h,1407.63,0,-252.364,1155.26,0
Nordeste,2027_Q3_labor_0h,692.117,0,410.555,1102.67,0
Nordeste,2027_Q3_labor_1h,564.926,0,485.999,1050.93,0
Nordeste,2027_Q3_labor_2h,501.151,0,512.801,1013.95,0
Nordeste,2027_Q3_labor_3h,471.069,0,515.874,986.943,0
Nordeste,2027_Q3_labor_4h,456.496,0,515.886,972.382,0
Nordeste,2027_Q3_labor_5h,465.276,0,516.825,982.101,0
Nordeste,2027_Q3_labor_6h,492,0,515.878,1007.88,0
Nordeste,2027_Q3_labor_7h,498.624,0,524.641,1023.26,0
Nordeste,2027_Q3_labor_8h,558.7,0,526.151,1084.85,0
Nordeste,2027_Q3_labor_9h,623.427,0,524.21,1147.64,0
Nordeste,2027_Q3_labor_10h,667.478,0,522.076,1189.55,0
Nordeste,2027_Q3_labor_11h,714.891,0,517.71,1232.6,0
Nordeste,2027_Q3_labor_12h,762.088,0,502.923,1265.01,0
Nordeste,2027_Q3_labor_13h,762.216,0,499.61,1261.83,0
Nordeste,2027_Q3_labor_14h,806.464,0,460.056,1266.52,0
Nordeste,2027_Q3_labor_15h,920.594,0,354.605,1275.2,0
Nordeste,2027_Q3_labor_16h,983.328,0,286.743,1270.07,0
Nordeste,2027_Q3_labor_17h,985.481,0,266.871,1252.35,0
Nordeste,2027_Q3_labor_18h,939.295,0,284.289,1223.58,0
Nordeste,2027_Q3_labor_19h,995.699,0,283.416,1279.11,0
Nordeste,2027_Q3_labor_20h,1018.43,0,299.99,1318.42,0
Nordeste,2027_Q3_labor_21h,1004.5,0,290.677,1295.18,0
Nordeste,2027_Q3_labor_22h,970.768,0,273.277,1244.05,0
Nordeste,2027_Q3_labor_23h,852.089,0,320.152,1172.24,0
Nordeste,2027_Q3_holidays_0h,1205.11,0,-82.852,1122.26,0
Nordeste,2027_Q3_holidays_1h,1052.14,0,-18.204,1033.93,0
Nordeste,2027_Q3_holidays_2h,1022.87,0,-24.5289,998.345,0
Nordeste,2027_Q3_holidays_3h,1005.19,0,-31.708,973.482,0
Nordeste,2027_Q3_holidays_4h,1001.71,0,-37.9411,963.772,0
Nordeste,2027_Q3_holidays_5h,1019.19,0,-32.1541,987.034,0
Nordeste,2027_Q3_holidays_6h,1059.29,0,-23.5711,1035.72,0
Nordeste,2027_Q3_holidays_7h,1082.46,0,-19.7109,1062.75,0
Nordeste,2027_Q3_holidays_8h,1138.03,0,-7.41685,1130.61,0
Nordeste,2027_Q3_holidays_9h,1193.55,0,2.62404,1196.17,0
Nordeste,2027_Q3_holidays_10h,1232.42,0,6.96343,1239.38,0
Nordeste,2027_Q3_holidays_11h,1299.24,0,-11.5157,1287.72,0
Nordeste,2027_Q3_holidays_12h,1367.84,0,-42.8945,1324.94,0
Nordeste,2027_Q3_holidays_13h,1369.26,0,-52.711,1316.55,0
Nordeste,2027_Q3_holidays_14h,1452.35,0,-121.453,1330.9,0
Nordeste,2027_Q3_holidays_15h,1507.12,0,-153.844,1353.27,0
Nordeste,2027_Q3_holidays_16h,1490.1,0,-136.986,1353.11,0
Nordeste,2027_Q3_holidays_17h,1466.03,0,-133.566,1332.47,0
Nordeste,2027_Q3_holidays_18h,1450.61,0,-163.467,1287.14,0
Nordeste,2027_Q3_holidays_19h,1459.46,0,-127.575,1331.88,0
Nordeste,2027_Q3_holidays_20h,1465.83,0,-91.0811,1374.75,0
Nordeste,2027_Q3_holidays_21h,1462.3,0,-112.158,1350.14,0
Nordeste,2027_Q3_holidays_22h,1451,0,-162.286,1288.72,0
Nordeste,2027_Q3_holidays_23h,1382.57,0,-180.069,1202.5,0
Nordeste,2027_Q4_labor_0h,1215.05,0,-63.6256,1151.43,0
Nordeste,2027_Q4_labor_1h,1175.61,0,-79.9048,1095.7,0
Nordeste,2027_Q4_labor_2h,1120.26,0,-62.1399,1058.12,0
Nordeste,2027_Q4_labor_3h,1061.05,0,-30.4625,1030.59,0
Nordeste,2027_Q4_labor_4h,1025.48,0,-10.7179,1014.76,0
Nordeste,2027_Q4_labor_5h,1058.15,0,-32.7318,1025.42,0
Nordeste,2027_Q4_labor_6h,1106.79,0,-53.9009,1052.89,0
Nordeste,2027_Q4_labor_7h,1093.52,0,-23.4542,1070.06,0
Nordeste,2027_Q4_labor_8h,1154.3,0,-20.9973,1133.31,0
Nordeste,2027_Q4_labor_9h,1217.74,0,-21.1306,1196.61,0
Nordeste,2027_Q4_labor_10h,1256.01,0,-15.1586,1240.85,0
Nordeste,2027_Q4_labor_11h,1317.92,0,-32.6203,1285.3,0
Nordeste,2027_Q4_labor_12h,1374.23,0,-55.1714,1319.06,0
Nordeste,2027_Q4_labor_13h,1363.44,0,-46.3578,1317.08,0
Nordeste,2027_Q4_labor_14h,1350.9,0,-28.8405,1322.06,0
Nordeste,2027_Q4_labor_15h,1336.64,0,-5.35834,1331.28,0
Nordeste,2027_Q4_labor_16h,1315.97,0,10.9702,1326.94,0
Nordeste,2027_Q4_labor_17h,1294.87,0,15.7246,1310.59,0
Nordeste,2027_Q4_labor_18h,1289.32,0,14.0418,1303.36,0
Nordeste,2027_Q4_labor_19h,1316.38,0,58.0556,1374.44,0
Nordeste,2027_Q4_labor_20h,1316.57,0,58.3782,1374.95,0
Nordeste,2027_Q4_labor_21h,1306.36,0,41.2873,1347.65,0
Nordeste,2027_Q4_labor_22h,1285.71,0,8.76243,1294.48,0
Nordeste,2027_Q4_labor_23h,1253.95,0,-31.8236,1222.13,0
Nordeste,2027_Q4_holidays_0h,1709.43,0,-534.225,1175.21,0
Nordeste,2027_Q4_holidays_1h,1444.72,0,-355.793,1088.93,0
Nordeste,2027_Q4_holidays_2h,1348.83,0,-297.801,1051.03,0
Nordeste,2027_Q4_holidays_3h,1299.63,0,-271.346,1028.28,0
Nordeste,2027_Q4_holidays_4h,1285.27,0,-266.266,1019,0
Nordeste,2027_Q4_holidays_5h,1343.66,0,-300.334,1043.33,0
Nordeste,2027_Q4_holidays_6h,1457.47,0,-367.776,1089.7,0
Nordeste,2027_Q4_holidays_7h,1434.88,0,-318.709,1116.17,0
Nordeste,2027_Q4_holidays_8h,1492.82,0,-309.444,1183.38,0
Nordeste,2027_Q4_holidays_9h,1571.64,0,-318.978,1252.66,0
Nordeste,2027_Q4_holidays_10h,1585.03,0,-292.349,1292.68,0
Nordeste,2027_Q4_holidays_11h,1694.61,0,-354.143,1340.46,0
Nordeste,2027_Q4_holidays_12h,1824.74,0,-452.78,1371.96,0
Nordeste,2027_Q4_holidays_13h,1888.1,0,-521.984,1366.11,0
Nordeste,2027_Q4_holidays_14h,1957.03,0,-573.482,1383.55,0
Nordeste,2027_Q4_holidays_15h,1941.47,0,-536.108,1405.36,0
Nordeste,2027_Q4_holidays_16h,1910.83,0,-504.803,1406.03,0
Nordeste,2027_Q4_holidays_17h,1887.16,0,-500.009,1387.15,0
Nordeste,2027_Q4_holidays_18h,1882.11,0,-518.711,1363.4,0
Nordeste,2027_Q4_holidays_19h,1882.11,0,-453.341,1428.77,0
Nordeste,2027_Q4_holidays_20h,1882.11,0,-452.359,1429.75,0
Nordeste,2027_Q4_holidays_21h,1882.11,0,-482.75,1399.36,0
Nordeste,2027_Q4_holidays_22h,1882.11,0,-540.979,1341.13,0
Nordeste,2027_Q4_holidays_23h,1839.9,0,-586.077,1253.83,0
Nordeste,2028_Q1_labor_0h,406.967,0,688.79,1095.76,0
Nordeste,2028_Q1_labor_1h,363.108,0,683.916,1047.02,0
Nordeste,2028_Q1_labor_2h,332.396,0,679.066,1011.46,0
Nordeste,2028_Q1_labor_3h,310.586,0,674.405,984.991,0
Nordeste,2028_Q1_labor_4h,298.961,0,671.342,970.302,0
Nordeste,2028_Q1_labor_5h,306.803,0,673.462,980.265,0
Nordeste,2028_Q1_labor_6h,336.411,0,675.322,1011.73,0
Nordeste,2028_Q1_labor_7h,357.947,0,668.332,1026.28,0
Nordeste,2028_Q1_labor_8h,414.117,0,669.314,1083.43,0
Nordeste,2028_Q1_labor_9h,476.245,0,673.318,1149.56,0
Nordeste,2028_Q1_labor_10h,517.481,0,675.284,1192.77,0
Nordeste,2028_Q1_labor_11h,555.393,0,679.084,1234.48,0
Nordeste,2028_Q1_labor_12h,584.642,0,683.321,1267.96,0
Nordeste,2028_Q1_labor_13h,579.632,0,685.583,1265.22,0
Nordeste,2028_Q1_labor_14h,576.964,0,689.56,1266.52,0
Nordeste,2028_Q1_labor_15h,580.504,0,694.229,1274.73,0
Nordeste,2028_Q1_labor_16h,671.727,0,598.918,1270.64,0
Nordeste,2028_Q1_labor_17h,737.973,0,512.802,1250.78,0
Nordeste,2028_Q1_labor_18h,695.939,0,535.437,1231.38,0
Nordeste,2028_Q1_labor_19h,842.4,0,458.852,1301.25,0
Nordeste,2028_Q1_labor_20h,842.4,0,475.585,1317.99,0
Nordeste,2028_Q1_labor_21h,842.4,0,444.467,1286.87,0
Nordeste,2028_Q1_labor_22h,764.932,0,468.565,1233.5,0
Nordeste,2028_Q1_labor_23h,589.06,0,573.991,1163.05,0
Nordeste,2028_Q1_holidays_0h,733.398,0,366.282,1099.68,0
Nordeste,2028_Q1_holidays_1h,606.537,0,390.868,997.405,0
Nordeste,2028_Q1_holidays_2h,567.277,0,395.857,963.134,0
Nordeste,2028_Q1_holidays_3h,544.708,0,397.735,942.443,0
Nordeste,2028_Q1_holidays_4h,538.401,0,398.071,936.472,0
Nordeste,2028_Q1_holidays_5h,558.439,0,396.558,954.996,0
Nordeste,2028_Q1_holidays_6h,613.36,0,387.449,1000.81,0
Nordeste,2028_Q1_holidays_7h,647.231,0,380.858,1028.09,0
Nordeste,2028_Q1_holidays_8h,721.563,0,371.756,1093.32,0
Nordeste,2028_Q1_holidays_9h,797.319,0,365.621,1162.94,0
Nordeste,2028_Q1_holidays_10h,845.041,0,364.904,1209.94,0
Nordeste,2028_Q1_holidays_11h,887.006,0,366.883,1253.89,0
Nordeste,2028_Q1_holidays_12h,916.679,0,372.104,1288.78,0
Nordeste,2028_Q1_holidays_13h,909.654,0,375.982,1285.64,0
Nordeste,2028_Q1_holidays_14h,910.221,0,382.686,1292.91,0
Nordeste,2028_Q1_holidays_15h,927.86,0,381.973,1309.83,0
Nordeste,2028_Q1_holidays_16h,979.448,0,327.841,1307.29,0
Nordeste,2028_Q1_holidays_17h,989.698,0,296.285,1285.98,0
Nordeste,2028_Q1_holidays_18h,957.085,0,300.795,1257.88,0
Nordeste,2028_Q1_holidays_19h,1053.12,0,272.089,1325.21,0
Nordeste,2028_Q1_holidays_20h,1078.58,0,266.373,1344.95,0
Nordeste,2028_Q1_holidays_21h,1055.39,0,258.909,1314.29,0
Nordeste,2028_Q1_holidays_22h,992.029,0,265.628,1257.66,0
Nordeste,2028_Q1_holidays_23h,879.939,0,296.247,1176.19,0
Nordeste,2028_Q2_labor_0h,802.018,0,306.832,1108.85,0
Nordeste,2028_Q2_labor_1h,691.954,0,351.85,1043.8,0
Nordeste,2028_Q2_labor_2h,655.541,0,353.336,1008.88,0
Nordeste,2028_Q2_labor_3h,628.957,0,355.036,983.993,0
Nordeste,2028_Q2_labor_4h,616.905,0,355.834,972.739,0
Nordeste,2028_Q2_labor_5h,639.292,0,353.932,993.224,0
Nordeste,2028_Q2_labor_6h,694.83,0,347.547,1042.38,0
Nordeste,2028_Q2_labor_7h,720.565,0,342.788,1063.35,0
Nordeste,2028_Q2_labor_8h,788.413,0,337.751,1126.16,0
Nordeste,2028_Q2_labor_9h,854.736,0,336.49,1191.23,0
Nordeste,2028_Q2_labor_10h,894.985,0,337.335,1232.32,0
Nordeste,2028_Q2_labor_11h,932.837,0,343.839,1276.68,0
Nordeste,2028_Q2_labor_12h,955.875,0,354.265,1310.14,0
Nordeste,2028_Q2_labor_13h,941.494,0,358.472,1299.97,0
Nordeste,2028_Q2_labor_14h,936.411,0,370.247,1306.66,0
Nordeste,2028_Q2_labor_15h,1000.9,0,320.844,1321.75,0
Nordeste,2028_Q2_labor_16h,1061.56,0,259.601,1321.16,0
Nordeste,2028_Q2_labor_17h,1072.35,0,227.609,1299.96,0
Nordeste,2028_Q2_labor_18h,1025.28,0,241.012,1266.29,0
Nordeste,2028_Q2_labor_19h,1104.07,0,224.769,1328.84,0
Nordeste,2028_Q2_labor_20h,1117.5,0,238.358,1355.86,0
Nordeste,2028_Q2_labor_21h,1102.06,0,222.72,1324.78,0
Nordeste,2028_Q2_labor_22h,1048.5,0,215.388,1263.89,0
Nordeste,2028_Q2_labor_23h,928.452,0,253.479,1181.93,0
Nordeste,2028_Q2_holidays_0h,647.464,0,391.013,1038.48,0
Nordeste,2028_Q2_holidays_1h,643.146,0,389.365,1032.51,0
Nordeste,2028_Q2_holidays_2h,607.983,0,384.084,992.067,0
Nordeste,2028_Q2_holidays_3h,573.481,0,387.546,961.027,0
Nordeste,2028_Q2_holidays_4h,544.302,0,394.698,939,0
Nordeste,2028_Q2_holidays_5h,529.467,0,398.887,928.354,0
Nordeste,2028_Q2_holidays_6h,506.343,0,408.198,914.541,0
Nordeste,2028_Q2_holidays_7h,464.001,0,431.019,895.021,0
Nordeste,2028_Q2_holidays_8h,517.012,0,416.614,933.625,0
Nordeste,2028_Q2_holidays_9h,589.287,0,394.431,983.718,0
Nordeste,2028_Q2_holidays_10h,653.896,0,376.095,1029.99,0
Nordeste,2028_Q2_holidays_11h,703.014,0,364.885,1067.9,0
Nordeste,2028_Q2_holidays_12h,737.125,0,361.931,1099.06,0
Nordeste,2028_Q2_holidays_13h,745.592,0,367.14,1112.73,0
Nordeste,2028_Q2_holidays_14h,735.646,0,376.381,1112.03,0
Nordeste,2028_Q2_holidays_15h,712.126,0,385.241,1097.37,0
Nordeste,2028_Q2_holidays_16h,690.607,0,395.425,1086.03,0
Nordeste,2028_Q2_holidays_17h,673.904,0,402.933,1076.84,0
Nordeste,2028_Q2_holidays_18h,672.375,0,406.541,1078.92,0
Nordeste,2028_Q2_holidays_19h,735.245,0,432.695,1167.94,0
Nordeste,2028_Q2_holidays_20h,770.054,0,437.704,1207.76,0
Nordeste,2028_Q2_holidays_21h,764.163,0,428.556,1192.72,0
Nordeste,2028_Q2_holidays_22h,739.856,0,414.228,1154.08,0
Nordeste,2028_Q2_holidays_23h,697.008,0,401.811,1098.82,0
Nordeste,2028_Q3_labor_0h,834.863,0,314.567,1149.43,0
Nordeste,2028_Q3_labor_1h,747.983,0,335.18,1083.16,0
Nordeste,2028_Q3_labor_2h,704.914,0,340.511,1045.42,0
Nordeste,2028_Q3_labor_3h,678.195,0,340.32,1018.51,0
Nordeste,2028_Q3_labor_4h,666.715,0,339.018,1005.73,0
Nordeste,2028_Q3_labor_5h,681.293,0,340.521,1021.81,0
Nordeste,2028_Q3_labor_6h,722.783,0,336.384,1059.17,0
Nordeste,2028_Q3_labor_7h,750.261,0,332.988,1083.25,0
Nordeste,2028_Q3_labor_8h,825.895,0,325.856,1151.75,0
Nordeste,2028_Q3_labor_9h,906.646,0,312.763,1219.41,0
Nordeste,2028_Q3_labor_10h,958.611,0,304.318,1262.93,0
Nordeste,2028_Q3_labor_11h,1016.4,0,293.333,1309.73,0
Nordeste,2028_Q3_labor_12h,1055.5,0,289.121,1344.62,0
Nordeste,2028_Q3_labor_13h,1045.46,0,291.651,1337.11,0
Nordeste,2028_Q3_labor_14h,1046.17,0,298.03,1344.2,0
Nordeste,2028_Q3_labor_15h,1080.98,0,278.224,1359.2,0
Nordeste,2028_Q3_labor_16h,1098,0,257.909,1355.91,0
Nordeste,2028_Q3_labor_17h,1084.28,0,251.394,1335.67,0
Nordeste,2028_Q3_labor_18h,1038.18,0,259.985,1298.16,0
Nordeste,2028_Q3_labor_19h,1082.48,0,267.245,1349.73,0
Nordeste,2028_Q3_labor_20h,1122.96,0,265.847,1388.8,0
Nordeste,2028_Q3_labor_21h,1096.87,0,265.777,1362.65,0
Nordeste,2028_Q3_labor_22h,1047.53,0,257.331,1304.86,0
Nordeste,2028_Q3_labor_23h,956.17,0,268.867,1225.04,0
Nordeste,2028_Q3_holidays_0h,621.968,0,450.839,1072.81,0
Nordeste,2028_Q3_holidays_1h,606.066,0,454.561,1060.63,0
Nordeste,2028_Q3_holidays_2h,553.115,0,468.777,1021.89,0
Nordeste,2028_Q3_holidays_3h,511.744,0,479.008,990.752,0
Nordeste,2028_Q3_holidays_4h,484.354,0,482.936,967.29,0
Nordeste,2028_Q3_holidays_5h,470.278,0,484.073,954.352,0
Nordeste,2028_Q3_holidays_6h,455.644,0,483.214,938.858,0
Nordeste,2028_Q3_holidays_7h,439.241,0,477.424,916.665,0
Nordeste,2028_Q3_holidays_8h,478.534,0,477.226,955.759,0
Nordeste,2028_Q3_holidays_9h,525.526,0,479.602,1005.13,0
Nordeste,2028_Q3_holidays_10h,566.15,0,481.382,1047.53,0
Nordeste,2028_Q3_holidays_11h,599.895,0,482.45,1082.34,0
Nordeste,2028_Q3_holidays_12h,630.775,0,480.728,1111.5,0
Nordeste,2028_Q3_holidays_13h,653.874,0,474.712,1128.59,0
Nordeste,2028_Q3_holidays_14h,662.261,0,467.41,1129.67,0
Nordeste,2028_Q3_holidays_15h,653.915,0,461.952,1115.87,0
Nordeste,2028_Q3_holidays_16h,648.072,0,455.56,1103.63,0
Nordeste,2028_Q3_holidays_17h,644.532,0,449.885,1094.42,0
Nordeste,2028_Q3_holidays_18h,647.971,0,447.645,1095.62,0
Nordeste,2028_Q3_holidays_19h,712.084,0,463.822,1175.91,0
Nordeste,2028_Q3_holidays_20h,736.354,0,492.285,1228.64,0
Nordeste,2028_Q3_holidays_21h,731.456,0,485.294,1216.75,0
Nordeste,2028_Q3_holidays_22h,716.844,0,467.774,1184.62,0
Nordeste,2028_Q3_holidays_23h,683.109,0,448.331,1131.44,0
Nordeste,2028_Q4_labor_0h,1349.02,0,-147.428,1201.59,0
Nordeste,2028_Q4_labor_1h,1230.34,0,-97.0687,1133.27,0
Nordeste,2028_Q4_labor_2h,1141.65,0,-47.1173,1094.53,0
Nordeste,2028_Q4_labor_3h,1077.7,0,-9.98945,1067.71,0
Nordeste,2028_Q4_labor_4h,1048.22,0,6.35524,1054.58,0
Nordeste,2028_Q4_labor_5h,1100.73,0,-28.9723,1071.76,0
Nordeste,2028_Q4_labor_6h,1189.4,0,-78.8887,1110.51,0
Nordeste,2028_Q4_labor_7h,1200.34,0,-64.2174,1136.12,0
Nordeste,2028_Q4_labor_8h,1268.8,0,-62.4225,1206.38,0
Nordeste,2028_Q4_labor_9h,1342.1,0,-67.193,1274.91,0
Nordeste,2028_Q4_labor_10h,1381.78,0,-62.241,1319.54,0
Nordeste,2028_Q4_labor_11h,1456.03,0,-89.5353,1366.49,0
Nordeste,2028_Q4_labor_12h,1514.37,0,-113.451,1400.92,0
Nordeste,2028_Q4_labor_13h,1514.42,0,-119.304,1395.12,0
Nordeste,2028_Q4_labor_14h,1497.9,0,-94.6617,1403.24,0
Nordeste,2028_Q4_labor_15h,1479.09,0,-60.3918,1418.7,0
Nordeste,2028_Q4_labor_16h,1454.17,0,-38.4493,1415.72,0
Nordeste,2028_Q4_labor_17h,1430.33,0,-33.3459,1396.99,0
Nordeste,2028_Q4_labor_18h,1422.51,0,-40.6313,1381.88,0
Nordeste,2028_Q4_labor_19h,1441.41,0,8.57086,1449.98,0
Nordeste,2028_Q4_labor_20h,1440.75,0,6.86286,1447.61,0
Nordeste,2028_Q4_labor_21h,1432.21,0,-15.3397,1416.87,0
Nordeste,2028_Q4_labor_22h,1415.61,0,-57.6687,1357.95,0
Nordeste,2028_Q4_labor_23h,1389.54,0,-112.052,1277.49,0
Nordeste,2028_Q4_holidays_0h,1143.49,0,-26.7342,1116.75,0
Nordeste,2028_Q4_holidays_1h,1133.13,0,-39.6911,1093.44,0
Nordeste,2028_Q4_holidays_2h,1094.96,0,-40.4322,1054.53,0
Nordeste,2028_Q4_holidays_3h,1029.68,0,-7.78617,1021.9,0
Nordeste,2028_Q4_holidays_4h,950.413,0,42.9375,993.351,0
Nordeste,2028_Q4_holidays_5h,921.764,0,59.4099,981.174,0
Nordeste,2028_Q4_holidays_6h,854.634,0,111.589,966.222,0
Nordeste,2028_Q4_holidays_7h,684.57,0,261.321,945.891,0
Nordeste,2028_Q4_holidays_8h,659.779,0,324.641,984.419,0
Nordeste,2028_Q4_holidays_9h,688.301,0,347.531,1035.83,0
Nordeste,2028_Q4_holidays_10h,724.299,0,358.41,1082.71,0
Nordeste,2028_Q4_holidays_11h,819.487,0,305.402,1124.89,0
Nordeste,2028_Q4_holidays_12h,972.552,0,186.83,1159.38,0
Nordeste,2028_Q4_holidays_13h,1124.66,0,51.3113,1175.97,0
Nordeste,2028_Q4_holidays_14h,1205.9,0,-29.9729,1175.92,0
Nordeste,2028_Q4_holidays_15h,1201.75,0,-39.144,1162.61,0
Nordeste,2028_Q4_holidays_16h,1180.04,0,-25.6217,1154.42,0
Nordeste,2028_Q4_holidays_17h,1157.69,0,-11.3645,1146.32,0
Nordeste,2028_Q4_holidays_18h,1155.7,0,12.1362,1167.84,0
Nordeste,2028_Q4_holidays_19h,1166.02,0,99.752,1265.77,0
Nordeste,2028_Q4_holidays_20h,1167.51,0,116.673,1284.18,0
Nordeste,2028_Q4_holidays_21h,1166.55,0,102.014,1268.56,0
Nordeste,2028_Q4_holidays_22h,1163.78,0,69.7756,1233.55,0
Nordeste,2028_Q4_holidays_23h,1158.01,0,21.2339,1179.25,0
Nordeste,2029_Q1_labor_0h,474.683,0,660.329,1135.01,0
Nordeste,2029_Q1_labor_1h,415.27,0,651.775,1067.04,0
Nordeste,2029_Q1_labor_2h,384.924,0,645.798,1030.72,0
Nordeste,2029_Q1_labor_3h,363.862,0,641.277,1005.14,0
Nordeste,2029_Q1_labor_4h,352.767,0,638.66,991.427,0
Nordeste,2029_Q1_labor_5h,363.365,0,640.991,1004.36,0
Nordeste,2029_Q1_labor_6h,399.383,0,642.558,1041.94,0
Nordeste,2029_Q1_labor_7h,423.906,0,636.411,1060.32,0
Nordeste,2029_Q1_labor_8h,480.047,0,640.493,1120.54,0
Nordeste,2029_Q1_labor_9h,538.679,0,649.553,1188.23,0
Nordeste,2029_Q1_labor_10h,571.61,0,660.742,1232.35,0
Nordeste,2029_Q1_labor_11h,612.054,0,664.001,1276.05,0
Nordeste,2029_Q1_labor_12h,645.991,0,665.975,1311.97,0
Nordeste,2029_Q1_labor_13h,642.572,0,666.818,1309.39,0
Nordeste,2029_Q1_labor_14h,643.805,0,670.763,1314.57,0
Nordeste,2029_Q1_labor_15h,650.661,0,678.33,1328.99,0
Nordeste,2029_Q1_labor_16h,644.952,0,681.156,1326.11,0
Nordeste,2029_Q1_labor_17h,628.242,0,676.829,1305.07,0
Nordeste,2029_Q1_labor_18h,601.701,0,678.57,1280.27,0
Nordeste,2029_Q1_labor_19h,683.619,0,665.931,1349.55,0
Nordeste,2029_Q1_labor_20h,702.205,0,666.08,1368.29,0
Nordeste,2029_Q1_labor_21h,678.482,0,659.075,1337.56,0
Nordeste,2029_Q1_labor_22h,617.98,0,665.033,1283.01,0
Nordeste,2029_Q1_labor_23h,540.681,0,666.879,1207.56,0
Nordeste,2029_Q1_holidays_0h,458.372,0,636.49,1094.86,0
Nordeste,2029_Q1_holidays_1h,465.272,0,629.516,1094.79,0
Nordeste,2029_Q1_holidays_2h,405.839,0,651.843,1057.68,0
Nordeste,2029_Q1_holidays_3h,368.193,0,658.209,1026.4,0
Nordeste,2029_Q1_holidays_4h,351.296,0,660.562,1011.86,0
Nordeste,2029_Q1_holidays_5h,355.372,0,659.768,1015.14,0
Nordeste,2029_Q1_holidays_6h,376.228,0,655.454,1031.68,0
Nordeste,2029_Q1_holidays_7h,387.239,0,652.447,1039.69,0
Nordeste,2029_Q1_holidays_8h,451.441,0,647.396,1098.84,0
Nordeste,2029_Q1_holidays_9h,528.069,0,644.987,1173.06,0
Nordeste,2029_Q1_holidays_10h,577.802,0,645.913,1223.71,0
Nordeste,2029_Q1_holidays_11h,615.358,0,649.244,1264.6,0
Nordeste,2029_Q1_holidays_12h,637.248,0,654.867,1292.12,0
Nordeste,2029_Q1_holidays_13h,628.262,0,659.116,1287.38,0
Nordeste,2029_Q1_holidays_14h,608.521,0,663.658,1272.18,0
Nordeste,2029_Q1_holidays_15h,589.745,0,664.521,1254.27,0
Nordeste,2029_Q1_holidays_16h,606.595,0,637.183,1243.78,0
Nordeste,2029_Q1_holidays_17h,613.381,0,611.838,1225.22,0
Nordeste,2029_Q1_holidays_18h,615.287,0,609.533,1224.82,0
Nordeste,2029_Q1_holidays_19h,708.196,0,601.919,1310.12,0
Nordeste,2029_Q1_holidays_20h,718.103,0,603.454,1321.56,0
Nordeste,2029_Q1_holidays_21h,694.116,0,588.04,1282.16,0
Nordeste,2029_Q1_holidays_22h,642.129,0,579.161,1221.29,0
Nordeste,2029_Q1_holidays_23h,562.581,0,591.922,1154.5,0
Nordeste,2029_Q2_labor_0h,558.993,0,575.052,1134.05,0
Nordeste,2029_Q2_labor_1h,496.651,0,572.623,1069.27,0
Nordeste,2029_Q2_labor_2h,458.917,0,574.011,1032.93,0
Nordeste,2029_Q2_labor_3h,430.185,0,576.406,1006.59,0
Nordeste,2029_Q2_labor_4h,415.838,0,577.898,993.737,0
Nordeste,2029_Q2_labor_5h,436.961,0,575.34,1012.3,0
Nordeste,2029_Q2_labor_6h,490.508,0,568.46,1058.97,0
Nordeste,2029_Q2_labor_7h,506.832,0,566.565,1073.4,0
Nordeste,2029_Q2_labor_8h,568.498,0,563.851,1132.35,0
Nordeste,2029_Q2_labor_9h,630.03,0,565.537,1195.57,0
Nordeste,2029_Q2_labor_10h,668.179,0,569.451,1237.63,0
Nordeste,2029_Q2_labor_11h,706.613,0,576.175,1282.79,0
Nordeste,2029_Q2_labor_12h,732.719,0,585.194,1317.91,0
Nordeste,2029_Q2_labor_13h,722.174,0,588.51,1310.68,0
Nordeste,2029_Q2_labor_14h,721.523,0,598.581,1320.1,0
Nordeste,2029_Q2_labor_15h,724.571,0,611.278,1335.85,0
Nordeste,2029_Q2_labor_16h,728.93,0,605.722,1334.65,0
Nordeste,2029_Q2_labor_17h,724.904,0,589.129,1314.03,0
Nordeste,2029_Q2_labor_18h,683.001,0,598.3,1281.3,0
Nordeste,2029_Q2_labor_19h,773.888,0,573.883,1347.77,0
Nordeste,2029_Q2_labor_20h,814.056,0,564.866,1378.92,0
Nordeste,2029_Q2_labor_21h,788.03,0,562.086,1350.12,0
Nordeste,2029_Q2_labor_22h,716.928,0,574.223,1291.15,0
Nordeste,2029_Q2_labor_23h,626.48,0,582.742,1209.22,0
Nordeste,2029_Q2_holidays_0h,969.401,0,149.276,1118.68,0
Nordeste,2029_Q2_holidays_1h,941.819,0,157.179,1099,0
Nordeste,2029_Q2_holidays_2h,871.69,0,187.903,1059.59,0
Nordeste,2029_Q2_holidays_3h,826.955,0,204.97,1031.93,0
Nordeste,2029_Q2_holidays_4h,804.764,0,212.144,1016.91,0
Nordeste,2029_Q2_holidays_5h,811.462,0,209.887,1021.35,0
Nordeste,2029_Q2_holidays_6h,825.285,0,205.91,1031.2,0
Nordeste,2029_Q2_holidays_7h,827.371,0,227.325,1054.7,0
Nordeste,2029_Q2_holidays_8h,896.124,0,233.229,1129.35,0
Nordeste,2029_Q2_holidays_9h,962.241,0,241.777,1204.02,0
Nordeste,2029_Q2_holidays_10h,1002.76,0,250.521,1253.28,0
Nordeste,2029_Q2_holidays_11h,1046.55,0,248.992,1295.54,0
Nordeste,2029_Q2_holidays_12h,1081.79,0,241.851,1323.65,0
Nordeste,2029_Q2_holidays_13h,1087.47,0,230.494,1317.97,0
Nordeste,2029_Q2_holidays_14h,1091.78,0,210.115,1301.9,0
Nordeste,2029_Q2_holidays_15h,1103.55,0,182.02,1285.57,0
Nordeste,2029_Q2_holidays_16h,1131.9,0,145.574,1277.47,0
Nordeste,2029_Q2_holidays_17h,1127.82,0,132.77,1260.59,0
Nordeste,2029_Q2_holidays_18h,1114.8,0,136.125,1250.93,0
Nordeste,2029_Q2_holidays_19h,1145,0,185.194,1330.19,0
Nordeste,2029_Q2_holidays_20h,1149.78,0,201.259,1351.04,0
Nordeste,2029_Q2_holidays_21h,1143.44,0,172.628,1316.07,0
Nordeste,2029_Q2_holidays_22h,1125.66,0,127.791,1253.45,0
Nordeste,2029_Q2_holidays_23h,1071.73,0,109.688,1181.42,0
Nordeste,2029_Q3_labor_0h,620.519,0,556.058,1176.58,0
Nordeste,2029_Q3_labor_1h,525.992,0,581.323,1107.31,0
Nordeste,2029_Q3_labor_2h,476.132,0,592.493,1068.63,0
Nordeste,2029_Q3_labor_3h,443.696,0,596.948,1040.64,0
Nordeste,2029_Q3_labor_4h,428.611,0,597.826,1026.44,0
Nordeste,2029_Q3_labor_5h,443.245,0,597.221,1040.47,0
Nordeste,2029_Q3_labor_6h,484.321,0,590.762,1075.08,0
Nordeste,2029_Q3_labor_7h,502.694,0,589.638,1092.33,0
Nordeste,2029_Q3_labor_8h,574.595,0,582.644,1157.24,0
Nordeste,2029_Q3_labor_9h,651.71,0,571.309,1223.02,0
Nordeste,2029_Q3_labor_10h,703.061,0,563.962,1267.02,0
Nordeste,2029_Q3_labor_11h,761.046,0,553.11,1314.16,0
Nordeste,2029_Q3_labor_12h,803.046,0,547.337,1350.38,0
Nordeste,2029_Q3_labor_13h,798.799,0,548.267,1347.07,0
Nordeste,2029_Q3_labor_14h,804.993,0,552.44,1357.43,0
Nordeste,2029_Q3_labor_15h,808.329,0,564.332,1372.66,0
Nordeste,2029_Q3_labor_16h,798.638,0,570.357,1369,0
Nordeste,2029_Q3_labor_17h,776.987,0,572.285,1349.27,0
Nordeste,2029_Q3_labor_18h,745.635,0,567.72,1313.35,0
Nordeste,2029_Q3_labor_19h,779.995,0,589.244,1369.24,0
Nordeste,2029_Q3_labor_20h,829.286,0,584.269,1413.56,0
Nordeste,2029_Q3_labor_21h,801.24,0,589.121,1390.36,0
Nordeste,2029_Q3_labor_22h,759.465,0,574.83,1334.29,0
Nordeste,2029_Q3_labor_23h,703.447,0,550.475,1253.92,0
Nordeste,2029_Q3_holidays_0h,828.678,0,320.89,1149.57,0
Nordeste,2029_Q3_holidays_1h,818.327,0,324.827,1143.15,0
Nordeste,2029_Q3_holidays_2h,760.69,0,341.453,1102.14,0
Nordeste,2029_Q3_holidays_3h,724.842,0,346.831,1071.67,0
Nordeste,2029_Q3_holidays_4h,707.562,0,346.284,1053.85,0
Nordeste,2029_Q3_holidays_5h,710.72,0,345.214,1055.93,0
Nordeste,2029_Q3_holidays_6h,721.478,0,341.912,1063.39,0
Nordeste,2029_Q3_holidays_7h,746.701,0,339.755,1086.46,0
Nordeste,2029_Q3_holidays_8h,821.55,0,339.498,1161.05,0
Nordeste,2029_Q3_holidays_9h,902.307,0,333.34,1235.65,0
Nordeste,2029_Q3_holidays_10h,959.122,0,325.201,1284.32,0
Nordeste,2029_Q3_holidays_11h,1017.4,0,309.313,1326.71,0
Nordeste,2029_Q3_holidays_12h,1062.51,0,292.473,1354.99,0
Nordeste,2029_Q3_holidays_13h,1056.26,0,289.459,1345.72,0
Nordeste,2029_Q3_holidays_14h,1043.98,0,284.215,1328.2,0
Nordeste,2029_Q3_holidays_15h,1041.48,0,273.864,1315.34,0
Nordeste,2029_Q3_holidays_16h,1038.13,0,266.256,1304.39,0
Nordeste,2029_Q3_holidays_17h,1026.14,0,261.974,1288.11,0
Nordeste,2029_Q3_holidays_18h,1007.83,0,265,1272.83,0
Nordeste,2029_Q3_holidays_19h,1053.43,0,285.27,1338.7,0
Nordeste,2029_Q3_holidays_20h,1065.72,0,302.564,1368.28,0
Nordeste,2029_Q3_holidays_21h,1049.56,0,283.725,1333.29,0
Nordeste,2029_Q3_holidays_22h,1014.27,0,264.884,1279.16,0
Nordeste,2029_Q3_holidays_23h,933.175,0,280.006,1213.18,0
Nordeste,2029_Q4_labor_0h,1324.64,0,-93.0311,1231.61,0
Nordeste,2029_Q4_labor_1h,1146.65,0,9.1876,1155.83,0
Nordeste,2029_Q4_labor_2h,1074.15,0,42.2721,1116.43,0
Nordeste,2029_Q4_labor_3h,1023.87,0,64.4718,1088.34,0
Nordeste,2029_Q4_labor_4h,998.033,0,74.9298,1072.96,0
Nordeste,2029_Q4_labor_5h,1036.09,0,52.5562,1088.65,0
Nordeste,2029_Q4_labor_6h,1099.67,0,25.3356,1125.01,0
Nordeste,2029_Q4_labor_7h,1105.09,0,39.483,1144.57,0
Nordeste,2029_Q4_labor_8h,1166.13,0,45.4243,1211.55,0
Nordeste,2029_Q4_labor_9h,1234.19,0,44.1626,1278.36,0
Nordeste,2029_Q4_labor_10h,1277.84,0,45.683,1323.53,0
Nordeste,2029_Q4_labor_11h,1358.01,0,13.707,1371.72,0
Nordeste,2029_Q4_labor_12h,1476.21,0,-67.1792,1409.03,0
Nordeste,2029_Q4_labor_13h,1518.79,0,-111.753,1407.03,0
Nordeste,2029_Q4_labor_14h,1526.27,0,-108.365,1417.91,0
Nordeste,2029_Q4_labor_15h,1504.18,0,-70.2053,1433.98,0
Nordeste,2029_Q4_labor_16h,1474.51,0,-42.7628,1431.75,0
Nordeste,2029_Q4_labor_17h,1446.48,0,-32.9786,1413.5,0
Nordeste,2029_Q4_labor_18h,1437.03,0,-36.8954,1400.13,0
Nordeste,2029_Q4_labor_19h,1449.14,0,24.0172,1473.16,0
Nordeste,2029_Q4_labor_20h,1449.41,0,26.4052,1475.82,0
Nordeste,2029_Q4_labor_21h,1444.72,0,3.99973,1448.72,0
Nordeste,2029_Q4_labor_22h,1435.31,0,-44.086,1391.23,0
Nordeste,2029_Q4_labor_23h,1413.52,0,-103.613,1309.9,0
Nordeste,2029_Q4_holidays_0h,1311.88,0,-125.49,1186.39,0
Nordeste,2029_Q4_holidays_1h,1352.7,0,-157.855,1194.85,0
Nordeste,2029_Q4_holidays_2h,1254.65,0,-102.821,1151.83,0
Nordeste,2029_Q4_holidays_3h,1223.95,0,-102.982,1120.97,0
Nordeste,2029_Q4_holidays_4h,1205.77,0,-103.11,1102.66,0
Nordeste,2029_Q4_holidays_5h,1205.37,0,-103.191,1102.18,0
Nordeste,2029_Q4_holidays_6h,1211.48,0,-103.378,1108.1,0
Nordeste,2029_Q4_holidays_7h,1231.62,0,-103.518,1128.1,0
Nordeste,2029_Q4_holidays_8h,1303.07,0,-102.991,1200.08,0
Nordeste,2029_Q4_holidays_9h,1378.25,0,-102.555,1275.69,0
Nordeste,2029_Q4_holidays_10h,1430.99,0,-102.225,1328.76,0
Nordeste,2029_Q4_holidays_11h,1475.34,0,-102.09,1373.25,0
Nordeste,2029_Q4_holidays_12h,1555.56,0,-157.896,1397.67,0
Nordeste,2029_Q4_holidays_13h,1641.76,0,-250.891,1390.87,0
Nordeste,2029_Q4_holidays_14h,1707.56,0,-331.772,1375.79,0
Nordeste,2029_Q4_holidays_15h,1688.62,0,-327.412,1361.2,0
Nordeste,2029_Q4_holidays_16h,1666.99,0,-319.31,1347.68,0
Nordeste,2029_Q4_holidays_17h,1638.26,0,-305.208,1333.06,0
Nordeste,2029_Q4_holidays_18h,1628.9,0,-286.814,1342.08,0
Nordeste,2029_Q4_holidays_19h,1814.76,0,-389.072,1425.69,0
Nordeste,2029_Q4_holidays_20h,1752.41,0,-338.39,1414.02,0
Nordeste,2029_Q4_holidays_21h,1641.93,0,-271.337,1370.59,0
Nordeste,2029_Q4_holidays_22h,1616.91,0,-301.598,1315.31,0
Nordeste,2029_Q4_holidays_23h,1516.94,0,-266.837,1250.1,0
Nordeste,2030_Q1_labor_0h,491.645,0,666.158,1157.8,0
Nordeste,2030_Q1_labor_1h,419.059,0,681.39,1100.45,0
Nordeste,2030_Q1_labor_2h,379.162,0,683.699,1062.86,0
Nordeste,2030_Q1_labor_3h,352.999,0,682.593,1035.59,0
Nordeste,2030_Q1_labor_4h,340.079,0,680.781,1020.86,0
Nordeste,2030_Q1_labor_5h,350.416,0,681.516,1031.93,0
Nordeste,2030_Q1_labor_6h,383.452,0,682.014,1065.47,0
Nordeste,2030_Q1_labor_7h,395.745,0,685.543,1081.29,0
Nordeste,2030_Q1_labor_8h,446.325,0,695.535,1141.86,0
Nordeste,2030_Q1_labor_9h,503.783,0,707.365,1211.15,0
Nordeste,2030_Q1_labor_10h,541.81,0,716.184,1257.99,0
Nordeste,2030_Q1_labor_11h,576.091,0,726.105,1302.2,0
Nordeste,2030_Q1_labor_12h,601.56,0,736.26,1337.82,0
Nordeste,2030_Q1_labor_13h,597.18,0,738.616,1335.8,0
Nordeste,2030_Q1_labor_14h,604.141,0,733.747,1337.89,0
Nordeste,2030_Q1_labor_15h,638.07,0,708.142,1346.21,0
Nordeste,2030_Q1_labor_16h,673.621,0,667.916,1341.54,0
Nordeste,2030_Q1_labor_17h,670.366,0,650.643,1321.01,0
Nordeste,2030_Q1_labor_18h,645.457,0,655.801,1301.26,0
Nordeste,2030_Q1_labor_19h,742.796,0,634.231,1377.03,0
Nordeste,2030_Q1_labor_20h,769.968,0,626.498,1396.47,0
Nordeste,2030_Q1_labor_21h,743.073,0,620.717,1363.79,0
Nordeste,2030_Q1_labor_22h,675.597,0,631.486,1307.08,0
Nordeste,2030_Q1_labor_23h,586.793,0,644.39,1231.18,0
Nordeste,2030_Q1_holidays_0h,1036.62,0,157.774,1194.4,0
Nordeste,2030_Q1_holidays_1h,957.025,0,162.356,1119.38,0
Nordeste,2030_Q1_holidays_2h,915.801,0,166.405,1082.21,0
Nordeste,2030_Q1_holidays_3h,886.466,0,168.957,1055.42,0
Nordeste,2030_Q1_holidays_4h,874.378,0,169.674,1044.05,0
Nordeste,2030_Q1_holidays_5h,892.376,0,168.349,1060.72,0
Nordeste,2030_Q1_holidays_6h,948.055,0,160.374,1108.43,0
Nordeste,2030_Q1_holidays_7h,980.946,0,154.126,1135.07,0
Nordeste,2030_Q1_holidays_8h,1058.12,0,146.507,1204.63,0
Nordeste,2030_Q1_holidays_9h,1141.33,0,142.33,1283.66,0
Nordeste,2030_Q1_holidays_10h,1185.43,0,142.096,1327.52,0
Nordeste,2030_Q1_holidays_11h,1230.28,0,144.163,1374.45,0
Nordeste,2030_Q1_holidays_12h,1261.78,0,149.091,1410.88,0
Nordeste,2030_Q1_holidays_13h,1249.9,0,152.368,1402.26,0
Nordeste,2030_Q1_holidays_14h,1245.81,0,159.995,1405.8,0
Nordeste,2030_Q1_holidays_15h,1252.65,0,173.386,1426.04,0
Nordeste,2030_Q1_holidays_16h,1261.17,0,164.177,1425.34,0
Nordeste,2030_Q1_holidays_17h,1256.21,0,143.268,1399.48,0
Nordeste,2030_Q1_holidays_18h,1214.92,0,149.824,1364.74,0
Nordeste,2030_Q1_holidays_19h,1285.47,0,141.008,1426.48,0
Nordeste,2030_Q1_holidays_20h,1297.2,0,140.233,1437.43,0
Nordeste,2030_Q1_holidays_21h,1275.72,0,127.189,1402.91,0
Nordeste,2030_Q1_holidays_22h,1222.73,0,120.601,1343.33,0
Nordeste,2030_Q1_holidays_23h,1110.91,0,152.892,1263.8,0
Nordeste,2030_Q2_labor_0h,611.49,0,549.688,1161.18,0
Nordeste,2030_Q2_labor_1h,560.648,0,542.773,1103.42,0
Nordeste,2030_Q2_labor_2h,523.38,0,541.808,1065.19,0
Nordeste,2030_Q2_labor_3h,494.802,0,542.962,1037.76,0
Nordeste,2030_Q2_labor_4h,479.816,0,544.114,1023.93,0
Nordeste,2030_Q2_labor_5h,497.038,0,542.562,1039.6,0
Nordeste,2030_Q2_labor_6h,542.673,0,537.036,1079.71,0
Nordeste,2030_Q2_labor_7h,565.517,0,529.465,1094.98,0
Nordeste,2030_Q2_labor_8h,635.406,0,522.344,1157.75,0
Nordeste,2030_Q2_labor_9h,705.031,0,519.876,1224.91,0
Nordeste,2030_Q2_labor_10h,749.762,0,520.165,1269.93,0
Nordeste,2030_Q2_labor_11h,788.792,0,527.071,1315.86,0
Nordeste,2030_Q2_labor_12h,812.247,0,538.801,1351.05,0
Nordeste,2030_Q2_labor_13h,799.718,0,545.292,1345.01,0
Nordeste,2030_Q2_labor_14h,791.023,0,559.339,1350.36,0
Nordeste,2030_Q2_labor_15h,782.19,0,577.833,1360.02,0
Nordeste,2030_Q2_labor_16h,784.181,0,573.236,1357.42,0
Nordeste,2030_Q2_labor_17h,795.81,0,541.411,1337.22,0
Nordeste,2030_Q2_labor_18h,747.029,0,561.772,1308.8,0
Nordeste,2030_Q2_labor_19h,884.092,0,497.005,1381.1,0
Nordeste,2030_Q2_labor_20h,945.776,0,466.82,1412.6,0
Nordeste,2030_Q2_labor_21h,902.204,0,479.958,1382.16,0
Nordeste,2030_Q2_labor_22h,802.038,0,518.726,1320.76,0
Nordeste,2030_Q2_labor_23h,669.644,0,567.341,1236.98,0
Nordeste,2030_Q2_holidays_0h,1253.19,0,-59.0968,1194.09,0
Nordeste,2030_Q2_holidays_1h,1162.09,0,-42.6945,1119.4,0
Nordeste,2030_Q2_holidays_2h,1111.1,0,-27.4516,1083.65,0
Nordeste,2030_Q2_holidays_3h,1072.3,0,-15.3438,1056.95,0
Nordeste,2030_Q2_holidays_4h,1055.17,0,-10.0757,1045.1,0
Nordeste,2030_Q2_holidays_5h,1092.61,0,-21.9586,1070.65,0
Nordeste,2030_Q2_holidays_6h,1172.73,0,-43.588,1129.14,0
Nordeste,2030_Q2_holidays_7h,1192.57,0,-41.7254,1150.85,0
Nordeste,2030_Q2_holidays_8h,1266.78,0,-51.4732,1215.31,0
Nordeste,2030_Q2_holidays_9h,1337.71,0,-57.9074,1279.8,0
Nordeste,2030_Q2_holidays_10h,1379.74,0,-59.495,1320.24,0
Nordeste,2030_Q2_holidays_11h,1428.54,0,-61.266,1367.28,0
Nordeste,2030_Q2_holidays_12h,1462.62,0,-60.365,1402.26,0
Nordeste,2030_Q2_holidays_13h,1447.51,0,-59.6551,1387.86,0
Nordeste,2030_Q2_holidays_14h,1453.85,0,-56.1037,1397.74,0
Nordeste,2030_Q2_holidays_15h,1468.29,0,-47.5202,1420.77,0
Nordeste,2030_Q2_holidays_16h,1496.67,0,-75.8939,1420.77,0
Nordeste,2030_Q2_holidays_17h,1475.55,0,-78.4943,1397.06,0
Nordeste,2030_Q2_holidays_18h,1453.68,0,-98.7443,1354.93,0
Nordeste,2030_Q2_holidays_19h,1471.13,0,-57.842,1413.28,0
Nordeste,2030_Q2_holidays_20h,1475.69,0,-37.3763,1438.32,0
Nordeste,2030_Q2_holidays_21h,1471.59,0,-64.6389,1406.95,0
Nordeste,2030_Q2_holidays_22h,1459.39,0,-112.903,1346.48,0
Nordeste,2030_Q2_holidays_23h,1390.93,0,-122.335,1268.6,0
Nordeste,2030_Q3_labor_0h,681.058,0,521.08,1202.14,0
Nordeste,2030_Q3_labor_1h,602.566,0,539.599,1142.16,0
Nordeste,2030_Q3_labor_2h,551.21,0,550.678,1101.89,0
Nordeste,2030_Q3_labor_3h,517.613,0,555.44,1073.05,0
Nordeste,2030_Q3_labor_4h,500.787,0,556.707,1057.49,0
Nordeste,2030_Q3_labor_5h,513.557,0,555.452,1069.01,0
Nordeste,2030_Q3_labor_6h,548.644,0,549.512,1098.16,0
Nordeste,2030_Q3_labor_7h,567.656,0,547.123,1114.78,0
Nordeste,2030_Q3_labor_8h,643.677,0,538.304,1181.98,0
Nordeste,2030_Q3_labor_9h,725.646,0,524.838,1250.48,0
Nordeste,2030_Q3_labor_10h,781.558,0,515.245,1296.8,0
Nordeste,2030_Q3_labor_11h,839.549,0,504.794,1344.34,0
Nordeste,2030_Q3_labor_12h,878.865,0,501.724,1380.59,0
Nordeste,2030_Q3_labor_13h,871.649,0,505.344,1376.99,0
Nordeste,2030_Q3_labor_14h,869.878,0,512.857,1382.74,0
Nordeste,2030_Q3_labor_15h,864.283,0,528.095,1392.38,0
Nordeste,2030_Q3_labor_16h,849.441,0,538.361,1387.8,0
Nordeste,2030_Q3_labor_17h,838.572,0,530.388,1368.96,0
Nordeste,2030_Q3_labor_18h,800.176,0,537.081,1337.26,0
Nordeste,2030_Q3_labor_19h,851.073,0,547.418,1398.49,0
Nordeste,2030_Q3_labor_20h,911.186,0,532.115,1443.3,0
Nordeste,2030_Q3_labor_21h,877.514,0,540.32,1417.83,0
Nordeste,2030_Q3_labor_22h,813.397,0,547.405,1360.8,0
Nordeste,2030_Q3_labor_23h,760.971,0,519.055,1280.03,0
Nordeste,2030_Q3_holidays_0h,1282.11,0,-38.8785,1243.23,0
Nordeste,2030_Q3_holidays_1h,1189.07,0,-21.5353,1167.54,0
Nordeste,2030_Q3_holidays_2h,1153.5,0,-25.6094,1127.9,0
Nordeste,2030_Q3_holidays_3h,1128.75,0,-32.1524,1096.6,0
Nordeste,2030_Q3_holidays_4h,1121.52,0,-37.663,1083.86,0
Nordeste,2030_Q3_holidays_5h,1137.79,0,-33.9524,1103.84,0
Nordeste,2030_Q3_holidays_6h,1181.52,0,-30.4368,1151.08,0
Nordeste,2030_Q3_holidays_7h,1213.3,0,-31.5141,1181.78,0
Nordeste,2030_Q3_holidays_8h,1282.44,0,-25.9456,1256.5,0
Nordeste,2030_Q3_holidays_9h,1353.89,0,-25.1014,1328.79,0
Nordeste,2030_Q3_holidays_10h,1400.17,0,-27.2989,1372.88,0
Nordeste,2030_Q3_holidays_11h,1464.77,0,-42.1193,1422.65,0
Nordeste,2030_Q3_holidays_12h,1519.64,0,-61.3786,1458.27,0
Nordeste,2030_Q3_holidays_13h,1514.83,0,-65.0196,1449.81,0
Nordeste,2030_Q3_holidays_14h,1540.89,0,-79.1372,1461.75,0
Nordeste,2030_Q3_holidays_15h,1558.59,0,-73.3547,1485.24,0
Nordeste,2030_Q3_holidays_16h,1578.33,0,-99.5131,1478.82,0
Nordeste,2030_Q3_holidays_17h,1561.14,0,-108.031,1453.11,0
Nordeste,2030_Q3_holidays_18h,1504.51,0,-99.3172,1405.2,0
Nordeste,2030_Q3_holidays_19h,1544.65,0,-93.9293,1450.72,0
Nordeste,2030_Q3_holidays_20h,1558.26,0,-71.9904,1486.27,0
Nordeste,2030_Q3_holidays_21h,1547.16,0,-87.3551,1459.81,0
Nordeste,2030_Q3_holidays_22h,1499.91,0,-100.208,1399.71,0
Nordeste,2030_Q3_holidays_23h,1393.37,0,-73.8169,1319.55,0
Nordeste,2030_Q4_labor_0h,1314.98,0,-59.0699,1255.91,0
Nordeste,2030_Q4_labor_1h,1192.65,0,-1.94571,1190.7,0
Nordeste,2030_Q4_labor_2h,1103.67,0,46.2413,1149.92,0
Nordeste,2030_Q4_labor_3h,1062.56,0,58.4044,1120.96,0
Nordeste,2030_Q4_labor_4h,1043.78,0,60.7381,1104.52,0
Nordeste,2030_Q4_labor_5h,1058.59,0,58.793,1117.39,0
Nordeste,2030_Q4_labor_6h,1108.8,0,39.2599,1148.06,0
Nordeste,2030_Q4_labor_7h,1115.26,0,51.5463,1166.81,0
Nordeste,2030_Q4_labor_8h,1190.3,0,45.8223,1236.12,0
Nordeste,2030_Q4_labor_9h,1262.74,0,42.7872,1305.53,0
Nordeste,2030_Q4_labor_10h,1311.22,0,42.292,1353.51,0
Nordeste,2030_Q4_labor_11h,1385.31,0,17.276,1402.59,0
Nordeste,2030_Q4_labor_12h,1478.91,0,-39.8612,1439.05,0
Nordeste,2030_Q4_labor_13h,1497.45,0,-60.6811,1436.77,0
Nordeste,2030_Q4_labor_14h,1500.79,0,-57.0624,1443.73,0
Nordeste,2030_Q4_labor_15h,1478.25,0,-24.0345,1454.21,0
Nordeste,2030_Q4_labor_16h,1449.8,0,0.290097,1450.09,0
Nordeste,2030_Q4_labor_17h,1421.49,0,11.411,1432.9,0
Nordeste,2030_Q4_labor_18h,1413.41,0,10.5566,1423.97,0
Nordeste,2030_Q4_labor_19h,1434.34,0,68.7276,1503.07,0
Nordeste,2030_Q4_labor_20h,1434.5,0,70.2658,1504.76,0
Nordeste,2030_Q4_labor_21h,1425.35,0,48.907,1474.26,0
Nordeste,2030_Q4_labor_22h,1411.46,0,4.66491,1416.13,0
Nordeste,2030_Q4_labor_23h,1382.39,0,-48.009,1334.38,0
Nordeste,2030_Q4_holidays_0h,1609.33,0,-311.439,1297.9,0
Nordeste,2030_Q4_holidays_1h,1561.64,0,-332.097,1229.54,0
Nordeste,2030_Q4_holidays_2h,1531.27,0,-344.87,1186.4,0
Nordeste,2030_Q4_holidays_3h,1509.23,0,-354.458,1154.77,0
Nordeste,2030_Q4_holidays_4h,1496.78,0,-357.245,1139.53,0
Nordeste,2030_Q4_holidays_5h,1512.2,0,-353.416,1158.79,0
Nordeste,2030_Q4_holidays_6h,1550.59,0,-345.06,1205.53,0
Nordeste,2030_Q4_holidays_7h,1583.36,0,-348.851,1234.51,0
Nordeste,2030_Q4_holidays_8h,1647.06,0,-340.302,1306.76,0
Nordeste,2030_Q4_holidays_9h,1710.18,0,-329.165,1381.02,0
Nordeste,2030_Q4_holidays_10h,1749.79,0,-322.851,1426.94,0
Nordeste,2030_Q4_holidays_11h,1786.23,0,-310.087,1476.14,0
Nordeste,2030_Q4_holidays_12h,1808.42,0,-295.308,1513.11,0
Nordeste,2030_Q4_holidays_13h,1798.34,0,-290.907,1507.43,0
Nordeste,2030_Q4_holidays_14h,1804.51,0,-287.159,1517.35,0
Nordeste,2030_Q4_holidays_15h,1812.05,0,-273.303,1538.75,0
Nordeste,2030_Q4_holidays_16h,1802.78,0,-267.011,1535.77,0
Nordeste,2030_Q4_holidays_17h,1770.14,0,-259.026,1511.11,0
Nordeste,2030_Q4_holidays_18h,1749.57,0,-258.22,1491.35,0
Nordeste,2030_Q4_holidays_19h,1786.07,0,-231.903,1554.16,0
Nordeste,2030_Q4_holidays_20h,1781.07,0,-232.651,1548.42,0
Nordeste,2030_Q4_holidays_21h,1764.63,0,-245.411,1519.22,0
Nordeste,2030_Q4_holidays_22h,1724.04,0,-268.262,1455.78,0
Nordeste,2030_Q4_holidays_23h,1670.31,0,-293.756,1376.55,0
Nordeste,2031_Q1_labor_0h,493.426,0,700.756,1194.18,0
Nordeste,2031_Q1_labor_1h,408.295,0,725.953,1134.25,0
Nordeste,2031_Q1_labor_2h,364.359,0,731.668,1096.03,0
Nordeste,2031_Q1_labor_3h,336.106,0,731.899,1068,0
Nordeste,2031_Q1_labor_4h,323.739,0,729.942,1053.68,0
Nordeste,2031_Q1_labor_5h,334.32,0,730.767,1065.09,0
Nordeste,2031_Q1_labor_6h,368.821,0,731.366,1100.19,0
Nordeste,2031_Q1_labor_7h,382.564,0,734.031,1116.6,0
Nordeste,2031_Q1_labor_8h,436.521,0,743.06,1179.58,0
Nordeste,2031_Q1_labor_9h,497.187,0,755.394,1252.58,0
Nordeste,2031_Q1_labor_10h,537.069,0,763.851,1300.92,0
Nordeste,2031_Q1_labor_11h,571.699,0,775.175,1346.87,0
Nordeste,2031_Q1_labor_12h,595.668,0,787.092,1382.76,0
Nordeste,2031_Q1_labor_13h,589.129,0,790.631,1379.76,0
Nordeste,2031_Q1_labor_14h,594.754,0,786.558,1381.31,0
Nordeste,2031_Q1_labor_15h,643.166,0,746.884,1390.05,0
Nordeste,2031_Q1_labor_16h,694.643,0,690.777,1385.42,0
Nordeste,2031_Q1_labor_17h,693.45,0,670.281,1363.73,0
Nordeste,2031_Q1_labor_18h,664.682,0,677.441,1342.12,0
Nordeste,2031_Q1_labor_19h,781.703,0,637.059,1418.76,0
Nordeste,2031_Q1_labor_20h,800.74,0,637.194,1437.93,0
Nordeste,2031_Q1_labor_21h,782.377,0,621.983,1404.36,0
Nordeste,2031_Q1_labor_22h,703.19,0,642.995,1346.18,0
Nordeste,2031_Q1_labor_23h,599.33,0,668.65,1267.98,0
Nordeste,2031_Q1_holidays_0h,1044.67,0,175.816,1220.48,0
Nordeste,2031_Q1_holidays_1h,969.959,0,178.357,1148.32,0
Nordeste,2031_Q1_holidays_2h,923.677,0,183.411,1107.09,0
Nordeste,2031_Q1_holidays_3h,891.995,0,187.126,1079.12,0
Nordeste,2031_Q1_holidays_4h,873.532,0,188.833,1062.37,0
Nordeste,2031_Q1_holidays_5h,892.649,0,186.886,1079.53,0
Nordeste,2031_Q1_holidays_6h,948.447,0,176.914,1125.36,0
Nordeste,2031_Q1_holidays_7h,984.343,0,167.791,1152.13,0
Nordeste,2031_Q1_holidays_8h,1064.72,0,155.523,1220.25,0
Nordeste,2031_Q1_holidays_9h,1144.6,0,147.373,1291.97,0
Nordeste,2031_Q1_holidays_10h,1192.53,0,144.096,1336.63,0
Nordeste,2031_Q1_holidays_11h,1236.34,0,146.103,1382.44,0
Nordeste,2031_Q1_holidays_12h,1270.63,0,154.11,1424.73,0
Nordeste,2031_Q1_holidays_13h,1260.84,0,160.451,1421.29,0
Nordeste,2031_Q1_holidays_14h,1255.36,0,173.146,1428.51,0
Nordeste,2031_Q1_holidays_15h,1254.44,0,193.934,1448.37,0
Nordeste,2031_Q1_holidays_16h,1241.57,0,204.998,1446.56,0
Nordeste,2031_Q1_holidays_17h,1240.33,0,182.822,1423.15,0
Nordeste,2031_Q1_holidays_18h,1206.57,0,188.298,1394.86,0
Nordeste,2031_Q1_holidays_19h,1288.69,0,178.073,1466.76,0
Nordeste,2031_Q1_holidays_20h,1306.08,0,176.987,1483.07,0
Nordeste,2031_Q1_holidays_21h,1282.19,0,164.84,1447.03,0
Nordeste,2031_Q1_holidays_22h,1228.08,0,156.22,1384.3,0
Nordeste,2031_Q1_holidays_23h,1118.35,0,184.171,1302.53,0
Nordeste,2031_Q2_labor_0h,740.009,0,458.053,1198.06,0
Nordeste,2031_Q2_labor_1h,685.707,0,450.197,1135.9,0
Nordeste,2031_Q2_labor_2h,647.508,0,449.47,1096.98,0
Nordeste,2031_Q2_labor_3h,618.23,0,450.872,1069.1,0
Nordeste,2031_Q2_labor_4h,602.905,0,452.106,1055.01,0
Nordeste,2031_Q2_labor_5h,621.036,0,450.344,1071.38,0
Nordeste,2031_Q2_labor_6h,668.159,0,443.935,1112.09,0
Nordeste,2031_Q2_labor_7h,691.579,0,436.484,1128.06,0
Nordeste,2031_Q2_labor_8h,764.312,0,429.015,1193.33,0
Nordeste,2031_Q2_labor_9h,835.837,0,426.545,1262.38,0
Nordeste,2031_Q2_labor_10h,881.744,0,427.216,1308.96,0
Nordeste,2031_Q2_labor_11h,921.145,0,435.171,1356.32,0
Nordeste,2031_Q2_labor_12h,943.552,0,448.429,1391.98,0
Nordeste,2031_Q2_labor_13h,929.983,0,455.695,1385.68,0
Nordeste,2031_Q2_labor_14h,919.536,0,471.376,1390.91,0
Nordeste,2031_Q2_labor_15h,908.464,0,492.371,1400.83,0
Nordeste,2031_Q2_labor_16h,918.529,0,479.454,1397.98,0
Nordeste,2031_Q2_labor_17h,922.533,0,454.472,1377,0
Nordeste,2031_Q2_labor_18h,878.685,0,468.862,1347.55,0
Nordeste,2031_Q2_labor_19h,990.789,0,430.063,1420.85,0
Nordeste,2031_Q2_labor_20h,1044.85,0,407.491,1452.34,0
Nordeste,2031_Q2_labor_21h,1005.07,0,416.564,1421.64,0
Nordeste,2031_Q2_labor_22h,924.909,0,434.589,1359.5,0
Nordeste,2031_Q2_labor_23h,804.413,0,470.798,1275.21,0
Nordeste,2031_Q2_holidays_0h,1356.35,0,-138.886,1217.47,0
Nordeste,2031_Q2_holidays_1h,1283.61,0,-126.865,1156.74,0
Nordeste,2031_Q2_holidays_2h,1227.28,0,-110.116,1117.17,0
Nordeste,2031_Q2_holidays_3h,1185.02,0,-97.607,1087.42,0
Nordeste,2031_Q2_holidays_4h,1167.25,0,-93.0163,1074.24,0
Nordeste,2031_Q2_holidays_5h,1202.32,0,-103.154,1099.17,0
Nordeste,2031_Q2_holidays_6h,1291.37,0,-128.31,1163.06,0
Nordeste,2031_Q2_holidays_7h,1305.03,0,-121.055,1183.98,0
Nordeste,2031_Q2_holidays_8h,1371.31,0,-124.667,1246.64,0
Nordeste,2031_Q2_holidays_9h,1441.1,0,-127.334,1313.77,0
Nordeste,2031_Q2_holidays_10h,1479.71,0,-125.542,1354.17,0
Nordeste,2031_Q2_holidays_11h,1528.83,0,-126.489,1402.34,0
Nordeste,2031_Q2_holidays_12h,1565.87,0,-123.983,1441.88,0
Nordeste,2031_Q2_holidays_13h,1551.39,0,-123.822,1427.57,0
Nordeste,2031_Q2_holidays_14h,1557.53,0,-118.089,1439.44,0
Nordeste,2031_Q2_holidays_15h,1579.48,0,-116.151,1463.32,0
Nordeste,2031_Q2_holidays_16h,1596.18,0,-131.836,1464.35,0
Nordeste,2031_Q2_holidays_17h,1574.3,0,-133.304,1441,0
Nordeste,2031_Q2_holidays_18h,1552.21,0,-153.478,1398.73,0
Nordeste,2031_Q2_holidays_19h,1571.54,0,-105.656,1465.89,0
Nordeste,2031_Q2_holidays_20h,1577.35,0,-79.8849,1497.46,0
Nordeste,2031_Q2_holidays_21h,1572.36,0,-111.111,1461.25,0
Nordeste,2031_Q2_holidays_22h,1558.33,0,-166.041,1392.29,0
Nordeste,2031_Q2_holidays_23h,1487.84,0,-187.97,1299.87,0
Nordeste,2031_Q3_labor_0h,816.568,0,422.641,1239.21,0
Nordeste,2031_Q3_labor_1h,733.003,0,442.582,1175.59,0
Nordeste,2031_Q3_labor_2h,680.646,0,453.859,1134.5,0
Nordeste,2031_Q3_labor_3h,645.692,0,458.51,1104.2,0
Nordeste,2031_Q3_labor_4h,629.148,0,459.402,1088.55,0
Nordeste,2031_Q3_labor_5h,641.794,0,458.788,1100.58,0
Nordeste,2031_Q3_labor_6h,677.618,0,452.915,1130.53,0
Nordeste,2031_Q3_labor_7h,698.206,0,450.263,1148.47,0
Nordeste,2031_Q3_labor_8h,775.511,0,442.939,1218.45,0
Nordeste,2031_Q3_labor_9h,859.443,0,430.459,1289.9,0
Nordeste,2031_Q3_labor_10h,916.549,0,421.45,1338,0
Nordeste,2031_Q3_labor_11h,976.402,0,410.679,1387.08,0
Nordeste,2031_Q3_labor_12h,1017.65,0,406.515,1424.17,0
Nordeste,2031_Q3_labor_13h,1011.52,0,409.476,1421,0
Nordeste,2031_Q3_labor_14h,1010.32,0,416.307,1426.63,0
Nordeste,2031_Q3_labor_15h,1004.07,0,432.072,1436.14,0
Nordeste,2031_Q3_labor_16h,1001.18,0,429.159,1430.33,0
Nordeste,2031_Q3_labor_17h,985.958,0,424.284,1410.24,0
Nordeste,2031_Q3_labor_18h,935.776,0,441.43,1377.21,0
Nordeste,2031_Q3_labor_19h,994.256,0,444.626,1438.88,0
Nordeste,2031_Q3_labor_20h,1048.92,0,434.85,1483.77,0
Nordeste,2031_Q3_labor_21h,1017.58,0,440.249,1457.83,0
Nordeste,2031_Q3_labor_22h,955.15,0,444.274,1399.42,0
Nordeste,2031_Q3_labor_23h,896.512,0,421.301,1317.81,0
Nordeste,2031_Q3_holidays_0h,1341.09,0,-69.2061,1271.89,0
Nordeste,2031_Q3_holidays_1h,1258.4,0,-52.9941,1205.41,0
Nordeste,2031_Q3_holidays_2h,1219.21,0,-56.9402,1162.27,0
Nordeste,2031_Q3_holidays_3h,1196.58,0,-63.0071,1133.57,0
Nordeste,2031_Q3_holidays_4h,1188.17,0,-70.0108,1118.16,0
Nordeste,2031_Q3_holidays_5h,1203.77,0,-66.6055,1137.16,0
Nordeste,2031_Q3_holidays_6h,1247.68,0,-62.797,1184.88,0
Nordeste,2031_Q3_holidays_7h,1275.41,0,-64.478,1210.93,0
Nordeste,2031_Q3_holidays_8h,1339.74,0,-56.6486,1283.09,0
Nordeste,2031_Q3_holidays_9h,1402.51,0,-50.2299,1352.28,0
Nordeste,2031_Q3_holidays_10h,1443.84,0,-48.1409,1395.7,0
Nordeste,2031_Q3_holidays_11h,1503.13,0,-56.9834,1446.15,0
Nordeste,2031_Q3_holidays_12h,1560.49,0,-76.2423,1484.24,0
Nordeste,2031_Q3_holidays_13h,1553.09,0,-80.1599,1472.93,0
Nordeste,2031_Q3_holidays_14h,1589.36,0,-102.989,1486.37,0
Nordeste,2031_Q3_holidays_15h,1616.29,0,-104.417,1511.87,0
Nordeste,2031_Q3_holidays_16h,1640.02,0,-128.541,1511.48,0
Nordeste,2031_Q3_holidays_17h,1622.87,0,-133.555,1489.31,0
Nordeste,2031_Q3_holidays_18h,1575.21,0,-131.922,1443.29,0
Nordeste,2031_Q3_holidays_19h,1612.7,0,-113.59,1499.11,0
Nordeste,2031_Q3_holidays_20h,1625.67,0,-82.1961,1543.47,0
Nordeste,2031_Q3_holidays_21h,1617.02,0,-102.35,1514.67,0
Nordeste,2031_Q3_holidays_22h,1585.58,0,-134.479,1451.1,0
Nordeste,2031_Q3_holidays_23h,1466.73,0,-107.083,1359.65,0
Nordeste,2031_Q4_labor_0h,1375.54,0,-82.2014,1293.34,0
Nordeste,2031_Q4_labor_1h,1271.89,0,-43.9647,1227.92,0
Nordeste,2031_Q4_labor_2h,1183.99,0,1.3918,1185.38,0
Nordeste,2031_Q4_labor_3h,1123.37,0,31.8567,1155.22,0
Nordeste,2031_Q4_labor_4h,1104.57,0,33.5361,1138.11,0
Nordeste,2031_Q4_labor_5h,1125.23,0,25.479,1150.71,0
Nordeste,2031_Q4_labor_6h,1187.06,0,-5.40294,1181.66,0
Nordeste,2031_Q4_labor_7h,1186.82,0,14.0503,1200.87,0
Nordeste,2031_Q4_labor_8h,1256.06,0,15.8783,1271.94,0
Nordeste,2031_Q4_labor_9h,1335.39,0,9.5292,1344.92,0
Nordeste,2031_Q4_labor_10h,1384.31,0,9.80396,1394.11,0
Nordeste,2031_Q4_labor_11h,1473.11,0,-28.3619,1444.75,0
Nordeste,2031_Q4_labor_12h,1549.39,0,-67.9205,1481.47,0
Nordeste,2031_Q4_labor_13h,1562.82,0,-83.5273,1479.3,0
Nordeste,2031_Q4_labor_14h,1564.62,0,-78.9545,1485.67,0
Nordeste,2031_Q4_labor_15h,1537.62,0,-42.1562,1495.46,0
Nordeste,2031_Q4_labor_16h,1507.72,0,-17.1241,1490.6,0
Nordeste,2031_Q4_labor_17h,1479.42,0,-6.61677,1472.8,0
Nordeste,2031_Q4_labor_18h,1472.53,0,-8.4186,1464.11,0
Nordeste,2031_Q4_labor_19h,1493.71,0,51.4019,1545.12,0
Nordeste,2031_Q4_labor_20h,1494.18,0,52.7616,1546.95,0
Nordeste,2031_Q4_labor_21h,1485.3,0,30.2984,1515.6,0
Nordeste,2031_Q4_labor_22h,1470.53,0,-14.6202,1455.91,0
Nordeste,2031_Q4_labor_23h,1442.42,0,-68.5611,1373.86,0
Nordeste,2031_Q4_holidays_0h,1647.16,0,-308.859,1338.3,0
Nordeste,2031_Q4_holidays_1h,1373.84,0,-116.425,1257.42,0
Nordeste,2031_Q4_holidays_2h,1321.62,0,-105.452,1216.17,0
Nordeste,2031_Q4_holidays_3h,1291.08,0,-105.452,1185.63,0
Nordeste,2031_Q4_holidays_4h,1276.45,0,-105.452,1171,0
Nordeste,2031_Q4_holidays_5h,1300.2,0,-105.452,1194.75,0
Nordeste,2031_Q4_holidays_6h,1388.01,0,-141.251,1246.76,0
Nordeste,2031_Q4_holidays_7h,1382.68,0,-105.452,1277.23,0
Nordeste,2031_Q4_holidays_8h,1459,0,-105.452,1353.55,0
Nordeste,2031_Q4_holidays_9h,1527.27,0,-106.167,1421.1,0
Nordeste,2031_Q4_holidays_10h,1575.26,0,-105.452,1469.81,0
Nordeste,2031_Q4_holidays_11h,1703.97,0,-184.083,1519.89,0
Nordeste,2031_Q4_holidays_12h,1917.02,0,-354.012,1563.01,0
Nordeste,2031_Q4_holidays_13h,2019.52,0,-463.393,1556.13,0
Nordeste,2031_Q4_holidays_14h,1995.08,0,-423.981,1571.1,0
Nordeste,2031_Q4_holidays_15h,1956.27,0,-357.096,1599.17,0
Nordeste,2031_Q4_holidays_16h,1918.49,0,-318.645,1599.85,0
Nordeste,2031_Q4_holidays_17h,1888.58,0,-313.614,1574.97,0
Nordeste,2031_Q4_holidays_18h,1881.13,0,-329.58,1551.55,0
Nordeste,2031_Q4_holidays_19h,1882.2,0,-263.136,1619.06,0
Nordeste,2031_Q4_holidays_20h,1882.2,0,-269.571,1612.63,0
Nordeste,2031_Q4_holidays_21h,1882.2,0,-300.065,1582.13,0
Nordeste,2031_Q4_holidays_22h,1881.1,0,-365.445,1515.66,0
Nordeste,2031_Q4_holidays_23h,1875.87,0,-454.743,1421.12,0
Nordeste,2032_Q1_labor_0h,487.017,0,743.409,1230.43,0
Nordeste,2032_Q1_labor_1h,420.827,0,746.718,1167.54,0
Nordeste,2032_Q1_labor_2h,382.858,0,744.797,1127.65,0
Nordeste,2032_Q1_labor_3h,356.847,0,741.971,1098.82,0
Nordeste,2032_Q1_labor_4h,344.295,0,739.376,1083.67,0
Nordeste,2032_Q1_labor_5h,354.467,0,740.735,1095.2,0
Nordeste,2032_Q1_labor_6h,390.005,0,740.505,1130.51,0
Nordeste,2032_Q1_labor_7h,409.055,0,737.796,1146.85,0
Nordeste,2032_Q1_labor_8h,466.829,0,744.028,1210.86,0
Nordeste,2032_Q1_labor_9h,532.143,0,754.048,1286.19,0
Nordeste,2032_Q1_labor_10h,574.084,0,762.051,1336.14,0
Nordeste,2032_Q1_labor_11h,612.669,0,770.503,1383.17,0
Nordeste,2032_Q1_labor_12h,640.502,0,780.219,1420.72,0
Nordeste,2032_Q1_labor_13h,634.134,0,784.489,1418.62,0
Nordeste,2032_Q1_labor_14h,632.949,0,787.219,1420.17,0
Nordeste,2032_Q1_labor_15h,651.771,0,777.519,1429.29,0
Nordeste,2032_Q1_labor_16h,665.826,0,759.034,1424.86,0
Nordeste,2032_Q1_labor_17h,655.209,0,747.718,1402.93,0
Nordeste,2032_Q1_labor_18h,626.947,0,754.515,1381.46,0
Nordeste,2032_Q1_labor_19h,719.283,0,742.253,1461.54,0
Nordeste,2032_Q1_labor_20h,745.162,0,736.299,1481.46,0
Nordeste,2032_Q1_labor_21h,718.266,0,728.873,1447.14,0
Nordeste,2032_Q1_labor_22h,660.052,0,727.052,1387.1,0
Nordeste,2032_Q1_labor_23h,572.306,0,734.365,1306.67,0
Nordeste,2032_Q1_holidays_0h,1054.66,0,201.976,1256.63,0
Nordeste,2032_Q1_holidays_1h,982.834,0,205.88,1188.71,0
Nordeste,2032_Q1_holidays_2h,937.585,0,211.822,1149.41,0
Nordeste,2032_Q1_holidays_3h,903.966,0,216.464,1120.43,0
Nordeste,2032_Q1_holidays_4h,886.476,0,219.039,1105.51,0
Nordeste,2032_Q1_holidays_5h,909.454,0,215.653,1125.11,0
Nordeste,2032_Q1_holidays_6h,974.443,0,204.28,1178.72,0
Nordeste,2032_Q1_holidays_7h,1010.45,0,200.37,1210.82,0
Nordeste,2032_Q1_holidays_8h,1088.58,0,198.487,1287.07,0
Nordeste,2032_Q1_holidays_9h,1160.07,0,199.828,1359.9,0
Nordeste,2032_Q1_holidays_10h,1187.33,0,217.25,1404.58,0
Nordeste,2032_Q1_holidays_11h,1242.88,0,210.797,1453.67,0
Nordeste,2032_Q1_holidays_12h,1289.19,0,204.78,1493.97,0
Nordeste,2032_Q1_holidays_13h,1279.85,0,204.095,1483.94,0
Nordeste,2032_Q1_holidays_14h,1281.96,0,210.251,1492.21,0
Nordeste,2032_Q1_holidays_15h,1287.08,0,225.75,1512.83,0
Nordeste,2032_Q1_holidays_16h,1269.65,0,239.357,1509.01,0
Nordeste,2032_Q1_holidays_17h,1241.14,0,240.966,1482.1,0
Nordeste,2032_Q1_holidays_18h,1214.24,0,233.006,1447.24,0
Nordeste,2032_Q1_holidays_19h,1263.04,0,250.475,1513.51,0
Nordeste,2032_Q1_holidays_20h,1269.99,0,258.91,1528.9,0
Nordeste,2032_Q1_holidays_21h,1251.28,0,238.62,1489.9,0
Nordeste,2032_Q1_holidays_22h,1206.03,0,219.597,1425.62,0
Nordeste,2032_Q1_holidays_23h,1134.99,0,205.345,1340.34,0
Nordeste,2032_Q2_labor_0h,649.594,0,585.231,1234.83,0
Nordeste,2032_Q2_labor_1h,596.442,0,576.912,1173.35,0
Nordeste,2032_Q2_labor_2h,557.273,0,575.594,1132.87,0
Nordeste,2032_Q2_labor_3h,526.699,0,576.959,1103.66,0
Nordeste,2032_Q2_labor_4h,510.207,0,578.453,1088.66,0
Nordeste,2032_Q2_labor_5h,528.128,0,576.626,1104.75,0
Nordeste,2032_Q2_labor_6h,575.398,0,570.65,1146.05,0
Nordeste,2032_Q2_labor_7h,599.068,0,562.806,1161.87,0
Nordeste,2032_Q2_labor_8h,673.003,0,555.149,1228.15,0
Nordeste,2032_Q2_labor_9h,746.073,0,552.642,1298.72,0
Nordeste,2032_Q2_labor_10h,792.818,0,553.098,1345.92,0
Nordeste,2032_Q2_labor_11h,834.148,0,560.593,1394.74,0
Nordeste,2032_Q2_labor_12h,858.642,0,573.249,1431.89,0
Nordeste,2032_Q2_labor_13h,844.972,0,580.144,1425.12,0
Nordeste,2032_Q2_labor_14h,834.804,0,595.189,1429.99,0
Nordeste,2032_Q2_labor_15h,824.756,0,615.303,1440.06,0
Nordeste,2032_Q2_labor_16h,805.951,0,631.568,1437.52,0
Nordeste,2032_Q2_labor_17h,779.246,0,636.999,1416.25,0
Nordeste,2032_Q2_labor_18h,756.854,0,629.378,1386.23,0
Nordeste,2032_Q2_labor_19h,816.003,0,646.555,1462.56,0
Nordeste,2032_Q2_labor_20h,840.94,0,654.16,1495.1,0
Nordeste,2032_Q2_labor_21h,819.637,0,643.48,1463.12,0
Nordeste,2032_Q2_labor_22h,765.783,0,633.327,1399.11,0
Nordeste,2032_Q2_labor_23h,708.607,0,604.794,1313.4,0
Nordeste,2032_Q2_holidays_0h,1294.12,0,-45.1159,1249,0
Nordeste,2032_Q2_holidays_1h,1185.56,0,-14.6071,1170.96,0
Nordeste,2032_Q2_holidays_2h,1122.2,0,10.3775,1132.58,0
Nordeste,2032_Q2_holidays_3h,1077.75,0,27.1953,1104.95,0
Nordeste,2032_Q2_holidays_4h,1061.34,0,32.9807,1094.32,0
Nordeste,2032_Q2_holidays_5h,1109.82,0,14.8347,1124.65,0
Nordeste,2032_Q2_holidays_6h,1217.46,0,-23.1127,1194.35,0
Nordeste,2032_Q2_holidays_7h,1240.81,0,-21.1317,1219.68,0
Nordeste,2032_Q2_holidays_8h,1326.95,0,-36.999,1289.95,0
Nordeste,2032_Q2_holidays_9h,1410.02,0,-47.4764,1362.54,0
Nordeste,2032_Q2_holidays_10h,1458.86,0,-50.016,1408.85,0
Nordeste,2032_Q2_holidays_11h,1509.65,0,-51.4715,1458.18,0
Nordeste,2032_Q2_holidays_12h,1544.99,0,-48.6113,1496.38,0
Nordeste,2032_Q2_holidays_13h,1530.32,0,-46.9682,1483.35,0
Nordeste,2032_Q2_holidays_14h,1536.16,0,-37.4606,1498.7,0
Nordeste,2032_Q2_holidays_15h,1536.82,0,-12.5757,1524.24,0
Nordeste,2032_Q2_holidays_16h,1523.4,0,-0.515363,1522.88,0
Nordeste,2032_Q2_holidays_17h,1505.43,0,-8.63525,1496.8,0
Nordeste,2032_Q2_holidays_18h,1463.94,0,-12.6764,1451.27,0
Nordeste,2032_Q2_holidays_19h,1501.73,0,13.7111,1515.44,0
Nordeste,2032_Q2_holidays_20h,1509.85,0,37.4779,1547.33,0
Nordeste,2032_Q2_holidays_21h,1503.8,0,8.38876,1512.19,0
Nordeste,2032_Q2_holidays_22h,1478.32,0,-37.1472,1441.18,0
Nordeste,2032_Q2_holidays_23h,1385.44,0,-46.169,1339.27,0
Nordeste,2032_Q3_labor_0h,748.875,0,529.424,1278.3,0
Nordeste,2032_Q3_labor_1h,671.427,0,546.884,1218.31,0
Nordeste,2032_Q3_labor_2h,617.144,0,558.304,1175.45,0
Nordeste,2032_Q3_labor_3h,581.502,0,562.634,1144.14,0
Nordeste,2032_Q3_labor_4h,563.973,0,563.284,1127.26,0
Nordeste,2032_Q3_labor_5h,575.982,0,562.543,1138.53,0
Nordeste,2032_Q3_labor_6h,611.704,0,556.704,1168.41,0
Nordeste,2032_Q3_labor_7h,633.646,0,552.6,1186.25,0
Nordeste,2032_Q3_labor_8h,714.05,0,543.59,1257.64,0
Nordeste,2032_Q3_labor_9h,801.639,0,528.787,1330.43,0
Nordeste,2032_Q3_labor_10h,860.962,0,518.057,1379.02,0
Nordeste,2032_Q3_labor_11h,921.322,0,507.601,1428.92,0
Nordeste,2032_Q3_labor_12h,959.637,0,506.857,1466.49,0
Nordeste,2032_Q3_labor_13h,950.623,0,512.179,1462.8,0
Nordeste,2032_Q3_labor_14h,944.807,0,523.437,1468.24,0
Nordeste,2032_Q3_labor_15h,934.478,0,543.828,1478.31,0
Nordeste,2032_Q3_labor_16h,911.209,0,561.151,1472.36,0
Nordeste,2032_Q3_labor_17h,884.297,0,567.523,1451.82,0
Nordeste,2032_Q3_labor_18h,862.966,0,555.503,1418.47,0
Nordeste,2032_Q3_labor_19h,893.369,0,589.474,1482.84,0
Nordeste,2032_Q3_labor_20h,913.145,0,615.267,1528.41,0
Nordeste,2032_Q3_labor_21h,901.481,0,599.989,1501.47,0
Nordeste,2032_Q3_labor_22h,874.77,0,567.418,1442.19,0
Nordeste,2032_Q3_labor_23h,826.611,0,532.338,1358.95,0
Nordeste,2032_Q3_holidays_0h,1224.98,0,76.0251,1301,0
Nordeste,2032_Q3_holidays_1h,1091.67,0,106.939,1198.61,0
Nordeste,2032_Q3_holidays_2h,1059.7,0,97.6538,1157.36,0
Nordeste,2032_Q3_holidays_3h,1039.85,0,88.6814,1128.53,0
Nordeste,2032_Q3_holidays_4h,1033.78,0,83.5017,1117.28,0
Nordeste,2032_Q3_holidays_5h,1052.91,0,91.3321,1144.24,0
Nordeste,2032_Q3_holidays_6h,1103.17,0,97.5164,1200.68,0
Nordeste,2032_Q3_holidays_7h,1138.34,0,93.6734,1232.02,0
Nordeste,2032_Q3_holidays_8h,1211.9,0,98.7826,1310.69,0
Nordeste,2032_Q3_holidays_9h,1290.31,0,96.3832,1386.69,0
Nordeste,2032_Q3_holidays_10h,1347.93,0,88.8496,1436.78,0
Nordeste,2032_Q3_holidays_11h,1433.54,0,59.2878,1492.82,0
Nordeste,2032_Q3_holidays_12h,1517.13,0,18.8345,1535.97,0
Nordeste,2032_Q3_holidays_13h,1511.98,0,14.2717,1526.25,0
Nordeste,2032_Q3_holidays_14h,1551.09,0,-8.21508,1542.87,0
Nordeste,2032_Q3_holidays_15h,1562.42,0,6.39457,1568.81,0
Nordeste,2032_Q3_holidays_16h,1537.92,0,30.705,1568.63,0
Nordeste,2032_Q3_holidays_17h,1518.95,0,25.7411,1544.69,0
Nordeste,2032_Q3_holidays_18h,1483.26,0,8.89193,1492.15,0
Nordeste,2032_Q3_holidays_19h,1500.35,0,43.6699,1544.02,0
Nordeste,2032_Q3_holidays_20h,1518.07,0,75.6419,1593.71,0
Nordeste,2032_Q3_holidays_21h,1507.39,0,57.7916,1565.18,0
Nordeste,2032_Q3_holidays_22h,1484.09,0,9.88,1493.97,0
Nordeste,2032_Q3_holidays_23h,1396.18,0,-2.15518,1394.02,0
Nordeste,2032_Q4_labor_0h,1318.02,0,16.7952,1334.82,0
Nordeste,2032_Q4_labor_1h,1236.84,0,33.3847,1270.22,0
Nordeste,2032_Q4_labor_2h,1192.19,0,34.4633,1226.65,0
Nordeste,2032_Q4_labor_3h,1156.92,0,37.8165,1194.74,0
Nordeste,2032_Q4_labor_4h,1135.89,0,40.4983,1176.39,0
Nordeste,2032_Q4_labor_5h,1150.59,0,38.1594,1188.75,0
Nordeste,2032_Q4_labor_6h,1188.41,0,32.1853,1220.59,0
Nordeste,2032_Q4_labor_7h,1211.55,0,28.9434,1240.49,0
Nordeste,2032_Q4_labor_8h,1290.43,0,23.3776,1313.81,0
Nordeste,2032_Q4_labor_9h,1365.8,0,21.3989,1387.19,0
Nordeste,2032_Q4_labor_10h,1416.19,0,22.298,1438.49,0
Nordeste,2032_Q4_labor_11h,1462.72,0,27.2941,1490.02,0
Nordeste,2032_Q4_labor_12h,1519.75,0,9.4014,1529.15,0
Nordeste,2032_Q4_labor_13h,1536.96,0,-10.1014,1526.86,0
Nordeste,2032_Q4_labor_14h,1545.02,0,-12.3901,1532.63,0
Nordeste,2032_Q4_labor_15h,1534.09,0,9.23254,1543.32,0
Nordeste,2032_Q4_labor_16h,1506.84,0,31.4574,1538.29,0
Nordeste,2032_Q4_labor_17h,1470.2,0,49.136,1519.34,0
Nordeste,2032_Q4_labor_18h,1453.38,0,57.5742,1510.96,0
Nordeste,2032_Q4_labor_19h,1487.1,0,106.256,1593.35,0
Nordeste,2032_Q4_labor_20h,1486.42,0,107.528,1593.94,0
Nordeste,2032_Q4_labor_21h,1473.26,0,89.0314,1562.29,0
Nordeste,2032_Q4_labor_22h,1448.08,0,52.5713,1500.65,0
Nordeste,2032_Q4_labor_23h,1402.51,0,14.2739,1416.78,0
Nordeste,2032_Q4_holidays_0h,1467.84,0,-105.452,1362.39,0
Nordeste,2032_Q4_holidays_1h,1367.82,0,-105.451,1262.37,0
Nordeste,2032_Q4_holidays_2h,1323.88,0,-105.451,1218.43,0
Nordeste,2032_Q4_holidays_3h,1297.51,0,-105.451,1192.06,0
Nordeste,2032_Q4_holidays_4h,1286.75,0,-105.451,1181.3,0
Nordeste,2032_Q4_holidays_5h,1314.95,0,-105.451,1209.5,0
Nordeste,2032_Q4_holidays_6h,1368.71,0,-105.451,1263.26,0
Nordeste,2032_Q4_holidays_7h,1399.39,0,-105.451,1293.94,0
Nordeste,2032_Q4_holidays_8h,1477.31,0,-105.451,1371.86,0
Nordeste,2032_Q4_holidays_9h,1557.63,0,-105.451,1452.18,0
Nordeste,2032_Q4_holidays_10h,1604.02,0,-105.451,1498.57,0
Nordeste,2032_Q4_holidays_11h,1659.42,0,-105.452,1553.97,0
Nordeste,2032_Q4_holidays_12h,1695.93,0,-105.452,1590.48,0
Nordeste,2032_Q4_holidays_13h,1700.4,0,-116.698,1583.7,0
Nordeste,2032_Q4_holidays_14h,1917.32,0,-313.41,1603.91,0
Nordeste,2032_Q4_holidays_15h,1938.99,0,-309.8,1629.2,0
Nordeste,2032_Q4_holidays_16h,1919.96,0,-289.994,1629.97,0
Nordeste,2032_Q4_holidays_17h,1888.84,0,-280.752,1608.09,0
Nordeste,2032_Q4_holidays_18h,1833.32,0,-252.77,1580.55,0
Nordeste,2032_Q4_holidays_19h,1882.2,0,-225.864,1656.34,0
Nordeste,2032_Q4_holidays_20h,1882.2,0,-224.726,1657.47,0
Nordeste,2032_Q4_holidays_21h,1865.16,0,-242.919,1622.24,0
Nordeste,2032_Q4_holidays_22h,1821.48,0,-266.743,1554.74,0
Nordeste,2032_Q4_holidays_23h,1582.72,0,-129.183,1453.53,0
Nordeste,2033_Q1_labor_0h,473.384,0,796.897,1270.28,0
Nordeste,2033_Q1_labor_1h,431.432,0,782.354,1213.79,0
Nordeste,2033_Q1_labor_2h,400.13,0,772.434,1172.56,0
Nordeste,2033_Q1_labor_3h,376.253,0,765.623,1141.88,0
Nordeste,2033_Q1_labor_4h,362.725,0,762.121,1124.85,0
Nordeste,2033_Q1_labor_5h,372.029,0,764.367,1136.4,0
Nordeste,2033_Q1_labor_6h,409.307,0,763.568,1172.87,0
Nordeste,2033_Q1_labor_7h,440.965,0,748.774,1189.74,0
Nordeste,2033_Q1_labor_8h,512.245,0,743.749,1255.99,0
Nordeste,2033_Q1_labor_9h,587.334,0,745.325,1332.66,0
Nordeste,2033_Q1_labor_10h,636.415,0,746.326,1382.74,0
Nordeste,2033_Q1_labor_11h,676.826,0,754.272,1431.1,0
Nordeste,2033_Q1_labor_12h,702.657,0,767.259,1469.92,0
Nordeste,2033_Q1_labor_13h,690.133,0,776.599,1466.73,0
Nordeste,2033_Q1_labor_14h,675.156,0,793.093,1468.25,0
Nordeste,2033_Q1_labor_15h,661.325,0,816.44,1477.76,0
Nordeste,2033_Q1_labor_16h,634.921,0,838.104,1473.03,0
Nordeste,2033_Q1_labor_17h,602.156,0,847.835,1449.99,0
Nordeste,2033_Q1_labor_18h,585.46,0,842.042,1427.5,0
Nordeste,2033_Q1_labor_19h,646.676,0,861.832,1508.51,0
Nordeste,2033_Q1_labor_20h,667.131,0,860.774,1527.91,0
Nordeste,2033_Q1_labor_21h,641.302,0,850.53,1491.83,0
Nordeste,2033_Q1_labor_22h,586.537,0,843.423,1429.96,0
Nordeste,2033_Q1_labor_23h,530.107,0,818.188,1348.29,0
Nordeste,2033_Q1_holidays_0h,695.951,0,578.879,1274.83,0
Nordeste,2033_Q1_holidays_1h,569.127,0,587.14,1156.27,0
Nordeste,2033_Q1_holidays_2h,521.638,0,594.899,1116.54,0
Nordeste,2033_Q1_holidays_3h,492.73,0,599.818,1092.55,0
Nordeste,2033_Q1_holidays_4h,484.61,0,601.018,1085.63,0
Nordeste,2033_Q1_holidays_5h,510.392,0,596.71,1107.1,0
Nordeste,2033_Q1_holidays_6h,576.556,0,583.655,1160.21,0
Nordeste,2033_Q1_holidays_7h,616.924,0,574.914,1191.84,0
Nordeste,2033_Q1_holidays_8h,704.8,0,562.653,1267.45,0
Nordeste,2033_Q1_holidays_9h,792.412,0,555.756,1348.17,0
Nordeste,2033_Q1_holidays_10h,849.046,0,553.613,1402.66,0
Nordeste,2033_Q1_holidays_11h,897.924,0,555.676,1453.6,0
Nordeste,2033_Q1_holidays_12h,932.47,0,561.583,1494.05,0
Nordeste,2033_Q1_holidays_13h,923.874,0,566.532,1490.41,0
Nordeste,2033_Q1_holidays_14h,921.735,0,577.1,1498.84,0
Nordeste,2033_Q1_holidays_15h,923.259,0,595.197,1518.46,0
Nordeste,2033_Q1_holidays_16h,903.174,0,612.334,1515.51,0
Nordeste,2033_Q1_holidays_17h,873.408,0,617.401,1490.81,0
Nordeste,2033_Q1_holidays_18h,848.685,0,609.541,1458.23,0
Nordeste,2033_Q1_holidays_19h,929.811,0,606.474,1536.29,0
Nordeste,2033_Q1_holidays_20h,955.33,0,603.834,1559.16,0
Nordeste,2033_Q1_holidays_21h,932.522,0,591.106,1523.63,0
Nordeste,2033_Q1_holidays_22h,872.635,0,585.335,1457.97,0
Nordeste,2033_Q1_holidays_23h,775.753,0,587.768,1363.52,0
Nordeste,2033_Q2_labor_0h,703.783,0,570.901,1274.68,0
Nordeste,2033_Q2_labor_1h,649.694,0,568.391,1218.08,0
Nordeste,2033_Q2_labor_2h,603.913,0,572.185,1176.1,0
Nordeste,2033_Q2_labor_3h,566.59,0,578.948,1145.54,0
Nordeste,2033_Q2_labor_4h,546.345,0,583.715,1130.06,0
Nordeste,2033_Q2_labor_5h,570.312,0,577.473,1147.78,0
Nordeste,2033_Q2_labor_6h,629.711,0,563.379,1193.09,0
Nordeste,2033_Q2_labor_7h,637.325,0,572.759,1210.08,0
Nordeste,2033_Q2_labor_8h,703.15,0,574.875,1278.02,0
Nordeste,2033_Q2_labor_9h,767.246,0,582.916,1350.16,0
Nordeste,2033_Q2_labor_10h,804.874,0,592.959,1397.83,0
Nordeste,2033_Q2_labor_11h,851.149,0,596.455,1447.6,0
Nordeste,2033_Q2_labor_12h,886.451,0,599.028,1485.48,0
Nordeste,2033_Q2_labor_13h,877.799,0,599.065,1476.86,0
Nordeste,2033_Q2_labor_14h,877.532,0,605.409,1482.94,0
Nordeste,2033_Q2_labor_15h,874.087,0,620.772,1494.86,0
Nordeste,2033_Q2_labor_16h,859.762,0,631.921,1491.68,0
Nordeste,2033_Q2_labor_17h,833.366,0,636.14,1469.51,0
Nordeste,2033_Q2_labor_18h,808.074,0,628.965,1437.04,0
Nordeste,2033_Q2_labor_19h,853.867,0,659.955,1513.82,0
Nordeste,2033_Q2_labor_20h,875.817,0,670.555,1546.37,0
Nordeste,2033_Q2_labor_21h,857.096,0,655.555,1512.65,0
Nordeste,2033_Q2_labor_22h,820.74,0,625.364,1446.1,0
Nordeste,2033_Q2_labor_23h,766.579,0,590.095,1356.67,0
Nordeste,2033_Q2_holidays_0h,1020.62,0,248.751,1269.38,0
Nordeste,2033_Q2_holidays_1h,880.83,0,267.34,1148.17,0
Nordeste,2033_Q2_holidays_2h,834.642,0,275.724,1110.37,0
Nordeste,2033_Q2_holidays_3h,804.576,0,280.229,1084.8,0
Nordeste,2033_Q2_holidays_4h,793.279,0,280.76,1074.04,0
Nordeste,2033_Q2_holidays_5h,821.507,0,276.799,1098.31,0
Nordeste,2033_Q2_holidays_6h,889.42,0,263.824,1153.24,0
Nordeste,2033_Q2_holidays_7h,895.391,0,279.728,1175.12,0
Nordeste,2033_Q2_holidays_8h,958.839,0,290.649,1249.49,0
Nordeste,2033_Q2_holidays_9h,1027.92,0,299.625,1327.55,0
Nordeste,2033_Q2_holidays_10h,1075.15,0,305.835,1380.98,0
Nordeste,2033_Q2_holidays_11h,1134.28,0,300.677,1434.96,0
Nordeste,2033_Q2_holidays_12h,1182.84,0,293.826,1476.67,0
Nordeste,2033_Q2_holidays_13h,1184.86,0,288.337,1473.2,0
Nordeste,2033_Q2_holidays_14h,1202.61,0,279.99,1482.6,0
Nordeste,2033_Q2_holidays_15h,1231.37,0,268.117,1499.49,0
Nordeste,2033_Q2_holidays_16h,1279.56,0,221.921,1501.48,0
Nordeste,2033_Q2_holidays_17h,1300.67,0,175.56,1476.23,0
Nordeste,2033_Q2_holidays_18h,1206.75,0,232.028,1438.78,0
Nordeste,2033_Q2_holidays_19h,1317.74,0,198.273,1516.01,0
Nordeste,2033_Q2_holidays_20h,1323.23,0,231.504,1554.73,0
Nordeste,2033_Q2_holidays_21h,1321.65,0,201.632,1523.28,0
Nordeste,2033_Q2_holidays_22h,1291.68,0,162.22,1453.9,0
Nordeste,2033_Q2_holidays_23h,1141.15,0,214.777,1355.93,0
Nordeste,2033_Q3_labor_0h,840.4,0,483.098,1323.5,0
Nordeste,2033_Q3_labor_1h,753.625,0,508.794,1262.42,0
Nordeste,2033_Q3_labor_2h,690.639,0,527.362,1218,0
Nordeste,2033_Q3_labor_3h,648.055,0,537.478,1185.53,0
Nordeste,2033_Q3_labor_4h,627.592,0,540.836,1168.43,0
Nordeste,2033_Q3_labor_5h,639.73,0,542.157,1181.89,0
Nordeste,2033_Q3_labor_6h,682.27,0,534.186,1216.46,0
Nordeste,2033_Q3_labor_7h,700.863,0,536.485,1237.35,0
Nordeste,2033_Q3_labor_8h,778.698,0,532.978,1311.68,0
Nordeste,2033_Q3_labor_9h,862.96,0,523.732,1386.69,0
Nordeste,2033_Q3_labor_10h,916.927,0,519.311,1436.24,0
Nordeste,2033_Q3_labor_11h,984.164,0,503.527,1487.69,0
Nordeste,2033_Q3_labor_12h,1039.94,0,486.676,1526.62,0
Nordeste,2033_Q3_labor_13h,1040.39,0,480.823,1521.22,0
Nordeste,2033_Q3_labor_14h,1049.69,0,478.478,1528.17,0
Nordeste,2033_Q3_labor_15h,1050.78,0,490.441,1541.22,0
Nordeste,2033_Q3_labor_16h,1032.88,0,503.175,1536.05,0
Nordeste,2033_Q3_labor_17h,1003.81,0,510.461,1514.27,0
Nordeste,2033_Q3_labor_18h,973.164,0,503.273,1476.44,0
Nordeste,2033_Q3_labor_19h,1003.39,0,536.734,1540.12,0
Nordeste,2033_Q3_labor_20h,1027.73,0,559.483,1587.21,0
Nordeste,2033_Q3_labor_21h,1012.69,0,545.91,1558.6,0
Nordeste,2033_Q3_labor_22h,983.263,0,512.456,1495.72,0
Nordeste,2033_Q3_labor_23h,931.026,0,477.2,1408.23,0
Nordeste,2033_Q3_holidays_0h,826.126,0,472.283,1298.41,0
Nordeste,2033_Q3_holidays_1h,625.754,0,562.882,1188.64,0
Nordeste,2033_Q3_holidays_2h,582.92,0,564.859,1147.78,0
Nordeste,2033_Q3_holidays_3h,556.263,0,563.15,1119.41,0
Nordeste,2033_Q3_holidays_4h,550.335,0,555.774,1106.11,0
Nordeste,2033_Q3_holidays_5h,567.658,0,554.966,1122.62,0
Nordeste,2033_Q3_holidays_6h,602.857,0,554.869,1157.73,0
Nordeste,2033_Q3_holidays_7h,621.339,0,553.355,1174.69,0
Nordeste,2033_Q3_holidays_8h,689.081,0,561.828,1250.91,0
Nordeste,2033_Q3_holidays_9h,758.232,0,570.686,1328.92,0
Nordeste,2033_Q3_holidays_10h,814.237,0,569.349,1383.59,0
Nordeste,2033_Q3_holidays_11h,898.796,0,542.187,1440.98,0
Nordeste,2033_Q3_holidays_12h,990.506,0,493.507,1484.01,0
Nordeste,2033_Q3_holidays_13h,1012.36,0,471.365,1483.73,0
Nordeste,2033_Q3_holidays_14h,1057.89,0,434.792,1492.68,0
Nordeste,2033_Q3_holidays_15h,1082.53,0,420.527,1503.06,0
Nordeste,2033_Q3_holidays_16h,1074.76,0,422.298,1497.06,0
Nordeste,2033_Q3_holidays_17h,1055.65,0,420.569,1476.22,0
Nordeste,2033_Q3_holidays_18h,1020.83,0,422.415,1443.25,0
Nordeste,2033_Q3_holidays_19h,1055.88,0,456.706,1512.58,0
Nordeste,2033_Q3_holidays_20h,1072.91,0,489.937,1562.85,0
Nordeste,2033_Q3_holidays_21h,1064.47,0,474.221,1538.69,0
Nordeste,2033_Q3_holidays_22h,1041.18,0,435.238,1476.42,0
Nordeste,2033_Q3_holidays_23h,972.301,0,411.835,1384.14,0
Nordeste,2033_Q4_labor_0h,1343.67,0,36.0111,1379.68,0
Nordeste,2033_Q4_labor_1h,1287.92,0,31.4003,1319.32,0
Nordeste,2033_Q4_labor_2h,1242.41,0,31.6626,1274.07,0
Nordeste,2033_Q4_labor_3h,1207.47,0,33.7889,1241.26,0
Nordeste,2033_Q4_labor_4h,1186.49,0,35.7499,1222.24,0
Nordeste,2033_Q4_labor_5h,1201.93,0,34.2137,1236.14,0
Nordeste,2033_Q4_labor_6h,1240.11,0,30.6134,1270.73,0
Nordeste,2033_Q4_labor_7h,1262.32,0,28.936,1291.25,0
Nordeste,2033_Q4_labor_8h,1340.48,0,25.4126,1365.9,0
Nordeste,2033_Q4_labor_9h,1417.15,0,24.3369,1441.49,0
Nordeste,2033_Q4_labor_10h,1468.19,0,24.9148,1493.11,0
Nordeste,2033_Q4_labor_11h,1517.31,0,28.4571,1545.77,0
Nordeste,2033_Q4_labor_12h,1549.2,0,35.6009,1584.8,0
Nordeste,2033_Q4_labor_13h,1556.86,0,24.8468,1581.7,0
Nordeste,2033_Q4_labor_14h,1563.91,0,24.7522,1588.67,0
Nordeste,2033_Q4_labor_15h,1572.78,0,28.8672,1601.65,0
Nordeste,2033_Q4_labor_16h,1543.98,0,53.1691,1597.14,0
Nordeste,2033_Q4_labor_17h,1499.08,0,77.2565,1576.34,0
Nordeste,2033_Q4_labor_18h,1476.9,0,88.3215,1565.22,0
Nordeste,2033_Q4_labor_19h,1513.65,0,136.149,1649.8,0
Nordeste,2033_Q4_labor_20h,1512.32,0,137.289,1649.61,0
Nordeste,2033_Q4_labor_21h,1497.53,0,118.673,1616.2,0
Nordeste,2033_Q4_labor_22h,1470.76,0,81.3383,1552.1,0
Nordeste,2033_Q4_labor_23h,1410.21,0,53.9231,1464.14,0
Nordeste,2033_Q4_holidays_0h,1430.09,0,-55.7323,1374.36,0
Nordeste,2033_Q4_holidays_1h,1276.41,0,-42.0974,1234.32,0
Nordeste,2033_Q4_holidays_2h,1233.37,0,-42.1255,1191.25,0
Nordeste,2033_Q4_holidays_3h,1205.77,0,-42.0487,1163.72,0
Nordeste,2033_Q4_holidays_4h,1195.57,0,-42.2087,1153.36,0
Nordeste,2033_Q4_holidays_5h,1218.76,0,-43.4054,1175.36,0
Nordeste,2033_Q4_holidays_6h,1265.87,0,-45.8072,1220.06,0
Nordeste,2033_Q4_holidays_7h,1297.35,0,-45.8525,1251.5,0
Nordeste,2033_Q4_holidays_8h,1382.01,0,-45.0197,1336.99,0
Nordeste,2033_Q4_holidays_9h,1464.9,0,-45.2212,1419.68,0
Nordeste,2033_Q4_holidays_10h,1519.01,0,-44.2613,1474.75,0
Nordeste,2033_Q4_holidays_11h,1583.61,0,-49.3318,1534.28,0
Nordeste,2033_Q4_holidays_12h,1648.36,0,-68.8218,1579.54,0
Nordeste,2033_Q4_holidays_13h,1703.65,0,-126.662,1576.99,0
Nordeste,2033_Q4_holidays_14h,1839.96,0,-248.299,1591.66,0
Nordeste,2033_Q4_holidays_15h,1798.05,0,-192.15,1605.9,0
Nordeste,2033_Q4_holidays_16h,1757.24,0,-154.587,1602.65,0
Nordeste,2033_Q4_holidays_17h,1724.24,0,-136.41,1587.82,0
Nordeste,2033_Q4_holidays_18h,1717.35,0,-142.967,1574.39,0
Nordeste,2033_Q4_holidays_19h,1759.59,0,-105.452,1654.14,0
Nordeste,2033_Q4_holidays_20h,1765.55,0,-105.452,1660.1,0
Nordeste,2033_Q4_holidays_21h,1734.1,0,-105.452,1628.64,0
Nordeste,2033_Q4_holidays_22h,1717.35,0,-154.514,1562.83,0
Nordeste,2033_Q4_holidays_23h,1598.72,0,-130.684,1468.04,0
Nordeste,2034_Q1_labor_0h,458.112,0,862.451,1320.56,0
Nordeste,2034_Q1_labor_1h,403.472,0,843.081,1246.55,0
Nordeste,2034_Q1_labor_2h,371.089,0,832.901,1203.99,0
Nordeste,2034_Q1_labor_3h,347.369,0,826.434,1173.8,0
Nordeste,2034_Q1_labor_4h,335.668,0,823.624,1159.29,0
Nordeste,2034_Q1_labor_5h,350.188,0,827.016,1177.2,0
Nordeste,2034_Q1_labor_6h,397.467,0,828.358,1225.82,0
Nordeste,2034_Q1_labor_7h,439.5,0,814.863,1254.36,0
Nordeste,2034_Q1_labor_8h,518.465,0,811.461,1329.93,0
Nordeste,2034_Q1_labor_9h,598.092,0,814.262,1412.35,0
Nordeste,2034_Q1_labor_10h,648.54,0,815.127,1463.67,0
Nordeste,2034_Q1_labor_11h,690.718,0,823.759,1514.48,0
Nordeste,2034_Q1_labor_12h,717.326,0,837.551,1554.88,0
Nordeste,2034_Q1_labor_13h,701.511,0,846.587,1548.1,0
Nordeste,2034_Q1_labor_14h,686.852,0,864.694,1551.55,0
Nordeste,2034_Q1_labor_15h,675.504,0,891.478,1566.98,0
Nordeste,2034_Q1_labor_16h,648.099,0,915.404,1563.5,0
Nordeste,2034_Q1_labor_17h,620.112,0,917.089,1537.2,0
Nordeste,2034_Q1_labor_18h,590.289,0,916.918,1507.21,0
Nordeste,2034_Q1_labor_19h,673.584,0,912.087,1585.67,0
Nordeste,2034_Q1_labor_20h,700.214,0,903.091,1603.31,0
Nordeste,2034_Q1_labor_21h,666.605,0,896.37,1562.97,0
Nordeste,2034_Q1_labor_22h,594.316,0,900.678,1494.99,0
Nordeste,2034_Q1_labor_23h,519.239,0,885.55,1404.79,0
Nordeste,2034_Q1_holidays_0h,578.346,0,662.622,1240.97,0
Nordeste,2034_Q1_holidays_1h,558.405,0,654.151,1212.56,0
Nordeste,2034_Q1_holidays_2h,519.843,0,652.409,1172.25,0
Nordeste,2034_Q1_holidays_3h,485.141,0,653.973,1139.11,0
Nordeste,2034_Q1_holidays_4h,450.917,0,663.132,1114.05,0
Nordeste,2034_Q1_holidays_5h,434.133,0,666.404,1100.54,0
Nordeste,2034_Q1_holidays_6h,415.506,0,674.301,1089.81,0
Nordeste,2034_Q1_holidays_7h,339.256,0,716.968,1056.22,0
Nordeste,2034_Q1_holidays_8h,389.164,0,701.585,1090.75,0
Nordeste,2034_Q1_holidays_9h,463.724,0,689.649,1153.37,0
Nordeste,2034_Q1_holidays_10h,526.743,0,684.369,1211.11,0
Nordeste,2034_Q1_holidays_11h,571.759,0,685.885,1257.64,0
Nordeste,2034_Q1_holidays_12h,602.57,0,694.268,1296.84,0
Nordeste,2034_Q1_holidays_13h,607.511,0,706.298,1313.81,0
Nordeste,2034_Q1_holidays_14h,593.673,0,717.648,1311.32,0
Nordeste,2034_Q1_holidays_15h,612.048,0,686.106,1298.15,0
Nordeste,2034_Q1_holidays_16h,608.315,0,678.499,1286.81,0
Nordeste,2034_Q1_holidays_17h,592.666,0,683.966,1276.63,0
Nordeste,2034_Q1_holidays_18h,594.944,0,688.587,1283.53,0
Nordeste,2034_Q1_holidays_19h,664.064,0,729.319,1393.38,0
Nordeste,2034_Q1_holidays_20h,684.432,0,746.407,1430.84,0
Nordeste,2034_Q1_holidays_21h,677.874,0,735.163,1413.04,0
Nordeste,2034_Q1_holidays_22h,658.841,0,711.766,1370.61,0
Nordeste,2034_Q1_holidays_23h,626.434,0,682.957,1309.39,0
Nordeste,2034_Q2_labor_0h,1092.52,0,231.506,1324.02,0
Nordeste,2034_Q2_labor_1h,1016.05,0,230.31,1246.36,0
Nordeste,2034_Q2_labor_2h,968.878,0,235.773,1204.65,0
Nordeste,2034_Q2_labor_3h,931.96,0,242.98,1174.94,0
Nordeste,2034_Q2_labor_4h,914.183,0,247.318,1161.5,0
Nordeste,2034_Q2_labor_5h,946.803,0,239.159,1185.96,0
Nordeste,2034_Q2_labor_6h,1019.75,0,224.899,1244.65,0
Nordeste,2034_Q2_labor_7h,1039.58,0,230.119,1269.7,0
Nordeste,2034_Q2_labor_8h,1110.48,0,234.218,1344.7,0
Nordeste,2034_Q2_labor_9h,1173.36,0,249.029,1422.39,0
Nordeste,2034_Q2_labor_10h,1200.22,0,271.23,1471.45,0
Nordeste,2034_Q2_labor_11h,1258.96,0,265.46,1524.42,0
Nordeste,2034_Q2_labor_12h,1308.44,0,255.941,1564.38,0
Nordeste,2034_Q2_labor_13h,1298.56,0,253.668,1552.23,0
Nordeste,2034_Q2_labor_14h,1296.72,0,263.494,1560.22,0
Nordeste,2034_Q2_labor_15h,1287.61,0,290.625,1578.24,0
Nordeste,2034_Q2_labor_16h,1263.25,0,314.287,1577.53,0
Nordeste,2034_Q2_labor_17h,1231.83,0,320.387,1552.22,0
Nordeste,2034_Q2_labor_18h,1208.6,0,303.423,1512.02,0
Nordeste,2034_Q2_labor_19h,1239.93,0,346.77,1586.7,0
Nordeste,2034_Q2_labor_20h,1254.01,0,364.958,1618.97,0
Nordeste,2034_Q2_labor_21h,1239.37,0,342.492,1581.86,0
Nordeste,2034_Q2_labor_22h,1209.54,0,299.604,1509.15,0
Nordeste,2034_Q2_labor_23h,1158.22,0,253.068,1411.29,0
Nordeste,2034_Q2_holidays_0h,672.643,0,567.352,1239.99,0
Nordeste,2034_Q2_holidays_1h,667.495,0,565.379,1232.87,0
Nordeste,2034_Q2_holidays_2h,626.176,0,558.402,1184.58,0
Nordeste,2034_Q2_holidays_3h,586.066,0,561.45,1147.52,0
Nordeste,2034_Q2_holidays_4h,552.222,0,568.993,1121.21,0
Nordeste,2034_Q2_holidays_5h,534.684,0,573.819,1108.5,0
Nordeste,2034_Q2_holidays_6h,504.998,0,587.009,1092.01,0
Nordeste,2034_Q2_holidays_7h,449.053,0,619.647,1068.7,0
Nordeste,2034_Q2_holidays_8h,508.372,0,606.426,1114.8,0
Nordeste,2034_Q2_holidays_9h,590.8,0,583.81,1174.61,0
Nordeste,2034_Q2_holidays_10h,665.181,0,564.682,1229.86,0
Nordeste,2034_Q2_holidays_11h,722.948,0,552.18,1275.13,0
Nordeste,2034_Q2_holidays_12h,765.903,0,546.428,1312.33,0
Nordeste,2034_Q2_holidays_13h,780.303,0,548.359,1328.66,0
Nordeste,2034_Q2_holidays_14h,773.168,0,554.651,1327.82,0
Nordeste,2034_Q2_holidays_15h,748.492,0,561.822,1310.31,0
Nordeste,2034_Q2_holidays_16h,724.839,0,571.942,1296.78,0
Nordeste,2034_Q2_holidays_17h,704.451,0,581.349,1285.8,0
Nordeste,2034_Q2_holidays_18h,702.078,0,586.204,1288.28,0
Nordeste,2034_Q2_holidays_19h,741.869,0,652.714,1394.58,0
Nordeste,2034_Q2_holidays_20h,753.376,0,688.751,1442.13,0
Nordeste,2034_Q2_holidays_21h,749.247,0,674.919,1424.17,0
Nordeste,2034_Q2_holidays_22h,737.146,0,640.892,1378.04,0
Nordeste,2034_Q2_holidays_23h,713.386,0,598.66,1312.05,0
Nordeste,2034_Q3_labor_0h,1175.26,0,197.224,1372.48,0
Nordeste,2034_Q3_labor_1h,1065.55,0,227.805,1293.36,0
Nordeste,2034_Q3_labor_2h,1009.16,0,239.132,1248.29,0
Nordeste,2034_Q3_labor_3h,973.835,0,242.324,1216.16,0
Nordeste,2034_Q3_labor_4h,958.392,0,242.506,1200.9,0
Nordeste,2034_Q3_labor_5h,976.191,0,243.91,1220.1,0
Nordeste,2034_Q3_labor_6h,1027.94,0,236.756,1264.7,0
Nordeste,2034_Q3_labor_7h,1057.8,0,235.655,1293.46,0
Nordeste,2034_Q3_labor_8h,1146.7,0,228.555,1375.25,0
Nordeste,2034_Q3_labor_9h,1240.75,0,215.29,1456.04,0
Nordeste,2034_Q3_labor_10h,1299.03,0,208.974,1508,0
Nordeste,2034_Q3_labor_11h,1369.63,0,194.262,1563.89,0
Nordeste,2034_Q3_labor_12h,1419.93,0,185.626,1605.55,0
Nordeste,2034_Q3_labor_13h,1411.01,0,185.575,1596.58,0
Nordeste,2034_Q3_labor_14h,1412.42,0,192.624,1605.04,0
Nordeste,2034_Q3_labor_15h,1406.06,0,216.902,1622.96,0
Nordeste,2034_Q3_labor_16h,1381.18,0,237.844,1619.02,0
Nordeste,2034_Q3_labor_17h,1350.06,0,244.803,1594.86,0
Nordeste,2034_Q3_labor_18h,1323.64,0,226.432,1550.07,0
Nordeste,2034_Q3_labor_19h,1347.1,0,264.546,1611.65,0
Nordeste,2034_Q3_labor_20h,1364.25,0,294.057,1658.3,0
Nordeste,2034_Q3_labor_21h,1352.66,0,274.412,1627.08,0
Nordeste,2034_Q3_labor_22h,1327.04,0,231.026,1558.07,0
Nordeste,2034_Q3_labor_23h,1272.61,0,190.145,1462.76,0
Nordeste,2034_Q3_holidays_0h,677.038,0,603.949,1280.99,0
Nordeste,2034_Q3_holidays_1h,655.226,0,611.216,1266.44,0
Nordeste,2034_Q3_holidays_2h,571.161,0,649.031,1220.19,0
Nordeste,2034_Q3_holidays_3h,501.097,0,681.911,1183.01,0
Nordeste,2034_Q3_holidays_4h,458.513,0,696.481,1154.99,0
Nordeste,2034_Q3_holidays_5h,438.334,0,701.214,1139.55,0
Nordeste,2034_Q3_holidays_6h,417.412,0,703.634,1121.05,0
Nordeste,2034_Q3_holidays_7h,397.919,0,696.626,1094.55,0
Nordeste,2034_Q3_holidays_8h,444.202,0,697.023,1141.23,0
Nordeste,2034_Q3_holidays_9h,494.58,0,705.595,1200.17,0
Nordeste,2034_Q3_holidays_10h,540.107,0,710.7,1250.81,0
Nordeste,2034_Q3_holidays_11h,577.517,0,714.858,1292.38,0
Nordeste,2034_Q3_holidays_12h,618.932,0,708.261,1327.19,0
Nordeste,2034_Q3_holidays_13h,661.648,0,685.943,1347.59,0
Nordeste,2034_Q3_holidays_14h,691.534,0,657.353,1348.89,0
Nordeste,2034_Q3_holidays_15h,696.684,0,635.722,1332.41,0
Nordeste,2034_Q3_holidays_16h,702.705,0,615.089,1317.79,0
Nordeste,2034_Q3_holidays_17h,703.988,0,602.802,1306.79,0
Nordeste,2034_Q3_holidays_18h,706.661,0,601.562,1308.22,0
Nordeste,2034_Q3_holidays_19h,758.005,0,646.089,1404.09,0
Nordeste,2034_Q3_holidays_20h,774.151,0,692.908,1467.06,0
Nordeste,2034_Q3_holidays_21h,770.739,0,682.123,1452.86,0
Nordeste,2034_Q3_holidays_22h,761.267,0,653.229,1414.5,0
Nordeste,2034_Q3_holidays_23h,738.086,0,612.914,1351,0
Nordeste,2034_Q4_labor_0h,1436.24,0,-1.48113,1434.76,0
Nordeste,2034_Q4_labor_1h,1199.91,0,153.277,1353.18,0
Nordeste,2034_Q4_labor_2h,1076.23,0,230.707,1306.93,0
Nordeste,2034_Q4_labor_3h,990.064,0,284.841,1274.91,0
Nordeste,2034_Q4_labor_4h,950.347,0,308.873,1259.22,0
Nordeste,2034_Q4_labor_5h,1048.37,0,231.363,1279.74,0
Nordeste,2034_Q4_labor_6h,1183.85,0,142.156,1326,0
Nordeste,2034_Q4_labor_7h,1222.68,0,133.915,1356.59,0
Nordeste,2034_Q4_labor_8h,1319.33,0,121.15,1440.48,0
Nordeste,2034_Q4_labor_9h,1430.54,0,91.7598,1522.3,0
Nordeste,2034_Q4_labor_10h,1498.14,0,77.4566,1575.6,0
Nordeste,2034_Q4_labor_11h,1656.54,0,-24.8787,1631.66,0
Nordeste,2034_Q4_labor_12h,1865.55,0,-192.778,1672.77,0
Nordeste,2034_Q4_labor_13h,1880.47,0,-214.63,1665.84,0
Nordeste,2034_Q4_labor_14h,1843.79,0,-168.25,1675.54,0
Nordeste,2034_Q4_labor_15h,1800.6,0,-106.599,1694,0
Nordeste,2034_Q4_labor_16h,1757.66,0,-67.2155,1690.44,0
Nordeste,2034_Q4_labor_17h,1724.4,0,-56.322,1668.07,0
Nordeste,2034_Q4_labor_18h,1717.26,0,-67.2313,1650.03,0
Nordeste,2034_Q4_labor_19h,1717.27,0,14.0893,1731.36,0
Nordeste,2034_Q4_labor_20h,1717.27,0,11.2533,1728.52,0
Nordeste,2034_Q4_labor_21h,1717.27,0,-25.447,1691.82,0
Nordeste,2034_Q4_labor_22h,1717.26,0,-95.8045,1621.46,0
Nordeste,2034_Q4_labor_23h,1694.67,0,-169.282,1525.39,0
Nordeste,2034_Q4_holidays_0h,1074.89,0,258.569,1333.46,0
Nordeste,2034_Q4_holidays_1h,1023.88,0,281.74,1305.62,0
Nordeste,2034_Q4_holidays_2h,953.399,0,305.76,1259.16,0
Nordeste,2034_Q4_holidays_3h,902.409,0,317.793,1220.2,0
Nordeste,2034_Q4_holidays_4h,863.811,0,322.301,1186.11,0
Nordeste,2034_Q4_holidays_5h,849.299,0,322.273,1171.57,0
Nordeste,2034_Q4_holidays_6h,830.566,0,323.154,1153.72,0
Nordeste,2034_Q4_holidays_7h,804.242,0,325.202,1129.44,0
Nordeste,2034_Q4_holidays_8h,848.715,0,326.733,1175.45,0
Nordeste,2034_Q4_holidays_9h,909.145,0,327.692,1236.84,0
Nordeste,2034_Q4_holidays_10h,964.261,0,328.552,1292.81,0
Nordeste,2034_Q4_holidays_11h,1015.74,0,327.433,1343.18,0
Nordeste,2034_Q4_holidays_12h,1061.46,0,322.9,1384.36,0
Nordeste,2034_Q4_holidays_13h,1104.11,0,300.055,1404.17,0
Nordeste,2034_Q4_holidays_14h,1207.11,0,197.002,1404.11,0
Nordeste,2034_Q4_holidays_15h,1246.71,0,141.51,1388.22,0
Nordeste,2034_Q4_holidays_16h,1236,0,142.437,1378.44,0
Nordeste,2034_Q4_holidays_17h,1196.4,0,172.367,1368.77,0
Nordeste,2034_Q4_holidays_18h,1193.37,0,201.083,1394.46,0
Nordeste,2034_Q4_holidays_19h,1342.51,0,168.885,1511.39,0
Nordeste,2034_Q4_holidays_20h,1370.93,0,162.453,1533.38,0
Nordeste,2034_Q4_holidays_21h,1354.75,0,159.973,1514.73,0
Nordeste,2034_Q4_holidays_22h,1293.44,0,179.487,1472.92,0
Nordeste,2034_Q4_holidays_23h,1207.57,0,200.511,1408.08,0
Nordeste,2035_Q1_labor_0h,502.156,0,853.108,1355.26,0
Nordeste,2035_Q1_labor_1h,438.909,0,835.198,1274.11,0
Nordeste,2035_Q1_labor_2h,406.472,0,824.264,1230.74,0
Nordeste,2035_Q1_labor_3h,383.938,0,816.251,1200.19,0
Nordeste,2035_Q1_labor_4h,371.866,0,811.95,1183.82,0
Nordeste,2035_Q1_labor_5h,383.355,0,815.899,1199.25,0
Nordeste,2035_Q1_labor_6h,419.074,0,825.059,1244.13,0
Nordeste,2035_Q1_labor_7h,435.22,0,830.855,1266.07,0
Nordeste,2035_Q1_labor_8h,485.526,0,852.458,1337.98,0
Nordeste,2035_Q1_labor_9h,542.465,0,876.348,1418.81,0
Nordeste,2035_Q1_labor_10h,576.632,0,894.86,1471.49,0
Nordeste,2035_Q1_labor_11h,615.224,0,908.451,1523.67,0
Nordeste,2035_Q1_labor_12h,650.295,0,916.262,1566.56,0
Nordeste,2035_Q1_labor_13h,648.861,0,914.619,1563.48,0
Nordeste,2035_Q1_labor_14h,655.667,0,913.996,1569.66,0
Nordeste,2035_Q1_labor_15h,671.23,0,915.654,1586.88,0
Nordeste,2035_Q1_labor_16h,667.247,0,916.195,1583.44,0
Nordeste,2035_Q1_labor_17h,648.513,0,909.809,1558.32,0
Nordeste,2035_Q1_labor_18h,632.203,0,896.506,1528.71,0
Nordeste,2035_Q1_labor_19h,683.546,0,927.888,1611.43,0
Nordeste,2035_Q1_labor_20h,696.968,0,936.837,1633.8,0
Nordeste,2035_Q1_labor_21h,674.535,0,922.577,1597.11,0
Nordeste,2035_Q1_labor_22h,633.964,0,898.019,1531.98,0
Nordeste,2035_Q1_labor_23h,570.729,0,871.162,1441.89,0
Nordeste,2035_Q1_holidays_0h,664.837,0,642.483,1307.32,0
Nordeste,2035_Q1_holidays_1h,664.756,0,642.477,1307.23,0
Nordeste,2035_Q1_holidays_2h,626.225,0,636.704,1262.93,0
Nordeste,2035_Q1_holidays_3h,591.853,0,633.725,1225.58,0
Nordeste,2035_Q1_holidays_4h,575.319,0,632.891,1208.21,0
Nordeste,2035_Q1_holidays_5h,579.192,0,632.937,1212.13,0
Nordeste,2035_Q1_holidays_6h,595.24,0,636.642,1231.88,0
Nordeste,2035_Q1_holidays_7h,585.478,0,655.96,1241.44,0
Nordeste,2035_Q1_holidays_8h,629.552,0,682.517,1312.07,0
Nordeste,2035_Q1_holidays_9h,695.992,0,704.697,1400.69,0
Nordeste,2035_Q1_holidays_10h,737.108,0,724.073,1461.18,0
Nordeste,2035_Q1_holidays_11h,779.147,0,730.855,1510,0
Nordeste,2035_Q1_holidays_12h,818.733,0,724.119,1542.85,0
Nordeste,2035_Q1_holidays_13h,825.028,0,712.171,1537.2,0
Nordeste,2035_Q1_holidays_14h,822.024,0,697.024,1519.05,0
Nordeste,2035_Q1_holidays_15h,810.722,0,686.938,1497.66,0
Nordeste,2035_Q1_holidays_16h,799.157,0,685.98,1485.14,0
Nordeste,2035_Q1_holidays_17h,780.806,0,682.171,1462.98,0
Nordeste,2035_Q1_holidays_18h,782.427,0,680.071,1462.5,0
Nordeste,2035_Q1_holidays_19h,843.462,0,720.886,1564.35,0
Nordeste,2035_Q1_holidays_20h,850.806,0,727.203,1578.01,0
Nordeste,2035_Q1_holidays_21h,824.433,0,706.528,1530.96,0
Nordeste,2035_Q1_holidays_22h,779.312,0,678.971,1458.28,0
Nordeste,2035_Q1_holidays_23h,721.992,0,656.545,1378.54,0
Nordeste,2035_Q2_labor_0h,723.316,0,630.793,1354.11,0
Nordeste,2035_Q2_labor_1h,660.212,0,616.558,1276.77,0
Nordeste,2035_Q2_labor_2h,618.715,0,614.656,1233.37,0
Nordeste,2035_Q2_labor_3h,585.044,0,616.876,1201.92,0
Nordeste,2035_Q2_labor_4h,567.359,0,619.213,1186.57,0
Nordeste,2035_Q2_labor_5h,593.222,0,615.519,1208.74,0
Nordeste,2035_Q2_labor_6h,648.197,0,616.266,1264.46,0
Nordeste,2035_Q2_labor_7h,638.988,0,642.704,1281.69,0
Nordeste,2035_Q2_labor_8h,680.497,0,671.587,1352.08,0
Nordeste,2035_Q2_labor_9h,727.383,0,700.188,1427.57,0
Nordeste,2035_Q2_labor_10h,749.761,0,728.034,1477.79,0
Nordeste,2035_Q2_labor_11h,804.989,0,726.727,1531.72,0
Nordeste,2035_Q2_labor_12h,859.265,0,714.391,1573.66,0
Nordeste,2035_Q2_labor_13h,860.144,0,704.882,1565.03,0
Nordeste,2035_Q2_labor_14h,875.49,0,700.784,1576.27,0
Nordeste,2035_Q2_labor_15h,880.229,0,714.844,1595.07,0
Nordeste,2035_Q2_labor_16h,867.527,0,726.118,1593.64,0
Nordeste,2035_Q2_labor_17h,843.734,0,725.29,1569.02,0
Nordeste,2035_Q2_labor_18h,820.355,0,709.585,1529.94,0
Nordeste,2035_Q2_labor_19h,861.32,0,747.988,1609.31,0
Nordeste,2035_Q2_labor_20h,886.021,0,760.483,1646.5,0
Nordeste,2035_Q2_labor_21h,867.155,0,744.953,1612.11,0
Nordeste,2035_Q2_labor_22h,831.184,0,710.517,1541.7,0
Nordeste,2035_Q2_labor_23h,780.644,0,663.23,1443.87,0
Nordeste,2035_Q2_holidays_0h,961.21,0,374.548,1335.76,0
Nordeste,2035_Q2_holidays_1h,937.711,0,374.548,1312.26,0
Nordeste,2035_Q2_holidays_2h,890.658,0,374.548,1265.21,0
Nordeste,2035_Q2_holidays_3h,857.627,0,374.548,1232.18,0
Nordeste,2035_Q2_holidays_4h,839.696,0,374.548,1214.24,0
Nordeste,2035_Q2_holidays_5h,844.996,0,374.548,1219.54,0
Nordeste,2035_Q2_holidays_6h,856.751,0,374.548,1231.3,0
Nordeste,2035_Q2_holidays_7h,884.814,0,374.548,1259.36,0
Nordeste,2035_Q2_holidays_8h,973.958,0,374.548,1348.51,0
Nordeste,2035_Q2_holidays_9h,1063.11,0,374.548,1437.66,0
Nordeste,2035_Q2_holidays_10h,1121.93,0,374.548,1496.48,0
Nordeste,2035_Q2_holidays_11h,1172.39,0,374.548,1546.94,0
Nordeste,2035_Q2_holidays_12h,1205.95,0,374.548,1580.5,0
Nordeste,2035_Q2_holidays_13h,1199.17,0,374.548,1573.72,0
Nordeste,2035_Q2_holidays_14h,1179.98,0,374.548,1554.53,0
Nordeste,2035_Q2_holidays_15h,1160.49,0,374.548,1535.04,0
Nordeste,2035_Q2_holidays_16h,1150.81,0,374.548,1525.36,0
Nordeste,2035_Q2_holidays_17h,1130.67,0,374.548,1505.22,0
Nordeste,2035_Q2_holidays_18h,1119.13,0,374.548,1493.67,0
Nordeste,2035_Q2_holidays_19h,1213.77,0,374.548,1588.32,0
Nordeste,2035_Q2_holidays_20h,1238.66,0,374.548,1613.21,0
Nordeste,2035_Q2_holidays_21h,1196.91,0,374.548,1571.46,0
Nordeste,2035_Q2_holidays_22h,1122.14,0,374.548,1496.69,0
Nordeste,2035_Q2_holidays_23h,1036.13,0,374.548,1410.68,0
Nordeste,2035_Q3_labor_0h,891.804,0,513.091,1404.89,0
Nordeste,2035_Q3_labor_1h,779.925,0,542.268,1322.19,0
Nordeste,2035_Q3_labor_2h,707.317,0,568.678,1275.99,0
Nordeste,2035_Q3_labor_3h,655.957,0,586.628,1242.58,0
Nordeste,2035_Q3_labor_4h,631.725,0,593.895,1225.62,0
Nordeste,2035_Q3_labor_5h,650.991,0,591.378,1242.37,0
Nordeste,2035_Q3_labor_6h,694.575,0,589.133,1283.71,0
Nordeste,2035_Q3_labor_7h,682.483,0,621.819,1304.3,0
Nordeste,2035_Q3_labor_8h,734.93,0,646.875,1381.8,0
Nordeste,2035_Q3_labor_9h,790.639,0,669.71,1460.35,0
Nordeste,2035_Q3_labor_10h,823.707,0,689.185,1512.89,0
Nordeste,2035_Q3_labor_11h,879.198,0,689.973,1569.17,0
Nordeste,2035_Q3_labor_12h,949.583,0,662.846,1612.43,0
Nordeste,2035_Q3_labor_13h,975.785,0,632.683,1608.47,0
Nordeste,2035_Q3_labor_14h,1037.2,0,583.645,1620.85,0
Nordeste,2035_Q3_labor_15h,1065.08,0,573.951,1639.03,0
Nordeste,2035_Q3_labor_16h,1051.67,0,582.987,1634.65,0
Nordeste,2035_Q3_labor_17h,1024.45,0,586.648,1611.1,0
Nordeste,2035_Q3_labor_18h,996.049,0,572.166,1568.21,0
Nordeste,2035_Q3_labor_19h,1022.71,0,612.235,1634.94,0
Nordeste,2035_Q3_labor_20h,1049.89,0,637.97,1687.86,0
Nordeste,2035_Q3_labor_21h,1034.82,0,625.342,1660.16,0
Nordeste,2035_Q3_labor_22h,1006.38,0,586.834,1593.22,0
Nordeste,2035_Q3_labor_23h,963.903,0,533.346,1497.25,0
Nordeste,2035_Q3_holidays_0h,1011.28,0,361.361,1372.64,0
Nordeste,2035_Q3_holidays_1h,1000.39,0,364.6,1364.99,0
Nordeste,2035_Q3_holidays_2h,937.506,0,378.511,1316.02,0
Nordeste,2035_Q3_holidays_3h,893.495,0,386.138,1279.63,0
Nordeste,2035_Q3_holidays_4h,874.849,0,383.498,1258.35,0
Nordeste,2035_Q3_holidays_5h,879.747,0,381.092,1260.84,0
Nordeste,2035_Q3_holidays_6h,883.957,0,385.786,1269.74,0
Nordeste,2035_Q3_holidays_7h,902.232,0,395.055,1297.29,0
Nordeste,2035_Q3_holidays_8h,981.575,0,404.778,1386.35,0
Nordeste,2035_Q3_holidays_9h,1058.94,0,416.485,1475.43,0
Nordeste,2035_Q3_holidays_10h,1110.32,0,423.224,1533.55,0
Nordeste,2035_Q3_holidays_11h,1162.02,0,422.147,1584.16,0
Nordeste,2035_Q3_holidays_12h,1201.33,0,416.593,1617.92,0
Nordeste,2035_Q3_holidays_13h,1198.7,0,408.155,1606.86,0
Nordeste,2035_Q3_holidays_14h,1193.44,0,392.501,1585.94,0
Nordeste,2035_Q3_holidays_15h,1204.66,0,365.931,1570.59,0
Nordeste,2035_Q3_holidays_16h,1207.26,0,350.249,1557.51,0
Nordeste,2035_Q3_holidays_17h,1193.67,0,344.402,1538.08,0
Nordeste,2035_Q3_holidays_18h,1168.13,0,351.698,1519.82,0
Nordeste,2035_Q3_holidays_19h,1233.86,0,364.621,1598.48,0
Nordeste,2035_Q3_holidays_20h,1255.59,0,378.205,1633.8,0
Nordeste,2035_Q3_holidays_21h,1227.48,0,364.534,1592.01,0
Nordeste,2035_Q3_holidays_22h,1175.72,0,351.657,1527.38,0
Nordeste,2035_Q3_holidays_23h,1098.63,0,349.976,1448.6,0
Nordeste,2035_Q4_labor_0h,1323.08,0,147.524,1470.61,0
Nordeste,2035_Q4_labor_1h,1163.09,0,217.035,1380.13,0
Nordeste,2035_Q4_labor_2h,1106.9,0,226.174,1333.07,0
Nordeste,2035_Q4_labor_3h,1073.27,0,226.264,1299.54,0
Nordeste,2035_Q4_labor_4h,1057.2,0,223.969,1281.17,0
Nordeste,2035_Q4_labor_5h,1081.53,0,218.372,1299.91,0
Nordeste,2035_Q4_labor_6h,1138.7,0,204.614,1343.32,0
Nordeste,2035_Q4_labor_7h,1168.05,0,198.63,1366.67,0
Nordeste,2035_Q4_labor_8h,1242.1,0,204.552,1446.66,0
Nordeste,2035_Q4_labor_9h,1323.46,0,202.963,1526.42,0
Nordeste,2035_Q4_labor_10h,1380.68,0,199.683,1580.36,0
Nordeste,2035_Q4_labor_11h,1490.43,0,147.467,1637.9,0
Nordeste,2035_Q4_labor_12h,1651.98,0,30.4728,1682.46,0
Nordeste,2035_Q4_labor_13h,1725.96,0,-45.89,1680.07,0
Nordeste,2035_Q4_labor_14h,1710.25,0,-17.1989,1693.05,0
Nordeste,2035_Q4_labor_15h,1669.87,0,42.3778,1712.25,0
Nordeste,2035_Q4_labor_16h,1626.42,0,83.1641,1709.59,0
Nordeste,2035_Q4_labor_17h,1591.63,0,96.1672,1687.8,0
Nordeste,2035_Q4_labor_18h,1583.93,0,87.8983,1671.83,0
Nordeste,2035_Q4_labor_19h,1585.52,0,173.509,1759.03,0
Nordeste,2035_Q4_labor_20h,1585.57,0,176.639,1762.2,0
Nordeste,2035_Q4_labor_21h,1584.97,0,144.874,1729.84,0
Nordeste,2035_Q4_labor_22h,1583.54,0,77.652,1661.2,0
Nordeste,2035_Q4_labor_23h,1513.31,0,50.7811,1564.09,0
Nordeste,2035_Q4_holidays_0h,1271.94,0,144.677,1416.62,0
Nordeste,2035_Q4_holidays_1h,1294.36,0,132.355,1426.71,0
Nordeste,2035_Q4_holidays_2h,1232.58,0,142.764,1375.35,0
Nordeste,2035_Q4_holidays_3h,1186.83,0,151.667,1338.49,0
Nordeste,2035_Q4_holidays_4h,1161.57,0,155.063,1316.63,0
Nordeste,2035_Q4_holidays_5h,1166.55,0,149.512,1316.06,0
Nordeste,2035_Q4_holidays_6h,1180.74,0,142.386,1323.13,0
Nordeste,2035_Q4_holidays_7h,1205.45,0,141.554,1347.01,0
Nordeste,2035_Q4_holidays_8h,1287.62,0,145.34,1432.96,0
Nordeste,2035_Q4_holidays_9h,1381.78,0,141.466,1523.25,0
Nordeste,2035_Q4_holidays_10h,1443.9,0,142.715,1586.61,0
Nordeste,2035_Q4_holidays_11h,1523.57,0,116.166,1639.74,0
Nordeste,2035_Q4_holidays_12h,1610.09,0,58.7935,1668.89,0
Nordeste,2035_Q4_holidays_13h,1661.27,0,-0.504221,1660.77,0
Nordeste,2035_Q4_holidays_14h,1681.6,0,-38.8425,1642.76,0
Nordeste,2035_Q4_holidays_15h,1658.88,0,-33.5311,1625.35,0
Nordeste,2035_Q4_holidays_16h,1625.61,0,-16.4052,1609.2,0
Nordeste,2035_Q4_holidays_17h,1579.86,0,11.8785,1591.74,0
Nordeste,2035_Q4_holidays_18h,1566.66,0,35.852,1602.52,0
Nordeste,2035_Q4_holidays_19h,1637.7,0,64.6404,1702.34,0
Nordeste,2035_Q4_holidays_20h,1589.54,0,98.876,1688.41,0
Nordeste,2035_Q4_holidays_21h,1570.82,0,65.7353,1636.56,0
Nordeste,2035_Q4_holidays_22h,1519.06,0,51.4836,1570.55,0
Nordeste,2035_Q4_holidays_23h,1392.64,0,100.043,1492.68,0
Oriental,2023_Q1_labor_0h,1045.84,0,1111.04,2156.87,0
Oriental,2023_Q1_labor_1h,909.424,0,1126.7,2036.12,0
Oriental,2023_Q1_labor_2h,834.347,0,1132.21,1966.56,0
Oriental,2023_Q1_labor_3h,783.326,0,1133.92,1917.25,0
Oriental,2023_Q1_labor_4h,759.537,0,1134.02,1893.56,0
Oriental,2023_Q1_labor_5h,788.906,0,1133.85,1922.75,0
Oriental,2023_Q1_labor_6h,871.495,0,1130.38,2001.87,0
Oriental,2023_Q1_labor_7h,919.607,0,1128.91,2048.51,0
Oriental,2023_Q1_labor_8h,1053.39,0,1118.78,2172.17,0
Oriental,2023_Q1_labor_9h,1203.33,0,1103.51,2306.84,0
Oriental,2023_Q1_labor_10h,1297.02,0,1093.69,2390.71,0
Oriental,2023_Q1_labor_11h,1392.02,0,1081.66,2473.68,0
Oriental,2023_Q1_labor_12h,1469.65,0,1069.99,2539.64,0
Oriental,2023_Q1_labor_13h,1459.09,0,1069.49,2528.58,0
Oriental,2023_Q1_labor_14h,1470,0,1064.1,2534.1,0
Oriental,2023_Q1_labor_15h,1505.41,0,1053.81,2559.22,0
Oriental,2023_Q1_labor_16h,1504.75,0,1048.76,2553.51,0
Oriental,2023_Q1_labor_17h,1459.6,0,1050.94,2510.54,0
Oriental,2023_Q1_labor_18h,1404.52,0,1057.3,2461.83,0
Oriental,2023_Q1_labor_19h,1554.22,0,1035.98,2590.19,0
Oriental,2023_Q1_labor_20h,1586.61,0,1031.94,2618.55,0
Oriental,2023_Q1_labor_21h,1510.33,0,1042.3,2552.63,0
Oriental,2023_Q1_labor_22h,1380.17,0,1061.41,2441.58,0
Oriental,2023_Q1_labor_23h,1206.63,0,1087.7,2294.33,0
Oriental,2023_Q1_holidays_0h,989.068,0,1035.28,2024.35,0
Oriental,2023_Q1_holidays_1h,936.214,0,1041.74,1977.95,0
Oriental,2023_Q1_holidays_2h,863.689,0,1048.5,1912.19,0
Oriental,2023_Q1_holidays_3h,806.341,0,1051.78,1858.12,0
Oriental,2023_Q1_holidays_4h,764.992,0,1052.21,1817.2,0
Oriental,2023_Q1_holidays_5h,743.01,0,1052.14,1795.15,0
Oriental,2023_Q1_holidays_6h,726.29,0,1051.37,1777.66,0
Oriental,2023_Q1_holidays_7h,676.837,0,1046.09,1722.93,0
Oriental,2023_Q1_holidays_8h,729.484,0,1049.9,1779.38,0
Oriental,2023_Q1_holidays_9h,826.545,0,1055,1881.55,0
Oriental,2023_Q1_holidays_10h,921.028,0,1054.75,1975.77,0
Oriental,2023_Q1_holidays_11h,1000.77,0,1050.94,2051.71,0
Oriental,2023_Q1_holidays_12h,1071.82,0,1043.9,2115.73,0
Oriental,2023_Q1_holidays_13h,1105.57,0,1037.78,2143.35,0
Oriental,2023_Q1_holidays_14h,1104.78,0,1034.5,2139.29,0
Oriental,2023_Q1_holidays_15h,1085.31,0,1032.5,2117.81,0
Oriental,2023_Q1_holidays_16h,1069.43,0,1029.81,2099.24,0
Oriental,2023_Q1_holidays_17h,1055.16,0,1027.43,2082.59,0
Oriental,2023_Q1_holidays_18h,1071.3,0,1022.78,2094.08,0
Oriental,2023_Q1_holidays_19h,1286.98,0,986.444,2273.43,0
Oriental,2023_Q1_holidays_20h,1360.39,0,973.719,2334.11,0
Oriental,2023_Q1_holidays_21h,1324.46,0,980.596,2305.06,0
Oriental,2023_Q1_holidays_22h,1240.34,0,995.486,2235.82,0
Oriental,2023_Q1_holidays_23h,1119.42,0,1016.56,2135.98,0
Oriental,2023_Q2_labor_0h,1012.87,0,1127.92,2140.79,0
Oriental,2023_Q2_labor_1h,864.516,0,1150.7,2015.21,0
Oriental,2023_Q2_labor_2h,780.68,0,1167.1,1947.78,0
Oriental,2023_Q2_labor_3h,724.946,0,1174.79,1899.74,0
Oriental,2023_Q2_labor_4h,700.732,0,1177.28,1878.01,0
Oriental,2023_Q2_labor_5h,745.575,0,1171.99,1917.56,0
Oriental,2023_Q2_labor_6h,855.4,0,1157.06,2012.46,0
Oriental,2023_Q2_labor_7h,893.992,0,1158.96,2052.96,0
Oriental,2023_Q2_labor_8h,1041.17,0,1133.05,2174.22,0
Oriental,2023_Q2_labor_9h,1180.03,0,1119.8,2299.83,0
Oriental,2023_Q2_labor_10h,1268.75,0,1110.42,2379.17,0
Oriental,2023_Q2_labor_11h,1368.9,0,1095.9,2464.8,0
Oriental,2023_Q2_labor_12h,1447.66,0,1081.75,2529.41,0
Oriental,2023_Q2_labor_13h,1426.07,0,1083.7,2509.77,0
Oriental,2023_Q2_labor_14h,1446.47,0,1076.22,2522.69,0
Oriental,2023_Q2_labor_15h,1488.08,0,1063.74,2551.83,0
Oriental,2023_Q2_labor_16h,1492.82,0,1057.87,2550.68,0
Oriental,2023_Q2_labor_17h,1447.13,0,1062.62,2509.75,0
Oriental,2023_Q2_labor_18h,1368.96,0,1075.8,2444.76,0
Oriental,2023_Q2_labor_19h,1517.92,0,1047.6,2565.51,0
Oriental,2023_Q2_labor_20h,1582.05,0,1035.63,2617.68,0
Oriental,2023_Q2_labor_21h,1508.36,0,1049.32,2557.68,0
Oriental,2023_Q2_labor_22h,1363.24,0,1076.88,2440.12,0
Oriental,2023_Q2_labor_23h,1172.44,0,1109.44,2281.89,0
Oriental,2023_Q2_holidays_0h,859.877,0,1145.05,2004.93,0
Oriental,2023_Q2_holidays_1h,847.351,0,1146.06,1993.41,0
Oriental,2023_Q2_holidays_2h,768.325,0,1147,1915.32,0
Oriental,2023_Q2_holidays_3h,713.7,0,1141.7,1855.4,0
Oriental,2023_Q2_holidays_4h,677.586,0,1135.29,1812.87,0
Oriental,2023_Q2_holidays_5h,661.393,0,1130.93,1792.32,0
Oriental,2023_Q2_holidays_6h,642.413,0,1123.24,1765.65,0
Oriental,2023_Q2_holidays_7h,620.994,0,1106.97,1727.96,0
Oriental,2023_Q2_holidays_8h,679.989,0,1122.51,1802.5,0
Oriental,2023_Q2_holidays_9h,759.7,0,1139.51,1899.21,0
Oriental,2023_Q2_holidays_10h,838.946,0,1149.6,1988.55,0
Oriental,2023_Q2_holidays_11h,909.519,0,1152.21,2061.73,0
Oriental,2023_Q2_holidays_12h,972.239,0,1149.65,2121.89,0
Oriental,2023_Q2_holidays_13h,1002.77,0,1145.52,2148.29,0
Oriental,2023_Q2_holidays_14h,1004.43,0,1142.49,2146.93,0
Oriental,2023_Q2_holidays_15h,976.804,0,1141.82,2118.63,0
Oriental,2023_Q2_holidays_16h,955.955,0,1140.79,2096.74,0
Oriental,2023_Q2_holidays_17h,939.467,0,1139.52,2078.99,0
Oriental,2023_Q2_holidays_18h,945.923,0,1137.08,2083,0
Oriental,2023_Q2_holidays_19h,1157.79,0,1097.09,2254.88,0
Oriental,2023_Q2_holidays_20h,1258.44,0,1073.32,2331.75,0
Oriental,2023_Q2_holidays_21h,1220.28,0,1082.43,2302.71,0
Oriental,2023_Q2_holidays_22h,1123.41,0,1104.71,2228.12,0
Oriental,2023_Q2_holidays_23h,991.593,0,1129.83,2121.43,0
Oriental,2023_Q3_labor_0h,1381.75,0,837.392,2219.14,0
Oriental,2023_Q3_labor_1h,1273.31,0,817.898,2091.2,0
Oriental,2023_Q3_labor_2h,1194.12,0,824.224,2018.34,0
Oriental,2023_Q3_labor_3h,1129.37,0,837.014,1966.39,0
Oriental,2023_Q3_labor_4h,1095.91,0,845.804,1941.71,0
Oriental,2023_Q3_labor_5h,1137.23,0,835.53,1972.76,0
Oriental,2023_Q3_labor_6h,1221.1,0,823.772,2044.87,0
Oriental,2023_Q3_labor_7h,1268.19,0,823.179,2091.37,0
Oriental,2023_Q3_labor_8h,1394.83,0,828.791,2223.62,0
Oriental,2023_Q3_labor_9h,1511.59,0,842.656,2354.24,0
Oriental,2023_Q3_labor_10h,1591.27,0,846.994,2438.27,0
Oriental,2023_Q3_labor_11h,1681.72,0,846.902,2528.63,0
Oriental,2023_Q3_labor_12h,1753.11,0,842.875,2595.99,0
Oriental,2023_Q3_labor_13h,1738.19,0,843.298,2581.48,0
Oriental,2023_Q3_labor_14h,1754.41,0,840.757,2595.17,0
Oriental,2023_Q3_labor_15h,1788.68,0,835.455,2624.13,0
Oriental,2023_Q3_labor_16h,1784.02,0,833.752,2617.77,0
Oriental,2023_Q3_labor_17h,1742.29,0,836.416,2578.71,0
Oriental,2023_Q3_labor_18h,1663.05,0,843.235,2506.29,0
Oriental,2023_Q3_labor_19h,1773.69,0,832.162,2605.85,0
Oriental,2023_Q3_labor_20h,1858.78,0,822.499,2681.28,0
Oriental,2023_Q3_labor_21h,1801.8,0,828.997,2630.79,0
Oriental,2023_Q3_labor_22h,1677.24,0,841.975,2519.21,0
Oriental,2023_Q3_labor_23h,1516.1,0,849.012,2365.11,0
Oriental,2023_Q3_holidays_0h,1218.86,0,852.35,2071.21,0
Oriental,2023_Q3_holidays_1h,1197.8,0,849.886,2047.69,0
Oriental,2023_Q3_holidays_2h,1129.73,0,843.173,1972.91,0
Oriental,2023_Q3_holidays_3h,1073.81,0,838.981,1912.79,0
Oriental,2023_Q3_holidays_4h,1030.75,0,836.74,1867.49,0
Oriental,2023_Q3_holidays_5h,1006.52,0,835.995,1842.51,0
Oriental,2023_Q3_holidays_6h,977.613,0,834.987,1812.6,0
Oriental,2023_Q3_holidays_7h,934.333,0,835.422,1769.76,0
Oriental,2023_Q3_holidays_8h,1008.71,0,836.522,1845.23,0
Oriental,2023_Q3_holidays_9h,1101.28,0,839.266,1940.54,0
Oriental,2023_Q3_holidays_10h,1178.85,0,843.558,2022.41,0
Oriental,2023_Q3_holidays_11h,1241.1,0,848.522,2089.62,0
Oriental,2023_Q3_holidays_12h,1292.1,0,853.821,2145.92,0
Oriental,2023_Q3_holidays_13h,1321.04,0,857.863,2178.9,0
Oriental,2023_Q3_holidays_14h,1321.84,0,859.153,2180.99,0
Oriental,2023_Q3_holidays_15h,1296.46,0,857.886,2154.34,0
Oriental,2023_Q3_holidays_16h,1273.92,0,856.8,2130.72,0
Oriental,2023_Q3_holidays_17h,1256.7,0,856.227,2112.93,0
Oriental,2023_Q3_holidays_18h,1258.85,0,856.396,2115.25,0
Oriental,2023_Q3_holidays_19h,1409.23,0,861.022,2270.26,0
Oriental,2023_Q3_holidays_20h,1519.48,0,852.586,2372.06,0
Oriental,2023_Q3_holidays_21h,1493.75,0,855.361,2349.11,0
Oriental,2023_Q3_holidays_22h,1426.91,0,860.162,2287.07,0
Oriental,2023_Q3_holidays_23h,1323.58,0,860.823,2184.41,0
Oriental,2023_Q4_labor_0h,1181,0,1138.84,2319.83,0
Oriental,2023_Q4_labor_1h,1034.15,0,1153.79,2187.94,0
Oriental,2023_Q4_labor_2h,956.078,0,1157.08,2113.16,0
Oriental,2023_Q4_labor_3h,902.444,0,1158.93,2061.37,0
Oriental,2023_Q4_labor_4h,876.21,0,1159.8,2036.01,0
Oriental,2023_Q4_labor_5h,910.53,0,1158.65,2069.18,0
Oriental,2023_Q4_labor_6h,987.678,0,1156.32,2143.99,0
Oriental,2023_Q4_labor_7h,1037.54,0,1155.91,2193.45,0
Oriental,2023_Q4_labor_8h,1181.46,0,1147.63,2329.09,0
Oriental,2023_Q4_labor_9h,1331.47,0,1129.91,2461.39,0
Oriental,2023_Q4_labor_10h,1434.78,0,1112.78,2547.55,0
Oriental,2023_Q4_labor_11h,1554.75,0,1083.46,2638.21,0
Oriental,2023_Q4_labor_12h,1636.46,0,1068.22,2704.68,0
Oriental,2023_Q4_labor_13h,1625.26,0,1068.21,2693.47,0
Oriental,2023_Q4_labor_14h,1649.1,0,1060.06,2709.16,0
Oriental,2023_Q4_labor_15h,1692.06,0,1046.95,2739.01,0
Oriental,2023_Q4_labor_16h,1690.85,0,1042.4,2733.25,0
Oriental,2023_Q4_labor_17h,1650.82,0,1046.26,2697.08,0
Oriental,2023_Q4_labor_18h,1616.48,0,1051.43,2667.91,0
Oriental,2023_Q4_labor_19h,1780.15,0,1019.25,2799.4,0
Oriental,2023_Q4_labor_20h,1774.46,0,1020.36,2794.82,0
Oriental,2023_Q4_labor_21h,1700.6,0,1034.87,2735.47,0
Oriental,2023_Q4_labor_22h,1559.29,0,1062.42,2621.71,0
Oriental,2023_Q4_labor_23h,1368.23,0,1098.15,2466.38,0
Oriental,2023_Q4_holidays_0h,785.654,0,1370.4,2156.05,0
Oriental,2023_Q4_holidays_1h,739.403,0,1371.63,2111.04,0
Oriental,2023_Q4_holidays_2h,659.322,0,1376.59,2035.91,0
Oriental,2023_Q4_holidays_3h,598.558,0,1374.37,1972.92,0
Oriental,2023_Q4_holidays_4h,554.406,0,1363.4,1917.81,0
Oriental,2023_Q4_holidays_5h,538.039,0,1356.26,1894.3,0
Oriental,2023_Q4_holidays_6h,521.169,0,1344.26,1865.43,0
Oriental,2023_Q4_holidays_7h,504.858,0,1321.32,1826.18,0
Oriental,2023_Q4_holidays_8h,556.181,0,1344.38,1900.56,0
Oriental,2023_Q4_holidays_9h,626.213,0,1373.61,1999.82,0
Oriental,2023_Q4_holidays_10h,698.37,0,1391.96,2090.33,0
Oriental,2023_Q4_holidays_11h,776.456,0,1395.3,2171.76,0
Oriental,2023_Q4_holidays_12h,858.001,0,1380.35,2238.36,0
Oriental,2023_Q4_holidays_13h,893.983,0,1376.4,2270.38,0
Oriental,2023_Q4_holidays_14h,897.509,0,1372.78,2270.29,0
Oriental,2023_Q4_holidays_15h,872.998,0,1371.59,2244.59,0
Oriental,2023_Q4_holidays_16h,860.253,0,1368.53,2228.78,0
Oriental,2023_Q4_holidays_17h,846.988,0,1366.15,2213.14,0
Oriental,2023_Q4_holidays_18h,899.123,0,1355.55,2254.68,0
Oriental,2023_Q4_holidays_19h,1152.47,0,1291.28,2443.75,0
Oriental,2023_Q4_holidays_20h,1203.66,0,1275.64,2479.3,0
Oriental,2023_Q4_holidays_21h,1161.07,0,1288.07,2449.14,0
Oriental,2023_Q4_holidays_22h,1065.62,0,1315.92,2381.55,0
Oriental,2023_Q4_holidays_23h,926.909,0,1349.8,2276.71,0
Oriental,2024_Q1_labor_0h,1292.15,0,933.652,2225.8,0
Oriental,2024_Q1_labor_1h,1107.66,0,983.129,2090.79,0
Oriental,2024_Q1_labor_2h,1013.53,0,1006.86,2020.39,0
Oriental,2024_Q1_labor_3h,947.792,0,1023.18,1970.97,0
Oriental,2024_Q1_labor_4h,911.861,0,1031.09,1942.95,0
Oriental,2024_Q1_labor_5h,948.127,0,1022.39,1970.52,0
Oriental,2024_Q1_labor_6h,1041.97,0,1014.67,2056.64,0
Oriental,2024_Q1_labor_7h,1019.88,0,1070.06,2089.94,0
Oriental,2024_Q1_labor_8h,1096.85,0,1098.79,2195.64,0
Oriental,2024_Q1_labor_9h,1217.8,0,1108.6,2326.4,0
Oriental,2024_Q1_labor_10h,1291.86,0,1118.32,2410.19,0
Oriental,2024_Q1_labor_11h,1389.27,0,1106.27,2495.54,0
Oriental,2024_Q1_labor_12h,1486.34,0,1079.46,2565.8,0
Oriental,2024_Q1_labor_13h,1502.53,0,1058.12,2560.64,0
Oriental,2024_Q1_labor_14h,1578.43,0,997.651,2576.08,0
Oriental,2024_Q1_labor_15h,1692.77,0,915.414,2608.18,0
Oriental,2024_Q1_labor_16h,1729.82,0,874.352,2604.17,0
Oriental,2024_Q1_labor_17h,1697,0,867.716,2564.71,0
Oriental,2024_Q1_labor_18h,1629.16,0,873.986,2503.15,0
Oriental,2024_Q1_labor_19h,1775.86,0,853.666,2629.53,0
Oriental,2024_Q1_labor_20h,1843.41,0,845.539,2688.95,0
Oriental,2024_Q1_labor_21h,1776.58,0,853.798,2630.38,0
Oriental,2024_Q1_labor_22h,1653.33,0,870.859,2524.19,0
Oriental,2024_Q1_labor_23h,1475.25,0,897.243,2372.5,0
Oriental,2024_Q1_holidays_0h,1193.56,0,985.259,2178.82,0
Oriental,2024_Q1_holidays_1h,1169.27,0,989.826,2159.1,0
Oriental,2024_Q1_holidays_2h,1078.63,0,1015.63,2094.26,0
Oriental,2024_Q1_holidays_3h,997.077,0,1033.76,2030.83,0
Oriental,2024_Q1_holidays_4h,963.173,0,1041.78,2004.95,0
Oriental,2024_Q1_holidays_5h,975.993,0,1038.58,2014.58,0
Oriental,2024_Q1_holidays_6h,1006.28,0,1049.87,2056.15,0
Oriental,2024_Q1_holidays_7h,955.735,0,1115.71,2071.45,0
Oriental,2024_Q1_holidays_8h,1033.17,0,1144.48,2177.65,0
Oriental,2024_Q1_holidays_9h,1163.13,0,1160.34,2323.47,0
Oriental,2024_Q1_holidays_10h,1252.71,0,1169.83,2422.53,0
Oriental,2024_Q1_holidays_11h,1345.3,0,1162.92,2508.22,0
Oriental,2024_Q1_holidays_12h,1422.59,0,1145.18,2567.78,0
Oriental,2024_Q1_holidays_13h,1433.19,0,1128.41,2561.6,0
Oriental,2024_Q1_holidays_14h,1447.64,0,1084.41,2532.05,0
Oriental,2024_Q1_holidays_15h,1481.58,0,1011.98,2493.55,0
Oriental,2024_Q1_holidays_16h,1543.36,0,931.343,2474.71,0
Oriental,2024_Q1_holidays_17h,1523.73,0,910.87,2434.6,0
Oriental,2024_Q1_holidays_18h,1507.64,0,909.835,2417.47,0
Oriental,2024_Q1_holidays_19h,1696.91,0,877.215,2574.13,0
Oriental,2024_Q1_holidays_20h,1759.11,0,867.005,2626.11,0
Oriental,2024_Q1_holidays_21h,1671.04,0,882.35,2553.39,0
Oriental,2024_Q1_holidays_22h,1527.46,0,907.013,2434.47,0
Oriental,2024_Q1_holidays_23h,1368.76,0,932.703,2301.46,0
Oriental,2024_Q2_labor_0h,1206.87,0,969.656,2176.53,0
Oriental,2024_Q2_labor_1h,1057.05,0,1011.21,2068.26,0
Oriental,2024_Q2_labor_2h,966.366,0,1030.23,1996.6,0
Oriental,2024_Q2_labor_3h,904.809,0,1040.39,1945.2,0
Oriental,2024_Q2_labor_4h,874.721,0,1044.54,1919.27,0
Oriental,2024_Q2_labor_5h,909.391,0,1039.25,1948.64,0
Oriental,2024_Q2_labor_6h,982.938,0,1040.88,2023.82,0
Oriental,2024_Q2_labor_7h,958.98,0,1093.47,2052.45,0
Oriental,2024_Q2_labor_8h,1040.83,0,1129.27,2170.1,0
Oriental,2024_Q2_labor_9h,1151.23,0,1144.75,2295.98,0
Oriental,2024_Q2_labor_10h,1226.11,0,1154.25,2380.36,0
Oriental,2024_Q2_labor_11h,1319.7,0,1146.77,2466.47,0
Oriental,2024_Q2_labor_12h,1407.99,0,1124.44,2532.42,0
Oriental,2024_Q2_labor_13h,1431.68,0,1089.42,2521.1,0
Oriental,2024_Q2_labor_14h,1516.51,0,1014.62,2531.13,0
Oriental,2024_Q2_labor_15h,1621.4,0,927.845,2549.24,0
Oriental,2024_Q2_labor_16h,1646.1,0,898.26,2544.36,0
Oriental,2024_Q2_labor_17h,1612.87,0,893.629,2506.5,0
Oriental,2024_Q2_labor_18h,1552.85,0,900.38,2453.23,0
Oriental,2024_Q2_labor_19h,1715.62,0,873.12,2588.74,0
Oriental,2024_Q2_labor_20h,1785.44,0,862.344,2647.79,0
Oriental,2024_Q2_labor_21h,1718.08,0,872.661,2590.74,0
Oriental,2024_Q2_labor_22h,1580,0,895.658,2475.65,0
Oriental,2024_Q2_labor_23h,1391.08,0,927.542,2318.62,0
Oriental,2024_Q2_holidays_0h,1079.89,0,1158.33,2238.22,0
Oriental,2024_Q2_holidays_1h,920.931,0,1177.28,2098.22,0
Oriental,2024_Q2_holidays_2h,867.613,0,1163.6,2031.21,0
Oriental,2024_Q2_holidays_3h,835.473,0,1145.69,1981.16,0
Oriental,2024_Q2_holidays_4h,821.58,0,1137.36,1958.94,0
Oriental,2024_Q2_holidays_5h,851.882,0,1154.95,2006.84,0
Oriental,2024_Q2_holidays_6h,929.306,0,1187.17,2116.47,0
Oriental,2024_Q2_holidays_7h,950.372,0,1206.79,2157.16,0
Oriental,2024_Q2_holidays_8h,1040.65,0,1237.34,2277.99,0
Oriental,2024_Q2_holidays_9h,1142.12,0,1256.76,2398.88,0
Oriental,2024_Q2_holidays_10h,1209,0,1265.68,2474.68,0
Oriental,2024_Q2_holidays_11h,1296.06,0,1266.78,2562.84,0
Oriental,2024_Q2_holidays_12h,1367.48,0,1260.93,2628.4,0
Oriental,2024_Q2_holidays_13h,1345.52,0,1255.9,2601.42,0
Oriental,2024_Q2_holidays_14h,1401.41,0,1218.54,2619.95,0
Oriental,2024_Q2_holidays_15h,1583.47,0,1079.63,2663.1,0
Oriental,2024_Q2_holidays_16h,1702.46,0,960.646,2663.11,0
Oriental,2024_Q2_holidays_17h,1680.35,0,938.307,2618.66,0
Oriental,2024_Q2_holidays_18h,1575.71,0,963.991,2539.7,0
Oriental,2024_Q2_holidays_19h,1726.19,0,922.887,2649.08,0
Oriental,2024_Q2_holidays_20h,1787.94,0,908.059,2696,0
Oriental,2024_Q2_holidays_21h,1710.66,0,926.539,2637.2,0
Oriental,2024_Q2_holidays_22h,1561.48,0,962.384,2523.86,0
Oriental,2024_Q2_holidays_23h,1308.58,0,1069.3,2377.87,0
Oriental,2024_Q3_labor_0h,1476.71,0,776.587,2253.3,0
Oriental,2024_Q3_labor_1h,1361.18,0,779.706,2140.89,0
Oriental,2024_Q3_labor_2h,1285.12,0,780.271,2065.39,0
Oriental,2024_Q3_labor_3h,1227.45,0,783.898,2011.34,0
Oriental,2024_Q3_labor_4h,1194.82,0,787.358,1982.18,0
Oriental,2024_Q3_labor_5h,1215.63,0,788.131,2003.76,0
Oriental,2024_Q3_labor_6h,1261.88,0,796.514,2058.4,0
Oriental,2024_Q3_labor_7h,1270.05,0,819.499,2089.55,0
Oriental,2024_Q3_labor_8h,1374.48,0,841.041,2215.52,0
Oriental,2024_Q3_labor_9h,1479.74,0,864.178,2343.92,0
Oriental,2024_Q3_labor_10h,1548.7,0,882.044,2430.74,0
Oriental,2024_Q3_labor_11h,1631.81,0,888.045,2519.85,0
Oriental,2024_Q3_labor_12h,1712.22,0,875.573,2587.79,0
Oriental,2024_Q3_labor_13h,1724.88,0,856.174,2581.05,0
Oriental,2024_Q3_labor_14h,1776.71,0,815.102,2591.81,0
Oriental,2024_Q3_labor_15h,1847.11,0,762.777,2609.89,0
Oriental,2024_Q3_labor_16h,1868.3,0,733.014,2601.31,0
Oriental,2024_Q3_labor_17h,1836.68,0,729.314,2565.99,0
Oriental,2024_Q3_labor_18h,1774.36,0,732.206,2506.57,0
Oriental,2024_Q3_labor_19h,1900.04,0,721.306,2621.35,0
Oriental,2024_Q3_labor_20h,1991.45,0,713.886,2705.34,0
Oriental,2024_Q3_labor_21h,1939.63,0,717.975,2657.6,0
Oriental,2024_Q3_labor_22h,1822.69,0,728.016,2550.7,0
Oriental,2024_Q3_labor_23h,1646.19,0,753.1,2399.29,0
Oriental,2024_Q3_holidays_0h,1424.02,0,906.295,2330.32,0
Oriental,2024_Q3_holidays_1h,1280.73,0,907.714,2188.45,0
Oriental,2024_Q3_holidays_2h,1200.61,0,913.525,2114.14,0
Oriental,2024_Q3_holidays_3h,1135.4,0,920.075,2055.47,0
Oriental,2024_Q3_holidays_4h,1108.54,0,923.052,2031.6,0
Oriental,2024_Q3_holidays_5h,1150.18,0,918.867,2069.04,0
Oriental,2024_Q3_holidays_6h,1241.8,0,915.798,2157.6,0
Oriental,2024_Q3_holidays_7h,1294.09,0,921.06,2215.15,0
Oriental,2024_Q3_holidays_8h,1430.44,0,924.751,2355.19,0
Oriental,2024_Q3_holidays_9h,1552.99,0,937.706,2490.7,0
Oriental,2024_Q3_holidays_10h,1622.78,0,950.552,2573.33,0
Oriental,2024_Q3_holidays_11h,1699.17,0,967.462,2666.63,0
Oriental,2024_Q3_holidays_12h,1755.21,0,978.184,2733.39,0
Oriental,2024_Q3_holidays_13h,1743.49,0,974.048,2717.54,0
Oriental,2024_Q3_holidays_14h,1766,0,973.93,2739.93,0
Oriental,2024_Q3_holidays_15h,1862.37,0,921.578,2783.94,0
Oriental,2024_Q3_holidays_16h,1968.7,0,803.202,2771.9,0
Oriental,2024_Q3_holidays_17h,1983.13,0,740.585,2723.72,0
Oriental,2024_Q3_holidays_18h,1804.86,0,829.062,2633.92,0
Oriental,2024_Q3_holidays_19h,1975.15,0,744.092,2719.25,0
Oriental,2024_Q3_holidays_20h,2105.65,0,680.225,2785.87,0
Oriental,2024_Q3_holidays_21h,2002.23,0,734.045,2736.28,0
Oriental,2024_Q3_holidays_22h,1785.86,0,837.757,2623.62,0
Oriental,2024_Q3_holidays_23h,1569.72,0,903.657,2473.38,0
Oriental,2024_Q4_labor_0h,1395.54,0,958.549,2354.09,0
Oriental,2024_Q4_labor_1h,1263.65,0,968.209,2231.86,0
Oriental,2024_Q4_labor_2h,1185.98,0,969.436,2155.42,0
Oriental,2024_Q4_labor_3h,1125.14,0,976.007,2101.15,0
Oriental,2024_Q4_labor_4h,1089.1,0,981.22,2070.32,0
Oriental,2024_Q4_labor_5h,1120.65,0,973.793,2094.44,0
Oriental,2024_Q4_labor_6h,1179.74,0,972.195,2151.94,0
Oriental,2024_Q4_labor_7h,1190.22,0,996.867,2187.08,0
Oriental,2024_Q4_labor_8h,1305.85,0,1011.14,2316.99,0
Oriental,2024_Q4_labor_9h,1431.89,0,1015.21,2447.1,0
Oriental,2024_Q4_labor_10h,1518.56,0,1018.48,2537.04,0
Oriental,2024_Q4_labor_11h,1635.95,0,993.073,2629.02,0
Oriental,2024_Q4_labor_12h,1730.51,0,966.859,2697.37,0
Oriental,2024_Q4_labor_13h,1732.79,0,960.31,2693.1,0
Oriental,2024_Q4_labor_14h,1760.17,0,945.968,2706.14,0
Oriental,2024_Q4_labor_15h,1798.56,0,927.231,2725.79,0
Oriental,2024_Q4_labor_16h,1804.41,0,913.664,2718.07,0
Oriental,2024_Q4_labor_17h,1778.03,0,907.815,2685.84,0
Oriental,2024_Q4_labor_18h,1761.83,0,907.266,2669.1,0
Oriental,2024_Q4_labor_19h,1940.24,0,877.128,2817.37,0
Oriental,2024_Q4_labor_20h,1944.06,0,876.481,2820.54,0
Oriental,2024_Q4_labor_21h,1875.29,0,888.074,2763.37,0
Oriental,2024_Q4_labor_22h,1744.33,0,910.072,2654.4,0
Oriental,2024_Q4_labor_23h,1563.2,0,937.969,2501.17,0
Oriental,2024_Q4_holidays_0h,921.208,0,1511.58,2432.79,0
Oriental,2024_Q4_holidays_1h,817.561,0,1487.1,2304.66,0
Oriental,2024_Q4_holidays_2h,768.051,0,1455.75,2223.8,0
Oriental,2024_Q4_holidays_3h,736.571,0,1427.95,2164.52,0
Oriental,2024_Q4_holidays_4h,722.575,0,1413.38,2135.95,0
Oriental,2024_Q4_holidays_5h,740.732,0,1431.31,2172.04,0
Oriental,2024_Q4_holidays_6h,790.912,0,1468.75,2259.66,0
Oriental,2024_Q4_holidays_7h,827.349,0,1486.63,2313.98,0
Oriental,2024_Q4_holidays_8h,921.773,0,1527.63,2449.41,0
Oriental,2024_Q4_holidays_9h,1039.89,0,1548.7,2588.6,0
Oriental,2024_Q4_holidays_10h,1121.08,0,1553.6,2674.67,0
Oriental,2024_Q4_holidays_11h,1225.75,0,1541.14,2766.89,0
Oriental,2024_Q4_holidays_12h,1319.27,0,1516.92,2836.19,0
Oriental,2024_Q4_holidays_13h,1316.68,0,1508.86,2825.54,0
Oriental,2024_Q4_holidays_14h,1364.72,0,1479.42,2844.14,0
Oriental,2024_Q4_holidays_15h,1451.61,0,1432.63,2884.25,0
Oriental,2024_Q4_holidays_16h,1479.29,0,1399.37,2878.66,0
Oriental,2024_Q4_holidays_17h,1438.32,0,1394.13,2832.45,0
Oriental,2024_Q4_holidays_18h,1388.78,0,1406.62,2795.4,0
Oriental,2024_Q4_holidays_19h,1567.13,0,1346.01,2913.14,0
Oriental,2024_Q4_holidays_20h,1546.92,0,1355.46,2902.38,0
Oriental,2024_Q4_holidays_21h,1464.32,0,1383.32,2847.64,0
Oriental,2024_Q4_holidays_22h,1291.04,0,1437.69,2728.73,0
Oriental,2024_Q4_holidays_23h,1088.99,0,1491.23,2580.22,0
Oriental,2025_Q1_labor_0h,1292.43,0,945.957,2238.39,0
Oriental,2025_Q1_labor_1h,1133.94,0,992.102,2126.04,0
Oriental,2025_Q1_labor_2h,1034.51,0,1019.9,2054.41,0
Oriental,2025_Q1_labor_3h,961.972,0,1039.91,2001.88,0
Oriental,2025_Q1_labor_4h,926.329,0,1048.7,1975.03,0
Oriental,2025_Q1_labor_5h,955.491,0,1040.92,1996.41,0
Oriental,2025_Q1_labor_6h,1020.94,0,1041.27,2062.2,0
Oriental,2025_Q1_labor_7h,999.507,0,1093.45,2092.96,0
Oriental,2025_Q1_labor_8h,1092.21,0,1118.8,2211.02,0
Oriental,2025_Q1_labor_9h,1217.75,0,1130.1,2347.85,0
Oriental,2025_Q1_labor_10h,1298.5,0,1139.96,2438.46,0
Oriental,2025_Q1_labor_11h,1395.72,0,1128.87,2524.6,0
Oriental,2025_Q1_labor_12h,1488.79,0,1103.08,2591.86,0
Oriental,2025_Q1_labor_13h,1505.84,0,1080.4,2586.24,0
Oriental,2025_Q1_labor_14h,1558.33,0,1030.81,2589.15,0
Oriental,2025_Q1_labor_15h,1662.8,0,942.728,2605.53,0
Oriental,2025_Q1_labor_16h,1725.96,0,870.888,2596.85,0
Oriental,2025_Q1_labor_17h,1693.01,0,863.179,2556.19,0
Oriental,2025_Q1_labor_18h,1649.91,0,865.781,2515.69,0
Oriental,2025_Q1_labor_19h,1816.69,0,842.648,2659.34,0
Oriental,2025_Q1_labor_20h,1857.38,0,837.895,2695.28,0
Oriental,2025_Q1_labor_21h,1785.45,0,846.9,2632.35,0
Oriental,2025_Q1_labor_22h,1658.48,0,864.826,2523.3,0
Oriental,2025_Q1_labor_23h,1485.53,0,891.192,2376.72,0
Oriental,2025_Q1_holidays_0h,1270.1,0,1017.59,2287.69,0
Oriental,2025_Q1_holidays_1h,1082.44,0,1069.98,2152.41,0
Oriental,2025_Q1_holidays_2h,981.05,0,1094.09,2075.14,0
Oriental,2025_Q1_holidays_3h,918.399,0,1104.32,2022.72,0
Oriental,2025_Q1_holidays_4h,879.623,0,1111.69,1991.31,0
Oriental,2025_Q1_holidays_5h,918.617,0,1104.88,2023.49,0
Oriental,2025_Q1_holidays_6h,999.565,0,1109.82,2109.39,0
Oriental,2025_Q1_holidays_7h,988.095,0,1171.48,2159.57,0
Oriental,2025_Q1_holidays_8h,1089.09,0,1198.15,2287.24,0
Oriental,2025_Q1_holidays_9h,1206.56,0,1215.12,2421.68,0
Oriental,2025_Q1_holidays_10h,1278.1,0,1227.29,2505.39,0
Oriental,2025_Q1_holidays_11h,1367.89,0,1223.37,2591.26,0
Oriental,2025_Q1_holidays_12h,1465.74,0,1204.8,2670.54,0
Oriental,2025_Q1_holidays_13h,1474.01,0,1190.08,2664.09,0
Oriental,2025_Q1_holidays_14h,1560.67,0,1116.95,2677.61,0
Oriental,2025_Q1_holidays_15h,1734.86,0,979.981,2714.84,0
Oriental,2025_Q1_holidays_16h,1788.15,0,923.304,2711.46,0
Oriental,2025_Q1_holidays_17h,1751.33,0,916.234,2667.57,0
Oriental,2025_Q1_holidays_18h,1691.27,0,923.275,2614.55,0
Oriental,2025_Q1_holidays_19h,1856.2,0,893.105,2749.31,0
Oriental,2025_Q1_holidays_20h,1892.89,0,887,2779.89,0
Oriental,2025_Q1_holidays_21h,1810.36,0,901.971,2712.34,0
Oriental,2025_Q1_holidays_22h,1666.39,0,928.353,2594.74,0
Oriental,2025_Q1_holidays_23h,1479.63,0,961.834,2441.47,0
Oriental,2025_Q2_labor_0h,1379.89,0,865.773,2245.66,0
Oriental,2025_Q2_labor_1h,1218.1,0,911.047,2129.15,0
Oriental,2025_Q2_labor_2h,1123.33,0,932.861,2056.19,0
Oriental,2025_Q2_labor_3h,1057.71,0,946.229,2003.94,0
Oriental,2025_Q2_labor_4h,1025.01,0,952.516,1977.52,0
Oriental,2025_Q2_labor_5h,1063.47,0,944.733,2008.21,0
Oriental,2025_Q2_labor_6h,1140.05,0,944.467,2084.52,0
Oriental,2025_Q2_labor_7h,1109.59,0,1004.87,2114.45,0
Oriental,2025_Q2_labor_8h,1202.7,0,1034.09,2236.78,0
Oriental,2025_Q2_labor_9h,1320.13,0,1046.1,2366.22,0
Oriental,2025_Q2_labor_10h,1400.38,0,1053.15,2453.53,0
Oriental,2025_Q2_labor_11h,1496.18,0,1046.12,2542.3,0
Oriental,2025_Q2_labor_12h,1581.81,0,1027.34,2609.14,0
Oriental,2025_Q2_labor_13h,1600.69,0,996.638,2597.33,0
Oriental,2025_Q2_labor_14h,1690.3,0,916.842,2607.14,0
Oriental,2025_Q2_labor_15h,1794.7,0,831.042,2625.74,0
Oriental,2025_Q2_labor_16h,1818.7,0,801.698,2620.39,0
Oriental,2025_Q2_labor_17h,1783.5,0,797.569,2581.07,0
Oriental,2025_Q2_labor_18h,1722.84,0,803.015,2525.86,0
Oriental,2025_Q2_labor_19h,1881.78,0,781.479,2663.26,0
Oriental,2025_Q2_labor_20h,1949.04,0,773.244,2722.29,0
Oriental,2025_Q2_labor_21h,1883.52,0,781.208,2664.73,0
Oriental,2025_Q2_labor_22h,1748.94,0,799.311,2548.26,0
Oriental,2025_Q2_labor_23h,1565.11,0,825.163,2390.27,0
Oriental,2025_Q2_holidays_0h,1108.7,0,1173.33,2282.03,0
Oriental,2025_Q2_holidays_1h,977.789,0,1190.42,2168.21,0
Oriental,2025_Q2_holidays_2h,908.557,0,1185.47,2094.03,0
Oriental,2025_Q2_holidays_3h,865.59,0,1172.68,2038.27,0
Oriental,2025_Q2_holidays_4h,848.642,0,1164.92,2013.57,0
Oriental,2025_Q2_holidays_5h,882.57,0,1177.73,2060.3,0
Oriental,2025_Q2_holidays_6h,977.405,0,1202.64,2180.05,0
Oriental,2025_Q2_holidays_7h,974.888,0,1244.37,2219.26,0
Oriental,2025_Q2_holidays_8h,1041.18,0,1295.53,2336.71,0
Oriental,2025_Q2_holidays_9h,1127.43,0,1335.11,2462.54,0
Oriental,2025_Q2_holidays_10h,1186.27,0,1351.99,2538.26,0
Oriental,2025_Q2_holidays_11h,1274.51,0,1354.06,2628.57,0
Oriental,2025_Q2_holidays_12h,1379.86,0,1322.82,2702.69,0
Oriental,2025_Q2_holidays_13h,1375.96,0,1299.9,2675.86,0
Oriental,2025_Q2_holidays_14h,1483.6,0,1214.51,2698.1,0
Oriental,2025_Q2_holidays_15h,1631.92,0,1110.96,2742.87,0
Oriental,2025_Q2_holidays_16h,1659.4,0,1085.39,2744.79,0
Oriental,2025_Q2_holidays_17h,1621.36,0,1079.66,2701.01,0
Oriental,2025_Q2_holidays_18h,1522.41,0,1099.38,2621.79,0
Oriental,2025_Q2_holidays_19h,1692.05,0,1055.62,2747.67,0
Oriental,2025_Q2_holidays_20h,1771.91,0,1034.95,2806.86,0
Oriental,2025_Q2_holidays_21h,1680.44,0,1058.54,2738.98,0
Oriental,2025_Q2_holidays_22h,1506.82,0,1102.9,2609.72,0
Oriental,2025_Q2_holidays_23h,1286.95,0,1149.54,2436.49,0
Oriental,2025_Q3_labor_0h,1639.79,0,682.996,2322.79,0
Oriental,2025_Q3_labor_1h,1509.27,0,694.256,2203.53,0
Oriental,2025_Q3_labor_2h,1427.43,0,699.098,2126.53,0
Oriental,2025_Q3_labor_3h,1363.21,0,706.515,2069.73,0
Oriental,2025_Q3_labor_4h,1328.18,0,712.212,2040.39,0
Oriental,2025_Q3_labor_5h,1351.48,0,711.466,2062.94,0
Oriental,2025_Q3_labor_6h,1401.47,0,717.609,2119.08,0
Oriental,2025_Q3_labor_7h,1410.52,0,742.186,2152.7,0
Oriental,2025_Q3_labor_8h,1526.95,0,756.928,2283.88,0
Oriental,2025_Q3_labor_9h,1643.92,0,773.886,2417.81,0
Oriental,2025_Q3_labor_10h,1719.25,0,788.705,2507.96,0
Oriental,2025_Q3_labor_11h,1808.62,0,791.338,2599.96,0
Oriental,2025_Q3_labor_12h,1892.17,0,777.313,2669.48,0
Oriental,2025_Q3_labor_13h,1905.58,0,757.951,2663.53,0
Oriental,2025_Q3_labor_14h,1961.65,0,712.433,2674.08,0
Oriental,2025_Q3_labor_15h,2040.16,0,651.759,2691.92,0
Oriental,2025_Q3_labor_16h,2056.01,0,625.024,2681.03,0
Oriental,2025_Q3_labor_17h,2020.4,0,622.978,2643.37,0
Oriental,2025_Q3_labor_18h,1955.99,0,625.458,2581.45,0
Oriental,2025_Q3_labor_19h,2079.04,0,618.014,2697.06,0
Oriental,2025_Q3_labor_20h,2167.66,0,613.533,2781.19,0
Oriental,2025_Q3_labor_21h,2116.57,0,616.002,2732.57,0
Oriental,2025_Q3_labor_22h,2000.45,0,622.642,2623.09,0
Oriental,2025_Q3_labor_23h,1823.06,0,647.06,2470.12,0
Oriental,2025_Q3_holidays_0h,1477.55,0,906.49,2384.04,0
Oriental,2025_Q3_holidays_1h,1333.64,0,925.784,2259.43,0
Oriental,2025_Q3_holidays_2h,1231.82,0,946.746,2178.57,0
Oriental,2025_Q3_holidays_3h,1158.69,0,966.094,2124.78,0
Oriental,2025_Q3_holidays_4h,1128.47,0,967.415,2095.89,0
Oriental,2025_Q3_holidays_5h,1179.52,0,951.985,2131.51,0
Oriental,2025_Q3_holidays_6h,1270.01,0,950.947,2220.96,0
Oriental,2025_Q3_holidays_7h,1285.32,0,984.467,2269.79,0
Oriental,2025_Q3_holidays_8h,1405.74,0,999.293,2405.04,0
Oriental,2025_Q3_holidays_9h,1514.77,0,1019.96,2534.73,0
Oriental,2025_Q3_holidays_10h,1578.71,0,1037.4,2616.11,0
Oriental,2025_Q3_holidays_11h,1661.63,0,1049.05,2710.68,0
Oriental,2025_Q3_holidays_12h,1727.33,0,1054.75,2782.09,0
Oriental,2025_Q3_holidays_13h,1720.24,0,1040.65,2760.88,0
Oriental,2025_Q3_holidays_14h,1774.23,0,1011.85,2786.07,0
Oriental,2025_Q3_holidays_15h,1897.12,0,936.742,2833.86,0
Oriental,2025_Q3_holidays_16h,1956.72,0,876.415,2833.14,0
Oriental,2025_Q3_holidays_17h,1928.26,0,863.322,2791.59,0
Oriental,2025_Q3_holidays_18h,1828.88,0,876.439,2705.32,0
Oriental,2025_Q3_holidays_19h,1956.07,0,853.88,2809.95,0
Oriental,2025_Q3_holidays_20h,2057.86,0,835.244,2893.1,0
Oriental,2025_Q3_holidays_21h,1991.44,0,847.672,2839.11,0
Oriental,2025_Q3_holidays_22h,1848.08,0,871.878,2719.96,0
Oriental,2025_Q3_holidays_23h,1644.33,0,904.204,2548.53,0
Oriental,2025_Q4_labor_0h,1464.54,0,959.717,2424.25,0
Oriental,2025_Q4_labor_1h,1330.85,0,970.785,2301.63,0
Oriental,2025_Q4_labor_2h,1248.83,0,973.063,2221.9,0
Oriental,2025_Q4_labor_3h,1178.93,0,986.433,2165.36,0
Oriental,2025_Q4_labor_4h,1139.45,0,993.828,2133.28,0
Oriental,2025_Q4_labor_5h,1172.54,0,984.354,2156.9,0
Oriental,2025_Q4_labor_6h,1234.52,0,980.396,2214.91,0
Oriental,2025_Q4_labor_7h,1239.56,0,1011.36,2250.92,0
Oriental,2025_Q4_labor_8h,1356.87,0,1027.26,2384.13,0
Oriental,2025_Q4_labor_9h,1490.53,0,1030.41,2520.93,0
Oriental,2025_Q4_labor_10h,1578.46,0,1034.67,2613.13,0
Oriental,2025_Q4_labor_11h,1702.6,0,1005.46,2708.06,0
Oriental,2025_Q4_labor_12h,1807.36,0,969.525,2776.89,0
Oriental,2025_Q4_labor_13h,1810.58,0,962.224,2772.81,0
Oriental,2025_Q4_labor_14h,1837.76,0,946.999,2784.75,0
Oriental,2025_Q4_labor_15h,1875.8,0,927.312,2803.11,0
Oriental,2025_Q4_labor_16h,1881.11,0,912.879,2793.99,0
Oriental,2025_Q4_labor_17h,1854.2,0,906.433,2760.63,0
Oriental,2025_Q4_labor_18h,1838.63,0,905.718,2744.34,0
Oriental,2025_Q4_labor_19h,2021.22,0,874.965,2896.18,0
Oriental,2025_Q4_labor_20h,2025.34,0,874.272,2899.61,0
Oriental,2025_Q4_labor_21h,1954.79,0,886.061,2840.85,0
Oriental,2025_Q4_labor_22h,1820.3,0,908.675,2728.97,0
Oriental,2025_Q4_labor_23h,1637.84,0,937.343,2575.18,0
Oriental,2025_Q4_holidays_0h,909.463,0,1599.06,2508.52,0
Oriental,2025_Q4_holidays_1h,803.757,0,1553.16,2356.92,0
Oriental,2025_Q4_holidays_2h,765.765,0,1513.84,2279.6,0
Oriental,2025_Q4_holidays_3h,742.046,0,1480.32,2222.36,0
Oriental,2025_Q4_holidays_4h,731.775,0,1463.17,2194.94,0
Oriental,2025_Q4_holidays_5h,749.229,0,1490.22,2239.45,0
Oriental,2025_Q4_holidays_6h,796.383,0,1540.56,2336.94,0
Oriental,2025_Q4_holidays_7h,831.762,0,1562.29,2394.05,0
Oriental,2025_Q4_holidays_8h,921.081,0,1616.02,2537.1,0
Oriental,2025_Q4_holidays_9h,1016.41,0,1647.33,2663.73,0
Oriental,2025_Q4_holidays_10h,1094.05,0,1660.97,2755.02,0
Oriental,2025_Q4_holidays_11h,1192.95,0,1655.95,2848.9,0
Oriental,2025_Q4_holidays_12h,1300.07,0,1629.65,2929.71,0
Oriental,2025_Q4_holidays_13h,1297.06,0,1619.76,2916.82,0
Oriental,2025_Q4_holidays_14h,1361.12,0,1583.77,2944.89,0
Oriental,2025_Q4_holidays_15h,1470.16,0,1527.34,2997.51,0
Oriental,2025_Q4_holidays_16h,1507.48,0,1491.29,2998.77,0
Oriental,2025_Q4_holidays_17h,1467.78,0,1484.35,2952.13,0
Oriental,2025_Q4_holidays_18h,1413.16,0,1495.08,2908.24,0
Oriental,2025_Q4_holidays_19h,1600.02,0,1434.77,3034.79,0
Oriental,2025_Q4_holidays_20h,1581.56,0,1441.17,3022.73,0
Oriental,2025_Q4_holidays_21h,1498.02,0,1467.56,2965.57,0
Oriental,2025_Q4_holidays_22h,1315.45,0,1525.52,2840.97,0
Oriental,2025_Q4_holidays_23h,1074.86,0,1588.91,2663.77,0
Oriental,2026_Q1_labor_0h,1085.97,0,1220.36,2306.32,0
Oriental,2026_Q1_labor_1h,963.347,0,1225.11,2188.46,0
Oriental,2026_Q1_labor_2h,886.388,0,1227.3,2113.69,0
Oriental,2026_Q1_labor_3h,830.685,0,1228.95,2059.64,0
Oriental,2026_Q1_labor_4h,801.201,0,1230.05,2031.25,0
Oriental,2026_Q1_labor_5h,823.766,0,1229.09,2052.86,0
Oriental,2026_Q1_labor_6h,890.132,0,1228.91,2119.04,0
Oriental,2026_Q1_labor_7h,906.72,0,1242.95,2149.67,0
Oriental,2026_Q1_labor_8h,1027.12,0,1242.52,2269.64,0
Oriental,2026_Q1_labor_9h,1170.53,0,1240.32,2410.85,0
Oriental,2026_Q1_labor_10h,1263.99,0,1240.48,2504.47,0
Oriental,2026_Q1_labor_11h,1354.15,0,1238.48,2592.63,0
Oriental,2026_Q1_labor_12h,1428.13,0,1234.89,2663.02,0
Oriental,2026_Q1_labor_13h,1427.23,0,1231.85,2659.08,0
Oriental,2026_Q1_labor_14h,1436.37,0,1225.61,2661.98,0
Oriental,2026_Q1_labor_15h,1461.38,0,1217.7,2679.08,0
Oriental,2026_Q1_labor_16h,1483.99,0,1186.78,2670.77,0
Oriental,2026_Q1_labor_17h,1455.24,0,1174.42,2629.66,0
Oriental,2026_Q1_labor_18h,1402.09,0,1187.34,2589.43,0
Oriental,2026_Q1_labor_19h,1627.65,0,1111.87,2739.52,0
Oriental,2026_Q1_labor_20h,1683.67,0,1093.2,2776.87,0
Oriental,2026_Q1_labor_21h,1586.91,0,1125.62,2712.53,0
Oriental,2026_Q1_labor_22h,1417.71,0,1182.29,2600,0
Oriental,2026_Q1_labor_23h,1241.5,0,1207.74,2449.24,0
Oriental,2026_Q1_holidays_0h,997.032,0,1358.42,2355.45,0
Oriental,2026_Q1_holidays_1h,803.011,0,1425.13,2228.14,0
Oriental,2026_Q1_holidays_2h,701.274,0,1453.19,2154.46,0
Oriental,2026_Q1_holidays_3h,636.292,0,1463.85,2100.14,0
Oriental,2026_Q1_holidays_4h,603.82,0,1468.37,2072.19,0
Oriental,2026_Q1_holidays_5h,645.882,0,1463.03,2108.91,0
Oriental,2026_Q1_holidays_6h,744.272,0,1465.14,2209.41,0
Oriental,2026_Q1_holidays_7h,730,0,1539.58,2269.58,0
Oriental,2026_Q1_holidays_8h,827.508,0,1584.98,2412.49,0
Oriental,2026_Q1_holidays_9h,949.192,0,1599.82,2549.01,0
Oriental,2026_Q1_holidays_10h,1023.7,0,1609.06,2632.75,0
Oriental,2026_Q1_holidays_11h,1123.76,0,1601.02,2724.78,0
Oriental,2026_Q1_holidays_12h,1222.82,0,1577.5,2800.31,0
Oriental,2026_Q1_holidays_13h,1219.91,0,1561.61,2781.52,0
Oriental,2026_Q1_holidays_14h,1359.5,0,1437.51,2797.01,0
Oriental,2026_Q1_holidays_15h,1600.73,0,1234.94,2835.67,0
Oriental,2026_Q1_holidays_16h,1649.43,0,1179.06,2828.49,0
Oriental,2026_Q1_holidays_17h,1617.65,0,1160.42,2778.07,0
Oriental,2026_Q1_holidays_18h,1531.93,0,1180.8,2712.73,0
Oriental,2026_Q1_holidays_19h,1724.69,0,1112.25,2836.94,0
Oriental,2026_Q1_holidays_20h,1768.45,0,1097.34,2865.79,0
Oriental,2026_Q1_holidays_21h,1653.54,0,1139.13,2792.68,0
Oriental,2026_Q1_holidays_22h,1468.12,0,1204.08,2672.2,0
Oriental,2026_Q1_holidays_23h,1230.53,0,1281.82,2512.35,0
Oriental,2026_Q2_labor_0h,1120.25,0,1189.47,2309.72,0
Oriental,2026_Q2_labor_1h,992.822,0,1202.65,2195.47,0
Oriental,2026_Q2_labor_2h,912.644,0,1207.11,2119.76,0
Oriental,2026_Q2_labor_3h,854.94,0,1209.66,2064.59,0
Oriental,2026_Q2_labor_4h,825.868,0,1211.1,2036.97,0
Oriental,2026_Q2_labor_5h,858.916,0,1209.15,2068.06,0
Oriental,2026_Q2_labor_6h,935.181,0,1209.77,2144.95,0
Oriental,2026_Q2_labor_7h,945.615,0,1228.97,2174.58,0
Oriental,2026_Q2_labor_8h,1057.47,0,1242.21,2299.68,0
Oriental,2026_Q2_labor_9h,1191.88,0,1240.23,2432.11,0
Oriental,2026_Q2_labor_10h,1282.6,0,1239.67,2522.27,0
Oriental,2026_Q2_labor_11h,1378.86,0,1234.04,2612.9,0
Oriental,2026_Q2_labor_12h,1456.61,0,1225.74,2682.35,0
Oriental,2026_Q2_labor_13h,1453.05,0,1217.67,2670.72,0
Oriental,2026_Q2_labor_14h,1477.49,0,1202.23,2679.73,0
Oriental,2026_Q2_labor_15h,1533.54,0,1163.88,2697.42,0
Oriental,2026_Q2_labor_16h,1551,0,1140.17,2691.18,0
Oriental,2026_Q2_labor_17h,1517.72,0,1133.28,2651,0
Oriental,2026_Q2_labor_18h,1457.81,0,1137.48,2595.29,0
Oriental,2026_Q2_labor_19h,1650.55,0,1087.52,2738.07,0
Oriental,2026_Q2_labor_20h,1746.34,0,1053.01,2799.35,0
Oriental,2026_Q2_labor_21h,1652.98,0,1086.58,2739.56,0
Oriental,2026_Q2_labor_22h,1485.86,0,1133.28,2619.14,0
Oriental,2026_Q2_labor_23h,1293.77,0,1164.25,2458.01,0
Oriental,2026_Q2_holidays_0h,932.918,0,1433.34,2366.26,0
Oriental,2026_Q2_holidays_1h,740.001,0,1476.78,2216.78,0
Oriental,2026_Q2_holidays_2h,682.304,0,1461.26,2143.56,0
Oriental,2026_Q2_holidays_3h,652.718,0,1441.16,2093.88,0
Oriental,2026_Q2_holidays_4h,640.873,0,1429.8,2070.68,0
Oriental,2026_Q2_holidays_5h,668.606,0,1451.82,2120.43,0
Oriental,2026_Q2_holidays_6h,758.284,0,1491.88,2250.16,0
Oriental,2026_Q2_holidays_7h,760.731,0,1535.8,2296.53,0
Oriental,2026_Q2_holidays_8h,829.209,0,1593.7,2422.9,0
Oriental,2026_Q2_holidays_9h,922.694,0,1635.07,2557.76,0
Oriental,2026_Q2_holidays_10h,976.841,0,1658.44,2635.28,0
Oriental,2026_Q2_holidays_11h,1083.08,0,1649.58,2732.65,0
Oriental,2026_Q2_holidays_12h,1199.15,0,1605.98,2805.13,0
Oriental,2026_Q2_holidays_13h,1197.43,0,1578.16,2775.59,0
Oriental,2026_Q2_holidays_14h,1382.38,0,1421.31,2803.69,0
Oriental,2026_Q2_holidays_15h,1597.02,0,1259.05,2856.07,0
Oriental,2026_Q2_holidays_16h,1664.22,0,1197.38,2861.6,0
Oriental,2026_Q2_holidays_17h,1634.17,0,1180.85,2815.02,0
Oriental,2026_Q2_holidays_18h,1505.34,0,1223.39,2728.72,0
Oriental,2026_Q2_holidays_19h,1713.35,0,1138.88,2852.23,0
Oriental,2026_Q2_holidays_20h,1809.2,0,1101.3,2910.5,0
Oriental,2026_Q2_holidays_21h,1699.97,0,1144.23,2844.19,0
Oriental,2026_Q2_holidays_22h,1481.45,0,1233.04,2714.49,0
Oriental,2026_Q2_holidays_23h,1172.15,0,1356.11,2528.26,0
Oriental,2026_Q3_labor_0h,1456.71,0,935.288,2392,0
Oriental,2026_Q3_labor_1h,1344,0,929.644,2273.64,0
Oriental,2026_Q3_labor_2h,1269.57,0,924.105,2193.68,0
Oriental,2026_Q3_labor_3h,1213.38,0,921.768,2135.15,0
Oriental,2026_Q3_labor_4h,1182.67,0,921.432,2104.1,0
Oriental,2026_Q3_labor_5h,1205.01,0,921.609,2126.62,0
Oriental,2026_Q3_labor_6h,1255.47,0,927.992,2183.46,0
Oriental,2026_Q3_labor_7h,1273.38,0,943.854,2217.23,0
Oriental,2026_Q3_labor_8h,1384.99,0,967.184,2352.17,0
Oriental,2026_Q3_labor_9h,1497.89,0,990.698,2488.59,0
Oriental,2026_Q3_labor_10h,1574.51,0,1006.31,2580.82,0
Oriental,2026_Q3_labor_11h,1662.23,0,1012.98,2675.21,0
Oriental,2026_Q3_labor_12h,1737.78,0,1007.97,2745.75,0
Oriental,2026_Q3_labor_13h,1739.81,0,999.027,2738.83,0
Oriental,2026_Q3_labor_14h,1770.23,0,979.394,2749.62,0
Oriental,2026_Q3_labor_15h,1824.07,0,943.945,2768.01,0
Oriental,2026_Q3_labor_16h,1858.01,0,897.975,2755.99,0
Oriental,2026_Q3_labor_17h,1842.05,0,875.633,2717.68,0
Oriental,2026_Q3_labor_18h,1765.89,0,889.55,2655.44,0
Oriental,2026_Q3_labor_19h,1953.15,0,823.128,2776.27,0
Oriental,2026_Q3_labor_20h,2088.42,0,773.319,2861.74,0
Oriental,2026_Q3_labor_21h,2008.91,0,802.359,2811.27,0
Oriental,2026_Q3_labor_22h,1830.63,0,869.214,2699.84,0
Oriental,2026_Q3_labor_23h,1622.71,0,920.45,2543.16,0
Oriental,2026_Q3_holidays_0h,1410.82,0,1052.46,2463.27,0
Oriental,2026_Q3_holidays_1h,1221.38,0,1085.91,2307.3,0
Oriental,2026_Q3_holidays_2h,1108.37,0,1119.29,2227.66,0
Oriental,2026_Q3_holidays_3h,1026.8,0,1145.84,2172.64,0
Oriental,2026_Q3_holidays_4h,1001.72,0,1146.26,2147.98,0
Oriental,2026_Q3_holidays_5h,1064.44,0,1125.6,2190.04,0
Oriental,2026_Q3_holidays_6h,1176.61,0,1114.18,2290.79,0
Oriental,2026_Q3_holidays_7h,1187.39,0,1160.06,2347.46,0
Oriental,2026_Q3_holidays_8h,1308.42,0,1179.71,2488.13,0
Oriental,2026_Q3_holidays_9h,1427.84,0,1202.84,2630.68,0
Oriental,2026_Q3_holidays_10h,1490.59,0,1227.04,2717.62,0
Oriental,2026_Q3_holidays_11h,1585,0,1232.46,2817.45,0
Oriental,2026_Q3_holidays_12h,1667.82,0,1229.83,2897.65,0
Oriental,2026_Q3_holidays_13h,1671.19,0,1208.2,2879.39,0
Oriental,2026_Q3_holidays_14h,1745.78,0,1161.22,2907,0
Oriental,2026_Q3_holidays_15h,1909.47,0,1048.98,2958.45,0
Oriental,2026_Q3_holidays_16h,1968.88,0,994.587,2963.46,0
Oriental,2026_Q3_holidays_17h,1941.05,0,976.38,2917.43,0
Oriental,2026_Q3_holidays_18h,1805.79,0,1011.49,2817.28,0
Oriental,2026_Q3_holidays_19h,1951.35,0,962.141,2913.49,0
Oriental,2026_Q3_holidays_20h,2097.05,0,909.253,3006.3,0
Oriental,2026_Q3_holidays_21h,2012.53,0,940.11,2952.64,0
Oriental,2026_Q3_holidays_22h,1811.08,0,1009.97,2821.04,0
Oriental,2026_Q3_holidays_23h,1586.91,0,1050.78,2637.69,0
Oriental,2026_Q4_labor_0h,1223.84,0,1277.07,2500.91,0
Oriental,2026_Q4_labor_1h,1062.05,0,1311.15,2373.19,0
Oriental,2026_Q4_labor_2h,965.959,0,1324.51,2290.47,0
Oriental,2026_Q4_labor_3h,896.82,0,1334.74,2231.56,0
Oriental,2026_Q4_labor_4h,852.663,0,1346.35,2199.02,0
Oriental,2026_Q4_labor_5h,891.177,0,1332.9,2224.07,0
Oriental,2026_Q4_labor_6h,950.544,0,1332.88,2283.42,0
Oriental,2026_Q4_labor_7h,953.145,0,1368.48,2321.63,0
Oriental,2026_Q4_labor_8h,1072.2,0,1386.32,2458.52,0
Oriental,2026_Q4_labor_9h,1210.76,0,1388.18,2598.93,0
Oriental,2026_Q4_labor_10h,1304.14,0,1391.48,2695.62,0
Oriental,2026_Q4_labor_11h,1445.01,0,1348.41,2793.42,0
Oriental,2026_Q4_labor_12h,1557.83,0,1307.31,2865.14,0
Oriental,2026_Q4_labor_13h,1571.04,0,1290.62,2861.66,0
Oriental,2026_Q4_labor_14h,1621.64,0,1253.73,2875.37,0
Oriental,2026_Q4_labor_15h,1690.33,0,1203.73,2894.05,0
Oriental,2026_Q4_labor_16h,1721.44,0,1163.61,2885.05,0
Oriental,2026_Q4_labor_17h,1707.2,0,1142.49,2849.69,0
Oriental,2026_Q4_labor_18h,1696.09,0,1137.49,2833.57,0
Oriental,2026_Q4_labor_19h,1923.55,0,1063.4,2986.96,0
Oriental,2026_Q4_labor_20h,1924.51,0,1063.13,2987.64,0
Oriental,2026_Q4_labor_21h,1835.28,0,1092,2927.28,0
Oriental,2026_Q4_labor_22h,1665,0,1147.64,2812.64,0
Oriental,2026_Q4_labor_23h,1434.73,0,1219.51,2654.24,0
Oriental,2026_Q4_holidays_0h,917.991,0,1642.21,2560.2,0
Oriental,2026_Q4_holidays_1h,797.653,0,1614.89,2412.54,0
Oriental,2026_Q4_holidays_2h,751.056,0,1585.43,2336.49,0
Oriental,2026_Q4_holidays_3h,719.371,0,1562.21,2281.58,0
Oriental,2026_Q4_holidays_4h,701.102,0,1549.27,2250.37,0
Oriental,2026_Q4_holidays_5h,725.584,0,1566.25,2291.83,0
Oriental,2026_Q4_holidays_6h,787.133,0,1607.56,2394.7,0
Oriental,2026_Q4_holidays_7h,820.545,0,1626.25,2446.8,0
Oriental,2026_Q4_holidays_8h,920.061,0,1675.98,2596.04,0
Oriental,2026_Q4_holidays_9h,1023.08,0,1706.35,2729.43,0
Oriental,2026_Q4_holidays_10h,1090.94,0,1722.2,2813.15,0
Oriental,2026_Q4_holidays_11h,1190.18,0,1719.49,2909.68,0
Oriental,2026_Q4_holidays_12h,1291.75,0,1696.18,2987.92,0
Oriental,2026_Q4_holidays_13h,1284.99,0,1685.3,2970.29,0
Oriental,2026_Q4_holidays_14h,1345.27,0,1645.52,2990.79,0
Oriental,2026_Q4_holidays_15h,1464.5,0,1581.83,3046.33,0
Oriental,2026_Q4_holidays_16h,1504.13,0,1541.18,3045.32,0
Oriental,2026_Q4_holidays_17h,1479.27,0,1523.97,3003.24,0
Oriental,2026_Q4_holidays_18h,1424.66,0,1529.43,2954.09,0
Oriental,2026_Q4_holidays_19h,1623.88,0,1478.63,3102.51,0
Oriental,2026_Q4_holidays_20h,1630,0,1477.19,3107.19,0
Oriental,2026_Q4_holidays_21h,1551.6,0,1495.7,3047.31,0
Oriental,2026_Q4_holidays_22h,1371.92,0,1543.52,2915.44,0
Oriental,2026_Q4_holidays_23h,1123.07,0,1609.83,2732.9,0
Oriental,2027_Q1_labor_0h,1076.13,0,1299.42,2375.55,0
Oriental,2027_Q1_labor_1h,952.806,0,1305.86,2258.67,0
Oriental,2027_Q1_labor_2h,869.836,0,1312.14,2181.97,0
Oriental,2027_Q1_labor_3h,801.639,0,1324.05,2125.69,0
Oriental,2027_Q1_labor_4h,769.361,0,1327.21,2096.57,0
Oriental,2027_Q1_labor_5h,792.964,0,1324.85,2117.81,0
Oriental,2027_Q1_labor_6h,863.018,0,1322.21,2185.22,0
Oriental,2027_Q1_labor_7h,886.959,0,1328.67,2215.63,0
Oriental,2027_Q1_labor_8h,1014.16,0,1326.93,2341.09,0
Oriental,2027_Q1_labor_9h,1162.45,0,1323.18,2485.63,0
Oriental,2027_Q1_labor_10h,1260.4,0,1321.86,2582.27,0
Oriental,2027_Q1_labor_11h,1354.67,0,1318.96,2673.62,0
Oriental,2027_Q1_labor_12h,1431.77,0,1315.42,2747.19,0
Oriental,2027_Q1_labor_13h,1429.05,0,1313.37,2742.41,0
Oriental,2027_Q1_labor_14h,1434.88,0,1310.16,2745.04,0
Oriental,2027_Q1_labor_15h,1460.6,0,1300.09,2760.69,0
Oriental,2027_Q1_labor_16h,1485.84,0,1264.7,2750.54,0
Oriental,2027_Q1_labor_17h,1506.94,0,1201.14,2708.08,0
Oriental,2027_Q1_labor_18h,1453.48,0,1214.28,2667.75,0
Oriental,2027_Q1_labor_19h,1681.88,0,1140.13,2822.01,0
Oriental,2027_Q1_labor_20h,1736.22,0,1122.51,2858.73,0
Oriental,2027_Q1_labor_21h,1637.7,0,1154.51,2792.21,0
Oriental,2027_Q1_labor_22h,1465.2,0,1210.51,2675.71,0
Oriental,2027_Q1_labor_23h,1242.22,0,1280.39,2522.61,0
Oriental,2027_Q1_holidays_0h,962.948,0,1459.07,2422.01,0
Oriental,2027_Q1_holidays_1h,729.741,0,1535.12,2264.86,0
Oriental,2027_Q1_holidays_2h,630.806,0,1556.18,2186.98,0
Oriental,2027_Q1_holidays_3h,581.917,0,1552.75,2134.67,0
Oriental,2027_Q1_holidays_4h,561.615,0,1543.5,2105.12,0
Oriental,2027_Q1_holidays_5h,591.478,0,1556.32,2147.8,0
Oriental,2027_Q1_holidays_6h,684.547,0,1568.5,2253.04,0
Oriental,2027_Q1_holidays_7h,715.04,0,1604.44,2319.48,0
Oriental,2027_Q1_holidays_8h,820.69,0,1632.96,2453.65,0
Oriental,2027_Q1_holidays_9h,950.795,0,1649.18,2599.97,0
Oriental,2027_Q1_holidays_10h,1026.47,0,1659.31,2685.78,0
Oriental,2027_Q1_holidays_11h,1123.36,0,1653.65,2777.01,0
Oriental,2027_Q1_holidays_12h,1214.69,0,1633.39,2848.07,0
Oriental,2027_Q1_holidays_13h,1215.15,0,1619.03,2834.18,0
Oriental,2027_Q1_holidays_14h,1286.92,0,1564.36,2851.28,0
Oriental,2027_Q1_holidays_15h,1555.96,0,1345.02,2900.99,0
Oriental,2027_Q1_holidays_16h,1721.84,0,1181.13,2902.97,0
Oriental,2027_Q1_holidays_17h,1694.77,0,1157.63,2852.41,0
Oriental,2027_Q1_holidays_18h,1597.28,0,1183.25,2780.53,0
Oriental,2027_Q1_holidays_19h,1808.28,0,1104.23,2912.51,0
Oriental,2027_Q1_holidays_20h,1871.81,0,1081.46,2953.27,0
Oriental,2027_Q1_holidays_21h,1754.37,0,1125.79,2880.17,0
Oriental,2027_Q1_holidays_22h,1563.15,0,1197.06,2760.21,0
Oriental,2027_Q1_holidays_23h,1283.42,0,1299.9,2583.32,0
Oriental,2027_Q2_labor_0h,1182.49,0,1201.52,2384.01,0
Oriental,2027_Q2_labor_1h,1037.01,0,1228.32,2265.33,0
Oriental,2027_Q2_labor_2h,945.553,0,1241.61,2187.16,0
Oriental,2027_Q2_labor_3h,877.929,0,1252.84,2130.77,0
Oriental,2027_Q2_labor_4h,841.377,0,1260.44,2101.81,0
Oriental,2027_Q2_labor_5h,881.15,0,1251.74,2132.89,0
Oriental,2027_Q2_labor_6h,963.472,0,1249.14,2212.61,0
Oriental,2027_Q2_labor_7h,958.588,0,1284.58,2243.16,0
Oriental,2027_Q2_labor_8h,1078.76,0,1292.36,2371.12,0
Oriental,2027_Q2_labor_9h,1212.69,0,1294.66,2507.35,0
Oriental,2027_Q2_labor_10h,1302.45,0,1296.03,2598.48,0
Oriental,2027_Q2_labor_11h,1403.62,0,1289.13,2692.75,0
Oriental,2027_Q2_labor_12h,1487.27,0,1277.2,2764.47,0
Oriental,2027_Q2_labor_13h,1481.53,0,1269.86,2751.39,0
Oriental,2027_Q2_labor_14h,1526.81,0,1234,2760.81,0
Oriental,2027_Q2_labor_15h,1607.49,0,1172.75,2780.24,0
Oriental,2027_Q2_labor_16h,1649.82,0,1125.52,2775.33,0
Oriental,2027_Q2_labor_17h,1618.95,0,1115.32,2734.26,0
Oriental,2027_Q2_labor_18h,1556.58,0,1119.74,2676.32,0
Oriental,2027_Q2_labor_19h,1734.73,0,1088.95,2823.68,0
Oriental,2027_Q2_labor_20h,1812.73,0,1073.77,2886.5,0
Oriental,2027_Q2_labor_21h,1736.19,0,1088.57,2824.76,0
Oriental,2027_Q2_labor_22h,1586.25,0,1114.93,2701.18,0
Oriental,2027_Q2_labor_23h,1390.01,0,1145.7,2535.71,0
Oriental,2027_Q2_holidays_0h,927.964,0,1483.41,2411.37,0
Oriental,2027_Q2_holidays_1h,764.365,0,1496.33,2260.7,0
Oriental,2027_Q2_holidays_2h,717.879,0,1468.73,2186.61,0
Oriental,2027_Q2_holidays_3h,692.319,0,1440.95,2133.26,0
Oriental,2027_Q2_holidays_4h,683.982,0,1428.76,2112.74,0
Oriental,2027_Q2_holidays_5h,710.754,0,1460.54,2171.3,0
Oriental,2027_Q2_holidays_6h,792.358,0,1513.51,2305.87,0
Oriental,2027_Q2_holidays_7h,805.086,0,1549.68,2354.77,0
Oriental,2027_Q2_holidays_8h,885.197,0,1605.24,2490.44,0
Oriental,2027_Q2_holidays_9h,991.861,0,1638.72,2630.58,0
Oriental,2027_Q2_holidays_10h,1065.36,0,1654.61,2719.98,0
Oriental,2027_Q2_holidays_11h,1165.52,0,1649.7,2815.22,0
Oriental,2027_Q2_holidays_12h,1265.21,0,1623.77,2888.98,0
Oriental,2027_Q2_holidays_13h,1262.9,0,1600.92,2863.82,0
Oriental,2027_Q2_holidays_14h,1428.08,0,1465.38,2893.46,0
Oriental,2027_Q2_holidays_15h,1725.43,0,1217.34,2942.77,0
Oriental,2027_Q2_holidays_16h,1783.61,0,1156.53,2940.15,0
Oriental,2027_Q2_holidays_17h,1750.41,0,1139.38,2889.79,0
Oriental,2027_Q2_holidays_18h,1619.62,0,1182.26,2801.88,0
Oriental,2027_Q2_holidays_19h,1828.02,0,1097.76,2925.77,0
Oriental,2027_Q2_holidays_20h,1928.38,0,1058.96,2987.34,0
Oriental,2027_Q2_holidays_21h,1817.65,0,1101.85,2919.5,0
Oriental,2027_Q2_holidays_22h,1586.66,0,1195.73,2782.39,0
Oriental,2027_Q2_holidays_23h,1253.89,0,1331.75,2585.65,0
Oriental,2027_Q3_labor_0h,1453.2,0,1014.74,2467.94,0
Oriental,2027_Q3_labor_1h,1335.16,0,1016.97,2352.12,0
Oriental,2027_Q3_labor_2h,1255.42,0,1013.95,2269.37,0
Oriental,2027_Q3_labor_3h,1196.54,0,1012.38,2208.92,0
Oriental,2027_Q3_labor_4h,1163.36,0,1012.97,2176.33,0
Oriental,2027_Q3_labor_5h,1185.29,0,1012.8,2198.09,0
Oriental,2027_Q3_labor_6h,1235.1,0,1020.68,2255.78,0
Oriental,2027_Q3_labor_7h,1246.79,0,1043.43,2290.22,0
Oriental,2027_Q3_labor_8h,1357.79,0,1070.26,2428.05,0
Oriental,2027_Q3_labor_9h,1468.45,0,1100.13,2568.58,0
Oriental,2027_Q3_labor_10h,1540.12,0,1122.28,2662.4,0
Oriental,2027_Q3_labor_11h,1622.38,0,1136.36,2758.74,0
Oriental,2027_Q3_labor_12h,1698.35,0,1132.93,2831.28,0
Oriental,2027_Q3_labor_13h,1702.5,0,1121.64,2824.15,0
Oriental,2027_Q3_labor_14h,1748.22,0,1086.43,2834.65,0
Oriental,2027_Q3_labor_15h,1856.04,0,998.037,2854.08,0
Oriental,2027_Q3_labor_16h,1921.95,0,920.652,2842.6,0
Oriental,2027_Q3_labor_17h,1915.37,0,887.571,2802.95,0
Oriental,2027_Q3_labor_18h,1829.77,0,908.79,2738.56,0
Oriental,2027_Q3_labor_19h,2008.18,0,854.662,2862.84,0
Oriental,2027_Q3_labor_20h,2120.55,0,830.271,2950.82,0
Oriental,2027_Q3_labor_21h,2054.72,0,844.086,2898.8,0
Oriental,2027_Q3_labor_22h,1901.4,0,882.954,2784.35,0
Oriental,2027_Q3_labor_23h,1653.03,0,970.611,2623.64,0
Oriental,2027_Q3_holidays_0h,1399.49,0,1112.29,2511.77,0
Oriental,2027_Q3_holidays_1h,1145.73,0,1168.36,2314.09,0
Oriental,2027_Q3_holidays_2h,1043.75,0,1190.69,2234.44,0
Oriental,2027_Q3_holidays_3h,974.91,0,1203.88,2178.79,0
Oriental,2027_Q3_holidays_4h,954.61,0,1202.45,2157.06,0
Oriental,2027_Q3_holidays_5h,1017.96,0,1191.16,2209.12,0
Oriental,2027_Q3_holidays_6h,1134.49,0,1183.59,2318.09,0
Oriental,2027_Q3_holidays_7h,1164.39,0,1214.19,2378.59,0
Oriental,2027_Q3_holidays_8h,1302.33,0,1228.13,2530.47,0
Oriental,2027_Q3_holidays_9h,1428.63,0,1248.58,2677.21,0
Oriental,2027_Q3_holidays_10h,1503.99,0,1269.92,2773.91,0
Oriental,2027_Q3_holidays_11h,1597.21,0,1284.89,2882.11,0
Oriental,2027_Q3_holidays_12h,1665.86,0,1299.55,2965.41,0
Oriental,2027_Q3_holidays_13h,1659.22,0,1287.42,2946.64,0
Oriental,2027_Q3_holidays_14h,1720.22,0,1258.52,2978.74,0
Oriental,2027_Q3_holidays_15h,1927.9,0,1100.92,3028.82,0
Oriental,2027_Q3_holidays_16h,2034.44,0,994.021,3028.46,0
Oriental,2027_Q3_holidays_17h,2009.76,0,972.493,2982.25,0
Oriental,2027_Q3_holidays_18h,1866.62,0,1014.19,2880.81,0
Oriental,2027_Q3_holidays_19h,2026.12,0,954.833,2980.95,0
Oriental,2027_Q3_holidays_20h,2180.53,0,896.355,3076.88,0
Oriental,2027_Q3_holidays_21h,2091.93,0,929.878,3021.81,0
Oriental,2027_Q3_holidays_22h,1871.92,0,1012.41,2884.33,0
Oriental,2027_Q3_holidays_23h,1582.76,0,1108.6,2691.36,0
Oriental,2027_Q4_labor_0h,1264.35,0,1312.7,2577.06,0
Oriental,2027_Q4_labor_1h,1099.57,0,1352.77,2452.35,0
Oriental,2027_Q4_labor_2h,978.749,0,1389.47,2368.22,0
Oriental,2027_Q4_labor_3h,889.914,0,1416.7,2306.61,0
Oriental,2027_Q4_labor_4h,842.755,0,1428.43,2271.19,0
Oriental,2027_Q4_labor_5h,880.057,0,1414.98,2295.04,0
Oriental,2027_Q4_labor_6h,948.296,0,1408.23,2356.53,0
Oriental,2027_Q4_labor_7h,941.28,0,1453.67,2394.95,0
Oriental,2027_Q4_labor_8h,1059.77,0,1476.73,2536.5,0
Oriental,2027_Q4_labor_9h,1193.53,0,1484.65,2678.18,0
Oriental,2027_Q4_labor_10h,1286.76,0,1490.45,2777.21,0
Oriental,2027_Q4_labor_11h,1431.03,0,1445.66,2876.69,0
Oriental,2027_Q4_labor_12h,1599.65,0,1352.59,2952.25,0
Oriental,2027_Q4_labor_13h,1615.43,0,1332.39,2947.82,0
Oriental,2027_Q4_labor_14h,1669.94,0,1289.01,2958.96,0
Oriental,2027_Q4_labor_15h,1750.87,0,1228.73,2979.6,0
Oriental,2027_Q4_labor_16h,1788.19,0,1181.71,2969.9,0
Oriental,2027_Q4_labor_17h,1776.32,0,1156.98,2933.3,0
Oriental,2027_Q4_labor_18h,1766.02,0,1151.1,2917.12,0
Oriental,2027_Q4_labor_19h,2006.6,0,1069.59,3076.2,0
Oriental,2027_Q4_labor_20h,2008.25,0,1069.09,3077.34,0
Oriental,2027_Q4_labor_21h,1916.69,0,1099.53,3016.23,0
Oriental,2027_Q4_labor_22h,1735.65,0,1161.58,2897.22,0
Oriental,2027_Q4_labor_23h,1491.57,0,1243.74,2735.3,0
Oriental,2027_Q4_holidays_0h,899.934,0,1730.35,2630.29,0
Oriental,2027_Q4_holidays_1h,755.995,0,1681.19,2437.19,0
Oriental,2027_Q4_holidays_2h,711.608,0,1640.75,2352.36,0
Oriental,2027_Q4_holidays_3h,684.606,0,1616.83,2301.44,0
Oriental,2027_Q4_holidays_4h,673.201,0,1607.47,2280.67,0
Oriental,2027_Q4_holidays_5h,702.871,0,1632.24,2335.11,0
Oriental,2027_Q4_holidays_6h,759.28,0,1679.62,2438.9,0
Oriental,2027_Q4_holidays_7h,796.171,0,1701.97,2498.14,0
Oriental,2027_Q4_holidays_8h,887.806,0,1760.76,2648.56,0
Oriental,2027_Q4_holidays_9h,1001.93,0,1801.71,2803.64,0
Oriental,2027_Q4_holidays_10h,1073.67,0,1819.52,2893.2,0
Oriental,2027_Q4_holidays_11h,1185.42,0,1814.74,3000.15,0
Oriental,2027_Q4_holidays_12h,1279.86,0,1790.79,3070.65,0
Oriental,2027_Q4_holidays_13h,1281.64,0,1775.92,3057.56,0
Oriental,2027_Q4_holidays_14h,1377.03,0,1719.55,3096.58,0
Oriental,2027_Q4_holidays_15h,1501.57,0,1643.82,3145.4,0
Oriental,2027_Q4_holidays_16h,1557.07,0,1589.82,3146.89,0
Oriental,2027_Q4_holidays_17h,1538.61,0,1566.04,3104.64,0
Oriental,2027_Q4_holidays_18h,1477.38,0,1574.1,3051.48,0
Oriental,2027_Q4_holidays_19h,1688.51,0,1509.29,3197.79,0
Oriental,2027_Q4_holidays_20h,1691.61,0,1508.38,3199.99,0
Oriental,2027_Q4_holidays_21h,1595.63,0,1536.34,3131.97,0
Oriental,2027_Q4_holidays_22h,1404.34,0,1597.31,3001.64,0
Oriental,2027_Q4_holidays_23h,1119.77,0,1686.48,2806.25,0
Oriental,2028_Q1_labor_0h,1079.84,0,1372.62,2452.46,0
Oriental,2028_Q1_labor_1h,965.246,0,1378.14,2343.39,0
Oriental,2028_Q1_labor_2h,880.553,0,1383.25,2263.8,0
Oriental,2028_Q1_labor_3h,816.613,0,1387.94,2204.55,0
Oriental,2028_Q1_labor_4h,780.734,0,1390.94,2171.68,0
Oriental,2028_Q1_labor_5h,805.115,0,1388.86,2193.98,0
Oriental,2028_Q1_labor_6h,877.338,0,1387.07,2264.4,0
Oriental,2028_Q1_labor_7h,902.54,0,1394.42,2296.96,0
Oriental,2028_Q1_labor_8h,1030.83,0,1394.04,2424.87,0
Oriental,2028_Q1_labor_9h,1182.36,0,1390.53,2572.89,0
Oriental,2028_Q1_labor_10h,1280.64,0,1388.94,2669.58,0
Oriental,2028_Q1_labor_11h,1377.71,0,1385.23,2762.94,0
Oriental,2028_Q1_labor_12h,1457.14,0,1380.75,2837.88,0
Oriental,2028_Q1_labor_13h,1453.59,0,1378.15,2831.74,0
Oriental,2028_Q1_labor_14h,1461.33,0,1373.34,2834.66,0
Oriental,2028_Q1_labor_15h,1485.91,0,1367.13,2853.04,0
Oriental,2028_Q1_labor_16h,1498.12,0,1345.77,2843.89,0
Oriental,2028_Q1_labor_17h,1478.33,0,1321.09,2799.42,0
Oriental,2028_Q1_labor_18h,1424.86,0,1331.14,2756,0
Oriental,2028_Q1_labor_19h,1644.89,0,1267.5,2912.39,0
Oriental,2028_Q1_labor_20h,1682.88,0,1266.96,2949.84,0
Oriental,2028_Q1_labor_21h,1612.16,0,1268.03,2880.2,0
Oriental,2028_Q1_labor_22h,1452.38,0,1308.37,2760.74,0
Oriental,2028_Q1_labor_23h,1253.42,0,1349.66,2603.08,0
Oriental,2028_Q1_holidays_0h,919.058,0,1542.18,2461.24,0
Oriental,2028_Q1_holidays_1h,664.083,0,1568.25,2232.34,0
Oriental,2028_Q1_holidays_2h,597.749,0,1557.88,2155.63,0
Oriental,2028_Q1_holidays_3h,561.649,0,1547.67,2109.32,0
Oriental,2028_Q1_holidays_4h,551.925,0,1544.03,2095.96,0
Oriental,2028_Q1_holidays_5h,583.21,0,1554.21,2137.42,0
Oriental,2028_Q1_holidays_6h,664.902,0,1575.05,2239.95,0
Oriental,2028_Q1_holidays_7h,704.869,0,1596.15,2301.01,0
Oriental,2028_Q1_holidays_8h,823.343,0,1623.66,2447,0
Oriental,2028_Q1_holidays_9h,963.119,0,1639.71,2602.83,0
Oriental,2028_Q1_holidays_10h,1060.25,0,1647.78,2708.03,0
Oriental,2028_Q1_holidays_11h,1164.84,0,1641.54,2806.39,0
Oriental,2028_Q1_holidays_12h,1263.87,0,1620.62,2884.48,0
Oriental,2028_Q1_holidays_13h,1273.67,0,1603.77,2877.44,0
Oriental,2028_Q1_holidays_14h,1332.61,0,1561.1,2893.71,0
Oriental,2028_Q1_holidays_15h,1458.21,0,1473.39,2931.6,0
Oriental,2028_Q1_holidays_16h,1619.96,0,1305.95,2925.9,0
Oriental,2028_Q1_holidays_17h,1667.96,0,1210.26,2878.22,0
Oriental,2028_Q1_holidays_18h,1557.4,0,1257.92,2815.31,0
Oriental,2028_Q1_holidays_19h,1907.83,0,1058.19,2966.02,0
Oriental,2028_Q1_holidays_20h,1996.94,0,1013.25,3010.19,0
Oriental,2028_Q1_holidays_21h,1876.22,0,1065.36,2941.58,0
Oriental,2028_Q1_holidays_22h,1614.76,0,1200.06,2814.82,0
Oriental,2028_Q1_holidays_23h,1232.65,0,1399.82,2632.48,0
Oriental,2028_Q2_labor_0h,1095.5,0,1386.27,2481.77,0
Oriental,2028_Q2_labor_1h,900.769,0,1435.41,2336.18,0
Oriental,2028_Q2_labor_2h,825.113,0,1432.9,2258.01,0
Oriental,2028_Q2_labor_3h,775.135,0,1427.18,2202.32,0
Oriental,2028_Q2_labor_4h,753.678,0,1423.45,2177.13,0
Oriental,2028_Q2_labor_5h,793.459,0,1429.52,2222.98,0
Oriental,2028_Q2_labor_6h,890.435,0,1442.56,2332.99,0
Oriental,2028_Q2_labor_7h,919.004,0,1460.93,2379.94,0
Oriental,2028_Q2_labor_8h,1040.39,0,1480.13,2520.52,0
Oriental,2028_Q2_labor_9h,1175.38,0,1490.75,2666.14,0
Oriental,2028_Q2_labor_10h,1261.51,0,1496.6,2758.11,0
Oriental,2028_Q2_labor_11h,1368.93,0,1488.45,2857.38,0
Oriental,2028_Q2_labor_12h,1462.99,0,1469.3,2932.28,0
Oriental,2028_Q2_labor_13h,1450.64,0,1458.87,2909.51,0
Oriental,2028_Q2_labor_14h,1497.47,0,1427.02,2924.49,0
Oriental,2028_Q2_labor_15h,1661.55,0,1296.72,2958.26,0
Oriental,2028_Q2_labor_16h,1791.3,0,1165.65,2956.94,0
Oriental,2028_Q2_labor_17h,1792.59,0,1116.9,2909.49,0
Oriental,2028_Q2_labor_18h,1676.08,0,1158.06,2834.14,0
Oriental,2028_Q2_labor_19h,1906.74,0,1067.39,2974.13,0
Oriental,2028_Q2_labor_20h,1986.43,0,1048.18,3034.61,0
Oriental,2028_Q2_labor_21h,1894.86,0,1070.19,2965.06,0
Oriental,2028_Q2_labor_22h,1692.26,0,1136.5,2828.76,0
Oriental,2028_Q2_labor_23h,1366.95,0,1278.39,2645.33,0
Oriental,2028_Q2_holidays_0h,883.15,0,1441.11,2324.26,0
Oriental,2028_Q2_holidays_1h,864.349,0,1446.56,2310.91,0
Oriental,2028_Q2_holidays_2h,742.875,0,1477.51,2220.39,0
Oriental,2028_Q2_holidays_3h,661.398,0,1489.52,2150.92,0
Oriental,2028_Q2_holidays_4h,610.078,0,1491.54,2101.62,0
Oriental,2028_Q2_holidays_5h,587.481,0,1490.31,2077.79,0
Oriental,2028_Q2_holidays_6h,555.709,0,1491.16,2046.87,0
Oriental,2028_Q2_holidays_7h,521.153,0,1482.03,2003.18,0
Oriental,2028_Q2_holidays_8h,579.927,0,1509.66,2089.59,0
Oriental,2028_Q2_holidays_9h,659.438,0,1542.27,2201.7,0
Oriental,2028_Q2_holidays_10h,739.048,0,1566.22,2305.27,0
Oriental,2028_Q2_holidays_11h,813.389,0,1576.72,2390.11,0
Oriental,2028_Q2_holidays_12h,888.933,0,1570.92,2459.85,0
Oriental,2028_Q2_holidays_13h,939.678,0,1550.78,2490.46,0
Oriental,2028_Q2_holidays_14h,967.963,0,1520.91,2488.88,0
Oriental,2028_Q2_holidays_15h,966.46,0,1489.61,2456.07,0
Oriental,2028_Q2_holidays_16h,977.912,0,1452.79,2430.7,0
Oriental,2028_Q2_holidays_17h,991.563,0,1418.55,2410.12,0
Oriental,2028_Q2_holidays_18h,1014.45,0,1400.32,2414.77,0
Oriental,2028_Q2_holidays_19h,1399.15,0,1214.87,2614.02,0
Oriental,2028_Q2_holidays_20h,1601.22,0,1101.92,2703.14,0
Oriental,2028_Q2_holidays_21h,1544.94,0,1124.53,2669.47,0
Oriental,2028_Q2_holidays_22h,1374.15,0,1208.85,2583.01,0
Oriental,2028_Q2_holidays_23h,1117.06,0,1342.25,2459.32,0
Oriental,2028_Q3_labor_0h,1387.54,0,1185.05,2572.59,0
Oriental,2028_Q3_labor_1h,1265.5,0,1158.78,2424.28,0
Oriental,2028_Q3_labor_2h,1187.37,0,1152.44,2339.81,0
Oriental,2028_Q3_labor_3h,1124.28,0,1155.3,2279.58,0
Oriental,2028_Q3_labor_4h,1092.11,0,1158.87,2250.98,0
Oriental,2028_Q3_labor_5h,1131.41,0,1155.56,2286.97,0
Oriental,2028_Q3_labor_6h,1207.86,0,1162.7,2370.57,0
Oriental,2028_Q3_labor_7h,1238.33,0,1186.14,2424.47,0
Oriental,2028_Q3_labor_8h,1359.19,0,1218.6,2577.78,0
Oriental,2028_Q3_labor_9h,1471.75,0,1257.47,2729.21,0
Oriental,2028_Q3_labor_10h,1541.5,0,1285.12,2826.62,0
Oriental,2028_Q3_labor_11h,1625.1,0,1306.27,2931.37,0
Oriental,2028_Q3_labor_12h,1702.43,0,1307.03,3009.46,0
Oriental,2028_Q3_labor_13h,1698.67,0,1293.98,2992.65,0
Oriental,2028_Q3_labor_14h,1741.3,0,1267.21,3008.51,0
Oriental,2028_Q3_labor_15h,1897.2,0,1144.89,3042.09,0
Oriental,2028_Q3_labor_16h,2030.64,0,1004.07,3034.71,0
Oriental,2028_Q3_labor_17h,2033.19,0,956.246,2989.43,0
Oriental,2028_Q3_labor_18h,1864.93,0,1040.55,2905.48,0
Oriental,2028_Q3_labor_19h,2093.04,0,927.856,3020.89,0
Oriental,2028_Q3_labor_20h,2254.6,0,853.741,3108.34,0
Oriental,2028_Q3_labor_21h,2152.52,0,897.293,3049.81,0
Oriental,2028_Q3_labor_22h,1903.09,0,1017.37,2920.46,0
Oriental,2028_Q3_labor_23h,1574.37,0,1167.44,2741.81,0
Oriental,2028_Q3_holidays_0h,1274.36,0,1126.74,2401.1,0
Oriental,2028_Q3_holidays_1h,1244.7,0,1129.13,2373.83,0
Oriental,2028_Q3_holidays_2h,1152.23,0,1134.91,2287.14,0
Oriental,2028_Q3_holidays_3h,1074.78,0,1142.67,2217.45,0
Oriental,2028_Q3_holidays_4h,1015.65,0,1149.28,2164.93,0
Oriental,2028_Q3_holidays_5h,981.081,0,1154.9,2135.98,0
Oriental,2028_Q3_holidays_6h,922.83,0,1178.47,2101.3,0
Oriental,2028_Q3_holidays_7h,823.278,0,1228.35,2051.63,0
Oriental,2028_Q3_holidays_8h,886.682,0,1252.44,2139.13,0
Oriental,2028_Q3_holidays_9h,980.924,0,1268.7,2249.62,0
Oriental,2028_Q3_holidays_10h,1067.08,0,1277.45,2344.53,0
Oriental,2028_Q3_holidays_11h,1145.33,0,1277.11,2422.44,0
Oriental,2028_Q3_holidays_12h,1221.12,0,1266.59,2487.7,0
Oriental,2028_Q3_holidays_13h,1276.71,0,1249.23,2525.94,0
Oriental,2028_Q3_holidays_14h,1302.82,0,1225.54,2528.37,0
Oriental,2028_Q3_holidays_15h,1301.07,0,1196.41,2497.48,0
Oriental,2028_Q3_holidays_16h,1305.78,0,1164.3,2470.09,0
Oriental,2028_Q3_holidays_17h,1315.53,0,1133.94,2449.46,0
Oriental,2028_Q3_holidays_18h,1331.58,0,1120.57,2452.15,0
Oriental,2028_Q3_holidays_19h,1586.94,0,1044.91,2631.85,0
Oriental,2028_Q3_holidays_20h,1779.89,0,969.981,2749.87,0
Oriental,2028_Q3_holidays_21h,1735.61,0,987.65,2723.26,0
Oriental,2028_Q3_holidays_22h,1618.78,0,1032.57,2651.35,0
Oriental,2028_Q3_holidays_23h,1437.96,0,1094.36,2532.32,0
Oriental,2028_Q4_labor_0h,1375.87,0,1313.46,2689.32,0
Oriental,2028_Q4_labor_1h,1111.6,0,1424.82,2536.42,0
Oriental,2028_Q4_labor_2h,995.915,0,1453.81,2449.73,0
Oriental,2028_Q4_labor_3h,924.051,0,1465.65,2389.7,0
Oriental,2028_Q4_labor_4h,890.871,0,1469.42,2360.3,0
Oriental,2028_Q4_labor_5h,940.827,0,1457.93,2398.75,0
Oriental,2028_Q4_labor_6h,1038.24,0,1447.23,2485.48,0
Oriental,2028_Q4_labor_7h,1065.52,0,1477.29,2542.81,0
Oriental,2028_Q4_labor_8h,1199.04,0,1501.01,2700.06,0
Oriental,2028_Q4_labor_9h,1346.01,0,1507.42,2853.42,0
Oriental,2028_Q4_labor_10h,1439.41,0,1513.9,2953.31,0
Oriental,2028_Q4_labor_11h,1591.36,0,1467.05,3058.4,0
Oriental,2028_Q4_labor_12h,1775.82,0,1359.65,3135.46,0
Oriental,2028_Q4_labor_13h,1823.07,0,1299.4,3122.47,0
Oriental,2028_Q4_labor_14h,1896.89,0,1243.76,3140.65,0
Oriental,2028_Q4_labor_15h,2008.21,0,1167.05,3175.26,0
Oriental,2028_Q4_labor_16h,2055.27,0,1113.31,3168.58,0
Oriental,2028_Q4_labor_17h,2037.67,0,1088.98,3126.66,0
Oriental,2028_Q4_labor_18h,2000.6,0,1092.24,3092.84,0
Oriental,2028_Q4_labor_19h,2230.57,0,1014.71,3245.27,0
Oriental,2028_Q4_labor_20h,2222.72,0,1017.24,3239.96,0
Oriental,2028_Q4_labor_21h,2120.08,0,1051.09,3171.16,0
Oriental,2028_Q4_labor_22h,1918.04,0,1121.24,3039.28,0
Oriental,2028_Q4_labor_23h,1640.97,0,1218.25,2859.21,0
Oriental,2028_Q4_holidays_0h,904.844,0,1594.61,2499.46,0
Oriental,2028_Q4_holidays_1h,809.213,0,1638.06,2447.27,0
Oriental,2028_Q4_holidays_2h,676.834,0,1683.35,2360.18,0
Oriental,2028_Q4_holidays_3h,600.715,0,1686.44,2287.16,0
Oriental,2028_Q4_holidays_4h,554.491,0,1668.77,2223.26,0
Oriental,2028_Q4_holidays_5h,539.105,0,1656.9,2196.01,0
Oriental,2028_Q4_holidays_6h,524.176,0,1638.37,2162.55,0
Oriental,2028_Q4_holidays_7h,504.207,0,1612.83,2117.04,0
Oriental,2028_Q4_holidays_8h,547.748,0,1655.52,2203.27,0
Oriental,2028_Q4_holidays_9h,612.322,0,1706.02,2318.34,0
Oriental,2028_Q4_holidays_10h,671.811,0,1751.45,2423.26,0
Oriental,2028_Q4_holidays_11h,730.888,0,1786.78,2517.67,0
Oriental,2028_Q4_holidays_12h,788.809,0,1806.06,2594.87,0
Oriental,2028_Q4_holidays_13h,835.178,0,1796.82,2631.99,0
Oriental,2028_Q4_holidays_14h,880.617,0,1751.27,2631.88,0
Oriental,2028_Q4_holidays_15h,921.683,0,1680.41,2602.09,0
Oriental,2028_Q4_holidays_16h,993.778,0,1589.99,2583.76,0
Oriental,2028_Q4_holidays_17h,1034.66,0,1530.97,2565.63,0
Oriental,2028_Q4_holidays_18h,1153.86,0,1459.93,2613.79,0
Oriental,2028_Q4_holidays_19h,1713.04,0,1119.93,2832.97,0
Oriental,2028_Q4_holidays_20h,1816.55,0,1057.64,2874.19,0
Oriental,2028_Q4_holidays_21h,1740.98,0,1098.24,2839.22,0
Oriental,2028_Q4_holidays_22h,1543.39,0,1217.48,2760.87,0
Oriental,2028_Q4_holidays_23h,1228.39,0,1410.94,2639.33,0
Oriental,2029_Q1_labor_0h,1097.71,0,1442.61,2540.32,0
Oriental,2029_Q1_labor_1h,929.281,0,1458.92,2388.2,0
Oriental,2029_Q1_labor_2h,839.552,0,1467.35,2306.91,0
Oriental,2029_Q1_labor_3h,776.376,0,1473.27,2249.65,0
Oriental,2029_Q1_labor_4h,742.656,0,1476.3,2218.96,0
Oriental,2029_Q1_labor_5h,774.517,0,1473.38,2247.89,0
Oriental,2029_Q1_labor_6h,860.405,0,1471.61,2332.02,0
Oriental,2029_Q1_labor_7h,888.364,0,1484.78,2373.14,0
Oriental,2029_Q1_labor_8h,1016.32,0,1491.61,2507.93,0
Oriental,2029_Q1_labor_9h,1165.37,0,1494.07,2659.44,0
Oriental,2029_Q1_labor_10h,1257.51,0,1500.67,2758.18,0
Oriental,2029_Q1_labor_11h,1365,0,1490.99,2855.99,0
Oriental,2029_Q1_labor_12h,1460.47,0,1475.91,2936.37,0
Oriental,2029_Q1_labor_13h,1464.21,0,1466.4,2930.6,0
Oriental,2029_Q1_labor_14h,1491.72,0,1450.47,2942.19,0
Oriental,2029_Q1_labor_15h,1545.86,0,1428.62,2974.47,0
Oriental,2029_Q1_labor_16h,1560.61,0,1407.41,2968.02,0
Oriental,2029_Q1_labor_17h,1526.51,0,1394.43,2920.94,0
Oriental,2029_Q1_labor_18h,1462.6,0,1402.83,2865.43,0
Oriental,2029_Q1_labor_19h,1662.89,0,1357.6,3020.49,0
Oriental,2029_Q1_labor_20h,1717.07,0,1345.35,3062.42,0
Oriental,2029_Q1_labor_21h,1632.67,0,1360.97,2993.65,0
Oriental,2029_Q1_labor_22h,1477.61,0,1393.95,2871.57,0
Oriental,2029_Q1_labor_23h,1279.06,0,1423.63,2702.7,0
Oriental,2029_Q1_holidays_0h,853.844,0,1596.61,2450.46,0
Oriental,2029_Q1_holidays_1h,859.608,0,1590.69,2450.3,0
Oriental,2029_Q1_holidays_2h,742.449,0,1624.8,2367.25,0
Oriental,2029_Q1_holidays_3h,661.764,0,1635.47,2297.24,0
Oriental,2029_Q1_holidays_4h,627.046,0,1637.64,2264.68,0
Oriental,2029_Q1_holidays_5h,634.731,0,1637.3,2272.03,0
Oriental,2029_Q1_holidays_6h,664.112,0,1644.94,2309.05,0
Oriental,2029_Q1_holidays_7h,658.253,0,1668.72,2326.97,0
Oriental,2029_Q1_holidays_8h,768.158,0,1691.2,2459.36,0
Oriental,2029_Q1_holidays_9h,924.024,0,1701.44,2625.47,0
Oriental,2029_Q1_holidays_10h,1033.08,0,1705.77,2738.85,0
Oriental,2029_Q1_holidays_11h,1131,0,1699.36,2830.36,0
Oriental,2029_Q1_holidays_12h,1209.56,0,1682.38,2891.94,0
Oriental,2029_Q1_holidays_13h,1214.64,0,1666.69,2881.34,0
Oriental,2029_Q1_holidays_14h,1204.73,0,1642.59,2847.32,0
Oriental,2029_Q1_holidays_15h,1203.54,0,1603.69,2807.23,0
Oriental,2029_Q1_holidays_16h,1268.5,0,1515.26,2783.76,0
Oriental,2029_Q1_holidays_17h,1305.92,0,1436.3,2742.22,0
Oriental,2029_Q1_holidays_18h,1328.54,0,1412.78,2741.32,0
Oriental,2029_Q1_holidays_19h,1752,0,1180.23,2932.23,0
Oriental,2029_Q1_holidays_20h,1806.62,0,1151.22,2957.84,0
Oriental,2029_Q1_holidays_21h,1640.98,0,1228.67,2869.65,0
Oriental,2029_Q1_holidays_22h,1369.22,0,1364.2,2733.42,0
Oriental,2029_Q1_holidays_23h,1084.27,0,1499.68,2583.95,0
Oriental,2029_Q2_labor_0h,1127.34,0,1410.82,2538.16,0
Oriental,2029_Q2_labor_1h,961.839,0,1431.35,2393.19,0
Oriental,2029_Q2_labor_2h,877.02,0,1434.82,2311.84,0
Oriental,2029_Q2_labor_3h,819.157,0,1433.74,2252.89,0
Oriental,2029_Q2_labor_4h,792.075,0,1432.05,2224.12,0
Oriental,2029_Q2_labor_5h,831.534,0,1434.14,2265.68,0
Oriental,2029_Q2_labor_6h,929.573,0,1440.55,2370.12,0
Oriental,2029_Q2_labor_7h,943.613,0,1458.8,2402.42,0
Oriental,2029_Q2_labor_8h,1059.2,0,1475.16,2534.36,0
Oriental,2029_Q2_labor_9h,1190.53,0,1485.33,2675.85,0
Oriental,2029_Q2_labor_10h,1278.35,0,1491.65,2769.99,0
Oriental,2029_Q2_labor_11h,1388.32,0,1482.75,2871.06,0
Oriental,2029_Q2_labor_12h,1487.91,0,1461.76,2949.68,0
Oriental,2029_Q2_labor_13h,1484.61,0,1448.89,2933.5,0
Oriental,2029_Q2_labor_14h,1539.88,0,1414.71,2954.58,0
Oriental,2029_Q2_labor_15h,1627.66,0,1362.17,2989.82,0
Oriental,2029_Q2_labor_16h,1688.3,0,1298.85,2987.14,0
Oriental,2029_Q2_labor_17h,1684.31,0,1256.68,2940.99,0
Oriental,2029_Q2_labor_18h,1570.33,0,1297.4,2867.74,0
Oriental,2029_Q2_labor_19h,1844.25,0,1172.26,3016.51,0
Oriental,2029_Q2_labor_20h,1968.88,0,1117.34,3086.23,0
Oriental,2029_Q2_labor_21h,1866.45,0,1155.31,3021.76,0
Oriental,2029_Q2_labor_22h,1634.27,0,1255.51,2889.78,0
Oriental,2029_Q2_labor_23h,1344.18,0,1362.24,2706.41,0
Oriental,2029_Q2_holidays_0h,837.524,0,1666.24,2503.76,0
Oriental,2029_Q2_holidays_1h,781.434,0,1678.28,2459.71,0
Oriental,2029_Q2_holidays_2h,680.58,0,1690.94,2371.52,0
Oriental,2029_Q2_holidays_3h,624.979,0,1684.62,2309.6,0
Oriental,2029_Q2_holidays_4h,599.831,0,1676.16,2275.99,0
Oriental,2029_Q2_holidays_5h,607.407,0,1678.52,2285.93,0
Oriental,2029_Q2_holidays_6h,622.071,0,1685.89,2307.96,0
Oriental,2029_Q2_holidays_7h,654.1,0,1706.46,2360.56,0
Oriental,2029_Q2_holidays_8h,778.234,0,1749.42,2527.65,0
Oriental,2029_Q2_holidays_9h,930.604,0,1764.16,2694.77,0
Oriental,2029_Q2_holidays_10h,1036.86,0,1768.16,2805.02,0
Oriental,2029_Q2_holidays_11h,1145.58,0,1754.03,2899.61,0
Oriental,2029_Q2_holidays_12h,1235.53,0,1726.98,2962.51,0
Oriental,2029_Q2_holidays_13h,1241.42,0,1708.38,2949.8,0
Oriental,2029_Q2_holidays_14h,1234.13,0,1679.71,2913.83,0
Oriental,2029_Q2_holidays_15h,1242.43,0,1634.85,2877.29,0
Oriental,2029_Q2_holidays_16h,1302.87,0,1556.29,2859.16,0
Oriental,2029_Q2_holidays_17h,1340.14,0,1481.25,2821.39,0
Oriental,2029_Q2_holidays_18h,1310.49,0,1489.27,2799.76,0
Oriental,2029_Q2_holidays_19h,1701.33,0,1275.83,2977.16,0
Oriental,2029_Q2_holidays_20h,1810.05,0,1213.77,3023.82,0
Oriental,2029_Q2_holidays_21h,1649.17,0,1296.38,2945.55,0
Oriental,2029_Q2_holidays_22h,1354.02,0,1451.38,2805.41,0
Oriental,2029_Q2_holidays_23h,1049.3,0,1594.89,2644.19,0
Oriental,2029_Q3_labor_0h,1447.21,0,1186.14,2633.35,0
Oriental,2029_Q3_labor_1h,1306.22,0,1172.11,2478.33,0
Oriental,2029_Q3_labor_2h,1224.56,0,1167.18,2391.74,0
Oriental,2029_Q3_labor_3h,1159.02,0,1170.09,2329.11,0
Oriental,2029_Q3_labor_4h,1123.27,0,1174.04,2297.31,0
Oriental,2029_Q3_labor_5h,1158.08,0,1170.63,2328.71,0
Oriental,2029_Q3_labor_6h,1228.79,0,1177.41,2406.19,0
Oriental,2029_Q3_labor_7h,1242,0,1202.8,2444.8,0
Oriental,2029_Q3_labor_8h,1359.03,0,1231.04,2590.07,0
Oriental,2029_Q3_labor_9h,1473.63,0,1263.67,2737.3,0
Oriental,2029_Q3_labor_10h,1547.55,0,1288.23,2835.78,0
Oriental,2029_Q3_labor_11h,1636.18,0,1305.09,2941.27,0
Oriental,2029_Q3_labor_12h,1720.66,0,1301.69,3022.35,0
Oriental,2029_Q3_labor_13h,1729.45,0,1285.48,3014.93,0
Oriental,2029_Q3_labor_14h,1791.82,0,1246.31,3038.13,0
Oriental,2029_Q3_labor_15h,1896.02,0,1176.2,3072.22,0
Oriental,2029_Q3_labor_16h,1956.28,0,1107.73,3064.01,0
Oriental,2029_Q3_labor_17h,1946.2,0,1073.67,3019.87,0
Oriental,2029_Q3_labor_18h,1830.84,0,1108.64,2939.48,0
Oriental,2029_Q3_labor_19h,2026.47,0,1038.08,3064.55,0
Oriental,2029_Q3_labor_20h,2215.35,0,948.39,3163.74,0
Oriental,2029_Q3_labor_21h,2116.29,0,995.537,3111.83,0
Oriental,2029_Q3_labor_22h,1904.35,0,1082,2986.34,0
Oriental,2029_Q3_labor_23h,1642.64,0,1163.82,2806.46,0
Oriental,2029_Q3_holidays_0h,1242.88,0,1330.02,2572.9,0
Oriental,2029_Q3_holidays_1h,1225.47,0,1333.08,2558.55,0
Oriental,2029_Q3_holidays_2h,1104.27,0,1362.49,2466.76,0
Oriental,2029_Q3_holidays_3h,1006.68,0,1391.87,2398.56,0
Oriental,2029_Q3_holidays_4h,950.433,0,1408.23,2358.66,0
Oriental,2029_Q3_holidays_5h,956.98,0,1406.35,2363.33,0
Oriental,2029_Q3_holidays_6h,957.728,0,1422.29,2380.02,0
Oriental,2029_Q3_holidays_7h,973.049,0,1458.6,2431.65,0
Oriental,2029_Q3_holidays_8h,1145.12,0,1453.48,2598.6,0
Oriental,2029_Q3_holidays_9h,1315.28,0,1450.28,2765.56,0
Oriental,2029_Q3_holidays_10h,1415.47,0,1459.03,2874.5,0
Oriental,2029_Q3_holidays_11h,1511.1,0,1458.27,2969.37,0
Oriental,2029_Q3_holidays_12h,1586.54,0,1446.12,3032.65,0
Oriental,2029_Q3_holidays_13h,1582.22,0,1429.69,3011.91,0
Oriental,2029_Q3_holidays_14h,1570.61,0,1402.08,2972.7,0
Oriental,2029_Q3_holidays_15h,1584.1,0,1359.83,2943.93,0
Oriental,2029_Q3_holidays_16h,1613.05,0,1306.36,2919.41,0
Oriental,2029_Q3_holidays_17h,1622.28,0,1260.71,2882.99,0
Oriental,2029_Q3_holidays_18h,1585.2,0,1263.57,2848.77,0
Oriental,2029_Q3_holidays_19h,1832.99,0,1163.22,2996.21,0
Oriental,2029_Q3_holidays_20h,1949.68,0,1112.73,3062.4,0
Oriental,2029_Q3_holidays_21h,1807.44,0,1176.65,2984.09,0
Oriental,2029_Q3_holidays_22h,1607.66,0,1255.28,2862.94,0
Oriental,2029_Q3_holidays_23h,1408.71,0,1306.57,2715.28,0
Oriental,2029_Q4_labor_0h,1219.87,0,1536.66,2756.52,0
Oriental,2029_Q4_labor_1h,1001.21,0,1585.71,2586.92,0
Oriental,2029_Q4_labor_2h,905.497,0,1593.22,2498.72,0
Oriental,2029_Q4_labor_3h,842.336,0,1593.53,2435.87,0
Oriental,2029_Q4_labor_4h,809.671,0,1591.77,2401.45,0
Oriental,2029_Q4_labor_5h,843.885,0,1592.67,2436.56,0
Oriental,2029_Q4_labor_6h,919.88,0,1598.05,2517.93,0
Oriental,2029_Q4_labor_7h,942.94,0,1618.77,2561.71,0
Oriental,2029_Q4_labor_8h,1071.26,0,1640.36,2711.63,0
Oriental,2029_Q4_labor_9h,1207.95,0,1653.2,2861.14,0
Oriental,2029_Q4_labor_10h,1300.71,0,1661.53,2962.24,0
Oriental,2029_Q4_labor_11h,1420.27,0,1649.82,3070.1,0
Oriental,2029_Q4_labor_12h,1542.92,0,1610.69,3153.62,0
Oriental,2029_Q4_labor_13h,1593.68,0,1555.46,3149.14,0
Oriental,2029_Q4_labor_14h,1771.55,0,1401.93,3173.48,0
Oriental,2029_Q4_labor_15h,1972.25,0,1237.2,3209.45,0
Oriental,2029_Q4_labor_16h,2061.66,0,1142.81,3204.47,0
Oriental,2029_Q4_labor_17h,2023.67,0,1139.96,3163.63,0
Oriental,2029_Q4_labor_18h,1949.39,0,1184.3,3133.7,0
Oriental,2029_Q4_labor_19h,2259.95,0,1037.2,3297.14,0
Oriental,2029_Q4_labor_20h,2267.84,0,1035.25,3303.1,0
Oriental,2029_Q4_labor_21h,2156.16,0,1086.27,3242.43,0
Oriental,2029_Q4_labor_22h,1907.49,0,1206.27,3113.77,0
Oriental,2029_Q4_labor_23h,1536.38,0,1395.37,2931.75,0
Oriental,2029_Q4_holidays_0h,937.862,0,1717.46,2655.32,0
Oriental,2029_Q4_holidays_1h,958.415,0,1715.82,2674.24,0
Oriental,2029_Q4_holidays_2h,864.717,0,1713.25,2577.97,0
Oriental,2029_Q4_holidays_3h,811.571,0,1697.31,2508.88,0
Oriental,2029_Q4_holidays_4h,783.581,0,1684.33,2467.91,0
Oriental,2029_Q4_holidays_5h,783.218,0,1683.62,2466.83,0
Oriental,2029_Q4_holidays_6h,792.273,0,1687.81,2480.09,0
Oriental,2029_Q4_holidays_7h,820.785,0,1704.06,2524.85,0
Oriental,2029_Q4_holidays_8h,929.009,0,1756.95,2685.96,0
Oriental,2029_Q4_holidays_9h,1059.44,0,1795.75,2855.19,0
Oriental,2029_Q4_holidays_10h,1161.34,0,1812.62,2973.96,0
Oriental,2029_Q4_holidays_11h,1263.91,0,1809.63,3073.54,0
Oriental,2029_Q4_holidays_12h,1335.71,0,1792.46,3128.18,0
Oriental,2029_Q4_holidays_13h,1336.38,0,1776.58,3112.96,0
Oriental,2029_Q4_holidays_14h,1330.4,0,1748.81,3079.21,0
Oriental,2029_Q4_holidays_15h,1337.46,0,1709.11,3046.57,0
Oriental,2029_Q4_holidays_16h,1351.63,0,1664.68,3016.31,0
Oriental,2029_Q4_holidays_17h,1354.42,0,1629.15,2983.57,0
Oriental,2029_Q4_holidays_18h,1403.57,0,1600.2,3003.77,0
Oriental,2029_Q4_holidays_19h,1674.46,0,1516.43,3190.89,0
Oriental,2029_Q4_holidays_20h,1637.44,0,1527.33,3164.78,0
Oriental,2029_Q4_holidays_21h,1497.91,0,1569.66,3067.58,0
Oriental,2029_Q4_holidays_22h,1316.61,0,1627.24,2943.85,0
Oriental,2029_Q4_holidays_23h,1110.8,0,1687.11,2797.9,0
Oriental,2030_Q1_labor_0h,1114.32,0,1477.01,2591.33,0
Oriental,2030_Q1_labor_1h,943.818,0,1519.15,2462.96,0
Oriental,2030_Q1_labor_2h,835.861,0,1542.98,2378.84,0
Oriental,2030_Q1_labor_3h,759.237,0,1558.57,2317.81,0
Oriental,2030_Q1_labor_4h,719.215,0,1565.62,2284.83,0
Oriental,2030_Q1_labor_5h,749.92,0,1559.69,2309.61,0
Oriental,2030_Q1_labor_6h,825.982,0,1558.69,2384.67,0
Oriental,2030_Q1_labor_7h,819.207,0,1600.87,2420.08,0
Oriental,2030_Q1_labor_8h,930.145,0,1625.5,2555.65,0
Oriental,2030_Q1_labor_9h,1077.21,0,1633.51,2710.72,0
Oriental,2030_Q1_labor_10h,1175.92,0,1639.65,2815.57,0
Oriental,2030_Q1_labor_11h,1285.82,0,1628.69,2914.5,0
Oriental,2030_Q1_labor_12h,1386.69,0,1607.55,2994.23,0
Oriental,2030_Q1_labor_13h,1400.66,0,1589.05,2989.7,0
Oriental,2030_Q1_labor_14h,1444.66,0,1549.72,2994.39,0
Oriental,2030_Q1_labor_15h,1530.25,0,1482.77,3013.02,0
Oriental,2030_Q1_labor_16h,1598.25,0,1404.3,3002.55,0
Oriental,2030_Q1_labor_17h,1590.77,0,1365.84,2956.61,0
Oriental,2030_Q1_labor_18h,1532.22,0,1380.18,2912.4,0
Oriental,2030_Q1_labor_19h,1805.9,0,1276.09,3081.99,0
Oriental,2030_Q1_labor_20h,1881.88,0,1243.61,3125.49,0
Oriental,2030_Q1_labor_21h,1774.94,0,1277.41,3052.36,0
Oriental,2030_Q1_labor_22h,1574.25,0,1351.19,2925.44,0
Oriental,2030_Q1_labor_23h,1334.56,0,1421,2755.56,0
Oriental,2030_Q1_holidays_0h,954.072,0,1719.16,2673.23,0
Oriental,2030_Q1_holidays_1h,767.937,0,1737.4,2505.34,0
Oriental,2030_Q1_holidays_2h,689.983,0,1732.15,2422.13,0
Oriental,2030_Q1_holidays_3h,639.354,0,1722.84,2362.19,0
Oriental,2030_Q1_holidays_4h,619.498,0,1717.24,2336.74,0
Oriental,2030_Q1_holidays_5h,649.093,0,1724.96,2374.06,0
Oriental,2030_Q1_holidays_6h,737.758,0,1743.07,2480.83,0
Oriental,2030_Q1_holidays_7h,777.742,0,1762.71,2540.46,0
Oriental,2030_Q1_holidays_8h,909.317,0,1786.81,2696.13,0
Oriental,2030_Q1_holidays_9h,1075.4,0,1797.62,2873.02,0
Oriental,2030_Q1_holidays_10h,1165.66,0,1805.52,2971.18,0
Oriental,2030_Q1_holidays_11h,1278.5,0,1797.71,3076.21,0
Oriental,2030_Q1_holidays_12h,1382.54,0,1775.2,3157.74,0
Oriental,2030_Q1_holidays_13h,1377.24,0,1761.23,3138.47,0
Oriental,2030_Q1_holidays_14h,1426.23,0,1720.17,3146.39,0
Oriental,2030_Q1_holidays_15h,1552.32,0,1639.36,3191.68,0
Oriental,2030_Q1_holidays_16h,1655.4,0,1534.73,3190.13,0
Oriental,2030_Q1_holidays_17h,1683.52,0,1448.71,3132.24,0
Oriental,2030_Q1_holidays_18h,1536.57,0,1517.93,3054.49,0
Oriental,2030_Q1_holidays_19h,1875.04,0,1317.62,3192.66,0
Oriental,2030_Q1_holidays_20h,1947.96,0,1269.21,3217.17,0
Oriental,2030_Q1_holidays_21h,1781.89,0,1358.04,3139.92,0
Oriental,2030_Q1_holidays_22h,1494.27,0,1512.3,3006.57,0
Oriental,2030_Q1_holidays_23h,1163.39,0,1665.19,2828.58,0
Oriental,2030_Q2_labor_0h,1135.45,0,1463.43,2598.88,0
Oriental,2030_Q2_labor_1h,996.594,0,1473.02,2469.61,0
Oriental,2030_Q2_labor_2h,909.021,0,1475.02,2384.04,0
Oriental,2030_Q2_labor_3h,848.608,0,1474.06,2322.67,0
Oriental,2030_Q2_labor_4h,818.953,0,1472.75,2291.7,0
Oriental,2030_Q2_labor_5h,852.456,0,1474.32,2326.77,0
Oriental,2030_Q2_labor_6h,936.249,0,1480.3,2416.55,0
Oriental,2030_Q2_labor_7h,960.13,0,1490.6,2450.73,0
Oriental,2030_Q2_labor_8h,1091.17,0,1500.04,2591.21,0
Oriental,2030_Q2_labor_9h,1237.64,0,1503.88,2741.52,0
Oriental,2030_Q2_labor_10h,1337.6,0,1504.68,2842.28,0
Oriental,2030_Q2_labor_11h,1447.78,0,1497.31,2945.09,0
Oriental,2030_Q2_labor_12h,1540.01,0,1483.84,3023.84,0
Oriental,2030_Q2_labor_13h,1534.35,0,1475.98,3010.33,0
Oriental,2030_Q2_labor_14h,1564.16,0,1458.15,3022.3,0
Oriental,2030_Q2_labor_15h,1610.22,0,1433.71,3043.93,0
Oriental,2030_Q2_labor_16h,1643.86,0,1394.24,3038.1,0
Oriental,2030_Q2_labor_17h,1640.51,0,1352.39,2992.89,0
Oriental,2030_Q2_labor_18h,1544.14,0,1385.14,2929.29,0
Oriental,2030_Q2_labor_19h,1819.89,0,1271.21,3091.09,0
Oriental,2030_Q2_labor_20h,1931.46,0,1230.14,3161.6,0
Oriental,2030_Q2_labor_21h,1833.92,0,1259.56,3093.48,0
Oriental,2030_Q2_labor_22h,1617.49,0,1338.57,2956.06,0
Oriental,2030_Q2_labor_23h,1328.03,0,1440.53,2768.55,0
Oriental,2030_Q2_holidays_0h,984.784,0,1687.77,2672.55,0
Oriental,2030_Q2_holidays_1h,808.934,0,1696.45,2505.38,0
Oriental,2030_Q2_holidays_2h,753.275,0,1672.09,2425.37,0
Oriental,2030_Q2_holidays_3h,722.985,0,1642.63,2365.61,0
Oriental,2030_Q2_holidays_4h,711.362,0,1627.71,2339.07,0
Oriental,2030_Q2_holidays_5h,738.102,0,1658.17,2396.27,0
Oriental,2030_Q2_holidays_6h,822.885,0,1704.29,2527.18,0
Oriental,2030_Q2_holidays_7h,852.294,0,1723.47,2575.76,0
Oriental,2030_Q2_holidays_8h,958.624,0,1761.42,2720.04,0
Oriental,2030_Q2_holidays_9h,1081.54,0,1782.84,2864.39,0
Oriental,2030_Q2_holidays_10h,1158.97,0,1795.93,2954.9,0
Oriental,2030_Q2_holidays_11h,1276.78,0,1783.38,3060.16,0
Oriental,2030_Q2_holidays_12h,1386.74,0,1751.71,3138.45,0
Oriental,2030_Q2_holidays_13h,1365.11,0,1741.12,3106.23,0
Oriental,2030_Q2_holidays_14h,1442.09,0,1686.26,3128.35,0
Oriental,2030_Q2_holidays_15h,1581.74,0,1598.13,3179.88,0
Oriental,2030_Q2_holidays_16h,1764.54,0,1415.35,3179.89,0
Oriental,2030_Q2_holidays_17h,1823.81,0,1303,3126.81,0
Oriental,2030_Q2_holidays_18h,1587.81,0,1444.72,3032.53,0
Oriental,2030_Q2_holidays_19h,1927.97,0,1235.17,3163.13,0
Oriental,2030_Q2_holidays_20h,2072.31,0,1146.85,3219.16,0
Oriental,2030_Q2_holidays_21h,1921.7,0,1227.26,3148.96,0
Oriental,2030_Q2_holidays_22h,1605.45,0,1408.18,3013.62,0
Oriental,2030_Q2_holidays_23h,1227.42,0,1611.89,2839.31,0
Oriental,2030_Q3_labor_0h,1450.9,0,1239.66,2690.56,0
Oriental,2030_Q3_labor_1h,1327.97,0,1228.36,2556.33,0
Oriental,2030_Q3_labor_2h,1244.3,0,1221.88,2466.18,0
Oriental,2030_Q3_labor_3h,1179,0,1222.65,2401.65,0
Oriental,2030_Q3_labor_4h,1141.36,0,1225.46,2366.82,0
Oriental,2030_Q3_labor_5h,1169.35,0,1223.25,2392.6,0
Oriental,2030_Q3_labor_6h,1227.03,0,1230.8,2457.83,0
Oriental,2030_Q3_labor_7h,1239.79,0,1255.25,2495.04,0
Oriental,2030_Q3_labor_8h,1364.23,0,1281.22,2645.45,0
Oriental,2030_Q3_labor_9h,1487.42,0,1311.34,2798.76,0
Oriental,2030_Q3_labor_10h,1568.64,0,1333.8,2902.43,0
Oriental,2030_Q3_labor_11h,1660.36,0,1348.47,3008.83,0
Oriental,2030_Q3_labor_12h,1744.85,0,1345.11,3089.96,0
Oriental,2030_Q3_labor_13h,1750.59,0,1331.32,3081.91,0
Oriental,2030_Q3_labor_14h,1794.34,0,1300.42,3094.76,0
Oriental,2030_Q3_labor_15h,1866.74,0,1249.6,3116.34,0
Oriental,2030_Q3_labor_16h,1910.72,0,1195.38,3106.1,0
Oriental,2030_Q3_labor_17h,1919.54,0,1144.39,3063.93,0
Oriental,2030_Q3_labor_18h,1812.55,0,1180.42,2992.97,0
Oriental,2030_Q3_labor_19h,2037.53,0,1092.49,3130.02,0
Oriental,2030_Q3_labor_20h,2231.15,0,999.166,3230.32,0
Oriental,2030_Q3_labor_21h,2125.16,0,1048.16,3173.32,0
Oriental,2030_Q3_labor_22h,1887.1,0,1158.57,3045.67,0
Oriental,2030_Q3_labor_23h,1642.4,0,1222.49,2864.88,0
Oriental,2030_Q3_holidays_0h,1464.96,0,1317.57,2782.52,0
Oriental,2030_Q3_holidays_1h,1263.29,0,1349.83,2613.12,0
Oriental,2030_Q3_holidays_2h,1146.31,0,1378.09,2524.39,0
Oriental,2030_Q3_holidays_3h,1054.98,0,1399.36,2454.34,0
Oriental,2030_Q3_holidays_4h,1023.08,0,1402.75,2425.83,0
Oriental,2030_Q3_holidays_5h,1079.34,0,1391.2,2470.55,0
Oriental,2030_Q3_holidays_6h,1197.27,0,1379.02,2576.28,0
Oriental,2030_Q3_holidays_7h,1235.65,0,1409.35,2645,0
Oriental,2030_Q3_holidays_8h,1395.19,0,1417.03,2812.22,0
Oriental,2030_Q3_holidays_9h,1545.11,0,1428.92,2974.02,0
Oriental,2030_Q3_holidays_10h,1626.6,0,1446.09,3072.69,0
Oriental,2030_Q3_holidays_11h,1730.63,0,1453.47,3184.1,0
Oriental,2030_Q3_holidays_12h,1810.38,0,1453.43,3263.81,0
Oriental,2030_Q3_holidays_13h,1804.9,0,1439.98,3244.88,0
Oriental,2030_Q3_holidays_14h,1860.02,0,1411.59,3271.62,0
Oriental,2030_Q3_holidays_15h,1970.69,0,1353.48,3324.17,0
Oriental,2030_Q3_holidays_16h,2075.69,0,1234.11,3309.8,0
Oriental,2030_Q3_holidays_17h,2098.63,0,1153.63,3252.27,0
Oriental,2030_Q3_holidays_18h,1858.24,0,1286.8,3145.03,0
Oriental,2030_Q3_holidays_19h,2058.48,0,1188.44,3246.92,0
Oriental,2030_Q3_holidays_20h,2222.11,0,1104.37,3326.47,0
Oriental,2030_Q3_holidays_21h,2090.71,0,1176.55,3267.26,0
Oriental,2030_Q3_holidays_22h,1840.6,0,1292.14,3132.74,0
Oriental,2030_Q3_holidays_23h,1627.47,0,1325.88,2953.35,0
Oriental,2030_Q4_labor_0h,1307.31,0,1503.6,2810.9,0
Oriental,2030_Q4_labor_1h,1076.9,0,1588.06,2664.96,0
Oriental,2030_Q4_labor_2h,966.344,0,1607.33,2573.68,0
Oriental,2030_Q4_labor_3h,903.084,0,1605.79,2508.88,0
Oriental,2030_Q4_labor_4h,871.034,0,1601.04,2472.07,0
Oriental,2030_Q4_labor_5h,895.692,0,1605.18,2500.87,0
Oriental,2030_Q4_labor_6h,957.534,0,1611.99,2569.52,0
Oriental,2030_Q4_labor_7h,974.664,0,1636.83,2611.49,0
Oriental,2030_Q4_labor_8h,1101.48,0,1665.14,2766.61,0
Oriental,2030_Q4_labor_9h,1238.61,0,1683.35,2921.97,0
Oriental,2030_Q4_labor_10h,1336.04,0,1693.32,3029.36,0
Oriental,2030_Q4_labor_11h,1463.77,0,1675.42,3139.19,0
Oriental,2030_Q4_labor_12h,1624.44,0,1596.36,3220.8,0
Oriental,2030_Q4_labor_13h,1708.08,0,1507.62,3215.7,0
Oriental,2030_Q4_labor_14h,1888.83,0,1342.45,3231.27,0
Oriental,2030_Q4_labor_15h,2024.3,0,1230.44,3254.74,0
Oriental,2030_Q4_labor_16h,2093.02,0,1152.5,3245.52,0
Oriental,2030_Q4_labor_17h,2076.71,0,1130.33,3207.03,0
Oriental,2030_Q4_labor_18h,2052.31,0,1134.74,3187.05,0
Oriental,2030_Q4_labor_19h,2345.31,0,1018.78,3364.09,0
Oriental,2030_Q4_labor_20h,2349.34,0,1018.54,3367.88,0
Oriental,2030_Q4_labor_21h,2236.26,0,1063.35,3299.6,0
Oriental,2030_Q4_labor_22h,2022.23,0,1147.27,3169.5,0
Oriental,2030_Q4_labor_23h,1666.38,0,1320.15,2986.53,0
Oriental,2030_Q4_holidays_0h,905.093,0,1999.78,2904.88,0
Oriental,2030_Q4_holidays_1h,774.017,0,1977.87,2751.89,0
Oriental,2030_Q4_holidays_2h,719.04,0,1936.3,2655.34,0
Oriental,2030_Q4_holidays_3h,682.773,0,1901.78,2584.55,0
Oriental,2030_Q4_holidays_4h,664.206,0,1886.23,2550.44,0
Oriental,2030_Q4_holidays_5h,687.758,0,1905.77,2593.53,0
Oriental,2030_Q4_holidays_6h,745.513,0,1952.64,2698.15,0
Oriental,2030_Q4_holidays_7h,789.65,0,1973.36,2763.01,0
Oriental,2030_Q4_holidays_8h,899.019,0,2025.7,2924.72,0
Oriental,2030_Q4_holidays_9h,1035,0,2055.92,3090.92,0
Oriental,2030_Q4_holidays_10h,1126.42,0,2067.28,3193.7,0
Oriental,2030_Q4_holidays_11h,1236.51,0,2067.3,3303.81,0
Oriental,2030_Q4_holidays_12h,1332.66,0,2053.9,3386.56,0
Oriental,2030_Q4_holidays_13h,1331.01,0,2042.83,3373.84,0
Oriental,2030_Q4_holidays_14h,1392.61,0,2003.44,3396.06,0
Oriental,2030_Q4_holidays_15h,1514.54,0,1929.41,3443.94,0
Oriental,2030_Q4_holidays_16h,1569.06,0,1868.22,3437.28,0
Oriental,2030_Q4_holidays_17h,1543.21,0,1838.88,3382.09,0
Oriental,2030_Q4_holidays_18h,1498.54,0,1839.32,3337.86,0
Oriental,2030_Q4_holidays_19h,1713.9,0,1764.54,3478.44,0
Oriental,2030_Q4_holidays_20h,1694.21,0,1771.38,3465.59,0
Oriental,2030_Q4_holidays_21h,1594.98,0,1805.25,3400.23,0
Oriental,2030_Q4_holidays_22h,1379.03,0,1879.22,3258.25,0
Oriental,2030_Q4_holidays_23h,1123.17,0,1957.74,3080.92,0
Oriental,2031_Q1_labor_0h,1117.18,0,1555.57,2672.75,0
Oriental,2031_Q1_labor_1h,939.369,0,1599.24,2538.61,0
Oriental,2031_Q1_labor_2h,827.336,0,1625.73,2453.07,0
Oriental,2031_Q1_labor_3h,745.755,0,1644.59,2390.35,0
Oriental,2031_Q1_labor_4h,706.034,0,1652.26,2358.29,0
Oriental,2031_Q1_labor_5h,738.534,0,1645.29,2383.82,0
Oriental,2031_Q1_labor_6h,819.403,0,1642.97,2462.38,0
Oriental,2031_Q1_labor_7h,811.812,0,1687.29,2499.1,0
Oriental,2031_Q1_labor_8h,930.637,0,1709.44,2640.07,0
Oriental,2031_Q1_labor_9h,1089.57,0,1713.89,2803.46,0
Oriental,2031_Q1_labor_10h,1193.87,0,1717.78,2911.65,0
Oriental,2031_Q1_labor_11h,1308.51,0,1705.98,3014.5,0
Oriental,2031_Q1_labor_12h,1408.65,0,1686.17,3094.82,0
Oriental,2031_Q1_labor_13h,1418.47,0,1669.63,3088.1,0
Oriental,2031_Q1_labor_14h,1457.84,0,1633.74,3091.58,0
Oriental,2031_Q1_labor_15h,1546.57,0,1564.56,3111.13,0
Oriental,2031_Q1_labor_16h,1614.5,0,1486.27,3100.77,0
Oriental,2031_Q1_labor_17h,1599.37,0,1452.85,3052.23,0
Oriental,2031_Q1_labor_18h,1534.76,0,1469.11,3003.86,0
Oriental,2031_Q1_labor_19h,1813.68,0,1361.71,3175.4,0
Oriental,2031_Q1_labor_20h,1876.39,0,1341.92,3218.3,0
Oriental,2031_Q1_labor_21h,1781.43,0,1361.73,3143.16,0
Oriental,2031_Q1_labor_22h,1576.47,0,1436.48,3012.95,0
Oriental,2031_Q1_labor_23h,1332.88,0,1505.04,2837.92,0
Oriental,2031_Q1_holidays_0h,960.664,0,1770.95,2731.62,0
Oriental,2031_Q1_holidays_1h,783.698,0,1786.4,2570.09,0
Oriental,2031_Q1_holidays_2h,696.755,0,1781.07,2477.82,0
Oriental,2031_Q1_holidays_3h,643.144,0,1772.09,2415.23,0
Oriental,2031_Q1_holidays_4h,613.327,0,1764.4,2377.73,0
Oriental,2031_Q1_holidays_5h,643.952,0,1772.2,2416.15,0
Oriental,2031_Q1_holidays_6h,728.255,0,1790.46,2518.72,0
Oriental,2031_Q1_holidays_7h,769.664,0,1808.98,2578.65,0
Oriental,2031_Q1_holidays_8h,897.492,0,1833.6,2731.09,0
Oriental,2031_Q1_holidays_9h,1042.85,0,1848.76,2891.62,0
Oriental,2031_Q1_holidays_10h,1134.29,0,1857.27,2991.57,0
Oriental,2031_Q1_holidays_11h,1240.41,0,1853.69,3094.1,0
Oriental,2031_Q1_holidays_12h,1354.48,0,1834.29,3188.76,0
Oriental,2031_Q1_holidays_13h,1362.16,0,1818.9,3181.07,0
Oriental,2031_Q1_holidays_14h,1417.54,0,1779.67,3197.21,0
Oriental,2031_Q1_holidays_15h,1536.86,0,1704.8,3241.67,0
Oriental,2031_Q1_holidays_16h,1615.38,0,1622.24,3237.62,0
Oriental,2031_Q1_holidays_17h,1657.13,0,1528.09,3185.22,0
Oriental,2031_Q1_holidays_18h,1544.53,0,1577.37,3121.91,0
Oriental,2031_Q1_holidays_19h,1934.13,0,1348.69,3282.82,0
Oriental,2031_Q1_holidays_20h,2033.08,0,1286.25,3319.33,0
Oriental,2031_Q1_holidays_21h,1864.27,0,1374.4,3238.67,0
Oriental,2031_Q1_holidays_22h,1561.88,0,1536.38,3098.25,0
Oriental,2031_Q1_holidays_23h,1201.83,0,1713.41,2915.24,0
Oriental,2031_Q2_labor_0h,1129.21,0,1552.23,2681.44,0
Oriental,2031_Q2_labor_1h,977.449,0,1564.87,2542.32,0
Oriental,2031_Q2_labor_2h,888.496,0,1566.7,2455.2,0
Oriental,2031_Q2_labor_3h,827.912,0,1564.89,2392.8,0
Oriental,2031_Q2_labor_4h,798.332,0,1562.94,2361.27,0
Oriental,2031_Q2_labor_5h,832.639,0,1565.26,2397.9,0
Oriental,2031_Q2_labor_6h,915.949,0,1573.08,2489.03,0
Oriental,2031_Q2_labor_7h,938.587,0,1586.18,2524.77,0
Oriental,2031_Q2_labor_8h,1071.47,0,1599.37,2670.84,0
Oriental,2031_Q2_labor_9h,1219.53,0,1605.87,2825.4,0
Oriental,2031_Q2_labor_10h,1321.63,0,1608.01,2929.64,0
Oriental,2031_Q2_labor_11h,1435.67,0,1599.97,3035.63,0
Oriental,2031_Q2_labor_12h,1531.45,0,1584,3115.46,0
Oriental,2031_Q2_labor_13h,1527.41,0,1573.94,3101.35,0
Oriental,2031_Q2_labor_14h,1562.26,0,1550.8,3113.06,0
Oriental,2031_Q2_labor_15h,1617.11,0,1518.16,3135.27,0
Oriental,2031_Q2_labor_16h,1677.32,0,1451.56,3128.89,0
Oriental,2031_Q2_labor_17h,1680.85,0,1401.09,3081.93,0
Oriental,2031_Q2_labor_18h,1575.41,0,1440.59,3016,0
Oriental,2031_Q2_labor_19h,1872.74,0,1307.33,3180.07,0
Oriental,2031_Q2_labor_20h,1985.07,0,1265.48,3250.55,0
Oriental,2031_Q2_labor_21h,1886.95,0,1294.88,3181.83,0
Oriental,2031_Q2_labor_22h,1656.72,0,1386.03,3042.75,0
Oriental,2031_Q2_labor_23h,1339.53,0,1514.58,2854.11,0
Oriental,2031_Q2_holidays_0h,971.473,0,1753.39,2724.87,0
Oriental,2031_Q2_holidays_1h,842.815,0,1746.14,2588.96,0
Oriental,2031_Q2_holidays_2h,786.943,0,1713.44,2500.38,0
Oriental,2031_Q2_holidays_3h,757.172,0,1676.62,2433.8,0
Oriental,2031_Q2_holidays_4h,746.083,0,1658.22,2404.3,0
Oriental,2031_Q2_holidays_5h,768.434,0,1691.67,2460.1,0
Oriental,2031_Q2_holidays_6h,851.541,0,1751.55,2603.09,0
Oriental,2031_Q2_holidays_7h,880.045,0,1769.87,2649.91,0
Oriental,2031_Q2_holidays_8h,973.84,0,1816.32,2790.16,0
Oriental,2031_Q2_holidays_9h,1090.89,0,1849.51,2940.41,0
Oriental,2031_Q2_holidays_10h,1162.5,0,1868.32,3030.82,0
Oriental,2031_Q2_holidays_11h,1275.61,0,1863.04,3138.65,0
Oriental,2031_Q2_holidays_12h,1394.95,0,1832.19,3227.15,0
Oriental,2031_Q2_holidays_13h,1375.29,0,1819.83,3195.11,0
Oriental,2031_Q2_holidays_14h,1459.49,0,1762.18,3221.67,0
Oriental,2031_Q2_holidays_15h,1612.27,0,1662.87,3275.13,0
Oriental,2031_Q2_holidays_16h,1803.83,0,1473.59,3277.42,0
Oriental,2031_Q2_holidays_17h,1867.8,0,1357.36,3225.15,0
Oriental,2031_Q2_holidays_18h,1636.93,0,1493.63,3130.56,0
Oriental,2031_Q2_holidays_19h,2019.42,0,1261.45,3280.87,0
Oriental,2031_Q2_holidays_20h,2186.81,0,1164.72,3351.53,0
Oriental,2031_Q2_holidays_21h,2022.75,0,1247.73,3270.48,0
Oriental,2031_Q2_holidays_22h,1666.36,0,1449.78,3116.14,0
Oriental,2031_Q2_holidays_23h,1228.33,0,1680.97,2909.3,0
Oriental,2031_Q3_labor_0h,1449.54,0,1323.99,2773.53,0
Oriental,2031_Q3_labor_1h,1323.8,0,1307.33,2631.13,0
Oriental,2031_Q3_labor_2h,1241.11,0,1298.08,2539.19,0
Oriental,2031_Q3_labor_3h,1173.92,0,1297.44,2471.36,0
Oriental,2031_Q3_labor_4h,1136.67,0,1299.66,2436.33,0
Oriental,2031_Q3_labor_5h,1164.77,0,1298.49,2463.26,0
Oriental,2031_Q3_labor_6h,1222.49,0,1307.8,2530.3,0
Oriental,2031_Q3_labor_7h,1236.82,0,1333.62,2570.44,0
Oriental,2031_Q3_labor_8h,1363.43,0,1363.64,2727.07,0
Oriental,2031_Q3_labor_9h,1488.55,0,1398.43,2886.99,0
Oriental,2031_Q3_labor_10h,1570.23,0,1424.4,2994.63,0
Oriental,2031_Q3_labor_11h,1661.25,0,1443.23,3104.49,0
Oriental,2031_Q3_labor_12h,1744.7,0,1442.8,3187.5,0
Oriental,2031_Q3_labor_13h,1752.68,0,1427.72,3180.4,0
Oriental,2031_Q3_labor_14h,1798.25,0,1394.74,3192.99,0
Oriental,2031_Q3_labor_15h,1873.66,0,1340.63,3214.29,0
Oriental,2031_Q3_labor_16h,1941.01,0,1260.29,3201.29,0
Oriental,2031_Q3_labor_17h,1946.28,0,1210.05,3156.33,0
Oriental,2031_Q3_labor_18h,1813,0,1269.38,3082.39,0
Oriental,2031_Q3_labor_19h,2056.79,0,1163.64,3220.43,0
Oriental,2031_Q3_labor_20h,2242.38,0,1078.5,3320.89,0
Oriental,2031_Q3_labor_21h,2139.55,0,1123.28,3262.83,0
Oriental,2031_Q3_labor_22h,1895.67,0,1236.44,3132.11,0
Oriental,2031_Q3_labor_23h,1638.62,0,1310.83,2949.46,0
Oriental,2031_Q3_holidays_0h,1454.43,0,1392.24,2846.67,0
Oriental,2031_Q3_holidays_1h,1285.34,0,1412.53,2697.87,0
Oriental,2031_Q3_holidays_2h,1162.63,0,1438.7,2601.33,0
Oriental,2031_Q3_holidays_3h,1080.57,0,1456.53,2537.1,0
Oriental,2031_Q3_holidays_4h,1043.43,0,1459.17,2502.6,0
Oriental,2031_Q3_holidays_5h,1096.42,0,1448.71,2545.13,0
Oriental,2031_Q3_holidays_6h,1210.66,0,1441.28,2651.94,0
Oriental,2031_Q3_holidays_7h,1231.84,0,1478.41,2710.25,0
Oriental,2031_Q3_holidays_8h,1375.74,0,1496,2871.74,0
Oriental,2031_Q3_holidays_9h,1510.66,0,1515.94,3026.6,0
Oriental,2031_Q3_holidays_10h,1588.09,0,1535.69,3123.77,0
Oriental,2031_Q3_holidays_11h,1693.39,0,1543.3,3236.7,0
Oriental,2031_Q3_holidays_12h,1774.65,0,1547.31,3321.96,0
Oriental,2031_Q3_holidays_13h,1763.42,0,1533.22,3296.64,0
Oriental,2031_Q3_holidays_14h,1811.55,0,1515.17,3326.72,0
Oriental,2031_Q3_holidays_15h,1915.2,0,1468.58,3383.78,0
Oriental,2031_Q3_holidays_16h,2044.79,0,1338.12,3382.91,0
Oriental,2031_Q3_holidays_17h,2093.73,0,1239.56,3333.3,0
Oriental,2031_Q3_holidays_18h,1860.18,0,1370.12,3230.29,0
Oriental,2031_Q3_holidays_19h,2120.86,0,1234.37,3355.22,0
Oriental,2031_Q3_holidays_20h,2338.7,0,1115.82,3454.51,0
Oriental,2031_Q3_holidays_21h,2189.35,0,1200.7,3390.05,0
Oriental,2031_Q3_holidays_22h,1898.12,0,1349.66,3247.78,0
Oriental,2031_Q3_holidays_23h,1629.07,0,1414.01,3043.08,0
Oriental,2031_Q4_labor_0h,1412.97,0,1481.72,2894.68,0
Oriental,2031_Q4_labor_1h,1171.13,0,1577.14,2748.27,0
Oriental,2031_Q4_labor_2h,1049.81,0,1603.25,2653.06,0
Oriental,2031_Q4_labor_3h,977.195,0,1608.36,2585.56,0
Oriental,2031_Q4_labor_4h,945.532,0,1601.72,2547.25,0
Oriental,2031_Q4_labor_5h,971.385,0,1604.06,2575.45,0
Oriental,2031_Q4_labor_6h,1038.02,0,1606.7,2644.72,0
Oriental,2031_Q4_labor_7h,1050.54,0,1637.17,2687.72,0
Oriental,2031_Q4_labor_8h,1172.5,0,1674.28,2846.78,0
Oriental,2031_Q4_labor_9h,1314.55,0,1695.58,3010.13,0
Oriental,2031_Q4_labor_10h,1412.13,0,1708.09,3120.22,0
Oriental,2031_Q4_labor_11h,1557.59,0,1675.98,3233.56,0
Oriental,2031_Q4_labor_12h,1734.87,0,1580.88,3315.75,0
Oriental,2031_Q4_labor_13h,1825.65,0,1485.22,3310.88,0
Oriental,2031_Q4_labor_14h,1990,0,1335.14,3325.14,0
Oriental,2031_Q4_labor_15h,2092.29,0,1254.77,3347.06,0
Oriental,2031_Q4_labor_16h,2148.46,0,1187.71,3336.17,0
Oriental,2031_Q4_labor_17h,2138.64,0,1157.7,3296.34,0
Oriental,2031_Q4_labor_18h,2125.78,0,1151.11,3276.89,0
Oriental,2031_Q4_labor_19h,2395.4,0,1062.79,3458.19,0
Oriental,2031_Q4_labor_20h,2400.94,0,1061.35,3462.29,0
Oriental,2031_Q4_labor_21h,2298.56,0,1093.57,3392.12,0
Oriental,2031_Q4_labor_22h,2097.65,0,1160.89,3258.54,0
Oriental,2031_Q4_labor_23h,1781.57,0,1293.33,3074.9,0
Oriental,2031_Q4_holidays_0h,883.004,0,2112.3,2995.31,0
Oriental,2031_Q4_holidays_1h,736.674,0,2077.61,2814.28,0
Oriental,2031_Q4_holidays_2h,689.863,0,2032.1,2721.96,0
Oriental,2031_Q4_holidays_3h,657.332,0,1996.28,2653.61,0
Oriental,2031_Q4_holidays_4h,640.318,0,1980.56,2620.88,0
Oriental,2031_Q4_holidays_5h,667.616,0,2006.41,2674.02,0
Oriental,2031_Q4_holidays_6h,728.435,0,2062,2790.43,0
Oriental,2031_Q4_holidays_7h,776.374,0,2082.25,2858.62,0
Oriental,2031_Q4_holidays_8h,895.814,0,2133.62,3029.43,0
Oriental,2031_Q4_holidays_9h,1023.61,0,2157.02,3180.64,0
Oriental,2031_Q4_holidays_10h,1123.31,0,2166.32,3289.64,0
Oriental,2031_Q4_holidays_11h,1234.26,0,2167.47,3401.74,0
Oriental,2031_Q4_holidays_12h,1340.79,0,2157.45,3498.23,0
Oriental,2031_Q4_holidays_13h,1333.45,0,2149.39,3482.84,0
Oriental,2031_Q4_holidays_14h,1402.78,0,2113.57,3516.35,0
Oriental,2031_Q4_holidays_15h,1541.21,0,2037.97,3579.18,0
Oriental,2031_Q4_holidays_16h,1608.56,0,1972.13,3580.69,0
Oriental,2031_Q4_holidays_17h,1584.31,0,1940.69,3525,0
Oriental,2031_Q4_holidays_18h,1528.4,0,1944.19,3472.59,0
Oriental,2031_Q4_holidays_19h,1759.1,0,1864.6,3623.7,0
Oriental,2031_Q4_holidays_20h,1737.06,0,1872.23,3609.3,0
Oriental,2031_Q4_holidays_21h,1633.65,0,1907.4,3541.05,0
Oriental,2031_Q4_holidays_22h,1408.6,0,1983.67,3392.26,0
Oriental,2031_Q4_holidays_23h,1107.46,0,2073.22,3180.68,0
Oriental,2032_Q1_labor_0h,1110.59,0,1643.28,2753.87,0
Oriental,2032_Q1_labor_1h,937.179,0,1675.96,2613.13,0
Oriental,2032_Q1_labor_2h,829.018,0,1694.83,2523.85,0
Oriental,2032_Q1_labor_3h,751.612,0,1707.7,2459.31,0
Oriental,2032_Q1_labor_4h,712.361,0,1713.05,2425.41,0
Oriental,2032_Q1_labor_5h,742.854,0,1708.37,2451.22,0
Oriental,2032_Q1_labor_6h,822.3,0,1707.94,2530.24,0
Oriental,2032_Q1_labor_7h,825.053,0,1741.77,2566.82,0
Oriental,2032_Q1_labor_8h,948.309,0,1761.76,2710.07,0
Oriental,2032_Q1_labor_9h,1111.92,0,1766.77,2878.68,0
Oriental,2032_Q1_labor_10h,1218.5,0,1771.97,2990.46,0
Oriental,2032_Q1_labor_11h,1335.46,0,1760.27,3095.74,0
Oriental,2032_Q1_labor_12h,1438.9,0,1740.88,3179.78,0
Oriental,2032_Q1_labor_13h,1449.69,0,1725.39,3175.08,0
Oriental,2032_Q1_labor_14h,1482.32,0,1696.22,3178.54,0
Oriental,2032_Q1_labor_15h,1554,0,1644.96,3198.96,0
Oriental,2032_Q1_labor_16h,1603.01,0,1586.03,3189.04,0
Oriental,2032_Q1_labor_17h,1584.67,0,1555.28,3139.95,0
Oriental,2032_Q1_labor_18h,1518.29,0,1573.63,3091.91,0
Oriental,2032_Q1_labor_19h,1786.5,0,1484.63,3271.13,0
Oriental,2032_Q1_labor_20h,1862.23,0,1453.5,3315.73,0
Oriental,2032_Q1_labor_21h,1755.49,0,1483.41,3238.91,0
Oriental,2032_Q1_labor_22h,1565.07,0,1539.47,3104.54,0
Oriental,2032_Q1_labor_23h,1324.98,0,1599.53,2924.52,0
Oriental,2032_Q1_holidays_0h,949.472,0,1863.06,2812.53,0
Oriental,2032_Q1_holidays_1h,785.957,0,1874.56,2660.51,0
Oriental,2032_Q1_holidays_2h,702.208,0,1870.33,2572.54,0
Oriental,2032_Q1_holidays_3h,645.733,0,1861.95,2507.68,0
Oriental,2032_Q1_holidays_4h,618.255,0,1856.04,2474.3,0
Oriental,2032_Q1_holidays_5h,654.513,0,1863.64,2518.15,0
Oriental,2032_Q1_holidays_6h,757.627,0,1880.53,2638.15,0
Oriental,2032_Q1_holidays_7h,809.344,0,1900.64,2709.99,0
Oriental,2032_Q1_holidays_8h,956.829,0,1923.81,2880.64,0
Oriental,2032_Q1_holidays_9h,1106.99,0,1936.65,3043.64,0
Oriental,2032_Q1_holidays_10h,1191.39,0,1952.26,3143.65,0
Oriental,2032_Q1_holidays_11h,1311.51,0,1942.02,3253.53,0
Oriental,2032_Q1_holidays_12h,1425.65,0,1918.07,3343.72,0
Oriental,2032_Q1_holidays_13h,1416.91,0,1904.36,3321.28,0
Oriental,2032_Q1_holidays_14h,1476.05,0,1863.73,3339.78,0
Oriental,2032_Q1_holidays_15h,1600.92,0,1785.02,3385.93,0
Oriental,2032_Q1_holidays_16h,1669.58,0,1707.79,3377.37,0
Oriental,2032_Q1_holidays_17h,1651.42,0,1665.74,3317.16,0
Oriental,2032_Q1_holidays_18h,1542.85,0,1696.29,3239.14,0
Oriental,2032_Q1_holidays_19h,1805.02,0,1582.44,3387.45,0
Oriental,2032_Q1_holidays_20h,1859.45,0,1562.45,3421.91,0
Oriental,2032_Q1_holidays_21h,1717.74,0,1616.87,3334.6,0
Oriental,2032_Q1_holidays_22h,1475.49,0,1715.26,3190.75,0
Oriental,2032_Q1_holidays_23h,1187.92,0,1811.95,2999.87,0
Oriental,2032_Q2_labor_0h,1159.83,0,1603.89,2763.72,0
Oriental,2032_Q2_labor_1h,1014.05,0,1612.09,2626.13,0
Oriental,2032_Q2_labor_2h,922.073,0,1613.45,2535.52,0
Oriental,2032_Q2_labor_3h,857.949,0,1612.2,2470.15,0
Oriental,2032_Q2_labor_4h,825.785,0,1610.8,2436.58,0
Oriental,2032_Q2_labor_5h,860.089,0,1612.51,2472.6,0
Oriental,2032_Q2_labor_6h,946.835,0,1618.19,2565.02,0
Oriental,2032_Q2_labor_7h,974.418,0,1626.02,2600.44,0
Oriental,2032_Q2_labor_8h,1115.16,0,1633.62,2748.78,0
Oriental,2032_Q2_labor_9h,1270.38,0,1636.33,2906.71,0
Oriental,2032_Q2_labor_10h,1376.07,0,1636.29,3012.35,0
Oriental,2032_Q2_labor_11h,1492.72,0,1628.91,3121.63,0
Oriental,2032_Q2_labor_12h,1588.37,0,1616.41,3204.78,0
Oriental,2032_Q2_labor_13h,1580.03,0,1609.59,3189.62,0
Oriental,2032_Q2_labor_14h,1605.71,0,1594.82,3200.53,0
Oriental,2032_Q2_labor_15h,1648,0,1575.06,3223.06,0
Oriental,2032_Q2_labor_16h,1658.71,0,1558.67,3217.37,0
Oriental,2032_Q2_labor_17h,1617.11,0,1552.65,3169.76,0
Oriental,2032_Q2_labor_18h,1541.81,0,1560.78,3102.59,0
Oriental,2032_Q2_labor_19h,1754.19,0,1519.23,3273.42,0
Oriental,2032_Q2_labor_20h,1845.4,0,1500.84,3346.25,0
Oriental,2032_Q2_labor_21h,1758.69,0,1515.97,3274.67,0
Oriental,2032_Q2_labor_22h,1576.56,0,1554.85,3131.41,0
Oriental,2032_Q2_labor_23h,1354.91,0,1584.67,2939.58,0
Oriental,2032_Q2_holidays_0h,962.403,0,1833.04,2795.44,0
Oriental,2032_Q2_holidays_1h,802.499,0,1818.27,2620.77,0
Oriental,2032_Q2_holidays_2h,756.281,0,1778.6,2534.88,0
Oriental,2032_Q2_holidays_3h,731.776,0,1741.26,2473.04,0
Oriental,2032_Q2_holidays_4h,723.272,0,1725.98,2449.25,0
Oriental,2032_Q2_holidays_5h,749.156,0,1767.97,2517.13,0
Oriental,2032_Q2_holidays_6h,837.947,0,1835.18,2673.13,0
Oriental,2032_Q2_holidays_7h,874.581,0,1855.24,2729.82,0
Oriental,2032_Q2_holidays_8h,987.037,0,1900.07,2887.1,0
Oriental,2032_Q2_holidays_9h,1124.93,0,1924.64,3049.57,0
Oriental,2032_Q2_holidays_10h,1216.21,0,1936.99,3153.2,0
Oriental,2032_Q2_holidays_11h,1339.17,0,1924.45,3263.62,0
Oriental,2032_Q2_holidays_12h,1459.49,0,1889.63,3349.12,0
Oriental,2032_Q2_holidays_13h,1444.5,0,1875.45,3319.95,0
Oriental,2032_Q2_holidays_14h,1546.89,0,1807.42,3354.31,0
Oriental,2032_Q2_holidays_15h,1709.93,0,1701.55,3411.48,0
Oriental,2032_Q2_holidays_16h,1810.23,0,1598.21,3408.44,0
Oriental,2032_Q2_holidays_17h,1850.63,0,1499.42,3350.05,0
Oriental,2032_Q2_holidays_18h,1617.02,0,1631.13,3248.15,0
Oriental,2032_Q2_holidays_19h,1956.62,0,1435.15,3391.77,0
Oriental,2032_Q2_holidays_20h,2136.81,0,1326.33,3463.14,0
Oriental,2032_Q2_holidays_21h,1972.35,0,1412.16,3384.51,0
Oriental,2032_Q2_holidays_22h,1617.18,0,1608.38,3225.56,0
Oriental,2032_Q2_holidays_23h,1229.22,0,1768.25,2997.47,0
Oriental,2032_Q3_labor_0h,1453.66,0,1407.36,2861.02,0
Oriental,2032_Q3_labor_1h,1330.44,0,1396.31,2726.75,0
Oriental,2032_Q3_labor_2h,1241.69,0,1389.14,2630.82,0
Oriental,2032_Q3_labor_3h,1170.95,0,1389.79,2560.74,0
Oriental,2032_Q3_labor_4h,1130.17,0,1392.79,2522.97,0
Oriental,2032_Q3_labor_5h,1157.52,0,1390.66,2548.18,0
Oriental,2032_Q3_labor_6h,1216.99,0,1398.07,2615.07,0
Oriental,2032_Q3_labor_7h,1233.42,0,1421.57,2654.99,0
Oriental,2032_Q3_labor_8h,1370,0,1444.78,2814.78,0
Oriental,2032_Q3_labor_9h,1504.79,0,1472.9,2977.69,0
Oriental,2032_Q3_labor_10h,1592.76,0,1493.68,3086.45,0
Oriental,2032_Q3_labor_11h,1690.58,0,1507.55,3198.14,0
Oriental,2032_Q3_labor_12h,1778.49,0,1503.73,3282.22,0
Oriental,2032_Q3_labor_13h,1783.41,0,1490.56,3273.96,0
Oriental,2032_Q3_labor_14h,1825.57,0,1460.57,3286.14,0
Oriental,2032_Q3_labor_15h,1898.63,0,1410.03,3308.66,0
Oriental,2032_Q3_labor_16h,1933.22,0,1362.13,3295.35,0
Oriental,2032_Q3_labor_17h,1918.91,0,1330.47,3249.38,0
Oriental,2032_Q3_labor_18h,1832.54,0,1342.2,3174.74,0
Oriental,2032_Q3_labor_19h,2040.04,0,1278.78,3318.82,0
Oriental,2032_Q3_labor_20h,2185.9,0,1234.91,3420.81,0
Oriental,2032_Q3_labor_21h,2100.25,0,1260.26,3360.51,0
Oriental,2032_Q3_labor_22h,1908.08,0,1319.74,3227.83,0
Oriental,2032_Q3_labor_23h,1654.09,0,1387.43,3041.52,0
Oriental,2032_Q3_holidays_0h,1472.67,0,1439.16,2911.83,0
Oriental,2032_Q3_holidays_1h,1190.72,0,1491.95,2682.66,0
Oriental,2032_Q3_holidays_2h,1062.27,0,1528.06,2590.33,0
Oriental,2032_Q3_holidays_3h,977.395,0,1548.42,2525.82,0
Oriental,2032_Q3_holidays_4h,949.978,0,1550.65,2500.63,0
Oriental,2032_Q3_holidays_5h,1026.07,0,1534.91,2560.98,0
Oriental,2032_Q3_holidays_6h,1174.61,0,1512.68,2687.3,0
Oriental,2032_Q3_holidays_7h,1208.33,0,1549.1,2757.43,0
Oriental,2032_Q3_holidays_8h,1378.9,0,1554.6,2933.5,0
Oriental,2032_Q3_holidays_9h,1537.65,0,1565.97,3103.62,0
Oriental,2032_Q3_holidays_10h,1631.16,0,1584.56,3215.72,0
Oriental,2032_Q3_holidays_11h,1741.25,0,1599.91,3341.15,0
Oriental,2032_Q3_holidays_12h,1823.62,0,1614.1,3437.72,0
Oriental,2032_Q3_holidays_13h,1814.84,0,1601.12,3415.96,0
Oriental,2032_Q3_holidays_14h,1875.21,0,1577.97,3453.18,0
Oriental,2032_Q3_holidays_15h,2017.39,0,1493.84,3511.23,0
Oriental,2032_Q3_holidays_16h,2098.48,0,1412.34,3510.82,0
Oriental,2032_Q3_holidays_17h,2136.5,0,1320.75,3457.25,0
Oriental,2032_Q3_holidays_18h,1919.97,0,1419.68,3339.64,0
Oriental,2032_Q3_holidays_19h,2103.5,0,1352.24,3455.74,0
Oriental,2032_Q3_holidays_20h,2341.65,0,1225.3,3566.95,0
Oriental,2032_Q3_holidays_21h,2191.7,0,1311.41,3503.1,0
Oriental,2032_Q3_holidays_22h,1926.15,0,1417.57,3343.73,0
Oriental,2032_Q3_holidays_23h,1649.99,0,1470.04,3120.02,0
Oriental,2032_Q4_labor_0h,1366.25,0,1621.27,2987.51,0
Oriental,2032_Q4_labor_1h,1177.26,0,1665.68,2842.94,0
Oriental,2032_Q4_labor_2h,1074.19,0,1671.23,2745.42,0
Oriental,2032_Q4_labor_3h,1006.53,0,1667.46,2673.99,0
Oriental,2032_Q4_labor_4h,970.764,0,1662.17,2632.93,0
Oriental,2032_Q4_labor_5h,994.624,0,1665.96,2660.58,0
Oriental,2032_Q4_labor_6h,1054.15,0,1677.71,2731.86,0
Oriental,2032_Q4_labor_7h,1077.14,0,1699.27,2776.41,0
Oriental,2032_Q4_labor_8h,1210.29,0,1730.21,2940.5,0
Oriental,2032_Q4_labor_9h,1354.82,0,1749.92,3104.74,0
Oriental,2032_Q4_labor_10h,1459.24,0,1760.3,3219.54,0
Oriental,2032_Q4_labor_11h,1583.6,0,1751.27,3334.87,0
Oriental,2032_Q4_labor_12h,1721.74,0,1700.72,3422.46,0
Oriental,2032_Q4_labor_13h,1781.59,0,1635.74,3417.33,0
Oriental,2032_Q4_labor_14h,1928.62,0,1501.62,3430.24,0
Oriental,2032_Q4_labor_15h,2115.34,0,1338.83,3454.17,0
Oriental,2032_Q4_labor_16h,2199.53,0,1243.39,3442.92,0
Oriental,2032_Q4_labor_17h,2149.86,0,1250.63,3400.5,0
Oriental,2032_Q4_labor_18h,2084.52,0,1297.22,3381.74,0
Oriental,2032_Q4_labor_19h,2430.39,0,1135.76,3566.15,0
Oriental,2032_Q4_labor_20h,2428.07,0,1139.4,3567.48,0
Oriental,2032_Q4_labor_21h,2300.24,0,1196.39,3496.63,0
Oriental,2032_Q4_labor_22h,2034.67,0,1324,3358.68,0
Oriental,2032_Q4_labor_23h,1674.89,0,1496.08,3170.96,0
Oriental,2032_Q4_holidays_0h,884.006,0,2165.22,3049.22,0
Oriental,2032_Q4_holidays_1h,699.797,0,2125.57,2825.37,0
Oriental,2032_Q4_holidays_2h,653.445,0,2073.59,2727.03,0
Oriental,2032_Q4_holidays_3h,627.502,0,2040.5,2668,0
Oriental,2032_Q4_holidays_4h,615.971,0,2027.95,2643.92,0
Oriental,2032_Q4_holidays_5h,645.13,0,2061.91,2707.04,0
Oriental,2032_Q4_holidays_6h,706.548,0,2120.8,2827.35,0
Oriental,2032_Q4_holidays_7h,758.525,0,2137.51,2896.03,0
Oriental,2032_Q4_holidays_8h,892.728,0,2177.68,3070.41,0
Oriental,2032_Q4_holidays_9h,1057.82,0,2192.36,3250.18,0
Oriental,2032_Q4_holidays_10h,1157.38,0,2196.63,3354.01,0
Oriental,2032_Q4_holidays_11h,1281.37,0,2196.63,3478,0
Oriental,2032_Q4_holidays_12h,1367.71,0,2192.01,3559.72,0
Oriental,2032_Q4_holidays_13h,1357.07,0,2187.48,3544.55,0
Oriental,2032_Q4_holidays_14h,1427.42,0,2162.36,3589.79,0
Oriental,2032_Q4_holidays_15h,1540.18,0,2106.2,3646.38,0
Oriental,2032_Q4_holidays_16h,1598.79,0,2049.32,3648.11,0
Oriental,2032_Q4_holidays_17h,1582.91,0,2016.22,3599.13,0
Oriental,2032_Q4_holidays_18h,1514.83,0,2022.68,3537.51,0
Oriental,2032_Q4_holidays_19h,1767.44,0,1939.68,3707.12,0
Oriental,2032_Q4_holidays_20h,1771.32,0,1938.35,3709.67,0
Oriental,2032_Q4_holidays_21h,1653.65,0,1977.16,3630.81,0
Oriental,2032_Q4_holidays_22h,1431.98,0,2047.74,3479.73,0
Oriental,2032_Q4_holidays_23h,1123.66,0,2129.55,3253.21,0
Oriental,2033_Q1_labor_0h,1083.02,0,1760.06,2843.07,0
Oriental,2033_Q1_labor_1h,937.845,0,1778.79,2716.63,0
Oriental,2033_Q1_labor_2h,833.517,0,1790.85,2624.36,0
Oriental,2033_Q1_labor_3h,756.997,0,1798.68,2555.68,0
Oriental,2033_Q1_labor_4h,715.038,0,1802.53,2517.57,0
Oriental,2033_Q1_labor_5h,743.368,0,1800.05,2543.42,0
Oriental,2033_Q1_labor_6h,824.441,0,1800.62,2625.06,0
Oriental,2033_Q1_labor_7h,844.754,0,1818.05,2662.81,0
Oriental,2033_Q1_labor_8h,986.158,0,1824.94,2811.09,0
Oriental,2033_Q1_labor_9h,1158.24,0,1824.44,2982.68,0
Oriental,2033_Q1_labor_10h,1270.17,0,1824.6,3094.77,0
Oriental,2033_Q1_labor_11h,1386.55,0,1816.46,3203,0
Oriental,2033_Q1_labor_12h,1488.12,0,1801.76,3289.89,0
Oriental,2033_Q1_labor_13h,1492.04,0,1790.72,3282.76,0
Oriental,2033_Q1_labor_14h,1516.23,0,1769.93,3286.15,0
Oriental,2033_Q1_labor_15h,1568.96,0,1738.49,3307.45,0
Oriental,2033_Q1_labor_16h,1589.97,0,1706.88,3296.84,0
Oriental,2033_Q1_labor_17h,1556.43,0,1688.86,3245.29,0
Oriental,2033_Q1_labor_18h,1501.11,0,1693.85,3194.96,0
Oriental,2033_Q1_labor_19h,1751.63,0,1624.62,3376.26,0
Oriental,2033_Q1_labor_20h,1828.7,0,1590.98,3419.67,0
Oriental,2033_Q1_labor_21h,1711.87,0,1627.06,3338.94,0
Oriental,2033_Q1_labor_22h,1508.25,0,1692.21,3200.46,0
Oriental,2033_Q1_labor_23h,1287.44,0,1730.24,3017.68,0
Oriental,2033_Q1_holidays_0h,944.821,0,1908.43,2853.26,0
Oriental,2033_Q1_holidays_1h,668.795,0,1919.09,2587.89,0
Oriental,2033_Q1_holidays_2h,592.782,0,1906.19,2498.97,0
Oriental,2033_Q1_holidays_3h,550.842,0,1894.44,2445.28,0
Oriental,2033_Q1_holidays_4h,539.526,0,1890.27,2429.79,0
Oriental,2033_Q1_holidays_5h,575.933,0,1901.92,2477.85,0
Oriental,2033_Q1_holidays_6h,672.729,0,1923.99,2596.72,0
Oriental,2033_Q1_holidays_7h,727.193,0,1940.31,2667.51,0
Oriental,2033_Q1_holidays_8h,874.896,0,1961.85,2836.75,0
Oriental,2033_Q1_holidays_9h,1044.29,0,1973.1,3017.39,0
Oriental,2033_Q1_holidays_10h,1161.64,0,1977.72,3139.35,0
Oriental,2033_Q1_holidays_11h,1279.95,0,1973.42,3253.37,0
Oriental,2033_Q1_holidays_12h,1385.08,0,1958.82,3343.91,0
Oriental,2033_Q1_holidays_13h,1389.4,0,1946.34,3335.74,0
Oriental,2033_Q1_holidays_14h,1442.84,0,1911.77,3354.61,0
Oriental,2033_Q1_holidays_15h,1556.22,0,1842.3,3398.52,0
Oriental,2033_Q1_holidays_16h,1617.99,0,1773.94,3391.92,0
Oriental,2033_Q1_holidays_17h,1601.9,0,1734.74,3336.64,0
Oriental,2033_Q1_holidays_18h,1510.06,0,1753.67,3263.72,0
Oriental,2033_Q1_holidays_19h,1849.13,0,1589.3,3438.43,0
Oriental,2033_Q1_holidays_20h,1979.18,0,1510.45,3489.63,0
Oriental,2033_Q1_holidays_21h,1825.3,0,1584.8,3410.1,0
Oriental,2033_Q1_holidays_22h,1536.31,0,1726.84,3263.15,0
Oriental,2033_Q1_holidays_23h,1198.38,0,1853.38,3051.76,0
Oriental,2033_Q2_labor_0h,1136.36,0,1716.57,2852.93,0
Oriental,2033_Q2_labor_1h,989.487,0,1736.76,2726.25,0
Oriental,2033_Q2_labor_2h,890.277,0,1742,2632.28,0
Oriental,2033_Q2_labor_3h,822.353,0,1741.53,2563.88,0
Oriental,2033_Q2_labor_4h,789.164,0,1740.07,2529.24,0
Oriental,2033_Q2_labor_5h,827.354,0,1741.55,2568.91,0
Oriental,2033_Q2_labor_6h,923.217,0,1747.09,2670.31,0
Oriental,2033_Q2_labor_7h,933.678,0,1774.67,2708.34,0
Oriental,2033_Q2_labor_8h,1060.12,0,1800.28,2860.4,0
Oriental,2033_Q2_labor_9h,1201.79,0,1820.07,3021.86,0
Oriental,2033_Q2_labor_10h,1295.14,0,1833.41,3128.55,0
Oriental,2033_Q2_labor_11h,1417.05,0,1822.9,3239.95,0
Oriental,2033_Q2_labor_12h,1530.98,0,1793.74,3324.72,0
Oriental,2033_Q2_labor_13h,1531.87,0,1773.56,3305.43,0
Oriental,2033_Q2_labor_14h,1590.94,0,1728.1,3319.03,0
Oriental,2033_Q2_labor_15h,1680.26,0,1665.45,3345.71,0
Oriental,2033_Q2_labor_16h,1733,0,1605.6,3338.6,0
Oriental,2033_Q2_labor_17h,1705.79,0,1583.18,3288.97,0
Oriental,2033_Q2_labor_18h,1604.96,0,1611.34,3216.3,0
Oriental,2033_Q2_labor_19h,1865.55,0,1522.61,3388.15,0
Oriental,2033_Q2_labor_20h,1986,0,1475,3461,0
Oriental,2033_Q2_labor_21h,1871.49,0,1514.05,3385.53,0
Oriental,2033_Q2_labor_22h,1651.57,0,1585.02,3236.59,0
Oriental,2033_Q2_labor_23h,1371.72,0,1664.72,3036.43,0
Oriental,2033_Q2_holidays_0h,870.454,0,1970.59,2841.05,0
Oriental,2033_Q2_holidays_1h,560.374,0,2009.4,2569.77,0
Oriental,2033_Q2_holidays_2h,506.401,0,1978.77,2485.17,0
Oriental,2033_Q2_holidays_3h,481.25,0,1946.7,2427.95,0
Oriental,2033_Q2_holidays_4h,471.92,0,1931.93,2403.85,0
Oriental,2033_Q2_holidays_5h,494.313,0,1963.85,2458.17,0
Oriental,2033_Q2_holidays_6h,568.094,0,2013.03,2581.13,0
Oriental,2033_Q2_holidays_7h,602.656,0,2027.43,2630.09,0
Oriental,2033_Q2_holidays_8h,726.414,0,2070.12,2796.53,0
Oriental,2033_Q2_holidays_9h,884.099,0,2087.14,2971.24,0
Oriental,2033_Q2_holidays_10h,998.49,0,2092.35,3090.84,0
Oriental,2033_Q2_holidays_11h,1134.6,0,2077.05,3211.64,0
Oriental,2033_Q2_holidays_12h,1260.19,0,2044.8,3304.99,0
Oriental,2033_Q2_holidays_13h,1272.41,0,2024.82,3297.23,0
Oriental,2033_Q2_holidays_14h,1346.08,0,1972.2,3318.28,0
Oriental,2033_Q2_holidays_15h,1460.32,0,1895.76,3356.08,0
Oriental,2033_Q2_holidays_16h,1529.7,0,1830.84,3360.54,0
Oriental,2033_Q2_holidays_17h,1511.93,0,1792.09,3304.02,0
Oriental,2033_Q2_holidays_18h,1403.51,0,1816.69,3220.2,0
Oriental,2033_Q2_holidays_19h,1704.21,0,1688.84,3393.05,0
Oriental,2033_Q2_holidays_20h,1924.24,0,1555.47,3479.72,0
Oriental,2033_Q2_holidays_21h,1783.49,0,1625.83,3409.32,0
Oriental,2033_Q2_holidays_22h,1462,0,1792.03,3254.03,0
Oriental,2033_Q2_holidays_23h,1139.67,0,1895.09,3034.76,0
Oriental,2033_Q3_labor_0h,1434.16,0,1528.02,2962.18,0
Oriental,2033_Q3_labor_1h,1316.34,0,1509.14,2825.47,0
Oriental,2033_Q3_labor_2h,1227.35,0,1498.71,2726.06,0
Oriental,2033_Q3_labor_3h,1152.16,0,1501.24,2653.39,0
Oriental,2033_Q3_labor_4h,1108.21,0,1506.91,2615.11,0
Oriental,2033_Q3_labor_5h,1139.11,0,1506.12,2645.23,0
Oriental,2033_Q3_labor_6h,1207.54,0,1515.06,2722.6,0
Oriental,2033_Q3_labor_7h,1221,0,1548.36,2769.36,0
Oriental,2033_Q3_labor_8h,1353.08,0,1582.64,2935.72,0
Oriental,2033_Q3_labor_9h,1481.34,0,1622.28,3103.62,0
Oriental,2033_Q3_labor_10h,1561.38,0,1653.13,3214.51,0
Oriental,2033_Q3_labor_11h,1654.07,0,1675.6,3329.67,0
Oriental,2033_Q3_labor_12h,1742.44,0,1674.35,3416.8,0
Oriental,2033_Q3_labor_13h,1751.94,0,1652.76,3404.7,0
Oriental,2033_Q3_labor_14h,1814.86,0,1605.4,3420.26,0
Oriental,2033_Q3_labor_15h,1931.51,0,1517.97,3449.47,0
Oriental,2033_Q3_labor_16h,2004.14,0,1433.77,3437.9,0
Oriental,2033_Q3_labor_17h,1992.04,0,1397.11,3389.15,0
Oriental,2033_Q3_labor_18h,1862.61,0,1441.86,3304.48,0
Oriental,2033_Q3_labor_19h,2085.7,0,1361.32,3447.02,0
Oriental,2033_Q3_labor_20h,2250.55,0,1301.85,3552.4,0
Oriental,2033_Q3_labor_21h,2151.96,0,1336.41,3488.37,0
Oriental,2033_Q3_labor_22h,1931.28,0,1416.35,3347.63,0
Oriental,2033_Q3_labor_23h,1644.15,0,1507.66,3151.81,0
Oriental,2033_Q3_holidays_0h,1320.72,0,1585.3,2906.03,0
Oriental,2033_Q3_holidays_1h,1043.05,0,1617.29,2660.34,0
Oriental,2033_Q3_holidays_2h,910.838,0,1658.06,2568.9,0
Oriental,2033_Q3_holidays_3h,817.461,0,1687.95,2505.41,0
Oriental,2033_Q3_holidays_4h,784.589,0,1691.05,2475.63,0
Oriental,2033_Q3_holidays_5h,838.405,0,1674.19,2512.59,0
Oriental,2033_Q3_holidays_6h,920.243,0,1670.91,2591.16,0
Oriental,2033_Q3_holidays_7h,902.729,0,1726.4,2629.13,0
Oriental,2033_Q3_holidays_8h,1063.21,0,1736.5,2799.71,0
Oriental,2033_Q3_holidays_9h,1231.49,0,1742.82,2974.31,0
Oriental,2033_Q3_holidays_10h,1345.19,0,1751.48,3096.66,0
Oriental,2033_Q3_holidays_11h,1475.08,0,1750.05,3225.13,0
Oriental,2033_Q3_holidays_12h,1565.45,0,1755.99,3321.44,0
Oriental,2033_Q3_holidays_13h,1575.24,0,1745.56,3320.8,0
Oriental,2033_Q3_holidays_14h,1614.37,0,1726.46,3340.83,0
Oriental,2033_Q3_holidays_15h,1695.39,0,1668.67,3364.06,0
Oriental,2033_Q3_holidays_16h,1771.78,0,1578.87,3350.65,0
Oriental,2033_Q3_holidays_17h,1800.89,0,1503.1,3303.98,0
Oriental,2033_Q3_holidays_18h,1675.3,0,1554.9,3230.19,0
Oriental,2033_Q3_holidays_19h,1964.43,0,1420.95,3385.38,0
Oriental,2033_Q3_holidays_20h,2193.97,0,1303.91,3497.89,0
Oriental,2033_Q3_holidays_21h,2079.62,0,1364.19,3443.81,0
Oriental,2033_Q3_holidays_22h,1809.45,0,1494.99,3304.45,0
Oriental,2033_Q3_holidays_23h,1494.14,0,1603.75,3097.89,0
Oriental,2033_Q4_labor_0h,1397.61,0,1690.31,3087.92,0
Oriental,2033_Q4_labor_1h,1230.94,0,1721.88,2952.82,0
Oriental,2033_Q4_labor_2h,1117.23,0,1734.33,2851.56,0
Oriental,2033_Q4_labor_3h,1041.73,0,1736.39,2778.12,0
Oriental,2033_Q4_labor_4h,1000.97,0,1734.59,2735.56,0
Oriental,2033_Q4_labor_5h,1030.27,0,1736.4,2766.67,0
Oriental,2033_Q4_labor_6h,1100.27,0,1743.8,2844.07,0
Oriental,2033_Q4_labor_7h,1122.28,0,1767.73,2890.01,0
Oriental,2033_Q4_labor_8h,1265.38,0,1791.69,3057.07,0
Oriental,2033_Q4_labor_9h,1420.49,0,1805.77,3226.26,0
Oriental,2033_Q4_labor_10h,1527.47,0,1814.32,3341.78,0
Oriental,2033_Q4_labor_11h,1656.23,0,1803.42,3459.65,0
Oriental,2033_Q4_labor_12h,1771.48,0,1775.54,3547.02,0
Oriental,2033_Q4_labor_13h,1794.99,0,1745.09,3540.08,0
Oriental,2033_Q4_labor_14h,1880.47,0,1675.19,3555.66,0
Oriental,2033_Q4_labor_15h,2082.39,0,1502.33,3584.72,0
Oriental,2033_Q4_labor_16h,2178.66,0,1395.98,3574.64,0
Oriental,2033_Q4_labor_17h,2080.5,0,1447.56,3528.07,0
Oriental,2033_Q4_labor_18h,2009.35,0,1493.83,3503.18,0
Oriental,2033_Q4_labor_19h,2363.01,0,1329.48,3692.49,0
Oriental,2033_Q4_labor_20h,2353.84,0,1338.23,3692.07,0
Oriental,2033_Q4_labor_21h,2204.66,0,1412.63,3617.3,0
Oriental,2033_Q4_labor_22h,1960.96,0,1512.86,3473.82,0
Oriental,2033_Q4_labor_23h,1652.43,0,1624.51,3276.95,0
Oriental,2033_Q4_holidays_0h,938.607,0,2137.4,3076.01,0
Oriental,2033_Q4_holidays_1h,682.05,0,2080.53,2762.58,0
Oriental,2033_Q4_holidays_2h,645.182,0,2021.01,2666.19,0
Oriental,2033_Q4_holidays_3h,620.682,0,1983.89,2604.57,0
Oriental,2033_Q4_holidays_4h,610.671,0,1970.71,2581.38,0
Oriental,2033_Q4_holidays_5h,631.694,0,1998.92,2630.62,0
Oriental,2033_Q4_holidays_6h,677.749,0,2052.93,2730.67,0
Oriental,2033_Q4_holidays_7h,726.791,0,2074.25,2801.04,0
Oriental,2033_Q4_holidays_8h,844.176,0,2148.21,2992.38,0
Oriental,2033_Q4_holidays_9h,996.173,0,2181.28,3177.45,0
Oriental,2033_Q4_holidays_10h,1110.83,0,2189.89,3300.71,0
Oriental,2033_Q4_holidays_11h,1242.94,0,2190.99,3433.93,0
Oriental,2033_Q4_holidays_12h,1351.87,0,2183.37,3535.24,0
Oriental,2033_Q4_holidays_13h,1354.19,0,2175.35,3529.53,0
Oriental,2033_Q4_holidays_14h,1418.78,0,2143.59,3562.37,0
Oriental,2033_Q4_holidays_15h,1509.19,0,2085.05,3594.24,0
Oriental,2033_Q4_holidays_16h,1562.08,0,2024.89,3586.97,0
Oriental,2033_Q4_holidays_17h,1573.87,0,1979.91,3553.78,0
Oriental,2033_Q4_holidays_18h,1553.28,0,1970.42,3523.7,0
Oriental,2033_Q4_holidays_19h,1824.4,0,1877.81,3702.21,0
Oriental,2033_Q4_holidays_20h,1844.82,0,1870.73,3715.54,0
Oriental,2033_Q4_holidays_21h,1738.21,0,1906.93,3645.14,0
Oriental,2033_Q4_holidays_22h,1515.16,0,1982.69,3497.84,0
Oriental,2033_Q4_holidays_23h,1209.08,0,2076.59,3285.68,0
Oriental,2034_Q1_labor_0h,1193.91,0,1761.7,2955.61,0
Oriental,2034_Q1_labor_1h,1009.1,0,1780.87,2789.97,0
Oriental,2034_Q1_labor_2h,903.853,0,1790.85,2694.7,0
Oriental,2034_Q1_labor_3h,830.006,0,1797.13,2627.14,0
Oriental,2034_Q1_labor_4h,794.818,0,1799.84,2594.66,0
Oriental,2034_Q1_labor_5h,838.186,0,1796.57,2634.75,0
Oriental,2034_Q1_labor_6h,948.323,0,1795.25,2743.57,0
Oriental,2034_Q1_labor_7h,998.916,0,1808.53,2807.45,0
Oriental,2034_Q1_labor_8h,1164.57,0,1812,2976.57,0
Oriental,2034_Q1_labor_9h,1351.65,0,1809.4,3161.05,0
Oriental,2034_Q1_labor_10h,1467.19,0,1808.71,3275.9,0
Oriental,2034_Q1_labor_11h,1589.27,0,1800.35,3389.62,0
Oriental,2034_Q1_labor_12h,1693.21,0,1786.83,3480.04,0
Oriental,2034_Q1_labor_13h,1686.93,0,1777.94,3464.87,0
Oriental,2034_Q1_labor_14h,1712.62,0,1759.96,3472.58,0
Oriental,2034_Q1_labor_15h,1773.95,0,1733.18,3507.13,0
Oriental,2034_Q1_labor_16h,1790.3,0,1709.05,3499.35,0
Oriental,2034_Q1_labor_17h,1754.65,0,1685.83,3440.48,0
Oriental,2034_Q1_labor_18h,1666.5,0,1706.85,3373.35,0
Oriental,2034_Q1_labor_19h,1942.94,0,1606.02,3548.96,0
Oriental,2034_Q1_labor_20h,2028.95,0,1559.48,3588.43,0
Oriental,2034_Q1_labor_21h,1890.48,0,1607.68,3498.16,0
Oriental,2034_Q1_labor_22h,1653.24,0,1692.77,3346.01,0
Oriental,2034_Q1_labor_23h,1405.54,0,1738.58,3144.12,0
Oriental,2034_Q1_holidays_0h,1096.71,0,1680.75,2777.47,0
Oriental,2034_Q1_holidays_1h,1015.39,0,1698.48,2713.88,0
Oriental,2034_Q1_holidays_2h,896.154,0,1727.51,2623.67,0
Oriental,2034_Q1_holidays_3h,804.128,0,1745.38,2549.51,0
Oriental,2034_Q1_holidays_4h,732.016,0,1761.39,2493.4,0
Oriental,2034_Q1_holidays_5h,696.378,0,1766.78,2463.16,0
Oriental,2034_Q1_holidays_6h,650.949,0,1788.19,2439.14,0
Oriental,2034_Q1_holidays_7h,504.968,0,1859.01,2363.98,0
Oriental,2034_Q1_holidays_8h,563.841,0,1877.41,2441.25,0
Oriental,2034_Q1_holidays_9h,687.393,0,1894.02,2581.41,0
Oriental,2034_Q1_holidays_10h,808.833,0,1901.81,2710.64,0
Oriental,2034_Q1_holidays_11h,913.682,0,1901.11,2814.79,0
Oriental,2034_Q1_holidays_12h,1010.64,0,1891.87,2902.51,0
Oriental,2034_Q1_holidays_13h,1062.73,0,1877.76,2940.49,0
Oriental,2034_Q1_holidays_14h,1076.84,0,1858.08,2934.93,0
Oriental,2034_Q1_holidays_15h,1119.37,0,1786.09,2905.46,0
Oriental,2034_Q1_holidays_16h,1156.36,0,1723.72,2880.07,0
Oriental,2034_Q1_holidays_17h,1173.99,0,1683.29,2857.29,0
Oriental,2034_Q1_holidays_18h,1205.11,0,1667.62,2872.73,0
Oriental,2034_Q1_holidays_19h,1571.39,0,1547.21,3118.59,0
Oriental,2034_Q1_holidays_20h,1703.15,0,1499.27,3202.43,0
Oriental,2034_Q1_holidays_21h,1647,0,1515.58,3162.58,0
Oriental,2034_Q1_holidays_22h,1509.59,0,1558.02,3067.62,0
Oriental,2034_Q1_holidays_23h,1313.04,0,1617.57,2930.61,0
Oriental,2034_Q2_labor_0h,1093.86,0,1869.5,2963.36,0
Oriental,2034_Q2_labor_1h,904.549,0,1884.98,2789.53,0
Oriental,2034_Q2_labor_2h,813.105,0,1883.08,2696.18,0
Oriental,2034_Q2_labor_3h,752.181,0,1877.5,2629.68,0
Oriental,2034_Q2_labor_4h,725.657,0,1873.95,2599.61,0
Oriental,2034_Q2_labor_5h,774.592,0,1879.76,2654.35,0
Oriental,2034_Q2_labor_6h,894.869,0,1890.84,2785.71,0
Oriental,2034_Q2_labor_7h,931.324,0,1910.45,2841.77,0
Oriental,2034_Q2_labor_8h,1079.5,0,1930.13,3009.63,0
Oriental,2034_Q2_labor_9h,1239.07,0,1944.44,3183.51,0
Oriental,2034_Q2_labor_10h,1335.84,0,1957.49,3293.33,0
Oriental,2034_Q2_labor_11h,1466.6,0,1945.27,3411.87,0
Oriental,2034_Q2_labor_12h,1585.27,0,1916.02,3501.3,0
Oriental,2034_Q2_labor_13h,1573.38,0,1900.73,3474.11,0
Oriental,2034_Q2_labor_14h,1631.66,0,1860.33,3491.99,0
Oriental,2034_Q2_labor_15h,1733.94,0,1798.38,3532.32,0
Oriental,2034_Q2_labor_16h,1790.51,0,1740.23,3530.74,0
Oriental,2034_Q2_labor_17h,1758.17,0,1715.91,3474.08,0
Oriental,2034_Q2_labor_18h,1638.23,0,1745.89,3384.12,0
Oriental,2034_Q2_labor_19h,1892.24,0,1659.03,3551.27,0
Oriental,2034_Q2_labor_20h,2012.09,0,1611.39,3623.49,0
Oriental,2034_Q2_labor_21h,1880.8,0,1659.64,3540.43,0
Oriental,2034_Q2_labor_22h,1635.25,0,1742.44,3377.69,0
Oriental,2034_Q2_labor_23h,1333.48,0,1825.19,3158.67,0
Oriental,2034_Q2_holidays_0h,988.266,0,1787.02,2775.29,0
Oriental,2034_Q2_holidays_1h,964.506,0,1794.84,2759.35,0
Oriental,2034_Q2_holidays_2h,810.783,0,1840.48,2651.26,0
Oriental,2034_Q2_holidays_3h,706.337,0,1861.97,2568.31,0
Oriental,2034_Q2_holidays_4h,640.35,0,1869.09,2509.44,0
Oriental,2034_Q2_holidays_5h,611.832,0,1869.15,2480.99,0
Oriental,2034_Q2_holidays_6h,572.043,0,1872.03,2444.07,0
Oriental,2034_Q2_holidays_7h,536.731,0,1855.18,2391.91,0
Oriental,2034_Q2_holidays_8h,608.166,0,1886.91,2495.08,0
Oriental,2034_Q2_holidays_9h,702.669,0,1926.28,2628.95,0
Oriental,2034_Q2_holidays_10h,797.098,0,1955.51,2752.61,0
Oriental,2034_Q2_holidays_11h,884.228,0,1969.69,2853.92,0
Oriental,2034_Q2_holidays_12h,971.657,0,1965.53,2937.19,0
Oriental,2034_Q2_holidays_13h,1031.21,0,1942.53,2973.74,0
Oriental,2034_Q2_holidays_14h,1067.54,0,1904.31,2971.85,0
Oriental,2034_Q2_holidays_15h,1071.71,0,1860.97,2932.67,0
Oriental,2034_Q2_holidays_16h,1094.48,0,1807.9,2902.38,0
Oriental,2034_Q2_holidays_17h,1121,0,1756.81,2877.81,0
Oriental,2034_Q2_holidays_18h,1153.92,0,1729.44,2883.36,0
Oriental,2034_Q2_holidays_19h,1546.25,0,1575.02,3121.28,0
Oriental,2034_Q2_holidays_20h,1722.5,0,1505.19,3227.69,0
Oriental,2034_Q2_holidays_21h,1656.42,0,1531.08,3187.49,0
Oriental,2034_Q2_holidays_22h,1484.27,0,1599.97,3084.25,0
Oriental,2034_Q2_holidays_23h,1240.63,0,1695.92,2936.55,0
Oriental,2034_Q3_labor_0h,1448.37,0,1623.44,3071.81,0
Oriental,2034_Q3_labor_1h,1297.17,0,1597.55,2894.72,0
Oriental,2034_Q3_labor_2h,1199.71,0,1594.15,2793.86,0
Oriental,2034_Q3_labor_3h,1118.22,0,1603.72,2721.94,0
Oriental,2034_Q3_labor_4h,1075.7,0,1612.08,2687.78,0
Oriental,2034_Q3_labor_5h,1126.95,0,1603.81,2730.76,0
Oriental,2034_Q3_labor_6h,1223.64,0,1606.95,2830.58,0
Oriental,2034_Q3_labor_7h,1256.36,0,1638.58,2894.94,0
Oriental,2034_Q3_labor_8h,1406.48,0,1671.52,3078.01,0
Oriental,2034_Q3_labor_9h,1545.54,0,1713.29,3258.82,0
Oriental,2034_Q3_labor_10h,1630.77,0,1744.37,3375.13,0
Oriental,2034_Q3_labor_11h,1733.89,0,1766.32,3500.21,0
Oriental,2034_Q3_labor_12h,1831.85,0,1761.61,3593.46,0
Oriental,2034_Q3_labor_13h,1829.57,0,1743.81,3573.38,0
Oriental,2034_Q3_labor_14h,1893.31,0,1699.01,3592.32,0
Oriental,2034_Q3_labor_15h,2015.65,0,1616.76,3632.42,0
Oriental,2034_Q3_labor_16h,2081.91,0,1541.7,3623.61,0
Oriental,2034_Q3_labor_17h,2065.03,0,1504.51,3569.54,0
Oriental,2034_Q3_labor_18h,1930.32,0,1538.97,3469.29,0
Oriental,2034_Q3_labor_19h,2138.88,0,1468.22,3607.1,0
Oriental,2034_Q3_labor_20h,2293.68,0,1417.84,3711.52,0
Oriental,2034_Q3_labor_21h,2191.04,0,1450.59,3641.63,0
Oriental,2034_Q3_labor_22h,1957.26,0,1529.92,3487.18,0
Oriental,2034_Q3_labor_23h,1659.27,0,1614.6,3273.86,0
Oriental,2034_Q3_holidays_0h,1302.71,0,1564.33,2867.04,0
Oriental,2034_Q3_holidays_1h,1266.58,0,1567.9,2834.48,0
Oriental,2034_Q3_holidays_2h,1160.97,0,1570,2730.97,0
Oriental,2034_Q3_holidays_3h,1070.4,0,1577.35,2647.75,0
Oriental,2034_Q3_holidays_4h,994.956,0,1590.09,2585.04,0
Oriental,2034_Q3_holidays_5h,948.811,0,1601.66,2550.47,0
Oriental,2034_Q3_holidays_6h,861.987,0,1647.08,2509.06,0
Oriental,2034_Q3_holidays_7h,708.713,0,1741.04,2449.75,0
Oriental,2034_Q3_holidays_8h,781.18,0,1773.05,2554.23,0
Oriental,2034_Q3_holidays_9h,892.3,0,1793.87,2686.17,0
Oriental,2034_Q3_holidays_10h,1002.78,0,1796.7,2799.49,0
Oriental,2034_Q3_holidays_11h,1107.4,0,1785.13,2892.52,0
Oriental,2034_Q3_holidays_12h,1216.45,0,1754,2970.45,0
Oriental,2034_Q3_holidays_13h,1295.94,0,1720.16,3016.1,0
Oriental,2034_Q3_holidays_14h,1330.82,0,1688.18,3019,0
Oriental,2034_Q3_holidays_15h,1329.03,0,1653.09,2982.12,0
Oriental,2034_Q3_holidays_16h,1335.43,0,1613.98,2949.41,0
Oriental,2034_Q3_holidays_17h,1353.01,0,1571.78,2924.78,0
Oriental,2034_Q3_holidays_18h,1377.47,0,1550.52,2928,0
Oriental,2034_Q3_holidays_19h,1730.78,0,1411.78,3142.57,0
Oriental,2034_Q3_holidays_20h,1987.1,0,1296.39,3283.49,0
Oriental,2034_Q3_holidays_21h,1929.52,0,1322.19,3251.71,0
Oriental,2034_Q3_holidays_22h,1774.88,0,1390.96,3165.85,0
Oriental,2034_Q3_holidays_23h,1524.86,0,1498.87,3023.73,0
Oriental,2034_Q4_labor_0h,1316.51,0,1894.69,3211.19,0
Oriental,2034_Q4_labor_1h,1110.4,0,1918.22,3028.62,0
Oriental,2034_Q4_labor_2h,1006.78,0,1918.33,2925.1,0
Oriental,2034_Q4_labor_3h,941.987,0,1911.43,2853.42,0
Oriental,2034_Q4_labor_4h,912.526,0,1905.79,2818.32,0
Oriental,2034_Q4_labor_5h,951.137,0,1913.1,2864.24,0
Oriental,2034_Q4_labor_6h,1042.2,0,1925.59,2967.79,0
Oriental,2034_Q4_labor_7h,1089.78,0,1946.47,3036.25,0
Oriental,2034_Q4_labor_8h,1253.83,0,1970.18,3224.01,0
Oriental,2034_Q4_labor_9h,1423.53,0,1983.61,3407.14,0
Oriental,2034_Q4_labor_10h,1533.77,0,1992.64,3526.41,0
Oriental,2034_Q4_labor_11h,1666.01,0,1985.88,3651.89,0
Oriental,2034_Q4_labor_12h,1777.43,0,1966.47,3743.91,0
Oriental,2034_Q4_labor_13h,1811.27,0,1917.13,3728.39,0
Oriental,2034_Q4_labor_14h,1958.14,0,1791.97,3750.11,0
Oriental,2034_Q4_labor_15h,2235.44,0,1555.99,3791.43,0
Oriental,2034_Q4_labor_16h,2338.5,0,1444.96,3783.45,0
Oriental,2034_Q4_labor_17h,2225.97,0,1507.42,3733.39,0
Oriental,2034_Q4_labor_18h,2073.05,0,1619.96,3693.01,0
Oriental,2034_Q4_labor_19h,2451.38,0,1423.65,3875.03,0
Oriental,2034_Q4_labor_20h,2428.99,0,1439.69,3868.68,0
Oriental,2034_Q4_labor_21h,2256.45,0,1530.08,3786.53,0
Oriental,2034_Q4_labor_22h,1938.62,0,1690.44,3629.06,0
Oriental,2034_Q4_labor_23h,1566.05,0,1848,3414.05,0
Oriental,2034_Q4_holidays_0h,1130.99,0,1853.49,2984.48,0
Oriental,2034_Q4_holidays_1h,1042.15,0,1880.02,2922.17,0
Oriental,2034_Q4_holidays_2h,904.495,0,1913.68,2818.18,0
Oriental,2034_Q4_holidays_3h,808.457,0,1922.53,2730.99,0
Oriental,2034_Q4_holidays_4h,743.897,0,1910.79,2654.69,0
Oriental,2034_Q4_holidays_5h,722.033,0,1900.12,2622.15,0
Oriental,2034_Q4_holidays_6h,701.407,0,1880.79,2582.19,0
Oriental,2034_Q4_holidays_7h,678.117,0,1849.74,2527.86,0
Oriental,2034_Q4_holidays_8h,741.936,0,1888.89,2630.82,0
Oriental,2034_Q4_holidays_9h,826.97,0,1941.25,2768.22,0
Oriental,2034_Q4_holidays_10h,904.944,0,1988.56,2893.5,0
Oriental,2034_Q4_holidays_11h,980.358,0,2025.87,3006.23,0
Oriental,2034_Q4_holidays_12h,1055.19,0,2043.21,3098.41,0
Oriental,2034_Q4_holidays_13h,1109.94,0,2032.8,3142.74,0
Oriental,2034_Q4_holidays_14h,1142.59,0,2000.02,3142.61,0
Oriental,2034_Q4_holidays_15h,1151.1,0,1955.94,3107.03,0
Oriental,2034_Q4_holidays_16h,1188.78,0,1896.37,3085.15,0
Oriental,2034_Q4_holidays_17h,1222.1,0,1841.4,3063.5,0
Oriental,2034_Q4_holidays_18h,1334.93,0,1786.07,3121,0
Oriental,2034_Q4_holidays_19h,1728.26,0,1654.45,3382.71,0
Oriental,2034_Q4_holidays_20h,1799.5,0,1632.43,3431.93,0
Oriental,2034_Q4_holidays_21h,1739.98,0,1650.19,3390.18,0
Oriental,2034_Q4_holidays_22h,1601.09,0,1695.53,3296.62,0
Oriental,2034_Q4_holidays_23h,1381.42,0,1770.07,3151.5,0
Oriental,2035_Q1_labor_0h,1413.89,0,1619.38,3033.28,0
Oriental,2035_Q1_labor_1h,1196.92,0,1654.71,2851.64,0
Oriental,2035_Q1_labor_2h,1081.64,0,1672.92,2754.57,0
Oriental,2035_Q1_labor_3h,1001.22,0,1684.98,2686.2,0
Oriental,2035_Q1_labor_4h,958.497,0,1691.05,2649.55,0
Oriental,2035_Q1_labor_5h,998.697,0,1685.41,2684.1,0
Oriental,2035_Q1_labor_6h,1114.07,0,1670.48,2784.55,0
Oriental,2035_Q1_labor_7h,1170.44,0,1663.22,2833.66,0
Oriental,2035_Q1_labor_8h,1360.73,0,1633.87,2994.6,0
Oriental,2035_Q1_labor_9h,1573.05,0,1602.46,3175.51,0
Oriental,2035_Q1_labor_10h,1714.58,0,1578.83,3293.41,0
Oriental,2035_Q1_labor_11h,1847.24,0,1562.97,3410.21,0
Oriental,2035_Q1_labor_12h,1954.46,0,1551.72,3506.18,0
Oriental,2035_Q1_labor_13h,1947.26,0,1552.04,3499.3,0
Oriental,2035_Q1_labor_14h,1970.36,0,1542.77,3513.13,0
Oriental,2035_Q1_labor_15h,2030.61,0,1521.07,3551.68,0
Oriental,2035_Q1_labor_16h,2038.78,0,1505.19,3543.97,0
Oriental,2035_Q1_labor_17h,1982.29,0,1505.46,3487.75,0
Oriental,2035_Q1_labor_18h,1899.39,0,1522.08,3421.47,0
Oriental,2035_Q1_labor_19h,2139.37,0,1467.25,3606.62,0
Oriental,2035_Q1_labor_20h,2199.89,0,1456.8,3656.69,0
Oriental,2035_Q1_labor_21h,2098.74,0,1475.82,3574.57,0
Oriental,2035_Q1_labor_22h,1908.66,0,1520.14,3428.8,0
Oriental,2035_Q1_labor_23h,1649.73,0,1577.43,3227.16,0
Oriental,2035_Q1_holidays_0h,1113.75,0,1812.23,2925.97,0
Oriental,2035_Q1_holidays_1h,1113.36,0,1812.42,2925.78,0
Oriental,2035_Q1_holidays_2h,990.877,0,1835.74,2826.62,0
Oriental,2035_Q1_holidays_3h,894.185,0,1848.84,2743.02,0
Oriental,2035_Q1_holidays_4h,851.573,0,1852.57,2704.15,0
Oriental,2035_Q1_holidays_5h,861.014,0,1851.91,2712.92,0
Oriental,2035_Q1_holidays_6h,912.691,0,1844.44,2757.13,0
Oriental,2035_Q1_holidays_7h,960.371,0,1818.15,2778.52,0
Oriental,2035_Q1_holidays_8h,1160.8,0,1775.8,2936.6,0
Oriental,2035_Q1_holidays_9h,1392.26,0,1742.68,3134.94,0
Oriental,2035_Q1_holidays_10h,1555.4,0,1714.93,3270.33,0
Oriental,2035_Q1_holidays_11h,1672.03,0,1707.57,3379.6,0
Oriental,2035_Q1_holidays_12h,1737.69,0,1715.44,3453.13,0
Oriental,2035_Q1_holidays_13h,1711.93,0,1728.54,3440.47,0
Oriental,2035_Q1_holidays_14h,1660.2,0,1739.64,3399.85,0
Oriental,2035_Q1_holidays_15h,1618.25,0,1733.73,3351.98,0
Oriental,2035_Q1_holidays_16h,1621.03,0,1702.92,3323.95,0
Oriental,2035_Q1_holidays_17h,1591.86,0,1682.49,3274.35,0
Oriental,2035_Q1_holidays_18h,1606.1,0,1667.18,3273.28,0
Oriental,2035_Q1_holidays_19h,1957.89,0,1543.35,3501.24,0
Oriental,2035_Q1_holidays_20h,2003.38,0,1528.43,3531.81,0
Oriental,2035_Q1_holidays_21h,1840.13,0,1586.38,3426.51,0
Oriental,2035_Q1_holidays_22h,1590.18,0,1673.67,3263.85,0
Oriental,2035_Q1_holidays_23h,1327.69,0,1757.67,3085.37,0
Oriental,2035_Q2_labor_0h,1277.39,0,1753.3,3030.69,0
Oriental,2035_Q2_labor_1h,1069.34,0,1788.25,2857.59,0
Oriental,2035_Q2_labor_2h,962.579,0,1797.88,2760.46,0
Oriental,2035_Q2_labor_3h,889.525,0,1800.55,2690.07,0
Oriental,2035_Q2_labor_4h,855.169,0,1800.55,2655.72,0
Oriental,2035_Q2_labor_5h,905.349,0,1799.99,2705.34,0
Oriental,2035_Q2_labor_6h,1042.82,0,1787.23,2830.05,0
Oriental,2035_Q2_labor_7h,1102.26,0,1766.35,2868.61,0
Oriental,2035_Q2_labor_8h,1290.31,0,1735.85,3026.16,0
Oriental,2035_Q2_labor_9h,1484.7,0,1710.41,3195.11,0
Oriental,2035_Q2_labor_10h,1616.8,0,1690.72,3307.52,0
Oriental,2035_Q2_labor_11h,1744.98,0,1683.22,3428.2,0
Oriental,2035_Q2_labor_12h,1840.9,0,1681.17,3522.07,0
Oriental,2035_Q2_labor_13h,1816.45,0,1686.31,3502.76,0
Oriental,2035_Q2_labor_14h,1853.08,0,1674.85,3527.93,0
Oriental,2035_Q2_labor_15h,1939.55,0,1630.46,3570.01,0
Oriental,2035_Q2_labor_16h,1984.8,0,1582.01,3566.81,0
Oriental,2035_Q2_labor_17h,1938.31,0,1573.39,3511.7,0
Oriental,2035_Q2_labor_18h,1810.24,0,1613.99,3424.23,0
Oriental,2035_Q2_labor_19h,2083.42,0,1518.44,3601.87,0
Oriental,2035_Q2_labor_20h,2224.2,0,1460.91,3685.11,0
Oriental,2035_Q2_labor_21h,2107.75,0,1500.38,3608.13,0
Oriental,2035_Q2_labor_22h,1864.53,0,1586.02,3450.55,0
Oriental,2035_Q2_labor_23h,1544.73,0,1686.87,3231.6,0
Oriental,2035_Q2_holidays_0h,1097.05,0,1892.57,2989.62,0
Oriental,2035_Q2_holidays_1h,1023.09,0,1913.94,2937.03,0
Oriental,2035_Q2_holidays_2h,880.423,0,1951.29,2831.72,0
Oriental,2035_Q2_holidays_3h,790.812,0,1966.97,2757.78,0
Oriental,2035_Q2_holidays_4h,746.968,0,1970.68,2717.65,0
Oriental,2035_Q2_holidays_5h,760.578,0,1968.94,2729.52,0
Oriental,2035_Q2_holidays_6h,796.91,0,1958.92,2755.83,0
Oriental,2035_Q2_holidays_7h,903.291,0,1915.34,2818.63,0
Oriental,2035_Q2_holidays_8h,1126.83,0,1891.33,3018.15,0
Oriental,2035_Q2_holidays_9h,1344.33,0,1873.36,3217.69,0
Oriental,2035_Q2_holidays_10h,1493.3,0,1856.04,3349.34,0
Oriental,2035_Q2_holidays_11h,1605.65,0,1856.63,3462.28,0
Oriental,2035_Q2_holidays_12h,1680.11,0,1857.28,3537.39,0
Oriental,2035_Q2_holidays_13h,1664.99,0,1857.23,3522.22,0
Oriental,2035_Q2_holidays_14h,1631.84,0,1847.43,3479.27,0
Oriental,2035_Q2_holidays_15h,1616.86,0,1818.77,3435.63,0
Oriental,2035_Q2_holidays_16h,1638.43,0,1775.56,3413.98,0
Oriental,2035_Q2_holidays_17h,1621.08,0,1747.81,3368.89,0
Oriental,2035_Q2_holidays_18h,1602.55,0,1740.51,3343.06,0
Oriental,2035_Q2_holidays_19h,1888.61,0,1666.27,3554.88,0
Oriental,2035_Q2_holidays_20h,1959.43,0,1651.17,3610.6,0
Oriental,2035_Q2_holidays_21h,1839.49,0,1677.66,3517.15,0
Oriental,2035_Q2_holidays_22h,1612.07,0,1737.73,3349.8,0
Oriental,2035_Q2_holidays_23h,1337.6,0,1819.7,3157.3,0
Oriental,2035_Q3_labor_0h,1524.22,0,1620.13,3144.36,0
Oriental,2035_Q3_labor_1h,1363.95,0,1595.31,2959.26,0
Oriental,2035_Q3_labor_2h,1284.62,0,1571.24,2855.86,0
Oriental,2035_Q3_labor_3h,1219.68,0,1561.41,2781.08,0
Oriental,2035_Q3_labor_4h,1182.17,0,1560.94,2743.11,0
Oriental,2035_Q3_labor_5h,1217.14,0,1563.47,2780.6,0
Oriental,2035_Q3_labor_6h,1322.77,0,1550.35,2873.12,0
Oriental,2035_Q3_labor_7h,1401.41,0,1517.81,2919.21,0
Oriental,2035_Q3_labor_8h,1609.03,0,1483.64,3092.68,0
Oriental,2035_Q3_labor_9h,1818.34,0,1450.13,3268.47,0
Oriental,2035_Q3_labor_10h,1959.01,0,1427.06,3386.07,0
Oriental,2035_Q3_labor_11h,2103.59,0,1408.44,3512.03,0
Oriental,2035_Q3_labor_12h,2192.58,0,1416.27,3608.85,0
Oriental,2035_Q3_labor_13h,2157.83,0,1442.15,3599.98,0
Oriental,2035_Q3_labor_14h,2133.4,0,1494.28,3627.69,0
Oriental,2035_Q3_labor_15h,2183.49,0,1484.9,3668.39,0
Oriental,2035_Q3_labor_16h,2234.68,0,1423.91,3658.59,0
Oriental,2035_Q3_labor_17h,2184.89,0,1420.99,3605.88,0
Oriental,2035_Q3_labor_18h,2022.62,0,1487.27,3509.89,0
Oriental,2035_Q3_labor_19h,2243.73,0,1415.51,3659.24,0
Oriental,2035_Q3_labor_20h,2398.42,0,1379.25,3777.67,0
Oriental,2035_Q3_labor_21h,2321.88,0,1393.81,3715.69,0
Oriental,2035_Q3_labor_22h,2109.43,0,1456.42,3565.85,0
Oriental,2035_Q3_labor_23h,1784.5,0,1566.56,3351.06,0
Oriental,2035_Q3_holidays_0h,1376.63,0,1695.55,3072.18,0
Oriental,2035_Q3_holidays_1h,1358.33,0,1696.7,3055.04,0
Oriental,2035_Q3_holidays_2h,1227.26,0,1718.17,2945.43,0
Oriental,2035_Q3_holidays_3h,1116.37,0,1747.63,2864,0
Oriental,2035_Q3_holidays_4h,1049.48,0,1766.89,2816.36,0
Oriental,2035_Q3_holidays_5h,1057.4,0,1764.54,2821.94,0
Oriental,2035_Q3_holidays_6h,1071.33,0,1770.54,2841.87,0
Oriental,2035_Q3_holidays_7h,1114.41,0,1789.11,2903.52,0
Oriental,2035_Q3_holidays_8h,1344.07,0,1758.78,3102.86,0
Oriental,2035_Q3_holidays_9h,1577.02,0,1725.2,3302.22,0
Oriental,2035_Q3_holidays_10h,1725.37,0,1706.93,3432.31,0
Oriental,2035_Q3_holidays_11h,1868.82,0,1676.77,3545.59,0
Oriental,2035_Q3_holidays_12h,1981.09,0,1640.06,3621.15,0
Oriental,2035_Q3_holidays_13h,1965.56,0,1630.81,3596.38,0
Oriental,2035_Q3_holidays_14h,1925.55,0,1624,3549.56,0
Oriental,2035_Q3_holidays_15h,1882.19,0,1633.02,3515.21,0
Oriental,2035_Q3_holidays_16h,1858.88,0,1627.05,3485.93,0
Oriental,2035_Q3_holidays_17h,1845.28,0,1597.15,3442.44,0
Oriental,2035_Q3_holidays_18h,1807.89,0,1593.69,3401.58,0
Oriental,2035_Q3_holidays_19h,2068.19,0,1509.44,3577.63,0
Oriental,2035_Q3_holidays_20h,2184.08,0,1472.59,3656.67,0
Oriental,2035_Q3_holidays_21h,2046.33,0,1516.82,3563.15,0
Oriental,2035_Q3_holidays_22h,1832.67,0,1585.83,3418.5,0
Oriental,2035_Q3_holidays_23h,1579.72,0,1662.46,3242.18,0
Oriental,2035_Q4_labor_0h,1573.05,0,1718.38,3291.43,0
Oriental,2035_Q4_labor_1h,1320.86,0,1768.06,3088.92,0
Oriental,2035_Q4_labor_2h,1196.24,0,1787.36,2983.6,0
Oriental,2035_Q4_labor_3h,1111.93,0,1796.63,2908.55,0
Oriental,2035_Q4_labor_4h,1067.89,0,1799.56,2867.45,0
Oriental,2035_Q4_labor_5h,1112.65,0,1796.73,2909.38,0
Oriental,2035_Q4_labor_6h,1222.63,0,1783.92,3006.54,0
Oriental,2035_Q4_labor_7h,1287.16,0,1771.65,3058.82,0
Oriental,2035_Q4_labor_8h,1488.46,0,1749.36,3237.82,0
Oriental,2035_Q4_labor_9h,1685.78,0,1730.57,3416.36,0
Oriental,2035_Q4_labor_10h,1821.1,0,1715.98,3537.07,0
Oriental,2035_Q4_labor_11h,1954.06,0,1711.79,3665.86,0
Oriental,2035_Q4_labor_12h,2057.85,0,1707.73,3765.58,0
Oriental,2035_Q4_labor_13h,2059.35,0,1700.89,3760.24,0
Oriental,2035_Q4_labor_14h,2146.7,0,1642.6,3789.3,0
Oriental,2035_Q4_labor_15h,2365.16,0,1467.09,3832.25,0
Oriental,2035_Q4_labor_16h,2450.22,0,1376.08,3826.3,0
Oriental,2035_Q4_labor_17h,2313.51,0,1464.02,3777.54,0
Oriental,2035_Q4_labor_18h,2248.32,0,1493.47,3741.8,0
Oriental,2035_Q4_labor_19h,2550.07,0,1386.89,3936.96,0
Oriental,2035_Q4_labor_20h,2558,0,1386.07,3944.07,0
Oriental,2035_Q4_labor_21h,2452.22,0,1419.41,3871.64,0
Oriental,2035_Q4_labor_22h,2202.99,0,1515.01,3718,0
Oriental,2035_Q4_labor_23h,1839.03,0,1661.64,3500.67,0
Oriental,2035_Q4_holidays_0h,1056.3,0,2114.3,3170.6,0
Oriental,2035_Q4_holidays_1h,1083.46,0,2109.72,3193.18,0
Oriental,2035_Q4_holidays_2h,953.221,0,2125.01,3078.23,0
Oriental,2035_Q4_holidays_3h,871.611,0,2124.13,2995.74,0
Oriental,2035_Q4_holidays_4h,828.246,0,2118.56,2946.81,0
Oriental,2035_Q4_holidays_5h,827.496,0,2118.03,2945.53,0
Oriental,2035_Q4_holidays_6h,858.081,0,2103.27,2961.36,0
Oriental,2035_Q4_holidays_7h,971.367,0,2043.43,3014.8,0
Oriental,2035_Q4_holidays_8h,1191.81,0,2015.36,3207.17,0
Oriental,2035_Q4_holidays_9h,1406.84,0,2002.4,3409.25,0
Oriental,2035_Q4_holidays_10h,1562.33,0,1988.74,3551.07,0
Oriental,2035_Q4_holidays_11h,1665.54,0,2004.43,3669.97,0
Oriental,2035_Q4_holidays_12h,1699.16,0,2036.04,3735.21,0
Oriental,2035_Q4_holidays_13h,1655.2,0,2061.83,3717.03,0
Oriental,2035_Q4_holidays_14h,1598.98,0,2077.76,3676.74,0
Oriental,2035_Q4_holidays_15h,1573.62,0,2064.15,3637.77,0
Oriental,2035_Q4_holidays_16h,1574.15,0,2027.48,3601.63,0
Oriental,2035_Q4_holidays_17h,1571.92,0,1990.62,3562.54,0
Oriental,2035_Q4_holidays_18h,1631.41,0,1955.25,3586.66,0
Oriental,2035_Q4_holidays_19h,1971.62,0,1838.47,3810.09,0
Oriental,2035_Q4_holidays_20h,1924.18,0,1854.72,3778.91,0
Oriental,2035_Q4_holidays_21h,1748.07,0,1914.78,3662.85,0
Oriental,2035_Q4_holidays_22h,1524.9,0,1990.21,3515.11,0
Oriental,2035_Q4_holidays_23h,1274.79,0,2066.05,3340.84,0
Surocciden,2023_Q1_labor_0h,1549.5,0,265.071,1814.57,0
Surocciden,2023_Q1_labor_1h,1488.51,0,224.476,1712.99,0
Surocciden,2023_Q1_labor_2h,1452.62,0,201.846,1654.46,0
Surocciden,2023_Q1_labor_3h,1426.29,0,186.691,1612.98,0
Surocciden,2023_Q1_labor_4h,1413.36,0,179.693,1593.05,0
Surocciden,2023_Q1_labor_5h,1429.07,0,188.534,1617.61,0
Surocciden,2023_Q1_labor_6h,1475.06,0,209.114,1684.17,0
Surocciden,2023_Q1_labor_7h,1511.02,0,212.389,1723.41,0
Surocciden,2023_Q1_labor_8h,1587.83,0,239.615,1827.44,0
Surocciden,2023_Q1_labor_9h,1669.19,0,271.546,1940.74,0
Surocciden,2023_Q1_labor_10h,1721.39,0,289.911,2011.3,0
Surocciden,2023_Q1_labor_11h,1767.98,0,313.12,2081.1,0
Surocciden,2023_Q1_labor_12h,1799.76,0,336.833,2136.59,0
Surocciden,2023_Q1_labor_13h,1788.13,0,339.154,2127.28,0
Surocciden,2023_Q1_labor_14h,1779.71,0,352.22,2131.93,0
Surocciden,2023_Q1_labor_15h,1776.85,0,376.221,2153.07,0
Surocciden,2023_Q1_labor_16h,1758.51,0,389.751,2148.26,0
Surocciden,2023_Q1_labor_17h,1724.87,0,387.239,2112.11,0
Surocciden,2023_Q1_labor_18h,1697.02,0,374.108,2071.13,0
Surocciden,2023_Q1_labor_19h,1757.34,0,421.79,2179.13,0
Surocciden,2023_Q1_labor_20h,1771.21,0,431.772,2202.98,0
Surocciden,2023_Q1_labor_21h,1740.51,0,407.015,2147.52,0
Surocciden,2023_Q1_labor_22h,1688.31,0,365.793,2054.1,0
Surocciden,2023_Q1_labor_23h,1617.04,0,313.172,1930.21,0
Surocciden,2023_Q1_holidays_0h,1386.93,0,316.151,1703.08,0
Surocciden,2023_Q1_holidays_1h,1371.69,0,292.363,1664.05,0
Surocciden,2023_Q1_holidays_2h,1348.78,0,259.939,1608.72,0
Surocciden,2023_Q1_holidays_3h,1329.3,0,233.936,1563.23,0
Surocciden,2023_Q1_holidays_4h,1312.19,0,216.614,1528.81,0
Surocciden,2023_Q1_holidays_5h,1303.01,0,207.249,1510.26,0
Surocciden,2023_Q1_holidays_6h,1300.83,0,194.711,1495.54,0
Surocciden,2023_Q1_holidays_7h,1289.8,0,159.693,1449.5,0
Surocciden,2023_Q1_holidays_8h,1332.62,0,164.375,1496.99,0
Surocciden,2023_Q1_holidays_9h,1393.92,0,189.022,1582.94,0
Surocciden,2023_Q1_holidays_10h,1444.53,0,217.687,1662.22,0
Surocciden,2023_Q1_holidays_11h,1480.69,0,245.409,1726.1,0
Surocciden,2023_Q1_holidays_12h,1503.14,0,276.817,1779.96,0
Surocciden,2023_Q1_holidays_13h,1503.81,0,299.386,1803.2,0
Surocciden,2023_Q1_holidays_14h,1488.01,0,311.766,1799.78,0
Surocciden,2023_Q1_holidays_15h,1461.67,0,320.038,1781.71,0
Surocciden,2023_Q1_holidays_16h,1435.61,0,330.475,1766.09,0
Surocciden,2023_Q1_holidays_17h,1412.37,0,339.706,1752.08,0
Surocciden,2023_Q1_holidays_18h,1407.29,0,354.451,1761.74,0
Surocciden,2023_Q1_holidays_19h,1463.08,0,449.55,1912.63,0
Surocciden,2023_Q1_holidays_20h,1483.03,0,480.654,1963.68,0
Surocciden,2023_Q1_holidays_21h,1475.71,0,463.533,1939.24,0
Surocciden,2023_Q1_holidays_22h,1453.85,0,427.149,1880.99,0
Surocciden,2023_Q1_holidays_23h,1424.07,0,372.936,1797,0
Surocciden,2023_Q2_labor_0h,1431.82,0,369.223,1801.05,0
Surocciden,2023_Q2_labor_1h,1357.79,0,337.6,1695.39,0
Surocciden,2023_Q2_labor_2h,1313.66,0,325.003,1638.67,0
Surocciden,2023_Q2_labor_3h,1281.15,0,317.096,1598.25,0
Surocciden,2023_Q2_labor_4h,1265.81,0,314.159,1579.97,0
Surocciden,2023_Q2_labor_5h,1291.88,0,321.361,1613.24,0
Surocciden,2023_Q2_labor_6h,1357.8,0,335.278,1693.08,0
Surocciden,2023_Q2_labor_7h,1391.15,0,336.003,1727.15,0
Surocciden,2023_Q2_labor_8h,1478,0,351.17,1829.17,0
Surocciden,2023_Q2_labor_9h,1558.68,0,376.171,1934.85,0
Surocciden,2023_Q2_labor_10h,1610.1,0,391.493,2001.59,0
Surocciden,2023_Q2_labor_11h,1659.88,0,413.759,2073.64,0
Surocciden,2023_Q2_labor_12h,1693.48,0,434.515,2127.99,0
Surocciden,2023_Q2_labor_13h,1677.58,0,433.887,2111.46,0
Surocciden,2023_Q2_labor_14h,1674.27,0,448.062,2122.34,0
Surocciden,2023_Q2_labor_15h,1676.47,0,470.374,2146.85,0
Surocciden,2023_Q2_labor_16h,1662.02,0,483.871,2145.89,0
Surocciden,2023_Q2_labor_17h,1629.39,0,482.065,2111.45,0
Surocciden,2023_Q2_labor_18h,1592.02,0,464.752,2056.77,0
Surocciden,2023_Q2_labor_19h,1653.35,0,505.008,2158.36,0
Surocciden,2023_Q2_labor_20h,1679.37,0,522.881,2202.25,0
Surocciden,2023_Q2_labor_21h,1649.13,0,502.64,2151.77,0
Surocciden,2023_Q2_labor_22h,1589.58,0,463.288,2052.87,0
Surocciden,2023_Q2_labor_23h,1506.97,0,412.778,1919.75,0
Surocciden,2023_Q2_holidays_0h,1234.82,0,451.92,1686.74,0
Surocciden,2023_Q2_holidays_1h,1231.8,0,445.252,1677.05,0
Surocciden,2023_Q2_holidays_2h,1213.7,0,397.662,1611.36,0
Surocciden,2023_Q2_holidays_3h,1197.41,0,363.536,1560.95,0
Surocciden,2023_Q2_holidays_4h,1185.83,0,339.336,1525.17,0
Surocciden,2023_Q2_holidays_5h,1178.25,0,329.622,1507.87,0
Surocciden,2023_Q2_holidays_6h,1179.29,0,306.153,1485.44,0
Surocciden,2023_Q2_holidays_7h,1185.08,0,268.658,1453.73,0
Surocciden,2023_Q2_holidays_8h,1230.62,0,285.821,1516.44,0
Surocciden,2023_Q2_holidays_9h,1278.69,0,319.111,1597.8,0
Surocciden,2023_Q2_holidays_10h,1318.77,0,354.185,1672.96,0
Surocciden,2023_Q2_holidays_11h,1345.23,0,389.297,1734.53,0
Surocciden,2023_Q2_holidays_12h,1360.15,0,424.986,1785.14,0
Surocciden,2023_Q2_holidays_13h,1357.96,0,449.393,1807.35,0
Surocciden,2023_Q2_holidays_14h,1341.23,0,464.977,1806.21,0
Surocciden,2023_Q2_holidays_15h,1312.15,0,470.246,1782.4,0
Surocciden,2023_Q2_holidays_16h,1286.32,0,477.664,1763.98,0
Surocciden,2023_Q2_holidays_17h,1263.12,0,485.933,1749.05,0
Surocciden,2023_Q2_holidays_18h,1256.68,0,495.744,1752.43,0
Surocciden,2023_Q2_holidays_19h,1301.25,0,595.77,1897.02,0
Surocciden,2023_Q2_holidays_20h,1323.31,0,638.387,1961.7,0
Surocciden,2023_Q2_holidays_21h,1314.67,0,622.595,1937.27,0
Surocciden,2023_Q2_holidays_22h,1294.42,0,580.095,1874.52,0
Surocciden,2023_Q2_holidays_23h,1265.52,0,519.229,1784.75,0
Surocciden,2023_Q3_labor_0h,1256.3,0,610.658,1866.96,0
Surocciden,2023_Q3_labor_1h,1198.14,0,561.185,1759.33,0
Surocciden,2023_Q3_labor_2h,1162.13,0,535.895,1698.03,0
Surocciden,2023_Q3_labor_3h,1137.28,0,517.037,1654.32,0
Surocciden,2023_Q3_labor_4h,1125.76,0,507.8,1633.56,0
Surocciden,2023_Q3_labor_5h,1139.65,0,520.028,1659.68,0
Surocciden,2023_Q3_labor_6h,1179.11,0,541.24,1720.35,0
Surocciden,2023_Q3_labor_7h,1215.2,0,544.268,1759.46,0
Surocciden,2023_Q3_labor_8h,1295.51,0,575.218,1870.73,0
Surocciden,2023_Q3_labor_9h,1371.87,0,608.756,1980.62,0
Surocciden,2023_Q3_labor_10h,1422.34,0,628.973,2051.31,0
Surocciden,2023_Q3_labor_11h,1470.63,0,656.696,2127.33,0
Surocciden,2023_Q3_labor_12h,1501.89,0,682.113,2184,0
Surocciden,2023_Q3_labor_13h,1488.42,0,683.384,2171.8,0
Surocciden,2023_Q3_labor_14h,1483.54,0,699.768,2183.31,0
Surocciden,2023_Q3_labor_15h,1482.51,0,725.171,2207.68,0
Surocciden,2023_Q3_labor_16h,1464.21,0,738.119,2202.33,0
Surocciden,2023_Q3_labor_17h,1431.69,0,737.771,2169.46,0
Surocciden,2023_Q3_labor_18h,1391.35,0,717.185,2108.54,0
Surocciden,2023_Q3_labor_19h,1438.95,0,753.347,2192.3,0
Surocciden,2023_Q3_labor_20h,1475.06,0,780.699,2255.76,0
Surocciden,2023_Q3_labor_21h,1451.06,0,762.222,2213.28,0
Surocciden,2023_Q3_labor_22h,1397.99,0,721.417,2119.41,0
Surocciden,2023_Q3_labor_23h,1324.8,0,664.96,1989.76,0
Surocciden,2023_Q3_holidays_0h,1182.79,0,559.717,1742.5,0
Surocciden,2023_Q3_holidays_1h,1177.43,0,545.289,1722.72,0
Surocciden,2023_Q3_holidays_2h,1163.98,0,495.826,1659.8,0
Surocciden,2023_Q3_holidays_3h,1153.99,0,455.24,1609.23,0
Surocciden,2023_Q3_holidays_4h,1146,0,425.117,1571.11,0
Surocciden,2023_Q3_holidays_5h,1142.18,0,407.923,1550.1,0
Surocciden,2023_Q3_holidays_6h,1144.27,0,380.672,1524.94,0
Surocciden,2023_Q3_holidays_7h,1160.21,0,328.685,1488.89,0
Surocciden,2023_Q3_holidays_8h,1200.19,0,352.2,1552.39,0
Surocciden,2023_Q3_holidays_9h,1241.63,0,390.951,1632.58,0
Surocciden,2023_Q3_holidays_10h,1274.75,0,426.699,1701.45,0
Surocciden,2023_Q3_holidays_11h,1296.07,0,461.922,1758,0
Surocciden,2023_Q3_holidays_12h,1304.14,0,501.218,1805.35,0
Surocciden,2023_Q3_holidays_13h,1300.44,0,532.664,1833.1,0
Surocciden,2023_Q3_holidays_14h,1283.12,0,551.75,1834.87,0
Surocciden,2023_Q3_holidays_15h,1254.98,0,557.47,1812.45,0
Surocciden,2023_Q3_holidays_16h,1225.28,0,567.292,1792.57,0
Surocciden,2023_Q3_holidays_17h,1199.58,0,578.027,1777.6,0
Surocciden,2023_Q3_holidays_18h,1189.83,0,589.721,1779.55,0
Surocciden,2023_Q3_holidays_19h,1219.65,0,690.308,1909.96,0
Surocciden,2023_Q3_holidays_20h,1238.38,0,757.234,1995.61,0
Surocciden,2023_Q3_holidays_21h,1234.7,0,741.597,1976.3,0
Surocciden,2023_Q3_holidays_22h,1222.71,0,701.407,1924.11,0
Surocciden,2023_Q3_holidays_23h,1202.97,0,634.764,1837.74,0
Surocciden,2023_Q4_labor_0h,1272.34,0,679.333,1951.67,0
Surocciden,2023_Q4_labor_1h,1211.23,0,629.48,1840.71,0
Surocciden,2023_Q4_labor_2h,1175.2,0,602.594,1777.8,0
Surocciden,2023_Q4_labor_3h,1149.35,0,584.877,1734.23,0
Surocciden,2023_Q4_labor_4h,1136.05,0,576.843,1712.89,0
Surocciden,2023_Q4_labor_5h,1153.41,0,587.392,1740.8,0
Surocciden,2023_Q4_labor_6h,1194.54,0,609.202,1803.74,0
Surocciden,2023_Q4_labor_7h,1231.66,0,613.681,1845.34,0
Surocciden,2023_Q4_labor_8h,1311.75,0,647.71,1959.46,0
Surocciden,2023_Q4_labor_9h,1388.89,0,681.871,2070.76,0
Surocciden,2023_Q4_labor_10h,1440.47,0,702.783,2143.25,0
Surocciden,2023_Q4_labor_11h,1489.37,0,730.15,2219.52,0
Surocciden,2023_Q4_labor_12h,1518.85,0,756.59,2275.44,0
Surocciden,2023_Q4_labor_13h,1506.78,0,759.237,2266.01,0
Surocciden,2023_Q4_labor_14h,1501.95,0,777.254,2279.21,0
Surocciden,2023_Q4_labor_15h,1500.37,0,803.958,2304.32,0
Surocciden,2023_Q4_labor_16h,1482.56,0,816.918,2299.48,0
Surocciden,2023_Q4_labor_17h,1452.4,0,816.646,2269.05,0
Surocciden,2023_Q4_labor_18h,1433.65,0,810.857,2244.51,0
Surocciden,2023_Q4_labor_19h,1497.6,0,857.53,2355.13,0
Surocciden,2023_Q4_labor_20h,1495.39,0,855.888,2351.27,0
Surocciden,2023_Q4_labor_21h,1466.27,0,835.082,2301.35,0
Surocciden,2023_Q4_labor_22h,1412.47,0,793.165,2205.64,0
Surocciden,2023_Q4_labor_23h,1341.2,0,733.766,2074.96,0
Surocciden,2023_Q4_holidays_0h,1103.65,0,710.232,1813.88,0
Surocciden,2023_Q4_holidays_1h,1085.67,0,690.346,1776.01,0
Surocciden,2023_Q4_holidays_2h,1050.39,0,662.422,1712.81,0
Surocciden,2023_Q4_holidays_3h,1015.26,0,644.559,1659.82,0
Surocciden,2023_Q4_holidays_4h,983.346,0,630.1,1613.45,0
Surocciden,2023_Q4_holidays_5h,968.63,0,625.039,1593.67,0
Surocciden,2023_Q4_holidays_6h,955.797,0,613.587,1569.38,0
Surocciden,2023_Q4_holidays_7h,943.798,0,592.565,1536.36,0
Surocciden,2023_Q4_holidays_8h,999.739,0,599.2,1598.94,0
Surocciden,2023_Q4_holidays_9h,1069.76,0,612.688,1682.45,0
Surocciden,2023_Q4_holidays_10h,1133.46,0,625.126,1758.59,0
Surocciden,2023_Q4_holidays_11h,1184.02,0,643.079,1827.1,0
Surocciden,2023_Q4_holidays_12h,1217.32,0,665.81,1883.13,0
Surocciden,2023_Q4_holidays_13h,1222.03,0,688.035,1910.07,0
Surocciden,2023_Q4_holidays_14h,1206.68,0,703.308,1909.99,0
Surocciden,2023_Q4_holidays_15h,1179.24,0,709.125,1888.37,0
Surocciden,2023_Q4_holidays_16h,1153.78,0,721.282,1875.07,0
Surocciden,2023_Q4_holidays_17h,1131.2,0,730.705,1861.91,0
Surocciden,2023_Q4_holidays_18h,1138.52,0,758.337,1896.85,0
Surocciden,2023_Q4_holidays_19h,1198.17,0,857.747,2055.92,0
Surocciden,2023_Q4_holidays_20h,1209.02,0,876.81,2085.83,0
Surocciden,2023_Q4_holidays_21h,1198.88,0,861.573,2060.45,0
Surocciden,2023_Q4_holidays_22h,1178.87,0,824.721,2003.59,0
Surocciden,2023_Q4_holidays_23h,1145.81,0,769.574,1915.39,0
Surocciden,2024_Q1_labor_0h,1593.73,0,278.835,1872.56,0
Surocciden,2024_Q1_labor_1h,1513.63,0,245.343,1758.98,0
Surocciden,2024_Q1_labor_2h,1470.71,0,229.041,1699.75,0
Surocciden,2024_Q1_labor_3h,1438.72,0,219.456,1658.18,0
Surocciden,2024_Q1_labor_4h,1420.19,0,214.411,1634.61,0
Surocciden,2024_Q1_labor_5h,1438.7,0,219.098,1657.79,0
Surocciden,2024_Q1_labor_6h,1493.36,0,236.884,1730.25,0
Surocciden,2024_Q1_labor_7h,1512.04,0,246.23,1758.27,0
Surocciden,2024_Q1_labor_8h,1567.7,0,279.491,1847.19,0
Surocciden,2024_Q1_labor_9h,1645.48,0,311.711,1957.19,0
Surocciden,2024_Q1_labor_10h,1694.41,0,333.274,2027.69,0
Surocciden,2024_Q1_labor_11h,1751.64,0,347.851,2099.49,0
Surocciden,2024_Q1_labor_12h,1801.25,0,357.35,2158.6,0
Surocciden,2024_Q1_labor_13h,1804.5,0,349.764,2154.26,0
Surocciden,2024_Q1_labor_14h,1817.61,0,349.638,2167.25,0
Surocciden,2024_Q1_labor_15h,1831.34,0,362.922,2194.26,0
Surocciden,2024_Q1_labor_16h,1813.31,0,377.572,2190.89,0
Surocciden,2024_Q1_labor_17h,1772.48,0,385.214,2157.69,0
Surocciden,2024_Q1_labor_18h,1735.1,0,370.787,2105.89,0
Surocciden,2024_Q1_labor_19h,1794.59,0,417.627,2212.22,0
Surocciden,2024_Q1_labor_20h,1822.42,0,439.787,2262.21,0
Surocciden,2024_Q1_labor_21h,1795.55,0,417.385,2212.94,0
Surocciden,2024_Q1_labor_22h,1745.98,0,377.609,2123.59,0
Surocciden,2024_Q1_labor_23h,1671.53,0,324.45,1995.98,0
Surocciden,2024_Q1_holidays_0h,1353.76,0,479.281,1833.04,0
Surocciden,2024_Q1_holidays_1h,1346.17,0,470.277,1816.44,0
Surocciden,2024_Q1_holidays_2h,1316.48,0,445.411,1761.89,0
Surocciden,2024_Q1_holidays_3h,1286.17,0,422.371,1708.54,0
Surocciden,2024_Q1_holidays_4h,1271.15,0,415.616,1686.76,0
Surocciden,2024_Q1_holidays_5h,1276.39,0,418.469,1694.86,0
Surocciden,2024_Q1_holidays_6h,1300.92,0,428.917,1729.83,0
Surocciden,2024_Q1_holidays_7h,1312.9,0,429.804,1742.7,0
Surocciden,2024_Q1_holidays_8h,1368.58,0,463.479,1832.06,0
Surocciden,2024_Q1_holidays_9h,1453.11,0,501.629,1954.73,0
Surocciden,2024_Q1_holidays_10h,1507.24,0,530.832,2038.08,0
Surocciden,2024_Q1_holidays_11h,1556.5,0,553.661,2110.16,0
Surocciden,2024_Q1_holidays_12h,1587.27,0,573.001,2160.27,0
Surocciden,2024_Q1_holidays_13h,1582.26,0,572.815,2155.07,0
Surocciden,2024_Q1_holidays_14h,1559.42,0,570.787,2130.2,0
Surocciden,2024_Q1_holidays_15h,1524.75,0,573.074,2097.82,0
Surocciden,2024_Q1_holidays_16h,1498.21,0,583.758,2081.97,0
Surocciden,2024_Q1_holidays_17h,1459.71,0,588.512,2048.22,0
Surocciden,2024_Q1_holidays_18h,1441.75,0,592.068,2033.82,0
Surocciden,2024_Q1_holidays_19h,1494.27,0,671.343,2165.61,0
Surocciden,2024_Q1_holidays_20h,1513.02,0,696.329,2209.35,0
Surocciden,2024_Q1_holidays_21h,1490.39,0,657.775,2148.17,0
Surocciden,2024_Q1_holidays_22h,1450.04,0,598.083,2048.12,0
Surocciden,2024_Q1_holidays_23h,1405.93,0,530.289,1936.22,0
Surocciden,2024_Q2_labor_0h,1464.97,0,366.141,1831.11,0
Surocciden,2024_Q2_labor_1h,1394.29,0,345.739,1740.03,0
Surocciden,2024_Q2_labor_2h,1348.46,0,331.272,1679.74,0
Surocciden,2024_Q2_labor_3h,1314.72,0,321.772,1636.49,0
Surocciden,2024_Q2_labor_4h,1297.02,0,317.659,1614.67,0
Surocciden,2024_Q2_labor_5h,1315.7,0,323.685,1639.38,0
Surocciden,2024_Q2_labor_6h,1366.48,0,336.154,1702.64,0
Surocciden,2024_Q2_labor_7h,1385.77,0,340.951,1726.72,0
Surocciden,2024_Q2_labor_8h,1463.62,0,362.081,1825.7,0
Surocciden,2024_Q2_labor_9h,1541.65,0,389.954,1931.6,0
Surocciden,2024_Q2_labor_10h,1593.28,0,409.318,2002.6,0
Surocciden,2024_Q2_labor_11h,1652.14,0,422.897,2075.03,0
Surocciden,2024_Q2_labor_12h,1703.59,0,426.935,2130.52,0
Surocciden,2024_Q2_labor_13h,1696.1,0,424.896,2121,0
Surocciden,2024_Q2_labor_14h,1701.2,0,428.243,2129.44,0
Surocciden,2024_Q2_labor_15h,1712.65,0,432.029,2144.67,0
Surocciden,2024_Q2_labor_16h,1694.59,0,445.973,2140.56,0
Surocciden,2024_Q2_labor_17h,1656.22,0,452.495,2108.72,0
Surocciden,2024_Q2_labor_18h,1621.42,0,442.482,2063.9,0
Surocciden,2024_Q2_labor_19h,1691.34,0,486.565,2177.91,0
Surocciden,2024_Q2_labor_20h,1720.88,0,506.702,2227.58,0
Surocciden,2024_Q2_labor_21h,1692.08,0,487.5,2179.58,0
Surocciden,2024_Q2_labor_22h,1633.1,0,449.666,2082.76,0
Surocciden,2024_Q2_labor_23h,1549.24,0,401.411,1950.65,0
Surocciden,2024_Q2_holidays_0h,1202.3,0,680.707,1883.01,0
Surocciden,2024_Q2_holidays_1h,1160.13,0,605.095,1765.23,0
Surocciden,2024_Q2_holidays_2h,1141,0,567.852,1708.85,0
Surocciden,2024_Q2_holidays_3h,1124.38,0,542.373,1666.75,0
Surocciden,2024_Q2_holidays_4h,1116.74,0,531.308,1648.05,0
Surocciden,2024_Q2_holidays_5h,1131.1,0,557.245,1688.35,0
Surocciden,2024_Q2_holidays_6h,1176.35,0,604.234,1780.58,0
Surocciden,2024_Q2_holidays_7h,1215.28,0,599.531,1814.81,0
Surocciden,2024_Q2_holidays_8h,1284.46,0,632.011,1916.47,0
Surocciden,2024_Q2_holidays_9h,1349.31,0,668.864,2018.17,0
Surocciden,2024_Q2_holidays_10h,1393.32,0,688.622,2081.94,0
Surocciden,2024_Q2_holidays_11h,1430,0,726.112,2156.11,0
Surocciden,2024_Q2_holidays_12h,1446.99,0,764.277,2211.27,0
Surocciden,2024_Q2_holidays_13h,1426.3,0,762.27,2188.57,0
Surocciden,2024_Q2_holidays_14h,1408.36,0,795.799,2204.16,0
Surocciden,2024_Q2_holidays_15h,1397.09,0,843.369,2240.46,0
Surocciden,2024_Q2_holidays_16h,1375.73,0,864.742,2240.47,0
Surocciden,2024_Q2_holidays_17h,1336.81,0,866.259,2203.07,0
Surocciden,2024_Q2_holidays_18h,1299.72,0,836.927,2136.65,0
Surocciden,2024_Q2_holidays_19h,1337.8,0,890.864,2228.66,0
Surocciden,2024_Q2_holidays_20h,1356.13,0,912.007,2268.14,0
Surocciden,2024_Q2_holidays_21h,1333.57,0,885.104,2218.67,0
Surocciden,2024_Q2_holidays_22h,1295.35,0,827.97,2123.32,0
Surocciden,2024_Q2_holidays_23h,1246.49,0,754.016,2000.5,0
Surocciden,2024_Q3_labor_0h,1276.18,0,619.516,1895.7,0
Surocciden,2024_Q3_labor_1h,1218.97,0,582.154,1801.12,0
Surocciden,2024_Q3_labor_2h,1182.44,0,555.165,1737.61,0
Surocciden,2024_Q3_labor_3h,1157.46,0,534.677,1692.14,0
Surocciden,2024_Q3_labor_4h,1144.31,0,523.296,1667.6,0
Surocciden,2024_Q3_labor_5h,1152.85,0,532.911,1685.76,0
Surocciden,2024_Q3_labor_6h,1184.6,0,547.122,1731.73,0
Surocciden,2024_Q3_labor_7h,1220.27,0,537.669,1757.94,0
Surocciden,2024_Q3_labor_8h,1303.78,0,560.134,1863.91,0
Surocciden,2024_Q3_labor_9h,1386.68,0,585.256,1971.94,0
Surocciden,2024_Q3_labor_10h,1443.91,0,601.069,2044.98,0
Surocciden,2024_Q3_labor_11h,1494.93,0,625.012,2119.95,0
Surocciden,2024_Q3_labor_12h,1527.86,0,649.241,2177.1,0
Surocciden,2024_Q3_labor_13h,1516.96,0,654.472,2171.43,0
Surocciden,2024_Q3_labor_14h,1511.44,0,669.046,2180.49,0
Surocciden,2024_Q3_labor_15h,1511.48,0,684.214,2195.7,0
Surocciden,2024_Q3_labor_16h,1494.94,0,693.535,2188.48,0
Surocciden,2024_Q3_labor_17h,1455.62,0,703.141,2158.76,0
Surocciden,2024_Q3_labor_18h,1417.17,0,691.6,2108.77,0
Surocciden,2024_Q3_labor_19h,1473.32,0,732.009,2205.33,0
Surocciden,2024_Q3_labor_20h,1513.81,0,762.191,2276,0
Surocciden,2024_Q3_labor_21h,1491.02,0,744.812,2235.84,0
Surocciden,2024_Q3_labor_22h,1439.25,0,706.646,2145.9,0
Surocciden,2024_Q3_labor_23h,1357.59,0,660.933,2018.52,0
Surocciden,2024_Q3_holidays_0h,1156.1,0,804.39,1960.49,0
Surocciden,2024_Q3_holidays_1h,1131.82,0,709.315,1841.14,0
Surocciden,2024_Q3_holidays_2h,1119.74,0,658.879,1778.62,0
Surocciden,2024_Q3_holidays_3h,1110.65,0,618.614,1729.26,0
Surocciden,2024_Q3_holidays_4h,1106.41,0,602.773,1709.18,0
Surocciden,2024_Q3_holidays_5h,1112.78,0,627.899,1740.68,0
Surocciden,2024_Q3_holidays_6h,1138.84,0,676.338,1815.18,0
Surocciden,2024_Q3_holidays_7h,1185.19,0,678.407,1863.6,0
Surocciden,2024_Q3_holidays_8h,1251.15,0,730.268,1981.42,0
Surocciden,2024_Q3_holidays_9h,1313.53,0,781.891,2095.42,0
Surocciden,2024_Q3_holidays_10h,1357.46,0,807.476,2164.94,0
Surocciden,2024_Q3_holidays_11h,1389.02,0,854.411,2243.43,0
Surocciden,2024_Q3_holidays_12h,1399.2,0,900.395,2299.6,0
Surocciden,2024_Q3_holidays_13h,1380.72,0,905.541,2286.26,0
Surocciden,2024_Q3_holidays_14h,1357.66,0,947.433,2305.1,0
Surocciden,2024_Q3_holidays_15h,1332.91,0,1009.21,2342.13,0
Surocciden,2024_Q3_holidays_16h,1294.52,0,1037.48,2332,0
Surocciden,2024_Q3_holidays_17h,1250.8,0,1040.66,2291.46,0
Surocciden,2024_Q3_holidays_18h,1214.86,0,1001.05,2215.91,0
Surocciden,2024_Q3_holidays_19h,1236.69,0,1051.01,2287.7,0
Surocciden,2024_Q3_holidays_20h,1254.89,0,1088.85,2343.75,0
Surocciden,2024_Q3_holidays_21h,1241.34,0,1060.69,2302.03,0
Surocciden,2024_Q3_holidays_22h,1213.12,0,994.124,2207.25,0
Surocciden,2024_Q3_holidays_23h,1181.16,0,899.689,2080.85,0
Surocciden,2024_Q4_labor_0h,1295.66,0,684.83,1980.49,0
Surocciden,2024_Q4_labor_1h,1242.16,0,635.5,1877.66,0
Surocciden,2024_Q4_labor_2h,1208.16,0,605.183,1813.35,0
Surocciden,2024_Q4_labor_3h,1181.71,0,585.976,1767.69,0
Surocciden,2024_Q4_labor_4h,1165.5,0,576.261,1741.76,0
Surocciden,2024_Q4_labor_5h,1179.28,0,582.771,1762.05,0
Surocciden,2024_Q4_labor_6h,1213.93,0,596.49,1810.42,0
Surocciden,2024_Q4_labor_7h,1248.41,0,591.576,1839.99,0
Surocciden,2024_Q4_labor_8h,1333.46,0,615.821,1949.28,0
Surocciden,2024_Q4_labor_9h,1417.63,0,641.112,2058.74,0
Surocciden,2024_Q4_labor_10h,1476.3,0,658.109,2134.41,0
Surocciden,2024_Q4_labor_11h,1529.94,0,681.848,2211.79,0
Surocciden,2024_Q4_labor_12h,1561.51,0,707.783,2269.29,0
Surocciden,2024_Q4_labor_13h,1548.23,0,717.466,2265.7,0
Surocciden,2024_Q4_labor_14h,1534.06,0,742.612,2276.67,0
Surocciden,2024_Q4_labor_15h,1517.49,0,775.717,2293.2,0
Surocciden,2024_Q4_labor_16h,1489,0,797.713,2286.71,0
Surocciden,2024_Q4_labor_17h,1452.59,0,806.999,2259.59,0
Surocciden,2024_Q4_labor_18h,1436.49,0,809.024,2245.51,0
Surocciden,2024_Q4_labor_19h,1508.43,0,861.818,2370.25,0
Surocciden,2024_Q4_labor_20h,1510.11,0,862.806,2372.92,0
Surocciden,2024_Q4_labor_21h,1481.89,0,842.922,2324.82,0
Surocciden,2024_Q4_labor_22h,1430.14,0,803.01,2233.15,0
Surocciden,2024_Q4_labor_23h,1360.41,0,743.822,2104.23,0
Surocciden,2024_Q4_holidays_0h,1043.38,0,1003.32,2046.7,0
Surocciden,2024_Q4_holidays_1h,927.434,0,1011.47,1938.91,0
Surocciden,2024_Q4_holidays_2h,845.018,0,1025.86,1870.88,0
Surocciden,2024_Q4_holidays_3h,786.455,0,1034.55,1821.01,0
Surocciden,2024_Q4_holidays_4h,760.471,0,1036.5,1796.97,0
Surocciden,2024_Q4_holidays_5h,793.373,0,1033.96,1827.33,0
Surocciden,2024_Q4_holidays_6h,882.231,0,1018.82,1901.05,0
Surocciden,2024_Q4_holidays_7h,939.409,0,1007.34,1946.74,0
Surocciden,2024_Q4_holidays_8h,1077.13,0,983.551,2060.68,0
Surocciden,2024_Q4_holidays_9h,1203.05,0,974.727,2177.78,0
Surocciden,2024_Q4_holidays_10h,1274.88,0,975.315,2250.2,0
Surocciden,2024_Q4_holidays_11h,1335.23,0,992.547,2327.78,0
Surocciden,2024_Q4_holidays_12h,1366.96,0,1019.12,2386.08,0
Surocciden,2024_Q4_holidays_13h,1351.27,0,1025.85,2377.12,0
Surocciden,2024_Q4_holidays_14h,1338.01,0,1054.77,2392.77,0
Surocciden,2024_Q4_holidays_15h,1329.74,0,1096.77,2426.52,0
Surocciden,2024_Q4_holidays_16h,1302.53,0,1119.29,2421.82,0
Surocciden,2024_Q4_holidays_17h,1260.77,0,1122.16,2382.93,0
Surocciden,2024_Q4_holidays_18h,1235.16,0,1116.61,2351.77,0
Surocciden,2024_Q4_holidays_19h,1291.72,0,1159.1,2450.82,0
Surocciden,2024_Q4_holidays_20h,1286.02,0,1155.75,2441.76,0
Surocciden,2024_Q4_holidays_21h,1258.43,0,1137.28,2395.71,0
Surocciden,2024_Q4_holidays_22h,1204.86,0,1090.82,2295.68,0
Surocciden,2024_Q4_holidays_23h,1135.97,0,1034.76,2170.74,0
Surocciden,2025_Q1_labor_0h,1597.23,0,285.918,1883.15,0
Surocciden,2025_Q1_labor_1h,1527.96,0,260.676,1788.64,0
Surocciden,2025_Q1_labor_2h,1483.08,0,245.283,1728.37,0
Surocciden,2025_Q1_labor_3h,1448.44,0,235.739,1684.18,0
Surocciden,2025_Q1_labor_4h,1430.49,0,231.103,1661.59,0
Surocciden,2025_Q1_labor_5h,1445.04,0,234.538,1679.58,0
Surocciden,2025_Q1_labor_6h,1487.28,0,247.645,1734.93,0
Surocciden,2025_Q1_labor_7h,1500.39,0,260.416,1760.8,0
Surocciden,2025_Q1_labor_8h,1565.55,0,294.575,1860.13,0
Surocciden,2025_Q1_labor_9h,1649.29,0,325.95,1975.24,0
Surocciden,2025_Q1_labor_10h,1704.38,0,347.093,2051.47,0
Surocciden,2025_Q1_labor_11h,1762.92,0,361.022,2123.94,0
Surocciden,2025_Q1_labor_12h,1810.38,0,370.146,2180.53,0
Surocciden,2025_Q1_labor_13h,1812.63,0,363.163,2175.8,0
Surocciden,2025_Q1_labor_14h,1824.78,0,353.465,2178.24,0
Surocciden,2025_Q1_labor_15h,1831.08,0,360.94,2192.02,0
Surocciden,2025_Q1_labor_16h,1820.46,0,364.267,2184.72,0
Surocciden,2025_Q1_labor_17h,1776.72,0,373.803,2150.52,0
Surocciden,2025_Q1_labor_18h,1748.35,0,368.092,2116.45,0
Surocciden,2025_Q1_labor_19h,1816.11,0,421.194,2237.3,0
Surocciden,2025_Q1_labor_20h,1833.3,0,434.236,2267.53,0
Surocciden,2025_Q1_labor_21h,1804.27,0,410.323,2214.59,0
Surocciden,2025_Q1_labor_22h,1752.84,0,370.009,2122.85,0
Surocciden,2025_Q1_labor_23h,1679.75,0,319.777,1999.53,0
Surocciden,2025_Q1_holidays_0h,1360.3,0,564.331,1924.63,0
Surocciden,2025_Q1_holidays_1h,1301.58,0,509.244,1810.82,0
Surocciden,2025_Q1_holidays_2h,1262.69,0,483.12,1745.81,0
Surocciden,2025_Q1_holidays_3h,1234.25,0,467.454,1701.71,0
Surocciden,2025_Q1_holidays_4h,1213.85,0,461.438,1675.29,0
Surocciden,2025_Q1_holidays_5h,1233.46,0,468.894,1702.36,0
Surocciden,2025_Q1_holidays_6h,1284.04,0,490.585,1774.62,0
Surocciden,2025_Q1_holidays_7h,1318.32,0,498.524,1816.85,0
Surocciden,2025_Q1_holidays_8h,1388.65,0,535.605,1924.26,0
Surocciden,2025_Q1_holidays_9h,1467.38,0,569.975,2037.36,0
Surocciden,2025_Q1_holidays_10h,1514.7,0,593.082,2107.78,0
Surocciden,2025_Q1_holidays_11h,1566.09,0,613.925,2180.02,0
Surocciden,2025_Q1_holidays_12h,1607.36,0,639.356,2246.72,0
Surocciden,2025_Q1_holidays_13h,1601.37,0,639.924,2241.3,0
Surocciden,2025_Q1_holidays_14h,1591.91,0,660.766,2252.67,0
Surocciden,2025_Q1_holidays_15h,1582.77,0,701.224,2284,0
Surocciden,2025_Q1_holidays_16h,1551.95,0,729.194,2281.14,0
Surocciden,2025_Q1_holidays_17h,1506.46,0,737.758,2244.22,0
Surocciden,2025_Q1_holidays_18h,1475.44,0,724.174,2199.61,0
Surocciden,2025_Q1_holidays_19h,1521.81,0,791.179,2312.99,0
Surocciden,2025_Q1_holidays_20h,1533.88,0,804.84,2338.72,0
Surocciden,2025_Q1_holidays_21h,1512.06,0,769.826,2281.89,0
Surocciden,2025_Q1_holidays_22h,1471.31,0,711.638,2182.95,0
Surocciden,2025_Q1_holidays_23h,1420.09,0,633.917,2054,0
Surocciden,2025_Q2_labor_0h,1465.23,0,424.042,1889.27,0
Surocciden,2025_Q2_labor_1h,1389.95,0,401.298,1791.25,0
Surocciden,2025_Q2_labor_2h,1345.02,0,384.846,1729.87,0
Surocciden,2025_Q2_labor_3h,1312.43,0,373.473,1685.91,0
Surocciden,2025_Q2_labor_4h,1295.42,0,368.268,1663.69,0
Surocciden,2025_Q2_labor_5h,1313.86,0,375.638,1689.5,0
Surocciden,2025_Q2_labor_6h,1364.56,0,389.146,1753.7,0
Surocciden,2025_Q2_labor_7h,1389.26,0,389.624,1778.88,0
Surocciden,2025_Q2_labor_8h,1469.17,0,412.629,1881.8,0
Surocciden,2025_Q2_labor_9h,1549.1,0,441.597,1990.7,0
Surocciden,2025_Q2_labor_10h,1602.47,0,461.677,2064.15,0
Surocciden,2025_Q2_labor_11h,1663.96,0,474.868,2138.83,0
Surocciden,2025_Q2_labor_12h,1718,0,477.073,2195.07,0
Surocciden,2025_Q2_labor_13h,1711.6,0,473.531,2185.13,0
Surocciden,2025_Q2_labor_14h,1713.17,0,480.211,2193.38,0
Surocciden,2025_Q2_labor_15h,1724.51,0,484.524,2209.03,0
Surocciden,2025_Q2_labor_16h,1707.74,0,496.789,2204.53,0
Surocciden,2025_Q2_labor_17h,1667.11,0,504.34,2171.45,0
Surocciden,2025_Q2_labor_18h,1629.89,0,495.106,2125,0
Surocciden,2025_Q2_labor_19h,1703.26,0,537.334,2240.59,0
Surocciden,2025_Q2_labor_20h,1733.54,0,556.714,2290.26,0
Surocciden,2025_Q2_labor_21h,1703.77,0,538.064,2241.84,0
Surocciden,2025_Q2_labor_22h,1642.03,0,501.813,2143.84,0
Surocciden,2025_Q2_labor_23h,1554.39,0,456.536,2010.93,0
Surocciden,2025_Q2_holidays_0h,1199.76,0,720.111,1919.87,0
Surocciden,2025_Q2_holidays_1h,1158.67,0,665.446,1824.11,0
Surocciden,2025_Q2_holidays_2h,1131.27,0,630.432,1761.7,0
Surocciden,2025_Q2_holidays_3h,1107.5,0,607.293,1714.79,0
Surocciden,2025_Q2_holidays_4h,1096.74,0,597.266,1694.01,0
Surocciden,2025_Q2_holidays_5h,1115.35,0,617.975,1733.32,0
Surocciden,2025_Q2_holidays_6h,1172.62,0,661.451,1834.07,0
Surocciden,2025_Q2_holidays_7h,1208.03,0,659.03,1867.06,0
Surocciden,2025_Q2_holidays_8h,1279.36,0,686.512,1965.87,0
Surocciden,2025_Q2_holidays_9h,1350.62,0,721.119,2071.73,0
Surocciden,2025_Q2_holidays_10h,1397.39,0,738.041,2135.44,0
Surocciden,2025_Q2_holidays_11h,1440.79,0,770.62,2211.41,0
Surocciden,2025_Q2_holidays_12h,1466.36,0,807.404,2273.76,0
Surocciden,2025_Q2_holidays_13h,1446.17,0,805.026,2251.2,0
Surocciden,2025_Q2_holidays_14h,1434.46,0,835.452,2269.91,0
Surocciden,2025_Q2_holidays_15h,1423.55,0,884.028,2307.57,0
Surocciden,2025_Q2_holidays_16h,1394.39,0,914.794,2309.19,0
Surocciden,2025_Q2_holidays_17h,1351.25,0,921.107,2272.36,0
Surocciden,2025_Q2_holidays_18h,1311.01,0,894.702,2205.71,0
Surocciden,2025_Q2_holidays_19h,1359.97,0,951.642,2311.61,0
Surocciden,2025_Q2_holidays_20h,1386.28,0,975.122,2361.4,0
Surocciden,2025_Q2_holidays_21h,1356.42,0,947.879,2304.3,0
Surocciden,2025_Q2_holidays_22h,1306.77,0,888.783,2195.55,0
Surocciden,2025_Q2_holidays_23h,1248.75,0,801.071,2049.82,0
Surocciden,2025_Q3_labor_0h,1275.06,0,679.096,1954.16,0
Surocciden,2025_Q3_labor_1h,1220.74,0,633.081,1853.83,0
Surocciden,2025_Q3_labor_2h,1187.08,0,601.968,1789.04,0
Surocciden,2025_Q3_labor_3h,1163.15,0,578.109,1741.26,0
Surocciden,2025_Q3_labor_4h,1150.98,0,565.602,1716.58,0
Surocciden,2025_Q3_labor_5h,1159.53,0,576.016,1735.55,0
Surocciden,2025_Q3_labor_6h,1192.45,0,590.331,1782.78,0
Surocciden,2025_Q3_labor_7h,1233.38,0,577.685,1811.06,0
Surocciden,2025_Q3_labor_8h,1320.84,0,600.585,1921.42,0
Surocciden,2025_Q3_labor_9h,1407,0,627.095,2034.1,0
Surocciden,2025_Q3_labor_10h,1466.6,0,643.338,2109.94,0
Surocciden,2025_Q3_labor_11h,1517.7,0,669.641,2187.34,0
Surocciden,2025_Q3_labor_12h,1548.19,0,697.638,2245.83,0
Surocciden,2025_Q3_labor_13h,1534.45,0,706.37,2240.82,0
Surocciden,2025_Q3_labor_14h,1521.95,0,727.748,2249.7,0
Surocciden,2025_Q3_labor_15h,1515.28,0,749.422,2264.71,0
Surocciden,2025_Q3_labor_16h,1497.8,0,757.754,2255.55,0
Surocciden,2025_Q3_labor_17h,1455.59,0,768.276,2223.87,0
Surocciden,2025_Q3_labor_18h,1414.44,0,757.328,2171.77,0
Surocciden,2025_Q3_labor_19h,1473.05,0,795.981,2269.03,0
Surocciden,2025_Q3_labor_20h,1515.08,0,824.734,2339.81,0
Surocciden,2025_Q3_labor_21h,1491.03,0,807.871,2298.91,0
Surocciden,2025_Q3_labor_22h,1436.02,0,770.787,2206.8,0
Surocciden,2025_Q3_labor_23h,1351.18,0,726.935,2078.11,0
Surocciden,2025_Q3_holidays_0h,1145.2,0,860.483,2005.69,0
Surocciden,2025_Q3_holidays_1h,1118.93,0,781.919,1900.85,0
Surocciden,2025_Q3_holidays_2h,1103.74,0,729.084,1832.83,0
Surocciden,2025_Q3_holidays_3h,1094.19,0,693.389,1787.58,0
Surocciden,2025_Q3_holidays_4h,1088.78,0,674.485,1763.27,0
Surocciden,2025_Q3_holidays_5h,1095.7,0,697.531,1793.24,0
Surocciden,2025_Q3_holidays_6h,1124.46,0,744.032,1868.49,0
Surocciden,2025_Q3_holidays_7h,1172.95,0,736.623,1909.57,0
Surocciden,2025_Q3_holidays_8h,1244.26,0,779.089,2023.35,0
Surocciden,2025_Q3_holidays_9h,1311.57,0,820.898,2132.46,0
Surocciden,2025_Q3_holidays_10h,1359.49,0,841.438,2200.93,0
Surocciden,2025_Q3_holidays_11h,1395.51,0,884.979,2280.49,0
Surocciden,2025_Q3_holidays_12h,1410.07,0,930.489,2340.56,0
Surocciden,2025_Q3_holidays_13h,1389.43,0,933.295,2322.73,0
Surocciden,2025_Q3_holidays_14h,1369.91,0,974.013,2343.92,0
Surocciden,2025_Q3_holidays_15h,1354.56,0,1029.56,2384.12,0
Surocciden,2025_Q3_holidays_16h,1322.59,0,1060.92,2383.51,0
Surocciden,2025_Q3_holidays_17h,1278.08,0,1070.47,2348.56,0
Surocciden,2025_Q3_holidays_18h,1235,0,1040.98,2275.98,0
Surocciden,2025_Q3_holidays_19h,1272.51,0,1091.49,2364,0
Surocciden,2025_Q3_holidays_20h,1305.32,0,1128.64,2433.96,0
Surocciden,2025_Q3_holidays_21h,1283.78,0,1104.76,2388.54,0
Surocciden,2025_Q3_holidays_22h,1240.58,0,1047.72,2288.3,0
Surocciden,2025_Q3_holidays_23h,1185.61,0,958.466,2144.08,0
Surocciden,2025_Q4_labor_0h,1296.74,0,742.783,2039.52,0
Surocciden,2025_Q4_labor_1h,1242.34,0,694.017,1936.36,0
Surocciden,2025_Q4_labor_2h,1206.75,0,662.525,1869.28,0
Surocciden,2025_Q4_labor_3h,1178.79,0,642.922,1821.72,0
Surocciden,2025_Q4_labor_4h,1162.36,0,632.37,1794.73,0
Surocciden,2025_Q4_labor_5h,1175.35,0,639.247,1814.6,0
Surocciden,2025_Q4_labor_6h,1210.9,0,652.504,1863.4,0
Surocciden,2025_Q4_labor_7h,1248.36,0,645.34,1893.69,0
Surocciden,2025_Q4_labor_8h,1337.88,0,667.888,2005.77,0
Surocciden,2025_Q4_labor_9h,1428.09,0,692.763,2120.86,0
Surocciden,2025_Q4_labor_10h,1490.09,0,708.337,2198.43,0
Surocciden,2025_Q4_labor_11h,1546.13,0,732.157,2278.29,0
Surocciden,2025_Q4_labor_12h,1579.18,0,757.008,2336.19,0
Surocciden,2025_Q4_labor_13h,1565.04,0,767.716,2332.76,0
Surocciden,2025_Q4_labor_14h,1549.01,0,793.802,2342.81,0
Surocciden,2025_Q4_labor_15h,1530.4,0,827.849,2358.25,0
Surocciden,2025_Q4_labor_16h,1499.58,0,851.002,2350.58,0
Surocciden,2025_Q4_labor_17h,1460.84,0,861.673,2322.51,0
Surocciden,2025_Q4_labor_18h,1444.2,0,864.608,2308.81,0
Surocciden,2025_Q4_labor_19h,1520.92,0,915.637,2436.55,0
Surocciden,2025_Q4_labor_20h,1522.79,0,916.644,2439.44,0
Surocciden,2025_Q4_labor_21h,1492.56,0,897.437,2390,0
Surocciden,2025_Q4_labor_22h,1437.25,0,858.628,2295.88,0
Surocciden,2025_Q4_labor_23h,1364.83,0,801.668,2166.5,0
Surocciden,2025_Q4_holidays_0h,1287.8,0,822.611,2110.42,0
Surocciden,2025_Q4_holidays_1h,1159.85,0,823.018,1982.87,0
Surocciden,2025_Q4_holidays_2h,1091.24,0,826.584,1917.83,0
Surocciden,2025_Q4_holidays_3h,1044.94,0,824.723,1869.67,0
Surocciden,2025_Q4_holidays_4h,1025.35,0,821.257,1846.6,0
Surocciden,2025_Q4_holidays_5h,1058.17,0,825.878,1884.05,0
Surocciden,2025_Q4_holidays_6h,1144.84,0,821.232,1966.07,0
Surocciden,2025_Q4_holidays_7h,1201.98,0,812.135,2014.11,0
Surocciden,2025_Q4_holidays_8h,1337.8,0,796.66,2134.46,0
Surocciden,2025_Q4_holidays_9h,1451.49,0,789.507,2240.99,0
Surocciden,2025_Q4_holidays_10h,1528.87,0,788.927,2317.79,0
Surocciden,2025_Q4_holidays_11h,1592.4,0,804.376,2396.78,0
Surocciden,2025_Q4_holidays_12h,1628.95,0,835.819,2464.76,0
Surocciden,2025_Q4_holidays_13h,1610.61,0,843.314,2453.92,0
Surocciden,2025_Q4_holidays_14h,1594.38,0,883.148,2477.53,0
Surocciden,2025_Q4_holidays_15h,1578.06,0,943.743,2521.8,0
Surocciden,2025_Q4_holidays_16h,1542.69,0,980.172,2522.86,0
Surocciden,2025_Q4_holidays_17h,1496.76,0,986.868,2483.63,0
Surocciden,2025_Q4_holidays_18h,1469.84,0,976.853,2446.69,0
Surocciden,2025_Q4_holidays_19h,1513.44,0,1039.73,2553.17,0
Surocciden,2025_Q4_holidays_20h,1509,0,1034.01,2543.02,0
Surocciden,2025_Q4_holidays_21h,1488.13,0,1006.8,2494.93,0
Surocciden,2025_Q4_holidays_22h,1446.54,0,943.567,2390.1,0
Surocciden,2025_Q4_holidays_23h,1377.59,0,863.441,2241.03,0
Surocciden,2026_Q1_labor_0h,1592.1,0,348.204,1940.31,0
Surocciden,2026_Q1_labor_1h,1519.38,0,321.768,1841.15,0
Surocciden,2026_Q1_labor_2h,1473.9,0,304.344,1778.24,0
Surocciden,2026_Q1_labor_3h,1441.07,0,291.695,1732.77,0
Surocciden,2026_Q1_labor_4h,1423.86,0,285.022,1708.88,0
Surocciden,2026_Q1_labor_5h,1436.82,0,290.248,1727.07,0
Surocciden,2026_Q1_labor_6h,1484.36,0,298.385,1782.74,0
Surocciden,2026_Q1_labor_7h,1515.11,0,293.409,1808.51,0
Surocciden,2026_Q1_labor_8h,1595.06,0,314.387,1909.45,0
Surocciden,2026_Q1_labor_9h,1696.82,0,331.421,2028.24,0
Surocciden,2026_Q1_labor_10h,1765.37,0,341.632,2107,0
Surocciden,2026_Q1_labor_11h,1833.2,0,347.974,2181.18,0
Surocciden,2026_Q1_labor_12h,1887.26,0,353.135,2240.39,0
Surocciden,2026_Q1_labor_13h,1886.68,0,350.404,2237.08,0
Surocciden,2026_Q1_labor_14h,1888.4,0,351.122,2239.52,0
Surocciden,2026_Q1_labor_15h,1875.52,0,378.387,2253.9,0
Surocciden,2026_Q1_labor_16h,1847.96,0,398.962,2246.92,0
Surocciden,2026_Q1_labor_17h,1801.42,0,410.904,2212.33,0
Surocciden,2026_Q1_labor_18h,1768.85,0,409.635,2178.48,0
Surocciden,2026_Q1_labor_19h,1863.59,0,441.163,2304.75,0
Surocciden,2026_Q1_labor_20h,1887.79,0,448.386,2336.17,0
Surocciden,2026_Q1_labor_21h,1846.8,0,435.25,2282.05,0
Surocciden,2026_Q1_labor_22h,1775.94,0,411.44,2187.38,0
Surocciden,2026_Q1_labor_23h,1681.42,0,379.119,2060.54,0
Surocciden,2026_Q1_holidays_0h,1354.53,0,627.11,1981.63,0
Surocciden,2026_Q1_holidays_1h,1268.07,0,606.455,1874.53,0
Surocciden,2026_Q1_holidays_2h,1206.55,0,605.991,1812.54,0
Surocciden,2026_Q1_holidays_3h,1155.16,0,611.691,1766.85,0
Surocciden,2026_Q1_holidays_4h,1123.8,0,619.532,1743.33,0
Surocciden,2026_Q1_holidays_5h,1163.08,0,611.146,1774.23,0
Surocciden,2026_Q1_holidays_6h,1251.59,0,607.187,1858.77,0
Surocciden,2026_Q1_holidays_7h,1293.52,0,615.87,1909.39,0
Surocciden,2026_Q1_holidays_8h,1413.5,0,616.118,2029.62,0
Surocciden,2026_Q1_holidays_9h,1529.46,0,615.02,2144.48,0
Surocciden,2026_Q1_holidays_10h,1601.29,0,613.643,2214.93,0
Surocciden,2026_Q1_holidays_11h,1670.76,0,621.588,2292.35,0
Surocciden,2026_Q1_holidays_12h,1715.45,0,640.444,2355.9,0
Surocciden,2026_Q1_holidays_13h,1693.24,0,646.842,2340.09,0
Surocciden,2026_Q1_holidays_14h,1682.33,0,670.791,2353.12,0
Surocciden,2026_Q1_holidays_15h,1673.29,0,712.352,2385.64,0
Surocciden,2026_Q1_holidays_16h,1627.79,0,751.815,2379.61,0
Surocciden,2026_Q1_holidays_17h,1567.61,0,769.574,2337.18,0
Surocciden,2026_Q1_holidays_18h,1524.57,0,757.647,2282.21,0
Surocciden,2026_Q1_holidays_19h,1576.75,0,809.964,2386.71,0
Surocciden,2026_Q1_holidays_20h,1590.4,0,820.584,2410.99,0
Surocciden,2026_Q1_holidays_21h,1560.8,0,788.674,2349.47,0
Surocciden,2026_Q1_holidays_22h,1509.58,0,738.54,2248.12,0
Surocciden,2026_Q1_holidays_23h,1439.06,0,674.576,2113.63,0
Surocciden,2026_Q2_labor_0h,1462.63,0,480.537,1943.16,0
Surocciden,2026_Q2_labor_1h,1382.98,0,464.064,1847.04,0
Surocciden,2026_Q2_labor_2h,1330.29,0,453.062,1783.35,0
Surocciden,2026_Q2_labor_3h,1291.43,0,445.513,1736.94,0
Surocciden,2026_Q2_labor_4h,1271.57,0,442.131,1713.7,0
Surocciden,2026_Q2_labor_5h,1293.11,0,446.754,1739.86,0
Surocciden,2026_Q2_labor_6h,1352.92,0,451.621,1804.54,0
Surocciden,2026_Q2_labor_7h,1388.38,0,441.097,1829.47,0
Surocciden,2026_Q2_labor_8h,1491.14,0,443.575,1934.72,0
Surocciden,2026_Q2_labor_9h,1595.29,0,450.843,2046.13,0
Surocciden,2026_Q2_labor_10h,1666.59,0,455.391,2121.98,0
Surocciden,2026_Q2_labor_11h,1737.88,0,460.344,2198.23,0
Surocciden,2026_Q2_labor_12h,1792.37,0,464.287,2256.66,0
Surocciden,2026_Q2_labor_13h,1778.26,0,468.608,2246.87,0
Surocciden,2026_Q2_labor_14h,1771.15,0,483.301,2254.45,0
Surocciden,2026_Q2_labor_15h,1767.57,0,501.763,2269.33,0
Surocciden,2026_Q2_labor_16h,1745.26,0,518.821,2264.08,0
Surocciden,2026_Q2_labor_17h,1701.26,0,529.019,2230.28,0
Surocciden,2026_Q2_labor_18h,1658.01,0,525.407,2183.41,0
Surocciden,2026_Q2_labor_19h,1751.97,0,551.566,2303.53,0
Surocciden,2026_Q2_labor_20h,1792.29,0,562.793,2355.09,0
Surocciden,2026_Q2_labor_21h,1752.8,0,551.985,2304.79,0
Surocciden,2026_Q2_labor_22h,1673.7,0,529.777,2203.48,0
Surocciden,2026_Q2_labor_23h,1565.16,0,502.759,2067.92,0
Surocciden,2026_Q2_holidays_0h,1213.25,0,777.488,1990.73,0
Surocciden,2026_Q2_holidays_1h,1114.57,0,750.399,1864.97,0
Surocciden,2026_Q2_holidays_2h,1054.67,0,748.707,1803.38,0
Surocciden,2026_Q2_holidays_3h,1006.93,0,754.645,1761.58,0
Surocciden,2026_Q2_holidays_4h,983.638,0,758.417,1742.06,0
Surocciden,2026_Q2_holidays_5h,1032.27,0,751.649,1783.92,0
Surocciden,2026_Q2_holidays_6h,1143.86,0,749.197,1893.05,0
Surocciden,2026_Q2_holidays_7h,1184.3,0,747.765,1932.07,0
Surocciden,2026_Q2_holidays_8h,1291.03,0,747.359,2038.38,0
Surocciden,2026_Q2_holidays_9h,1400.36,0,751.481,2151.84,0
Surocciden,2026_Q2_holidays_10h,1468.34,0,748.724,2217.06,0
Surocciden,2026_Q2_holidays_11h,1533.22,0,765.757,2298.97,0
Surocciden,2026_Q2_holidays_12h,1567.7,0,792.257,2359.95,0
Surocciden,2026_Q2_holidays_13h,1540.46,0,794.637,2335.1,0
Surocciden,2026_Q2_holidays_14h,1530.36,0,828.38,2358.74,0
Surocciden,2026_Q2_holidays_15h,1514.08,0,888.73,2402.81,0
Surocciden,2026_Q2_holidays_16h,1475.71,0,931.746,2407.45,0
Surocciden,2026_Q2_holidays_17h,1420.05,0,948.216,2368.27,0
Surocciden,2026_Q2_holidays_18h,1368.76,0,926.914,2295.67,0
Surocciden,2026_Q2_holidays_19h,1423.29,0,976.289,2399.58,0
Surocciden,2026_Q2_holidays_20h,1452.08,0,996.518,2448.6,0
Surocciden,2026_Q2_holidays_21h,1419.54,0,973.269,2392.81,0
Surocciden,2026_Q2_holidays_22h,1362.65,0,921.047,2283.7,0
Surocciden,2026_Q2_holidays_23h,1286.03,0,840.995,2127.02,0
Surocciden,2026_Q3_labor_0h,1285.08,0,727.305,2012.39,0
Surocciden,2026_Q3_labor_1h,1203.94,0,708.866,1912.81,0
Surocciden,2026_Q3_labor_2h,1150.39,0,695.152,1845.54,0
Surocciden,2026_Q3_labor_3h,1113.88,0,682.42,1796.3,0
Surocciden,2026_Q3_labor_4h,1095.56,0,674.613,1770.18,0
Surocciden,2026_Q3_labor_5h,1108.2,0,680.923,1789.12,0
Surocciden,2026_Q3_labor_6h,1153.89,0,683.048,1836.94,0
Surocciden,2026_Q3_labor_7h,1206.05,0,659.303,1865.36,0
Surocciden,2026_Q3_labor_8h,1328.45,0,650.423,1978.88,0
Surocciden,2026_Q3_labor_9h,1450.98,0,642.666,2093.65,0
Surocciden,2026_Q3_labor_10h,1535.16,0,636.074,2171.24,0
Surocciden,2026_Q3_labor_11h,1608.5,0,642.154,2250.65,0
Surocciden,2026_Q3_labor_12h,1651.09,0,658.902,2309.99,0
Surocciden,2026_Q3_labor_13h,1632.75,0,671.426,2304.18,0
Surocciden,2026_Q3_labor_14h,1614.03,0,699.217,2313.25,0
Surocciden,2026_Q3_labor_15h,1592.55,0,736.178,2328.73,0
Surocciden,2026_Q3_labor_16h,1554.31,0,764.295,2318.61,0
Surocciden,2026_Q3_labor_17h,1501.04,0,785.341,2286.38,0
Surocciden,2026_Q3_labor_18h,1451.19,0,782.83,2234.02,0
Surocciden,2026_Q3_labor_19h,1523.67,0,812.007,2335.67,0
Surocciden,2026_Q3_labor_20h,1577.18,0,830.394,2407.58,0
Surocciden,2026_Q3_labor_21h,1545.27,0,819.851,2365.12,0
Surocciden,2026_Q3_labor_22h,1477.61,0,793.76,2271.37,0
Surocciden,2026_Q3_labor_23h,1383.9,0,755.655,2139.56,0
Surocciden,2026_Q3_holidays_0h,1135.77,0,936.577,2072.35,0
Surocciden,2026_Q3_holidays_1h,1087.96,0,853.163,1941.12,0
Surocciden,2026_Q3_holidays_2h,1064.67,0,809.457,1874.13,0
Surocciden,2026_Q3_holidays_3h,1047.63,0,780.205,1827.84,0
Surocciden,2026_Q3_holidays_4h,1040.47,0,766.619,1807.09,0
Surocciden,2026_Q3_holidays_5h,1054.77,0,787.701,1842.48,0
Surocciden,2026_Q3_holidays_6h,1099.32,0,827.923,1927.24,0
Surocciden,2026_Q3_holidays_7h,1163.93,0,810.98,1974.91,0
Surocciden,2026_Q3_holidays_8h,1261.9,0,831.363,2093.26,0
Surocciden,2026_Q3_holidays_9h,1355.97,0,857.216,2213.19,0
Surocciden,2026_Q3_holidays_10h,1421.26,0,865.069,2286.33,0
Surocciden,2026_Q3_holidays_11h,1473.48,0,896.835,2370.32,0
Surocciden,2026_Q3_holidays_12h,1500.42,0,937.371,2437.79,0
Surocciden,2026_Q3_holidays_13h,1476.18,0,946.244,2422.43,0
Surocciden,2026_Q3_holidays_14h,1458.08,0,987.571,2445.65,0
Surocciden,2026_Q3_holidays_15h,1440.97,0,1047.97,2488.94,0
Surocciden,2026_Q3_holidays_16h,1396.42,0,1096.73,2493.16,0
Surocciden,2026_Q3_holidays_17h,1337.82,0,1116.61,2454.43,0
Surocciden,2026_Q3_holidays_18h,1278.61,0,1091.57,2370.17,0
Surocciden,2026_Q3_holidays_19h,1320.38,0,1130.73,2451.11,0
Surocciden,2026_Q3_holidays_20h,1362.14,0,1167.05,2529.2,0
Surocciden,2026_Q3_holidays_21h,1337.84,0,1146.21,2484.05,0
Surocciden,2026_Q3_holidays_22h,1280.57,0,1092.77,2373.34,0
Surocciden,2026_Q3_holidays_23h,1201.59,0,1017.49,2219.08,0
Surocciden,2026_Q4_labor_0h,1313.07,0,790.938,2104.01,0
Surocciden,2026_Q4_labor_1h,1229.45,0,767.112,1996.57,0
Surocciden,2026_Q4_labor_2h,1171.01,0,755.959,1926.97,0
Surocciden,2026_Q4_labor_3h,1125.97,0,751.443,1877.41,0
Surocciden,2026_Q4_labor_4h,1097.62,0,752.404,1850.03,0
Surocciden,2026_Q4_labor_5h,1121.04,0,750.068,1871.11,0
Surocciden,2026_Q4_labor_6h,1171.06,0,749.982,1921.04,0
Surocciden,2026_Q4_labor_7h,1211.42,0,741.757,1953.18,0
Surocciden,2026_Q4_labor_8h,1331.49,0,736.859,2068.35,0
Surocciden,2026_Q4_labor_9h,1451.55,0,734.924,2186.48,0
Surocciden,2026_Q4_labor_10h,1533.61,0,734.207,2267.82,0
Surocciden,2026_Q4_labor_11h,1610.71,0,739.389,2350.1,0
Surocciden,2026_Q4_labor_12h,1657.38,0,753.055,2410.44,0
Surocciden,2026_Q4_labor_13h,1643.99,0,763.524,2407.51,0
Surocciden,2026_Q4_labor_14h,1631.08,0,787.967,2419.04,0
Surocciden,2026_Q4_labor_15h,1612.46,0,822.307,2434.76,0
Surocciden,2026_Q4_labor_16h,1575.58,0,851.601,2427.18,0
Surocciden,2026_Q4_labor_17h,1527.23,0,870.211,2397.44,0
Surocciden,2026_Q4_labor_18h,1506.95,0,876.935,2383.88,0
Surocciden,2026_Q4_labor_19h,1593.75,0,919.174,2512.92,0
Surocciden,2026_Q4_labor_20h,1594.2,0,919.296,2513.5,0
Surocciden,2026_Q4_labor_21h,1559.48,0,903.237,2462.72,0
Surocciden,2026_Q4_labor_22h,1495.39,0,870.873,2366.27,0
Surocciden,2026_Q4_labor_23h,1405.51,0,827.497,2233,0
Surocciden,2026_Q4_holidays_0h,1138.83,0,1015.06,2153.9,0
Surocciden,2026_Q4_holidays_1h,986.146,0,1043.52,2029.67,0
Surocciden,2026_Q4_holidays_2h,891.473,0,1074.21,1965.68,0
Surocciden,2026_Q4_holidays_3h,821.093,0,1098.4,1919.49,0
Surocciden,2026_Q4_holidays_4h,781.355,0,1111.88,1893.23,0
Surocciden,2026_Q4_holidays_5h,833.922,0,1094.19,1928.11,0
Surocciden,2026_Q4_holidays_6h,963.499,0,1051.15,2014.65,0
Surocciden,2026_Q4_holidays_7h,1026.8,0,1031.69,2058.49,0
Surocciden,2026_Q4_holidays_8h,1204.16,0,979.886,2184.04,0
Surocciden,2026_Q4_holidays_9h,1348.02,0,948.25,2296.27,0
Surocciden,2026_Q4_holidays_10h,1434.96,0,931.739,2366.7,0
Surocciden,2026_Q4_holidays_11h,1513.34,0,934.562,2447.91,0
Surocciden,2026_Q4_holidays_12h,1554.89,0,958.847,2513.73,0
Surocciden,2026_Q4_holidays_13h,1528.73,0,970.175,2498.9,0
Surocciden,2026_Q4_holidays_14h,1504.53,0,1011.62,2516.15,0
Surocciden,2026_Q4_holidays_15h,1484.91,0,1077.96,2562.87,0
Surocciden,2026_Q4_holidays_16h,1441.72,0,1120.3,2562.02,0
Surocciden,2026_Q4_holidays_17h,1388.4,0,1138.23,2526.62,0
Surocciden,2026_Q4_holidays_18h,1352.73,0,1132.54,2485.27,0
Surocciden,2026_Q4_holidays_19h,1424.67,0,1185.46,2610.13,0
Surocciden,2026_Q4_holidays_20h,1427.11,0,1186.96,2614.08,0
Surocciden,2026_Q4_holidays_21h,1396.02,0,1167.68,2563.69,0
Surocciden,2026_Q4_holidays_22h,1334.89,0,1117.87,2452.75,0
Surocciden,2026_Q4_holidays_23h,1250.39,0,1048.79,2299.18,0
Surocciden,2027_Q1_labor_0h,1593.96,0,404.583,1998.55,0
Surocciden,2027_Q1_labor_1h,1506.69,0,393.527,1900.21,0
Surocciden,2027_Q1_labor_2h,1449.55,0,386.139,1835.69,0
Surocciden,2027_Q1_labor_3h,1407.22,0,381.122,1788.34,0
Surocciden,2027_Q1_labor_4h,1383.41,0,380.429,1763.84,0
Surocciden,2027_Q1_labor_5h,1401.02,0,380.687,1781.71,0
Surocciden,2027_Q1_labor_6h,1454.38,0,384.046,1838.43,0
Surocciden,2027_Q1_labor_7h,1473.87,0,390.132,1864,0
Surocciden,2027_Q1_labor_8h,1570.72,0,398.833,1969.56,0
Surocciden,2027_Q1_labor_9h,1685.67,0,405.487,2091.16,0
Surocciden,2027_Q1_labor_10h,1763.03,0,409.425,2172.46,0
Surocciden,2027_Q1_labor_11h,1837.48,0,411.841,2249.32,0
Surocciden,2027_Q1_labor_12h,1897.13,0,414.071,2311.21,0
Surocciden,2027_Q1_labor_13h,1894.12,0,413.072,2307.19,0
Surocciden,2027_Q1_labor_14h,1899.05,0,410.345,2309.39,0
Surocciden,2027_Q1_labor_15h,1905.44,0,417.122,2322.56,0
Surocciden,2027_Q1_labor_16h,1887.21,0,426.811,2314.02,0
Surocciden,2027_Q1_labor_17h,1846.57,0,431.733,2278.31,0
Surocciden,2027_Q1_labor_18h,1813.06,0,431.312,2244.38,0
Surocciden,2027_Q1_labor_19h,1928.12,0,446.037,2374.15,0
Surocciden,2027_Q1_labor_20h,1955.74,0,449.307,2405.05,0
Surocciden,2027_Q1_labor_21h,1906.01,0,443.076,2349.08,0
Surocciden,2027_Q1_labor_22h,1819.17,0,431.901,2251.07,0
Surocciden,2027_Q1_labor_23h,1704.03,0,418.238,2122.27,0
Surocciden,2027_Q1_holidays_0h,1367.69,0,669.948,2037.64,0
Surocciden,2027_Q1_holidays_1h,1252.27,0,653.154,1905.42,0
Surocciden,2027_Q1_holidays_2h,1174.51,0,665.399,1839.9,0
Surocciden,2027_Q1_holidays_3h,1118.75,0,677.15,1795.9,0
Surocciden,2027_Q1_holidays_4h,1087.7,0,683.332,1771.03,0
Surocciden,2027_Q1_holidays_5h,1131.19,0,675.753,1806.94,0
Surocciden,2027_Q1_holidays_6h,1235.64,0,659.841,1895.48,0
Surocciden,2027_Q1_holidays_7h,1295.15,0,656.223,1951.37,0
Surocciden,2027_Q1_holidays_8h,1418.77,0,645.48,2064.25,0
Surocciden,2027_Q1_holidays_9h,1546.4,0,640.953,2187.35,0
Surocciden,2027_Q1_holidays_10h,1622.37,0,637.177,2259.54,0
Surocciden,2027_Q1_holidays_11h,1693.23,0,643.064,2336.3,0
Surocciden,2027_Q1_holidays_12h,1736.09,0,659.989,2396.08,0
Surocciden,2027_Q1_holidays_13h,1714.96,0,669.436,2384.39,0
Surocciden,2027_Q1_holidays_14h,1698.02,0,700.759,2398.78,0
Surocciden,2027_Q1_holidays_15h,1691.31,0,749.288,2440.6,0
Surocciden,2027_Q1_holidays_16h,1655.2,0,787.063,2442.27,0
Surocciden,2027_Q1_holidays_17h,1591.55,0,808.175,2399.73,0
Surocciden,2027_Q1_holidays_18h,1544.33,0,794.927,2339.26,0
Surocciden,2027_Q1_holidays_19h,1600.72,0,849.571,2450.29,0
Surocciden,2027_Q1_holidays_20h,1620.21,0,864.369,2484.58,0
Surocciden,2027_Q1_holidays_21h,1589.33,0,833.748,2423.08,0
Surocciden,2027_Q1_holidays_22h,1537.92,0,784.247,2322.16,0
Surocciden,2027_Q1_holidays_23h,1461.32,0,712.022,2173.34,0
Surocciden,2027_Q2_labor_0h,1471.67,0,533.992,2005.66,0
Surocciden,2027_Q2_labor_1h,1386.79,0,519.025,1905.82,0
Surocciden,2027_Q2_labor_2h,1329.59,0,510.461,1840.05,0
Surocciden,2027_Q2_labor_3h,1286.29,0,506.322,1792.61,0
Surocciden,2027_Q2_labor_4h,1262.66,0,505.589,1768.25,0
Surocciden,2027_Q2_labor_5h,1287.25,0,507.142,1794.39,0
Surocciden,2027_Q2_labor_6h,1352.52,0,508.946,1861.47,0
Surocciden,2027_Q2_labor_7h,1383.03,0,504.14,1887.17,0
Surocciden,2027_Q2_labor_8h,1490.54,0,504.284,1994.82,0
Surocciden,2027_Q2_labor_9h,1602.14,0,507.295,2109.43,0
Surocciden,2027_Q2_labor_10h,1677.21,0,508.889,2186.1,0
Surocciden,2027_Q2_labor_11h,1751.86,0,513.54,2265.4,0
Surocciden,2027_Q2_labor_12h,1806.34,0,519.405,2325.74,0
Surocciden,2027_Q2_labor_13h,1793.95,0,520.788,2314.74,0
Surocciden,2027_Q2_labor_14h,1789.89,0,532.773,2322.66,0
Surocciden,2027_Q2_labor_15h,1786.01,0,553.006,2339.01,0
Surocciden,2027_Q2_labor_16h,1762.94,0,571.946,2334.88,0
Surocciden,2027_Q2_labor_17h,1715.59,0,584.74,2300.33,0
Surocciden,2027_Q2_labor_18h,1670.62,0,580.963,2251.58,0
Surocciden,2027_Q2_labor_19h,1762.85,0,612.705,2375.56,0
Surocciden,2027_Q2_labor_20h,1801.15,0,627.26,2428.41,0
Surocciden,2027_Q2_labor_21h,1763.34,0,613.12,2376.46,0
Surocciden,2027_Q2_labor_22h,1686.4,0,586.101,2272.5,0
Surocciden,2027_Q2_labor_23h,1578.35,0,554.94,2133.29,0
Surocciden,2027_Q2_holidays_0h,1200.25,0,828.434,2028.68,0
Surocciden,2027_Q2_holidays_1h,1092.5,0,809.417,1901.92,0
Surocciden,2027_Q2_holidays_2h,1027.54,0,812.049,1839.59,0
Surocciden,2027_Q2_holidays_3h,973.214,0,821.497,1794.71,0
Surocciden,2027_Q2_holidays_4h,952.145,0,825.302,1777.45,0
Surocciden,2027_Q2_holidays_5h,1011.68,0,815.032,1826.71,0
Surocciden,2027_Q2_holidays_6h,1133.43,0,806.495,1939.92,0
Surocciden,2027_Q2_holidays_7h,1179.93,0,801.134,1981.06,0
Surocciden,2027_Q2_holidays_8h,1302.48,0,792.719,2095.2,0
Surocciden,2027_Q2_holidays_9h,1423.3,0,789.801,2213.1,0
Surocciden,2027_Q2_holidays_10h,1502.33,0,785.984,2288.31,0
Surocciden,2027_Q2_holidays_11h,1565.58,0,802.865,2368.44,0
Surocciden,2027_Q2_holidays_12h,1597.15,0,833.343,2430.49,0
Surocciden,2027_Q2_holidays_13h,1568.98,0,840.351,2409.33,0
Surocciden,2027_Q2_holidays_14h,1554.09,0,880.176,2434.26,0
Surocciden,2027_Q2_holidays_15h,1541.53,0,934.219,2475.75,0
Surocciden,2027_Q2_holidays_16h,1497.95,0,975.591,2473.54,0
Surocciden,2027_Q2_holidays_17h,1438.55,0,992.621,2431.17,0
Surocciden,2027_Q2_holidays_18h,1384.22,0,973.003,2357.22,0
Surocciden,2027_Q2_holidays_19h,1442.14,0,1019.31,2461.45,0
Surocciden,2027_Q2_holidays_20h,1474.67,0,1038.57,2513.24,0
Surocciden,2027_Q2_holidays_21h,1439.03,0,1017.15,2456.17,0
Surocciden,2027_Q2_holidays_22h,1375.57,0,965.256,2340.82,0
Surocciden,2027_Q2_holidays_23h,1293.63,0,881.672,2175.3,0
Surocciden,2027_Q3_labor_0h,1288.97,0,787.305,2076.27,0
Surocciden,2027_Q3_labor_1h,1201.38,0,777.452,1978.84,0
Surocciden,2027_Q3_labor_2h,1141.9,0,767.314,1909.22,0
Surocciden,2027_Q3_labor_3h,1102.45,0,755.911,1858.36,0
Surocciden,2027_Q3_labor_4h,1082.37,0,748.576,1830.95,0
Surocciden,2027_Q3_labor_5h,1095.03,0,754.219,1849.25,0
Surocciden,2027_Q3_labor_6h,1142.15,0,755.63,1897.78,0
Surocciden,2027_Q3_labor_7h,1194.69,0,732.066,1926.76,0
Surocciden,2027_Q3_labor_8h,1320.53,0,722.187,2042.72,0
Surocciden,2027_Q3_labor_9h,1448.33,0,712.609,2160.94,0
Surocciden,2027_Q3_labor_10h,1535.26,0,704.604,2239.87,0
Surocciden,2027_Q3_labor_11h,1615.37,0,705.558,2320.92,0
Surocciden,2027_Q3_labor_12h,1665.12,0,716.832,2381.95,0
Surocciden,2027_Q3_labor_13h,1646.78,0,729.172,2375.95,0
Surocciden,2027_Q3_labor_14h,1631.58,0,753.206,2384.79,0
Surocciden,2027_Q3_labor_15h,1619.58,0,781.55,2401.13,0
Surocciden,2027_Q3_labor_16h,1583.99,0,807.487,2391.48,0
Surocciden,2027_Q3_labor_17h,1529.17,0,828.944,2358.11,0
Surocciden,2027_Q3_labor_18h,1475.72,0,828.224,2303.94,0
Surocciden,2027_Q3_labor_19h,1548.63,0,859.879,2408.51,0
Surocciden,2027_Q3_labor_20h,1600.29,0,882.224,2482.52,0
Surocciden,2027_Q3_labor_21h,1569.52,0,869.233,2438.76,0
Surocciden,2027_Q3_labor_22h,1503.76,0,838.708,2342.47,0
Surocciden,2027_Q3_labor_23h,1401.9,0,805.368,2207.27,0
Surocciden,2027_Q3_holidays_0h,1128.5,0,984.65,2113.15,0
Surocciden,2027_Q3_holidays_1h,1065.49,0,881.35,1946.84,0
Surocciden,2027_Q3_holidays_2h,1041.97,0,837.863,1879.83,0
Surocciden,2027_Q3_holidays_3h,1024.56,0,808.449,1833.01,0
Surocciden,2027_Q3_holidays_4h,1017.75,0,796.982,1814.73,0
Surocciden,2027_Q3_holidays_5h,1035.22,0,823.313,1858.53,0
Surocciden,2027_Q3_holidays_6h,1084.48,0,865.721,1950.2,0
Surocciden,2027_Q3_holidays_7h,1155.85,0,845.254,2001.1,0
Surocciden,2027_Q3_holidays_8h,1263.1,0,865.78,2128.88,0
Surocciden,2027_Q3_holidays_9h,1364.07,0,888.264,2252.33,0
Surocciden,2027_Q3_holidays_10h,1436.6,0,897.091,2333.69,0
Surocciden,2027_Q3_holidays_11h,1493.41,0,931.305,2424.71,0
Surocciden,2027_Q3_holidays_12h,1520.3,0,974.499,2494.79,0
Surocciden,2027_Q3_holidays_13h,1492.19,0,986.814,2479,0
Surocciden,2027_Q3_holidays_14h,1475.52,0,1030.49,2506.01,0
Surocciden,2027_Q3_holidays_15h,1471.59,0,1076.55,2548.14,0
Surocciden,2027_Q3_holidays_16h,1427.54,0,1120.3,2547.84,0
Surocciden,2027_Q3_holidays_17h,1366.85,0,1142.11,2508.97,0
Surocciden,2027_Q3_holidays_18h,1304.56,0,1119.06,2423.62,0
Surocciden,2027_Q3_holidays_19h,1350.32,0,1157.55,2507.87,0
Surocciden,2027_Q3_holidays_20h,1396.1,0,1192.47,2588.57,0
Surocciden,2027_Q3_holidays_21h,1369.61,0,1172.63,2542.24,0
Surocciden,2027_Q3_holidays_22h,1306.46,0,1120.12,2426.58,0
Surocciden,2027_Q3_holidays_23h,1205.89,0,1058.34,2264.24,0
Surocciden,2027_Q4_labor_0h,1317.45,0,850.628,2168.07,0
Surocciden,2027_Q4_labor_1h,1237.99,0,825.164,2063.15,0
Surocciden,2027_Q4_labor_2h,1174.79,0,817.589,1992.38,0
Surocciden,2027_Q4_labor_3h,1121.89,0,818.653,1940.55,0
Surocciden,2027_Q4_labor_4h,1089.15,0,821.597,1910.75,0
Surocciden,2027_Q4_labor_5h,1113.83,0,816.985,1930.81,0
Surocciden,2027_Q4_labor_6h,1169.79,0,812.757,1982.54,0
Surocciden,2027_Q4_labor_7h,1209.61,0,805.257,2014.87,0
Surocciden,2027_Q4_labor_8h,1337.7,0,796.259,2133.96,0
Surocciden,2027_Q4_labor_9h,1462.58,0,790.568,2253.15,0
Surocciden,2027_Q4_labor_10h,1548.91,0,787.549,2336.46,0
Surocciden,2027_Q4_labor_11h,1628.97,0,791.186,2420.15,0
Surocciden,2027_Q4_labor_12h,1683.1,0,800.621,2483.72,0
Surocciden,2027_Q4_labor_13h,1667.14,0,812.856,2480,0
Surocciden,2027_Q4_labor_14h,1648.84,0,840.521,2489.36,0
Surocciden,2027_Q4_labor_15h,1626.9,0,879.834,2506.73,0
Surocciden,2027_Q4_labor_16h,1586.08,0,912.487,2498.57,0
Surocciden,2027_Q4_labor_17h,1534.29,0,933.488,2467.78,0
Surocciden,2027_Q4_labor_18h,1512.87,0,941.298,2454.17,0
Surocciden,2027_Q4_labor_19h,1605.81,0,982.186,2588,0
Surocciden,2027_Q4_labor_20h,1606.57,0,982.389,2588.96,0
Surocciden,2027_Q4_labor_21h,1569.78,0,967.764,2537.55,0
Surocciden,2027_Q4_labor_22h,1501.77,0,935.66,2437.43,0
Surocciden,2027_Q4_labor_23h,1410.54,0,890.666,2301.2,0
Surocciden,2027_Q4_holidays_0h,1289.61,0,923.249,2212.86,0
Surocciden,2027_Q4_holidays_1h,1075.95,0,974.457,2050.4,0
Surocciden,2027_Q4_holidays_2h,962.453,0,1016.58,1979.04,0
Surocciden,2027_Q4_holidays_3h,894.698,0,1041.5,1936.2,0
Surocciden,2027_Q4_holidays_4h,867.47,0,1051.25,1918.72,0
Surocciden,2027_Q4_holidays_5h,939.081,0,1025.45,1964.53,0
Surocciden,2027_Q4_holidays_6h,1075.74,0,976.097,2051.84,0
Surocciden,2027_Q4_holidays_7h,1148.87,0,952.813,2101.68,0
Surocciden,2027_Q4_holidays_8h,1336.66,0,891.577,2228.23,0
Surocciden,2027_Q4_holidays_9h,1509.78,0,848.919,2358.69,0
Surocciden,2027_Q4_holidays_10h,1603.67,0,830.366,2434.04,0
Surocciden,2027_Q4_holidays_11h,1688.67,0,835.349,2524.02,0
Surocciden,2027_Q4_holidays_12h,1723.03,0,860.298,2583.33,0
Surocciden,2027_Q4_holidays_13h,1696.54,0,875.779,2572.32,0
Surocciden,2027_Q4_holidays_14h,1670.65,0,934.501,2605.15,0
Surocciden,2027_Q4_holidays_15h,1632.84,0,1013.38,2646.22,0
Surocciden,2027_Q4_holidays_16h,1577.84,0,1069.63,2647.48,0
Surocciden,2027_Q4_holidays_17h,1517.52,0,1094.41,2611.93,0
Surocciden,2027_Q4_holidays_18h,1481.2,0,1086.01,2567.21,0
Surocciden,2027_Q4_holidays_19h,1536.77,0,1153.53,2690.3,0
Surocciden,2027_Q4_holidays_20h,1537.68,0,1154.47,2692.15,0
Surocciden,2027_Q4_holidays_21h,1509.57,0,1125.34,2634.92,0
Surocciden,2027_Q4_holidays_22h,1463.44,0,1061.84,2525.28,0
Surocciden,2027_Q4_holidays_23h,1391.94,0,968.954,2360.89,0
Surocciden,2028_Q1_labor_0h,1591.82,0,471.429,2063.25,0
Surocciden,2028_Q1_labor_1h,1500.8,0,470.69,1971.49,0
Surocciden,2028_Q1_labor_2h,1434.32,0,470.215,1904.53,0
Surocciden,2028_Q1_labor_3h,1384.78,0,469.91,1854.69,0
Surocciden,2028_Q1_labor_4h,1357.34,0,469.691,1827.03,0
Surocciden,2028_Q1_labor_5h,1375.97,0,469.823,1845.79,0
Surocciden,2028_Q1_labor_6h,1434.81,0,470.23,1905.04,0
Surocciden,2028_Q1_labor_7h,1461.88,0,470.546,1932.43,0
Surocciden,2028_Q1_labor_8h,1568.49,0,471.556,2040.04,0
Surocciden,2028_Q1_labor_9h,1692.13,0,472.441,2164.57,0
Surocciden,2028_Q1_labor_10h,1773.03,0,472.885,2245.91,0
Surocciden,2028_Q1_labor_11h,1851.07,0,473.386,2324.46,0
Surocciden,2028_Q1_labor_12h,1913.33,0,474.172,2387.51,0
Surocciden,2028_Q1_labor_13h,1907.94,0,474.394,2382.34,0
Surocciden,2028_Q1_labor_14h,1909.97,0,474.823,2384.8,0
Surocciden,2028_Q1_labor_15h,1924.91,0,475.34,2400.25,0
Surocciden,2028_Q1_labor_16h,1915.28,0,477.273,2392.56,0
Surocciden,2028_Q1_labor_17h,1876.03,0,479.116,2355.14,0
Surocciden,2028_Q1_labor_18h,1839.58,0,479.04,2318.62,0
Surocciden,2028_Q1_labor_19h,1966.68,0,483.508,2450.19,0
Surocciden,2028_Q1_labor_20h,1996.97,0,484.726,2481.7,0
Surocciden,2028_Q1_labor_21h,1940.74,0,482.362,2423.1,0
Surocciden,2028_Q1_labor_22h,1843.65,0,478.963,2322.61,0
Surocciden,2028_Q1_labor_23h,1715.16,0,474.806,2189.96,0
Surocciden,2028_Q1_holidays_0h,1377.82,0,692.816,2070.64,0
Surocciden,2028_Q1_holidays_1h,1200.99,0,677.071,1878.06,0
Surocciden,2028_Q1_holidays_2h,1128.26,0,685.271,1813.53,0
Surocciden,2028_Q1_holidays_3h,1080.56,0,694.007,1774.57,0
Surocciden,2028_Q1_holidays_4h,1065.65,0,697.677,1763.33,0
Surocciden,2028_Q1_holidays_5h,1109.64,0,688.567,1798.21,0
Surocciden,2028_Q1_holidays_6h,1208.53,0,675.938,1884.47,0
Surocciden,2028_Q1_holidays_7h,1268.58,0,667.261,1935.84,0
Surocciden,2028_Q1_holidays_8h,1403.97,0,654.691,2058.66,0
Surocciden,2028_Q1_holidays_9h,1541.17,0,648.583,2189.76,0
Surocciden,2028_Q1_holidays_10h,1632.52,0,645.744,2278.26,0
Surocciden,2028_Q1_holidays_11h,1711.22,0,649.784,2361.01,0
Surocciden,2028_Q1_holidays_12h,1763.64,0,663.071,2426.71,0
Surocciden,2028_Q1_holidays_13h,1747.96,0,672.826,2420.79,0
Surocciden,2028_Q1_holidays_14h,1733.47,0,701.008,2434.48,0
Surocciden,2028_Q1_holidays_15h,1714.8,0,751.55,2466.35,0
Surocciden,2028_Q1_holidays_16h,1674.78,0,786.783,2461.56,0
Surocciden,2028_Q1_holidays_17h,1617.12,0,804.322,2421.44,0
Surocciden,2028_Q1_holidays_18h,1569.57,0,798.954,2368.52,0
Surocciden,2028_Q1_holidays_19h,1649.06,0,846.24,2495.3,0
Surocciden,2028_Q1_holidays_20h,1675.15,0,857.313,2532.47,0
Surocciden,2028_Q1_holidays_21h,1641.39,0,833.358,2474.75,0
Surocciden,2028_Q1_holidays_22h,1577.1,0,791.008,2368.11,0
Surocciden,2028_Q1_holidays_23h,1484.09,0,730.604,2214.7,0
Surocciden,2028_Q2_labor_0h,1452.46,0,635.447,2087.91,0
Surocciden,2028_Q2_labor_1h,1334.97,0,630.463,1965.43,0
Surocciden,2028_Q2_labor_2h,1270.02,0,629.64,1899.66,0
Surocciden,2028_Q2_labor_3h,1221.21,0,631.598,1852.81,0
Surocciden,2028_Q2_labor_4h,1198.19,0,633.431,1831.62,0
Surocciden,2028_Q2_labor_5h,1238.76,0,631.428,1870.19,0
Surocciden,2028_Q2_labor_6h,1335.41,0,627.332,1962.74,0
Surocciden,2028_Q2_labor_7h,1382.17,0,620.07,2002.24,0
Surocciden,2028_Q2_labor_8h,1507.73,0,612.774,2120.51,0
Surocciden,2028_Q2_labor_9h,1633.41,0,609.604,2243.02,0
Surocciden,2028_Q2_labor_10h,1713.66,0,606.73,2320.39,0
Surocciden,2028_Q2_labor_11h,1793.35,0,610.568,2403.91,0
Surocciden,2028_Q2_labor_12h,1847.88,0,619.044,2466.93,0
Surocciden,2028_Q2_labor_13h,1825.03,0,622.738,2447.77,0
Surocciden,2028_Q2_labor_14h,1822.81,0,637.558,2460.37,0
Surocciden,2028_Q2_labor_15h,1831.23,0,657.554,2488.78,0
Surocciden,2028_Q2_labor_16h,1813.83,0,673.846,2487.67,0
Surocciden,2028_Q2_labor_17h,1762.93,0,684.821,2447.75,0
Surocciden,2028_Q2_labor_18h,1702.49,0,681.873,2384.36,0
Surocciden,2028_Q2_labor_19h,1796.02,0,706.116,2502.13,0
Surocciden,2028_Q2_labor_20h,1834.59,0,718.422,2553.01,0
Surocciden,2028_Q2_labor_21h,1790.07,0,704.427,2494.5,0
Surocciden,2028_Q2_labor_22h,1701.72,0,678.117,2379.83,0
Surocciden,2028_Q2_labor_23h,1574.07,0,651.448,2225.51,0
Surocciden,2028_Q2_holidays_0h,1287.78,0,667.617,1955.4,0
Surocciden,2028_Q2_holidays_1h,1281.18,0,662.988,1944.17,0
Surocciden,2028_Q2_holidays_2h,1235.18,0,632.824,1868.01,0
Surocciden,2028_Q2_holidays_3h,1196.13,0,613.435,1809.56,0
Surocciden,2028_Q2_holidays_4h,1166.95,0,601.135,1768.09,0
Surocciden,2028_Q2_holidays_5h,1151.16,0,596.876,1748.04,0
Surocciden,2028_Q2_holidays_6h,1139.77,0,582.257,1722.03,0
Surocciden,2028_Q2_holidays_7h,1122.87,0,562.411,1685.28,0
Surocciden,2028_Q2_holidays_8h,1206.93,0,551.039,1757.97,0
Surocciden,2028_Q2_holidays_9h,1308.38,0,543.914,1852.29,0
Surocciden,2028_Q2_holidays_10h,1398.09,0,541.328,1939.42,0
Surocciden,2028_Q2_holidays_11h,1465.91,0,544.891,2010.8,0
Surocciden,2028_Q2_holidays_12h,1512.02,0,557.443,2069.47,0
Surocciden,2028_Q2_holidays_13h,1519.35,0,575.867,2095.22,0
Surocciden,2028_Q2_holidays_14h,1494.19,0,599.699,2093.89,0
Surocciden,2028_Q2_holidays_15h,1441.69,0,624.592,2066.29,0
Surocciden,2028_Q2_holidays_16h,1391.39,0,653.555,2044.94,0
Surocciden,2028_Q2_holidays_17h,1345.64,0,681.986,2027.63,0
Surocciden,2028_Q2_holidays_18h,1333.15,0,698.388,2031.54,0
Surocciden,2028_Q2_holidays_19h,1432.93,0,766.241,2199.17,0
Surocciden,2028_Q2_holidays_20h,1482.82,0,791.327,2274.15,0
Surocciden,2028_Q2_holidays_21h,1465.44,0,780.384,2245.82,0
Surocciden,2028_Q2_holidays_22h,1420.85,0,752.234,2173.08,0
Surocciden,2028_Q2_holidays_23h,1356.8,0,712.214,2069.02,0
Surocciden,2028_Q3_labor_0h,1257.06,0,907.259,2164.32,0
Surocciden,2028_Q3_labor_1h,1145.06,0,894.484,2039.54,0
Surocciden,2028_Q3_labor_2h,1083.13,0,885.35,1968.48,0
Surocciden,2028_Q3_labor_3h,1041.47,0,876.338,1917.81,0
Surocciden,2028_Q3_labor_4h,1022.65,0,871.093,1893.74,0
Surocciden,2028_Q3_labor_5h,1045.23,0,878.794,1924.02,0
Surocciden,2028_Q3_labor_6h,1111.78,0,882.58,1994.36,0
Surocciden,2028_Q3_labor_7h,1176.2,0,863.5,2039.7,0
Surocciden,2028_Q3_labor_8h,1319.04,0,849.646,2168.69,0
Surocciden,2028_Q3_labor_9h,1461.39,0,834.697,2296.08,0
Surocciden,2028_Q3_labor_10h,1555.73,0,822.297,2378.03,0
Surocciden,2028_Q3_labor_11h,1646.71,0,819.452,2466.16,0
Surocciden,2028_Q3_labor_12h,1704.77,0,827.086,2531.86,0
Surocciden,2028_Q3_labor_13h,1681.37,0,836.337,2517.71,0
Surocciden,2028_Q3_labor_14h,1669.25,0,861.802,2531.06,0
Surocciden,2028_Q3_labor_15h,1672.47,0,886.84,2559.31,0
Surocciden,2028_Q3_labor_16h,1647.54,0,905.561,2553.1,0
Surocciden,2028_Q3_labor_17h,1590.26,0,924.748,2515,0
Surocciden,2028_Q3_labor_18h,1514.38,0,929.991,2444.37,0
Surocciden,2028_Q3_labor_19h,1595.21,0,946.259,2541.47,0
Surocciden,2028_Q3_labor_20h,1666.17,0,948.878,2615.04,0
Surocciden,2028_Q3_labor_21h,1618.24,0,947.561,2565.8,0
Surocciden,2028_Q3_labor_22h,1526.21,0,930.766,2456.98,0
Surocciden,2028_Q3_labor_23h,1392.97,0,913.707,2306.68,0
Surocciden,2028_Q3_holidays_0h,1210.54,0,809.5,2020.04,0
Surocciden,2028_Q3_holidays_1h,1199.91,0,797.193,1997.1,0
Surocciden,2028_Q3_holidays_2h,1170.89,0,753.276,1924.17,0
Surocciden,2028_Q3_holidays_3h,1149.85,0,715.689,1865.53,0
Surocciden,2028_Q3_holidays_4h,1135.41,0,685.949,1821.36,0
Surocciden,2028_Q3_holidays_5h,1128.19,0,668.807,1797,0
Surocciden,2028_Q3_holidays_6h,1138.43,0,629.39,1767.82,0
Surocciden,2028_Q3_holidays_7h,1184.41,0,541.622,1726.03,0
Surocciden,2028_Q3_holidays_8h,1277.06,0,522.584,1799.64,0
Surocciden,2028_Q3_holidays_9h,1370.38,0,522.226,1892.6,0
Surocciden,2028_Q3_holidays_10h,1444.1,0,528.352,1972.45,0
Surocciden,2028_Q3_holidays_11h,1490.53,0,547.469,2038,0
Surocciden,2028_Q3_holidays_12h,1507.1,0,585.798,2092.9,0
Surocciden,2028_Q3_holidays_13h,1494.19,0,630.88,2125.07,0
Surocciden,2028_Q3_holidays_14h,1450.37,0,676.74,2127.11,0
Surocciden,2028_Q3_holidays_15h,1383,0,718.119,2101.12,0
Surocciden,2028_Q3_holidays_16h,1313.2,0,764.882,2078.08,0
Surocciden,2028_Q3_holidays_17h,1250.56,0,810.169,2060.73,0
Surocciden,2028_Q3_holidays_18h,1227.05,0,835.937,2062.99,0
Surocciden,2028_Q3_holidays_19h,1287.06,0,927.111,2214.17,0
Surocciden,2028_Q3_holidays_20h,1322.32,0,991.146,2313.46,0
Surocciden,2028_Q3_holidays_21h,1314.81,0,976.267,2291.08,0
Surocciden,2028_Q3_holidays_22h,1293.01,0,937.56,2230.57,0
Surocciden,2028_Q3_holidays_23h,1255.32,0,875.124,2130.44,0
Surocciden,2028_Q4_labor_0h,1304.69,0,957.83,2262.52,0
Surocciden,2028_Q4_labor_1h,1187.91,0,945.975,2133.89,0
Surocciden,2028_Q4_labor_2h,1112.5,0,948.451,2060.95,0
Surocciden,2028_Q4_labor_3h,1053.5,0,956.948,2010.45,0
Surocciden,2028_Q4_labor_4h,1021.95,0,963.763,1985.71,0
Surocciden,2028_Q4_labor_5h,1066.64,0,951.427,2018.07,0
Surocciden,2028_Q4_labor_6h,1152.51,0,938.518,2091.03,0
Surocciden,2028_Q4_labor_7h,1213.91,0,925.353,2139.26,0
Surocciden,2028_Q4_labor_8h,1358.74,0,912.807,2271.55,0
Surocciden,2028_Q4_labor_9h,1495.6,0,904.977,2400.58,0
Surocciden,2028_Q4_labor_10h,1584.98,0,899.634,2484.62,0
Surocciden,2028_Q4_labor_11h,1669.11,0,903.922,2573.03,0
Surocciden,2028_Q4_labor_12h,1724.42,0,913.445,2637.86,0
Surocciden,2028_Q4_labor_13h,1706.76,0,920.165,2626.93,0
Surocciden,2028_Q4_labor_14h,1688.75,0,953.476,2642.23,0
Surocciden,2028_Q4_labor_15h,1672.23,0,999.112,2671.34,0
Surocciden,2028_Q4_labor_16h,1632.57,0,1033.15,2665.72,0
Surocciden,2028_Q4_labor_17h,1577.06,0,1053.39,2630.45,0
Surocciden,2028_Q4_labor_18h,1544.72,0,1057.28,2602,0
Surocciden,2028_Q4_labor_19h,1641.4,0,1088.84,2730.24,0
Surocciden,2028_Q4_labor_20h,1637.86,0,1087.91,2725.77,0
Surocciden,2028_Q4_labor_21h,1593.04,0,1074.86,2667.89,0
Surocciden,2028_Q4_labor_22h,1512.83,0,1044.11,2556.94,0
Surocciden,2028_Q4_labor_23h,1408,0,997.446,2405.45,0
Surocciden,2028_Q4_holidays_0h,1197.05,0,905.741,2102.79,0
Surocciden,2028_Q4_holidays_1h,1168.61,0,890.274,2058.89,0
Surocciden,2028_Q4_holidays_2h,1106.27,0,879.345,1985.61,0
Surocciden,2028_Q4_holidays_3h,1035.08,0,889.1,1924.18,0
Surocciden,2028_Q4_holidays_4h,960.324,0,910.104,1870.43,0
Surocciden,2028_Q4_holidays_5h,926.017,0,921.482,1847.5,0
Surocciden,2028_Q4_holidays_6h,879.61,0,939.736,1819.35,0
Surocciden,2028_Q4_holidays_7h,809.41,0,971.653,1781.06,0
Surocciden,2028_Q4_holidays_8h,902.996,0,950.613,1853.61,0
Surocciden,2028_Q4_holidays_9h,1045.55,0,904.87,1950.42,0
Surocciden,2028_Q4_holidays_10h,1181.14,0,857.547,2038.69,0
Surocciden,2028_Q4_holidays_11h,1306.11,0,811.996,2118.11,0
Surocciden,2028_Q4_holidays_12h,1395.87,0,787.186,2183.06,0
Surocciden,2028_Q4_holidays_13h,1424.4,0,789.891,2214.29,0
Surocciden,2028_Q4_holidays_14h,1406.25,0,807.953,2214.2,0
Surocciden,2028_Q4_holidays_15h,1356.4,0,832.737,2189.13,0
Surocciden,2028_Q4_holidays_16h,1302.89,0,870.825,2173.72,0
Surocciden,2028_Q4_holidays_17h,1248.34,0,910.124,2158.46,0
Surocciden,2028_Q4_holidays_18h,1246.26,0,952.712,2198.97,0
Surocciden,2028_Q4_holidays_19h,1328.97,0,1054.4,2383.37,0
Surocciden,2028_Q4_holidays_20h,1346.01,0,1072.03,2418.05,0
Surocciden,2028_Q4_holidays_21h,1331.33,0,1057.3,2388.63,0
Surocciden,2028_Q4_holidays_22h,1301.91,0,1020.8,2322.71,0
Surocciden,2028_Q4_holidays_23h,1256.8,0,963.663,2220.46,0
Surocciden,2029_Q1_labor_0h,1596.2,0,540.971,2137.17,0
Surocciden,2029_Q1_labor_1h,1470.84,0,538.345,2009.19,0
Surocciden,2029_Q1_labor_2h,1403.48,0,537.313,1940.8,0
Surocciden,2029_Q1_labor_3h,1355.85,0,536.772,1892.62,0
Surocciden,2029_Q1_labor_4h,1330.26,0,536.55,1866.81,0
Surocciden,2029_Q1_labor_5h,1354.4,0,536.749,1891.15,0
Surocciden,2029_Q1_labor_6h,1424.9,0,537.02,1961.92,0
Surocciden,2029_Q1_labor_7h,1460.8,0,535.72,1996.52,0
Surocciden,2029_Q1_labor_8h,1574.83,0,535.083,2109.92,0
Surocciden,2029_Q1_labor_9h,1702.53,0,534.849,2237.38,0
Surocciden,2029_Q1_labor_10h,1785.94,0,534.514,2320.45,0
Surocciden,2029_Q1_labor_11h,1867.91,0,534.836,2402.74,0
Surocciden,2029_Q1_labor_12h,1934.44,0,535.926,2470.36,0
Surocciden,2029_Q1_labor_13h,1928.68,0,536.836,2465.51,0
Surocciden,2029_Q1_labor_14h,1936.12,0,539.147,2475.26,0
Surocciden,2029_Q1_labor_15h,1959.14,0,543.281,2502.42,0
Surocciden,2029_Q1_labor_16h,1949.41,0,547.581,2496.99,0
Surocciden,2029_Q1_labor_17h,1906.81,0,550.569,2457.38,0
Surocciden,2029_Q1_labor_18h,1860.36,0,550.317,2410.68,0
Surocciden,2029_Q1_labor_19h,1984.54,0,556.589,2541.13,0
Surocciden,2029_Q1_labor_20h,2017.92,0,558.489,2576.41,0
Surocciden,2029_Q1_labor_21h,1963.35,0,555.195,2518.55,0
Surocciden,2029_Q1_labor_22h,1865.52,0,550.322,2415.84,0
Surocciden,2029_Q1_labor_23h,1728.87,0,544.908,2273.77,0
Surocciden,2029_Q1_holidays_0h,1352.88,0,708.684,2061.56,0
Surocciden,2029_Q1_holidays_1h,1353.8,0,707.63,2061.43,0
Surocciden,2029_Q1_holidays_2h,1294.03,0,697.531,1991.56,0
Surocciden,2029_Q1_holidays_3h,1240.08,0,692.583,1932.66,0
Surocciden,2029_Q1_holidays_4h,1212.74,0,692.533,1905.27,0
Surocciden,2029_Q1_holidays_5h,1219.03,0,692.423,1911.45,0
Surocciden,2029_Q1_holidays_6h,1252.52,0,690.079,1942.6,0
Surocciden,2029_Q1_holidays_7h,1277.33,0,680.341,1957.67,0
Surocciden,2029_Q1_holidays_8h,1400.47,0,668.585,2069.05,0
Surocciden,2029_Q1_holidays_9h,1545.71,0,663.094,2208.8,0
Surocciden,2029_Q1_holidays_10h,1643.68,0,660.514,2304.19,0
Surocciden,2029_Q1_holidays_11h,1717.56,0,663.624,2381.18,0
Surocciden,2029_Q1_holidays_12h,1759,0,673.987,2432.98,0
Surocciden,2029_Q1_holidays_13h,1740.53,0,683.536,2424.07,0
Surocciden,2029_Q1_holidays_14h,1696.35,0,699.098,2395.45,0
Surocciden,2029_Q1_holidays_15h,1638.98,0,722.739,2361.72,0
Surocciden,2029_Q1_holidays_16h,1588.28,0,753.684,2341.97,0
Surocciden,2029_Q1_holidays_17h,1531.16,0,775.859,2307.02,0
Surocciden,2029_Q1_holidays_18h,1514.3,0,791.967,2306.27,0
Surocciden,2029_Q1_holidays_19h,1613.09,0,853.791,2466.88,0
Surocciden,2029_Q1_holidays_20h,1628.46,0,859.964,2488.42,0
Surocciden,2029_Q1_holidays_21h,1585.98,0,828.25,2414.23,0
Surocciden,2029_Q1_holidays_22h,1517.61,0,782.015,2299.62,0
Surocciden,2029_Q1_holidays_23h,1438.41,0,735.463,2173.87,0
Surocciden,2029_Q2_labor_0h,1468.86,0,666.489,2135.35,0
Surocciden,2029_Q2_labor_1h,1355.04,0,658.347,2013.39,0
Surocciden,2029_Q2_labor_2h,1288.42,0,656.529,1944.95,0
Surocciden,2029_Q2_labor_3h,1238.27,0,657.082,1895.36,0
Surocciden,2029_Q2_labor_4h,1213.04,0,658.112,1871.15,0
Surocciden,2029_Q2_labor_5h,1248.88,0,657.227,1906.11,0
Surocciden,2029_Q2_labor_6h,1338.99,0,654.986,1993.98,0
Surocciden,2029_Q2_labor_7h,1373.6,0,647.547,2021.15,0
Surocciden,2029_Q2_labor_8h,1491.69,0,640.465,2132.15,0
Surocciden,2029_Q2_labor_9h,1615.02,0,636.166,2251.19,0
Surocciden,2029_Q2_labor_10h,1697.34,0,633.057,2330.39,0
Surocciden,2029_Q2_labor_11h,1780.55,0,634.868,2415.42,0
Surocciden,2029_Q2_labor_12h,1840.79,0,640.773,2481.56,0
Surocciden,2029_Q2_labor_13h,1823.18,0,644.767,2467.95,0
Surocciden,2029_Q2_labor_14h,1828.39,0,657.294,2485.69,0
Surocciden,2029_Q2_labor_15h,1838.42,0,676.916,2515.33,0
Surocciden,2029_Q2_labor_16h,1818.4,0,694.675,2513.08,0
Surocciden,2029_Q2_labor_17h,1769.08,0,705.175,2474.25,0
Surocciden,2029_Q2_labor_18h,1709.03,0,703.588,2412.62,0
Surocciden,2029_Q2_labor_19h,1815.71,0,722.068,2537.78,0
Surocciden,2029_Q2_labor_20h,1866.52,0,729.921,2596.44,0
Surocciden,2029_Q2_labor_21h,1820.89,0,721.307,2542.2,0
Surocciden,2029_Q2_labor_22h,1726.98,0,704.185,2431.17,0
Surocciden,2029_Q2_labor_23h,1594.64,0,682.259,2276.9,0
Surocciden,2029_Q2_holidays_0h,1212.42,0,893.992,2106.41,0
Surocciden,2029_Q2_holidays_1h,1188.17,0,881.188,2069.35,0
Surocciden,2029_Q2_holidays_2h,1130.57,0,864.588,1995.16,0
Surocciden,2029_Q2_holidays_3h,1078.47,0,864.591,1943.06,0
Surocciden,2029_Q2_holidays_4h,1046.31,0,868.479,1914.79,0
Surocciden,2029_Q2_holidays_5h,1055.3,0,867.843,1923.15,0
Surocciden,2029_Q2_holidays_6h,1081.08,0,860.609,1941.68,0
Surocciden,2029_Q2_holidays_7h,1142.4,0,843.54,1985.94,0
Surocciden,2029_Q2_holidays_8h,1312.85,0,813.667,2126.51,0
Surocciden,2029_Q2_holidays_9h,1459.98,0,807.123,2267.1,0
Surocciden,2029_Q2_holidays_10h,1553.77,0,806.089,2359.86,0
Surocciden,2029_Q2_holidays_11h,1617.82,0,821.616,2439.43,0
Surocciden,2029_Q2_holidays_12h,1643.77,0,848.582,2492.35,0
Surocciden,2029_Q2_holidays_13h,1616.1,0,865.569,2481.67,0
Surocciden,2029_Q2_holidays_14h,1560.56,0,890.838,2451.4,0
Surocciden,2029_Q2_holidays_15h,1493.13,0,927.53,2420.66,0
Surocciden,2029_Q2_holidays_16h,1436.18,0,969.221,2405.4,0
Surocciden,2029_Q2_holidays_17h,1378.71,0,994.926,2373.63,0
Surocciden,2029_Q2_holidays_18h,1350.4,0,1005.03,2355.43,0
Surocciden,2029_Q2_holidays_19h,1442.06,0,1062.62,2504.68,0
Surocciden,2029_Q2_holidays_20h,1470.73,0,1073.2,2543.94,0
Surocciden,2029_Q2_holidays_21h,1426.06,0,1052.03,2478.09,0
Surocciden,2029_Q2_holidays_22h,1355.95,0,1004.24,2360.18,0
Surocciden,2029_Q2_holidays_23h,1281.37,0,943.179,2224.55,0
Surocciden,2029_Q3_labor_0h,1294.83,0,920.605,2215.43,0
Surocciden,2029_Q3_labor_1h,1170.96,0,914.059,2085.02,0
Surocciden,2029_Q3_labor_2h,1102.64,0,909.521,2012.17,0
Surocciden,2029_Q3_labor_3h,1056.18,0,903.3,1959.48,0
Surocciden,2029_Q3_labor_4h,1033.83,0,898.897,1932.73,0
Surocciden,2029_Q3_labor_5h,1055.3,0,903.843,1959.14,0
Surocciden,2029_Q3_labor_6h,1120.67,0,903.656,2024.33,0
Surocciden,2029_Q3_labor_7h,1175.87,0,880.931,2056.8,0
Surocciden,2029_Q3_labor_8h,1317.09,0,861.935,2179.02,0
Surocciden,2029_Q3_labor_9h,1459.92,0,842.964,2302.88,0
Surocciden,2029_Q3_labor_10h,1557.55,0,828.183,2385.74,0
Surocciden,2029_Q3_labor_11h,1651.69,0,822.799,2474.49,0
Surocciden,2029_Q3_labor_12h,1713.37,0,829.329,2542.7,0
Surocciden,2029_Q3_labor_13h,1696.26,0,840.189,2536.45,0
Surocciden,2029_Q3_labor_14h,1689.4,0,866.577,2555.97,0
Surocciden,2029_Q3_labor_15h,1678.57,0,906.077,2584.65,0
Surocciden,2029_Q3_labor_16h,1638.45,0,939.295,2577.75,0
Surocciden,2029_Q3_labor_17h,1576.56,0,964.049,2540.61,0
Surocciden,2029_Q3_labor_18h,1509.41,0,963.567,2472.98,0
Surocciden,2029_Q3_labor_19h,1587.91,0,990.293,2578.2,0
Surocciden,2029_Q3_labor_20h,1665.35,0,996.296,2661.65,0
Surocciden,2029_Q3_labor_21h,1622.59,0,995.386,2617.98,0
Surocciden,2029_Q3_labor_22h,1538.95,0,973.451,2512.41,0
Surocciden,2029_Q3_labor_23h,1422.91,0,938.158,2361.07,0
Surocciden,2029_Q3_holidays_0h,1145.87,0,1018.71,2164.58,0
Surocciden,2029_Q3_holidays_1h,1139.62,0,1012.88,2152.5,0
Surocciden,2029_Q3_holidays_2h,1107.49,0,967.785,2075.28,0
Surocciden,2029_Q3_holidays_3h,1084.24,0,933.658,2017.9,0
Surocciden,2029_Q3_holidays_4h,1069.64,0,914.7,1984.34,0
Surocciden,2029_Q3_holidays_5h,1071.8,0,916.468,1988.27,0
Surocciden,2029_Q3_holidays_6h,1096.03,0,906.273,2002.31,0
Surocciden,2029_Q3_holidays_7h,1170.71,0,875.036,2045.74,0
Surocciden,2029_Q3_holidays_8h,1299.96,0,886.237,2186.19,0
Surocciden,2029_Q3_holidays_9h,1422.74,0,903.923,2326.66,0
Surocciden,2029_Q3_holidays_10h,1509.68,0,908.634,2418.31,0
Surocciden,2029_Q3_holidays_11h,1569.82,0,928.311,2498.13,0
Surocciden,2029_Q3_holidays_12h,1592.47,0,958.896,2551.37,0
Surocciden,2029_Q3_holidays_13h,1559.94,0,973.977,2533.91,0
Surocciden,2029_Q3_holidays_14h,1500.43,0,1000.49,2500.92,0
Surocciden,2029_Q3_holidays_15h,1433.36,0,1043.37,2476.72,0
Surocciden,2029_Q3_holidays_16h,1366.02,0,1090.08,2456.1,0
Surocciden,2029_Q3_holidays_17h,1300,0,1125.45,2425.45,0
Surocciden,2029_Q3_holidays_18h,1262.86,0,1133.8,2396.67,0
Surocciden,2029_Q3_holidays_19h,1329.61,0,1191.1,2520.71,0
Surocciden,2029_Q3_holidays_20h,1360.85,0,1215.54,2576.39,0
Surocciden,2029_Q3_holidays_21h,1323.84,0,1186.67,2510.51,0
Surocciden,2029_Q3_holidays_22h,1269.61,0,1138.97,2408.59,0
Surocciden,2029_Q3_holidays_23h,1203.04,0,1081.32,2284.36,0
Surocciden,2029_Q4_labor_0h,1307.24,0,1011.82,2319.06,0
Surocciden,2029_Q4_labor_1h,1189.81,0,986.565,2176.37,0
Surocciden,2029_Q4_labor_2h,1120.3,0,981.866,2102.17,0
Surocciden,2029_Q4_labor_3h,1065.37,0,983.917,2049.29,0
Surocciden,2029_Q4_labor_4h,1033.07,0,987.26,2020.33,0
Surocciden,2029_Q4_labor_5h,1066.86,0,983.011,2049.87,0
Surocciden,2029_Q4_labor_6h,1142.77,0,975.561,2118.33,0
Surocciden,2029_Q4_labor_7h,1198.22,0,956.938,2155.16,0
Surocciden,2029_Q4_labor_8h,1344.59,0,936.695,2281.29,0
Surocciden,2029_Q4_labor_9h,1483.35,0,923.724,2407.08,0
Surocciden,2029_Q4_labor_10h,1576.96,0,915.168,2492.13,0
Surocciden,2029_Q4_labor_11h,1660.01,0,922.857,2582.87,0
Surocciden,2029_Q4_labor_12h,1711.17,0,941.96,2653.13,0
Surocciden,2029_Q4_labor_13h,1697.05,0,952.324,2649.37,0
Surocciden,2029_Q4_labor_14h,1694.35,0,975.497,2669.84,0
Surocciden,2029_Q4_labor_15h,1688.19,0,1011.91,2700.11,0
Surocciden,2029_Q4_labor_16h,1654.07,0,1041.84,2695.91,0
Surocciden,2029_Q4_labor_17h,1593.91,0,1067.65,2661.55,0
Surocciden,2029_Q4_labor_18h,1556.86,0,1079.51,2636.37,0
Surocciden,2029_Q4_labor_19h,1679.75,0,1094.14,2773.88,0
Surocciden,2029_Q4_labor_20h,1684.26,0,1094.63,2778.89,0
Surocciden,2029_Q4_labor_21h,1634.52,0,1093.33,2727.86,0
Surocciden,2029_Q4_labor_22h,1543.21,0,1076.4,2619.61,0
Surocciden,2029_Q4_labor_23h,1423.52,0,1042.96,2466.48,0
Surocciden,2029_Q4_holidays_0h,1297.24,0,936.677,2233.92,0
Surocciden,2029_Q4_holidays_1h,1311.45,0,938.384,2249.83,0
Surocciden,2029_Q4_holidays_2h,1227.78,0,941.064,2168.84,0
Surocciden,2029_Q4_holidays_3h,1153.06,0,957.665,2110.72,0
Surocciden,2029_Q4_holidays_4h,1105.05,0,971.192,2076.25,0
Surocciden,2029_Q4_holidays_5h,1103.41,0,971.934,2075.34,0
Surocciden,2029_Q4_holidays_6h,1118.93,0,967.559,2086.49,0
Surocciden,2029_Q4_holidays_7h,1173.51,0,950.636,2124.15,0
Surocciden,2029_Q4_holidays_8h,1364.14,0,895.547,2259.69,0
Surocciden,2029_Q4_holidays_9h,1546.94,0,855.124,2402.07,0
Surocciden,2029_Q4_holidays_10h,1664.44,0,837.552,2501.99,0
Surocciden,2029_Q4_holidays_11h,1745.09,0,840.671,2585.77,0
Surocciden,2029_Q4_holidays_12h,1773.18,0,858.549,2631.73,0
Surocciden,2029_Q4_holidays_13h,1743.83,0,875.094,2618.93,0
Surocciden,2029_Q4_holidays_14h,1686.51,0,904.027,2590.53,0
Surocciden,2029_Q4_holidays_15h,1617.7,0,945.378,2563.08,0
Surocciden,2029_Q4_holidays_16h,1545.96,0,991.656,2537.61,0
Surocciden,2029_Q4_holidays_17h,1481.4,0,1028.67,2510.07,0
Surocciden,2029_Q4_holidays_18h,1468.25,0,1058.82,2527.07,0
Surocciden,2029_Q4_holidays_19h,1538.4,0,1146.09,2684.49,0
Surocciden,2029_Q4_holidays_20h,1527.79,0,1134.73,2662.52,0
Surocciden,2029_Q4_holidays_21h,1490.11,0,1090.63,2580.75,0
Surocciden,2029_Q4_holidays_22h,1445.99,0,1030.66,2476.65,0
Surocciden,2029_Q4_holidays_23h,1385.57,0,968.298,2353.87,0
Surocciden,2030_Q1_labor_0h,1600.55,0,579.531,2180.08,0
Surocciden,2030_Q1_labor_1h,1497.2,0,574.889,2072.09,0
Surocciden,2030_Q1_labor_2h,1428.59,0,572.721,2001.31,0
Surocciden,2030_Q1_labor_3h,1378.23,0,571.732,1949.97,0
Surocciden,2030_Q1_labor_4h,1350.82,0,571.404,1922.22,0
Surocciden,2030_Q1_labor_5h,1371.5,0,571.578,1943.07,0
Surocciden,2030_Q1_labor_6h,1434.43,0,571.791,2006.22,0
Surocciden,2030_Q1_labor_7h,1466.51,0,569.5,2036.01,0
Surocciden,2030_Q1_labor_8h,1582.15,0,567.913,2150.06,0
Surocciden,2030_Q1_labor_9h,1713.62,0,566.904,2280.53,0
Surocciden,2030_Q1_labor_10h,1802.82,0,565.911,2368.74,0
Surocciden,2030_Q1_labor_11h,1885.55,0,566.413,2451.97,0
Surocciden,2030_Q1_labor_12h,1950.3,0,568.74,2519.04,0
Surocciden,2030_Q1_labor_13h,1944.39,0,570.84,2515.23,0
Surocciden,2030_Q1_labor_14h,1943.55,0,575.624,2519.17,0
Surocciden,2030_Q1_labor_15h,1951.37,0,583.481,2534.85,0
Surocciden,2030_Q1_labor_16h,1934.59,0,591.453,2526.04,0
Surocciden,2030_Q1_labor_17h,1889.37,0,598.019,2487.39,0
Surocciden,2030_Q1_labor_18h,1850.95,0,599.253,2450.2,0
Surocciden,2030_Q1_labor_19h,1981.94,0,610.93,2592.87,0
Surocciden,2030_Q1_labor_20h,2016.76,0,612.71,2629.47,0
Surocciden,2030_Q1_labor_21h,1960.38,0,607.561,2567.94,0
Surocciden,2030_Q1_labor_22h,1862.33,0,598.837,2461.17,0
Surocciden,2030_Q1_labor_23h,1730.4,0,587.852,2318.25,0
Surocciden,2030_Q1_holidays_0h,1513.97,0,735.014,2248.98,0
Surocciden,2030_Q1_holidays_1h,1393.78,0,713.952,2107.74,0
Surocciden,2030_Q1_holidays_2h,1321.75,0,715.984,2037.73,0
Surocciden,2030_Q1_holidays_3h,1264.23,0,723.074,1987.31,0
Surocciden,2030_Q1_holidays_4h,1237.65,0,728.248,1965.9,0
Surocciden,2030_Q1_holidays_5h,1275.75,0,721.544,1997.29,0
Surocciden,2030_Q1_holidays_6h,1376.35,0,710.764,2087.12,0
Surocciden,2030_Q1_holidays_7h,1438.67,0,698.615,2137.28,0
Surocciden,2030_Q1_holidays_8h,1584.57,0,683.683,2268.25,0
Surocciden,2030_Q1_holidays_9h,1739.14,0,677.925,2417.07,0
Surocciden,2030_Q1_holidays_10h,1827.22,0,672.438,2499.66,0
Surocciden,2030_Q1_holidays_11h,1910.21,0,677.793,2588.01,0
Surocciden,2030_Q1_holidays_12h,1961.92,0,694.683,2656.6,0
Surocciden,2030_Q1_holidays_13h,1935.7,0,704.691,2640.39,0
Surocciden,2030_Q1_holidays_14h,1909.52,0,737.541,2647.06,0
Surocciden,2030_Q1_holidays_15h,1883.07,0,802.084,2685.16,0
Surocciden,2030_Q1_holidays_16h,1829.34,0,854.51,2683.85,0
Surocciden,2030_Q1_holidays_17h,1759.56,0,875.582,2635.14,0
Surocciden,2030_Q1_holidays_18h,1702.59,0,867.148,2569.74,0
Surocciden,2030_Q1_holidays_19h,1774.53,0,911.454,2685.98,0
Surocciden,2030_Q1_holidays_20h,1791.95,0,914.653,2706.6,0
Surocciden,2030_Q1_holidays_21h,1753.12,0,888.493,2641.61,0
Surocciden,2030_Q1_holidays_22h,1687.95,0,841.474,2529.42,0
Surocciden,2030_Q1_holidays_23h,1602.05,0,777.622,2379.68,0
Surocciden,2030_Q2_labor_0h,1617.4,0,569.041,2186.44,0
Surocciden,2030_Q2_labor_1h,1511.7,0,565.979,2077.68,0
Surocciden,2030_Q2_labor_2h,1440.84,0,564.848,2005.69,0
Surocciden,2030_Q2_labor_3h,1389.36,0,564.691,1954.05,0
Surocciden,2030_Q2_labor_4h,1363.11,0,564.895,1928.01,0
Surocciden,2030_Q2_labor_5h,1392.69,0,564.822,1957.51,0
Surocciden,2030_Q2_labor_6h,1468.91,0,564.129,2033.04,0
Surocciden,2030_Q2_labor_7h,1500.8,0,560.999,2061.8,0
Surocciden,2030_Q2_labor_8h,1621.65,0,558.332,2179.98,0
Surocciden,2030_Q2_labor_9h,1749.59,0,556.843,2306.44,0
Surocciden,2030_Q2_labor_10h,1835.46,0,555.75,2391.21,0
Surocciden,2030_Q2_labor_11h,1921.16,0,556.54,2477.7,0
Surocciden,2030_Q2_labor_12h,1985.11,0,558.841,2543.95,0
Surocciden,2030_Q2_labor_13h,1972.06,0,560.52,2532.58,0
Surocciden,2030_Q2_labor_14h,1977.65,0,565.007,2542.66,0
Surocciden,2030_Q2_labor_15h,1988.93,0,571.923,2560.85,0
Surocciden,2030_Q2_labor_16h,1977.09,0,578.853,2555.94,0
Surocciden,2030_Q2_labor_17h,1934.81,0,583.109,2517.92,0
Surocciden,2030_Q2_labor_18h,1881.38,0,583.019,2464.4,0
Surocciden,2030_Q2_labor_19h,2008.17,0,592.366,2600.53,0
Surocciden,2030_Q2_labor_20h,2062.45,0,597.391,2659.84,0
Surocciden,2030_Q2_labor_21h,2010.39,0,592.147,2602.54,0
Surocciden,2030_Q2_labor_22h,1903.4,0,583.532,2486.93,0
Surocciden,2030_Q2_labor_23h,1753.93,0,575.244,2329.18,0
Surocciden,2030_Q2_holidays_0h,1363.85,0,884.561,2248.41,0
Surocciden,2030_Q2_holidays_1h,1252.69,0,855.084,2107.77,0
Surocciden,2030_Q2_holidays_2h,1177.65,0,862.808,2040.46,0
Surocciden,2030_Q2_holidays_3h,1110.8,0,879.385,1990.19,0
Surocciden,2030_Q2_holidays_4h,1079.29,0,888.574,1967.86,0
Surocciden,2030_Q2_holidays_5h,1145.12,0,870.861,2015.98,0
Surocciden,2030_Q2_holidays_6h,1278.7,0,847.409,2126.11,0
Surocciden,2030_Q2_holidays_7h,1340.9,0,826.087,2166.98,0
Surocciden,2030_Q2_holidays_8h,1489.17,0,799.194,2288.37,0
Surocciden,2030_Q2_holidays_9h,1623.96,0,785.839,2409.8,0
Surocciden,2030_Q2_holidays_10h,1710.84,0,775.113,2485.95,0
Surocciden,2030_Q2_holidays_11h,1783.34,0,791.171,2574.51,0
Surocciden,2030_Q2_holidays_12h,1816.12,0,824.256,2640.37,0
Surocciden,2030_Q2_holidays_13h,1778.94,0,834.323,2613.26,0
Surocciden,2030_Q2_holidays_14h,1743.19,0,888.687,2631.88,0
Surocciden,2030_Q2_holidays_15h,1706.81,0,968.418,2675.22,0
Surocciden,2030_Q2_holidays_16h,1665.1,0,1010.13,2675.24,0
Surocciden,2030_Q2_holidays_17h,1604.8,0,1025.78,2630.58,0
Surocciden,2030_Q2_holidays_18h,1534.86,0,1016.4,2551.26,0
Surocciden,2030_Q2_holidays_19h,1609.19,0,1051.95,2661.14,0
Surocciden,2030_Q2_holidays_20h,1646.13,0,1062.15,2708.27,0
Surocciden,2030_Q2_holidays_21h,1603.43,0,1045.78,2649.21,0
Surocciden,2030_Q2_holidays_22h,1530.59,0,1004.77,2535.36,0
Surocciden,2030_Q2_holidays_23h,1444.76,0,943.948,2388.7,0
Surocciden,2030_Q3_labor_0h,1447.32,0,816.237,2263.56,0
Surocciden,2030_Q3_labor_1h,1341.37,0,809.266,2150.64,0
Surocciden,2030_Q3_labor_2h,1270.01,0,804.786,2074.8,0
Surocciden,2030_Q3_labor_3h,1221.36,0,799.14,2020.5,0
Surocciden,2030_Q3_labor_4h,1196.31,0,794.893,1991.2,0
Surocciden,2030_Q3_labor_5h,1214.35,0,798.541,2012.89,0
Surocciden,2030_Q3_labor_6h,1271.08,0,796.694,2067.77,0
Surocciden,2030_Q3_labor_7h,1325.49,0,773.583,2099.07,0
Surocciden,2030_Q3_labor_8h,1470.07,0,755.543,2225.61,0
Surocciden,2030_Q3_labor_9h,1616.75,0,737.846,2354.59,0
Surocciden,2030_Q3_labor_10h,1717.61,0,724.205,2441.81,0
Surocciden,2030_Q3_labor_11h,1811.78,0,719.548,2531.33,0
Surocciden,2030_Q3_labor_12h,1873.35,0,726.226,2599.58,0
Surocciden,2030_Q3_labor_13h,1855.89,0,736.91,2592.8,0
Surocciden,2030_Q3_labor_14h,1842.1,0,761.519,2603.62,0
Surocciden,2030_Q3_labor_15h,1822.61,0,799.169,2621.78,0
Surocciden,2030_Q3_labor_16h,1778.76,0,834.396,2613.16,0
Surocciden,2030_Q3_labor_17h,1719.11,0,858.57,2577.68,0
Surocciden,2030_Q3_labor_18h,1655.63,0,862.356,2517.98,0
Surocciden,2030_Q3_labor_19h,1743.33,0,889.956,2633.28,0
Surocciden,2030_Q3_labor_20h,1823.32,0,894.341,2717.66,0
Surocciden,2030_Q3_labor_21h,1776.3,0,893.406,2669.71,0
Surocciden,2030_Q3_labor_22h,1687.45,0,874.864,2562.32,0
Surocciden,2030_Q3_labor_23h,1573.84,0,836.379,2410.22,0
Surocciden,2030_Q3_holidays_0h,1280.75,0,1060.18,2340.93,0
Surocciden,2030_Q3_holidays_1h,1221.07,0,977.347,2198.42,0
Surocciden,2030_Q3_holidays_2h,1190.49,0,933.28,2123.77,0
Surocciden,2030_Q3_holidays_3h,1163.62,0,901.217,2064.83,0
Surocciden,2030_Q3_holidays_4h,1152.36,0,888.494,2040.85,0
Surocciden,2030_Q3_holidays_5h,1171.79,0,906.679,2078.47,0
Surocciden,2030_Q3_holidays_6h,1229.31,0,938.107,2167.42,0
Surocciden,2030_Q3_holidays_7h,1313.45,0,911.784,2225.24,0
Surocciden,2030_Q3_holidays_8h,1442.9,0,923.017,2365.91,0
Surocciden,2030_Q3_holidays_9h,1565.05,0,936.99,2502.04,0
Surocciden,2030_Q3_holidays_10h,1649.95,0,935.101,2585.05,0
Surocciden,2030_Q3_holidays_11h,1717.01,0,961.764,2678.77,0
Surocciden,2030_Q3_holidays_12h,1746.79,0,999.048,2745.84,0
Surocciden,2030_Q3_holidays_13h,1713.99,0,1015.92,2729.92,0
Surocciden,2030_Q3_holidays_14h,1682.03,0,1070.37,2752.41,0
Surocciden,2030_Q3_holidays_15h,1652.85,0,1143.77,2796.62,0
Surocciden,2030_Q3_holidays_16h,1603.07,0,1181.46,2784.53,0
Surocciden,2030_Q3_holidays_17h,1537.26,0,1198.86,2736.13,0
Surocciden,2030_Q3_holidays_18h,1458.07,0,1187.84,2645.91,0
Surocciden,2030_Q3_holidays_19h,1517.92,0,1213.71,2731.63,0
Surocciden,2030_Q3_holidays_20h,1564.34,0,1234.22,2798.56,0
Surocciden,2030_Q3_holidays_21h,1529.53,0,1219.21,2748.74,0
Surocciden,2030_Q3_holidays_22h,1451.41,0,1184.16,2635.57,0
Surocciden,2030_Q3_holidays_23h,1353.5,0,1131.15,2484.64,0
Surocciden,2030_Q4_labor_0h,1463.55,0,901.256,2364.81,0
Surocciden,2030_Q4_labor_1h,1355.43,0,886.592,2242.03,0
Surocciden,2030_Q4_labor_2h,1279.92,0,885.311,2165.23,0
Surocciden,2030_Q4_labor_3h,1223.52,0,887.194,2110.71,0
Surocciden,2030_Q4_labor_4h,1190.1,0,889.654,2079.75,0
Surocciden,2030_Q4_labor_5h,1216.63,0,887.35,2103.98,0
Surocciden,2030_Q4_labor_6h,1283.19,0,878.545,2161.74,0
Surocciden,2030_Q4_labor_7h,1335.43,0,861.612,2197.04,0
Surocciden,2030_Q4_labor_8h,1489.34,0,838.203,2327.54,0
Surocciden,2030_Q4_labor_9h,1635.71,0,822.537,2458.25,0
Surocciden,2030_Q4_labor_10h,1735.78,0,812.814,2548.59,0
Surocciden,2030_Q4_labor_11h,1824.27,0,816.725,2641,0
Surocciden,2030_Q4_labor_12h,1882.45,0,827.21,2709.66,0
Surocciden,2030_Q4_labor_13h,1871.98,0,833.381,2705.37,0
Surocciden,2030_Q4_labor_14h,1864.34,0,854.128,2718.46,0
Surocciden,2030_Q4_labor_15h,1841.18,0,897.028,2738.21,0
Surocciden,2030_Q4_labor_16h,1796.79,0,933.659,2730.45,0
Surocciden,2030_Q4_labor_17h,1735.98,0,962.096,2698.07,0
Surocciden,2030_Q4_labor_18h,1707.85,0,973.41,2681.26,0
Surocciden,2030_Q4_labor_19h,1833.5,0,996.698,2830.2,0
Surocciden,2030_Q4_labor_20h,1836.12,0,997.266,2833.39,0
Surocciden,2030_Q4_labor_21h,1782.24,0,993.707,2775.95,0
Surocciden,2030_Q4_labor_22h,1696.98,0,969.513,2666.49,0
Surocciden,2030_Q4_labor_23h,1582.24,0,930.319,2512.56,0
Surocciden,2030_Q4_holidays_0h,1767.13,0,676.743,2443.87,0
Surocciden,2030_Q4_holidays_1h,1615.59,0,699.569,2315.16,0
Surocciden,2030_Q4_holidays_2h,1491.05,0,742.877,2233.93,0
Surocciden,2030_Q4_holidays_3h,1395.55,0,778.833,2174.38,0
Surocciden,2030_Q4_holidays_4h,1350.65,0,795.026,2145.68,0
Surocciden,2030_Q4_holidays_5h,1407.26,0,774.67,2181.93,0
Surocciden,2030_Q4_holidays_6h,1544.1,0,725.851,2269.95,0
Surocciden,2030_Q4_holidays_7h,1620.25,0,704.269,2324.52,0
Surocciden,2030_Q4_holidays_8h,1810.82,0,649.746,2460.56,0
Surocciden,2030_Q4_holidays_9h,1982.11,0,618.273,2600.39,0
Surocciden,2030_Q4_holidays_10h,2080.42,0,606.436,2686.85,0
Surocciden,2030_Q4_holidays_11h,2173.08,0,606.413,2779.49,0
Surocciden,2030_Q4_holidays_12h,2228.73,0,620.374,2849.11,0
Surocciden,2030_Q4_holidays_13h,2206.5,0,631.907,2838.41,0
Surocciden,2030_Q4_holidays_14h,2184.17,0,672.93,2857.1,0
Surocciden,2030_Q4_holidays_15h,2147.33,0,750.055,2897.38,0
Surocciden,2030_Q4_holidays_16h,2077.99,0,813.788,2891.78,0
Surocciden,2030_Q4_holidays_17h,2001,0,844.351,2845.35,0
Surocciden,2030_Q4_holidays_18h,1964.23,0,843.898,2808.13,0
Surocciden,2030_Q4_holidays_19h,2004.62,0,921.788,2926.41,0
Surocciden,2030_Q4_holidays_20h,2000.93,0,914.668,2915.6,0
Surocciden,2030_Q4_holidays_21h,1981.22,0,879.385,2860.61,0
Surocciden,2030_Q4_holidays_22h,1938.83,0,802.329,2741.16,0
Surocciden,2030_Q4_holidays_23h,1871.44,0,720.535,2591.97,0
Surocciden,2031_Q1_labor_0h,1715.47,0,533.11,2248.58,0
Surocciden,2031_Q1_labor_1h,1604.17,0,531.553,2135.73,0
Surocciden,2031_Q1_labor_2h,1532.89,0,530.872,2063.76,0
Surocciden,2031_Q1_labor_3h,1480.4,0,530.598,2011,0
Surocciden,2031_Q1_labor_4h,1453.5,0,530.523,1984.03,0
Surocciden,2031_Q1_labor_5h,1474.95,0,530.556,2005.5,0
Surocciden,2031_Q1_labor_6h,1541,0,530.598,2071.59,0
Surocciden,2031_Q1_labor_7h,1572.67,0,529.822,2102.49,0
Surocciden,2031_Q1_labor_8h,1691.88,0,529.209,2221.09,0
Surocciden,2031_Q1_labor_9h,1829.71,0,528.829,2358.54,0
Surocciden,2031_Q1_labor_10h,1921.12,0,528.446,2449.56,0
Surocciden,2031_Q1_labor_11h,2007.48,0,528.613,2536.09,0
Surocciden,2031_Q1_labor_12h,2074.27,0,529.396,2603.67,0
Surocciden,2031_Q1_labor_13h,2067.9,0,530.11,2598.01,0
Surocciden,2031_Q1_labor_14h,2069.19,0,531.746,2600.94,0
Surocciden,2031_Q1_labor_15h,2083.03,0,534.366,2617.39,0
Surocciden,2031_Q1_labor_16h,2071.6,0,537.073,2608.67,0
Surocciden,2031_Q1_labor_17h,2028.53,0,539.306,2567.83,0
Surocciden,2031_Q1_labor_18h,1987.51,0,539.64,2527.15,0
Surocciden,2031_Q1_labor_19h,2128.09,0,543.368,2671.46,0
Surocciden,2031_Q1_labor_20h,2163.23,0,544.325,2707.55,0
Surocciden,2031_Q1_labor_21h,2102.13,0,542.204,2644.33,0
Surocciden,2031_Q1_labor_22h,1995.42,0,539.371,2534.79,0
Surocciden,2031_Q1_labor_23h,1851.74,0,535.805,2387.54,0
Surocciden,2031_Q1_holidays_0h,1644.33,0,653.781,2298.11,0
Surocciden,2031_Q1_holidays_1h,1527.91,0,634.303,2162.22,0
Surocciden,2031_Q1_holidays_2h,1450.41,0,634.18,2084.59,0
Surocciden,2031_Q1_holidays_3h,1392.8,0,639.129,2031.93,0
Surocciden,2031_Q1_holidays_4h,1355.35,0,645.028,2000.38,0
Surocciden,2031_Q1_holidays_5h,1393.39,0,639.316,2032.71,0
Surocciden,2031_Q1_holidays_6h,1487.94,0,631.052,2118.99,0
Surocciden,2031_Q1_holidays_7h,1547.8,0,621.609,2169.41,0
Surocciden,2031_Q1_holidays_8h,1687.96,0,609.699,2297.66,0
Surocciden,2031_Q1_holidays_9h,1829.77,0,602.947,2432.71,0
Surocciden,2031_Q1_holidays_10h,1918.6,0,598.202,2516.8,0
Surocciden,2031_Q1_holidays_11h,2003,0,600.053,2603.06,0
Surocciden,2031_Q1_holidays_12h,2070.44,0,612.265,2682.7,0
Surocciden,2031_Q1_holidays_13h,2054.47,0,621.757,2676.22,0
Surocciden,2031_Q1_holidays_14h,2039.98,0,649.827,2689.81,0
Surocciden,2031_Q1_holidays_15h,2020.54,0,706.672,2727.21,0
Surocciden,2031_Q1_holidays_16h,1965.02,0,758.787,2723.8,0
Surocciden,2031_Q1_holidays_17h,1895.83,0,783.89,2679.72,0
Surocciden,2031_Q1_holidays_18h,1845.27,0,781.189,2626.46,0
Surocciden,2031_Q1_holidays_19h,1929.59,0,832.237,2761.83,0
Surocciden,2031_Q1_holidays_20h,1954.91,0,837.641,2792.55,0
Surocciden,2031_Q1_holidays_21h,1912.37,0,812.314,2724.69,0
Surocciden,2031_Q1_holidays_22h,1842.2,0,764.353,2606.56,0
Surocciden,2031_Q1_holidays_23h,1750.98,0,701.606,2452.59,0
Surocciden,2031_Q2_labor_0h,1748.37,0,507.522,2255.89,0
Surocciden,2031_Q2_labor_1h,1635.74,0,503.104,2138.85,0
Surocciden,2031_Q2_labor_2h,1564.72,0,500.833,2065.55,0
Surocciden,2031_Q2_labor_3h,1513.02,0,500.044,2013.06,0
Surocciden,2031_Q2_labor_4h,1486.46,0,500.07,1986.53,0
Surocciden,2031_Q2_labor_5h,1516.92,0,500.428,2017.35,0
Surocciden,2031_Q2_labor_6h,1594.38,0,499.631,2094.01,0
Surocciden,2031_Q2_labor_7h,1627.25,0,496.831,2124.08,0
Surocciden,2031_Q2_labor_8h,1751.87,0,495.102,2246.97,0
Surocciden,2031_Q2_labor_9h,1881.6,0,495.399,2377,0
Surocciden,2031_Q2_labor_10h,1969.44,0,495.26,2464.7,0
Surocciden,2031_Q2_labor_11h,2056.37,0,497.504,2553.87,0
Surocciden,2031_Q2_labor_12h,2120.07,0,500.96,2621.03,0
Surocciden,2031_Q2_labor_13h,2106.76,0,502.401,2609.16,0
Surocciden,2031_Q2_labor_14h,2112.13,0,506.888,2619.01,0
Surocciden,2031_Q2_labor_15h,2123.1,0,514.601,2637.7,0
Surocciden,2031_Q2_labor_16h,2106.77,0,525.554,2632.33,0
Surocciden,2031_Q2_labor_17h,2058.3,0,534.523,2592.83,0
Surocciden,2031_Q2_labor_18h,2003.46,0,533.895,2537.36,0
Surocciden,2031_Q2_labor_19h,2123.29,0,552.094,2675.39,0
Surocciden,2031_Q2_labor_20h,2173.93,0,560.753,2734.68,0
Surocciden,2031_Q2_labor_21h,2125.23,0,551.643,2676.87,0
Surocciden,2031_Q2_labor_22h,2024.64,0,535.223,2559.86,0
Surocciden,2031_Q2_labor_23h,1884.15,0,517.005,2401.16,0
Surocciden,2031_Q2_holidays_0h,1467.73,0,824.695,2292.42,0
Surocciden,2031_Q2_holidays_1h,1380.42,0,797.667,2178.09,0
Surocciden,2031_Q2_holidays_2h,1306.93,0,796.64,2103.57,0
Surocciden,2031_Q2_holidays_3h,1241.5,0,806.048,2047.55,0
Surocciden,2031_Q2_holidays_4h,1211.07,0,811.667,2022.74,0
Surocciden,2031_Q2_holidays_5h,1267.21,0,802.465,2069.68,0
Surocciden,2031_Q2_holidays_6h,1401.41,0,788.568,2189.97,0
Surocciden,2031_Q2_holidays_7h,1462.8,0,766.567,2229.37,0
Surocciden,2031_Q2_holidays_8h,1605.52,0,741.834,2347.36,0
Surocciden,2031_Q2_holidays_9h,1745.82,0,727.94,2473.76,0
Surocciden,2031_Q2_holidays_10h,1834.52,0,715.303,2549.82,0
Surocciden,2031_Q2_holidays_11h,1911.19,0,729.343,2640.54,0
Surocciden,2031_Q2_holidays_12h,1949.66,0,765.338,2714.99,0
Surocciden,2031_Q2_holidays_13h,1911.53,0,776.511,2688.04,0
Surocciden,2031_Q2_holidays_14h,1875.59,0,834.8,2710.39,0
Surocciden,2031_Q2_holidays_15h,1837.01,0,918.35,2755.36,0
Surocciden,2031_Q2_holidays_16h,1792.08,0,965.212,2757.29,0
Surocciden,2031_Q2_holidays_17h,1729.12,0,984.198,2713.32,0
Surocciden,2031_Q2_holidays_18h,1659.03,0,974.709,2633.74,0
Surocciden,2031_Q2_holidays_19h,1743.46,0,1016.73,2760.19,0
Surocciden,2031_Q2_holidays_20h,1790.34,0,1029.3,2819.64,0
Surocciden,2031_Q2_holidays_21h,1740.13,0,1011.32,2751.45,0
Surocciden,2031_Q2_holidays_22h,1657.3,0,964.309,2621.61,0
Surocciden,2031_Q2_holidays_23h,1558.56,0,889.024,2447.59,0
Surocciden,2031_Q3_labor_0h,1569.38,0,763.989,2333.37,0
Surocciden,2031_Q3_labor_1h,1460.97,0,752.598,2213.56,0
Surocciden,2031_Q3_labor_2h,1391.07,0,745.146,2136.21,0
Surocciden,2031_Q3_labor_3h,1341.93,0,737.226,2079.15,0
Surocciden,2031_Q3_labor_4h,1317.79,0,731.896,2049.68,0
Surocciden,2031_Q3_labor_5h,1335.05,0,737.286,2072.34,0
Surocciden,2031_Q3_labor_6h,1392.13,0,736.601,2128.73,0
Surocciden,2031_Q3_labor_7h,1451.97,0,710.535,2162.51,0
Surocciden,2031_Q3_labor_8h,1600.66,0,693.612,2294.28,0
Surocciden,2031_Q3_labor_9h,1751.18,0,677.641,2428.82,0
Surocciden,2031_Q3_labor_10h,1854.6,0,664.779,2519.38,0
Surocciden,2031_Q3_labor_11h,1949.9,0,661.898,2611.8,0
Surocciden,2031_Q3_labor_12h,2011.81,0,669.825,2681.64,0
Surocciden,2031_Q3_labor_13h,1994.83,0,680.835,2675.66,0
Surocciden,2031_Q3_labor_14h,1979.58,0,706.686,2686.26,0
Surocciden,2031_Q3_labor_15h,1957.11,0,747.063,2704.18,0
Surocciden,2031_Q3_labor_16h,1911.96,0,781.287,2693.24,0
Surocciden,2031_Q3_labor_17h,1846.82,0,808.59,2655.41,0
Surocciden,2031_Q3_labor_18h,1777.07,0,816.133,2593.21,0
Surocciden,2031_Q3_labor_19h,1866.58,0,842.755,2709.34,0
Surocciden,2031_Q3_labor_20h,1944.49,0,849.368,2793.86,0
Surocciden,2031_Q3_labor_21h,1898.03,0,846.984,2745.01,0
Surocciden,2031_Q3_labor_22h,1808.65,0,826.39,2635.04,0
Surocciden,2031_Q3_labor_23h,1694.15,0,787.225,2481.37,0
Surocciden,2031_Q3_holidays_0h,1399.19,0,995.703,2394.9,0
Surocciden,2031_Q3_holidays_1h,1351.1,0,918.617,2269.72,0
Surocciden,2031_Q3_holidays_2h,1321.35,0,867.141,2188.49,0
Surocciden,2031_Q3_holidays_3h,1299.95,0,834.512,2134.46,0
Surocciden,2031_Q3_holidays_4h,1288.79,0,816.642,2105.43,0
Surocciden,2031_Q3_holidays_5h,1304.96,0,836.256,2141.21,0
Surocciden,2031_Q3_holidays_6h,1360.44,0,870.636,2231.07,0
Surocciden,2031_Q3_holidays_7h,1445.4,0,834.726,2280.12,0
Surocciden,2031_Q3_holidays_8h,1575.05,0,840.937,2415.99,0
Surocciden,2031_Q3_holidays_9h,1696.3,0,849.966,2546.27,0
Surocciden,2031_Q3_holidays_10h,1782.16,0,845.866,2628.03,0
Surocciden,2031_Q3_holidays_11h,1848.18,0,874.842,2723.03,0
Surocciden,2031_Q3_holidays_12h,1876.9,0,917.856,2794.75,0
Surocciden,2031_Q3_holidays_13h,1839.69,0,933.772,2773.46,0
Surocciden,2031_Q3_holidays_14h,1804.84,0,993.92,2798.76,0
Surocciden,2031_Q3_holidays_15h,1771.26,0,1075.51,2846.77,0
Surocciden,2031_Q3_holidays_16h,1718.74,0,1127.3,2846.04,0
Surocciden,2031_Q3_holidays_17h,1650.23,0,1154.07,2804.3,0
Surocciden,2031_Q3_holidays_18h,1574.1,0,1143.54,2717.64,0
Surocciden,2031_Q3_holidays_19h,1640.28,0,1182.46,2822.74,0
Surocciden,2031_Q3_holidays_20h,1692.94,0,1213.34,2906.28,0
Surocciden,2031_Q3_holidays_21h,1658.32,0,1193.73,2852.04,0
Surocciden,2031_Q3_holidays_22h,1584.25,0,1148.1,2732.35,0
Surocciden,2031_Q3_holidays_23h,1476.57,0,1083.57,2560.14,0
Surocciden,2031_Q4_labor_0h,1590.74,0,844.556,2435.29,0
Surocciden,2031_Q4_labor_1h,1484.91,0,827.202,2312.11,0
Surocciden,2031_Q4_labor_2h,1407.7,0,824.32,2232.02,0
Surocciden,2031_Q4_labor_3h,1347.56,0,827.662,2175.22,0
Surocciden,2031_Q4_labor_4h,1314.28,0,828.716,2143,0
Surocciden,2031_Q4_labor_5h,1340.95,0,825.769,2166.72,0
Surocciden,2031_Q4_labor_6h,1409.44,0,815.56,2225,0
Surocciden,2031_Q4_labor_7h,1462.42,0,798.755,2261.17,0
Surocciden,2031_Q4_labor_8h,1617.48,0,777.511,2394.99,0
Surocciden,2031_Q4_labor_9h,1770.67,0,761.741,2532.41,0
Surocciden,2031_Q4_labor_10h,1873.52,0,751.511,2625.03,0
Surocciden,2031_Q4_labor_11h,1966.98,0,753.413,2720.39,0
Surocciden,2031_Q4_labor_12h,2026.15,0,763.387,2789.53,0
Surocciden,2031_Q4_labor_13h,2014.58,0,770.854,2785.43,0
Surocciden,2031_Q4_labor_14h,2000.68,0,796.76,2797.44,0
Surocciden,2031_Q4_labor_15h,1968.47,0,847.407,2815.88,0
Surocciden,2031_Q4_labor_16h,1917.55,0,889.162,2806.71,0
Surocciden,2031_Q4_labor_17h,1854.37,0,918.834,2773.2,0
Surocciden,2031_Q4_labor_18h,1827.27,0,929.574,2756.84,0
Surocciden,2031_Q4_labor_19h,1945.16,0,964.211,2909.37,0
Surocciden,2031_Q4_labor_20h,1948.18,0,964.633,2912.82,0
Surocciden,2031_Q4_labor_21h,1898.84,0,954.948,2853.79,0
Surocciden,2031_Q4_labor_22h,1816.63,0,924.768,2741.4,0
Surocciden,2031_Q4_labor_23h,1708.74,0,878.173,2586.91,0
Surocciden,2031_Q4_holidays_0h,1889.18,0,630.767,2519.94,0
Surocciden,2031_Q4_holidays_1h,1700.75,0,666.905,2367.65,0
Surocciden,2031_Q4_holidays_2h,1575.67,0,714.309,2289.98,0
Surocciden,2031_Q4_holidays_3h,1480.86,0,751.62,2232.48,0
Surocciden,2031_Q4_holidays_4h,1436.94,0,767.998,2204.94,0
Surocciden,2031_Q4_holidays_5h,1508.58,0,741.072,2249.65,0
Surocciden,2031_Q4_holidays_6h,1664.42,0,683.164,2347.59,0
Surocciden,2031_Q4_holidays_7h,1742.88,0,662.072,2404.96,0
Surocciden,2031_Q4_holidays_8h,1940.1,0,608.559,2548.66,0
Surocciden,2031_Q4_holidays_9h,2091.68,0,584.182,2675.86,0
Surocciden,2031_Q4_holidays_10h,2193.07,0,574.493,2767.57,0
Surocciden,2031_Q4_holidays_11h,2288.58,0,573.295,2861.88,0
Surocciden,2031_Q4_holidays_12h,2359.31,0,583.742,2943.06,0
Surocciden,2031_Q4_holidays_13h,2337.97,0,592.134,2930.11,0
Surocciden,2031_Q4_holidays_14h,2328.85,0,629.445,2958.3,0
Surocciden,2031_Q4_holidays_15h,2302.96,0,708.196,3011.16,0
Surocciden,2031_Q4_holidays_16h,2235.65,0,776.78,3012.43,0
Surocciden,2031_Q4_holidays_17h,2156.05,0,809.528,2965.58,0
Surocciden,2031_Q4_holidays_18h,2115.6,0,805.884,2921.48,0
Surocciden,2031_Q4_holidays_19h,2159.82,0,888.791,3048.61,0
Surocciden,2031_Q4_holidays_20h,2155.66,0,880.84,3036.5,0
Surocciden,2031_Q4_holidays_21h,2134.87,0,844.207,2979.08,0
Surocciden,2031_Q4_holidays_22h,2089.14,0,764.762,2853.91,0
Surocciden,2031_Q4_holidays_23h,2004.43,0,671.477,2675.9,0
Surocciden,2032_Q1_labor_0h,1819.03,0,497.801,2316.83,0
Surocciden,2032_Q1_labor_1h,1700.84,0,497.589,2198.43,0
Surocciden,2032_Q1_labor_2h,1625.82,0,497.492,2123.31,0
Surocciden,2032_Q1_labor_3h,1571.57,0,497.445,2069.01,0
Surocciden,2032_Q1_labor_4h,1543.07,0,497.428,2040.5,0
Surocciden,2032_Q1_labor_5h,1564.77,0,497.439,2062.21,0
Surocciden,2032_Q1_labor_6h,1631.24,0,497.447,2128.69,0
Surocciden,2032_Q1_labor_7h,1662.13,0,497.329,2159.46,0
Surocciden,2032_Q1_labor_8h,1782.73,0,497.252,2279.98,0
Surocciden,2032_Q1_labor_9h,1924.62,0,497.21,2421.83,0
Surocciden,2032_Q1_labor_10h,2018.71,0,497.166,2515.87,0
Surocciden,2032_Q1_labor_11h,2107.25,0,497.187,2604.44,0
Surocciden,2032_Q1_labor_12h,2177.86,0,497.288,2675.14,0
Surocciden,2032_Q1_labor_13h,2173.81,0,497.38,2671.19,0
Surocciden,2032_Q1_labor_14h,2176.52,0,497.585,2674.1,0
Surocciden,2032_Q1_labor_15h,2193.36,0,497.92,2691.28,0
Surocciden,2032_Q1_labor_16h,2184.66,0,498.273,2682.94,0
Surocciden,2032_Q1_labor_17h,2143.1,0,498.532,2641.64,0
Surocciden,2032_Q1_labor_18h,2102.64,0,498.576,2601.22,0
Surocciden,2032_Q1_labor_19h,2252.95,0,499.05,2752,0
Surocciden,2032_Q1_labor_20h,2290.36,0,499.155,2789.51,0
Surocciden,2032_Q1_labor_21h,2225.96,0,498.923,2724.89,0
Surocciden,2032_Q1_labor_22h,2113.28,0,498.558,2611.84,0
Surocciden,2032_Q1_labor_23h,1962.26,0,498.134,2460.39,0
Surocciden,2032_Q1_holidays_0h,1722.01,0,644.172,2366.18,0
Surocciden,2032_Q1_holidays_1h,1607.26,0,631.026,2238.29,0
Surocciden,2032_Q1_holidays_2h,1533.07,0,631.2,2164.27,0
Surocciden,2032_Q1_holidays_3h,1474.47,0,635.241,2109.71,0
Surocciden,2032_Q1_holidays_4h,1442.15,0,639.476,2081.62,0
Surocciden,2032_Q1_holidays_5h,1483.96,0,634.557,2118.52,0
Surocciden,2032_Q1_holidays_6h,1591.32,0,628.154,2219.47,0
Surocciden,2032_Q1_holidays_7h,1659.69,0,620.217,2279.91,0
Surocciden,2032_Q1_holidays_8h,1811.03,0,612.445,2423.48,0
Surocciden,2032_Q1_holidays_9h,1952.39,0,608.223,2560.62,0
Surocciden,2032_Q1_holidays_10h,2039.86,0,604.882,2644.74,0
Surocciden,2032_Q1_holidays_11h,2130.04,0,607.144,2737.19,0
Surocciden,2032_Q1_holidays_12h,2195.85,0,617.214,2813.07,0
Surocciden,2032_Q1_holidays_13h,2170.83,0,623.355,2794.18,0
Surocciden,2032_Q1_holidays_14h,2161.16,0,648.593,2809.75,0
Surocciden,2032_Q1_holidays_15h,2146.62,0,701.957,2848.58,0
Surocciden,2032_Q1_holidays_16h,2089.38,0,752,2841.38,0
Surocciden,2032_Q1_holidays_17h,2011.14,0,779.576,2790.72,0
Surocciden,2032_Q1_holidays_18h,1955.75,0,769.331,2725.08,0
Surocciden,2032_Q1_holidays_19h,2022.94,0,826.917,2849.86,0
Surocciden,2032_Q1_holidays_20h,2039.55,0,839.296,2878.84,0
Surocciden,2032_Q1_holidays_21h,2002.49,0,802.907,2805.4,0
Surocciden,2032_Q1_holidays_22h,1936.73,0,747.638,2684.37,0
Surocciden,2032_Q1_holidays_23h,1840.69,0,683.099,2523.79,0
Surocciden,2032_Q2_labor_0h,1844.41,0,480.7,2325.11,0
Surocciden,2032_Q2_labor_1h,1728.66,0,480.7,2209.36,0
Surocciden,2032_Q2_labor_2h,1652.43,0,480.7,2133.13,0
Surocciden,2032_Q2_labor_3h,1597.43,0,480.7,2078.13,0
Surocciden,2032_Q2_labor_4h,1569.19,0,480.7,2049.89,0
Surocciden,2032_Q2_labor_5h,1599.49,0,480.7,2080.19,0
Surocciden,2032_Q2_labor_6h,1677.25,0,480.7,2157.95,0
Surocciden,2032_Q2_labor_7h,1707.05,0,480.7,2187.75,0
Surocciden,2032_Q2_labor_8h,1831.85,0,480.7,2312.55,0
Surocciden,2032_Q2_labor_9h,1964.71,0,480.7,2445.41,0
Surocciden,2032_Q2_labor_10h,2053.59,0,480.7,2534.29,0
Surocciden,2032_Q2_labor_11h,2145.52,0,480.7,2626.22,0
Surocciden,2032_Q2_labor_12h,2215.47,0,480.7,2696.17,0
Surocciden,2032_Q2_labor_13h,2202.72,0,480.7,2683.42,0
Surocciden,2032_Q2_labor_14h,2211.9,0,480.7,2692.6,0
Surocciden,2032_Q2_labor_15h,2230.86,0,480.7,2711.56,0
Surocciden,2032_Q2_labor_16h,2226.07,0,480.7,2706.77,0
Surocciden,2032_Q2_labor_17h,2186.02,0,480.7,2666.72,0
Surocciden,2032_Q2_labor_18h,2129.5,0,480.7,2610.2,0
Surocciden,2032_Q2_labor_19h,2273.22,0,480.7,2753.92,0
Surocciden,2032_Q2_labor_20h,2334.49,0,480.7,2815.19,0
Surocciden,2032_Q2_labor_21h,2274.27,0,480.7,2754.97,0
Surocciden,2032_Q2_labor_22h,2153.75,0,480.7,2634.45,0
Surocciden,2032_Q2_labor_23h,1992.37,0,480.7,2473.07,0
Surocciden,2032_Q2_holidays_0h,1568.09,0,783.715,2351.8,0
Surocciden,2032_Q2_holidays_1h,1442.59,0,762.257,2204.84,0
Surocciden,2032_Q2_holidays_2h,1357.55,0,775.037,2132.59,0
Surocciden,2032_Q2_holidays_3h,1286.37,0,794.192,2080.56,0
Surocciden,2032_Q2_holidays_4h,1257.71,0,802.842,2060.55,0
Surocciden,2032_Q2_holidays_5h,1336.85,0,780.809,2117.66,0
Surocciden,2032_Q2_holidays_6h,1495.29,0,753.61,2248.9,0
Surocciden,2032_Q2_holidays_7h,1565.17,0,731.423,2296.59,0
Surocciden,2032_Q2_holidays_8h,1724.34,0,704.58,2428.92,0
Surocciden,2032_Q2_holidays_9h,1872.6,0,692.995,2565.6,0
Surocciden,2032_Q2_holidays_10h,1968.37,0,684.411,2652.78,0
Surocciden,2032_Q2_holidays_11h,2045.13,0,700.548,2745.67,0
Surocciden,2032_Q2_holidays_12h,2082.14,0,735.472,2817.61,0
Surocciden,2032_Q2_holidays_13h,2044.6,0,748.472,2793.07,0
Surocciden,2032_Q2_holidays_14h,2010.66,0,811.318,2821.98,0
Surocciden,2032_Q2_holidays_15h,1971.04,0,899.032,2870.07,0
Surocciden,2032_Q2_holidays_16h,1913.67,0,953.846,2867.51,0
Surocciden,2032_Q2_holidays_17h,1844.29,0,974.108,2818.39,0
Surocciden,2032_Q2_holidays_18h,1770.5,0,962.162,2732.66,0
Surocciden,2032_Q2_holidays_19h,1847.27,0,1006.22,2853.49,0
Surocciden,2032_Q2_holidays_20h,1893.74,0,1019.79,2913.54,0
Surocciden,2032_Q2_holidays_21h,1846.58,0,1000.8,2847.38,0
Surocciden,2032_Q2_holidays_22h,1764.14,0,949.511,2713.65,0
Surocciden,2032_Q2_holidays_23h,1665.34,0,856.429,2521.77,0
Surocciden,2032_Q3_labor_0h,1676.76,0,730.209,2406.97,0
Surocciden,2032_Q3_labor_1h,1569.76,0,724.253,2294.01,0
Surocciden,2032_Q3_labor_2h,1493,0,720.309,2213.31,0
Surocciden,2032_Q3_labor_3h,1439.05,0,715.299,2154.35,0
Surocciden,2032_Q3_labor_4h,1411.05,0,711.521,2122.57,0
Surocciden,2032_Q3_labor_5h,1429.3,0,714.482,2143.78,0
Surocciden,2032_Q3_labor_6h,1487.45,0,712.598,2200.05,0
Surocciden,2032_Q3_labor_7h,1541.41,0,692.23,2233.64,0
Surocciden,2032_Q3_labor_8h,1691.01,0,677.063,2368.07,0
Surocciden,2032_Q3_labor_9h,1842.55,0,662.571,2505.12,0
Surocciden,2032_Q3_labor_10h,1944.97,0,651.654,2596.62,0
Surocciden,2032_Q3_labor_11h,2042.92,0,647.662,2690.59,0
Surocciden,2032_Q3_labor_12h,2108.94,0,652.387,2761.33,0
Surocciden,2032_Q3_labor_13h,2093.59,0,660.787,2754.38,0
Surocciden,2032_Q3_labor_14h,2083.86,0,680.765,2764.63,0
Surocciden,2032_Q3_labor_15h,2070.55,0,713.022,2783.57,0
Surocciden,2032_Q3_labor_16h,2026.79,0,745.59,2772.38,0
Surocciden,2032_Q3_labor_17h,1961.5,0,772.196,2733.7,0
Surocciden,2032_Q3_labor_18h,1898.9,0,772,2670.9,0
Surocciden,2032_Q3_labor_19h,1988.02,0,804.097,2792.12,0
Surocciden,2032_Q3_labor_20h,2053.92,0,823.998,2877.92,0
Surocciden,2032_Q3_labor_21h,2014.32,0,812.872,2827.19,0
Surocciden,2032_Q3_labor_22h,1932.09,0,783.478,2715.56,0
Surocciden,2032_Q3_labor_23h,1810.78,0,748.053,2558.83,0
Surocciden,2032_Q3_holidays_0h,1492.93,0,956.797,2449.72,0
Surocciden,2032_Q3_holidays_1h,1418.32,0,838.604,2256.92,0
Surocciden,2032_Q3_holidays_2h,1385.87,0,793.367,2179.24,0
Surocciden,2032_Q3_holidays_3h,1358.08,0,766.884,2124.97,0
Surocciden,2032_Q3_holidays_4h,1346.71,0,757.063,2103.77,0
Surocciden,2032_Q3_holidays_5h,1375.7,0,778.849,2154.55,0
Surocciden,2032_Q3_holidays_6h,1443.43,0,817.389,2260.82,0
Surocciden,2032_Q3_holidays_7h,1535.37,0,784.451,2319.82,0
Surocciden,2032_Q3_holidays_8h,1675.85,0,792.105,2467.95,0
Surocciden,2032_Q3_holidays_9h,1807.92,0,803.149,2611.07,0
Surocciden,2032_Q3_holidays_10h,1902.91,0,802.48,2705.39,0
Surocciden,2032_Q3_holidays_11h,1977.45,0,833.458,2810.91,0
Surocciden,2032_Q3_holidays_12h,2014.59,0,877.553,2892.15,0
Surocciden,2032_Q3_holidays_13h,1977.87,0,895.976,2873.84,0
Surocciden,2032_Q3_holidays_14h,1949.45,0,955.701,2905.15,0
Surocciden,2032_Q3_holidays_15h,1913.01,0,1040.99,2953.99,0
Surocciden,2032_Q3_holidays_16h,1845.96,0,1107.68,2953.65,0
Surocciden,2032_Q3_holidays_17h,1769.98,0,1138.6,2908.58,0
Surocciden,2032_Q3_holidays_18h,1691.68,0,1117.96,2809.64,0
Surocciden,2032_Q3_holidays_19h,1743.75,0,1163.55,2907.3,0
Surocciden,2032_Q3_holidays_20h,1797.87,0,1202.99,3000.87,0
Surocciden,2032_Q3_holidays_21h,1766,0,1181.15,2947.15,0
Surocciden,2032_Q3_holidays_22h,1693.84,0,1119.24,2813.07,0
Surocciden,2032_Q3_holidays_23h,1581.19,0,1043.68,2624.87,0
Surocciden,2032_Q4_labor_0h,1679.69,0,833.702,2513.39,0
Surocciden,2032_Q4_labor_1h,1583.73,0,808.027,2391.76,0
Surocciden,2032_Q4_labor_2h,1512.66,0,797.056,2309.72,0
Surocciden,2032_Q4_labor_3h,1455.93,0,793.701,2249.63,0
Surocciden,2032_Q4_labor_4h,1421.36,0,793.718,2215.08,0
Surocciden,2032_Q4_labor_5h,1445.4,0,792.946,2238.34,0
Surocciden,2032_Q4_labor_6h,1510.08,0,788.234,2298.31,0
Surocciden,2032_Q4_labor_7h,1569.72,0,766.065,2335.79,0
Surocciden,2032_Q4_labor_8h,1728.93,0,744.908,2473.84,0
Surocciden,2032_Q4_labor_9h,1881.4,0,730.617,2612.02,0
Surocciden,2032_Q4_labor_10h,1987.34,0,721.262,2708.6,0
Surocciden,2032_Q4_labor_11h,2078.12,0,727.498,2805.62,0
Surocciden,2032_Q4_labor_12h,2134.46,0,744.852,2879.31,0
Surocciden,2032_Q4_labor_13h,2118.4,0,756.593,2875,0
Surocciden,2032_Q4_labor_14h,2101.26,0,784.596,2885.85,0
Surocciden,2032_Q4_labor_15h,2079.37,0,826.612,2905.99,0
Surocciden,2032_Q4_labor_16h,2031.07,0,865.458,2896.53,0
Surocciden,2032_Q4_labor_17h,1958.13,0,902.704,2860.83,0
Surocciden,2032_Q4_labor_18h,1922.08,0,922.973,2845.05,0
Surocciden,2032_Q4_labor_19h,2057.92,0,942.282,3000.2,0
Surocciden,2032_Q4_labor_20h,2057.63,0,943.686,3001.31,0
Surocciden,2032_Q4_labor_21h,2000.01,0,941.704,2941.71,0
Surocciden,2032_Q4_labor_22h,1907,0,918.649,2825.65,0
Surocciden,2032_Q4_labor_23h,1793.21,0,874.516,2667.73,0
Surocciden,2032_Q4_holidays_0h,1989.66,0,575.646,2565.31,0
Surocciden,2032_Q4_holidays_1h,1760.03,0,616.943,2376.98,0
Surocciden,2032_Q4_holidays_2h,1623.15,0,671.097,2294.25,0
Surocciden,2032_Q4_holidays_3h,1539.02,0,705.564,2244.58,0
Surocciden,2032_Q4_holidays_4h,1505.69,0,718.634,2224.32,0
Surocciden,2032_Q4_holidays_5h,1594.16,0,683.262,2277.42,0
Surocciden,2032_Q4_holidays_6h,1756.74,0,621.911,2378.65,0
Surocciden,2032_Q4_holidays_7h,1831.91,0,604.513,2436.43,0
Surocciden,2032_Q4_holidays_8h,2020.47,0,562.66,2583.13,0
Surocciden,2032_Q4_holidays_9h,2187,0,547.372,2734.37,0
Surocciden,2032_Q4_holidays_10h,2278.8,0,542.924,2821.72,0
Surocciden,2032_Q4_holidays_11h,2383.1,0,542.929,2926.03,0
Surocciden,2032_Q4_holidays_12h,2447.05,0,547.739,2994.79,0
Surocciden,2032_Q4_holidays_13h,2429.57,0,552.452,2982.02,0
Surocciden,2032_Q4_holidays_14h,2441.47,0,578.618,3020.08,0
Surocciden,2032_Q4_holidays_15h,2430.57,0,637.12,3067.69,0
Surocciden,2032_Q4_holidays_16h,2372.78,0,696.373,3069.15,0
Surocciden,2032_Q4_holidays_17h,2297.1,0,730.848,3027.95,0
Surocciden,2032_Q4_holidays_18h,2251.98,0,724.122,2976.1,0
Surocciden,2032_Q4_holidays_19h,2308.21,0,810.584,3118.79,0
Surocciden,2032_Q4_holidays_20h,2308.97,0,811.964,3120.94,0
Surocciden,2032_Q4_holidays_21h,2283.05,0,771.543,3054.59,0
Surocciden,2032_Q4_holidays_22h,2229.48,0,698.014,2927.49,0
Surocciden,2032_Q4_holidays_23h,2124.12,0,612.798,2736.92,0
Surocciden,2033_Q1_labor_0h,1816.53,0,575.341,2391.87,0
Surocciden,2033_Q1_labor_1h,1715.13,0,570.372,2285.5,0
Surocciden,2033_Q1_labor_2h,1640.14,0,567.729,2207.87,0
Surocciden,2033_Q1_labor_3h,1583.71,0,566.378,2150.09,0
Surocciden,2033_Q1_labor_4h,1552.15,0,565.872,2118.03,0
Surocciden,2033_Q1_labor_5h,1573.56,0,566.209,2139.77,0
Surocciden,2033_Q1_labor_6h,1642.05,0,566.412,2208.46,0
Surocciden,2033_Q1_labor_7h,1677.17,0,563.051,2240.22,0
Surocciden,2033_Q1_labor_8h,1804.06,0,560.905,2364.97,0
Surocciden,2033_Q1_labor_9h,1949.48,0,559.848,2509.33,0
Surocciden,2033_Q1_labor_10h,2044.95,0,558.675,2603.63,0
Surocciden,2033_Q1_labor_11h,2135.47,0,559.214,2694.68,0
Surocciden,2033_Q1_labor_12h,2206.24,0,561.534,2767.77,0
Surocciden,2033_Q1_labor_13h,2198.09,0,563.694,2761.78,0
Surocciden,2033_Q1_labor_14h,2195.77,0,568.863,2764.64,0
Surocciden,2033_Q1_labor_15h,2204.29,0,578.266,2782.55,0
Surocciden,2033_Q1_labor_16h,2184.1,0,589.53,2773.63,0
Surocciden,2033_Q1_labor_17h,2131.7,0,598.561,2730.26,0
Surocciden,2033_Q1_labor_18h,2088.75,0,599.165,2687.91,0
Surocciden,2033_Q1_labor_19h,2223.66,0,616.778,2840.44,0
Surocciden,2033_Q1_labor_20h,2257.31,0,619.654,2876.97,0
Surocciden,2033_Q1_labor_21h,2197.25,0,611.791,2809.04,0
Surocciden,2033_Q1_labor_22h,2093.05,0,599.49,2692.54,0
Surocciden,2033_Q1_labor_23h,1953.66,0,585.112,2538.77,0
Surocciden,2033_Q1_holidays_0h,1761.64,0,638.798,2400.44,0
Surocciden,2033_Q1_holidays_1h,1557.75,0,619.433,2177.19,0
Surocciden,2033_Q1_holidays_2h,1477.27,0,625.116,2102.38,0
Surocciden,2033_Q1_holidays_3h,1424.78,0,632.437,2057.21,0
Surocciden,2033_Q1_holidays_4h,1408.59,0,635.585,2044.18,0
Surocciden,2033_Q1_holidays_5h,1456.86,0,627.754,2084.61,0
Surocciden,2033_Q1_holidays_6h,1566.8,0,617.817,2184.62,0
Surocciden,2033_Q1_holidays_7h,1634.61,0,609.555,2244.17,0
Surocciden,2033_Q1_holidays_8h,1787.17,0,599.382,2386.55,0
Surocciden,2033_Q1_holidays_9h,1943.97,0,594.561,2538.53,0
Surocciden,2033_Q1_holidays_10h,2049.24,0,591.896,2641.13,0
Surocciden,2033_Q1_holidays_11h,2142.75,0,594.308,2737.05,0
Surocciden,2033_Q1_holidays_12h,2209.62,0,603.605,2813.22,0
Surocciden,2033_Q1_holidays_13h,2194.7,0,611.656,2806.35,0
Surocciden,2033_Q1_holidays_14h,2185.12,0,637.104,2822.23,0
Surocciden,2033_Q1_holidays_15h,2167.8,0,691.37,2859.17,0
Surocciden,2033_Q1_holidays_16h,2108.18,0,745.444,2853.62,0
Surocciden,2033_Q1_holidays_17h,2029.08,0,778.029,2807.11,0
Surocciden,2033_Q1_holidays_18h,1976.41,0,769.352,2745.76,0
Surocciden,2033_Q1_holidays_19h,2057.13,0,835.609,2892.74,0
Surocciden,2033_Q1_holidays_20h,2088.84,0,846.984,2935.82,0
Surocciden,2033_Q1_holidays_21h,2050.03,0,818.879,2868.91,0
Surocciden,2033_Q1_holidays_22h,1980.64,0,764.642,2745.28,0
Surocciden,2033_Q1_holidays_23h,1880.18,0,687.26,2567.44,0
Surocciden,2033_Q2_labor_0h,1834.45,0,565.711,2400.16,0
Surocciden,2033_Q2_labor_1h,1730.07,0,563.517,2293.59,0
Surocciden,2033_Q2_labor_2h,1651.83,0,562.705,2214.53,0
Surocciden,2033_Q2_labor_3h,1594.16,0,562.825,2156.99,0
Surocciden,2033_Q2_labor_4h,1564.63,0,563.214,2127.84,0
Surocciden,2033_Q2_labor_5h,1598.3,0,562.923,2161.22,0
Surocciden,2033_Q2_labor_6h,1684.54,0,561.984,2246.53,0
Surocciden,2033_Q2_labor_7h,1718.74,0,559.78,2278.52,0
Surocciden,2033_Q2_labor_8h,1849.09,0,557.363,2406.45,0
Surocciden,2033_Q2_labor_9h,1986.4,0,555.883,2542.28,0
Surocciden,2033_Q2_labor_10h,2077.26,0,554.787,2632.05,0
Surocciden,2033_Q2_labor_11h,2170.59,0,555.175,2725.76,0
Surocciden,2033_Q2_labor_12h,2240.18,0,556.895,2797.08,0
Surocciden,2033_Q2_labor_13h,2222.7,0,558.158,2780.86,0
Surocciden,2033_Q2_labor_14h,2230.38,0,561.915,2792.3,0
Surocciden,2033_Q2_labor_15h,2246.87,0,567.869,2814.74,0
Surocciden,2033_Q2_labor_16h,2234.57,0,574.19,2808.76,0
Surocciden,2033_Q2_labor_17h,2187.77,0,579.229,2767,0
Surocciden,2033_Q2_labor_18h,2127.06,0,578.812,2705.87,0
Surocciden,2033_Q2_labor_19h,2261.5,0,588.949,2850.45,0
Surocciden,2033_Q2_labor_20h,2318.28,0,593.458,2911.74,0
Surocciden,2033_Q2_labor_21h,2259.81,0,588.435,2848.24,0
Surocciden,2033_Q2_labor_22h,2143.51,0,579.429,2722.94,0
Surocciden,2033_Q2_labor_23h,1983.71,0,570.831,2554.55,0
Surocciden,2033_Q2_holidays_0h,1629.29,0,760.874,2390.17,0
Surocciden,2033_Q2_holidays_1h,1442.93,0,719.017,2161.95,0
Surocciden,2033_Q2_holidays_2h,1340.83,0,749.936,2090.77,0
Surocciden,2033_Q2_holidays_3h,1259.96,0,782.675,2042.63,0
Surocciden,2033_Q2_holidays_4h,1224.6,0,797.758,2022.36,0
Surocciden,2033_Q2_holidays_5h,1302.88,0,765.166,2068.05,0
Surocciden,2033_Q2_holidays_6h,1456.41,0,715.086,2171.5,0
Surocciden,2033_Q2_holidays_7h,1512.65,0,700.037,2212.69,0
Surocciden,2033_Q2_holidays_8h,1696.13,0,656.589,2352.72,0
Surocciden,2033_Q2_holidays_9h,1860.11,0,639.591,2499.7,0
Surocciden,2033_Q2_holidays_10h,1965.9,0,634.417,2600.32,0
Surocciden,2033_Q2_holidays_11h,2051.47,0,650.478,2701.95,0
Surocciden,2033_Q2_holidays_12h,2096.45,0,684.03,2780.48,0
Surocciden,2033_Q2_holidays_13h,2069.2,0,704.758,2773.95,0
Surocciden,2033_Q2_holidays_14h,2032.34,0,759.33,2791.67,0
Surocciden,2033_Q2_holidays_15h,1985.18,0,838.279,2823.46,0
Surocciden,2033_Q2_holidays_16h,1924.41,0,902.807,2827.22,0
Surocciden,2033_Q2_holidays_17h,1846.98,0,932.692,2779.67,0
Surocciden,2033_Q2_holidays_18h,1789.98,0,919.166,2709.15,0
Surocciden,2033_Q2_holidays_19h,1870.31,0,984.259,2854.57,0
Surocciden,2033_Q2_holidays_20h,1926.26,0,1001.22,2927.48,0
Surocciden,2033_Q2_holidays_21h,1884.6,0,983.651,2868.26,0
Surocciden,2033_Q2_holidays_22h,1804.85,0,932.761,2737.61,0
Surocciden,2033_Q2_holidays_23h,1714.3,0,838.839,2553.14,0
Surocciden,2033_Q3_labor_0h,1661.11,0,830.966,2492.08,0
Surocciden,2033_Q3_labor_1h,1552.43,0,824.637,2377.07,0
Surocciden,2033_Q3_labor_2h,1473.85,0,819.579,2293.43,0
Surocciden,2033_Q3_labor_3h,1419.02,0,813.276,2232.3,0
Surocciden,2033_Q3_labor_4h,1391.55,0,808.535,2200.09,0
Surocciden,2033_Q3_labor_5h,1411.39,0,814.043,2225.43,0
Surocciden,2033_Q3_labor_6h,1477.38,0,813.139,2290.52,0
Surocciden,2033_Q3_labor_7h,1541.51,0,788.348,2329.86,0
Surocciden,2033_Q3_labor_8h,1699.8,0,770.011,2469.82,0
Surocciden,2033_Q3_labor_9h,1859.2,0,751.871,2611.07,0
Surocciden,2033_Q3_labor_10h,1966.8,0,737.56,2704.36,0
Surocciden,2033_Q3_labor_11h,2070.54,0,730.703,2801.24,0
Surocciden,2033_Q3_labor_12h,2140.74,0,733.807,2874.55,0
Surocciden,2033_Q3_labor_13h,2121.64,0,742.731,2864.37,0
Surocciden,2033_Q3_labor_14h,2111.22,0,766.241,2877.46,0
Surocciden,2033_Q3_labor_15h,2096.88,0,805.159,2902.04,0
Surocciden,2033_Q3_labor_16h,2049.89,0,842.411,2892.3,0
Surocciden,2033_Q3_labor_17h,1977.19,0,874.101,2851.29,0
Surocciden,2033_Q3_labor_18h,1902.75,0,877.303,2780.05,0
Surocciden,2033_Q3_labor_19h,1991.2,0,908.771,2899.97,0
Surocciden,2033_Q3_labor_20h,2067.03,0,921.605,2988.63,0
Surocciden,2033_Q3_labor_21h,2019.35,0,915.407,2934.76,0
Surocciden,2033_Q3_labor_22h,1929.65,0,886.71,2816.36,0
Surocciden,2033_Q3_labor_23h,1803.67,0,847.949,2651.61,0
Surocciden,2033_Q3_holidays_0h,1530.75,0,914.088,2444.84,0
Surocciden,2033_Q3_holidays_1h,1441.91,0,796.227,2238.14,0
Surocciden,2033_Q3_holidays_2h,1407.95,0,753.262,2161.21,0
Surocciden,2033_Q3_holidays_3h,1379.06,0,728.736,2107.8,0
Surocciden,2033_Q3_holidays_4h,1364.35,0,718.4,2082.75,0
Surocciden,2033_Q3_holidays_5h,1384.26,0,729.581,2113.84,0
Surocciden,2033_Q3_holidays_6h,1437.94,0,741.995,2179.94,0
Surocciden,2033_Q3_holidays_7h,1509.25,0,702.633,2211.88,0
Surocciden,2033_Q3_holidays_8h,1654.87,0,700.527,2355.39,0
Surocciden,2033_Q3_holidays_9h,1795.26,0,707.027,2502.28,0
Surocciden,2033_Q3_holidays_10h,1896.83,0,708.384,2605.22,0
Surocciden,2033_Q3_holidays_11h,1978.41,0,734.884,2713.29,0
Surocciden,2033_Q3_holidays_12h,2018.24,0,776.081,2794.32,0
Surocciden,2033_Q3_holidays_13h,1991.47,0,802.313,2793.78,0
Surocciden,2033_Q3_holidays_14h,1956.58,0,854.048,2810.63,0
Surocciden,2033_Q3_holidays_15h,1910.27,0,919.907,2830.18,0
Surocciden,2033_Q3_holidays_16h,1835.57,0,983.327,2818.89,0
Surocciden,2033_Q3_holidays_17h,1751.61,0,1028.02,2779.63,0
Surocciden,2033_Q3_holidays_18h,1691.17,0,1026.39,2717.56,0
Surocciden,2033_Q3_holidays_19h,1747.7,0,1100.41,2848.12,0
Surocciden,2033_Q3_holidays_20h,1789.06,0,1153.71,2942.77,0
Surocciden,2033_Q3_holidays_21h,1768.36,0,1128.91,2897.27,0
Surocciden,2033_Q3_holidays_22h,1719.76,0,1060.26,2780.03,0
Surocciden,2033_Q3_holidays_23h,1628.37,0,977.881,2606.25,0
Surocciden,2033_Q4_labor_0h,1677.19,0,920.672,2597.86,0
Surocciden,2033_Q4_labor_1h,1591.82,0,892.385,2484.2,0
Surocciden,2033_Q4_labor_2h,1519.87,0,879.144,2399.01,0
Surocciden,2033_Q4_labor_3h,1462.37,0,874.857,2337.23,0
Surocciden,2033_Q4_labor_4h,1426.65,0,874.77,2301.42,0
Surocciden,2033_Q4_labor_5h,1453.18,0,874.416,2327.6,0
Surocciden,2033_Q4_labor_6h,1522.4,0,870.313,2392.71,0
Surocciden,2033_Q4_labor_7h,1584.31,0,847.052,2431.36,0
Surocciden,2033_Q4_labor_8h,1746.28,0,825.631,2571.91,0
Surocciden,2033_Q4_labor_9h,1902.19,0,812.052,2714.25,0
Surocciden,2033_Q4_labor_10h,2008.86,0,802.581,2811.44,0
Surocciden,2033_Q4_labor_11h,2100.2,0,810.395,2910.6,0
Surocciden,2033_Q4_labor_12h,2151.8,0,832.294,2984.1,0
Surocciden,2033_Q4_labor_13h,2129.05,0,849.207,2978.26,0
Surocciden,2033_Q4_labor_14h,2103.47,0,887.902,2991.37,0
Surocciden,2033_Q4_labor_15h,2083.8,0,932.012,3015.82,0
Surocciden,2033_Q4_labor_16h,2036.13,0,971.212,3007.34,0
Surocciden,2033_Q4_labor_17h,1954.05,0,1014.1,2968.16,0
Surocciden,2033_Q4_labor_18h,1916.05,0,1031.17,2947.22,0
Surocciden,2033_Q4_labor_19h,2047.73,0,1058.76,3106.49,0
Surocciden,2033_Q4_labor_20h,2045.41,0,1060.72,3106.13,0
Surocciden,2033_Q4_labor_21h,1987.93,0,1055.29,3043.23,0
Surocciden,2033_Q4_labor_22h,1898.84,0,1023.68,2922.52,0
Surocciden,2033_Q4_labor_23h,1785.86,0,971.031,2756.89,0
Surocciden,2033_Q4_holidays_0h,1983.22,0,604.623,2587.84,0
Surocciden,2033_Q4_holidays_1h,1660.29,0,663.865,2324.15,0
Surocciden,2033_Q4_holidays_2h,1517.2,0,725.863,2243.06,0
Surocciden,2033_Q4_holidays_3h,1426.7,0,764.527,2191.22,0
Surocciden,2033_Q4_holidays_4h,1393.46,0,778.254,2171.71,0
Surocciden,2033_Q4_holidays_5h,1464.27,0,748.869,2213.13,0
Surocciden,2033_Q4_holidays_6h,1604.69,0,692.617,2297.31,0
Surocciden,2033_Q4_holidays_7h,1686.1,0,670.405,2356.51,0
Surocciden,2033_Q4_holidays_8h,1924.12,0,593.368,2517.49,0
Surocciden,2033_Q4_holidays_9h,2114.27,0,558.913,2673.19,0
Surocciden,2033_Q4_holidays_10h,2226.93,0,549.951,2776.88,0
Surocciden,2033_Q4_holidays_11h,2340.16,0,548.798,2888.96,0
Surocciden,2033_Q4_holidays_12h,2417.45,0,556.74,2974.19,0
Surocciden,2033_Q4_holidays_13h,2404.3,0,565.095,2969.39,0
Surocciden,2033_Q4_holidays_14h,2398.85,0,598.173,2997.02,0
Surocciden,2033_Q4_holidays_15h,2364.67,0,659.154,3023.83,0
Surocciden,2033_Q4_holidays_16h,2295.89,0,721.82,3017.71,0
Surocciden,2033_Q4_holidays_17h,2221.12,0,768.673,2989.79,0
Surocciden,2033_Q4_holidays_18h,2185.93,0,778.558,2964.49,0
Surocciden,2033_Q4_holidays_19h,2239.63,0,875.032,3114.66,0
Surocciden,2033_Q4_holidays_20h,2243.48,0,882.405,3125.88,0
Surocciden,2033_Q4_holidays_21h,2221.96,0,844.695,3066.65,0
Surocciden,2033_Q4_holidays_22h,2176.95,0,765.782,2942.73,0
Surocciden,2033_Q4_holidays_23h,2096.27,0,667.962,2764.23,0
Surocciden,2034_Q1_labor_0h,1978.48,0,508.074,2486.55,0
Surocciden,2034_Q1_labor_1h,1839.72,0,507.479,2347.19,0
Surocciden,2034_Q1_labor_2h,1759.79,0,507.262,2267.05,0
Surocciden,2034_Q1_labor_3h,1703.03,0,507.18,2210.21,0
Surocciden,2034_Q1_labor_4h,1675.72,0,507.168,2182.89,0
Surocciden,2034_Q1_labor_5h,1709.42,0,507.19,2216.61,0
Surocciden,2034_Q1_labor_6h,1800.94,0,507.219,2308.16,0
Surocciden,2034_Q1_labor_7h,1855.02,0,506.881,2361.9,0
Surocciden,2034_Q1_labor_8h,1997.51,0,506.667,2504.18,0
Surocciden,2034_Q1_labor_9h,2152.82,0,506.572,2659.39,0
Surocciden,2034_Q1_labor_10h,2249.58,0,506.429,2756.01,0
Surocciden,2034_Q1_labor_11h,2345.17,0,506.506,2851.68,0
Surocciden,2034_Q1_labor_12h,2420.96,0,506.795,2927.75,0
Surocciden,2034_Q1_labor_13h,2407.96,0,507.027,2914.99,0
Surocciden,2034_Q1_labor_14h,2413.84,0,507.644,2921.48,0
Surocciden,2034_Q1_labor_15h,2441.79,0,508.757,2950.54,0
Surocciden,2034_Q1_labor_16h,2434.02,0,509.97,2943.99,0
Surocciden,2034_Q1_labor_17h,2383.7,0,510.766,2894.47,0
Surocciden,2034_Q1_labor_18h,2327.25,0,510.741,2837.99,0
Surocciden,2034_Q1_labor_19h,2473.66,0,512.078,2985.73,0
Surocciden,2034_Q1_labor_20h,2506.73,0,512.208,3018.94,0
Surocciden,2034_Q1_labor_21h,2431.48,0,511.515,2943,0
Surocciden,2034_Q1_labor_22h,2304.57,0,510.426,2814.99,0
Surocciden,2034_Q1_labor_23h,2136.08,0,509.059,2645.14,0
Surocciden,2034_Q1_holidays_0h,1764.57,0,572.112,2336.68,0
Surocciden,2034_Q1_holidays_1h,1718.04,0,565.144,2283.18,0
Surocciden,2034_Q1_holidays_2h,1649.39,0,557.896,2207.29,0
Surocciden,2034_Q1_holidays_3h,1591.16,0,553.738,2144.89,0
Surocciden,2034_Q1_holidays_4h,1545.81,0,551.883,2097.69,0
Surocciden,2034_Q1_holidays_5h,1521.19,0,551.061,2072.25,0
Surocciden,2034_Q1_holidays_6h,1502.38,0,549.664,2052.05,0
Surocciden,2034_Q1_holidays_7h,1436.62,0,552.189,1988.81,0
Surocciden,2034_Q1_holidays_8h,1505.42,0,548.406,2053.82,0
Surocciden,2034_Q1_holidays_9h,1628.7,0,543.042,2171.74,0
Surocciden,2034_Q1_holidays_10h,1740.25,0,540.207,2280.46,0
Surocciden,2034_Q1_holidays_11h,1828.66,0,539.419,2368.08,0
Surocciden,2034_Q1_holidays_12h,1901.22,0,540.659,2441.88,0
Surocciden,2034_Q1_holidays_13h,1930.5,0,543.327,2473.83,0
Surocciden,2034_Q1_holidays_14h,1921.7,0,547.444,2469.15,0
Surocciden,2034_Q1_holidays_15h,1891.21,0,553.147,2444.36,0
Surocciden,2034_Q1_holidays_16h,1859.81,0,563.191,2423,0
Surocciden,2034_Q1_holidays_17h,1827.48,0,576.354,2403.83,0
Surocciden,2034_Q1_holidays_18h,1830.48,0,586.34,2416.82,0
Surocciden,2034_Q1_holidays_19h,1987.58,0,636.09,2623.67,0
Surocciden,2034_Q1_holidays_20h,2037.61,0,656.58,2694.19,0
Surocciden,2034_Q1_holidays_21h,2015.58,0,645.099,2660.67,0
Surocciden,2034_Q1_holidays_22h,1958.67,0,622.117,2580.78,0
Surocciden,2034_Q1_holidays_23h,1871.52,0,593.993,2465.51,0
Surocciden,2034_Q2_labor_0h,1857.64,0,635.426,2493.07,0
Surocciden,2034_Q2_labor_1h,1717.76,0,629.064,2346.82,0
Surocciden,2034_Q2_labor_2h,1639.12,0,629.171,2268.3,0
Surocciden,2034_Q2_labor_3h,1580.69,0,631.662,2212.35,0
Surocciden,2034_Q2_labor_4h,1553.29,0,633.76,2187.05,0
Surocciden,2034_Q2_labor_5h,1602.32,0,630.783,2233.1,0
Surocciden,2034_Q2_labor_6h,1717.15,0,626.461,2343.62,0
Surocciden,2034_Q2_labor_7h,1771.35,0,619.426,2390.78,0
Surocciden,2034_Q2_labor_8h,1919.66,0,612.336,2532,0
Surocciden,2034_Q2_labor_9h,2069.75,0,608.527,2678.28,0
Surocciden,2034_Q2_labor_10h,2164.9,0,605.768,2770.67,0
Surocciden,2034_Q2_labor_11h,2263.18,0,607.212,2870.4,0
Surocciden,2034_Q2_labor_12h,2333.35,0,612.288,2945.64,0
Surocciden,2034_Q2_labor_13h,2307.24,0,615.522,2922.76,0
Surocciden,2034_Q2_labor_14h,2310.9,0,626.906,2937.81,0
Surocciden,2034_Q2_labor_15h,2325.43,0,646.305,2971.74,0
Surocciden,2034_Q2_labor_16h,2303.42,0,666.985,2970.41,0
Surocciden,2034_Q2_labor_17h,2241.23,0,681.509,2922.74,0
Surocciden,2034_Q2_labor_18h,2169.35,0,677.7,2847.05,0
Surocciden,2034_Q2_labor_19h,2283.69,0,703.988,2987.68,0
Surocciden,2034_Q2_labor_20h,2334.36,0,714.074,3048.43,0
Surocciden,2034_Q2_labor_21h,2276.75,0,701.81,2978.56,0
Surocciden,2034_Q2_labor_22h,2165.26,0,676.382,2841.65,0
Surocciden,2034_Q2_labor_23h,2007.12,0,650.261,2657.38,0
Surocciden,2034_Q2_holidays_0h,1558.05,0,776.795,2334.85,0
Surocciden,2034_Q2_holidays_1h,1550.81,0,770.622,2321.44,0
Surocciden,2034_Q2_holidays_2h,1500.43,0,730.065,2230.5,0
Surocciden,2034_Q2_holidays_3h,1456.09,0,704.627,2160.71,0
Surocciden,2034_Q2_holidays_4h,1421.52,0,689.667,2111.19,0
Surocciden,2034_Q2_holidays_5h,1402.48,0,684.775,2087.25,0
Surocciden,2034_Q2_holidays_6h,1387.61,0,668.588,2056.19,0
Surocciden,2034_Q2_holidays_7h,1358.8,0,653.508,2012.31,0
Surocciden,2034_Q2_holidays_8h,1465.44,0,633.668,2099.11,0
Surocciden,2034_Q2_holidays_9h,1596.45,0,615.28,2211.73,0
Surocciden,2034_Q2_holidays_10h,1711.81,0,603.954,2315.77,0
Surocciden,2034_Q2_holidays_11h,1799.31,0,601.689,2401,0
Surocciden,2034_Q2_holidays_12h,1859.28,0,611.774,2471.05,0
Surocciden,2034_Q2_holidays_13h,1867.99,0,633.806,2501.8,0
Surocciden,2034_Q2_holidays_14h,1832.89,0,667.326,2500.21,0
Surocciden,2034_Q2_holidays_15h,1761.96,0,705.298,2467.25,0
Surocciden,2034_Q2_holidays_16h,1691.31,0,750.453,2441.77,0
Surocciden,2034_Q2_holidays_17h,1626.82,0,794.274,2421.09,0
Surocciden,2034_Q2_holidays_18h,1607.85,0,817.92,2425.77,0
Surocciden,2034_Q2_holidays_19h,1713.66,0,912.265,2625.93,0
Surocciden,2034_Q2_holidays_20h,1766.47,0,948.977,2715.45,0
Surocciden,2034_Q2_holidays_21h,1745.79,0,935.84,2681.63,0
Surocciden,2034_Q2_holidays_22h,1696.67,0,898.097,2594.77,0
Surocciden,2034_Q2_holidays_23h,1630.13,0,840.386,2470.52,0
Surocciden,2034_Q3_labor_0h,1678.47,0,905.84,2584.31,0
Surocciden,2034_Q3_labor_1h,1532.08,0,903.238,2435.32,0
Surocciden,2034_Q3_labor_2h,1453.51,0,896.951,2350.47,0
Surocciden,2034_Q3_labor_3h,1402.8,0,887.162,2289.96,0
Surocciden,2034_Q3_labor_4h,1380.37,0,880.855,2261.23,0
Surocciden,2034_Q3_labor_5h,1407.76,0,889.627,2297.39,0
Surocciden,2034_Q3_labor_6h,1489.86,0,891.504,2381.37,0
Surocciden,2034_Q3_labor_7h,1571.1,0,864.408,2435.51,0
Surocciden,2034_Q3_labor_8h,1748.4,0,841.121,2589.52,0
Surocciden,2034_Q3_labor_9h,1926.67,0,814.975,2741.64,0
Surocciden,2034_Q3_labor_10h,2044.9,0,794.597,2839.49,0
Surocciden,2034_Q3_labor_11h,2160.87,0,783.849,2944.72,0
Surocciden,2034_Q3_labor_12h,2233.7,0,789.465,3023.17,0
Surocciden,2034_Q3_labor_13h,2204.65,0,801.625,3006.28,0
Surocciden,2034_Q3_labor_14h,2188.79,0,833.424,3022.21,0
Surocciden,2034_Q3_labor_15h,2171.18,0,884.76,3055.95,0
Surocciden,2034_Q3_labor_16h,2118.8,0,929.736,3048.53,0
Surocciden,2034_Q3_labor_17h,2040.39,0,962.654,3003.05,0
Surocciden,2034_Q3_labor_18h,1959.12,0,959.583,2918.71,0
Surocciden,2034_Q3_labor_19h,2043.25,0,991.402,3034.65,0
Surocciden,2034_Q3_labor_20h,2116.58,0,1005.92,3122.5,0
Surocciden,2034_Q3_labor_21h,2066.14,0,997.56,3063.7,0
Surocciden,2034_Q3_labor_22h,1969.93,0,963.829,2933.76,0
Surocciden,2034_Q3_labor_23h,1834.24,0,920.054,2754.3,0
Surocciden,2034_Q3_holidays_0h,1491.67,0,920.36,2412.03,0
Surocciden,2034_Q3_holidays_1h,1475.14,0,909.5,2384.64,0
Surocciden,2034_Q3_holidays_2h,1430.05,0,867.509,2297.56,0
Surocciden,2034_Q3_holidays_3h,1399.84,0,827.702,2227.55,0
Surocciden,2034_Q3_holidays_4h,1378.88,0,795.911,2174.79,0
Surocciden,2034_Q3_holidays_5h,1368.01,0,777.7,2145.71,0
Surocciden,2034_Q3_holidays_6h,1377.43,0,733.437,2110.87,0
Surocciden,2034_Q3_holidays_7h,1403.7,0,657.267,2060.97,0
Surocciden,2034_Q3_holidays_8h,1511.72,0,637.149,2148.87,0
Surocciden,2034_Q3_holidays_9h,1632.36,0,627.51,2259.87,0
Surocciden,2034_Q3_holidays_10h,1731.84,0,623.362,2355.2,0
Surocciden,2034_Q3_holidays_11h,1804.18,0,629.294,2433.48,0
Surocciden,2034_Q3_holidays_12h,1845.2,0,653.836,2499.03,0
Surocciden,2034_Q3_holidays_13h,1841.08,0,696.366,2537.44,0
Surocciden,2034_Q3_holidays_14h,1790.63,0,749.25,2539.88,0
Surocciden,2034_Q3_holidays_15h,1706.9,0,801.952,2508.85,0
Surocciden,2034_Q3_holidays_16h,1621.49,0,859.848,2481.34,0
Surocciden,2034_Q3_holidays_17h,1546.06,0,914.562,2460.62,0
Surocciden,2034_Q3_holidays_18h,1519.3,0,944.017,2463.32,0
Surocciden,2034_Q3_holidays_19h,1599.02,0,1044.81,2643.84,0
Surocciden,2034_Q3_holidays_20h,1645.36,0,1117.03,2762.39,0
Surocciden,2034_Q3_holidays_21h,1634.7,0,1100.96,2735.66,0
Surocciden,2034_Q3_holidays_22h,1606.4,0,1057.02,2663.42,0
Surocciden,2034_Q3_holidays_23h,1558.98,0,984.876,2543.86,0
Surocciden,2034_Q4_labor_0h,1844.12,0,857.449,2701.57,0
Surocciden,2034_Q4_labor_1h,1715.04,0,832.932,2547.97,0
Surocciden,2034_Q4_labor_2h,1628.06,0,832.825,2460.88,0
Surocciden,2034_Q4_labor_3h,1560.58,0,840.003,2400.58,0
Surocciden,2034_Q4_labor_4h,1525.16,0,845.885,2371.04,0
Surocciden,2034_Q4_labor_5h,1571.41,0,838.27,2409.68,0
Surocciden,2034_Q4_labor_6h,1671.54,0,825.258,2496.8,0
Surocciden,2034_Q4_labor_7h,1750.88,0,803.51,2554.39,0
Surocciden,2034_Q4_labor_8h,1933.54,0,778.815,2712.35,0
Surocciden,2034_Q4_labor_9h,2101.6,0,764.824,2866.42,0
Surocciden,2034_Q4_labor_10h,2211.35,0,755.411,2966.76,0
Surocciden,2034_Q4_labor_11h,2309.88,0,762.454,3072.33,0
Surocciden,2034_Q4_labor_12h,2367.07,0,782.671,3149.74,0
Surocciden,2034_Q4_labor_13h,2343.63,0,793.063,3136.69,0
Surocciden,2034_Q4_labor_14h,2332.1,0,822.862,3154.96,0
Surocciden,2034_Q4_labor_15h,2333.15,0,856.578,3189.72,0
Surocciden,2034_Q4_labor_16h,2293.88,0,889.129,3183.01,0
Surocciden,2034_Q4_labor_17h,2201.35,0,939.542,3140.9,0
Surocciden,2034_Q4_labor_18h,2140.25,0,966.679,3106.93,0
Surocciden,2034_Q4_labor_19h,2290.48,0,969.574,3260.05,0
Surocciden,2034_Q4_labor_20h,2280.24,0,974.476,3254.71,0
Surocciden,2034_Q4_labor_21h,2205.91,0,979.701,3185.61,0
Surocciden,2034_Q4_labor_22h,2097.79,0,955.332,3053.12,0
Surocciden,2034_Q4_labor_23h,1966.15,0,906.085,2872.23,0
Surocciden,2034_Q4_holidays_0h,1610.48,0,900.361,2510.84,0
Surocciden,2034_Q4_holidays_1h,1585.69,0,872.732,2458.42,0
Surocciden,2034_Q4_holidays_2h,1533.27,0,837.661,2370.93,0
Surocciden,2034_Q4_holidays_3h,1469.13,0,828.448,2297.57,0
Surocciden,2034_Q4_holidays_4h,1392.72,0,840.67,2233.39,0
Surocciden,2034_Q4_holidays_5h,1354.22,0,851.792,2206.01,0
Surocciden,2034_Q4_holidays_6h,1300.47,0,871.93,2172.4,0
Surocciden,2034_Q4_holidays_7h,1222.42,0,904.268,2126.68,0
Surocciden,2034_Q4_holidays_8h,1349.82,0,863.491,2213.31,0
Surocciden,2034_Q4_holidays_9h,1519.95,0,808.945,2328.9,0
Surocciden,2034_Q4_holidays_10h,1674.63,0,759.666,2434.3,0
Surocciden,2034_Q4_holidays_11h,1808.33,0,720.802,2529.13,0
Surocciden,2034_Q4_holidays_12h,1903.95,0,702.732,2606.68,0
Surocciden,2034_Q4_holidays_13h,1930.4,0,713.58,2643.98,0
Surocciden,2034_Q4_holidays_14h,1896.14,0,747.728,2643.87,0
Surocciden,2034_Q4_holidays_15h,1820.29,0,793.648,2613.94,0
Surocciden,2034_Q4_holidays_16h,1739.83,0,855.696,2595.53,0
Surocciden,2034_Q4_holidays_17h,1664.36,0,912.954,2577.32,0
Surocciden,2034_Q4_holidays_18h,1655.1,0,970.595,2625.69,0
Surocciden,2034_Q4_holidays_19h,1738.18,0,1107.69,2845.87,0
Surocciden,2034_Q4_holidays_20h,1756.65,0,1130.63,2887.28,0
Surocciden,2034_Q4_holidays_21h,1740.02,0,1112.13,2852.15,0
Surocciden,2034_Q4_holidays_22h,1708.54,0,1064.9,2773.44,0
Surocciden,2034_Q4_holidays_23h,1664.09,0,987.254,2651.35,0
Surocciden,2035_Q1_labor_0h,1886.23,0,665.664,2551.89,0
Surocciden,2035_Q1_labor_1h,1752.3,0,646.772,2399.08,0
Surocciden,2035_Q1_labor_2h,1678.68,0,638.737,2317.41,0
Surocciden,2035_Q1_labor_3h,1625.7,0,634.192,2259.89,0
Surocciden,2035_Q1_labor_4h,1596.9,0,632.166,2229.06,0
Surocciden,2035_Q1_labor_5h,1624.03,0,634.099,2258.13,0
Surocciden,2035_Q1_labor_6h,1702.15,0,640.489,2342.64,0
Surocciden,2035_Q1_labor_7h,1741.69,0,642.258,2383.95,0
Surocciden,2035_Q1_labor_8h,1868.13,0,651.226,2519.35,0
Surocciden,2035_Q1_labor_9h,2011.5,0,660.051,2671.55,0
Surocciden,2035_Q1_labor_10h,2104.59,0,666.152,2770.74,0
Surocciden,2035_Q1_labor_11h,2199.91,0,669.087,2869,0
Surocciden,2035_Q1_labor_12h,2276.75,0,672.997,2949.74,0
Surocciden,2035_Q1_labor_13h,2269.65,0,674.304,2943.95,0
Surocciden,2035_Q1_labor_14h,2271.01,0,684.583,2955.59,0
Surocciden,2035_Q1_labor_15h,2282.49,0,705.531,2988.02,0
Surocciden,2035_Q1_labor_16h,2260.01,0,721.53,2981.54,0
Surocciden,2035_Q1_labor_17h,2206.61,0,727.634,2934.24,0
Surocciden,2035_Q1_labor_18h,2154.86,0,723.621,2878.48,0
Surocciden,2035_Q1_labor_19h,2284.89,0,749.359,3034.25,0
Surocciden,2035_Q1_labor_20h,2325.07,0,751.294,3076.37,0
Surocciden,2035_Q1_labor_21h,2261.54,0,745.735,3007.28,0
Surocciden,2035_Q1_labor_22h,2160.51,0,724.133,2884.64,0
Surocciden,2035_Q1_labor_23h,2023.69,0,691.31,2715,0
Surocciden,2035_Q1_holidays_0h,1786.21,0,675.411,2461.62,0
Surocciden,2035_Q1_holidays_1h,1786.24,0,675.211,2461.45,0
Surocciden,2035_Q1_holidays_2h,1721.33,0,656.697,2378.03,0
Surocciden,2035_Q1_holidays_3h,1661.67,0,646.031,2307.7,0
Surocciden,2035_Q1_holidays_4h,1632.02,0,642.973,2274.99,0
Surocciden,2035_Q1_holidays_5h,1638.75,0,643.625,2282.37,0
Surocciden,2035_Q1_holidays_6h,1671.87,0,647.697,2319.57,0
Surocciden,2035_Q1_holidays_7h,1681.8,0,655.766,2337.56,0
Surocciden,2035_Q1_holidays_8h,1797.23,0,673.326,2470.56,0
Surocciden,2035_Q1_holidays_9h,1951.78,0,685.639,2637.42,0
Surocciden,2035_Q1_holidays_10h,2056.16,0,695.168,2751.33,0
Surocciden,2035_Q1_holidays_11h,2147.2,0,696.052,2843.25,0
Surocciden,2035_Q1_holidays_12h,2210.51,0,694.598,2905.11,0
Surocciden,2035_Q1_holidays_13h,2201.56,0,692.9,2894.46,0
Surocciden,2035_Q1_holidays_14h,2163.81,0,696.476,2860.29,0
Surocciden,2035_Q1_holidays_15h,2107.29,0,712.722,2820.01,0
Surocciden,2035_Q1_holidays_16h,2050.66,0,745.772,2796.43,0
Surocciden,2035_Q1_holidays_17h,1983.83,0,770.87,2754.7,0
Surocciden,2035_Q1_holidays_18h,1964.9,0,788.91,2753.81,0
Surocciden,2035_Q1_holidays_19h,2068.49,0,877.09,2945.58,0
Surocciden,2035_Q1_holidays_20h,2085,0,886.307,2971.31,0
Surocciden,2035_Q1_holidays_21h,2036.09,0,846.625,2882.72,0
Surocciden,2035_Q1_holidays_22h,1962.62,0,783.249,2745.87,0
Surocciden,2035_Q1_holidays_23h,1877.54,0,718.177,2595.71,0
Surocciden,2035_Q2_labor_0h,1892.6,0,657.117,2549.72,0
Surocciden,2035_Q2_labor_1h,1760.13,0,643.96,2404.09,0
Surocciden,2035_Q2_labor_2h,1683.24,0,639.132,2322.37,0
Surocciden,2035_Q2_labor_3h,1625.83,0,637.323,2263.15,0
Surocciden,2035_Q2_labor_4h,1597.13,0,637.126,2234.25,0
Surocciden,2035_Q2_labor_5h,1637.99,0,638.004,2276,0
Surocciden,2035_Q2_labor_6h,1737.34,0,643.571,2380.92,0
Surocciden,2035_Q2_labor_7h,1763.28,0,650.075,2413.36,0
Surocciden,2035_Q2_labor_8h,1885.32,0,660.582,2545.9,0
Surocciden,2035_Q2_labor_9h,2017.61,0,670.433,2688.04,0
Surocciden,2035_Q2_labor_10h,2103.78,0,678.835,2782.61,0
Surocciden,2035_Q2_labor_11h,2206.59,0,677.552,2884.14,0
Surocciden,2035_Q2_labor_12h,2288.46,0,674.647,2963.11,0
Surocciden,2035_Q2_labor_13h,2275.26,0,671.602,2946.86,0
Surocciden,2035_Q2_labor_14h,2292.33,0,675.712,2968.04,0
Surocciden,2035_Q2_labor_15h,2312.24,0,691.195,3003.44,0
Surocciden,2035_Q2_labor_16h,2294.97,0,705.782,3000.75,0
Surocciden,2035_Q2_labor_17h,2242.72,0,711.665,2954.39,0
Surocciden,2035_Q2_labor_18h,2174.74,0,706.055,2880.8,0
Surocciden,2035_Q2_labor_19h,2302.53,0,727.709,3030.24,0
Surocciden,2035_Q2_labor_20h,2374.17,0,726.114,3100.28,0
Surocciden,2035_Q2_labor_21h,2310.18,0,725.341,3035.52,0
Surocciden,2035_Q2_labor_22h,2194.77,0,708.174,2902.94,0
Surocciden,2035_Q2_labor_23h,2040.01,0,678.732,2718.74,0
Surocciden,2035_Q2_holidays_0h,1655.5,0,859.659,2515.16,0
Surocciden,2035_Q2_holidays_1h,1633.52,0,837.394,2470.92,0
Surocciden,2035_Q2_holidays_2h,1583.84,0,798.483,2382.32,0
Surocciden,2035_Q2_holidays_3h,1537.97,0,782.152,2320.12,0
Surocciden,2035_Q2_holidays_4h,1508.07,0,778.285,2286.36,0
Surocciden,2035_Q2_holidays_5h,1516.23,0,780.104,2296.34,0
Surocciden,2035_Q2_holidays_6h,1527.93,0,790.542,2318.47,0
Surocciden,2035_Q2_holidays_7h,1535.38,0,835.933,2371.31,0
Surocciden,2035_Q2_holidays_8h,1678.22,0,860.949,2539.17,0
Surocciden,2035_Q2_holidays_9h,1827.37,0,879.664,2707.04,0
Surocciden,2035_Q2_holidays_10h,1920.09,0,897.709,2817.79,0
Surocciden,2035_Q2_holidays_11h,2015.72,0,897.092,2912.81,0
Surocciden,2035_Q2_holidays_12h,2079.59,0,896.411,2976,0
Surocciden,2035_Q2_holidays_13h,2066.77,0,896.467,2963.23,0
Surocciden,2035_Q2_holidays_14h,2020.43,0,906.674,2927.1,0
Surocciden,2035_Q2_holidays_15h,1953.86,0,936.529,2890.39,0
Surocciden,2035_Q2_holidays_16h,1890.63,0,981.544,2872.18,0
Surocciden,2035_Q2_holidays_17h,1823.8,0,1010.44,2834.24,0
Surocciden,2035_Q2_holidays_18h,1794.46,0,1018.05,2812.51,0
Surocciden,2035_Q2_holidays_19h,1895.33,0,1095.38,2990.72,0
Surocciden,2035_Q2_holidays_20h,1926.48,0,1111.11,3037.59,0
Surocciden,2035_Q2_holidays_21h,1875.45,0,1083.52,2958.97,0
Surocciden,2035_Q2_holidays_22h,1797.24,0,1020.94,2818.18,0
Surocciden,2035_Q2_holidays_23h,1720.67,0,935.562,2656.23,0
Surocciden,2035_Q3_labor_0h,1761.63,0,883.709,2645.34,0
Surocciden,2035_Q3_labor_1h,1610.33,0,879.284,2489.62,0
Surocciden,2035_Q3_labor_2h,1522.65,0,879.98,2402.63,0
Surocciden,2035_Q3_labor_3h,1460.79,0,878.931,2339.72,0
Surocciden,2035_Q3_labor_4h,1430.81,0,876.966,2307.78,0
Surocciden,2035_Q3_labor_5h,1458.26,0,881.058,2339.32,0
Surocciden,2035_Q3_labor_6h,1524.93,0,892.219,2417.15,0
Surocciden,2035_Q3_labor_7h,1557.72,0,898.212,2455.93,0
Surocciden,2035_Q3_labor_8h,1690.8,0,911.069,2601.86,0
Surocciden,2035_Q3_labor_9h,1824.69,0,925.071,2749.76,0
Surocciden,2035_Q3_labor_10h,1915.03,0,933.665,2848.7,0
Surocciden,2035_Q3_labor_11h,2009.7,0,944.97,2954.67,0
Surocciden,2035_Q3_labor_12h,2088.76,0,947.355,3036.12,0
Surocciden,2035_Q3_labor_13h,2090.16,0,938.497,3028.66,0
Surocciden,2035_Q3_labor_14h,2129.77,0,922.195,3051.97,0
Surocciden,2035_Q3_labor_15h,2164.88,0,921.324,3086.21,0
Surocciden,2035_Q3_labor_16h,2138.26,0,939.708,3077.96,0
Surocciden,2035_Q3_labor_17h,2078.61,0,955.01,3033.62,0
Surocciden,2035_Q3_labor_18h,2001.28,0,951.582,2952.86,0
Surocciden,2035_Q3_labor_19h,2099.42,0,979.088,3078.51,0
Surocciden,2035_Q3_labor_20h,2204.21,0,973.938,3178.15,0
Surocciden,2035_Q3_labor_21h,2145.21,0,980.791,3126,0
Surocciden,2035_Q3_labor_22h,2036.52,0,963.422,2999.94,0
Surocciden,2035_Q3_labor_23h,1905.29,0,913.95,2819.24,0
Surocciden,2035_Q3_holidays_0h,1581.61,0,1003.01,2584.62,0
Surocciden,2035_Q3_holidays_1h,1570.33,0,999.871,2570.2,0
Surocciden,2035_Q3_holidays_2h,1512.65,0,965.342,2477.99,0
Surocciden,2035_Q3_holidays_3h,1479.52,0,929.962,2409.48,0
Surocciden,2035_Q3_holidays_4h,1461.32,0,908.081,2369.4,0
Surocciden,2035_Q3_holidays_5h,1463.67,0,910.431,2374.1,0
Surocciden,2035_Q3_holidays_6h,1487.72,0,903.138,2390.86,0
Surocciden,2035_Q3_holidays_7h,1562.88,0,879.84,2442.72,0
Surocciden,2035_Q3_holidays_8h,1704.89,0,905.536,2610.43,0
Surocciden,2035_Q3_holidays_9h,1842.07,0,936.085,2778.15,0
Surocciden,2035_Q3_holidays_10h,1936.64,0,950.953,2887.59,0
Surocciden,2035_Q3_holidays_11h,2002.28,0,980.617,2982.9,0
Surocciden,2035_Q3_holidays_12h,2025.49,0,1020.98,3046.47,0
Surocciden,2035_Q3_holidays_13h,1991.03,0,1034.6,3025.63,0
Surocciden,2035_Q3_holidays_14h,1933.43,0,1052.8,2986.23,0
Surocciden,2035_Q3_holidays_15h,1892.35,0,1064.99,2957.34,0
Surocciden,2035_Q3_holidays_16h,1850.63,0,1082.08,2932.71,0
Surocciden,2035_Q3_holidays_17h,1780.98,0,1115.13,2896.12,0
Surocciden,2035_Q3_holidays_18h,1740.83,0,1120.92,2861.74,0
Surocciden,2035_Q3_holidays_19h,1809.24,0,1200.61,3009.85,0
Surocciden,2035_Q3_holidays_20h,1844.6,0,1231.75,3076.35,0
Surocciden,2035_Q3_holidays_21h,1803.2,0,1194.48,2997.68,0
Surocciden,2035_Q3_holidays_22h,1747.32,0,1128.66,2875.98,0
Surocciden,2035_Q3_holidays_23h,1678.22,0,1049.43,2727.64,0
Surocciden,2035_Q4_labor_0h,1742.66,0,1026.42,2769.08,0
Surocciden,2035_Q4_labor_1h,1623.66,0,975.042,2598.7,0
Surocciden,2035_Q4_labor_2h,1555.06,0,955.044,2510.1,0
Surocciden,2035_Q4_labor_3h,1501.48,0,945.476,2446.96,0
Surocciden,2035_Q4_labor_4h,1469.92,0,942.462,2412.38,0
Surocciden,2035_Q4_labor_5h,1502.34,0,945.316,2447.65,0
Surocciden,2035_Q4_labor_6h,1570.89,0,958.511,2529.4,0
Surocciden,2035_Q4_labor_7h,1602.26,0,971.116,2573.38,0
Surocciden,2035_Q4_labor_8h,1729.85,0,994.128,2723.98,0
Surocciden,2035_Q4_labor_9h,1860.68,0,1013.49,2874.17,0
Surocciden,2035_Q4_labor_10h,1947.23,0,1028.51,2975.74,0
Surocciden,2035_Q4_labor_11h,2051.44,0,1032.64,3084.08,0
Surocciden,2035_Q4_labor_12h,2132.08,0,1035.9,3167.98,0
Surocciden,2035_Q4_labor_13h,2127.53,0,1035.95,3163.49,0
Surocciden,2035_Q4_labor_14h,2135.46,0,1052.47,3187.93,0
Surocciden,2035_Q4_labor_15h,2144.98,0,1079.09,3224.07,0
Surocciden,2035_Q4_labor_16h,2120.66,0,1098.4,3219.06,0
Surocciden,2035_Q4_labor_17h,2055.38,0,1122.66,3178.03,0
Surocciden,2035_Q4_labor_18h,2019.75,0,1128.21,3147.97,0
Surocciden,2035_Q4_labor_19h,2180.48,0,1131.68,3312.16,0
Surocciden,2035_Q4_labor_20h,2186.88,0,1131.25,3318.14,0
Surocciden,2035_Q4_labor_21h,2119.4,0,1137.8,3257.2,0
Surocciden,2035_Q4_labor_22h,2002.46,0,1125.49,3127.95,0
Surocciden,2035_Q4_labor_23h,1861.71,0,1083.4,2945.11,0
Surocciden,2035_Q4_holidays_0h,2038.73,0,628.69,2667.42,0
Surocciden,2035_Q4_holidays_1h,2052.96,0,633.456,2686.42,0
Surocciden,2035_Q4_holidays_2h,1972.18,0,617.532,2589.71,0
Surocciden,2035_Q4_holidays_3h,1901.87,0,618.447,2520.31,0
Surocciden,2035_Q4_holidays_4h,1854.9,0,624.243,2479.15,0
Surocciden,2035_Q4_holidays_5h,1853.27,0,624.798,2478.07,0
Surocciden,2035_Q4_holidays_6h,1851.21,0,640.17,2491.38,0
Surocciden,2035_Q4_holidays_7h,1833.84,0,702.509,2536.35,0
Surocciden,2035_Q4_holidays_8h,1966.44,0,731.746,2698.19,0
Surocciden,2035_Q4_holidays_9h,2122.95,0,745.244,2868.19,0
Surocciden,2035_Q4_holidays_10h,2228.03,0,759.475,2987.51,0
Surocciden,2035_Q4_holidays_11h,2344.41,0,743.132,3087.54,0
Surocciden,2035_Q4_holidays_12h,2432.22,0,710.203,3142.42,0
Surocciden,2035_Q4_holidays_13h,2443.8,0,683.338,3127.13,0
Surocciden,2035_Q4_holidays_14h,2426.48,0,666.748,3093.23,0
Surocciden,2035_Q4_holidays_15h,2379.52,0,680.923,3060.45,0
Surocciden,2035_Q4_holidays_16h,2310.92,0,719.127,3030.04,0
Surocciden,2035_Q4_holidays_17h,2239.64,0,757.516,2997.16,0
Surocciden,2035_Q4_holidays_18h,2223.09,0,794.362,3017.45,0
Surocciden,2035_Q4_holidays_19h,2289.41,0,916.012,3205.42,0
Surocciden,2035_Q4_holidays_20h,2280.11,0,899.078,3179.19,0
Surocciden,2035_Q4_holidays_21h,2245.03,0,836.518,3081.55,0
Surocciden,2035_Q4_holidays_22h,2199.31,0,757.945,2957.25,0
Surocciden,2035_Q4_holidays_23h,2131.7,0,678.942,2810.64,0
Caribe,2023_Q1_labor_0h,899.594,0,1505.42,2405.02,0
Caribe,2023_Q1_labor_1h,764.956,0,1505.42,2270.38,0
Caribe,2023_Q1_labor_2h,687.39,0,1505.42,2192.81,0
Caribe,2023_Q1_labor_3h,632.402,0,1505.42,2137.83,0
Caribe,2023_Q1_labor_4h,605.99,0,1505.42,2111.41,0
Caribe,2023_Q1_labor_5h,638.542,0,1505.42,2143.97,0
Caribe,2023_Q1_labor_6h,726.767,0,1505.42,2232.19,0
Caribe,2023_Q1_labor_7h,778.77,0,1505.42,2284.19,0
Caribe,2023_Q1_labor_8h,916.653,0,1505.42,2422.08,0
Caribe,2023_Q1_labor_9h,1066.82,0,1505.42,2572.24,0
Caribe,2023_Q1_labor_10h,1160.33,0,1505.42,2665.76,0
Caribe,2023_Q1_labor_11h,1252.85,0,1505.42,2758.28,0
Caribe,2023_Q1_labor_12h,1326.4,0,1505.42,2831.82,0
Caribe,2023_Q1_labor_13h,1314.06,0,1505.42,2819.49,0
Caribe,2023_Q1_labor_14h,1320.22,0,1505.42,2825.64,0
Caribe,2023_Q1_labor_15h,1348.24,0,1505.42,2853.66,0
Caribe,2023_Q1_labor_16h,1341.87,0,1505.42,2847.29,0
Caribe,2023_Q1_labor_17h,1293.95,0,1505.42,2799.38,0
Caribe,2023_Q1_labor_18h,1239.64,0,1505.42,2745.06,0
Caribe,2023_Q1_labor_19h,1382.77,0,1505.42,2888.2,0
Caribe,2023_Q1_labor_20h,1414.39,0,1505.42,2919.81,0
Caribe,2023_Q1_labor_21h,1340.89,0,1505.42,2846.31,0
Caribe,2023_Q1_labor_22h,1217.06,0,1505.42,2722.49,0
Caribe,2023_Q1_labor_23h,1052.87,0,1505.42,2558.29,0
Caribe,2023_Q1_holidays_0h,751.83,0,1505.42,2257.25,0
Caribe,2023_Q1_holidays_1h,700.091,0,1505.42,2205.51,0
Caribe,2023_Q1_holidays_2h,626.764,0,1505.42,2132.19,0
Caribe,2023_Q1_holidays_3h,566.474,0,1505.42,2071.9,0
Caribe,2023_Q1_holidays_4h,520.846,0,1505.42,2026.27,0
Caribe,2023_Q1_holidays_5h,496.26,0,1505.42,2001.68,0
Caribe,2023_Q1_holidays_6h,476.757,0,1505.42,1982.18,0
Caribe,2023_Q1_holidays_7h,415.725,0,1505.42,1921.15,0
Caribe,2023_Q1_holidays_8h,478.68,0,1505.42,1984.1,0
Caribe,2023_Q1_holidays_9h,592.594,0,1505.42,2098.02,0
Caribe,2023_Q1_holidays_10h,697.664,0,1505.42,2203.09,0
Caribe,2023_Q1_holidays_11h,782.336,0,1505.42,2287.76,0
Caribe,2023_Q1_holidays_12h,853.717,0,1505.42,2359.14,0
Caribe,2023_Q1_holidays_13h,884.522,0,1505.42,2389.95,0
Caribe,2023_Q1_holidays_14h,879.989,0,1505.42,2385.41,0
Caribe,2023_Q1_holidays_15h,856.038,0,1505.42,2361.46,0
Caribe,2023_Q1_holidays_16h,835.334,0,1505.42,2340.76,0
Caribe,2023_Q1_holidays_17h,816.772,0,1505.42,2322.2,0
Caribe,2023_Q1_holidays_18h,829.578,0,1505.42,2335,0
Caribe,2023_Q1_holidays_19h,1029.56,0,1505.42,2534.99,0
Caribe,2023_Q1_holidays_20h,1097.23,0,1505.42,2602.65,0
Caribe,2023_Q1_holidays_21h,1064.83,0,1505.42,2570.25,0
Caribe,2023_Q1_holidays_22h,987.63,0,1505.42,2493.05,0
Caribe,2023_Q1_holidays_23h,876.304,0,1505.42,2381.73,0
Caribe,2023_Q2_labor_0h,881.668,0,1505.42,2387.09,0
Caribe,2023_Q2_labor_1h,804.444,0,1442.62,2247.06,0
Caribe,2023_Q2_labor_2h,804.26,0,1367.61,2171.87,0
Caribe,2023_Q2_labor_3h,804.125,0,1314.18,2118.3,0
Caribe,2023_Q2_labor_4h,804.107,0,1289.97,2094.08,0
Caribe,2023_Q2_labor_5h,804.448,0,1333.73,2138.18,0
Caribe,2023_Q2_labor_6h,825.16,0,1418.83,2243.99,0
Caribe,2023_Q2_labor_7h,872.963,0,1416.19,2289.15,0
Caribe,2023_Q2_labor_8h,928.271,0,1496.09,2424.36,0
Caribe,2023_Q2_labor_9h,1059.01,0,1505.42,2564.43,0
Caribe,2023_Q2_labor_10h,1147.47,0,1505.42,2652.89,0
Caribe,2023_Q2_labor_11h,1242.96,0,1505.42,2748.38,0
Caribe,2023_Q2_labor_12h,1315,0,1505.42,2820.42,0
Caribe,2023_Q2_labor_13h,1293.09,0,1505.42,2798.52,0
Caribe,2023_Q2_labor_14h,1307.5,0,1505.42,2812.93,0
Caribe,2023_Q2_labor_15h,1339.99,0,1505.42,2845.41,0
Caribe,2023_Q2_labor_16h,1338.72,0,1505.42,2844.14,0
Caribe,2023_Q2_labor_17h,1293.08,0,1505.42,2798.5,0
Caribe,2023_Q2_labor_18h,1220.6,0,1505.42,2726.03,0
Caribe,2023_Q2_labor_19h,1355.25,0,1505.42,2860.68,0
Caribe,2023_Q2_labor_20h,1413.42,0,1505.42,2918.85,0
Caribe,2023_Q2_labor_21h,1346.52,0,1505.42,2851.94,0
Caribe,2023_Q2_labor_22h,1215.43,0,1505.42,2720.85,0
Caribe,2023_Q2_labor_23h,1039,0,1505.42,2544.42,0
Caribe,2023_Q2_holidays_0h,730.17,0,1505.42,2235.59,0
Caribe,2023_Q2_holidays_1h,717.331,0,1505.42,2222.75,0
Caribe,2023_Q2_holidays_2h,630.26,0,1505.42,2135.68,0
Caribe,2023_Q2_holidays_3h,563.439,0,1505.42,2068.86,0
Caribe,2023_Q2_holidays_4h,516.02,0,1505.42,2021.44,0
Caribe,2023_Q2_holidays_5h,493.102,0,1505.42,1998.53,0
Caribe,2023_Q2_holidays_6h,463.366,0,1505.42,1968.79,0
Caribe,2023_Q2_holidays_7h,421.342,0,1505.42,1926.77,0
Caribe,2023_Q2_holidays_8h,504.452,0,1505.42,2009.88,0
Caribe,2023_Q2_holidays_9h,612.29,0,1505.42,2117.71,0
Caribe,2023_Q2_holidays_10h,711.905,0,1505.42,2217.33,0
Caribe,2023_Q2_holidays_11h,793.51,0,1505.42,2298.93,0
Caribe,2023_Q2_holidays_12h,860.587,0,1505.42,2366.01,0
Caribe,2023_Q2_holidays_13h,890.027,0,1505.42,2395.45,0
Caribe,2023_Q2_holidays_14h,888.507,0,1505.42,2393.93,0
Caribe,2023_Q2_holidays_15h,856.95,0,1505.42,2362.37,0
Caribe,2023_Q2_holidays_16h,832.549,0,1505.42,2337.97,0
Caribe,2023_Q2_holidays_17h,812.753,0,1505.42,2318.18,0
Caribe,2023_Q2_holidays_18h,817.228,0,1505.42,2322.65,0
Caribe,2023_Q2_holidays_19h,1008.88,0,1505.42,2514.3,0
Caribe,2023_Q2_holidays_20h,1094.6,0,1505.42,2600.02,0
Caribe,2023_Q2_holidays_21h,1062.22,0,1505.42,2567.64,0
Caribe,2023_Q2_holidays_22h,979.048,0,1505.42,2484.47,0
Caribe,2023_Q2_holidays_23h,860.073,0,1505.42,2365.5,0
Caribe,2023_Q3_labor_0h,969.027,0,1505.42,2474.45,0
Caribe,2023_Q3_labor_1h,826.374,0,1505.42,2331.8,0
Caribe,2023_Q3_labor_2h,812.396,0,1438.16,2250.55,0
Caribe,2023_Q3_labor_3h,812.307,0,1380.31,2192.62,0
Caribe,2023_Q3_labor_4h,812.436,0,1352.67,2165.11,0
Caribe,2023_Q3_labor_5h,813.911,0,1385.82,2199.73,0
Caribe,2023_Q3_labor_6h,834.055,0,1446.08,2280.14,0
Caribe,2023_Q3_labor_7h,872.912,0,1459.07,2331.98,0
Caribe,2023_Q3_labor_8h,974.023,0,1505.42,2479.45,0
Caribe,2023_Q3_labor_9h,1119.68,0,1505.42,2625.1,0
Caribe,2023_Q3_labor_10h,1213.37,0,1505.42,2718.79,0
Caribe,2023_Q3_labor_11h,1314.12,0,1505.42,2819.54,0
Caribe,2023_Q3_labor_12h,1389.23,0,1505.42,2894.66,0
Caribe,2023_Q3_labor_13h,1373.06,0,1505.42,2878.49,0
Caribe,2023_Q3_labor_14h,1388.32,0,1505.42,2893.74,0
Caribe,2023_Q3_labor_15h,1420.62,0,1505.42,2926.04,0
Caribe,2023_Q3_labor_16h,1413.52,0,1505.42,2918.95,0
Caribe,2023_Q3_labor_17h,1369.97,0,1505.42,2875.39,0
Caribe,2023_Q3_labor_18h,1289.21,0,1505.42,2794.64,0
Caribe,2023_Q3_labor_19h,1400.23,0,1505.42,2905.65,0
Caribe,2023_Q3_labor_20h,1484.34,0,1505.42,2989.77,0
Caribe,2023_Q3_labor_21h,1428.04,0,1505.42,2933.47,0
Caribe,2023_Q3_labor_22h,1303.63,0,1505.42,2809.05,0
Caribe,2023_Q3_labor_23h,1131.79,0,1505.42,2637.21,0
Caribe,2023_Q3_holidays_0h,804.076,0,1505.42,2309.5,0
Caribe,2023_Q3_holidays_1h,777.852,0,1505.42,2283.28,0
Caribe,2023_Q3_holidays_2h,694.467,0,1505.42,2199.89,0
Caribe,2023_Q3_holidays_3h,627.433,0,1505.42,2132.86,0
Caribe,2023_Q3_holidays_4h,576.92,0,1505.42,2082.34,0
Caribe,2023_Q3_holidays_5h,549.074,0,1505.42,2054.5,0
Caribe,2023_Q3_holidays_6h,515.715,0,1505.42,2021.14,0
Caribe,2023_Q3_holidays_7h,467.94,0,1505.42,1973.36,0
Caribe,2023_Q3_holidays_8h,552.097,0,1505.42,2057.52,0
Caribe,2023_Q3_holidays_9h,658.379,0,1505.42,2163.8,0
Caribe,2023_Q3_holidays_10h,749.664,0,1505.42,2255.09,0
Caribe,2023_Q3_holidays_11h,824.609,0,1505.42,2330.03,0
Caribe,2023_Q3_holidays_12h,887.377,0,1505.42,2392.8,0
Caribe,2023_Q3_holidays_13h,924.157,0,1505.42,2429.58,0
Caribe,2023_Q3_holidays_14h,926.491,0,1505.42,2431.91,0
Caribe,2023_Q3_holidays_15h,896.78,0,1505.42,2402.2,0
Caribe,2023_Q3_holidays_16h,870.434,0,1505.42,2375.86,0
Caribe,2023_Q3_holidays_17h,850.596,0,1505.42,2356.02,0
Caribe,2023_Q3_holidays_18h,853.181,0,1505.42,2358.6,0
Caribe,2023_Q3_holidays_19h,1026.03,0,1505.42,2531.45,0
Caribe,2023_Q3_holidays_20h,1139.55,0,1505.42,2644.97,0
Caribe,2023_Q3_holidays_21h,1113.95,0,1505.42,2619.37,0
Caribe,2023_Q3_holidays_22h,1044.78,0,1505.42,2550.2,0
Caribe,2023_Q3_holidays_23h,930.3,0,1505.42,2435.72,0
Caribe,2023_Q4_labor_0h,1138.53,0,1448.21,2586.73,0
Caribe,2023_Q4_labor_1h,1015.3,0,1424.36,2439.66,0
Caribe,2023_Q4_labor_2h,952.166,0,1404.11,2356.27,0
Caribe,2023_Q4_labor_3h,919.186,0,1379.35,2298.53,0
Caribe,2023_Q4_labor_4h,907.159,0,1363.09,2270.25,0
Caribe,2023_Q4_labor_5h,923.211,0,1384.03,2307.24,0
Caribe,2023_Q4_labor_6h,979.564,0,1411.1,2390.66,0
Caribe,2023_Q4_labor_7h,1030.31,0,1415.49,2445.81,0
Caribe,2023_Q4_labor_8h,1162.76,0,1434.29,2597.05,0
Caribe,2023_Q4_labor_9h,1291.47,0,1453.11,2744.57,0
Caribe,2023_Q4_labor_10h,1370.26,0,1470.39,2840.65,0
Caribe,2023_Q4_labor_11h,1437.14,0,1504.59,2941.73,0
Caribe,2023_Q4_labor_12h,1510.43,0,1505.42,3015.85,0
Caribe,2023_Q4_labor_13h,1497.93,0,1505.42,3003.35,0
Caribe,2023_Q4_labor_14h,1515.42,0,1505.42,3020.85,0
Caribe,2023_Q4_labor_15h,1548.71,0,1505.42,3054.13,0
Caribe,2023_Q4_labor_16h,1542.28,0,1505.42,3047.71,0
Caribe,2023_Q4_labor_17h,1501.96,0,1505.42,3007.38,0
Caribe,2023_Q4_labor_18h,1469.43,0,1505.42,2974.85,0
Caribe,2023_Q4_labor_19h,1616.05,0,1505.42,3121.47,0
Caribe,2023_Q4_labor_20h,1610.94,0,1505.42,3116.36,0
Caribe,2023_Q4_labor_21h,1544.77,0,1505.42,3050.19,0
Caribe,2023_Q4_labor_22h,1417.91,0,1505.42,2923.34,0
Caribe,2023_Q4_labor_23h,1251.34,0,1498.79,2750.14,0
Caribe,2023_Q4_holidays_0h,898.684,0,1505.42,2404.11,0
Caribe,2023_Q4_holidays_1h,848.489,0,1505.42,2353.91,0
Caribe,2023_Q4_holidays_2h,813.074,0,1457.07,2270.14,0
Caribe,2023_Q4_holidays_3h,812.723,0,1387.18,2199.91,0
Caribe,2023_Q4_holidays_4h,812.682,0,1325.77,2138.45,0
Caribe,2023_Q4_holidays_5h,812.541,0,1299.7,2112.24,0
Caribe,2023_Q4_holidays_6h,824.335,0,1255.71,2080.05,0
Caribe,2023_Q4_holidays_7h,860.794,0,1175.49,2036.28,0
Caribe,2023_Q4_holidays_8h,905.254,0,1213.97,2119.22,0
Caribe,2023_Q4_holidays_9h,946.296,0,1283.61,2229.9,0
Caribe,2023_Q4_holidays_10h,978.581,0,1352.24,2330.82,0
Caribe,2023_Q4_holidays_11h,995.783,0,1425.84,2421.62,0
Caribe,2023_Q4_holidays_12h,993.955,0,1501.92,2495.88,0
Caribe,2023_Q4_holidays_13h,1026.16,0,1505.42,2531.59,0
Caribe,2023_Q4_holidays_14h,1026.06,0,1505.42,2531.48,0
Caribe,2023_Q4_holidays_15h,997.402,0,1505.42,2502.83,0
Caribe,2023_Q4_holidays_16h,979.774,0,1505.42,2485.2,0
Caribe,2023_Q4_holidays_17h,962.334,0,1505.42,2467.76,0
Caribe,2023_Q4_holidays_18h,1008.65,0,1505.42,2514.08,0
Caribe,2023_Q4_holidays_19h,1219.47,0,1505.42,2724.9,0
Caribe,2023_Q4_holidays_20h,1259.12,0,1505.42,2764.54,0
Caribe,2023_Q4_holidays_21h,1225.48,0,1505.42,2730.91,0
Caribe,2023_Q4_holidays_22h,1150.12,0,1505.42,2655.54,0
Caribe,2023_Q4_holidays_23h,1033.22,0,1505.42,2538.64,0
Caribe,2024_Q1_labor_0h,1027.83,0,1454.05,2481.88,0
Caribe,2024_Q1_labor_1h,1021.35,0,1309.98,2331.33,0
Caribe,2024_Q1_labor_2h,1015.13,0,1237.71,2252.84,0
Caribe,2024_Q1_labor_3h,1013.88,0,1183.85,2197.73,0
Caribe,2024_Q1_labor_4h,1010.59,0,1155.9,2166.49,0
Caribe,2024_Q1_labor_5h,1009.8,0,1187.42,2197.22,0
Caribe,2024_Q1_labor_6h,1081.95,0,1211.3,2293.26,0
Caribe,2024_Q1_labor_7h,1284.13,0,1046.26,2330.39,0
Caribe,2024_Q1_labor_8h,1544.86,0,903.395,2448.25,0
Caribe,2024_Q1_labor_9h,1765.73,0,828.318,2594.05,0
Caribe,2024_Q1_labor_10h,1928.02,0,759.461,2687.48,0
Caribe,2024_Q1_labor_11h,1994.81,0,787.837,2782.65,0
Caribe,2024_Q1_labor_12h,1987.67,0,873.319,2860.99,0
Caribe,2024_Q1_labor_13h,1894.89,0,960.352,2855.24,0
Caribe,2024_Q1_labor_14h,1726.05,0,1146.4,2872.45,0
Caribe,2024_Q1_labor_15h,1509.73,0,1398.53,2908.26,0
Caribe,2024_Q1_labor_16h,1398.36,0,1505.42,2903.78,0
Caribe,2024_Q1_labor_17h,1354.36,0,1505.42,2859.78,0
Caribe,2024_Q1_labor_18h,1285.71,0,1505.42,2791.13,0
Caribe,2024_Q1_labor_19h,1426.63,0,1505.42,2932.06,0
Caribe,2024_Q1_labor_20h,1492.89,0,1505.42,2998.32,0
Caribe,2024_Q1_labor_21h,1427.58,0,1505.42,2933.01,0
Caribe,2024_Q1_labor_22h,1309.17,0,1505.42,2814.59,0
Caribe,2024_Q1_labor_23h,1140.03,0,1505.42,2645.45,0
Caribe,2024_Q1_holidays_0h,1045.45,0,1384.04,2429.5,0
Caribe,2024_Q1_holidays_1h,1033.43,0,1374.07,2407.5,0
Caribe,2024_Q1_holidays_2h,1039.81,0,1295.4,2335.2,0
Caribe,2024_Q1_holidays_3h,1036.29,0,1228.19,2264.48,0
Caribe,2024_Q1_holidays_4h,1041.6,0,1194.03,2235.62,0
Caribe,2024_Q1_holidays_5h,1038.47,0,1207.88,2246.35,0
Caribe,2024_Q1_holidays_6h,1102.16,0,1190.55,2292.71,0
Caribe,2024_Q1_holidays_7h,1309.27,0,1000.5,2309.76,0
Caribe,2024_Q1_holidays_8h,1561.97,0,866.227,2428.19,0
Caribe,2024_Q1_holidays_9h,1767.28,0,823.513,2590.79,0
Caribe,2024_Q1_holidays_10h,1933.37,0,767.876,2701.25,0
Caribe,2024_Q1_holidays_11h,1998.3,0,798.493,2796.79,0
Caribe,2024_Q1_holidays_12h,1984.74,0,878.461,2863.2,0
Caribe,2024_Q1_holidays_13h,1887.42,0,968.896,2856.31,0
Caribe,2024_Q1_holidays_14h,1721.57,0,1101.79,2823.36,0
Caribe,2024_Q1_holidays_15h,1510.83,0,1269.6,2780.43,0
Caribe,2024_Q1_holidays_16h,1297.25,0,1462.17,2759.42,0
Caribe,2024_Q1_holidays_17h,1209.28,0,1505.42,2714.7,0
Caribe,2024_Q1_holidays_18h,1190.18,0,1505.42,2695.61,0
Caribe,2024_Q1_holidays_19h,1364.86,0,1505.42,2870.28,0
Caribe,2024_Q1_holidays_20h,1422.83,0,1505.42,2928.25,0
Caribe,2024_Q1_holidays_21h,1341.74,0,1505.42,2847.16,0
Caribe,2024_Q1_holidays_22h,1209.14,0,1505.42,2714.56,0
Caribe,2024_Q1_holidays_23h,1060.83,0,1505.42,2566.25,0
Caribe,2024_Q2_labor_0h,981.51,0,1445.43,2426.94,0
Caribe,2024_Q2_labor_1h,972.056,0,1334.16,2306.22,0
Caribe,2024_Q2_labor_2h,963.886,0,1262.42,2226.31,0
Caribe,2024_Q2_labor_3h,961.332,0,1207.66,2168.99,0
Caribe,2024_Q2_labor_4h,961.578,0,1178.5,2140.08,0
Caribe,2024_Q2_labor_5h,960.254,0,1212.57,2172.83,0
Caribe,2024_Q2_labor_6h,1017.46,0,1239.2,2256.66,0
Caribe,2024_Q2_labor_7h,1201.57,0,1087.01,2288.58,0
Caribe,2024_Q2_labor_8h,1410.26,0,1009.51,2419.77,0
Caribe,2024_Q2_labor_9h,1612.4,0,947.733,2560.13,0
Caribe,2024_Q2_labor_10h,1758.49,0,895.739,2654.23,0
Caribe,2024_Q2_labor_11h,1822.46,0,927.776,2750.23,0
Caribe,2024_Q2_labor_12h,1801.85,0,1021.92,2823.77,0
Caribe,2024_Q2_labor_13h,1708.64,0,1102.51,2811.16,0
Caribe,2024_Q2_labor_14h,1557.13,0,1265.2,2822.34,0
Caribe,2024_Q2_labor_15h,1383.71,0,1458.82,2842.53,0
Caribe,2024_Q2_labor_16h,1331.66,0,1505.42,2837.08,0
Caribe,2024_Q2_labor_17h,1289.45,0,1505.42,2794.87,0
Caribe,2024_Q2_labor_18h,1230.05,0,1505.42,2735.47,0
Caribe,2024_Q2_labor_19h,1381.15,0,1505.42,2886.58,0
Caribe,2024_Q2_labor_20h,1446.99,0,1505.42,2952.41,0
Caribe,2024_Q2_labor_21h,1383.38,0,1505.42,2888.8,0
Caribe,2024_Q2_labor_22h,1255.05,0,1505.42,2760.48,0
Caribe,2024_Q2_labor_23h,1079.95,0,1505.42,2585.37,0
Caribe,2024_Q2_holidays_0h,1265.79,0,1229.94,2495.73,0
Caribe,2024_Q2_holidays_1h,1246.11,0,1093.51,2339.62,0
Caribe,2024_Q2_holidays_2h,1212.34,0,1052.56,2264.9,0
Caribe,2024_Q2_holidays_3h,1168.14,0,1040.96,2209.1,0
Caribe,2024_Q2_holidays_4h,1149.2,0,1035.12,2184.32,0
Caribe,2024_Q2_holidays_5h,1189.99,0,1047.74,2237.72,0
Caribe,2024_Q2_holidays_6h,1285.65,0,1074.32,2359.97,0
Caribe,2024_Q2_holidays_7h,1372.12,0,1033.22,2405.34,0
Caribe,2024_Q2_holidays_8h,1514.65,0,1025.42,2540.07,0
Caribe,2024_Q2_holidays_9h,1649.45,0,1025.42,2674.87,0
Caribe,2024_Q2_holidays_10h,1749.19,0,1010.2,2759.39,0
Caribe,2024_Q2_holidays_11h,1832.27,0,1025.42,2857.69,0
Caribe,2024_Q2_holidays_12h,1905.38,0,1025.42,2930.8,0
Caribe,2024_Q2_holidays_13h,1868.99,0,1031.72,2900.71,0
Caribe,2024_Q2_holidays_14h,1829.13,0,1092.24,2921.37,0
Caribe,2024_Q2_holidays_15h,1671.86,0,1297.63,2969.49,0
Caribe,2024_Q2_holidays_16h,1500.72,0,1468.78,2969.5,0
Caribe,2024_Q2_holidays_17h,1414.51,0,1505.42,2919.93,0
Caribe,2024_Q2_holidays_18h,1338,0,1493.89,2831.89,0
Caribe,2024_Q2_holidays_19h,1448.43,0,1505.42,2953.85,0
Caribe,2024_Q2_holidays_20h,1500.75,0,1505.42,3006.17,0
Caribe,2024_Q2_holidays_21h,1435.19,0,1505.42,2940.61,0
Caribe,2024_Q2_holidays_22h,1308.81,0,1505.42,2814.23,0
Caribe,2024_Q2_holidays_23h,1268.65,0,1382.79,2651.45,0
Caribe,2024_Q3_labor_0h,1174.3,0,1338.24,2512.54,0
Caribe,2024_Q3_labor_1h,1125.49,0,1261.71,2387.19,0
Caribe,2024_Q3_labor_2h,1092.5,0,1210.51,2303.01,0
Caribe,2024_Q3_labor_3h,1071.89,0,1170.86,2242.75,0
Caribe,2024_Q3_labor_4h,1060.4,0,1149.83,2210.23,0
Caribe,2024_Q3_labor_5h,1081.34,0,1152.96,2234.29,0
Caribe,2024_Q3_labor_6h,1148.34,0,1146.88,2295.22,0
Caribe,2024_Q3_labor_7h,1240.19,0,1089.76,2329.96,0
Caribe,2024_Q3_labor_8h,1395.95,0,1074.47,2470.41,0
Caribe,2024_Q3_labor_9h,1547.71,0,1065.88,2613.59,0
Caribe,2024_Q3_labor_10h,1657.62,0,1052.78,2710.4,0
Caribe,2024_Q3_labor_11h,1740.47,0,1069.29,2809.76,0
Caribe,2024_Q3_labor_12h,1769.4,0,1116.12,2885.51,0
Caribe,2024_Q3_labor_13h,1714.63,0,1163.37,2878,0
Caribe,2024_Q3_labor_14h,1621.45,0,1268.55,2890,0
Caribe,2024_Q3_labor_15h,1496.81,0,1413.35,2910.16,0
Caribe,2024_Q3_labor_16h,1395.17,0,1505.42,2900.59,0
Caribe,2024_Q3_labor_17h,1355.79,0,1505.42,2861.21,0
Caribe,2024_Q3_labor_18h,1289.52,0,1505.42,2794.95,0
Caribe,2024_Q3_labor_19h,1417.51,0,1505.42,2922.93,0
Caribe,2024_Q3_labor_20h,1511.16,0,1505.42,3016.59,0
Caribe,2024_Q3_labor_21h,1457.94,0,1505.42,2963.36,0
Caribe,2024_Q3_labor_22h,1338.74,0,1505.42,2844.16,0
Caribe,2024_Q3_labor_23h,1228.13,0,1447.21,2675.33,0
Caribe,2024_Q3_holidays_0h,1567.09,0,1031.34,2598.42,0
Caribe,2024_Q3_holidays_1h,1414.81,0,1025.42,2440.23,0
Caribe,2024_Q3_holidays_2h,1331.95,0,1025.42,2357.37,0
Caribe,2024_Q3_holidays_3h,1266.53,0,1025.42,2291.95,0
Caribe,2024_Q3_holidays_4h,1239.91,0,1025.42,2265.33,0
Caribe,2024_Q3_holidays_5h,1281.66,0,1025.42,2307.09,0
Caribe,2024_Q3_holidays_6h,1380.4,0,1025.42,2405.83,0
Caribe,2024_Q3_holidays_7h,1444.58,0,1025.42,2470,0
Caribe,2024_Q3_holidays_8h,1600.73,0,1025.42,2626.15,0
Caribe,2024_Q3_holidays_9h,1751.83,0,1025.42,2777.25,0
Caribe,2024_Q3_holidays_10h,1843.97,0,1025.42,2869.39,0
Caribe,2024_Q3_holidays_11h,1948,0,1025.42,2973.43,0
Caribe,2024_Q3_holidays_12h,2022.44,0,1025.42,3047.87,0
Caribe,2024_Q3_holidays_13h,2004.77,0,1025.42,3030.19,0
Caribe,2024_Q3_holidays_14h,2029.73,0,1025.42,3055.16,0
Caribe,2024_Q3_holidays_15h,2004.44,0,1099.79,3104.24,0
Caribe,2024_Q3_holidays_16h,1847.51,0,1243.31,3090.81,0
Caribe,2024_Q3_holidays_17h,1714.7,0,1322.38,3037.08,0
Caribe,2024_Q3_holidays_18h,1706.28,0,1230.67,2936.95,0
Caribe,2024_Q3_holidays_19h,1718.26,0,1313.84,3032.1,0
Caribe,2024_Q3_holidays_20h,1738.26,0,1368.13,3106.39,0
Caribe,2024_Q3_holidays_21h,1731.09,0,1320,3051.09,0
Caribe,2024_Q3_holidays_22h,1704.61,0,1220.86,2925.47,0
Caribe,2024_Q3_holidays_23h,1669.06,0,1088.88,2757.94,0
Caribe,2024_Q4_labor_0h,1119.5,0,1505.42,2624.93,0
Caribe,2024_Q4_labor_1h,983.214,0,1505.42,2488.64,0
Caribe,2024_Q4_labor_2h,897.972,0,1505.42,2403.4,0
Caribe,2024_Q4_labor_3h,869.322,0,1473.56,2342.88,0
Caribe,2024_Q4_labor_4h,864.428,0,1444.08,2308.51,0
Caribe,2024_Q4_labor_5h,854.274,0,1481.13,2335.41,0
Caribe,2024_Q4_labor_6h,894.093,0,1505.42,2399.52,0
Caribe,2024_Q4_labor_7h,995.353,0,1443.35,2438.71,0
Caribe,2024_Q4_labor_8h,1156.45,0,1427.11,2583.56,0
Caribe,2024_Q4_labor_9h,1304.53,0,1424.11,2728.64,0
Caribe,2024_Q4_labor_10h,1415.21,0,1413.71,2828.93,0
Caribe,2024_Q4_labor_11h,1465.82,0,1465.67,2931.49,0
Caribe,2024_Q4_labor_12h,1502.28,0,1505.42,3007.7,0
Caribe,2024_Q4_labor_13h,1497.52,0,1505.42,3002.94,0
Caribe,2024_Q4_labor_14h,1512.06,0,1505.42,3017.48,0
Caribe,2024_Q4_labor_15h,1533.97,0,1505.42,3039.39,0
Caribe,2024_Q4_labor_16h,1525.36,0,1505.42,3030.79,0
Caribe,2024_Q4_labor_17h,1489.42,0,1505.42,2994.85,0
Caribe,2024_Q4_labor_18h,1470.76,0,1505.42,2976.18,0
Caribe,2024_Q4_labor_19h,1636.09,0,1505.42,3141.51,0
Caribe,2024_Q4_labor_20h,1639.62,0,1505.42,3145.05,0
Caribe,2024_Q4_labor_21h,1575.87,0,1505.42,3081.29,0
Caribe,2024_Q4_labor_22h,1454.37,0,1505.42,2959.79,0
Caribe,2024_Q4_labor_23h,1283.51,0,1505.42,2788.93,0
Caribe,2024_Q4_holidays_0h,1657.09,0,1055.59,2712.68,0
Caribe,2024_Q4_holidays_1h,1610.19,0,959.622,2569.82,0
Caribe,2024_Q4_holidays_2h,1594.03,0,885.618,2479.65,0
Caribe,2024_Q4_holidays_3h,1589.24,0,824.307,2413.55,0
Caribe,2024_Q4_holidays_4h,1586.61,0,795.087,2381.69,0
Caribe,2024_Q4_holidays_5h,1577.27,0,844.664,2421.93,0
Caribe,2024_Q4_holidays_6h,1606.82,0,912.81,2519.63,0
Caribe,2024_Q4_holidays_7h,1722.97,0,857.231,2580.2,0
Caribe,2024_Q4_holidays_8h,1883.84,0,847.374,2731.21,0
Caribe,2024_Q4_holidays_9h,2029.98,0,856.435,2886.41,0
Caribe,2024_Q4_holidays_10h,2148.21,0,834.179,2982.39,0
Caribe,2024_Q4_holidays_11h,2194.24,0,890.979,3085.22,0
Caribe,2024_Q4_holidays_12h,2166.6,0,995.895,3162.49,0
Caribe,2024_Q4_holidays_13h,2103.87,0,1046.74,3150.62,0
Caribe,2024_Q4_holidays_14h,2060.02,0,1111.34,3171.36,0
Caribe,2024_Q4_holidays_15h,1988.93,0,1227.15,3216.08,0
Caribe,2024_Q4_holidays_16h,1888.17,0,1321.69,3209.86,0
Caribe,2024_Q4_holidays_17h,1821.67,0,1336.65,3158.32,0
Caribe,2024_Q4_holidays_18h,1823.21,0,1293.8,3117.01,0
Caribe,2024_Q4_holidays_19h,1872.39,0,1375.91,3248.3,0
Caribe,2024_Q4_holidays_20h,1880.14,0,1356.16,3236.29,0
Caribe,2024_Q4_holidays_21h,1859.45,0,1315.81,3175.26,0
Caribe,2024_Q4_holidays_22h,1821.95,0,1220.73,3042.67,0
Caribe,2024_Q4_holidays_23h,1751.7,0,1125.38,2877.07,0
Caribe,2025_Q1_labor_0h,1027.83,0,1468.08,2495.92,0
Caribe,2025_Q1_labor_1h,1021.35,0,1349.3,2370.65,0
Caribe,2025_Q1_labor_2h,1015.13,0,1275.63,2290.76,0
Caribe,2025_Q1_labor_3h,1013.88,0,1218.31,2232.2,0
Caribe,2025_Q1_labor_4h,1010.59,0,1191.67,2202.26,0
Caribe,2025_Q1_labor_5h,1009.8,0,1216.29,2226.1,0
Caribe,2025_Q1_labor_6h,1084.28,0,1215.18,2299.46,0
Caribe,2025_Q1_labor_7h,1292.27,0,1041.49,2333.75,0
Caribe,2025_Q1_labor_8h,1560.31,0,905.088,2465.4,0
Caribe,2025_Q1_labor_9h,1787.5,0,830.474,2617.97,0
Caribe,2025_Q1_labor_10h,1954.27,0,764.735,2719,0
Caribe,2025_Q1_labor_11h,2023.07,0,791.98,2815.05,0
Caribe,2025_Q1_labor_12h,2015.71,0,874.343,2890.05,0
Caribe,2025_Q1_labor_13h,1920.23,0,963.553,2883.78,0
Caribe,2025_Q1_labor_14h,1746.36,0,1140.66,2887.03,0
Caribe,2025_Q1_labor_15h,1523.6,0,1381.7,2905.29,0
Caribe,2025_Q1_labor_16h,1304.34,0,1591.27,2895.61,0
Caribe,2025_Q1_labor_17h,1259.01,0,1591.27,2850.28,0
Caribe,2025_Q1_labor_18h,1213.85,0,1591.27,2805.12,0
Caribe,2025_Q1_labor_19h,1374.03,0,1591.27,2965.3,0
Caribe,2025_Q1_labor_20h,1414.1,0,1591.27,3005.37,0
Caribe,2025_Q1_labor_21h,1343.93,0,1591.27,2935.2,0
Caribe,2025_Q1_labor_22h,1222.34,0,1591.27,2813.61,0
Caribe,2025_Q1_labor_23h,1058.89,0,1591.27,2650.16,0
Caribe,2025_Q1_holidays_0h,1045.45,0,1505.43,2550.89,0
Caribe,2025_Q1_holidays_1h,1033.43,0,1366.62,2400.05,0
Caribe,2025_Q1_holidays_2h,1039.81,0,1274.08,2313.88,0
Caribe,2025_Q1_holidays_3h,1036.29,0,1219.14,2255.43,0
Caribe,2025_Q1_holidays_4h,1041.6,0,1178.82,2220.41,0
Caribe,2025_Q1_holidays_5h,1038.47,0,1217.82,2256.29,0
Caribe,2025_Q1_holidays_6h,1104.51,0,1247.56,2352.07,0
Caribe,2025_Q1_holidays_7h,1317.41,0,1090.62,2408.03,0
Caribe,2025_Q1_holidays_8h,1577.42,0,972.977,2550.39,0
Caribe,2025_Q1_holidays_9h,1789.05,0,911.249,2700.3,0
Caribe,2025_Q1_holidays_10h,1959.64,0,833.99,2793.63,0
Caribe,2025_Q1_holidays_11h,2026.6,0,862.782,2889.38,0
Caribe,2025_Q1_holidays_12h,2012.82,0,964.958,2977.78,0
Caribe,2025_Q1_holidays_13h,1912.78,0,1057.81,2970.59,0
Caribe,2025_Q1_holidays_14h,1741.91,0,1243.77,2985.67,0
Caribe,2025_Q1_holidays_15h,1524.73,0,1502.46,3027.19,0
Caribe,2025_Q1_holidays_16h,1432.14,0,1591.27,3023.41,0
Caribe,2025_Q1_holidays_17h,1383.2,0,1591.27,2974.47,0
Caribe,2025_Q1_holidays_18h,1324.08,0,1591.27,2915.35,0
Caribe,2025_Q1_holidays_19h,1474.35,0,1591.27,3065.62,0
Caribe,2025_Q1_holidays_20h,1508.44,0,1591.27,3099.71,0
Caribe,2025_Q1_holidays_21h,1433.12,0,1591.27,3024.39,0
Caribe,2025_Q1_holidays_22h,1301.99,0,1591.27,2893.26,0
Caribe,2025_Q1_holidays_23h,1131.09,0,1591.27,2722.36,0
Caribe,2025_Q2_labor_0h,981.51,0,1522.51,2504.02,0
Caribe,2025_Q2_labor_1h,972.056,0,1402.05,2374.11,0
Caribe,2025_Q2_labor_2h,963.886,0,1328.87,2292.75,0
Caribe,2025_Q2_labor_3h,961.332,0,1273.16,2234.49,0
Caribe,2025_Q2_labor_4h,961.578,0,1243.46,2205.04,0
Caribe,2025_Q2_labor_5h,960.301,0,1278.95,2239.25,0
Caribe,2025_Q2_labor_6h,1019.81,0,1304.53,2324.34,0
Caribe,2025_Q2_labor_7h,1209.16,0,1148.56,2357.72,0
Caribe,2025_Q2_labor_8h,1423.86,0,1070.27,2494.13,0
Caribe,2025_Q2_labor_9h,1631.46,0,1006.99,2638.46,0
Caribe,2025_Q2_labor_10h,1781.49,0,954.319,2735.81,0
Caribe,2025_Q2_labor_11h,1847.22,0,987.571,2834.79,0
Caribe,2025_Q2_labor_12h,1826.27,0,1083.05,2909.33,0
Caribe,2025_Q2_labor_13h,1730.55,0,1165.6,2896.15,0
Caribe,2025_Q2_labor_14h,1574.62,0,1332.47,2907.09,0
Caribe,2025_Q2_labor_15h,1395.77,0,1532.06,2927.83,0
Caribe,2025_Q2_labor_16h,1330.6,0,1591.27,2921.87,0
Caribe,2025_Q2_labor_17h,1286.75,0,1591.27,2878.02,0
Caribe,2025_Q2_labor_18h,1225.18,0,1591.27,2816.46,0
Caribe,2025_Q2_labor_19h,1378.39,0,1591.27,2969.67,0
Caribe,2025_Q2_labor_20h,1444.21,0,1591.27,3035.49,0
Caribe,2025_Q2_labor_21h,1380.04,0,1591.27,2971.31,0
Caribe,2025_Q2_labor_22h,1250.16,0,1591.27,2841.43,0
Caribe,2025_Q2_labor_23h,1074,0,1591.27,2665.27,0
Caribe,2025_Q2_holidays_0h,979.034,0,1565.54,2544.58,0
Caribe,2025_Q2_holidays_1h,968.638,0,1449.03,2417.67,0
Caribe,2025_Q2_holidays_2h,976.165,0,1358.78,2334.95,0
Caribe,2025_Q2_holidays_3h,976.2,0,1296.57,2272.77,0
Caribe,2025_Q2_holidays_4h,971.309,0,1273.92,2245.23,0
Caribe,2025_Q2_holidays_5h,973.325,0,1324.01,2297.33,0
Caribe,2025_Q2_holidays_6h,1017.04,0,1413.82,2430.86,0
Caribe,2025_Q2_holidays_7h,1204.96,0,1269.63,2474.59,0
Caribe,2025_Q2_holidays_8h,1425.64,0,1179.91,2605.55,0
Caribe,2025_Q2_holidays_9h,1629.58,0,1116.27,2745.86,0
Caribe,2025_Q2_holidays_10h,1771.94,0,1058.35,2830.29,0
Caribe,2025_Q2_holidays_11h,1828.3,0,1102.69,2930.98,0
Caribe,2025_Q2_holidays_12h,1810.84,0,1202.79,3013.63,0
Caribe,2025_Q2_holidays_13h,1718.26,0,1265.46,2983.72,0
Caribe,2025_Q2_holidays_14h,1566.21,0,1442.31,3008.52,0
Caribe,2025_Q2_holidays_15h,1467.17,0,1591.27,3058.44,0
Caribe,2025_Q2_holidays_16h,1469.3,0,1591.27,3060.58,0
Caribe,2025_Q2_holidays_17h,1420.5,0,1591.27,3011.77,0
Caribe,2025_Q2_holidays_18h,1332.16,0,1591.27,2923.43,0
Caribe,2025_Q2_holidays_19h,1472.52,0,1591.27,3063.79,0
Caribe,2025_Q2_holidays_20h,1538.51,0,1591.27,3129.79,0
Caribe,2025_Q2_holidays_21h,1462.83,0,1591.27,3054.1,0
Caribe,2025_Q2_holidays_22h,1318.7,0,1591.27,2909.97,0
Caribe,2025_Q2_holidays_23h,1125.54,0,1591.27,2716.81,0
Caribe,2025_Q3_labor_0h,1182.5,0,1407.52,2590.02,0
Caribe,2025_Q3_labor_1h,1133.26,0,1323.79,2457.05,0
Caribe,2025_Q3_labor_2h,1098,0,1273.19,2371.18,0
Caribe,2025_Q3_labor_3h,1072.84,0,1235.01,2307.85,0
Caribe,2025_Q3_labor_4h,1059.1,0,1216.03,2275.14,0
Caribe,2025_Q3_labor_5h,1081,0,1219.28,2300.28,0
Caribe,2025_Q3_labor_6h,1149.48,0,1213.4,2362.88,0
Caribe,2025_Q3_labor_7h,1239.24,0,1161.13,2400.37,0
Caribe,2025_Q3_labor_8h,1398.93,0,1147.7,2546.64,0
Caribe,2025_Q3_labor_9h,1555.27,0,1140.71,2695.98,0
Caribe,2025_Q3_labor_10h,1667.96,0,1128.54,2796.5,0
Caribe,2025_Q3_labor_11h,1754.28,0,1144.8,2899.08,0
Caribe,2025_Q3_labor_12h,1789.16,0,1187.44,2976.6,0
Caribe,2025_Q3_labor_13h,1739.43,0,1230.54,2969.97,0
Caribe,2025_Q3_labor_14h,1646.84,0,1334.89,2981.74,0
Caribe,2025_Q3_labor_15h,1512.96,0,1488.66,3001.62,0
Caribe,2025_Q3_labor_16h,1398.22,0,1591.27,2989.49,0
Caribe,2025_Q3_labor_17h,1356.22,0,1591.27,2947.49,0
Caribe,2025_Q3_labor_18h,1287.17,0,1591.27,2878.45,0
Caribe,2025_Q3_labor_19h,1416.08,0,1591.27,3007.35,0
Caribe,2025_Q3_labor_20h,1509.89,0,1591.27,3101.16,0
Caribe,2025_Q3_labor_21h,1455.68,0,1591.27,3046.95,0
Caribe,2025_Q3_labor_22h,1333.61,0,1591.27,2924.88,0
Caribe,2025_Q3_labor_23h,1229.82,0,1524.49,2754.31,0
Caribe,2025_Q3_holidays_0h,1259.44,0,1398.88,2658.32,0
Caribe,2025_Q3_holidays_1h,1209.19,0,1310.18,2519.37,0
Caribe,2025_Q3_holidays_2h,1165.86,0,1263.35,2429.21,0
Caribe,2025_Q3_holidays_3h,1139.22,0,1230.02,2369.24,0
Caribe,2025_Q3_holidays_4h,1105.58,0,1231.43,2337.02,0
Caribe,2025_Q3_holidays_5h,1118.33,0,1258.4,2376.74,0
Caribe,2025_Q3_holidays_6h,1213.92,0,1262.56,2476.48,0
Caribe,2025_Q3_holidays_7h,1322.66,0,1208.27,2530.93,0
Caribe,2025_Q3_holidays_8h,1492.03,0,1189.71,2681.74,0
Caribe,2025_Q3_holidays_9h,1658.72,0,1167.62,2826.35,0
Caribe,2025_Q3_holidays_10h,1765.74,0,1151.35,2917.1,0
Caribe,2025_Q3_holidays_11h,1857.84,0,1164.71,3022.55,0
Caribe,2025_Q3_holidays_12h,1907.95,0,1194.21,3102.16,0
Caribe,2025_Q3_holidays_13h,1856.16,0,1222.37,3078.52,0
Caribe,2025_Q3_holidays_14h,1790.96,0,1315.65,3106.61,0
Caribe,2025_Q3_holidays_15h,1683.45,0,1476.45,3159.9,0
Caribe,2025_Q3_holidays_16h,1581.99,0,1577.1,3159.09,0
Caribe,2025_Q3_holidays_17h,1521.49,0,1591.27,3112.76,0
Caribe,2025_Q3_holidays_18h,1438.04,0,1578.53,3016.57,0
Caribe,2025_Q3_holidays_19h,1541.96,0,1591.27,3133.23,0
Caribe,2025_Q3_holidays_20h,1634.68,0,1591.27,3225.95,0
Caribe,2025_Q3_holidays_21h,1574.48,0,1591.27,3165.75,0
Caribe,2025_Q3_holidays_22h,1447.61,0,1585.28,3032.89,0
Caribe,2025_Q3_holidays_23h,1345.72,0,1496.03,2841.74,0
Caribe,2025_Q4_labor_0h,1111.89,0,1591.27,2703.16,0
Caribe,2025_Q4_labor_1h,975.163,0,1591.27,2566.43,0
Caribe,2025_Q4_labor_2h,886.255,0,1591.27,2477.53,0
Caribe,2025_Q4_labor_3h,869.322,0,1545.16,2414.49,0
Caribe,2025_Q4_labor_4h,864.428,0,1514.28,2378.71,0
Caribe,2025_Q4_labor_5h,854.278,0,1550.77,2405.05,0
Caribe,2025_Q4_labor_6h,891.113,0,1578.63,2469.74,0
Caribe,2025_Q4_labor_7h,1000.65,0,1509.23,2509.89,0
Caribe,2025_Q4_labor_8h,1166.54,0,1491.88,2658.43,0
Caribe,2025_Q4_labor_9h,1319.07,0,1491.9,2810.97,0
Caribe,2025_Q4_labor_10h,1433.24,0,1480.54,2913.77,0
Caribe,2025_Q4_labor_11h,1485.77,0,1533.85,3019.62,0
Caribe,2025_Q4_labor_12h,1505.09,0,1591.27,3096.37,0
Caribe,2025_Q4_labor_13h,1500.55,0,1591.27,3091.82,0
Caribe,2025_Q4_labor_14h,1513.87,0,1591.27,3105.14,0
Caribe,2025_Q4_labor_15h,1534.34,0,1591.27,3125.61,0
Caribe,2025_Q4_labor_16h,1524.17,0,1591.27,3115.44,0
Caribe,2025_Q4_labor_17h,1486.97,0,1591.27,3078.24,0
Caribe,2025_Q4_labor_18h,1468.81,0,1591.27,3060.08,0
Caribe,2025_Q4_labor_19h,1638.12,0,1591.27,3229.39,0
Caribe,2025_Q4_labor_20h,1641.94,0,1591.27,3233.21,0
Caribe,2025_Q4_labor_21h,1576.42,0,1591.27,3167.69,0
Caribe,2025_Q4_labor_22h,1451.67,0,1591.27,3042.94,0
Caribe,2025_Q4_labor_23h,1280.18,0,1591.27,2871.46,0
Caribe,2025_Q4_holidays_0h,1668.37,0,1128.76,2797.13,0
Caribe,2025_Q4_holidays_1h,1616.07,0,1012.01,2628.08,0
Caribe,2025_Q4_holidays_2h,1600.36,0,941.513,2541.87,0
Caribe,2025_Q4_holidays_3h,1595.74,0,882.303,2478.04,0
Caribe,2025_Q4_holidays_4h,1593.16,0,854.313,2447.47,0
Caribe,2025_Q4_holidays_5h,1583.73,0,913.375,2497.1,0
Caribe,2025_Q4_holidays_6h,1614.34,0,991.467,2605.81,0
Caribe,2025_Q4_holidays_7h,1734.73,0,934.754,2669.49,0
Caribe,2025_Q4_holidays_8h,1900.46,0,928.535,2829,0
Caribe,2025_Q4_holidays_9h,2051.06,0,919.138,2970.2,0
Caribe,2025_Q4_holidays_10h,2172.85,0,899.133,3071.98,0
Caribe,2025_Q4_holidays_11h,2220.65,0,956.021,3176.67,0
Caribe,2025_Q4_holidays_12h,2191.81,0,1074.96,3266.78,0
Caribe,2025_Q4_holidays_13h,2128.59,0,1123.82,3252.41,0
Caribe,2025_Q4_holidays_14h,2132.46,0,1151.23,3283.7,0
Caribe,2025_Q4_holidays_15h,2161.84,0,1180.53,3342.37,0
Caribe,2025_Q4_holidays_16h,2142.23,0,1201.56,3343.78,0
Caribe,2025_Q4_holidays_17h,2085.33,0,1206.45,3291.78,0
Caribe,2025_Q4_holidays_18h,2047.22,0,1195.61,3242.83,0
Caribe,2025_Q4_holidays_19h,2167.91,0,1216.03,3383.94,0
Caribe,2025_Q4_holidays_20h,2161.18,0,1209.31,3370.5,0
Caribe,2025_Q4_holidays_21h,2107,0,1199.77,3306.76,0
Caribe,2025_Q4_holidays_22h,1986.26,0,1181.57,3167.82,0
Caribe,2025_Q4_holidays_23h,1815.37,0,1154.87,2970.24,0
Caribe,2026_Q1_labor_0h,1027.83,0,1543.83,2571.67,0
Caribe,2026_Q1_labor_1h,1021.35,0,1418.89,2440.24,0
Caribe,2026_Q1_labor_2h,1015.13,0,1341.73,2356.86,0
Caribe,2026_Q1_labor_3h,1013.88,0,1282.71,2296.6,0
Caribe,2026_Q1_labor_4h,1010.59,0,1254.35,2264.94,0
Caribe,2026_Q1_labor_5h,1009.81,0,1279.23,2289.04,0
Caribe,2026_Q1_labor_6h,1086.81,0,1276.03,2362.83,0
Caribe,2026_Q1_labor_7h,1301.07,0,1095.92,2396.99,0
Caribe,2026_Q1_labor_8h,1577.02,0,953.741,2530.77,0
Caribe,2026_Q1_labor_9h,1811.04,0,877.176,2688.22,0
Caribe,2026_Q1_labor_10h,1982.67,0,809.936,2792.6,0
Caribe,2026_Q1_labor_11h,2053.64,0,837.278,2890.91,0
Caribe,2026_Q1_labor_12h,2046.04,0,923.352,2969.4,0
Caribe,2026_Q1_labor_13h,1947.64,0,1017.37,2965.01,0
Caribe,2026_Q1_labor_14h,1768.34,0,1199.9,2968.24,0
Caribe,2026_Q1_labor_15h,1538.6,0,1448.71,2987.31,0
Caribe,2026_Q1_labor_16h,1344.36,0,1633.68,2978.05,0
Caribe,2026_Q1_labor_17h,1298.52,0,1633.68,2932.2,0
Caribe,2026_Q1_labor_18h,1253.66,0,1633.68,2887.34,0
Caribe,2026_Q1_labor_19h,1421.02,0,1633.68,3054.7,0
Caribe,2026_Q1_labor_20h,1462.66,0,1633.68,3096.35,0
Caribe,2026_Q1_labor_21h,1390.92,0,1633.68,3024.61,0
Caribe,2026_Q1_labor_22h,1265.45,0,1633.68,2899.13,0
Caribe,2026_Q1_labor_23h,1097.34,0,1633.68,2731.02,0
Caribe,2026_Q1_holidays_0h,1045.45,0,1580.99,2626.44,0
Caribe,2026_Q1_holidays_1h,1033.43,0,1451.06,2484.49,0
Caribe,2026_Q1_holidays_2h,1039.81,0,1362.52,2402.33,0
Caribe,2026_Q1_holidays_3h,1036.29,0,1305.47,2341.77,0
Caribe,2026_Q1_holidays_4h,1041.6,0,1268.99,2310.59,0
Caribe,2026_Q1_holidays_5h,1038.47,0,1313.07,2351.54,0
Caribe,2026_Q1_holidays_6h,1107.05,0,1356.55,2463.6,0
Caribe,2026_Q1_holidays_7h,1326.22,0,1204.47,2530.69,0
Caribe,2026_Q1_holidays_8h,1594.13,0,1095.92,2690.04,0
Caribe,2026_Q1_holidays_9h,1812.6,0,1029.67,2842.27,0
Caribe,2026_Q1_holidays_10h,1988.06,0,947.587,2935.65,0
Caribe,2026_Q1_holidays_11h,2057.22,0,981.048,3038.26,0
Caribe,2026_Q1_holidays_12h,2043.2,0,1079.28,3122.49,0
Caribe,2026_Q1_holidays_13h,1940.23,0,1161.3,3101.53,0
Caribe,2026_Q1_holidays_14h,1763.91,0,1354.9,3118.81,0
Caribe,2026_Q1_holidays_15h,1539.77,0,1622.14,3161.91,0
Caribe,2026_Q1_holidays_16h,1520.23,0,1633.68,3153.91,0
Caribe,2026_Q1_holidays_17h,1464,0,1633.68,3097.68,0
Caribe,2026_Q1_holidays_18h,1391.14,0,1633.68,3024.83,0
Caribe,2026_Q1_holidays_19h,1529.65,0,1633.68,3163.33,0
Caribe,2026_Q1_holidays_20h,1561.82,0,1633.68,3195.5,0
Caribe,2026_Q1_holidays_21h,1480.29,0,1633.68,3113.97,0
Caribe,2026_Q1_holidays_22h,1345.96,0,1633.68,2979.64,0
Caribe,2026_Q1_holidays_23h,1167.71,0,1633.68,2801.39,0
Caribe,2026_Q2_labor_0h,981.51,0,1593.94,2575.45,0
Caribe,2026_Q2_labor_1h,972.056,0,1476,2448.06,0
Caribe,2026_Q2_labor_2h,963.886,0,1399.75,2363.64,0
Caribe,2026_Q2_labor_3h,961.332,0,1340.79,2302.13,0
Caribe,2026_Q2_labor_4h,961.578,0,1309.74,2271.32,0
Caribe,2026_Q2_labor_5h,960.352,0,1345.64,2306,0
Caribe,2026_Q2_labor_6h,1022.35,0,1369.37,2391.72,0
Caribe,2026_Q2_labor_7h,1217.38,0,1207.39,2424.77,0
Caribe,2026_Q2_labor_8h,1438.57,0,1125.69,2564.26,0
Caribe,2026_Q2_labor_9h,1652.09,0,1059.83,2711.92,0
Caribe,2026_Q2_labor_10h,1806.37,0,1006.09,2812.46,0
Caribe,2026_Q2_labor_11h,1874,0,1039.51,2913.51,0
Caribe,2026_Q2_labor_12h,1852.69,0,1138.26,2990.95,0
Caribe,2026_Q2_labor_13h,1754.25,0,1223.74,2977.98,0
Caribe,2026_Q2_labor_14h,1593.54,0,1394.49,2988.03,0
Caribe,2026_Q2_labor_15h,1408.82,0,1598.94,3007.75,0
Caribe,2026_Q2_labor_16h,1367.11,0,1633.68,3000.8,0
Caribe,2026_Q2_labor_17h,1322.31,0,1633.68,2956,0
Caribe,2026_Q2_labor_18h,1260.19,0,1633.68,2893.88,0
Caribe,2026_Q2_labor_19h,1419.4,0,1633.68,3053.08,0
Caribe,2026_Q2_labor_20h,1487.73,0,1633.68,3121.41,0
Caribe,2026_Q2_labor_21h,1421.06,0,1633.68,3054.74,0
Caribe,2026_Q2_labor_22h,1286.79,0,1633.68,2920.47,0
Caribe,2026_Q2_labor_23h,1107.13,0,1633.68,2740.81,0
Caribe,2026_Q2_holidays_0h,1004.82,0,1633.68,2638.5,0
Caribe,2026_Q2_holidays_1h,968.638,0,1503.18,2471.82,0
Caribe,2026_Q2_holidays_2h,976.165,0,1414.01,2390.18,0
Caribe,2026_Q2_holidays_3h,976.2,0,1358.58,2334.78,0
Caribe,2026_Q2_holidays_4h,971.309,0,1337.6,2308.91,0
Caribe,2026_Q2_holidays_5h,973.377,0,1391.01,2364.39,0
Caribe,2026_Q2_holidays_6h,1019.55,0,1489.49,2509.04,0
Caribe,2026_Q2_holidays_7h,1213.1,0,1347.65,2560.75,0
Caribe,2026_Q2_holidays_8h,1440.22,0,1261.43,2701.66,0
Caribe,2026_Q2_holidays_9h,1650.02,0,1202.01,2852.03,0
Caribe,2026_Q2_holidays_10h,1796.56,0,1141.91,2938.47,0
Caribe,2026_Q2_holidays_11h,1854.74,0,1192.3,3047.04,0
Caribe,2026_Q2_holidays_12h,1836.92,0,1290.94,3127.86,0
Caribe,2026_Q2_holidays_13h,1741.66,0,1353.26,3094.92,0
Caribe,2026_Q2_holidays_14h,1584.88,0,1541.37,3126.25,0
Caribe,2026_Q2_holidays_15h,1550.98,0,1633.68,3184.66,0
Caribe,2026_Q2_holidays_16h,1557.14,0,1633.68,3190.82,0
Caribe,2026_Q2_holidays_17h,1505.2,0,1633.68,3138.89,0
Caribe,2026_Q2_holidays_18h,1408.98,0,1633.68,3042.67,0
Caribe,2026_Q2_holidays_19h,1546.7,0,1633.68,3180.38,0
Caribe,2026_Q2_holidays_20h,1611.67,0,1633.68,3245.35,0
Caribe,2026_Q2_holidays_21h,1537.73,0,1633.68,3171.42,0
Caribe,2026_Q2_holidays_22h,1393.11,0,1633.68,3026.79,0
Caribe,2026_Q2_holidays_23h,1185.45,0,1633.68,2819.14,0
Caribe,2026_Q3_labor_0h,1183.8,0,1483.4,2667.2,0
Caribe,2026_Q3_labor_1h,1127.3,0,1407.92,2535.22,0
Caribe,2026_Q3_labor_2h,1090.12,0,1355.94,2446.06,0
Caribe,2026_Q3_labor_3h,1066.25,0,1314.55,2380.8,0
Caribe,2026_Q3_labor_4h,1053.48,0,1292.7,2346.18,0
Caribe,2026_Q3_labor_5h,1075.26,0,1296.02,2371.28,0
Caribe,2026_Q3_labor_6h,1146.12,0,1288.54,2434.66,0
Caribe,2026_Q3_labor_7h,1247.4,0,1224.92,2472.33,0
Caribe,2026_Q3_labor_8h,1415.74,0,1207.05,2622.79,0
Caribe,2026_Q3_labor_9h,1578.14,0,1196.76,2774.9,0
Caribe,2026_Q3_labor_10h,1696.17,0,1181.57,2877.74,0
Caribe,2026_Q3_labor_11h,1782.55,0,1200.44,2983,0
Caribe,2026_Q3_labor_12h,1807.45,0,1254.2,3061.65,0
Caribe,2026_Q3_labor_13h,1747.45,0,1306.49,3053.94,0
Caribe,2026_Q3_labor_14h,1656.44,0,1409.52,3065.96,0
Caribe,2026_Q3_labor_15h,1543.98,0,1542.49,3086.47,0
Caribe,2026_Q3_labor_16h,1439.38,0,1633.68,3073.06,0
Caribe,2026_Q3_labor_17h,1396.66,0,1633.68,3030.35,0
Caribe,2026_Q3_labor_18h,1327.26,0,1633.68,2960.95,0
Caribe,2026_Q3_labor_19h,1462,0,1633.68,3095.68,0
Caribe,2026_Q3_labor_20h,1557.3,0,1633.68,3190.98,0
Caribe,2026_Q3_labor_21h,1501.02,0,1633.68,3134.71,0
Caribe,2026_Q3_labor_22h,1376.78,0,1633.68,3010.46,0
Caribe,2026_Q3_labor_23h,1247.64,0,1588.11,2835.75,0
Caribe,2026_Q3_holidays_0h,1177.12,0,1569.55,2746.67,0
Caribe,2026_Q3_holidays_1h,1093.83,0,1478.92,2572.75,0
Caribe,2026_Q3_holidays_2h,1064.55,0,1419.4,2483.95,0
Caribe,2026_Q3_holidays_3h,1054.73,0,1367.86,2422.6,0
Caribe,2026_Q3_holidays_4h,1022.33,0,1372.77,2395.1,0
Caribe,2026_Q3_holidays_5h,1023.1,0,1418.9,2442,0
Caribe,2026_Q3_holidays_6h,1119.39,0,1434.95,2554.34,0
Caribe,2026_Q3_holidays_7h,1259.85,0,1357.68,2617.53,0
Caribe,2026_Q3_holidays_8h,1445.68,0,1328.71,2774.39,0
Caribe,2026_Q3_holidays_9h,1637.47,0,1295.87,2933.34,0
Caribe,2026_Q3_holidays_10h,1765.82,0,1264.47,3030.29,0
Caribe,2026_Q3_holidays_11h,1846,0,1295.6,3141.6,0
Caribe,2026_Q3_holidays_12h,1868.33,0,1362.7,3231.03,0
Caribe,2026_Q3_holidays_13h,1795.79,0,1414.88,3210.67,0
Caribe,2026_Q3_holidays_14h,1716.5,0,1524.95,3241.45,0
Caribe,2026_Q3_holidays_15h,1665.14,0,1633.68,3298.82,0
Caribe,2026_Q3_holidays_16h,1670.73,0,1633.68,3304.41,0
Caribe,2026_Q3_holidays_17h,1619.4,0,1633.68,3253.08,0
Caribe,2026_Q3_holidays_18h,1507.73,0,1633.68,3141.41,0
Caribe,2026_Q3_holidays_19h,1615,0,1633.68,3248.68,0
Caribe,2026_Q3_holidays_20h,1718.49,0,1633.68,3352.18,0
Caribe,2026_Q3_holidays_21h,1658.65,0,1633.68,3292.34,0
Caribe,2026_Q3_holidays_22h,1511.92,0,1633.68,3145.6,0
Caribe,2026_Q3_holidays_23h,1307.47,0,1633.68,2941.15,0
Caribe,2026_Q4_labor_0h,1154.95,0,1633.68,2788.64,0
Caribe,2026_Q4_labor_1h,1012.55,0,1633.68,2646.23,0
Caribe,2026_Q4_labor_2h,920.306,0,1633.68,2553.99,0
Caribe,2026_Q4_labor_3h,869.322,0,1618.98,2488.31,0
Caribe,2026_Q4_labor_4h,864.428,0,1587.58,2452.01,0
Caribe,2026_Q4_labor_5h,854.283,0,1625.67,2479.95,0
Caribe,2026_Q4_labor_6h,912.443,0,1633.68,2546.13,0
Caribe,2026_Q4_labor_7h,1006.39,0,1582.34,2588.73,0
Caribe,2026_Q4_labor_8h,1177.46,0,1563.91,2741.37,0
Caribe,2026_Q4_labor_9h,1334.8,0,1563.14,2897.94,0
Caribe,2026_Q4_labor_10h,1452.73,0,1553.01,3005.75,0
Caribe,2026_Q4_labor_11h,1507.36,0,1607.43,3114.8,0
Caribe,2026_Q4_labor_12h,1561.09,0,1633.68,3194.77,0
Caribe,2026_Q4_labor_13h,1557.21,0,1633.68,3190.9,0
Caribe,2026_Q4_labor_14h,1572.5,0,1633.68,3206.18,0
Caribe,2026_Q4_labor_15h,1593.33,0,1633.68,3227.02,0
Caribe,2026_Q4_labor_16h,1583.29,0,1633.68,3216.97,0
Caribe,2026_Q4_labor_17h,1543.86,0,1633.68,3177.55,0
Caribe,2026_Q4_labor_18h,1525.89,0,1633.68,3159.58,0
Caribe,2026_Q4_labor_19h,1696.92,0,1633.68,3330.6,0
Caribe,2026_Q4_labor_20h,1697.68,0,1633.68,3331.37,0
Caribe,2026_Q4_labor_21h,1630.38,0,1633.68,3264.06,0
Caribe,2026_Q4_labor_22h,1502.55,0,1633.68,3136.23,0
Caribe,2026_Q4_labor_23h,1325.92,0,1633.68,2959.6,0
Caribe,2026_Q4_holidays_0h,1244.44,0,1610.32,2854.76,0
Caribe,2026_Q4_holidays_1h,1226.81,0,1463.29,2690.11,0
Caribe,2026_Q4_holidays_2h,1210.54,0,1394.76,2605.3,0
Caribe,2026_Q4_holidays_3h,1205.44,0,1338.64,2544.08,0
Caribe,2026_Q4_holidays_4h,1202.48,0,1306.79,2509.28,0
Caribe,2026_Q4_holidays_5h,1193.63,0,1361.88,2555.51,0
Caribe,2026_Q4_holidays_6h,1226.31,0,1443.9,2670.21,0
Caribe,2026_Q4_holidays_7h,1350.62,0,1377.68,2728.3,0
Caribe,2026_Q4_holidays_8h,1521.65,0,1373.07,2894.72,0
Caribe,2026_Q4_holidays_9h,1677.13,0,1366.32,3043.45,0
Caribe,2026_Q4_holidays_10h,1802.56,0,1334.24,3136.8,0
Caribe,2026_Q4_holidays_11h,1852.89,0,1391.54,3244.43,0
Caribe,2026_Q4_holidays_12h,1825.11,0,1506.57,3331.68,0
Caribe,2026_Q4_holidays_13h,1732.46,0,1579.56,3312.02,0
Caribe,2026_Q4_holidays_14h,1702.36,0,1632.53,3334.88,0
Caribe,2026_Q4_holidays_15h,1763.13,0,1633.68,3396.81,0
Caribe,2026_Q4_holidays_16h,1784.17,0,1611.51,3395.68,0
Caribe,2026_Q4_holidays_17h,1740.29,0,1608.48,3348.76,0
Caribe,2026_Q4_holidays_18h,1668.89,0,1625.06,3293.95,0
Caribe,2026_Q4_holidays_19h,1898.05,0,1561.4,3459.45,0
Caribe,2026_Q4_holidays_20h,1905.29,0,1559.39,3464.68,0
Caribe,2026_Q4_holidays_21h,1812.83,0,1585.08,3397.9,0
Caribe,2026_Q4_holidays_22h,1617.18,0,1633.68,3250.86,0
Caribe,2026_Q4_holidays_23h,1413.63,0,1633.68,3047.32,0
Caribe,2027_Q1_labor_0h,1238.05,0,1410.81,2648.86,0
Caribe,2027_Q1_labor_1h,1230.13,0,1288.39,2518.53,0
Caribe,2027_Q1_labor_2h,1222.59,0,1210.42,2433.01,0
Caribe,2027_Q1_labor_3h,1221.08,0,1149.17,2370.25,0
Caribe,2027_Q1_labor_4h,1217.05,0,1120.73,2337.78,0
Caribe,2027_Q1_labor_5h,1216.07,0,1145.4,2361.46,0
Caribe,2027_Q1_labor_6h,1293.35,0,1143.29,2436.64,0
Caribe,2027_Q1_labor_7h,1513.48,0,957.053,2470.54,0
Caribe,2027_Q1_labor_8h,1798.07,0,812.361,2610.44,0
Caribe,2027_Q1_labor_9h,2038.58,0,733.03,2771.61,0
Caribe,2027_Q1_labor_10h,2215.87,0,663.484,2879.35,0
Caribe,2027_Q1_labor_11h,2288.08,0,693.144,2981.23,0
Caribe,2027_Q1_labor_12h,2280.37,0,782.887,3063.25,0
Caribe,2027_Q1_labor_13h,2179.57,0,878.362,3057.93,0
Caribe,2027_Q1_labor_14h,1996.76,0,1064.09,3060.85,0
Caribe,2027_Q1_labor_15h,1762.5,0,1315.81,3078.31,0
Caribe,2027_Q1_labor_16h,1520.76,0,1546.23,3066.99,0
Caribe,2027_Q1_labor_17h,1385.96,0,1633.68,3019.65,0
Caribe,2027_Q1_labor_18h,1340.99,0,1633.68,2974.68,0
Caribe,2027_Q1_labor_19h,1513,0,1633.68,3146.68,0
Caribe,2027_Q1_labor_20h,1553.94,0,1633.68,3187.63,0
Caribe,2027_Q1_labor_21h,1479.77,0,1633.68,3113.45,0
Caribe,2027_Q1_labor_22h,1349.87,0,1633.68,2983.55,0
Caribe,2027_Q1_labor_23h,1258.68,0,1554.16,2812.84,0
Caribe,2027_Q1_holidays_0h,1259.47,0,1441.19,2700.66,0
Caribe,2027_Q1_holidays_1h,1244.83,0,1280.6,2525.43,0
Caribe,2027_Q1_holidays_2h,1252.58,0,1186.02,2438.59,0
Caribe,2027_Q1_holidays_3h,1248.33,0,1131.94,2380.27,0
Caribe,2027_Q1_holidays_4h,1254.81,0,1092.5,2347.31,0
Caribe,2027_Q1_holidays_5h,1250.94,0,1143.96,2394.91,0
Caribe,2027_Q1_holidays_6h,1317.79,0,1194.47,2512.26,0
Caribe,2027_Q1_holidays_7h,1544.04,0,1042.3,2586.33,0
Caribe,2027_Q1_holidays_8h,1818.94,0,917.001,2735.94,0
Caribe,2027_Q1_holidays_9h,2040.39,0,858.711,2899.1,0
Caribe,2027_Q1_holidays_10h,2222.35,0,772.428,2994.78,0
Caribe,2027_Q1_holidays_11h,2292.27,0,804.242,3096.51,0
Caribe,2027_Q1_holidays_12h,2276.7,0,899.051,3175.75,0
Caribe,2027_Q1_holidays_13h,2170.53,0,989.729,3160.26,0
Caribe,2027_Q1_holidays_14h,1991.21,0,1188.11,3179.32,0
Caribe,2027_Q1_holidays_15h,1763.63,0,1471.12,3234.75,0
Caribe,2027_Q1_holidays_16h,1603.27,0,1633.68,3236.96,0
Caribe,2027_Q1_holidays_17h,1546.89,0,1633.68,3180.58,0
Caribe,2027_Q1_holidays_18h,1466.75,0,1633.68,3100.43,0
Caribe,2027_Q1_holidays_19h,1613.91,0,1633.68,3247.6,0
Caribe,2027_Q1_holidays_20h,1659.36,0,1633.68,3293.04,0
Caribe,2027_Q1_holidays_21h,1577.85,0,1633.68,3211.53,0
Caribe,2027_Q1_holidays_22h,1444.09,0,1633.68,3077.77,0
Caribe,2027_Q1_holidays_23h,1252.31,0,1628.23,2880.53,0
Caribe,2027_Q2_labor_0h,1182.8,0,1475.49,2658.29,0
Caribe,2027_Q2_labor_1h,1171.27,0,1354.68,2525.95,0
Caribe,2027_Q2_labor_2h,1161.29,0,1277.51,2438.79,0
Caribe,2027_Q2_labor_3h,1158.18,0,1217.73,2375.91,0
Caribe,2027_Q2_labor_4h,1158.49,0,1185.14,2343.63,0
Caribe,2027_Q2_labor_5h,1156.66,0,1221.62,2378.28,0
Caribe,2027_Q2_labor_6h,1215.85,0,1251.33,2467.17,0
Caribe,2027_Q2_labor_7h,1416.52,0,1084.72,2501.24,0
Caribe,2027_Q2_labor_8h,1643.6,0,1000.32,2643.92,0
Caribe,2027_Q2_labor_9h,1865.08,0,930.745,2795.83,0
Caribe,2027_Q2_labor_10h,2025.27,0,872.174,2897.44,0
Caribe,2027_Q2_labor_11h,2095.26,0,907.294,3002.55,0
Caribe,2027_Q2_labor_12h,2071.66,0,1010.86,3082.52,0
Caribe,2027_Q2_labor_13h,1969.48,0,1098.46,3067.94,0
Caribe,2027_Q2_labor_14h,1804.9,0,1273.53,3078.44,0
Caribe,2027_Q2_labor_15h,1618.23,0,1481.87,3100.11,0
Caribe,2027_Q2_labor_16h,1460.95,0,1633.68,3094.64,0
Caribe,2027_Q2_labor_17h,1415.16,0,1633.68,3048.84,0
Caribe,2027_Q2_labor_18h,1350.55,0,1633.68,2984.23,0
Caribe,2027_Q2_labor_19h,1514.86,0,1633.68,3148.54,0
Caribe,2027_Q2_labor_20h,1584.91,0,1633.68,3218.6,0
Caribe,2027_Q2_labor_21h,1516.06,0,1633.68,3149.75,0
Caribe,2027_Q2_labor_22h,1378.27,0,1633.68,3011.95,0
Caribe,2027_Q2_labor_23h,1199.3,0,1628.14,2827.44,0
Caribe,2027_Q2_holidays_0h,1179.83,0,1508.98,2688.8,0
Caribe,2027_Q2_holidays_1h,1167.11,0,1353.68,2520.79,0
Caribe,2027_Q2_holidays_2h,1176.29,0,1261.89,2438.18,0
Caribe,2027_Q2_holidays_3h,1176.33,0,1202.36,2378.69,0
Caribe,2027_Q2_holidays_4h,1170.37,0,1185.45,2355.82,0
Caribe,2027_Q2_holidays_5h,1172.56,0,1248.55,2421.1,0
Caribe,2027_Q2_holidays_6h,1212.67,0,1358.48,2571.15,0
Caribe,2027_Q2_holidays_7h,1411.8,0,1213.88,2625.68,0
Caribe,2027_Q2_holidays_8h,1646.47,0,1130.49,2776.97,0
Caribe,2027_Q2_holidays_9h,1863.88,0,1069.35,2933.23,0
Caribe,2027_Q2_holidays_10h,2015.12,0,1017.79,3032.91,0
Caribe,2027_Q2_holidays_11h,2074.08,0,1065.04,3139.11,0
Caribe,2027_Q2_holidays_12h,2054.78,0,1166.58,3221.36,0
Caribe,2027_Q2_holidays_13h,1956.2,0,1237.11,3193.3,0
Caribe,2027_Q2_holidays_14h,1796.19,0,1430.17,3226.35,0
Caribe,2027_Q2_holidays_15h,1647.65,0,1633.68,3281.33,0
Caribe,2027_Q2_holidays_16h,1644.73,0,1633.68,3278.41,0
Caribe,2027_Q2_holidays_17h,1588.57,0,1633.68,3222.25,0
Caribe,2027_Q2_holidays_18h,1490.55,0,1633.68,3124.24,0
Caribe,2027_Q2_holidays_19h,1628.7,0,1633.68,3262.38,0
Caribe,2027_Q2_holidays_20h,1697.35,0,1633.68,3331.03,0
Caribe,2027_Q2_holidays_21h,1621.71,0,1633.68,3255.39,0
Caribe,2027_Q2_holidays_22h,1468.82,0,1633.68,3102.51,0
Caribe,2027_Q2_holidays_23h,1249.44,0,1633.68,2883.13,0
Caribe,2027_Q3_labor_0h,1430.22,0,1321.65,2751.88,0
Caribe,2027_Q3_labor_1h,1397.98,0,1224.76,2622.73,0
Caribe,2027_Q3_labor_2h,1342.01,0,1188.45,2530.46,0
Caribe,2027_Q3_labor_3h,1281.73,0,1181.32,2463.06,0
Caribe,2027_Q3_labor_4h,1248.46,0,1178.26,2426.72,0
Caribe,2027_Q3_labor_5h,1272.58,0,1178.4,2450.97,0
Caribe,2027_Q3_labor_6h,1337.92,0,1177.38,2515.3,0
Caribe,2027_Q3_labor_7h,1399.41,0,1154.3,2553.71,0
Caribe,2027_Q3_labor_8h,1579.45,0,1127.95,2707.4,0
Caribe,2027_Q3_labor_9h,1751.65,0,1112.44,2864.09,0
Caribe,2027_Q3_labor_10h,1884.03,0,1084.68,2968.7,0
Caribe,2027_Q3_labor_11h,1955.95,0,1120.18,3076.13,0
Caribe,2027_Q3_labor_12h,1984.51,0,1172.5,3157.01,0
Caribe,2027_Q3_labor_13h,1968.71,0,1180.35,3149.07,0
Caribe,2027_Q3_labor_14h,1914.75,0,1246.03,3160.78,0
Caribe,2027_Q3_labor_15h,1742.5,0,1439.94,3182.44,0
Caribe,2027_Q3_labor_16h,1580.31,0,1589.33,3169.64,0
Caribe,2027_Q3_labor_17h,1491.74,0,1633.68,3125.43,0
Caribe,2027_Q3_labor_18h,1472.88,0,1580.75,3053.63,0
Caribe,2027_Q3_labor_19h,1558.53,0,1633.68,3192.21,0
Caribe,2027_Q3_labor_20h,1656.63,0,1633.68,3290.31,0
Caribe,2027_Q3_labor_21h,1598.62,0,1633.68,3232.31,0
Caribe,2027_Q3_labor_22h,1483.6,0,1621.1,3104.69,0
Caribe,2027_Q3_labor_23h,1450.56,0,1474.94,2925.49,0
Caribe,2027_Q3_holidays_0h,1395.88,0,1404.88,2800.75,0
Caribe,2027_Q3_holidays_1h,1335.24,0,1245.08,2580.32,0
Caribe,2027_Q3_holidays_2h,1276.55,0,1214.96,2491.51,0
Caribe,2027_Q3_holidays_3h,1237.91,0,1191.55,2429.46,0
Caribe,2027_Q3_holidays_4h,1207.53,0,1197.7,2405.23,0
Caribe,2027_Q3_holidays_5h,1239.98,0,1223.31,2463.28,0
Caribe,2027_Q3_holidays_6h,1352.47,0,1232.31,2584.78,0
Caribe,2027_Q3_holidays_7h,1453.56,0,1198.68,2652.24,0
Caribe,2027_Q3_holidays_8h,1633.04,0,1188.55,2821.59,0
Caribe,2027_Q3_holidays_9h,1813.82,0,1171.4,2985.22,0
Caribe,2027_Q3_holidays_10h,1935.75,0,1157.31,3093.05,0
Caribe,2027_Q3_holidays_11h,2035.09,0,1178.6,3213.7,0
Caribe,2027_Q3_holidays_12h,2101.22,0,1205.36,3306.58,0
Caribe,2027_Q3_holidays_13h,2058.34,0,1227.31,3285.65,0
Caribe,2027_Q3_holidays_14h,1969.89,0,1351.55,3321.44,0
Caribe,2027_Q3_holidays_15h,1808.41,0,1568.87,3377.29,0
Caribe,2027_Q3_holidays_16h,1743.2,0,1633.68,3376.89,0
Caribe,2027_Q3_holidays_17h,1691.68,0,1633.68,3325.36,0
Caribe,2027_Q3_holidays_18h,1578.56,0,1633.68,3212.25,0
Caribe,2027_Q3_holidays_19h,1690.22,0,1633.68,3323.91,0
Caribe,2027_Q3_holidays_20h,1797.19,0,1633.68,3430.87,0
Caribe,2027_Q3_holidays_21h,1735.78,0,1633.68,3369.47,0
Caribe,2027_Q3_holidays_22h,1582.49,0,1633.68,3216.17,0
Caribe,2027_Q3_holidays_23h,1452.48,0,1548.52,3001,0
Caribe,2027_Q4_labor_0h,1239.86,0,1633.68,2873.55,0
Caribe,2027_Q4_labor_1h,1100.8,0,1633.68,2734.49,0
Caribe,2027_Q4_labor_2h,1053.48,0,1587.2,2640.69,0
Caribe,2027_Q4_labor_3h,1043.44,0,1528.55,2571.99,0
Caribe,2027_Q4_labor_4h,1037.46,0,1495.03,2532.49,0
Caribe,2027_Q4_labor_5h,1025.04,0,1534.04,2559.09,0
Caribe,2027_Q4_labor_6h,1062.47,0,1565.17,2627.65,0
Caribe,2027_Q4_labor_7h,1172.79,0,1497.7,2670.49,0
Caribe,2027_Q4_labor_8h,1347.41,0,1480.92,2828.33,0
Caribe,2027_Q4_labor_9h,1507.7,0,1478.6,2986.3,0
Caribe,2027_Q4_labor_10h,1626.76,0,1469.96,3096.73,0
Caribe,2027_Q4_labor_11h,1679.62,0,1528.03,3207.65,0
Caribe,2027_Q4_labor_12h,1658.22,0,1633.68,3291.9,0
Caribe,2027_Q4_labor_13h,1653.28,0,1633.68,3286.97,0
Caribe,2027_Q4_labor_14h,1665.7,0,1633.68,3299.38,0
Caribe,2027_Q4_labor_15h,1688.71,0,1633.68,3322.4,0
Caribe,2027_Q4_labor_16h,1677.9,0,1633.68,3311.58,0
Caribe,2027_Q4_labor_17h,1637.09,0,1633.68,3270.77,0
Caribe,2027_Q4_labor_18h,1619.05,0,1633.68,3252.73,0
Caribe,2027_Q4_labor_19h,1796.43,0,1633.68,3430.11,0
Caribe,2027_Q4_labor_20h,1797.7,0,1633.68,3431.38,0
Caribe,2027_Q4_labor_21h,1729.56,0,1633.68,3363.24,0
Caribe,2027_Q4_labor_22h,1596.87,0,1633.68,3230.55,0
Caribe,2027_Q4_labor_23h,1416.31,0,1633.68,3050,0
Caribe,2027_Q4_holidays_0h,1391.04,0,1541.86,2932.9,0
Caribe,2027_Q4_holidays_1h,1373.48,0,1344.11,2717.59,0
Caribe,2027_Q4_holidays_2h,1349.81,0,1273.18,2623,0
Caribe,2027_Q4_holidays_3h,1336.95,0,1229.27,2566.22,0
Caribe,2027_Q4_holidays_4h,1328.27,0,1214.79,2543.06,0
Caribe,2027_Q4_holidays_5h,1329.44,0,1274.33,2603.77,0
Caribe,2027_Q4_holidays_6h,1363.9,0,1355.6,2719.49,0
Caribe,2027_Q4_holidays_7h,1484.87,0,1300.69,2785.55,0
Caribe,2027_Q4_holidays_8h,1659,0,1294.28,2953.28,0
Caribe,2027_Q4_holidays_9h,1817.83,0,1308.37,3126.2,0
Caribe,2027_Q4_holidays_10h,1944.77,0,1281.29,3226.06,0
Caribe,2027_Q4_holidays_11h,1995.17,0,1350.15,3345.32,0
Caribe,2027_Q4_holidays_12h,1964.35,0,1459.58,3423.92,0
Caribe,2027_Q4_holidays_13h,1867.07,0,1542.27,3409.33,0
Caribe,2027_Q4_holidays_14h,1819.16,0,1633.68,3452.85,0
Caribe,2027_Q4_holidays_15h,1907.38,0,1599.9,3507.28,0
Caribe,2027_Q4_holidays_16h,1939.1,0,1569.85,3508.94,0
Caribe,2027_Q4_holidays_17h,1896.59,0,1565.24,3461.83,0
Caribe,2027_Q4_holidays_18h,1819.36,0,1583.2,3402.56,0
Caribe,2027_Q4_holidays_19h,2045.26,0,1520.44,3565.7,0
Caribe,2027_Q4_holidays_20h,2048.65,0,1519.5,3568.15,0
Caribe,2027_Q4_holidays_21h,1943.63,0,1548.68,3492.3,0
Caribe,2027_Q4_holidays_22h,1742.41,0,1604.58,3346.98,0
Caribe,2027_Q4_holidays_23h,1495.43,0,1633.68,3129.11,0
Caribe,2028_Q1_labor_0h,1590.39,0,1144.23,2734.62,0
Caribe,2028_Q1_labor_1h,1581.37,0,1031.62,2613,0
Caribe,2028_Q1_labor_2h,1573.86,0,950.387,2524.25,0
Caribe,2028_Q1_labor_3h,1574.01,0,884.173,2458.19,0
Caribe,2028_Q1_labor_4h,1570.48,0,851.048,2421.53,0
Caribe,2028_Q1_labor_5h,1570.33,0,876.066,2446.39,0
Caribe,2028_Q1_labor_6h,1637.82,0,887.099,2524.92,0
Caribe,2028_Q1_labor_7h,1869.2,0,692.028,2561.23,0
Caribe,2028_Q1_labor_8h,2168.24,0,535.62,2703.86,0
Caribe,2028_Q1_labor_9h,2414.55,0,454.352,2868.9,0
Caribe,2028_Q1_labor_10h,2596.89,0,379.823,2976.72,0
Caribe,2028_Q1_labor_11h,2670.38,0,410.433,3080.82,0
Caribe,2028_Q1_labor_12h,2664.09,0,500.292,3164.38,0
Caribe,2028_Q1_labor_13h,2562.74,0,594.788,3157.53,0
Caribe,2028_Q1_labor_14h,2379.83,0,780.965,3160.79,0
Caribe,2028_Q1_labor_15h,2144.7,0,1036.58,3181.28,0
Caribe,2028_Q1_labor_16h,1905.29,0,1265.79,3171.08,0
Caribe,2028_Q1_labor_17h,1747.66,0,1373.83,3121.49,0
Caribe,2028_Q1_labor_18h,1731.84,0,1341.24,3073.07,0
Caribe,2028_Q1_labor_19h,1755.52,0,1491.94,3247.46,0
Caribe,2028_Q1_labor_20h,1813.35,0,1475.87,3289.22,0
Caribe,2028_Q1_labor_21h,1705.81,0,1505.75,3211.56,0
Caribe,2028_Q1_labor_22h,1648.02,0,1430.35,3078.37,0
Caribe,2028_Q1_labor_23h,1616.14,0,1286.42,2902.56,0
Caribe,2028_Q1_holidays_0h,1616.01,0,1128.4,2744.41,0
Caribe,2028_Q1_holidays_1h,1599.16,0,890.007,2489.17,0
Caribe,2028_Q1_holidays_2h,1609.03,0,794.606,2403.64,0
Caribe,2028_Q1_holidays_3h,1605.68,0,746.319,2352,0
Caribe,2028_Q1_holidays_4h,1615.06,0,722.039,2337.1,0
Caribe,2028_Q1_holidays_5h,1610.36,0,772.964,2383.33,0
Caribe,2028_Q1_holidays_6h,1665.5,0,832.162,2497.66,0
Caribe,2028_Q1_holidays_7h,1906.39,0,659.351,2565.74,0
Caribe,2028_Q1_holidays_8h,2195.12,0,533.404,2728.53,0
Caribe,2028_Q1_holidays_9h,2417.35,0,484.934,2902.28,0
Caribe,2028_Q1_holidays_10h,2605.07,0,414.518,3019.59,0
Caribe,2028_Q1_holidays_11h,2675.37,0,453.892,3129.26,0
Caribe,2028_Q1_holidays_12h,2659.68,0,556.668,3216.34,0
Caribe,2028_Q1_holidays_13h,2552.2,0,656.29,3208.49,0
Caribe,2028_Q1_holidays_14h,2373.2,0,853.438,3226.63,0
Caribe,2028_Q1_holidays_15h,2147.35,0,1121.52,3268.88,0
Caribe,2028_Q1_holidays_16h,1936.61,0,1325.92,3262.53,0
Caribe,2028_Q1_holidays_17h,1774.29,0,1435.06,3209.36,0
Caribe,2028_Q1_holidays_18h,1750.98,0,1388.23,3139.22,0
Caribe,2028_Q1_holidays_19h,1737.13,0,1570.12,3307.26,0
Caribe,2028_Q1_holidays_20h,1746.59,0,1609.92,3356.51,0
Caribe,2028_Q1_holidays_21h,1692.04,0,1587.97,3280.01,0
Caribe,2028_Q1_holidays_22h,1651.19,0,1487.48,3138.67,0
Caribe,2028_Q1_holidays_23h,1619.03,0,1316.31,2935.34,0
Caribe,2028_Q2_labor_0h,1516,0,1251.29,2767.29,0
Caribe,2028_Q2_labor_1h,1499.8,0,1105.16,2604.96,0
Caribe,2028_Q2_labor_2h,1486.94,0,1030.85,2517.8,0
Caribe,2028_Q2_labor_3h,1484.4,0,971.298,2455.7,0
Caribe,2028_Q2_labor_4h,1486.52,0,941.091,2427.61,0
Caribe,2028_Q2_labor_5h,1485.45,0,993.285,2478.73,0
Caribe,2028_Q2_labor_6h,1538.28,0,1063.13,2601.4,0
Caribe,2028_Q2_labor_7h,1756.89,0,896.861,2653.75,0
Caribe,2028_Q2_labor_8h,1991.66,0,818.844,2810.5,0
Caribe,2028_Q2_labor_9h,2218.96,0,753.92,2972.88,0
Caribe,2028_Q2_labor_10h,2383.59,0,691.837,3075.43,0
Caribe,2028_Q2_labor_11h,2455.11,0,731.017,3186.13,0
Caribe,2028_Q2_labor_12h,2430.5,0,839.145,3269.64,0
Caribe,2028_Q2_labor_13h,2326.42,0,917.825,3244.25,0
Caribe,2028_Q2_labor_14h,2161.17,0,1099.78,3260.95,0
Caribe,2028_Q2_labor_15h,1976.92,0,1321.69,3298.61,0
Caribe,2028_Q2_labor_16h,1784.96,0,1512.18,3297.14,0
Caribe,2028_Q2_labor_17h,1654.42,0,1589.8,3244.23,0
Caribe,2028_Q2_labor_18h,1630.41,0,1529.8,3160.21,0
Caribe,2028_Q2_labor_19h,1682.62,0,1633.68,3316.31,0
Caribe,2028_Q2_labor_20h,1750.06,0,1633.68,3383.75,0
Caribe,2028_Q2_labor_21h,1672.5,0,1633.68,3306.19,0
Caribe,2028_Q2_labor_22h,1570.46,0,1583.75,3154.21,0
Caribe,2028_Q2_labor_23h,1540.04,0,1409.64,2949.68,0
Caribe,2028_Q2_holidays_0h,1512.24,0,1079.43,2591.67,0
Caribe,2028_Q2_holidays_1h,1496.32,0,1080.46,2576.78,0
Caribe,2028_Q2_holidays_2h,1505.88,0,969.962,2475.84,0
Caribe,2028_Q2_holidays_3h,1507.01,0,891.369,2398.38,0
Caribe,2028_Q2_holidays_4h,1501.27,0,842.137,2343.41,0
Caribe,2028_Q2_holidays_5h,1505.24,0,811.599,2316.84,0
Caribe,2028_Q2_holidays_6h,1536.25,0,746.111,2282.36,0
Caribe,2028_Q2_holidays_7h,1752.56,0,481.091,2233.65,0
Caribe,2028_Q2_holidays_8h,1994.47,0,335.526,2330,0
Caribe,2028_Q2_holidays_9h,2217.79,0,237.217,2455.01,0
Caribe,2028_Q2_holidays_10h,2372.39,0,198.104,2570.49,0
Caribe,2028_Q2_holidays_11h,2431.98,0,233.114,2665.09,0
Caribe,2028_Q2_holidays_12h,2411.87,0,330.986,2742.85,0
Caribe,2028_Q2_holidays_13h,2311.79,0,465.191,2776.98,0
Caribe,2028_Q2_holidays_14h,2152.74,0,622.484,2775.22,0
Caribe,2028_Q2_holidays_15h,1978.17,0,760.471,2738.64,0
Caribe,2028_Q2_holidays_16h,1789.98,0,920.37,2710.35,0
Caribe,2028_Q2_holidays_17h,1631.74,0,1055.66,2687.4,0
Caribe,2028_Q2_holidays_18h,1628.74,0,1063.85,2692.59,0
Caribe,2028_Q2_holidays_19h,1658.93,0,1255.83,2914.76,0
Caribe,2028_Q2_holidays_20h,1668.47,0,1345.66,3014.14,0
Caribe,2028_Q2_holidays_21h,1635.55,0,1341.04,2976.6,0
Caribe,2028_Q2_holidays_22h,1586.96,0,1293.23,2880.18,0
Caribe,2028_Q2_holidays_23h,1537.95,0,1204.31,2742.26,0
Caribe,2028_Q3_labor_0h,1750.86,0,1117.7,2868.57,0
Caribe,2028_Q3_labor_1h,1629.11,0,1074.08,2703.19,0
Caribe,2028_Q3_labor_2h,1582.45,0,1026.56,2609.01,0
Caribe,2028_Q3_labor_3h,1572.58,0,969.27,2541.85,0
Caribe,2028_Q3_labor_4h,1572.62,0,937.331,2509.95,0
Caribe,2028_Q3_labor_5h,1599.2,0,950.887,2550.09,0
Caribe,2028_Q3_labor_6h,1665.75,0,977.553,2643.3,0
Caribe,2028_Q3_labor_7h,1802.34,0,901.06,2703.4,0
Caribe,2028_Q3_labor_8h,1991.26,0,883.098,2874.36,0
Caribe,2028_Q3_labor_9h,2167.39,0,875.818,3043.21,0
Caribe,2028_Q3_labor_10h,2300.7,0,851.124,3151.82,0
Caribe,2028_Q3_labor_11h,2375.36,0,893.266,3268.63,0
Caribe,2028_Q3_labor_12h,2364.04,0,991.662,3355.7,0
Caribe,2028_Q3_labor_13h,2283.55,0,1053.41,3336.95,0
Caribe,2028_Q3_labor_14h,2236.97,0,1117.67,3354.64,0
Caribe,2028_Q3_labor_15h,2103.91,0,1288.17,3392.08,0
Caribe,2028_Q3_labor_16h,1935.07,0,1448.78,3383.86,0
Caribe,2028_Q3_labor_17h,1842.71,0,1490.66,3333.37,0
Caribe,2028_Q3_labor_18h,1860.82,0,1378.92,3239.75,0
Caribe,2028_Q3_labor_19h,1880.73,0,1487.71,3368.44,0
Caribe,2028_Q3_labor_20h,1883.33,0,1582.62,3465.96,0
Caribe,2028_Q3_labor_21h,1875.16,0,1525.53,3400.69,0
Caribe,2028_Q3_labor_22h,1849.31,0,1407.14,3256.46,0
Caribe,2028_Q3_labor_23h,1823.01,0,1234.24,3057.26,0
Caribe,2028_Q3_holidays_0h,1712.98,0,964.362,2677.34,0
Caribe,2028_Q3_holidays_1h,1713.7,0,933.247,2646.94,0
Caribe,2028_Q3_holidays_2h,1690.76,0,859.518,2550.28,0
Caribe,2028_Q3_holidays_3h,1686.2,0,786.365,2472.56,0
Caribe,2028_Q3_holidays_4h,1638.93,0,775.08,2414.01,0
Caribe,2028_Q3_holidays_5h,1620.94,0,760.783,2381.72,0
Caribe,2028_Q3_holidays_6h,1694.2,0,648.85,2343.05,0
Caribe,2028_Q3_holidays_7h,1847.7,0,439.966,2287.67,0
Caribe,2028_Q3_holidays_8h,2047.26,0,337.971,2385.23,0
Caribe,2028_Q3_holidays_9h,2254.55,0,253.892,2508.44,0
Caribe,2028_Q3_holidays_10h,2392.55,0,221.717,2614.26,0
Caribe,2028_Q3_holidays_11h,2466.05,0,235.094,2701.15,0
Caribe,2028_Q3_holidays_12h,2474.13,0,299.783,2773.91,0
Caribe,2028_Q3_holidays_13h,2388.39,0,428.155,2816.55,0
Caribe,2028_Q3_holidays_14h,2247.24,0,572.016,2819.25,0
Caribe,2028_Q3_holidays_15h,2067.6,0,717.215,2784.81,0
Caribe,2028_Q3_holidays_16h,1898.08,0,856.188,2754.27,0
Caribe,2028_Q3_holidays_17h,1774.1,0,957.177,2731.27,0
Caribe,2028_Q3_holidays_18h,1793.25,0,941.019,2734.27,0
Caribe,2028_Q3_holidays_19h,1848.44,0,1086.2,2934.65,0
Caribe,2028_Q3_holidays_20h,1914.9,0,1151.35,3066.24,0
Caribe,2028_Q3_holidays_21h,1894.35,0,1142.22,3036.57,0
Caribe,2028_Q3_holidays_22h,1839.28,0,1117.1,2956.38,0
Caribe,2028_Q3_holidays_23h,1777.35,0,1046.32,2823.67,0
Caribe,2028_Q4_labor_0h,1388.26,0,1610.47,2998.73,0
Caribe,2028_Q4_labor_1h,1366.1,0,1462.14,2828.24,0
Caribe,2028_Q4_labor_2h,1348.75,0,1382.82,2731.57,0
Caribe,2028_Q4_labor_3h,1337.45,0,1327.18,2664.63,0
Caribe,2028_Q4_labor_4h,1330.68,0,1301.17,2631.85,0
Caribe,2028_Q4_labor_5h,1316.3,0,1358.43,2674.73,0
Caribe,2028_Q4_labor_6h,1342,0,1429.43,2771.43,0
Caribe,2028_Q4_labor_7h,1437.43,0,1397.93,2835.36,0
Caribe,2028_Q4_labor_8h,1626.17,0,1384.52,3010.7,0
Caribe,2028_Q4_labor_9h,1791.5,0,1390.22,3181.71,0
Caribe,2028_Q4_labor_10h,1908.98,0,1384.11,3293.09,0
Caribe,2028_Q4_labor_11h,1957.22,0,1453.05,3410.27,0
Caribe,2028_Q4_labor_12h,1921.93,0,1574.27,3496.2,0
Caribe,2028_Q4_labor_13h,1848.03,0,1633.68,3481.71,0
Caribe,2028_Q4_labor_14h,1868.3,0,1633.68,3501.99,0
Caribe,2028_Q4_labor_15h,1906.89,0,1633.68,3540.58,0
Caribe,2028_Q4_labor_16h,1899.44,0,1633.68,3533.13,0
Caribe,2028_Q4_labor_17h,1852.69,0,1633.68,3486.38,0
Caribe,2028_Q4_labor_18h,1814.99,0,1633.68,3448.67,0
Caribe,2028_Q4_labor_19h,1984.96,0,1633.68,3618.64,0
Caribe,2028_Q4_labor_20h,1979.03,0,1633.68,3612.71,0
Caribe,2028_Q4_labor_21h,1902.32,0,1633.68,3536.01,0
Caribe,2028_Q4_labor_22h,1755.26,0,1633.68,3388.95,0
Caribe,2028_Q4_labor_23h,1554.48,0,1633.68,3188.16,0
Caribe,2028_Q4_holidays_0h,1523.57,0,1263.45,2787.02,0
Caribe,2028_Q4_holidays_1h,1481.54,0,1247.29,2728.83,0
Caribe,2028_Q4_holidays_2h,1418.51,0,1213.2,2631.72,0
Caribe,2028_Q4_holidays_3h,1380.89,0,1169.4,2550.3,0
Caribe,2028_Q4_holidays_4h,1363.85,0,1115.2,2479.05,0
Caribe,2028_Q4_holidays_5h,1349.59,0,1099.07,2448.66,0
Caribe,2028_Q4_holidays_6h,1365.54,0,1045.81,2411.35,0
Caribe,2028_Q4_holidays_7h,1476.31,0,884.298,2360.61,0
Caribe,2028_Q4_holidays_8h,1662.82,0,793.937,2456.76,0
Caribe,2028_Q4_holidays_9h,1822.11,0,762.952,2585.07,0
Caribe,2028_Q4_holidays_10h,1950.44,0,751.615,2702.06,0
Caribe,2028_Q4_holidays_11h,1991.37,0,815.948,2807.32,0
Caribe,2028_Q4_holidays_12h,1949.02,0,944.386,2893.41,0
Caribe,2028_Q4_holidays_13h,1842.04,0,1092.76,2934.8,0
Caribe,2028_Q4_holidays_14h,1730.9,0,1203.78,2934.68,0
Caribe,2028_Q4_holidays_15h,1641.81,0,1259.65,2901.46,0
Caribe,2028_Q4_holidays_16h,1580.5,0,1300.53,2881.03,0
Caribe,2028_Q4_holidays_17h,1552.68,0,1308.12,2860.81,0
Caribe,2028_Q4_holidays_18h,1598.78,0,1315.73,2914.5,0
Caribe,2028_Q4_holidays_19h,1684.91,0,1474,3158.9,0
Caribe,2028_Q4_holidays_20h,1701.76,0,1503.11,3204.86,0
Caribe,2028_Q4_holidays_21h,1675.15,0,1490.72,3165.87,0
Caribe,2028_Q4_holidays_22h,1641.03,0,1437.47,3078.5,0
Caribe,2028_Q4_holidays_23h,1597.51,0,1345.47,2942.98,0
Caribe,2029_Q1_labor_0h,2004.7,0,827.883,2832.58,0
Caribe,2029_Q1_labor_1h,1992.27,0,670.697,2662.96,0
Caribe,2029_Q1_labor_2h,1981.08,0,591.234,2572.32,0
Caribe,2029_Q1_labor_3h,1979.73,0,528.74,2508.47,0
Caribe,2029_Q1_labor_4h,1973.93,0,500.323,2474.25,0
Caribe,2029_Q1_labor_5h,1972.84,0,533.669,2506.51,0
Caribe,2029_Q1_labor_6h,2042.1,0,558.21,2600.31,0
Caribe,2029_Q1_labor_7h,2275.43,0,370.74,2646.17,0
Caribe,2029_Q1_labor_8h,2580.21,0,216.255,2796.47,0
Caribe,2029_Q1_labor_9h,2831.92,0,133.483,2965.41,0
Caribe,2029_Q1_labor_10h,3020.6,0,54.9049,3075.51,0
Caribe,2029_Q1_labor_11h,3093.83,0,90.7459,3184.57,0
Caribe,2029_Q1_labor_12h,3086.86,0,187.336,3274.2,0
Caribe,2029_Q1_labor_13h,2983.34,0,284.433,3267.77,0
Caribe,2029_Q1_labor_14h,2798.57,0,482.127,3280.69,0
Caribe,2029_Q1_labor_15h,2561.33,0,755.351,3316.69,0
Caribe,2029_Q1_labor_16h,2323.26,0,986.233,3309.49,0
Caribe,2029_Q1_labor_17h,2176.83,0,1080.17,3256.99,0
Caribe,2029_Q1_labor_18h,2171.96,0,1023.13,3195.1,0
Caribe,2029_Q1_labor_19h,2197.31,0,1170.69,3368,0
Caribe,2029_Q1_labor_20h,2233.78,0,1180.97,3414.75,0
Caribe,2029_Q1_labor_21h,2162.83,0,1175.23,3338.06,0
Caribe,2029_Q1_labor_22h,2079.2,0,1122.74,3201.94,0
Caribe,2029_Q1_labor_23h,2038.41,0,975.225,3013.64,0
Caribe,2029_Q1_holidays_0h,2044.48,0,687.898,2732.38,0
Caribe,2029_Q1_holidays_1h,2021.48,0,710.723,2732.2,0
Caribe,2029_Q1_holidays_2h,2033.99,0,605.602,2639.6,0
Caribe,2029_Q1_holidays_3h,2028.12,0,533.414,2561.54,0
Caribe,2029_Q1_holidays_4h,2039.38,0,485.857,2525.23,0
Caribe,2029_Q1_holidays_5h,2033.02,0,500.401,2533.42,0
Caribe,2029_Q1_holidays_6h,2085.23,0,489.478,2574.71,0
Caribe,2029_Q1_holidays_7h,2329.75,0,264.939,2594.68,0
Caribe,2029_Q1_holidays_8h,2619.94,0,122.359,2742.3,0
Caribe,2029_Q1_holidays_9h,2840.25,0,87.2805,2927.53,0
Caribe,2029_Q1_holidays_10h,3036.23,0,17.7227,3053.96,0
Caribe,2029_Q1_holidays_11h,3105.33,0,50.6704,3156,0
Caribe,2029_Q1_holidays_12h,3085.77,0,138.887,3224.66,0
Caribe,2029_Q1_holidays_13h,2974.32,0,238.52,3212.84,0
Caribe,2029_Q1_holidays_14h,2794.7,0,380.208,3174.9,0
Caribe,2029_Q1_holidays_15h,2568.61,0,561.591,3130.2,0
Caribe,2029_Q1_holidays_16h,2352.05,0,751.978,3104.03,0
Caribe,2029_Q1_holidays_17h,2200.73,0,856.983,3057.71,0
Caribe,2029_Q1_holidays_18h,2187.01,0,869.697,3056.71,0
Caribe,2029_Q1_holidays_19h,2168.46,0,1101.12,3269.58,0
Caribe,2029_Q1_holidays_20h,2160.27,0,1137.86,3298.14,0
Caribe,2029_Q1_holidays_21h,2114.77,0,1085.04,3199.8,0
Caribe,2029_Q1_holidays_22h,2071.87,0,976.031,3047.9,0
Caribe,2029_Q1_holidays_23h,2033.06,0,848.172,2881.23,0
Caribe,2029_Q2_labor_0h,1914.69,0,915.48,2830.17,0
Caribe,2029_Q2_labor_1h,1894.96,0,773.569,2668.53,0
Caribe,2029_Q2_labor_2h,1878.45,0,699.376,2577.82,0
Caribe,2029_Q2_labor_3h,1874.12,0,637.966,2512.09,0
Caribe,2029_Q2_labor_4h,1875.56,0,604.451,2480.01,0
Caribe,2029_Q2_labor_5h,1872.39,0,653.956,2526.34,0
Caribe,2029_Q2_labor_6h,1916.9,0,725.905,2642.8,0
Caribe,2029_Q2_labor_7h,2134.57,0,544.241,2678.82,0
Caribe,2029_Q2_labor_8h,2372.71,0,453.233,2825.94,0
Caribe,2029_Q2_labor_9h,2610.77,0,372.939,2983.71,0
Caribe,2029_Q2_labor_10h,2783.52,0,305.167,3088.68,0
Caribe,2029_Q2_labor_11h,2858.12,0,343.264,3201.38,0
Caribe,2029_Q2_labor_12h,2828.19,0,460.848,3289.04,0
Caribe,2029_Q2_labor_13h,2718.59,0,552.411,3271,0
Caribe,2029_Q2_labor_14h,2549.81,0,744.702,3294.51,0
Caribe,2029_Q2_labor_15h,2367.46,0,966.344,3333.8,0
Caribe,2029_Q2_labor_16h,2176.14,0,1154.68,3330.82,0
Caribe,2029_Q2_labor_17h,2076.66,0,1202.69,3279.36,0
Caribe,2029_Q2_labor_18h,2042.98,0,1154.69,3197.67,0
Caribe,2029_Q2_labor_19h,2078.02,0,1285.54,3363.55,0
Caribe,2029_Q2_labor_20h,2099.73,0,1341.57,3441.3,0
Caribe,2029_Q2_labor_21h,2054.87,0,1314.54,3369.41,0
Caribe,2029_Q2_labor_22h,2003.13,0,1219.12,3222.25,0
Caribe,2029_Q2_labor_23h,1943.4,0,1074.39,3017.79,0
Caribe,2029_Q2_holidays_0h,1909.92,0,881.894,2791.81,0
Caribe,2029_Q2_holidays_1h,1889.1,0,853.603,2742.7,0
Caribe,2029_Q2_holidays_2h,1903.04,0,741.327,2644.36,0
Caribe,2029_Q2_holidays_3h,1903.69,0,671.629,2575.32,0
Caribe,2029_Q2_holidays_4h,1894.89,0,642.95,2537.84,0
Caribe,2029_Q2_holidays_5h,1898.28,0,650.642,2548.92,0
Caribe,2029_Q2_holidays_6h,1913.37,0,660.125,2573.49,0
Caribe,2029_Q2_holidays_7h,2128.95,0,503.189,2632.14,0
Caribe,2029_Q2_holidays_8h,2379.08,0,439.383,2818.46,0
Caribe,2029_Q2_holidays_9h,2612.25,0,392.553,3004.8,0
Caribe,2029_Q2_holidays_10h,2772.25,0,355.488,3127.74,0
Caribe,2029_Q2_holidays_11h,2831.09,0,402.115,3233.21,0
Caribe,2029_Q2_holidays_12h,2807.81,0,495.54,3303.35,0
Caribe,2029_Q2_holidays_13h,2703.09,0,586.088,3289.18,0
Caribe,2029_Q2_holidays_14h,2541.43,0,707.641,3249.07,0
Caribe,2029_Q2_holidays_15h,2370.72,0,837.594,3208.32,0
Caribe,2029_Q2_holidays_16h,2182.74,0,1005.36,3188.1,0
Caribe,2029_Q2_holidays_17h,2024.29,0,1121.7,3145.99,0
Caribe,2029_Q2_holidays_18h,2039.93,0,1081.94,3121.87,0
Caribe,2029_Q2_holidays_19h,2091.49,0,1228.18,3319.68,0
Caribe,2029_Q2_holidays_20h,2107.06,0,1264.66,3371.71,0
Caribe,2029_Q2_holidays_21h,2054.59,0,1229.85,3284.44,0
Caribe,2029_Q2_holidays_22h,1964.39,0,1163.78,3128.17,0
Caribe,2029_Q2_holidays_23h,1910.44,0,1037.96,2948.4,0
Caribe,2029_Q3_labor_0h,2071.61,0,864.706,2936.32,0
Caribe,2029_Q3_labor_1h,2014.19,0,749.272,2763.46,0
Caribe,2029_Q3_labor_2h,1989.94,0,676.967,2666.91,0
Caribe,2029_Q3_labor_3h,1987.14,0,609.935,2597.08,0
Caribe,2029_Q3_labor_4h,1987.6,0,574.02,2561.62,0
Caribe,2029_Q3_labor_5h,2020.47,0,576.16,2596.63,0
Caribe,2029_Q3_labor_6h,2088.37,0,594.659,2683.03,0
Caribe,2029_Q3_labor_7h,2217.02,0,509.053,2726.07,0
Caribe,2029_Q3_labor_8h,2406.27,0,481.783,2888.06,0
Caribe,2029_Q3_labor_9h,2587,0,465.217,3052.22,0
Caribe,2029_Q3_labor_10h,2723.44,0,438.598,3162.04,0
Caribe,2029_Q3_labor_11h,2800.75,0,478.913,3279.66,0
Caribe,2029_Q3_labor_12h,2779.32,0,590.753,3370.07,0
Caribe,2029_Q3_labor_13h,2672.37,0,689.43,3361.8,0
Caribe,2029_Q3_labor_14h,2533.16,0,854.508,3387.67,0
Caribe,2029_Q3_labor_15h,2398.47,0,1027.2,3425.67,0
Caribe,2029_Q3_labor_16h,2283,0,1133.53,3416.52,0
Caribe,2029_Q3_labor_17h,2214.33,0,1152.97,3367.3,0
Caribe,2029_Q3_labor_18h,2209.98,0,1067.69,3277.66,0
Caribe,2029_Q3_labor_19h,2277.43,0,1139.7,3417.13,0
Caribe,2029_Q3_labor_20h,2291.55,0,1236.17,3527.73,0
Caribe,2029_Q3_labor_21h,2284.6,0,1185.24,3469.84,0
Caribe,2029_Q3_labor_22h,2227.02,0,1102.91,3329.92,0
Caribe,2029_Q3_labor_23h,2137.9,0,991.445,3129.34,0
Caribe,2029_Q3_holidays_0h,2078.74,0,790.175,2868.91,0
Caribe,2029_Q3_holidays_1h,2085.44,0,767.463,2852.91,0
Caribe,2029_Q3_holidays_2h,2061.21,0,689.342,2750.55,0
Caribe,2029_Q3_holidays_3h,2058.32,0,616.19,2674.51,0
Caribe,2029_Q3_holidays_4h,1997.12,0,632.899,2630.02,0
Caribe,2029_Q3_holidays_5h,1977.04,0,658.199,2635.24,0
Caribe,2029_Q3_holidays_6h,2065.92,0,587.922,2653.84,0
Caribe,2029_Q3_holidays_7h,2226.47,0,484.937,2711.41,0
Caribe,2029_Q3_holidays_8h,2439.21,0,458.352,2897.56,0
Caribe,2029_Q3_holidays_9h,2671.15,0,412.58,3083.73,0
Caribe,2029_Q3_holidays_10h,2817.1,0,388.117,3205.21,0
Caribe,2029_Q3_holidays_11h,2892.19,0,418.808,3311,0
Caribe,2029_Q3_holidays_12h,2900.28,0,481.282,3381.56,0
Caribe,2029_Q3_holidays_13h,2801.49,0,556.939,3358.43,0
Caribe,2029_Q3_holidays_14h,2651.96,0,662.739,3314.7,0
Caribe,2029_Q3_holidays_15h,2471.66,0,810.972,3282.63,0
Caribe,2029_Q3_holidays_16h,2307.19,0,948.096,3255.29,0
Caribe,2029_Q3_holidays_17h,2187.04,0,1027.63,3214.67,0
Caribe,2029_Q3_holidays_18h,2214.14,0,962.379,3176.52,0
Caribe,2029_Q3_holidays_19h,2267.4,0,1073.52,3340.92,0
Caribe,2029_Q3_holidays_20h,2311.95,0,1102.78,3414.73,0
Caribe,2029_Q3_holidays_21h,2278.11,0,1049.29,3327.4,0
Caribe,2029_Q3_holidays_22h,2210.29,0,982.035,3192.32,0
Caribe,2029_Q3_holidays_23h,2149.32,0,878.344,3027.67,0
Caribe,2029_Q4_labor_0h,1790.45,0,1283.21,3073.66,0
Caribe,2029_Q4_labor_1h,1724.28,0,1160.27,2884.55,0
Caribe,2029_Q4_labor_2h,1695.29,0,1090.91,2786.2,0
Caribe,2029_Q4_labor_3h,1679.59,0,1036.52,2716.11,0
Caribe,2029_Q4_labor_4h,1670.2,0,1007.53,2677.73,0
Caribe,2029_Q4_labor_5h,1650.49,0,1066.39,2716.88,0
Caribe,2029_Q4_labor_6h,1677.51,0,1130.11,2807.62,0
Caribe,2029_Q4_labor_7h,1763.89,0,1092.55,2856.44,0
Caribe,2029_Q4_labor_8h,1948.38,0,1075.22,3023.6,0
Caribe,2029_Q4_labor_9h,2112.65,0,1077.67,3190.32,0
Caribe,2029_Q4_labor_10h,2228.6,0,1074.45,3303.05,0
Caribe,2029_Q4_labor_11h,2271.14,0,1152.17,3423.31,0
Caribe,2029_Q4_labor_12h,2265.01,0,1251.43,3516.44,0
Caribe,2029_Q4_labor_13h,2171.96,0,1339.49,3511.45,0
Caribe,2029_Q4_labor_14h,2071.06,0,1467.53,3538.59,0
Caribe,2029_Q4_labor_15h,2018.03,0,1560.67,3578.7,0
Caribe,2029_Q4_labor_16h,1973.16,0,1599.98,3573.14,0
Caribe,2029_Q4_labor_17h,1958.94,0,1568.67,3527.6,0
Caribe,2029_Q4_labor_18h,1977.54,0,1516.69,3494.23,0
Caribe,2029_Q4_labor_19h,2085.2,0,1591.28,3676.48,0
Caribe,2029_Q4_labor_20h,2092.66,0,1590.46,3683.12,0
Caribe,2029_Q4_labor_21h,2053.28,0,1562.2,3615.48,0
Caribe,2029_Q4_labor_22h,1967.39,0,1504.61,3472,0
Caribe,2029_Q4_labor_23h,1864.29,0,1404.76,3269.05,0
Caribe,2029_Q4_holidays_0h,1784.63,0,1176.19,2960.82,0
Caribe,2029_Q4_holidays_1h,1774.04,0,1207.87,2981.91,0
Caribe,2029_Q4_holidays_2h,1724.88,0,1149.68,2874.56,0
Caribe,2029_Q4_holidays_3h,1715.99,0,1081.54,2797.53,0
Caribe,2029_Q4_holidays_4h,1711.07,0,1040.77,2751.84,0
Caribe,2029_Q4_holidays_5h,1692.18,0,1058.46,2750.64,0
Caribe,2029_Q4_holidays_6h,1706.2,0,1059.23,2765.42,0
Caribe,2029_Q4_holidays_7h,1812.71,0,1002.61,2815.33,0
Caribe,2029_Q4_holidays_8h,1994.31,0,1000.66,2994.98,0
Caribe,2029_Q4_holidays_9h,2151.9,0,1031.78,3183.68,0
Caribe,2029_Q4_holidays_10h,2281.76,0,1034.35,3316.12,0
Caribe,2029_Q4_holidays_11h,2314.78,0,1112.37,3427.15,0
Caribe,2029_Q4_holidays_12h,2279.6,0,1208.47,3488.07,0
Caribe,2029_Q4_holidays_13h,2170.54,0,1300.56,3471.1,0
Caribe,2029_Q4_holidays_14h,2046.98,0,1386.49,3433.47,0
Caribe,2029_Q4_holidays_15h,2010.96,0,1386.12,3397.08,0
Caribe,2029_Q4_holidays_16h,1980.56,0,1382.77,3363.33,0
Caribe,2029_Q4_holidays_17h,1958.23,0,1368.6,3326.83,0
Caribe,2029_Q4_holidays_18h,1999.71,0,1349.65,3349.36,0
Caribe,2029_Q4_holidays_19h,2099.25,0,1458.74,3558,0
Caribe,2029_Q4_holidays_20h,2118.79,0,1410.09,3528.88,0
Caribe,2029_Q4_holidays_21h,2080.89,0,1339.61,3420.5,0
Caribe,2029_Q4_holidays_22h,1922.3,0,1360.24,3282.54,0
Caribe,2029_Q4_holidays_23h,1803.52,0,1316.28,3119.8,0
Caribe,2030_Q1_labor_0h,2004.7,0,884.761,2889.46,0
Caribe,2030_Q1_labor_1h,1992.27,0,754.062,2746.33,0
Caribe,2030_Q1_labor_2h,1981.08,0,671.44,2652.52,0
Caribe,2030_Q1_labor_3h,1979.73,0,604.741,2584.47,0
Caribe,2030_Q1_labor_4h,1973.93,0,573.775,2547.7,0
Caribe,2030_Q1_labor_5h,1972.85,0,602.489,2575.33,0
Caribe,2030_Q1_labor_6h,2044.41,0,614.612,2659.03,0
Caribe,2030_Q1_labor_7h,2283.49,0,415.014,2698.51,0
Caribe,2030_Q1_labor_8h,2595.52,0,254.153,2849.68,0
Caribe,2030_Q1_labor_9h,2853.49,0,169.101,3022.59,0
Caribe,2030_Q1_labor_10h,3046.62,0,92.8878,3139.5,0
Caribe,2030_Q1_labor_11h,3121.83,0,127.989,3249.82,0
Caribe,2030_Q1_labor_12h,3114.65,0,224.073,3338.72,0
Caribe,2030_Q1_labor_13h,3008.44,0,325.226,3333.67,0
Caribe,2030_Q1_labor_14h,2818.69,0,520.197,3338.89,0
Caribe,2030_Q1_labor_15h,2575.08,0,784.588,3359.66,0
Caribe,2030_Q1_labor_16h,2330.13,0,1017.87,3348,0
Caribe,2030_Q1_labor_17h,2178.03,0,1118.73,3296.76,0
Caribe,2030_Q1_labor_18h,2171.96,0,1075.51,3247.47,0
Caribe,2030_Q1_labor_19h,2206.11,0,1230.46,3436.57,0
Caribe,2030_Q1_labor_20h,2216.42,0,1268.66,3485.08,0
Caribe,2030_Q1_labor_21h,2158.19,0,1245.35,3403.53,0
Caribe,2030_Q1_labor_22h,2092.41,0,1169.6,3262.01,0
Caribe,2030_Q1_labor_23h,2038.41,0,1034.17,3072.59,0
Caribe,2030_Q1_holidays_0h,2038.85,0,941.935,2980.78,0
Caribe,2030_Q1_holidays_1h,2015.82,0,777.759,2793.58,0
Caribe,2030_Q1_holidays_2h,2028.47,0,672.332,2700.8,0
Caribe,2030_Q1_holidays_3h,2022.66,0,611.298,2633.96,0
Caribe,2030_Q1_holidays_4h,2033.95,0,571.635,2605.58,0
Caribe,2030_Q1_holidays_5h,2027.58,0,619.607,2647.19,0
Caribe,2030_Q1_holidays_6h,2082.13,0,684.12,2766.25,0
Caribe,2030_Q1_holidays_7h,2332.47,0,500.264,2832.74,0
Caribe,2030_Q1_holidays_8h,2629.95,0,376.373,3006.32,0
Caribe,2030_Q1_holidays_9h,2856.52,0,347.042,3203.56,0
Caribe,2030_Q1_holidays_10h,3056.98,0,256.035,3313.02,0
Caribe,2030_Q1_holidays_11h,3128.08,0,302.048,3430.12,0
Caribe,2030_Q1_holidays_12h,3108.27,0,412.767,3521.04,0
Caribe,2030_Q1_holidays_13h,2994.1,0,505.449,3499.55,0
Caribe,2030_Q1_holidays_14h,2809.45,0,698.935,3508.39,0
Caribe,2030_Q1_holidays_15h,2576.87,0,982.012,3558.88,0
Caribe,2030_Q1_holidays_16h,2367.92,0,1189.24,3557.15,0
Caribe,2030_Q1_holidays_17h,2217.5,0,1275.1,3492.6,0
Caribe,2030_Q1_holidays_18h,2198.23,0,1207.69,3405.91,0
Caribe,2030_Q1_holidays_19h,2186.06,0,1373.92,3559.98,0
Caribe,2030_Q1_holidays_20h,2167.3,0,1420.01,3587.31,0
Caribe,2030_Q1_holidays_21h,2132.35,0,1368.82,3501.17,0
Caribe,2030_Q1_holidays_22h,2086.47,0,1266.01,3352.48,0
Caribe,2030_Q1_holidays_23h,2027.21,0,1126.79,3154,0
Caribe,2030_Q2_labor_0h,1914.69,0,983.195,2897.89,0
Caribe,2030_Q2_labor_1h,1894.96,0,858.784,2753.74,0
Caribe,2030_Q2_labor_2h,1878.45,0,779.883,2658.33,0
Caribe,2030_Q2_labor_3h,1874.12,0,715.765,2589.89,0
Caribe,2030_Q2_labor_4h,1875.56,0,679.805,2555.36,0
Caribe,2030_Q2_labor_5h,1872.43,0,722.036,2594.47,0
Caribe,2030_Q2_labor_6h,1919.23,0,775.343,2694.57,0
Caribe,2030_Q2_labor_7h,2142.1,0,590.586,2732.69,0
Caribe,2030_Q2_labor_8h,2386.18,0,503.15,2889.33,0
Caribe,2030_Q2_labor_9h,2629.66,0,427.268,3056.93,0
Caribe,2030_Q2_labor_10h,2806.31,0,362.976,3169.28,0
Caribe,2030_Q2_labor_11h,2882.65,0,401.273,3283.92,0
Caribe,2030_Q2_labor_12h,2852.39,0,519.344,3371.73,0
Caribe,2030_Q2_labor_13h,2740.3,0,616.37,3356.67,0
Caribe,2030_Q2_labor_14h,2567.13,0,802.886,3370.02,0
Caribe,2030_Q2_labor_15h,2379.41,0,1014.73,3394.13,0
Caribe,2030_Q2_labor_16h,2196.7,0,1190.93,3387.63,0
Caribe,2030_Q2_labor_17h,2077.91,0,1259.31,3337.23,0
Caribe,2030_Q2_labor_18h,2059.26,0,1207.04,3266.3,0
Caribe,2030_Q2_labor_19h,2072.24,0,1374.49,3446.72,0
Caribe,2030_Q2_labor_20h,2085.29,0,1440.05,3525.34,0
Caribe,2030_Q2_labor_21h,2046.6,0,1402.78,3449.38,0
Caribe,2030_Q2_labor_22h,2001.63,0,1294.52,3296.16,0
Caribe,2030_Q2_labor_23h,1943.4,0,1143.67,3087.07,0
Caribe,2030_Q2_holidays_0h,1909.92,0,1070.11,2980.03,0
Caribe,2030_Q2_holidays_1h,1889.1,0,904.521,2793.62,0
Caribe,2030_Q2_holidays_2h,1903.04,0,801.371,2704.41,0
Caribe,2030_Q2_holidays_3h,1903.69,0,734.087,2637.78,0
Caribe,2030_Q2_holidays_4h,1894.89,0,713.291,2608.19,0
Caribe,2030_Q2_holidays_5h,1898.33,0,773.632,2671.96,0
Caribe,2030_Q2_holidays_6h,1915.67,0,902.264,2817.93,0
Caribe,2030_Q2_holidays_7h,2136.41,0,735.695,2872.1,0
Caribe,2030_Q2_holidays_8h,2392.44,0,640.545,3032.98,0
Caribe,2030_Q2_holidays_9h,2630.97,0,562.968,3193.93,0
Caribe,2030_Q2_holidays_10h,2794.8,0,500.055,3294.86,0
Caribe,2030_Q2_holidays_11h,2855.31,0,556.921,3412.23,0
Caribe,2030_Q2_holidays_12h,2831.69,0,667.835,3499.53,0
Caribe,2030_Q2_holidays_13h,2724.53,0,739.072,3463.6,0
Caribe,2030_Q2_holidays_14h,2558.53,0,929.738,3488.27,0
Caribe,2030_Q2_holidays_15h,2386.63,0,1159.09,3545.72,0
Caribe,2030_Q2_holidays_16h,2208.93,0,1336.81,3545.74,0
Caribe,2030_Q2_holidays_17h,2048.22,0,1438.33,3486.55,0
Caribe,2030_Q2_holidays_18h,2059.08,0,1322.35,3381.43,0
Caribe,2030_Q2_holidays_19h,2064.92,0,1462.13,3527.05,0
Caribe,2030_Q2_holidays_20h,2067.34,0,1522.19,3589.53,0
Caribe,2030_Q2_holidays_21h,2028.7,0,1482.55,3511.24,0
Caribe,2030_Q2_holidays_22h,1975.79,0,1384.55,3360.34,0
Caribe,2030_Q2_holidays_23h,1925.89,0,1240.08,3165.97,0
Caribe,2030_Q3_labor_0h,2069.51,0,930.593,3000.1,0
Caribe,2030_Q3_labor_1h,2014.24,0,836.199,2850.44,0
Caribe,2030_Q3_labor_2h,1988.82,0,761.095,2749.92,0
Caribe,2030_Q3_labor_3h,1985.54,0,692.413,2677.96,0
Caribe,2030_Q3_labor_4h,1985.67,0,653.456,2639.13,0
Caribe,2030_Q3_labor_5h,2018.1,0,649.767,2667.87,0
Caribe,2030_Q3_labor_6h,2086.85,0,653.753,2740.61,0
Caribe,2030_Q3_labor_7h,2219.48,0,562.611,2782.09,0
Caribe,2030_Q3_labor_8h,2413.37,0,536.432,2949.81,0
Caribe,2030_Q3_labor_9h,2598.43,0,522.33,3120.76,0
Caribe,2030_Q3_labor_10h,2738.28,0,498.08,3236.36,0
Caribe,2030_Q3_labor_11h,2817.14,0,537.859,3355,0
Caribe,2030_Q3_labor_12h,2795.24,0,650.22,3445.46,0
Caribe,2030_Q3_labor_13h,2686.16,0,750.318,3436.48,0
Caribe,2030_Q3_labor_14h,2542.18,0,908.633,3450.81,0
Caribe,2030_Q3_labor_15h,2406.22,0,1068.66,3474.88,0
Caribe,2030_Q3_labor_16h,2299.16,0,1164.3,3463.46,0
Caribe,2030_Q3_labor_17h,2216.5,0,1199.94,3416.43,0
Caribe,2030_Q3_labor_18h,2221.16,0,1116.16,3337.31,0
Caribe,2030_Q3_labor_19h,2284.5,0,1205.63,3490.13,0
Caribe,2030_Q3_labor_20h,2291.55,0,1310.41,3601.96,0
Caribe,2030_Q3_labor_21h,2284.6,0,1253.81,3538.41,0
Caribe,2030_Q3_labor_22h,2248,0,1148.07,3396.07,0
Caribe,2030_Q3_labor_23h,2142.1,0,1052.39,3194.49,0
Caribe,2030_Q3_holidays_0h,2072.95,0,1029.7,3102.65,0
Caribe,2030_Q3_holidays_1h,2034.68,0,879.086,2913.76,0
Caribe,2030_Q3_holidays_2h,2012.27,0,802.554,2814.82,0
Caribe,2030_Q3_holidays_3h,2011.61,0,725.099,2736.71,0
Caribe,2030_Q3_holidays_4h,1950.96,0,753.97,2704.93,0
Caribe,2030_Q3_holidays_5h,1934.16,0,820.617,2754.78,0
Caribe,2030_Q3_holidays_6h,2035.01,0,837.674,2872.68,0
Caribe,2030_Q3_holidays_7h,2201.24,0,748.066,2949.31,0
Caribe,2030_Q3_holidays_8h,2418.57,0,717.191,3135.76,0
Caribe,2030_Q3_holidays_9h,2654.77,0,661.414,3316.19,0
Caribe,2030_Q3_holidays_10h,2803.49,0,622.71,3426.2,0
Caribe,2030_Q3_holidays_11h,2880.72,0,669.709,3550.43,0
Caribe,2030_Q3_holidays_12h,2889.48,0,749.831,3639.31,0
Caribe,2030_Q3_holidays_13h,2789.8,0,828.405,3618.21,0
Caribe,2030_Q3_holidays_14h,2661.1,0,986.919,3648.02,0
Caribe,2030_Q3_holidays_15h,2569.61,0,1137.01,3706.62,0
Caribe,2030_Q3_holidays_16h,2390.43,0,1300.16,3690.59,0
Caribe,2030_Q3_holidays_17h,2242.94,0,1383.5,3626.44,0
Caribe,2030_Q3_holidays_18h,2287.67,0,1219.2,3506.87,0
Caribe,2030_Q3_holidays_19h,2303.22,0,1317.26,3620.48,0
Caribe,2030_Q3_holidays_20h,2335.47,0,1373.72,3709.19,0
Caribe,2030_Q3_holidays_21h,2323.07,0,1320.08,3643.16,0
Caribe,2030_Q3_holidays_22h,2278.26,0,1214.9,3493.16,0
Caribe,2030_Q3_holidays_23h,2191.02,0,1102.1,3293.13,0
Caribe,2030_Q4_labor_0h,1777.11,0,1357.19,3134.3,0
Caribe,2030_Q4_labor_1h,1740.67,0,1230.89,2971.56,0
Caribe,2030_Q4_labor_2h,1703.84,0,1165.94,2869.78,0
Caribe,2030_Q4_labor_3h,1679.59,0,1117.93,2797.52,0
Caribe,2030_Q4_labor_4h,1670.2,0,1086.29,2756.49,0
Caribe,2030_Q4_labor_5h,1650.49,0,1138.1,2788.6,0
Caribe,2030_Q4_labor_6h,1690.8,0,1174.34,2865.15,0
Caribe,2030_Q4_labor_7h,1769.14,0,1142.8,2911.94,0
Caribe,2030_Q4_labor_8h,1958.38,0,1126.53,3084.91,0
Caribe,2030_Q4_labor_9h,2127.05,0,1131.09,3258.14,0
Caribe,2030_Q4_labor_10h,2246.46,0,1131.43,3377.89,0
Caribe,2030_Q4_labor_11h,2308.13,0,1192.22,3500.35,0
Caribe,2030_Q4_labor_12h,2274.44,0,1316.91,3591.36,0
Caribe,2030_Q4_labor_13h,2165.4,0,1420.27,3585.67,0
Caribe,2030_Q4_labor_14h,2040.2,0,1562.84,3603.03,0
Caribe,2030_Q4_labor_15h,2026.7,0,1602.49,3629.2,0
Caribe,2030_Q4_labor_16h,1996.61,0,1622.31,3618.92,0
Caribe,2030_Q4_labor_17h,1969.41,0,1606.6,3576,0
Caribe,2030_Q4_labor_18h,1961.62,0,1592.1,3553.71,0
Caribe,2030_Q4_labor_19h,2120.14,0,1630.98,3751.13,0
Caribe,2030_Q4_labor_20h,2126.13,0,1629.22,3755.35,0
Caribe,2030_Q4_labor_21h,2071.44,0,1607.78,3679.22,0
Caribe,2030_Q4_labor_22h,1945.27,0,1588.88,3534.15,0
Caribe,2030_Q4_labor_23h,1826.87,0,1503.25,3330.13,0
Caribe,2030_Q4_holidays_0h,2085.4,0,1153.68,3239.08,0
Caribe,2030_Q4_holidays_1h,1914.81,0,1153.68,3068.49,0
Caribe,2030_Q4_holidays_2h,1807.15,0,1153.68,2960.83,0
Caribe,2030_Q4_holidays_3h,1728.22,0,1153.68,2881.9,0
Caribe,2030_Q4_holidays_4h,1711.07,0,1132.8,2843.87,0
Caribe,2030_Q4_holidays_5h,1738.23,0,1153.68,2891.92,0
Caribe,2030_Q4_holidays_6h,1854.89,0,1153.68,3008.58,0
Caribe,2030_Q4_holidays_7h,1927.21,0,1153.68,3080.89,0
Caribe,2030_Q4_holidays_8h,2107.53,0,1153.68,3261.21,0
Caribe,2030_Q4_holidays_9h,2292.84,0,1153.68,3446.53,0
Caribe,2030_Q4_holidays_10h,2407.45,0,1153.68,3561.13,0
Caribe,2030_Q4_holidays_11h,2530.23,0,1153.68,3683.91,0
Caribe,2030_Q4_holidays_12h,2622.5,0,1153.68,3776.18,0
Caribe,2030_Q4_holidays_13h,2605.99,0,1156.01,3762,0
Caribe,2030_Q4_holidays_14h,2609.73,0,1177.04,3786.77,0
Caribe,2030_Q4_holidays_15h,2642.63,0,1197.54,3840.17,0
Caribe,2030_Q4_holidays_16h,2616.92,0,1215.81,3832.74,0
Caribe,2030_Q4_holidays_17h,2567.14,0,1204.06,3771.2,0
Caribe,2030_Q4_holidays_18h,2531.9,0,1189.97,3721.87,0
Caribe,2030_Q4_holidays_19h,2681.24,0,1197.4,3878.63,0
Caribe,2030_Q4_holidays_20h,2671.09,0,1193.21,3864.3,0
Caribe,2030_Q4_holidays_21h,2601.07,0,1190.36,3791.43,0
Caribe,2030_Q4_holidays_22h,2454.12,0,1179,3633.11,0
Caribe,2030_Q4_holidays_23h,2267.17,0,1168.21,3435.38,0
Caribe,2031_Q1_labor_0h,2066.8,0,913.453,2980.25,0
Caribe,2031_Q1_labor_1h,2053.94,0,776.735,2830.68,0
Caribe,2031_Q1_labor_2h,2042.37,0,692.926,2735.29,0
Caribe,2031_Q1_labor_3h,2040.93,0,624.424,2665.36,0
Caribe,2031_Q1_labor_4h,2034.91,0,594.698,2629.61,0
Caribe,2031_Q1_labor_5h,2033.78,0,624.301,2658.08,0
Caribe,2031_Q1_labor_6h,2106.94,0,638.737,2745.67,0
Caribe,2031_Q1_labor_7h,2351.51,0,435.114,2786.62,0
Caribe,2031_Q1_labor_8h,2670.82,0,272.99,2943.81,0
Caribe,2031_Q1_labor_9h,2934.79,0,191.204,3125.99,0
Caribe,2031_Q1_labor_10h,3132.49,0,114.138,3246.63,0
Caribe,2031_Q1_labor_11h,3209.37,0,151.947,3361.32,0
Caribe,2031_Q1_labor_12h,3202.01,0,248.862,3450.88,0
Caribe,2031_Q1_labor_13h,3093.35,0,350.033,3443.39,0
Caribe,2031_Q1_labor_14h,2899.32,0,547.945,3447.26,0
Caribe,2031_Q1_labor_15h,2650.19,0,818.876,3469.07,0
Caribe,2031_Q1_labor_16h,2399.86,0,1057.65,3457.51,0
Caribe,2031_Q1_labor_17h,2247.15,0,1156.23,3403.38,0
Caribe,2031_Q1_labor_18h,2239.16,0,1110.3,3349.46,0
Caribe,2031_Q1_labor_19h,2265.36,0,1275.37,3540.72,0
Caribe,2031_Q1_labor_20h,2294.46,0,1294.11,3588.57,0
Caribe,2031_Q1_labor_21h,2213.84,0,1290.94,3504.78,0
Caribe,2031_Q1_labor_22h,2160.86,0,1198.73,3359.59,0
Caribe,2031_Q1_labor_23h,2101.62,0,1062.8,3164.43,0
Caribe,2031_Q1_holidays_0h,2102.07,0,943.818,3045.89,0
Caribe,2031_Q1_holidays_1h,2078.27,0,787.52,2865.79,0
Caribe,2031_Q1_holidays_2h,2091.32,0,671.576,2762.9,0
Caribe,2031_Q1_holidays_3h,2085.3,0,607.807,2693.1,0
Caribe,2031_Q1_holidays_4h,2096.93,0,554.355,2651.29,0
Caribe,2031_Q1_holidays_5h,2090.35,0,603.781,2694.13,0
Caribe,2031_Q1_holidays_6h,2145.9,0,662.599,2808.5,0
Caribe,2031_Q1_holidays_7h,2402.09,0,473.231,2875.32,0
Caribe,2031_Q1_holidays_8h,2706.36,0,338.944,3045.3,0
Caribe,2031_Q1_holidays_9h,2937.9,0,286.398,3224.3,0
Caribe,2031_Q1_holidays_10h,3143.2,0,192.549,3335.75,0
Caribe,2031_Q1_holidays_11h,3215.83,0,234.247,3450.07,0
Caribe,2031_Q1_holidays_12h,3195.42,0,360.208,3555.63,0
Caribe,2031_Q1_holidays_13h,3078.55,0,468.495,3547.04,0
Caribe,2031_Q1_holidays_14h,2889.76,0,675.293,3565.05,0
Caribe,2031_Q1_holidays_15h,2652,0,962.622,3614.62,0
Caribe,2031_Q1_holidays_16h,2434.59,0,1175.52,3610.11,0
Caribe,2031_Q1_holidays_17h,2283.85,0,1267.82,3551.67,0
Caribe,2031_Q1_holidays_18h,2265.82,0,1215.26,3481.08,0
Caribe,2031_Q1_holidays_19h,2253.03,0,1407.47,3660.51,0
Caribe,2031_Q1_holidays_20h,2234.55,0,1466.67,3701.22,0
Caribe,2031_Q1_holidays_21h,2198.1,0,1413.18,3611.28,0
Caribe,2031_Q1_holidays_22h,2151.15,0,1303.56,3454.71,0
Caribe,2031_Q1_holidays_23h,2093.09,0,1157.54,3250.64,0
Caribe,2031_Q2_labor_0h,1974.15,0,1015.78,2989.94,0
Caribe,2031_Q2_labor_1h,1953.81,0,881.003,2834.81,0
Caribe,2031_Q2_labor_2h,1936.76,0,800.908,2737.67,0
Caribe,2031_Q2_labor_3h,1932.27,0,735.822,2668.1,0
Caribe,2031_Q2_labor_4h,1933.73,0,699.205,2632.93,0
Caribe,2031_Q2_labor_5h,1930.45,0,743.329,2673.78,0
Caribe,2031_Q2_labor_6h,1977.9,0,797.484,2775.39,0
Caribe,2031_Q2_labor_7h,2205.84,0,609.396,2815.24,0
Caribe,2031_Q2_labor_8h,2455.55,0,522.57,2978.12,0
Caribe,2031_Q2_labor_9h,2704.92,0,445.538,3150.46,0
Caribe,2031_Q2_labor_10h,2885.86,0,380.841,3266.7,0
Caribe,2031_Q2_labor_11h,2964.03,0,420.852,3384.88,0
Caribe,2031_Q2_labor_12h,2932.88,0,541.008,3473.89,0
Caribe,2031_Q2_labor_13h,2818.05,0,640.101,3458.16,0
Caribe,2031_Q2_labor_14h,2640.89,0,830.328,3471.22,0
Caribe,2031_Q2_labor_15h,2449.07,0,1046.91,3495.98,0
Caribe,2031_Q2_labor_16h,2264.03,0,1224.83,3488.87,0
Caribe,2031_Q2_labor_17h,2139.99,0,1296.52,3436.51,0
Caribe,2031_Q2_labor_18h,2123.09,0,1239.9,3363,0
Caribe,2031_Q2_labor_19h,2133.17,0,1412.76,3545.94,0
Caribe,2031_Q2_labor_20h,2144.14,0,1480.39,3624.53,0
Caribe,2031_Q2_labor_21h,2106.55,0,1441.34,3547.9,0
Caribe,2031_Q2_labor_22h,2061.58,0,1331.23,3392.82,0
Caribe,2031_Q2_labor_23h,2012.27,0,1170.2,3182.47,0
Caribe,2031_Q2_holidays_0h,1969.24,0,1069.12,3038.36,0
Caribe,2031_Q2_holidays_1h,1947.73,0,939.088,2886.82,0
Caribe,2031_Q2_holidays_2h,1962.15,0,825.894,2788.05,0
Caribe,2031_Q2_holidays_3h,1962.81,0,750.99,2713.8,0
Caribe,2031_Q2_holidays_4h,1953.7,0,727.219,2680.92,0
Caribe,2031_Q2_holidays_5h,1957.2,0,785.937,2743.14,0
Caribe,2031_Q2_holidays_6h,1974.22,0,928.354,2902.57,0
Caribe,2031_Q2_holidays_7h,2199.97,0,754.812,2954.79,0
Caribe,2031_Q2_holidays_8h,2462.09,0,649.08,3111.17,0
Caribe,2031_Q2_holidays_9h,2706.37,0,572.334,3278.7,0
Caribe,2031_Q2_holidays_10h,2874.09,0,505.424,3379.51,0
Caribe,2031_Q2_holidays_11h,2935.93,0,563.82,3499.75,0
Caribe,2031_Q2_holidays_12h,2911.65,0,686.78,3598.43,0
Caribe,2031_Q2_holidays_13h,2801.9,0,760.808,3562.71,0
Caribe,2031_Q2_holidays_14h,2632.12,0,960.207,3592.33,0
Caribe,2031_Q2_holidays_15h,2463.27,0,1188.66,3651.94,0
Caribe,2031_Q2_holidays_16h,2271.86,0,1382.63,3654.49,0
Caribe,2031_Q2_holidays_17h,2107.08,0,1489.12,3596.21,0
Caribe,2031_Q2_holidays_18h,2119.84,0,1370.89,3490.73,0
Caribe,2031_Q2_holidays_19h,2125.92,0,1532.41,3658.33,0
Caribe,2031_Q2_holidays_20h,2139.41,0,1597.71,3737.13,0
Caribe,2031_Q2_holidays_21h,2089.66,0,1557.09,3646.75,0
Caribe,2031_Q2_holidays_22h,2033.81,0,1440.84,3474.65,0
Caribe,2031_Q2_holidays_23h,1983.75,0,1260.27,3244.01,0
Caribe,2031_Q3_labor_0h,2129.55,0,963.076,3092.62,0
Caribe,2031_Q3_labor_1h,2068.76,0,865.086,2933.84,0
Caribe,2031_Q3_labor_2h,2042.11,0,789.21,2831.32,0
Caribe,2031_Q3_labor_3h,2038.6,0,717.09,2755.69,0
Caribe,2031_Q3_labor_4h,2038.88,0,677.755,2716.63,0
Caribe,2031_Q3_labor_5h,2072.43,0,674.229,2746.66,0
Caribe,2031_Q3_labor_6h,2142.8,0,678.602,2821.41,0
Caribe,2031_Q3_labor_7h,2278.5,0,587.663,2866.17,0
Caribe,2031_Q3_labor_8h,2477.17,0,563.65,3040.82,0
Caribe,2031_Q3_labor_9h,2666.91,0,552.227,3219.14,0
Caribe,2031_Q3_labor_10h,2810.28,0,528.885,3339.17,0
Caribe,2031_Q3_labor_11h,2890.98,0,570.674,3461.66,0
Caribe,2031_Q3_labor_12h,2868.2,0,686.016,3554.22,0
Caribe,2031_Q3_labor_13h,2756.73,0,789.57,3546.3,0
Caribe,2031_Q3_labor_14h,2612.68,0,947.665,3560.35,0
Caribe,2031_Q3_labor_15h,2487.12,0,1096.97,3584.09,0
Caribe,2031_Q3_labor_16h,2359.56,0,1210.04,3569.6,0
Caribe,2031_Q3_labor_17h,2275.7,0,1243.76,3519.46,0
Caribe,2031_Q3_labor_18h,2300.08,0,1136.93,3437.01,0
Caribe,2031_Q3_labor_19h,2346.65,0,1244.29,3590.94,0
Caribe,2031_Q3_labor_20h,2354.01,0,1348.94,3702.95,0
Caribe,2031_Q3_labor_21h,2346.91,0,1291.3,3638.22,0
Caribe,2031_Q3_labor_22h,2314.88,0,1177.58,3492.46,0
Caribe,2031_Q3_labor_23h,2212.83,0,1075.96,3288.79,0
Caribe,2031_Q3_holidays_0h,2135.01,0,1039.16,3174.18,0
Caribe,2031_Q3_holidays_1h,2096.79,0,911.476,3008.26,0
Caribe,2031_Q3_holidays_2h,2071.59,0,829.017,2900.61,0
Caribe,2031_Q3_holidays_3h,2071.12,0,757.878,2828.99,0
Caribe,2031_Q3_holidays_4h,2007.99,0,782.528,2790.52,0
Caribe,2031_Q3_holidays_5h,1990.67,0,847.285,2837.95,0
Caribe,2031_Q3_holidays_6h,2094.27,0,862.781,2957.05,0
Caribe,2031_Q3_holidays_7h,2262.65,0,759.405,3022.06,0
Caribe,2031_Q3_holidays_8h,2484.49,0,717.649,3202.14,0
Caribe,2031_Q3_holidays_9h,2726.2,0,648.609,3374.81,0
Caribe,2031_Q3_holidays_10h,2878.37,0,604.797,3483.16,0
Caribe,2031_Q3_holidays_11h,2957.07,0,652.007,3609.08,0
Caribe,2031_Q3_holidays_12h,2966.1,0,738.047,3704.15,0
Caribe,2031_Q3_holidays_13h,2862.6,0,813.318,3675.92,0
Caribe,2031_Q3_holidays_14h,2729.16,0,980.287,3709.45,0
Caribe,2031_Q3_holidays_15h,2636.75,0,1136.33,3773.09,0
Caribe,2031_Q3_holidays_16h,2453.82,0,1318.3,3772.12,0
Caribe,2031_Q3_holidays_17h,2302.99,0,1413.81,3716.8,0
Caribe,2031_Q3_holidays_18h,2349.84,0,1252.1,3601.94,0
Caribe,2031_Q3_holidays_19h,2365.96,0,1375.28,3741.24,0
Caribe,2031_Q3_holidays_20h,2399.36,0,1452.6,3851.96,0
Caribe,2031_Q3_holidays_21h,2386.64,0,1393.44,3780.07,0
Caribe,2031_Q3_holidays_22h,2340.41,0,1281.02,3621.43,0
Caribe,2031_Q3_holidays_23h,2271.83,0,1121.36,3393.19,0
Caribe,2031_Q4_labor_0h,1809.23,0,1418.49,3227.72,0
Caribe,2031_Q4_labor_1h,1779.12,0,1285.34,3064.46,0
Caribe,2031_Q4_labor_2h,1754.23,0,1204.07,2958.3,0
Caribe,2031_Q4_labor_3h,1731.03,0,1151.99,2883.02,0
Caribe,2031_Q4_labor_4h,1721.31,0,1119,2840.31,0
Caribe,2031_Q4_labor_5h,1705.89,0,1165.87,2871.76,0
Caribe,2031_Q4_labor_6h,1736.93,0,1212.06,2949,0
Caribe,2031_Q4_labor_7h,1827.26,0,1169.68,2996.94,0
Caribe,2031_Q4_labor_8h,2017.17,0,1157.14,3174.3,0
Caribe,2031_Q4_labor_9h,2191.99,0,1164.45,3356.44,0
Caribe,2031_Q4_labor_10h,2314.33,0,1164.87,3479.2,0
Caribe,2031_Q4_labor_11h,2362.29,0,1243.3,3605.58,0
Caribe,2031_Q4_labor_12h,2316.39,0,1380.83,3697.22,0
Caribe,2031_Q4_labor_13h,2199.57,0,1492.22,3691.79,0
Caribe,2031_Q4_labor_14h,2084.02,0,1623.68,3707.7,0
Caribe,2031_Q4_labor_15h,2106.09,0,1626.05,3732.14,0
Caribe,2031_Q4_labor_16h,2086.31,0,1633.68,3720,0
Caribe,2031_Q4_labor_17h,2048.73,0,1626.85,3675.58,0
Caribe,2031_Q4_labor_18h,2028.83,0,1625.07,3653.9,0
Caribe,2031_Q4_labor_19h,2222.37,0,1633.68,3856.06,0
Caribe,2031_Q4_labor_20h,2226.94,0,1633.68,3860.63,0
Caribe,2031_Q4_labor_21h,2154.94,0,1627.44,3782.39,0
Caribe,2031_Q4_labor_22h,2008.54,0,1624.89,3633.43,0
Caribe,2031_Q4_labor_23h,1850.47,0,1578.2,3428.67,0
Caribe,2031_Q4_holidays_0h,1990.96,0,1348.95,3339.92,0
Caribe,2031_Q4_holidays_1h,1973.85,0,1164.22,3138.07,0
Caribe,2031_Q4_holidays_2h,1881.44,0,1153.68,3035.13,0
Caribe,2031_Q4_holidays_3h,1805.23,0,1153.68,2958.91,0
Caribe,2031_Q4_holidays_4h,1768.73,0,1153.68,2922.41,0
Caribe,2031_Q4_holidays_5h,1827.99,0,1153.68,2981.67,0
Caribe,2031_Q4_holidays_6h,1923.42,0,1188.05,3111.47,0
Caribe,2031_Q4_holidays_7h,2033.83,0,1153.68,3187.51,0
Caribe,2031_Q4_holidays_8h,2224.29,0,1153.68,3377.97,0
Caribe,2031_Q4_holidays_9h,2392.2,0,1154.37,3546.57,0
Caribe,2031_Q4_holidays_10h,2514.43,0,1153.68,3668.11,0
Caribe,2031_Q4_holidays_11h,2563.94,0,1229.17,3793.11,0
Caribe,2031_Q4_holidays_12h,2508.4,0,1392.3,3900.7,0
Caribe,2031_Q4_holidays_13h,2386.23,0,1497.31,3883.54,0
Caribe,2031_Q4_holidays_14h,2461.43,0,1459.47,3920.9,0
Caribe,2031_Q4_holidays_15h,2595.7,0,1395.26,3990.97,0
Caribe,2031_Q4_holidays_16h,2634.3,0,1358.35,3992.65,0
Caribe,2031_Q4_holidays_17h,2577.03,0,1353.52,3930.55,0
Caribe,2031_Q4_holidays_18h,2503.26,0,1368.85,3872.11,0
Caribe,2031_Q4_holidays_19h,2735.54,0,1305.06,4040.61,0
Caribe,2031_Q4_holidays_20h,2713.31,0,1311.24,4024.55,0
Caribe,2031_Q4_holidays_21h,2607.93,0,1340.51,3948.45,0
Caribe,2031_Q4_holidays_22h,2379.27,0,1403.28,3782.54,0
Caribe,2031_Q4_holidays_23h,2057.62,0,1489,3546.62,0
Caribe,2032_Q1_labor_0h,2415.89,0,654.814,3070.71,0
Caribe,2032_Q1_labor_1h,2400.65,0,513.129,2913.78,0
Caribe,2032_Q1_labor_2h,2386.87,0,427.348,2814.22,0
Caribe,2032_Q1_labor_3h,2384.98,0,357.277,2742.26,0
Caribe,2032_Q1_labor_4h,2377.74,0,326.718,2704.46,0
Caribe,2032_Q1_labor_5h,2376.3,0,356.935,2733.23,0
Caribe,2032_Q1_labor_6h,2447.44,0,373.906,2821.35,0
Caribe,2032_Q1_labor_7h,2695.3,0,166.831,2862.13,0
Caribe,2032_Q1_labor_8h,3020.8,0,1.06454,3021.87,0
Caribe,2032_Q1_labor_9h,3288.55,0,-78.6801,3209.87,0
Caribe,2032_Q1_labor_10h,3490.65,0,-156.135,3334.52,0
Caribe,2032_Q1_labor_11h,3567.45,0,-115.546,3451.9,0
Caribe,2032_Q1_labor_12h,3560.19,0,-14.5755,3545.61,0
Caribe,2032_Q1_labor_13h,3450.56,0,89.8099,3540.37,0
Caribe,2032_Q1_labor_14h,3256.28,0,287.956,3544.23,0
Caribe,2032_Q1_labor_15h,3006.79,0,560.206,3567,0
Caribe,2032_Q1_labor_16h,2759.13,0,796.815,3555.94,0
Caribe,2032_Q1_labor_17h,2614.98,0,886.224,3501.2,0
Caribe,2032_Q1_labor_18h,2616.56,0,831.08,3447.64,0
Caribe,2032_Q1_labor_19h,2608.64,0,1038.83,3647.47,0
Caribe,2032_Q1_labor_20h,2589.08,0,1108.12,3697.2,0
Caribe,2032_Q1_labor_21h,2547.51,0,1064.03,3611.54,0
Caribe,2032_Q1_labor_22h,2506.67,0,955.048,3461.72,0
Caribe,2032_Q1_labor_23h,2456.98,0,804.001,3260.98,0
Caribe,2032_Q1_holidays_0h,2450.53,0,685.579,3136.11,0
Caribe,2032_Q1_holidays_1h,2422.46,0,544.145,2966.61,0
Caribe,2032_Q1_holidays_2h,2437.74,0,430.764,2868.51,0
Caribe,2032_Q1_holidays_3h,2430.52,0,365.671,2796.19,0
Caribe,2032_Q1_holidays_4h,2444.08,0,314.885,2758.97,0
Caribe,2032_Q1_holidays_5h,2436.29,0,371.578,2807.87,0
Caribe,2032_Q1_holidays_6h,2486.51,0,455.162,2941.67,0
Caribe,2032_Q1_holidays_7h,2748.04,0,273.737,3021.78,0
Caribe,2032_Q1_holidays_8h,3055.9,0,156.159,3212.06,0
Caribe,2032_Q1_holidays_9h,3285.54,0,108.281,3393.82,0
Caribe,2032_Q1_holidays_10h,3496.62,0,8.69743,3505.32,0
Caribe,2032_Q1_holidays_11h,3568.33,0,59.5189,3627.84,0
Caribe,2032_Q1_holidays_12h,3545.62,0,182.793,3728.41,0
Caribe,2032_Q1_holidays_13h,3426.44,0,276.946,3703.39,0
Caribe,2032_Q1_holidays_14h,3238.13,0,485.897,3724.02,0
Caribe,2032_Q1_holidays_15h,3001.64,0,773.852,3775.49,0
Caribe,2032_Q1_holidays_16h,2779.65,0,986.282,3765.94,0
Caribe,2032_Q1_holidays_17h,2629.74,0,1069.06,3698.8,0
Caribe,2032_Q1_holidays_18h,2620.72,0,991.081,3611.8,0
Caribe,2032_Q1_holidays_19h,2623.77,0,1153.41,3777.18,0
Caribe,2032_Q1_holidays_20h,2662.18,0,1153.41,3815.59,0
Caribe,2032_Q1_holidays_21h,2564.84,0,1153.41,3718.25,0
Caribe,2032_Q1_holidays_22h,2483.19,0,1074.66,3557.84,0
Caribe,2032_Q1_holidays_23h,2436.5,0,908.502,3345.01,0
Caribe,2032_Q2_labor_0h,2301.76,0,779.92,3081.68,0
Caribe,2032_Q2_labor_1h,2278.04,0,650.23,2928.27,0
Caribe,2032_Q2_labor_2h,2258.04,0,569.192,2827.23,0
Caribe,2032_Q2_labor_3h,2252.66,0,501.677,2754.34,0
Caribe,2032_Q2_labor_4h,2254.21,0,462.698,2716.91,0
Caribe,2032_Q2_labor_5h,2249.9,0,507.177,2757.07,0
Caribe,2032_Q2_labor_6h,2290.32,0,569.806,2860.13,0
Caribe,2032_Q2_labor_7h,2521.86,0,377.764,2899.62,0
Caribe,2032_Q2_labor_8h,2774.74,0,290.288,3065.03,0
Caribe,2032_Q2_labor_9h,3031.24,0,209.89,3241.13,0
Caribe,2032_Q2_labor_10h,3217.58,0,141.344,3358.93,0
Caribe,2032_Q2_labor_11h,3297.73,0,183.048,3480.78,0
Caribe,2032_Q2_labor_12h,3263.21,0,310.277,3573.49,0
Caribe,2032_Q2_labor_13h,3144.99,0,411.594,3556.58,0
Caribe,2032_Q2_labor_14h,2966.24,0,602.516,3568.75,0
Caribe,2032_Q2_labor_15h,2777.05,0,816.819,3593.87,0
Caribe,2032_Q2_labor_16h,2576.48,0,1011.06,3587.53,0
Caribe,2032_Q2_labor_17h,2458.69,0,1075.75,3534.44,0
Caribe,2032_Q2_labor_18h,2453.03,0,1006.51,3459.54,0
Caribe,2032_Q2_labor_19h,2481.13,0,1168.9,3650.02,0
Caribe,2032_Q2_labor_20h,2551.26,0,1179.98,3731.23,0
Caribe,2032_Q2_labor_21h,2476.32,0,1175.1,3651.42,0
Caribe,2032_Q2_labor_22h,2378.47,0,1113.21,3491.68,0
Caribe,2032_Q2_labor_23h,2336.19,0,941.591,3277.78,0
Caribe,2032_Q2_holidays_0h,2296.03,0,821.024,3117.06,0
Caribe,2032_Q2_holidays_1h,2270.75,0,651.536,2922.28,0
Caribe,2032_Q2_holidays_2h,2287.86,0,538.656,2826.52,0
Caribe,2032_Q2_holidays_3h,2288.54,0,469.02,2757.56,0
Caribe,2032_Q2_holidays_4h,2277.68,0,453.353,2731.03,0
Caribe,2032_Q2_holidays_5h,2281.32,0,525.4,2806.72,0
Caribe,2032_Q2_holidays_6h,2286.07,0,694.605,2980.67,0
Caribe,2032_Q2_holidays_7h,2515.34,0,528.543,3043.89,0
Caribe,2032_Q2_holidays_8h,2783.39,0,435.879,3219.27,0
Caribe,2032_Q2_holidays_9h,3034.28,0,366.141,3400.42,0
Caribe,2032_Q2_holidays_10h,3205.53,0,310.447,3515.97,0
Caribe,2032_Q2_holidays_11h,3266.83,0,372.261,3639.09,0
Caribe,2032_Q2_holidays_12h,3240.51,0,493.927,3734.44,0
Caribe,2032_Q2_holidays_13h,3127.99,0,573.921,3701.91,0
Caribe,2032_Q2_holidays_14h,2957.61,0,782.613,3740.23,0
Caribe,2032_Q2_holidays_15h,2782.06,0,1021.91,3803.97,0
Caribe,2032_Q2_holidays_16h,2604.97,0,1195.6,3800.58,0
Caribe,2032_Q2_holidays_17h,2450.12,0,1285.35,3735.47,0
Caribe,2032_Q2_holidays_18h,2458.1,0,1163.75,3621.85,0
Caribe,2032_Q2_holidays_19h,2483.47,0,1298.53,3782,0
Caribe,2032_Q2_holidays_20h,2488.08,0,1373.49,3861.58,0
Caribe,2032_Q2_holidays_21h,2441.64,0,1332.25,3773.89,0
Caribe,2032_Q2_holidays_22h,2372.63,0,1224.03,3596.66,0
Caribe,2032_Q2_holidays_23h,2296.31,0,1046.02,3342.33,0
Caribe,2032_Q3_labor_0h,2473.23,0,716.953,3190.18,0
Caribe,2032_Q3_labor_1h,2418.22,0,622.251,3040.47,0
Caribe,2032_Q3_labor_2h,2390.65,0,542.845,2933.5,0
Caribe,2032_Q3_labor_3h,2387.13,0,468.223,2855.36,0
Caribe,2032_Q3_labor_4h,2386.68,0,426.555,2813.23,0
Caribe,2032_Q3_labor_5h,2424.75,0,416.599,2841.35,0
Caribe,2032_Q3_labor_6h,2493.9,0,422.028,2915.93,0
Caribe,2032_Q3_labor_7h,2621.82,0,338.622,2960.45,0
Caribe,2032_Q3_labor_8h,2821.48,0,317.139,3138.62,0
Caribe,2032_Q3_labor_9h,3013.81,0,306.462,3320.27,0
Caribe,2032_Q3_labor_10h,3157.46,0,284.082,3441.54,0
Caribe,2032_Q3_labor_11h,3241.7,0,324.376,3566.08,0
Caribe,2032_Q3_labor_12h,3218.74,0,441.106,3659.85,0
Caribe,2032_Q3_labor_13h,3100.96,0,549.672,3650.63,0
Caribe,2032_Q3_labor_14h,2941.55,0,722.666,3664.21,0
Caribe,2032_Q3_labor_15h,2763.02,0,926.299,3689.32,0
Caribe,2032_Q3_labor_16h,2612.88,0,1061.6,3674.48,0
Caribe,2032_Q3_labor_17h,2546.56,0,1076.67,3623.22,0
Caribe,2032_Q3_labor_18h,2578.03,0,961.965,3539.99,0
Caribe,2032_Q3_labor_19h,2637.87,0,1062.78,3700.65,0
Caribe,2032_Q3_labor_20h,2680.91,0,1133.46,3814.37,0
Caribe,2032_Q3_labor_21h,2651.51,0,1095.62,3747.13,0
Caribe,2032_Q3_labor_22h,2587.79,0,1011.4,3599.19,0
Caribe,2032_Q3_labor_23h,2523.13,0,868.319,3391.45,0
Caribe,2032_Q3_holidays_0h,2451.17,0,795.67,3246.84,0
Caribe,2032_Q3_holidays_1h,2433.67,0,557.631,2991.3,0
Caribe,2032_Q3_holidays_2h,2410.41,0,477.938,2888.35,0
Caribe,2032_Q3_holidays_3h,2410.76,0,405.653,2816.41,0
Caribe,2032_Q3_holidays_4h,2337.91,0,450.412,2788.32,0
Caribe,2032_Q3_holidays_5h,2317.18,0,538.435,2855.62,0
Caribe,2032_Q3_holidays_6h,2425.9,0,570.567,2996.47,0
Caribe,2032_Q3_holidays_7h,2597.17,0,477.502,3074.67,0
Caribe,2032_Q3_holidays_8h,2825.24,0,445.765,3271,0
Caribe,2032_Q3_holidays_9h,3078.29,0,382.4,3460.69,0
Caribe,2032_Q3_holidays_10h,3233.37,0,352.321,3585.7,0
Caribe,2032_Q3_holidays_11h,3315.13,0,410.42,3725.55,0
Caribe,2032_Q3_holidays_12h,3328.59,0,504.642,3833.23,0
Caribe,2032_Q3_holidays_13h,3221.52,0,587.451,3808.97,0
Caribe,2032_Q3_holidays_14h,3074.18,0,776.285,3850.46,0
Caribe,2032_Q3_holidays_15h,2904.43,0,1010.77,3915.2,0
Caribe,2032_Q3_holidays_16h,2768.34,0,1146.4,3914.74,0
Caribe,2032_Q3_holidays_17h,2625.28,0,1229.72,3855.01,0
Caribe,2032_Q3_holidays_18h,2642.44,0,1081.43,3723.87,0
Caribe,2032_Q3_holidays_19h,2705.74,0,1147.58,3853.32,0
Caribe,2032_Q3_holidays_20h,2751.37,0,1225.95,3977.32,0
Caribe,2032_Q3_holidays_21h,2736.84,0,1169.29,3906.13,0
Caribe,2032_Q3_holidays_22h,2637.59,0,1090.83,3728.42,0
Caribe,2032_Q3_holidays_23h,2545.05,0,933.936,3478.98,0
Caribe,2032_Q4_labor_0h,2132.29,0,1198.93,3331.23,0
Caribe,2032_Q4_labor_1h,2061.98,0,1108.04,3170.02,0
Caribe,2032_Q4_labor_2h,2033.58,0,1027.7,3061.28,0
Caribe,2032_Q4_labor_3h,2014.41,0,967.227,2981.64,0
Caribe,2032_Q4_labor_4h,2002.92,0,932.927,2935.85,0
Caribe,2032_Q4_labor_5h,1978.86,0,987.823,2966.68,0
Caribe,2032_Q4_labor_6h,2005.08,0,1041.08,3046.16,0
Caribe,2032_Q4_labor_7h,2086.89,0,1008.94,3095.83,0
Caribe,2032_Q4_labor_8h,2280.94,0,997.865,3278.8,0
Caribe,2032_Q4_labor_9h,2453.44,0,1008.5,3461.94,0
Caribe,2032_Q4_labor_10h,2573.55,0,1016.4,3589.95,0
Caribe,2032_Q4_labor_11h,2613.79,0,1104.76,3718.55,0
Caribe,2032_Q4_labor_12h,2604.27,0,1211.95,3816.22,0
Caribe,2032_Q4_labor_13h,2519.55,0,1290.95,3810.5,0
Caribe,2032_Q4_labor_14h,2414.99,0,1409.89,3824.89,0
Caribe,2032_Q4_labor_15h,2330.68,0,1520.9,3851.57,0
Caribe,2032_Q4_labor_16h,2275.89,0,1563.14,3839.03,0
Caribe,2032_Q4_labor_17h,2289.27,0,1502.46,3791.72,0
Caribe,2032_Q4_labor_18h,2345.15,0,1425.66,3770.81,0
Caribe,2032_Q4_labor_19h,2440.98,0,1535.46,3976.44,0
Caribe,2032_Q4_labor_20h,2448.93,0,1528.98,3977.91,0
Caribe,2032_Q4_labor_21h,2413.19,0,1485.73,3898.92,0
Caribe,2032_Q4_labor_22h,2338.95,0,1406.14,3745.09,0
Caribe,2032_Q4_labor_23h,2234.27,0,1301.51,3535.78,0
Caribe,2032_Q4_holidays_0h,2246.35,0,1153.68,3400.04,0
Caribe,2032_Q4_holidays_1h,2106.8,0,1043.62,3150.43,0
Caribe,2032_Q4_holidays_2h,2068.93,0,971.847,3040.77,0
Caribe,2032_Q4_holidays_3h,2058.17,0,916.777,2974.95,0
Caribe,2032_Q4_holidays_4h,2052.14,0,895.963,2948.1,0
Caribe,2032_Q4_holidays_5h,2029.15,0,989.329,3018.48,0
Caribe,2032_Q4_holidays_6h,2039.46,0,1113.17,3152.64,0
Caribe,2032_Q4_holidays_7h,2145.58,0,1083.64,3229.22,0
Caribe,2032_Q4_holidays_8h,2335.82,0,1087.84,3423.66,0
Caribe,2032_Q4_holidays_9h,2500.17,0,1123.94,3624.12,0
Caribe,2032_Q4_holidays_10h,2636.97,0,1102.92,3739.89,0
Caribe,2032_Q4_holidays_11h,2724.46,0,1153.68,3878.14,0
Caribe,2032_Q4_holidays_12h,2815.58,0,1153.68,3969.27,0
Caribe,2032_Q4_holidays_13h,2787.87,0,1164.48,3952.35,0
Caribe,2032_Q4_holidays_14h,2649.47,0,1353.32,4002.79,0
Caribe,2032_Q4_holidays_15h,2716.03,0,1349.86,4065.89,0
Caribe,2032_Q4_holidays_16h,2736.98,0,1330.84,4067.83,0
Caribe,2032_Q4_holidays_17h,2691.24,0,1321.97,4013.21,0
Caribe,2032_Q4_holidays_18h,2649.39,0,1295.11,3944.5,0
Caribe,2032_Q4_holidays_19h,2864.34,0,1269.28,4133.62,0
Caribe,2032_Q4_holidays_20h,2868.28,0,1268.19,4136.47,0
Caribe,2032_Q4_holidays_21h,2762.88,0,1285.65,4048.53,0
Caribe,2032_Q4_holidays_22h,2571.55,0,1308.52,3880.07,0
Caribe,2032_Q4_holidays_23h,2451.03,0,1176.47,3627.49,0
Caribe,2033_Q1_labor_0h,2811.99,0,358.174,3170.17,0
Caribe,2033_Q1_labor_1h,2794.07,0,235.109,3029.18,0
Caribe,2033_Q1_labor_2h,2777.79,0,148.507,2926.3,0
Caribe,2033_Q1_labor_3h,2775.43,0,74.2845,2849.71,0
Caribe,2033_Q1_labor_4h,2766.79,0,40.4277,2807.21,0
Caribe,2033_Q1_labor_5h,2764.96,0,71.0822,2836.04,0
Caribe,2033_Q1_labor_6h,2833.1,0,93.977,2927.08,0
Caribe,2033_Q1_labor_7h,3083.51,0,-114.349,2969.16,0
Caribe,2033_Q1_labor_8h,3414.57,0,-280.059,3134.51,0
Caribe,2033_Q1_labor_9h,3685.24,0,-359.394,3325.84,0
Caribe,2033_Q1_labor_10h,3891.47,0,-440.641,3450.83,0
Caribe,2033_Q1_labor_11h,3967.58,0,-396.073,3571.51,0
Caribe,2033_Q1_labor_12h,3960.35,0,-291.964,3668.39,0
Caribe,2033_Q1_labor_13h,3850.16,0,-189.724,3660.44,0
Caribe,2033_Q1_labor_14h,3656.66,0,7.56859,3664.22,0
Caribe,2033_Q1_labor_15h,3408.13,0,279.842,3687.97,0
Caribe,2033_Q1_labor_16h,3165.04,0,511.101,3676.15,0
Caribe,2033_Q1_labor_17h,3034.81,0,583.855,3618.66,0
Caribe,2033_Q1_labor_18h,3045.53,0,517.007,3562.54,0
Caribe,2033_Q1_labor_19h,3074.86,0,689.833,3764.7,0
Caribe,2033_Q1_labor_20h,3088.66,0,724.45,3813.11,0
Caribe,2033_Q1_labor_21h,3018.93,0,704.155,3723.08,0
Caribe,2033_Q1_labor_22h,2918.05,0,650.619,3568.67,0
Caribe,2033_Q1_labor_23h,2860.14,0,504.72,3364.86,0
Caribe,2033_Q1_holidays_0h,2860.76,0,320.757,3181.52,0
Caribe,2033_Q1_holidays_1h,2827.67,0,57.9549,2885.63,0
Caribe,2033_Q1_holidays_2h,2845.58,0,-59.1007,2786.48,0
Caribe,2033_Q1_holidays_3h,2836.94,0,-110.33,2726.61,0
Caribe,2033_Q1_holidays_4h,2852.77,0,-143.434,2709.34,0
Caribe,2033_Q1_holidays_5h,2843.55,0,-80.6207,2762.93,0
Caribe,2033_Q1_holidays_6h,2886.89,0,8.58389,2895.47,0
Caribe,2033_Q1_holidays_7h,3153.23,0,-178.831,2974.4,0
Caribe,2033_Q1_holidays_8h,3463.44,0,-300.322,3163.11,0
Caribe,2033_Q1_holidays_9h,3689.22,0,-324.676,3364.54,0
Caribe,2033_Q1_holidays_10h,3905.97,0,-405.435,3500.54,0
Caribe,2033_Q1_holidays_11h,3976.06,0,-348.391,3627.67,0
Caribe,2033_Q1_holidays_12h,3950.7,0,-222.077,3728.62,0
Caribe,2033_Q1_holidays_13h,3829.51,0,-109.985,3719.52,0
Caribe,2033_Q1_holidays_14h,3643.03,0,97.5206,3740.55,0
Caribe,2033_Q1_holidays_15h,3409.69,0,379.833,3789.52,0
Caribe,2033_Q1_holidays_16h,3197.01,0,585.16,3782.17,0
Caribe,2033_Q1_holidays_17h,3063.53,0,656.995,3720.52,0
Caribe,2033_Q1_holidays_18h,3058.8,0,580.414,3639.21,0
Caribe,2033_Q1_holidays_19h,3067.8,0,766.216,3834.02,0
Caribe,2033_Q1_holidays_20h,3048.45,0,842.667,3891.12,0
Caribe,2033_Q1_holidays_21h,2997.9,0,804.534,3802.43,0
Caribe,2033_Q1_holidays_22h,2925.66,0,712.915,3638.58,0
Caribe,2033_Q1_holidays_23h,2844.35,0,558.512,3402.86,0
Caribe,2033_Q2_labor_0h,2695.61,0,485.545,3181.15,0
Caribe,2033_Q2_labor_1h,2667.83,0,372.075,3039.9,0
Caribe,2033_Q2_labor_2h,2644.29,0,290.832,2935.12,0
Caribe,2033_Q2_labor_3h,2637.81,0,221.038,2858.85,0
Caribe,2033_Q2_labor_4h,2639.45,0,180.774,2820.23,0
Caribe,2033_Q2_labor_5h,2633.94,0,230.524,2864.46,0
Caribe,2033_Q2_labor_6h,2665.55,0,311.982,2977.53,0
Caribe,2033_Q2_labor_7h,2899.87,0,120.064,3019.94,0
Caribe,2033_Q2_labor_8h,3154.93,0,34.5601,3189.49,0
Caribe,2033_Q2_labor_9h,3418.37,0,-48.8484,3369.52,0
Caribe,2033_Q2_labor_10h,3610.02,0,-121.527,3488.49,0
Caribe,2033_Q2_labor_11h,3692.09,0,-79.3855,3612.7,0
Caribe,2033_Q2_labor_12h,3653.79,0,53.4315,3707.23,0
Caribe,2033_Q2_labor_13h,3532.27,0,153.451,3685.72,0
Caribe,2033_Q2_labor_14h,3352.9,0,347.988,3700.89,0
Caribe,2033_Q2_labor_15h,3168.36,0,562.278,3730.63,0
Caribe,2033_Q2_labor_16h,2971.25,0,751.46,3722.71,0
Caribe,2033_Q2_labor_17h,2865.96,0,801.402,3667.36,0
Caribe,2033_Q2_labor_18h,2870.94,0,715.391,3586.34,0
Caribe,2033_Q2_labor_19h,2873.18,0,904.782,3777.96,0
Caribe,2033_Q2_labor_20h,2861.85,0,997.344,3859.19,0
Caribe,2033_Q2_labor_21h,2833.81,0,941.223,3775.04,0
Caribe,2033_Q2_labor_22h,2785.26,0,823.704,3608.96,0
Caribe,2033_Q2_labor_23h,2735.88,0,649.894,3385.77,0
Caribe,2033_Q2_holidays_0h,2687.69,0,480.214,3167.91,0
Caribe,2033_Q2_holidays_1h,2657.82,0,207.607,2865.43,0
Caribe,2033_Q2_holidays_2h,2678.05,0,93.0358,2771.08,0
Caribe,2033_Q2_holidays_3h,2678.72,0,28.5692,2707.29,0
Caribe,2033_Q2_holidays_4h,2665.79,0,14.6213,2680.42,0
Caribe,2033_Q2_holidays_5h,2669.62,0,71.3563,2740.98,0
Caribe,2033_Q2_holidays_6h,2659.39,0,218.699,2878.08,0
Caribe,2033_Q2_holidays_7h,2891.41,0,41.2707,2932.68,0
Caribe,2033_Q2_holidays_8h,3164.88,0,-46.6021,3118.28,0
Caribe,2033_Q2_holidays_9h,3422.14,0,-109.064,3313.08,0
Caribe,2033_Q2_holidays_10h,3596.53,0,-150.084,3446.44,0
Caribe,2033_Q2_holidays_11h,3656.83,0,-75.6881,3581.14,0
Caribe,2033_Q2_holidays_12h,3628.26,0,56.9724,3685.23,0
Caribe,2033_Q2_holidays_13h,3513.15,0,163.425,3676.58,0
Caribe,2033_Q2_holidays_14h,3343.27,0,356.778,3700.05,0
Caribe,2033_Q2_holidays_15h,3174.2,0,567.986,3742.19,0
Caribe,2033_Q2_holidays_16h,2982.61,0,764.562,3747.17,0
Caribe,2033_Q2_holidays_17h,2822.33,0,861.818,3684.15,0
Caribe,2033_Q2_holidays_18h,2867.22,0,723.462,3590.68,0
Caribe,2033_Q2_holidays_19h,2873.99,0,909.435,3783.42,0
Caribe,2033_Q2_holidays_20h,2874.81,0,1005.25,3880.06,0
Caribe,2033_Q2_holidays_21h,2824.18,0,977.379,3801.56,0
Caribe,2033_Q2_holidays_22h,2752.31,0,876.096,3628.41,0
Caribe,2033_Q2_holidays_23h,2687.97,0,695.932,3383.9,0
Caribe,2033_Q3_labor_0h,2862.55,0,440.426,3302.98,0
Caribe,2033_Q3_labor_1h,2801.24,0,349.302,3150.54,0
Caribe,2033_Q3_labor_2h,2770.46,0,269.23,3039.69,0
Caribe,2033_Q3_labor_3h,2767.25,0,191.42,2958.67,0
Caribe,2033_Q3_labor_4h,2766.98,0,149.001,2915.98,0
Caribe,2033_Q3_labor_5h,2811.68,0,137.885,2949.57,0
Caribe,2033_Q3_labor_6h,2880.21,0,155.631,3035.84,0
Caribe,2033_Q3_labor_7h,3002.84,0,85.1399,3087.98,0
Caribe,2033_Q3_labor_8h,3205.78,0,67.6983,3273.47,0
Caribe,2033_Q3_labor_9h,3402.72,0,57.9656,3460.69,0
Caribe,2033_Q3_labor_10h,3549.37,0,34.9651,3584.34,0
Caribe,2033_Q3_labor_11h,3634.83,0,77.9122,3712.75,0
Caribe,2033_Q3_labor_12h,3605.76,0,204.139,3809.9,0
Caribe,2033_Q3_labor_13h,3478.52,0,317.894,3796.42,0
Caribe,2033_Q3_labor_14h,3310.96,0,502.798,3813.76,0
Caribe,2033_Q3_labor_15h,3121.93,0,724.406,3846.34,0
Caribe,2033_Q3_labor_16h,2959.57,0,873.868,3833.43,0
Caribe,2033_Q3_labor_17h,2903.93,0,875.148,3779.07,0
Caribe,2033_Q3_labor_18h,2970.64,0,714.016,3684.66,0
Caribe,2033_Q3_labor_19h,3024.94,0,818.666,3843.6,0
Caribe,2033_Q3_labor_20h,3047.84,0,913.266,3961.11,0
Caribe,2033_Q3_labor_21h,3031.74,0,857.971,3889.71,0
Caribe,2033_Q3_labor_22h,2976.49,0,756.284,3732.78,0
Caribe,2033_Q3_labor_23h,2913.99,0,600.436,3514.43,0
Caribe,2033_Q3_holidays_0h,2862.88,0,377.48,3240.36,0
Caribe,2033_Q3_holidays_1h,2848.4,0,118.01,2966.41,0
Caribe,2033_Q3_holidays_2h,2821.09,0,43.3582,2864.45,0
Caribe,2033_Q3_holidays_3h,2820.27,0,-26.6185,2793.66,0
Caribe,2033_Q3_holidays_4h,2735.11,0,25.3464,2760.46,0
Caribe,2033_Q3_holidays_5h,2708.22,0,93.4421,2801.67,0
Caribe,2033_Q3_holidays_6h,2816.2,0,73.0699,2889.27,0
Caribe,2033_Q3_holidays_7h,2981.7,0,-50.0834,2931.61,0
Caribe,2033_Q3_holidays_8h,3213.71,0,-91.8964,3121.82,0
Caribe,2033_Q3_holidays_9h,3477.1,0,-160.594,3316.51,0
Caribe,2033_Q3_holidays_10h,3635.03,0,-182.096,3452.94,0
Caribe,2033_Q3_holidays_11h,3720.69,0,-124.516,3596.18,0
Caribe,2033_Q3_holidays_12h,3738.56,0,-34.9908,3703.57,0
Caribe,2033_Q3_holidays_13h,3630.05,0,72.8071,3702.86,0
Caribe,2033_Q3_holidays_14h,3473.11,0,252.082,3725.19,0
Caribe,2033_Q3_holidays_15h,3276.56,0,474.531,3751.09,0
Caribe,2033_Q3_holidays_16h,3088.67,0,647.467,3736.14,0
Caribe,2033_Q3_holidays_17h,2949.76,0,734.344,3684.1,0
Caribe,2033_Q3_holidays_18h,3024.53,0,577.299,3601.83,0
Caribe,2033_Q3_holidays_19h,3064.79,0,710.08,3774.87,0
Caribe,2033_Q3_holidays_20h,3120.51,0,779.81,3900.32,0
Caribe,2033_Q3_holidays_21h,3099.42,0,740.592,3840.02,0
Caribe,2033_Q3_holidays_22h,3025.17,0,659.448,3684.62,0
Caribe,2033_Q3_holidays_23h,2955.98,0,498.33,3454.31,0
Caribe,2033_Q4_labor_0h,2445.17,0,998.02,3443.19,0
Caribe,2033_Q4_labor_1h,2404.36,0,888.184,3292.54,0
Caribe,2033_Q4_labor_2h,2370.9,0,808.731,3179.63,0
Caribe,2033_Q4_labor_3h,2348.26,0,749.49,3097.75,0
Caribe,2033_Q4_labor_4h,2334.68,0,715.603,3050.29,0
Caribe,2033_Q4_labor_5h,2306.27,0,778.707,3084.98,0
Caribe,2033_Q4_labor_6h,2329.02,0,842.261,3171.28,0
Caribe,2033_Q4_labor_7h,2397.93,0,824.579,3222.51,0
Caribe,2033_Q4_labor_8h,2591.52,0,817.273,3408.79,0
Caribe,2033_Q4_labor_9h,2762.97,0,834.473,3597.44,0
Caribe,2033_Q4_labor_10h,2879.98,0,846.279,3726.26,0
Caribe,2033_Q4_labor_11h,2913.89,0,943.796,3857.68,0
Caribe,2033_Q4_labor_12h,2851.05,0,1104.05,3955.1,0
Caribe,2033_Q4_labor_13h,2769.14,0,1178.23,3947.36,0
Caribe,2033_Q4_labor_14h,2753.64,0,1211.1,3964.74,0
Caribe,2033_Q4_labor_15h,2659.4,0,1337.74,3997.14,0
Caribe,2033_Q4_labor_16h,2602.74,0,1383.16,3985.9,0
Caribe,2033_Q4_labor_17h,2666.72,0,1267.25,3933.97,0
Caribe,2033_Q4_labor_18h,2712.26,0,1193.96,3906.22,0
Caribe,2033_Q4_labor_19h,2831.33,0,1285.98,4117.31,0
Caribe,2033_Q4_labor_20h,2842.59,0,1274.25,4116.84,0
Caribe,2033_Q4_labor_21h,2810.57,0,1222.9,4033.47,0
Caribe,2033_Q4_labor_22h,2684.66,0,1188.82,3873.48,0
Caribe,2033_Q4_labor_23h,2500,0,1153.96,3653.96,0
Caribe,2033_Q4_holidays_0h,2480.23,0,949.669,3429.9,0
Caribe,2033_Q4_holidays_1h,2456.65,0,623.766,3080.41,0
Caribe,2033_Q4_holidays_2h,2411.98,0,560.959,2972.94,0
Caribe,2033_Q4_holidays_3h,2399.36,0,504.867,2904.23,0
Caribe,2033_Q4_holidays_4h,2392.22,0,486.147,2878.37,0
Caribe,2033_Q4_holidays_5h,2365.14,0,568.133,2933.27,0
Caribe,2033_Q4_holidays_6h,2369.04,0,675.795,3044.84,0
Caribe,2033_Q4_holidays_7h,2466.32,0,656.978,3123.3,0
Caribe,2033_Q4_holidays_8h,2655.08,0,681.572,3336.65,0
Caribe,2033_Q4_holidays_9h,2816.81,0,726.213,3543.02,0
Caribe,2033_Q4_holidays_10h,2953.18,0,727.273,3680.46,0
Caribe,2033_Q4_holidays_11h,2973.52,0,855.488,3829,0
Caribe,2033_Q4_holidays_12h,2898.71,0,1043.26,3941.97,0
Caribe,2033_Q4_holidays_13h,2761.56,0,1174.05,3935.61,0
Caribe,2033_Q4_holidays_14h,2681.41,0,1290.82,3972.22,0
Caribe,2033_Q4_holidays_15h,2770.84,0,1236.91,4007.76,0
Caribe,2033_Q4_holidays_16h,2798.8,0,1200.85,3999.65,0
Caribe,2033_Q4_holidays_17h,2779.24,0,1183.4,3962.64,0
Caribe,2033_Q4_holidays_18h,2739.41,0,1189.7,3929.11,0
Caribe,2033_Q4_holidays_19h,2974.46,0,1153.68,4128.14,0
Caribe,2033_Q4_holidays_20h,2989.34,0,1153.68,4143.02,0
Caribe,2033_Q4_holidays_21h,2910.83,0,1153.68,4064.52,0
Caribe,2033_Q4_holidays_22h,2699.49,0,1200.78,3900.27,0
Caribe,2033_Q4_holidays_23h,2485.79,0,1177.91,3663.69,0
Caribe,2034_Q1_labor_0h,2916.21,0,379.441,3295.66,0
Caribe,2034_Q1_labor_1h,2897.58,0,213.371,3110.95,0
Caribe,2034_Q1_labor_2h,2880.65,0,124.08,3004.73,0
Caribe,2034_Q1_labor_3h,2878.15,0,51.2424,2929.39,0
Caribe,2034_Q1_labor_4h,2869.14,0,24.0355,2893.18,0
Caribe,2034_Q1_labor_5h,2867.22,0,70.6643,2937.88,0
Caribe,2034_Q1_labor_6h,2935.85,0,123.369,3059.22,0
Caribe,2034_Q1_labor_7h,3190.05,0,-59.6039,3130.44,0
Caribe,2034_Q1_labor_8h,3526.49,0,-207.464,3319.02,0
Caribe,2034_Q1_labor_9h,3801.32,0,-276.583,3524.73,0
Caribe,2034_Q1_labor_10h,4011.03,0,-358.243,3652.79,0
Caribe,2034_Q1_labor_11h,4088.06,0,-308.472,3779.59,0
Caribe,2034_Q1_labor_12h,4080.74,0,-200.322,3880.42,0
Caribe,2034_Q1_labor_13h,3968.96,0,-105.459,3863.5,0
Caribe,2034_Q1_labor_14h,3772.96,0,99.1469,3872.1,0
Caribe,2034_Q1_labor_15h,3521.22,0,389.405,3910.63,0
Caribe,2034_Q1_labor_16h,3275.6,0,626.343,3901.94,0
Caribe,2034_Q1_labor_17h,3160.02,0,676.289,3836.31,0
Caribe,2034_Q1_labor_18h,3158.3,0,603.147,3761.45,0
Caribe,2034_Q1_labor_19h,3190.54,0,766.728,3957.27,0
Caribe,2034_Q1_labor_20h,3174.81,0,826.467,4001.28,0
Caribe,2034_Q1_labor_21h,3118.74,0,781.89,3900.63,0
Caribe,2034_Q1_labor_22h,3044.76,0,686.209,3730.97,0
Caribe,2034_Q1_labor_23h,2966.23,0,539.625,3505.85,0
Caribe,2034_Q1_holidays_0h,2976.16,0,120.859,3097.02,0
Caribe,2034_Q1_holidays_1h,2941.72,0,84.3847,3026.11,0
Caribe,2034_Q1_holidays_2h,2960.17,0,-34.652,2925.52,0
Caribe,2034_Q1_holidays_3h,2951.05,0,-108.228,2842.83,0
Caribe,2034_Q1_holidays_4h,2967.31,0,-187.043,2780.27,0
Caribe,2034_Q1_holidays_5h,2957.65,0,-211.105,2746.54,0
Caribe,2034_Q1_holidays_6h,3000.23,0,-280.467,2719.76,0
Caribe,2034_Q1_holidays_7h,3258.42,0,-622.463,2635.96,0
Caribe,2034_Q1_holidays_8h,3573.5,0,-851.382,2722.12,0
Caribe,2034_Q1_holidays_9h,3801.5,0,-923.094,2878.41,0
Caribe,2034_Q1_holidays_10h,4021.92,0,-999.417,3022.5,0
Caribe,2034_Q1_holidays_11h,4092.75,0,-954.118,3138.63,0
Caribe,2034_Q1_holidays_12h,4066.42,0,-829.975,3236.45,0
Caribe,2034_Q1_holidays_13h,3943.76,0,-664.965,3278.79,0
Caribe,2034_Q1_holidays_14h,3762.02,0,-489.427,3272.59,0
Caribe,2034_Q1_holidays_15h,3531.32,0,-291.591,3239.73,0
Caribe,2034_Q1_holidays_16h,3317.77,0,-106.339,3211.43,0
Caribe,2034_Q1_holidays_17h,3181.83,0,4.18645,3186.02,0
Caribe,2034_Q1_holidays_18h,3181.33,0,21.9082,3203.23,0
Caribe,2034_Q1_holidays_19h,3153.65,0,323.741,3477.39,0
Caribe,2034_Q1_holidays_20h,3125.01,0,445.854,3570.86,0
Caribe,2034_Q1_holidays_21h,3077.64,0,448.796,3526.44,0
Caribe,2034_Q1_holidays_22h,3016.24,0,404.304,3420.55,0
Caribe,2034_Q1_holidays_23h,2959.3,0,308.473,3267.77,0
Caribe,2034_Q2_labor_0h,2795.35,0,508.945,3304.29,0
Caribe,2034_Q2_labor_1h,2766.49,0,343.966,3110.46,0
Caribe,2034_Q2_labor_2h,2742.05,0,264.33,3006.38,0
Caribe,2034_Q2_labor_3h,2735.29,0,196.941,2932.23,0
Caribe,2034_Q2_labor_4h,2736.95,0,161.743,2898.69,0
Caribe,2034_Q2_labor_5h,2731.17,0,228.57,2959.74,0
Caribe,2034_Q2_labor_6h,2761.77,0,344.443,3106.21,0
Caribe,2034_Q2_labor_7h,2999.66,0,169.054,3168.72,0
Caribe,2034_Q2_labor_8h,3258.53,0,97.3582,3355.89,0
Caribe,2034_Q2_labor_9h,3526.71,0,23.0582,3549.77,0
Caribe,2034_Q2_labor_10h,3721.85,0,-49.6297,3672.22,0
Caribe,2034_Q2_labor_11h,3805.39,0,-0.984818,3804.4,0
Caribe,2034_Q2_labor_12h,3765.96,0,138.168,3904.12,0
Caribe,2034_Q2_labor_13h,3642.22,0,231.586,3873.8,0
Caribe,2034_Q2_labor_14h,3460.3,0,433.452,3893.75,0
Caribe,2034_Q2_labor_15h,3274.02,0,664.701,3938.72,0
Caribe,2034_Q2_labor_16h,3074.81,0,862.143,3936.96,0
Caribe,2034_Q2_labor_17h,2970.17,0,903.607,3873.78,0
Caribe,2034_Q2_labor_18h,2976.94,0,796.516,3773.46,0
Caribe,2034_Q2_labor_19h,2979.48,0,980.364,3959.85,0
Caribe,2034_Q2_labor_20h,2968.35,0,1072.01,4040.37,0
Caribe,2034_Q2_labor_21h,2938.81,0,1008.95,3947.76,0
Caribe,2034_Q2_labor_22h,2888.34,0,877.958,3766.3,0
Caribe,2034_Q2_labor_23h,2837.12,0,684.953,3522.07,0
Caribe,2034_Q2_holidays_0h,2788.87,0,305.711,3094.59,0
Caribe,2034_Q2_holidays_1h,2758,0,318.817,3076.81,0
Caribe,2034_Q2_holidays_2h,2778.97,0,177.315,2956.29,0
Caribe,2034_Q2_holidays_3h,2779.61,0,84.1811,2863.79,0
Caribe,2034_Q2_holidays_4h,2766.13,0,32.0239,2798.15,0
Caribe,2034_Q2_holidays_5h,2769.97,0,-3.54011,2766.43,0
Caribe,2034_Q2_holidays_6h,2756.98,0,-31.7193,2725.26,0
Caribe,2034_Q2_holidays_7h,2992.29,0,-325.193,2667.1,0
Caribe,2034_Q2_holidays_8h,3267.86,0,-485.725,2782.14,0
Caribe,2034_Q2_holidays_9h,3519.71,0,-588.303,2931.41,0
Caribe,2034_Q2_holidays_10h,3697.03,0,-627.729,3069.3,0
Caribe,2034_Q2_holidays_11h,3757.92,0,-575.657,3182.26,0
Caribe,2034_Q2_holidays_12h,3739.95,0,-464.835,3275.11,0
Caribe,2034_Q2_holidays_13h,3623.99,0,-308.125,3315.86,0
Caribe,2034_Q2_holidays_14h,3451.97,0,-138.211,3313.76,0
Caribe,2034_Q2_holidays_15h,3281.57,0,-11.4964,3270.08,0
Caribe,2034_Q2_holidays_16h,3087.54,0,148.764,3236.3,0
Caribe,2034_Q2_holidays_17h,2924.68,0,284.221,3208.9,0
Caribe,2034_Q2_holidays_18h,2974.28,0,240.812,3215.09,0
Caribe,2034_Q2_holidays_19h,2978.68,0,501.704,3480.38,0
Caribe,2034_Q2_holidays_20h,2980.57,0,618.463,3599.03,0
Caribe,2034_Q2_holidays_21h,2929.55,0,624.662,3554.21,0
Caribe,2034_Q2_holidays_22h,2855.12,0,583.966,3439.09,0
Caribe,2034_Q2_holidays_23h,2789.17,0,485.231,3274.4,0
Caribe,2034_Q3_labor_0h,2963.53,0,461.692,3425.22,0
Caribe,2034_Q3_labor_1h,2895.28,0,332.476,3227.75,0
Caribe,2034_Q3_labor_2h,2861.82,0,253.468,3115.29,0
Caribe,2034_Q3_labor_3h,2855.55,0,179.547,3035.1,0
Caribe,2034_Q3_labor_4h,2853.48,0,143.533,2997.01,0
Caribe,2034_Q3_labor_5h,2900.99,0,143.948,3044.94,0
Caribe,2034_Q3_labor_6h,2974.78,0,181.459,3156.24,0
Caribe,2034_Q3_labor_7h,3096.69,0,131.319,3228.01,0
Caribe,2034_Q3_labor_8h,3303.42,0,128.711,3432.13,0
Caribe,2034_Q3_labor_9h,3504.07,0,129.686,3633.75,0
Caribe,2034_Q3_labor_10h,3651.6,0,111.84,3763.44,0
Caribe,2034_Q3_labor_11h,3742,0,160.906,3902.91,0
Caribe,2034_Q3_labor_12h,3716.69,0,290.189,4006.88,0
Caribe,2034_Q3_labor_13h,3587.78,0,396.711,3984.5,0
Caribe,2034_Q3_labor_14h,3419.12,0,586.497,4005.62,0
Caribe,2034_Q3_labor_15h,3228.19,0,822.131,4050.33,0
Caribe,2034_Q3_labor_16h,3066.23,0,974.271,4040.5,0
Caribe,2034_Q3_labor_17h,3011.31,0,968.906,3980.21,0
Caribe,2034_Q3_labor_18h,3079.13,0,789.304,3868.43,0
Caribe,2034_Q3_labor_19h,3134.02,0,888.076,4022.1,0
Caribe,2034_Q3_labor_20h,3158.03,0,980.507,4138.53,0
Caribe,2034_Q3_labor_21h,3140.34,0,920.259,4060.6,0
Caribe,2034_Q3_labor_22h,3082.78,0,805.603,3888.38,0
Caribe,2034_Q3_labor_23h,3017.65,0,632.87,3650.52,0
Caribe,2034_Q3_holidays_0h,3000.86,0,196.022,3196.89,0
Caribe,2034_Q3_holidays_1h,3013.63,0,146.955,3160.59,0
Caribe,2034_Q3_holidays_2h,2989.35,0,55.815,3045.16,0
Caribe,2034_Q3_holidays_3h,2991.23,0,-38.8578,2952.37,0
Caribe,2034_Q3_holidays_4h,2898.94,0,-16.4883,2882.45,0
Caribe,2034_Q3_holidays_5h,2862.88,0,-18.9827,2843.9,0
Caribe,2034_Q3_holidays_6h,2961.4,0,-163.672,2797.73,0
Caribe,2034_Q3_holidays_7h,3087.13,0,-355.53,2731.6,0
Caribe,2034_Q3_holidays_8h,3269.32,0,-421.227,2848.09,0
Caribe,2034_Q3_holidays_9h,3486.18,0,-490.969,2995.21,0
Caribe,2034_Q3_holidays_10h,3638.49,0,-516.918,3121.57,0
Caribe,2034_Q3_holidays_11h,3720.81,0,-495.496,3225.31,0
Caribe,2034_Q3_holidays_12h,3761.41,0,-449.214,3312.2,0
Caribe,2034_Q3_holidays_13h,3724.92,0,-361.814,3363.11,0
Caribe,2034_Q3_holidays_14h,3592.81,0,-226.473,3366.34,0
Caribe,2034_Q3_holidays_15h,3386.66,0,-61.4538,3325.21,0
Caribe,2034_Q3_holidays_16h,3186.89,0,101.859,3288.74,0
Caribe,2034_Q3_holidays_17h,3042.49,0,218.792,3261.28,0
Caribe,2034_Q3_holidays_18h,3135.72,0,129.136,3264.86,0
Caribe,2034_Q3_holidays_19h,3169.75,0,334.371,3504.12,0
Caribe,2034_Q3_holidays_20h,3223.82,0,437.433,3661.26,0
Caribe,2034_Q3_holidays_21h,3205.67,0,420.152,3625.83,0
Caribe,2034_Q3_holidays_22h,3138.44,0,391.632,3530.08,0
Caribe,2034_Q3_holidays_23h,3084.03,0,287.578,3371.61,0
Caribe,2034_Q4_labor_0h,2535.26,0,1045.38,3580.64,0
Caribe,2034_Q4_labor_1h,2492.89,0,884.175,3377.06,0
Caribe,2034_Q4_labor_2h,2458.12,0,803.519,3261.63,0
Caribe,2034_Q4_labor_3h,2434.58,0,747.129,3181.71,0
Caribe,2034_Q4_labor_4h,2420.47,0,722.096,3142.56,0
Caribe,2034_Q4_labor_5h,2390.93,0,802.835,3193.77,0
Caribe,2034_Q4_labor_6h,2413.48,0,895.759,3309.23,0
Caribe,2034_Q4_labor_7h,2481.22,0,904.344,3385.57,0
Caribe,2034_Q4_labor_8h,2677.29,0,917.64,3594.93,0
Caribe,2034_Q4_labor_9h,2850.87,0,948.255,3799.13,0
Caribe,2034_Q4_labor_10h,2968.97,0,963.154,3932.12,0
Caribe,2034_Q4_labor_11h,3002.29,0,1069.75,4072.04,0
Caribe,2034_Q4_labor_12h,2937.13,0,1237.52,4174.64,0
Caribe,2034_Q4_labor_13h,2859.48,0,1297.87,4157.34,0
Caribe,2034_Q4_labor_14h,2831.67,0,1349.89,4181.56,0
Caribe,2034_Q4_labor_15h,2733.32,0,1494.32,4227.63,0
Caribe,2034_Q4_labor_16h,2682.44,0,1536.3,4218.74,0
Caribe,2034_Q4_labor_17h,2747.95,0,1414.97,4162.92,0
Caribe,2034_Q4_labor_18h,2831.03,0,1286.86,4117.89,0
Caribe,2034_Q4_labor_19h,2918.53,0,1402.32,4320.85,0
Caribe,2034_Q4_labor_20h,2929.47,0,1384.3,4313.77,0
Caribe,2034_Q4_labor_21h,2898.05,0,1324.12,4222.18,0
Caribe,2034_Q4_labor_22h,2791.88,0,1254.7,4046.58,0
Caribe,2034_Q4_labor_23h,2591.87,0,1214.96,3806.83,0
Caribe,2034_Q4_holidays_0h,2610.41,0,717.436,3327.85,0
Caribe,2034_Q4_holidays_1h,2580.73,0,677.632,3258.37,0
Caribe,2034_Q4_holidays_2h,2529.26,0,613.147,3142.41,0
Caribe,2034_Q4_holidays_3h,2513.3,0,531.887,3045.19,0
Caribe,2034_Q4_holidays_4h,2504.56,0,455.559,2960.11,0
Caribe,2034_Q4_holidays_5h,2476.28,0,447.549,2923.83,0
Caribe,2034_Q4_holidays_6h,2478.7,0,400.579,2879.27,0
Caribe,2034_Q4_holidays_7h,2574.73,0,243.962,2818.69,0
Caribe,2034_Q4_holidays_8h,2765.38,0,168.124,2933.5,0
Caribe,2034_Q4_holidays_9h,2928.86,0,157.845,3086.7,0
Caribe,2034_Q4_holidays_10h,3067.09,0,159.308,3226.4,0
Caribe,2034_Q4_holidays_11h,3086.92,0,265.169,3352.09,0
Caribe,2034_Q4_holidays_12h,3010.85,0,444.032,3454.88,0
Caribe,2034_Q4_holidays_13h,2875.49,0,628.821,3504.31,0
Caribe,2034_Q4_holidays_14h,2712.03,0,792.136,3504.16,0
Caribe,2034_Q4_holidays_15h,2599.93,0,864.565,3464.5,0
Caribe,2034_Q4_holidays_16h,2571.06,0,869.036,3440.09,0
Caribe,2034_Q4_holidays_17h,2580.08,0,835.875,3415.95,0
Caribe,2034_Q4_holidays_18h,2674.47,0,805.595,3480.07,0
Caribe,2034_Q4_holidays_19h,2912.89,0,859.005,3771.9,0
Caribe,2034_Q4_holidays_20h,2953.95,0,872.827,3826.77,0
Caribe,2034_Q4_holidays_21h,2908.84,0,871.375,3780.22,0
Caribe,2034_Q4_holidays_22h,2835.7,0,840.196,3675.9,0
Caribe,2034_Q4_holidays_23h,2705.39,0,808.681,3514.07,0
Caribe,2035_Q1_labor_0h,3307.12,0,75.1314,3382.25,0
Caribe,2035_Q1_labor_1h,3285.66,0,-105.942,3179.72,0
Caribe,2035_Q1_labor_2h,3266.19,0,-194.715,3071.48,0
Caribe,2035_Q1_labor_3h,3263.1,0,-267.858,2995.24,0
Caribe,2035_Q1_labor_4h,3252.69,0,-298.304,2954.38,0
Caribe,2035_Q1_labor_5h,3250.49,0,-257.578,2992.91,0
Caribe,2035_Q1_labor_6h,3316.23,0,-211.318,3104.91,0
Caribe,2035_Q1_labor_7h,3571.76,0,-412.09,3159.67,0
Caribe,2035_Q1_labor_8h,3901.19,0,-562.064,3339.13,0
Caribe,2035_Q1_labor_9h,4178.21,0,-637.365,3540.85,0
Caribe,2035_Q1_labor_10h,4390.88,0,-718.562,3672.32,0
Caribe,2035_Q1_labor_11h,4466.74,0,-664.185,3802.55,0
Caribe,2035_Q1_labor_12h,4459.5,0,-549.936,3909.57,0
Caribe,2035_Q1_labor_13h,4359.65,0,-457.766,3901.89,0
Caribe,2035_Q1_labor_14h,4166.2,0,-248.88,3917.32,0
Caribe,2035_Q1_labor_15h,3916.31,0,43.9867,3960.3,0
Caribe,2035_Q1_labor_16h,3675.87,0,275.837,3951.71,0
Caribe,2035_Q1_labor_17h,3559.89,0,329.13,3889.02,0
Caribe,2035_Q1_labor_18h,3580.83,0,234.286,3815.11,0
Caribe,2035_Q1_labor_19h,3570.26,0,451.301,4021.56,0
Caribe,2035_Q1_labor_20h,3541.1,0,536.298,4077.39,0
Caribe,2035_Q1_labor_21h,3487.57,0,498.25,3985.82,0
Caribe,2035_Q1_labor_22h,3432.67,0,390.618,3823.28,0
Caribe,2035_Q1_labor_23h,3364.19,0,234.254,3598.44,0
Caribe,2035_Q1_holidays_0h,3364.15,0,-101.55,3262.6,0
Caribe,2035_Q1_holidays_1h,3325.04,0,-62.6481,3262.39,0
Caribe,2035_Q1_holidays_2h,3345.97,0,-194.154,3151.82,0
Caribe,2035_Q1_holidays_3h,3335.51,0,-276.902,3058.61,0
Caribe,2035_Q1_holidays_4h,3353.93,0,-338.675,3015.26,0
Caribe,2035_Q1_holidays_5h,3343.05,0,-318.004,3025.04,0
Caribe,2035_Q1_holidays_6h,3379.24,0,-304.906,3074.34,0
Caribe,2035_Q1_holidays_7h,3641.86,0,-543.669,3098.19,0
Caribe,2035_Q1_holidays_8h,3958.71,0,-684.252,3274.46,0
Caribe,2035_Q1_holidays_9h,4182.66,0,-687.04,3495.62,0
Caribe,2035_Q1_holidays_10h,4408.16,0,-761.579,3646.58,0
Caribe,2035_Q1_holidays_11h,4477.34,0,-708.916,3768.43,0
Caribe,2035_Q1_holidays_12h,4448.51,0,-598.103,3850.41,0
Caribe,2035_Q1_holidays_13h,4331.02,0,-494.724,3836.3,0
Caribe,2035_Q1_holidays_14h,4149.37,0,-358.364,3791,0
Caribe,2035_Q1_holidays_15h,3917.07,0,-179.452,3737.62,0
Caribe,2035_Q1_holidays_16h,3712.44,0,-6.07128,3706.37,0
Caribe,2035_Q1_holidays_17h,3589.52,0,61.544,3651.06,0
Caribe,2035_Q1_holidays_18h,3595.95,0,53.9206,3649.87,0
Caribe,2035_Q1_holidays_19h,3564.92,0,339.133,3904.05,0
Caribe,2035_Q1_holidays_20h,3532.76,0,405.385,3938.15,0
Caribe,2035_Q1_holidays_21h,3479.23,0,341.504,3820.73,0
Caribe,2035_Q1_holidays_22h,3409.7,0,229.656,3639.36,0
Caribe,2035_Q1_holidays_23h,3345.06,0,95.279,3440.34,0
Caribe,2035_Q2_labor_0h,3161.08,0,218.295,3379.37,0
Caribe,2035_Q2_labor_1h,3128.45,0,57.9134,3186.36,0
Caribe,2035_Q2_labor_2h,3100.7,0,-22.6516,3078.05,0
Caribe,2035_Q2_labor_3h,3092.94,0,-93.3751,2999.57,0
Caribe,2035_Q2_labor_4h,3094.71,0,-133.446,2961.26,0
Caribe,2035_Q2_labor_5h,3087.75,0,-71.1637,3016.59,0
Caribe,2035_Q2_labor_6h,3109.81,0,45.8379,3155.65,0
Caribe,2035_Q2_labor_7h,3350.08,0,-151.437,3198.65,0
Caribe,2035_Q2_labor_8h,3610.62,0,-236.304,3374.32,0
Caribe,2035_Q2_labor_9h,3884.96,0,-322.257,3562.71,0
Caribe,2035_Q2_labor_10h,4084.62,0,-396.567,3688.05,0
Caribe,2035_Q2_labor_11h,4170.06,0,-347.443,3822.61,0
Caribe,2035_Q2_labor_12h,4127.17,0,-199.89,3927.28,0
Caribe,2035_Q2_labor_13h,4000.45,0,-94.7049,3905.75,0
Caribe,2035_Q2_labor_14h,3818.13,0,115.681,3933.81,0
Caribe,2035_Q2_labor_15h,3636.45,0,344.283,3980.73,0
Caribe,2035_Q2_labor_16h,3440.69,0,536.478,3977.17,0
Caribe,2035_Q2_labor_17h,3348.09,0,567.628,3915.72,0
Caribe,2035_Q2_labor_18h,3365.19,0,452.994,3818.18,0
Caribe,2035_Q2_labor_19h,3368.25,0,648.007,4016.26,0
Caribe,2035_Q2_labor_20h,3354.73,0,754.356,4109.09,0
Caribe,2035_Q2_labor_21h,3322.55,0,700.701,4023.25,0
Caribe,2035_Q2_labor_22h,3265.97,0,581.565,3847.54,0
Caribe,2035_Q2_labor_23h,3208.25,0,395.141,3603.39,0
Caribe,2035_Q2_holidays_0h,3151.81,0,181.766,3333.57,0
Caribe,2035_Q2_holidays_1h,3116.69,0,158.247,3274.93,0
Caribe,2035_Q2_holidays_2h,3140.72,0,16.7822,3157.51,0
Caribe,2035_Q2_holidays_3h,3141.41,0,-66.3448,3075.07,0
Caribe,2035_Q2_holidays_4h,3126.01,0,-95.687,3030.32,0
Caribe,2035_Q2_holidays_5h,3130.02,0,-86.4703,3043.55,0
Caribe,2035_Q2_holidays_6h,3102.69,0,-29.8033,3072.89,0
Caribe,2035_Q2_holidays_7h,3340.58,0,-197.664,3142.92,0
Caribe,2035_Q2_holidays_8h,3623.49,0,-258.094,3365.39,0
Caribe,2035_Q2_holidays_9h,3891.05,0,-303.165,3587.89,0
Caribe,2035_Q2_holidays_10h,4071.07,0,-336.389,3734.68,0
Caribe,2035_Q2_holidays_11h,4130.95,0,-270.333,3860.62,0
Caribe,2035_Q2_holidays_12h,4099.43,0,-155.064,3944.37,0
Caribe,2035_Q2_holidays_13h,3979.98,0,-52.5279,3927.45,0
Caribe,2035_Q2_holidays_14h,3808.47,0,71.0832,3879.56,0
Caribe,2035_Q2_holidays_15h,3644.35,0,186.544,3830.9,0
Caribe,2035_Q2_holidays_16h,3454.12,0,352.647,3806.76,0
Caribe,2035_Q2_holidays_17h,3294.87,0,461.61,3756.48,0
Caribe,2035_Q2_holidays_18h,3360.6,0,367.078,3727.68,0
Caribe,2035_Q2_holidays_19h,3366.29,0,597.581,3963.87,0
Caribe,2035_Q2_holidays_20h,3381.44,0,644.559,4026,0
Caribe,2035_Q2_holidays_21h,3307.76,0,614.034,3921.79,0
Caribe,2035_Q2_holidays_22h,3225.61,0,509.588,3735.2,0
Caribe,2035_Q2_holidays_23h,3151.68,0,368.861,3520.54,0
Caribe,2035_Q3_labor_0h,3335.49,0,170.627,3506.12,0
Caribe,2035_Q3_labor_1h,3259.81,0,39.9119,3299.72,0
Caribe,2035_Q3_labor_2h,3223.24,0,-38.8131,3184.43,0
Caribe,2035_Q3_labor_3h,3217.57,0,-116.52,3101.05,0
Caribe,2035_Q3_labor_4h,3215.54,0,-156.83,3058.71,0
Caribe,2035_Q3_labor_5h,3267.26,0,-166.747,3100.51,0
Caribe,2035_Q3_labor_6h,3337.55,0,-133.877,3203.67,0
Caribe,2035_Q3_labor_7h,3449.23,0,-194.155,3255.07,0
Caribe,2035_Q3_labor_8h,3653.87,0,-205.376,3448.49,0
Caribe,2035_Q3_labor_9h,3854.56,0,-210.045,3644.51,0
Caribe,2035_Q3_labor_10h,4002.03,0,-226.391,3775.64,0
Caribe,2035_Q3_labor_11h,4094.09,0,-178.004,3916.09,0
Caribe,2035_Q3_labor_12h,4066.61,0,-42.5695,4024.05,0
Caribe,2035_Q3_labor_13h,3932.87,0,81.2882,4014.16,0
Caribe,2035_Q3_labor_14h,3760.6,0,284.451,4045.05,0
Caribe,2035_Q3_labor_15h,3565.07,0,525.367,4090.43,0
Caribe,2035_Q3_labor_16h,3399.15,0,680.358,4079.51,0
Caribe,2035_Q3_labor_17h,3359.59,0,661.142,4020.74,0
Caribe,2035_Q3_labor_18h,3454.4,0,459.307,3913.7,0
Caribe,2035_Q3_labor_19h,3514.89,0,565.341,4080.23,0
Caribe,2035_Q3_labor_20h,3539.31,0,672.978,4212.29,0
Caribe,2035_Q3_labor_21h,3523.49,0,619.688,4143.18,0
Caribe,2035_Q3_labor_22h,3462.48,0,513.619,3976.1,0
Caribe,2035_Q3_labor_23h,3393.29,0,343.306,3736.6,0
Caribe,2035_Q3_holidays_0h,3325.57,0,100.059,3425.63,0
Caribe,2035_Q3_holidays_1h,3339.67,0,66.8531,3406.52,0
Caribe,2035_Q3_holidays_2h,3307.58,0,-23.2713,3284.31,0
Caribe,2035_Q3_holidays_3h,3304.98,0,-111.478,3193.51,0
Caribe,2035_Q3_holidays_4h,3204.04,0,-63.6596,3140.38,0
Caribe,2035_Q3_holidays_5h,3167.68,0,-21.0681,3146.61,0
Caribe,2035_Q3_holidays_6h,3272.48,0,-103.654,3168.83,0
Caribe,2035_Q3_holidays_7h,3437.98,0,-200.414,3237.56,0
Caribe,2035_Q3_holidays_8h,3679.57,0,-219.733,3459.84,0
Caribe,2035_Q3_holidays_9h,3956.61,0,-274.469,3682.14,0
Caribe,2035_Q3_holidays_10h,4117.49,0,-290.295,3827.19,0
Caribe,2035_Q3_holidays_11h,4204.63,0,-251.121,3953.51,0
Caribe,2035_Q3_holidays_12h,4225.24,0,-187.478,4037.76,0
Caribe,2035_Q3_holidays_13h,4110.71,0,-100.573,4010.14,0
Caribe,2035_Q3_holidays_14h,3941.5,0,16.431,3957.93,0
Caribe,2035_Q3_holidays_15h,3730.43,0,189.199,3919.63,0
Caribe,2035_Q3_holidays_16h,3532.36,0,354.63,3886.99,0
Caribe,2035_Q3_holidays_17h,3391.71,0,446.78,3838.49,0
Caribe,2035_Q3_holidays_18h,3500.35,0,292.583,3792.93,0
Caribe,2035_Q3_holidays_19h,3541.88,0,447.354,3989.23,0
Caribe,2035_Q3_holidays_20h,3601.64,0,475.734,4077.37,0
Caribe,2035_Q3_holidays_21h,3575.07,0,398.03,3973.1,0
Caribe,2035_Q3_holidays_22h,3493.1,0,318.701,3811.8,0
Caribe,2035_Q3_holidays_23h,3424.79,0,190.403,3615.19,0
Caribe,2035_Q4_labor_0h,2876.37,0,793.74,3670.11,0
Caribe,2035_Q4_labor_1h,2827.68,0,616.617,3444.3,0
Caribe,2035_Q4_labor_2h,2787.96,0,538.913,3326.87,0
Caribe,2035_Q4_labor_3h,2761.04,0,482.141,3243.18,0
Caribe,2035_Q4_labor_4h,2744.91,0,452.443,3197.35,0
Caribe,2035_Q4_labor_5h,2711.36,0,532.742,3244.1,0
Caribe,2035_Q4_labor_6h,2730.7,0,621.745,3352.44,0
Caribe,2035_Q4_labor_7h,2785.97,0,624.763,3410.73,0
Caribe,2035_Q4_labor_8h,2981.35,0,628.982,3610.33,0
Caribe,2035_Q4_labor_9h,3153.77,0,655.643,3809.41,0
Caribe,2035_Q4_labor_10h,3268.77,0,675.24,3944.01,0
Caribe,2035_Q4_labor_11h,3296.39,0,791.227,4087.61,0
Caribe,2035_Q4_labor_12h,3224.25,0,974.56,4198.81,0
Caribe,2035_Q4_labor_13h,3094.74,0,1098.11,4192.86,0
Caribe,2035_Q4_labor_14h,3102.69,0,1122.57,4225.26,0
Caribe,2035_Q4_labor_15h,3046.56,0,1226.59,4273.15,0
Caribe,2035_Q4_labor_16h,3006.6,0,1259.91,4266.52,0
Caribe,2035_Q4_labor_17h,3085.57,0,1126.57,4212.14,0
Caribe,2035_Q4_labor_18h,3078.03,0,1094.26,4172.29,0
Caribe,2035_Q4_labor_19h,3270.27,0,1119.64,4389.91,0
Caribe,2035_Q4_labor_20h,3280.35,0,1117.48,4397.83,0
Caribe,2035_Q4_labor_21h,3210.65,0,1106.42,4317.07,0
Caribe,2035_Q4_labor_22h,3062.05,0,1083.71,4145.75,0
Caribe,2035_Q4_labor_23h,2942.38,0,961.04,3903.42,0
Caribe,2035_Q4_holidays_0h,2932.76,0,602.615,3535.37,0
Caribe,2035_Q4_holidays_1h,2905.52,0,655.035,3560.56,0
Caribe,2035_Q4_holidays_2h,2851.71,0,580.664,3432.38,0
Caribe,2035_Q4_holidays_3h,2836.15,0,504.246,3340.4,0
Caribe,2035_Q4_holidays_4h,2827.32,0,458.524,3285.84,0
Caribe,2035_Q4_holidays_5h,2795.47,0,488.94,3284.41,0
Caribe,2035_Q4_holidays_6h,2792.37,0,509.688,3302.06,0
Caribe,2035_Q4_holidays_7h,2880.7,0,480.949,3361.65,0
Caribe,2035_Q4_holidays_8h,3070.33,0,505.821,3576.16,0
Caribe,2035_Q4_holidays_9h,3231.72,0,569.759,3801.48,0
Caribe,2035_Q4_holidays_10h,3369.61,0,590.011,3959.62,0
Caribe,2035_Q4_holidays_11h,3382.31,0,709.886,4092.2,0
Caribe,2035_Q4_holidays_12h,3298.91,0,866.037,4164.94,0
Caribe,2035_Q4_holidays_13h,3161.84,0,982.843,4144.68,0
Caribe,2035_Q4_holidays_14h,3045.86,0,1053.88,4099.74,0
Caribe,2035_Q4_holidays_15h,2998.58,0,1057.71,4056.29,0
Caribe,2035_Q4_holidays_16h,2970.26,0,1045.73,4016,0
Caribe,2035_Q4_holidays_17h,2965.36,0,1007.05,3972.41,0
Caribe,2035_Q4_holidays_18h,3022.86,0,976.447,3999.31,0
Caribe,2035_Q4_holidays_19h,3271.93,0,976.505,4248.44,0
Caribe,2035_Q4_holidays_20h,3285.56,0,928.112,4213.67,0
Caribe,2035_Q4_holidays_21h,3137,0,947.259,4084.25,0
Caribe,2035_Q4_holidays_22h,2993.93,0,925.589,3919.52,0
Caribe,2035_Q4_holidays_23h,2942.58,0,782.629,3725.21,0
