generation_project,gen_dbid,gen_tech,gen_load_zone,gen_energy_source,period,Energy_GWh_typical_yr,VariableCost_per_yr,DispatchEmissions_tCO2_per_typical_yr,GenCapacity_MW,GenCapitalCosts,GenFixedOMCosts,LCOE_dollar_per_MWh,capacity_factor,Store_GWh_typical_yr,Discharge_GWh_typical_yr
AMOYA,AMOYA,RunOfRiver,Surocciden,Water,2023,425.24240624952495,591086.9446868397,0.0,80.0,8978400.293696908,3502400.0,30.739848722221247,0.6067956710181577,,
AMOYA,AMOYA,RunOfRiver,Surocciden,Water,2024,425.2424062497916,591086.9446872103,0.0,80.0,8978400.293696908,3502400.0,30.73984872220284,0.6067956710185382,,
AMOYA,AMOYA,RunOfRiver,Surocciden,Water,2025,425.2424062495227,591086.9446868366,0.0,80.0,8978400.293696908,3502400.0,30.7398487222214,0.6067956710181545,,
AMOYA,AMOYA,RunOfRiver,Surocciden,Water,2026,425.24240622880166,591086.9446580341,0.0,80.0,8978400.293696908,3502400.0,30.739848723651548,0.6067956709885867,,
AMOYA,AMOYA,RunOfRiver,Surocciden,Water,2027,425.2424062382598,591086.944671181,0.0,80.0,8978400.293696908,3502400.0,30.73984872299876,0.6067956710020829,,
AMOYA,AMOYA,RunOfRiver,Surocciden,Water,2028,425.2424054445517,591086.9435679268,0.0,80.0,8978400.293696908,3502400.0,30.739848777779773,0.6067956698695086,,
AMOYA,AMOYA,RunOfRiver,Surocciden,Water,2029,425.2424062355376,591086.9446673973,0.0,80.0,8978400.293696908,3502400.0,30.73984872318664,0.6067956709981985,,
AMOYA,AMOYA,RunOfRiver,Surocciden,Water,2030,425.2424062367601,591086.9446690965,0.0,80.0,8978400.293696908,3502400.0,30.73984872310226,0.6067956709999429,,
AMOYA,AMOYA,RunOfRiver,Surocciden,Water,2031,425.2424062364322,591086.9446686406,0.0,80.0,8978400.293696908,3502400.0,30.739848723124897,0.6067956709994751,,
AMOYA,AMOYA,RunOfRiver,Surocciden,Water,2032,425.2424062346844,591086.9446662113,0.0,80.0,8978400.293696908,3502400.0,30.739848723245526,0.6067956709969811,,
AMOYA,AMOYA,RunOfRiver,Surocciden,Water,2033,425.2424060145586,591086.9443602363,0.0,80.0,8978400.293696908,3502400.0,30.739848738438415,0.6067956706828745,,
AMOYA,AMOYA,RunOfRiver,Surocciden,Water,2034,425.2424052881023,591086.943350462,0.0,80.0,8978400.293696908,3502400.0,30.739848788577778,0.6067956696462645,,
AMOYA,AMOYA,RunOfRiver,Surocciden,Water,2035,425.242406232344,591086.9446629582,0.0,80.0,8978400.293696908,3502400.0,30.739848723407057,0.6067956709936415,,
BARRANQUILL3,BARRANQUILL3,Thermal,Caribe,GASIMPOR,2023,8.537578091661917e-08,0.0006044605288896636,5.292908249511599e-05,60.0,6771600.221509176,8593200.0,179966731280.84665,1.624348951990471e-10,,
BARRANQUILL3,BARRANQUILL3,Thermal,Caribe,GASIMPOR,2024,1.0630074994738575e-07,0.0007526093096274911,6.590160702310655e-05,60.0,6771600.221509176,8593200.0,144540845006.89502,2.0224648011298655e-10,,
BARRANQUILL3,BARRANQUILL3,Thermal,Caribe,GASIMPOR,2025,1.1325108073856956e-07,0.0008018176516290724,7.021049448352338e-05,60.0,6771600.221509176,8593200.0,135670230448.21376,2.154700927293941e-10,,
BARRANQUILL3,BARRANQUILL3,Thermal,Caribe,GASIMPOR,2026,1.0696250890205723e-07,0.0007572945630265652,6.631186733261866e-05,60.0,6771600.221509176,8593200.0,143646595241.47488,2.0350553444074812e-10,,
BARRANQUILL3,BARRANQUILL3,Thermal,Caribe,GASIMPOR,2027,1.0750900681778914e-07,0.000761163768269947,6.665067106541769e-05,60.0,6771600.221509176,8593200.0,142916400002.75757,2.045452945543933e-10,,
BARRANQUILL3,BARRANQUILL3,Thermal,Caribe,GASIMPOR,2028,9.799888221421373e-08,0.0006938320860766331,6.075482842389532e-05,60.0,6771600.221509176,8593200.0,156785464028.22647,1.8645145017924984e-10,,
BARRANQUILL3,BARRANQUILL3,Thermal,Caribe,GASIMPOR,2029,1.0538239004870336e-07,0.0007461073215448198,6.533226585497085e-05,60.0,6771600.221509176,8593200.0,145800453141.69012,2.0049922003177955e-10,,
BARRANQUILL3,BARRANQUILL3,Thermal,Caribe,GASIMPOR,2030,1.1666598011768377e-07,0.0008259951392332011,7.232757603767255e-05,60.0,6771600.221509176,8593200.0,131699062630.2229,2.21967237666826e-10,,
BARRANQUILL3,BARRANQUILL3,Thermal,Caribe,GASIMPOR,2031,1.1638292729937925e-07,0.0008239911252796051,7.215209622583754e-05,60.0,6771600.221509176,8593200.0,132019365544.99364,2.214287049074947e-10,,
BARRANQUILL3,BARRANQUILL3,Thermal,Caribe,GASIMPOR,2032,1.1894572948377051e-07,0.0008421357647450953,7.374091646010031e-05,60.0,6771600.221509176,8593200.0,129174879073.29834,2.263046603572498e-10,,
BARRANQUILL3,BARRANQUILL3,Thermal,Caribe,GASIMPOR,2033,1.1627755061774977e-07,0.0008232450583736683,7.208676749894161e-05,60.0,6771600.221509176,8593200.0,132139008266.88884,2.2122821654823013e-10,,
BARRANQUILL3,BARRANQUILL3,Thermal,Caribe,GASIMPOR,2034,1.0808115750399633e-07,0.000765214595128294,6.700537834357979e-05,60.0,6771600.221509176,8593200.0,142159841521.92554,2.056338613089732e-10,,
BARRANQUILL3,BARRANQUILL3,Thermal,Caribe,GASIMPOR,2035,1.2075966318458084e-07,0.0008549784153468324,7.486547245783259e-05,60.0,6771600.221509176,8593200.0,127234540219.60213,2.2975582797675192e-10,,
BARRANQUILL4,BARRANQUILL4,Thermal,Caribe,GASIMPOR,2023,7.314086460744861e-08,0.0005178373214207361,5.035795338376185e-05,60.0,6782400.22186246,8593200.0,210219011012.54495,1.3915689613289306e-10,,
BARRANQUILL4,BARRANQUILL4,Thermal,Caribe,GASIMPOR,2024,8.97952766867537e-08,0.0006357505589422161,6.182462268860072e-05,60.0,6782400.22186246,8593200.0,171229498809.11014,1.708433726916927e-10,,
BARRANQUILL4,BARRANQUILL4,Thermal,Caribe,GASIMPOR,2025,9.532890486562871e-08,0.0006749286464486513,6.563456110497652e-05,60.0,6782400.22186246,8593200.0,161290012134.41125,1.8137158459975017e-10,,
BARRANQUILL4,BARRANQUILL4,Thermal,Caribe,GASIMPOR,2026,9.12906292087714e-08,0.0006463376547981016,6.285418247026605e-05,60.0,6782400.22186246,8593200.0,168424737081.68372,1.736884117366274e-10,,
BARRANQUILL4,BARRANQUILL4,Thermal,Caribe,GASIMPOR,2027,9.232771601836159e-08,0.00065368022941,6.356822337602448e-05,60.0,6782400.22186246,8593200.0,166532877510.56607,1.7566156015670007e-10,,
BARRANQUILL4,BARRANQUILL4,Thermal,Caribe,GASIMPOR,2028,8.563867992031704e-08,0.0006063218538358446,5.8962779212689776e-05,60.0,6782400.22186246,8593200.0,179540369337.4897,1.6293508356224699e-10,,
BARRANQUILL4,BARRANQUILL4,Thermal,Caribe,GASIMPOR,2029,9.200136241310913e-08,0.0006513696458848128,6.33435268301451e-05,60.0,6782400.22186246,8593200.0,167123614468.5938,1.7504064386055767e-10,,
BARRANQUILL4,BARRANQUILL4,Thermal,Caribe,GASIMPOR,2030,1.0093593437052548e-07,0.0007146264153433204,6.949503680408677e-05,60.0,6782400.22186246,8593200.0,152330290678.58856,1.9203944895457662e-10,,
BARRANQUILL4,BARRANQUILL4,Thermal,Caribe,GASIMPOR,2031,1.0113426980899028e-07,0.0007160306302476511,6.963159202281659e-05,60.0,6782400.22186246,8593200.0,152031554206.28433,1.9241679948438023e-10,,
BARRANQUILL4,BARRANQUILL4,Thermal,Caribe,GASIMPOR,2032,1.0344372493071688e-07,0.0007323815725094754,7.122166665463812e-05,60.0,6782400.22186246,8593200.0,148637341055.65997,1.9681073997472767e-10,,
BARRANQUILL4,BARRANQUILL4,Thermal,Caribe,GASIMPOR,2033,1.0183260410373222e-07,0.000720974837054424,7.011239965408589e-05,60.0,6782400.22186246,8593200.0,150988972126.46173,1.9374544159766397e-10,,
BARRANQUILL4,BARRANQUILL4,Thermal,Caribe,GASIMPOR,2034,9.579508309318646e-08,0.0006782291882997601,6.595552779819068e-05,60.0,6782400.22186246,8593200.0,160505108676.44205,1.8225852947714316e-10,,
BARRANQUILL4,BARRANQUILL4,Thermal,Caribe,GASIMPOR,2035,1.0620577376215454e-07,0.0007519368782360541,7.312335495219548e-05,60.0,6782400.22186246,8593200.0,144771792323.15286,2.0206577960836097e-10,,
BETANIA,BETANIA,Hidro,Surocciden,Water,2023,1386.942357835901,1927849.8773919023,0.0,540.0,61187402.001531474,23641200.0,62.552312566394455,0.293197691069656,,
BETANIA,BETANIA,Hidro,Surocciden,Water,2024,1386.9423578360886,1927849.8773921626,0.0,540.0,61187402.001531474,23641200.0,62.55231256638618,0.2931976910696957,,
BETANIA,BETANIA,Hidro,Surocciden,Water,2025,1386.942357835952,1927849.877391973,0.0,540.0,61187402.001531474,23641200.0,62.55231256639221,0.29319769106966675,,
BETANIA,BETANIA,Hidro,Surocciden,Water,2026,1386.9423578151682,1927849.8773630837,0.0,540.0,61187402.001531474,23641200.0,62.552312567308746,0.2931976910652731,,
BETANIA,BETANIA,Hidro,Surocciden,Water,2027,1386.9423578245996,1927849.8773761936,0.0,540.0,61187402.001531474,23641200.0,62.55231256689284,0.2931976910672669,,
BETANIA,BETANIA,Hidro,Surocciden,Water,2028,1386.9423570556473,1927849.8763073497,0.0,540.0,61187402.001531474,23641200.0,62.552312600802615,0.2931976909047114,,
BETANIA,BETANIA,Hidro,Surocciden,Water,2029,1386.9423578219494,1927849.8773725093,0.0,540.0,61187402.001531474,23641200.0,62.5523125670097,0.2931976910667066,,
BETANIA,BETANIA,Hidro,Surocciden,Water,2030,1386.9423578230894,1927849.877374094,0.0,540.0,61187402.001531474,23641200.0,62.55231256695943,0.29319769106694765,,
BETANIA,BETANIA,Hidro,Surocciden,Water,2031,1386.9423578227538,1927849.8773736279,0.0,540.0,61187402.001531474,23641200.0,62.55231256697423,0.2931976910668767,,
BETANIA,BETANIA,Hidro,Surocciden,Water,2032,1386.9423578210426,1927849.8773712488,0.0,540.0,61187402.001531474,23641200.0,62.55231256704969,0.29319769106651494,,
BETANIA,BETANIA,Hidro,Surocciden,Water,2033,1386.9423576009094,1927849.8770652644,0.0,540.0,61187402.001531474,23641200.0,62.552312576757274,0.29319769101997906,,
BETANIA,BETANIA,Hidro,Surocciden,Water,2034,1386.9423568826028,1927849.876066818,0.0,540.0,61187402.001531474,23641200.0,62.552312608433645,0.29319769086813,,
BETANIA,BETANIA,Hidro,Surocciden,Water,2035,1386.9423578186822,1927849.877367968,0.0,540.0,61187402.001531474,23641200.0,62.552312567153784,0.293197691066016,,
Bio_Surocciden,Bio_Surocciden,Biomass,Surocciden,Biomass,2024,2.9036472055730415e-07,0.0,0.0,3.004139625085637e-08,0.008673736062623191,0.004360809079774311,44.890250845143925,1.1033660792953615,,
Bio_Surocciden,Bio_Surocciden,Biomass,Surocciden,Biomass,2025,3.656421470280552e-07,0.0,0.0,5.240540466292267e-08,0.014750101978932936,0.007415754992870978,60.621723047981,0.7964821832862505,,
Bio_Surocciden,Bio_Surocciden,Biomass,Surocciden,Biomass,2026,2.4120994941944103e-07,0.0,0.0,5.600307754006913e-08,0.01567016453872673,0.007878325783050085,97.62652982787309,0.4916762357232319,,
Bio_Surocciden,Bio_Surocciden,Biomass,Surocciden,Biomass,2027,3.2378856594737713e-07,0.0,0.0,7.807110245944937e-08,0.02098201091438198,0.010548909886693804,97.38120525911424,0.4734423352313277,,
Bio_Surocciden,Bio_Surocciden,Biomass,Surocciden,Biomass,2028,3.9942075987687086e-07,0.0,0.0,1.0146908165570748e-07,0.026268905454271175,0.013206943721367922,98.8327426641727,0.4493583307435917,,
Bio_Surocciden,Bio_Surocciden,Biomass,Surocciden,Biomass,2029,4.908181055576161e-07,0.0,0.0,1.2753646366699538e-07,0.03178908251228457,0.01598225968196371,97.33003255854933,0.4393211360403301,,
Bio_Surocciden,Bio_Surocciden,Biomass,Surocciden,Biomass,2030,8.037458214137656e-07,0.0,0.0,1.8004414393901062e-07,0.04222526627397385,0.021229142140825105,78.9483524818636,0.5096072779159229,,
Bio_Surocciden,Bio_Surocciden,Biomass,Surocciden,Biomass,2031,121.88503316081429,0.0,0.0,13.913816693349114,2592648.79758834,1303474.1798285784,31.96555702024875,0.999999991197246,,
Bio_Surocciden,Bio_Surocciden,Biomass,Surocciden,Biomass,2032,547.8175443456868,0.0,0.0,62.536249493403915,11073461.324373007,5567272.556930984,30.37641647855525,0.9999999977793124,,
Bio_Surocciden,Bio_Surocciden,Biomass,Surocciden,Biomass,2033,547.8175436541728,0.0,0.0,62.53624949576937,11073461.324757848,5567272.557124467,30.376416517955303,0.99999999647918,,
Bio_Surocciden,Bio_Surocciden,Biomass,Surocciden,Biomass,2034,615.5474804384579,0.0,0.0,70.26797759450548,12239933.03210878,6153724.133413601,29.881784509004046,0.9999999946561228,,
Bio_Surocciden,Bio_Surocciden,Biomass,Surocciden,Biomass,2035,875.9999997839672,0.0,0.0,100.0000001584247,16420238.891407246,8255421.344411923,28.16856191998231,0.99999999816914,,
CALDERAS,CALDERAS,Hidro,Antioquia,Water,2023,86.71168620301702,120529.24382219365,0.0,19.9,2262033.073994486,871221.9999999999,37.52417304166631,0.4974167997694925,,
CALDERAS,CALDERAS,Hidro,Antioquia,Water,2024,86.7116862045489,120529.24382432294,0.0,19.9,2262033.073994486,871221.9999999999,37.52417304102796,0.49741679977828,,
CALDERAS,CALDERAS,Hidro,Antioquia,Water,2025,86.71168620305471,120529.24382224603,0.0,19.9,2262033.073994486,871221.9999999999,37.52417304165061,0.49741679976970865,,
CALDERAS,CALDERAS,Hidro,Antioquia,Water,2026,86.71168618855667,120529.24380209376,0.0,19.9,2262033.073994486,871221.9999999999,37.52417304769217,0.49741679968654157,,
CALDERAS,CALDERAS,Hidro,Antioquia,Water,2027,86.71168619830671,120529.24381564629,0.0,19.9,2262033.073994486,871221.9999999999,37.52417304362917,0.49741679974247205,,
CALDERAS,CALDERAS,Hidro,Antioquia,Water,2028,85.96066309381669,119485.32170040518,0.0,19.9,2262033.073994486,871221.9999999999,37.83987092031712,0.493108597174323,,
CALDERAS,CALDERAS,Hidro,Antioquia,Water,2029,86.71168618936395,120529.24380321588,0.0,19.9,2262033.073994486,871221.9999999999,37.52417304735577,0.4974167996911724,,
CALDERAS,CALDERAS,Hidro,Antioquia,Water,2030,86.71168619306803,120529.24380836457,0.0,19.9,2262033.073994486,871221.9999999999,37.52417304581221,0.49741679971242064,,
CALDERAS,CALDERAS,Hidro,Antioquia,Water,2031,86.71168618475531,120529.24379680987,0.0,19.9,2262033.073994486,871221.9999999999,37.524173049276264,0.49741679966473523,,
CALDERAS,CALDERAS,Hidro,Antioquia,Water,2032,86.71168619030044,120529.24380451758,0.0,19.9,2262033.073994486,871221.9999999999,37.524173046965515,0.49741679969654456,,
CALDERAS,CALDERAS,Hidro,Antioquia,Water,2033,86.71168619945954,120529.24381724873,0.0,19.9,2262033.073994486,871221.9999999999,37.52417304314877,0.4974167997490852,,
CALDERAS,CALDERAS,Hidro,Antioquia,Water,2034,82.07017040483629,114077.53686272242,0.0,19.9,2262033.073994486,871221.9999999999,39.56775762544107,0.47079100069317065,,
CALDERAS,CALDERAS,Hidro,Antioquia,Water,2035,86.71168620554286,120529.24382570454,0.0,19.9,2262033.073994486,871221.9999999999,37.524173040613746,0.4974167997839819,,
CALIMA,CALIMA,Hidro,Surocciden,Water,2023,805.7234645884896,1119955.6157780006,0.0,132.0,15016320.491206313,5778960.0,27.19945126356369,0.6967997306874303,,
CALIMA,CALIMA,Hidro,Surocciden,Water,2024,805.723464588767,1119955.6157783861,0.0,132.0,15016320.491206313,5778960.0,27.19945126355481,0.6967997306876703,,
CALIMA,CALIMA,Hidro,Surocciden,Water,2025,805.7234645884898,1119955.6157780008,0.0,132.0,15016320.491206313,5778960.0,27.199451263563684,0.6967997306874305,,
CALIMA,CALIMA,Hidro,Surocciden,Water,2026,805.7234645677527,1119955.6157491761,0.0,132.0,15016320.491206313,5778960.0,27.199451264227953,0.6967997306694967,,
CALIMA,CALIMA,Hidro,Surocciden,Water,2027,805.7234645772148,1119955.6157623283,0.0,132.0,15016320.491206313,5778960.0,27.199451263924853,0.6967997306776798,,
CALIMA,CALIMA,Hidro,Surocciden,Water,2028,805.7234637890404,1119955.614666766,0.0,132.0,15016320.491206313,5778960.0,27.199451289172167,0.6967997299960567,,
CALIMA,CALIMA,Hidro,Surocciden,Water,2029,805.7234645744895,1119955.6157585406,0.0,132.0,15016320.491206313,5778960.0,27.199451264012158,0.6967997306753229,,
CALIMA,CALIMA,Hidro,Surocciden,Water,2030,805.7234645757243,1119955.6157602565,0.0,132.0,15016320.491206313,5778960.0,27.1994512639726,0.6967997306763908,,
CALIMA,CALIMA,Hidro,Surocciden,Water,2031,805.7234645753933,1119955.6157597965,0.0,132.0,15016320.491206313,5778960.0,27.199451263983203,0.6967997306761046,,
CALIMA,CALIMA,Hidro,Surocciden,Water,2032,805.7234645736514,1119955.6157573755,0.0,132.0,15016320.491206313,5778960.0,27.199451264039002,0.6967997306745981,,
CALIMA,CALIMA,Hidro,Surocciden,Water,2033,805.7234643528857,1119955.6154505108,0.0,132.0,15016320.491206313,5778960.0,27.199451271110707,0.6967997304836772,,
CALIMA,CALIMA,Hidro,Surocciden,Water,2034,805.7234636220152,1119955.6144346008,0.0,132.0,15016320.491206313,5778960.0,27.199451294522422,0.6967997298516111,,
CALIMA,CALIMA,Hidro,Surocciden,Water,2035,805.7234645712994,1119955.615754106,0.0,132.0,15016320.491206313,5778960.0,27.19945126411434,0.6967997306725641,,
CANDELARIA,CANDELARIA,Thermal,Caribe,GASIMPOR,2023,2.036962232552532e-07,0.0014421692606471927,7.79732846923249e-05,555.0,63286652.070201084,79487100.0,700915067496.0352,4.1897285625746264e-11,,
CANDELARIA,CANDELARIA,Thermal,Caribe,GASIMPOR,2024,2.94651769332842e-07,0.0020861345268765215,0.00011279034008645727,555.0,63286652.070201084,79487100.0,484550805160.8147,6.060548959908716e-11,,
CANDELARIA,CANDELARIA,Thermal,Caribe,GASIMPOR,2025,3.2882003089304325e-07,0.0023280458187227462,0.00012586967726560983,555.0,63286652.070201084,79487100.0,434200287874.0979,6.763339316570882e-11,,
CANDELARIA,CANDELARIA,Thermal,Caribe,GASIMPOR,2026,2.7102503756329095e-07,0.0019188572659481,0.00010374621617892729,555.0,63286652.070201084,79487100.0,526791743507.38275,5.5745822033668784e-11,,
CANDELARIA,CANDELARIA,Thermal,Caribe,GASIMPOR,2027,2.563755054295226e-07,0.0018151385784410203,9.813849247437783e-05,555.0,63286652.070201084,79487100.0,556893108149.3845,5.273263100693623e-11,,
CANDELARIA,CANDELARIA,Thermal,Caribe,GASIMPOR,2028,2.0319937904938243e-07,0.0014386516036696277,7.77830967050712e-05,555.0,63286652.070201084,79487100.0,702628879771.0461,4.179509215709868e-11,,
CANDELARIA,CANDELARIA,Thermal,Caribe,GASIMPOR,2029,2.1625342547838767e-07,0.0015310742523869847,8.278008124572298e-05,555.0,63286652.070201084,79487100.0,660214985061.5936,4.448011548775919e-11,,
CANDELARIA,CANDELARIA,Thermal,Caribe,GASIMPOR,2030,2.589469636207704e-07,0.0018333445024350543,9.912282609832195e-05,555.0,63286652.070201084,79487100.0,551362912604.4806,5.326154173778649e-11,,
CANDELARIA,CANDELARIA,Thermal,Caribe,GASIMPOR,2031,2.4822409501574503e-07,0.001757426592711475,9.501819777926709e-05,555.0,63286652.070201084,79487100.0,575180874616.1499,5.10560070376702e-11,,
CANDELARIA,CANDELARIA,Thermal,Caribe,GASIMPOR,2032,2.521587914572096e-07,0.0017852842435170438,9.652436809948819e-05,555.0,63286652.070201084,79487100.0,566205727933.9973,5.186531561504166e-11,,
CANDELARIA,CANDELARIA,Thermal,Caribe,GASIMPOR,2033,2.3191776436044213e-07,0.0016419777716719303,8.877626485506235e-05,555.0,63286652.070201084,79487100.0,615622319685.4678,4.7702037179736324e-11,,
CANDELARIA,CANDELARIA,Thermal,Caribe,GASIMPOR,2034,1.9802580698249534e-07,0.0014020227134360673,7.580269470644336e-05,555.0,63286652.070201084,79487100.0,720985583885.1536,4.073096527674839e-11,,
CANDELARIA,CANDELARIA,Thermal,Caribe,GASIMPOR,2035,2.3337862449912976e-07,0.0016523206614538386,8.933547042927088e-05,555.0,63286652.070201084,79487100.0,611768761506.2014,4.8002514397780597e-11,,
CARTAGENA1,CARTAGENA1,Thermal,Caribe,COMBUSTOLEO,2023,5.961308958836274e-08,0.0005544017331717734,6.924209388412304e-05,52.0,5948280.194577146,7447440.0,224711054025.73477,1.308682156400657e-10,,
CARTAGENA1,CARTAGENA1,Thermal,Caribe,COMBUSTOLEO,2024,6.176026116666322e-08,0.0005743704288499681,7.173608735160851e-05,52.0,5948280.194577146,7447440.0,216898697351.72397,1.3558188700092907e-10,,
CARTAGENA1,CARTAGENA1,Thermal,Caribe,COMBUSTOLEO,2025,6.638430272814899e-08,0.0006173740153717856,7.710702722631326e-05,52.0,5948280.194577146,7447440.0,201790478240.7893,1.457330144190134e-10,,
CARTAGENA1,CARTAGENA1,Thermal,Caribe,COMBUSTOLEO,2026,6.672680822511346e-08,0.0006205593164935552,7.750485592367492e-05,52.0,5948280.194577146,7447440.0,200754697422.43808,1.4648491443869304e-10,,
CARTAGENA1,CARTAGENA1,Thermal,Caribe,COMBUSTOLEO,2027,6.827595196122594e-08,0.0006349663532394011,7.930422510176295e-05,52.0,5948280.194577146,7447440.0,196199683935.85446,1.4988573928966e-10,,
CARTAGENA1,CARTAGENA1,Thermal,Caribe,COMBUSTOLEO,2028,6.579907193708793e-08,0.0006119313690149178,7.642726703172606e-05,52.0,5948280.194577146,7447440.0,203585245214.3557,1.444482611896029e-10,,
CARTAGENA1,CARTAGENA1,Thermal,Caribe,COMBUSTOLEO,2029,7.048098501673199e-08,0.0006554731606556075,8.186542612155964e-05,52.0,5948280.194577146,7447440.0,190061478171.0629,1.5472643356325072e-10,,
CARTAGENA1,CARTAGENA1,Thermal,Caribe,COMBUSTOLEO,2030,7.592640017190363e-08,0.0007061155215987038,8.819041195967036e-05,52.0,5948280.194577146,7447440.0,176430334705.11243,1.6668071692110908e-10,,
CARTAGENA1,CARTAGENA1,Thermal,Caribe,COMBUSTOLEO,2031,7.69204017739697e-08,0.0007153597364979183,8.934496967051016e-05,52.0,5948280.194577146,7447440.0,174150418957.19394,1.6886284196955058e-10,,
CARTAGENA1,CARTAGENA1,Thermal,Caribe,COMBUSTOLEO,2032,7.901081149294273e-08,0.0007348005468843675,9.177303281934031e-05,52.0,5948280.194577146,7447440.0,169542875743.13113,1.7345190440143728e-10,,
CARTAGENA1,CARTAGENA1,Thermal,Caribe,COMBUSTOLEO,2033,7.890170607211928e-08,0.0007337858664707092,9.164630414541835e-05,52.0,5948280.194577146,7447440.0,169777319936.10776,1.7321238600307177e-10,,
CARTAGENA1,CARTAGENA1,Thermal,Caribe,COMBUSTOLEO,2034,7.633169829722188e-08,0.0007098847941641635,8.866117586468064e-05,52.0,5948280.194577146,7447440.0,175493543234.5093,1.6757046517654958e-10,,
CARTAGENA1,CARTAGENA1,Thermal,Caribe,COMBUSTOLEO,2035,8.381746128053094e-08,0.0007795023899089379,9.73560767138687e-05,52.0,5948280.194577146,7447440.0,159820161463.9955,1.8400391043319925e-10,,
CARTAGENA2,CARTAGENA2,Thermal,Caribe,COMBUSTOLEO,2023,7.285572053860069e-08,0.0006775582010089866,7.313869215717263e-05,60.0,6874200.224865375,8593200.0,212301794714.22476,1.3861438458637877e-10,,
CARTAGENA2,CARTAGENA2,Thermal,Caribe,COMBUSTOLEO,2024,7.580144677872802e-08,0.0007049534550421707,7.609585959801661e-05,60.0,6874200.224865375,8593200.0,204051517258.25516,1.4421888656531202e-10,,
CARTAGENA2,CARTAGENA2,Thermal,Caribe,COMBUSTOLEO,2025,8.18068526013404e-08,0.0007608037291924657,8.212459041684401e-05,60.0,6874200.224865375,8593200.0,189072183243.64117,1.5564469673009966e-10,,
CARTAGENA2,CARTAGENA2,Thermal,Caribe,COMBUSTOLEO,2026,8.128848229675817e-08,0.000755982885359851,8.160420676199878e-05,60.0,6874200.224865375,8593200.0,190277881793.32516,1.5465845185836788e-10,,
CARTAGENA2,CARTAGENA2,Thermal,Caribe,COMBUSTOLEO,2027,8.269026749138386e-08,0.0007690194876698699,8.301143649032039e-05,60.0,6874200.224865375,8593200.0,187052245625.47296,1.5732547087401795e-10,,
CARTAGENA2,CARTAGENA2,Thermal,Caribe,COMBUSTOLEO,2028,7.829897325287413e-08,0.0007281804512517296,7.86030864649883e-05,60.0,6874200.224865375,8593200.0,197542823143.28806,1.4897064926345913e-10,,
CARTAGENA2,CARTAGENA2,Thermal,Caribe,COMBUSTOLEO,2029,8.402658620301055e-08,0.0007814472516879982,8.435294546382306e-05,60.0,6874200.224865375,8593200.0,184077456012.2811,1.5986793417619968e-10,,
CARTAGENA2,CARTAGENA2,Thermal,Caribe,COMBUSTOLEO,2030,9.131462275912668e-08,0.0008492259916598782,9.166928875392314e-05,60.0,6874200.224865375,8593200.0,169385797787.4488,1.737340615660705e-10,,
CARTAGENA2,CARTAGENA2,Thermal,Caribe,COMBUSTOLEO,2031,9.21339100407487e-08,0.0008568453633789631,9.249175814734698e-05,60.0,6874200.224865375,8593200.0,167879559424.7693,1.752928273225812e-10,,
CARTAGENA2,CARTAGENA2,Thermal,Caribe,COMBUSTOLEO,2032,9.456923147625459e-08,0.0008794938527291677,9.493653837130836e-05,60.0,6874200.224865375,8593200.0,163556370124.76495,1.799262394905909e-10,,
CARTAGENA2,CARTAGENA2,Thermal,Caribe,COMBUSTOLEO,2033,9.379768299361291e-08,0.0008723184518406001,9.416199319436011e-05,60.0,6874200.224865375,8593200.0,164901730320.89645,1.7845830097719349e-10,,
CARTAGENA2,CARTAGENA2,Thermal,Caribe,COMBUSTOLEO,2034,8.958527217015306e-08,0.0008331430311824235,8.993322136726194e-05,60.0,6874200.224865375,8593200.0,172655614600.58563,1.7044382071946928e-10,,
CARTAGENA2,CARTAGENA2,Thermal,Caribe,COMBUSTOLEO,2035,9.922213306956406e-08,0.0009227658375469457,9.960751183440625e-05,60.0,6874200.224865375,8593200.0,155886592510.00012,1.887787919892771e-10,,
CARTAGENA3,CARTAGENA3,Thermal,Caribe,COMBUSTOLEO,2023,7.546468523784475e-08,0.0007018215727119564,7.390784878138804e-05,66.0,7573500.247740526,9452520.0,225615732640.78204,1.3052560750976325e-10,,
CARTAGENA3,CARTAGENA3,Thermal,Caribe,COMBUSTOLEO,2024,7.858201049975745e-08,0.0007308126976477442,7.696086362314746e-05,66.0,7573500.247740526,9452520.0,216665622833.9168,1.3591741126981708e-10,,
CARTAGENA3,CARTAGENA3,Thermal,Caribe,COMBUSTOLEO,2025,8.487658315352202e-08,0.0007893522233277548,8.312557924306488e-05,66.0,7573500.247740526,9452520.0,200597380525.24762,1.4680466160495711e-10,,
CARTAGENA3,CARTAGENA3,Thermal,Caribe,COMBUSTOLEO,2026,8.415112290622786e-08,0.0007826054430279191,8.241508524067237e-05,66.0,7573500.247740526,9452520.0,202326714849.61334,1.4554988741218322e-10,,
CARTAGENA3,CARTAGENA3,Thermal,Caribe,COMBUSTOLEO,2027,8.550471025864484e-08,0.0007951938054053969,8.3740748086009e-05,66.0,7573500.247740526,9452520.0,199123769872.24893,1.478910859600194e-10,,
CARTAGENA3,CARTAGENA3,Thermal,Caribe,COMBUSTOLEO,2028,8.069386168261811e-08,0.0007504529136483486,7.902914731610572e-05,66.0,7573500.247740526,9452520.0,210995234252.8487,1.3957012190849952e-10,,
CARTAGENA3,CARTAGENA3,Thermal,Caribe,COMBUSTOLEO,2029,8.662178879688507e-08,0.0008055826358110312,8.483478129400534e-05,66.0,7573500.247740526,9452520.0,196555860656.13977,1.4982321294604442e-10,,
CARTAGENA3,CARTAGENA3,Thermal,Caribe,COMBUSTOLEO,2030,9.429471186438118e-08,0.0008769408203387452,9.234941195861901e-05,66.0,7573500.247740526,9452520.0,180561771831.967,1.6309449263937518e-10,,
CARTAGENA3,CARTAGENA3,Thermal,Caribe,COMBUSTOLEO,2031,9.506549540724991e-08,0.0008841091072874242,9.310429423699834e-05,66.0,7573500.247740526,9452520.0,179097791219.4858,1.644276591380412e-10,,
CARTAGENA3,CARTAGENA3,Thermal,Caribe,COMBUSTOLEO,2032,9.756523038266865e-08,0.0009073566425588184,9.555245967987421e-05,66.0,7573500.247740526,9452520.0,174509096958.70877,1.6875126328813585e-10,,
CARTAGENA3,CARTAGENA3,Thermal,Caribe,COMBUSTOLEO,2033,9.664171092302563e-08,0.0008987679115841383,9.464799242668362e-05,66.0,7573500.247740526,9452520.0,176176726239.8778,1.6715392092677737e-10,,
CARTAGENA3,CARTAGENA3,Thermal,Caribe,COMBUSTOLEO,2034,9.208019784528887e-08,0.0008563458399611867,9.018058336374057e-05,66.0,7573500.247740526,9452520.0,184904253542.1527,1.5926421379079986e-10,,
CARTAGENA3,CARTAGENA3,Thermal,Caribe,COMBUSTOLEO,2035,1.0214994956462965e-07,0.0009499945309510558,0.00010004259610511135,66.0,7573500.247740526,9452520.0,166676736711.63452,1.766811082825336e-10,,
CHARQUITO,CHARQUITO,Hidro,Oriental,Water,2023,134.49137603517505,186943.0126888933,0.0,19.4,5382918.176083308,849331.9999999999,47.72940375815113,0.7913864333849682,,
CHARQUITO,CHARQUITO,Hidro,Oriental,Water,2024,134.49137603891322,186943.01269408938,0.0,19.4,5382918.176083308,849331.9999999999,47.72940375686314,0.7913864334069646,,
CHARQUITO,CHARQUITO,Hidro,Oriental,Water,2025,134.49137604039254,186943.01269614563,0.0,19.4,5382918.176083308,849331.9999999999,47.729403756353435,0.7913864334156693,,
CHARQUITO,CHARQUITO,Hidro,Oriental,Water,2026,134.4913760085099,186943.01265182873,0.0,19.4,5382918.176083308,849331.9999999999,47.729403767338695,0.7913864332280626,,
CHARQUITO,CHARQUITO,Hidro,Oriental,Water,2027,134.49137601805677,186943.01266509885,0.0,19.4,5382918.176083308,849331.9999999999,47.72940376404929,0.7913864332842392,,
CHARQUITO,CHARQUITO,Hidro,Oriental,Water,2028,134.49137523267024,186943.01157341164,0.0,19.4,5382918.176083308,849331.9999999999,47.72940403465656,0.791386428662796,,
CHARQUITO,CHARQUITO,Hidro,Oriental,Water,2029,134.49137601553198,186943.01266158946,0.0,19.4,5382918.176083308,849331.9999999999,47.72940376491921,0.7913864332693826,,
CHARQUITO,CHARQUITO,Hidro,Oriental,Water,2030,134.49137598555393,186943.01261991996,0.0,19.4,5382918.176083308,849331.9999999999,47.72940377524824,0.791386433092983,,
CHARQUITO,CHARQUITO,Hidro,Oriental,Water,2031,134.49137600434577,186943.0126460406,0.0,19.4,5382918.176083308,849331.9999999999,47.72940376877345,0.7913864332035597,,
CHARQUITO,CHARQUITO,Hidro,Oriental,Water,2032,134.49137603077332,186943.01268277492,0.0,19.4,5382918.176083308,849331.9999999999,47.729403759667754,0.7913864333590671,,
CHARQUITO,CHARQUITO,Hidro,Oriental,Water,2033,134.49137588513742,186943.01248034099,0.0,19.4,5382918.176083308,849331.9999999999,47.72940380984704,0.791386432502103,,
CHARQUITO,CHARQUITO,Hidro,Oriental,Water,2034,134.49137501120725,186943.01126557804,0.0,19.4,5382918.176083308,849331.9999999999,47.729404110962285,0.7913864273596434,,
CHARQUITO,CHARQUITO,Hidro,Oriental,Water,2035,134.49137598705838,186943.01262201113,0.0,19.4,5382918.176083308,849331.9999999999,47.72940377472987,0.7913864331018358,,
CHIVOR,CHIVOR,Hidro,Oriental,Water,2023,4429.1032178955575,6156453.472874824,0.0,1000.0,115290003.77130853,43780000.0,37.30472041757677,0.5056053901707256,,
CHIVOR,CHIVOR,Hidro,Oriental,Water,2024,4429.103217896314,6156453.472875876,0.0,1000.0,115290003.77130853,43780000.0,37.30472041757063,0.5056053901708121,,
CHIVOR,CHIVOR,Hidro,Oriental,Water,2025,4429.10321789611,6156453.472875593,0.0,1000.0,115290003.77130853,43780000.0,37.304720417572284,0.5056053901707888,,
CHIVOR,CHIVOR,Hidro,Oriental,Water,2026,4429.10321787646,6156453.4728482785,0.0,1000.0,115290003.77130853,43780000.0,37.30472041773163,0.5056053901685456,,
CHIVOR,CHIVOR,Hidro,Oriental,Water,2027,4429.103217885456,6156453.4728607815,0.0,1000.0,115290003.77130853,43780000.0,37.30472041765868,0.5056053901695725,,
CHIVOR,CHIVOR,Hidro,Oriental,Water,2028,4429.10321749428,6156453.472317049,0.0,1000.0,115290003.77130853,43780000.0,37.30472042083064,0.5056053901249178,,
CHIVOR,CHIVOR,Hidro,Oriental,Water,2029,4429.103217883043,6156453.472857429,0.0,1000.0,115290003.77130853,43780000.0,37.30472041767824,0.5056053901692971,,
CHIVOR,CHIVOR,Hidro,Oriental,Water,2030,4429.103217884116,6156453.472858921,0.0,1000.0,115290003.77130853,43780000.0,37.30472041766954,0.5056053901694195,,
CHIVOR,CHIVOR,Hidro,Oriental,Water,2031,4429.10321788405,6156453.4728588285,0.0,1000.0,115290003.77130853,43780000.0,37.304720417670076,0.505605390169412,,
CHIVOR,CHIVOR,Hidro,Oriental,Water,2032,4429.103217882943,6156453.47285729,0.0,1000.0,115290003.77130853,43780000.0,37.304720417679064,0.5056053901692855,,
CHIVOR,CHIVOR,Hidro,Oriental,Water,2033,4429.103217748836,6156453.472670883,0.0,1000.0,115290003.77130853,43780000.0,37.30472041876651,0.5056053901539765,,
CHIVOR,CHIVOR,Hidro,Oriental,Water,2034,4429.103217267475,6156453.472001789,0.0,1000.0,115290003.77130853,43780000.0,37.30472042266976,0.5056053900990267,,
CHIVOR,CHIVOR,Hidro,Oriental,Water,2035,4429.103217880729,6156453.472854212,0.0,1000.0,115290003.77130853,43780000.0,37.304720417697006,0.5056053901690328,,
CUCUANA,CUCUANA,RunOfRiver,Surocciden,Water,2023,187.7215831440996,260933.00057029846,0.0,56.0,6511680.213006804,2451680.0,49.13816013631376,0.3826679369375806,,
CUCUANA,CUCUANA,RunOfRiver,Surocciden,Water,2024,187.7215831443546,260933.0005706529,0.0,56.0,6511680.213006804,2451680.0,49.13816013624889,0.3826679369381005,,
CUCUANA,CUCUANA,RunOfRiver,Surocciden,Water,2025,187.72158314409035,260933.00057028554,0.0,56.0,6511680.213006804,2451680.0,49.13816013631611,0.3826679369375618,,
CUCUANA,CUCUANA,RunOfRiver,Surocciden,Water,2026,187.721583123396,260933.00054152042,0.0,56.0,6511680.213006804,2451680.0,49.13816014157985,0.3826679368953766,,
CUCUANA,CUCUANA,RunOfRiver,Surocciden,Water,2027,187.72158313284217,260933.0005546506,0.0,56.0,6511680.213006804,2451680.0,49.13816013917714,0.3826679369146326,,
CUCUANA,CUCUANA,RunOfRiver,Surocciden,Water,2028,187.72158234196536,260932.99945533185,0.0,56.0,6511680.213006804,2451680.0,49.13816034034163,0.38266793530244064,,
CUCUANA,CUCUANA,RunOfRiver,Surocciden,Water,2029,187.72158313012824,260933.00055087826,0.0,56.0,6511680.213006804,2451680.0,49.13816013986746,0.3826679369091002,,
CUCUANA,CUCUANA,RunOfRiver,Surocciden,Water,2030,187.72158313134108,260933.00055256407,0.0,56.0,6511680.213006804,2451680.0,49.13816013955896,0.3826679369115726,,
CUCUANA,CUCUANA,RunOfRiver,Surocciden,Water,2031,187.72158313101417,260933.00055210968,0.0,56.0,6511680.213006804,2451680.0,49.13816013964212,0.38266793691090617,,
CUCUANA,CUCUANA,RunOfRiver,Surocciden,Water,2032,187.72158312926814,260933.0005496827,0.0,56.0,6511680.213006804,2451680.0,49.13816014008623,0.3826679369073469,,
CUCUANA,CUCUANA,RunOfRiver,Surocciden,Water,2033,187.72158290966865,260933.00024443943,0.0,56.0,6511680.213006804,2451680.0,49.138160195942724,0.38266793645969627,,
CUCUANA,CUCUANA,RunOfRiver,Surocciden,Water,2034,187.72158218131977,260932.99923203446,0.0,56.0,6511680.213006804,2451680.0,49.13816038120283,0.3826679349749668,,
CUCUANA,CUCUANA,RunOfRiver,Surocciden,Water,2035,187.7215831269308,260933.00054643376,0.0,56.0,6511680.213006804,2451680.0,49.13816014068074,0.3826679369025822,,
C_LLERAS_R,C_LLERAS_R,RunOfRiver,Antioquia,Water,2023,467.11622516098504,649291.5529737691,0.0,78.0,8859240.289799007,3414840.0,27.666287631774978,0.6836380768659772,,
C_LLERAS_R,C_LLERAS_R,RunOfRiver,Antioquia,Water,2024,467.1162251612333,649291.5529741143,0.0,78.0,8859240.289799007,3414840.0,27.666287631761012,0.6836380768663406,,
C_LLERAS_R,C_LLERAS_R,RunOfRiver,Antioquia,Water,2025,467.116225160952,649291.5529737233,0.0,78.0,8859240.289799007,3414840.0,27.666287631776836,0.6836380768659289,,
C_LLERAS_R,C_LLERAS_R,RunOfRiver,Antioquia,Water,2026,467.1162251390326,649291.5529432553,0.0,78.0,8859240.289799007,3414840.0,27.666287633009848,0.6836380768338493,,
C_LLERAS_R,C_LLERAS_R,RunOfRiver,Antioquia,Water,2027,467.116225149066,649291.5529572017,0.0,78.0,8859240.289799007,3414840.0,27.666287632445446,0.6836380768485334,,
C_LLERAS_R,C_LLERAS_R,RunOfRiver,Antioquia,Water,2028,465.7507469160071,647393.5382132498,0.0,78.0,8859240.289799007,3414840.0,27.743323899258286,0.6816396600456722,,
C_LLERAS_R,C_LLERAS_R,RunOfRiver,Antioquia,Water,2029,467.1162251462076,649291.5529532285,0.0,78.0,8859240.289799007,3414840.0,27.666287632606238,0.6836380768443501,,
C_LLERAS_R,C_LLERAS_R,RunOfRiver,Antioquia,Water,2030,467.1162251473814,649291.55295486,0.0,78.0,8859240.289799007,3414840.0,27.666287632540215,0.6836380768460679,,
C_LLERAS_R,C_LLERAS_R,RunOfRiver,Antioquia,Water,2031,467.1162251460278,649291.5529529785,0.0,78.0,8859240.289799007,3414840.0,27.666287632616356,0.6836380768440868,,
C_LLERAS_R,C_LLERAS_R,RunOfRiver,Antioquia,Water,2032,467.1162251440681,649291.5529502545,0.0,78.0,8859240.289799007,3414840.0,27.66628763272659,0.6836380768412188,,
C_LLERAS_R,C_LLERAS_R,RunOfRiver,Antioquia,Water,2033,467.1162248307813,649291.5525147859,0.0,78.0,8859240.289799007,3414840.0,27.666287650349645,0.6836380763827145,,
C_LLERAS_R,C_LLERAS_R,RunOfRiver,Antioquia,Water,2034,463.0075630899294,643580.5126950019,0.0,78.0,8859240.289799007,3414840.0,27.899459603395346,0.6776249313457577,,
C_LLERAS_R,C_LLERAS_R,RunOfRiver,Antioquia,Water,2035,467.1162251288731,649291.5529291336,0.0,78.0,8859240.289799007,3414840.0,27.66628763358134,0.6836380768189806,,
DARIO VALENC,DARIO VALENC,RunOfRiver,Oriental,Water,2023,786.5204494646125,1093263.4247558112,0.0,150.0,17455500.570995543,6567000.0,31.93275395807922,0.5985695962439973,,
DARIO VALENC,DARIO VALENC,RunOfRiver,Oriental,Water,2024,786.5204494648374,1093263.4247561242,0.0,150.0,17455500.570995543,6567000.0,31.93275395807049,0.5985695962441684,,
DARIO VALENC,DARIO VALENC,RunOfRiver,Oriental,Water,2025,786.5204494645748,1093263.4247557588,0.0,150.0,17455500.570995543,6567000.0,31.93275395808069,0.5985695962439685,,
DARIO VALENC,DARIO VALENC,RunOfRiver,Oriental,Water,2026,786.5204494449779,1093263.424728519,0.0,150.0,17455500.570995543,6567000.0,31.93275395884169,0.5985695962290546,,
DARIO VALENC,DARIO VALENC,RunOfRiver,Oriental,Water,2027,786.5204494538986,1093263.424740919,0.0,150.0,17455500.570995543,6567000.0,31.932753958495272,0.5985695962358435,,
DARIO VALENC,DARIO VALENC,RunOfRiver,Oriental,Water,2028,786.5204490621625,1093263.4241964058,0.0,150.0,17455500.570995543,6567000.0,31.932753973707463,0.5985695959377186,,
DARIO VALENC,DARIO VALENC,RunOfRiver,Oriental,Water,2029,786.5204494512944,1093263.424737299,0.0,150.0,17455500.570995543,6567000.0,31.932753958596404,0.5985695962338617,,
DARIO VALENC,DARIO VALENC,RunOfRiver,Oriental,Water,2030,786.52044945246,1093263.4247389194,0.0,150.0,17455500.570995543,6567000.0,31.93275395855114,0.5985695962347486,,
DARIO VALENC,DARIO VALENC,RunOfRiver,Oriental,Water,2031,786.5204494521529,1093263.4247384926,0.0,150.0,17455500.570995543,6567000.0,31.93275395856306,0.598569596234515,,
DARIO VALENC,DARIO VALENC,RunOfRiver,Oriental,Water,2032,786.5204494510649,1093263.42473698,0.0,150.0,17455500.570995543,6567000.0,31.932753958605314,0.598569596233687,,
DARIO VALENC,DARIO VALENC,RunOfRiver,Oriental,Water,2033,786.5204493166993,1093263.424550212,0.0,150.0,17455500.570995543,6567000.0,31.932753963823103,0.59856959613143,,
DARIO VALENC,DARIO VALENC,RunOfRiver,Oriental,Water,2034,786.5204488354286,1093263.4238812458,0.0,150.0,17455500.570995543,6567000.0,31.932753982512164,0.5985695957651662,,
DARIO VALENC,DARIO VALENC,RunOfRiver,Oriental,Water,2035,786.5204494484711,1093263.4247333747,0.0,150.0,17455500.570995543,6567000.0,31.932753958706034,0.5985695962317131,,
DST_Antioquia,DST_Antioquia,pv_solar,Antioquia,Solar,2024,23.22660757990333,0.0,0.0,13.3890311278803,1610228.534009727,212028.69694111243,78.45559127315413,0.19803070111092624,,
DST_Antioquia,DST_Antioquia,pv_solar,Antioquia,Solar,2025,50.99755139443303,0.0,0.0,29.3976553025198,3382783.823902105,445434.43740735634,75.06670725621065,0.19803070099052203,,
DST_Antioquia,DST_Antioquia,pv_solar,Antioquia,Solar,2026,81.04066325691545,0.0,0.0,46.716076000538905,5159116.108662678,679337.0273548022,72.0435013902637,0.19803070075201623,,
DST_Antioquia,DST_Antioquia,pv_solar,Antioquia,Solar,2027,113.35594336053428,0.0,0.0,65.3442932219376,6923747.81042361,911705.4089745296,69.1225619681633,0.19803070084114202,,
DST_Antioquia,DST_Antioquia,pv_solar,Antioquia,Solar,2028,145.67122324386054,0.0,0.0,83.9725104433363,8555688.108625574,1126600.522840585,66.46672153811429,0.1980307005912513,,
DST_Antioquia,DST_Antioquia,pv_solar,Antioquia,Solar,2029,176.7241879095144,0.0,0.0,101.87306292952411,10005220.478693876,1317474.1140008057,64.06986347840558,0.198030700888555,,
DST_Antioquia,DST_Antioquia,pv_solar,Antioquia,Solar,2030,204.24266859747217,0.0,0.0,117.7361541571215,11191559.720249766,1473693.8364101849,62.010811176880125,0.19803070088777006,,
DST_Antioquia,DST_Antioquia,pv_solar,Antioquia,Solar,2031,231.76114929124213,0.0,0.0,133.5992453847189,12290630.70065695,1618412.8176795559,60.014560511424364,0.19803070089213776,,
DST_Antioquia,DST_Antioquia,pv_solar,Antioquia,Solar,2032,254.73529371217268,0.0,0.0,146.8427435655571,13143401.6930585,1730704.438754883,58.39044097524918,0.19803070088613464,,
DST_Antioquia,DST_Antioquia,pv_solar,Antioquia,Solar,2033,274.67988045612105,0.0,0.0,158.3398463818891,13833060.601752218,1821520.0539010894,56.992090682644886,0.1980307007585087,,
DST_Antioquia,DST_Antioquia,pv_solar,Antioquia,Solar,2034,294.8769299837861,0.0,0.0,169.98248214526328,14483657.512941236,1907186.5678479967,55.585372791593045,0.1980307004187791,,
DST_Antioquia,DST_Antioquia,pv_solar,Antioquia,Solar,2035,312.04442315528667,0.0,0.0,179.87872254413136,15001800.82723585,1975411.2491577934,54.406394784197296,0.19803070084552807,,
DST_Caribe,DST_Caribe,pv_solar,Caribe,Solar,2024,50.387711088986705,0.0,0.0,25.8854601805687,3113108.499085487,409922.1474194859,69.91844976413317,0.22221052952843026,,
DST_Caribe,DST_Caribe,pv_solar,Caribe,Solar,2025,110.63388738536622,0.0,0.0,56.8354669182051,6540048.726210754,861173.2456542247,66.89832696635365,0.22221052951704268,,
DST_Caribe,DST_Caribe,pv_solar,Caribe,Solar,2026,175.8092962497067,0.0,0.0,90.3177469343754,9974291.143414533,1313384.9195526207,64.20409104496365,0.222210529465348,,
DST_Caribe,DST_Caribe,pv_solar,Caribe,Solar,2027,245.91393775987362,0.0,0.0,126.3323002290796,13385912.433485672,1762630.457350761,61.60099353794438,0.22221052947886313,,
DST_Caribe,DST_Caribe,pv_solar,Caribe,Solar,2028,316.0185791869601,0.0,0.0,162.3468535237838,16540997.010009471,2178094.344158469,59.23414820206984,0.2222105294279634,,
DST_Caribe,DST_Caribe,pv_solar,Caribe,Solar,2029,383.3847582084974,0.0,0.0,196.9545883304136,19343426.258808196,2547116.620401562,57.09810421650866,0.2222105294836443,,
DST_Caribe,DST_Caribe,pv_solar,Caribe,Solar,2030,443.0832420057831,0.0,0.0,227.6232313704352,21637015.45914958,2849141.417059695,55.26310759432802,0.2222105294932258,,
DST_Caribe,DST_Caribe,pv_solar,Caribe,Solar,2031,502.7817257753787,0.0,0.0,258.2918744104568,23761886.021270134,3128931.4475138118,53.484078856115005,0.22221052948829395,,
DST_Caribe,DST_Caribe,pv_solar,Caribe,Solar,2032,552.6217443470571,0.0,0.0,283.8959708934106,25410576.60657979,3346028.581592777,52.03668781102625,0.22221052948971368,,
DST_Caribe,DST_Caribe,pv_solar,Caribe,Solar,2033,595.8894526747066,0.0,0.0,306.1237030049859,26743917.163387652,3521605.43754211,50.79049891734127,0.222210529452453,,
DST_Caribe,DST_Caribe,pv_solar,Caribe,Solar,2034,639.7048533396219,0.0,0.0,328.632798814176,28001737.858353086,3687227.364506131,49.5368529055624,0.22221052935968993,,
DST_Caribe,DST_Caribe,pv_solar,Caribe,Solar,2035,676.9479444521947,0.0,0.0,347.76553025198757,29003481.599322673,3819128.415038404,48.48616541840902,0.22221052946996706,,
DST_Nordeste,DST_Nordeste,pv_solar,Nordeste,Solar,2024,18.89078284841148,0.0,0.0,9.58307505726991,1152506.1636940027,151757.5766069263,69.04233407196273,0.22503027967885889,,
DST_Nordeste,DST_Nordeste,pv_solar,Nordeste,Solar,2025,41.47758837950083,0.0,0.0,21.04109958226651,2421196.1998854913,318815.5741813767,66.06005510727921,0.2250302794155505,,
DST_Nordeste,DST_Nordeste,pv_solar,Nordeste,Solar,2026,65.91240507157734,0.0,0.0,33.43659884112651,3692589.5851817196,486229.1871715399,63.399579605922234,0.22503027864888395,,
DST_Nordeste,DST_Nordeste,pv_solar,Nordeste,Solar,2027,92.19523342155611,0.0,0.0,46.76957283384991,4955608.386534689,652544.7047567716,60.82910019489381,0.2250302790380531,,
DST_Nordeste,DST_Nordeste,pv_solar,Nordeste,Solar,2028,118.47806077888403,0.0,0.0,60.1025468265733,6123654.544414434,806353.8927368287,58.49191311532992,0.2250302773691751,,
DST_Nordeste,DST_Nordeste,pv_solar,Nordeste,Solar,2029,143.73421691704505,0.0,0.0,72.9147015227059,7161143.916694805,942969.8982616905,56.38263448176515,0.22503027904036804,,
DST_Nordeste,DST_Nordeste,pv_solar,Nordeste,Solar,2030,166.11568787072423,0.0,0.0,84.2685621883844,8010255.244215826,1054782.7180972924,54.570631338370504,0.2250302790860734,,
DST_Nordeste,DST_Nordeste,pv_solar,Nordeste,Solar,2031,188.49715879448925,0.0,0.0,95.62242285406289,8796905.121859115,1158363.9889502772,52.81389477951344,0.22503027908521298,,
DST_Nordeste,DST_Nordeste,pv_solar,Nordeste,Solar,2032,207.1826069946186,0.0,0.0,105.10133405201465,9407268.063642815,1238735.6769977103,51.38464031836922,0.2250302790821607,,
DST_Nordeste,DST_Nordeste,pv_solar,Nordeste,Solar,2033,223.40403975190137,0.0,0.0,113.3302789381486,9900885.041809708,1303736.1126532822,50.15406689559484,0.22503027878219656,,
DST_Nordeste,DST_Nordeste,pv_solar,Nordeste,Solar,2034,239.83080629280187,0.0,0.0,121.66338768360069,10366543.756947774,1365051.1268023187,48.91612993798369,0.22503027776141865,,
DST_Nordeste,DST_Nordeste,pv_solar,Nordeste,Solar,2035,253.79356019903568,0.0,0.0,128.74653011723498,10737400.036530863,1413882.3107397933,47.87860786436466,0.22503027907818732,,
DST_Oriental,DST_Oriental,pv_solar,Oriental,Solar,2024,28.457857284480205,0.0,0.0,15.2858105376634,1838344.2429944454,242066.0956744376,73.10495368192942,0.21252480117137984,,
DST_Oriental,DST_Oriental,pv_solar,Oriental,Solar,2025,62.483556154292685,0.0,0.0,33.5623231370435,3862011.532288244,508537.64937339944,69.94719011941802,0.21252480097654255,,
DST_Oriental,DST_Oriental,pv_solar,Oriental,Solar,2026,99.29317563642843,0.0,0.0,53.334186767282,5889990.890723234,775576.4395634006,67.13016566912167,0.21252480047885822,,
DST_Oriental,DST_Oriental,pv_solar,Oriental,Solar,2027,138.88671623144532,0.0,0.0,74.60140142837889,7904612.083566969,1040863.6752459233,64.40843301317501,0.21252480071500315,,
DST_Oriental,DST_Oriental,pv_solar,Oriental,Solar,2028,178.48025623516975,0.0,0.0,95.8686160894758,9767743.924014216,1286202.2635763371,61.933719845323495,0.21252480014229702,,
DST_Oriental,DST_Oriental,pv_solar,Oriental,Solar,2029,216.52717453674524,0.0,0.0,116.30508017787359,11422626.713175533,1504116.280150923,59.700326395441664,0.2125248007259044,,
DST_Oriental,DST_Oriental,pv_solar,Oriental,Solar,2030,250.2435488900874,0.0,0.0,134.4154426627139,12777030.680618504,1682467.1299016303,57.78170056591977,0.21252480075360805,,
DST_Oriental,DST_Oriental,pv_solar,Oriental,Solar,2031,283.95992322516486,0.0,0.0,152.5258051475542,14031803.383250035,1847687.9668508284,55.92159333523021,0.2125248007610629,,
DST_Oriental,DST_Oriental,pv_solar,Oriental,Solar,2032,312.10845591602265,0.0,0.0,167.6454655706778,15005383.599575136,1975887.5675784934,54.4082380508226,0.212524800758628,,
DST_Oriental,DST_Oriental,pv_solar,Oriental,Solar,2033,336.54509387532744,0.0,0.0,180.7713246193235,15792744.187000463,2079568.7282037458,53.105254661133095,0.21252480056058978,,
DST_Oriental,DST_Oriental,pv_solar,Oriental,Solar,2034,361.29105598096595,0.0,0.0,194.06333378250912,16535508.993941262,2177371.3316264655,51.794474332499355,0.21252480016099318,,
DST_Oriental,DST_Oriental,pv_solar,Oriental,Solar,2035,382.3251253764263,0.0,0.0,205.36154157121683,17127055.944427613,2255261.1761218165,50.695902084557375,0.21252480075455676,,
DST_Surocciden,DST_Surocciden,pv_solar,Surocciden,Solar,2024,50.74826904227781,0.0,0.0,27.8566230966177,3350169.9221480247,441137.4833580379,74.70811275055642,0.20796423807104222,,
DST_Surocciden,DST_Surocciden,pv_solar,Surocciden,Solar,2025,111.42554719139895,0.0,0.0,61.163455059965,7038069.678063013,926751.0933836414,71.48110080864353,0.20796423797099883,,
DST_Surocciden,DST_Surocciden,pv_solar,Surocciden,Solar,2026,177.0673297033573,0.0,0.0,97.195391456677,10733827.68163432,1413398.4263576337,68.60230020039454,0.20796423768981337,,
DST_Surocciden,DST_Surocciden,pv_solar,Surocciden,Solar,2027,247.67361710028138,0.0,0.0,135.9524322867538,14405241.972242486,1896853.7536720117,65.82088119346959,0.20796423782683632,,
DST_Surocciden,DST_Surocciden,pv_solar,Surocciden,Solar,2028,318.2799038805536,0.0,0.0,174.7094731168306,17800584.426001575,2343954.976687778,63.29189859957147,0.20796423750014517,,
DST_Surocciden,DST_Surocciden,pv_solar,Surocciden,Solar,2029,386.1281335786446,0.0,0.0,211.9525670394825,20816417.0515048,2741078.087185015,61.00952790038476,0.2079642378347706,,
DST_Surocciden,DST_Surocciden,pv_solar,Surocciden,Solar,2030,446.25380012794096,0.0,0.0,244.9566096213448,23284661.751297466,3066101.898531195,59.048827466060565,0.2079642378510382,,
DST_Surocciden,DST_Surocciden,pv_solar,Surocciden,Solar,2031,506.3794666580955,0.0,0.0,277.9606522032071,25571339.98553352,3367197.7790055247,57.14792891489452,0.20796423785558144,,
DST_Surocciden,DST_Surocciden,pv_solar,Surocciden,Solar,2032,556.5761240202019,0.0,0.0,305.5144859183398,27345577.41139118,3600826.735076135,55.60138642480478,0.2079642378525397,,
DST_Surocciden,DST_Surocciden,pv_solar,Surocciden,Solar,2033,600.1534416164084,0.0,0.0,329.4348470556528,28780451.085312277,3789773.6676997705,54.26982917116969,0.20796423773473596,,
DST_Surocciden,DST_Surocciden,pv_solar,Surocciden,Solar,2034,644.2823704661662,0.0,0.0,353.6579975744508,30134054.103313874,3968007.6092170863,52.93030397193182,0.20796423751496487,,
DST_Surocciden,DST_Surocciden,pv_solar,Surocciden,Solar,2035,681.7919616309799,0.0,0.0,374.2476755154291,31212080.0544435,4109952.848942191,51.80764058714988,0.20796423785153884,,
EL QUIMBO,EL QUIMBO,Hidro,Surocciden,Water,2023,1403.0248074248148,1950204.4823204922,0.0,400.0,46728001.52854285,17512000.0,47.17678950549157,0.4004066231235201,,
EL QUIMBO,EL QUIMBO,Hidro,Surocciden,Water,2024,1403.0248074251926,1950204.4823210174,0.0,400.0,46728001.52854285,17512000.0,47.17678950547924,0.4004066231236279,,
EL QUIMBO,EL QUIMBO,Hidro,Surocciden,Water,2025,1403.0248074249082,1950204.482320622,0.0,400.0,46728001.52854285,17512000.0,47.17678950548852,0.40040662312354675,,
EL QUIMBO,EL QUIMBO,Hidro,Surocciden,Water,2026,1403.0248074041936,1950204.4822918288,0.0,400.0,46728001.52854285,17512000.0,47.17678950616454,0.40040662311763503,,
EL QUIMBO,EL QUIMBO,Hidro,Surocciden,Water,2027,1403.0248074136093,1950204.482304917,0.0,400.0,46728001.52854285,17512000.0,47.17678950585726,0.40040662312032216,,
EL QUIMBO,EL QUIMBO,Hidro,Surocciden,Water,2028,1403.0248066229096,1950204.4812058443,0.0,400.0,46728001.52854285,17512000.0,47.17678953166122,0.4004066228946659,,
EL QUIMBO,EL QUIMBO,Hidro,Surocciden,Water,2029,1403.0248074108908,1950204.4823011379,0.0,400.0,46728001.52854285,17512000.0,47.17678950594597,0.4004066231195464,,
EL QUIMBO,EL QUIMBO,Hidro,Surocciden,Water,2030,1403.0248074121087,1950204.4823028306,0.0,400.0,46728001.52854285,17512000.0,47.17678950590623,0.40040662311989395,,
EL QUIMBO,EL QUIMBO,Hidro,Surocciden,Water,2031,1403.0248074117817,1950204.482302376,0.0,400.0,46728001.52854285,17512000.0,47.1767895059169,0.40040662311980063,,
EL QUIMBO,EL QUIMBO,Hidro,Surocciden,Water,2032,1403.024807410042,1950204.4822999584,0.0,400.0,46728001.52854285,17512000.0,47.176789505973666,0.4004066231193042,,
EL QUIMBO,EL QUIMBO,Hidro,Surocciden,Water,2033,1403.0248071899932,1950204.4819940906,0.0,400.0,46728001.52854285,17512000.0,47.176789513154816,0.4004066230565049,,
EL QUIMBO,EL QUIMBO,Hidro,Surocciden,Water,2034,1403.0248064615598,1950204.4809815679,0.0,400.0,46728001.52854285,17512000.0,47.17678953692676,0.4004066228486186,,
EL QUIMBO,EL QUIMBO,Hidro,Surocciden,Water,2035,1403.024807407714,1950204.4822967222,0.0,400.0,46728001.52854285,17512000.0,47.176789506049644,0.4004066231186398,,
ELTESORITO,ELTESORITO,Thermal,Caribe,GASNACIO,2023,1.0128242161090343e-06,0.0071707954500519625,0.00044916667566550486,200.0,55368001.81117018,28644000.0,82948255464.39815,5.780960137608642e-10,,
ELTESORITO,ELTESORITO,Thermal,Caribe,GASNACIO,2024,8.19158458430514e-07,0.005799641885688039,0.00036327990164968936,200.0,55368001.81117018,28644000.0,102558913910.17876,4.675561977343116e-10,,
ELTESORITO,ELTESORITO,Thermal,Caribe,GASNACIO,2025,1.0740347570782095e-06,0.007604166080113723,0.0004763122896481901,200.0,55368001.81117018,28644000.0,78220933973.60765,6.130335371450967e-10,,
ELTESORITO,ELTESORITO,Thermal,Caribe,GASNACIO,2026,6.860500035564348e-07,0.004857234025179558,0.0003042490439472056,200.0,55368001.81117018,28644000.0,122457548838.29915,3.91581052258239e-10,,
ELTESORITO,ELTESORITO,Thermal,Caribe,GASNACIO,2027,5.472195442289056e-07,0.003874314373140651,0.00024268059514290848,200.0,55368001.81117018,28644000.0,153525221642.85443,3.12339922505083e-10,,
ELTESORITO,ELTESORITO,Thermal,Caribe,GASNACIO,2028,3.4520770079182765e-07,0.00244407052160614,0.00015309250402253924,200.0,55368001.81117018,28644000.0,243366534468.69785,1.9703635889944498e-10,,
ELTESORITO,ELTESORITO,Thermal,Caribe,GASNACIO,2029,3.482767923979134e-07,0.0024657996901772273,0.0001544535829265512,200.0,55368001.81117018,28644000.0,241221935102.84357,1.9878812351479074e-10,,
ELTESORITO,ELTESORITO,Thermal,Caribe,GASNACIO,2030,4.576091511452933e-07,0.003239872790108677,0.000202940231784424,200.0,55368001.81117018,28644000.0,183588989870.82498,2.6119243786831805e-10,,
ELTESORITO,ELTESORITO,Thermal,Caribe,GASNACIO,2031,4.165701185462435e-07,0.0029493164393074034,0.0001847402662308169,200.0,55368001.81117018,28644000.0,201675535699.26385,2.3776833250356356e-10,,
ELTESORITO,ELTESORITO,Thermal,Caribe,GASNACIO,2032,4.206217988917534e-07,0.002978002336153614,0.00018653710299943547,200.0,55368001.81117018,28644000.0,199732876506.87973,2.400809354404985e-10,,
ELTESORITO,ELTESORITO,Thermal,Caribe,GASNACIO,2033,3.5962813101454196e-07,0.0025461671675829564,0.00015948766776545045,200.0,55368001.81117018,28644000.0,233607981602.30472,2.052671980676609e-10,,
ELTESORITO,ELTESORITO,Thermal,Caribe,GASNACIO,2034,2.835937104561088e-07,0.0020078434700292504,0.00012576796855684886,200.0,55368001.81117018,28644000.0,296240708857.9646,1.618685561964091e-10,,
ELTESORITO,ELTESORITO,Thermal,Caribe,GASNACIO,2035,3.485825733713671e-07,0.002467964619469279,0.00015458919048918986,200.0,55368001.81117018,28644000.0,241010332217.99887,1.9896265603388528e-10,,
ESCUELAMINAS,ESCUELAMINAS,RunOfRiver,Antioquia,Water,2023,261.72345954388516,363795.6087660003,0.0,55.0,15260850.499205254,2407900.0,68.89923486185464,0.543220131888512,,
ESCUELAMINAS,ESCUELAMINAS,RunOfRiver,Antioquia,Water,2024,261.7234595441562,363795.608766377,0.0,55.0,15260850.499205254,2407900.0,68.89923486178473,0.5432201318890746,,
ESCUELAMINAS,ESCUELAMINAS,RunOfRiver,Antioquia,Water,2025,261.7234595438815,363795.60876599525,0.0,55.0,15260850.499205254,2407900.0,68.89923486185558,0.5432201318885045,,
ESCUELAMINAS,ESCUELAMINAS,RunOfRiver,Antioquia,Water,2026,261.7234595220018,363795.60873558244,0.0,55.0,15260850.499205254,2407900.0,68.89923486749926,0.543220131843092,,
ESCUELAMINAS,ESCUELAMINAS,RunOfRiver,Antioquia,Water,2027,261.7234595320226,363795.6087495114,0.0,55.0,15260850.499205254,2407900.0,68.89923486491448,0.5432201318638907,,
ESCUELAMINAS,ESCUELAMINAS,RunOfRiver,Antioquia,Water,2028,260.2119376215717,361694.59329398454,0.0,55.0,15260850.499205254,2407900.0,69.29138323669477,0.5400828925312819,,
ESCUELAMINAS,ESCUELAMINAS,RunOfRiver,Antioquia,Water,2029,261.7234595291731,363795.6087455506,0.0,55.0,15260850.499205254,2407900.0,68.89923486564948,0.5432201318579765,,
ESCUELAMINAS,ESCUELAMINAS,RunOfRiver,Antioquia,Water,2030,261.7234595303337,363795.60874716373,0.0,55.0,15260850.499205254,2407900.0,68.89923486535011,0.5432201318603853,,
ESCUELAMINAS,ESCUELAMINAS,RunOfRiver,Antioquia,Water,2031,261.72345952898036,363795.60874528263,0.0,55.0,15260850.499205254,2407900.0,68.8992348656992,0.5432201318575764,,
ESCUELAMINAS,ESCUELAMINAS,RunOfRiver,Antioquia,Water,2032,261.7234595270256,363795.6087425656,0.0,55.0,15260850.499205254,2407900.0,68.8992348662034,0.5432201318535193,,
ESCUELAMINAS,ESCUELAMINAS,RunOfRiver,Antioquia,Water,2033,261.72345921657734,363795.6083110425,0.0,55.0,15260850.499205254,2407900.0,68.89923494628077,0.5432201312091683,,
ESCUELAMINAS,ESCUELAMINAS,RunOfRiver,Antioquia,Water,2034,259.20911259530385,360300.6665074724,0.0,55.0,15260850.499205254,2407900.0,69.55407927290346,0.5380014790271976,,
ESCUELAMINAS,ESCUELAMINAS,RunOfRiver,Antioquia,Water,2035,261.7234595119131,363795.60872155917,0.0,55.0,15260850.499205254,2407900.0,68.89923487010154,0.5432201318221525,,
ESMERALDA,ESMERALDA,RunOfRiver,Surocciden,Water,2023,243.25588108003163,338125.6747012439,0.0,30.0,3520800.11517064,1313400.0,21.262901299270865,0.9256312065450213,,
ESMERALDA,ESMERALDA,RunOfRiver,Surocciden,Water,2024,243.25588107911807,338125.67469997413,0.0,30.0,3520800.11517064,1313400.0,21.2629012993455,0.925631206541545,,
ESMERALDA,ESMERALDA,RunOfRiver,Surocciden,Water,2025,243.25588107882842,338125.67469957145,0.0,30.0,3520800.11517064,1313400.0,21.26290129936917,0.9256312065404427,,
ESMERALDA,ESMERALDA,RunOfRiver,Surocciden,Water,2026,243.25588104641446,338125.6746545161,0.0,30.0,3520800.11517064,1313400.0,21.262901302017237,0.925631206417102,,
ESMERALDA,ESMERALDA,RunOfRiver,Surocciden,Water,2027,243.2558810669356,338125.6746830405,0.0,30.0,3520800.11517064,1313400.0,21.262901300340758,0.9256312064951884,,
ESMERALDA,ESMERALDA,RunOfRiver,Surocciden,Water,2028,243.25588027546198,338125.67358289205,0.0,30.0,3520800.11517064,1313400.0,21.262901365000555,0.9256312034834928,,
ESMERALDA,ESMERALDA,RunOfRiver,Surocciden,Water,2029,243.25588106375872,338125.6746786246,0.0,30.0,3520800.11517064,1313400.0,21.26290130060029,0.9256312064830999,,
ESMERALDA,ESMERALDA,RunOfRiver,Surocciden,Water,2030,243.2558810663317,338125.674682201,0.0,30.0,3520800.11517064,1313400.0,21.262901300390087,0.9256312064928907,,
ESMERALDA,ESMERALDA,RunOfRiver,Surocciden,Water,2031,243.255881065633,338125.67468122975,0.0,30.0,3520800.11517064,1313400.0,21.26290130044717,0.9256312064902319,,
ESMERALDA,ESMERALDA,RunOfRiver,Surocciden,Water,2032,243.25588106193766,338125.6746760933,0.0,30.0,3520800.11517064,1313400.0,21.26290130074906,0.9256312064761705,,
ESMERALDA,ESMERALDA,RunOfRiver,Surocciden,Water,2033,243.25588070764994,338125.6741836334,0.0,30.0,3520800.11517064,1313400.0,21.26290132969276,0.9256312051280438,,
ESMERALDA,ESMERALDA,RunOfRiver,Surocciden,Water,2034,243.25587780036946,338125.6701425135,0.0,30.0,3520800.11517064,1313400.0,21.262901567204384,0.9256311940653326,,
ESMERALDA,ESMERALDA,RunOfRiver,Surocciden,Water,2035,243.25588105761523,338125.67467008514,0.0,30.0,3520800.11517064,1313400.0,21.262901301102186,0.9256312064597229,,
E_Apoto,E_Apoto,Eolica,Caribe,Wind,2027,499.3183439860824,0.0,0.0,75.0,11596500.37933888,2067750.0,27.36580889509588,0.7599974794308711,,
E_Apoto,E_Apoto,Eolica,Caribe,Wind,2028,499.3183438851659,0.0,0.0,75.0,11596500.37933888,2067750.0,27.365808900626742,0.7599974792772691,,
E_Apoto,E_Apoto,Eolica,Caribe,Wind,2029,499.31834397606735,0.0,0.0,75.0,11596500.37933888,2067750.0,27.36580889564477,0.7599974794156275,,
E_Apoto,E_Apoto,Eolica,Caribe,Wind,2030,499.31834398624073,0.0,0.0,75.0,11596500.37933888,2067750.0,27.365808895087206,0.7599974794311121,,
E_Apoto,E_Apoto,Eolica,Caribe,Wind,2031,499.31834398053934,0.0,0.0,75.0,11596500.37933888,2067750.0,27.365808895399677,0.7599974794224342,,
E_Apoto,E_Apoto,Eolica,Caribe,Wind,2032,499.318343955892,0.0,0.0,75.0,11596500.37933888,2067750.0,27.365808896750508,0.7599974793849191,,
E_Apoto,E_Apoto,Eolica,Caribe,Wind,2033,499.3183438632582,0.0,0.0,75.0,11596500.37933888,2067750.0,27.365808901827428,0.759997479243924,,
E_Apoto,E_Apoto,Eolica,Caribe,Wind,2034,499.31834381184365,0.0,0.0,75.0,11596500.37933888,2067750.0,27.36580890464527,0.7599974791656675,,
E_Apoto,E_Apoto,Eolica,Caribe,Wind,2035,499.31834390459176,0.0,0.0,75.0,11596500.37933888,2067750.0,27.365808899562087,0.7599974793068366,,
E_Camelia,E_Camelia,Eolica,Caribe,Wind,2028,1587.1224975726166,0.0,0.0,250.0,38655001.26446293,6892500.0,28.69816371081903,0.7247134692112402,,
E_Camelia,E_Camelia,Eolica,Caribe,Wind,2029,1587.1224976549738,0.0,0.0,250.0,38655001.26446293,6892500.0,28.698163709329858,0.7247134692488463,,
E_Camelia,E_Camelia,Eolica,Caribe,Wind,2030,1587.1224976681676,0.0,0.0,250.0,38655001.26446293,6892500.0,28.69816370909129,0.7247134692548709,,
E_Camelia,E_Camelia,Eolica,Caribe,Wind,2031,1587.1224976563303,0.0,0.0,250.0,38655001.26446293,6892500.0,28.69816370930533,0.7247134692494657,,
E_Camelia,E_Camelia,Eolica,Caribe,Wind,2032,1587.1224976390474,0.0,0.0,250.0,38655001.26446293,6892500.0,28.698163709617837,0.724713469241574,,
E_Camelia,E_Camelia,Eolica,Caribe,Wind,2033,1587.1224975947543,0.0,0.0,250.0,38655001.26446293,6892500.0,28.698163710418736,0.7247134692213488,,
E_Camelia,E_Camelia,Eolica,Caribe,Wind,2034,1587.1224972285238,0.0,0.0,250.0,38655001.26446293,6892500.0,28.69816371704088,0.7247134690541203,,
E_Camelia,E_Camelia,Eolica,Caribe,Wind,2035,1587.1224975888417,0.0,0.0,250.0,38655001.26446293,6892500.0,28.69816371052565,0.724713469218649,,
E_Caribe,E_Caribe,Eolica,Caribe,Wind,2027,727.0371174691911,0.0,0.0,109.20444737248465,18401645.61653879,2888566.8374495916,29.283528918165,0.7599974793227835,,
E_Caribe,E_Caribe,Eolica,Caribe,Wind,2028,727.037116471486,0.0,0.0,109.2044473740734,18401645.616799686,2888566.8374905465,29.283528958765647,0.7599974782687906,,
E_Caribe,E_Caribe,Eolica,Caribe,Wind,2029,727.0371171811287,0.0,0.0,109.20444737584701,18401645.61708324,2888566.837535057,29.283528930633963,0.7599974789982618,,
E_Caribe,E_Caribe,Eolica,Caribe,Wind,2030,1765.4991984135963,0.0,0.0,265.1864116500948,42687982.09551889,6700922.026361946,27.974469864534424,0.7599974792488265,,
E_Caribe,E_Caribe,Eolica,Caribe,Wind,2031,5077.32405693295,0.0,0.0,762.6383225938034,118154145.59268615,18547241.833575428,26.923904382191143,0.7599974793752077,,
E_Caribe,E_Caribe,Eolica,Caribe,Wind,2032,6935.640288566394,0.0,0.0,1041.7662958661297,159465025.580177,25031942.908638112,26.601288534666914,0.759997479387169,,
E_Caribe,E_Caribe,Eolica,Caribe,Wind,2033,10502.329930880198,0.0,0.0,1577.5001146471664,236809733.84306097,37173278.44367275,26.08783137550615,0.7599974793657782,,
E_Caribe,E_Caribe,Eolica,Caribe,Wind,2034,12416.129869428269,0.0,0.0,1864.9620059927847,277328650.0997013,43533660.2515859,25.842377111513095,0.759997479249558,,
E_Caribe,E_Caribe,Eolica,Caribe,Wind,2035,13443.82634824102,0.0,0.0,2019.3269250106528,298586047.749566,46870566.70599516,25.696301447746716,0.7599974793971402,,
E_CasaElec,E_CasaElec,Eolica,Caribe,Wind,2027,1198.3640255867215,0.0,0.0,180.0,27831600.91041331,4962600.0,27.365808894636338,0.7599974794436335,,
E_CasaElec,E_CasaElec,Eolica,Caribe,Wind,2028,1198.3640254850138,0.0,0.0,180.0,27831600.91041331,4962600.0,27.36580889695893,0.7599974793791309,,
E_CasaElec,E_CasaElec,Eolica,Caribe,Wind,2029,1198.3640255974701,0.0,0.0,180.0,27831600.91041331,4962600.0,27.36580889439088,0.7599974794504502,,
E_CasaElec,E_CasaElec,Eolica,Caribe,Wind,2030,1198.3640255814562,0.0,0.0,180.0,27831600.91041331,4962600.0,27.365808894756572,0.7599974794402943,,
E_CasaElec,E_CasaElec,Eolica,Caribe,Wind,2031,1198.36402557431,0.0,0.0,180.0,27831600.91041331,4962600.0,27.365808894919766,0.7599974794357621,,
E_CasaElec,E_CasaElec,Eolica,Caribe,Wind,2032,1198.3640255784858,0.0,0.0,180.0,27831600.91041331,4962600.0,27.365808894824408,0.7599974794384103,,
E_CasaElec,E_CasaElec,Eolica,Caribe,Wind,2033,1198.3640255156183,0.0,0.0,180.0,27831600.91041331,4962600.0,27.36580889626005,0.7599974793985401,,
E_CasaElec,E_CasaElec,Eolica,Caribe,Wind,2034,1198.3640254632978,0.0,0.0,180.0,27831600.91041331,4962600.0,27.365808897454837,0.7599974793653587,,
E_CasaElec,E_CasaElec,Eolica,Caribe,Wind,2035,1198.3640255944188,0.0,0.0,180.0,27831600.91041331,4962600.0,27.36580889446056,0.759997479448515,,
E_GuajiraI,E_GuajiraI,Eolica,Caribe,Wind,2023,134.3879101507059,0.0,0.0,20.0,3092400.1011570347,551400.0,27.114046918884206,0.7670542816821111,,
E_GuajiraI,E_GuajiraI,Eolica,Caribe,Wind,2024,134.3879101539386,0.0,0.0,20.0,3092400.1011570347,551400.0,27.114046918231978,0.7670542817005626,,
E_GuajiraI,E_GuajiraI,Eolica,Caribe,Wind,2025,134.38791015345953,0.0,0.0,20.0,3092400.1011570347,551400.0,27.114046918328636,0.7670542816978282,,
E_GuajiraI,E_GuajiraI,Eolica,Caribe,Wind,2026,134.38791011695884,0.0,0.0,20.0,3092400.1011570347,551400.0,27.114046925692996,0.767054281489491,,
E_GuajiraI,E_GuajiraI,Eolica,Caribe,Wind,2027,134.38791008409964,0.0,0.0,20.0,3092400.1011570347,551400.0,27.11404693232265,0.7670542813019385,,
E_GuajiraI,E_GuajiraI,Eolica,Caribe,Wind,2028,134.38790989505492,0.0,0.0,20.0,3092400.1011570347,551400.0,27.11404697046424,0.767054280222916,,
E_GuajiraI,E_GuajiraI,Eolica,Caribe,Wind,2029,134.38791006625775,0.0,0.0,20.0,3092400.1011570347,551400.0,27.114046935922428,0.7670542812001011,,
E_GuajiraI,E_GuajiraI,Eolica,Caribe,Wind,2030,134.3879100770806,0.0,0.0,20.0,3092400.1011570347,551400.0,27.114046933738816,0.7670542812618754,,
E_GuajiraI,E_GuajiraI,Eolica,Caribe,Wind,2031,134.38791009089746,0.0,0.0,20.0,3092400.1011570347,551400.0,27.11404693095113,0.7670542813407388,,
E_GuajiraI,E_GuajiraI,Eolica,Caribe,Wind,2032,134.38791007487598,0.0,0.0,20.0,3092400.1011570347,551400.0,27.114046934183616,0.767054281249292,,
E_GuajiraI,E_GuajiraI,Eolica,Caribe,Wind,2033,134.38791003069116,0.0,0.0,20.0,3092400.1011570347,551400.0,27.114046943098327,0.7670542809970955,,
E_GuajiraI,E_GuajiraI,Eolica,Caribe,Wind,2034,134.3879100686873,0.0,0.0,20.0,3092400.1011570347,551400.0,27.114046935432246,0.7670542812139683,,
E_GuajiraI,E_GuajiraI,Eolica,Caribe,Wind,2035,134.3879100831738,0.0,0.0,20.0,3092400.1011570347,551400.0,27.114046932509453,0.767054281296654,,
E_ParqueAlph,E_ParqueAlph,Eolica,Caribe,Wind,2029,1424.5118472421177,0.0,0.0,212.0,32779441.072264567,5844840.0,27.114046925648193,0.7670542814907584,,
E_ParqueAlph,E_ParqueAlph,Eolica,Caribe,Wind,2030,1424.5118472185418,0.0,0.0,212.0,32779441.072264567,5844840.0,27.114046926096933,0.7670542814780636,,
E_ParqueAlph,E_ParqueAlph,Eolica,Caribe,Wind,2031,1424.5118472205052,0.0,0.0,212.0,32779441.072264567,5844840.0,27.11404692605956,0.7670542814791208,,
E_ParqueAlph,E_ParqueAlph,Eolica,Caribe,Wind,2032,1424.511847220266,0.0,0.0,212.0,32779441.072264567,5844840.0,27.114046926064116,0.767054281478992,,
E_ParqueAlph,E_ParqueAlph,Eolica,Caribe,Wind,2033,1424.5118471924268,0.0,0.0,212.0,32779441.072264567,5844840.0,27.114046926594007,0.7670542814640015,,
E_ParqueAlph,E_ParqueAlph,Eolica,Caribe,Wind,2034,1424.5118470247162,0.0,0.0,212.0,32779441.072264567,5844840.0,27.114046929786195,0.7670542813736947,,
E_ParqueAlph,E_ParqueAlph,Eolica,Caribe,Wind,2035,1424.5118472436359,0.0,0.0,212.0,32779441.072264567,5844840.0,27.114046925619295,0.7670542814915761,,
E_ParqueBeta,E_ParqueBeta,Eolica,Caribe,Wind,2029,1881.4307416418114,0.0,0.0,280.0,43293601.416198485,7719600.0,27.114046925629765,0.7670542814912797,,
E_ParqueBeta,E_ParqueBeta,Eolica,Caribe,Wind,2030,1881.4307416313445,0.0,0.0,280.0,43293601.416198485,7719600.0,27.11404692578061,0.7670542814870125,,
E_ParqueBeta,E_ParqueBeta,Eolica,Caribe,Wind,2031,1881.4307416474426,0.0,0.0,280.0,43293601.416198485,7719600.0,27.114046925548607,0.7670542814935756,,
E_ParqueBeta,E_ParqueBeta,Eolica,Caribe,Wind,2032,1881.430741652881,0.0,0.0,280.0,43293601.416198485,7719600.0,27.11404692547024,0.7670542814957927,,
E_ParqueBeta,E_ParqueBeta,Eolica,Caribe,Wind,2033,1881.430741604468,0.0,0.0,280.0,43293601.416198485,7719600.0,27.114046926167934,0.7670542814760549,,
E_ParqueBeta,E_ParqueBeta,Eolica,Caribe,Wind,2034,1881.4307413848135,0.0,0.0,280.0,43293601.416198485,7719600.0,27.114046929333462,0.7670542813865024,,
E_ParqueBeta,E_ParqueBeta,Eolica,Caribe,Wind,2035,1881.4307416306028,0.0,0.0,280.0,43293601.416198485,7719600.0,27.114046925791296,0.7670542814867101,,
E_Wesp01,E_Wesp01,Eolica,Caribe,Wind,2023,79.89093507890402,0.0,0.0,12.0,2303434.1467522476,330840.0,32.97337982276106,0.7599974798221462,,
E_Wesp01,E_Wesp01,Eolica,Caribe,Wind,2024,79.89093506979373,0.0,0.0,12.0,2303434.1467522476,330840.0,32.97337982652114,0.7599974797354806,,
E_Wesp01,E_Wesp01,Eolica,Caribe,Wind,2025,79.89093506186802,0.0,0.0,12.0,2303434.1467522476,330840.0,32.97337982979233,0.7599974796600838,,
E_Wesp01,E_Wesp01,Eolica,Caribe,Wind,2026,79.89093501902235,0.0,0.0,12.0,2303434.1467522476,330840.0,32.97337984747602,0.7599974792524956,,
E_Wesp01,E_Wesp01,Eolica,Caribe,Wind,2027,79.8909350040208,0.0,0.0,12.0,2303434.1467522476,330840.0,32.9733798536676,0.7599974791097868,,
E_Wesp01,E_Wesp01,Eolica,Caribe,Wind,2028,79.89093476346115,0.0,0.0,12.0,2303434.1467522476,330840.0,32.97337995295378,0.7599974768213578,,
E_Wesp01,E_Wesp01,Eolica,Caribe,Wind,2029,79.8909349804436,0.0,0.0,12.0,2303434.1467522476,330840.0,32.97337986339862,0.7599974788854983,,
E_Wesp01,E_Wesp01,Eolica,Caribe,Wind,2030,79.89093498234615,0.0,0.0,12.0,2303434.1467522476,330840.0,32.973379862613385,0.7599974789035971,,
E_Wesp01,E_Wesp01,Eolica,Caribe,Wind,2031,79.89093496271298,0.0,0.0,12.0,2303434.1467522476,330840.0,32.973379870716585,0.7599974787168279,,
E_Wesp01,E_Wesp01,Eolica,Caribe,Wind,2032,79.89093495975781,0.0,0.0,12.0,2303434.1467522476,330840.0,32.97337987193627,0.7599974786887157,,
E_Wesp01,E_Wesp01,Eolica,Caribe,Wind,2033,79.89093479744957,0.0,0.0,12.0,2303434.1467522476,330840.0,32.97337993892573,0.7599974771446876,,
E_Wesp01,E_Wesp01,Eolica,Caribe,Wind,2034,79.89093437954376,0.0,0.0,12.0,2303434.1467522476,330840.0,32.97338011140797,0.7599974731691757,,
E_Wesp01,E_Wesp01,Eolica,Caribe,Wind,2035,79.8909348959212,0.0,0.0,12.0,2303434.1467522476,330840.0,32.97337989828354,0.7599974780814421,,
E_Windpeshi,E_Windpeshi,Eolica,Caribe,Wind,2028,1343.879100990736,0.0,0.0,200.0,30924001.011570346,5514000.0,27.114046929301516,0.7670542813874063,,
E_Windpeshi,E_Windpeshi,Eolica,Caribe,Wind,2029,1343.87910110848,0.0,0.0,200.0,30924001.011570346,5514000.0,27.11404692692592,0.7670542814546117,,
E_Windpeshi,E_Windpeshi,Eolica,Caribe,Wind,2030,1343.879101130331,0.0,0.0,200.0,30924001.011570346,5514000.0,27.114046926485056,0.7670542814670838,,
E_Windpeshi,E_Windpeshi,Eolica,Caribe,Wind,2031,1343.8791011229146,0.0,0.0,200.0,30924001.011570346,5514000.0,27.11404692663469,0.7670542814628506,,
E_Windpeshi,E_Windpeshi,Eolica,Caribe,Wind,2032,1343.8791011366973,0.0,0.0,200.0,30924001.011570346,5514000.0,27.11404692635661,0.7670542814707174,,
E_Windpeshi,E_Windpeshi,Eolica,Caribe,Wind,2033,1343.879101123655,0.0,0.0,200.0,30924001.011570346,5514000.0,27.11404692661975,0.7670542814632733,,
E_Windpeshi,E_Windpeshi,Eolica,Caribe,Wind,2034,1343.8791005612911,0.0,0.0,200.0,30924001.011570346,5514000.0,27.114046937965977,0.7670542811422894,,
E_Windpeshi,E_Windpeshi,Eolica,Caribe,Wind,2035,1343.8791010669806,0.0,0.0,200.0,30924001.011570346,5514000.0,27.11404692776321,0.7670542814309249,,
FLORES 1,FLORES 1,Thermal,Caribe,GASIMPOR,2023,1.6042711831218838e-07,0.0011358239976502938,6.87836082577057e-05,160.0,18820800.61565655,22915200.0,260155521434.8166,1.1445998738027136e-10,,
FLORES 1,FLORES 1,Thermal,Caribe,GASIMPOR,2024,2.1896010053633622e-07,0.0015502375117972605,9.387979998525577e-05,160.0,18820800.61565655,22915200.0,190610072405.77484,1.5622153291690653e-10,,
FLORES 1,FLORES 1,Thermal,Caribe,GASIMPOR,2025,2.3954009910238074e-07,0.0016959439016448559,0.00010270353611044308,160.0,18820800.61565655,22915200.0,174233878894.38214,1.7090475107190403e-10,,
FLORES 1,FLORES 1,Thermal,Caribe,GASIMPOR,2026,2.0776815379664117e-07,0.0014709985288802194,8.908121924477129e-05,160.0,18820800.61565655,22915200.0,200877756549.62897,1.4823641109920173e-10,,
FLORES 1,FLORES 1,Thermal,Caribe,GASIMPOR,2027,2.010552519756595e-07,0.0014234711839876692,8.620304245031995e-05,160.0,18820800.61565655,22915200.0,207584732092.11536,1.4344695489130954e-10,,
FLORES 1,FLORES 1,Thermal,Caribe,GASIMPOR,2028,1.670038709496339e-07,0.001182387406323408,7.160341068126838e-05,160.0,18820800.61565655,22915200.0,249910378600.9005,1.1915230518666802e-10,,
FLORES 1,FLORES 1,Thermal,Caribe,GASIMPOR,2029,1.7895390347561752e-07,0.001266993636607372,7.672702297688144e-05,160.0,18820800.61565655,22915200.0,233222074547.31537,1.2767829871262662e-10,,
FLORES 1,FLORES 1,Thermal,Caribe,GASIMPOR,2030,2.0859419799818677e-07,0.0014768469218271623,8.943538817431657e-05,160.0,18820800.61565655,22915200.0,200082269869.73145,1.4882576911971084e-10,,
FLORES 1,FLORES 1,Thermal,Caribe,GASIMPOR,2031,2.0278118178768017e-07,0.0014356907670567754,8.694304003501323e-05,160.0,18820800.61565655,22915200.0,205817917861.784,1.44678354585959e-10,,
FLORES 1,FLORES 1,Thermal,Caribe,GASIMPOR,2032,2.06405954995305e-07,0.0014613541613667594,8.8497172422102e-05,160.0,18820800.61565655,22915200.0,202203471397.263,1.472645226850064e-10,,
FLORES 1,FLORES 1,Thermal,Caribe,GASIMPOR,2033,1.9386473100728795e-07,0.0013725622955315987,8.312008501356774e-05,160.0,18820800.61565655,22915200.0,215284133427.3439,1.3831673159766547e-10,,
FLORES 1,FLORES 1,Thermal,Caribe,GASIMPOR,2034,1.6991337110330881e-07,0.0012029866674114261,7.285086760065696e-05,160.0,18820800.61565655,22915200.0,245631055083.26175,1.2122814719128764e-10,,
FLORES 1,FLORES 1,Thermal,Caribe,GASIMPOR,2035,1.9706346600940542e-07,0.00139520933934659,8.449155224193059e-05,160.0,18820800.61565655,22915200.0,211789640475.82416,1.4059893408205293e-10,,
FLORES4,FLORES4,Thermal,Caribe,GASNACIO,2023,408.05553821160964,2889033.210538196,168685.83410797434,445.0,123193804.02985366,63732900.0,465.17132955062874,0.10467793807696105,,
FLORES4,FLORES4,Thermal,Caribe,GASNACIO,2024,15.48620031951912,109642.29826219537,6401.831058365818,445.0,123193804.02985366,63732900.0,12077.613776722972,0.003972654127422687,,
FLORES4,FLORES4,Thermal,Caribe,GASNACIO,2025,64.53243630023736,456889.6490056805,26677.025122693343,445.0,123193804.02985366,63732900.0,2903.711752134331,0.016554419039617605,,
FLORES4,FLORES4,Thermal,Caribe,GASNACIO,2026,54.35362352165698,384823.6545333314,22469.211815443665,445.0,123193804.02985366,63732900.0,3446.1644973817333,0.013943261895658757,,
FLORES4,FLORES4,Thermal,Caribe,GASNACIO,2027,15.716028305538579,111269.48040321315,6496.839511609609,445.0,123193804.02985366,63732900.0,11901.09675765484,0.0040316115913854025,,
FLORES4,FLORES4,Thermal,Caribe,GASNACIO,2028,4.3468551755789113e-07,0.003077573464309869,0.00017969438529194607,445.0,123193804.02985366,63732900.0,430027448540.51056,1.1150929084138603e-10,,
FLORES4,FLORES4,Thermal,Caribe,GASNACIO,2029,4.2122757269234377e-07,0.0029822912146617933,0.00017413101353874435,445.0,123193804.02985366,63732900.0,443766543671.54517,1.0805694235604732e-10,,
FLORES4,FLORES4,Thermal,Caribe,GASNACIO,2030,5.803699896157727e-07,0.00410901952647967,0.00023991880178527046,445.0,123193804.02985366,63732900.0,322081960436.506,1.4888153240361514e-10,,
FLORES4,FLORES4,Thermal,Caribe,GASNACIO,2031,5.122243088410429e-07,0.0036265481065945837,0.00021174809969721337,445.0,123193804.02985366,63732900.0,364931341225.1363,1.3140021262147729e-10,,
FLORES4,FLORES4,Thermal,Caribe,GASNACIO,2032,5.144332151659579e-07,0.003642187163374982,0.00021266123815752625,445.0,123193804.02985366,63732900.0,363364375632.69055,1.3196686038837356e-10,,
FLORES4,FLORES4,Thermal,Caribe,GASNACIO,2033,4.23094469807232e-07,0.0029955088462352026,0.00017490276901692975,445.0,123193804.02985366,63732900.0,441808431384.1674,1.0853585496055408e-10,,
FLORES4,FLORES4,Thermal,Caribe,GASNACIO,2034,3.2159214148841444e-07,0.002276872361737974,0.00013294278241461074,445.0,123193804.02985366,63732900.0,581253954673.7172,8.249759927361716e-11,,
FLORES4,FLORES4,Thermal,Caribe,GASNACIO,2035,4.0196827564869963e-07,0.0028459353915927937,0.00016616942428945055,445.0,123193804.02985366,63732900.0,465028499403.4312,1.031163808036272e-10,,
GEO_Surocciden,GEO_Surocciden,Geothermal,Surocciden,Geothermal,2024,2.9043918424731377e-07,0.0,0.0,3.005063680596682e-08,0.008676404052334153,0.004362150438754144,44.8925461792571,1.1033096647228615,,
GEO_Surocciden,GEO_Surocciden,Geothermal,Surocciden,Geothermal,2025,3.6573911570088743e-07,0.0,0.0,5.2417417981904325e-08,0.014753523336625635,0.007417475114168382,60.61970814444177,0.7965108204974446,,
GEO_Surocciden,GEO_Surocciden,Geothermal,Surocciden,Geothermal,2026,2.411871182281173e-07,0.0,0.0,5.5999531861151773e-08,0.01566960686555041,0.007878045406192623,97.63229663647053,0.49166082533875954,,
GEO_Surocciden,GEO_Surocciden,Geothermal,Surocciden,Geothermal,2027,3.237865918422178e-07,0.0,0.0,7.807086903216547e-08,0.020982250511097224,0.010549030345280017,97.38291100004082,0.47344086425869397,,
GEO_Surocciden,GEO_Surocciden,Geothermal,Surocciden,Geothermal,2028,3.9939211524558325e-07,0.0,0.0,1.0146525378314536e-07,0.02626833286746596,0.013206655847376085,98.83767657899097,0.44934305606979075,,
GEO_Surocciden,GEO_Surocciden,Geothermal,Surocciden,Geothermal,2029,4.906985914720973e-07,0.0,0.0,1.2752065856763772e-07,0.03178597355981952,0.015980696628566635,97.34421703776648,0.439268598307875,,
GEO_Surocciden,GEO_Surocciden,Geothermal,Surocciden,Geothermal,2030,8.036486081367817e-07,0.0,0.0,1.8003241991797422e-07,0.042222968457767074,0.021227986893260362,78.95360572842307,0.5095788232653431,,
GEO_Surocciden,GEO_Surocciden,Geothermal,Surocciden,Geothermal,2031,122.13126714117162,0.0,0.0,13.941925595218267,2597886.505687654,1306107.4779734274,31.96555701946867,0.9999999912148588,,
GEO_Surocciden,GEO_Surocciden,Geothermal,Surocciden,Geothermal,2032,558.5960759812665,0.0,0.0,63.766675479203755,11288409.349282201,5675339.444799883,30.3685427153824,0.999999997822114,,
GEO_Surocciden,GEO_Surocciden,Geothermal,Surocciden,Geothermal,2033,558.5960752908081,0.0,0.0,63.76667548169187,11288409.349686999,5675339.445003399,30.36854275400875,0.9999999965470349,,
GEO_Surocciden,GEO_Surocciden,Geothermal,Surocciden,Geothermal,2034,638.885343545888,0.0,0.0,72.93211721868363,12671182.817021158,6370538.200754224,29.804598290033727,0.9999999948507493,,
GEO_Surocciden,GEO_Surocciden,Geothermal,Surocciden,Geothermal,2035,1313.9999997623017,0.0,0.0,150.00000015595631,23506884.354439262,11818312.709824156,26.883711621502,0.9999999987793945,,
GUAJIRA1,GUAJIRA1,Thermal,Caribe,CARBON,2023,1198.4609925867626,10056415.654941171,1131833.3926265961,145.0,17108550.55964629,20766900.0,39.99451505812563,0.9435214868420424,,
GUAJIRA1,GUAJIRA1,Thermal,Caribe,CARBON,2024,528.2732570202711,4432797.967432231,498904.27508750896,145.0,17108550.55964629,20766900.0,80.08781055039296,0.41589769880355143,,
GUAJIRA1,GUAJIRA1,Thermal,Caribe,CARBON,2025,535.815534582396,4496086.033225641,506027.24500816193,145.0,17108550.55964629,20766900.0,79.07858928706773,0.42183556493654223,,
GUAJIRA1,GUAJIRA1,Thermal,Caribe,CARBON,2026,579.5902500132065,4863404.399256754,547368.3357768971,145.0,17108550.55964629,20766900.0,73.73977557063667,0.45629841758243306,,
GUAJIRA1,GUAJIRA1,Thermal,Caribe,CARBON,2027,383.74583004197257,3220052.7147929734,362411.74924287014,145.0,17108550.55964629,20766900.0,107.090423028035,0.302114493813551,,
GUAJIRA1,GUAJIRA1,Thermal,Caribe,CARBON,2028,131.48123439079714,1103273.2412964865,124171.62720170483,145.0,17108550.55964629,20766900.0,296.45845645993603,0.10351222987781226,,
GUAJIRA1,GUAJIRA1,Thermal,Caribe,CARBON,2029,0.6478946153598325,5436.553707595966,611.8753677451331,145.0,17108550.55964629,20766900.0,58467.66775845995,0.0005100729139976637,,
GUAJIRA1,GUAJIRA1,Thermal,Caribe,CARBON,2030,36.67363306831035,307732.41681875166,34634.78810942079,145.0,17108550.55964629,20766900.0,1041.1617225199075,0.02887232960818008,,
GUAJIRA1,GUAJIRA1,Thermal,Caribe,CARBON,2031,14.881014376978039,124868.19918856281,14053.714799400006,145.0,17108550.55964629,20766900.0,2553.610781911748,0.011715489196172284,,
GUAJIRA1,GUAJIRA1,Thermal,Caribe,CARBON,2032,15.562172491216108,130583.87050860206,14697.004405087691,145.0,17108550.55964629,20766900.0,2442.20621841886,0.012251749717537478,,
GUAJIRA1,GUAJIRA1,Thermal,Caribe,CARBON,2033,1.093184880701203,9173.032427446902,1032.4100324880362,145.0,17108550.55964629,20766900.0,34655.27584663754,0.0008606399627627167,,
GUAJIRA1,GUAJIRA1,Thermal,Caribe,CARBON,2034,5.98769316369063e-07,0.005024338016905747,0.0005654811553640463,145.0,17108550.55964629,20766900.0,63255496781.87813,4.71397666799766e-10,,
GUAJIRA1,GUAJIRA1,Thermal,Caribe,CARBON,2035,7.177700675086717e-07,0.006022886175012347,0.0006778661430445745,145.0,17108550.55964629,20766900.0,52768222415.75515,5.650842918506312e-10,,
GUAJIRA2,GUAJIRA2,Thermal,Caribe,CARBON,2023,957.4441759699885,8034017.51038617,909656.2222589742,130.0,15362100.502517294,18618600.0,43.882159469337495,0.8407483104759292,,
GUAJIRA2,GUAJIRA2,Thermal,Caribe,CARBON,2024,344.5471621667226,2891132.458137257,327350.1242086572,130.0,15362100.502517294,18618600.0,107.01534364347101,0.3025528294403957,,
GUAJIRA2,GUAJIRA2,Thermal,Caribe,CARBON,2025,354.4329118797316,2974084.851906999,336742.4563819904,130.0,15362100.502517294,18618600.0,104.26454235989243,0.3112336774497116,,
GUAJIRA2,GUAJIRA2,Thermal,Caribe,CARBON,2026,388.990975023214,3264065.2929478474,369575.65747785533,130.0,15362100.502517294,18618600.0,95.74712059384531,0.3415797111197874,,
GUAJIRA2,GUAJIRA2,Thermal,Caribe,CARBON,2027,237.24602577307067,1990757.0312382618,225404.60213468515,130.0,15362100.502517294,18618600.0,151.6209066792242,0.20832984349584704,,
GUAJIRA2,GUAJIRA2,Thermal,Caribe,CARBON,2028,35.646258786859256,299111.6082389341,33867.08271828954,130.0,15362100.502517294,18618600.0,961.6664771393413,0.03130159710823608,,
GUAJIRA2,GUAJIRA2,Thermal,Caribe,CARBON,2029,5.453115828668722e-06,0.045757684002102866,0.005180939911428209,130.0,15362100.502517294,18618600.0,6231428345.906003,4.788475437889639e-09,,
GUAJIRA2,GUAJIRA2,Thermal,Caribe,CARBON,2030,22.270870575059615,186877.28085066084,21159.28688291724,130.0,15362100.502517294,18618600.0,1534.1824051382646,0.01955643710489955,,
GUAJIRA2,GUAJIRA2,Thermal,Caribe,CARBON,2031,11.20461192336911,94019.10904960244,10645.36733304991,130.0,15362100.502517294,18618600.0,3041.1334051202894,0.00983896375427565,,
GUAJIRA2,GUAJIRA2,Thermal,Caribe,CARBON,2032,8.807021957394863,73900.67264066129,8367.44587745737,130.0,15362100.502517294,18618600.0,3866.7555661722663,0.007733598487350598,,
GUAJIRA2,GUAJIRA2,Thermal,Caribe,CARBON,2033,2.510301172828421e-06,0.02106420832150807,0.0023850070206902084,130.0,15362100.502517294,18618600.0,13536503464.759398,2.2043389294243247e-09,,
GUAJIRA2,GUAJIRA2,Thermal,Caribe,CARBON,2034,5.825600465017606e-07,0.004888324282410417,0.0005534833094607648,130.0,15362100.502517294,18618600.0,58329953644.19131,5.115560647187921e-10,,
GUAJIRA2,GUAJIRA2,Thermal,Caribe,CARBON,2035,7.026501706879656e-07,0.005896013487432707,0.0006675794953685879,130.0,15362100.502517294,18618600.0,48360766034.03194,6.170092823041496e-10,,
GUATAPE,GUATAPE,Hidro,Antioquia,Water,2023,3775.023600539723,5247282.804750213,0.0,560.0,66376802.17128452,24516800.0,25.467624881150222,0.7695335128301782,,
GUATAPE,GUATAPE,Hidro,Antioquia,Water,2024,3775.0236005400357,5247282.80475065,0.0,560.0,66376802.17128452,24516800.0,25.467624881148225,0.769533512830242,,
GUATAPE,GUATAPE,Hidro,Antioquia,Water,2025,3775.0236005397305,5247282.804750225,0.0,560.0,66376802.17128452,24516800.0,25.467624881150172,0.7695335128301798,,
GUATAPE,GUATAPE,Hidro,Antioquia,Water,2026,3775.023600517836,5247282.804719793,0.0,560.0,66376802.17128452,24516800.0,25.46762488128982,0.7695335128257165,,
GUATAPE,GUATAPE,Hidro,Antioquia,Water,2027,3775.0236005278994,5247282.804733779,0.0,560.0,66376802.17128452,24516800.0,25.467624881225635,0.7695335128277679,,
GUATAPE,GUATAPE,Hidro,Antioquia,Water,2028,3773.7068438491506,5245452.512950318,0.0,560.0,66376802.17128452,24516800.0,25.476026268689644,0.7692650937396343,,
GUATAPE,GUATAPE,Hidro,Antioquia,Water,2029,3775.0236005249812,5247282.804729722,0.0,560.0,66376802.17128452,24516800.0,25.46762488124425,0.7695335128271731,,
GUATAPE,GUATAPE,Hidro,Antioquia,Water,2030,3775.0236005261468,5247282.804731345,0.0,560.0,66376802.17128452,24516800.0,25.467624881236812,0.7695335128274107,,
GUATAPE,GUATAPE,Hidro,Antioquia,Water,2031,3775.0236005248007,5247282.804729472,0.0,560.0,66376802.17128452,24516800.0,25.4676248812454,0.7695335128271363,,
GUATAPE,GUATAPE,Hidro,Antioquia,Water,2032,3775.02360052293,5247282.804726873,0.0,560.0,66376802.17128452,24516800.0,25.46762488125733,0.769533512826755,,
GUATAPE,GUATAPE,Hidro,Antioquia,Water,2033,3775.023600207009,5247282.804287743,0.0,560.0,66376802.17128452,24516800.0,25.467624883272315,0.7695335127623549,,
GUATAPE,GUATAPE,Hidro,Antioquia,Water,2034,3745.3795816346424,5206077.618472152,0.0,560.0,66376802.17128452,24516800.0,25.658195036086223,0.7634906192177596,,
GUATAPE,GUATAPE,Hidro,Antioquia,Water,2035,3775.023600507574,5247282.804705527,0.0,560.0,66376802.17128452,24516800.0,25.46762488135527,0.7695335128236247,,
GUAVIO,GUAVIO,Hidro,Oriental,Water,2023,4628.71737994235,6433917.158119867,0.0,1250.0,148275004.85029727,54725000.0,45.246642820743055,0.42271391597647023,,
GUAVIO,GUAVIO,Hidro,Oriental,Water,2024,4628.717379943675,6433917.158121707,0.0,1250.0,148275004.85029727,54725000.0,45.2466428207305,0.4227139159765913,,
GUAVIO,GUAVIO,Hidro,Oriental,Water,2025,4628.717379944238,6433917.15812249,0.0,1250.0,148275004.85029727,54725000.0,45.246642820725164,0.4227139159766426,,
GUAVIO,GUAVIO,Hidro,Oriental,Water,2026,4628.717379924546,6433917.158095117,0.0,1250.0,148275004.85029727,54725000.0,45.246642820911745,0.42271391597484426,,
GUAVIO,GUAVIO,Hidro,Oriental,Water,2027,4628.717379933387,6433917.1581074055,0.0,1250.0,148275004.85029727,54725000.0,45.24664282082798,0.4227139159756517,,
GUAVIO,GUAVIO,Hidro,Oriental,Water,2028,4628.717379542307,6433917.1575638065,0.0,1250.0,148275004.85029727,54725000.0,45.24664282453342,0.4227139159399367,,
GUAVIO,GUAVIO,Hidro,Oriental,Water,2029,4628.717379929908,6433917.158102571,0.0,1250.0,148275004.85029727,54725000.0,45.24664282086095,0.4227139159753339,,
GUAVIO,GUAVIO,Hidro,Oriental,Water,2030,4628.717379931656,6433917.158105002,0.0,1250.0,148275004.85029727,54725000.0,45.246642820844386,0.42271391597549357,,
GUAVIO,GUAVIO,Hidro,Oriental,Water,2031,4628.717379931412,6433917.158104664,0.0,1250.0,148275004.85029727,54725000.0,45.24664282084669,0.42271391597547137,,
GUAVIO,GUAVIO,Hidro,Oriental,Water,2032,4628.717379930125,6433917.158102874,0.0,1250.0,148275004.85029727,54725000.0,45.24664282085888,0.42271391597535385,,
GUAVIO,GUAVIO,Hidro,Oriental,Water,2033,4628.71737979588,6433917.157916273,0.0,1250.0,148275004.85029727,54725000.0,45.246642822130845,0.42271391596309393,,
GUAVIO,GUAVIO,Hidro,Oriental,Water,2034,4628.717379315081,6433917.157247962,0.0,1250.0,148275004.85029727,54725000.0,45.24664282668637,0.4227139159191854,,
GUAVIO,GUAVIO,Hidro,Oriental,Water,2035,4628.717379928281,6433917.158100309,0.0,1250.0,148275004.85029727,54725000.0,45.24664282087636,0.4227139159751853,,
H_ALBAN,H_ALBAN,Hidro,Surocciden,Water,2023,1489.4117542646513,2070282.3384278654,0.0,427.0,52380091.71343117,18694060.0,49.10961246439991,0.3981830746165375,,
H_ALBAN,H_ALBAN,Hidro,Surocciden,Water,2024,1489.4117542647675,2070282.338428027,0.0,427.0,52380091.71343117,18694060.0,49.10961246439618,0.3981830746165686,,
H_ALBAN,H_ALBAN,Hidro,Surocciden,Water,2025,1489.4117542645768,2070282.3384277616,0.0,427.0,52380091.71343117,18694060.0,49.10961246440229,0.39818307461651764,,
H_ALBAN,H_ALBAN,Hidro,Surocciden,Water,2026,1489.4117542438928,2070282.3383990107,0.0,427.0,52380091.71343117,18694060.0,49.109612465064984,0.3981830746109879,,
H_ALBAN,H_ALBAN,Hidro,Surocciden,Water,2027,1489.4117542533058,2070282.3384120949,0.0,427.0,52380091.71343117,18694060.0,49.109612464763394,0.39818307461350444,,
H_ALBAN,H_ALBAN,Hidro,Surocciden,Water,2028,1489.4117534653476,2070282.3373168327,0.0,427.0,52380091.71343117,18694060.0,49.10961249000897,0.3981830744028497,,
H_ALBAN,H_ALBAN,Hidro,Surocciden,Water,2029,1489.4117542507142,2070282.3384084923,0.0,427.0,52380091.71343117,18694060.0,49.10961246484643,0.3981830746128116,,
H_ALBAN,H_ALBAN,Hidro,Surocciden,Water,2030,1489.4117542519564,2070282.3384102192,0.0,427.0,52380091.71343117,18694060.0,49.10961246480663,0.3981830746131437,,
H_ALBAN,H_ALBAN,Hidro,Surocciden,Water,2031,1489.4117542516299,2070282.3384097654,0.0,427.0,52380091.71343117,18694060.0,49.109612464817104,0.39818307461305635,,
H_ALBAN,H_ALBAN,Hidro,Surocciden,Water,2032,1489.4117542499182,2070282.3384073859,0.0,427.0,52380091.71343117,18694060.0,49.10961246487194,0.3981830746125987,,
H_ALBAN,H_ALBAN,Hidro,Surocciden,Water,2033,1489.4117540297173,2070282.3381013067,0.0,427.0,52380091.71343117,18694060.0,49.109612471927015,0.39818307455372964,,
H_ALBAN,H_ALBAN,Hidro,Surocciden,Water,2034,1489.4117532979858,2070282.3370842,0.0,427.0,52380091.71343117,18694060.0,49.10961249537113,0.3981830743581068,,
H_ALBAN,H_ALBAN,Hidro,Surocciden,Water,2035,1489.4117542477757,2070282.3384044082,0.0,427.0,52380091.71343117,18694060.0,49.109612464940575,0.398183074612026,,
H_AguaFresca,H_AguaFresca,Hidro,Antioquia,Water,2023,59.97433296096917,83364.32281574715,0.0,7.29,815532.3266772827,319156.2,20.309568933192292,0.9391474679295645,,
H_AguaFresca,H_AguaFresca,Hidro,Antioquia,Water,2024,59.97433295960482,83364.32281385071,0.0,7.29,815532.3266772827,319156.2,20.309568933622685,0.9391474679081999,,
H_AguaFresca,H_AguaFresca,Hidro,Antioquia,Water,2025,59.97433296097323,83364.32281575278,0.0,7.29,815532.3266772827,319156.2,20.30956893319101,0.9391474679296281,,
H_AguaFresca,H_AguaFresca,Hidro,Antioquia,Water,2026,59.97433293909954,83364.32278534835,0.0,7.29,815532.3266772827,319156.2,20.30956894009131,0.9391474675871045,,
H_AguaFresca,H_AguaFresca,Hidro,Antioquia,Water,2027,59.97433295896265,83364.32281295807,0.0,7.29,815532.3266772827,319156.2,20.309568933825272,0.9391474678981441,,
H_AguaFresca,H_AguaFresca,Hidro,Antioquia,Water,2028,59.135192109387106,82197.91703204808,0.0,7.29,815532.3266772827,319156.2,20.578041607751242,0.9260072299795663,,
H_AguaFresca,H_AguaFresca,Hidro,Antioquia,Water,2029,59.97433294088267,83364.32278782691,0.0,7.29,815532.3266772827,319156.2,20.309568939528802,0.9391474676150268,,
H_AguaFresca,H_AguaFresca,Hidro,Antioquia,Water,2030,59.974332922694146,83364.32276254485,0.0,7.29,815532.3266772827,319156.2,20.309568945266573,0.9391474673302098,,
H_AguaFresca,H_AguaFresca,Hidro,Antioquia,Water,2031,59.97433294960192,83364.32279994668,0.0,7.29,815532.3266772827,319156.2,20.309568936778216,0.9391474677515629,,
H_AguaFresca,H_AguaFresca,Hidro,Antioquia,Water,2032,59.974332956517465,83364.32280955926,0.0,7.29,815532.3266772827,319156.2,20.30956893459663,0.9391474678598545,,
H_AguaFresca,H_AguaFresca,Hidro,Antioquia,Water,2033,59.97433230844706,83364.32190874142,0.0,7.29,815532.3266772827,319156.2,20.309569139037634,0.9391474577116186,,
H_AguaFresca,H_AguaFresca,Hidro,Antioquia,Water,2034,57.82416758062128,80375.59293706357,0.0,7.29,815532.3266772827,319156.2,21.0130845017396,0.9054776916621453,,
H_AguaFresca,H_AguaFresca,Hidro,Antioquia,Water,2035,59.974332954114125,83364.32280621864,0.0,7.29,815532.3266772827,319156.2,20.30956893535479,0.9391474678222202,,
H_Alejandria,H_Alejandria,Hidro,Antioquia,Water,2023,94.56387161760804,131443.7815484752,0.0,15.0,1679400.0549356886,656700.0,26.093938353775066,0.7196641675617049,,
H_Alejandria,H_Alejandria,Hidro,Antioquia,Water,2024,94.5638716200469,131443.78155186516,0.0,15.0,1679400.0549356886,656700.0,26.09393835313794,0.7196641675802654,,
H_Alejandria,H_Alejandria,Hidro,Antioquia,Water,2025,94.56387161945199,131443.78155103824,0.0,15.0,1679400.0549356886,656700.0,26.093938353293353,0.7196641675757379,,
H_Alejandria,H_Alejandria,Hidro,Antioquia,Water,2026,94.56387160361948,131443.78152903105,0.0,15.0,1679400.0549356886,656700.0,26.093938357429447,0.7196641674552471,,
H_Alejandria,H_Alejandria,Hidro,Antioquia,Water,2027,94.563871616526,131443.78154697112,0.0,15.0,1679400.0549356886,656700.0,26.09393835405774,0.7196641675534701,,
H_Alejandria,H_Alejandria,Hidro,Antioquia,Water,2028,93.83488199638768,130430.48597497886,0.0,15.0,1679400.0549356886,656700.0,26.285859676422042,0.7141163013423718,,
H_Alejandria,H_Alejandria,Hidro,Antioquia,Water,2029,94.56387161247896,131443.78154134573,0.0,15.0,1679400.0549356886,656700.0,26.09393835511499,0.7196641675226708,,
H_Alejandria,H_Alejandria,Hidro,Antioquia,Water,2030,94.56387161776254,131443.78154868996,0.0,15.0,1679400.0549356886,656700.0,26.093938353734703,0.7196641675628808,,
H_Alejandria,H_Alejandria,Hidro,Antioquia,Water,2031,94.563871614987,131443.7815448319,0.0,15.0,1679400.0549356886,656700.0,26.093938354459794,0.7196641675417578,,
H_Alejandria,H_Alejandria,Hidro,Antioquia,Water,2032,94.5638716039959,131443.78152955428,0.0,15.0,1679400.0549356886,656700.0,26.09393835733111,0.7196641674581118,,
H_Alejandria,H_Alejandria,Hidro,Antioquia,Water,2033,94.56387161380505,131443.78154318902,0.0,15.0,1679400.0549356886,656700.0,26.093938354768564,0.7196641675327627,,
H_Alejandria,H_Alejandria,Hidro,Antioquia,Water,2034,91.62000401801221,127351.80558503696,0.0,15.0,1679400.0549356886,656700.0,26.887707405431005,0.6972603045510822,,
H_Alejandria,H_Alejandria,Hidro,Antioquia,Water,2035,94.56387160310749,131443.7815283194,0.0,15.0,1679400.0549356886,656700.0,26.0939383575632,0.7196641674513505,,
H_Amaime,H_Amaime,Hidro,Surocciden,Water,2023,75.89137089047995,105489.00553776711,0.0,19.17,2149723.8703206843,839262.6000000001,40.77506361459906,0.4519248045633512,,
H_Amaime,H_Amaime,Hidro,Surocciden,Water,2024,75.89137088990101,105489.00553696239,0.0,19.17,2149723.8703206843,839262.6000000001,40.7750636148995,0.4519248045599038,,
H_Amaime,H_Amaime,Hidro,Surocciden,Water,2025,75.89137088941962,105489.00553629326,0.0,19.17,2149723.8703206843,839262.6000000001,40.77506361514935,0.45192480455703704,,
H_Amaime,H_Amaime,Hidro,Surocciden,Water,2026,75.891370889901,105489.00553696239,0.0,19.17,2149723.8703206843,839262.6000000001,40.77506361489952,0.4519248045599037,,
H_Amaime,H_Amaime,Hidro,Surocciden,Water,2027,75.89137088979753,105489.00553681856,0.0,19.17,2149723.8703206843,839262.6000000001,40.77506361495321,0.4519248045592876,,
H_Amaime,H_Amaime,Hidro,Surocciden,Water,2028,75.89137010739736,105489.0044492823,0.0,19.17,2149723.8703206843,839262.6000000001,40.77506402099254,0.4519247999001802,,
H_Amaime,H_Amaime,Hidro,Surocciden,Water,2029,75.89137088821026,105489.00553461225,0.0,19.17,2149723.8703206843,839262.6000000001,40.77506361577695,0.4519248045498355,,
H_Amaime,H_Amaime,Hidro,Surocciden,Water,2030,75.891370889901,105489.00553696239,0.0,19.17,2149723.8703206843,839262.6000000001,40.77506361489952,0.4519248045599037,,
H_Amaime,H_Amaime,Hidro,Surocciden,Water,2031,75.89137088990101,105489.00553696239,0.0,19.17,2149723.8703206843,839262.6000000001,40.7750636148995,0.4519248045599038,,
H_Amaime,H_Amaime,Hidro,Surocciden,Water,2032,75.891370889901,105489.00553696239,0.0,19.17,2149723.8703206843,839262.6000000001,40.77506361489952,0.4519248045599037,,
H_Amaime,H_Amaime,Hidro,Surocciden,Water,2033,75.891370889901,105489.00553696239,0.0,19.17,2149723.8703206843,839262.6000000001,40.77506361489952,0.4519248045599037,,
H_Amaime,H_Amaime,Hidro,Surocciden,Water,2034,75.89137088990101,105489.00553696239,0.0,19.17,2149723.8703206843,839262.6000000001,40.7750636148995,0.4519248045599038,,
H_Amaime,H_Amaime,Hidro,Surocciden,Water,2035,75.891370889901,105489.00553696239,0.0,19.17,2149723.8703206843,839262.6000000001,40.77506361489952,0.4519248045599037,,
H_Amalfi,H_Amalfi,Hidro,Antioquia,Water,2023,3.3822541166750906,4701.333222178376,0.0,0.81,224750.70735193192,35461.8,78.32464132959136,0.47666921989332683,,
H_Amalfi,H_Amalfi,Hidro,Antioquia,Water,2024,3.382254116785105,4701.3332223312955,0.0,0.81,224750.70735193192,35461.8,78.32464132708891,0.4766692199088314,,
H_Amalfi,H_Amalfi,Hidro,Antioquia,Water,2025,3.3822541160810524,4701.333221352663,0.0,0.81,224750.70735193192,35461.8,78.32464134310368,0.4766692198096076,,
H_Amalfi,H_Amalfi,Hidro,Antioquia,Water,2026,3.3822540920181616,4701.333187905244,0.0,0.81,224750.70735193192,35461.8,78.32464189045164,0.47666921641836646,,
H_Amalfi,H_Amalfi,Hidro,Antioquia,Water,2027,3.382254105164381,4701.333206178489,0.0,0.81,224750.70735193192,35461.8,78.3246415914204,0.4766692182710947,,
H_Amalfi,H_Amalfi,Hidro,Antioquia,Water,2028,3.367701907271303,4681.10565110711,0.0,0.81,224750.70735193192,35461.8,78.6570843550908,0.4746183419684455,,
H_Amalfi,H_Amalfi,Hidro,Antioquia,Water,2029,3.382254103694356,4701.333204135153,0.0,0.81,224750.70735193192,35461.8,78.3246416248584,0.4766692180639206,,
H_Amalfi,H_Amalfi,Hidro,Antioquia,Water,2030,3.382254113391867,4701.333217614694,0.0,0.81,224750.70735193192,35461.8,78.3246414042734,0.4766692194306142,,
H_Amalfi,H_Amalfi,Hidro,Antioquia,Water,2031,3.3822540981238234,4701.333196392115,0.0,0.81,224750.70735193192,35461.8,78.32464175156885,0.47666921727885203,,
H_Amalfi,H_Amalfi,Hidro,Antioquia,Water,2032,3.3822541097419467,4701.333212541305,0.0,0.81,224750.70735193192,35461.8,78.32464148729652,0.47666921891622216,,
H_Amalfi,H_Amalfi,Hidro,Antioquia,Water,2033,3.3822541031561677,4701.333203387073,0.0,0.81,224750.70735193192,35461.8,78.32464163710034,0.47666921798807244,,
H_Amalfi,H_Amalfi,Hidro,Antioquia,Water,2034,3.2396103943217573,4503.058448107243,0.0,0.81,224750.70735193192,35461.8,81.71216090182345,0.4565660964994865,,
H_Amalfi,H_Amalfi,Hidro,Antioquia,Water,2035,3.382254064778723,4701.333150042424,0.0,0.81,224750.70735193192,35461.8,78.32464251005514,0.47666921257944667,,
H_America,H_America,Hidro,Antioquia,Water,2023,0.10935018243676647,151.9967535871054,0.0,0.41,113762.70372134825,17949.8,1205.8919110737481,0.030446091557179658,,
H_America,H_America,Hidro,Antioquia,Water,2024,0.1093501818017995,151.99675270450132,0.0,0.41,113762.70372134825,17949.8,1205.8919180679654,0.03044609138038743,,
H_America,H_America,Hidro,Antioquia,Water,2025,0.10935018051214673,151.99675091188394,0.0,0.41,113762.70372134825,17949.8,1205.8919322736049,0.030446091021312707,,
H_America,H_America,Hidro,Antioquia,Water,2026,0.10935015085127756,151.99670968327578,0.0,0.41,113762.70372134825,17949.8,1205.892258990797,0.03044608276291278,,
H_America,H_America,Hidro,Antioquia,Water,2027,0.109350183220882,151.99675467702596,0.0,0.41,113762.70372134825,17949.8,1205.8919024366467,0.030446091775498937,,
H_America,H_America,Hidro,Antioquia,Water,2028,0.10916870000661064,151.74449300918877,0.0,0.41,113762.70372134825,17949.8,1207.8942792794319,0.030395561868418144,,
H_America,H_America,Hidro,Antioquia,Water,2029,0.10935017254116576,151.99673983222038,0.0,0.41,113762.70372134825,17949.8,1205.8920200746734,0.030446088801972866,,
H_America,H_America,Hidro,Antioquia,Water,2030,0.1093501807118672,151.99675118949543,0.0,0.41,113762.70372134825,17949.8,1205.8919300736663,0.030446091076920364,,
H_America,H_America,Hidro,Antioquia,Water,2031,0.10935018045590653,151.99675083371005,0.0,0.41,113762.70372134825,17949.8,1205.8919328930958,0.03044609100565389,,
H_America,H_America,Hidro,Antioquia,Water,2032,0.10935016925939622,151.99673527056072,0.0,0.41,113762.70372134825,17949.8,1205.8920562236622,0.03044608788823817,,
H_America,H_America,Hidro,Antioquia,Water,2033,0.10935017589987145,151.99674450082128,0.0,0.41,113762.70372134825,17949.8,1205.8919830782283,0.030446089737128697,,
H_America,H_America,Hidro,Antioquia,Water,2034,0.10557912997008215,146.75499065841416,0.0,0.41,113762.70372134825,17949.8,1248.9140491058363,0.029396127065954486,,
H_America,H_America,Hidro,Antioquia,Water,2035,0.10935016184077817,151.99672495868163,0.0,0.41,113762.70372134825,17949.8,1205.89213794042,0.030446085822691323,,
H_Antioquia,H_Antioquia,Hidro,Antioquia,Water,2024,1.395533086245275e-06,0.002190986945405082,0.0,1.6191140284277777e-07,0.04985090345196049,0.007619550617781122,42.75172090377853,0.9839172976060794,,
H_Antioquia,H_Antioquia,Hidro,Antioquia,Water,2025,1.2877999339653578e-06,0.002021845896325612,0.0,1.6261959121513124e-07,0.050068947577056946,0.0076528779625840765,46.39204418345136,0.9040062380147676,,
H_Antioquia,H_Antioquia,Hidro,Antioquia,Water,2026,9.825744072386472e-07,0.0015426418193646763,0.0,1.6298992965074263e-07,0.050182971081727215,0.0076703060893639485,60.44928358899316,0.6881776589752567,,
H_Antioquia,H_Antioquia,Hidro,Antioquia,Water,2027,9.664433728092713e-07,0.0015173160953105558,0.0,1.6374456513369086e-07,0.05041531580817249,0.007705819235191492,61.709203887773214,0.67376029150681,,
H_Antioquia,H_Antioquia,Hidro,Antioquia,Water,2028,8.615641287446563e-07,0.0013526556821291107,0.0,1.6476303370889145e-07,0.05072889210804855,0.0077537483663404315,69.44961397557397,0.5969304356532464,,
H_Antioquia,H_Antioquia,Hidro,Antioquia,Water,2029,7.743350681180306e-07,0.0012157060569453083,0.0,1.6688147576352153e-07,0.05138113925358458,0.007853442249431323,78.06735100720877,0.5296837996206586,,
H_Antioquia,H_Antioquia,Hidro,Antioquia,Water,2030,8.005238888178417e-07,0.0012568225054440114,0.0,1.8176699240558022e-07,0.05596424112242815,0.008553954662606604,82.16496622931611,0.5027535767820048,,
H_Antioquia,H_Antioquia,Hidro,Antioquia,Water,2031,7.892528731048233e-07,0.0012391270107745729,0.0,1.9398681166290768e-07,0.059726601396639135,0.009129019356856434,88.8115205568097,0.4644509550475824,,
H_Antioquia,H_Antioquia,Hidro,Antioquia,Water,2032,7.670124596119411e-07,0.0012042095615907474,0.0,2.0538755013813905e-07,0.06323677488060114,0.009665538109500823,96.617103963586,0.42630870224028244,,
H_Antioquia,H_Antioquia,Hidro,Antioquia,Water,2033,7.520014705092498e-07,0.0011806423086995223,0.0,2.18378027980561e-07,0.0672364132343386,0.0102768699967652,104.64597294804805,0.3931023533761451,,
H_Antioquia,H_Antioquia,Hidro,Antioquia,Water,2034,7.748623187809482e-07,0.0012165338404860888,0.0,2.312307498439423e-07,0.0711936378983018,0.010881719087655922,107.49250390376801,0.3825382336054477,,
H_Antioquia,H_Antioquia,Hidro,Antioquia,Water,2035,7.31352171057686e-07,0.0011482229085605672,0.0,2.419679215552771e-07,0.07449950580464455,0.011387010388391338,119.00523789479735,0.34503619415079034,,
H_Asnazu,H_Asnazu,Hidro,Surocciden,Water,2023,3.786091970271483,5262.667838677362,0.0,0.45,124861.50408440662,19701.0,39.57251252730153,0.960449510469681,,
H_Asnazu,H_Asnazu,Hidro,Surocciden,Water,2024,3.7860919709465772,5262.667839615742,0.0,0.45,124861.50408440662,19701.0,39.57251252049325,0.9604495106409376,,
H_Asnazu,H_Asnazu,Hidro,Surocciden,Water,2025,3.7860919704716056,5262.667838955533,0.0,0.45,124861.50408440662,19701.0,39.5725125252833,0.9604495105204478,,
H_Asnazu,H_Asnazu,Hidro,Surocciden,Water,2026,3.7860919707887284,5262.667839396332,0.0,0.45,124861.50408440662,19701.0,39.57251252208514,0.9604495106008949,,
H_Asnazu,H_Asnazu,Hidro,Surocciden,Water,2027,3.786091970212122,5262.667838594849,0.0,0.45,124861.50408440662,19701.0,39.57251252790018,0.9604495104546222,,
H_Asnazu,H_Asnazu,Hidro,Surocciden,Water,2028,3.7860919709465763,5262.667839615741,0.0,0.45,124861.50408440662,19701.0,39.572512520493255,0.9604495106409375,,
H_Asnazu,H_Asnazu,Hidro,Surocciden,Water,2029,3.78609196957963,5262.667837715685,0.0,0.45,124861.50408440662,19701.0,39.57251253427883,0.9604495102941727,,
H_Asnazu,H_Asnazu,Hidro,Surocciden,Water,2030,3.786091970106873,5262.667838448553,0.0,0.45,124861.50408440662,19701.0,39.57251252896161,0.9604495104279229,,
H_Asnazu,H_Asnazu,Hidro,Surocciden,Water,2031,3.786091970946579,5262.667839615744,0.0,0.45,124861.50408440662,19701.0,39.57251252049323,0.9604495106409381,,
H_Asnazu,H_Asnazu,Hidro,Surocciden,Water,2032,3.786091970946579,5262.667839615744,0.0,0.45,124861.50408440662,19701.0,39.57251252049323,0.9604495106409381,,
H_Asnazu,H_Asnazu,Hidro,Surocciden,Water,2033,3.7860919709465803,5262.667839615746,0.0,0.45,124861.50408440662,19701.0,39.57251252049321,0.9604495106409384,,
H_Asnazu,H_Asnazu,Hidro,Surocciden,Water,2034,3.7860919709465803,5262.667839615746,0.0,0.45,124861.50408440662,19701.0,39.57251252049321,0.9604495106409384,,
H_Asnazu,H_Asnazu,Hidro,Surocciden,Water,2035,3.7860919709465777,5262.667839615743,0.0,0.45,124861.50408440662,19701.0,39.57251252049324,0.9604495106409378,,
H_AuresBajo,H_AuresBajo,Hidro,Antioquia,Water,2023,123.17576859243904,171214.31834349022,0.0,19.4,5382918.176083308,849331.9999999999,51.986397711179904,0.7248021030012182,,
H_AuresBajo,H_AuresBajo,Hidro,Antioquia,Water,2024,123.17576859513045,171214.31834723128,0.0,19.4,5382918.176083308,849331.9999999999,51.986397710074364,0.7248021030170552,,
H_AuresBajo,H_AuresBajo,Hidro,Antioquia,Water,2025,123.17576859621437,171214.31834873796,0.0,19.4,5382918.176083308,849331.9999999999,51.986397709629124,0.7248021030234334,,
H_AuresBajo,H_AuresBajo,Hidro,Antioquia,Water,2026,123.17576859525369,171214.31834740262,0.0,19.4,5382918.176083308,849331.9999999999,51.986397710023745,0.7248021030177804,,
H_AuresBajo,H_AuresBajo,Hidro,Antioquia,Water,2027,123.1757685832199,171214.31833067565,0.0,19.4,5382918.176083308,849331.9999999999,51.986397714966806,0.7248021029469701,,
H_AuresBajo,H_AuresBajo,Hidro,Antioquia,Water,2028,122.23130674972822,169901.5163821222,0.0,19.4,5382918.176083308,849331.9999999999,52.377348019145394,0.719244614400792,,
H_AuresBajo,H_AuresBajo,Hidro,Antioquia,Water,2029,123.17576858170759,171214.31832857354,0.0,19.4,5382918.176083308,849331.9999999999,51.98639771558801,0.7248021029380712,,
H_AuresBajo,H_AuresBajo,Hidro,Antioquia,Water,2030,123.17576859361287,171214.31834512186,0.0,19.4,5382918.176083308,849331.9999999999,51.98639771069773,0.7248021030081253,,
H_AuresBajo,H_AuresBajo,Hidro,Antioquia,Water,2031,123.1757685947185,171214.3183466587,0.0,19.4,5382918.176083308,849331.9999999999,51.98639771024357,0.7248021030146312,,
H_AuresBajo,H_AuresBajo,Hidro,Antioquia,Water,2032,123.17576859502906,171214.31834709036,0.0,19.4,5382918.176083308,849331.9999999999,51.986397710116,0.7248021030164586,,
H_AuresBajo,H_AuresBajo,Hidro,Antioquia,Water,2033,123.17576859777333,171214.3183509049,0.0,19.4,5382918.176083308,849331.9999999999,51.986397708988754,0.7248021030326067,,
H_AuresBajo,H_AuresBajo,Hidro,Antioquia,Water,2034,117.7495863947277,163671.92508867147,0.0,19.4,5382918.176083308,849331.9999999999,54.318000572258136,0.6928728663249523,,
H_AuresBajo,H_AuresBajo,Hidro,Antioquia,Water,2035,123.17576858032766,171214.31832665543,0.0,19.4,5382918.176083308,849331.9999999999,51.98639771615485,0.7248021029299512,,
H_AutCemNare,H_AutCemNare,Hidro,Antioquia,Water,2023,52.57336008219555,73076.97051425182,0.0,9.0,2497230.0816881326,394020.0,56.38458427553085,0.6668361248375893,,
H_AutCemNare,H_AutCemNare,Hidro,Antioquia,Water,2024,52.57336008577338,73076.970519225,0.0,9.0,2497230.0816881326,394020.0,56.38458427178824,0.6668361248829702,,
H_AutCemNare,H_AutCemNare,Hidro,Antioquia,Water,2025,52.57336008389487,73076.97051661386,0.0,9.0,2497230.0816881326,394020.0,56.38458427375326,0.6668361248591433,,
H_AutCemNare,H_AutCemNare,Hidro,Antioquia,Water,2026,52.57336007939384,73076.97051035741,0.0,9.0,2497230.0816881326,394020.0,56.384584278461595,0.6668361248020527,,
H_AutCemNare,H_AutCemNare,Hidro,Antioquia,Water,2027,52.57336007042184,73076.97049788636,0.0,9.0,2497230.0816881326,394020.0,56.384584287846785,0.6668361246882525,,
H_AutCemNare,H_AutCemNare,Hidro,Antioquia,Water,2028,51.834352747015785,72049.75031835193,0.0,9.0,2497230.0816881326,394020.0,57.16864733450517,0.6574626172883787,,
H_AutCemNare,H_AutCemNare,Hidro,Antioquia,Water,2029,52.57336008540612,73076.9705187145,0.0,9.0,2497230.0816881326,394020.0,56.38458427217241,0.6668361248783119,,
H_AutCemNare,H_AutCemNare,Hidro,Antioquia,Water,2030,52.57336007042116,73076.9704978854,0.0,9.0,2497230.0816881326,394020.0,56.3845842878475,0.6668361246882438,,
H_AutCemNare,H_AutCemNare,Hidro,Antioquia,Water,2031,52.5733600855385,73076.97051889851,0.0,9.0,2497230.0816881326,394020.0,56.38458427203394,0.666836124879991,,
H_AutCemNare,H_AutCemNare,Hidro,Antioquia,Water,2032,52.57336007971399,73076.97051080245,0.0,9.0,2497230.0816881326,394020.0,56.38458427812669,0.6668361248061134,,
H_AutCemNare,H_AutCemNare,Hidro,Antioquia,Water,2033,52.57336008271482,73076.9705149736,0.0,9.0,2497230.0816881326,394020.0,56.38458427498767,0.6668361248441756,,
H_AutCemNare,H_AutCemNare,Hidro,Antioquia,Water,2034,50.357704084488795,69997.20867743943,0.0,9.0,2497230.0816881326,394020.0,58.80425536075416,0.6387329285196447,,
H_AutCemNare,H_AutCemNare,Hidro,Antioquia,Water,2035,52.573360054296955,73076.97047547277,0.0,9.0,2497230.0816881326,394020.0,56.384584304714295,0.6668361244837259,,
H_AutGold,H_AutGold,Hidro,Antioquia,Water,2023,1.1774369101730837,1636.6373051405862,0.0,1.0,277470.00907645916,43780.0,274.22840543884024,0.13441060618414197,,
H_AutGold,H_AutGold,Hidro,Antioquia,Water,2024,1.1774369103532776,1636.6373053910556,0.0,1.0,277470.00907645916,43780.0,274.22840539708534,0.13441060620471204,,
H_AutGold,H_AutGold,Hidro,Antioquia,Water,2025,1.1774369084821075,1636.6373027901295,0.0,1.0,277470.00907645916,43780.0,274.2284058306772,0.13441060599110813,,
H_AutGold,H_AutGold,Hidro,Antioquia,Water,2026,1.1774368867518776,1636.6372725851097,0.0,1.0,277470.00907645916,43780.0,274.22841086605644,0.13441060351048828,,
H_AutGold,H_AutGold,Hidro,Antioquia,Water,2027,1.1774368988380577,1636.6372893849002,0.0,1.0,277470.00907645916,43780.0,274.22840806541876,0.13441060489018922,,
H_AutGold,H_AutGold,Hidro,Antioquia,Water,2028,1.1773508703465871,1636.517709781756,0.0,1.0,277470.00907645916,43780.0,274.2483442435389,0.13440078428614005,,
H_AutGold,H_AutGold,Hidro,Antioquia,Water,2029,1.1774368845453336,1636.6372695180135,0.0,1.0,277470.00907645916,43780.0,274.2284113773619,0.13441060325859971,,
H_AutGold,H_AutGold,Hidro,Antioquia,Water,2030,1.1774369087523124,1636.637303165714,0.0,1.0,277470.00907645916,43780.0,274.22840576806465,0.13441060602195345,,
H_AutGold,H_AutGold,Hidro,Antioquia,Water,2031,1.1774369043798947,1636.6372970880534,0.0,1.0,277470.00907645916,43780.0,274.2284067812514,0.134410605522819,,
H_AutGold,H_AutGold,Hidro,Antioquia,Water,2032,1.177436898637796,1636.6372891065366,0.0,1.0,277470.00907645916,43780.0,274.22840811182385,0.13441060486732828,,
H_AutGold,H_AutGold,Hidro,Antioquia,Water,2033,1.1774369097507986,1636.63730455361,0.0,1.0,277470.00907645916,43780.0,274.2284055366931,0.1344106061359359,,
H_AutGold,H_AutGold,Hidro,Antioquia,Water,2034,1.054076129443888,1465.1658199270041,0.0,1.0,277470.00907645916,43780.0,306.15926675679964,0.12032832527898263,,
H_AutGold,H_AutGold,Hidro,Antioquia,Water,2035,1.177436893869115,1636.63728247807,0.0,1.0,277470.00907645916,43780.0,274.22840921683365,0.13441060432295832,,
H_Ayura,H_Ayura,Hidro,Antioquia,Water,2023,102.67973267962319,142724.8284246762,0.0,16.7,4633749.151576867,731126.0,53.63862795773063,0.7018820761191533,,
H_Ayura,H_Ayura,Hidro,Antioquia,Water,2024,102.67973268085605,142724.8284263899,0.0,16.7,4633749.151576867,731126.0,53.63862795710329,0.7018820761275807,,
H_Ayura,H_Ayura,Hidro,Antioquia,Water,2025,102.67973267879846,142724.82842352986,0.0,16.7,4633749.151576867,731126.0,53.63862795815029,0.7018820761135157,,
H_Ayura,H_Ayura,Hidro,Antioquia,Water,2026,102.6797326648604,142724.82840415597,0.0,16.7,4633749.151576867,731126.0,53.63862796524268,0.70188207601824,,
H_Ayura,H_Ayura,Hidro,Antioquia,Water,2027,102.67973266866505,142724.8284094444,0.0,16.7,4633749.151576867,731126.0,53.63862796330668,0.7018820760442473,,
H_Ayura,H_Ayura,Hidro,Antioquia,Water,2028,102.24287520841128,142117.59653969167,0.0,16.7,4633749.151576867,731126.0,53.861872887388365,0.6988958740629103,,
H_Ayura,H_Ayura,Hidro,Antioquia,Water,2029,102.67973268005076,142724.82842527053,0.0,16.7,4633749.151576867,731126.0,53.63862795751306,0.701882076122076,,
H_Ayura,H_Ayura,Hidro,Antioquia,Water,2030,102.67973265228287,142724.82838667315,0.0,16.7,4633749.151576867,731126.0,53.63862797164276,0.7018820759322646,,
H_Ayura,H_Ayura,Hidro,Antioquia,Water,2031,102.67973266192502,142724.82840007578,0.0,16.7,4633749.151576867,731126.0,53.63862796673635,0.7018820759981749,,
H_Ayura,H_Ayura,Hidro,Antioquia,Water,2032,102.67973267711871,142724.82842119498,0.0,16.7,4633749.151576867,731126.0,53.638627959005035,0.7018820761020336,,
H_Ayura,H_Ayura,Hidro,Antioquia,Water,2033,102.6797323501731,142724.8279667406,0.0,16.7,4633749.151576867,731126.0,53.63862812537145,0.7018820738671498,,
H_Ayura,H_Ayura,Hidro,Antioquia,Water,2034,98.99358122249339,137601.07789926583,0.0,16.7,4633749.151576867,731126.0,55.584171837455024,0.6766848578356532,,
H_Ayura,H_Ayura,Hidro,Antioquia,Water,2035,102.67973266500967,142724.82840436342,0.0,16.7,4633749.151576867,731126.0,53.63862796516673,0.7018820760192604,,
H_Barrancas,H_Barrancas,Hidro,Antioquia,Water,2023,19.96948477407131,27757.583835959114,0.0,4.7,1304109.0426593581,205766.0,76.99911359214451,0.4850258616067062,,
H_Barrancas,H_Barrancas,Hidro,Antioquia,Water,2024,19.96948477401016,27757.583835874117,0.0,4.7,1304109.0426593581,205766.0,76.99911359237606,0.4850258616052208,,
H_Barrancas,H_Barrancas,Hidro,Antioquia,Water,2025,19.969484776653893,27757.583839548908,0.0,4.7,1304109.0426593581,205766.0,76.99911358236626,0.48502586166943285,,
H_Barrancas,H_Barrancas,Hidro,Antioquia,Water,2026,19.9694847741392,27757.583836053487,0.0,4.7,1304109.0426593581,205766.0,76.99911359188746,0.48502586160835504,,
H_Barrancas,H_Barrancas,Hidro,Antioquia,Water,2027,19.969484768157365,27757.583827738734,0.0,4.7,1304109.0426593581,205766.0,76.99911361453609,0.4850258614630662,,
H_Barrancas,H_Barrancas,Hidro,Antioquia,Water,2028,19.883310060992834,27637.800984780035,0.0,4.7,1304109.0426593581,205766.0,77.32680519127636,0.4829328199017009,,
H_Barrancas,H_Barrancas,Hidro,Antioquia,Water,2029,19.969484764245635,27757.58382230143,0.0,4.7,1304109.0426593581,205766.0,76.9991136293468,0.4850258613680568,,
H_Barrancas,H_Barrancas,Hidro,Antioquia,Water,2030,19.96948477537083,27757.58383776545,0.0,4.7,1304109.0426593581,205766.0,76.99911358722423,0.4850258616382694,,
H_Barrancas,H_Barrancas,Hidro,Antioquia,Water,2031,19.969484769288723,27757.58382931132,0.0,4.7,1304109.0426593581,205766.0,76.99911361025251,0.485025861490545,,
H_Barrancas,H_Barrancas,Hidro,Antioquia,Water,2032,19.969484768208908,27757.58382781038,0.0,4.7,1304109.0426593581,205766.0,76.99911361434093,0.48502586146431814,,
H_Barrancas,H_Barrancas,Hidro,Antioquia,Water,2033,19.969484769906796,27757.583830170435,0.0,4.7,1304109.0426593581,205766.0,76.99911360791234,0.48502586150555693,,
H_Barrancas,H_Barrancas,Hidro,Antioquia,Water,2034,18.984647097461597,26388.659465471617,0.0,4.7,1304109.0426593581,205766.0,80.9213726353776,0.46110577813712217,,
H_Barrancas,H_Barrancas,Hidro,Antioquia,Water,2035,19.969484747252622,27757.58379868114,0.0,4.7,1304109.0426593581,205766.0,76.99911369368631,0.4850258609553244,,
H_Barroso,H_Barroso,Hidro,Antioquia,Water,2023,130.20185419380908,180980.57732939458,0.0,19.9,2253078.073701555,871221.9999999999,25.385818592959108,0.7468957469643254,,
H_Barroso,H_Barroso,Hidro,Antioquia,Water,2024,130.201854193457,180980.57732890517,0.0,19.9,2253078.073701555,871221.9999999999,25.385818593023995,0.7468957469623057,,
H_Barroso,H_Barroso,Hidro,Antioquia,Water,2025,130.20185419471824,180980.57733065833,0.0,19.9,2253078.073701555,871221.9999999999,25.38581859279155,0.7468957469695408,,
H_Barroso,H_Barroso,Hidro,Antioquia,Water,2026,130.20185418207353,180980.57731308218,0.0,19.9,2253078.073701555,871221.9999999999,25.385818595121936,0.7468957468970051,,
H_Barroso,H_Barroso,Hidro,Antioquia,Water,2027,130.20185419045146,180980.57732472752,0.0,19.9,2253078.073701555,871221.9999999999,25.38581859357791,0.7468957469450646,,
H_Barroso,H_Barroso,Hidro,Antioquia,Water,2028,129.24359504383165,179648.59711092597,0.0,19.9,2253078.073701555,871221.9999999999,25.563732343502057,0.7413987462646087,,
H_Barroso,H_Barroso,Hidro,Antioquia,Water,2029,130.20185418754423,180980.57732068648,0.0,19.9,2253078.073701555,871221.9999999999,25.385818594113704,0.7468957469283874,,
H_Barroso,H_Barroso,Hidro,Antioquia,Water,2030,130.2018541913576,180980.57732598705,0.0,19.9,2253078.073701555,871221.9999999999,25.385818593410914,0.7468957469502626,,
H_Barroso,H_Barroso,Hidro,Antioquia,Water,2031,130.20185416742663,180980.577292723,0.0,19.9,2253078.073701555,871221.9999999999,25.385818597821316,0.746895746812984,,
H_Barroso,H_Barroso,Hidro,Antioquia,Water,2032,130.2018541889688,180980.5773226666,0.0,19.9,2253078.073701555,871221.9999999999,25.385818593851155,0.7468957469365595,,
H_Barroso,H_Barroso,Hidro,Antioquia,Water,2033,130.20185386511804,180980.57687251404,0.0,19.9,2253078.073701555,871221.9999999999,25.385818653535903,0.7468957450788074,,
H_Barroso,H_Barroso,Hidro,Antioquia,Water,2034,125.79770575594156,174858.81100075878,0.0,19.9,2253078.073701555,871221.9999999999,26.2259066242668,0.7216315926432479,,
H_Barroso,H_Barroso,Hidro,Antioquia,Water,2035,130.2018541862671,180980.5773189112,0.0,19.9,2253078.073701555,871221.9999999999,25.385818594349075,0.7468957469210612,,
H_Bayona,H_Bayona,Hidro,Surocciden,Water,2023,3.9527153583655896,5494.274348128169,0.0,0.6,166482.0054458755,26268.0,50.15394781069584,0.7520386907088259,,
H_Bayona,H_Bayona,Hidro,Surocciden,Water,2024,3.9527153579084118,5494.274347492693,0.0,0.6,166482.0054458755,26268.0,50.15394781633595,0.7520386906218439,,
H_Bayona,H_Bayona,Hidro,Surocciden,Water,2025,3.952715359248187,5494.274349354979,0.0,0.6,166482.0054458755,26268.0,50.15394779980738,0.7520386908767478,,
H_Bayona,H_Bayona,Hidro,Surocciden,Water,2026,3.9527153584848658,5494.274348293964,0.0,0.6,166482.0054458755,26268.0,50.15394780922434,0.7520386907315192,,
H_Bayona,H_Bayona,Hidro,Surocciden,Water,2027,3.952715357712292,5494.2743472200855,0.0,0.6,166482.0054458755,26268.0,50.15394781875545,0.7520386905845304,,
H_Bayona,H_Bayona,Hidro,Surocciden,Water,2028,3.9527153584848658,5494.274348293963,0.0,0.6,166482.0054458755,26268.0,50.15394780922434,0.7520386907315192,,
H_Bayona,H_Bayona,Hidro,Surocciden,Water,2029,3.952715348961606,5494.274335056631,0.0,0.6,166482.0054458755,26268.0,50.15394792671111,0.7520386889196357,,
H_Bayona,H_Bayona,Hidro,Surocciden,Water,2030,3.952715348030273,5494.27433376208,0.0,0.6,166482.0054458755,26268.0,50.1539479382008,0.7520386887424415,,
H_Bayona,H_Bayona,Hidro,Surocciden,Water,2031,3.952715358484869,5494.274348293968,0.0,0.6,166482.0054458755,26268.0,50.153947809224306,0.7520386907315199,,
H_Bayona,H_Bayona,Hidro,Surocciden,Water,2032,3.952715357276912,5494.274346614908,0.0,0.6,166482.0054458755,26268.0,50.153947824126654,0.7520386905016955,,
H_Bayona,H_Bayona,Hidro,Surocciden,Water,2033,3.9527153584848653,5494.274348293963,0.0,0.6,166482.0054458755,26268.0,50.15394780922435,0.7520386907315191,,
H_Bayona,H_Bayona,Hidro,Surocciden,Water,2034,3.9527153584848658,5494.274348293963,0.0,0.6,166482.0054458755,26268.0,50.15394780922434,0.7520386907315192,,
H_Bayona,H_Bayona,Hidro,Surocciden,Water,2035,3.9527153584848653,5494.274348293962,0.0,0.6,166482.0054458755,26268.0,50.15394780922435,0.7520386907315191,,
H_Bello,H_Bello,Hidro,Antioquia,Water,2023,1.9168518626828253,0.0,0.0,0.35,97114.5031767607,15322.999999999998,58.65737742477043,0.6251963022448874,,
H_Bello,H_Bello,Hidro,Antioquia,Water,2024,1.9168518481868875,0.0,0.0,0.35,97114.5031767607,15322.999999999998,58.65737786835906,0.6251962975169234,,
H_Bello,H_Bello,Hidro,Antioquia,Water,2025,1.9168518489276032,0.0,0.0,0.35,97114.5031767607,15322.999999999998,58.6573778456925,0.6251962977585137,,
H_Bello,H_Bello,Hidro,Antioquia,Water,2026,1.9168515521326626,0.0,0.0,0.35,97114.5031767607,15322.999999999998,58.657386927884055,0.6251962009565109,,
H_Bello,H_Bello,Hidro,Antioquia,Water,2027,1.91685169590245,0.0,0.0,0.35,97114.5031767607,15322.999999999998,58.657382528399175,0.6251962478481571,,
H_Bello,H_Bello,Hidro,Antioquia,Water,2028,1.9168509674151295,0.0,0.0,0.35,97114.5031767607,15322.999999999998,58.657404820773564,0.6251960102462915,,
H_Bello,H_Bello,Hidro,Antioquia,Water,2029,1.9168516253723433,0.0,0.0,0.35,97114.5031767607,15322.999999999998,58.65738468668384,0.6251962248442083,,
H_Bello,H_Bello,Hidro,Antioquia,Water,2030,1.9168516595604626,0.0,0.0,0.35,97114.5031767607,15322.999999999998,58.65738364049663,0.6251962359949323,,
H_Bello,H_Bello,Hidro,Antioquia,Water,2031,1.9168516334431542,0.0,0.0,0.35,97114.5031767607,15322.999999999998,58.65738443970975,0.6251962274765669,,
H_Bello,H_Bello,Hidro,Antioquia,Water,2032,1.916851610878688,0.0,0.0,0.35,97114.5031767607,15322.999999999998,58.65738513020273,0.6251962201169888,,
H_Bello,H_Bello,Hidro,Antioquia,Water,2033,1.9168511696032349,0.0,0.0,0.35,97114.5031767607,15322.999999999998,58.657398633632,0.6251960761915313,,
H_Bello,H_Bello,Hidro,Antioquia,Water,2034,1.916849634280816,0.0,0.0,0.35,97114.5031767607,15322.999999999998,58.657445615939615,0.625195575434056,,
H_Bello,H_Bello,Hidro,Antioquia,Water,2035,1.9168514100952097,0.0,0.0,0.35,97114.5031767607,15322.999999999998,58.65739127435858,0.6251961546298792,,
H_Belmonte,H_Belmonte,Hidro,Surocciden,Water,2023,18.181276950165824,25271.97496073049,0.0,3.4,943398.030859961,148852.0,61.4655400104061,0.6104377165647938,,
H_Belmonte,H_Belmonte,Hidro,Surocciden,Water,2024,18.18127694968908,25271.974960067822,0.0,3.4,943398.030859961,148852.0,61.46554001198137,0.6104377165487873,,
H_Belmonte,H_Belmonte,Hidro,Surocciden,Water,2025,18.181276950224344,25271.974960811836,0.0,3.4,943398.030859961,148852.0,61.46554001021274,0.6104377165667586,,
H_Belmonte,H_Belmonte,Hidro,Surocciden,Water,2026,18.181276948619903,25271.97495858166,0.0,3.4,943398.030859961,148852.0,61.465540015514215,0.6104377165128895,,
H_Belmonte,H_Belmonte,Hidro,Surocciden,Water,2027,18.18127695016582,25271.97496073049,0.0,3.4,943398.030859961,148852.0,61.465540010406116,0.6104377165647936,,
H_Belmonte,H_Belmonte,Hidro,Surocciden,Water,2028,18.18127695016582,25271.97496073049,0.0,3.4,943398.030859961,148852.0,61.465540010406116,0.6104377165647936,,
H_Belmonte,H_Belmonte,Hidro,Surocciden,Water,2029,18.181276941451358,25271.97494861739,0.0,3.4,943398.030859961,148852.0,61.46554003920091,0.610437716272205,,
H_Belmonte,H_Belmonte,Hidro,Surocciden,Water,2030,18.18127695016582,25271.97496073049,0.0,3.4,943398.030859961,148852.0,61.465540010406116,0.6104377165647936,,
H_Belmonte,H_Belmonte,Hidro,Surocciden,Water,2031,18.18127695023901,25271.974960832216,0.0,3.4,943398.030859961,148852.0,61.46554001016427,0.6104377165672512,,
H_Belmonte,H_Belmonte,Hidro,Surocciden,Water,2032,18.18127695016582,25271.974960730488,0.0,3.4,943398.030859961,148852.0,61.465540010406116,0.6104377165647936,,
H_Belmonte,H_Belmonte,Hidro,Surocciden,Water,2033,18.18127695016582,25271.97496073049,0.0,3.4,943398.030859961,148852.0,61.465540010406116,0.6104377165647936,,
H_Belmonte,H_Belmonte,Hidro,Surocciden,Water,2034,18.18127695016582,25271.97496073049,0.0,3.4,943398.030859961,148852.0,61.465540010406116,0.6104377165647936,,
H_Belmonte,H_Belmonte,Hidro,Surocciden,Water,2035,18.181276950165824,25271.97496073049,0.0,3.4,943398.030859961,148852.0,61.4655400104061,0.6104377165647938,,
H_CampestreC,H_CampestreC,Hidro,Surocciden,Water,2023,5.694842173686766,7915.830621424603,0.0,0.7,194229.0063535214,30645.999999999996,40.877487009309036,0.9287087693553107,,
H_CampestreC,H_CampestreC,Hidro,Surocciden,Water,2024,5.694842175455757,7915.830623883501,0.0,0.7,194229.0063535214,30645.999999999996,40.87748699704302,0.9287087696437958,,
H_CampestreC,H_CampestreC,Hidro,Surocciden,Water,2025,5.694842174400186,7915.830622416259,0.0,0.7,194229.0063535214,30645.999999999996,40.877487004362244,0.9287087694716546,,
H_CampestreC,H_CampestreC,Hidro,Surocciden,Water,2026,5.694842174914924,7915.830623131744,0.0,0.7,194229.0063535214,30645.999999999996,40.8774870007931,0.9287087695555974,,
H_CampestreC,H_CampestreC,Hidro,Surocciden,Water,2027,5.694842174914923,7915.830623131742,0.0,0.7,194229.0063535214,30645.999999999996,40.87748700079311,0.9287087695555972,,
H_CampestreC,H_CampestreC,Hidro,Surocciden,Water,2028,5.694842174879514,7915.830623082523,0.0,0.7,194229.0063535214,30645.999999999996,40.87748700103864,0.9287087695498226,,
H_CampestreC,H_CampestreC,Hidro,Surocciden,Water,2029,5.694842174005193,7915.830621867217,0.0,0.7,194229.0063535214,30645.999999999996,40.877487007101095,0.9287087694072395,,
H_CampestreC,H_CampestreC,Hidro,Surocciden,Water,2030,5.694842174914924,7915.830623131744,0.0,0.7,194229.0063535214,30645.999999999996,40.8774870007931,0.9287087695555974,,
H_CampestreC,H_CampestreC,Hidro,Surocciden,Water,2031,5.694842174914927,7915.830623131748,0.0,0.7,194229.0063535214,30645.999999999996,40.877487000793074,0.928708769555598,,
H_CampestreC,H_CampestreC,Hidro,Surocciden,Water,2032,5.694842173704757,7915.83062144961,0.0,0.7,194229.0063535214,30645.999999999996,40.877487009184286,0.9287087693582446,,
H_CampestreC,H_CampestreC,Hidro,Surocciden,Water,2033,5.694842174914923,7915.830623131742,0.0,0.7,194229.0063535214,30645.999999999996,40.87748700079311,0.9287087695555972,,
H_CampestreC,H_CampestreC,Hidro,Surocciden,Water,2034,5.694842174914925,7915.830623131746,0.0,0.7,194229.0063535214,30645.999999999996,40.8774870007931,0.9287087695555976,,
H_CampestreC,H_CampestreC,Hidro,Surocciden,Water,2035,5.694842174914924,7915.830623131744,0.0,0.7,194229.0063535214,30645.999999999996,40.8774870007931,0.9287087695555974,,
H_Cantayus,H_Cantayus,Hidro,Antioquia,Water,2023,23.505064730947954,32672.03997601766,0.0,4.32,1198670.4392103036,189129.6,60.43259592967877,0.6211172609860675,,
H_Cantayus,H_Cantayus,Hidro,Antioquia,Water,2024,23.505064731303225,32672.03997651148,0.0,4.32,1198670.4392103036,189129.6,60.43259592878636,0.6211172609954554,,
H_Cantayus,H_Cantayus,Hidro,Antioquia,Water,2025,23.505064728465396,32672.039972566894,0.0,4.32,1198670.4392103036,189129.6,60.43259593591473,0.6211172609204663,,
H_Cantayus,H_Cantayus,Hidro,Antioquia,Water,2026,23.50506472685813,32672.0399703328,0.0,4.32,1198670.4392103036,189129.6,60.43259593995202,0.6211172608779946,,
H_Cantayus,H_Cantayus,Hidro,Antioquia,Water,2027,23.505064717248327,32672.03995697517,0.0,4.32,1198670.4392103036,189129.6,60.432595964091,0.6211172606240571,,
H_Cantayus,H_Cantayus,Hidro,Antioquia,Water,2028,23.291292599270214,32374.896712985596,0.0,4.32,1198670.4392103036,189129.6,60.97450065814671,0.6154683694632116,,
H_Cantayus,H_Cantayus,Hidro,Antioquia,Water,2029,23.505064703483065,32672.03993784146,0.0,4.32,1198670.4392103036,189129.6,60.432595998668084,0.6211172602603124,,
H_Cantayus,H_Cantayus,Hidro,Antioquia,Water,2030,23.505064727722832,32672.039971534734,0.0,4.32,1198670.4392103036,189129.6,60.432595937779986,0.6211172609008442,,
H_Cantayus,H_Cantayus,Hidro,Antioquia,Water,2031,23.505064724264603,32672.03996672779,0.0,4.32,1198670.4392103036,189129.6,60.43259594646674,0.6211172608094611,,
H_Cantayus,H_Cantayus,Hidro,Antioquia,Water,2032,23.505064722788568,32672.039964676103,0.0,4.32,1198670.4392103036,189129.6,60.43259595017441,0.621117260770457,,
H_Cantayus,H_Cantayus,Hidro,Antioquia,Water,2033,23.505064400290955,32672.03951640442,0.0,4.32,1198670.4392103036,189129.6,60.43259676025925,0.6211172522485136,,
H_Cantayus,H_Cantayus,Hidro,Antioquia,Water,2034,22.53453914501656,31323.009411573013,0.0,4.32,1198670.4392103036,189129.6,62.97546355349855,0.5954712906153959,,
H_Cantayus,H_Cantayus,Hidro,Antioquia,Water,2035,23.50506469972209,32672.039932613705,0.0,4.32,1198670.4392103036,189129.6,60.43259600811532,0.6211172601609294,,
H_Caracoli,H_Caracoli,RunOfRiver,Antioquia,Water,2023,20.514696177399006,28515.42768658462,0.0,3.75,1040512.5340367218,164175.0,60.11314771904461,0.6244960784596347,,
H_Caracoli,H_Caracoli,RunOfRiver,Antioquia,Water,2024,20.514696177239806,28515.427686363328,0.0,3.75,1040512.5340367218,164175.0,60.11314771950032,0.6244960784547885,,
H_Caracoli,H_Caracoli,RunOfRiver,Antioquia,Water,2025,20.51469617902558,28515.427688845553,0.0,3.75,1040512.5340367218,164175.0,60.11314771438857,0.62449607850915,,
H_Caracoli,H_Caracoli,RunOfRiver,Antioquia,Water,2026,20.514696166792035,28515.427671840924,0.0,3.75,1040512.5340367218,164175.0,60.11314774940698,0.6244960781367438,,
H_Caracoli,H_Caracoli,RunOfRiver,Antioquia,Water,2027,20.514696176005113,28515.427684647104,0.0,3.75,1040512.5340367218,164175.0,60.11314772303462,0.6244960784172027,,
H_Caracoli,H_Caracoli,RunOfRiver,Antioquia,Water,2028,20.208411309865774,28089.69172071343,0.0,3.75,1040512.5340367218,164175.0,61.00317372081554,0.6151723381998712,,
H_Caracoli,H_Caracoli,RunOfRiver,Antioquia,Water,2029,20.51469617229411,28515.427679488806,0.0,3.75,1040512.5340367218,164175.0,60.11314773365735,0.6244960783042346,,
H_Caracoli,H_Caracoli,RunOfRiver,Antioquia,Water,2030,20.514696177744852,28515.42768706534,0.0,3.75,1040512.5340367218,164175.0,60.11314771805464,0.6244960784701628,,
H_Caracoli,H_Caracoli,RunOfRiver,Antioquia,Water,2031,20.514696171258723,28515.427678049622,0.0,3.75,1040512.5340367218,164175.0,60.11314773662114,0.6244960782727158,,
H_Caracoli,H_Caracoli,RunOfRiver,Antioquia,Water,2032,20.514696173713663,28515.427681461988,0.0,3.75,1040512.5340367218,164175.0,60.11314772959388,0.6244960783474478,,
H_Caracoli,H_Caracoli,RunOfRiver,Antioquia,Water,2033,20.514696176279486,28515.427685028488,0.0,3.75,1040512.5340367218,164175.0,60.11314772224923,0.624496078425555,,
H_Caracoli,H_Caracoli,RunOfRiver,Antioquia,Water,2034,20.007766148512417,27810.79494643226,0.0,3.75,1040512.5340367218,164175.0,61.600996324859125,0.6090644185239699,,
H_Caracoli,H_Caracoli,RunOfRiver,Antioquia,Water,2035,20.514696177464277,28515.427686675343,0.0,3.75,1040512.5340367218,164175.0,60.11314771885779,0.6244960784616217,,
H_Caruquia,H_Caruquia,Hidro,Antioquia,Water,2023,57.01063910778791,79244.78835982518,0.0,9.5,1091835.0357155579,415910.0,27.836730984104918,0.6850593500094677,,
H_Caruquia,H_Caruquia,Hidro,Antioquia,Water,2024,57.01063910831815,79244.78836056223,0.0,9.5,1091835.0357155579,415910.0,27.83673098385894,0.6850593500158392,,
H_Caruquia,H_Caruquia,Hidro,Antioquia,Water,2025,57.0106391060579,79244.78835742048,0.0,9.5,1091835.0357155579,415910.0,27.83673098490745,0.6850593499886793,,
H_Caruquia,H_Caruquia,Hidro,Antioquia,Water,2026,57.01063908681277,79244.78833066975,0.0,9.5,1091835.0357155579,415910.0,27.836730993835097,0.6850593497574232,,
H_Caruquia,H_Caruquia,Hidro,Antioquia,Water,2027,57.01063910252454,79244.78835250912,0.0,9.5,1091835.0357155579,415910.0,27.836730986546545,0.6850593499462212,,
H_Caruquia,H_Caruquia,Hidro,Antioquia,Water,2028,56.599007838036655,78672.62089487094,0.0,9.5,1091835.0357155579,415910.0,28.029071837268084,0.6801130478014497,,
H_Caruquia,H_Caruquia,Hidro,Antioquia,Water,2029,57.01063910296686,79244.78835312392,0.0,9.5,1091835.0357155579,415910.0,27.836730986341358,0.6850593499515363,,
H_Caruquia,H_Caruquia,Hidro,Antioquia,Water,2030,57.01063909269719,79244.7883388491,0.0,9.5,1091835.0357155579,415910.0,27.836730991105366,0.6850593498281324,,
H_Caruquia,H_Caruquia,Hidro,Antioquia,Water,2031,57.010639097833426,79244.78834598843,0.0,9.5,1091835.0357155579,415910.0,27.83673098872271,0.6850593498898512,,
H_Caruquia,H_Caruquia,Hidro,Antioquia,Water,2032,57.01063910522704,79244.78835626558,0.0,9.5,1091835.0357155579,415910.0,27.836730985292878,0.6850593499786953,,
H_Caruquia,H_Caruquia,Hidro,Antioquia,Water,2033,57.010639102104165,79244.78835192477,0.0,9.5,1091835.0357155579,415910.0,27.836730986741554,0.6850593499411698,,
H_Caruquia,H_Caruquia,Hidro,Antioquia,Water,2034,55.60545864522468,77291.58751686229,0.0,9.5,1091835.0357155579,415910.0,28.505054393046372,0.6681742206828246,,
H_Caruquia,H_Caruquia,Hidro,Antioquia,Water,2035,57.01063908939139,79244.78833425403,0.0,9.5,1091835.0357155579,415910.0,27.836730992638895,0.6850593497884088,,
H_Cascada,H_Cascada,Hidro,Nordeste,Water,2023,16.285515058645696,22636.865931517517,0.0,3.0,832410.0272293775,131340.0,60.568357194035414,0.6196923538297449,,
H_Cascada,H_Cascada,Hidro,Nordeste,Water,2024,16.285515068762862,22636.865945580375,0.0,3.0,832410.0272293775,131340.0,60.56835715727162,0.6196923542147207,,
H_Cascada,H_Cascada,Hidro,Nordeste,Water,2025,16.28551506783929,22636.865944296616,0.0,3.0,832410.0272293775,131340.0,60.56835716062769,0.6196923541795771,,
H_Cascada,H_Cascada,Hidro,Nordeste,Water,2026,16.285514944887062,22636.865773393012,0.0,3.0,832410.0272293775,131340.0,60.568357607411905,0.6196923495010296,,
H_Cascada,H_Cascada,Hidro,Nordeste,Water,2027,16.285514994146578,22636.86584186374,0.0,3.0,832410.0272293775,131340.0,60.56835742841252,0.6196923513754404,,
H_Cascada,H_Cascada,Hidro,Nordeste,Water,2028,16.285511031853442,22636.860334276287,0.0,3.0,832410.0272293775,131340.0,60.56837182660972,0.6196922006032511,,
H_Cascada,H_Cascada,Hidro,Nordeste,Water,2029,16.28551495605781,22636.865788920353,0.0,3.0,832410.0272293775,131340.0,60.5683575668196,0.6196923499260961,,
H_Cascada,H_Cascada,Hidro,Nordeste,Water,2030,16.28551497630559,22636.86581706476,0.0,3.0,832410.0272293775,131340.0,60.56835749324316,0.6196923506965596,,
H_Cascada,H_Cascada,Hidro,Nordeste,Water,2031,16.28551493482264,22636.865759403467,0.0,3.0,832410.0272293775,131340.0,60.56835764398403,0.6196923491180607,,
H_Cascada,H_Cascada,Hidro,Nordeste,Water,2032,16.285514976327818,22636.865817095662,0.0,3.0,832410.0272293775,131340.0,60.56835749316238,0.6196923506974054,,
H_Cascada,H_Cascada,Hidro,Nordeste,Water,2033,16.28551431561428,22636.864898703847,0.0,3.0,832410.0272293775,131340.0,60.5683598940655,0.6196923255560988,,
H_Cascada,H_Cascada,Hidro,Nordeste,Water,2034,16.285509768987723,22636.858578892927,0.0,3.0,832410.0272293775,131340.0,60.56837641561788,0.6196921525489999,,
H_Cascada,H_Cascada,Hidro,Nordeste,Water,2035,16.2855149256482,22636.865746651,0.0,3.0,832410.0272293775,131340.0,60.56835767732214,0.6196923487689573,,
H_CascadaAbe,H_CascadaAbe,Hidro,Antioquia,Water,2023,18.39019576498343,25562.372113326965,0.0,3.0,832410.0272293775,131340.0,53.79564263401933,0.6997791386979996,,
H_CascadaAbe,H_CascadaAbe,Hidro,Antioquia,Water,2024,18.39019576430172,25562.372112379388,0.0,3.0,832410.0272293775,131340.0,53.795642635961975,0.6997791386720592,,
H_CascadaAbe,H_CascadaAbe,Hidro,Antioquia,Water,2025,18.39019576373433,25562.372111590717,0.0,3.0,832410.0272293775,131340.0,53.79564263757884,0.6997791386504689,,
H_CascadaAbe,H_CascadaAbe,Hidro,Antioquia,Water,2026,18.39019575838453,25562.37210415449,0.0,3.0,832410.0272293775,131340.0,53.7956426528239,0.6997791384468998,,
H_CascadaAbe,H_CascadaAbe,Hidro,Antioquia,Water,2027,18.39019576306283,25562.372110657332,0.0,3.0,832410.0272293775,131340.0,53.795642639492364,0.6997791386249174,,
H_CascadaAbe,H_CascadaAbe,Hidro,Antioquia,Water,2028,18.20991867007835,25311.786951408903,0.0,3.0,832410.0272293775,131340.0,54.314455330652564,0.6929192796833464,,
H_CascadaAbe,H_CascadaAbe,Hidro,Antioquia,Water,2029,18.39019575015756,25562.372092719004,0.0,3.0,832410.0272293775,131340.0,53.795642676267896,0.6997791381338492,,
H_CascadaAbe,H_CascadaAbe,Hidro,Antioquia,Water,2030,18.390195761724048,25562.372108796422,0.0,3.0,832410.0272293775,131340.0,53.79564264330744,0.6997791385739743,,
H_CascadaAbe,H_CascadaAbe,Hidro,Antioquia,Water,2031,18.390195761888464,25562.372109024967,0.0,3.0,832410.0272293775,131340.0,53.79564264283892,0.6997791385802304,,
H_CascadaAbe,H_CascadaAbe,Hidro,Antioquia,Water,2032,18.39019575767726,25562.37210317139,0.0,3.0,832410.0272293775,131340.0,53.79564265483937,0.699779138419987,,
H_CascadaAbe,H_CascadaAbe,Hidro,Antioquia,Water,2033,18.390195763133868,25562.37211075607,0.0,3.0,832410.0272293775,131340.0,53.79564263928995,0.6997791386276203,,
H_CascadaAbe,H_CascadaAbe,Hidro,Antioquia,Water,2034,17.57634436607149,24431.118668839365,0.0,3.0,832410.0272293775,131340.0,56.22222262586942,0.6688106684197672,,
H_CascadaAbe,H_CascadaAbe,Hidro,Antioquia,Water,2035,18.39019575120408,25562.37209417367,0.0,3.0,832410.0272293775,131340.0,53.795642673285684,0.6997791381736711,,
H_CascadaAnt,H_CascadaAnt,Hidro,Antioquia,Water,2023,15.744446505602378,21884.7806427873,0.0,2.3,638181.020875856,100693.99999999999,48.31924712297384,0.7814396717094688,,
H_CascadaAnt,H_CascadaAnt,Hidro,Antioquia,Water,2024,15.744446505694794,21884.780642915764,0.0,2.3,638181.020875856,100693.99999999999,48.319247122698386,0.7814396717140556,,
H_CascadaAnt,H_CascadaAnt,Hidro,Antioquia,Water,2025,15.744446504425312,21884.78064115118,0.0,2.3,638181.020875856,100693.99999999999,48.3192471264823,0.7814396716510478,,
H_CascadaAnt,H_CascadaAnt,Hidro,Antioquia,Water,2026,15.74444650397095,21884.78064051962,0.0,2.3,638181.020875856,100693.99999999999,48.31924712783662,0.7814396716284966,,
H_CascadaAnt,H_CascadaAnt,Hidro,Antioquia,Water,2027,15.744446502447254,21884.78063840168,0.0,2.3,638181.020875856,100693.99999999999,48.31924713237828,0.7814396715528713,,
H_CascadaAnt,H_CascadaAnt,Hidro,Antioquia,Water,2028,15.626446486535155,21720.76061628386,0.0,2.3,638181.020875856,100693.99999999999,48.67362404802159,0.7755830100523701,,
H_CascadaAnt,H_CascadaAnt,Hidro,Antioquia,Water,2029,15.744446503785738,21884.78064026217,0.0,2.3,638181.020875856,100693.99999999999,48.319247128388675,0.781439671619304,,
H_CascadaAnt,H_CascadaAnt,Hidro,Antioquia,Water,2030,15.74444649775003,21884.78063187254,0.0,2.3,638181.020875856,100693.99999999999,48.31924714637923,0.7814396713197354,,
H_CascadaAnt,H_CascadaAnt,Hidro,Antioquia,Water,2031,15.744446479323322,21884.780606259417,0.0,2.3,638181.020875856,100693.99999999999,48.319247201303455,0.7814396704051678,,
H_CascadaAnt,H_CascadaAnt,Hidro,Antioquia,Water,2032,15.74444649901667,21884.780633633167,0.0,2.3,638181.020875856,100693.99999999999,48.31924714260378,0.7814396713826021,,
H_CascadaAnt,H_CascadaAnt,Hidro,Antioquia,Water,2033,15.744446178273199,21884.780187799744,0.0,2.3,638181.020875856,100693.99999999999,48.31924809863928,0.781439655463232,,
H_CascadaAnt,H_CascadaAnt,Hidro,Antioquia,Water,2034,15.045151318876488,20912.760333238315,0.0,2.3,638181.020875856,100693.99999999999,50.50050777859722,0.7467317509865241,,
H_CascadaAnt,H_CascadaAnt,Hidro,Antioquia,Water,2035,15.744446471460364,21884.780595329903,0.0,2.3,638181.020875856,100693.99999999999,48.319247224740465,0.7814396700149078,,
H_CascadaGra,H_CascadaGra,Hidro,Antioquia,Water,2023,2.082819305908922,2895.1188352134013,0.0,2.09,579912.3189697996,91500.2,323.74754540252906,0.11376304351603209,,
H_CascadaGra,H_CascadaGra,Hidro,Antioquia,Water,2024,2.082819306281236,2895.1188357309175,0.0,2.09,579912.3189697996,91500.2,323.74754534490614,0.11376304353636778,,
H_CascadaGra,H_CascadaGra,Hidro,Antioquia,Water,2025,2.0828193068253595,2895.1188364872487,0.0,2.09,579912.3189697996,91500.2,323.7475452606923,0.11376304356608766,,
H_CascadaGra,H_CascadaGra,Hidro,Antioquia,Water,2026,2.0828193035871383,2895.118831986122,0.0,2.09,579912.3189697996,91500.2,323.74754576187115,0.11376304338921686,,
H_CascadaGra,H_CascadaGra,Hidro,Antioquia,Water,2027,2.0828193045986123,2895.118833392071,0.0,2.09,579912.3189697996,91500.2,323.7475456053255,0.1137630434444633,,
H_CascadaGra,H_CascadaGra,Hidro,Antioquia,Water,2028,2.0828193069070045,2895.118836600736,0.0,2.09,579912.3189697996,91500.2,323.7475452480561,0.11376304357054708,,
H_CascadaGra,H_CascadaGra,Hidro,Antioquia,Water,2029,2.082819304452035,2895.1188331883277,0.0,2.09,579912.3189697996,91500.2,323.74754562801127,0.1137630434364573,,
H_CascadaGra,H_CascadaGra,Hidro,Antioquia,Water,2030,2.082819304550207,2895.1188333247874,0.0,2.09,579912.3189697996,91500.2,323.74754561281713,0.11376304344181942,,
H_CascadaGra,H_CascadaGra,Hidro,Antioquia,Water,2031,2.0828193069070036,2895.1188366007345,0.0,2.09,579912.3189697996,91500.2,323.7475452480562,0.11376304357054702,,
H_CascadaGra,H_CascadaGra,Hidro,Antioquia,Water,2032,2.0828193069069885,2895.1188366007136,0.0,2.09,579912.3189697996,91500.2,323.74754524805854,0.1137630435705462,,
H_CascadaGra,H_CascadaGra,Hidro,Antioquia,Water,2033,2.0828193069070076,2895.11883660074,0.0,2.09,579912.3189697996,91500.2,323.7475452480556,0.11376304357054726,,
H_CascadaGra,H_CascadaGra,Hidro,Antioquia,Water,2034,2.0828193039668097,2895.1188325138655,0.0,2.09,579912.3189697996,91500.2,323.74754570310944,0.11376304340995443,,
H_CascadaGra,H_CascadaGra,Hidro,Antioquia,Water,2035,2.0828193037821388,2895.118832257172,0.0,2.09,579912.3189697996,91500.2,323.747545731691,0.11376304339986773,,
H_Cauya,H_Cauya,Hidro,Surocciden,Water,2023,3.6977858800111156,5139.9223732154505,0.0,1.51,418979.7137054533,66107.8,132.57323489947316,0.2795507786757322,,
H_Cauya,H_Cauya,Hidro,Surocciden,Water,2024,3.6977858797246133,5139.922372817213,0.0,1.51,418979.7137054533,66107.8,132.5732349096372,0.27955077865407274,,
H_Cauya,H_Cauya,Hidro,Surocciden,Water,2025,3.697785880044356,5139.922373261656,0.0,1.51,418979.7137054533,66107.8,132.57323489829395,0.2795507786782451,,
H_Cauya,H_Cauya,Hidro,Surocciden,Water,2026,3.697785880044359,5139.922373261657,0.0,1.51,418979.7137054533,66107.8,132.57323489829383,0.27955077867824535,,
H_Cauya,H_Cauya,Hidro,Surocciden,Water,2027,3.6977858800443544,5139.922373261652,0.0,1.51,418979.7137054533,66107.8,132.57323489829398,0.279550778678245,,
H_Cauya,H_Cauya,Hidro,Surocciden,Water,2028,3.6977858800443544,5139.922373261652,0.0,1.51,418979.7137054533,66107.8,132.57323489829398,0.279550778678245,,
H_Cauya,H_Cauya,Hidro,Surocciden,Water,2029,3.697785880044358,5139.922373261657,0.0,1.51,418979.7137054533,66107.8,132.57323489829386,0.27955077867824524,,
H_Cauya,H_Cauya,Hidro,Surocciden,Water,2030,3.697785880044357,5139.922373261656,0.0,1.51,418979.7137054533,66107.8,132.5732348982939,0.2795507786782452,,
H_Cauya,H_Cauya,Hidro,Surocciden,Water,2031,3.697785880044354,5139.922373261651,0.0,1.51,418979.7137054533,66107.8,132.573234898294,0.279550778678245,,
H_Cauya,H_Cauya,Hidro,Surocciden,Water,2032,3.697785880044358,5139.922373261656,0.0,1.51,418979.7137054533,66107.8,132.57323489829386,0.27955077867824524,,
H_Cauya,H_Cauya,Hidro,Surocciden,Water,2033,3.697785880044356,5139.922373261654,0.0,1.51,418979.7137054533,66107.8,132.57323489829395,0.2795507786782451,,
H_Cauya,H_Cauya,Hidro,Surocciden,Water,2034,3.6977858800443544,5139.922373261652,0.0,1.51,418979.7137054533,66107.8,132.57323489829398,0.279550778678245,,
H_Cauya,H_Cauya,Hidro,Surocciden,Water,2035,3.697785880044355,5139.922373261654,0.0,1.51,418979.7137054533,66107.8,132.57323489829398,0.279550778678245,,
H_Chorrera,H_Chorrera,Hidro,Antioquia,Water,2023,58.79945853879531,81731.24736892545,0.0,15.0,4162050.136146887,656700.0,83.34228758726618,0.4474844637655654,,
H_Chorrera,H_Chorrera,Hidro,Antioquia,Water,2024,58.79945854143033,81731.24737258816,0.0,15.0,4162050.136146887,656700.0,83.34228758359359,0.4474844637856189,,
H_Chorrera,H_Chorrera,Hidro,Antioquia,Water,2025,58.79945854107795,81731.24737209835,0.0,15.0,4162050.136146887,656700.0,83.34228758408472,0.4474844637829371,,
H_Chorrera,H_Chorrera,Hidro,Antioquia,Water,2026,58.79945854088728,81731.2473718333,0.0,15.0,4162050.136146887,656700.0,83.34228758435047,0.4474844637814861,,
H_Chorrera,H_Chorrera,Hidro,Antioquia,Water,2027,58.79945853526827,81731.24736402289,0.0,15.0,4162050.136146887,656700.0,83.34228759218202,0.4474844637387234,,
H_Chorrera,H_Chorrera,Hidro,Antioquia,Water,2028,58.79939336032706,81731.1567708546,0.0,15.0,4162050.136146887,656700.0,83.34237843045807,0.4474839677346046,,
H_Chorrera,H_Chorrera,Hidro,Antioquia,Water,2029,58.7994585406934,81731.24737156382,0.0,15.0,4162050.136146887,656700.0,83.34228758462069,0.4474844637800105,,
H_Chorrera,H_Chorrera,Hidro,Antioquia,Water,2030,58.79945851364842,81731.24733397129,0.0,15.0,4162050.136146887,656700.0,83.34228762231488,0.4474844635741888,,
H_Chorrera,H_Chorrera,Hidro,Antioquia,Water,2031,58.79945853775028,81731.24736747288,0.0,15.0,4162050.136146887,656700.0,83.34228758872271,0.44748446375761236,,
H_Chorrera,H_Chorrera,Hidro,Antioquia,Water,2032,58.799458531145675,81731.24735829249,0.0,15.0,4162050.136146887,656700.0,83.34228759792792,0.44748446370734907,,
H_Chorrera,H_Chorrera,Hidro,Antioquia,Water,2033,58.79945854021099,81731.24737089328,0.0,15.0,4162050.136146887,656700.0,83.34228758529305,0.44748446377633927,,
H_Chorrera,H_Chorrera,Hidro,Antioquia,Water,2034,57.215642481949445,79529.74304990971,0.0,15.0,4162050.136146887,656700.0,85.61085162579657,0.43543106911681456,,
H_Chorrera,H_Chorrera,Hidro,Antioquia,Water,2035,58.79945854029881,81731.24737101534,0.0,15.0,4162050.136146887,656700.0,83.34228758517067,0.44748446377700757,,
H_Coconuco,H_Coconuco,Hidro,Surocciden,Water,2023,23.74825593774012,33010.07575345876,0.0,4.5,1248615.0408440663,197010.0,62.26289292460067,0.6024418046103529,,
H_Coconuco,H_Coconuco,Hidro,Surocciden,Water,2024,23.74825593853692,33010.075754566315,0.0,4.5,1248615.0408440663,197010.0,62.262892922558265,0.6024418046305661,,
H_Coconuco,H_Coconuco,Hidro,Surocciden,Water,2025,23.748255936913736,33010.07575231009,0.0,4.5,1248615.0408440663,197010.0,62.26289292671889,0.6024418045893895,,
H_Coconuco,H_Coconuco,Hidro,Surocciden,Water,2026,23.748255938030077,33010.075753861805,0.0,4.5,1248615.0408440663,197010.0,62.26289292385743,0.6024418046177086,,
H_Coconuco,H_Coconuco,Hidro,Surocciden,Water,2027,23.748255936284863,33010.07575143596,0.0,4.5,1248615.0408440663,197010.0,62.262892928330864,0.6024418045734363,,
H_Coconuco,H_Coconuco,Hidro,Surocciden,Water,2028,23.74825593673288,33010.07575205869,0.0,4.5,1248615.0408440663,197010.0,62.262892927182484,0.6024418045848016,,
H_Coconuco,H_Coconuco,Hidro,Surocciden,Water,2029,23.74825593778737,33010.075753524434,0.0,4.5,1248615.0408440663,197010.0,62.26289292447955,0.6024418046115516,,
H_Coconuco,H_Coconuco,Hidro,Surocciden,Water,2030,23.748255937588887,33010.075753248544,0.0,4.5,1248615.0408440663,197010.0,62.26289292498831,0.6024418046065166,,
H_Coconuco,H_Coconuco,Hidro,Surocciden,Water,2031,23.74825593803008,33010.075753861805,0.0,4.5,1248615.0408440663,197010.0,62.26289292385742,0.6024418046177087,,
H_Coconuco,H_Coconuco,Hidro,Surocciden,Water,2032,23.748255936822442,33010.07575218319,0.0,4.5,1248615.0408440663,197010.0,62.2628929269529,0.6024418045870735,,
H_Coconuco,H_Coconuco,Hidro,Surocciden,Water,2033,23.748255938030084,33010.07575386181,0.0,4.5,1248615.0408440663,197010.0,62.262892923857414,0.6024418046177087,,
H_Coconuco,H_Coconuco,Hidro,Surocciden,Water,2034,23.74825593803008,33010.075753861805,0.0,4.5,1248615.0408440663,197010.0,62.26289292385742,0.6024418046177087,,
H_Coconuco,H_Coconuco,Hidro,Surocciden,Water,2035,23.748255938030084,33010.07575386181,0.0,4.5,1248615.0408440663,197010.0,62.262892923857414,0.6024418046177087,,
H_Cocuyo,H_Cocuyo,Hidro,Surocciden,Water,2023,3.398762183601087,4724.279435205511,0.0,0.7,194229.0063535214,30645.999999999996,67.55379558373802,0.5542665009134191,,
H_Cocuyo,H_Cocuyo,Hidro,Surocciden,Water,2024,3.398762183707874,4724.279435353945,0.0,0.7,194229.0063535214,30645.999999999996,67.5537955816592,0.5542665009308338,,
H_Cocuyo,H_Cocuyo,Hidro,Surocciden,Water,2025,3.398762184277789,4724.2794361461265,0.0,0.7,194229.0063535214,30645.999999999996,67.55379557056465,0.5542665010237751,,
H_Cocuyo,H_Cocuyo,Hidro,Surocciden,Water,2026,3.3987621842777838,4724.279436146119,0.0,0.7,194229.0063535214,30645.999999999996,67.55379557056474,0.5542665010237742,,
H_Cocuyo,H_Cocuyo,Hidro,Surocciden,Water,2027,3.3987621834670683,4724.279435019224,0.0,0.7,194229.0063535214,30645.999999999996,67.55379558634696,0.5542665008915635,,
H_Cocuyo,H_Cocuyo,Hidro,Surocciden,Water,2028,3.3987621738512663,4724.279421653259,0.0,0.7,194229.0063535214,30645.999999999996,67.55379577353804,0.5542664993234289,,
H_Cocuyo,H_Cocuyo,Hidro,Surocciden,Water,2029,3.398762184277784,4724.27943614612,0.0,0.7,194229.0063535214,30645.999999999996,67.55379557056473,0.5542665010237743,,
H_Cocuyo,H_Cocuyo,Hidro,Surocciden,Water,2030,3.398762184277788,4724.279436146125,0.0,0.7,194229.0063535214,30645.999999999996,67.55379557056466,0.5542665010237748,,
H_Cocuyo,H_Cocuyo,Hidro,Surocciden,Water,2031,3.39876218427779,4724.2794361461265,0.0,0.7,194229.0063535214,30645.999999999996,67.55379557056463,0.5542665010237752,,
H_Cocuyo,H_Cocuyo,Hidro,Surocciden,Water,2032,3.3987621842777855,4724.279436146121,0.0,0.7,194229.0063535214,30645.999999999996,67.55379557056472,0.5542665010237744,,
H_Cocuyo,H_Cocuyo,Hidro,Surocciden,Water,2033,3.3987621844446334,4724.2794363780395,0.0,0.7,194229.0063535214,30645.999999999996,67.55379556731668,0.5542665010509839,,
H_Cocuyo,H_Cocuyo,Hidro,Surocciden,Water,2034,3.3987621842777878,4724.279436146124,0.0,0.7,194229.0063535214,30645.999999999996,67.55379557056467,0.5542665010237748,,
H_Cocuyo,H_Cocuyo,Hidro,Surocciden,Water,2035,3.3987621842777864,4724.279436146123,0.0,0.7,194229.0063535214,30645.999999999996,67.5537955705647,0.5542665010237746,,
H_Coello,H_Coello,Hidro,Surocciden,Water,2023,7.8811135267195205,10954.747802140133,0.0,1.2,332964.010891751,52536.0,50.30440905968191,0.7497254115981278,,
H_Coello,H_Coello,Hidro,Surocciden,Water,2024,7.8811135295035655,10954.747806009957,0.0,1.2,332964.010891751,52536.0,50.30440904240264,0.7497254118629723,,
H_Coello,H_Coello,Hidro,Surocciden,Water,2025,7.881113527598913,10954.747803362488,0.0,1.2,332964.010891751,52536.0,50.30440905422393,0.7497254116817839,,
H_Coello,H_Coello,Hidro,Surocciden,Water,2026,7.881113510870639,10954.747780110185,0.0,1.2,332964.010891751,52536.0,50.30440915804854,0.7497254100904337,,
H_Coello,H_Coello,Hidro,Surocciden,Water,2027,7.881113528604367,10954.747804760069,0.0,1.2,332964.010891751,52536.0,50.30440904798354,0.749725411777432,,
H_Coello,H_Coello,Hidro,Surocciden,Water,2028,7.881113528604372,10954.747804760076,0.0,1.2,332964.010891751,52536.0,50.30440904798351,0.7497254117774326,,
H_Coello,H_Coello,Hidro,Surocciden,Water,2029,7.881113519898818,10954.747792659356,0.0,1.2,332964.010891751,52536.0,50.304409102014844,0.7497254109492787,,
H_Coello,H_Coello,Hidro,Surocciden,Water,2030,7.881113528864849,10954.74780512214,0.0,1.2,332964.010891751,52536.0,50.30440904636685,0.7497254118022116,,
H_Coello,H_Coello,Hidro,Surocciden,Water,2031,7.88111351944899,10954.747792034093,0.0,1.2,332964.010891751,52536.0,50.30440910480672,0.7497254109064867,,
H_Coello,H_Coello,Hidro,Surocciden,Water,2032,7.881113527611611,10954.747803380138,0.0,1.2,332964.010891751,52536.0,50.30440905414512,0.7497254116829918,,
H_Coello,H_Coello,Hidro,Surocciden,Water,2033,7.881113528107694,10954.747804069693,0.0,1.2,332964.010891751,52536.0,50.304409051066166,0.7497254117301838,,
H_Coello,H_Coello,Hidro,Surocciden,Water,2034,7.881113528604368,10954.747804760069,0.0,1.2,332964.010891751,52536.0,50.30440904798354,0.7497254117774321,,
H_Coello,H_Coello,Hidro,Surocciden,Water,2035,7.88111352860437,10954.747804760073,0.0,1.2,332964.010891751,52536.0,50.304409047983526,0.7497254117774323,,
H_Currucucue,H_Currucucue,Hidro,Surocciden,Water,2023,3.7268534168783036,5180.326249460841,0.0,1.25,346837.51134557393,54725.0,109.13840500218325,0.34035191021719663,,
H_Currucucue,H_Currucucue,Hidro,Surocciden,Water,2024,3.7268534156290207,5180.326247724339,0.0,1.25,346837.51134557393,54725.0,109.13840503830173,0.34035191010310684,,
H_Currucucue,H_Currucucue,Hidro,Surocciden,Water,2025,3.726853415603447,5180.32624768879,0.0,1.25,346837.51134557393,54725.0,109.13840503904109,0.34035191010077137,,
H_Currucucue,H_Currucucue,Hidro,Surocciden,Water,2026,3.726853416319436,5180.326248684016,0.0,1.25,346837.51134557393,54725.0,109.13840501834088,0.34035191016615846,,
H_Currucucue,H_Currucucue,Hidro,Surocciden,Water,2027,3.7268534161985074,5180.326248515924,0.0,1.25,346837.51134557393,54725.0,109.13840502183707,0.3403519101551148,,
H_Currucucue,H_Currucucue,Hidro,Surocciden,Water,2028,3.7268534136119866,5180.3262449206595,0.0,1.25,346837.51134557393,54725.0,109.13840509661692,0.34035190991890285,,
H_Currucucue,H_Currucucue,Hidro,Surocciden,Water,2029,3.7268534164247757,5180.326248830437,0.0,1.25,346837.51134557393,54725.0,109.13840501529535,0.34035191017577854,,
H_Currucucue,H_Currucucue,Hidro,Surocciden,Water,2030,3.7268534159039346,5180.3262481064685,0.0,1.25,346837.51134557393,54725.0,109.13840503035358,0.34035191012821314,,
H_Currucucue,H_Currucucue,Hidro,Surocciden,Water,2031,3.7268534152884634,5180.326247250963,0.0,1.25,346837.51134557393,54725.0,109.13840504814769,0.3403519100720057,,
H_Currucucue,H_Currucucue,Hidro,Surocciden,Water,2032,3.7268534161985034,5180.326248515919,0.0,1.25,346837.51134557393,54725.0,109.13840502183719,0.3403519101551144,,
H_Currucucue,H_Currucucue,Hidro,Surocciden,Water,2033,3.7268531863736,5180.325929059303,0.0,1.25,346837.51134557393,54725.0,109.1384116663884,0.34035188916653875,,
H_Currucucue,H_Currucucue,Hidro,Surocciden,Water,2034,3.726853416198503,5180.326248515918,0.0,1.25,346837.51134557393,54725.0,109.1384050218372,0.34035191015511435,,
H_Currucucue,H_Currucucue,Hidro,Surocciden,Water,2035,3.726853416198503,5180.3262485159175,0.0,1.25,346837.51134557393,54725.0,109.1384050218372,0.34035191015511435,,
H_ElBosque,H_ElBosque,Hidro,Surocciden,Water,2023,14.623292620701498,20326.37674277508,0.0,2.28,632631.6206943268,99818.4,51.47790015303614,0.7321603691371013,,
H_ElBosque,H_ElBosque,Hidro,Surocciden,Water,2024,14.623292621605483,20326.376744031622,0.0,2.28,632631.6206943268,99818.4,51.477900149939806,0.732160369182362,,
H_ElBosque,H_ElBosque,Hidro,Surocciden,Water,2025,14.623292622499822,20326.37674527475,0.0,2.28,632631.6206943268,99818.4,51.4779001468765,0.7321603692271399,,
H_ElBosque,H_ElBosque,Hidro,Surocciden,Water,2026,14.623292621925923,20326.37674447703,0.0,2.28,632631.6206943268,99818.4,51.47790014884223,0.7321603691984059,,
H_ElBosque,H_ElBosque,Hidro,Surocciden,Water,2027,14.623292621099102,20326.37674332775,0.0,2.28,632631.6206943268,99818.4,51.477900151674255,0.7321603691570086,,
H_ElBosque,H_ElBosque,Hidro,Surocciden,Water,2028,14.623291827035306,20326.37563957907,0.0,2.28,632631.6206943268,99818.4,51.47790287151249,0.7321603293997488,,
H_ElBosque,H_ElBosque,Hidro,Surocciden,Water,2029,14.6232926187709,20326.376740091546,0.0,2.28,632631.6206943268,99818.4,51.477900159648854,0.7321603690404399,,
H_ElBosque,H_ElBosque,Hidro,Surocciden,Water,2030,14.623292620107886,20326.37674194996,0.0,2.28,632631.6206943268,99818.4,51.477900155069385,0.7321603691073802,,
H_ElBosque,H_ElBosque,Hidro,Surocciden,Water,2031,14.623292612027123,20326.376730717697,0.0,2.28,632631.6206943268,99818.4,51.477900182747725,0.7321603687027919,,
H_ElBosque,H_ElBosque,Hidro,Surocciden,Water,2032,14.623292621798878,20326.37674430044,0.0,2.28,632631.6206943268,99818.4,51.47790014927738,0.7321603691920451,,
H_ElBosque,H_ElBosque,Hidro,Surocciden,Water,2033,14.623292621971888,20326.376744540925,0.0,2.28,632631.6206943268,99818.4,51.47790014868478,0.7321603692007074,,
H_ElBosque,H_ElBosque,Hidro,Surocciden,Water,2034,14.623292605105792,20326.376721097047,0.0,2.28,632631.6206943268,99818.4,51.47790020645476,0.7321603683562541,,
H_ElBosque,H_ElBosque,Hidro,Surocciden,Water,2035,14.62329261914664,20326.37674061383,0.0,2.28,632631.6206943268,99818.4,51.477900158361855,0.7321603690592525,,
H_ElEden,H_ElEden,Hidro,Surocciden,Water,2023,77.6845073273675,107981.46518504081,0.0,19.9,5521653.180621536,871221.9999999999,83.68279428498595,0.445632886621277,,
H_ElEden,H_ElEden,Hidro,Surocciden,Water,2024,77.68450732747075,107981.46518518434,0.0,19.9,5521653.180621536,871221.9999999999,83.68279428487655,0.44563288662186934,,
H_ElEden,H_ElEden,Hidro,Surocciden,Water,2025,77.68450732645059,107981.4651837663,0.0,19.9,5521653.180621536,871221.9999999999,83.68279428595724,0.4456328866160172,,
H_ElEden,H_ElEden,Hidro,Surocciden,Water,2026,77.6845073174178,107981.46517121073,0.0,19.9,5521653.180621536,871221.9999999999,83.68279429552588,0.445632886564201,,
H_ElEden,H_ElEden,Hidro,Surocciden,Water,2027,77.68450731915269,107981.46517362223,0.0,19.9,5521653.180621536,871221.9999999999,83.68279429368806,0.4456328865741532,,
H_ElEden,H_ElEden,Hidro,Surocciden,Water,2028,77.68450732629066,107981.46518354402,0.0,19.9,5521653.180621536,871221.9999999999,83.68279428612666,0.4456328866150997,,
H_ElEden,H_ElEden,Hidro,Surocciden,Water,2029,77.6845073246676,107981.46518128793,0.0,19.9,5521653.180621536,871221.9999999999,83.682794287846,0.4456328866057892,,
H_ElEden,H_ElEden,Hidro,Surocciden,Water,2030,77.68450728780255,107981.46513004553,0.0,19.9,5521653.180621536,871221.9999999999,83.68279432689789,0.44563288639431486,,
H_ElEden,H_ElEden,Hidro,Surocciden,Water,2031,77.68450728754596,107981.46512968886,0.0,19.9,5521653.180621536,871221.9999999999,83.68279432716972,0.44563288639284293,,
H_ElEden,H_ElEden,Hidro,Surocciden,Water,2032,77.68450726075035,107981.46509244299,0.0,19.9,5521653.180621536,871221.9999999999,83.68279435555485,0.4456328862391314,,
H_ElEden,H_ElEden,Hidro,Surocciden,Water,2033,77.68450525204,107981.46230033558,0.0,19.9,5521653.180621536,871221.9999999999,83.68279648342306,0.4456328747162754,,
H_ElEden,H_ElEden,Hidro,Surocciden,Water,2034,77.68450720270815,107981.46501176432,0.0,19.9,5521653.180621536,871221.9999999999,83.68279441704016,0.4456328859061755,,
H_ElEden,H_ElEden,Hidro,Surocciden,Water,2035,77.68450723902524,107981.46506224507,0.0,19.9,5521653.180621536,871221.9999999999,83.68279437856872,0.44563288611450647,,
H_ElLimonar,H_ElLimonar,Hidro,Oriental,Water,2023,132.72106048049534,184482.2740678885,0.0,18.0,4994460.163376265,788040.0,44.95882127404385,0.841711443940229,,
H_ElLimonar,H_ElLimonar,Hidro,Oriental,Water,2024,132.7210604838295,184482.27407252294,0.0,18.0,4994460.163376265,788040.0,44.95882127294933,0.8417114439613741,,
H_ElLimonar,H_ElLimonar,Hidro,Oriental,Water,2025,132.7210604828321,184482.2740711366,0.0,18.0,4994460.163376265,788040.0,44.958821273276754,0.8417114439550485,,
H_ElLimonar,H_ElLimonar,Hidro,Oriental,Water,2026,132.72106044196812,184482.27401433565,0.0,18.0,4994460.163376265,788040.0,44.95882128669132,0.841711443695891,,
H_ElLimonar,H_ElLimonar,Hidro,Oriental,Water,2027,132.72106045361875,184482.27403053,0.0,18.0,4994460.163376265,788040.0,44.958821282866715,0.8417114437697788,,
H_ElLimonar,H_ElLimonar,Hidro,Oriental,Water,2028,132.7210596491333,184482.2729122953,0.0,18.0,4994460.163376265,788040.0,44.95882154695806,0.8417114386677655,,
H_ElLimonar,H_ElLimonar,Hidro,Oriental,Water,2029,132.72106040718865,184482.2739659922,0.0,18.0,4994460.163376265,788040.0,44.958821298108504,0.841711443475321,,
H_ElLimonar,H_ElLimonar,Hidro,Oriental,Water,2030,132.72106046304881,184482.27404363785,0.0,18.0,4994460.163376265,788040.0,44.95882127977109,0.8417114438295838,,
H_ElLimonar,H_ElLimonar,Hidro,Oriental,Water,2031,132.72106043932814,184482.27401066612,0.0,18.0,4994460.163376265,788040.0,44.958821287557946,0.8417114436791483,,
H_ElLimonar,H_ElLimonar,Hidro,Oriental,Water,2032,132.7210604043072,184482.27396198697,0.0,18.0,4994460.163376265,788040.0,44.9588212990544,0.8417114434570471,,
H_ElLimonar,H_ElLimonar,Hidro,Oriental,Water,2033,132.72105932728095,184482.27246492053,0.0,18.0,4994460.163376265,788040.0,44.95882165261369,0.8417114366265914,,
H_ElLimonar,H_ElLimonar,Hidro,Oriental,Water,2034,132.72105795736388,184482.27056073578,0.0,18.0,4994460.163376265,788040.0,44.95882210232132,0.8417114279386344,,
H_ElLimonar,H_ElLimonar,Hidro,Oriental,Water,2035,132.72106038439617,184482.27393431065,0.0,18.0,4994460.163376265,788040.0,44.95882130559066,0.8417114433307721,,
H_ElMolino,H_ElMolino,Hidro,Antioquia,Water,2023,115.54355816615352,160605.54585095335,0.0,19.9,5521653.180621536,871221.9999999999,56.718702716844476,0.6628092412183836,,
H_ElMolino,H_ElMolino,Hidro,Antioquia,Water,2024,115.54355816610774,160605.54585088976,0.0,19.9,5521653.180621536,871221.9999999999,56.718702716866396,0.662809241218121,,
H_ElMolino,H_ElMolino,Hidro,Antioquia,Water,2025,115.54355816604982,160605.54585080923,0.0,19.9,5521653.180621536,871221.9999999999,56.71870271689414,0.6628092412177887,,
H_ElMolino,H_ElMolino,Hidro,Antioquia,Water,2026,115.54355814888314,160605.54582694755,0.0,19.9,5521653.180621536,871221.9999999999,56.718702725114504,0.662809241119313,,
H_ElMolino,H_ElMolino,Hidro,Antioquia,Water,2027,115.54355815112731,160605.54583006696,0.0,19.9,5521653.180621536,871221.9999999999,56.718702724039865,0.6628092411321866,,
H_ElMolino,H_ElMolino,Hidro,Antioquia,Water,2028,114.38029963659037,158988.61649486056,0.0,19.9,5521653.180621536,871221.9999999999,57.28140088750432,0.6561362728975376,,
H_ElMolino,H_ElMolino,Hidro,Antioquia,Water,2029,115.54355815829108,160605.54584002457,0.0,19.9,5521653.180621536,871221.9999999999,56.71870272060946,0.6628092411732812,,
H_ElMolino,H_ElMolino,Hidro,Antioquia,Water,2030,115.54355815285936,160605.5458324745,0.0,19.9,5521653.180621536,871221.9999999999,56.71870272321047,0.6628092411421224,,
H_ElMolino,H_ElMolino,Hidro,Antioquia,Water,2031,115.54355813367988,160605.54580581503,0.0,19.9,5521653.180621536,871221.9999999999,56.71870273239467,0.6628092410321004,,
H_ElMolino,H_ElMolino,Hidro,Antioquia,Water,2032,115.54355815868588,160605.54584057332,0.0,19.9,5521653.180621536,871221.9999999999,56.718702720420396,0.662809241175546,,
H_ElMolino,H_ElMolino,Hidro,Antioquia,Water,2033,115.54355749246402,160605.54491452494,0.0,19.9,5521653.180621536,871221.9999999999,56.718703039444605,0.662809237353801,,
H_ElMolino,H_ElMolino,Hidro,Antioquia,Water,2034,112.24251843573765,156017.10062567532,0.0,19.9,5521653.180621536,871221.9999999999,58.345913585293054,0.6438730090850235,,
H_ElMolino,H_ElMolino,Hidro,Antioquia,Water,2035,115.54355815968049,160605.54584195587,0.0,19.9,5521653.180621536,871221.9999999999,56.718702719944126,0.6628092411812514,,
H_ElPopal,H_ElPopal,Hidro,Antioquia,Water,2023,148.36126054231573,206222.1521538188,0.0,19.9,2330091.0762207652,871221.9999999999,22.96782337868236,0.8510661787379575,,
H_ElPopal,H_ElPopal,Hidro,Antioquia,Water,2024,148.36126054084474,206222.15215177418,0.0,19.9,2330091.0762207652,871221.9999999999,22.967823378896306,0.8510661787295192,,
H_ElPopal,H_ElPopal,Hidro,Antioquia,Water,2025,148.36126054292387,206222.15215466416,0.0,19.9,2330091.0762207652,871221.9999999999,22.96782337859391,0.8510661787414461,,
H_ElPopal,H_ElPopal,Hidro,Antioquia,Water,2026,148.36126051177484,206222.15211136697,0.0,19.9,2330091.0762207652,871221.9999999999,22.967823383124262,0.8510661785627615,,
H_ElPopal,H_ElPopal,Hidro,Antioquia,Water,2027,148.36126052782782,206222.15213368062,0.0,19.9,2330091.0762207652,871221.9999999999,22.967823380789493,0.8510661786548485,,
H_ElPopal,H_ElPopal,Hidro,Antioquia,Water,2028,147.09678054000761,204464.52495061053,0.0,19.9,2330091.0762207652,871221.9999999999,23.15331164059751,0.8438125590280604,,
H_ElPopal,H_ElPopal,Hidro,Antioquia,Water,2029,148.36126053822966,206222.1521481392,0.0,19.9,2330091.0762207652,871221.9999999999,22.967823379276645,0.851066178714518,,
H_ElPopal,H_ElPopal,Hidro,Antioquia,Water,2030,148.36126054291844,206222.1521546566,0.0,19.9,2330091.0762207652,871221.9999999999,22.9678233785947,0.8510661787414149,,
H_ElPopal,H_ElPopal,Hidro,Antioquia,Water,2031,148.36126052762543,206222.15213339933,0.0,19.9,2330091.0762207652,871221.9999999999,22.96782338081893,0.8510661786536875,,
H_ElPopal,H_ElPopal,Hidro,Antioquia,Water,2032,148.36126054008759,206222.1521507217,0.0,19.9,2330091.0762207652,871221.9999999999,22.967823379006425,0.851066178725176,,
H_ElPopal,H_ElPopal,Hidro,Antioquia,Water,2033,148.36126021362554,206222.15169693946,0.0,19.9,2330091.0762207652,871221.9999999999,22.96782342648742,0.8510661768524443,,
H_ElPopal,H_ElPopal,Hidro,Antioquia,Water,2034,138.01193548455595,191836.59032353276,0.0,19.9,2330091.0762207652,871221.9999999999,24.58591465028765,0.7916978470236797,,
H_ElPopal,H_ElPopal,Hidro,Antioquia,Water,2035,148.36126047494727,206222.1520601767,0.0,19.9,2330091.0762207652,871221.9999999999,22.967823388480497,0.8510661783515022,,
H_Florida,H_Florida,RunOfRiver,Surocciden,Water,2023,98.92597853674438,137507.11016607468,0.0,19.9,5521653.180621536,871221.9999999999,66.01281470632117,0.5674834132806978,,
H_Florida,H_Florida,RunOfRiver,Surocciden,Water,2024,98.9259785367444,137507.1101660747,0.0,19.9,5521653.180621536,871221.9999999999,66.01281470632115,0.567483413280698,,
H_Florida,H_Florida,RunOfRiver,Surocciden,Water,2025,98.9259785367444,137507.11016607468,0.0,19.9,5521653.180621536,871221.9999999999,66.01281470632115,0.567483413280698,,
H_Florida,H_Florida,RunOfRiver,Surocciden,Water,2026,98.92597853674438,137507.1101660747,0.0,19.9,5521653.180621536,871221.9999999999,66.01281470632117,0.5674834132806978,,
H_Florida,H_Florida,RunOfRiver,Surocciden,Water,2027,98.9259785367444,137507.1101660747,0.0,19.9,5521653.180621536,871221.9999999999,66.01281470632115,0.567483413280698,,
H_Florida,H_Florida,RunOfRiver,Surocciden,Water,2028,98.92597774396408,137507.10906411003,0.0,19.9,5521653.180621536,871221.9999999999,66.01281522420024,0.5674834087329574,,
H_Florida,H_Florida,RunOfRiver,Surocciden,Water,2029,98.92597853537043,137507.11016416486,0.0,19.9,5521653.180621536,871221.9999999999,66.01281470721868,0.5674834132728163,,
H_Florida,H_Florida,RunOfRiver,Surocciden,Water,2030,98.92597853674438,137507.1101660747,0.0,19.9,5521653.180621536,871221.9999999999,66.01281470632117,0.5674834132806978,,
H_Florida,H_Florida,RunOfRiver,Surocciden,Water,2031,98.9259785367444,137507.11016607468,0.0,19.9,5521653.180621536,871221.9999999999,66.01281470632115,0.567483413280698,,
H_Florida,H_Florida,RunOfRiver,Surocciden,Water,2032,98.92597853674438,137507.11016607465,0.0,19.9,5521653.180621536,871221.9999999999,66.01281470632117,0.5674834132806978,,
H_Florida,H_Florida,RunOfRiver,Surocciden,Water,2033,98.9259785367444,137507.1101660747,0.0,19.9,5521653.180621536,871221.9999999999,66.01281470632115,0.567483413280698,,
H_Florida,H_Florida,RunOfRiver,Surocciden,Water,2034,98.9259785367444,137507.1101660747,0.0,19.9,5521653.180621536,871221.9999999999,66.01281470632115,0.567483413280698,,
H_Florida,H_Florida,RunOfRiver,Surocciden,Water,2035,98.9259785367444,137507.1101660747,0.0,19.9,5521653.180621536,871221.9999999999,66.01281470632115,0.567483413280698,,
H_Frisolera,H_Frisolera,Hidro,Surocciden,Water,2023,2.753193789990118,3826.939368086264,0.0,0.47,130410.9042659358,20576.6,56.23085603232373,0.6687053798674142,,
H_Frisolera,H_Frisolera,Hidro,Surocciden,Water,2024,2.753193789466926,3826.939367359026,0.0,0.47,130410.9042659358,20576.6,56.230856042745195,0.6687053797403394,,
H_Frisolera,H_Frisolera,Hidro,Surocciden,Water,2025,2.7531937898977157,3826.939367957824,0.0,0.47,130410.9042659358,20576.6,56.23085603416429,0.6687053798449711,,
H_Frisolera,H_Frisolera,Hidro,Surocciden,Water,2026,2.753193727641443,3826.9392814216058,0.0,0.47,130410.9042659358,20576.6,56.23085727424676,0.668705364723949,,
H_Frisolera,H_Frisolera,Hidro,Surocciden,Water,2027,2.7531937522157355,3826.939315579872,0.0,0.47,130410.9042659358,20576.6,56.23085678475151,0.6687053706926395,,
H_Frisolera,H_Frisolera,Hidro,Surocciden,Water,2028,2.753191410438429,3826.936060509416,0.0,0.47,130410.9042659358,20576.6,56.23090343064522,0.6687048019135404,,
H_Frisolera,H_Frisolera,Hidro,Surocciden,Water,2029,2.75319378946693,3826.939367359032,0.0,0.47,130410.9042659358,20576.6,56.23085604274512,0.6687053797403405,,
H_Frisolera,H_Frisolera,Hidro,Surocciden,Water,2030,2.7531937894669287,3826.9393673590307,0.0,0.47,130410.9042659358,20576.6,56.230856042745145,0.6687053797403401,,
H_Frisolera,H_Frisolera,Hidro,Surocciden,Water,2031,2.753193789466926,3826.9393673590266,0.0,0.47,130410.9042659358,20576.6,56.230856042745195,0.6687053797403394,,
H_Frisolera,H_Frisolera,Hidro,Surocciden,Water,2032,2.7531937894669287,3826.9393673590303,0.0,0.47,130410.9042659358,20576.6,56.230856042745145,0.6687053797403401,,
H_Frisolera,H_Frisolera,Hidro,Surocciden,Water,2033,2.753193789466928,3826.9393673590293,0.0,0.47,130410.9042659358,20576.6,56.23085604274516,0.6687053797403398,,
H_Frisolera,H_Frisolera,Hidro,Surocciden,Water,2034,2.7531937894669296,3826.939367359032,0.0,0.47,130410.9042659358,20576.6,56.230856042745124,0.6687053797403403,,
H_Frisolera,H_Frisolera,Hidro,Surocciden,Water,2035,2.753193789466928,3826.9393673590293,0.0,0.47,130410.9042659358,20576.6,56.23085604274516,0.6687053797403398,,
H_GUATRON,H_GUATRON,Hidro,Antioquia,Water,2023,3738.6331633197847,5196700.0970145,0.0,512.0,58014721.89774836,22415360.0,22.90323181072118,0.8335636868845837,,
H_GUATRON,H_GUATRON,Hidro,Antioquia,Water,2024,3738.6331633200607,5196700.097014884,0.0,512.0,58014721.89774836,22415360.0,22.903231810719593,0.8335636868846452,,
H_GUATRON,H_GUATRON,Hidro,Antioquia,Water,2025,3738.633163319796,5196700.097014517,0.0,512.0,58014721.89774836,22415360.0,22.903231810721117,0.8335636868845862,,
H_GUATRON,H_GUATRON,Hidro,Antioquia,Water,2026,3738.633163297784,5196700.09698392,0.0,512.0,58014721.89774836,22415360.0,22.90323181084778,0.8335636868796784,,
H_GUATRON,H_GUATRON,Hidro,Antioquia,Water,2027,3738.6331633078476,5196700.096997907,0.0,512.0,58014721.89774836,22415360.0,22.90323181078987,0.8335636868819222,,
H_GUATRON,H_GUATRON,Hidro,Antioquia,Water,2028,3735.8996807100993,5192900.556187037,0.0,512.0,58014721.89774836,22415360.0,22.918972609473453,0.8329542310373186,,
H_GUATRON,H_GUATRON,Hidro,Antioquia,Water,2029,3738.6331633049103,5196700.0969938245,0.0,512.0,58014721.89774836,22415360.0,22.90323181080677,0.8335636868812674,,
H_GUATRON,H_GUATRON,Hidro,Antioquia,Water,2030,3738.633163306151,5196700.096995549,0.0,512.0,58014721.89774836,22415360.0,22.90323181079963,0.8335636868815439,,
H_GUATRON,H_GUATRON,Hidro,Antioquia,Water,2031,3738.6331633047607,5196700.096993617,0.0,512.0,58014721.89774836,22415360.0,22.903231810807632,0.833563686881234,,
H_GUATRON,H_GUATRON,Hidro,Antioquia,Water,2032,3738.6331633028362,5196700.096990942,0.0,512.0,58014721.89774836,22415360.0,22.90323181081871,0.8335636868808048,,
H_GUATRON,H_GUATRON,Hidro,Antioquia,Water,2033,3738.6331629873766,5196700.096552453,0.0,512.0,58014721.89774836,22415360.0,22.90323181263396,0.8335636868104701,,
H_GUATRON,H_GUATRON,Hidro,Antioquia,Water,2034,3699.74091959481,5142639.8782367855,0.0,512.0,58014721.89774836,22415360.0,23.129382201539922,0.824892292646531,,
H_GUATRON,H_GUATRON,Hidro,Antioquia,Water,2035,3738.633163287497,5196700.096969619,0.0,512.0,58014721.89774836,22415360.0,22.903231810906973,0.8335636868773848,,
H_Guacaica,H_Guacaica,Hidro,Surocciden,Water,2023,6.545131347155731,9097.732572546465,0.0,0.86,238624.20780575488,37650.8,43.600766010954636,0.8687919914988492,,
H_Guacaica,H_Guacaica,Hidro,Surocciden,Water,2024,6.545131347546863,9097.73257309014,0.0,0.86,238624.20780575488,37650.8,43.60076600843215,0.8687919915507675,,
H_Guacaica,H_Guacaica,Hidro,Surocciden,Water,2025,6.545131347664399,9097.732573253514,0.0,0.86,238624.20780575488,37650.8,43.600766007674146,0.8687919915663691,,
H_Guacaica,H_Guacaica,Hidro,Surocciden,Water,2026,6.545131345807036,9097.732570671778,0.0,0.86,238624.20780575488,37650.8,43.600766019652625,0.8687919913198252,,
H_Guacaica,H_Guacaica,Hidro,Surocciden,Water,2027,6.5451313440077,9097.732568170703,0.0,0.86,238624.20780575488,37650.8,43.600766031256875,0.8687919910809837,,
H_Guacaica,H_Guacaica,Hidro,Surocciden,Water,2028,6.545131249656547,9097.7324370226,0.0,0.86,238624.20780575488,37650.8,43.600766639744975,0.8687919785569377,,
H_Guacaica,H_Guacaica,Hidro,Surocciden,Water,2029,6.545131274330979,9097.732471320058,0.0,0.86,238624.20780575488,37650.8,43.60076648061498,0.8687919818321889,,
H_Guacaica,H_Guacaica,Hidro,Surocciden,Water,2030,6.545131266427467,9097.732460334177,0.0,0.86,238624.20780575488,37650.8,43.600766531586196,0.8687919807830872,,
H_Guacaica,H_Guacaica,Hidro,Surocciden,Water,2031,6.545131346473205,9097.732571597753,0.0,0.86,238624.20780575488,37650.8,43.60076601535637,0.8687919914082517,,
H_Guacaica,H_Guacaica,Hidro,Surocciden,Water,2032,6.545131346473207,9097.732571597757,0.0,0.86,238624.20780575488,37650.8,43.600766015356356,0.8687919914082519,,
H_Guacaica,H_Guacaica,Hidro,Surocciden,Water,2033,6.545131346473205,9097.732571597753,0.0,0.86,238624.20780575488,37650.8,43.60076601535637,0.8687919914082517,,
H_Guacaica,H_Guacaica,Hidro,Surocciden,Water,2034,6.545131346473205,9097.732571597753,0.0,0.86,238624.20780575488,37650.8,43.60076601535637,0.8687919914082517,,
H_Guacaica,H_Guacaica,Hidro,Surocciden,Water,2035,6.545131346473206,9097.732571597757,0.0,0.86,238624.20780575488,37650.8,43.60076601535636,0.8687919914082518,,
H_Guanaquita,H_Guanaquita,Hidro,Antioquia,Water,2023,66.01907544824802,91766.51487306473,0.0,9.5,1124325.0367783543,415910.0,24.72015157090069,0.7933078039924056,,
H_Guanaquita,H_Guanaquita,Hidro,Antioquia,Water,2024,66.01907544553549,91766.51486929432,0.0,9.5,1124325.0367783543,415910.0,24.72015157185925,0.793307803959811,,
H_Guanaquita,H_Guanaquita,Hidro,Antioquia,Water,2025,66.01907544689993,91766.51487119088,0.0,9.5,1124325.0367783543,415910.0,24.720151571377077,0.7933078039762067,,
H_Guanaquita,H_Guanaquita,Hidro,Antioquia,Water,2026,66.01907544585214,91766.51486973444,0.0,9.5,1124325.0367783543,415910.0,24.72015157174735,0.793307803963616,,
H_Guanaquita,H_Guanaquita,Hidro,Antioquia,Water,2027,66.01907544393339,91766.5148670674,0.0,9.5,1124325.0367783543,415910.0,24.72015157242541,0.7933078039405596,,
H_Guanaquita,H_Guanaquita,Hidro,Antioquia,Water,2028,65.57487587599783,91149.07746763699,0.0,9.5,1124325.0367783543,415910.0,24.878188367919147,0.7879701499158595,,
H_Guanaquita,H_Guanaquita,Hidro,Antioquia,Water,2029,66.0190754459614,91766.51486988636,0.0,9.5,1124325.0367783543,415910.0,24.72015157170874,0.7933078039649291,,
H_Guanaquita,H_Guanaquita,Hidro,Antioquia,Water,2030,66.01907544293206,91766.51486567556,0.0,9.5,1124325.0367783543,415910.0,24.720151572779262,0.7933078039285274,,
H_Guanaquita,H_Guanaquita,Hidro,Antioquia,Water,2031,66.01907544132845,91766.51486344654,0.0,9.5,1124325.0367783543,415910.0,24.72015157334595,0.7933078039092579,,
H_Guanaquita,H_Guanaquita,Hidro,Antioquia,Water,2032,66.01907544369794,91766.51486674014,0.0,9.5,1124325.0367783543,415910.0,24.720151572508613,0.7933078039377305,,
H_Guanaquita,H_Guanaquita,Hidro,Antioquia,Water,2033,66.01907479237616,91766.51396140286,0.0,9.5,1124325.0367783543,415910.0,24.720151802675968,0.793307796111225,,
H_Guanaquita,H_Guanaquita,Hidro,Antioquia,Water,2034,63.66161779962227,88489.64874147496,0.0,9.5,1124325.0367783543,415910.0,25.58409198217852,0.7649797861045693,,
H_Guanaquita,H_Guanaquita,Hidro,Antioquia,Water,2035,66.01907543812302,91766.514858991,0.0,9.5,1124325.0367783543,415910.0,24.720151574478706,0.7933078038707403,,
H_Guaviomeno,H_Guaviomeno,Hidro,Oriental,Water,2023,54.844402867625085,76233.71998599885,0.0,9.9,2746953.089856946,433422.0,59.379054918388704,0.6324016750567901,,
H_Guaviomeno,H_Guaviomeno,Hidro,Oriental,Water,2024,54.84440286869361,76233.7199874841,0.0,9.9,2746953.089856946,433422.0,59.37905491725891,0.6324016750691112,,
H_Guaviomeno,H_Guaviomeno,Hidro,Oriental,Water,2025,54.84440285932265,76233.71997445847,0.0,9.9,2746953.089856946,433422.0,59.37905492716719,0.6324016749610561,,
H_Guaviomeno,H_Guaviomeno,Hidro,Oriental,Water,2026,54.84440278438481,76233.71987029488,0.0,9.9,2746953.089856946,433422.0,59.379055006401785,0.6324016740969605,,
H_Guaviomeno,H_Guaviomeno,Hidro,Oriental,Water,2027,54.84440283873443,76233.71994584086,0.0,9.9,2746953.089856946,433422.0,59.37905494893589,0.6324016747236568,,
H_Guaviomeno,H_Guaviomeno,Hidro,Oriental,Water,2028,54.84440285317969,76233.71996591976,0.0,9.9,2746953.089856946,433422.0,59.37905493366237,0.6324016748902227,,
H_Guaviomeno,H_Guaviomeno,Hidro,Oriental,Water,2029,54.844402853179695,76233.71996591976,0.0,9.9,2746953.089856946,433422.0,59.37905493366236,0.6324016748902227,,
H_Guaviomeno,H_Guaviomeno,Hidro,Oriental,Water,2030,54.84440285317969,76233.71996591976,0.0,9.9,2746953.089856946,433422.0,59.37905493366237,0.6324016748902227,,
H_Guaviomeno,H_Guaviomeno,Hidro,Oriental,Water,2031,54.844402853179695,76233.71996591976,0.0,9.9,2746953.089856946,433422.0,59.37905493366236,0.6324016748902227,,
H_Guaviomeno,H_Guaviomeno,Hidro,Oriental,Water,2032,54.844402853179695,76233.71996591976,0.0,9.9,2746953.089856946,433422.0,59.37905493366236,0.6324016748902227,,
H_Guaviomeno,H_Guaviomeno,Hidro,Oriental,Water,2033,54.84440285317969,76233.71996591976,0.0,9.9,2746953.089856946,433422.0,59.37905493366237,0.6324016748902227,,
H_Guaviomeno,H_Guaviomeno,Hidro,Oriental,Water,2034,54.844402853179695,76233.71996591976,0.0,9.9,2746953.089856946,433422.0,59.37905493366236,0.6324016748902227,,
H_Guaviomeno,H_Guaviomeno,Hidro,Oriental,Water,2035,54.84440285317969,76233.71996591976,0.0,9.9,2746953.089856946,433422.0,59.37905493366237,0.6324016748902227,,
H_Herradura,H_Herradura,RunOfRiver,Antioquia,Water,2023,105.60047846792253,146784.66507041227,0.0,19.8,5493906.179713892,866844.0,61.624103784350275,0.6088307646552426,,
H_Herradura,H_Herradura,RunOfRiver,Antioquia,Water,2024,105.60047846751677,146784.6650698483,0.0,19.8,5493906.179713892,866844.0,61.62410378458172,0.6088307646529031,,
H_Herradura,H_Herradura,RunOfRiver,Antioquia,Water,2025,105.600478466929,146784.6650690313,0.0,19.8,5493906.179713892,866844.0,61.624103784916976,0.6088307646495145,,
H_Herradura,H_Herradura,RunOfRiver,Antioquia,Water,2026,105.6004784439941,146784.66503715178,0.0,19.8,5493906.179713892,866844.0,61.62410379799895,0.6088307645172851,,
H_Herradura,H_Herradura,RunOfRiver,Antioquia,Water,2027,105.60047846425006,146784.66506530758,0.0,19.8,5493906.179713892,866844.0,61.62410378644502,0.6088307646340693,,
H_Herradura,H_Herradura,RunOfRiver,Antioquia,Water,2028,104.75672843397916,145611.852523231,0.0,19.8,5493906.179713892,866844.0,62.10925187815146,0.6039661940983991,,
H_Herradura,H_Herradura,RunOfRiver,Antioquia,Water,2029,105.60047845567493,146784.66505338816,0.0,19.8,5493906.179713892,866844.0,61.62410379133625,0.60883076458463,,
H_Herradura,H_Herradura,RunOfRiver,Antioquia,Water,2030,105.60047846757458,146784.66506992863,0.0,19.8,5493906.179713892,866844.0,61.624103784548744,0.6088307646532364,,
H_Herradura,H_Herradura,RunOfRiver,Antioquia,Water,2031,105.60047845737373,146784.66505574944,0.0,19.8,5493906.179713892,866844.0,61.624103790367265,0.6088307645944243,,
H_Herradura,H_Herradura,RunOfRiver,Antioquia,Water,2032,105.60047846606608,146784.6650678318,0.0,19.8,5493906.179713892,866844.0,61.62410378540918,0.6088307646445393,,
H_Herradura,H_Herradura,RunOfRiver,Antioquia,Water,2033,105.60047846464829,146784.66506586107,0.0,19.8,5493906.179713892,866844.0,61.62410378621789,0.6088307646363651,,
H_Herradura,H_Herradura,RunOfRiver,Antioquia,Water,2034,101.920750577471,141669.84330268466,0.0,19.8,5493906.179713892,866844.0,63.79878470453395,0.5876155999346835,,
H_Herradura,H_Herradura,RunOfRiver,Antioquia,Water,2035,105.60047845728184,146784.66505562176,0.0,19.8,5493906.179713892,866844.0,61.62410379041968,0.6088307645938944,,
H_Inza,H_Inza,Hidro,Surocciden,Water,2023,2.8890078317497263,4015.7208861321196,0.0,0.75,208102.50680734438,32835.0,84.7880109570768,0.4397272194444027,,
H_Inza,H_Inza,Hidro,Surocciden,Water,2024,2.8890078294743597,4015.72088296936,0.0,0.75,208102.50680734438,32835.0,84.78801102276061,0.43972721909807594,,
H_Inza,H_Inza,Hidro,Surocciden,Water,2025,2.8890078313825036,4015.7208856216794,0.0,0.75,208102.50680734438,32835.0,84.78801096767755,0.4397272193885089,,
H_Inza,H_Inza,Hidro,Surocciden,Water,2026,2.8890078029628072,4015.720846118302,0.0,0.75,208102.50680734438,32835.0,84.78801178807899,0.439727215062832,,
H_Inza,H_Inza,Hidro,Surocciden,Water,2027,2.889007805493886,4015.720849636501,0.0,0.75,208102.50680734438,32835.0,84.78801171501344,0.43972721544808,,
H_Inza,H_Inza,Hidro,Surocciden,Water,2028,2.8890078295435915,4015.7208830655923,0.0,0.75,208102.50680734438,32835.0,84.78801102076208,0.4397272191086135,,
H_Inza,H_Inza,Hidro,Surocciden,Water,2029,2.889007818241587,4015.720867355806,0.0,0.75,208102.50680734438,32835.0,84.78801134702105,0.4397272173883693,,
H_Inza,H_Inza,Hidro,Surocciden,Water,2030,2.8890078292486283,4015.7208826555934,0.0,0.75,208102.50680734438,32835.0,84.78801102927689,0.43972721906371803,,
H_Inza,H_Inza,Hidro,Surocciden,Water,2031,2.8890078191889885,4015.7208686726935,0.0,0.75,208102.50680734438,32835.0,84.78801131967207,0.43972721753257044,,
H_Inza,H_Inza,Hidro,Surocciden,Water,2032,2.8890078277911644,4015.720880629718,0.0,0.75,208102.50680734438,32835.0,84.78801107135001,0.4397272188418819,,
H_Inza,H_Inza,Hidro,Surocciden,Water,2033,2.889007600370321,4015.720564514746,0.0,0.75,208102.50680734438,32835.0,84.78801763638849,0.43972718422683715,,
H_Inza,H_Inza,Hidro,Surocciden,Water,2034,2.889001587343106,4015.712206406917,0.0,0.75,208102.50680734438,32835.0,84.78819121696105,0.43972626900199474,,
H_Inza,H_Inza,Hidro,Surocciden,Water,2035,2.8890078304003124,4015.720884256435,0.0,0.75,208102.50680734438,32835.0,84.78801099603082,0.4397272192390124,,
H_IquiraI,H_IquiraI,Hidro,Surocciden,Water,2023,16.758472516859126,23294.27679843418,0.0,4.32,1198670.4392103036,189129.6,84.20184563892492,0.4428397312293654,,
H_IquiraI,H_IquiraI,Hidro,Surocciden,Water,2024,16.758472516859126,23294.276798434184,0.0,4.32,1198670.4392103036,189129.6,84.20184563892492,0.4428397312293654,,
H_IquiraI,H_IquiraI,Hidro,Surocciden,Water,2025,16.75847251685913,23294.276798434184,0.0,4.32,1198670.4392103036,189129.6,84.20184563892491,0.4428397312293655,,
H_IquiraI,H_IquiraI,Hidro,Surocciden,Water,2026,16.758472516859126,23294.276798434184,0.0,4.32,1198670.4392103036,189129.6,84.20184563892492,0.4428397312293654,,
H_IquiraI,H_IquiraI,Hidro,Surocciden,Water,2027,16.758472516859126,23294.27679843418,0.0,4.32,1198670.4392103036,189129.6,84.20184563892492,0.4428397312293654,,
H_IquiraI,H_IquiraI,Hidro,Surocciden,Water,2028,16.758472516859126,23294.276798434184,0.0,4.32,1198670.4392103036,189129.6,84.20184563892492,0.4428397312293654,,
H_IquiraI,H_IquiraI,Hidro,Surocciden,Water,2029,16.75847251685913,23294.276798434188,0.0,4.32,1198670.4392103036,189129.6,84.20184563892491,0.4428397312293655,,
H_IquiraI,H_IquiraI,Hidro,Surocciden,Water,2030,16.758472516859133,23294.276798434184,0.0,4.32,1198670.4392103036,189129.6,84.2018456389249,0.4428397312293656,,
H_IquiraI,H_IquiraI,Hidro,Surocciden,Water,2031,16.75847251685913,23294.276798434184,0.0,4.32,1198670.4392103036,189129.6,84.20184563892491,0.4428397312293655,,
H_IquiraI,H_IquiraI,Hidro,Surocciden,Water,2032,16.75847251685913,23294.276798434184,0.0,4.32,1198670.4392103036,189129.6,84.20184563892491,0.4428397312293655,,
H_IquiraI,H_IquiraI,Hidro,Surocciden,Water,2033,16.758472516859122,23294.276798434177,0.0,4.32,1198670.4392103036,189129.6,84.20184563892495,0.4428397312293653,,
H_IquiraI,H_IquiraI,Hidro,Surocciden,Water,2034,16.75847251685913,23294.276798434184,0.0,4.32,1198670.4392103036,189129.6,84.20184563892491,0.4428397312293655,,
H_IquiraI,H_IquiraI,Hidro,Surocciden,Water,2035,16.758472516859122,23294.276798434177,0.0,4.32,1198670.4392103036,189129.6,84.20184563892495,0.4428397312293653,,
H_IquiraII,H_IquiraII,Hidro,Surocciden,Water,2023,7.571213060771891,10523.986154472927,0.0,1.38,382908.6125255136,60416.399999999994,59.94402680747123,0.6262998031874041,,
H_IquiraII,H_IquiraII,Hidro,Surocciden,Water,2024,7.571213060771891,10523.986154472928,0.0,1.38,382908.6125255136,60416.399999999994,59.94402680747123,0.6262998031874041,,
H_IquiraII,H_IquiraII,Hidro,Surocciden,Water,2025,7.571213060169901,10523.98615363616,0.0,1.38,382908.6125255136,60416.399999999994,59.94402681212689,0.6262998031376067,,
H_IquiraII,H_IquiraII,Hidro,Surocciden,Water,2026,7.571213060771891,10523.986154472928,0.0,1.38,382908.6125255136,60416.399999999994,59.94402680747123,0.6262998031874041,,
H_IquiraII,H_IquiraII,Hidro,Surocciden,Water,2027,7.571213060771892,10523.986154472928,0.0,1.38,382908.6125255136,60416.399999999994,59.944026807471225,0.6262998031874041,,
H_IquiraII,H_IquiraII,Hidro,Surocciden,Water,2028,7.57121306077189,10523.986154472928,0.0,1.38,382908.6125255136,60416.399999999994,59.94402680747124,0.626299803187404,,
H_IquiraII,H_IquiraII,Hidro,Surocciden,Water,2029,7.571213060771891,10523.986154472928,0.0,1.38,382908.6125255136,60416.399999999994,59.94402680747123,0.6262998031874041,,
H_IquiraII,H_IquiraII,Hidro,Surocciden,Water,2030,7.571213060771891,10523.986154472928,0.0,1.38,382908.6125255136,60416.399999999994,59.94402680747123,0.6262998031874041,,
H_IquiraII,H_IquiraII,Hidro,Surocciden,Water,2031,7.571213060771891,10523.986154472928,0.0,1.38,382908.6125255136,60416.399999999994,59.94402680747123,0.6262998031874041,,
H_IquiraII,H_IquiraII,Hidro,Surocciden,Water,2032,7.5712130607718935,10523.98615447293,0.0,1.38,382908.6125255136,60416.399999999994,59.94402680747121,0.6262998031874043,,
H_IquiraII,H_IquiraII,Hidro,Surocciden,Water,2033,7.571213060771892,10523.986154472928,0.0,1.38,382908.6125255136,60416.399999999994,59.944026807471225,0.6262998031874041,,
H_IquiraII,H_IquiraII,Hidro,Surocciden,Water,2034,7.571213060771891,10523.986154472927,0.0,1.38,382908.6125255136,60416.399999999994,59.94402680747123,0.6262998031874041,,
H_IquiraII,H_IquiraII,Hidro,Surocciden,Water,2035,7.571213060771893,10523.986154472928,0.0,1.38,382908.6125255136,60416.399999999994,59.94402680747122,0.6262998031874042,,
H_JuanGarcia,H_JuanGarcia,Hidro,Antioquia,Water,2023,22.976076023419324,31936.74567255286,0.0,4.52,1254164.4410255952,197885.59999999998,64.58834768763529,0.5802742762612468,,
H_JuanGarcia,H_JuanGarcia,Hidro,Antioquia,Water,2024,22.97607602097562,31936.745669156106,0.0,4.52,1254164.4410255952,197885.59999999998,64.58834769435698,0.5802742761995296,,
H_JuanGarcia,H_JuanGarcia,Hidro,Antioquia,Water,2025,22.97607602238451,31936.745671114466,0.0,4.52,1254164.4410255952,197885.59999999998,64.58834769048167,0.5802742762351121,,
H_JuanGarcia,H_JuanGarcia,Hidro,Antioquia,Water,2026,22.976076014103768,31936.745659604236,0.0,4.52,1254164.4410255952,197885.59999999998,64.5883477132588,0.580274276025977,,
H_JuanGarcia,H_JuanGarcia,Hidro,Antioquia,Water,2027,22.97607600796158,31936.745651066587,0.0,4.52,1254164.4410255952,197885.59999999998,64.5883477301536,0.5802742758708525,,
H_JuanGarcia,H_JuanGarcia,Hidro,Antioquia,Water,2028,22.749387112076946,31621.64808578695,0.0,4.52,1254164.4410255952,197885.59999999998,65.21809496677591,0.5745491148441464,,
H_JuanGarcia,H_JuanGarcia,Hidro,Antioquia,Water,2029,22.976076008131795,31936.745651303187,0.0,4.52,1254164.4410255952,197885.59999999998,64.58834772968541,0.5802742758751512,,
H_JuanGarcia,H_JuanGarcia,Hidro,Antioquia,Water,2030,22.97607601946119,31936.745667051055,0.0,4.52,1254164.4410255952,197885.59999999998,64.5883476985226,0.5802742761612819,,
H_JuanGarcia,H_JuanGarcia,Hidro,Antioquia,Water,2031,22.976076016564175,31936.745663024198,0.0,4.52,1254164.4410255952,197885.59999999998,64.58834770649118,0.580274276088116,,
H_JuanGarcia,H_JuanGarcia,Hidro,Antioquia,Water,2032,22.976075991955952,31936.74562881877,0.0,4.52,1254164.4410255952,197885.59999999998,64.58834777417893,0.5802742754666209,,
H_JuanGarcia,H_JuanGarcia,Hidro,Antioquia,Water,2033,22.976075361721602,31936.744752793024,0.0,4.52,1254164.4410255952,197885.59999999998,64.58834950771126,0.5802742595496828,,
H_JuanGarcia,H_JuanGarcia,Hidro,Antioquia,Water,2034,21.330194035264054,29648.96970901703,0.0,4.52,1254164.4410255952,197885.59999999998,69.46486320213496,0.5387065612817727,,
H_JuanGarcia,H_JuanGarcia,Hidro,Antioquia,Water,2035,22.976075954750563,31936.745577103276,0.0,4.52,1254164.4410255952,197885.59999999998,64.58834787651664,0.580274274526977,,
H_LAGUNETA,H_LAGUNETA,Hidro,Oriental,Water,2023,125.281703533568,174141.56791165948,0.0,18.0,4994460.163376265,788040.0,47.54598287923105,0.7945313516842211,,
H_LAGUNETA,H_LAGUNETA,Hidro,Oriental,Water,2024,125.28170353198301,174141.56790945638,0.0,18.0,4994460.163376265,788040.0,47.54598287981499,0.7945313516741692,,
H_LAGUNETA,H_LAGUNETA,Hidro,Oriental,Water,2025,125.28170352575631,174141.56790080125,0.0,18.0,4994460.163376265,788040.0,47.545982882109016,0.7945313516346796,,
H_LAGUNETA,H_LAGUNETA,Hidro,Oriental,Water,2026,125.28170339065477,174141.5677130101,0.0,18.0,4994460.163376265,788040.0,47.5459829318828,0.7945313507778713,,
H_LAGUNETA,H_LAGUNETA,Hidro,Oriental,Water,2027,125.28170345917154,174141.56780824842,0.0,18.0,4994460.163376265,788040.0,47.54598290664002,0.7945313512124018,,
H_LAGUNETA,H_LAGUNETA,Hidro,Oriental,Water,2028,125.28170072650407,174141.56400984066,0.0,18.0,4994460.163376265,788040.0,47.54598391340279,0.7945313338819384,,
H_LAGUNETA,H_LAGUNETA,Hidro,Oriental,Water,2029,125.28170343853556,174141.56777956442,0.0,18.0,4994460.163376265,788040.0,47.54598291424267,0.7945313510815293,,
H_LAGUNETA,H_LAGUNETA,Hidro,Oriental,Water,2030,125.28170352075128,174141.56789384424,0.0,18.0,4994460.163376265,788040.0,47.54598288395296,0.794531351602938,,
H_LAGUNETA,H_LAGUNETA,Hidro,Oriental,Water,2031,125.28170352075128,174141.56789384424,0.0,18.0,4994460.163376265,788040.0,47.54598288395296,0.794531351602938,,
H_LAGUNETA,H_LAGUNETA,Hidro,Oriental,Water,2032,125.28170352075128,174141.56789384424,0.0,18.0,4994460.163376265,788040.0,47.54598288395296,0.794531351602938,,
H_LAGUNETA,H_LAGUNETA,Hidro,Oriental,Water,2033,125.28170352075128,174141.56789384424,0.0,18.0,4994460.163376265,788040.0,47.54598288395296,0.794531351602938,,
H_LAGUNETA,H_LAGUNETA,Hidro,Oriental,Water,2034,125.28170321550566,174141.56746955283,0.0,18.0,4994460.163376265,788040.0,47.54598299641082,0.7945313496670828,,
H_LAGUNETA,H_LAGUNETA,Hidro,Oriental,Water,2035,125.28170352075128,174141.56789384424,0.0,18.0,4994460.163376265,788040.0,47.54598288395296,0.794531351602938,,
H_LaPita,H_LaPita,Hidro,Surocciden,Water,2023,8.093075889282035,11249.375486102026,0.0,1.42,394007.41288857197,62167.6,57.75608616171531,0.6506106413018549,,
H_LaPita,H_LaPita,Hidro,Surocciden,Water,2024,8.093075889282034,11249.375486102026,0.0,1.42,394007.41288857197,62167.6,57.75608616171532,0.6506106413018549,,
H_LaPita,H_LaPita,Hidro,Surocciden,Water,2025,8.093075889282034,11249.375486102024,0.0,1.42,394007.41288857197,62167.6,57.75608616171532,0.6506106413018549,,
H_LaPita,H_LaPita,Hidro,Surocciden,Water,2026,8.093075889282034,11249.375486102026,0.0,1.42,394007.41288857197,62167.6,57.75608616171532,0.6506106413018549,,
H_LaPita,H_LaPita,Hidro,Surocciden,Water,2027,8.093075889282034,11249.375486102026,0.0,1.42,394007.41288857197,62167.6,57.75608616171532,0.6506106413018549,,
H_LaPita,H_LaPita,Hidro,Surocciden,Water,2028,8.093075889282034,11249.375486102024,0.0,1.42,394007.41288857197,62167.6,57.75608616171532,0.6506106413018549,,
H_LaPita,H_LaPita,Hidro,Surocciden,Water,2029,8.093075889282032,11249.375486102024,0.0,1.42,394007.41288857197,62167.6,57.75608616171533,0.6506106413018546,,
H_LaPita,H_LaPita,Hidro,Surocciden,Water,2030,8.093075889282034,11249.375486102028,0.0,1.42,394007.41288857197,62167.6,57.75608616171532,0.6506106413018549,,
H_LaPita,H_LaPita,Hidro,Surocciden,Water,2031,8.093075889282034,11249.375486102024,0.0,1.42,394007.41288857197,62167.6,57.75608616171532,0.6506106413018549,,
H_LaPita,H_LaPita,Hidro,Surocciden,Water,2032,8.093075889282034,11249.375486102024,0.0,1.42,394007.41288857197,62167.6,57.75608616171532,0.6506106413018549,,
H_LaPita,H_LaPita,Hidro,Surocciden,Water,2033,8.093075889282034,11249.375486102026,0.0,1.42,394007.41288857197,62167.6,57.75608616171532,0.6506106413018549,,
H_LaPita,H_LaPita,Hidro,Surocciden,Water,2034,8.093075889282034,11249.375486102026,0.0,1.42,394007.41288857197,62167.6,57.75608616171532,0.6506106413018549,,
H_LaPita,H_LaPita,Hidro,Surocciden,Water,2035,8.093075889282034,11249.375486102024,0.0,1.42,394007.41288857197,62167.6,57.75608616171532,0.6506106413018549,,
H_LaRebusca,H_LaRebusca,Hidro,Antioquia,Water,2023,5.618062461490085,7809.106821471218,0.0,0.7,194229.0063535214,30645.999999999996,41.41714599472031,0.9161876160290419,,
H_LaRebusca,H_LaRebusca,Hidro,Antioquia,Water,2024,5.618062462003976,7809.106822185526,0.0,0.7,194229.0063535214,30645.999999999996,41.41714599105899,0.9161876161128464,,
H_LaRebusca,H_LaRebusca,Hidro,Antioquia,Water,2025,5.618062460748405,7809.106820440282,0.0,0.7,194229.0063535214,30645.999999999996,41.41714600000458,0.9161876159080894,,
H_LaRebusca,H_LaRebusca,Hidro,Antioquia,Water,2026,5.618062458328383,7809.106817076454,0.0,0.7,194229.0063535214,30645.999999999996,41.417146017246566,0.916187615513435,,
H_LaRebusca,H_LaRebusca,Hidro,Antioquia,Water,2027,5.618062460222623,7809.106819709445,0.0,0.7,194229.0063535214,30645.999999999996,41.41714600375063,0.9161876158223453,,
H_LaRebusca,H_LaRebusca,Hidro,Antioquia,Water,2028,5.568806671834655,7740.6412738501695,0.0,0.7,194229.0063535214,30645.999999999996,41.771183906216635,0.9081550345457688,,
H_LaRebusca,H_LaRebusca,Hidro,Antioquia,Water,2029,5.618062455607092,7809.106813293857,0.0,0.7,194229.0063535214,30645.999999999996,41.41714603663502,0.9161876150696494,,
H_LaRebusca,H_LaRebusca,Hidro,Antioquia,Water,2030,5.61806245988384,7809.106819238536,0.0,0.7,194229.0063535214,30645.999999999996,41.41714600616437,0.916187615767097,,
H_LaRebusca,H_LaRebusca,Hidro,Antioquia,Water,2031,5.618062456912655,7809.106815108591,0.0,0.7,194229.0063535214,30645.999999999996,41.41714602733323,0.9161876152825594,,
H_LaRebusca,H_LaRebusca,Hidro,Antioquia,Water,2032,5.6180624452828365,7809.10679894314,0.0,0.7,194229.0063535214,30645.999999999996,41.41714611019249,0.916187613385981,,
H_LaRebusca,H_LaRebusca,Hidro,Antioquia,Water,2033,5.618062131375213,7809.106362611545,0.0,0.7,194229.0063535214,30645.999999999996,41.4171483466979,0.9161875621942616,,
H_LaRebusca,H_LaRebusca,Hidro,Antioquia,Water,2034,5.465887847996973,7597.584108715791,0.0,0.7,194229.0063535214,30645.999999999996,42.531533197745546,0.891371142856649,,
H_LaRebusca,H_LaRebusca,Hidro,Antioquia,Water,2035,5.618062451062647,7809.106806977077,0.0,0.7,194229.0063535214,30645.999999999996,41.41714606901294,0.9161876143285462,,
H_La_Vuelta,H_La_Vuelta,Hidro,Antioquia,Water,2023,59.33821244175348,82480.11529403733,0.0,11.6,3218652.105286926,507848.0,64.19101728620267,0.583945564101652,,
H_La_Vuelta,H_La_Vuelta,Hidro,Antioquia,Water,2024,59.33821244183015,82480.1152941439,0.0,11.6,3218652.105286926,507848.0,64.19101728612151,0.5839455641024065,,
H_La_Vuelta,H_La_Vuelta,Hidro,Antioquia,Water,2025,59.33821244242267,82480.1152949675,0.0,11.6,3218652.105286926,507848.0,64.19101728549441,0.5839455641082375,,
H_La_Vuelta,H_La_Vuelta,Hidro,Antioquia,Water,2026,59.33821241786758,82480.11526083594,0.0,11.6,3218652.105286926,507848.0,64.19101731148247,0.5839455638665916,,
H_La_Vuelta,H_La_Vuelta,Hidro,Antioquia,Water,2027,59.33821243926435,82480.11529057744,0.0,11.6,3218652.105286926,507848.0,64.19101728883705,0.5839455640771566,,
H_La_Vuelta,H_La_Vuelta,Hidro,Antioquia,Water,2028,58.88139720217386,81845.14211102166,0.0,11.6,3218652.105286926,507848.0,64.67824182774906,0.5794500590672124,,
H_La_Vuelta,H_La_Vuelta,Hidro,Antioquia,Water,2029,59.33821243767695,82480.11528837096,0.0,11.6,3218652.105286926,507848.0,64.19101729051708,0.583945564061535,,
H_La_Vuelta,H_La_Vuelta,Hidro,Antioquia,Water,2030,59.33821242835907,82480.11527541911,0.0,11.6,3218652.105286926,507848.0,64.19101730037873,0.5839455639698381,,
H_La_Vuelta,H_La_Vuelta,Hidro,Antioquia,Water,2031,59.33821241727037,82480.1152600058,0.0,11.6,3218652.105286926,507848.0,64.19101731211454,0.5839455638607144,,
H_La_Vuelta,H_La_Vuelta,Hidro,Antioquia,Water,2032,59.338212420885625,82480.115265031,0.0,11.6,3218652.105286926,507848.0,64.1910173082883,0.5839455638962922,,
H_La_Vuelta,H_La_Vuelta,Hidro,Antioquia,Water,2033,59.338212114582724,82480.11483926997,0.0,11.6,3218652.105286926,507848.0,64.19101763246614,0.5839455608819745,,
H_La_Vuelta,H_La_Vuelta,Hidro,Antioquia,Water,2034,57.27885798871839,79617.61260431856,0.0,11.6,3218652.105286926,507848.0,66.44891067208245,0.563679518862368,,
H_La_Vuelta,H_La_Vuelta,Hidro,Antioquia,Water,2035,59.33821242616512,82480.11527236951,0.0,11.6,3218652.105286926,507848.0,64.19101730270071,0.5839455639482474,,
H_LasPalmas,H_LasPalmas,Hidro,Antioquia,Water,2023,16.4132079597026,22814.359063986612,0.0,2.8,776916.0254140856,122583.99999999999,56.19342585206507,0.6691620988137066,,
H_LasPalmas,H_LasPalmas,Hidro,Antioquia,Water,2024,16.41320795912805,22814.359063187992,0.0,2.8,776916.0254140856,122583.99999999999,56.19342585398347,0.6691620987902825,,
H_LasPalmas,H_LasPalmas,Hidro,Antioquia,Water,2025,16.41320795964156,22814.35906390177,0.0,2.8,776916.0254140856,122583.99999999999,56.19342585226888,0.6691620988112181,,
H_LasPalmas,H_LasPalmas,Hidro,Antioquia,Water,2026,16.41320795705448,22814.35906030573,0.0,2.8,776916.0254140856,122583.99999999999,56.19342586090709,0.6691620987057436,,
H_LasPalmas,H_LasPalmas,Hidro,Antioquia,Water,2027,16.41320795756026,22814.35906100876,0.0,2.8,776916.0254140856,122583.99999999999,56.1934258592183,0.6691620987263641,,
H_LasPalmas,H_LasPalmas,Hidro,Antioquia,Water,2028,16.337615596412327,22709.28567901313,0.0,2.8,776916.0254140856,122583.99999999999,56.446995318925985,0.6660802183794978,,
H_LasPalmas,H_LasPalmas,Hidro,Antioquia,Water,2029,16.41320795054744,22814.35905126094,0.0,2.8,776916.0254140856,122583.99999999999,56.19342588263398,0.6691620984404534,,
H_LasPalmas,H_LasPalmas,Hidro,Antioquia,Water,2030,16.413207942910553,22814.359040645668,0.0,2.8,776916.0254140856,122583.99999999999,56.19342590813343,0.6691620981290994,,
H_LasPalmas,H_LasPalmas,Hidro,Antioquia,Water,2031,16.413207944755435,22814.35904321005,0.0,2.8,776916.0254140856,122583.99999999999,56.1934259019734,0.6691620982043148,,
H_LasPalmas,H_LasPalmas,Hidro,Antioquia,Water,2032,16.413207956634665,22814.359059722185,0.0,2.8,776916.0254140856,122583.99999999999,56.19342586230885,0.6691620986886279,,
H_LasPalmas,H_LasPalmas,Hidro,Antioquia,Water,2033,16.413207629457418,22814.35860494581,0.0,2.8,776916.0254140856,122583.99999999999,56.19342695474821,0.6691620853496989,,
H_LasPalmas,H_LasPalmas,Hidro,Antioquia,Water,2034,15.763715943673088,21911.565161705585,0.0,2.8,776916.0254140856,122583.99999999999,58.45142058307694,0.642682483026463,,
H_LasPalmas,H_LasPalmas,Hidro,Antioquia,Water,2035,16.413207937959843,22814.35903376418,0.0,2.8,776916.0254140856,122583.99999999999,56.19342592466377,0.6691620979272603,,
H_Libertad,H_Libertad,Hidro,Nordeste,Water,2023,3.835991177716843,5332.027737026411,0.0,1.2,332964.010891751,52536.0,101.88554157765243,0.36491544689087163,,
H_Libertad,H_Libertad,Hidro,Nordeste,Water,2024,3.8359911789684564,5332.027738766155,0.0,1.2,332964.010891751,52536.0,101.8855415448626,0.36491544700993683,,
H_Libertad,H_Libertad,Hidro,Nordeste,Water,2025,3.835991180786799,5332.02774129365,0.0,1.2,332964.010891751,52536.0,101.88554149722555,0.36491544718291463,,
H_Libertad,H_Libertad,Hidro,Nordeste,Water,2026,3.8359910914415893,5332.0276171038095,0.0,1.2,332964.010891751,52536.0,101.8855438378971,0.36491543868356063,,
H_Libertad,H_Libertad,Hidro,Nordeste,Water,2027,3.83599113426632,5332.027676630185,0.0,1.2,332964.010891751,52536.0,101.88554271597202,0.36491544275745047,,
H_Libertad,H_Libertad,Hidro,Nordeste,Water,2028,3.8359895146720975,5332.025425394215,0.0,1.2,332964.010891751,52536.0,101.88558514622368,0.3649152886864628,,
H_Libertad,H_Libertad,Hidro,Nordeste,Water,2029,3.835991110990281,5332.02764427649,0.0,1.2,332964.010891751,52536.0,101.88554332575922,0.3649154405432154,,
H_Libertad,H_Libertad,Hidro,Nordeste,Water,2030,3.835991115453315,5332.027650480107,0.0,1.2,332964.010891751,52536.0,101.88554320883635,0.364915440967781,,
H_Libertad,H_Libertad,Hidro,Nordeste,Water,2031,3.835991122029308,5332.027659620738,0.0,1.2,332964.010891751,52536.0,101.88554303655806,0.36491544159335115,,
H_Libertad,H_Libertad,Hidro,Nordeste,Water,2032,3.83599112625888,5332.027665499842,0.0,1.2,332964.010891751,52536.0,101.88554292575145,0.36491544199570775,,
H_Libertad,H_Libertad,Hidro,Nordeste,Water,2033,3.835989758142071,5332.025763817478,0.0,1.2,332964.010891751,52536.0,101.88557876777665,0.36491531184760945,,
H_Libertad,H_Libertad,Hidro,Nordeste,Water,2034,3.8359854437657583,5332.0197668344035,0.0,1.2,332964.010891751,52536.0,101.88569179629329,0.3649149014236832,,
H_Libertad,H_Libertad,Hidro,Nordeste,Water,2035,3.835991096849771,5332.027624621181,0.0,1.2,332964.010891751,52536.0,101.8855436962132,0.3649154391980375,,
H_LuzMaI,H_LuzMaI,Hidro,Antioquia,Water,2023,139.65120637720827,194115.17686431945,0.0,19.6,5438412.1778986,858088.0000000001,46.47733108177588,0.8133631906230094,,
H_LuzMaI,H_LuzMaI,Hidro,Antioquia,Water,2024,139.65120637829958,194115.1768658364,0.0,19.6,5438412.1778986,858088.0000000001,46.47733108142354,0.8133631906293655,,
H_LuzMaI,H_LuzMaI,Hidro,Antioquia,Water,2025,139.65120637809363,194115.1768655501,0.0,19.6,5438412.1778986,858088.0000000001,46.47733108149003,0.8133631906281661,,
H_LuzMaI,H_LuzMaI,Hidro,Antioquia,Water,2026,139.65120635331365,194115.17683110596,0.0,19.6,5438412.1778986,858088.0000000001,46.477331089490406,0.8133631904838414,,
H_LuzMaI,H_LuzMaI,Hidro,Antioquia,Water,2027,139.65120637640234,194115.17686319922,0.0,19.6,5438412.1778986,858088.0000000001,46.47733108203607,0.8133631906183156,,
H_LuzMaI,H_LuzMaI,Hidro,Antioquia,Water,2028,137.71990519334958,191430.6682187559,0.0,19.6,5438412.1778986,858088.0000000001,47.109608716392394,0.8021148145172254,,
H_LuzMaI,H_LuzMaI,Hidro,Antioquia,Water,2029,139.65120636307313,194115.1768446716,0.0,19.6,5438412.1778986,858088.0000000001,46.4773310863395,0.813363190540683,,
H_LuzMaI,H_LuzMaI,Hidro,Antioquia,Water,2030,139.6512063713345,194115.17685615493,0.0,19.6,5438412.1778986,858088.0000000001,46.47733108367226,0.8133631905887991,,
H_LuzMaI,H_LuzMaI,Hidro,Antioquia,Water,2031,139.65120637897002,194115.1768667683,0.0,19.6,5438412.1778986,858088.0000000001,46.47733108120708,0.8133631906332702,,
H_LuzMaI,H_LuzMaI,Hidro,Antioquia,Water,2032,139.6512063666657,194115.17684966527,0.0,19.6,5438412.1778986,858088.0000000001,46.477331085179614,0.8133631905616069,,
H_LuzMaI,H_LuzMaI,Hidro,Antioquia,Water,2033,139.6512060373554,194115.17639192397,0.0,19.6,5438412.1778986,858088.0000000001,46.477331191499665,0.8133631886436221,,
H_LuzMaI,H_LuzMaI,Hidro,Antioquia,Water,2034,134.24128237339443,186595.38249901822,0.0,19.6,5438412.1778986,858088.0000000001,48.29435063324839,0.7818544542295359,,
H_LuzMaI,H_LuzMaI,Hidro,Antioquia,Water,2035,139.65120636783092,194115.17685128492,0.0,19.6,5438412.1778986,858088.0000000001,46.47733108480342,0.8133631905683935,,
H_LuzMaII,H_LuzMaII,Hidro,Antioquia,Water,2023,135.57089809657268,188443.54835423603,0.0,19.6,5438412.1778986,858088.0000000001,47.83433478203668,0.78959846529082,,
H_LuzMaII,H_LuzMaII,Hidro,Antioquia,Water,2024,135.57089809574416,188443.5483530844,0.0,19.6,5438412.1778986,858088.0000000001,47.834334782320504,0.7895984652859946,,
H_LuzMaII,H_LuzMaII,Hidro,Antioquia,Water,2025,135.57089809523558,188443.54835237743,0.0,19.6,5438412.1778986,858088.0000000001,47.83433478249474,0.7895984652830325,,
H_LuzMaII,H_LuzMaII,Hidro,Antioquia,Water,2026,135.57089809155121,188443.54834725615,0.0,19.6,5438412.1778986,858088.0000000001,47.834334783756944,0.7895984652615738,,
H_LuzMaII,H_LuzMaII,Hidro,Antioquia,Water,2027,135.5708980946424,188443.54835155292,0.0,19.6,5438412.1778986,858088.0000000001,47.834334782697965,0.7895984652795776,,
H_LuzMaII,H_LuzMaII,Hidro,Antioquia,Water,2028,135.16962655056204,187885.7809052812,0.0,19.6,5438412.1778986,858088.0000000001,47.972211836941845,0.7872613604892484,,
H_LuzMaII,H_LuzMaII,Hidro,Antioquia,Water,2029,135.57089808159515,188443.5483334172,0.0,19.6,5438412.1778986,858088.0000000001,47.834334787167734,0.7895984652035872,,
H_LuzMaII,H_LuzMaII,Hidro,Antioquia,Water,2030,135.5708980852346,188443.54833847607,0.0,19.6,5438412.1778986,858088.0000000001,47.83433478592091,0.7895984652247843,,
H_LuzMaII,H_LuzMaII,Hidro,Antioquia,Water,2031,135.57089809309736,188443.5483494053,0.0,19.6,5438412.1778986,858088.0000000001,47.83433478322726,0.7895984652705789,,
H_LuzMaII,H_LuzMaII,Hidro,Antioquia,Water,2032,135.57089809601757,188443.5483534644,0.0,19.6,5438412.1778986,858088.0000000001,47.83433478222684,0.7895984652875869,,
H_LuzMaII,H_LuzMaII,Hidro,Antioquia,Water,2033,135.57089809362827,188443.54835014328,0.0,19.6,5438412.1778986,858088.0000000001,47.83433478304538,0.7895984652736711,,
H_LuzMaII,H_LuzMaII,Hidro,Antioquia,Water,2034,130.89931091907266,181950.042177511,0.0,19.6,5438412.1778986,858088.0000000001,49.49185885387399,0.762389985317495,,
H_LuzMaII,H_LuzMaII,Hidro,Antioquia,Water,2035,135.57089809749573,188443.54835551901,0.0,19.6,5438412.1778986,858088.0000000001,47.83433478172045,0.789598465296196,,
H_Magallo,H_Magallo,Hidro,Antioquia,Water,2023,31.465987250535772,43737.72227824472,0.0,5.7,1581579.0517358172,249546.0,59.5837899216761,0.6301767854389122,,
H_Magallo,H_Magallo,Hidro,Antioquia,Water,2024,31.465987254259083,43737.722283420124,0.0,5.7,1581579.0517358172,249546.0,59.58378991479014,0.6301767855134799,,
H_Magallo,H_Magallo,Hidro,Antioquia,Water,2025,31.46598725571834,43737.7222854485,0.0,5.7,1581579.0517358172,249546.0,59.58378991209136,0.6301767855427047,,
H_Magallo,H_Magallo,Hidro,Antioquia,Water,2026,31.46598724111668,43737.72226515218,0.0,5.7,1581579.0517358172,249546.0,59.58378993909595,0.6301767852502738,,
H_Magallo,H_Magallo,Hidro,Antioquia,Water,2027,31.465987232766686,43737.72225354568,0.0,5.7,1581579.0517358172,249546.0,59.583789954538574,0.6301767850830465,,
H_Magallo,H_Magallo,Hidro,Antioquia,Water,2028,31.223577570863057,43400.77282349965,0.0,5.7,1581579.0517358172,249546.0,60.03558753973697,0.6253219893227399,,
H_Magallo,H_Magallo,Hidro,Antioquia,Water,2029,31.46598724969828,43737.722277080604,0.0,5.7,1581579.0517358172,249546.0,59.58378992322498,0.6301767854221395,,
H_Magallo,H_Magallo,Hidro,Antioquia,Water,2030,31.46598723760771,43737.72226027471,0.0,5.7,1581579.0517358172,249546.0,59.5837899455855,0.6301767851799989,,
H_Magallo,H_Magallo,Hidro,Antioquia,Water,2031,31.46598724864711,43737.72227561948,0.0,5.7,1581579.0517358172,249546.0,59.58378992516902,0.6301767854010876,,
H_Magallo,H_Magallo,Hidro,Antioquia,Water,2032,31.465987253415367,43737.72228224736,0.0,5.7,1581579.0517358172,249546.0,59.583789916350526,0.6301767854965825,,
H_Magallo,H_Magallo,Hidro,Antioquia,Water,2033,31.46598692987491,43737.72183252612,0.0,5.7,1581579.0517358172,249546.0,59.583790514712355,0.630176779016961,,
H_Magallo,H_Magallo,Hidro,Antioquia,Water,2034,29.991238554761217,41687.82159111809,0.0,5.7,1581579.0517358172,249546.0,62.445332823029396,0.600641643730698,,
H_Magallo,H_Magallo,Hidro,Antioquia,Water,2035,31.46598722479485,43737.722242464835,0.0,5.7,1581579.0517358172,249546.0,59.58378996928184,0.6301767849233927,,
H_Mirolindo,H_Mirolindo,Hidro,Surocciden,Water,2023,21.123427548720638,29361.564292721683,0.0,3.75,1040512.5340367218,164175.0,58.420873955381595,0.6430267138118915,,
H_Mirolindo,H_Mirolindo,Hidro,Surocciden,Water,2024,21.12342754934039,29361.564293583142,0.0,3.75,1040512.5340367218,164175.0,58.42087395370832,0.6430267138307576,,
H_Mirolindo,H_Mirolindo,Hidro,Surocciden,Water,2025,21.123427549340395,29361.56429358314,0.0,3.75,1040512.5340367218,164175.0,58.42087395370831,0.6430267138307577,,
H_Mirolindo,H_Mirolindo,Hidro,Surocciden,Water,2026,21.123427539545354,29361.564279968043,0.0,3.75,1040512.5340367218,164175.0,58.42087398015382,0.643026713532583,,
H_Mirolindo,H_Mirolindo,Hidro,Surocciden,Water,2027,21.12342754934039,29361.564293583142,0.0,3.75,1040512.5340367218,164175.0,58.42087395370832,0.6430267138307576,,
H_Mirolindo,H_Mirolindo,Hidro,Surocciden,Water,2028,21.123427547794584,29361.564291434464,0.0,3.75,1040512.5340367218,164175.0,58.420873957881824,0.6430267137837011,,
H_Mirolindo,H_Mirolindo,Hidro,Surocciden,Water,2029,21.12342754934039,29361.564293583142,0.0,3.75,1040512.5340367218,164175.0,58.42087395370832,0.6430267138307576,,
H_Mirolindo,H_Mirolindo,Hidro,Surocciden,Water,2030,21.12342754934039,29361.564293583142,0.0,3.75,1040512.5340367218,164175.0,58.42087395370832,0.6430267138307576,,
H_Mirolindo,H_Mirolindo,Hidro,Surocciden,Water,2031,21.12342754934039,29361.564293583142,0.0,3.75,1040512.5340367218,164175.0,58.42087395370832,0.6430267138307576,,
H_Mirolindo,H_Mirolindo,Hidro,Surocciden,Water,2032,21.1234275493404,29361.56429358315,0.0,3.75,1040512.5340367218,164175.0,58.42087395370831,0.6430267138307577,,
H_Mirolindo,H_Mirolindo,Hidro,Surocciden,Water,2033,21.12342754934039,29361.564293583142,0.0,3.75,1040512.5340367218,164175.0,58.42087395370832,0.6430267138307576,,
H_Mirolindo,H_Mirolindo,Hidro,Surocciden,Water,2034,21.12342754934039,29361.564293583142,0.0,3.75,1040512.5340367218,164175.0,58.42087395370832,0.6430267138307576,,
H_Mirolindo,H_Mirolindo,Hidro,Surocciden,Water,2035,21.12342754934039,29361.564293583135,0.0,3.75,1040512.5340367218,164175.0,58.42087395370832,0.6430267138307576,,
H_Mondomo,H_Mondomo,Hidro,Surocciden,Water,2023,3.347719483761272,4653.330082428168,0.0,0.75,208102.50680734438,32835.0,73.36063791517061,0.5095463445603152,,
H_Mondomo,H_Mondomo,Hidro,Surocciden,Water,2024,3.3477194863450785,4653.33008601966,0.0,0.75,208102.50680734438,32835.0,73.36063785962288,0.5095463449535887,,
H_Mondomo,H_Mondomo,Hidro,Surocciden,Water,2025,3.3477194855594155,4653.330084927587,0.0,0.75,208102.50680734438,32835.0,73.3606378765134,0.5095463448340053,,
H_Mondomo,H_Mondomo,Hidro,Surocciden,Water,2026,3.347719484880273,4653.330083983579,0.0,0.75,208102.50680734438,32835.0,73.36063789111387,0.5095463447306351,,
H_Mondomo,H_Mondomo,Hidro,Surocciden,Water,2027,3.3477194845624036,4653.330083541741,0.0,0.75,208102.50680734438,32835.0,73.36063789794756,0.5095463446822531,,
H_Mondomo,H_Mondomo,Hidro,Surocciden,Water,2028,3.347719473809706,4653.330068595491,0.0,0.75,208102.50680734438,32835.0,73.36063812911344,0.5095463430456172,,
H_Mondomo,H_Mondomo,Hidro,Surocciden,Water,2029,3.347719485559419,4653.330084927593,0.0,0.75,208102.50680734438,32835.0,73.36063787651331,0.5095463448340058,,
H_Mondomo,H_Mondomo,Hidro,Surocciden,Water,2030,3.347719484410909,4653.330083331163,0.0,0.75,208102.50680734438,32835.0,73.36063790120444,0.5095463446591946,,
H_Mondomo,H_Mondomo,Hidro,Surocciden,Water,2031,3.34771948576775,4653.330085217172,0.0,0.75,208102.50680734438,32835.0,73.36063787203453,0.5095463448657153,,
H_Mondomo,H_Mondomo,Hidro,Surocciden,Water,2032,3.3477194851464613,4653.330084353582,0.0,0.75,208102.50680734438,32835.0,73.36063788539124,0.5095463447711508,,
H_Mondomo,H_Mondomo,Hidro,Surocciden,Water,2033,3.347719482441696,4653.330080593957,0.0,0.75,208102.50680734438,32835.0,73.36063794353939,0.5095463443594666,,
H_Mondomo,H_Mondomo,Hidro,Surocciden,Water,2034,3.3477194692563876,4653.330062266379,0.0,0.75,208102.50680734438,32835.0,73.36063822700253,0.5095463423525702,,
H_Mondomo,H_Mondomo,Hidro,Surocciden,Water,2035,3.347719450341498,4653.330035974682,0.0,0.75,208102.50680734438,32835.0,73.36063863364254,0.5095463394735916,,
H_Montanitas,H_Montanitas,RunOfRiver,Antioquia,Water,2023,128.95306902343918,179244.76594258044,0.0,19.9,2412477.078915735,871221.9999999999,26.854295683562775,0.7397321597911887,,
H_Montanitas,H_Montanitas,RunOfRiver,Antioquia,Water,2024,128.95306902336827,179244.7659424819,0.0,19.9,2412477.078915735,871221.9999999999,26.854295683576776,0.7397321597907819,,
H_Montanitas,H_Montanitas,RunOfRiver,Antioquia,Water,2025,128.95306902300675,179244.76594197936,0.0,19.9,2412477.078915735,871221.9999999999,26.854295683648168,0.739732159788708,,
H_Montanitas,H_Montanitas,RunOfRiver,Antioquia,Water,2026,128.9530690188968,179244.7659362665,0.0,19.9,2412477.078915735,871221.9999999999,26.854295684459757,0.7397321597651315,,
H_Montanitas,H_Montanitas,RunOfRiver,Antioquia,Water,2027,128.95306900442733,179244.76591615396,0.0,19.9,2412477.078915735,871221.9999999999,26.854295687317027,0.7397321596821282,,
H_Montanitas,H_Montanitas,RunOfRiver,Antioquia,Water,2028,128.15621921679494,178137.14471134494,0.0,19.9,2412477.078915735,871221.9999999999,27.012627594536625,0.7351610748766373,,
H_Montanitas,H_Montanitas,RunOfRiver,Antioquia,Water,2029,128.9530689754144,179244.765875826,0.0,19.9,2412477.078915735,871221.9999999999,26.854295693046204,0.7397321595156972,,
H_Montanitas,H_Montanitas,RunOfRiver,Antioquia,Water,2030,128.95306900150615,179244.7659120935,0.0,19.9,2412477.078915735,871221.9999999999,26.854295687893877,0.7397321596653711,,
H_Montanitas,H_Montanitas,RunOfRiver,Antioquia,Water,2031,128.95306899963046,179244.76590948633,0.0,19.9,2412477.078915735,871221.9999999999,26.854295688264273,0.7397321596546111,,
H_Montanitas,H_Montanitas,RunOfRiver,Antioquia,Water,2032,128.95306897627106,179244.76587701676,0.0,19.9,2412477.078915735,871221.9999999999,26.85429569287704,0.7397321595206112,,
H_Montanitas,H_Montanitas,RunOfRiver,Antioquia,Water,2033,128.95306768231902,179244.7640784234,0.0,19.9,2412477.078915735,871221.9999999999,26.85429594839308,0.7397321520979269,,
H_Montanitas,H_Montanitas,RunOfRiver,Antioquia,Water,2034,119.44695301561966,166031.2646917113,0.0,19.9,2412477.078915735,871221.9999999999,28.880856786328714,0.6852008502307178,,
H_Montanitas,H_Montanitas,RunOfRiver,Antioquia,Water,2035,128.95306885358664,179244.76570648543,0.0,19.9,2412477.078915735,871221.9999999999,26.854295717103465,0.739732158816839,,
H_MorroAzul,H_MorroAzul,Hidro,Surocciden,Water,2023,110.89835399028533,154148.7120464966,0.0,19.9,2414268.078974321,871221.9999999999,31.016139259579358,0.6361622839671263,,
H_MorroAzul,H_MorroAzul,Hidro,Surocciden,Water,2024,110.89835398975717,154148.71204576246,0.0,19.9,2414268.078974321,871221.9999999999,31.016139259720447,0.6361622839640965,,
H_MorroAzul,H_MorroAzul,Hidro,Surocciden,Water,2025,110.89835398810543,154148.71204346654,0.0,19.9,2414268.078974321,871221.9999999999,31.016139260161708,0.6361622839546214,,
H_MorroAzul,H_MorroAzul,Hidro,Surocciden,Water,2026,110.89835379525286,154148.71177540146,0.0,19.9,2414268.078974321,871221.9999999999,31.016139311681655,0.6361622828483332,,
H_MorroAzul,H_MorroAzul,Hidro,Surocciden,Water,2027,110.89835389825852,154148.71191857936,0.0,19.9,2414268.078974321,871221.9999999999,31.016139284164023,0.6361622834392195,,
H_MorroAzul,H_MorroAzul,Hidro,Surocciden,Water,2028,110.89834832811408,154148.70417607858,0.0,19.9,2414268.078974321,871221.9999999999,31.016140772210303,0.6361622514863935,,
H_MorroAzul,H_MorroAzul,Hidro,Surocciden,Water,2029,110.89835398948297,154148.7120453813,0.0,19.9,2414268.078974321,871221.9999999999,31.0161392597937,0.6361622839625236,,
H_MorroAzul,H_MorroAzul,Hidro,Surocciden,Water,2030,110.89835398948296,154148.7120453813,0.0,19.9,2414268.078974321,871221.9999999999,31.016139259793707,0.6361622839625235,,
H_MorroAzul,H_MorroAzul,Hidro,Surocciden,Water,2031,110.89835398948296,154148.7120453813,0.0,19.9,2414268.078974321,871221.9999999999,31.016139259793707,0.6361622839625235,,
H_MorroAzul,H_MorroAzul,Hidro,Surocciden,Water,2032,110.89835398948298,154148.7120453813,0.0,19.9,2414268.078974321,871221.9999999999,31.016139259793697,0.6361622839625237,,
H_MorroAzul,H_MorroAzul,Hidro,Surocciden,Water,2033,110.89835398948298,154148.7120453813,0.0,19.9,2414268.078974321,871221.9999999999,31.016139259793697,0.6361622839625237,,
H_MorroAzul,H_MorroAzul,Hidro,Surocciden,Water,2034,110.89835398948297,154148.7120453813,0.0,19.9,2414268.078974321,871221.9999999999,31.0161392597937,0.6361622839625236,,
H_MorroAzul,H_MorroAzul,Hidro,Surocciden,Water,2035,110.89835398948297,154148.7120453813,0.0,19.9,2414268.078974321,871221.9999999999,31.0161392597937,0.6361622839625236,,
H_Municipal,H_Municipal,Hidro,Surocciden,Water,2023,7.834011927218962,10889.276578834357,0.0,1.4,388458.0127070428,61291.99999999999,58.7999218746916,0.6387811421411416,,
H_Municipal,H_Municipal,Hidro,Surocciden,Water,2024,7.8340119272189614,10889.276578834357,0.0,1.4,388458.0127070428,61291.99999999999,58.7999218746916,0.6387811421411416,,
H_Municipal,H_Municipal,Hidro,Surocciden,Water,2025,7.8340119272189614,10889.276578834357,0.0,1.4,388458.0127070428,61291.99999999999,58.7999218746916,0.6387811421411416,,
H_Municipal,H_Municipal,Hidro,Surocciden,Water,2026,7.8340119272189614,10889.276578834355,0.0,1.4,388458.0127070428,61291.99999999999,58.7999218746916,0.6387811421411416,,
H_Municipal,H_Municipal,Hidro,Surocciden,Water,2027,7.834011927218961,10889.276578834355,0.0,1.4,388458.0127070428,61291.99999999999,58.79992187469161,0.6387811421411416,,
H_Municipal,H_Municipal,Hidro,Surocciden,Water,2028,7.8340119272189614,10889.276578834355,0.0,1.4,388458.0127070428,61291.99999999999,58.7999218746916,0.6387811421411416,,
H_Municipal,H_Municipal,Hidro,Surocciden,Water,2029,7.834011927218963,10889.276578834357,0.0,1.4,388458.0127070428,61291.99999999999,58.79992187469159,0.6387811421411417,,
H_Municipal,H_Municipal,Hidro,Surocciden,Water,2030,7.8340119272189614,10889.276578834357,0.0,1.4,388458.0127070428,61291.99999999999,58.7999218746916,0.6387811421411416,,
H_Municipal,H_Municipal,Hidro,Surocciden,Water,2031,7.834011927218964,10889.27657883436,0.0,1.4,388458.0127070428,61291.99999999999,58.799921874691584,0.6387811421411418,,
H_Municipal,H_Municipal,Hidro,Surocciden,Water,2032,7.8340119272189614,10889.276578834357,0.0,1.4,388458.0127070428,61291.99999999999,58.7999218746916,0.6387811421411416,,
H_Municipal,H_Municipal,Hidro,Surocciden,Water,2033,7.8340119272189614,10889.276578834357,0.0,1.4,388458.0127070428,61291.99999999999,58.7999218746916,0.6387811421411416,,
H_Municipal,H_Municipal,Hidro,Surocciden,Water,2034,7.834011927218963,10889.276578834357,0.0,1.4,388458.0127070428,61291.99999999999,58.79992187469159,0.6387811421411417,,
H_Municipal,H_Municipal,Hidro,Surocciden,Water,2035,7.834011927218964,10889.27657883436,0.0,1.4,388458.0127070428,61291.99999999999,58.799921874691584,0.6387811421411418,,
H_Naveta,H_Naveta,Hidro,Oriental,Water,2023,27.859282624634666,38724.402848242185,0.0,4.8,1331856.043567004,210144.0,56.73959619539826,0.6625590426330542,,
H_Naveta,H_Naveta,Hidro,Oriental,Water,2024,27.859282624634666,38724.402848242185,0.0,4.8,1331856.043567004,210144.0,56.73959619539826,0.6625590426330542,,
H_Naveta,H_Naveta,Hidro,Oriental,Water,2025,27.85928262533777,38724.40284921949,0.0,4.8,1331856.043567004,210144.0,56.73959619400137,0.6625590426497756,,
H_Naveta,H_Naveta,Hidro,Oriental,Water,2026,27.859282624634666,38724.402848242185,0.0,4.8,1331856.043567004,210144.0,56.73959619539826,0.6625590426330542,,
H_Naveta,H_Naveta,Hidro,Oriental,Water,2027,27.859282624634666,38724.402848242185,0.0,4.8,1331856.043567004,210144.0,56.73959619539826,0.6625590426330542,,
H_Naveta,H_Naveta,Hidro,Oriental,Water,2028,27.859282617107755,38724.40283777977,0.0,4.8,1331856.043567004,210144.0,56.7395962103524,0.6625590424540466,,
H_Naveta,H_Naveta,Hidro,Oriental,Water,2029,27.859282624634666,38724.402848242185,0.0,4.8,1331856.043567004,210144.0,56.73959619539826,0.6625590426330542,,
H_Naveta,H_Naveta,Hidro,Oriental,Water,2030,27.859282624634666,38724.402848242185,0.0,4.8,1331856.043567004,210144.0,56.73959619539826,0.6625590426330542,,
H_Naveta,H_Naveta,Hidro,Oriental,Water,2031,27.85928262463467,38724.402848242185,0.0,4.8,1331856.043567004,210144.0,56.73959619539824,0.6625590426330543,,
H_Naveta,H_Naveta,Hidro,Oriental,Water,2032,27.859282624634666,38724.402848242185,0.0,4.8,1331856.043567004,210144.0,56.73959619539826,0.6625590426330542,,
H_Naveta,H_Naveta,Hidro,Oriental,Water,2033,27.85928262463467,38724.402848242185,0.0,4.8,1331856.043567004,210144.0,56.73959619539824,0.6625590426330543,,
H_Naveta,H_Naveta,Hidro,Oriental,Water,2034,27.859282624634666,38724.402848242185,0.0,4.8,1331856.043567004,210144.0,56.73959619539826,0.6625590426330542,,
H_Naveta,H_Naveta,Hidro,Oriental,Water,2035,27.85928262463467,38724.402848242185,0.0,4.8,1331856.043567004,210144.0,56.73959619539824,0.6625590426330543,,
H_Nima,H_Nima,Hidro,Surocciden,Water,2023,29.870836493377926,41520.46272579531,0.0,6.7,1859049.0608122763,293326.0,73.44606917936285,0.5089422151805684,,
H_Nima,H_Nima,Hidro,Surocciden,Water,2024,29.870836493377922,41520.46272579531,0.0,6.7,1859049.0608122763,293326.0,73.44606917936287,0.5089422151805684,,
H_Nima,H_Nima,Hidro,Surocciden,Water,2025,29.870836493377922,41520.46272579531,0.0,6.7,1859049.0608122763,293326.0,73.44606917936287,0.5089422151805684,,
H_Nima,H_Nima,Hidro,Surocciden,Water,2026,29.870836493377922,41520.46272579531,0.0,6.7,1859049.0608122763,293326.0,73.44606917936287,0.5089422151805684,,
H_Nima,H_Nima,Hidro,Surocciden,Water,2027,29.870836493377922,41520.46272579531,0.0,6.7,1859049.0608122763,293326.0,73.44606917936287,0.5089422151805684,,
H_Nima,H_Nima,Hidro,Surocciden,Water,2028,29.870836493377922,41520.46272579531,0.0,6.7,1859049.0608122763,293326.0,73.44606917936287,0.5089422151805684,,
H_Nima,H_Nima,Hidro,Surocciden,Water,2029,29.870836493377922,41520.46272579532,0.0,6.7,1859049.0608122763,293326.0,73.44606917936287,0.5089422151805684,,
H_Nima,H_Nima,Hidro,Surocciden,Water,2030,29.870836493377922,41520.46272579531,0.0,6.7,1859049.0608122763,293326.0,73.44606917936287,0.5089422151805684,,
H_Nima,H_Nima,Hidro,Surocciden,Water,2031,29.870836493377926,41520.46272579531,0.0,6.7,1859049.0608122763,293326.0,73.44606917936285,0.5089422151805684,,
H_Nima,H_Nima,Hidro,Surocciden,Water,2032,29.87083649337792,41520.46272579531,0.0,6.7,1859049.0608122763,293326.0,73.44606917936287,0.5089422151805683,,
H_Nima,H_Nima,Hidro,Surocciden,Water,2033,29.870836493377922,41520.46272579531,0.0,6.7,1859049.0608122763,293326.0,73.44606917936287,0.5089422151805684,,
H_Nima,H_Nima,Hidro,Surocciden,Water,2034,29.870836493377922,41520.46272579531,0.0,6.7,1859049.0608122763,293326.0,73.44606917936287,0.5089422151805684,,
H_Nima,H_Nima,Hidro,Surocciden,Water,2035,29.870836493377922,41520.46272579531,0.0,6.7,1859049.0608122763,293326.0,73.44606917936287,0.5089422151805684,,
H_Niquia,H_Niquia,Hidro,Antioquia,Water,2023,110.84476204788811,154074.2192465645,0.0,19.0,5271930.172452724,831820.0,56.45575195511474,0.6659742973316997,,
H_Niquia,H_Niquia,Hidro,Antioquia,Water,2024,110.84476204875892,154074.2192477749,0.0,19.0,5271930.172452724,831820.0,56.45575195468214,0.6659742973369317,,
H_Niquia,H_Niquia,Hidro,Antioquia,Water,2025,110.84476204590601,154074.21924380932,0.0,19.0,5271930.172452724,831820.0,56.45575195609942,0.6659742973197909,,
H_Niquia,H_Niquia,Hidro,Antioquia,Water,2026,110.84476202322226,154074.21921227893,0.0,19.0,5271930.172452724,831820.0,56.455751967368315,0.665974297183503,,
H_Niquia,H_Niquia,Hidro,Antioquia,Water,2027,110.84476203677269,154074.21923111402,0.0,19.0,5271930.172452724,831820.0,56.45575196063669,0.6659742972649163,,
H_Niquia,H_Niquia,Hidro,Antioquia,Water,2028,109.86043338698678,152706.00240791164,0.0,19.0,5271930.172452724,831820.0,56.949130655821044,0.6600602823058566,,
H_Niquia,H_Niquia,Hidro,Antioquia,Water,2029,110.84476204515198,154074.21924276123,0.0,19.0,5271930.172452724,831820.0,56.45575195647401,0.6659742973152605,,
H_Niquia,H_Niquia,Hidro,Antioquia,Water,2030,110.84476203073251,154074.21922271815,0.0,19.0,5271930.172452724,831820.0,56.45575196363735,0.6659742972286259,,
H_Niquia,H_Niquia,Hidro,Antioquia,Water,2031,110.84476204841229,154074.21924729308,0.0,19.0,5271930.172452724,831820.0,56.45575195485434,0.6659742973348489,,
H_Niquia,H_Niquia,Hidro,Antioquia,Water,2032,110.844762049615,154074.21924896483,0.0,19.0,5271930.172452724,831820.0,56.455751954256854,0.6659742973420751,,
H_Niquia,H_Niquia,Hidro,Antioquia,Water,2033,110.84476204961503,154074.2192489649,0.0,19.0,5271930.172452724,831820.0,56.45575195425684,0.6659742973420752,,
H_Niquia,H_Niquia,Hidro,Antioquia,Water,2034,109.24507427994644,151850.65324912552,0.0,19.0,5271930.172452724,831820.0,57.262085882897864,0.6563630994949916,,
H_Niquia,H_Niquia,Hidro,Antioquia,Water,2035,110.84476204387579,154074.21924098732,0.0,19.0,5271930.172452724,831820.0,56.455751957108,0.6659742973075929,,
H_Nuevoliba,H_Nuevoliba,Hidro,Surocciden,Water,2023,23.558997886941924,32747.00706284927,0.0,5.1,1415097.0462899415,223277.99999999997,70.93349476800309,0.5273300628288549,,
H_Nuevoliba,H_Nuevoliba,Hidro,Surocciden,Water,2024,23.558997886941924,32747.00706284927,0.0,5.1,1415097.0462899415,223277.99999999997,70.93349476800309,0.5273300628288549,,
H_Nuevoliba,H_Nuevoliba,Hidro,Surocciden,Water,2025,23.558997886941924,32747.007062849272,0.0,5.1,1415097.0462899415,223277.99999999997,70.93349476800309,0.5273300628288549,,
H_Nuevoliba,H_Nuevoliba,Hidro,Surocciden,Water,2026,23.558997886941924,32747.007062849272,0.0,5.1,1415097.0462899415,223277.99999999997,70.93349476800309,0.5273300628288549,,
H_Nuevoliba,H_Nuevoliba,Hidro,Surocciden,Water,2027,23.55899788694192,32747.007062849265,0.0,5.1,1415097.0462899415,223277.99999999997,70.9334947680031,0.5273300628288549,,
H_Nuevoliba,H_Nuevoliba,Hidro,Surocciden,Water,2028,23.55899788694192,32747.00706284927,0.0,5.1,1415097.0462899415,223277.99999999997,70.9334947680031,0.5273300628288549,,
H_Nuevoliba,H_Nuevoliba,Hidro,Surocciden,Water,2029,23.558997886941924,32747.007062849276,0.0,5.1,1415097.0462899415,223277.99999999997,70.93349476800309,0.5273300628288549,,
H_Nuevoliba,H_Nuevoliba,Hidro,Surocciden,Water,2030,23.558997886941924,32747.00706284927,0.0,5.1,1415097.0462899415,223277.99999999997,70.93349476800309,0.5273300628288549,,
H_Nuevoliba,H_Nuevoliba,Hidro,Surocciden,Water,2031,23.558997886941924,32747.00706284927,0.0,5.1,1415097.0462899415,223277.99999999997,70.93349476800309,0.5273300628288549,,
H_Nuevoliba,H_Nuevoliba,Hidro,Surocciden,Water,2032,23.558997886941924,32747.00706284927,0.0,5.1,1415097.0462899415,223277.99999999997,70.93349476800309,0.5273300628288549,,
H_Nuevoliba,H_Nuevoliba,Hidro,Surocciden,Water,2033,23.55899788694192,32747.00706284926,0.0,5.1,1415097.0462899415,223277.99999999997,70.9334947680031,0.5273300628288549,,
H_Nuevoliba,H_Nuevoliba,Hidro,Surocciden,Water,2034,23.558997886941917,32747.007062849265,0.0,5.1,1415097.0462899415,223277.99999999997,70.93349476800311,0.5273300628288548,,
H_Nuevoliba,H_Nuevoliba,Hidro,Surocciden,Water,2035,23.558997886941924,32747.00706284927,0.0,5.1,1415097.0462899415,223277.99999999997,70.93349476800309,0.5273300628288549,,
H_Oibita,H_Oibita,Hidro,Nordeste,Water,2023,97.51561630679397,135546.7066664436,0.0,19.9,5521653.180621536,871221.9999999999,66.94745041398195,0.5593929482274039,,
H_Oibita,H_Oibita,Hidro,Nordeste,Water,2024,97.51561630717988,135546.70666698003,0.0,19.9,5521653.180621536,871221.9999999999,66.94745041372252,0.5593929482296176,,
H_Oibita,H_Oibita,Hidro,Nordeste,Water,2025,97.51561630914827,135546.7066697161,0.0,19.9,5521653.180621536,871221.9999999999,66.94745041239922,0.5593929482409092,,
H_Oibita,H_Oibita,Hidro,Nordeste,Water,2026,97.51561630219592,135546.7066600523,0.0,19.9,5521653.180621536,871221.9999999999,66.94745041707313,0.5593929482010275,,
H_Oibita,H_Oibita,Hidro,Nordeste,Water,2027,97.51561630343747,135546.70666177807,0.0,19.9,5521653.180621536,871221.9999999999,66.94745041623847,0.5593929482081496,,
H_Oibita,H_Oibita,Hidro,Nordeste,Water,2028,97.51561233351677,135546.7011435883,0.0,19.9,5521653.180621536,871221.9999999999,66.94745308512269,0.5593929254349186,,
H_Oibita,H_Oibita,Hidro,Nordeste,Water,2029,97.51561630294374,135546.7066610918,0.0,19.9,5521653.180621536,871221.9999999999,66.94745041657039,0.5593929482053173,,
H_Oibita,H_Oibita,Hidro,Nordeste,Water,2030,97.51561630337133,135546.70666168613,0.0,19.9,5521653.180621536,871221.9999999999,66.94745041628292,0.5593929482077702,,
H_Oibita,H_Oibita,Hidro,Nordeste,Water,2031,97.51561629996027,135546.70665694476,0.0,19.9,5521653.180621536,871221.9999999999,66.9474504185761,0.5593929481882027,,
H_Oibita,H_Oibita,Hidro,Nordeste,Water,2032,97.51561629222681,135546.70664619526,0.0,19.9,5521653.180621536,871221.9999999999,66.94745042377512,0.5593929481438402,,
H_Oibita,H_Oibita,Hidro,Nordeste,Water,2033,97.51561630214132,135546.70665997642,0.0,19.9,5521653.180621536,871221.9999999999,66.94745041710982,0.5593929482007143,,
H_Oibita,H_Oibita,Hidro,Nordeste,Water,2034,97.51561581006196,135546.70597598611,0.0,19.9,5521653.180621536,871221.9999999999,66.94745074792318,0.5593929453779282,,
H_Oibita,H_Oibita,Hidro,Nordeste,Water,2035,97.51561629787432,135546.7066540453,0.0,19.9,5521653.180621536,871221.9999999999,66.94745041997844,0.5593929481762369,,
H_Ovejas,H_Ovejas,Hidro,Surocciden,Water,2023,6.345266113370588,8819.919897585118,0.0,0.8199999999999998,227525.40744269648,35899.59999999999,42.905202473165595,0.8833481057704906,,
H_Ovejas,H_Ovejas,Hidro,Surocciden,Water,2024,6.345266111823004,8819.919895433975,0.0,0.8199999999999998,227525.40744269648,35899.59999999999,42.905202483290985,0.8833481055550456,,
H_Ovejas,H_Ovejas,Hidro,Surocciden,Water,2025,6.345266110776956,8819.919893979966,0.0,0.8199999999999998,227525.40744269648,35899.59999999999,42.90520249013497,0.8833481054094214,,
H_Ovejas,H_Ovejas,Hidro,Surocciden,Water,2026,6.345266110776953,8819.919893979963,0.0,0.8199999999999998,227525.40744269648,35899.59999999999,42.90520249013499,0.883348105409421,,
H_Ovejas,H_Ovejas,Hidro,Surocciden,Water,2027,6.3452661107769535,8819.919893979964,0.0,0.8199999999999998,227525.40744269648,35899.59999999999,42.90520249013498,0.8833481054094211,,
H_Ovejas,H_Ovejas,Hidro,Surocciden,Water,2028,6.345266110776953,8819.919893979964,0.0,0.8199999999999998,227525.40744269648,35899.59999999999,42.90520249013499,0.883348105409421,,
H_Ovejas,H_Ovejas,Hidro,Surocciden,Water,2029,6.345266110776954,8819.919893979964,0.0,0.8199999999999998,227525.40744269648,35899.59999999999,42.905202490134975,0.8833481054094212,,
H_Ovejas,H_Ovejas,Hidro,Surocciden,Water,2030,6.345266110776957,8819.91989397997,0.0,0.8199999999999998,227525.40744269648,35899.59999999999,42.905202490134954,0.8833481054094215,,
H_Ovejas,H_Ovejas,Hidro,Surocciden,Water,2031,6.345266110776951,8819.91989397996,0.0,0.8199999999999998,227525.40744269648,35899.59999999999,42.905202490135,0.8833481054094208,,
H_Ovejas,H_Ovejas,Hidro,Surocciden,Water,2032,6.345266110776954,8819.919893979968,0.0,0.8199999999999998,227525.40744269648,35899.59999999999,42.905202490134975,0.8833481054094212,,
H_Ovejas,H_Ovejas,Hidro,Surocciden,Water,2033,6.345266110776958,8819.919893979972,0.0,0.8199999999999998,227525.40744269648,35899.59999999999,42.90520249013495,0.8833481054094217,,
H_Ovejas,H_Ovejas,Hidro,Surocciden,Water,2034,6.345266110776953,8819.919893979964,0.0,0.8199999999999998,227525.40744269648,35899.59999999999,42.90520249013499,0.883348105409421,,
H_Ovejas,H_Ovejas,Hidro,Surocciden,Water,2035,6.345266110776954,8819.919893979966,0.0,0.8199999999999998,227525.40744269648,35899.59999999999,42.905202490134975,0.8833481054094212,,
H_PAGUA,H_PAGUA,Hidro,Surocciden,Water,2023,3556.579659060125,4943645.7260935735,0.0,600.0,71118002.32637627,26268000.0,28.771926362395007,0.6766704069749094,,
H_PAGUA,H_PAGUA,Hidro,Surocciden,Water,2024,3556.579659060299,4943645.726093816,0.0,600.0,71118002.32637627,26268000.0,28.771926362393664,0.6766704069749426,,
H_PAGUA,H_PAGUA,Hidro,Surocciden,Water,2025,3556.5796590602054,4943645.726093685,0.0,600.0,71118002.32637627,26268000.0,28.771926362394385,0.6766704069749248,,
H_PAGUA,H_PAGUA,Hidro,Surocciden,Water,2026,3556.5796590394098,4943645.726064779,0.0,600.0,71118002.32637627,26268000.0,28.771926362554492,0.6766704069709683,,
H_PAGUA,H_PAGUA,Hidro,Surocciden,Water,2027,3556.579659048837,4943645.726077883,0.0,600.0,71118002.32637627,26268000.0,28.77192636248191,0.6766704069727619,,
H_PAGUA,H_PAGUA,Hidro,Surocciden,Water,2028,3556.579658255691,4943645.724975409,0.0,600.0,71118002.32637627,26268000.0,28.771926368588304,0.6766704068218587,,
H_PAGUA,H_PAGUA,Hidro,Surocciden,Water,2029,3556.5796590461214,4943645.726074109,0.0,600.0,71118002.32637627,26268000.0,28.771926362502818,0.6766704069722451,,
H_PAGUA,H_PAGUA,Hidro,Surocciden,Water,2030,3556.579659047372,4943645.726075847,0.0,600.0,71118002.32637627,26268000.0,28.77192636249319,0.676670406972483,,
H_PAGUA,H_PAGUA,Hidro,Surocciden,Water,2031,3556.579659047118,4943645.726075494,0.0,600.0,71118002.32637627,26268000.0,28.771926362495144,0.6766704069724349,,
H_PAGUA,H_PAGUA,Hidro,Surocciden,Water,2032,3556.5796590452987,4943645.726072965,0.0,600.0,71118002.32637627,26268000.0,28.771926362509152,0.6766704069720887,,
H_PAGUA,H_PAGUA,Hidro,Surocciden,Water,2033,3556.579658824877,4943645.725766578,0.0,600.0,71118002.32637627,26268000.0,28.77192636420617,0.6766704069301515,,
H_PAGUA,H_PAGUA,Hidro,Surocciden,Water,2034,3556.579658098334,4943645.724756684,0.0,600.0,71118002.32637627,26268000.0,28.771926369799782,0.6766704067919204,,
H_PAGUA,H_PAGUA,Hidro,Surocciden,Water,2035,3556.579659043111,4943645.7260699235,0.0,600.0,71118002.32637627,26268000.0,28.771926362525996,0.6766704069716724,,
H_Pajarito,H_Pajarito,Hidro,Antioquia,Water,2023,68.36810218788094,95031.6620411545,0.0,13.2,3662604.1198092606,577896.0,63.414540452447135,0.5912558996461268,,
H_Pajarito,H_Pajarito,Hidro,Antioquia,Water,2024,68.3681021893851,95031.66204324528,0.0,13.2,3662604.1198092606,577896.0,63.41454045108254,0.5912558996591349,,
H_Pajarito,H_Pajarito,Hidro,Antioquia,Water,2025,68.3681021876836,95031.66204088021,0.0,13.2,3662604.1198092606,577896.0,63.414540452626156,0.5912558996444202,,
H_Pajarito,H_Pajarito,Hidro,Antioquia,Water,2026,68.36810215097736,95031.66198985853,0.0,13.2,3662604.1198092606,577896.0,63.41454048592659,0.5912558993269801,,
H_Pajarito,H_Pajarito,Hidro,Antioquia,Water,2027,68.36810217564886,95031.66202415193,0.0,13.2,3662604.1198092606,577896.0,63.41454046354424,0.5912558995403422,,
H_Pajarito,H_Pajarito,Hidro,Antioquia,Water,2028,67.91721919627167,94404.9346828176,0.0,13.2,3662604.1198092606,577896.0,63.826303635382686,0.5873566071353229,,
H_Pajarito,H_Pajarito,Hidro,Antioquia,Water,2029,68.36810216526057,95031.66200971218,0.0,13.2,3662604.1198092606,577896.0,63.41454047296866,0.5912558994505029,,
H_Pajarito,H_Pajarito,Hidro,Antioquia,Water,2030,68.3681021724727,95031.66201973704,0.0,13.2,3662604.1198092606,577896.0,63.414540466425706,0.5912558995128744,,
H_Pajarito,H_Pajarito,Hidro,Antioquia,Water,2031,68.36810217365493,95031.66202138034,0.0,13.2,3662604.1198092606,577896.0,63.41454046535317,0.5912558995230984,,
H_Pajarito,H_Pajarito,Hidro,Antioquia,Water,2032,68.36810217090657,95031.6620175601,0.0,13.2,3662604.1198092606,577896.0,63.41454046784652,0.5912558994993303,,
H_Pajarito,H_Pajarito,Hidro,Antioquia,Water,2033,68.36810218400458,95031.66203576635,0.0,13.2,3662604.1198092606,577896.0,63.41454045596381,0.5912558996126036,,
H_Pajarito,H_Pajarito,Hidro,Antioquia,Water,2034,66.46440365569336,92385.52108141375,0.0,13.2,3662604.1198092606,577896.0,65.19107074722875,0.5747924766128177,,
H_Pajarito,H_Pajarito,Hidro,Antioquia,Water,2035,68.36810218952624,95031.66204344147,0.0,13.2,3662604.1198092606,577896.0,63.41454045095449,0.5912558996603555,,
H_PalmasSanGil,H_PalmasSanGil,Hidro,Nordeste,Water,2023,58.74217046758082,81651.61694993734,0.0,15.0,4162050.136146887,656700.0,83.42221123411339,0.4470484814884384,,
H_PalmasSanGil,H_PalmasSanGil,Hidro,Nordeste,Water,2024,58.74217046485011,81651.61694614164,0.0,15.0,4162050.136146887,656700.0,83.42221123792676,0.44704848146765674,,
H_PalmasSanGil,H_PalmasSanGil,Hidro,Nordeste,Water,2025,58.74217045676539,81651.61693490388,0.0,15.0,4162050.136146887,656700.0,83.4222112492169,0.44704848140612924,,
H_PalmasSanGil,H_PalmasSanGil,Hidro,Nordeste,Water,2026,58.742170355535904,81651.61679419491,0.0,15.0,4162050.136146887,656700.0,83.42221139058177,0.4470484806357374,,
H_PalmasSanGil,H_PalmasSanGil,Hidro,Nordeste,Water,2027,58.74217042019263,81651.61688406774,0.0,15.0,4162050.136146887,656700.0,83.42221130029002,0.44704848112779766,,
H_PalmasSanGil,H_PalmasSanGil,Hidro,Nordeste,Water,2028,58.74216573141753,81651.61036667036,0.0,15.0,4162050.136146887,656700.0,83.42221784806681,0.4470484454445778,,
H_PalmasSanGil,H_PalmasSanGil,Hidro,Nordeste,Water,2029,58.74217041847965,81651.61688168671,0.0,15.0,4162050.136146887,656700.0,83.42221130268214,0.4470484811147613,,
H_PalmasSanGil,H_PalmasSanGil,Hidro,Nordeste,Water,2030,58.742170393265255,81651.61684663867,0.0,15.0,4162050.136146887,656700.0,83.42221133789353,0.4470484809228709,,
H_PalmasSanGil,H_PalmasSanGil,Hidro,Nordeste,Water,2031,58.742170397334945,81651.61685229557,0.0,15.0,4162050.136146887,656700.0,83.42221133221028,0.4470484809538427,,
H_PalmasSanGil,H_PalmasSanGil,Hidro,Nordeste,Water,2032,58.74217038017057,81651.61682843708,0.0,15.0,4162050.136146887,656700.0,83.42221135617997,0.4470484808232158,,
H_PalmasSanGil,H_PalmasSanGil,Hidro,Nordeste,Water,2033,58.74216972117057,81651.61591242708,0.0,15.0,4162050.136146887,656700.0,83.42221227645969,0.4470484758079951,,
H_PalmasSanGil,H_PalmasSanGil,Hidro,Nordeste,Water,2034,58.74216565556285,81651.61026123234,0.0,15.0,4162050.136146887,656700.0,83.4222179539963,0.4470484448672971,,
H_PalmasSanGil,H_PalmasSanGil,Hidro,Nordeste,Water,2035,58.742170339708665,81651.61677219503,0.0,15.0,4162050.136146887,656700.0,83.42221141268418,0.44704848051528656,,
H_Pastales,H_Pastales,Hidro,Surocciden,Water,2023,4.901673407210289,6813.326036022301,0.0,0.7,194229.0063535214,30645.999999999996,47.2671908431789,0.7993596554485141,,
H_Pastales,H_Pastales,Hidro,Surocciden,Water,2024,4.90167340709289,6813.326035859116,0.0,0.7,194229.0063535214,30645.999999999996,47.2671908442777,0.7993596554293687,,
H_Pastales,H_Pastales,Hidro,Surocciden,Water,2025,4.901673405403947,6813.326033511485,0.0,0.7,194229.0063535214,30645.999999999996,47.267190860085364,0.7993596551539376,,
H_Pastales,H_Pastales,Hidro,Surocciden,Water,2026,4.90167337155929,6813.325986467412,0.0,0.7,194229.0063535214,30645.999999999996,47.267191176854276,0.7993596496345873,,
H_Pastales,H_Pastales,Hidro,Surocciden,Water,2027,4.901673374387972,6813.32599039928,0.0,0.7,194229.0063535214,30645.999999999996,47.26719115037923,0.7993596500958857,,
H_Pastales,H_Pastales,Hidro,Surocciden,Water,2028,4.901672614210775,6813.324933752977,0.0,0.7,194229.0063535214,30645.999999999996,47.26719826525559,0.7993595261270018,,
H_Pastales,H_Pastales,Hidro,Surocciden,Water,2029,4.9016734065682686,6813.326035129892,0.0,0.7,194229.0063535214,30645.999999999996,47.26719084918789,0.799359655343814,,
H_Pastales,H_Pastales,Hidro,Surocciden,Water,2030,4.9016734038190455,6813.326031308472,0.0,0.7,194229.0063535214,30645.999999999996,47.26719087491924,0.7993596548954738,,
H_Pastales,H_Pastales,Hidro,Surocciden,Water,2031,4.901673406568259,6813.326035129878,0.0,0.7,194229.0063535214,30645.999999999996,47.26719084918798,0.7993596553438124,,
H_Pastales,H_Pastales,Hidro,Surocciden,Water,2032,4.901673406568261,6813.32603512988,0.0,0.7,194229.0063535214,30645.999999999996,47.26719084918796,0.7993596553438127,,
H_Pastales,H_Pastales,Hidro,Surocciden,Water,2033,4.901673406568259,6813.3260351298795,0.0,0.7,194229.0063535214,30645.999999999996,47.26719084918798,0.7993596553438124,,
H_Pastales,H_Pastales,Hidro,Surocciden,Water,2034,4.901673251526315,6813.3258196215775,0.0,0.7,194229.0063535214,30645.999999999996,47.267192300302426,0.7993596300597381,,
H_Pastales,H_Pastales,Hidro,Surocciden,Water,2035,4.901673187953023,6813.3257312547,0.0,0.7,194229.0063535214,30645.999999999996,47.267192895316434,0.7993596196922735,,
H_PaticoCab,H_PaticoCab,Hidro,Surocciden,Water,2023,7.704146235476575,10708.763267312437,0.0,1.48,410655.61343315954,64794.4,63.103523978007466,0.594235640771672,,
H_PaticoCab,H_PaticoCab,Hidro,Surocciden,Water,2024,7.704146234646577,10708.763266158745,0.0,1.48,410655.61343315954,64794.4,63.1035239846561,0.5942356407076527,,
H_PaticoCab,H_PaticoCab,Hidro,Surocciden,Water,2025,7.704146234646577,10708.763266158741,0.0,1.48,410655.61343315954,64794.4,63.1035239846561,0.5942356407076527,,
H_PaticoCab,H_PaticoCab,Hidro,Surocciden,Water,2026,7.704146234646575,10708.76326615874,0.0,1.48,410655.61343315954,64794.4,63.103523984656114,0.5942356407076526,,
H_PaticoCab,H_PaticoCab,Hidro,Surocciden,Water,2027,7.704146234646579,10708.763266158745,0.0,1.48,410655.61343315954,64794.4,63.103523984656086,0.5942356407076529,,
H_PaticoCab,H_PaticoCab,Hidro,Surocciden,Water,2028,7.7041462346465766,10708.763266158741,0.0,1.48,410655.61343315954,64794.4,63.10352398465611,0.5942356407076527,,
H_PaticoCab,H_PaticoCab,Hidro,Surocciden,Water,2029,7.704146234646577,10708.763266158741,0.0,1.48,410655.61343315954,64794.4,63.1035239846561,0.5942356407076527,,
H_PaticoCab,H_PaticoCab,Hidro,Surocciden,Water,2030,7.704146234646578,10708.763266158745,0.0,1.48,410655.61343315954,64794.4,63.10352398465609,0.5942356407076528,,
H_PaticoCab,H_PaticoCab,Hidro,Surocciden,Water,2031,7.704146234646578,10708.763266158743,0.0,1.48,410655.61343315954,64794.4,63.10352398465609,0.5942356407076528,,
H_PaticoCab,H_PaticoCab,Hidro,Surocciden,Water,2032,7.70414623464658,10708.763266158745,0.0,1.48,410655.61343315954,64794.4,63.10352398465608,0.5942356407076529,,
H_PaticoCab,H_PaticoCab,Hidro,Surocciden,Water,2033,7.704146234646581,10708.763266158747,0.0,1.48,410655.61343315954,64794.4,63.10352398465607,0.594235640707653,,
H_PaticoCab,H_PaticoCab,Hidro,Surocciden,Water,2034,7.704146234646576,10708.763266158741,0.0,1.48,410655.61343315954,64794.4,63.103523984656114,0.5942356407076526,,
H_PaticoCab,H_PaticoCab,Hidro,Surocciden,Water,2035,7.704146234646579,10708.763266158745,0.0,1.48,410655.61343315954,64794.4,63.103523984656086,0.5942356407076529,,
H_Pocune,H_Pocune,Hidro,Antioquia,Water,2023,6.34245627141471,8816.014217266445,0.0,1.0,277470.00907645916,43780.0,52.040725102248615,0.7240246885176608,,
H_Pocune,H_Pocune,Hidro,Antioquia,Water,2024,6.342456272291334,8816.014218484954,0.0,1.0,277470.00907645916,43780.0,52.0407250952479,0.7240246886177321,,
H_Pocune,H_Pocune,Hidro,Antioquia,Water,2025,6.3424562736135375,8816.014220322817,0.0,1.0,277470.00907645916,43780.0,52.040725084688816,0.7240246887686685,,
H_Pocune,H_Pocune,Hidro,Antioquia,Water,2026,6.342456262229142,8816.014204498508,0.0,1.0,277470.00907645916,43780.0,52.040725175604365,0.7240246874690799,,
H_Pocune,H_Pocune,Hidro,Antioquia,Water,2027,6.3424562722267055,8816.014218395121,0.0,1.0,277470.00907645916,43780.0,52.040725095764024,0.7240246886103544,,
H_Pocune,H_Pocune,Hidro,Antioquia,Water,2028,6.267091916002274,8711.25776324316,0.0,1.0,277470.00907645916,43780.0,52.64982088377952,0.715421451598433,,
H_Pocune,H_Pocune,Hidro,Antioquia,Water,2029,6.342456258411563,8816.014199192072,0.0,1.0,277470.00907645916,43780.0,52.04072520609147,0.7240246870332833,,
H_Pocune,H_Pocune,Hidro,Antioquia,Water,2030,6.342456267354851,8816.014211623242,0.0,1.0,277470.00907645916,43780.0,52.04072513467055,0.7240246880542066,,
H_Pocune,H_Pocune,Hidro,Antioquia,Water,2031,6.342456249628998,8816.014186984306,0.0,1.0,277470.00907645916,43780.0,52.04072527622886,0.7240246860307074,,
H_Pocune,H_Pocune,Hidro,Antioquia,Water,2032,6.34245627230176,8816.014218499447,0.0,1.0,277470.00907645916,43780.0,52.04072509516465,0.7240246886189222,,
H_Pocune,H_Pocune,Hidro,Antioquia,Water,2033,6.34245627183976,8816.014217857266,0.0,1.0,277470.00907645916,43780.0,52.04072509885417,0.7240246885661825,,
H_Pocune,H_Pocune,Hidro,Antioquia,Water,2034,6.151839207431625,8551.056498329957,0.0,1.0,277470.00907645916,43780.0,53.61015697165468,0.7022647497068063,,
H_Pocune,H_Pocune,Hidro,Antioquia,Water,2035,6.3424562722171824,8816.014218381883,0.0,1.0,277470.00907645916,43780.0,52.04072509584008,0.7240246886092673,,
H_Porce3Meno,H_Porce3Meno,Hidro,Antioquia,Water,2023,13.71804123752702,19068.07732016256,0.0,1.8,499446.0163376265,78804.0,43.542520635072016,0.8699924681333724,,
H_Porce3Meno,H_Porce3Meno,Hidro,Antioquia,Water,2024,13.718041237010615,19068.077319444757,0.0,1.8,499446.0163376265,78804.0,43.54252063665881,0.8699924681006223,,
H_Porce3Meno,H_Porce3Meno,Hidro,Antioquia,Water,2025,13.718041237689912,19068.077320388977,0.0,1.8,499446.0163376265,78804.0,43.54252063457148,0.869992468143703,,
H_Porce3Meno,H_Porce3Meno,Hidro,Antioquia,Water,2026,13.718041233008464,19068.077313881764,0.0,1.8,499446.0163376265,78804.0,43.54252064895654,0.8699924678468075,,
H_Porce3Meno,H_Porce3Meno,Hidro,Antioquia,Water,2027,13.718041226730161,19068.077305154926,0.0,1.8,499446.0163376265,78804.0,43.54252066824838,0.8699924674486402,,
H_Porce3Meno,H_Porce3Meno,Hidro,Antioquia,Water,2028,13.57639112932321,18871.18366975926,0.0,1.8,499446.0163376265,78804.0,43.98232154034536,0.8610090772021312,,
H_Porce3Meno,H_Porce3Meno,Hidro,Antioquia,Water,2029,13.718041235055107,19068.0773167266,0.0,1.8,499446.0163376265,78804.0,43.542520642667654,0.8699924679766048,,
H_Porce3Meno,H_Porce3Meno,Hidro,Antioquia,Water,2030,13.718041223889205,19068.077301205994,0.0,1.8,499446.0163376265,78804.0,43.54252067697801,0.8699924672684679,,
H_Porce3Meno,H_Porce3Meno,Hidro,Antioquia,Water,2031,13.718041228293973,19068.077307328622,0.0,1.8,499446.0163376265,78804.0,43.54252066344313,0.8699924675478166,,
H_Porce3Meno,H_Porce3Meno,Hidro,Antioquia,Water,2032,13.718041222281098,19068.07729897073,0.0,1.8,499446.0163376265,78804.0,43.54252068191937,0.8699924671664825,,
H_Porce3Meno,H_Porce3Meno,Hidro,Antioquia,Water,2033,13.718041237311873,19068.077319863503,0.0,1.8,499446.0163376265,78804.0,43.54252063573312,0.8699924681197279,,
H_Porce3Meno,H_Porce3Meno,Hidro,Antioquia,Water,2034,13.27396676758688,18450.813806945764,0.0,1.8,499446.0163376265,78804.0,44.95271387914199,0.8418294499991678,,
H_Porce3Meno,H_Porce3Meno,Hidro,Antioquia,Water,2035,13.71804121671548,19068.07729123452,0.0,1.8,499446.0163376265,78804.0,43.54252069902129,0.8699924668135133,,
H_ProvidencI,H_ProvidencI,Hidro,Caribe,Water,2023,34.92488524056762,48545.59048438898,0.0,4.9,604611.0197777312,214522.00000000003,24.844136331026586,0.8136447032095705,,
H_ProvidencI,H_ProvidencI,Hidro,Caribe,Water,2024,34.924885244164294,48545.590489388356,0.0,4.9,604611.0197777312,214522.00000000003,24.844136328611203,0.8136447032933624,,
H_ProvidencI,H_ProvidencI,Hidro,Caribe,Water,2025,34.924885241010884,48545.59048500512,0.0,4.9,604611.0197777312,214522.00000000003,24.844136330728908,0.8136447032198972,,
H_ProvidencI,H_ProvidencI,Hidro,Caribe,Water,2026,34.92488510061819,48545.59028985928,0.0,4.9,604611.0197777312,214522.00000000003,24.844136425010944,0.8136446999491702,,
H_ProvidencI,H_ProvidencI,Hidro,Caribe,Water,2027,34.92488507964553,48545.59026070728,0.0,4.9,604611.0197777312,214522.00000000003,24.844136439095333,0.8136446994605704,,
H_ProvidencI,H_ProvidencI,Hidro,Caribe,Water,2028,34.924872354420984,48545.572572645164,0.0,4.9,604611.0197777312,214522.00000000003,24.84414498484318,0.813644403001141,,
H_ProvidencI,H_ProvidencI,Hidro,Caribe,Water,2029,34.9248849080626,48545.59002220702,0.0,4.9,604611.0197777312,214522.00000000003,24.84413655432347,0.8136446954632045,,
H_ProvidencI,H_ProvidencI,Hidro,Caribe,Water,2030,34.924884931338894,48545.59005456107,0.0,4.9,604611.0197777312,214522.00000000003,24.844136538692055,0.8136446960054721,,
H_ProvidencI,H_ProvidencI,Hidro,Caribe,Water,2031,34.92488489355178,48545.590002036966,0.0,4.9,604611.0197777312,214522.00000000003,24.844136564068354,0.813644695125146,,
H_ProvidencI,H_ProvidencI,Hidro,Caribe,Water,2032,34.92488484637087,48545.58993645551,0.0,4.9,604611.0197777312,214522.00000000003,24.844136595753135,0.813644694025973,,
H_ProvidencI,H_ProvidencI,Hidro,Caribe,Water,2033,34.92487962517397,48545.58267899182,0.0,4.9,604611.0197777312,214522.00000000003,24.8441401020978,0.8136445723878007,,
H_ProvidencI,H_ProvidencI,Hidro,Caribe,Water,2034,34.708179002805274,48244.36881389933,0.0,4.9,604611.0197777312,214522.00000000003,24.990576097971754,0.8085961001492233,,
H_ProvidencI,H_ProvidencI,Hidro,Caribe,Water,2035,34.92488450357974,48545.58945997583,0.0,4.9,604611.0197777312,214522.00000000003,24.84413682595776,0.8136446860399714,,
H_Puente_Gui,H_Puente_Gui,Hidro,Nordeste,Water,2023,21.874294423295456,30405.269248380682,0.0,4.2,1165374.0381211285,183876.0,63.07199129130392,0.5945394222465605,,
H_Puente_Gui,H_Puente_Gui,Hidro,Nordeste,Water,2024,21.874294419574518,30405.269243208575,0.0,4.2,1165374.0381211285,183876.0,63.07199130179638,0.594539422145426,,
H_Puente_Gui,H_Puente_Gui,Hidro,Nordeste,Water,2025,21.87429442010312,30405.26924394333,0.0,4.2,1165374.0381211285,183876.0,63.0719913003058,0.5945394221597933,,
H_Puente_Gui,H_Puente_Gui,Hidro,Nordeste,Water,2026,21.87429431568842,30405.2690988069,0.0,4.2,1165374.0381211285,183876.0,63.071991594738456,0.5945394193218204,,
H_Puente_Gui,H_Puente_Gui,Hidro,Nordeste,Water,2027,21.874294338336973,30405.269130288387,0.0,4.2,1165374.0381211285,183876.0,63.071991530873184,0.594539419937404,,
H_Puente_Gui,H_Puente_Gui,Hidro,Nordeste,Water,2028,21.8742896462789,30405.26260832767,0.0,4.2,1165374.0381211285,183876.0,63.07200476172507,0.5945392924081021,,
H_Puente_Gui,H_Puente_Gui,Hidro,Nordeste,Water,2029,21.874294322901374,30405.26910883291,0.0,4.2,1165374.0381211285,183876.0,63.07199157439909,0.5945394195178672,,
H_Puente_Gui,H_Puente_Gui,Hidro,Nordeste,Water,2030,21.87429434382652,30405.269137918858,0.0,4.2,1165374.0381211285,183876.0,63.07199151539355,0.5945394200866089,,
H_Puente_Gui,H_Puente_Gui,Hidro,Nordeste,Water,2031,21.8742943423849,30405.269135915005,0.0,4.2,1165374.0381211285,183876.0,63.071991519458685,0.5945394200474259,,
H_Puente_Gui,H_Puente_Gui,Hidro,Nordeste,Water,2032,21.874294292949653,30405.269067200014,0.0,4.2,1165374.0381211285,183876.0,63.071991658858124,0.5945394187037847,,
H_Puente_Gui,H_Puente_Gui,Hidro,Nordeste,Water,2033,21.87429296719622,30405.26722440274,0.0,4.2,1165374.0381211285,183876.0,63.0719953972698,0.5945393826700428,,
H_Puente_Gui,H_Puente_Gui,Hidro,Nordeste,Water,2034,21.874288146300458,30405.260523357632,0.0,4.2,1165374.0381211285,183876.0,63.0720089914251,0.5945392516389556,,
H_Puente_Gui,H_Puente_Gui,Hidro,Nordeste,Water,2035,21.874294345504353,30405.26914025105,0.0,4.2,1165374.0381211285,183876.0,63.07199151066232,0.5945394201322122,,
H_Remedios,H_Remedios,Hidro,Antioquia,Water,2023,4.632867956948332,6439.68646015818,0.0,0.75,208102.50680734438,32835.0,53.39612429412942,0.7051549401747841,,
H_Remedios,H_Remedios,Hidro,Antioquia,Water,2024,4.63286795628267,6439.686459232912,0.0,0.75,208102.50680734438,32835.0,53.39612430160179,0.7051549400734656,,
H_Remedios,H_Remedios,Hidro,Antioquia,Water,2025,4.632867953202009,6439.686454950792,0.0,0.75,208102.50680734438,32835.0,53.396124336183675,0.7051549396045673,,
H_Remedios,H_Remedios,Hidro,Antioquia,Water,2026,4.632867932968546,6439.68642682628,0.0,0.75,208102.50680734438,32835.0,53.396124563313805,0.7051549365248927,,
H_Remedios,H_Remedios,Hidro,Antioquia,Water,2027,4.632867951694635,6439.686452855543,0.0,0.75,208102.50680734438,32835.0,53.39612435310464,0.7051549393751345,,
H_Remedios,H_Remedios,Hidro,Antioquia,Water,2028,4.613841133827638,6413.239176020416,0.0,0.75,208102.50680734438,32835.0,53.61059013710836,0.7022589244790923,,
H_Remedios,H_Remedios,Hidro,Antioquia,Water,2029,4.632867952124103,6439.686453452502,0.0,0.75,208102.50680734438,32835.0,53.396124348283664,0.7051549394405026,,
H_Remedios,H_Remedios,Hidro,Antioquia,Water,2030,4.632867955552548,6439.686458218041,0.0,0.75,208102.50680734438,32835.0,53.396124309797734,0.7051549399623361,,
H_Remedios,H_Remedios,Hidro,Antioquia,Water,2031,4.6328679424484385,6439.686440003328,0.0,0.75,208102.50680734438,32835.0,53.39612445689756,0.7051549379677987,,
H_Remedios,H_Remedios,Hidro,Antioquia,Water,2032,4.63286795330828,6439.686455098509,0.0,0.75,208102.50680734438,32835.0,53.39612433499071,0.7051549396207427,,
H_Remedios,H_Remedios,Hidro,Antioquia,Water,2033,4.63286795527074,6439.6864578263285,0.0,0.75,208102.50680734438,32835.0,53.39612431296118,0.7051549399194427,,
H_Remedios,H_Remedios,Hidro,Antioquia,Water,2034,4.399548734663716,6115.372741182566,0.0,0.75,208102.50680734438,32835.0,56.15414090131922,0.6696421209533812,,
H_Remedios,H_Remedios,Hidro,Antioquia,Water,2035,4.632867957342572,6439.686460706174,0.0,0.75,208102.50680734438,32835.0,53.396124289703884,0.7051549402347902,,
H_RioBobo,H_RioBobo,Hidro,Surocciden,Water,2023,24.328798929818166,33817.03051244725,0.0,4.0,1109880.0363058366,175120.0,54.20806307054882,0.6943150379514316,,
H_RioBobo,H_RioBobo,Hidro,Surocciden,Water,2024,24.328798929818166,33817.03051244725,0.0,4.0,1109880.0363058366,175120.0,54.20806307054882,0.6943150379514316,,
H_RioBobo,H_RioBobo,Hidro,Surocciden,Water,2025,24.328798929818163,33817.03051244725,0.0,4.0,1109880.0363058366,175120.0,54.20806307054883,0.6943150379514315,,
H_RioBobo,H_RioBobo,Hidro,Surocciden,Water,2026,24.328798929818163,33817.03051244725,0.0,4.0,1109880.0363058366,175120.0,54.20806307054883,0.6943150379514315,,
H_RioBobo,H_RioBobo,Hidro,Surocciden,Water,2027,24.328798929818166,33817.03051244725,0.0,4.0,1109880.0363058366,175120.0,54.20806307054882,0.6943150379514316,,
H_RioBobo,H_RioBobo,Hidro,Surocciden,Water,2028,24.328798928525043,33817.030510649805,0.0,4.0,1109880.0363058366,175120.0,54.2080630733562,0.6943150379145274,,
H_RioBobo,H_RioBobo,Hidro,Surocciden,Water,2029,24.32879892981817,33817.03051244725,0.0,4.0,1109880.0363058366,175120.0,54.20806307054881,0.6943150379514317,,
H_RioBobo,H_RioBobo,Hidro,Surocciden,Water,2030,24.32879892074787,33817.03049983954,0.0,4.0,1109880.0363058366,175120.0,54.20806309024052,0.6943150376925761,,
H_RioBobo,H_RioBobo,Hidro,Surocciden,Water,2031,24.32879892981817,33817.03051244725,0.0,4.0,1109880.0363058366,175120.0,54.20806307054881,0.6943150379514317,,
H_RioBobo,H_RioBobo,Hidro,Surocciden,Water,2032,24.328798929818163,33817.03051244725,0.0,4.0,1109880.0363058366,175120.0,54.20806307054883,0.6943150379514315,,
H_RioBobo,H_RioBobo,Hidro,Surocciden,Water,2033,24.328798929818166,33817.03051244725,0.0,4.0,1109880.0363058366,175120.0,54.20806307054882,0.6943150379514316,,
H_RioBobo,H_RioBobo,Hidro,Surocciden,Water,2034,24.328798929818163,33817.03051244725,0.0,4.0,1109880.0363058366,175120.0,54.20806307054883,0.6943150379514315,,
H_RioBobo,H_RioBobo,Hidro,Surocciden,Water,2035,24.328798929818163,33817.03051244725,0.0,4.0,1109880.0363058366,175120.0,54.20806307054883,0.6943150379514315,,
H_RioCali,H_RioCali,Hidro,Surocciden,Water,2023,9.408797827805026,13078.228980648986,0.0,1.8,499446.0163376265,78804.0,62.84843782813284,0.5967020438739868,,
H_RioCali,H_RioCali,Hidro,Surocciden,Water,2024,9.40879782855485,13078.228981691238,0.0,1.8,499446.0163376265,78804.0,62.84843782323499,0.5967020439215402,,
H_RioCali,H_RioCali,Hidro,Surocciden,Water,2025,9.408797828274693,13078.228981301821,0.0,1.8,499446.0163376265,78804.0,62.848437825064956,0.5967020439037729,,
H_RioCali,H_RioCali,Hidro,Surocciden,Water,2026,9.408797828274697,13078.228981301829,0.0,1.8,499446.0163376265,78804.0,62.848437825064934,0.5967020439037731,,
H_RioCali,H_RioCali,Hidro,Surocciden,Water,2027,9.408797828274697,13078.228981301827,0.0,1.8,499446.0163376265,78804.0,62.848437825064934,0.5967020439037731,,
H_RioCali,H_RioCali,Hidro,Surocciden,Water,2028,9.408797828274697,13078.228981301827,0.0,1.8,499446.0163376265,78804.0,62.848437825064934,0.5967020439037731,,
H_RioCali,H_RioCali,Hidro,Surocciden,Water,2029,9.408797828274688,13078.228981301816,0.0,1.8,499446.0163376265,78804.0,62.84843782506499,0.5967020439037726,,
H_RioCali,H_RioCali,Hidro,Surocciden,Water,2030,9.408797828274693,13078.228981301821,0.0,1.8,499446.0163376265,78804.0,62.848437825064956,0.5967020439037729,,
H_RioCali,H_RioCali,Hidro,Surocciden,Water,2031,9.408797828274695,13078.228981301825,0.0,1.8,499446.0163376265,78804.0,62.84843782506494,0.596702043903773,,
H_RioCali,H_RioCali,Hidro,Surocciden,Water,2032,9.408797828274695,13078.228981301825,0.0,1.8,499446.0163376265,78804.0,62.84843782506494,0.596702043903773,,
H_RioCali,H_RioCali,Hidro,Surocciden,Water,2033,9.408797828274691,13078.228981301821,0.0,1.8,499446.0163376265,78804.0,62.84843782506497,0.5967020439037728,,
H_RioCali,H_RioCali,Hidro,Surocciden,Water,2034,9.408797828274697,13078.228981301825,0.0,1.8,499446.0163376265,78804.0,62.848437825064934,0.5967020439037731,,
H_RioCali,H_RioCali,Hidro,Surocciden,Water,2035,9.408797828274693,13078.228981301821,0.0,1.8,499446.0163376265,78804.0,62.848437825064956,0.5967020439037729,,
H_RioFrioI,H_RioFrioI,Hidro,Surocciden,Water,2023,7.751756346618758,10774.941321800072,0.0,1.67,463374.9151576868,73112.59999999999,70.59851109977129,0.5298824506205915,,
H_RioFrioI,H_RioFrioI,Hidro,Surocciden,Water,2024,7.751756346618759,10774.941321800074,0.0,1.67,463374.9151576868,73112.59999999999,70.59851109977129,0.5298824506205915,,
H_RioFrioI,H_RioFrioI,Hidro,Surocciden,Water,2025,7.751756346618757,10774.941321800072,0.0,1.67,463374.9151576868,73112.59999999999,70.59851109977129,0.5298824506205915,,
H_RioFrioI,H_RioFrioI,Hidro,Surocciden,Water,2026,7.751756346618755,10774.941321800068,0.0,1.67,463374.9151576868,73112.59999999999,70.5985110997713,0.5298824506205914,,
H_RioFrioI,H_RioFrioI,Hidro,Surocciden,Water,2027,7.751756346618757,10774.941321800072,0.0,1.67,463374.9151576868,73112.59999999999,70.59851109977129,0.5298824506205915,,
H_RioFrioI,H_RioFrioI,Hidro,Surocciden,Water,2028,7.75175633825992,10774.94131018129,0.0,1.67,463374.9151576868,73112.59999999999,70.59851117439987,0.5298824500492111,,
H_RioFrioI,H_RioFrioI,Hidro,Surocciden,Water,2029,7.75175634661876,10774.941321800075,0.0,1.67,463374.9151576868,73112.59999999999,70.59851109977127,0.5298824506205916,,
H_RioFrioI,H_RioFrioI,Hidro,Surocciden,Water,2030,7.751756346618757,10774.94132180007,0.0,1.67,463374.9151576868,73112.59999999999,70.59851109977129,0.5298824506205915,,
H_RioFrioI,H_RioFrioI,Hidro,Surocciden,Water,2031,7.751756346618757,10774.941321800072,0.0,1.67,463374.9151576868,73112.59999999999,70.59851109977129,0.5298824506205915,,
H_RioFrioI,H_RioFrioI,Hidro,Surocciden,Water,2032,7.751756346618759,10774.941321800074,0.0,1.67,463374.9151576868,73112.59999999999,70.59851109977129,0.5298824506205915,,
H_RioFrioI,H_RioFrioI,Hidro,Surocciden,Water,2033,7.751756346618757,10774.941321800072,0.0,1.67,463374.9151576868,73112.59999999999,70.59851109977129,0.5298824506205915,,
H_RioFrioI,H_RioFrioI,Hidro,Surocciden,Water,2034,7.751756346618758,10774.941321800072,0.0,1.67,463374.9151576868,73112.59999999999,70.59851109977129,0.5298824506205915,,
H_RioFrioI,H_RioFrioI,Hidro,Surocciden,Water,2035,7.751756346618757,10774.941321800072,0.0,1.67,463374.9151576868,73112.59999999999,70.59851109977129,0.5298824506205915,,
H_RioFrioII,H_RioFrioII,RunOfRiver,Surocciden,Water,2023,49.08409133019082,68226.88694896523,0.0,10.0,2774700.0907645915,437800.0,66.83890622817,0.5603206772852832,,
H_RioFrioII,H_RioFrioII,RunOfRiver,Surocciden,Water,2024,49.084091332213255,68226.88695177641,0.0,10.0,2774700.0907645915,437800.0,66.83890622547328,0.5603206773083704,,
H_RioFrioII,H_RioFrioII,RunOfRiver,Surocciden,Water,2025,49.08409132971775,68226.88694830766,0.0,10.0,2774700.0907645915,437800.0,66.8389062288008,0.560320677279883,,
H_RioFrioII,H_RioFrioII,RunOfRiver,Surocciden,Water,2026,49.084091330008086,68226.88694871122,0.0,10.0,2774700.0907645915,437800.0,66.83890622841366,0.5603206772831972,,
H_RioFrioII,H_RioFrioII,RunOfRiver,Surocciden,Water,2027,49.08409133019083,68226.88694896523,0.0,10.0,2774700.0907645915,437800.0,66.83890622816999,0.5603206772852833,,
H_RioFrioII,H_RioFrioII,RunOfRiver,Surocciden,Water,2028,49.08409132998551,68226.88694867985,0.0,10.0,2774700.0907645915,437800.0,66.83890622844378,0.5603206772829395,,
H_RioFrioII,H_RioFrioII,RunOfRiver,Surocciden,Water,2029,49.08409132911624,68226.88694747158,0.0,10.0,2774700.0907645915,437800.0,66.83890622960286,0.5603206772730164,,
H_RioFrioII,H_RioFrioII,RunOfRiver,Surocciden,Water,2030,49.084091328600735,68226.88694675502,0.0,10.0,2774700.0907645915,437800.0,66.83890623029023,0.5603206772671315,,
H_RioFrioII,H_RioFrioII,RunOfRiver,Surocciden,Water,2031,49.08409133019082,68226.88694896524,0.0,10.0,2774700.0907645915,437800.0,66.83890622817,0.5603206772852832,,
H_RioFrioII,H_RioFrioII,RunOfRiver,Surocciden,Water,2032,49.084091330190816,68226.88694896523,0.0,10.0,2774700.0907645915,437800.0,66.83890622817002,0.5603206772852831,,
H_RioFrioII,H_RioFrioII,RunOfRiver,Surocciden,Water,2033,49.084091330190816,68226.88694896521,0.0,10.0,2774700.0907645915,437800.0,66.83890622817002,0.5603206772852831,,
H_RioFrioII,H_RioFrioII,RunOfRiver,Surocciden,Water,2034,49.08409133019082,68226.88694896523,0.0,10.0,2774700.0907645915,437800.0,66.83890622817,0.5603206772852832,,
H_RioFrioII,H_RioFrioII,RunOfRiver,Surocciden,Water,2035,49.08409133019082,68226.88694896523,0.0,10.0,2774700.0907645915,437800.0,66.83890622817,0.5603206772852832,,
H_RioFrioTam,H_RioFrioTam,Hidro,Antioquia,Water,2023,5.664426528298812,7873.552874335347,0.0,1.0,277470.00907645916,43780.0,58.10359800882431,0.6466240329108233,,
H_RioFrioTam,H_RioFrioTam,Hidro,Antioquia,Water,2024,5.6644265297675815,7873.552876376936,0.0,1.0,277470.00907645916,43780.0,58.10359799411865,0.6466240330784908,,
H_RioFrioTam,H_RioFrioTam,Hidro,Antioquia,Water,2025,5.664426527531328,7873.552873268543,0.0,1.0,277470.00907645916,43780.0,58.10359801650856,0.6466240328232108,,
H_RioFrioTam,H_RioFrioTam,Hidro,Antioquia,Water,2026,5.664426525426329,7873.552870342597,0.0,1.0,277470.00907645916,43780.0,58.10359803758431,0.6466240325829141,,
H_RioFrioTam,H_RioFrioTam,Hidro,Antioquia,Water,2027,5.664426500338742,7873.552835470851,0.0,1.0,277470.00907645916,43780.0,58.10359828876725,0.6466240297190343,,
H_RioFrioTam,H_RioFrioTam,Hidro,Antioquia,Water,2028,5.628684303976076,7823.871182526745,0.0,1.0,277470.00907645916,43780.0,58.46373015209428,0.6425438703169035,,
H_RioFrioTam,H_RioFrioTam,Hidro,Antioquia,Water,2029,5.664426525552106,7873.552870517424,0.0,1.0,277470.00907645916,43780.0,58.103598036325,0.6466240325972722,,
H_RioFrioTam,H_RioFrioTam,Hidro,Antioquia,Water,2030,5.664426523497562,7873.552867661611,0.0,1.0,277470.00907645916,43780.0,58.103598056895585,0.6466240323627354,,
H_RioFrioTam,H_RioFrioTam,Hidro,Antioquia,Water,2031,5.664426522362686,7873.552866084133,0.0,1.0,277470.00907645916,43780.0,58.103598068258236,0.6466240322331832,,
H_RioFrioTam,H_RioFrioTam,Hidro,Antioquia,Water,2032,5.66442650151358,7873.552837103875,0.0,1.0,277470.00907645916,43780.0,58.1035982770045,0.6466240298531483,,
H_RioFrioTam,H_RioFrioTam,Hidro,Antioquia,Water,2033,5.664426517130504,7873.5528588114,0.0,1.0,277470.00907645916,43780.0,58.1035981206441,0.6466240316359022,,
H_RioFrioTam,H_RioFrioTam,Hidro,Antioquia,Water,2034,5.198123569165728,7225.39176114036,0.0,1.0,277470.00907645916,43780.0,63.19114897268942,0.5933931015029368,,
H_RioFrioTam,H_RioFrioTam,Hidro,Antioquia,Water,2035,5.664426497287271,7873.552831229305,0.0,1.0,277470.00907645916,43780.0,58.10359831931931,0.6466240293706929,,
H_RioGrande,H_RioGrande,Hidro,Surocciden,Water,2023,2.7156000028177116,3774.6840039166173,0.0,0.31,86015.70281370234,13571.8,38.062375427297894,1.0000000010376018,,
H_RioGrande,H_RioGrande,Hidro,Surocciden,Water,2024,2.715600001686119,3774.684002343703,0.0,0.31,86015.70281370234,13571.8,38.0623754425793,1.0000000006209009,,
H_RioGrande,H_RioGrande,Hidro,Surocciden,Water,2025,2.715599999169899,3774.683998846157,0.0,0.31,86015.70281370234,13571.8,38.06237547655918,0.9999999996943212,,
H_RioGrande,H_RioGrande,Hidro,Surocciden,Water,2026,2.715599988998184,3774.6839847074734,0.0,0.31,86015.70281370234,13571.8,38.062375613921446,0.9999999959486608,,
H_RioGrande,H_RioGrande,Hidro,Surocciden,Water,2027,2.7155999958923376,3774.683994290348,0.0,0.31,86015.70281370234,13571.8,38.062375520820474,0.9999999984873829,,
H_RioGrande,H_RioGrande,Hidro,Surocciden,Water,2028,2.7155999781551845,3774.6839696357038,0.0,0.31,86015.70281370234,13571.8,38.06237576034896,0.9999999919558049,,
H_RioGrande,H_RioGrande,Hidro,Surocciden,Water,2029,2.715599968225849,3774.683955833928,0.0,0.31,86015.70281370234,13571.8,38.06237589443805,0.9999999882993991,,
H_RioGrande,H_RioGrande,Hidro,Surocciden,Water,2030,2.7155999697131517,3774.683957901279,0.0,0.31,86015.70281370234,13571.8,38.06237587435301,0.9999999888470875,,
H_RioGrande,H_RioGrande,Hidro,Surocciden,Water,2031,2.715599947072297,3774.6839264304913,0.0,0.31,86015.70281370234,13571.8,38.062376180102724,0.9999999805097572,,
H_RioGrande,H_RioGrande,Hidro,Surocciden,Water,2032,2.7155999847038323,3774.683978738325,0.0,0.31,86015.70281370234,13571.8,38.06237567191381,0.9999999943672971,,
H_RioGrande,H_RioGrande,Hidro,Surocciden,Water,2033,2.715599764293424,3774.683672367857,0.0,0.31,86015.70281370234,13571.8,38.062378648410345,0.9999999132027633,,
H_RioGrande,H_RioGrande,Hidro,Surocciden,Water,2034,2.7155999763689374,3774.6839671528205,0.0,0.31,86015.70281370234,13571.8,38.06237578447104,0.9999999912980324,,
H_RioGrande,H_RioGrande,Hidro,Surocciden,Water,2035,2.715599988509796,3774.6839840286143,0.0,0.31,86015.70281370234,13571.8,38.062375620516804,0.9999999957688154,,
H_RioMayo,H_RioMayo,RunOfRiver,Surocciden,Water,2023,117.96315299771499,163968.7826668238,0.0,19.8,5493906.179713892,866844.0,55.31150021487729,0.6801067351466431,,
H_RioMayo,H_RioMayo,RunOfRiver,Surocciden,Water,2024,117.96315300208025,163968.7826728915,0.0,19.8,5493906.179713892,866844.0,55.31150021288191,0.6801067351718106,,
H_RioMayo,H_RioMayo,RunOfRiver,Surocciden,Water,2025,117.9631530052823,163968.78267734236,0.0,19.8,5493906.179713892,866844.0,55.31150021141824,0.6801067351902718,,
H_RioMayo,H_RioMayo,RunOfRiver,Surocciden,Water,2026,117.96315300041618,163968.78267057845,0.0,19.8,5493906.179713892,866844.0,55.31150021364257,0.6801067351622166,,
H_RioMayo,H_RioMayo,RunOfRiver,Surocciden,Water,2027,117.96315297014522,163968.78262850182,0.0,19.8,5493906.179713892,866844.0,55.311500227479556,0.6801067349876919,,
H_RioMayo,H_RioMayo,RunOfRiver,Surocciden,Water,2028,117.96315063885515,163968.77938800864,0.0,19.8,5493906.179713892,866844.0,55.31150129312301,0.6801067215468332,,
H_RioMayo,H_RioMayo,RunOfRiver,Surocciden,Water,2029,117.96315289651075,163968.7825261499,0.0,19.8,5493906.179713892,866844.0,55.31150026113822,0.6801067345631585,,
H_RioMayo,H_RioMayo,RunOfRiver,Surocciden,Water,2030,117.96315294652037,163968.7825956633,0.0,19.8,5493906.179713892,866844.0,55.31150023827859,0.6801067348514849,,
H_RioMayo,H_RioMayo,RunOfRiver,Surocciden,Water,2031,117.96315300133314,163968.78267185306,0.0,19.8,5493906.179713892,866844.0,55.31150021322342,0.6801067351675033,,
H_RioMayo,H_RioMayo,RunOfRiver,Surocciden,Water,2032,117.9631529196471,163968.78255830944,0.0,19.8,5493906.179713892,866844.0,55.31150025056249,0.6801067346965491,,
H_RioMayo,H_RioMayo,RunOfRiver,Surocciden,Water,2033,117.96315300049254,163968.7826706846,0.0,19.8,5493906.179713892,866844.0,55.31150021360766,0.6801067351626569,,
H_RioMayo,H_RioMayo,RunOfRiver,Surocciden,Water,2034,117.96315252042704,163968.78200339357,0.0,19.8,5493906.179713892,866844.0,55.31150043304781,0.6801067323948792,,
H_RioMayo,H_RioMayo,RunOfRiver,Surocciden,Water,2035,117.9631530052733,163968.78267732984,0.0,19.8,5493906.179713892,866844.0,55.311500211422356,0.6801067351902199,,
H_RioMulato2,H_RioMulato2,Hidro,Antioquia,Water,2023,40.44999187079513,56225.48870040523,0.0,7.34,2036629.8666212102,321345.2,59.6835856737135,0.6290979537717132,,
H_RioMulato2,H_RioMulato2,Hidro,Antioquia,Water,2024,40.449991870722016,56225.4887003036,0.0,7.34,2036629.8666212102,321345.2,59.68358567381887,0.6290979537705761,,
H_RioMulato2,H_RioMulato2,Hidro,Antioquia,Water,2025,40.44999186942742,56225.48869850411,0.0,7.34,2036629.8666212102,321345.2,59.68358567568453,0.6290979537504419,,
H_RioMulato2,H_RioMulato2,Hidro,Antioquia,Water,2026,40.44999186765112,56225.488696035056,0.0,7.34,2036629.8666212102,321345.2,59.68358567824441,0.6290979537228161,,
H_RioMulato2,H_RioMulato2,Hidro,Antioquia,Water,2027,40.44999186182285,56225.48868793377,0.0,7.34,2036629.8666212102,321345.2,59.68358568664369,0.629097953632172,,
H_RioMulato2,H_RioMulato2,Hidro,Antioquia,Water,2028,39.98332232684881,55576.81803431983,0.0,7.34,2036629.8666212102,321345.2,60.363965378505576,0.6218400819748049,,
H_RioMulato2,H_RioMulato2,Hidro,Antioquia,Water,2029,40.44999183594589,56225.48865196477,0.0,7.34,2036629.8666212102,321345.2,59.683585723935686,0.6290979532297208,,
H_RioMulato2,H_RioMulato2,Hidro,Antioquia,Water,2030,40.449991870423624,56225.48869988884,0.0,7.34,2036629.8666212102,321345.2,59.68358567424888,0.6290979537659354,,
H_RioMulato2,H_RioMulato2,Hidro,Antioquia,Water,2031,40.44999186687084,56225.48869495046,0.0,7.34,2036629.8666212102,321345.2,59.68358567936889,0.6290979537106808,,
H_RioMulato2,H_RioMulato2,Hidro,Antioquia,Water,2032,40.44999186697866,56225.48869510033,0.0,7.34,2036629.8666212102,321345.2,59.68358567921352,0.6290979537123575,,
H_RioMulato2,H_RioMulato2,Hidro,Antioquia,Water,2033,40.44999186958896,56225.488698728645,0.0,7.34,2036629.8666212102,321345.2,59.68358567545174,0.6290979537529543,,
H_RioMulato2,H_RioMulato2,Hidro,Antioquia,Water,2034,39.509600139390045,54918.344193752164,0.0,7.34,2036629.8666212102,321345.2,61.07106633077187,0.6144725240346577,,
H_RioMulato2,H_RioMulato2,Hidro,Antioquia,Water,2035,40.4499918716614,56225.48870160934,0.0,7.34,2036629.8666212102,321345.2,59.683585672465085,0.6290979537851858,,
H_RioNegro,H_RioNegro,Hidro,Surocciden,Water,2023,59.20623472677288,82296.6662702143,0.0,10.2,2830194.092579883,446555.99999999994,56.73467962202884,0.6626179014098494,,
H_RioNegro,H_RioNegro,Hidro,Surocciden,Water,2024,59.20623472677288,82296.6662702143,0.0,10.2,2830194.092579883,446555.99999999994,56.73467962202884,0.6626179014098494,,
H_RioNegro,H_RioNegro,Hidro,Surocciden,Water,2025,59.20623472677288,82296.66627021431,0.0,10.2,2830194.092579883,446555.99999999994,56.73467962202884,0.6626179014098494,,
H_RioNegro,H_RioNegro,Hidro,Surocciden,Water,2026,59.20623472677288,82296.6662702143,0.0,10.2,2830194.092579883,446555.99999999994,56.73467962202884,0.6626179014098494,,
H_RioNegro,H_RioNegro,Hidro,Surocciden,Water,2027,59.20623472677288,82296.6662702143,0.0,10.2,2830194.092579883,446555.99999999994,56.73467962202884,0.6626179014098494,,
H_RioNegro,H_RioNegro,Hidro,Surocciden,Water,2028,59.20623472677288,82296.6662702143,0.0,10.2,2830194.092579883,446555.99999999994,56.73467962202884,0.6626179014098494,,
H_RioNegro,H_RioNegro,Hidro,Surocciden,Water,2029,59.20623472677288,82296.6662702143,0.0,10.2,2830194.092579883,446555.99999999994,56.73467962202884,0.6626179014098494,,
H_RioNegro,H_RioNegro,Hidro,Surocciden,Water,2030,59.20623472677288,82296.6662702143,0.0,10.2,2830194.092579883,446555.99999999994,56.73467962202884,0.6626179014098494,,
H_RioNegro,H_RioNegro,Hidro,Surocciden,Water,2031,59.20623472677288,82296.6662702143,0.0,10.2,2830194.092579883,446555.99999999994,56.73467962202884,0.6626179014098494,,
H_RioNegro,H_RioNegro,Hidro,Surocciden,Water,2032,59.20623472677288,82296.6662702143,0.0,10.2,2830194.092579883,446555.99999999994,56.73467962202884,0.6626179014098494,,
H_RioNegro,H_RioNegro,Hidro,Surocciden,Water,2033,59.20623472677287,82296.6662702143,0.0,10.2,2830194.092579883,446555.99999999994,56.73467962202884,0.6626179014098494,,
H_RioNegro,H_RioNegro,Hidro,Surocciden,Water,2034,59.20623472677288,82296.6662702143,0.0,10.2,2830194.092579883,446555.99999999994,56.73467962202884,0.6626179014098494,,
H_RioNegro,H_RioNegro,Hidro,Surocciden,Water,2035,59.20623472677287,82296.6662702143,0.0,10.2,2830194.092579883,446555.99999999994,56.73467962202884,0.6626179014098494,,
H_RioPalo,H_RioPalo,Hidro,Surocciden,Water,2023,5.956067829894833,8278.934283553817,0.0,1.44,399556.8130701012,63043.2,79.05869456190685,0.4721641798178932,,
H_RioPalo,H_RioPalo,Hidro,Surocciden,Water,2024,5.956067829894833,8278.934283553815,0.0,1.44,399556.8130701012,63043.2,79.05869456190685,0.4721641798178932,,
H_RioPalo,H_RioPalo,Hidro,Surocciden,Water,2025,5.956067829894833,8278.934283553817,0.0,1.44,399556.8130701012,63043.2,79.05869456190685,0.4721641798178932,,
H_RioPalo,H_RioPalo,Hidro,Surocciden,Water,2026,5.956067829894833,8278.934283553815,0.0,1.44,399556.8130701012,63043.2,79.05869456190685,0.4721641798178932,,
H_RioPalo,H_RioPalo,Hidro,Surocciden,Water,2027,5.956067829894831,8278.934283553815,0.0,1.44,399556.8130701012,63043.2,79.05869456190688,0.47216417981789305,,
H_RioPalo,H_RioPalo,Hidro,Surocciden,Water,2028,5.956067829894834,8278.93428355382,0.0,1.44,399556.8130701012,63043.2,79.05869456190685,0.4721641798178933,,
H_RioPalo,H_RioPalo,Hidro,Surocciden,Water,2029,5.956067829894831,8278.934283553815,0.0,1.44,399556.8130701012,63043.2,79.05869456190688,0.47216417981789305,,
H_RioPalo,H_RioPalo,Hidro,Surocciden,Water,2030,5.956067829894835,8278.93428355382,0.0,1.44,399556.8130701012,63043.2,79.05869456190683,0.4721641798178934,,
H_RioPalo,H_RioPalo,Hidro,Surocciden,Water,2031,5.956067829894832,8278.934283553817,0.0,1.44,399556.8130701012,63043.2,79.05869456190686,0.47216417981789316,,
H_RioPalo,H_RioPalo,Hidro,Surocciden,Water,2032,5.956067829894832,8278.934283553815,0.0,1.44,399556.8130701012,63043.2,79.05869456190686,0.47216417981789316,,
H_RioPalo,H_RioPalo,Hidro,Surocciden,Water,2033,5.956067829894834,8278.93428355382,0.0,1.44,399556.8130701012,63043.2,79.05869456190685,0.4721641798178933,,
H_RioPalo,H_RioPalo,Hidro,Surocciden,Water,2034,5.956067829894835,8278.93428355382,0.0,1.44,399556.8130701012,63043.2,79.05869456190683,0.4721641798178934,,
H_RioPalo,H_RioPalo,Hidro,Surocciden,Water,2035,5.95606782989483,8278.934283553814,0.0,1.44,399556.8130701012,63043.2,79.05869456190689,0.472164179817893,,
H_RioPiedras,H_RioPiedras,RunOfRiver,Antioquia,Water,2023,142.7090834765024,198365.6260323383,0.0,19.9,5521653.180621536,871221.9999999999,46.18655411475016,0.8186427771075834,,
H_RioPiedras,H_RioPiedras,RunOfRiver,Antioquia,Water,2024,142.7090834776664,198365.62603395633,0.0,19.9,5521653.180621536,871221.9999999999,46.18655411438477,0.8186427771142607,,
H_RioPiedras,H_RioPiedras,RunOfRiver,Antioquia,Water,2025,142.70908347764168,198365.62603392193,0.0,19.9,5521653.180621536,871221.9999999999,46.18655411439253,0.8186427771141189,,
H_RioPiedras,H_RioPiedras,RunOfRiver,Antioquia,Water,2026,142.70908347588284,198365.62603147712,0.0,19.9,5521653.180621536,871221.9999999999,46.186554114944634,0.8186427771040292,,
H_RioPiedras,H_RioPiedras,RunOfRiver,Antioquia,Water,2027,142.70908346526727,198365.6260167215,0.0,19.9,5521653.180621536,871221.9999999999,46.186554118276874,0.8186427770431338,,
H_RioPiedras,H_RioPiedras,RunOfRiver,Antioquia,Water,2028,141.58447544770945,196802.4208723161,0.0,19.9,5521653.180621536,871221.9999999999,46.54237394782438,0.812191525250163,,
H_RioPiedras,H_RioPiedras,RunOfRiver,Antioquia,Water,2029,142.70908347213722,198365.62602627074,0.0,19.9,5521653.180621536,871221.9999999999,46.186554116120384,0.8186427770825428,,
H_RioPiedras,H_RioPiedras,RunOfRiver,Antioquia,Water,2030,142.7090834778557,198365.62603421946,0.0,19.9,5521653.180621536,871221.9999999999,46.186554114325354,0.8186427771153465,,
H_RioPiedras,H_RioPiedras,RunOfRiver,Antioquia,Water,2031,142.7090834768921,198365.62603287998,0.0,19.9,5521653.180621536,871221.9999999999,46.186554114627825,0.8186427771098189,,
H_RioPiedras,H_RioPiedras,RunOfRiver,Antioquia,Water,2032,142.70908346293203,198365.62601347547,0.0,19.9,5521653.180621536,871221.9999999999,46.186554119009905,0.8186427770297378,,
H_RioPiedras,H_RioPiedras,RunOfRiver,Antioquia,Water,2033,142.70908315321947,198365.625582975,0.0,19.9,5521653.180621536,871221.9999999999,46.18655421622907,0.8186427752530886,,
H_RioPiedras,H_RioPiedras,RunOfRiver,Antioquia,Water,2034,137.38205708016812,190961.0593414337,0.0,19.9,5521653.180621536,871221.9999999999,47.923552608627986,0.7880845843381755,,
H_RioPiedras,H_RioPiedras,RunOfRiver,Antioquia,Water,2035,142.70908344073666,198365.6259826239,0.0,19.9,5521653.180621536,871221.9999999999,46.186554125977054,0.8186427769024153,,
H_RioSapuye,H_RioSapuye,Hidro,Surocciden,Water,2023,10.198051388435552,14175.291429925417,0.0,1.65,457825.5149761576,72237.0,53.366842907189216,0.7055521923644354,,
H_RioSapuye,H_RioSapuye,Hidro,Surocciden,Water,2024,10.198051388435555,14175.291429925419,0.0,1.65,457825.5149761576,72237.0,53.36684290718921,0.7055521923644358,,
H_RioSapuye,H_RioSapuye,Hidro,Surocciden,Water,2025,10.198051388435555,14175.291429925419,0.0,1.65,457825.5149761576,72237.0,53.36684290718921,0.7055521923644358,,
H_RioSapuye,H_RioSapuye,Hidro,Surocciden,Water,2026,10.198051388435553,14175.291429925419,0.0,1.65,457825.5149761576,72237.0,53.366842907189216,0.7055521923644356,,
H_RioSapuye,H_RioSapuye,Hidro,Surocciden,Water,2027,10.198051388435552,14175.291429925417,0.0,1.65,457825.5149761576,72237.0,53.366842907189216,0.7055521923644354,,
H_RioSapuye,H_RioSapuye,Hidro,Surocciden,Water,2028,10.198051388435555,14175.291429925419,0.0,1.65,457825.5149761576,72237.0,53.36684290718921,0.7055521923644358,,
H_RioSapuye,H_RioSapuye,Hidro,Surocciden,Water,2029,10.198051388435553,14175.291429925415,0.0,1.65,457825.5149761576,72237.0,53.3668429071892,0.7055521923644356,,
H_RioSapuye,H_RioSapuye,Hidro,Surocciden,Water,2030,10.198051388435555,14175.291429925419,0.0,1.65,457825.5149761576,72237.0,53.36684290718921,0.7055521923644358,,
H_RioSapuye,H_RioSapuye,Hidro,Surocciden,Water,2031,10.198051388435553,14175.29142992542,0.0,1.65,457825.5149761576,72237.0,53.366842907189216,0.7055521923644356,,
H_RioSapuye,H_RioSapuye,Hidro,Surocciden,Water,2032,10.198051388435552,14175.291429925417,0.0,1.65,457825.5149761576,72237.0,53.366842907189216,0.7055521923644354,,
H_RioSapuye,H_RioSapuye,Hidro,Surocciden,Water,2033,10.198051388435553,14175.291429925419,0.0,1.65,457825.5149761576,72237.0,53.366842907189216,0.7055521923644356,,
H_RioSapuye,H_RioSapuye,Hidro,Surocciden,Water,2034,10.198051388435553,14175.291429925419,0.0,1.65,457825.5149761576,72237.0,53.366842907189216,0.7055521923644356,,
H_RioSapuye,H_RioSapuye,Hidro,Surocciden,Water,2035,10.198051388435555,14175.291429925419,0.0,1.65,457825.5149761576,72237.0,53.36684290718921,0.7055521923644358,,
H_Rio_Recio,H_Rio_Recio,Hidro,Surocciden,Water,2023,4.3591341913059285,6059.19652591524,0.0,0.9840000000000002,273030.48893123586,43079.52000000001,73.90669599015814,0.5057094089108297,,
H_Rio_Recio,H_Rio_Recio,Hidro,Surocciden,Water,2024,4.35913419130593,6059.196525915241,0.0,0.9840000000000002,273030.48893123586,43079.52000000001,73.90669599015811,0.5057094089108299,,
H_Rio_Recio,H_Rio_Recio,Hidro,Surocciden,Water,2025,4.359134191305929,6059.196525915241,0.0,0.9840000000000002,273030.48893123586,43079.52000000001,73.90669599015813,0.5057094089108298,,
H_Rio_Recio,H_Rio_Recio,Hidro,Surocciden,Water,2026,4.3591341913059285,6059.19652591524,0.0,0.9840000000000002,273030.48893123586,43079.52000000001,73.90669599015814,0.5057094089108297,,
H_Rio_Recio,H_Rio_Recio,Hidro,Surocciden,Water,2027,4.359134191305929,6059.196525915241,0.0,0.9840000000000002,273030.48893123586,43079.52000000001,73.90669599015813,0.5057094089108298,,
H_Rio_Recio,H_Rio_Recio,Hidro,Surocciden,Water,2028,4.35913419130593,6059.196525915242,0.0,0.9840000000000002,273030.48893123586,43079.52000000001,73.90669599015811,0.5057094089108299,,
H_Rio_Recio,H_Rio_Recio,Hidro,Surocciden,Water,2029,4.35913419130593,6059.196525915243,0.0,0.9840000000000002,273030.48893123586,43079.52000000001,73.90669599015811,0.5057094089108299,,
H_Rio_Recio,H_Rio_Recio,Hidro,Surocciden,Water,2030,4.35913419130593,6059.196525915242,0.0,0.9840000000000002,273030.48893123586,43079.52000000001,73.90669599015811,0.5057094089108299,,
H_Rio_Recio,H_Rio_Recio,Hidro,Surocciden,Water,2031,4.35913419130593,6059.196525915242,0.0,0.9840000000000002,273030.48893123586,43079.52000000001,73.90669599015811,0.5057094089108299,,
H_Rio_Recio,H_Rio_Recio,Hidro,Surocciden,Water,2032,4.359134191305929,6059.19652591524,0.0,0.9840000000000002,273030.48893123586,43079.52000000001,73.90669599015813,0.5057094089108298,,
H_Rio_Recio,H_Rio_Recio,Hidro,Surocciden,Water,2033,4.35913419130593,6059.196525915242,0.0,0.9840000000000002,273030.48893123586,43079.52000000001,73.90669599015811,0.5057094089108299,,
H_Rio_Recio,H_Rio_Recio,Hidro,Surocciden,Water,2034,4.35913419130593,6059.19652591524,0.0,0.9840000000000002,273030.48893123586,43079.52000000001,73.90669599015811,0.5057094089108299,,
H_Rio_Recio,H_Rio_Recio,Hidro,Surocciden,Water,2035,4.35913419130593,6059.196525915242,0.0,0.9840000000000002,273030.48893123586,43079.52000000001,73.90669599015811,0.5057094089108299,,
H_Rumor,H_Rumor,Hidro,Surocciden,Water,2023,12.631378257754658,17557.615778278974,0.0,2.5,693675.0226911479,109450.0,64.97174114515913,0.5767752629111715,,
H_Rumor,H_Rumor,Hidro,Surocciden,Water,2024,12.631378257754655,17557.615778278974,0.0,2.5,693675.0226911479,109450.0,64.97174114515916,0.5767752629111713,,
H_Rumor,H_Rumor,Hidro,Surocciden,Water,2025,12.631378257754655,17557.61577827897,0.0,2.5,693675.0226911479,109450.0,64.97174114515916,0.5767752629111713,,
H_Rumor,H_Rumor,Hidro,Surocciden,Water,2026,12.631378257754653,17557.61577827897,0.0,2.5,693675.0226911479,109450.0,64.97174114515916,0.5767752629111713,,
H_Rumor,H_Rumor,Hidro,Surocciden,Water,2027,12.631378257754655,17557.61577827897,0.0,2.5,693675.0226911479,109450.0,64.97174114515916,0.5767752629111713,,
H_Rumor,H_Rumor,Hidro,Surocciden,Water,2028,12.631378257754655,17557.61577827897,0.0,2.5,693675.0226911479,109450.0,64.97174114515916,0.5767752629111713,,
H_Rumor,H_Rumor,Hidro,Surocciden,Water,2029,12.631378257754657,17557.61577827897,0.0,2.5,693675.0226911479,109450.0,64.97174114515914,0.5767752629111714,,
H_Rumor,H_Rumor,Hidro,Surocciden,Water,2030,12.631378257754655,17557.615778278967,0.0,2.5,693675.0226911479,109450.0,64.97174114515916,0.5767752629111713,,
H_Rumor,H_Rumor,Hidro,Surocciden,Water,2031,12.631378257754655,17557.61577827897,0.0,2.5,693675.0226911479,109450.0,64.97174114515916,0.5767752629111713,,
H_Rumor,H_Rumor,Hidro,Surocciden,Water,2032,12.631378257754655,17557.615778278967,0.0,2.5,693675.0226911479,109450.0,64.97174114515916,0.5767752629111713,,
H_Rumor,H_Rumor,Hidro,Surocciden,Water,2033,12.631378257754657,17557.61577827897,0.0,2.5,693675.0226911479,109450.0,64.97174114515914,0.5767752629111714,,
H_Rumor,H_Rumor,Hidro,Surocciden,Water,2034,12.631378257754657,17557.61577827897,0.0,2.5,693675.0226911479,109450.0,64.97174114515914,0.5767752629111714,,
H_Rumor,H_Rumor,Hidro,Surocciden,Water,2035,12.631378257754653,17557.615778278967,0.0,2.5,693675.0226911479,109450.0,64.97174114515916,0.5767752629111713,,
H_SBartolome,H_SBartolome,Hidro,Nordeste,Water,2023,97.63354471701638,135710.62715665274,0.0,19.9,5521653.180621536,871221.9999999999,66.86826568369317,0.5600694380407538,,
H_SBartolome,H_SBartolome,Hidro,Nordeste,Water,2024,97.63354471762527,135710.6271574991,0.0,19.9,5521653.180621536,871221.9999999999,66.86826568328482,0.5600694380442466,,
H_SBartolome,H_SBartolome,Hidro,Nordeste,Water,2025,97.6335447162142,135710.62715553772,0.0,19.9,5521653.180621536,871221.9999999999,66.86826568423115,0.5600694380361523,,
H_SBartolome,H_SBartolome,Hidro,Nordeste,Water,2026,97.63354469751846,135710.62712955062,0.0,19.9,5521653.180621536,871221.9999999999,66.86826569676953,0.5600694379289051,,
H_SBartolome,H_SBartolome,Hidro,Nordeste,Water,2027,97.6335447132357,135710.6271513976,0.0,19.9,5521653.180621536,871221.9999999999,66.86826568622871,0.5600694380190661,,
H_SBartolome,H_SBartolome,Hidro,Nordeste,Water,2028,97.63354471145976,135710.62714892905,0.0,19.9,5521653.180621536,871221.9999999999,66.86826568741974,0.5600694380088785,,
H_SBartolome,H_SBartolome,Hidro,Nordeste,Water,2029,97.63354470800374,135710.62714412517,0.0,19.9,5521653.180621536,871221.9999999999,66.86826568973753,0.5600694379890533,,
H_SBartolome,H_SBartolome,Hidro,Nordeste,Water,2030,97.6335447135605,135710.6271518491,0.0,19.9,5521653.180621536,871221.9999999999,66.86826568601087,0.5600694380209293,,
H_SBartolome,H_SBartolome,Hidro,Nordeste,Water,2031,97.63354471752592,135710.627157361,0.0,19.9,5521653.180621536,871221.9999999999,66.86826568335145,0.5600694380436767,,
H_SBartolome,H_SBartolome,Hidro,Nordeste,Water,2032,97.6335447177004,135710.62715760354,0.0,19.9,5521653.180621536,871221.9999999999,66.86826568323443,0.5600694380446777,,
H_SBartolome,H_SBartolome,Hidro,Nordeste,Water,2033,97.63354471521365,135710.62715414693,0.0,19.9,5521653.180621536,871221.9999999999,66.86826568490218,0.5600694380304125,,
H_SBartolome,H_SBartolome,Hidro,Nordeste,Water,2034,97.63354423168502,135710.62648204216,0.0,19.9,5521653.180621536,871221.9999999999,66.86826600918229,0.5600694352566773,,
H_SBartolome,H_SBartolome,Hidro,Nordeste,Water,2035,97.63354471289126,135710.62715091882,0.0,19.9,5521653.180621536,871221.9999999999,66.8682656864597,0.5600694380170903,,
H_SFrancisPu,H_SFrancisPu,Hidro,Surocciden,Water,2023,2.4227507294362916,3367.6235139164455,0.0,0.468,129855.96424778289,20489.04,63.445498496440074,0.5909609358379901,,
H_SFrancisPu,H_SFrancisPu,Hidro,Surocciden,Water,2024,2.4227507294362884,3367.623513916441,0.0,0.468,129855.96424778289,20489.04,63.44549849644016,0.5909609358379893,,
H_SFrancisPu,H_SFrancisPu,Hidro,Surocciden,Water,2025,2.4227507294362898,3367.623513916443,0.0,0.468,129855.96424778289,20489.04,63.44549849644012,0.5909609358379896,,
H_SFrancisPu,H_SFrancisPu,Hidro,Surocciden,Water,2026,2.4227507294362893,3367.6235139164414,0.0,0.468,129855.96424778289,20489.04,63.44549849644014,0.5909609358379895,,
H_SFrancisPu,H_SFrancisPu,Hidro,Surocciden,Water,2027,2.4227507294362898,3367.6235139164423,0.0,0.468,129855.96424778289,20489.04,63.44549849644012,0.5909609358379896,,
H_SFrancisPu,H_SFrancisPu,Hidro,Surocciden,Water,2028,2.422750729436289,3367.6235139164414,0.0,0.468,129855.96424778289,20489.04,63.445498496440145,0.5909609358379894,,
H_SFrancisPu,H_SFrancisPu,Hidro,Surocciden,Water,2029,2.4227507294362893,3367.623513916443,0.0,0.468,129855.96424778289,20489.04,63.44549849644014,0.5909609358379895,,
H_SFrancisPu,H_SFrancisPu,Hidro,Surocciden,Water,2030,2.4227507294362884,3367.6235139164405,0.0,0.468,129855.96424778289,20489.04,63.44549849644016,0.5909609358379893,,
H_SFrancisPu,H_SFrancisPu,Hidro,Surocciden,Water,2031,2.422750729436288,3367.62351391644,0.0,0.468,129855.96424778289,20489.04,63.44549849644017,0.5909609358379891,,
H_SFrancisPu,H_SFrancisPu,Hidro,Surocciden,Water,2032,2.422750729436286,3367.623513916438,0.0,0.468,129855.96424778289,20489.04,63.44549849644022,0.5909609358379887,,
H_SFrancisPu,H_SFrancisPu,Hidro,Surocciden,Water,2033,2.4227507294362898,3367.623513916442,0.0,0.468,129855.96424778289,20489.04,63.44549849644012,0.5909609358379896,,
H_SFrancisPu,H_SFrancisPu,Hidro,Surocciden,Water,2034,2.4227507294362893,3367.623513916442,0.0,0.468,129855.96424778289,20489.04,63.44549849644014,0.5909609358379895,,
H_SFrancisPu,H_SFrancisPu,Hidro,Surocciden,Water,2035,2.42275072943629,3367.6235139164432,0.0,0.468,129855.96424778289,20489.04,63.44549849644011,0.5909609358379897,,
H_Sajandi,H_Sajandi,Hidro,Surocciden,Water,2023,20.754009897003677,28848.073756835103,0.0,3.2,887904.0290446694,140096.0,50.92259799654837,0.7403685037458502,,
H_Sajandi,H_Sajandi,Hidro,Surocciden,Water,2024,20.754009897003673,28848.073756835103,0.0,3.2,887904.0290446694,140096.0,50.92259799654839,0.74036850374585,,
H_Sajandi,H_Sajandi,Hidro,Surocciden,Water,2025,20.75400989700367,28848.0737568351,0.0,3.2,887904.0290446694,140096.0,50.92259799654839,0.74036850374585,,
H_Sajandi,H_Sajandi,Hidro,Surocciden,Water,2026,20.754009897003673,28848.073756835103,0.0,3.2,887904.0290446694,140096.0,50.92259799654839,0.74036850374585,,
H_Sajandi,H_Sajandi,Hidro,Surocciden,Water,2027,20.754009897003673,28848.073756835103,0.0,3.2,887904.0290446694,140096.0,50.92259799654839,0.74036850374585,,
H_Sajandi,H_Sajandi,Hidro,Surocciden,Water,2028,20.75400989700367,28848.0737568351,0.0,3.2,887904.0290446694,140096.0,50.92259799654839,0.74036850374585,,
H_Sajandi,H_Sajandi,Hidro,Surocciden,Water,2029,20.75400989700367,28848.073756835096,0.0,3.2,887904.0290446694,140096.0,50.92259799654839,0.74036850374585,,
H_Sajandi,H_Sajandi,Hidro,Surocciden,Water,2030,20.754009897003673,28848.073756835107,0.0,3.2,887904.0290446694,140096.0,50.92259799654839,0.74036850374585,,
H_Sajandi,H_Sajandi,Hidro,Surocciden,Water,2031,20.754009897003673,28848.073756835103,0.0,3.2,887904.0290446694,140096.0,50.92259799654839,0.74036850374585,,
H_Sajandi,H_Sajandi,Hidro,Surocciden,Water,2032,20.754009897003673,28848.073756835103,0.0,3.2,887904.0290446694,140096.0,50.92259799654839,0.74036850374585,,
H_Sajandi,H_Sajandi,Hidro,Surocciden,Water,2033,20.754009897003673,28848.073756835103,0.0,3.2,887904.0290446694,140096.0,50.92259799654839,0.74036850374585,,
H_Sajandi,H_Sajandi,Hidro,Surocciden,Water,2034,20.754009897003677,28848.073756835103,0.0,3.2,887904.0290446694,140096.0,50.92259799654837,0.7403685037458502,,
H_Sajandi,H_Sajandi,Hidro,Surocciden,Water,2035,20.754009897003673,28848.073756835103,0.0,3.2,887904.0290446694,140096.0,50.92259799654839,0.74036850374585,,
H_SanAndres2,H_SanAndres2,Hidro,Antioquia,Water,2023,137.16337677946692,190657.093723459,0.0,19.9,5521653.180621536,871221.9999999999,47.99774129890434,0.7868301368685144,,
H_SanAndres2,H_SanAndres2,Hidro,Antioquia,Water,2024,137.16337677920836,190657.09372309962,0.0,19.9,5521653.180621536,871221.9999999999,47.997741298992196,0.7868301368670312,,
H_SanAndres2,H_SanAndres2,Hidro,Antioquia,Water,2025,137.1633767813829,190657.09372612223,0.0,19.9,5521653.180621536,871221.9999999999,47.99774129825328,0.7868301368795053,,
H_SanAndres2,H_SanAndres2,Hidro,Antioquia,Water,2026,137.16337676801948,190657.09370754706,0.0,19.9,5521653.180621536,871221.9999999999,47.99774130279414,0.7868301368028469,,
H_SanAndres2,H_SanAndres2,Hidro,Antioquia,Water,2027,137.16337677063268,190657.0937111794,0.0,19.9,5521653.180621536,871221.9999999999,47.99774130190619,0.7868301368178373,,
H_SanAndres2,H_SanAndres2,Hidro,Antioquia,Water,2028,136.5057061288732,189742.9315191337,0.0,19.9,5521653.180621536,871221.9999999999,48.22229267050646,0.7830574454973106,,
H_SanAndres2,H_SanAndres2,Hidro,Antioquia,Water,2029,137.16337677934712,190657.0937232925,0.0,19.9,5521653.180621536,871221.9999999999,47.99774129894505,0.7868301368678271,,
H_SanAndres2,H_SanAndres2,Hidro,Antioquia,Water,2030,137.16337677832766,190657.09372187546,0.0,19.9,5521653.180621536,871221.9999999999,47.997741299291455,0.7868301368619791,,
H_SanAndres2,H_SanAndres2,Hidro,Antioquia,Water,2031,137.1633767616274,190657.0936986621,0.0,19.9,5521653.180621536,871221.9999999999,47.99774130496615,0.7868301367661791,,
H_SanAndres2,H_SanAndres2,Hidro,Antioquia,Water,2032,137.16337676412715,190657.0937021367,0.0,19.9,5521653.180621536,871221.9999999999,47.99774130411675,0.7868301367805186,,
H_SanAndres2,H_SanAndres2,Hidro,Antioquia,Water,2033,137.16337677983137,190657.09372396558,0.0,19.9,5521653.180621536,871221.9999999999,47.997741298780504,0.786830136870605,,
H_SanAndres2,H_SanAndres2,Hidro,Antioquia,Water,2034,132.02684899857965,183517.32010802568,0.0,19.9,5521653.180621536,871221.9999999999,49.81102367140725,0.7573647288874719,,
H_SanAndres2,H_SanAndres2,Hidro,Antioquia,Water,2035,137.1633767819227,190657.0937268725,0.0,19.9,5521653.180621536,871221.9999999999,47.99774129806987,0.7868301368826018,,
H_SanCancio,H_SanCancio,Hidro,Surocciden,Water,2023,9.75427174764919,13558.43772923237,0.0,2.0,554940.0181529183,87560.0,67.25857889291048,0.5567506705279216,,
H_SanCancio,H_SanCancio,Hidro,Surocciden,Water,2024,9.754271747649192,13558.437729232375,0.0,2.0,554940.0181529183,87560.0,67.25857889291046,0.5567506705279217,,
H_SanCancio,H_SanCancio,Hidro,Surocciden,Water,2025,9.754271747649192,13558.437729232373,0.0,2.0,554940.0181529183,87560.0,67.25857889291046,0.5567506705279217,,
H_SanCancio,H_SanCancio,Hidro,Surocciden,Water,2026,9.754271747649192,13558.437729232375,0.0,2.0,554940.0181529183,87560.0,67.25857889291046,0.5567506705279217,,
H_SanCancio,H_SanCancio,Hidro,Surocciden,Water,2027,9.75427174764919,13558.437729232373,0.0,2.0,554940.0181529183,87560.0,67.25857889291048,0.5567506705279216,,
H_SanCancio,H_SanCancio,Hidro,Surocciden,Water,2028,9.754271747649192,13558.437729232375,0.0,2.0,554940.0181529183,87560.0,67.25857889291046,0.5567506705279217,,
H_SanCancio,H_SanCancio,Hidro,Surocciden,Water,2029,9.75427174764919,13558.437729232372,0.0,2.0,554940.0181529183,87560.0,67.25857889291048,0.5567506705279216,,
H_SanCancio,H_SanCancio,Hidro,Surocciden,Water,2030,9.75427174764919,13558.437729232373,0.0,2.0,554940.0181529183,87560.0,67.25857889291048,0.5567506705279216,,
H_SanCancio,H_SanCancio,Hidro,Surocciden,Water,2031,9.754271747649188,13558.43772923237,0.0,2.0,554940.0181529183,87560.0,67.25857889291048,0.5567506705279216,,
H_SanCancio,H_SanCancio,Hidro,Surocciden,Water,2032,9.754271747649192,13558.437729232377,0.0,2.0,554940.0181529183,87560.0,67.25857889291046,0.5567506705279217,,
H_SanCancio,H_SanCancio,Hidro,Surocciden,Water,2033,9.754271747649192,13558.437729232373,0.0,2.0,554940.0181529183,87560.0,67.25857889291046,0.5567506705279217,,
H_SanCancio,H_SanCancio,Hidro,Surocciden,Water,2034,9.754271747649188,13558.43772923237,0.0,2.0,554940.0181529183,87560.0,67.25857889291048,0.5567506705279216,,
H_SanCancio,H_SanCancio,Hidro,Surocciden,Water,2035,9.754271747649192,13558.437729232375,0.0,2.0,554940.0181529183,87560.0,67.25857889291046,0.5567506705279217,,
H_SanJosMoII,H_SanJosMoII,Hidro,Antioquia,Water,2023,5.96588989704569,8292.586956893509,0.0,1.1,305217.0099841051,48158.00000000001,60.622573192324,0.6191251449819104,,
H_SanJosMoII,H_SanJosMoII,Hidro,Antioquia,Water,2024,5.965889895848418,8292.5869552293,0.0,1.1,305217.0099841051,48158.00000000001,60.62257320421115,0.6191251448576606,,
H_SanJosMoII,H_SanJosMoII,Hidro,Antioquia,Water,2025,5.965889894269676,8292.58695303485,0.0,1.1,305217.0099841051,48158.00000000001,60.622573219885766,0.6191251446938226,,
H_SanJosMoII,H_SanJosMoII,Hidro,Antioquia,Water,2026,5.965889873208441,8292.586923759734,0.0,1.1,305217.0099841051,48158.00000000001,60.62257342899305,0.6191251425081403,,
H_SanJosMoII,H_SanJosMoII,Hidro,Antioquia,Water,2027,5.965889897216373,8292.586957130758,0.0,1.1,305217.0099841051,48158.00000000001,60.62257319062936,0.6191251449996235,,
H_SanJosMoII,H_SanJosMoII,Hidro,Antioquia,Water,2028,5.913178070580136,8219.317518106389,0.0,1.1,305217.0099841051,48158.00000000001,61.15058995115563,0.6136548433561784,,
H_SanJosMoII,H_SanJosMoII,Hidro,Antioquia,Water,2029,5.965889895062709,8292.586954137165,0.0,1.1,305217.0099841051,48158.00000000001,60.62257321201211,0.6191251447761215,,
H_SanJosMoII,H_SanJosMoII,Hidro,Antioquia,Water,2030,5.965889892370111,8292.586950394452,0.0,1.1,305217.0099841051,48158.00000000001,60.62257323874567,0.6191251444966905,,
H_SanJosMoII,H_SanJosMoII,Hidro,Antioquia,Water,2031,5.9658898796638615,8292.586932732767,0.0,1.1,305217.0099841051,48158.00000000001,60.62257336490018,0.6191251431780675,,
H_SanJosMoII,H_SanJosMoII,Hidro,Antioquia,Water,2032,5.965889893189472,8292.586951533365,0.0,1.1,305217.0099841051,48158.00000000001,60.62257323061061,0.6191251445817217,,
H_SanJosMoII,H_SanJosMoII,Hidro,Antioquia,Water,2033,5.9658895673442265,8292.586498608474,0.0,1.1,305217.0099841051,48158.00000000001,60.62257646577817,0.6191251107663165,,
H_SanJosMoII,H_SanJosMoII,Hidro,Antioquia,Water,2034,5.727007364895943,7960.5402372053595,0.0,1.1,305217.0099841051,48158.00000000001,63.09325747267932,0.5943345127538336,,
H_SanJosMoII,H_SanJosMoII,Hidro,Antioquia,Water,2035,5.965889883376182,8292.586937892891,0.0,1.1,305217.0099841051,48158.00000000001,60.62257332804226,0.6191251435633229,,
H_SanJose,H_SanJose,Hidro,Surocciden,Water,2023,2.2731139579347603,3159.6284015293168,0.0,0.38,105438.60344905448,16636.4,55.09386426203015,0.6828628808984499,,
H_SanJose,H_SanJose,Hidro,Surocciden,Water,2024,2.273113957934762,3159.6284015293186,0.0,0.38,105438.60344905448,16636.4,55.09386426203011,0.6828628808984504,,
H_SanJose,H_SanJose,Hidro,Surocciden,Water,2025,2.273113957934764,3159.6284015293218,0.0,0.38,105438.60344905448,16636.4,55.093864262030074,0.6828628808984508,,
H_SanJose,H_SanJose,Hidro,Surocciden,Water,2026,2.273113957934758,3159.6284015293136,0.0,0.38,105438.60344905448,16636.4,55.09386426203021,0.6828628808984493,,
H_SanJose,H_SanJose,Hidro,Surocciden,Water,2027,2.273113957934761,3159.6284015293168,0.0,0.38,105438.60344905448,16636.4,55.09386426203013,0.6828628808984502,,
H_SanJose,H_SanJose,Hidro,Surocciden,Water,2028,2.273113957934765,3159.628401529322,0.0,0.38,105438.60344905448,16636.4,55.09386426203005,0.6828628808984512,,
H_SanJose,H_SanJose,Hidro,Surocciden,Water,2029,2.273113957934754,3159.6284015293077,0.0,0.38,105438.60344905448,16636.4,55.09386426203031,0.6828628808984479,,
H_SanJose,H_SanJose,Hidro,Surocciden,Water,2030,2.273113957934761,3159.6284015293168,0.0,0.38,105438.60344905448,16636.4,55.09386426203013,0.6828628808984502,,
H_SanJose,H_SanJose,Hidro,Surocciden,Water,2031,2.2731139579347612,3159.6284015293177,0.0,0.38,105438.60344905448,16636.4,55.09386426203013,0.6828628808984502,,
H_SanJose,H_SanJose,Hidro,Surocciden,Water,2032,2.2731139579347586,3159.6284015293145,0.0,0.38,105438.60344905448,16636.4,55.093864262030195,0.6828628808984494,,
H_SanJose,H_SanJose,Hidro,Surocciden,Water,2033,2.2731139579347603,3159.6284015293163,0.0,0.38,105438.60344905448,16636.4,55.09386426203015,0.6828628808984499,,
H_SanJose,H_SanJose,Hidro,Surocciden,Water,2034,2.27311395793476,3159.628401529316,0.0,0.38,105438.60344905448,16636.4,55.093864262030166,0.6828628808984498,,
H_SanJose,H_SanJose,Hidro,Surocciden,Water,2035,2.2731139579347595,3159.628401529315,0.0,0.38,105438.60344905448,16636.4,55.09386426203017,0.6828628808984497,,
H_SanMatias,H_SanMatias,Hidro,Antioquia,Water,2023,114.04194261693027,158518.30023753305,0.0,19.9,5521653.180621536,871221.9999999999,57.44722801562021,0.6541953065379997,,
H_SanMatias,H_SanMatias,Hidro,Antioquia,Water,2024,114.04194261700576,158518.300237638,0.0,19.9,5521653.180621536,871221.9999999999,57.447228015583114,0.6541953065384326,,
H_SanMatias,H_SanMatias,Hidro,Antioquia,Water,2025,114.04194261674823,158518.30023728003,0.0,19.9,5521653.180621536,871221.9999999999,57.4472280157097,0.6541953065369555,,
H_SanMatias,H_SanMatias,Hidro,Antioquia,Water,2026,114.04194259437742,158518.3002061846,0.0,19.9,5521653.180621536,871221.9999999999,57.44722802670606,0.6541953064086264,,
H_SanMatias,H_SanMatias,Hidro,Antioquia,Water,2027,114.04194259080015,158518.3002012122,0.0,19.9,5521653.180621536,871221.9999999999,57.44722802846446,0.6541953063881056,,
H_SanMatias,H_SanMatias,Hidro,Antioquia,Water,2028,113.02806243651688,157109.00678675843,0.0,19.9,5521653.180621536,871221.9999999999,57.95007050649166,0.6483792388685257,,
H_SanMatias,H_SanMatias,Hidro,Antioquia,Water,2029,114.0419426157364,158518.30023587358,0.0,19.9,5521653.180621536,871221.9999999999,57.44722801620706,0.6541953065311511,,
H_SanMatias,H_SanMatias,Hidro,Antioquia,Water,2030,114.04194261313073,158518.3002322517,0.0,19.9,5521653.180621536,871221.9999999999,57.44722801748788,0.6541953065162038,,
H_SanMatias,H_SanMatias,Hidro,Antioquia,Water,2031,114.0419426107367,158518.300228924,0.0,19.9,5521653.180621536,871221.9999999999,57.44722801866465,0.6541953065024706,,
H_SanMatias,H_SanMatias,Hidro,Antioquia,Water,2032,114.04194261409702,158518.3002335948,0.0,19.9,5521653.180621536,871221.9999999999,57.44722801701289,0.654195306521747,,
H_SanMatias,H_SanMatias,Hidro,Antioquia,Water,2033,114.04194261578216,158518.30023593717,0.0,19.9,5521653.180621536,871221.9999999999,57.44722801618457,0.6541953065314137,,
H_SanMatias,H_SanMatias,Hidro,Antioquia,Water,2034,110.11007443342741,153053.00346246408,0.0,19.9,5521653.180621536,871221.9999999999,59.44894886109327,0.6316403618172335,,
H_SanMatias,H_SanMatias,Hidro,Antioquia,Water,2035,114.04194260024595,158518.30021434184,0.0,19.9,5521653.180621536,871221.9999999999,57.44722802382138,0.6541953064422911,,
H_SantaAna,H_SantaAna,Hidro,Oriental,Water,2023,38.10185950354865,52961.58470993261,0.0,8.0,2219760.0726116733,350240.0,68.84077815355217,0.5436909175734681,,
H_SantaAna,H_SantaAna,Hidro,Oriental,Water,2024,38.10185950293198,52961.58470907544,0.0,8.0,2219760.0726116733,350240.0,68.84077815464384,0.5436909175646685,,
H_SantaAna,H_SantaAna,Hidro,Oriental,Water,2025,38.10185950090806,52961.584706262205,0.0,8.0,2219760.0726116733,350240.0,68.84077815822674,0.5436909175357885,,
H_SantaAna,H_SantaAna,Hidro,Oriental,Water,2026,38.10185950090765,52961.58470626162,0.0,8.0,2219760.0726116733,350240.0,68.84077815822747,0.5436909175357826,,
H_SantaAna,H_SantaAna,Hidro,Oriental,Water,2027,38.10185949381903,52961.584696408434,0.0,8.0,2219760.0726116733,350240.0,68.84077817077628,0.5436909174346322,,
H_SantaAna,H_SantaAna,Hidro,Oriental,Water,2028,38.10185909304036,52961.58413932609,0.0,8.0,2219760.0726116733,350240.0,68.84077888026484,0.5436909117157585,,
H_SantaAna,H_SantaAna,Hidro,Oriental,Water,2029,38.10185950152804,52961.58470712397,0.0,8.0,2219760.0726116733,350240.0,68.84077815712921,0.5436909175446352,,
H_SantaAna,H_SantaAna,Hidro,Oriental,Water,2030,38.10185948540831,52961.58468471754,0.0,8.0,2219760.0726116733,350240.0,68.84077818566556,0.5436909173146163,,
H_SantaAna,H_SantaAna,Hidro,Oriental,Water,2031,38.10185949976122,52961.58470466809,0.0,8.0,2219760.0726116733,350240.0,68.84077816025697,0.5436909175194237,,
H_SantaAna,H_SantaAna,Hidro,Oriental,Water,2032,38.10185950011558,52961.58470516065,0.0,8.0,2219760.0726116733,350240.0,68.84077815962965,0.5436909175244802,,
H_SantaAna,H_SantaAna,Hidro,Oriental,Water,2033,38.10185907505969,52961.58411433297,0.0,8.0,2219760.0726116733,350240.0,68.84077891209557,0.543690911459185,,
H_SantaAna,H_SantaAna,Hidro,Oriental,Water,2034,38.10185949918592,52961.58470386843,0.0,8.0,2219760.0726116733,350240.0,68.84077816127538,0.5436909175112146,,
H_SantaAna,H_SantaAna,Hidro,Oriental,Water,2035,38.101859488810945,52961.5846894472,0.0,8.0,2219760.0726116733,350240.0,68.84077817964196,0.5436909173631698,,
H_SantaRita,H_SantaRita,Hidro,Antioquia,Water,2023,6.333898874752928,8804.119435906568,0.0,1.3,360711.01179939695,56914.0,67.32490361269583,0.556190628271244,,
H_SantaRita,H_SantaRita,Hidro,Antioquia,Water,2024,6.3338988737084385,8804.11943445473,0.0,1.3,360711.01179939695,56914.0,67.32490362356882,0.5561906281795256,,
H_SantaRita,H_SantaRita,Hidro,Antioquia,Water,2025,6.333898875526854,8804.119436982328,0.0,1.3,360711.01179939695,56914.0,67.32490360463939,0.5561906283392037,,
H_SantaRita,H_SantaRita,Hidro,Antioquia,Water,2026,6.3338988607915985,8804.119416500322,0.0,1.3,360711.01179939695,56914.0,67.32490375803111,0.5561906270452754,,
H_SantaRita,H_SantaRita,Hidro,Antioquia,Water,2027,6.333898874807952,8804.119435983052,0.0,1.3,360711.01179939695,56914.0,67.32490361212305,0.5561906282760758,,
H_SantaRita,H_SantaRita,Hidro,Antioquia,Water,2028,6.261114663236332,8702.9493818985,0.0,1.3,360711.01179939695,56914.0,68.09138374107481,0.5497993206213848,,
H_SantaRita,H_SantaRita,Hidro,Antioquia,Water,2029,6.333898868433529,8804.119427122605,0.0,1.3,360711.01179939695,56914.0,67.3249036784798,0.5561906277163265,,
H_SantaRita,H_SantaRita,Hidro,Antioquia,Water,2030,6.333898850651647,8804.11940240579,0.0,1.3,360711.01179939695,56914.0,67.32490386358643,0.5561906261548688,,
H_SantaRita,H_SantaRita,Hidro,Antioquia,Water,2031,6.333898869110231,8804.11942806322,0.0,1.3,360711.01179939695,56914.0,67.32490367143544,0.556190627775749,,
H_SantaRita,H_SantaRita,Hidro,Antioquia,Water,2032,6.333898869128133,8804.119428088103,0.0,1.3,360711.01179939695,56914.0,67.32490367124907,0.556190627777321,,
H_SantaRita,H_SantaRita,Hidro,Antioquia,Water,2033,6.333898864747633,8804.11942199921,0.0,1.3,360711.01179939695,56914.0,67.3249037168494,0.5561906273926618,,
H_SantaRita,H_SantaRita,Hidro,Antioquia,Water,2034,6.164761166754175,8569.018021788303,0.0,1.3,360711.01179939695,56914.0,69.13390775292302,0.54133835324501,,
H_SantaRita,H_SantaRita,Hidro,Antioquia,Water,2035,6.333898876360083,8804.119438140513,0.0,1.3,360711.01179939695,56914.0,67.32490359596561,0.556190628412371,,
H_Santiago,H_Santiago,Hidro,Antioquia,Water,2023,10.873027350683365,15113.508017449876,0.0,2.8,776916.0254140856,122583.99999999999,84.11765223546985,0.44329041710222455,,
H_Santiago,H_Santiago,Hidro,Antioquia,Water,2024,10.873027351903069,15113.508019145263,0.0,2.8,776916.0254140856,122583.99999999999,84.1176522261897,0.44329041715195155,,
H_Santiago,H_Santiago,Hidro,Antioquia,Water,2025,10.873027352248037,15113.508019624769,0.0,2.8,776916.0254140856,122583.99999999999,84.11765222356502,0.4432904171660158,,
H_Santiago,H_Santiago,Hidro,Antioquia,Water,2026,10.87302735063126,15113.50801737745,0.0,2.8,776916.0254140856,122583.99999999999,84.11765223586632,0.4432904171001002,,
H_Santiago,H_Santiago,Hidro,Antioquia,Water,2027,10.873027350537058,15113.508017246508,0.0,2.8,776916.0254140856,122583.99999999999,84.11765223658304,0.4432904170962596,,
H_Santiago,H_Santiago,Hidro,Antioquia,Water,2028,10.840645124053484,15068.496722434344,0.0,2.8,776916.0254140856,122583.99999999999,84.36476904010567,0.44197020238313284,,
H_Santiago,H_Santiago,Hidro,Antioquia,Water,2029,10.873027352999419,15113.50802066919,0.0,2.8,776916.0254140856,122583.99999999999,84.11765221784812,0.44329041719664947,,
H_Santiago,H_Santiago,Hidro,Antioquia,Water,2030,10.873027346375267,15113.508011461621,0.0,2.8,776916.0254140856,122583.99999999999,84.11765226824811,0.44329041692658455,,
H_Santiago,H_Santiago,Hidro,Antioquia,Water,2031,10.873027349942568,15113.508016420168,0.0,2.8,776916.0254140856,122583.99999999999,84.11765224110623,0.44329041707202244,,
H_Santiago,H_Santiago,Hidro,Antioquia,Water,2032,10.873027337125322,15113.507998604195,0.0,2.8,776916.0254140856,122583.99999999999,84.1176523386265,0.44329041654946677,,
H_Santiago,H_Santiago,Hidro,Antioquia,Water,2033,10.873027348875764,15113.50801493731,0.0,2.8,776916.0254140856,122583.99999999999,84.11765224922301,0.44329041702852917,,
H_Santiago,H_Santiago,Hidro,Antioquia,Water,2034,10.572560226469623,14695.858714792776,0.0,2.8,776916.0254140856,122583.99999999999,86.46873269542448,0.431040452807796,,
H_Santiago,H_Santiago,Hidro,Antioquia,Water,2035,10.873027350958704,15113.508017832597,0.0,2.8,776916.0254140856,122583.99999999999,84.11765223337494,0.4432904171134501,,
H_Silvia,H_Silvia,Hidro,Surocciden,Water,2023,2.7082513090577525,3764.4693195902755,0.0,0.38,105438.60344905448,16636.4,46.465212570109124,0.8135818640524369,,
H_Silvia,H_Silvia,Hidro,Surocciden,Water,2024,2.7082513135343342,3764.4693258127245,0.0,0.38,105438.60344905448,16636.4,46.46521249560242,0.8135818653972403,,
H_Silvia,H_Silvia,Hidro,Surocciden,Water,2025,2.70825131400796,3764.469326471064,0.0,0.38,105438.60344905448,16636.4,46.465212487719555,0.8135818655395215,,
H_Silvia,H_Silvia,Hidro,Surocciden,Water,2026,2.7082512834029417,3764.4692839300883,0.0,0.38,105438.60344905448,16636.4,46.46521299709906,0.8135818563455123,,
H_Silvia,H_Silvia,Hidro,Surocciden,Water,2027,2.7082513139070152,3764.469326330751,0.0,0.38,105438.60344905448,16636.4,46.46521248939965,0.8135818655091969,,
H_Silvia,H_Silvia,Hidro,Surocciden,Water,2028,2.708249730870234,3764.4671259096253,0.0,0.38,105438.60344905448,16636.4,46.46523883694008,0.8135813899514039,,
H_Silvia,H_Silvia,Hidro,Surocciden,Water,2029,2.708251282604297,3764.469282819972,0.0,0.38,105438.60344905448,16636.4,46.46521301039143,0.8135818561055926,,
H_Silvia,H_Silvia,Hidro,Surocciden,Water,2030,2.7082512833401977,3764.4692838428746,0.0,0.38,105438.60344905448,16636.4,46.46521299814335,0.8135818563266635,,
H_Silvia,H_Silvia,Hidro,Surocciden,Water,2031,2.7082513069970795,3764.46931672594,0.0,0.38,105438.60344905448,16636.4,46.46521260440626,0.8135818634333931,,
H_Silvia,H_Silvia,Hidro,Surocciden,Water,2032,2.70825128406749,3764.469284853811,0.0,0.38,105438.60344905448,16636.4,46.46521298603854,0.8135818565451484,,
H_Silvia,H_Silvia,Hidro,Surocciden,Water,2033,2.708251309287804,3764.469319910048,0.0,0.38,105438.60344905448,16636.4,46.46521256628022,0.8135818641215463,,
H_Silvia,H_Silvia,Hidro,Surocciden,Water,2034,2.7082508212093126,3764.4686414809444,0.0,0.38,105438.60344905448,16636.4,46.46522068969389,0.8135817174985918,,
H_Silvia,H_Silvia,Hidro,Surocciden,Water,2035,2.7082513036359352,3764.4693120539496,0.0,0.38,105438.60344905448,16636.4,46.465212660348,0.8135818624236766,,
H_Suba,H_Suba,Hidro,Oriental,Water,2023,15.662002205296734,21770.183065362457,0.0,2.6,721422.0235987939,113828.0,54.71970923196018,0.6876537673558452,,
H_Suba,H_Suba,Hidro,Oriental,Water,2024,15.662002201291262,21770.18305979485,0.0,2.6,721422.0235987939,113828.0,54.71970924559896,0.6876537671799814,,
H_Suba,H_Suba,Hidro,Oriental,Water,2025,15.662002205971614,21770.183066300542,0.0,2.6,721422.0235987939,113828.0,54.719709229662186,0.6876537673854763,,
H_Suba,H_Suba,Hidro,Oriental,Water,2026,15.662002155274532,21770.1829958316,0.0,2.6,721422.0235987939,113828.0,54.71970940228766,0.6876537651595772,,
H_Suba,H_Suba,Hidro,Oriental,Water,2027,15.662002183989149,21770.183035744914,0.0,2.6,721422.0235987939,113828.0,54.71970930451331,0.6876537664203172,,
H_Suba,H_Suba,Hidro,Oriental,Water,2028,15.66200138311852,21770.181922534743,0.0,2.6,721422.0235987939,113828.0,54.719712031508195,0.6876537312573989,,
H_Suba,H_Suba,Hidro,Oriental,Water,2029,15.662002168921392,21770.183014800736,0.0,2.6,721422.0235987939,113828.0,54.719709355819596,0.6876537657587543,,
H_Suba,H_Suba,Hidro,Oriental,Water,2030,15.662002143238311,21770.18297910125,0.0,2.6,721422.0235987939,113828.0,54.71970944327145,0.6876537646311164,,
H_Suba,H_Suba,Hidro,Oriental,Water,2031,15.662002129024637,21770.182959344245,0.0,2.6,721422.0235987939,113828.0,54.71970949166955,0.6876537640070528,,
H_Suba,H_Suba,Hidro,Oriental,Water,2032,15.662002181964525,21770.183032930683,0.0,2.6,721422.0235987939,113828.0,54.719709311407236,0.6876537663314243,,
H_Suba,H_Suba,Hidro,Oriental,Water,2033,15.662001904501683,21770.182647257338,0.0,2.6,721422.0235987939,113828.0,54.71971025617871,0.6876537541491781,,
H_Suba,H_Suba,Hidro,Oriental,Water,2034,15.662000959262738,21770.1813333752,0.0,2.6,721422.0235987939,113828.0,54.71971347475335,0.6876537126476437,,
H_Suba,H_Suba,Hidro,Oriental,Water,2035,15.662002167461129,21770.18301277097,0.0,2.6,721422.0235987939,113828.0,54.71970936079184,0.6876537656946402,,
H_Sueva2,H_Sueva2,Hidro,Oriental,Water,2023,34.211610724714646,47554.13890735335,0.0,6.0,1664820.054458755,262680.0,57.7305233962375,0.6509058357061385,,
H_Sueva2,H_Sueva2,Hidro,Oriental,Water,2024,34.21161073128003,47554.13891647924,0.0,6.0,1664820.054458755,262680.0,57.73052338542546,0.6509058358310507,,
H_Sueva2,H_Sueva2,Hidro,Oriental,Water,2025,34.2116107327312,47554.138918496355,0.0,6.0,1664820.054458755,262680.0,57.730523383035624,0.6509058358586606,,
H_Sueva2,H_Sueva2,Hidro,Oriental,Water,2026,34.211610681737945,47554.138847615744,0.0,6.0,1664820.054458755,262680.0,57.73052346701258,0.6509058348884692,,
H_Sueva2,H_Sueva2,Hidro,Oriental,Water,2027,34.21161070661622,47554.13888219654,0.0,6.0,1664820.054458755,262680.0,57.730523426042424,0.6509058353618001,,
H_Sueva2,H_Sueva2,Hidro,Oriental,Water,2028,34.21160991659906,47554.13778407268,0.0,6.0,1664820.054458755,262680.0,57.73052472706218,0.6509058203310322,,
H_Sueva2,H_Sueva2,Hidro,Oriental,Water,2029,34.21161070765888,47554.138883645835,0.0,6.0,1664820.054458755,262680.0,57.73052342432536,0.6509058353816375,,
H_Sueva2,H_Sueva2,Hidro,Oriental,Water,2030,34.21161067261443,47554.13883493404,0.0,6.0,1664820.054458755,262680.0,57.73052348203741,0.6509058347148863,,
H_Sueva2,H_Sueva2,Hidro,Oriental,Water,2031,34.21161071072586,47554.138887908935,0.0,6.0,1664820.054458755,262680.0,57.730523419274576,0.6509058354399896,,
H_Sueva2,H_Sueva2,Hidro,Oriental,Water,2032,34.211610650172105,47554.13880373923,0.0,6.0,1664820.054458755,262680.0,57.73052351899599,0.6509058342879015,,
H_Sueva2,H_Sueva2,Hidro,Oriental,Water,2033,34.21161013084068,47554.13808186854,0.0,6.0,1664820.054458755,262680.0,57.73052437424379,0.6509058244071665,,
H_Sueva2,H_Sueva2,Hidro,Oriental,Water,2034,34.211608532722906,47554.135860484836,0.0,6.0,1664820.054458755,262680.0,57.73052700606372,0.6509057940015773,,
H_Sueva2,H_Sueva2,Hidro,Oriental,Water,2035,34.21161065521348,47554.13881074673,0.0,6.0,1664820.054458755,262680.0,57.73052351069374,0.6509058343838179,,
H_TuluaAlto,H_TuluaAlto,Hidro,Surocciden,Water,2023,87.8069134087076,122051.60963810355,0.0,19.9,2534265.0828996026,871221.9999999999,40.17381497193009,0.5036995101575663,,
H_TuluaAlto,H_TuluaAlto,Hidro,Surocciden,Water,2024,87.80691340806823,122051.60963721483,0.0,19.9,2534265.0828996026,871221.9999999999,40.1738149722125,0.5036995101538986,,
H_TuluaAlto,H_TuluaAlto,Hidro,Surocciden,Water,2025,87.80691340802329,122051.60963715237,0.0,19.9,2534265.0828996026,871221.9999999999,40.17381497223234,0.5036995101536408,,
H_TuluaAlto,H_TuluaAlto,Hidro,Surocciden,Water,2026,87.80691332913341,122051.6095274954,0.0,19.9,2534265.0828996026,871221.9999999999,40.17381500707755,0.5036995097010933,,
H_TuluaAlto,H_TuluaAlto,Hidro,Surocciden,Water,2027,87.8069133766847,122051.60959359173,0.0,19.9,2534265.0828996026,871221.9999999999,40.17381498607442,0.5036995099738688,,
H_TuluaAlto,H_TuluaAlto,Hidro,Surocciden,Water,2028,87.8069133628677,122051.60957438612,0.0,19.9,2534265.0828996026,871221.9999999999,40.173814992177306,0.5036995098946083,,
H_TuluaAlto,H_TuluaAlto,Hidro,Surocciden,Water,2029,87.80691340887489,122051.6096383361,0.0,19.9,2534265.0828996026,871221.9999999999,40.173814971856196,0.503699510158526,,
H_TuluaAlto,H_TuluaAlto,Hidro,Surocciden,Water,2030,87.80691340423716,122051.60963188967,0.0,19.9,2534265.0828996026,871221.9999999999,40.173814973904655,0.5036995101319218,,
H_TuluaAlto,H_TuluaAlto,Hidro,Surocciden,Water,2031,87.8069134066855,122051.60963529283,0.0,19.9,2534265.0828996026,871221.9999999999,40.173814972823244,0.5036995101459666,,
H_TuluaAlto,H_TuluaAlto,Hidro,Surocciden,Water,2032,87.80691340809446,122051.6096372513,0.0,19.9,2534265.0828996026,871221.9999999999,40.1738149722009,0.5036995101540491,,
H_TuluaAlto,H_TuluaAlto,Hidro,Surocciden,Water,2033,87.80691340525414,122051.60963330323,0.0,19.9,2534265.0828996026,871221.9999999999,40.173814973455464,0.5036995101377557,,
H_TuluaAlto,H_TuluaAlto,Hidro,Surocciden,Water,2034,87.80691340809446,122051.6096372513,0.0,19.9,2534265.0828996026,871221.9999999999,40.1738149722009,0.5036995101540491,,
H_TuluaAlto,H_TuluaAlto,Hidro,Surocciden,Water,2035,87.80691339706246,122051.60962191681,0.0,19.9,2534265.0828996026,871221.9999999999,40.17381497707368,0.5036995100907645,,
H_TuluaBajo,H_TuluaBajo,Hidro,Surocciden,Water,2023,88.20995548968787,122611.83813066612,0.0,19.9,2536056.082958189,871221.9999999999,40.01691080664375,0.5060115387995219,,
H_TuluaBajo,H_TuluaBajo,Hidro,Surocciden,Water,2024,88.20995548724323,122611.8381272681,0.0,19.9,2536056.082958189,871221.9999999999,40.016910807714254,0.5060115387854984,,
H_TuluaBajo,H_TuluaBajo,Hidro,Surocciden,Water,2025,88.20995548756859,122611.83812772032,0.0,19.9,2536056.082958189,871221.9999999999,40.01691080757178,0.5060115387873647,,
H_TuluaBajo,H_TuluaBajo,Hidro,Surocciden,Water,2026,88.20995548765397,122611.838127839,0.0,19.9,2536056.082958189,871221.9999999999,40.01691080753439,0.5060115387878547,,
H_TuluaBajo,H_TuluaBajo,Hidro,Surocciden,Water,2027,88.20995548933683,122611.83813017819,0.0,19.9,2536056.082958189,871221.9999999999,40.016910806797476,0.5060115387975082,,
H_TuluaBajo,H_TuluaBajo,Hidro,Surocciden,Water,2028,88.20995548933683,122611.8381301782,0.0,19.9,2536056.082958189,871221.9999999999,40.016910806797476,0.5060115387975082,,
H_TuluaBajo,H_TuluaBajo,Hidro,Surocciden,Water,2029,88.20995548933683,122611.8381301782,0.0,19.9,2536056.082958189,871221.9999999999,40.016910806797476,0.5060115387975082,,
H_TuluaBajo,H_TuluaBajo,Hidro,Surocciden,Water,2030,88.20995547519226,122611.83811051724,0.0,19.9,2536056.082958189,871221.9999999999,40.01691081299135,0.5060115387163686,,
H_TuluaBajo,H_TuluaBajo,Hidro,Surocciden,Water,2031,88.20995534011942,122611.83792276598,0.0,19.9,2536056.082958189,871221.9999999999,40.016910872139384,0.5060115379415309,,
H_TuluaBajo,H_TuluaBajo,Hidro,Surocciden,Water,2032,88.20995537415719,122611.83797007849,0.0,19.9,2536056.082958189,871221.9999999999,40.016910857234336,0.5060115381367866,,
H_TuluaBajo,H_TuluaBajo,Hidro,Surocciden,Water,2033,88.20995266600704,122611.83420574976,0.0,19.9,2536056.082958189,871221.9999999999,40.01691204312631,0.5060115226016327,,
H_TuluaBajo,H_TuluaBajo,Hidro,Surocciden,Water,2034,88.2099554776079,122611.83811387498,0.0,19.9,2536056.082958189,871221.9999999999,40.01691081193354,0.5060115387302259,,
H_TuluaBajo,H_TuluaBajo,Hidro,Surocciden,Water,2035,88.20995548933685,122611.83813017819,0.0,19.9,2536056.082958189,871221.9999999999,40.01691080679747,0.5060115387975083,,
H_Tunjita,H_Tunjita,Hidro,Oriental,Water,2023,108.76847365505816,151188.17838053085,0.0,19.7,2514114.0822404334,862466.0,32.433738767068824,0.6302788033693655,,
H_Tunjita,H_Tunjita,Hidro,Oriental,Water,2024,108.76847365602738,151188.17838187804,0.0,19.7,2514114.0822404334,862466.0,32.433738766792196,0.6302788033749819,,
H_Tunjita,H_Tunjita,Hidro,Oriental,Water,2025,108.76847365423268,151188.1783793834,0.0,19.7,2514114.0822404334,862466.0,32.43373876730443,0.6302788033645821,,
H_Tunjita,H_Tunjita,Hidro,Oriental,Water,2026,108.76847362308868,151188.17833609326,0.0,19.7,2514114.0822404334,862466.0,32.43373877619327,0.6302788031841126,,
H_Tunjita,H_Tunjita,Hidro,Oriental,Water,2027,108.76847363237398,151188.17834899982,0.0,19.7,2514114.0822404334,862466.0,32.43373877354315,0.6302788032379179,,
H_Tunjita,H_Tunjita,Hidro,Oriental,Water,2028,108.76847250538752,151188.17678248865,0.0,19.7,2514114.0822404334,862466.0,32.433739095197694,0.6302787967073887,,
H_Tunjita,H_Tunjita,Hidro,Oriental,Water,2029,108.76847361510266,151188.1783249927,0.0,19.7,2514114.0822404334,862466.0,32.43373877847257,0.630278803137836,,
H_Tunjita,H_Tunjita,Hidro,Oriental,Water,2030,108.76847364116102,151188.1783612138,0.0,19.7,2514114.0822404334,862466.0,32.43373877103522,0.630278803288836,,
H_Tunjita,H_Tunjita,Hidro,Oriental,Water,2031,108.76847360669511,151188.17831330618,0.0,19.7,2514114.0822404334,862466.0,32.43373878087218,0.630278803089117,,
H_Tunjita,H_Tunjita,Hidro,Oriental,Water,2032,108.76847361444489,151188.17832407836,0.0,19.7,2514114.0822404334,862466.0,32.433738778660306,0.6302788031340245,,
H_Tunjita,H_Tunjita,Hidro,Oriental,Water,2033,108.76847336245396,151188.17797381096,0.0,19.7,2514114.0822404334,862466.0,32.433738850581335,0.630278801673817,,
H_Tunjita,H_Tunjita,Hidro,Oriental,Water,2034,108.76847207649642,151188.17618633003,0.0,19.7,2514114.0822404334,862466.0,32.43373921760801,0.630278794222101,,
H_Tunjita,H_Tunjita,Hidro,Oriental,Water,2035,108.76847363158265,151188.17834789993,0.0,19.7,2514114.0822404334,862466.0,32.433738773769,0.6302788032333323,,
H_Union,H_Union,Hidro,Surocciden,Water,2023,4.752561381551947,6606.060320357206,0.0,0.7,194229.0063535214,30645.999999999996,48.70659168599492,0.7750426258238661,,
H_Union,H_Union,Hidro,Surocciden,Water,2024,4.752561381551953,6606.060320357214,0.0,0.7,194229.0063535214,30645.999999999996,48.706591685994866,0.775042625823867,,
H_Union,H_Union,Hidro,Surocciden,Water,2025,4.752561381551946,6606.060320357205,0.0,0.7,194229.0063535214,30645.999999999996,48.70659168599494,0.7750426258238657,,
H_Union,H_Union,Hidro,Surocciden,Water,2026,4.752561381551947,6606.0603203572055,0.0,0.7,194229.0063535214,30645.999999999996,48.70659168599492,0.7750426258238661,,
H_Union,H_Union,Hidro,Surocciden,Water,2027,4.752561381551949,6606.060320357209,0.0,0.7,194229.0063535214,30645.999999999996,48.7065916859949,0.7750426258238663,,
H_Union,H_Union,Hidro,Surocciden,Water,2028,4.75256138155195,6606.06032035721,0.0,0.7,194229.0063535214,30645.999999999996,48.706591685994894,0.7750426258238665,,
H_Union,H_Union,Hidro,Surocciden,Water,2029,4.752561381551949,6606.060320357208,0.0,0.7,194229.0063535214,30645.999999999996,48.7065916859949,0.7750426258238663,,
H_Union,H_Union,Hidro,Surocciden,Water,2030,4.752561381551951,6606.06032035721,0.0,0.7,194229.0063535214,30645.999999999996,48.70659168599488,0.7750426258238666,,
H_Union,H_Union,Hidro,Surocciden,Water,2031,4.752561381551948,6606.060320357207,0.0,0.7,194229.0063535214,30645.999999999996,48.70659168599491,0.7750426258238662,,
H_Union,H_Union,Hidro,Surocciden,Water,2032,4.752561381551949,6606.060320357208,0.0,0.7,194229.0063535214,30645.999999999996,48.7065916859949,0.7750426258238663,,
H_Union,H_Union,Hidro,Surocciden,Water,2033,4.752561381551949,6606.060320357206,0.0,0.7,194229.0063535214,30645.999999999996,48.7065916859949,0.7750426258238663,,
H_Union,H_Union,Hidro,Surocciden,Water,2034,4.752561381551951,6606.06032035721,0.0,0.7,194229.0063535214,30645.999999999996,48.70659168599488,0.7750426258238666,,
H_Union,H_Union,Hidro,Surocciden,Water,2035,4.752561381551948,6606.060320357206,0.0,0.7,194229.0063535214,30645.999999999996,48.70659168599491,0.7750426258238662,,
H_Urrao,H_Urrao,Hidro,Antioquia,Water,2023,6.243898334144266,8679.018684460529,0.0,1.03,285794.10934875294,45093.4,54.383737508396116,0.6920133810063688,,
H_Urrao,H_Urrao,Hidro,Antioquia,Water,2024,6.2438983330514874,8679.018682941565,0.0,1.03,285794.10934875294,45093.4,54.38373751767083,0.6920133808852559,,
H_Urrao,H_Urrao,Hidro,Antioquia,Water,2025,6.243898332768337,8679.018682547989,0.0,1.03,285794.10934875294,45093.4,54.383737520074,0.6920133808538742,,
H_Urrao,H_Urrao,Hidro,Antioquia,Water,2026,6.243898318635917,8679.018662903925,0.0,1.03,285794.10934875294,45093.4,54.383737640019866,0.6920133792875732,,
H_Urrao,H_Urrao,Hidro,Antioquia,Water,2027,6.243898328885948,8679.018677151467,0.0,1.03,285794.10934875294,45093.4,54.38373755302494,0.6920133804235876,,
H_Urrao,H_Urrao,Hidro,Antioquia,Water,2028,6.18652147177087,8599.264845761509,0.0,1.03,285794.10934875294,45093.4,54.87522766123005,0.6856542837889423,,
H_Urrao,H_Urrao,Hidro,Antioquia,Water,2029,6.24389832100028,8679.018666190388,0.0,1.03,285794.10934875294,45093.4,54.38373761995284,0.6920133795496165,,
H_Urrao,H_Urrao,Hidro,Antioquia,Water,2030,6.24389831194002,8679.018653596628,0.0,1.03,285794.10934875294,45093.4,54.38373769684985,0.6920133785454647,,
H_Urrao,H_Urrao,Hidro,Antioquia,Water,2031,6.243898323592957,8679.018669794208,0.0,1.03,285794.10934875294,45093.4,54.38373759794807,0.6920133798369635,,
H_Urrao,H_Urrao,Hidro,Antioquia,Water,2032,6.243898321070825,8679.018666288444,0.0,1.03,285794.10934875294,45093.4,54.38373761935412,0.6920133795574348,,
H_Urrao,H_Urrao,Hidro,Antioquia,Water,2033,6.243898329648184,8679.018678210974,0.0,1.03,285794.10934875294,45093.4,54.383737546555636,0.6920133805080665,,
H_Urrao,H_Urrao,Hidro,Antioquia,Water,2034,6.013218454627034,8358.373651931575,0.0,1.03,285794.10934875294,45093.4,56.41669025671978,0.6664470513174438,,
H_Urrao,H_Urrao,Hidro,Antioquia,Water,2035,6.243898335029569,8679.018685691099,0.0,1.03,285794.10934875294,45093.4,54.38373750088229,0.6920133811044873,,
H_Usaquen,H_Usaquen,Hidro,Oriental,Water,2023,8.599822231508838,11953.752901797283,0.0,1.8,499446.0163376265,78804.0,68.62976388941851,0.5453971481169988,,
H_Usaquen,H_Usaquen,Hidro,Oriental,Water,2024,8.599822229293547,11953.75289871803,0.0,1.8,499446.0163376265,78804.0,68.62976390673929,0.545397147976506,,
H_Usaquen,H_Usaquen,Hidro,Oriental,Water,2025,8.59982223371933,11953.752904869867,0.0,1.8,499446.0163376265,78804.0,68.62976387213526,0.5453971482571872,,
H_Usaquen,H_Usaquen,Hidro,Oriental,Water,2026,8.599822219815525,11953.752885543578,0.0,1.8,499446.0163376265,78804.0,68.62976398084548,0.5453971473754137,,
H_Usaquen,H_Usaquen,Hidro,Oriental,Water,2027,8.59982221817194,11953.752883258996,0.0,1.8,499446.0163376265,78804.0,68.62976399369623,0.5453971472711783,,
H_Usaquen,H_Usaquen,Hidro,Oriental,Water,2028,8.599820680345081,11953.750745679661,0.0,1.8,499446.0163376265,78804.0,68.62977601756498,0.5453970497428386,,
H_Usaquen,H_Usaquen,Hidro,Oriental,Water,2029,8.599822219742723,11953.752885442384,0.0,1.8,499446.0163376265,78804.0,68.62976398141468,0.5453971473707967,,
H_Usaquen,H_Usaquen,Hidro,Oriental,Water,2030,8.59982219314852,11953.752848476444,0.0,1.8,499446.0163376265,78804.0,68.62976418934781,0.5453971456842033,,
H_Usaquen,H_Usaquen,Hidro,Oriental,Water,2031,8.599822207754565,11953.752868778845,0.0,1.8,499446.0163376265,78804.0,68.62976407514698,0.5453971466105126,,
H_Usaquen,H_Usaquen,Hidro,Oriental,Water,2032,8.59982220374522,11953.752863205851,0.0,1.8,499446.0163376265,78804.0,68.62976410649499,0.5453971463562416,,
H_Usaquen,H_Usaquen,Hidro,Oriental,Water,2033,8.59982208134943,11953.752693075709,0.0,1.8,499446.0163376265,78804.0,68.62976506347572,0.5453971385939516,,
H_Usaquen,H_Usaquen,Hidro,Oriental,Water,2034,8.599820957419936,11953.751130813711,0.0,1.8,499446.0163376265,78804.0,68.62977385118833,0.5453970673148106,,
H_Usaquen,H_Usaquen,Hidro,Oriental,Water,2035,8.599822204362834,11953.752864064338,0.0,1.8,499446.0163376265,78804.0,68.62976410166603,0.5453971463954105,,
H_VentanaA,H_VentanaA,Hidro,Surocciden,Water,2023,16.4846597008474,22913.67698417788,0.0,2.5,693675.0226911479,109450.0,50.109539090628786,0.7527241872533057,,
H_VentanaA,H_VentanaA,Hidro,Surocciden,Water,2024,16.484659700847402,22913.676984177888,0.0,2.5,693675.0226911479,109450.0,50.10953909062878,0.7527241872533058,,
H_VentanaA,H_VentanaA,Hidro,Surocciden,Water,2025,16.4846597008474,22913.67698417788,0.0,2.5,693675.0226911479,109450.0,50.109539090628786,0.7527241872533057,,
H_VentanaA,H_VentanaA,Hidro,Surocciden,Water,2026,16.484659700847402,22913.676984177884,0.0,2.5,693675.0226911479,109450.0,50.10953909062878,0.7527241872533058,,
H_VentanaA,H_VentanaA,Hidro,Surocciden,Water,2027,16.484659700847402,22913.676984177884,0.0,2.5,693675.0226911479,109450.0,50.10953909062878,0.7527241872533058,,
H_VentanaA,H_VentanaA,Hidro,Surocciden,Water,2028,16.4846597008474,22913.676984177884,0.0,2.5,693675.0226911479,109450.0,50.109539090628786,0.7527241872533057,,
H_VentanaA,H_VentanaA,Hidro,Surocciden,Water,2029,16.484659700847402,22913.676984177888,0.0,2.5,693675.0226911479,109450.0,50.10953909062878,0.7527241872533058,,
H_VentanaA,H_VentanaA,Hidro,Surocciden,Water,2030,16.484659700847402,22913.676984177884,0.0,2.5,693675.0226911479,109450.0,50.10953909062878,0.7527241872533058,,
H_VentanaA,H_VentanaA,Hidro,Surocciden,Water,2031,16.484659700847402,22913.67698417788,0.0,2.5,693675.0226911479,109450.0,50.10953909062878,0.7527241872533058,,
H_VentanaA,H_VentanaA,Hidro,Surocciden,Water,2032,16.484659700847402,22913.676984177884,0.0,2.5,693675.0226911479,109450.0,50.10953909062878,0.7527241872533058,,
H_VentanaA,H_VentanaA,Hidro,Surocciden,Water,2033,16.484659700847402,22913.67698417788,0.0,2.5,693675.0226911479,109450.0,50.10953909062878,0.7527241872533058,,
H_VentanaA,H_VentanaA,Hidro,Surocciden,Water,2034,16.4846597008474,22913.67698417788,0.0,2.5,693675.0226911479,109450.0,50.109539090628786,0.7527241872533057,,
H_VentanaA,H_VentanaA,Hidro,Surocciden,Water,2035,16.4846597008474,22913.676984177884,0.0,2.5,693675.0226911479,109450.0,50.109539090628786,0.7527241872533057,,
H_VentanaB,H_VentanaB,Hidro,Surocciden,Water,2023,11.323170576888511,15739.207101875025,0.0,2.5,693675.0226911479,109450.0,72.317574325374,0.5170397523693383,,
H_VentanaB,H_VentanaB,Hidro,Surocciden,Water,2024,11.323170576888508,15739.207101875025,0.0,2.5,693675.0226911479,109450.0,72.31757432537403,0.5170397523693382,,
H_VentanaB,H_VentanaB,Hidro,Surocciden,Water,2025,11.323170576888508,15739.207101875027,0.0,2.5,693675.0226911479,109450.0,72.31757432537403,0.5170397523693382,,
H_VentanaB,H_VentanaB,Hidro,Surocciden,Water,2026,11.323170576888508,15739.207101875025,0.0,2.5,693675.0226911479,109450.0,72.31757432537403,0.5170397523693382,,
H_VentanaB,H_VentanaB,Hidro,Surocciden,Water,2027,11.323170576888511,15739.20710187503,0.0,2.5,693675.0226911479,109450.0,72.317574325374,0.5170397523693383,,
H_VentanaB,H_VentanaB,Hidro,Surocciden,Water,2028,11.323170576888506,15739.207101875021,0.0,2.5,693675.0226911479,109450.0,72.31757432537403,0.5170397523693381,,
H_VentanaB,H_VentanaB,Hidro,Surocciden,Water,2029,11.323170576888511,15739.20710187503,0.0,2.5,693675.0226911479,109450.0,72.317574325374,0.5170397523693383,,
H_VentanaB,H_VentanaB,Hidro,Surocciden,Water,2030,11.323170576888511,15739.20710187503,0.0,2.5,693675.0226911479,109450.0,72.317574325374,0.5170397523693383,,
H_VentanaB,H_VentanaB,Hidro,Surocciden,Water,2031,11.323170576888511,15739.207101875028,0.0,2.5,693675.0226911479,109450.0,72.317574325374,0.5170397523693383,,
H_VentanaB,H_VentanaB,Hidro,Surocciden,Water,2032,11.323170576888506,15739.207101875021,0.0,2.5,693675.0226911479,109450.0,72.31757432537403,0.5170397523693381,,
H_VentanaB,H_VentanaB,Hidro,Surocciden,Water,2033,11.3231705768885,15739.207101875014,0.0,2.5,693675.0226911479,109450.0,72.31757432537407,0.5170397523693377,,
H_VentanaB,H_VentanaB,Hidro,Surocciden,Water,2034,11.323170576888506,15739.207101875023,0.0,2.5,693675.0226911479,109450.0,72.31757432537403,0.5170397523693381,,
H_VentanaB,H_VentanaB,Hidro,Surocciden,Water,2035,11.323170576888504,15739.207101875021,0.0,2.5,693675.0226911479,109450.0,72.31757432537404,0.517039752369338,,
H_Violetas,H_Violetas,Hidro,Antioquia,Water,2023,3.8892749827017137,5406.092225955382,0.0,0.95,263596.5086226362,41591.0,79.85899743011626,0.46734859200933826,,
H_Violetas,H_Violetas,Hidro,Antioquia,Water,2024,3.8892749821513943,5406.092225190438,0.0,0.95,263596.5086226362,41591.0,79.85899744121934,0.46734859194321005,,
H_Violetas,H_Violetas,Hidro,Antioquia,Water,2025,3.889274982738921,5406.0922260071,0.0,0.95,263596.5086226362,41591.0,79.85899742936557,0.4673485920138092,,
H_Violetas,H_Violetas,Hidro,Antioquia,Water,2026,3.8892749705538363,5406.092209069832,0.0,0.95,263596.5086226362,41591.0,79.85899767520866,0.4673485905496077,,
H_Violetas,H_Violetas,Hidro,Antioquia,Water,2027,3.889274954442341,5406.092186674854,0.0,0.95,263596.5086226362,41591.0,79.85899800026998,0.4673485886135953,,
H_Violetas,H_Violetas,Hidro,Antioquia,Water,2028,3.8765821460480536,5388.449183006794,0.0,0.95,263596.5086226362,41591.0,80.11592328109357,0.4658233773189201,,
H_Violetas,H_Violetas,Hidro,Antioquia,Water,2029,3.889274978583872,5406.092220231581,0.0,0.95,263596.5086226362,41591.0,79.85899751319675,0.4673485915145243,,
H_Violetas,H_Violetas,Hidro,Antioquia,Water,2030,3.889274968245948,5406.092205861868,0.0,0.95,263596.5086226362,41591.0,79.85899772177201,0.467348590272284,,
H_Violetas,H_Violetas,Hidro,Antioquia,Water,2031,3.8892749793168724,5406.092221250452,0.0,0.95,263596.5086226362,41591.0,79.85899749840793,0.4673485916026041,,
H_Violetas,H_Violetas,Hidro,Antioquia,Water,2032,3.88927493847693,5406.092164482932,0.0,0.95,263596.5086226362,41591.0,79.85899832238395,0.4673485866951369,,
H_Violetas,H_Violetas,Hidro,Antioquia,Water,2033,3.889274971589219,5406.092210509014,0.0,0.95,263596.5086226362,41591.0,79.85899765431904,0.4673485906740229,,
H_Violetas,H_Violetas,Hidro,Antioquia,Water,2034,3.7226220894792044,5174.444704376094,0.0,0.95,263596.5086226362,41591.0,83.37186689031655,0.44732301003114683,,
H_Violetas,H_Violetas,Hidro,Antioquia,Water,2035,3.889274978257461,5406.09221977787,0.0,0.95,263596.5086226362,41591.0,79.85899751978233,0.46734859147530167,,
H_Zeus,H_Zeus,Hidro,Antioquia,Water,2023,54.05871353472369,75141.61181326592,0.0,9.9,2746953.089856946,433422.0,60.22186783226143,0.6233420222167297,,
H_Zeus,H_Zeus,Hidro,Antioquia,Water,2024,54.05871353219042,75141.61180974467,0.0,9.9,2746953.089856946,433422.0,60.22186783501837,0.6233420221875191,,
H_Zeus,H_Zeus,Hidro,Antioquia,Water,2025,54.05871353406666,75141.61181235265,0.0,9.9,2746953.089856946,433422.0,60.221867832976464,0.6233420222091538,,
H_Zeus,H_Zeus,Hidro,Antioquia,Water,2026,54.05871351950173,75141.6117921074,0.0,9.9,2746953.089856946,433422.0,60.221867848827415,0.623342022041208,,
H_Zeus,H_Zeus,Hidro,Antioquia,Water,2027,54.058713531554275,75141.61180886044,0.0,9.9,2746953.089856946,433422.0,60.22186783571069,0.6233420221801839,,
H_Zeus,H_Zeus,Hidro,Antioquia,Water,2028,53.479021166939575,74335.839422046,0.0,9.9,2746953.089856946,433422.0,60.85958303386144,0.6166576860723624,,
H_Zeus,H_Zeus,Hidro,Antioquia,Water,2029,54.05871353136424,75141.6118085963,0.0,9.9,2746953.089856946,433422.0,60.22186783591749,0.6233420221779926,,
H_Zeus,H_Zeus,Hidro,Antioquia,Water,2030,54.05871351236775,75141.61178219118,0.0,9.9,2746953.089856946,433422.0,60.2218678565913,0.6233420219589473,,
H_Zeus,H_Zeus,Hidro,Antioquia,Water,2031,54.05871353319152,75141.61181113622,0.0,9.9,2746953.089856946,433422.0,60.22186783392888,0.6233420221990627,,
H_Zeus,H_Zeus,Hidro,Antioquia,Water,2032,54.058713529269866,75141.6118056851,0.0,9.9,2746953.089856946,433422.0,60.22186783819679,0.6233420221538427,,
H_Zeus,H_Zeus,Hidro,Antioquia,Water,2033,54.05871353164211,75141.61180898253,0.0,9.9,2746953.089856946,433422.0,60.22186783561509,0.6233420221811967,,
H_Zeus,H_Zeus,Hidro,Antioquia,Water,2034,51.900870502885354,72142.20999901064,0.0,9.9,2746953.089856946,433422.0,62.66787567031535,0.59846029360829,,
H_Zeus,H_Zeus,Hidro,Antioquia,Water,2035,54.05871350755301,75141.61177549866,0.0,9.9,2746953.089856946,433422.0,60.221867861831164,0.6233420219034292,,
INSULA,INSULA,Hidro,Surocciden,Water,2023,118.39590417315158,164570.3068006807,0.0,19.0,2255490.073780455,831820.0,27.466156057436983,0.7113428513166999,,
INSULA,INSULA,Hidro,Surocciden,Water,2024,118.39590417315156,164570.3068006807,0.0,19.0,2255490.073780455,831820.0,27.466156057436987,0.7113428513166999,,
INSULA,INSULA,Hidro,Surocciden,Water,2025,118.39590417315156,164570.3068006807,0.0,19.0,2255490.073780455,831820.0,27.466156057436987,0.7113428513166999,,
INSULA,INSULA,Hidro,Surocciden,Water,2026,118.39590417315156,164570.30680068067,0.0,19.0,2255490.073780455,831820.0,27.466156057436987,0.7113428513166999,,
INSULA,INSULA,Hidro,Surocciden,Water,2027,118.39590417315156,164570.3068006807,0.0,19.0,2255490.073780455,831820.0,27.466156057436987,0.7113428513166999,,
INSULA,INSULA,Hidro,Surocciden,Water,2028,118.39590417315156,164570.3068006807,0.0,19.0,2255490.073780455,831820.0,27.466156057436987,0.7113428513166999,,
INSULA,INSULA,Hidro,Surocciden,Water,2029,118.39590417315156,164570.3068006807,0.0,19.0,2255490.073780455,831820.0,27.466156057436987,0.7113428513166999,,
INSULA,INSULA,Hidro,Surocciden,Water,2030,118.39590417315156,164570.30680068067,0.0,19.0,2255490.073780455,831820.0,27.466156057436987,0.7113428513166999,,
INSULA,INSULA,Hidro,Surocciden,Water,2031,118.39590417315156,164570.3068006807,0.0,19.0,2255490.073780455,831820.0,27.466156057436987,0.7113428513166999,,
INSULA,INSULA,Hidro,Surocciden,Water,2032,118.39590417315156,164570.30680068064,0.0,19.0,2255490.073780455,831820.0,27.466156057436987,0.7113428513166999,,
INSULA,INSULA,Hidro,Surocciden,Water,2033,118.39590417315158,164570.30680068067,0.0,19.0,2255490.073780455,831820.0,27.466156057436983,0.7113428513166999,,
INSULA,INSULA,Hidro,Surocciden,Water,2034,118.39590417315156,164570.3068006807,0.0,19.0,2255490.073780455,831820.0,27.466156057436987,0.7113428513166999,,
INSULA,INSULA,Hidro,Surocciden,Water,2035,118.39590417315156,164570.3068006807,0.0,19.0,2255490.073780455,831820.0,27.466156057436987,0.7113428513166999,,
ITUANGO,ITUANGO,Hidro,Antioquia,Water,2023,3711.6441560813882,5159185.376953129,0.0,1200.0,332964010.891751,52536000.0,105.25233019135841,0.3530863923212888,,
ITUANGO,ITUANGO,Hidro,Antioquia,Water,2024,3711.64415608147,5159185.376953242,0.0,1200.0,332964010.891751,52536000.0,105.25233019135612,0.35308639232129657,,
ITUANGO,ITUANGO,Hidro,Antioquia,Water,2025,3711.6441560806943,5159185.376952164,0.0,1200.0,332964010.891751,52536000.0,105.25233019137784,0.35308639232122274,,
ITUANGO,ITUANGO,Hidro,Antioquia,Water,2026,3711.6441560587923,5159185.376921721,0.0,1200.0,332964010.891751,52536000.0,105.25233019199071,0.35308639231913924,,
ITUANGO,ITUANGO,Hidro,Antioquia,Water,2027,3711.64415606901,5159185.3769359235,0.0,1200.0,332964010.891751,52536000.0,105.25233019170479,0.35308639232011124,,
ITUANGO,ITUANGO,Hidro,Antioquia,Water,2028,3710.8894060354796,5158136.274389315,0.0,1200.0,332964010.891751,52536000.0,105.27345453377417,0.35301459342042224,,
ITUANGO,ITUANGO,Hidro,Antioquia,Water,2029,3711.64415606604,5159185.376931795,0.0,1200.0,332964010.891751,52536000.0,105.25233019178789,0.3530863923198287,,
ITUANGO,ITUANGO,Hidro,Antioquia,Water,2030,3711.644156067347,5159185.376933612,0.0,1200.0,332964010.891751,52536000.0,105.25233019175133,0.35308639231995304,,
ITUANGO,ITUANGO,Hidro,Antioquia,Water,2031,3711.644156065905,5159185.376931608,0.0,1200.0,332964010.891751,52536000.0,105.25233019179169,0.35308639231981587,,
ITUANGO,ITUANGO,Hidro,Antioquia,Water,2032,3711.6441560641397,5159185.376929153,0.0,1200.0,332964010.891751,52536000.0,105.25233019184108,0.3530863923196479,,
ITUANGO,ITUANGO,Hidro,Antioquia,Water,2033,3711.6441557519647,5159185.376495231,0.0,1200.0,332964010.891751,52536000.0,105.25233020057662,0.3530863922899509,,
ITUANGO,ITUANGO,Hidro,Antioquia,Water,2034,3709.717132289721,5156506.813882712,0.0,1200.0,332964010.891751,52536000.0,105.30628179311118,0.3529030757505442,,
ITUANGO,ITUANGO,Hidro,Antioquia,Water,2035,3711.644156048901,5159185.376907973,0.0,1200.0,332964010.891751,52536000.0,105.2523301922675,0.35308639231819827,,
ITUANGO2,ITUANGO2,Hidro,Antioquia,Water,2026,10511.999999973668,14611679.999963395,0.0,1200.0,332964010.891751,52536000.0,38.062375465441086,0.9999999999974949,,
ITUANGO2,ITUANGO2,Hidro,Antioquia,Water,2027,10511.999999996227,14611679.999994757,0.0,1200.0,332964010.891751,52536000.0,38.06237546536238,0.999999999999641,,
ITUANGO2,ITUANGO2,Hidro,Antioquia,Water,2028,10508.924547893985,14607405.12157264,0.0,1200.0,332964010.891751,52536000.0,38.073107689550035,0.9997074341603864,,
ITUANGO2,ITUANGO2,Hidro,Antioquia,Water,2029,10511.99999998363,14611679.999977242,0.0,1200.0,332964010.891751,52536000.0,38.062375465406326,0.9999999999984425,,
ITUANGO2,ITUANGO2,Hidro,Antioquia,Water,2030,10511.999999996504,14611679.99999514,0.0,1200.0,332964010.891751,52536000.0,38.06237546536141,0.9999999999996673,,
ITUANGO2,ITUANGO2,Hidro,Antioquia,Water,2031,10511.999999996768,14611679.999995507,0.0,1200.0,332964010.891751,52536000.0,38.062375465360496,0.9999999999996922,,
ITUANGO2,ITUANGO2,Hidro,Antioquia,Water,2032,10511.999999997435,14611679.999996433,0.0,1200.0,332964010.891751,52536000.0,38.062375465358166,0.9999999999997558,,
ITUANGO2,ITUANGO2,Hidro,Antioquia,Water,2033,10511.999999992548,14611679.99998964,0.0,1200.0,332964010.891751,52536000.0,38.06237546537522,0.9999999999992908,,
ITUANGO2,ITUANGO2,Hidro,Antioquia,Water,2034,10468.432762342885,14551121.53965661,0.0,1200.0,332964010.891751,52536000.0,38.21499755631751,0.9958554758697568,,
ITUANGO2,ITUANGO2,Hidro,Antioquia,Water,2035,10511.999999993795,14611679.999991374,0.0,1200.0,332964010.891751,52536000.0,38.06237546537086,0.9999999999994096,,
JAGUAS,JAGUAS,Hidro,Antioquia,Water,2023,904.185238244316,1256817.481159599,0.0,170.0,20196000.6606414,7442600.0,31.95740974261879,0.6071617232368491,,
JAGUAS,JAGUAS,Hidro,Antioquia,Water,2024,904.1852382439038,1256817.4811590258,0.0,170.0,20196000.6606414,7442600.0,31.95740974263273,0.6071617232365724,,
JAGUAS,JAGUAS,Hidro,Antioquia,Water,2025,904.1852382436227,1256817.4811586356,0.0,170.0,20196000.6606414,7442600.0,31.95740974264223,0.6071617232363836,,
JAGUAS,JAGUAS,Hidro,Antioquia,Water,2026,904.1852382216736,1256817.4811281264,0.0,170.0,20196000.6606414,7442600.0,31.957409743384257,0.6071617232216447,,
JAGUAS,JAGUAS,Hidro,Antioquia,Water,2027,904.185238231657,1256817.481142003,0.0,170.0,20196000.6606414,7442600.0,31.95740974304675,0.6071617232283486,,
JAGUAS,JAGUAS,Hidro,Antioquia,Water,2028,903.23870653366,1255501.8020817873,0.0,170.0,20196000.6606414,7442600.0,31.989442274467475,0.6065261257948292,,
JAGUAS,JAGUAS,Hidro,Antioquia,Water,2029,904.1852382287614,1256817.4811379781,0.0,170.0,20196000.6606414,7442600.0,31.95740974314464,0.6071617232264042,,
JAGUAS,JAGUAS,Hidro,Antioquia,Water,2030,904.185238229936,1256817.481139611,0.0,170.0,20196000.6606414,7442600.0,31.957409743104932,0.607161723227193,,
JAGUAS,JAGUAS,Hidro,Antioquia,Water,2031,904.1852382285804,1256817.4811377265,0.0,170.0,20196000.6606414,7442600.0,31.95740974315076,0.6071617232262826,,
JAGUAS,JAGUAS,Hidro,Antioquia,Water,2032,904.1852382266247,1256817.4811350084,0.0,170.0,20196000.6606414,7442600.0,31.957409743216875,0.6071617232249695,,
JAGUAS,JAGUAS,Hidro,Antioquia,Water,2033,904.1852379143804,1256817.4807009888,0.0,170.0,20196000.6606414,7442600.0,31.957409753772787,0.6071617230152969,,
JAGUAS,JAGUAS,Hidro,Antioquia,Water,2034,897.6920903503651,1247792.0055870072,0.0,170.0,20196000.6606414,7442600.0,32.178508618644706,0.6028015648337127,,
JAGUAS,JAGUAS,Hidro,Antioquia,Water,2035,904.1852382114255,1256817.4811138813,0.0,170.0,20196000.6606414,7442600.0,31.957409743730707,0.6071617232147631,,
LA TASAJERA,LA TASAJERA,Hidro,Antioquia,Water,2023,2032.2233727091473,2824790.4880657145,0.0,306.0,36435421.191857144,13396680.0,25.910976316410636,0.7581338872135475,,
LA TASAJERA,LA TASAJERA,Hidro,Antioquia,Water,2024,2032.2233727090247,2824790.488065544,0.0,306.0,36435421.191857144,13396680.0,25.910976316412114,0.7581338872135017,,
LA TASAJERA,LA TASAJERA,Hidro,Antioquia,Water,2025,2032.22337270868,2824790.4880650654,0.0,306.0,36435421.191857144,13396680.0,25.91097631641627,0.7581338872133732,,
LA TASAJERA,LA TASAJERA,Hidro,Antioquia,Water,2026,2032.223372686089,2824790.4880336635,0.0,306.0,36435421.191857144,13396680.0,25.91097631668886,0.7581338872049455,,
LA TASAJERA,LA TASAJERA,Hidro,Antioquia,Water,2027,2032.223372696318,2824790.488047882,0.0,306.0,36435421.191857144,13396680.0,25.910976316565435,0.7581338872087614,,
LA TASAJERA,LA TASAJERA,Hidro,Antioquia,Water,2028,2030.9969110087645,2823085.706302182,0.0,306.0,36435421.191857144,13396680.0,25.92578384179143,0.7576763478559569,,
LA TASAJERA,LA TASAJERA,Hidro,Antioquia,Water,2029,2032.2233726931945,2824790.48804354,0.0,306.0,36435421.191857144,13396680.0,25.910976316603122,0.7581338872075962,,
LA TASAJERA,LA TASAJERA,Hidro,Antioquia,Water,2030,2032.2233726945133,2824790.4880453735,0.0,306.0,36435421.191857144,13396680.0,25.910976316587213,0.7581338872080882,,
LA TASAJERA,LA TASAJERA,Hidro,Antioquia,Water,2031,2032.22337269305,2824790.4880433385,0.0,306.0,36435421.191857144,13396680.0,25.910976316604867,0.7581338872075423,,
LA TASAJERA,LA TASAJERA,Hidro,Antioquia,Water,2032,2032.2233726909744,2824790.488040454,0.0,306.0,36435421.191857144,13396680.0,25.91097631662991,0.758133887206768,,
LA TASAJERA,LA TASAJERA,Hidro,Antioquia,Water,2033,2032.2233723476643,2824790.4875632534,0.0,306.0,36435421.191857144,13396680.0,25.910976320772317,0.7581338870786939,,
LA TASAJERA,LA TASAJERA,Hidro,Antioquia,Water,2034,1998.2935406754357,2777628.0215388555,0.0,306.0,36435421.191857144,13396680.0,26.327327863759987,0.745476147027276,,
LA TASAJERA,LA TASAJERA,Hidro,Antioquia,Water,2035,2032.2233726737977,2824790.4880165784,0.0,306.0,36435421.191857144,13396680.0,25.91097631683716,0.7581338872003601,,
MERILECTRICA,MERILECTRICA,Thermal,Nordeste,GASNACIO,2023,519.1016937171441,3675239.9915173813,275652.18746378226,164.0,19822680.648429547,23488080.0,90.51405766660694,0.3613303915505235,,
MERILECTRICA,MERILECTRICA,Thermal,Nordeste,GASNACIO,2024,513.0857147909277,3632646.8607197683,272457.5961711344,164.0,19822680.648429547,23488080.0,91.49232994779017,0.35714285749452024,,
MERILECTRICA,MERILECTRICA,Thermal,Nordeste,GASNACIO,2025,513.085714546161,3632646.858986819,272457.5960411589,164.0,19822680.648429547,23488080.0,91.49232998805893,0.3571428573241458,,
MERILECTRICA,MERILECTRICA,Thermal,Nordeste,GASNACIO,2026,80.7702018934003,571853.029405274,42890.40683796906,164.0,19822680.648429547,23488080.0,543.3020179366475,0.056221601718872014,,
MERILECTRICA,MERILECTRICA,Thermal,Nordeste,GASNACIO,2027,86.50243923838633,612437.2698077752,45934.326328757656,164.0,19822680.648429547,23488080.0,507.7683161880822,0.060211632168383385,,
MERILECTRICA,MERILECTRICA,Thermal,Nordeste,GASNACIO,2028,8.280673813029781e-07,0.005862717059625084,0.00043971843626453044,164.0,19822680.648429547,23488080.0,52303425581.31205,5.763917065534705e-10,,
MERILECTRICA,MERILECTRICA,Thermal,Nordeste,GASNACIO,2029,51.30856736133122,363264.6569182251,27245.757430509173,164.0,19822680.648429547,23488080.0,851.2033672228932,0.035714282883207486,,
MERILECTRICA,MERILECTRICA,Thermal,Nordeste,GASNACIO,2030,102.61714244191505,726529.3684887587,54491.518960078116,164.0,19822680.648429547,23488080.0,429.14165186235795,0.07142857113954437,,
MERILECTRICA,MERILECTRICA,Thermal,Nordeste,GASNACIO,2031,18.37304984097497,130081.19287410282,9756.414668539897,164.0,19822680.648429547,23488080.0,2364.3783812322386,0.012788903163614383,,
MERILECTRICA,MERILECTRICA,Thermal,Nordeste,GASNACIO,2032,15.902701151656943,112591.12415373117,8444.61578934022,164.0,19822680.648429547,23488080.0,2730.564534821739,0.011069370998758868,,
MERILECTRICA,MERILECTRICA,Thermal,Nordeste,GASNACIO,2033,0.6753120589202865,4781.209377155628,358.6026563101149,164.0,19822680.648429547,23488080.0,64141.51988794805,0.00047006352246929385,,
MERILECTRICA,MERILECTRICA,Thermal,Nordeste,GASNACIO,2034,9.408862091196517e-07,0.006661474360567132,0.0004996272307284363,164.0,19822680.648429547,23488080.0,46031879557.05622,6.549213505955921e-10,,
MERILECTRICA,MERILECTRICA,Thermal,Nordeste,GASNACIO,2035,1.347279595135268e-06,0.009538739533557697,0.000715429311865661,164.0,19822680.648429547,23488080.0,32146824470.84775,9.37799027686315e-10,,
MIEL I,MIEL I,Hidro,Surocciden,Water,2023,1233.1958306046763,1714142.2045405,0.0,396.0,47900161.566885956,17336880.0,54.29079640870833,0.3554943933065461,,
MIEL I,MIEL I,Hidro,Surocciden,Water,2024,1233.195830605027,1714142.204540987,0.0,396.0,47900161.566885956,17336880.0,54.2907964086933,0.35549439330664706,,
MIEL I,MIEL I,Hidro,Surocciden,Water,2025,1233.1958306047025,1714142.2045405365,0.0,396.0,47900161.566885956,17336880.0,54.290796408707216,0.35549439330655364,,
MIEL I,MIEL I,Hidro,Surocciden,Water,2026,1233.1958305840203,1714142.2045117882,0.0,396.0,47900161.566885956,17336880.0,54.29079640959443,0.3554943933005915,,
MIEL I,MIEL I,Hidro,Surocciden,Water,2027,1233.1958305934274,1714142.204524864,0.0,396.0,47900161.566885956,17336880.0,54.29079640919089,0.35549439330330335,,
MIEL I,MIEL I,Hidro,Surocciden,Water,2028,1233.195829820872,1714142.2034510116,0.0,396.0,47900161.566885956,17336880.0,54.29079644233144,0.35549439308059816,,
MIEL I,MIEL I,Hidro,Surocciden,Water,2029,1233.1958305908015,1714142.2045212141,0.0,396.0,47900161.566885956,17336880.0,54.29079640930353,0.3554943933025464,,
MIEL I,MIEL I,Hidro,Surocciden,Water,2030,1233.1958305920448,1714142.204522942,0.0,396.0,47900161.566885956,17336880.0,54.29079640925019,0.35549439330290483,,
MIEL I,MIEL I,Hidro,Surocciden,Water,2031,1233.19583059171,1714142.2045224765,0.0,396.0,47900161.566885956,17336880.0,54.29079640926455,0.3554943933028083,,
MIEL I,MIEL I,Hidro,Surocciden,Water,2032,1233.1958305900082,1714142.204520111,0.0,396.0,47900161.566885956,17336880.0,54.29079640933756,0.35549439330231775,,
MIEL I,MIEL I,Hidro,Surocciden,Water,2033,1233.1958303696765,1714142.2042138507,0.0,396.0,47900161.566885956,17336880.0,54.2907964187892,0.35549439323880244,,
MIEL I,MIEL I,Hidro,Surocciden,Water,2034,1233.1958296445694,1714142.2032059513,0.0,396.0,47900161.566885956,17336880.0,54.29079644989435,0.35549439302977526,,
MIEL I,MIEL I,Hidro,Surocciden,Water,2035,1233.195830587742,1714142.204516961,0.0,396.0,47900161.566885956,17336880.0,54.290796409434776,0.3554943933016644,,
PAIPA 1,PAIPA 1,Thermal,Nordeste,CARBON,2023,1.2728850029177741e-06,0.010680915565431253,0.0014718566585913673,36.0,9966240.326010633,5155920.0,11880225080.84213,4.036291866177619e-09,,
PAIPA 1,PAIPA 1,Thermal,Nordeste,CARBON,2024,112.62856166581335,945078.427863471,130234.15159688579,36.0,9966240.326010633,5155920.0,142.65687598451385,0.35714282618535426,,
PAIPA 1,PAIPA 1,Thermal,Nordeste,CARBON,2025,247.7828552250446,2079172.7054318504,286515.15613097505,36.0,9966240.326010633,5155920.0,69.42099773537463,0.7857142796329419,,
PAIPA 1,PAIPA 1,Thermal,Nordeste,CARBON,2026,22.525715390675682,189015.71122861616,26046.833854826848,36.0,9966240.326010633,5155920.0,679.7198566921951,0.07142857493238103,,
PAIPA 1,PAIPA 1,Thermal,Nordeste,CARBON,2027,25.939561115645063,217661.6594943464,29994.316581217685,36.0,9966240.326010633,5155920.0,591.3678306705426,0.08225380871272531,,
PAIPA 1,PAIPA 1,Thermal,Nordeste,CARBON,2028,67.57714364612117,567047.1124906994,78140.49864373641,36.0,9966240.326010633,5155920.0,232.1673659463982,0.21428571678754807,,
PAIPA 1,PAIPA 1,Thermal,Nordeste,CARBON,2029,78.84000001853346,661554.9570041962,91163.91404143053,36.0,9966240.326010633,5155920.0,200.19933129508425,0.2500000000587692,,
PAIPA 1,PAIPA 1,Thermal,Nordeste,CARBON,2030,112.6285708905994,945078.5052696473,130234.16226364892,36.0,9966240.326010633,5155920.0,142.6568649875441,0.35714285543695895,,
PAIPA 1,PAIPA 1,Thermal,Nordeste,CARBON,2031,101.36571359009504,850570.6529684296,117210.74579278754,36.0,9966240.326010633,5155920.0,157.5752827387962,0.3214285692227772,,
PAIPA 1,PAIPA 1,Thermal,Nordeste,CARBON,2032,112.62856887805202,945078.4883821447,130234.15993650918,36.0,9966240.326010633,5155920.0,142.656867386724,0.3571428490552131,,
PAIPA 1,PAIPA 1,Thermal,Nordeste,CARBON,2033,78.84000069732829,661554.9627000372,91163.91482633153,36.0,9966240.326010633,5155920.0,200.19932964365822,0.25000000221121343,,
PAIPA 1,PAIPA 1,Thermal,Nordeste,CARBON,2034,67.57714351756933,567047.1114120069,78140.49849508994,36.0,9966240.326010633,5155920.0,232.16736637208732,0.2142857163799128,,
PAIPA 1,PAIPA 1,Thermal,Nordeste,CARBON,2035,78.84000080903469,661554.9636373775,91163.91495549936,36.0,9966240.326010633,5155920.0,200.19932937189,0.25000000256543214,,
PAIPA 2,PAIPA 2,Thermal,Nordeste,CARBON,2023,513.0095273781042,4304718.363109886,503668.4960007454,72.0,19932480.652021267,10311840.0,67.34580387172308,0.8133712699424531,,
PAIPA 2,PAIPA 2,Thermal,Nordeste,CARBON,2024,630.7199983355924,5292439.640823216,619235.6593898985,72.0,19932480.652021267,10311840.0,56.3431639818342,0.9999999973610989,,
PAIPA 2,PAIPA 2,Thermal,Nordeste,CARBON,2025,630.7199992414216,5292439.648424127,619235.660279234,72.0,19932480.652021267,10311840.0,56.343163912966276,0.9999999987972819,,
PAIPA 2,PAIPA 2,Thermal,Nordeste,CARBON,2026,90.10285760305239,756062.8116886108,88462.23774095874,72.0,19932480.652021267,10311840.0,344.0554971106675,0.1428571435867776,,
PAIPA 2,PAIPA 2,Thermal,Nordeste,CARBON,2027,225.25714233757773,1890157.0152079298,221155.5927127524,72.0,19932480.652021267,10311840.0,142.6568646559114,0.35714285631909193,,
PAIPA 2,PAIPA 2,Thermal,Nordeste,CARBON,2028,157.68000124136873,1323109.9241138191,154808.9164747655,72.0,19932480.652021267,10311840.0,200.19932983012365,0.2500000019681772,,
PAIPA 2,PAIPA 2,Thermal,Nordeste,CARBON,2029,180.2057156711044,1512125.6272790837,176924.47593845022,72.0,19932480.652021267,10311840.0,176.22330213576254,0.2857142879108073,,
PAIPA 2,PAIPA 2,Thermal,Nordeste,CARBON,2030,225.25714319725273,1890157.0224215556,221155.5935567742,72.0,19932480.652021267,10311840.0,142.6568641434974,0.35714285768209775,,
PAIPA 2,PAIPA 2,Thermal,Nordeste,CARBON,2031,225.2571426080833,1890157.0174777715,221155.59297833257,72.0,19932480.652021267,10311840.0,142.65686449467506,0.35714285674797575,,
PAIPA 2,PAIPA 2,Thermal,Nordeste,CARBON,2032,225.25714272744293,1890157.0184793312,221155.59309551888,72.0,19932480.652021267,10311840.0,142.65686442353012,0.3571428569372192,,
PAIPA 2,PAIPA 2,Thermal,Nordeste,CARBON,2033,157.6800038507304,1323109.9460092545,154808.91903661515,72.0,19932480.652021267,10311840.0,200.19932665599245,0.25000000610529294,,
PAIPA 2,PAIPA 2,Thermal,Nordeste,CARBON,2034,226.72388016240913,1902464.5707433773,222595.62373524797,72.0,19932480.652021267,10311840.0,141.7882633260199,0.3594683538850981,,
PAIPA 2,PAIPA 2,Thermal,Nordeste,CARBON,2035,180.2057162317663,1512125.6319836583,176924.47648890343,72.0,19932480.652021267,10311840.0,176.22330161359756,0.2857142887997309,,
PAIPA 3,PAIPA 3,Thermal,Nordeste,CARBON,2023,131.40000092632678,1102591.602520708,139761.20636527057,70.0,19378800.633909564,10025400.0,232.16736698148722,0.21428571579635805,,
PAIPA 3,PAIPA 3,Thermal,Nordeste,CARBON,2024,314.07930500591164,2635473.377349687,334064.70511825633,70.0,19378800.633909564,10025400.0,102.01141399830911,0.5121971705902014,,
PAIPA 3,PAIPA 3,Thermal,Nordeste,CARBON,2025,613.199996836013,5145427.4156070445,652218.9550746831,70.0,19378800.633909564,10025400.0,56.34316410271632,0.9999999948402037,,
PAIPA 3,PAIPA 3,Thermal,Nordeste,CARBON,2026,87.59999419492829,735061.0144542162,93174.13074554171,70.0,19378800.633909564,10025400.0,344.05552106884426,0.14285713339029396,,
PAIPA 3,PAIPA 3,Thermal,Nordeste,CARBON,2027,120.97088633079039,1015079.7753235998,128668.46947852535,70.0,19378800.633909564,10025400.0,251.4595150278785,0.19727802728439395,,
PAIPA 3,PAIPA 3,Thermal,Nordeste,CARBON,2028,131.4000045115631,1102591.6326048137,139761.21017864152,70.0,19378800.633909564,10025400.0,232.16736087577382,0.2142857216431231,,
PAIPA 3,PAIPA 3,Thermal,Nordeste,CARBON,2029,175.19999623957168,1470122.0947762395,186348.26984028917,70.0,19378800.633909564,10025400.0,176.22330702831573,0.2857142795818194,,
PAIPA 3,PAIPA 3,Thermal,Nordeste,CARBON,2030,218.99999988640772,1837652.656959835,232935.34217917966,70.0,19378800.633909564,10025400.0,142.65686441586357,0.357142856957612,,
PAIPA 3,PAIPA 3,Thermal,Nordeste,CARBON,2031,218.9999951097799,1837652.616878635,232935.33709860686,70.0,19378800.633909564,10025400.0,142.65686734434559,0.35714284916793837,,
PAIPA 3,PAIPA 3,Thermal,Nordeste,CARBON,2032,218.99999932295225,1837652.6522318195,232935.34157987058,70.0,19378800.633909564,10025400.0,142.65686476131003,0.35714285603873486,,
PAIPA 3,PAIPA 3,Thermal,Nordeste,CARBON,2033,153.30000141686634,1286356.8724281788,163054.741117024,70.0,19378800.633909564,10025400.0,200.1993295673976,0.2500000023106104,,
PAIPA 3,PAIPA 3,Thermal,Nordeste,CARBON,2034,131.40000126591298,1102591.605370213,139761.2067264652,70.0,19378800.633909564,10025400.0,232.16736640316662,0.2142857163501516,,
PAIPA 3,PAIPA 3,Thermal,Nordeste,CARBON,2035,171.3879945777165,1438135.1770325091,182293.70403228735,70.0,19378800.633909564,10025400.0,179.95622089478678,0.2794977080523752,,
PAIPA 4,PAIPA 4,Thermal,Nordeste,CARBON,2023,1445.3999985483363,12128507.530044734,1250005.4787645775,165.0,45678601.4942154,23631300.0,56.34316390345335,0.9999999989956662,,
PAIPA 4,PAIPA 4,Thermal,Nordeste,CARBON,2024,1445.3999993521145,12128507.536789324,1250005.4794596978,165.0,45678601.4942154,23631300.0,56.34316387678749,0.9999999995517602,,
PAIPA 4,PAIPA 4,Thermal,Nordeste,CARBON,2025,1445.39999955341,12128507.538478415,1250005.4796337814,165.0,45678601.4942154,23631300.0,56.343163870109386,0.9999999996910266,,
PAIPA 4,PAIPA 4,Thermal,Nordeste,CARBON,2026,516.214291531616,4331609.885323062,446430.5336094935,165.0,45678601.4942154,23631300.0,142.65686283315196,0.35714286116757704,,
PAIPA 4,PAIPA 4,Thermal,Nordeste,CARBON,2027,562.3058930364018,4718369.492687155,486291.30188393674,165.0,45678601.4942154,23631300.0,131.65124517396833,0.38903133598754785,,
PAIPA 4,PAIPA 4,Thermal,Nordeste,CARBON,2028,874.9344055203424,7341669.113260217,756657.5353248019,165.0,45678601.4942154,23631300.0,87.6083625513495,0.6053233745124825,,
PAIPA 4,PAIPA 4,Thermal,Nordeste,CARBON,2029,526.5911238800334,4418683.0065367,455404.58736677206,165.0,45678601.4942154,23631300.0,140.01106581042325,0.36432207269962175,,
PAIPA 4,PAIPA 4,Thermal,Nordeste,CARBON,2030,734.1411985133218,6160258.103796534,634897.2749758563,165.0,45678601.4942154,23631300.0,102.80060532067041,0.5079155932705975,,
PAIPA 4,PAIPA 4,Thermal,Nordeste,CARBON,2031,549.5845866400591,4611623.636470877,475289.70875508524,165.0,45678601.4942154,23631300.0,134.50436370971207,0.38023010006922586,,
PAIPA 4,PAIPA 4,Thermal,Nordeste,CARBON,2032,605.2353987703945,5078595.612846803,523417.43819363706,165.0,45678601.4942154,23631300.0,122.90837128527349,0.41873211482661854,,
PAIPA 4,PAIPA 4,Thermal,Nordeste,CARBON,2033,686.70479901033,5762214.151155002,593873.5034723573,165.0,45678601.4942154,23631300.0,109.32225281309137,0.4750967199462639,,
PAIPA 4,PAIPA 4,Thermal,Nordeste,CARBON,2034,888.6810325132565,7457018.545364635,768545.8424182942,165.0,45678601.4942154,23631300.0,86.38298470540937,0.6148339784926361,,
PAIPA 4,PAIPA 4,Thermal,Nordeste,CARBON,2035,809.9769649865601,6796604.212583822,700481.2819449063,165.0,45678601.4942154,23631300.0,93.9613211198692,0.5603825688297772,,
PLAYAS,PLAYAS,Hidro,Antioquia,Water,2023,1794.9428371514487,2494970.543640514,0.0,207.0,25374060.830023497,9062460.0,20.575302237632158,0.9898654606751419,,
PLAYAS,PLAYAS,Hidro,Antioquia,Water,2024,1794.9428371510874,2494970.543640011,0.0,207.0,25374060.830023497,9062460.0,20.575302237636016,0.9898654606749426,,
PLAYAS,PLAYAS,Hidro,Antioquia,Water,2025,1794.9428371507806,2494970.543639585,0.0,207.0,25374060.830023497,9062460.0,20.575302237639296,0.9898654606747735,,
PLAYAS,PLAYAS,Hidro,Antioquia,Water,2026,1794.9428371276817,2494970.5436074776,0.0,207.0,25374060.830023497,9062460.0,20.57530223788619,0.9898654606620351,,
PLAYAS,PLAYAS,Hidro,Antioquia,Water,2027,1794.9428371381161,2494970.5436219815,0.0,207.0,25374060.830023497,9062460.0,20.57530223777466,0.9898654606677894,,
PLAYAS,PLAYAS,Hidro,Antioquia,Water,2028,1780.8927153693173,2475440.8743633507,0.0,207.0,25374060.830023497,9062460.0,20.726662187919686,0.9821171747784819,,
PLAYAS,PLAYAS,Hidro,Antioquia,Water,2029,1794.9428371348429,2494970.543617431,0.0,207.0,25374060.830023497,9062460.0,20.575302237809645,0.9898654606659841,,
PLAYAS,PLAYAS,Hidro,Antioquia,Water,2030,1794.9428371362742,2494970.543619421,0.0,207.0,25374060.830023497,9062460.0,20.575302237794347,0.9898654606667736,,
PLAYAS,PLAYAS,Hidro,Antioquia,Water,2031,1794.9428371347508,2494970.5436173035,0.0,207.0,25374060.830023497,9062460.0,20.57530223781063,0.9898654606659335,,
PLAYAS,PLAYAS,Hidro,Antioquia,Water,2032,1794.9428371325544,2494970.5436142506,0.0,207.0,25374060.830023497,9062460.0,20.57530223783411,0.989865460664722,,
PLAYAS,PLAYAS,Hidro,Antioquia,Water,2033,1794.9428367682394,2494970.543107853,0.0,207.0,25374060.830023497,9062460.0,20.5753022417281,0.9898654604638117,,
PLAYAS,PLAYAS,Hidro,Antioquia,Water,2034,1742.748189392691,2422419.983255841,0.0,207.0,25374060.830023497,9062460.0,21.1498947682877,0.961081435925645,,
PLAYAS,PLAYAS,Hidro,Antioquia,Water,2035,1794.9428371149497,2494970.54358978,0.0,207.0,25374060.830023497,9062460.0,20.575302238022275,0.9898654606550136,,
PORCE II,PORCE II,Hidro,Antioquia,Water,2023,2357.459526339682,3276868.741612158,0.0,405.0,49681351.62515135,17730900.0,29.98529543220588,0.6644848994700042,,
PORCE II,PORCE II,Hidro,Antioquia,Water,2024,2357.4595263395263,3276868.7416119417,0.0,405.0,49681351.62515135,17730900.0,29.98529543220777,0.6644848994699605,,
PORCE II,PORCE II,Hidro,Antioquia,Water,2025,2357.4595263389683,3276868.741611165,0.0,405.0,49681351.62515135,17730900.0,29.98529543221454,0.6644848994698033,,
PORCE II,PORCE II,Hidro,Antioquia,Water,2026,2357.459526317074,3276868.741580732,0.0,405.0,49681351.62515135,17730900.0,29.985295432480115,0.6644848994636319,,
PORCE II,PORCE II,Hidro,Antioquia,Water,2027,2357.459526327058,3276868.7415946103,0.0,405.0,49681351.62515135,17730900.0,29.985295432359006,0.6644848994664462,,
PORCE II,PORCE II,Hidro,Antioquia,Water,2028,2356.284135941053,3275234.948958063,0.0,405.0,49681351.62515135,17730900.0,29.99955968632715,0.6641535982696468,,
PORCE II,PORCE II,Hidro,Antioquia,Water,2029,2357.459526324121,3276868.741590528,0.0,405.0,49681351.62515135,17730900.0,29.985295432394636,0.6644848994656182,,
PORCE II,PORCE II,Hidro,Antioquia,Water,2030,2357.4595263253204,3276868.7415921954,0.0,405.0,49681351.62515135,17730900.0,29.985295432380084,0.6644848994659563,,
PORCE II,PORCE II,Hidro,Antioquia,Water,2031,2357.4595263239326,3276868.741590266,0.0,405.0,49681351.62515135,17730900.0,29.985295432396914,0.6644848994655651,,
PORCE II,PORCE II,Hidro,Antioquia,Water,2032,2357.459526321925,3276868.741587475,0.0,405.0,49681351.62515135,17730900.0,29.98529543242127,0.6644848994649992,,
PORCE II,PORCE II,Hidro,Antioquia,Water,2033,2357.459526008752,3276868.741152165,0.0,405.0,49681351.62515135,17730900.0,29.985295436219964,0.6644848993767268,,
PORCE II,PORCE II,Hidro,Antioquia,Water,2034,2350.4920896141116,3267184.0045636147,0.0,405.0,49681351.62515135,17730900.0,30.070058921712285,0.6625210241879788,,
PORCE II,PORCE II,Hidro,Antioquia,Water,2035,2357.4595263067313,3276868.7415663563,0.0,405.0,49681351.62515135,17730900.0,29.985295432605568,0.6644848994607168,,
PORCE III,PORCE III,Hidro,Antioquia,Water,2023,5434.113833787103,7553418.228964072,0.0,700.0,85932002.81096439,30646000.0,22.842992406255814,0.8861894706110734,,
PORCE III,PORCE III,Hidro,Antioquia,Water,2024,5434.113833787413,7553418.228964503,0.0,700.0,85932002.81096439,30646000.0,22.842992406254595,0.8861894706111237,,
PORCE III,PORCE III,Hidro,Antioquia,Water,2025,5434.113833787209,7553418.22896422,0.0,700.0,85932002.81096439,30646000.0,22.84299240625539,0.8861894706110908,,
PORCE III,PORCE III,Hidro,Antioquia,Water,2026,5434.113833765147,7553418.228933554,0.0,700.0,85932002.81096439,30646000.0,22.84299240634249,0.8861894706074929,,
PORCE III,PORCE III,Hidro,Antioquia,Water,2027,5434.1138337751745,7553418.22894749,0.0,700.0,85932002.81096439,30646000.0,22.842992406302905,0.8861894706091281,,
PORCE III,PORCE III,Hidro,Antioquia,Water,2028,5431.93739587402,7550392.980264888,0.0,700.0,85932002.81096439,30646000.0,22.851588069758403,0.8858345394445563,,
PORCE III,PORCE III,Hidro,Antioquia,Water,2029,5434.113833772216,7553418.22894338,0.0,700.0,85932002.81096439,30646000.0,22.842992406314586,0.8861894706086455,,
PORCE III,PORCE III,Hidro,Antioquia,Water,2030,5434.113833773468,7553418.228945119,0.0,700.0,85932002.81096439,30646000.0,22.84299240630964,0.8861894706088499,,
PORCE III,PORCE III,Hidro,Antioquia,Water,2031,5434.113833772133,7553418.228943265,0.0,700.0,85932002.81096439,30646000.0,22.842992406314913,0.8861894706086321,,
PORCE III,PORCE III,Hidro,Antioquia,Water,2032,5434.113833770185,7553418.228940558,0.0,700.0,85932002.81096439,30646000.0,22.842992406322605,0.8861894706083144,,
PORCE III,PORCE III,Hidro,Antioquia,Water,2033,5434.113833454916,7553418.228502331,0.0,700.0,85932002.81096439,30646000.0,22.842992407567234,0.8861894705569007,,
PORCE III,PORCE III,Hidro,Antioquia,Water,2034,5409.239131484236,7518842.392763088,0.0,700.0,85932002.81096439,30646000.0,22.941645245710678,0.8821329307704233,,
PORCE III,PORCE III,Hidro,Antioquia,Water,2035,5434.113833754921,7553418.228919339,0.0,700.0,85932002.81096439,30646000.0,22.842992406382866,0.8861894706058251,,
PRADO,PRADO,Hidro,Surocciden,Water,2023,379.1950392401359,527081.1045437888,0.0,51.0,6265350.204948979,2232780.0,23.800974104456312,0.8487667634527168,,
PRADO,PRADO,Hidro,Surocciden,Water,2024,379.19503923827017,527081.1045411954,0.0,51.0,6265350.204948979,2232780.0,23.800974104566578,0.8487667634485409,,
PRADO,PRADO,Hidro,Surocciden,Water,2025,379.1950392393069,527081.1045426365,0.0,51.0,6265350.204948979,2232780.0,23.800974104505308,0.8487667634508612,,
PRADO,PRADO,Hidro,Surocciden,Water,2026,379.19503920146866,527081.1044900413,0.0,51.0,6265350.204948979,2232780.0,23.800974106741602,0.8487667633661665,,
PRADO,PRADO,Hidro,Surocciden,Water,2027,379.1950392184951,527081.104513708,0.0,51.0,6265350.204948979,2232780.0,23.800974105735317,0.8487667634042775,,
PRADO,PRADO,Hidro,Surocciden,Water,2028,379.1950360844587,527081.1001573976,0.0,51.0,6265350.204948979,2232780.0,23.800974290961392,0.8487667563892438,,
PRADO,PRADO,Hidro,Surocciden,Water,2029,379.1950391734173,527081.1044510499,0.0,51.0,6265350.204948979,2232780.0,23.800974108399476,0.8487667633033781,,
PRADO,PRADO,Hidro,Surocciden,Water,2030,379.1950391929273,527081.104478169,0.0,51.0,6265350.204948979,2232780.0,23.800974107246407,0.8487667633470481,,
PRADO,PRADO,Hidro,Surocciden,Water,2031,379.1950391831095,527081.1044645221,0.0,51.0,6265350.204948979,2232780.0,23.800974107826654,0.8487667633250725,,
PRADO,PRADO,Hidro,Surocciden,Water,2032,379.1950391756244,527081.1044541178,0.0,51.0,6265350.204948979,2232780.0,23.80097410826904,0.8487667633083182,,
PRADO,PRADO,Hidro,Surocciden,Water,2033,379.1950382638989,527081.1031868195,0.0,51.0,6265350.204948979,2232780.0,23.80097416215333,0.8487667612675682,,
PRADO,PRADO,Hidro,Surocciden,Water,2034,379.195024138451,527081.0835524468,0.0,51.0,6265350.204948979,2232780.0,23.800974996987716,0.848766729650038,,
PRADO,PRADO,Hidro,Surocciden,Water,2035,379.1950391758648,527081.1044544519,0.0,51.0,6265350.204948979,2232780.0,23.800974108254824,0.8487667633088565,,
PRADO4,PRADO4,Hidro,Surocciden,Water,2023,43.544699435171225,60527.132214887984,0.0,5.0,614700.0201077574,218900.0,20.53354745630545,0.994171219981078,,
PRADO4,PRADO4,Hidro,Surocciden,Water,2024,43.544699435171225,60527.13221488798,0.0,5.0,614700.0201077574,218900.0,20.53354745630545,0.994171219981078,,
PRADO4,PRADO4,Hidro,Surocciden,Water,2025,43.54469943517121,60527.13221488797,0.0,5.0,614700.0201077574,218900.0,20.533547456305456,0.9941712199810777,,
PRADO4,PRADO4,Hidro,Surocciden,Water,2026,43.544699433484055,60527.13221254281,0.0,5.0,614700.0201077574,218900.0,20.533547457047177,0.9941712199425581,,
PRADO4,PRADO4,Hidro,Surocciden,Water,2027,43.5446994350805,60527.13221476188,0.0,5.0,614700.0201077574,218900.0,20.53354745634533,0.9941712199790068,,
PRADO4,PRADO4,Hidro,Surocciden,Water,2028,43.54469943513292,60527.13221483474,0.0,5.0,614700.0201077574,218900.0,20.533547456322292,0.9941712199802033,,
PRADO4,PRADO4,Hidro,Surocciden,Water,2029,43.54469943491935,60527.13221453787,0.0,5.0,614700.0201077574,218900.0,20.53354745641618,0.9941712199753274,,
PRADO4,PRADO4,Hidro,Surocciden,Water,2030,43.54469943517122,60527.13221488798,0.0,5.0,614700.0201077574,218900.0,20.533547456305453,0.9941712199810778,,
PRADO4,PRADO4,Hidro,Surocciden,Water,2031,43.54469943517122,60527.13221488798,0.0,5.0,614700.0201077574,218900.0,20.533547456305453,0.9941712199810778,,
PRADO4,PRADO4,Hidro,Surocciden,Water,2032,43.544699435171225,60527.13221488798,0.0,5.0,614700.0201077574,218900.0,20.53354745630545,0.994171219981078,,
PRADO4,PRADO4,Hidro,Surocciden,Water,2033,43.544699435171225,60527.132214887984,0.0,5.0,614700.0201077574,218900.0,20.53354745630545,0.994171219981078,,
PRADO4,PRADO4,Hidro,Surocciden,Water,2034,43.54469943517122,60527.13221488797,0.0,5.0,614700.0201077574,218900.0,20.533547456305453,0.9941712199810778,,
PRADO4,PRADO4,Hidro,Surocciden,Water,2035,43.544699435171225,60527.132214887984,0.0,5.0,614700.0201077574,218900.0,20.53354745630545,0.994171219981078,,
PROELECTRIC1,PROELECTRIC1,Thermal,Caribe,GASNACIO,2023,5.486345360097207e-07,0.003884332514948822,0.0002677567510867097,45.0,5536350.181102298,6444900.0,21838308379.43156,1.3917669609581954e-09,,
PROELECTRIC1,PROELECTRIC1,Thermal,Caribe,GASNACIO,2024,4.912722444256096e-07,0.003478207490533316,0.0002397615378411878,45.0,5536350.181102298,6444900.0,24388209023.672523,1.2462512542506583e-09,,
PROELECTRIC1,PROELECTRIC1,Thermal,Caribe,GASNACIO,2025,5.774616715752283e-07,0.004088428634752617,0.00028182560686508475,45.0,5536350.181102298,6444900.0,20748130611.86846,1.4648951587397975e-09,,
PROELECTRIC1,PROELECTRIC1,Thermal,Caribe,GASNACIO,2026,4.2231849560101237e-07,0.0029900149488551672,0.00020610920546195886,45.0,5536350.181102298,6444900.0,28370176321.64437,1.07133053171236e-09,,
PROELECTRIC1,PROELECTRIC1,Thermal,Caribe,GASNACIO,2027,3.754720248279989e-07,0.0026583419357822323,0.00018324615548830875,45.0,5536350.181102298,6444900.0,31909834532.277515,9.524911842414986e-10,,
PROELECTRIC1,PROELECTRIC1,Thermal,Caribe,GASNACIO,2028,2.701594353972975e-07,0.0019127288026128664,0.00013184917818611145,45.0,5536350.181102298,6444900.0,44348812638.71223,6.85335959911967e-10,,
PROELECTRIC1,PROELECTRIC1,Thermal,Caribe,GASNACIO,2029,2.8065759884984663e-07,0.001987055799856914,0.00013697272392363674,45.0,5536350.181102298,6444900.0,42689919076.44513,7.119675262553186e-10,,
PROELECTRIC1,PROELECTRIC1,Thermal,Caribe,GASNACIO,2030,3.5179322331035265e-07,0.0024906960210372966,0.00017168990347015344,45.0,5536350.181102298,6444900.0,34057649180.53328,8.924231945975459e-10,,
PROELECTRIC1,PROELECTRIC1,Thermal,Caribe,GASNACIO,2031,3.292691290806348e-07,0.002331225433890894,0.0001606971972216841,45.0,5536350.181102298,6444900.0,36387408126.86218,8.352844471857806e-10,,
PROELECTRIC1,PROELECTRIC1,Thermal,Caribe,GASNACIO,2032,3.33857293939628e-07,0.0023637096410925665,0.00016293641483461336,45.0,5536350.181102298,6444900.0,35887339893.29165,8.469236274470522e-10,,
PROELECTRIC1,PROELECTRIC1,Thermal,Caribe,GASNACIO,2033,2.9640287616893356e-07,0.0020985323632760496,0.00014465708213152632,45.0,5536350.181102298,6444900.0,40422179224.6448,7.519098837365132e-10,,
PROELECTRIC1,PROELECTRIC1,Thermal,Caribe,GASNACIO,2034,2.427967451648922e-07,0.0017190009557674366,0.00011849503338343885,45.0,5536350.181102298,6444900.0,49346831954.7875,6.159227426811064e-10,,
PROELECTRIC1,PROELECTRIC1,Thermal,Caribe,GASNACIO,2035,2.9256399579094286e-07,0.002071353090199875,0.0001427835468902029,45.0,5536350.181102298,6444900.0,40952579112.75959,7.42171475877582e-10,,
PROELECTRIC2,PROELECTRIC2,Thermal,Caribe,GASNACIO,2023,6.201386201757277e-07,0.004390581430844152,0.0002952922129492825,45.0,5544450.181367261,6444900.0,19333339024.040203,1.5731573317496893e-09,,
PROELECTRIC2,PROELECTRIC2,Thermal,Caribe,GASNACIO,2024,5.482613853598395e-07,0.003881690608347663,0.00026106633660659574,45.0,5544450.181367261,6444900.0,21867945664.96782,1.3908203585992882e-09,,
PROELECTRIC2,PROELECTRIC2,Thermal,Caribe,GASNACIO,2025,6.55922656268049e-07,0.004643932406377786,0.00031233154393461003,45.0,5544450.181367261,6444900.0,18278603538.75569,1.6639336790158519e-09,,
PROELECTRIC2,PROELECTRIC2,Thermal,Caribe,GASNACIO,2026,4.658699510867082e-07,0.003298359253693894,0.00022183390023989424,45.0,5544450.181367261,6444900.0,25735401385.512737,1.1818111392356876e-09,,
PROELECTRIC2,PROELECTRIC2,Thermal,Caribe,GASNACIO,2027,4.0721287077081283e-07,0.002883067125057355,0.00019390308205166997,45.0,5544450.181367261,6444900.0,29442463745.204567,1.0330108340203266e-09,,
PROELECTRIC2,PROELECTRIC2,Thermal,Caribe,GASNACIO,2028,2.8621396935816785e-07,0.002026394903055828,0.00013628687786743896,45.0,5544450.181367261,6444900.0,41889465459.2844,7.260628344956058e-10,,
PROELECTRIC2,PROELECTRIC2,Thermal,Caribe,GASNACIO,2029,2.956177241900509e-07,0.00209297348726556,0.00014076467603061797,45.0,5544450.181367261,6444900.0,40556939595.92339,7.499181232624323e-10,,
PROELECTRIC2,PROELECTRIC2,Thermal,Caribe,GASNACIO,2030,3.744856514749134e-07,0.002651358412442387,0.00017831931949415644,45.0,5544450.181367261,6444900.0,32015512842.210407,9.499889687339251e-10,,
PROELECTRIC2,PROELECTRIC2,Thermal,Caribe,GASNACIO,2031,3.4838659677202924e-07,0.0024665771051459668,0.00016589169868751297,45.0,5544450.181367261,6444900.0,34413924918.240204,8.837813210858173e-10,,
PROELECTRIC2,PROELECTRIC2,Thermal,Caribe,GASNACIO,2032,3.5293870130613156e-07,0.002498806005247411,0.00016805928022125237,45.0,5544450.181367261,6444900.0,33970063751.854626,8.953290241149962e-10,,
PROELECTRIC2,PROELECTRIC2,Thermal,Caribe,GASNACIO,2033,3.107178489050721e-07,0.0021998823702479107,0.00014795492204633178,45.0,5544450.181367261,6444900.0,38585971889.98315,7.882238683538104e-10,,
PROELECTRIC2,PROELECTRIC2,Thermal,Caribe,GASNACIO,2034,2.5229740935385296e-07,0.001786265658225279,0.00012013678539865632,45.0,5544450.181367261,6444900.0,47520702705.029305,6.400238694922702e-10,,
PROELECTRIC2,PROELECTRIC2,Thermal,Caribe,GASNACIO,2035,3.0546339804921084e-07,0.002162680858188413,0.0001454529033515102,45.0,5544450.181367261,6444900.0,39249711291.42756,7.748944648635484e-10,,
PV_Antioquia,PV_Antioquia,pv_solar,Antioquia,Solar,2024,6.899254334471239e-08,0.0,0.0,8.821892648274264e-10,0.00010609627485772214,1.3970349197807125e-05,1.7402840688975876,8.927632001904673,,
PV_Antioquia,PV_Antioquia,pv_solar,Antioquia,Solar,2025,6.000387375622117e-08,0.0,0.0,6.4980700247400015e-09,0.0007279148046572718,9.584989067733246e-05,13.72852523957583,1.0541218010930111,,
PV_Antioquia,PV_Antioquia,pv_solar,Antioquia,Solar,2026,5.9576728065748184e-08,0.0,0.0,2.5822528189219842e-08,0.0027100042527440082,0.0003568460226467972,51.47731966761023,0.26337453500686586,,
PV_Antioquia,PV_Antioquia,pv_solar,Antioquia,Solar,2027,7.434715265287319e-08,0.0,0.0,4.872118873301392e-08,0.0048791706224073335,0.0006424839142700846,74.26854075310753,0.17419767668757904,,
PV_Antioquia,PV_Antioquia,pv_solar,Antioquia,Solar,2028,8.656316469619465e-08,0.0,0.0,7.092744653225848e-08,0.006824568109678412,0.0008986553042421698,89.22066841047572,0.13932039412990013,,
PV_Antioquia,PV_Antioquia,pv_solar,Antioquia,Solar,2029,9.907131443224597e-08,0.0,0.0,9.527205316273474e-08,0.008795920411496105,0.001158241844742938,100.47471675614649,0.11870753704256706,,
PV_Antioquia,PV_Antioquia,pv_solar,Antioquia,Solar,2030,1.3152731850065105e-07,0.0,0.0,1.314070183849006e-07,0.011498314706545842,0.0015140989822508275,98.93316336964827,0.1142597576595044,,
PV_Antioquia,PV_Antioquia,pv_solar,Antioquia,Solar,2031,1.6711486155638902e-07,0.0,0.0,1.708815181652125e-07,0.014233297223645169,0.001874224843746613,96.38593430517054,0.11163898352079953,,
PV_Antioquia,PV_Antioquia,pv_solar,Antioquia,Solar,2032,2.1367163687222957e-07,0.0,0.0,2.1848240146267037e-07,0.01729839769290761,0.0022778327332257584,91.61829203302017,0.11164166635702014,,
PV_Antioquia,PV_Antioquia,pv_solar,Antioquia,Solar,2033,2.8311315175932416e-07,0.0,0.0,2.825238817930189e-07,0.021139954834852797,0.0027836963863551814,84.50208361053318,0.11439334875144953,,
PV_Antioquia,PV_Antioquia,pv_solar,Antioquia,Solar,2034,4.194447566848503e-07,0.0,0.0,3.8026411112987225e-07,0.026601732785985228,0.0035028689938157486,71.77250710615047,0.12591727732889654,,
PV_Antioquia,PV_Antioquia,pv_solar,Antioquia,Solar,2035,5.548528801212747e-07,0.0,0.0,4.898520471261351e-07,0.03233949319551453,0.004258368224573985,65.95957727044562,0.12930306252358717,,
PV_Caribe,PV_Caribe,pv_solar,Caribe,Solar,2024,6.861367294946456e-08,0.0,0.0,1.5137956499811313e-09,0.000182056261351401,2.3972467913101196e-05,3.0027357581665504,5.174153504396781,,
PV_Caribe,PV_Caribe,pv_solar,Caribe,Solar,2025,7.95910287151251e-08,0.0,0.0,2.0140784031962592e-08,0.0022445299899526675,0.0002955539585223909,31.914199244322027,0.4511112306835195,,
PV_Caribe,PV_Caribe,pv_solar,Caribe,Solar,2026,7.75703665865497e-08,0.0,0.0,3.58041643069817e-08,0.0038511065107656108,0.000507103572516799,56.18395625885957,0.24731940684070544,,
PV_Caribe,PV_Caribe,pv_solar,Caribe,Solar,2027,8.89377429599252e-08,0.0,0.0,5.747770874277266e-08,0.005904218901842254,0.0007774593658088555,75.12758976424479,0.17663735395210442,,
PV_Caribe,PV_Caribe,pv_solar,Caribe,Solar,2028,1.009925513676381e-07,0.0,0.0,7.959944888402577e-08,0.007842212150138307,0.0010326557600783513,87.8764600956552,0.1448355513314679,,
PV_Caribe,PV_Caribe,pv_solar,Caribe,Solar,2029,1.1552539889867788e-07,0.0,0.0,1.0466139788143564e-07,0.009871652658009643,0.0012998913222377329,96.7020593458018,0.1260047275447847,,
PV_Caribe,PV_Caribe,pv_solar,Caribe,Solar,2030,1.608360667094559e-07,0.0,0.0,1.4598387231626723e-07,0.012962000704104543,0.0017068350504719544,91.20364638781662,0.1257692462634553,,
PV_Caribe,PV_Caribe,pv_solar,Caribe,Solar,2031,2.099280041350945e-07,0.0,0.0,1.905963611381454e-07,0.016052967724615876,0.002113834785993949,86.53825193764517,0.12573369129706025,,
PV_Caribe,PV_Caribe,pv_solar,Caribe,Solar,2032,2.7619362665337296e-07,0.0,0.0,2.4588240902583035e-07,0.019612928792255537,0.00258260518603363,80.36222358651631,0.12822776927893123,,
PV_Caribe,PV_Caribe,pv_solar,Caribe,Solar,2033,3.7607591456315077e-07,0.0,0.0,3.2458125633607696e-07,0.02433371471706594,0.003204247380937268,73.22447684529669,0.13226592613466867,,
PV_Caribe,PV_Caribe,pv_solar,Caribe,Solar,2034,6.109095656526351e-07,0.0,0.0,4.6355031547786954e-07,0.03209938242891845,0.004226781718102578,59.462424865149664,0.15044436938838132,,
PV_Caribe,PV_Caribe,pv_solar,Caribe,Solar,2035,8.178581929405705e-07,0.0,0.0,6.015730647945406e-07,0.03932592118470439,0.005178310551891708,54.41558465848857,0.15519778540150225,,
PV_Nordeste,PV_Nordeste,pv_solar,Nordeste,Solar,2024,6.540441455661848e-08,0.0,0.0,1.5192300519274495e-09,0.0001827098283642536,2.405852710232309e-05,3.1613822532970466,4.9145008420578185,,
PV_Nordeste,PV_Nordeste,pv_solar,Nordeste,Solar,2025,7.369858206700311e-08,0.0,0.0,1.857523955916739e-08,0.002071236883950132,0.0002727351457178814,31.804845682607436,0.4529190656108104,,
PV_Nordeste,PV_Nordeste,pv_solar,Nordeste,Solar,2026,6.604642671042843e-08,0.0,0.0,3.3849849158087645e-08,0.0036379376034204286,0.0004790340229608984,62.33450969923973,0.22273500815083233,,
PV_Nordeste,PV_Nordeste,pv_solar,Nordeste,Solar,2027,8.41251256486861e-08,0.0,0.0,5.7202860436759617e-08,0.005850144147081881,0.0007703394856510527,78.69805342556816,0.16788189912910625,,
PV_Nordeste,PV_Nordeste,pv_solar,Nordeste,Solar,2028,1.0054034305236307e-07,0.0,0.0,8.08964802006768e-08,0.007925843203167275,0.0010436690832476014,89.21306625881918,0.14187524701358178,,
PV_Nordeste,PV_Nordeste,pv_solar,Nordeste,Solar,2029,1.1816206292715096e-07,0.0,0.0,1.0706545701587425e-07,0.010044927461290862,0.0013227088830280519,96.20377355232252,0.12598666595943175,,
PV_Nordeste,PV_Nordeste,pv_solar,Nordeste,Solar,2030,1.6831757407061957e-07,0.0,0.0,1.5049650865253842e-07,0.013292967841275403,0.0017504178795459207,89.3750150801823,0.12767296139693107,,
PV_Nordeste,PV_Nordeste,pv_solar,Nordeste,Solar,2031,2.271148438786896e-07,0.0,0.0,1.998098208252662e-07,0.016709630431131436,0.0022003032264977162,83.26154880360724,0.12975514383559208,,
PV_Nordeste,PV_Nordeste,pv_solar,Nordeste,Solar,2032,3.082950070420164e-07,0.0,0.0,2.624607423299991e-07,0.020743828025824737,0.0027315203899363465,76.14573015956017,0.13409050680165469,,
PV_Nordeste,PV_Nordeste,pv_solar,Nordeste,Solar,2033,4.542444485699491e-07,0.0,0.0,3.6623642638322426e-07,0.026968859336445362,0.003551244518272772,67.18872173518339,0.14158719715088885,,
PV_Nordeste,PV_Nordeste,pv_solar,Nordeste,Solar,2034,8.363042327122514e-07,0.0,0.0,5.813751504615817e-07,0.03899092995750214,0.005134235250041326,52.76209719092225,0.16421155881914348,,
PV_Nordeste,PV_Nordeste,pv_solar,Nordeste,Solar,2035,4.09701998260266e-06,0.0,0.0,2.2794625659787804e-06,0.12789869755161737,0.016840849892616895,35.32800622375473,0.20517833985360542,,
PV_Oriental,PV_Oriental,pv_solar,Oriental,Solar,2024,6.966611956624731e-08,0.0,0.0,1.2075487546028224e-09,0.00014522555383566496,1.9122742077890294e-05,2.3590849746880505,6.585865245464267,,
PV_Oriental,PV_Oriental,pv_solar,Oriental,Solar,2025,7.001723092936857e-08,0.0,0.0,1.3439323410789454e-08,0.0014995890915806807,0.00019746201656509137,24.2376210201416,0.5947348937641668,,
PV_Oriental,PV_Oriental,pv_solar,Oriental,Solar,2026,6.525882750233524e-08,0.0,0.0,3.091232156953562e-08,0.0032917762247003314,0.0004334523296971171,57.083902622432866,0.24099250604568045,,
PV_Oriental,PV_Oriental,pv_solar,Oriental,Solar,2027,8.313243011827839e-08,0.0,0.0,5.4593685031723556e-08,0.005535087230237453,0.0007288536575244494,75.34894479626966,0.17382969170601206,,
PV_Oriental,PV_Oriental,pv_solar,Oriental,Solar,2028,9.863755641085294e-08,0.0,0.0,7.818266701555006e-08,0.00760161940749516,0.0010009761536898718,87.21419988703717,0.14402162850022018,,
PV_Oriental,PV_Oriental,pv_solar,Oriental,Solar,2029,1.149391366268103e-07,0.0,0.0,1.0417954237644273e-07,0.009706767412581693,0.0012781808356630703,95.57187021433091,0.12594512999697785,,
PV_Oriental,PV_Oriental,pv_solar,Oriental,Solar,2030,1.6434026532654328e-07,0.0,0.0,1.4880921701388135e-07,0.013044448171055411,0.0017176938714925658,89.82668984509472,0.12606950454736215,,
PV_Oriental,PV_Oriental,pv_solar,Oriental,Solar,2031,3.777897903654049e-07,0.0,0.0,2.919404684132448e-07,0.0229612671910915,0.003023480278008958,68.78096796625329,0.14772425567541045,,
PV_Oriental,PV_Oriental,pv_solar,Oriental,Solar,2032,5.634647984355807e-07,0.0,0.0,4.155526954827929e-07,0.03092086518488927,0.004071588351331657,62.10228861390267,0.15478774719559343,,
PV_Oriental,PV_Oriental,pv_solar,Oriental,Solar,2033,5.402452788448343e-07,0.0,0.0,4.280640656010253e-07,0.03167136537609798,0.004170415663895574,66.34353402704662,0.14407150807666952,,
PV_Oriental,PV_Oriental,pv_solar,Oriental,Solar,2034,8.442017774255588e-07,0.0,0.0,6.069904698252294e-07,0.04166987158073492,0.005486956146177268,55.859664108644274,0.1587670164638787,,
PV_Oriental,PV_Oriental,pv_solar,Oriental,Solar,2035,1052.1689432858361,0.0,0.0,565.1604402643443,29590439.593416896,3896216.0764847533,31.826310673384455,0.21252480075915575,,
PV_Surocciden,PV_Surocciden,pv_solar,Surocciden,Solar,2024,6.913313287589424e-08,0.0,0.0,1.1090089911380505e-09,0.00013337469342985565,1.7562266383662167e-05,2.183279616222158,7.1161822931223035,,
PV_Surocciden,PV_Surocciden,pv_solar,Surocciden,Solar,2025,6.495216987328455e-08,0.0,0.0,1.0297932715347334e-08,0.001150818489853512,0.00015153677428263353,20.050989315321036,0.7200116245684262,,
PV_Surocciden,PV_Surocciden,pv_solar,Surocciden,Solar,2026,6.317605506742993e-08,0.0,0.0,2.931483287164654e-08,0.0031013620349451556,0.0004083790277936106,55.554925976189885,0.24601465285276727,,
PV_Surocciden,PV_Surocciden,pv_solar,Surocciden,Solar,2027,7.99321560417189e-08,0.0,0.0,5.271486798211106e-08,0.0053180230974332445,0.000700271065761545,75.29252882974492,0.17309491034530652,,
PV_Surocciden,PV_Surocciden,pv_solar,Surocciden,Solar,2028,9.43548052871083e-08,0.0,0.0,7.5844657043084e-08,0.0073443273008302525,0.0009670963123689289,88.086913940511,0.142015231051062,,
PV_Surocciden,PV_Surocciden,pv_solar,Surocciden,Solar,2029,1.0953747637457925e-07,0.0,0.0,1.0138482127051607e-07,0.00941249222552122,0.001239431083526037,97.2445564897028,0.1233348145043124,,
PV_Surocciden,PV_Surocciden,pv_solar,Surocciden,Solar,2030,1.5348611592663903e-07,0.0,0.0,1.434134984474568e-07,0.012555654443421481,0.0016533294963645493,92.57504402924252,0.12217292165678725,,
PV_Surocciden,PV_Surocciden,pv_solar,Surocciden,Solar,2031,3.2327289568152586e-07,0.0,0.0,2.637075580084683e-07,0.02089020337098922,0.0027507722017396574,73.13008881517528,0.13994023862067853,,
PV_Surocciden,PV_Surocciden,pv_solar,Surocciden,Solar,2032,4.688343216210456e-07,0.0,0.0,3.676588812369065e-07,0.0275838028913358,0.003632175471393585,66.5821099760716,0.14556944618983245,,
PV_Surocciden,PV_Surocciden,pv_solar,Surocciden,Solar,2033,4.542997481262439e-07,0.0,0.0,3.8154569106590537e-07,0.028416809455241613,0.003741867382232847,70.78735343814893,0.13592265108803805,,
PV_Surocciden,PV_Surocciden,pv_solar,Surocciden,Solar,2034,6.909836020922093e-07,0.0,0.0,5.282036067005302e-07,0.0366121347108394,0.004820976325472416,59.96250983504918,0.14933522912548405,,
PV_Surocciden,PV_Surocciden,pv_solar,Surocciden,Solar,2035,2.854444089538514e-06,0.0,0.0,1.760469450651475e-06,0.10113060664992271,0.013316217053670228,40.09426007783389,0.18509255118866508,,
RIOGRANDE 1,RIOGRANDE 1,Hidro,Antioquia,Water,2023,127.38923894617356,177071.04213518125,0.0,19.0,5271930.172452724,831820.0,49.30417409308625,0.7653763455069306,,
RIOGRANDE 1,RIOGRANDE 1,Hidro,Antioquia,Water,2024,127.389238944093,177071.04213228927,0.0,19.0,5271930.172452724,831820.0,49.3041740938688,0.7653763454944302,,
RIOGRANDE 1,RIOGRANDE 1,Hidro,Antioquia,Water,2025,127.38923894598415,177071.04213491798,0.0,19.0,5271930.172452724,831820.0,49.3041740931575,0.7653763455057926,,
RIOGRANDE 1,RIOGRANDE 1,Hidro,Antioquia,Water,2026,127.38923893409212,177071.04211838805,0.0,19.0,5271930.172452724,831820.0,49.30417409763038,0.7653763454343432,,
RIOGRANDE 1,RIOGRANDE 1,Hidro,Antioquia,Water,2027,127.38923893315823,177071.04211708996,0.0,19.0,5271930.172452724,831820.0,49.30417409798164,0.7653763454287322,,
RIOGRANDE 1,RIOGRANDE 1,Hidro,Antioquia,Water,2028,126.03993378988294,175195.50796793727,0.0,19.0,5271930.172452724,831820.0,49.817113446664344,0.7572694892446702,,
RIOGRANDE 1,RIOGRANDE 1,Hidro,Antioquia,Water,2029,127.38923893729425,177071.04212283902,0.0,19.0,5271930.172452724,831820.0,49.30417409642598,0.7653763454535822,,
RIOGRANDE 1,RIOGRANDE 1,Hidro,Antioquia,Water,2030,127.38923894217953,177071.04212962955,0.0,19.0,5271930.172452724,831820.0,49.3041740945885,0.7653763454829339,,
RIOGRANDE 1,RIOGRANDE 1,Hidro,Antioquia,Water,2031,127.38923893038391,177071.04211323365,0.0,19.0,5271930.172452724,831820.0,49.30417409902512,0.7653763454120637,,
RIOGRANDE 1,RIOGRANDE 1,Hidro,Antioquia,Water,2032,127.38923888871312,177071.04205531126,0.0,19.0,5271930.172452724,831820.0,49.30417411469852,0.7653763451616985,,
RIOGRANDE 1,RIOGRANDE 1,Hidro,Antioquia,Water,2033,127.38923894276165,177071.04213043867,0.0,19.0,5271930.172452724,831820.0,49.30417409436956,0.7653763454864313,,
RIOGRANDE 1,RIOGRANDE 1,Hidro,Antioquia,Water,2034,123.06257142483028,171056.97428051408,0.0,19.0,5271930.172452724,831820.0,50.98875372164678,0.7393809866908811,,
RIOGRANDE 1,RIOGRANDE 1,Hidro,Antioquia,Water,2035,127.389238946904,177071.04213619654,0.0,19.0,5271930.172452724,831820.0,49.304174092811515,0.7653763455113193,,
SALTO II,SALTO II,RunOfRiver,Oriental,Water,2023,275.4952418655305,382938.38619308744,0.0,35.0,4353300.142402961,1532300.0,22.75370887042662,0.8985493863846393,,
SALTO II,SALTO II,RunOfRiver,Oriental,Water,2024,275.49524186642,382938.3861943238,0.0,35.0,4353300.142402961,1532300.0,22.753708870357645,0.8985493863875404,,
SALTO II,SALTO II,RunOfRiver,Oriental,Water,2025,275.495241868599,382938.38619735255,0.0,35.0,4353300.142402961,1532300.0,22.753708870188667,0.8985493863946477,,
SALTO II,SALTO II,RunOfRiver,Oriental,Water,2026,275.49524181706596,382938.3861257216,0.0,35.0,4353300.142402961,1532300.0,22.753708874184877,0.8985493862265685,,
SALTO II,SALTO II,RunOfRiver,Oriental,Water,2027,275.49524184917436,382938.38617035234,0.0,35.0,4353300.142402961,1532300.0,22.753708871694982,0.8985493863312927,,
SALTO II,SALTO II,RunOfRiver,Oriental,Water,2028,275.4952344872992,382938.3759373458,0.0,35.0,4353300.142402961,1532300.0,22.75370944258311,0.898549362319958,,
SALTO II,SALTO II,RunOfRiver,Oriental,Water,2029,275.49524183582855,382938.38615180156,0.0,35.0,4353300.142402961,1532300.0,22.753708872729902,0.8985493862877643,,
SALTO II,SALTO II,RunOfRiver,Oriental,Water,2030,275.4952418297853,382938.3861434015,0.0,35.0,4353300.142402961,1532300.0,22.753708873198537,0.8985493862680536,,
SALTO II,SALTO II,RunOfRiver,Oriental,Water,2031,275.49524182434055,382938.3861358334,0.0,35.0,4353300.142402961,1532300.0,22.75370887362076,0.8985493862502951,,
SALTO II,SALTO II,RunOfRiver,Oriental,Water,2032,275.4952418210615,382938.38613127545,0.0,35.0,4353300.142402961,1532300.0,22.75370887387504,0.8985493862396002,,
SALTO II,SALTO II,RunOfRiver,Oriental,Water,2033,275.4952359187886,382938.37792711606,0.0,35.0,4353300.142402961,1532300.0,22.75370933157602,0.8985493669888732,,
SALTO II,SALTO II,RunOfRiver,Oriental,Water,2034,275.49522976030386,382938.3693668224,0.0,35.0,4353300.142402961,1532300.0,22.75370980914537,0.8985493469024911,,
SALTO II,SALTO II,RunOfRiver,Oriental,Water,2035,275.4952418302582,382938.3861440589,0.0,35.0,4353300.142402961,1532300.0,22.753708873161866,0.8985493862695959,,
SALVAJINA,SALVAJINA,Hidro,Surocciden,Water,2023,1030.0909581031567,1431826.4317633878,0.0,315.0,39208051.28255402,13790700.0,52.84055479386758,0.3733025143520898,,
SALVAJINA,SALVAJINA,Hidro,Surocciden,Water,2024,1030.0909581033854,1431826.4317637056,0.0,315.0,39208051.28255402,13790700.0,52.840554793856164,0.37330251435217265,,
SALVAJINA,SALVAJINA,Hidro,Surocciden,Water,2025,1030.09095810314,1431826.431763365,0.0,315.0,39208051.28255402,13790700.0,52.840554793868414,0.3733025143520837,,
SALVAJINA,SALVAJINA,Hidro,Surocciden,Water,2026,1030.090958082409,1431826.4317345484,0.0,315.0,39208051.28255402,13790700.0,52.84055479490387,0.3733025143445709,,
SALVAJINA,SALVAJINA,Hidro,Surocciden,Water,2027,1030.0909580918724,1431826.4317477024,0.0,315.0,39208051.28255402,13790700.0,52.84055479443121,0.3733025143480003,,
SALVAJINA,SALVAJINA,Hidro,Surocciden,Water,2028,1030.0909573011104,1431826.4306485434,0.0,315.0,39208051.28255402,13790700.0,52.84055483392786,0.37330251406143006,,
SALVAJINA,SALVAJINA,Hidro,Surocciden,Water,2029,1030.09095808914,1431826.4317439045,0.0,315.0,39208051.28255402,13790700.0,52.84055479456769,0.3733025143470101,,
SALVAJINA,SALVAJINA,Hidro,Surocciden,Water,2030,1030.0909580903544,1431826.4317455927,0.0,315.0,39208051.28255402,13790700.0,52.84055479450703,0.37330251434745026,,
SALVAJINA,SALVAJINA,Hidro,Surocciden,Water,2031,1030.090958090038,1431826.4317451527,0.0,315.0,39208051.28255402,13790700.0,52.84055479452283,0.3733025143473355,,
SALVAJINA,SALVAJINA,Hidro,Surocciden,Water,2032,1030.0909580883226,1431826.4317427683,0.0,315.0,39208051.28255402,13790700.0,52.84055479460851,0.3733025143467139,,
SALVAJINA,SALVAJINA,Hidro,Surocciden,Water,2033,1030.0909578679657,1431826.431436472,0.0,315.0,39208051.28255402,13790700.0,52.84055480561481,0.37330251426685707,,
SALVAJINA,SALVAJINA,Hidro,Surocciden,Water,2034,1030.0909571400323,1431826.4304246446,0.0,315.0,39208051.28255402,13790700.0,52.84055484197332,0.37330251400305575,,
SALVAJINA,SALVAJINA,Hidro,Surocciden,Water,2035,1030.090958085955,1431826.4317394772,0.0,315.0,39208051.28255402,13790700.0,52.84055479472677,0.37330251434585593,,
SAN CARLOS,SAN CARLOS,Hidro,Antioquia,Water,2023,8125.811523920612,11294878.01824965,0.0,1240.0,154454405.05243468,54287200.0,27.078708683181375,0.7480677864855474,,
SAN CARLOS,SAN CARLOS,Hidro,Antioquia,Water,2024,8125.811523920482,11294878.018249469,0.0,1240.0,154454405.05243468,54287200.0,27.078708683181784,0.7480677864855354,,
SAN CARLOS,SAN CARLOS,Hidro,Antioquia,Water,2025,8125.811523920454,11294878.01824943,0.0,1240.0,154454405.05243468,54287200.0,27.07870868318187,0.7480677864855328,,
SAN CARLOS,SAN CARLOS,Hidro,Antioquia,Water,2026,8125.811523898385,11294878.018218756,0.0,1240.0,154454405.05243468,54287200.0,27.078708683251644,0.7480677864835011,,
SAN CARLOS,SAN CARLOS,Hidro,Antioquia,Water,2027,8125.8115239083745,11294878.01823264,0.0,1240.0,154454405.05243468,54287200.0,27.078708683220057,0.7480677864844208,,
SAN CARLOS,SAN CARLOS,Hidro,Antioquia,Water,2028,8124.742276908604,11293391.764902959,0.0,1240.0,154454405.05243468,54287200.0,27.082089415033003,0.747969350871686,,
SAN CARLOS,SAN CARLOS,Hidro,Antioquia,Water,2029,8125.811523905404,11294878.018228509,0.0,1240.0,154454405.05243468,54287200.0,27.07870868322945,0.7480677864841474,,
SAN CARLOS,SAN CARLOS,Hidro,Antioquia,Water,2030,8125.811523906651,11294878.018230243,0.0,1240.0,154454405.05243468,54287200.0,27.078708683225507,0.7480677864842622,,
SAN CARLOS,SAN CARLOS,Hidro,Antioquia,Water,2031,8125.811523905235,11294878.018228276,0.0,1240.0,154454405.05243468,54287200.0,27.07870868322998,0.7480677864841319,,
SAN CARLOS,SAN CARLOS,Hidro,Antioquia,Water,2032,8125.811523903359,11294878.018225666,0.0,1240.0,154454405.05243468,54287200.0,27.078708683235917,0.7480677864839591,,
SAN CARLOS,SAN CARLOS,Hidro,Antioquia,Water,2033,8125.811523589528,11294878.017789444,0.0,1240.0,154454405.05243468,54287200.0,27.07870868422805,0.7480677864550677,,
SAN CARLOS,SAN CARLOS,Hidro,Antioquia,Water,2034,8120.222332007112,11287109.041489884,0.0,1240.0,154454405.05243468,54287200.0,27.09639035702845,0.7475532416415442,,
SAN CARLOS,SAN CARLOS,Hidro,Antioquia,Water,2035,8125.811523888284,11294878.018204711,0.0,1240.0,154454405.05243468,54287200.0,27.078708683283576,0.7480677864825712,,
SANFRANCISCO,SANFRANCISCO,RunOfRiver,Surocciden,Water,2023,368.07455201975284,511623.62730745634,0.0,135.0,16827750.5504609,5910300.0,63.16566589618685,0.3112417994416986,,
SANFRANCISCO,SANFRANCISCO,RunOfRiver,Surocciden,Water,2024,368.07455201999517,511623.6273077931,0.0,135.0,16827750.5504609,5910300.0,63.16566589614618,0.3112417994419035,,
SANFRANCISCO,SANFRANCISCO,RunOfRiver,Surocciden,Water,2025,368.0745520197443,511623.6273074446,0.0,135.0,16827750.5504609,5910300.0,63.165665896188294,0.31124179944169134,,
SANFRANCISCO,SANFRANCISCO,RunOfRiver,Surocciden,Water,2026,368.074551999046,511623.6272786738,0.0,135.0,16827750.5504609,5910300.0,63.16566589966219,0.311241799424189,,
SANFRANCISCO,SANFRANCISCO,RunOfRiver,Surocciden,Water,2027,368.07455200849483,511623.6272918078,0.0,135.0,16827750.5504609,5910300.0,63.165665898076334,0.31124179943217894,,
SANFRANCISCO,SANFRANCISCO,RunOfRiver,Surocciden,Water,2028,368.0745512179891,511623.6261930048,0.0,135.0,16827750.5504609,5910300.0,63.1656660307506,0.31124179876373165,,
SANFRANCISCO,SANFRANCISCO,RunOfRiver,Surocciden,Water,2029,368.07455200577226,511623.62728802336,0.0,135.0,16827750.5504609,5910300.0,63.16566589853329,0.3112417994298767,,
SANFRANCISCO,SANFRANCISCO,RunOfRiver,Surocciden,Water,2030,368.07455200699235,511623.6272897193,0.0,135.0,16827750.5504609,5910300.0,63.16566589832851,0.31124179943090835,,
SANFRANCISCO,SANFRANCISCO,RunOfRiver,Surocciden,Water,2031,368.0745520066639,511623.6272892627,0.0,135.0,16827750.5504609,5910300.0,63.16566589838363,0.3112417994306307,,
SANFRANCISCO,SANFRANCISCO,RunOfRiver,Surocciden,Water,2032,368.0745520049178,511623.62728683575,0.0,135.0,16827750.5504609,5910300.0,63.16566589867669,0.3112417994291542,,
SANFRANCISCO,SANFRANCISCO,RunOfRiver,Surocciden,Water,2033,368.07455178510656,511623.6269812981,0.0,135.0,16827750.5504609,5910300.0,63.16566593556864,0.311241799243283,,
SANFRANCISCO,SANFRANCISCO,RunOfRiver,Surocciden,Water,2034,368.0745510564536,511623.6259684705,0.0,135.0,16827750.5504609,5910300.0,63.16566605786186,0.3112417986271381,,
SANFRANCISCO,SANFRANCISCO,RunOfRiver,Surocciden,Water,2035,368.07455200257954,511623.6272835855,0.0,135.0,16827750.5504609,5910300.0,63.165665899069126,0.31124179942717695,,
SNMIGUEL,SNMIGUEL,RunOfRiver,Antioquia,Water,2023,285.83790857779945,397314.6929231412,0.0,50.0,6241500.2041688105,2189000.0,30.88398925466247,0.6525979647894964,,
SNMIGUEL,SNMIGUEL,RunOfRiver,Antioquia,Water,2024,285.83790857808026,397314.6929235315,0.0,50.0,6241500.2041688105,2189000.0,30.883989254633498,0.6525979647901374,,
SNMIGUEL,SNMIGUEL,RunOfRiver,Antioquia,Water,2025,285.8379085778012,397314.6929231436,0.0,50.0,6241500.2041688105,2189000.0,30.883989254662293,0.6525979647895004,,
SNMIGUEL,SNMIGUEL,RunOfRiver,Antioquia,Water,2026,285.8379085558393,397314.69289261656,0.0,50.0,6241500.2041688105,2189000.0,30.883989256928412,0.652597964739359,,
SNMIGUEL,SNMIGUEL,RunOfRiver,Antioquia,Water,2027,285.83790856589775,397314.6929065979,0.0,50.0,6241500.2041688105,2189000.0,30.883989255890544,0.6525979647623233,,
SNMIGUEL,SNMIGUEL,RunOfRiver,Antioquia,Water,2028,281.03146065500016,390633.7303104501,0.0,50.0,6241500.2041688105,2189000.0,31.388421473951134,0.6416243393949774,,
SNMIGUEL,SNMIGUEL,RunOfRiver,Antioquia,Water,2029,285.83790856302045,397314.6929025984,0.0,50.0,6241500.2041688105,2189000.0,30.883989256187427,0.6525979647557544,,
SNMIGUEL,SNMIGUEL,RunOfRiver,Antioquia,Water,2030,285.83790856420893,397314.69290425035,0.0,50.0,6241500.2041688105,2189000.0,30.8839892560648,0.6525979647584679,,
SNMIGUEL,SNMIGUEL,RunOfRiver,Antioquia,Water,2031,285.83790856285344,397314.6929023663,0.0,50.0,6241500.2041688105,2189000.0,30.88398925620466,0.6525979647553731,,
SNMIGUEL,SNMIGUEL,RunOfRiver,Antioquia,Water,2032,285.8379085608913,397314.69289963896,0.0,50.0,6241500.2041688105,2189000.0,30.883989256407123,0.6525979647508933,,
SNMIGUEL,SNMIGUEL,RunOfRiver,Antioquia,Water,2033,285.837908247947,397314.6924646463,0.0,50.0,6241500.2041688105,2189000.0,30.88398928869807,0.6525979640364085,,
SNMIGUEL,SNMIGUEL,RunOfRiver,Antioquia,Water,2034,278.0920505833733,386547.9503108888,0.0,50.0,6241500.2041688105,2189000.0,31.7055023183279,0.6349133574962859,,
SNMIGUEL,SNMIGUEL,RunOfRiver,Antioquia,Water,2035,285.83790854563483,397314.69287843234,0.0,50.0,6241500.2041688105,2189000.0,30.88398925798136,0.6525979647160611,,
SOGAMOSO,SOGAMOSO,Hidro,Nordeste,Water,2023,5019.347159974539,6976892.552364609,0.0,819.0,102309483.34669629,35855820.0,28.916548561625525,0.6996151838993061,,
SOGAMOSO,SOGAMOSO,Hidro,Nordeste,Water,2024,5019.347159974852,6976892.552365043,0.0,819.0,102309483.34669629,35855820.0,28.916548561623802,0.6996151838993496,,
SOGAMOSO,SOGAMOSO,Hidro,Nordeste,Water,2025,5019.347159974495,6976892.552364547,0.0,819.0,102309483.34669629,35855820.0,28.916548561625763,0.6996151838993,,
SOGAMOSO,SOGAMOSO,Hidro,Nordeste,Water,2026,5019.34715995592,6976892.552338728,0.0,819.0,102309483.34669629,35855820.0,28.916548561727627,0.6996151838967108,,
SOGAMOSO,SOGAMOSO,Hidro,Nordeste,Water,2027,5019.347159964147,6976892.552350163,0.0,819.0,102309483.34669629,35855820.0,28.91654856168251,0.6996151838978577,,
SOGAMOSO,SOGAMOSO,Hidro,Nordeste,Water,2028,5019.347159171408,6976892.551248256,0.0,819.0,102309483.34669629,35855820.0,28.916548566029963,0.6996151837873628,,
SOGAMOSO,SOGAMOSO,Hidro,Nordeste,Water,2029,5019.347159960496,6976892.55234509,0.0,819.0,102309483.34669629,35855820.0,28.916548561702534,0.6996151838973489,,
SOGAMOSO,SOGAMOSO,Hidro,Nordeste,Water,2030,5019.347159961482,6976892.55234646,0.0,819.0,102309483.34669629,35855820.0,28.916548561697123,0.6996151838974862,,
SOGAMOSO,SOGAMOSO,Hidro,Nordeste,Water,2031,5019.347159960429,6976892.552344995,0.0,819.0,102309483.34669629,35855820.0,28.916548561702903,0.6996151838973395,,
SOGAMOSO,SOGAMOSO,Hidro,Nordeste,Water,2032,5019.347159959136,6976892.552343198,0.0,819.0,102309483.34669629,35855820.0,28.916548561709998,0.699615183897159,,
SOGAMOSO,SOGAMOSO,Hidro,Nordeste,Water,2033,5019.347159791772,6976892.552110563,0.0,819.0,102309483.34669629,35855820.0,28.916548562627828,0.6996151838738315,,
SOGAMOSO,SOGAMOSO,Hidro,Nordeste,Water,2034,5019.347159018031,6976892.5510350615,0.0,819.0,102309483.34669629,35855820.0,28.916548566871104,0.6996151837659844,,
SOGAMOSO,SOGAMOSO,Hidro,Nordeste,Water,2035,5019.34715995634,6976892.552339312,0.0,819.0,102309483.34669629,35855820.0,28.916548561725328,0.6996151838967695,,
S_Aurora,S_Aurora,pv_solar,Caribe,Solar,2023,19.270985964820987,19270.98596482099,0.0,9.9,1182357.038676668,158103.0,70.5584564860182,0.2222105295514619,,
S_Aurora,S_Aurora,pv_solar,Caribe,Solar,2024,19.270985957851213,19270.98595785121,0.0,9.9,1182357.038676668,158103.0,70.55845651117554,0.22221052947109457,,
S_Aurora,S_Aurora,pv_solar,Caribe,Solar,2025,19.270985952611287,19270.985952611285,0.0,9.9,1182357.038676668,158103.0,70.55845653008899,0.2222105294106739,,
S_Aurora,S_Aurora,pv_solar,Caribe,Solar,2026,19.27098593015689,19270.98593015689,0.0,9.9,1182357.038676668,158103.0,70.55845661113796,0.222210529151756,,
S_Aurora,S_Aurora,pv_solar,Caribe,Solar,2027,19.270985955175448,19270.98595517545,0.0,9.9,1182357.038676668,158103.0,70.5584565208337,0.22221052944024078,,
S_Aurora,S_Aurora,pv_solar,Caribe,Solar,2028,19.270985789891427,19270.985789891427,0.0,9.9,1182357.038676668,158103.0,70.55845711742492,0.2222105275343783,,
S_Aurora,S_Aurora,pv_solar,Caribe,Solar,2029,19.270985926306444,19270.98592630645,0.0,9.9,1182357.038676668,158103.0,70.5584566250361,0.2222105291073571,,
S_Aurora,S_Aurora,pv_solar,Caribe,Solar,2030,19.270985940537233,19270.985940537234,0.0,9.9,1182357.038676668,158103.0,70.55845657367018,0.22221052927144996,,
S_Aurora,S_Aurora,pv_solar,Caribe,Solar,2031,19.270985951702027,19270.98595170203,0.0,9.9,1182357.038676668,158103.0,70.55845653337097,0.22221052940018937,,
S_Aurora,S_Aurora,pv_solar,Caribe,Solar,2032,19.27098593172008,19270.98593172008,0.0,9.9,1182357.038676668,158103.0,70.55845660549564,0.22221052916978087,,
S_Aurora,S_Aurora,pv_solar,Caribe,Solar,2033,19.27098595213363,19270.985952133626,0.0,9.9,1182357.038676668,158103.0,70.55845653181309,0.22221052940516609,,
S_Aurora,S_Aurora,pv_solar,Caribe,Solar,2034,19.270985815915992,19270.985815915992,0.0,9.9,1182357.038676668,158103.0,70.55845702348948,0.22221052783446318,,
S_Aurora,S_Aurora,pv_solar,Caribe,Solar,2035,19.27098594204206,19270.98594204206,0.0,9.9,1182357.038676668,158103.0,70.55845656823853,0.22221052928880192,,
S_AutEncanto,S_AutEncanto,pv_solar,Caribe,Solar,2023,1.9270986013657363,1927.0986013657364,0.0,0.9900000000000002,118235.70386766682,15810.300000000003,70.55845630974372,0.222210530114586,,
S_AutEncanto,S_AutEncanto,pv_solar,Caribe,Solar,2024,1.9270985947798334,1927.098594779833,0.0,0.9900000000000002,118235.70386766682,15810.300000000003,70.55845654746135,0.22221052935517646,,
S_AutEncanto,S_AutEncanto,pv_solar,Caribe,Solar,2025,1.9270985938947822,1927.0985938947822,0.0,0.9900000000000002,118235.70386766682,15810.300000000003,70.55845657940716,0.2222105292531227,,
S_AutEncanto,S_AutEncanto,pv_solar,Caribe,Solar,2026,1.92709858666361,1927.0985866636101,0.0,0.9900000000000002,118235.70386766682,15810.300000000003,70.5584568404157,0.22221052841930827,,
S_AutEncanto,S_AutEncanto,pv_solar,Caribe,Solar,2027,1.9270985776556155,1927.0985776556154,0.0,0.9900000000000002,118235.70386766682,15810.300000000003,70.55845716555848,0.22221052738061145,,
S_AutEncanto,S_AutEncanto,pv_solar,Caribe,Solar,2028,1.9270983777959603,1927.0983777959602,0.0,0.9900000000000002,118235.70386766682,15810.300000000003,70.55846437947628,0.22221050433512746,,
S_AutEncanto,S_AutEncanto,pv_solar,Caribe,Solar,2029,1.9270985716334161,1927.098571633416,0.0,0.9900000000000002,118235.70386766682,15810.300000000003,70.55845738292926,0.22221052668620167,,
S_AutEncanto,S_AutEncanto,pv_solar,Caribe,Solar,2030,1.9270985857940166,1927.0985857940166,0.0,0.9900000000000002,118235.70386766682,15810.300000000003,70.5584568718036,0.22221052831903693,,
S_AutEncanto,S_AutEncanto,pv_solar,Caribe,Solar,2031,1.9270985782791146,1927.0985782791145,0.0,0.9900000000000002,118235.70386766682,15810.300000000003,70.55845714305335,0.22221052745250608,,
S_AutEncanto,S_AutEncanto,pv_solar,Caribe,Solar,2032,1.9270985651341088,1927.0985651341089,0.0,0.9900000000000002,118235.70386766682,15810.300000000003,70.55845761752119,0.22221052593677737,,
S_AutEncanto,S_AutEncanto,pv_solar,Caribe,Solar,2033,1.9270984119066359,1927.0984119066356,0.0,0.9900000000000002,118235.70386766682,15810.300000000003,70.55846314825413,0.22221050826837266,,
S_AutEncanto,S_AutEncanto,pv_solar,Caribe,Solar,2034,1.9270982955435754,1927.0982955435754,0.0,0.9900000000000002,118235.70386766682,15810.300000000003,70.55846734836976,0.22221049485074196,,
S_AutEncanto,S_AutEncanto,pv_solar,Caribe,Solar,2035,1.9270985534289857,1927.0985534289857,0.0,0.9900000000000002,118235.70386766682,15810.300000000003,70.55845804001662,0.2222105245870791,,
S_AutGragas,S_AutGragas,pv_solar,Surocciden,Solar,2023,7.287066899680375,7287.066899680375,0.0,4.0,477720.0156269365,63880.0,75.32345868139238,0.20796423800457686,,
S_AutGragas,S_AutGragas,pv_solar,Surocciden,Solar,2024,7.287066900363259,7287.066900363259,0.0,4.0,477720.0156269365,63880.0,75.3234586744274,0.20796423802406558,,
S_AutGragas,S_AutGragas,pv_solar,Surocciden,Solar,2025,7.287066896910188,7287.066896910188,0.0,4.0,477720.0156269365,63880.0,75.32345870964653,0.20796423792551902,,
S_AutGragas,S_AutGragas,pv_solar,Surocciden,Solar,2026,7.287066877426798,7287.066877426799,0.0,4.0,477720.0156269365,63880.0,75.32345890836476,0.2079642373694862,,
S_AutGragas,S_AutGragas,pv_solar,Surocciden,Solar,2027,7.287066891997049,7287.0668919970485,0.0,4.0,477720.0156269365,63880.0,75.32345875975743,0.20796423778530385,,
S_AutGragas,S_AutGragas,pv_solar,Surocciden,Solar,2028,7.287066768528735,7287.066768528735,0.0,4.0,477720.0156269365,63880.0,75.32346001905591,0.20796423426166477,,
S_AutGragas,S_AutGragas,pv_solar,Surocciden,Solar,2029,7.287066893343902,7287.066893343901,0.0,4.0,477720.0156269365,63880.0,75.32345874602039,0.20796423782374146,,
S_AutGragas,S_AutGragas,pv_solar,Surocciden,Solar,2030,7.287066896681397,7287.066896681397,0.0,4.0,477720.0156269365,63880.0,75.32345871198005,0.2079642379189896,,
S_AutGragas,S_AutGragas,pv_solar,Surocciden,Solar,2031,7.287066885850557,7287.066885850557,0.0,4.0,477720.0156269365,63880.0,75.32345882244775,0.20796423760989027,,
S_AutGragas,S_AutGragas,pv_solar,Surocciden,Solar,2032,7.287066881987341,7287.066881987342,0.0,4.0,477720.0156269365,63880.0,75.32345886185011,0.2079642374996387,,
S_AutGragas,S_AutGragas,pv_solar,Surocciden,Solar,2033,7.28706689364968,7287.066893649679,0.0,4.0,477720.0156269365,63880.0,75.32345874290165,0.20796423783246798,,
S_AutGragas,S_AutGragas,pv_solar,Surocciden,Solar,2034,7.287066878696994,7287.066878696994,0.0,4.0,477720.0156269365,63880.0,75.32345889540956,0.20796423740573608,,
S_AutGragas,S_AutGragas,pv_solar,Surocciden,Solar,2035,7.287066879427678,7287.066879427677,0.0,4.0,477720.0156269365,63880.0,75.32345888795703,0.20796423742658895,,
S_AutJeans,S_AutJeans,pv_solar,Antioquia,Solar,2023,2.4113010345181456,2411.3010345181456,0.0,1.39,166007.70543036042,22198.3,79.0516421368226,0.19803070156352823,,
S_AutJeans,S_AutJeans,pv_solar,Antioquia,Solar,2024,2.411301027360773,2411.3010273607733,0.0,1.39,166007.70543036042,22198.3,79.0516423685003,0.1980307009757213,,
S_AutJeans,S_AutJeans,pv_solar,Antioquia,Solar,2025,2.4113010323216297,2411.3010323216295,0.0,1.39,166007.70543036042,22198.3,79.05164220792183,0.19803070138313703,,
S_AutJeans,S_AutJeans,pv_solar,Antioquia,Solar,2026,2.411300934722389,2411.300934722389,0.0,1.39,166007.70543036042,22198.3,79.05164536712145,0.19803069336769397,,
S_AutJeans,S_AutJeans,pv_solar,Antioquia,Solar,2027,2.4113009913639143,2411.300991363915,0.0,1.39,166007.70543036042,22198.3,79.0516435336862,0.19803069801944037,,
S_AutJeans,S_AutJeans,pv_solar,Antioquia,Solar,2028,2.4113008502240865,2411.3008502240864,0.0,1.39,166007.70543036042,22198.3,79.05164810225571,0.19803068642817961,,
S_AutJeans,S_AutJeans,pv_solar,Antioquia,Solar,2029,2.411300982984515,2411.300982984515,0.0,1.39,166007.70543036042,22198.3,79.05164380491982,0.19803069733127318,,
S_AutJeans,S_AutJeans,pv_solar,Antioquia,Solar,2030,2.4113009949847335,2411.3009949847333,0.0,1.39,166007.70543036042,22198.3,79.05164341648357,0.1980306983168041,,
S_AutJeans,S_AutJeans,pv_solar,Antioquia,Solar,2031,2.411300987824244,2411.3009878242437,0.0,1.39,166007.70543036042,22198.3,79.05164364826214,0.19803069772874116,,
S_AutJeans,S_AutJeans,pv_solar,Antioquia,Solar,2032,2.4113009623581023,2411.300962358103,0.0,1.39,166007.70543036042,22198.3,79.05164447257826,0.19803069563730677,,
S_AutJeans,S_AutJeans,pv_solar,Antioquia,Solar,2033,2.4113005503462492,2411.3005503462496,0.0,1.39,166007.70543036042,22198.3,79.05165780903384,0.19803066180038836,,
S_AutJeans,S_AutJeans,pv_solar,Antioquia,Solar,2034,2.4112983162769943,2411.2983162769942,0.0,1.39,166007.70543036042,22198.3,79.05173012393898,0.19803047832503812,,
S_AutJeans,S_AutJeans,pv_solar,Antioquia,Solar,2035,2.411300892925066,2411.3008929250664,0.0,1.39,166007.70543036042,22198.3,79.05164672006329,0.19803068993504364,,
S_AutLevapan,S_AutLevapan,pv_solar,Surocciden,Solar,2023,9.090615956403035,9090.615956403035,0.0,4.99,595955.7194946033,79690.3,75.32345868914501,0.20796423798288433,,
S_AutLevapan,S_AutLevapan,pv_solar,Surocciden,Solar,2024,9.090615953055764,9090.615953055765,0.0,4.99,595955.7194946033,79690.3,75.32345871651178,0.20796423790630947,,
S_AutLevapan,S_AutLevapan,pv_solar,Surocciden,Solar,2025,9.090615956149826,9090.615956149824,0.0,4.99,595955.7194946033,79690.3,75.32345869121521,0.2079642379770917,,
S_AutLevapan,S_AutLevapan,pv_solar,Surocciden,Solar,2026,9.090615951295273,9090.615951295273,0.0,4.99,595955.7194946033,79690.3,75.32345873090527,0.20796423786603507,,
S_AutLevapan,S_AutLevapan,pv_solar,Surocciden,Solar,2027,9.090615943396628,9090.615943396631,0.0,4.99,595955.7194946033,79690.3,75.32345879548336,0.2079642376853393,,
S_AutLevapan,S_AutLevapan,pv_solar,Surocciden,Solar,2028,9.090615946513381,9090.615946513382,0.0,4.99,595955.7194946033,79690.3,75.32345877000128,0.20796423775664064,,
S_AutLevapan,S_AutLevapan,pv_solar,Surocciden,Solar,2029,9.090615948152157,9090.615948152157,0.0,4.99,595955.7194946033,79690.3,75.32345875660289,0.20796423779413062,,
S_AutLevapan,S_AutLevapan,pv_solar,Surocciden,Solar,2030,9.090615951139702,9090.615951139702,0.0,4.99,595955.7194946033,79690.3,75.3234587321772,0.20796423786247606,,
S_AutLevapan,S_AutLevapan,pv_solar,Surocciden,Solar,2031,9.09061594268817,9090.615942688173,0.0,4.99,595955.7194946033,79690.3,75.32345880127559,0.20796423766913208,,
S_AutLevapan,S_AutLevapan,pv_solar,Surocciden,Solar,2032,9.09061594186646,9090.615941866461,0.0,4.99,595955.7194946033,79690.3,75.32345880799377,0.20796423765033395,,
S_AutLevapan,S_AutLevapan,pv_solar,Surocciden,Solar,2033,9.090615781096144,9090.615781096145,0.0,4.99,595955.7194946033,79690.3,75.32346012242685,0.20796423397242292,,
S_AutLevapan,S_AutLevapan,pv_solar,Surocciden,Solar,2034,9.090615827781802,9090.615827781803,0.0,4.99,595955.7194946033,79690.3,75.32345974073218,0.2079642350404416,,
S_AutLevapan,S_AutLevapan,pv_solar,Surocciden,Solar,2035,9.090615953226646,9090.615953226647,0.0,4.99,595955.7194946033,79690.3,75.32345871511467,0.20796423791021867,,
S_AutPintuco,S_AutPintuco,pv_solar,Antioquia,Solar,2023,2.4459960105500844,2445.9960105500845,0.0,1.41,168396.3055084951,22517.699999999997,79.05164222878683,0.19803070133019884,,
S_AutPintuco,S_AutPintuco,pv_solar,Antioquia,Solar,2024,2.4459960131121843,2445.9960131121843,0.0,1.41,168396.3055084951,22517.699999999997,79.05164214703032,0.19803070153762944,,
S_AutPintuco,S_AutPintuco,pv_solar,Antioquia,Solar,2025,2.445996007243375,2445.9960072433746,0.0,1.41,168396.3055084951,22517.699999999997,79.0516423343038,0.1980307010624838,,
S_AutPintuco,S_AutPintuco,pv_solar,Antioquia,Solar,2026,2.4459959636500272,2445.995963650027,0.0,1.41,168396.3055084951,22517.699999999997,79.05164372536595,0.19803069753311528,,
S_AutPintuco,S_AutPintuco,pv_solar,Antioquia,Solar,2027,2.445995991654822,2445.9959916548223,0.0,1.41,168396.3055084951,22517.699999999997,79.05164283173394,0.19803069980041632,,
S_AutPintuco,S_AutPintuco,pv_solar,Antioquia,Solar,2028,2.44599486191926,2445.99486191926,0.0,1.41,168396.3055084951,22517.699999999997,79.05167888157116,0.1980306083357022,,
S_AutPintuco,S_AutPintuco,pv_solar,Antioquia,Solar,2029,2.445995968650256,2445.995968650256,0.0,1.41,168396.3055084951,22517.699999999997,79.05164356580883,0.19803069793793968,,
S_AutPintuco,S_AutPintuco,pv_solar,Antioquia,Solar,2030,2.4459959842557053,2445.995984255705,0.0,1.41,168396.3055084951,22517.699999999997,79.0516430678395,0.19803069920137512,,
S_AutPintuco,S_AutPintuco,pv_solar,Antioquia,Solar,2031,2.4459959573498917,2445.995957349892,0.0,1.41,168396.3055084951,22517.699999999997,79.05164392640305,0.19803069702304896,,
S_AutPintuco,S_AutPintuco,pv_solar,Antioquia,Solar,2032,2.4459959689797786,2445.995968979779,0.0,1.41,168396.3055084951,22517.699999999997,79.05164355529378,0.19803069796461817,,
S_AutPintuco,S_AutPintuco,pv_solar,Antioquia,Solar,2033,2.445995709273773,2445.995709273773,0.0,1.41,168396.3055084951,22517.699999999997,79.05165184250396,0.19803067693851586,,
S_AutPintuco,S_AutPintuco,pv_solar,Antioquia,Solar,2034,2.445994982342734,2445.994982342734,0.0,1.41,168396.3055084951,22517.699999999997,79.05167503885914,0.1980306180853277,,
S_AutPintuco,S_AutPintuco,pv_solar,Antioquia,Solar,2035,2.4459959472959216,2445.9959472959213,0.0,1.41,168396.3055084951,22517.699999999997,79.05164424722487,0.19803069620906777,,
S_AutSolla,S_AutSolla,pv_solar,Surocciden,Solar,2023,11.659307037772647,11659.307037772647,0.0,6.4,764352.0250030984,102208.0,75.3234586923309,0.20796423797396982,,
S_AutSolla,S_AutSolla,pv_solar,Surocciden,Solar,2024,11.659307035604112,11659.30703560411,0.0,6.4,764352.0250030984,102208.0,75.32345870615447,0.20796423793529017,,
S_AutSolla,S_AutSolla,pv_solar,Surocciden,Solar,2025,11.659307034914978,11659.307034914978,0.0,6.4,764352.0250030984,102208.0,75.32345871054741,0.20796423792299826,,
S_AutSolla,S_AutSolla,pv_solar,Surocciden,Solar,2026,11.659307014391352,11659.307014391352,0.0,6.4,764352.0250030984,102208.0,75.3234588413774,0.2079642375569233,,
S_AutSolla,S_AutSolla,pv_solar,Surocciden,Solar,2027,11.659307030071652,11659.307030071654,0.0,6.4,764352.0250030984,102208.0,75.3234587414217,0.20796423783660903,,
S_AutSolla,S_AutSolla,pv_solar,Surocciden,Solar,2028,11.659306913014081,11659.306913014083,0.0,6.4,764352.0250030984,102208.0,75.3234594876173,0.20796423574868148,,
S_AutSolla,S_AutSolla,pv_solar,Surocciden,Solar,2029,11.659307028371616,11659.307028371615,0.0,6.4,764352.0250030984,102208.0,75.32345875225874,0.20796423780628592,,
S_AutSolla,S_AutSolla,pv_solar,Surocciden,Solar,2030,11.659307031949101,11659.307031949102,0.0,6.4,764352.0250030984,102208.0,75.3234587294537,0.20796423787009666,,
S_AutSolla,S_AutSolla,pv_solar,Surocciden,Solar,2031,11.659307031509233,11659.307031509232,0.0,6.4,764352.0250030984,102208.0,75.3234587322577,0.2079642378622508,,
S_AutSolla,S_AutSolla,pv_solar,Surocciden,Solar,2032,11.659307031788845,11659.307031788845,0.0,6.4,764352.0250030984,102208.0,75.32345873047528,0.2079642378672382,,
S_AutSolla,S_AutSolla,pv_solar,Surocciden,Solar,2033,11.65930703275492,11659.307032754921,0.0,6.4,764352.0250030984,102208.0,75.32345872431692,0.20796423788446985,,
S_AutSolla,S_AutSolla,pv_solar,Surocciden,Solar,2034,11.659306923949048,11659.306923949047,0.0,6.4,764352.0250030984,102208.0,75.32345941791124,0.20796423594372582,,
S_AutSolla,S_AutSolla,pv_solar,Surocciden,Solar,2035,11.6593070341985,11659.3070341985,0.0,6.4,764352.0250030984,102208.0,75.32345871511468,0.20796423791021862,,
S_BSLI,S_BSLI,pv_solar,Oriental,Solar,2023,37.04817338510756,37048.17338510756,0.0,19.9,2376657.077744009,317803.0,73.72855397581124,0.2125248008599364,,
S_BSLI,S_BSLI,pv_solar,Oriental,Solar,2024,37.04817338519053,37048.17338519053,0.0,19.9,2376657.077744009,317803.0,73.72855397564837,0.21252480086041237,,
S_BSLI,S_BSLI,pv_solar,Oriental,Solar,2025,37.0481733871644,37048.173387164396,0.0,19.9,2376657.077744009,317803.0,73.72855397177351,0.21252480087173534,,
S_BSLI,S_BSLI,pv_solar,Oriental,Solar,2026,37.04817335264292,37048.173352642916,0.0,19.9,2376657.077744009,317803.0,73.72855403954196,0.21252480067370477,,
S_BSLI,S_BSLI,pv_solar,Oriental,Solar,2027,37.04817337981923,37048.17337981923,0.0,19.9,2376657.077744009,317803.0,73.72855398619268,0.2125248008296002,,
S_BSLI,S_BSLI,pv_solar,Oriental,Solar,2028,37.04817336930224,37048.17336930224,0.0,19.9,2376657.077744009,317803.0,73.72855400683838,0.21252480076927008,,
S_BSLI,S_BSLI,pv_solar,Oriental,Solar,2029,37.04817337082518,37048.173370825185,0.0,19.9,2376657.077744009,317803.0,73.7285540038487,0.21252480077800637,,
S_BSLI,S_BSLI,pv_solar,Oriental,Solar,2030,37.04817337300538,37048.17337300538,0.0,19.9,2376657.077744009,317803.0,73.7285539995688,0.21252480079051295,,
S_BSLI,S_BSLI,pv_solar,Oriental,Solar,2031,37.04817337833535,37048.17337833535,0.0,19.9,2376657.077744009,317803.0,73.72855398910566,0.21252480082108796,,
S_BSLI,S_BSLI,pv_solar,Oriental,Solar,2032,37.04817336990562,37048.17336990562,0.0,19.9,2376657.077744009,317803.0,73.72855400565388,0.21252480077273134,,
S_BSLI,S_BSLI,pv_solar,Oriental,Solar,2033,37.04817323514146,37048.17323514146,0.0,19.9,2376657.077744009,317803.0,73.72855427020681,0.21252479999966414,,
S_BSLI,S_BSLI,pv_solar,Oriental,Solar,2034,37.048172491646355,37048.17249164635,0.0,19.9,2376657.077744009,317803.0,73.72855572974773,0.21252479573464558,,
S_BSLI,S_BSLI,pv_solar,Oriental,Solar,2035,37.04817331921655,37048.17331921654,0.0,19.9,2376657.077744009,317803.0,73.7285541051606,0.21252480048195632,,
S_BSLII,S_BSLII,pv_solar,Oriental,Solar,2023,37.048173386019315,37048.17338601932,0.0,19.9,2376657.077744009,317803.0,73.72855397402141,0.21252480086516662,,
S_BSLII,S_BSLII,pv_solar,Oriental,Solar,2024,37.048173389835,37048.17338983501,0.0,19.9,2376657.077744009,317803.0,73.7285539665309,0.21252480088705514,,
S_BSLII,S_BSLII,pv_solar,Oriental,Solar,2025,37.04817338572039,37048.17338572038,0.0,19.9,2376657.077744009,317803.0,73.72855397460822,0.21252480086345185,,
S_BSLII,S_BSLII,pv_solar,Oriental,Solar,2026,37.04817336601304,37048.17336601304,0.0,19.9,2376657.077744009,317803.0,73.72855401329532,0.21252480075040178,,
S_BSLII,S_BSLII,pv_solar,Oriental,Solar,2027,37.048173368218876,37048.17336821888,0.0,19.9,2376657.077744009,317803.0,73.72855400896509,0.2125248007630554,,
S_BSLII,S_BSLII,pv_solar,Oriental,Solar,2028,37.04817326466586,37048.173264665864,0.0,19.9,2376657.077744009,317803.0,73.72855421224803,0.21252480016902928,,
S_BSLII,S_BSLII,pv_solar,Oriental,Solar,2029,37.04817337943362,37048.17337943362,0.0,19.9,2376657.077744009,317803.0,73.72855398694966,0.21252480082738814,,
S_BSLII,S_BSLII,pv_solar,Oriental,Solar,2030,37.048173369027694,37048.17336902769,0.0,19.9,2376657.077744009,317803.0,73.72855400737733,0.21252480076769514,,
S_BSLII,S_BSLII,pv_solar,Oriental,Solar,2031,37.04817336679057,37048.173366790565,0.0,19.9,2376657.077744009,317803.0,73.72855401176898,0.21252480075486205,,
S_BSLII,S_BSLII,pv_solar,Oriental,Solar,2032,37.04817335114794,37048.17335114794,0.0,19.9,2376657.077744009,317803.0,73.72855404247673,0.21252480066512894,,
S_BSLII,S_BSLII,pv_solar,Oriental,Solar,2033,37.048173108696375,37048.173108696385,0.0,19.9,2376657.077744009,317803.0,73.72855451842871,0.21252479927431892,,
S_BSLII,S_BSLII,pv_solar,Oriental,Solar,2034,37.04817315072076,37048.17315072076,0.0,19.9,2376657.077744009,317803.0,73.72855443593146,0.21252479951538947,,
S_BSLII,S_BSLII,pv_solar,Oriental,Solar,2035,37.04817337642584,37048.17337642584,0.0,19.9,2376657.077744009,317803.0,73.72855399285416,0.2125248008101342,,
S_BSLIII,S_BSLIII,pv_solar,Oriental,Solar,2023,37.048173388863304,37048.1733888633,0.0,19.9,2376657.077744009,317803.0,73.72855396843843,0.212524800881481,,
S_BSLIII,S_BSLIII,pv_solar,Oriental,Solar,2024,37.04817338652167,37048.173386521674,0.0,19.9,2376657.077744009,317803.0,73.72855397303525,0.21252480086804837,,
S_BSLIII,S_BSLIII,pv_solar,Oriental,Solar,2025,37.048173385241526,37048.17338524153,0.0,19.9,2376657.077744009,317803.0,73.72855397554827,0.21252480086070494,,
S_BSLIII,S_BSLIII,pv_solar,Oriental,Solar,2026,37.048173364527685,37048.17336452768,0.0,19.9,2376657.077744009,317803.0,73.7285540162112,0.21252480074188107,,
S_BSLIII,S_BSLIII,pv_solar,Oriental,Solar,2027,37.04817337282377,37048.173372823774,0.0,19.9,2376657.077744009,317803.0,73.72855399992532,0.21252480078947109,,
S_BSLIII,S_BSLIII,pv_solar,Oriental,Solar,2028,37.048173351070446,37048.17335107044,0.0,19.9,2376657.077744009,317803.0,73.72855404262884,0.2125248006646844,,
S_BSLIII,S_BSLIII,pv_solar,Oriental,Solar,2029,37.04817337764547,37048.173377645464,0.0,19.9,2376657.077744009,317803.0,73.72855399045994,0.21252480081713054,,
S_BSLIII,S_BSLIII,pv_solar,Oriental,Solar,2030,37.04817335223812,37048.173352238126,0.0,19.9,2376657.077744009,317803.0,73.7285540403366,0.21252480067138274,,
S_BSLIII,S_BSLIII,pv_solar,Oriental,Solar,2031,37.0481733761397,37048.173376139704,0.0,19.9,2376657.077744009,317803.0,73.72855399341587,0.2125248008084928,,
S_BSLIII,S_BSLIII,pv_solar,Oriental,Solar,2032,37.04817336845119,37048.17336845119,0.0,19.9,2376657.077744009,317803.0,73.72855400850905,0.21252480076438804,,
S_BSLIII,S_BSLIII,pv_solar,Oriental,Solar,2033,37.04817330744485,37048.17330744484,0.0,19.9,2376657.077744009,317803.0,73.72855412826942,0.21252480041442856,,
S_BSLIII,S_BSLIII,pv_solar,Oriental,Solar,2034,37.04817307034073,37048.17307034074,0.0,19.9,2376657.077744009,317803.0,73.72855459372394,0.21252479905429386,,
S_BSLIII,S_BSLIII,pv_solar,Oriental,Solar,2035,37.048173371677684,37048.17337167769,0.0,19.9,2376657.077744009,317803.0,73.72855400217517,0.2125248007828967,,
S_BSLlanos4,S_BSLlanos4,pv_solar,Oriental,Solar,2023,37.396469266016155,37396.46926601615,0.0,19.9,2376657.077744009,317803.0,73.05118907288356,0.21452278094821223,,
S_BSLlanos4,S_BSLlanos4,pv_solar,Oriental,Solar,2024,37.39646926208805,37396.46926208805,0.0,19.9,2376657.077744009,317803.0,73.05118908045178,0.21452278092567886,,
S_BSLlanos4,S_BSLlanos4,pv_solar,Oriental,Solar,2025,37.39646926450959,37396.46926450959,0.0,19.9,2376657.077744009,317803.0,73.05118907578623,0.21452278093956995,,
S_BSLlanos4,S_BSLlanos4,pv_solar,Oriental,Solar,2026,37.39646923825066,37396.46923825066,0.0,19.9,2376657.077744009,317803.0,73.05118912637889,0.21452278078893702,,
S_BSLlanos4,S_BSLlanos4,pv_solar,Oriental,Solar,2027,37.396469238898476,37396.46923889847,0.0,19.9,2376657.077744009,317803.0,73.05118912513076,0.2145227807926532,,
S_BSLlanos4,S_BSLlanos4,pv_solar,Oriental,Solar,2028,37.39646914782518,37396.46914782518,0.0,19.9,2376657.077744009,317803.0,73.05118930060026,0.21452278027021623,,
S_BSLlanos4,S_BSLlanos4,pv_solar,Oriental,Solar,2029,37.39646924953988,37396.46924953988,0.0,19.9,2376657.077744009,317803.0,73.05118910462815,0.21452278085369697,,
S_BSLlanos4,S_BSLlanos4,pv_solar,Oriental,Solar,2030,37.39646925708909,37396.46925708909,0.0,19.9,2376657.077744009,317803.0,73.0511890900832,0.21452278089700264,,
S_BSLlanos4,S_BSLlanos4,pv_solar,Oriental,Solar,2031,37.396469229395564,37396.46922939557,0.0,19.9,2376657.077744009,317803.0,73.05118914343987,0.21452278073814027,,
S_BSLlanos4,S_BSLlanos4,pv_solar,Oriental,Solar,2032,37.39646922017443,37396.46922017443,0.0,19.9,2376657.077744009,317803.0,73.05118916120608,0.21452278068524372,,
S_BSLlanos4,S_BSLlanos4,pv_solar,Oriental,Solar,2033,37.396469192002414,37396.469192002405,0.0,19.9,2376657.077744009,317803.0,73.05118921548467,0.21452278052363646,,
S_BSLlanos4,S_BSLlanos4,pv_solar,Oriental,Solar,2034,37.39646916127586,37396.46916127586,0.0,19.9,2376657.077744009,317803.0,73.05118927468503,0.21452278034737532,,
S_BSLlanos4,S_BSLlanos4,pv_solar,Oriental,Solar,2035,37.39646924001434,37396.46924001435,0.0,19.9,2376657.077744009,317803.0,73.05118912298084,0.21452278079905426,,
S_BSLlanos5,S_BSLlanos5,pv_solar,Oriental,Solar,2023,33.63803014991052,33638.030149910526,0.0,17.9,2137797.069930541,285863.0,73.05118905980254,0.21452278098715924,,
S_BSLlanos5,S_BSLlanos5,pv_solar,Oriental,Solar,2024,33.638030142382306,33638.0301423823,0.0,17.9,2137797.069930541,285863.0,73.05118907592765,0.21452278093914887,,
S_BSLlanos5,S_BSLlanos5,pv_solar,Oriental,Solar,2025,33.638030140419616,33638.03014041962,0.0,17.9,2137797.069930541,285863.0,73.05118908013164,0.21452278092663205,,
S_BSLlanos5,S_BSLlanos5,pv_solar,Oriental,Solar,2026,33.63803009541619,33638.030095416194,0.0,17.9,2137797.069930541,285863.0,73.051189176527,0.21452278063962774,,
S_BSLlanos5,S_BSLlanos5,pv_solar,Oriental,Solar,2027,33.6380301126857,33638.030112685694,0.0,17.9,2137797.069930541,285863.0,73.05118913953648,0.2145227807497621,,
S_BSLlanos5,S_BSLlanos5,pv_solar,Oriental,Solar,2028,33.63802981925849,33638.02981925849,0.0,17.9,2137797.069930541,285863.0,73.05118976804474,0.21452277887846283,,
S_BSLlanos5,S_BSLlanos5,pv_solar,Oriental,Solar,2029,33.63803010302909,33638.03010302909,0.0,17.9,2137797.069930541,285863.0,73.05118916022052,0.21452278068817812,,
S_BSLlanos5,S_BSLlanos5,pv_solar,Oriental,Solar,2030,33.63803011894239,33638.03011894239,0.0,17.9,2137797.069930541,285863.0,73.05118912613491,0.21452278078966344,,
S_BSLlanos5,S_BSLlanos5,pv_solar,Oriental,Solar,2031,33.63803012149414,33638.03012149414,0.0,17.9,2137797.069930541,285863.0,73.05118912066918,0.21452278080593695,,
S_BSLlanos5,S_BSLlanos5,pv_solar,Oriental,Solar,2032,33.6380301183337,33638.0301183337,0.0,17.9,2137797.069930541,285863.0,73.0511891274387,0.2145227807857816,,
S_BSLlanos5,S_BSLlanos5,pv_solar,Oriental,Solar,2033,33.638030136652006,33638.030136652014,0.0,17.9,2137797.069930541,285863.0,73.0511890882017,0.21452278090260454,,
S_BSLlanos5,S_BSLlanos5,pv_solar,Oriental,Solar,2034,33.63803013574616,33638.03013574616,0.0,17.9,2137797.069930541,285863.0,73.05118909014197,0.21452278089682764,,
S_BSLlanos5,S_BSLlanos5,pv_solar,Oriental,Solar,2035,33.63803013480725,33638.03013480725,0.0,17.9,2137797.069930541,285863.0,73.05118909215308,0.21452278089083981,,
S_BayuncaI,S_BayuncaI,pv_solar,Caribe,Solar,2023,5.839692720476087,5839.692720476089,0.0,3.0,358290.0117202024,47910.0,70.55845643999683,0.22221052969848118,,
S_BayuncaI,S_BayuncaI,pv_solar,Caribe,Solar,2024,5.83969271199225,5839.69271199225,0.0,3.0,358290.0117202024,47910.0,70.55845654105052,0.22221052937565636,,
S_BayuncaI,S_BayuncaI,pv_solar,Caribe,Solar,2025,5.8396927130995415,5839.692713099542,0.0,3.0,358290.0117202024,47910.0,70.55845652786121,0.22221052941779074,,
S_BayuncaI,S_BayuncaI,pv_solar,Caribe,Solar,2026,5.839692688277635,5839.692688277635,0.0,3.0,358290.0117202024,47910.0,70.55845682352292,0.22221052847327374,,
S_BayuncaI,S_BayuncaI,pv_solar,Caribe,Solar,2027,5.8396927030848635,5839.692703084864,0.0,3.0,358290.0117202024,47910.0,70.55845664714926,0.2222105290367147,,
S_BayuncaI,S_BayuncaI,pv_solar,Caribe,Solar,2028,5.839692113762498,5839.6921137624995,0.0,3.0,358290.0117202024,47910.0,70.55846366675807,0.22221050661196717,,
S_BayuncaI,S_BayuncaI,pv_solar,Caribe,Solar,2029,5.839692696462081,5839.692696462081,0.0,3.0,358290.0117202024,47910.0,70.55845672603536,0.22221052878470626,,
S_BayuncaI,S_BayuncaI,pv_solar,Caribe,Solar,2030,5.839692685013151,5839.692685013151,0.0,3.0,358290.0117202024,47910.0,70.55845686240724,0.22221052834905441,,
S_BayuncaI,S_BayuncaI,pv_solar,Caribe,Solar,2031,5.83969268172482,5839.69268172482,0.0,3.0,358290.0117202024,47910.0,70.55845690157562,0.22221052822392764,,
S_BayuncaI,S_BayuncaI,pv_solar,Caribe,Solar,2032,5.839692693442088,5839.692693442088,0.0,3.0,358290.0117202024,47910.0,70.55845676200747,0.2222105286697902,,
S_BayuncaI,S_BayuncaI,pv_solar,Caribe,Solar,2033,5.839692052894918,5839.692052894917,0.0,3.0,358290.0117202024,47910.0,70.55846439177154,0.22221050429584918,,
S_BayuncaI,S_BayuncaI,pv_solar,Caribe,Solar,2034,5.8396918500301656,5839.691850030165,0.0,3.0,358290.0117202024,47910.0,70.55846680815942,0.22221049657649028,,
S_BayuncaI,S_BayuncaI,pv_solar,Caribe,Solar,2035,5.839692675204647,5839.6926752046475,0.0,3.0,358290.0117202024,47910.0,70.55845697923948,0.22221052797582366,,
S_Belmonte,S_Belmonte,pv_solar,Surocciden,Solar,2023,9.218139624128584,9218.139624128584,0.0,5.06,604315.8197680747,80808.2,75.323458713378,0.20796423791507804,,
S_Belmonte,S_Belmonte,pv_solar,Surocciden,Solar,2024,9.218139626715203,9218.139626715203,0.0,5.06,604315.8197680747,80808.2,75.32345869252276,0.207964237973433,,
S_Belmonte,S_Belmonte,pv_solar,Surocciden,Solar,2025,9.218139620836155,9218.139620836155,0.0,5.06,604315.8197680747,80808.2,75.32345873992399,0.20796423784079973,,
S_Belmonte,S_Belmonte,pv_solar,Surocciden,Solar,2026,9.218139622910897,9218.139622910898,0.0,5.06,604315.8197680747,80808.2,75.32345872319588,0.20796423788760665,,
S_Belmonte,S_Belmonte,pv_solar,Surocciden,Solar,2027,9.218139617790731,9218.13961779073,0.0,5.06,604315.8197680747,80808.2,75.32345876447845,0.207964237772094,,
S_Belmonte,S_Belmonte,pv_solar,Surocciden,Solar,2028,9.21813951402158,9218.139514021579,0.0,5.06,604315.8197680747,80808.2,75.32345960114212,0.20796423543102804,,
S_Belmonte,S_Belmonte,pv_solar,Surocciden,Solar,2029,9.2181396117715,9218.139611771501,0.0,5.06,604315.8197680747,80808.2,75.32345881300995,0.20796423763629818,,
S_Belmonte,S_Belmonte,pv_solar,Surocciden,Solar,2030,9.218139619543049,9218.13961954305,0.0,5.06,604315.8197680747,80808.2,75.32345875034999,0.20796423781162685,,
S_Belmonte,S_Belmonte,pv_solar,Surocciden,Solar,2031,9.218139609532116,9218.139609532114,0.0,5.06,604315.8197680747,80808.2,75.32345883106552,0.20796423758577695,,
S_Belmonte,S_Belmonte,pv_solar,Surocciden,Solar,2032,9.218139614567574,9218.139614567574,0.0,5.06,604315.8197680747,80808.2,75.32345879046593,0.20796423769937855,,
S_Belmonte,S_Belmonte,pv_solar,Surocciden,Solar,2033,9.21813867175107,9218.13867175107,0.0,5.06,604315.8197680747,80808.2,75.3234663921506,0.20796421642913054,,
S_Belmonte,S_Belmonte,pv_solar,Surocciden,Solar,2034,9.21813946769218,9218.139467692181,0.0,5.06,604315.8197680747,80808.2,75.323459974684,0.2079642343858217,,
S_Belmonte,S_Belmonte,pv_solar,Surocciden,Solar,2035,9.218139576220896,9218.139576220896,0.0,5.06,604315.8197680747,80808.2,75.32345909964522,0.20796423683426496,,
S_Cabelleros,S_Cabelleros,pv_solar,Surocciden,Solar,2023,20.950317329610495,20950.317329610498,0.0,11.5,1373445.0449274424,183655.0,75.32345870612127,0.20796423793538307,,
S_Cabelleros,S_Cabelleros,pv_solar,Surocciden,Solar,2024,20.950317325260414,20950.31732526041,0.0,11.5,1373445.0449274424,183655.0,75.32345872155365,0.2079642378922018,,
S_Cabelleros,S_Cabelleros,pv_solar,Surocciden,Solar,2025,20.950317330253462,20950.317330253463,0.0,11.5,1373445.0449274424,183655.0,75.32345870384027,0.20796423794176552,,
S_Cabelleros,S_Cabelleros,pv_solar,Surocciden,Solar,2026,20.950317242965454,20950.31724296546,0.0,11.5,1373445.0449274424,183655.0,75.32345901350368,0.2079642370752973,,
S_Cabelleros,S_Cabelleros,pv_solar,Surocciden,Solar,2027,20.95031731911003,20950.31731911003,0.0,11.5,1373445.0449274424,183655.0,75.32345874337277,0.20796423783114976,,
S_Cabelleros,S_Cabelleros,pv_solar,Surocciden,Solar,2028,20.950317020432056,20950.317020432056,0.0,11.5,1373445.0449274424,183655.0,75.32345980296438,0.20796423486630983,,
S_Cabelleros,S_Cabelleros,pv_solar,Surocciden,Solar,2029,20.950317315615756,20950.317315615757,0.0,11.5,1373445.0449274424,183655.0,75.32345875576907,0.2079642377964637,,
S_Cabelleros,S_Cabelleros,pv_solar,Surocciden,Solar,2030,20.950317317340513,20950.317317340516,0.0,11.5,1373445.0449274424,183655.0,75.32345874965033,0.20796423781358453,,
S_Cabelleros,S_Cabelleros,pv_solar,Surocciden,Solar,2031,20.95031732385994,20950.31732385994,0.0,11.5,1373445.0449274424,183655.0,75.32345872652196,0.20796423787829996,,
S_Cabelleros,S_Cabelleros,pv_solar,Surocciden,Solar,2032,20.950317301125637,20950.317301125633,0.0,11.5,1373445.0449274424,183655.0,75.3234588071743,0.20796423765262687,,
S_Cabelleros,S_Cabelleros,pv_solar,Surocciden,Solar,2033,20.950317322509008,20950.317322509007,0.0,11.5,1373445.0449274424,183655.0,75.32345873131455,0.20796423786488985,,
S_Cabelleros,S_Cabelleros,pv_solar,Surocciden,Solar,2034,20.950317318563453,20950.31731856345,0.0,11.5,1373445.0449274424,183655.0,75.32345874531181,0.20796423782572412,,
S_Cabelleros,S_Cabelleros,pv_solar,Surocciden,Solar,2035,20.950317325398878,20950.317325398875,0.0,11.5,1373445.0449274424,183655.0,75.32345872106242,0.20796423789357626,,
S_CaracoliI,S_CaracoliI,pv_solar,Caribe,Solar,2024,97.32821191575744,97328.21191575743,0.0,50.0,5971500.195336706,798500.0,70.55845650587405,0.22221052948803063,,
S_CaracoliI,S_CaracoliI,pv_solar,Caribe,Solar,2025,97.32821191602831,97328.21191602832,0.0,50.0,5971500.195336706,798500.0,70.55845650568047,0.22221052948864906,,
S_CaracoliI,S_CaracoliI,pv_solar,Caribe,Solar,2026,97.3282119011054,97328.21190110539,0.0,50.0,5971500.195336706,798500.0,70.55845651634554,0.2222105294545785,,
S_CaracoliI,S_CaracoliI,pv_solar,Caribe,Solar,2027,97.32821191515586,97328.21191515587,0.0,50.0,5971500.195336706,798500.0,70.55845650630398,0.22221052948665715,,
S_CaracoliI,S_CaracoliI,pv_solar,Caribe,Solar,2028,97.32821189752397,97328.21189752396,0.0,50.0,5971500.195336706,798500.0,70.55845651890513,0.2222105294464017,,
S_CaracoliI,S_CaracoliI,pv_solar,Caribe,Solar,2029,97.32821189913705,97328.21189913704,0.0,50.0,5971500.195336706,798500.0,70.55845651775229,0.22221052945008457,,
S_CaracoliI,S_CaracoliI,pv_solar,Caribe,Solar,2030,97.32821191118356,97328.21191118356,0.0,50.0,5971500.195336706,798500.0,70.5584565091429,0.222210529477588,,
S_CaracoliI,S_CaracoliI,pv_solar,Caribe,Solar,2031,97.32821190891936,97328.21190891936,0.0,50.0,5971500.195336706,798500.0,70.55845651076109,0.2222105294724186,,
S_CaracoliI,S_CaracoliI,pv_solar,Caribe,Solar,2032,97.32821191197604,97328.21191197603,0.0,50.0,5971500.195336706,798500.0,70.55845650857653,0.22221052947939732,,
S_CaracoliI,S_CaracoliI,pv_solar,Caribe,Solar,2033,97.32821173598677,97328.21173598676,0.0,50.0,5971500.195336706,798500.0,70.55845663435242,0.2222105290775953,,
S_CaracoliI,S_CaracoliI,pv_solar,Caribe,Solar,2034,97.32821065711806,97328.21065711806,0.0,50.0,5971500.195336706,798500.0,70.55845740539755,0.22221052661442475,,
S_CaracoliI,S_CaracoliI,pv_solar,Caribe,Solar,2035,97.32821188096808,97328.21188096807,0.0,50.0,5971500.195336706,798500.0,70.55845653073727,0.2222105294086029,,
S_Carmelo,S_Carmelo,pv_solar,Surocciden,Solar,2023,18.03549056851926,18035.49056851926,0.0,9.9,1182357.038676668,158103.0,75.32345871514167,0.20796423791014315,,
S_Carmelo,S_Carmelo,pv_solar,Surocciden,Solar,2024,18.035490571823367,18035.490571823364,0.0,9.9,1182357.038676668,158103.0,75.32345870152558,0.2079642379482423,,
S_Carmelo,S_Carmelo,pv_solar,Surocciden,Solar,2025,18.03549056671153,18035.49056671153,0.0,9.9,1182357.038676668,158103.0,75.32345872259124,0.20796423788929855,,
S_Carmelo,S_Carmelo,pv_solar,Surocciden,Solar,2026,18.03549051894207,18035.490518942068,0.0,9.9,1182357.038676668,158103.0,75.32345891944708,0.2079642373384768,,
S_Carmelo,S_Carmelo,pv_solar,Surocciden,Solar,2027,18.03549052222776,18035.49052222776,0.0,9.9,1182357.038676668,158103.0,75.32345890590688,0.20796423737636358,,
S_Carmelo,S_Carmelo,pv_solar,Surocciden,Solar,2028,18.03549054562455,18035.49054562455,0.0,9.9,1182357.038676668,158103.0,75.32345880948975,0.20796423764614808,,
S_Carmelo,S_Carmelo,pv_solar,Surocciden,Solar,2029,18.035490525099448,18035.49052509945,0.0,9.9,1182357.038676668,158103.0,75.32345889407277,0.20796423740947656,,
S_Carmelo,S_Carmelo,pv_solar,Surocciden,Solar,2030,18.03549051549303,18035.49051549303,0.0,9.9,1182357.038676668,158103.0,75.3234589336604,0.20796423729870656,,
S_Carmelo,S_Carmelo,pv_solar,Surocciden,Solar,2031,18.03549050609349,18035.490506093483,0.0,9.9,1182357.038676668,158103.0,75.3234589723955,0.20796423719032195,,
S_Carmelo,S_Carmelo,pv_solar,Surocciden,Solar,2032,18.03549052887216,18035.490528872157,0.0,9.9,1182357.038676668,158103.0,75.3234588785256,0.20796423745297907,,
S_Carmelo,S_Carmelo,pv_solar,Surocciden,Solar,2033,18.035490568525805,18035.490568525805,0.0,9.9,1182357.038676668,158103.0,75.32345871511468,0.20796423791021865,,
S_Carmelo,S_Carmelo,pv_solar,Surocciden,Solar,2034,18.035490563978957,18035.490563978958,0.0,9.9,1182357.038676668,158103.0,75.32345873385204,0.2079642378577897,,
S_Carmelo,S_Carmelo,pv_solar,Surocciden,Solar,2035,18.03549056852581,18035.490568525805,0.0,9.9,1182357.038676668,158103.0,75.32345871511467,0.2079642379102187,,
S_Cauca,S_Cauca,pv_solar,Surocciden,Solar,2023,0.5465300233456558,546.5300233456559,0.0,0.3,35829.00117202024,4791.0,75.32345788317271,0.20796424023807294,,
S_Cauca,S_Cauca,pv_solar,Surocciden,Solar,2024,0.5465300204117208,546.5300204117208,0.0,0.3,35829.00117202024,4791.0,75.32345828216303,0.20796423912165932,,
S_Cauca,S_Cauca,pv_solar,Surocciden,Solar,2025,0.5465300196645431,546.530019664543,0.0,0.3,35829.00117202024,4791.0,75.32345838377287,0.2079642388373451,,
S_Cauca,S_Cauca,pv_solar,Surocciden,Solar,2026,0.546529992184874,546.529992184874,0.0,0.3,35829.00117202024,4791.0,75.32346212077555,0.20796422838085005,,
S_Cauca,S_Cauca,pv_solar,Surocciden,Solar,2027,0.5465300036123903,546.5300036123904,0.0,0.3,35829.00117202024,4791.0,75.32346056672988,0.20796423272922004,,
S_Cauca,S_Cauca,pv_solar,Surocciden,Solar,2028,0.5465297777746179,546.529777774618,0.0,0.3,35829.00117202024,4791.0,75.32349127877059,0.20796414679399458,,
S_Cauca,S_Cauca,pv_solar,Surocciden,Solar,2029,0.5465299945408724,546.5299945408724,0.0,0.3,35829.00117202024,4791.0,75.32346180037966,0.20796422927734867,,
S_Cauca,S_Cauca,pv_solar,Surocciden,Solar,2030,0.5465299886949949,546.5299886949949,0.0,0.3,35829.00117202024,4791.0,75.32346259536962,0.20796422705288997,,
S_Cauca,S_Cauca,pv_solar,Surocciden,Solar,2031,0.5465300063928882,546.5300063928881,0.0,0.3,35829.00117202024,4791.0,75.3234601886057,0.2079642337872481,,
S_Cauca,S_Cauca,pv_solar,Surocciden,Solar,2032,0.5465300180147441,546.5300180147442,0.0,0.3,35829.00117202024,4791.0,75.32345860813159,0.20796423820956772,,
S_Cauca,S_Cauca,pv_solar,Surocciden,Solar,2033,0.5465300104097953,546.5300104097953,0.0,0.3,35829.00117202024,4791.0,75.3234596423403,0.20796423531575162,,
S_Cauca,S_Cauca,pv_solar,Surocciden,Solar,2034,0.5465300172280514,546.5300172280515,0.0,0.3,35829.00117202024,4791.0,75.32345871511514,0.2079642379102174,,
S_Cauca,S_Cauca,pv_solar,Surocciden,Solar,2035,0.5465300074622462,546.5300074622462,0.0,0.3,35829.00117202024,4791.0,75.32346004318204,0.20796423419415758,,
S_Cerrito,S_Cerrito,pv_solar,Surocciden,Solar,2023,20.950317327980855,20950.317327980854,0.0,11.5,1373445.0449274424,183655.0,75.32345871190259,0.20796423791920637,,
S_Cerrito,S_Cerrito,pv_solar,Surocciden,Solar,2024,20.950317328196405,20950.317328196405,0.0,11.5,1373445.0449274424,183655.0,75.3234587111379,0.20796423792134602,,
S_Cerrito,S_Cerrito,pv_solar,Surocciden,Solar,2025,20.95031732806574,20950.31732806574,0.0,11.5,1373445.0449274424,183655.0,75.32345871160145,0.20796423792004898,,
S_Cerrito,S_Cerrito,pv_solar,Surocciden,Solar,2026,20.950317327075425,20950.317327075427,0.0,11.5,1373445.0449274424,183655.0,75.3234587151147,0.2079642379102186,,
S_Cerrito,S_Cerrito,pv_solar,Surocciden,Solar,2027,20.950317327075425,20950.317327075427,0.0,11.5,1373445.0449274424,183655.0,75.3234587151147,0.2079642379102186,,
S_Cerrito,S_Cerrito,pv_solar,Surocciden,Solar,2028,20.950317116033027,20950.317116033024,0.0,11.5,1373445.0449274424,183655.0,75.32345946380985,0.20796423581529705,,
S_Cerrito,S_Cerrito,pv_solar,Surocciden,Solar,2029,20.95031732707543,20950.317327075434,0.0,11.5,1373445.0449274424,183655.0,75.32345871511468,0.20796423791021865,,
S_Cerrito,S_Cerrito,pv_solar,Surocciden,Solar,2030,20.950317318378335,20950.317318378336,0.0,11.5,1373445.0449274424,183655.0,75.32345874596854,0.20796423782388657,,
S_Cerrito,S_Cerrito,pv_solar,Surocciden,Solar,2031,20.950317327075428,20950.31732707543,0.0,11.5,1373445.0449274424,183655.0,75.32345871511468,0.20796423791021862,,
S_Cerrito,S_Cerrito,pv_solar,Surocciden,Solar,2032,20.95031732707543,20950.31732707543,0.0,11.5,1373445.0449274424,183655.0,75.32345871511468,0.20796423791021865,,
S_Cerrito,S_Cerrito,pv_solar,Surocciden,Solar,2033,20.95031732707543,20950.31732707543,0.0,11.5,1373445.0449274424,183655.0,75.32345871511468,0.20796423791021865,,
S_Cerrito,S_Cerrito,pv_solar,Surocciden,Solar,2034,20.950317327075428,20950.317327075427,0.0,11.5,1373445.0449274424,183655.0,75.32345871511468,0.20796423791021862,,
S_Cerrito,S_Cerrito,pv_solar,Surocciden,Solar,2035,20.950317327075428,20950.317327075427,0.0,11.5,1373445.0449274424,183655.0,75.32345871511468,0.20796423791021862,,
S_Cienaguero,S_Cienaguero,pv_solar,Caribe,Solar,2023,17.519078146881185,17519.078146881184,0.0,9.0,1074870.0351606072,143730.0,70.55845649775512,0.22221052951396728,,
S_Cienaguero,S_Cienaguero,pv_solar,Caribe,Solar,2024,17.51907814498507,17519.07814498507,0.0,9.0,1074870.0351606072,143730.0,70.55845650528353,0.22221052948991712,,
S_Cienaguero,S_Cienaguero,pv_solar,Caribe,Solar,2025,17.51907814569657,17519.07814569657,0.0,9.0,1074870.0351606072,143730.0,70.55845650245855,0.22221052949894174,,
S_Cienaguero,S_Cienaguero,pv_solar,Caribe,Solar,2026,17.519078145696575,17519.078145696574,0.0,9.0,1074870.0351606072,143730.0,70.55845650245854,0.2222105294989418,,
S_Cienaguero,S_Cienaguero,pv_solar,Caribe,Solar,2027,17.519078144847647,17519.078144847645,0.0,9.0,1074870.0351606072,143730.0,70.55845650582916,0.2222105294881741,,
S_Cienaguero,S_Cienaguero,pv_solar,Caribe,Solar,2028,17.519078043679283,17519.078043679285,0.0,9.0,1074870.0351606072,143730.0,70.55845690751212,0.22221052820496293,,
S_Cienaguero,S_Cienaguero,pv_solar,Caribe,Solar,2029,17.519078144581453,17519.07814458145,0.0,9.0,1074870.0351606072,143730.0,70.55845650688606,0.2222105294847977,,
S_Cienaguero,S_Cienaguero,pv_solar,Caribe,Solar,2030,17.519078137275436,17519.078137275435,0.0,9.0,1074870.0351606072,143730.0,70.55845653589418,0.22221052939212876,,
S_Cienaguero,S_Cienaguero,pv_solar,Caribe,Solar,2031,17.51907814299172,17519.07814299172,0.0,9.0,1074870.0351606072,143730.0,70.55845651319801,0.22221052946463363,,
S_Cienaguero,S_Cienaguero,pv_solar,Caribe,Solar,2032,17.519078145696565,17519.078145696563,0.0,9.0,1074870.0351606072,143730.0,70.55845650245858,0.22221052949894166,,
S_Cienaguero,S_Cienaguero,pv_solar,Caribe,Solar,2033,17.519078140621126,17519.078140621124,0.0,9.0,1074870.0351606072,143730.0,70.55845652261031,0.2222105294345652,,
S_Cienaguero,S_Cienaguero,pv_solar,Caribe,Solar,2034,17.519078145280766,17519.078145280764,0.0,9.0,1074870.0351606072,143730.0,70.55845650410949,0.2222105294936677,,
S_Cienaguero,S_Cienaguero,pv_solar,Caribe,Solar,2035,17.519078144217126,17519.07814421713,0.0,9.0,1074870.0351606072,143730.0,70.55845650833261,0.22221052948017656,,
S_Dulima,S_Dulima,pv_solar,Surocciden,Solar,2023,39.896691257647994,39896.69125764798,0.0,21.9,2615517.085557477,349743.0,75.32345871511467,0.20796423791021865,,
S_Dulima,S_Dulima,pv_solar,Surocciden,Solar,2024,39.89669125764799,39896.691257647995,0.0,21.9,2615517.085557477,349743.0,75.32345871511468,0.20796423791021862,,
S_Dulima,S_Dulima,pv_solar,Surocciden,Solar,2025,39.89669125764799,39896.691257647995,0.0,21.9,2615517.085557477,349743.0,75.32345871511468,0.20796423791021862,,
S_Dulima,S_Dulima,pv_solar,Surocciden,Solar,2026,39.89669125764799,39896.69125764799,0.0,21.9,2615517.085557477,349743.0,75.32345871511468,0.20796423791021862,,
S_Dulima,S_Dulima,pv_solar,Surocciden,Solar,2027,39.89669125764799,39896.691257647995,0.0,21.9,2615517.085557477,349743.0,75.32345871511468,0.20796423791021862,,
S_Dulima,S_Dulima,pv_solar,Surocciden,Solar,2028,39.896691257647994,39896.691257647995,0.0,21.9,2615517.085557477,349743.0,75.32345871511467,0.20796423791021865,,
S_Dulima,S_Dulima,pv_solar,Surocciden,Solar,2029,39.89669125764799,39896.69125764799,0.0,21.9,2615517.085557477,349743.0,75.32345871511468,0.20796423791021862,,
S_Dulima,S_Dulima,pv_solar,Surocciden,Solar,2030,39.896691257647994,39896.69125764799,0.0,21.9,2615517.085557477,349743.0,75.32345871511467,0.20796423791021865,,
S_Dulima,S_Dulima,pv_solar,Surocciden,Solar,2031,39.89669125764799,39896.69125764798,0.0,21.9,2615517.085557477,349743.0,75.32345871511468,0.20796423791021862,,
S_Dulima,S_Dulima,pv_solar,Surocciden,Solar,2032,39.89669125764799,39896.69125764799,0.0,21.9,2615517.085557477,349743.0,75.32345871511468,0.20796423791021862,,
S_Dulima,S_Dulima,pv_solar,Surocciden,Solar,2033,39.89669125764799,39896.69125764799,0.0,21.9,2615517.085557477,349743.0,75.32345871511468,0.20796423791021862,,
S_Dulima,S_Dulima,pv_solar,Surocciden,Solar,2034,39.896691257647994,39896.69125764799,0.0,21.9,2615517.085557477,349743.0,75.32345871511467,0.20796423791021865,,
S_Dulima,S_Dulima,pv_solar,Surocciden,Solar,2035,39.89669125764799,39896.69125764799,0.0,21.9,2615517.085557477,349743.0,75.32345871511468,0.20796423791021862,,
S_El_Paso,S_El_Paso,pv_solar,Caribe,Solar,2023,132.3663682129346,132366.36821293458,0.0,68.0,8121240.26565792,1085960.0,70.55845650193045,0.2222105295006288,,
S_El_Paso,S_El_Paso,pv_solar,Caribe,Solar,2024,132.36636820911332,132366.3682091133,0.0,68.0,8121240.26565792,1085960.0,70.55845650393853,0.2222105294942138,,
S_El_Paso,S_El_Paso,pv_solar,Caribe,Solar,2025,132.3663682131742,132366.36821317422,0.0,68.0,8121240.26565792,1085960.0,70.55845650180453,0.2222105295010311,,
S_El_Paso,S_El_Paso,pv_solar,Caribe,Solar,2026,132.3663682032087,132366.36820320867,0.0,68.0,8121240.26565792,1085960.0,70.5584565070414,0.22221052948430142,,
S_El_Paso,S_El_Paso,pv_solar,Caribe,Solar,2027,132.36636820210407,132366.36820210406,0.0,68.0,8121240.26565792,1085960.0,70.55845650762188,0.22221052948244702,,
S_El_Paso,S_El_Paso,pv_solar,Caribe,Solar,2028,132.36636821192965,132366.36821192966,0.0,68.0,8121240.26565792,1085960.0,70.55845650245854,0.22221052949894177,,
S_El_Paso,S_El_Paso,pv_solar,Caribe,Solar,2029,132.36636820910877,132366.36820910877,0.0,68.0,8121240.26565792,1085960.0,70.55845650394092,0.2222105294942062,,
S_El_Paso,S_El_Paso,pv_solar,Caribe,Solar,2030,132.36636821164745,132366.36821164744,0.0,68.0,8121240.26565792,1085960.0,70.55845650260683,0.22221052949846803,,
S_El_Paso,S_El_Paso,pv_solar,Caribe,Solar,2031,132.36636820866565,132366.36820866566,0.0,68.0,8121240.26565792,1085960.0,70.55845650417379,0.22221052949346226,,
S_El_Paso,S_El_Paso,pv_solar,Caribe,Solar,2032,132.366368210331,132366.368210331,0.0,68.0,8121240.26565792,1085960.0,70.55845650329864,0.222210529496258,,
S_El_Paso,S_El_Paso,pv_solar,Caribe,Solar,2033,132.36636812576643,132366.36812576646,0.0,68.0,8121240.26565792,1085960.0,70.55845654773728,0.22221052935429492,,
S_El_Paso,S_El_Paso,pv_solar,Caribe,Solar,2034,132.36636821007687,132366.36821007685,0.0,68.0,8121240.26565792,1085960.0,70.55845650343218,0.22221052949583142,,
S_El_Paso,S_El_Paso,pv_solar,Caribe,Solar,2035,132.3663681888912,132366.36818889118,0.0,68.0,8121240.26565792,1085960.0,70.55845651456525,0.22221052946026584,,
S_Escobal6,S_Escobal6,pv_solar,Surocciden,Solar,2026,180.35490568525805,180354.90568525804,0.0,99.0,11823570.386766678,1581030.0,75.32345871511467,0.20796423791021862,,
S_Escobal6,S_Escobal6,pv_solar,Surocciden,Solar,2027,180.35490568525805,180354.90568525804,0.0,99.0,11823570.386766678,1581030.0,75.32345871511467,0.20796423791021862,,
S_Escobal6,S_Escobal6,pv_solar,Surocciden,Solar,2028,180.35490568525805,180354.90568525804,0.0,99.0,11823570.386766678,1581030.0,75.32345871511467,0.20796423791021862,,
S_Escobal6,S_Escobal6,pv_solar,Surocciden,Solar,2029,180.35490568525805,180354.90568525804,0.0,99.0,11823570.386766678,1581030.0,75.32345871511467,0.20796423791021862,,
S_Escobal6,S_Escobal6,pv_solar,Surocciden,Solar,2030,180.35490568525805,180354.90568525804,0.0,99.0,11823570.386766678,1581030.0,75.32345871511467,0.20796423791021862,,
S_Escobal6,S_Escobal6,pv_solar,Surocciden,Solar,2031,180.35490568525805,180354.90568525804,0.0,99.0,11823570.386766678,1581030.0,75.32345871511467,0.20796423791021862,,
S_Escobal6,S_Escobal6,pv_solar,Surocciden,Solar,2032,180.35490568525805,180354.90568525804,0.0,99.0,11823570.386766678,1581030.0,75.32345871511467,0.20796423791021862,,
S_Escobal6,S_Escobal6,pv_solar,Surocciden,Solar,2033,180.35490568525805,180354.90568525804,0.0,99.0,11823570.386766678,1581030.0,75.32345871511467,0.20796423791021862,,
S_Escobal6,S_Escobal6,pv_solar,Surocciden,Solar,2034,180.35490568525805,180354.90568525804,0.0,99.0,11823570.386766678,1581030.0,75.32345871511467,0.20796423791021862,,
S_Escobal6,S_Escobal6,pv_solar,Surocciden,Solar,2035,180.35490568486654,180354.90568486654,0.0,99.0,11823570.386766678,1581030.0,75.32345871527602,0.20796423790976717,,
S_Espinal,S_Espinal,pv_solar,Antioquia,Solar,2023,18.03549057011392,18035.49057011392,0.0,9.9,1182357.038676668,158103.0,75.32345870857013,0.20796423792853094,,
S_Espinal,S_Espinal,pv_solar,Antioquia,Solar,2024,18.035490580439046,18035.490580439044,0.0,9.9,1182357.038676668,158103.0,75.32345866602076,0.20796423804758823,,
S_Espinal,S_Espinal,pv_solar,Antioquia,Solar,2025,18.035490574638143,18035.49057463814,0.0,9.9,1182357.038676668,158103.0,75.32345868992601,0.20796423798069896,,
S_Espinal,S_Espinal,pv_solar,Antioquia,Solar,2026,18.035490553353483,18035.49055335348,0.0,9.9,1182357.038676668,158103.0,75.32345877763915,0.20796423773526912,,
S_Espinal,S_Espinal,pv_solar,Antioquia,Solar,2027,18.035490529614197,18035.4905296142,0.0,9.9,1182357.038676668,158103.0,75.3234588754677,0.2079642374615354,,
S_Espinal,S_Espinal,pv_solar,Antioquia,Solar,2028,18.035490396194767,18035.490396194764,0.0,9.9,1182357.038676668,158103.0,75.32345942528327,0.20796423592309815,,
S_Espinal,S_Espinal,pv_solar,Antioquia,Solar,2029,18.0354905400544,18035.4905400544,0.0,9.9,1182357.038676668,158103.0,75.32345883244408,0.2079642375819196,,
S_Espinal,S_Espinal,pv_solar,Antioquia,Solar,2030,18.03549053876572,18035.49053876572,0.0,9.9,1182357.038676668,158103.0,75.32345883775467,0.20796423756706006,,
S_Espinal,S_Espinal,pv_solar,Antioquia,Solar,2031,18.035490536223733,18035.49053622373,0.0,9.9,1182357.038676668,158103.0,75.32345884823009,0.20796423753774881,,
S_Espinal,S_Espinal,pv_solar,Antioquia,Solar,2032,18.03549054920604,18035.49054920604,0.0,9.9,1182357.038676668,158103.0,75.32345879473058,0.20796423768744565,,
S_Espinal,S_Espinal,pv_solar,Antioquia,Solar,2033,18.035489718056844,18035.489718056844,0.0,9.9,1182357.038676668,158103.0,75.3234622198598,0.2079642281036027,,
S_Espinal,S_Espinal,pv_solar,Antioquia,Solar,2034,18.03548751445137,18035.487514451368,0.0,9.9,1182357.038676668,158103.0,75.32347130082246,0.20796420269419497,,
S_Espinal,S_Espinal,pv_solar,Antioquia,Solar,2035,18.035490509450547,18035.490509450545,0.0,9.9,1182357.038676668,158103.0,75.3234589585612,0.20796423722903168,,
S_Ferch2,S_Ferch2,pv_solar,Nordeste,Solar,2023,0.019712654215756853,19.71265421575685,0.0,0.01,1194.3000390673412,159.70000000000002,69.68684573105598,0.22503029926663068,,
S_Ferch2,S_Ferch2,pv_solar,Nordeste,Solar,2024,0.019712658668796953,19.712658668796955,0.0,0.01,1194.3000390673412,159.70000000000002,69.68683021486999,0.22503035010042177,,
S_Ferch2,S_Ferch2,pv_solar,Nordeste,Solar,2025,0.019712653205597605,19.712653205597604,0.0,0.01,1194.3000390673412,159.70000000000002,69.6868492508588,0.22503028773513245,,
S_Ferch2,S_Ferch2,pv_solar,Nordeste,Solar,2026,0.01971264879074366,19.712648790743664,0.0,0.01,1194.3000390673412,159.70000000000002,69.68686463399735,0.22503023733725633,,
S_Ferch2,S_Ferch2,pv_solar,Nordeste,Solar,2027,0.01971263887257336,19.712638872573358,0.0,0.01,1194.3000390673412,159.70000000000002,69.68689919294327,0.22503012411613418,,
S_Ferch2,S_Ferch2,pv_solar,Nordeste,Solar,2028,0.01971251816585004,19.712518165850035,0.0,0.01,1194.3000390673412,159.70000000000002,69.6873197871295,0.2250287461855027,,
S_Ferch2,S_Ferch2,pv_solar,Nordeste,Solar,2029,0.019712634937075455,19.712634937075457,0.0,0.01,1194.3000390673412,159.70000000000002,69.68691290583091,0.22503007919035906,,
S_Ferch2,S_Ferch2,pv_solar,Nordeste,Solar,2030,0.01971262834905076,19.71262834905076,0.0,0.01,1194.3000390673412,159.70000000000002,69.68693586122124,0.22503000398459766,,
S_Ferch2,S_Ferch2,pv_solar,Nordeste,Solar,2031,0.01971262556781455,19.71262556781455,0.0,0.01,1194.3000390673412,159.70000000000002,69.68694555219784,0.22502997223532586,,
S_Ferch2,S_Ferch2,pv_solar,Nordeste,Solar,2032,0.019712635823433303,19.712635823433303,0.0,0.01,1194.3000390673412,159.70000000000002,69.68690981739643,0.2250300893085993,,
S_Ferch2,S_Ferch2,pv_solar,Nordeste,Solar,2033,0.019712421105528375,19.712421105528374,0.0,0.01,1194.3000390673412,159.70000000000002,69.68765799080917,0.22502763819096314,,
S_Ferch2,S_Ferch2,pv_solar,Nordeste,Solar,2034,0.019712418689353996,19.712418689353996,0.0,0.01,1194.3000390673412,159.70000000000002,69.68766640993631,0.22502761060906382,,
S_Ferch2,S_Ferch2,pv_solar,Nordeste,Solar,2035,0.01971263604014708,19.71263604014708,0.0,0.01,1194.3000390673412,159.70000000000002,69.68690906227674,0.22503009178250086,,
S_Flandes,S_Flandes,pv_solar,Surocciden,Solar,2023,39.89669125764799,39896.69125764799,0.0,21.9,2615517.085557477,349743.0,75.32345871511468,0.20796423791021862,,
S_Flandes,S_Flandes,pv_solar,Surocciden,Solar,2024,39.89669125764799,39896.69125764799,0.0,21.9,2615517.085557477,349743.0,75.32345871511468,0.20796423791021862,,
S_Flandes,S_Flandes,pv_solar,Surocciden,Solar,2025,39.89669125764799,39896.69125764799,0.0,21.9,2615517.085557477,349743.0,75.32345871511468,0.20796423791021862,,
S_Flandes,S_Flandes,pv_solar,Surocciden,Solar,2026,39.89669125764993,39896.69125764992,0.0,21.9,2615517.085557477,349743.0,75.32345871511107,0.20796423791022872,,
S_Flandes,S_Flandes,pv_solar,Surocciden,Solar,2027,39.89669125764799,39896.69125764798,0.0,21.9,2615517.085557477,349743.0,75.32345871511468,0.20796423791021862,,
S_Flandes,S_Flandes,pv_solar,Surocciden,Solar,2028,39.89669113832542,39896.69113832542,0.0,21.9,2615517.085557477,349743.0,75.32345893740043,0.20796423728824154,,
S_Flandes,S_Flandes,pv_solar,Surocciden,Solar,2029,39.89669125764799,39896.69125764799,0.0,21.9,2615517.085557477,349743.0,75.32345871511468,0.20796423791021862,,
S_Flandes,S_Flandes,pv_solar,Surocciden,Solar,2030,39.89669125764799,39896.69125764799,0.0,21.9,2615517.085557477,349743.0,75.32345871511468,0.20796423791021862,,
S_Flandes,S_Flandes,pv_solar,Surocciden,Solar,2031,39.89669125764799,39896.69125764798,0.0,21.9,2615517.085557477,349743.0,75.32345871511468,0.20796423791021862,,
S_Flandes,S_Flandes,pv_solar,Surocciden,Solar,2032,39.89669125764799,39896.691257647995,0.0,21.9,2615517.085557477,349743.0,75.32345871511468,0.20796423791021862,,
S_Flandes,S_Flandes,pv_solar,Surocciden,Solar,2033,39.89669125764799,39896.69125764798,0.0,21.9,2615517.085557477,349743.0,75.32345871511468,0.20796423791021862,,
S_Flandes,S_Flandes,pv_solar,Surocciden,Solar,2034,39.89669103654511,39896.691036545104,0.0,21.9,2615517.085557477,349743.0,75.32345912700677,0.20796423675770467,,
S_Flandes,S_Flandes,pv_solar,Surocciden,Solar,2035,39.896691257647994,39896.691257647995,0.0,21.9,2615517.085557477,349743.0,75.32345871511467,0.20796423791021865,,
S_Fundacion,S_Fundacion,pv_solar,Caribe,Solar,2023,194.6564238430362,194656.4238430362,0.0,100.0,11943000.390673412,1597000.0,70.55845650175702,0.22221052950118284,,
S_Fundacion,S_Fundacion,pv_solar,Caribe,Solar,2024,194.65642383980264,194656.42383980265,0.0,100.0,11943000.390673412,1597000.0,70.55845650291249,0.22221052949749157,,
S_Fundacion,S_Fundacion,pv_solar,Caribe,Solar,2025,194.6564238407135,194656.4238407135,0.0,100.0,11943000.390673412,1597000.0,70.558456502587,0.22221052949853135,,
S_Fundacion,S_Fundacion,pv_solar,Caribe,Solar,2026,194.65642383172195,194656.42383172194,0.0,100.0,11943000.390673412,1597000.0,70.55845650580005,0.22221052948826703,,
S_Fundacion,S_Fundacion,pv_solar,Caribe,Solar,2027,194.65642382951137,194656.4238295114,0.0,100.0,11943000.390673412,1597000.0,70.55845650658999,0.2222105294857435,,
S_Fundacion,S_Fundacion,pv_solar,Caribe,Solar,2028,194.6564237297431,194656.4237297431,0.0,100.0,11943000.390673412,1597000.0,70.55845654224113,0.22221052937185282,,
S_Fundacion,S_Fundacion,pv_solar,Caribe,Solar,2029,194.65642383982328,194656.42383982326,0.0,100.0,11943000.390673412,1597000.0,70.55845650290512,0.22221052949751513,,
S_Fundacion,S_Fundacion,pv_solar,Caribe,Solar,2030,194.656423840025,194656.42384002503,0.0,100.0,11943000.390673412,1597000.0,70.55845650283304,0.2222105294977454,,
S_Fundacion,S_Fundacion,pv_solar,Caribe,Solar,2031,194.65642384175123,194656.42384175124,0.0,100.0,11943000.390673412,1597000.0,70.55845650221619,0.22221052949971598,,
S_Fundacion,S_Fundacion,pv_solar,Caribe,Solar,2032,194.65642382782337,194656.42382782337,0.0,100.0,11943000.390673412,1597000.0,70.55845650719317,0.2222105294838166,,
S_Fundacion,S_Fundacion,pv_solar,Caribe,Solar,2033,194.65642383925058,194656.42383925055,0.0,100.0,11943000.390673412,1597000.0,70.55845650310978,0.22221052949686138,,
S_Fundacion,S_Fundacion,pv_solar,Caribe,Solar,2034,194.65642383906493,194656.42383906496,0.0,100.0,11943000.390673412,1597000.0,70.55845650317612,0.2222105294966494,,
S_Fundacion,S_Fundacion,pv_solar,Caribe,Solar,2035,194.65642383724185,194656.42383724186,0.0,100.0,11943000.390673412,1597000.0,70.55845650382759,0.22221052949456827,,
S_Girasoles,S_Girasoles,pv_solar,Nordeste,Solar,2023,18.72701984202834,18727.01984202834,0.0,9.5,1134585.037113974,151715.0,69.68685183037931,0.22503027928416652,,
S_Girasoles,S_Girasoles,pv_solar,Nordeste,Solar,2024,18.727019837633932,18727.019837633936,0.0,9.5,1134585.037113974,151715.0,69.6868518464971,0.2250302792313618,,
S_Girasoles,S_Girasoles,pv_solar,Nordeste,Solar,2025,18.727019838461025,18727.019838461027,0.0,9.5,1134585.037113974,151715.0,69.68685184346349,0.22503027924130045,,
S_Girasoles,S_Girasoles,pv_solar,Nordeste,Solar,2026,18.727019830148077,18727.01983014808,0.0,9.5,1134585.037113974,151715.0,69.68685187395367,0.22503027914140922,,
S_Girasoles,S_Girasoles,pv_solar,Nordeste,Solar,2027,18.727019807405874,18727.019807405875,0.0,9.5,1134585.037113974,151715.0,69.68685195736738,0.22503027886813112,,
S_Girasoles,S_Girasoles,pv_solar,Nordeste,Solar,2028,18.72701932188278,18727.019321882777,0.0,9.5,1134585.037113974,151715.0,69.68685373816618,0.2250302730339194,,
S_Girasoles,S_Girasoles,pv_solar,Nordeste,Solar,2029,18.727019817219563,18727.019817219563,0.0,9.5,1134585.037113974,151715.0,69.6868519213728,0.22503027898605574,,
S_Girasoles,S_Girasoles,pv_solar,Nordeste,Solar,2030,18.727019810947525,18727.019810947524,0.0,9.5,1134585.037113974,151715.0,69.68685194437735,0.2250302789106888,,
S_Girasoles,S_Girasoles,pv_solar,Nordeste,Solar,2031,18.72701981887725,18727.019818877252,0.0,9.5,1134585.037113974,151715.0,69.68685191529276,0.22503027900597505,,
S_Girasoles,S_Girasoles,pv_solar,Nordeste,Solar,2032,18.727019819189344,18727.019819189343,0.0,9.5,1134585.037113974,151715.0,69.68685191414805,0.2250302790097253,,
S_Girasoles,S_Girasoles,pv_solar,Nordeste,Solar,2033,18.72701960532242,18727.019605322417,0.0,9.5,1134585.037113974,151715.0,69.6868526985679,0.2250302764398271,,
S_Girasoles,S_Girasoles,pv_solar,Nordeste,Solar,2034,18.72701951047518,18727.019510475184,0.0,9.5,1134585.037113974,151715.0,69.68685304644805,0.22503027530011024,,
S_Girasoles,S_Girasoles,pv_solar,Nordeste,Solar,2035,18.727019823308765,18727.019823308765,0.0,9.5,1134585.037113974,151715.0,69.68685189903887,0.2250302790592257,,
S_Guayepo,S_Guayepo,pv_solar,Caribe,Solar,2024,720.2287682112378,720228.7682112379,0.0,370.0,44189101.44549163,5908900.0,70.55845650252927,0.2222105294987158,,
S_Guayepo,S_Guayepo,pv_solar,Caribe,Solar,2025,720.2287682112786,720228.7682112786,0.0,370.0,44189101.44549163,5908900.0,70.55845650252533,0.2222105294987284,,
S_Guayepo,S_Guayepo,pv_solar,Caribe,Solar,2026,720.2287682123326,720228.7682123327,0.0,370.0,44189101.44549163,5908900.0,70.55845650242354,0.2222105294990536,,
S_Guayepo,S_Guayepo,pv_solar,Caribe,Solar,2027,720.2287682019812,720228.7682019812,0.0,370.0,44189101.44549163,5908900.0,70.55845650342327,0.22221052949585987,,
S_Guayepo,S_Guayepo,pv_solar,Caribe,Solar,2028,720.2287682121748,720228.7682121749,0.0,370.0,44189101.44549163,5908900.0,70.55845650243879,0.22221052949900494,,
S_Guayepo,S_Guayepo,pv_solar,Caribe,Solar,2029,720.2287682000767,720228.7682000767,0.0,370.0,44189101.44549163,5908900.0,70.55845650360719,0.2222105294952723,,
S_Guayepo,S_Guayepo,pv_solar,Caribe,Solar,2030,720.2287682104088,720228.768210409,0.0,370.0,44189101.44549163,5908900.0,70.55845650260935,0.22221052949846004,,
S_Guayepo,S_Guayepo,pv_solar,Caribe,Solar,2031,720.228768210495,720228.7682104951,0.0,370.0,44189101.44549163,5908900.0,70.55845650260102,0.22221052949848663,,
S_Guayepo,S_Guayepo,pv_solar,Caribe,Solar,2032,720.2287682095961,720228.7682095962,0.0,370.0,44189101.44549163,5908900.0,70.55845650268785,0.22221052949820927,,
S_Guayepo,S_Guayepo,pv_solar,Caribe,Solar,2033,720.2287682083359,720228.7682083359,0.0,370.0,44189101.44549163,5908900.0,70.55845650280953,0.22221052949782047,,
S_Guayepo,S_Guayepo,pv_solar,Caribe,Solar,2034,720.2287682119702,720228.7682119703,0.0,370.0,44189101.44549163,5908900.0,70.55845650245854,0.2222105294989418,,
S_Guayepo,S_Guayepo,pv_solar,Caribe,Solar,2035,720.2287682102225,720228.7682102225,0.0,370.0,44189101.44549163,5908900.0,70.55845650262734,0.22221052949840256,,
S_Harinas,S_Harinas,pv_solar,Surocciden,Solar,2023,4.463328474029111,4463.328474029111,0.0,2.45,292603.5095714986,39126.5,75.32345871511471,0.20796423791021854,,
S_Harinas,S_Harinas,pv_solar,Surocciden,Solar,2024,4.46332847348309,4463.328473483089,0.0,2.45,292603.5095714986,39126.5,75.32345872420709,0.2079642378847772,,
S_Harinas,S_Harinas,pv_solar,Surocciden,Solar,2025,4.463328475234242,4463.3284752342415,0.0,2.45,292603.5095714986,39126.5,75.32345869504685,0.20796423796637034,,
S_Harinas,S_Harinas,pv_solar,Surocciden,Solar,2026,4.463328462863274,4463.328462863274,0.0,2.45,292603.5095714986,39126.5,75.32345890104853,0.20796423738995773,,
S_Harinas,S_Harinas,pv_solar,Surocciden,Solar,2027,4.463328473051056,4463.328473051055,0.0,2.45,292603.5095714986,39126.5,75.32345873140132,0.20796423786464704,,
S_Harinas,S_Harinas,pv_solar,Surocciden,Solar,2028,4.463328467238289,4463.328467238289,0.0,2.45,292603.5095714986,39126.5,75.32345882819567,0.20796423759380708,,
S_Harinas,S_Harinas,pv_solar,Surocciden,Solar,2029,4.463328464942392,4463.328464942391,0.0,2.45,292603.5095714986,39126.5,75.32345886642699,0.20796423748683213,,
S_Harinas,S_Harinas,pv_solar,Surocciden,Solar,2030,4.4633284726162525,4463.328472616253,0.0,2.45,292603.5095714986,39126.5,75.32345873864168,0.20796423784438783,,
S_Harinas,S_Harinas,pv_solar,Surocciden,Solar,2031,4.463328473117244,4463.328473117244,0.0,2.45,292603.5095714986,39126.5,75.32345873029917,0.20796423786773097,,
S_Harinas,S_Harinas,pv_solar,Surocciden,Solar,2032,4.463328473931597,4463.328473931597,0.0,2.45,292603.5095714986,39126.5,75.32345871673853,0.20796423790567495,,
S_Harinas,S_Harinas,pv_solar,Surocciden,Solar,2033,4.463328474029115,4463.328474029115,0.0,2.45,292603.5095714986,39126.5,75.32345871511467,0.2079642379102187,,
S_Harinas,S_Harinas,pv_solar,Surocciden,Solar,2034,4.463328473970506,4463.328473970507,0.0,2.45,292603.5095714986,39126.5,75.32345871609061,0.2079642379074879,,
S_Harinas,S_Harinas,pv_solar,Surocciden,Solar,2035,4.46332847402911,4463.328474029109,0.0,2.45,292603.5095714986,39126.5,75.32345871511473,0.20796423791021848,,
S_HeliosI,S_HeliosI,pv_solar,Caribe,Solar,2023,31.145027817179134,31145.027817179136,0.0,16.0,1910880.062507746,255520.0,70.55845649663513,0.22221052951754514,,
S_HeliosI,S_HeliosI,pv_solar,Caribe,Solar,2024,31.14502781204448,31145.027812044482,0.0,16.0,1910880.062507746,255520.0,70.55845650810274,0.2222105294809109,,
S_HeliosI,S_HeliosI,pv_solar,Caribe,Solar,2025,31.145027811704935,31145.02781170493,0.0,16.0,1910880.062507746,255520.0,70.55845650886107,0.22221052947848835,,
S_HeliosI,S_HeliosI,pv_solar,Caribe,Solar,2026,31.1450278042,31145.0278042,0.0,16.0,1910880.062507746,255520.0,70.55845652562238,0.2222105294249429,,
S_HeliosI,S_HeliosI,pv_solar,Caribe,Solar,2027,31.145027813573307,31145.027813573302,0.0,16.0,1910880.062507746,255520.0,70.5584565046883,0.22221052949181863,,
S_HeliosI,S_HeliosI,pv_solar,Caribe,Solar,2028,31.145027714894944,31145.02771489495,0.0,16.0,1910880.062507746,255520.0,70.55845672507387,0.2222105287877778,,
S_HeliosI,S_HeliosI,pv_solar,Caribe,Solar,2029,31.14502781035968,31145.02781035968,0.0,16.0,1910880.062507746,255520.0,70.55845651186551,0.22221052946889036,,
S_HeliosI,S_HeliosI,pv_solar,Caribe,Solar,2030,31.145027811818885,31145.027811818887,0.0,16.0,1910880.062507746,255520.0,70.55845650860657,0.22221052947930134,,
S_HeliosI,S_HeliosI,pv_solar,Caribe,Solar,2031,31.145027804562954,31145.027804562957,0.0,16.0,1910880.062507746,255520.0,70.55845652481176,0.22221052942753244,,
S_HeliosI,S_HeliosI,pv_solar,Caribe,Solar,2032,31.145027802773487,31145.02780277349,0.0,16.0,1910880.062507746,255520.0,70.5584565288083,0.22221052941476513,,
S_HeliosI,S_HeliosI,pv_solar,Caribe,Solar,2033,31.14502772337991,31145.027723379913,0.0,16.0,1910880.062507746,255520.0,70.55845670612376,0.22221052884831552,,
S_HeliosI,S_HeliosI,pv_solar,Caribe,Solar,2034,31.145027812772966,31145.02781277297,0.0,16.0,1910880.062507746,255520.0,70.55845650647575,0.22221052948610845,,
S_HeliosI,S_HeliosI,pv_solar,Caribe,Solar,2035,31.14502779148652,31145.027791486522,0.0,16.0,1910880.062507746,255520.0,70.55845655401632,0.22221052933423596,,
S_LaLoma,S_LaLoma,pv_solar,Caribe,Solar,2024,291.9846357604781,291984.63576047815,0.0,150.0,17914500.58601012,2395500.0,70.55845650272809,0.22221052949808068,,
S_LaLoma,S_LaLoma,pv_solar,Caribe,Solar,2025,291.9846357623332,291984.63576233323,0.0,150.0,17914500.58601012,2395500.0,70.55845650228616,0.2222105294994925,,
S_LaLoma,S_LaLoma,pv_solar,Caribe,Solar,2026,291.9846357541597,291984.6357541597,0.0,150.0,17914500.58601012,2395500.0,70.5584565042333,0.22221052949327216,,
S_LaLoma,S_LaLoma,pv_solar,Caribe,Solar,2027,291.98463576010084,291984.63576010085,0.0,150.0,17914500.58601012,2395500.0,70.55845650281796,0.22221052949779357,,
S_LaLoma,S_LaLoma,pv_solar,Caribe,Solar,2028,291.98463573321396,291984.635733214,0.0,150.0,17914500.58601012,2395500.0,70.55845650922312,0.22221052947733175,,
S_LaLoma,S_LaLoma,pv_solar,Caribe,Solar,2029,291.98463575882147,291984.6357588215,0.0,150.0,17914500.58601012,2395500.0,70.55845650312274,0.22221052949681994,,
S_LaLoma,S_LaLoma,pv_solar,Caribe,Solar,2030,291.98463575572634,291984.63575572637,0.0,150.0,17914500.58601012,2395500.0,70.55845650386007,0.22221052949446446,,
S_LaLoma,S_LaLoma,pv_solar,Caribe,Solar,2031,291.98463573821425,291984.6357382143,0.0,150.0,17914500.58601012,2395500.0,70.55845650803192,0.22221052948113715,,
S_LaLoma,S_LaLoma,pv_solar,Caribe,Solar,2032,291.98463575904157,291984.6357590415,0.0,150.0,17914500.58601012,2395500.0,70.5584565030703,0.22221052949698744,,
S_LaLoma,S_LaLoma,pv_solar,Caribe,Solar,2033,291.98463575267954,291984.63575267955,0.0,150.0,17914500.58601012,2395500.0,70.5584565045859,0.2222105294921457,,
S_LaLoma,S_LaLoma,pv_solar,Caribe,Solar,2034,291.98463574829907,291984.63574829913,0.0,150.0,17914500.58601012,2395500.0,70.55845650562947,0.22221052948881204,,
S_LaLoma,S_LaLoma,pv_solar,Caribe,Solar,2035,291.9846357454056,291984.6357454056,0.0,150.0,17914500.58601012,2395500.0,70.55845650631875,0.22221052948661002,,
S_LaMata,S_LaMata,pv_solar,Nordeste,Solar,2024,157.70121968885638,157701.2196888564,0.0,80.0,9554400.31253873,1277600.0,69.68685184496485,0.22503027923638177,,
S_LaMata,S_LaMata,pv_solar,Nordeste,Solar,2025,157.7012196916,157701.21969159995,0.0,80.0,9554400.31253873,1277600.0,69.68685184376986,0.22503027924029673,,
S_LaMata,S_LaMata,pv_solar,Nordeste,Solar,2026,157.70121962768923,157701.21962768922,0.0,80.0,9554400.31253873,1277600.0,69.68685187160622,0.22503027914909984,,
S_LaMata,S_LaMata,pv_solar,Nordeste,Solar,2027,157.70121965946686,157701.21965946685,0.0,80.0,9554400.31253873,1277600.0,69.68685185776546,0.22503027919444465,,
S_LaMata,S_LaMata,pv_solar,Nordeste,Solar,2028,157.70121946605735,157701.21946605737,0.0,80.0,9554400.31253873,1277600.0,69.68685194200508,0.22503027891846078,,
S_LaMata,S_LaMata,pv_solar,Nordeste,Solar,2029,157.70121964773693,157701.21964773696,0.0,80.0,9554400.31253873,1277600.0,69.68685186287443,0.22503027917770674,,
S_LaMata,S_LaMata,pv_solar,Nordeste,Solar,2030,157.7012196789742,157701.21967897422,0.0,80.0,9554400.31253873,1277600.0,69.68685184926902,0.22503027922228053,,
S_LaMata,S_LaMata,pv_solar,Nordeste,Solar,2031,157.70121967405154,157701.21967405156,0.0,80.0,9554400.31253873,1277600.0,69.6868518514131,0.22503027921525615,,
S_LaMata,S_LaMata,pv_solar,Nordeste,Solar,2032,157.70121966153442,157701.21966153441,0.0,80.0,9554400.31253873,1277600.0,69.68685185686493,0.22503027919739496,,
S_LaMata,S_LaMata,pv_solar,Nordeste,Solar,2033,157.70121968061576,157701.21968061576,0.0,80.0,9554400.31253873,1277600.0,69.68685184855406,0.2250302792246229,,
S_LaMata,S_LaMata,pv_solar,Nordeste,Solar,2034,157.70121831365753,157701.21831365753,0.0,80.0,9554400.31253873,1277600.0,69.68685244393345,0.22503027727405467,,
S_LaMata,S_LaMata,pv_solar,Nordeste,Solar,2035,157.70121967777897,157701.219677779,0.0,80.0,9554400.31253873,1277600.0,69.6868518497896,0.225030279220575,,
S_Lanceros,S_Lanceros,pv_solar,Oriental,Solar,2023,16.57807718823242,16578.077188232422,0.0,9.1,1086813.0355512805,145327.0,75.32345871968118,0.20796423789744112,,
S_Lanceros,S_Lanceros,pv_solar,Oriental,Solar,2024,16.57807719288342,16578.07719288342,0.0,9.1,1086813.0355512805,145327.0,75.32345869882965,0.20796423795578572,,
S_Lanceros,S_Lanceros,pv_solar,Oriental,Solar,2025,16.578077190466217,16578.07719046621,0.0,9.1,1086813.0355512805,145327.0,75.32345870966653,0.2079642379254631,,
S_Lanceros,S_Lanceros,pv_solar,Oriental,Solar,2026,16.578077173192668,16578.07717319267,0.0,9.1,1086813.0355512805,145327.0,75.32345878710797,0.20796423770877448,,
S_Lanceros,S_Lanceros,pv_solar,Oriental,Solar,2027,16.578077180446304,16578.077180446307,0.0,9.1,1086813.0355512805,145327.0,75.32345875458819,0.20796423779976794,,
S_Lanceros,S_Lanceros,pv_solar,Oriental,Solar,2028,16.57807718922738,16578.07718922738,0.0,9.1,1086813.0355512805,145327.0,75.32345871522053,0.20796423790992244,,
S_Lanceros,S_Lanceros,pv_solar,Oriental,Solar,2029,16.578077186924677,16578.077186924675,0.0,9.1,1086813.0355512805,145327.0,75.32345872554409,0.20796423788103613,,
S_Lanceros,S_Lanceros,pv_solar,Oriental,Solar,2030,16.57807718973831,16578.07718973831,0.0,9.1,1086813.0355512805,145327.0,75.32345871292992,0.2079642379163318,,
S_Lanceros,S_Lanceros,pv_solar,Oriental,Solar,2031,16.578077180161987,16578.077180161985,0.0,9.1,1086813.0355512805,145327.0,75.32345875586284,0.20796423779620135,,
S_Lanceros,S_Lanceros,pv_solar,Oriental,Solar,2032,16.578077185653637,16578.077185653638,0.0,9.1,1086813.0355512805,145327.0,75.32345873124247,0.2079642378650915,,
S_Lanceros,S_Lanceros,pv_solar,Oriental,Solar,2033,16.57807698650798,16578.076986507982,0.0,9.1,1086813.0355512805,145327.0,75.32345962405977,0.20796423536690223,,
S_Lanceros,S_Lanceros,pv_solar,Oriental,Solar,2034,16.57807718925099,16578.07718925099,0.0,9.1,1086813.0355512805,145327.0,75.32345871511468,0.20796423791021865,,
S_Lanceros,S_Lanceros,pv_solar,Oriental,Solar,2035,16.57807718925099,16578.07718925099,0.0,9.1,1086813.0355512805,145327.0,75.32345871511468,0.20796423791021865,,
S_Medin,S_Medin,pv_solar,Surocciden,Solar,2023,20.95031732707543,20950.31732707543,0.0,11.5,1373445.0449274424,183655.0,75.32345871511468,0.20796423791021865,,
S_Medin,S_Medin,pv_solar,Surocciden,Solar,2024,20.950317327075425,20950.317327075427,0.0,11.5,1373445.0449274424,183655.0,75.3234587151147,0.2079642379102186,,
S_Medin,S_Medin,pv_solar,Surocciden,Solar,2025,20.950317328309193,20950.317328309196,0.0,11.5,1373445.0449274424,183655.0,75.32345871073778,0.20796423792246563,,
S_Medin,S_Medin,pv_solar,Surocciden,Solar,2026,20.950317327075425,20950.317327075427,0.0,11.5,1373445.0449274424,183655.0,75.3234587151147,0.2079642379102186,,
S_Medin,S_Medin,pv_solar,Surocciden,Solar,2027,20.95031732648777,20950.317326487766,0.0,11.5,1373445.0449274424,183655.0,75.32345871719947,0.2079642379043852,,
S_Medin,S_Medin,pv_solar,Surocciden,Solar,2028,20.950317327075425,20950.317327075427,0.0,11.5,1373445.0449274424,183655.0,75.3234587151147,0.2079642379102186,,
S_Medin,S_Medin,pv_solar,Surocciden,Solar,2029,20.950317325741786,20950.317325741787,0.0,11.5,1373445.0449274424,183655.0,75.32345871984593,0.20796423789698013,,
S_Medin,S_Medin,pv_solar,Surocciden,Solar,2030,20.95031732707543,20950.31732707543,0.0,11.5,1373445.0449274424,183655.0,75.32345871511468,0.20796423791021865,,
S_Medin,S_Medin,pv_solar,Surocciden,Solar,2031,20.950317327093547,20950.317327093548,0.0,11.5,1373445.0449274424,183655.0,75.3234587150504,0.2079642379103985,,
S_Medin,S_Medin,pv_solar,Surocciden,Solar,2032,20.95031732707543,20950.317327075434,0.0,11.5,1373445.0449274424,183655.0,75.32345871511468,0.20796423791021865,,
S_Medin,S_Medin,pv_solar,Surocciden,Solar,2033,20.950317327075425,20950.317327075427,0.0,11.5,1373445.0449274424,183655.0,75.3234587151147,0.2079642379102186,,
S_Medin,S_Medin,pv_solar,Surocciden,Solar,2034,20.950317327075425,20950.317327075427,0.0,11.5,1373445.0449274424,183655.0,75.3234587151147,0.2079642379102186,,
S_Medin,S_Medin,pv_solar,Surocciden,Solar,2035,20.950317327075425,20950.317327075427,0.0,11.5,1373445.0449274424,183655.0,75.3234587151147,0.2079642379102186,,
S_Montelibano,S_Montelibano,pv_solar,Caribe,Solar,2023,19.270985959281766,19270.985959281763,0.0,9.9,1182357.038676668,158103.0,70.55845650601195,0.22221052948759007,,
S_Montelibano,S_Montelibano,pv_solar,Caribe,Solar,2024,19.270985963759827,19270.985963759827,0.0,9.9,1182357.038676668,158103.0,70.55845648984844,0.22221052953922585,,
S_Montelibano,S_Montelibano,pv_solar,Caribe,Solar,2025,19.270985959463214,19270.985959463214,0.0,9.9,1182357.038676668,158103.0,70.55845650535703,0.2222105294896823,,
S_Montelibano,S_Montelibano,pv_solar,Caribe,Solar,2026,19.270985959505627,19270.985959505626,0.0,9.9,1182357.038676668,158103.0,70.55845650520395,0.22221052949017137,,
S_Montelibano,S_Montelibano,pv_solar,Caribe,Solar,2027,19.27098595899251,19270.98595899251,0.0,9.9,1182357.038676668,158103.0,70.55845650705604,0.2222105294842547,,
S_Montelibano,S_Montelibano,pv_solar,Caribe,Solar,2028,19.27098594806815,19270.98594806815,0.0,9.9,1182357.038676668,158103.0,70.5584565464874,0.22221052935828775,,
S_Montelibano,S_Montelibano,pv_solar,Caribe,Solar,2029,19.270985956429897,19270.985956429897,0.0,9.9,1182357.038676668,158103.0,70.55845651630577,0.22221052945470562,,
S_Montelibano,S_Montelibano,pv_solar,Caribe,Solar,2030,19.270985956569476,19270.98595656948,0.0,9.9,1182357.038676668,158103.0,70.55845651580195,0.22221052945631511,,
S_Montelibano,S_Montelibano,pv_solar,Caribe,Solar,2031,19.270985955695917,19270.98595569592,0.0,9.9,1182357.038676668,158103.0,70.55845651895505,0.22221052944624223,,
S_Montelibano,S_Montelibano,pv_solar,Caribe,Solar,2032,19.27098593820042,19270.985938200418,0.0,9.9,1182357.038676668,158103.0,70.55845658210491,0.22221052924450457,,
S_Montelibano,S_Montelibano,pv_solar,Caribe,Solar,2033,19.270985871928843,19270.985871928846,0.0,9.9,1182357.038676668,158103.0,70.55845682131158,0.22221052848033807,,
S_Montelibano,S_Montelibano,pv_solar,Caribe,Solar,2034,19.270985308819597,19270.9853088196,0.0,9.9,1182357.038676668,158103.0,70.5584588538496,0.2222105219872191,,
S_Montelibano,S_Montelibano,pv_solar,Caribe,Solar,2035,19.27098592746286,19270.985927462865,0.0,9.9,1182357.038676668,158103.0,70.55845662086202,0.2222105291206916,,
S_Nabusimake,S_Nabusimake,pv_solar,Caribe,Solar,2024,194.65642383823248,194656.4238382325,0.0,100.0,11943000.390673412,1597000.0,70.55845650347356,0.22221052949569917,,
S_Nabusimake,S_Nabusimake,pv_solar,Caribe,Solar,2025,194.65642384033632,194656.42384033633,0.0,100.0,11943000.390673412,1597000.0,70.5584565027218,0.2222105294981008,,
S_Nabusimake,S_Nabusimake,pv_solar,Caribe,Solar,2026,194.65642383931794,194656.42383931793,0.0,100.0,11943000.390673412,1597000.0,70.5584565030857,0.22221052949693823,,
S_Nabusimake,S_Nabusimake,pv_solar,Caribe,Solar,2027,194.65642383674037,194656.42383674037,0.0,100.0,11943000.390673412,1597000.0,70.55845650400677,0.2222105294939958,,
S_Nabusimake,S_Nabusimake,pv_solar,Caribe,Solar,2028,194.65642382834966,194656.42382834968,0.0,100.0,11943000.390673412,1597000.0,70.55845650700512,0.22221052948441739,,
S_Nabusimake,S_Nabusimake,pv_solar,Caribe,Solar,2029,194.65642381697208,194656.4238169721,0.0,100.0,11943000.390673412,1597000.0,70.55845651107076,0.2222105294714293,,
S_Nabusimake,S_Nabusimake,pv_solar,Caribe,Solar,2030,194.6564238285966,194656.4238285966,0.0,100.0,11943000.390673412,1597000.0,70.55845650691687,0.22221052948469924,,
S_Nabusimake,S_Nabusimake,pv_solar,Caribe,Solar,2031,194.65642382718914,194656.42382718914,0.0,100.0,11943000.390673412,1597000.0,70.5584565074198,0.22221052948309258,,
S_Nabusimake,S_Nabusimake,pv_solar,Caribe,Solar,2032,194.65642383823996,194656.42383823992,0.0,100.0,11943000.390673412,1597000.0,70.55845650347091,0.22221052949570766,,
S_Nabusimake,S_Nabusimake,pv_solar,Caribe,Solar,2033,194.65642381529355,194656.42381529356,0.0,100.0,11943000.390673412,1597000.0,70.55845651167057,0.22221052946951314,,
S_Nabusimake,S_Nabusimake,pv_solar,Caribe,Solar,2034,194.6564234585487,194656.42345854867,0.0,100.0,11943000.390673412,1597000.0,70.55845663914964,0.22221052906227015,,
S_Nabusimake,S_Nabusimake,pv_solar,Caribe,Solar,2035,194.6564238133453,194656.42381334532,0.0,100.0,11943000.390673412,1597000.0,70.55845651236676,0.22221052946728911,,
S_Paila,S_Paila,pv_solar,Surocciden,Solar,2023,18.035490568525805,18035.490568525805,0.0,9.9,1182357.038676668,158103.0,75.32345871511468,0.20796423791021865,,
S_Paila,S_Paila,pv_solar,Surocciden,Solar,2024,18.035490568525805,18035.490568525805,0.0,9.9,1182357.038676668,158103.0,75.32345871511468,0.20796423791021865,,
S_Paila,S_Paila,pv_solar,Surocciden,Solar,2025,18.03549056852581,18035.49056852581,0.0,9.9,1182357.038676668,158103.0,75.32345871511467,0.2079642379102187,,
S_Paila,S_Paila,pv_solar,Surocciden,Solar,2026,18.03549056852581,18035.49056852581,0.0,9.9,1182357.038676668,158103.0,75.32345871511467,0.2079642379102187,,
S_Paila,S_Paila,pv_solar,Surocciden,Solar,2027,18.035490568525805,18035.490568525805,0.0,9.9,1182357.038676668,158103.0,75.32345871511468,0.20796423791021865,,
S_Paila,S_Paila,pv_solar,Surocciden,Solar,2028,18.035490568328726,18035.490568328725,0.0,9.9,1182357.038676668,158103.0,75.32345871592683,0.20796423790794613,,
S_Paila,S_Paila,pv_solar,Surocciden,Solar,2029,18.035490568525802,18035.490568525805,0.0,9.9,1182357.038676668,158103.0,75.3234587151147,0.2079642379102186,,
S_Paila,S_Paila,pv_solar,Surocciden,Solar,2030,18.035490568525812,18035.490568525813,0.0,9.9,1182357.038676668,158103.0,75.32345871511465,0.20796423791021873,,
S_Paila,S_Paila,pv_solar,Surocciden,Solar,2031,18.03549056852581,18035.490568525805,0.0,9.9,1182357.038676668,158103.0,75.32345871511467,0.2079642379102187,,
S_Paila,S_Paila,pv_solar,Surocciden,Solar,2032,18.03549056852581,18035.490568525805,0.0,9.9,1182357.038676668,158103.0,75.32345871511467,0.2079642379102187,,
S_Paila,S_Paila,pv_solar,Surocciden,Solar,2033,18.03549056852581,18035.49056852581,0.0,9.9,1182357.038676668,158103.0,75.32345871511467,0.2079642379102187,,
S_Paila,S_Paila,pv_solar,Surocciden,Solar,2034,18.03549056852581,18035.490568525805,0.0,9.9,1182357.038676668,158103.0,75.32345871511467,0.2079642379102187,,
S_Paila,S_Paila,pv_solar,Surocciden,Solar,2035,18.03549056852581,18035.490568525805,0.0,9.9,1182357.038676668,158103.0,75.32345871511467,0.2079642379102187,,
S_Palmira3,S_Palmira3,pv_solar,Surocciden,Solar,2023,13.481073758292016,13481.073758292016,0.0,7.4,883782.0289098326,118178.0,75.32345871511468,0.20796423791021865,,
S_Palmira3,S_Palmira3,pv_solar,Surocciden,Solar,2024,13.481073758292013,13481.073758292016,0.0,7.4,883782.0289098326,118178.0,75.32345871511471,0.20796423791021856,,
S_Palmira3,S_Palmira3,pv_solar,Surocciden,Solar,2025,13.481073758292014,13481.073758292016,0.0,7.4,883782.0289098326,118178.0,75.3234587151147,0.2079642379102186,,
S_Palmira3,S_Palmira3,pv_solar,Surocciden,Solar,2026,13.481073758292009,13481.07375829201,0.0,7.4,883782.0289098326,118178.0,75.32345871511473,0.2079642379102185,,
S_Palmira3,S_Palmira3,pv_solar,Surocciden,Solar,2027,13.481073758292013,13481.073758292012,0.0,7.4,883782.0289098326,118178.0,75.32345871511471,0.20796423791021856,,
S_Palmira3,S_Palmira3,pv_solar,Surocciden,Solar,2028,13.481073758292013,13481.073758292014,0.0,7.4,883782.0289098326,118178.0,75.32345871511471,0.20796423791021856,,
S_Palmira3,S_Palmira3,pv_solar,Surocciden,Solar,2029,13.481073750669562,13481.073750669564,0.0,7.4,883782.0289098326,118178.0,75.32345875713857,0.20796423779263173,,
S_Palmira3,S_Palmira3,pv_solar,Surocciden,Solar,2030,13.481073758292014,13481.073758292016,0.0,7.4,883782.0289098326,118178.0,75.3234587151147,0.2079642379102186,,
S_Palmira3,S_Palmira3,pv_solar,Surocciden,Solar,2031,13.481073758292013,13481.073758292014,0.0,7.4,883782.0289098326,118178.0,75.32345871511471,0.20796423791021856,,
S_Palmira3,S_Palmira3,pv_solar,Surocciden,Solar,2032,13.481073758292013,13481.073758292016,0.0,7.4,883782.0289098326,118178.0,75.32345871511471,0.20796423791021856,,
S_Palmira3,S_Palmira3,pv_solar,Surocciden,Solar,2033,13.481073758292009,13481.07375829201,0.0,7.4,883782.0289098326,118178.0,75.32345871511473,0.2079642379102185,,
S_Palmira3,S_Palmira3,pv_solar,Surocciden,Solar,2034,13.481073758292013,13481.073758292012,0.0,7.4,883782.0289098326,118178.0,75.32345871511471,0.20796423791021856,,
S_Palmira3,S_Palmira3,pv_solar,Surocciden,Solar,2035,13.481073758292013,13481.073758292012,0.0,7.4,883782.0289098326,118178.0,75.32345871511471,0.20796423791021856,,
S_Palmira3_Franca,S_Palmira3_Franca,pv_solar,Surocciden,Solar,2023,5.283123500939205,5283.123500939206,0.0,2.9,346347.01132952893,46313.0,75.32345870008983,0.20796423795225966,,
S_Palmira3_Franca,S_Palmira3_Franca,pv_solar,Surocciden,Solar,2024,5.2831234998711984,5283.123499871198,0.0,2.9,346347.01132952893,46313.0,75.32345871511463,0.20796423791021879,,
S_Palmira3_Franca,S_Palmira3_Franca,pv_solar,Surocciden,Solar,2025,5.2831234998711984,5283.123499871199,0.0,2.9,346347.01132952893,46313.0,75.32345871511463,0.20796423791021879,,
S_Palmira3_Franca,S_Palmira3_Franca,pv_solar,Surocciden,Solar,2026,5.283123499871197,5283.123499871198,0.0,2.9,346347.01132952893,46313.0,75.32345871511464,0.20796423791021873,,
S_Palmira3_Franca,S_Palmira3_Franca,pv_solar,Surocciden,Solar,2027,5.2831234998711984,5283.123499871198,0.0,2.9,346347.01132952893,46313.0,75.32345871511463,0.20796423791021879,,
S_Palmira3_Franca,S_Palmira3_Franca,pv_solar,Surocciden,Solar,2028,5.283123497832701,5283.123497832701,0.0,2.9,346347.01132952893,46313.0,75.32345874379239,0.20796423782997558,,
S_Palmira3_Franca,S_Palmira3_Franca,pv_solar,Surocciden,Solar,2029,5.283123499871195,5283.123499871195,0.0,2.9,346347.01132952893,46313.0,75.32345871511467,0.20796423791021865,,
S_Palmira3_Franca,S_Palmira3_Franca,pv_solar,Surocciden,Solar,2030,5.2831234998712,5283.123499871201,0.0,2.9,346347.01132952893,46313.0,75.32345871511461,0.20796423791021884,,
S_Palmira3_Franca,S_Palmira3_Franca,pv_solar,Surocciden,Solar,2031,5.283123499871199,5283.123499871199,0.0,2.9,346347.01132952893,46313.0,75.32345871511461,0.20796423791021884,,
S_Palmira3_Franca,S_Palmira3_Franca,pv_solar,Surocciden,Solar,2032,5.283123499871196,5283.123499871195,0.0,2.9,346347.01132952893,46313.0,75.32345871511465,0.20796423791021867,,
S_Palmira3_Franca,S_Palmira3_Franca,pv_solar,Surocciden,Solar,2033,5.283123499871196,5283.123499871195,0.0,2.9,346347.01132952893,46313.0,75.32345871511465,0.20796423791021867,,
S_Palmira3_Franca,S_Palmira3_Franca,pv_solar,Surocciden,Solar,2034,5.2831234998711984,5283.123499871199,0.0,2.9,346347.01132952893,46313.0,75.32345871511463,0.20796423791021879,,
S_Palmira3_Franca,S_Palmira3_Franca,pv_solar,Surocciden,Solar,2035,5.2831234998712,5283.123499871201,0.0,2.9,346347.01132952893,46313.0,75.32345871511461,0.20796423791021884,,
S_ParqueUrra,S_ParqueUrra,pv_solar,Caribe,Solar,2024,38.73662833951953,38736.62833951952,0.0,19.9,2376657.077744009,317803.0,70.55845651117477,0.22221052947109704,,
S_ParqueUrra,S_ParqueUrra,pv_solar,Caribe,Solar,2025,38.73662834137498,38736.628341374984,0.0,19.9,2376657.077744009,317803.0,70.55845650784296,0.22221052948174078,,
S_ParqueUrra,S_ParqueUrra,pv_solar,Caribe,Solar,2026,38.73662833632426,38736.628336324255,0.0,19.9,2376657.077744009,317803.0,70.55845651691243,0.2222105294527676,,
S_ParqueUrra,S_ParqueUrra,pv_solar,Caribe,Solar,2027,38.73662834100102,38736.62834100103,0.0,19.9,2376657.077744009,317803.0,70.55845650851448,0.22221052947959558,,
S_ParqueUrra,S_ParqueUrra,pv_solar,Caribe,Solar,2028,38.736628242857776,38736.62824285777,0.0,19.9,2376657.077744009,317803.0,70.55845668474801,0.22221052891660226,,
S_ParqueUrra,S_ParqueUrra,pv_solar,Caribe,Solar,2029,38.736628341339234,38736.62834133924,0.0,19.9,2376657.077744009,317803.0,70.55845650790717,0.2222105294815357,,
S_ParqueUrra,S_ParqueUrra,pv_solar,Caribe,Solar,2030,38.7366283243556,38736.6283243556,0.0,19.9,2376657.077744009,317803.0,70.55845653840427,0.22221052938411004,,
S_ParqueUrra,S_ParqueUrra,pv_solar,Caribe,Solar,2031,38.736628319087906,38736.628319087904,0.0,19.9,2376657.077744009,317803.0,70.55845654786336,0.22221052935389216,,
S_ParqueUrra,S_ParqueUrra,pv_solar,Caribe,Solar,2032,38.73662832469498,38736.62832469498,0.0,19.9,2376657.077744009,317803.0,70.55845653779485,0.22221052938605684,,
S_ParqueUrra,S_ParqueUrra,pv_solar,Caribe,Solar,2033,38.73662825073573,38736.628250735725,0.0,19.9,2376657.077744009,317803.0,70.55845667060176,0.22221052896179366,,
S_ParqueUrra,S_ParqueUrra,pv_solar,Caribe,Solar,2034,38.73662804423095,38736.62804423095,0.0,19.9,2376657.077744009,317803.0,70.55845704141755,0.22221052777719041,,
S_ParqueUrra,S_ParqueUrra,pv_solar,Caribe,Solar,2035,38.736628303428404,38736.6283034284,0.0,19.9,2376657.077744009,317803.0,70.55845657598275,0.22221052926406235,,
S_PetaCesaII,S_PetaCesaII,pv_solar,Nordeste,Solar,2023,19.5155259518975,19515.5259518975,0.0,9.9,1182357.038676668,158103.0,69.68685179075764,0.2250302794139742,,
S_PetaCesaII,S_PetaCesaII,pv_solar,Nordeste,Solar,2024,19.515525942426738,19515.52594242674,0.0,9.9,1182357.038676668,158103.0,69.68685182409092,0.22503027930476838,,
S_PetaCesaII,S_PetaCesaII,pv_solar,Nordeste,Solar,2025,19.515525942248228,19515.52594224823,0.0,9.9,1182357.038676668,158103.0,69.68685182471923,0.22503027930271,,
S_PetaCesaII,S_PetaCesaII,pv_solar,Nordeste,Solar,2026,19.515525910227193,19515.525910227192,0.0,9.9,1182357.038676668,158103.0,69.68685193742046,0.22503027893348077,,
S_PetaCesaII,S_PetaCesaII,pv_solar,Nordeste,Solar,2027,19.51552592755529,19515.525927555293,0.0,9.9,1182357.038676668,158103.0,69.68685187643248,0.2250302791332882,,
S_PetaCesaII,S_PetaCesaII,pv_solar,Nordeste,Solar,2028,19.51552591688489,19515.525916884886,0.0,9.9,1182357.038676668,158103.0,69.68685191398804,0.22503027901024958,,
S_PetaCesaII,S_PetaCesaII,pv_solar,Nordeste,Solar,2029,19.515525917545077,19515.525917545077,0.0,9.9,1182357.038676668,158103.0,69.68685191166442,0.22503027901786213,,
S_PetaCesaII,S_PetaCesaII,pv_solar,Nordeste,Solar,2030,19.515525904111087,19515.525904111088,0.0,9.9,1182357.038676668,158103.0,69.68685195894672,0.22503027886295698,,
S_PetaCesaII,S_PetaCesaII,pv_solar,Nordeste,Solar,2031,19.515525928170103,19515.525928170104,0.0,9.9,1182357.038676668,158103.0,69.6868518742686,0.2250302791403775,,
S_PetaCesaII,S_PetaCesaII,pv_solar,Nordeste,Solar,2032,19.51552589496276,19515.52589496276,0.0,9.9,1182357.038676668,158103.0,69.68685199114516,0.22503027875746914,,
S_PetaCesaII,S_PetaCesaII,pv_solar,Nordeste,Solar,2033,19.51552576972276,19515.525769722757,0.0,9.9,1182357.038676668,158103.0,69.68685243193991,0.22503027731334757,,
S_PetaCesaII,S_PetaCesaII,pv_solar,Nordeste,Solar,2034,19.515525193200865,19515.52519320087,0.0,9.9,1182357.038676668,158103.0,69.68685446106667,0.2250302706655696,,
S_PetaCesaII,S_PetaCesaII,pv_solar,Nordeste,Solar,2035,19.515525881421844,19515.525881421847,0.0,9.9,1182357.038676668,158103.0,69.68685203880378,0.22503027860133112,,
S_PortonSol,S_PortonSol,pv_solar,Antioquia,Solar,2023,168.06857797180265,168068.57797180262,0.0,102.0,12181860.39848688,1628940.0,83.17360178298148,0.18809716399386986,,
S_PortonSol,S_PortonSol,pv_solar,Antioquia,Solar,2024,168.06857797324824,168068.57797324826,0.0,102.0,12181860.39848688,1628940.0,83.17360178227467,0.18809716399548773,,
S_PortonSol,S_PortonSol,pv_solar,Antioquia,Solar,2025,168.06857797296965,168068.57797296965,0.0,102.0,12181860.39848688,1628940.0,83.17360178241086,0.18809716399517598,,
S_PortonSol,S_PortonSol,pv_solar,Antioquia,Solar,2026,168.06857793713812,168068.5779371381,0.0,102.0,12181860.39848688,1628940.0,83.17360179992994,0.1880971639550744,,
S_PortonSol,S_PortonSol,pv_solar,Antioquia,Solar,2027,168.0685779665337,168068.57796653372,0.0,102.0,12181860.39848688,1628940.0,83.17360178555761,0.18809716398797302,,
S_PortonSol,S_PortonSol,pv_solar,Antioquia,Solar,2028,168.06857768333526,168068.57768333526,0.0,102.0,12181860.39848688,1628940.0,83.17360192402153,0.1880971636710261,,
S_PortonSol,S_PortonSol,pv_solar,Antioquia,Solar,2029,168.06857794019822,168068.57794019824,0.0,102.0,12181860.39848688,1628940.0,83.17360179843378,0.18809716395849918,,
S_PortonSol,S_PortonSol,pv_solar,Antioquia,Solar,2030,168.06857791829634,168068.5779182964,0.0,102.0,12181860.39848688,1628940.0,83.17360180914226,0.18809716393398726,,
S_PortonSol,S_PortonSol,pv_solar,Antioquia,Solar,2031,168.0685779619609,168068.57796196092,0.0,102.0,12181860.39848688,1628940.0,83.17360178779337,0.1880971639828553,,
S_PortonSol,S_PortonSol,pv_solar,Antioquia,Solar,2032,168.06857793598783,168068.57793598785,0.0,102.0,12181860.39848688,1628940.0,83.17360180049236,0.18809716395378703,,
S_PortonSol,S_PortonSol,pv_solar,Antioquia,Solar,2033,168.06857766783997,168068.57766783997,0.0,102.0,12181860.39848688,1628940.0,83.17360193159763,0.18809716365368423,,
S_PortonSol,S_PortonSol,pv_solar,Antioquia,Solar,2034,168.0685759162855,168068.5759162855,0.0,102.0,12181860.39848688,1628940.0,83.17360278798341,0.18809716169339855,,
S_PortonSol,S_PortonSol,pv_solar,Antioquia,Solar,2035,168.0685778654684,168068.5778654684,0.0,102.0,12181860.39848688,1628940.0,83.17360183497136,0.1880971638748639,,
S_Salado,S_Salado,pv_solar,Surocciden,Solar,2023,0.1821766713524755,182.17667135247552,0.0,0.1,11943.000390673413,1597.0,75.3234591462933,0.2079642367037391,,
S_Salado,S_Salado,pv_solar,Surocciden,Solar,2024,0.18217667240935606,182.17667240935606,0.0,0.1,11943.000390673413,1597.0,75.32345871511285,0.20796423791022375,,
S_Salado,S_Salado,pv_solar,Surocciden,Solar,2025,0.18217667240935237,182.17667240935236,0.0,0.1,11943.000390673413,1597.0,75.32345871511436,0.20796423791021953,,
S_Salado,S_Salado,pv_solar,Surocciden,Solar,2026,0.1821766724093582,182.1766724093582,0.0,0.1,11943.000390673413,1597.0,75.32345871511197,0.2079642379102262,,
S_Salado,S_Salado,pv_solar,Surocciden,Solar,2027,0.18217667240935595,182.17667240935594,0.0,0.1,11943.000390673413,1597.0,75.32345871511289,0.20796423791022361,,
S_Salado,S_Salado,pv_solar,Surocciden,Solar,2028,0.18217667240935473,182.1766724093547,0.0,0.1,11943.000390673413,1597.0,75.32345871511339,0.20796423791022223,,
S_Salado,S_Salado,pv_solar,Surocciden,Solar,2029,0.18217667261525153,182.1766726152515,0.0,0.1,11943.000390673413,1597.0,75.32345863111271,0.20796423814526427,,
S_Salado,S_Salado,pv_solar,Surocciden,Solar,2030,0.1821766724093511,182.1766724093511,0.0,0.1,11943.000390673413,1597.0,75.32345871511487,0.20796423791021806,,
S_Salado,S_Salado,pv_solar,Surocciden,Solar,2031,0.18217667240935165,182.17667240935165,0.0,0.1,11943.000390673413,1597.0,75.32345871511465,0.20796423791021873,,
S_Salado,S_Salado,pv_solar,Surocciden,Solar,2032,0.1821766724093546,182.17667240935458,0.0,0.1,11943.000390673413,1597.0,75.32345871511345,0.20796423791022206,,
S_Salado,S_Salado,pv_solar,Surocciden,Solar,2033,0.182176672409356,182.176672409356,0.0,0.1,11943.000390673413,1597.0,75.32345871511286,0.2079642379102237,,
S_Salado,S_Salado,pv_solar,Surocciden,Solar,2034,0.18217667240935279,182.17667240935276,0.0,0.1,11943.000390673413,1597.0,75.32345871511417,0.20796423791022,,
S_Salado,S_Salado,pv_solar,Surocciden,Solar,2035,0.1821766724093549,182.17667240935492,0.0,0.1,11943.000390673413,1597.0,75.32345871511332,0.20796423791022242,,
S_SalvadorI,S_SalvadorI,pv_solar,Antioquia,Solar,2023,0.017347496319185522,17.347496319185524,0.0,0.01,1194.3000390673412,159.70000000000002,79.05161126161359,0.1980307798993781,,
S_SalvadorI,S_SalvadorI,pv_solar,Antioquia,Solar,2024,0.017347492771396147,17.347492771396144,0.0,0.01,1194.3000390673412,159.70000000000002,79.05162722418991,0.19803073939949933,,
S_SalvadorI,S_SalvadorI,pv_solar,Antioquia,Solar,2025,0.017347495934786905,17.347495934786906,0.0,0.01,1194.3000390673412,159.70000000000002,79.0516129911388,0.198030775511266,,
S_SalvadorI,S_SalvadorI,pv_solar,Antioquia,Solar,2026,0.017347417510939593,17.347417510939593,0.0,0.01,1194.3000390673412,159.70000000000002,79.05196584526108,0.19802988026186746,,
S_SalvadorI,S_SalvadorI,pv_solar,Antioquia,Solar,2027,0.017347451189838357,17.34745118983836,0.0,0.01,1194.3000390673412,159.70000000000002,79.05181431266837,0.19803026472418211,,
S_SalvadorI,S_SalvadorI,pv_solar,Antioquia,Solar,2028,0.017347032966042994,17.347032966042995,0.0,0.01,1194.3000390673412,159.70000000000002,79.05369608265637,0.19802549047994283,,
S_SalvadorI,S_SalvadorI,pv_solar,Antioquia,Solar,2029,0.017347460267114822,17.34746026711482,0.0,0.01,1194.3000390673412,159.70000000000002,79.05177347107622,0.19803036834605958,,
S_SalvadorI,S_SalvadorI,pv_solar,Antioquia,Solar,2030,0.017347471723942055,17.347471723942057,0.0,0.01,1194.3000390673412,159.70000000000002,79.0517219231793,0.1980304991317586,,
S_SalvadorI,S_SalvadorI,pv_solar,Antioquia,Solar,2031,0.01734744654810997,17.34744654810997,0.0,0.01,1194.3000390673412,159.70000000000002,79.05183519731678,0.19803021173641516,,
S_SalvadorI,S_SalvadorI,pv_solar,Antioquia,Solar,2032,0.017347448225370786,17.34744822537079,0.0,0.01,1194.3000390673412,159.70000000000002,79.05182765077258,0.1980302308832281,,
S_SalvadorI,S_SalvadorI,pv_solar,Antioquia,Solar,2033,0.01734737981259942,17.347379812599417,0.0,0.01,1194.3000390673412,159.70000000000002,79.05213546335854,0.19802944991551846,,
S_SalvadorI,S_SalvadorI,pv_solar,Antioquia,Solar,2034,0.01734673922945988,17.346739229459885,0.0,0.01,1194.3000390673412,159.70000000000002,79.05501778500536,0.19802213732260132,,
S_SalvadorI,S_SalvadorI,pv_solar,Antioquia,Solar,2035,0.01734741049260355,17.34741049260355,0.0,0.01,1194.3000390673412,159.70000000000002,79.05199742316867,0.19802980014387606,,
S_SalvadorII,S_SalvadorII,pv_solar,Antioquia,Solar,2023,0.0,0.0,0.0,0.0,0.0,0.0,0.0,0.0,,
S_SalvadorII,S_SalvadorII,pv_solar,Antioquia,Solar,2024,0.0,0.0,0.0,0.0,0.0,0.0,0.0,0.0,,
S_SalvadorII,S_SalvadorII,pv_solar,Antioquia,Solar,2025,0.0,0.0,0.0,0.0,0.0,0.0,0.0,0.0,,
S_SalvadorII,S_SalvadorII,pv_solar,Antioquia,Solar,2026,0.0,0.0,0.0,0.0,0.0,0.0,0.0,0.0,,
S_SalvadorII,S_SalvadorII,pv_solar,Antioquia,Solar,2027,0.0,0.0,0.0,0.0,0.0,0.0,0.0,0.0,,
S_SalvadorII,S_SalvadorII,pv_solar,Antioquia,Solar,2028,0.0,0.0,0.0,0.0,0.0,0.0,0.0,0.0,,
S_SalvadorII,S_SalvadorII,pv_solar,Antioquia,Solar,2029,0.0,0.0,0.0,0.0,0.0,0.0,0.0,0.0,,
S_SalvadorII,S_SalvadorII,pv_solar,Antioquia,Solar,2030,0.0,0.0,0.0,0.0,0.0,0.0,0.0,0.0,,
S_SalvadorII,S_SalvadorII,pv_solar,Antioquia,Solar,2031,0.0,0.0,0.0,0.0,0.0,0.0,0.0,0.0,,
S_SalvadorII,S_SalvadorII,pv_solar,Antioquia,Solar,2032,0.0,0.0,0.0,0.0,0.0,0.0,0.0,0.0,,
S_SalvadorII,S_SalvadorII,pv_solar,Antioquia,Solar,2033,0.0,0.0,0.0,0.0,0.0,0.0,0.0,0.0,,
S_SalvadorII,S_SalvadorII,pv_solar,Antioquia,Solar,2034,0.0,0.0,0.0,0.0,0.0,0.0,0.0,0.0,,
S_SalvadorII,S_SalvadorII,pv_solar,Antioquia,Solar,2035,0.0,0.0,0.0,0.0,0.0,0.0,0.0,0.0,,
S_SanFelipe,S_SanFelipe,pv_solar,Oriental,Solar,2023,16.578077190770877,16578.077190770877,0.0,9.1,1086813.0355512805,145327.0,75.32345870830066,0.2079642379292849,,
S_SanFelipe,S_SanFelipe,pv_solar,Oriental,Solar,2024,16.578077191603654,16578.077191603654,0.0,9.1,1086813.0355512805,145327.0,75.32345870456713,0.20796423793973168,,
S_SanFelipe,S_SanFelipe,pv_solar,Oriental,Solar,2025,16.57807719233557,16578.07719233557,0.0,9.1,1086813.0355512805,145327.0,75.32345870128577,0.20796423794891325,,
S_SanFelipe,S_SanFelipe,pv_solar,Oriental,Solar,2026,16.578077151954233,16578.077151954236,0.0,9.1,1086813.0355512805,145327.0,75.32345888232491,0.2079642374423482,,
S_SanFelipe,S_SanFelipe,pv_solar,Oriental,Solar,2027,16.57807717418226,16578.07717418226,0.0,9.1,1086813.0355512805,145327.0,75.3234587826714,0.2079642377211884,,
S_SanFelipe,S_SanFelipe,pv_solar,Oriental,Solar,2028,16.578076906757012,16578.07690675701,0.0,9.1,1086813.0355512805,145327.0,75.32345998160233,0.20796423436646355,,
S_SanFelipe,S_SanFelipe,pv_solar,Oriental,Solar,2029,16.578077145190022,16578.077145190022,0.0,9.1,1086813.0355512805,145327.0,75.32345891265048,0.20796423735749434,,
S_SanFelipe,S_SanFelipe,pv_solar,Oriental,Solar,2030,16.578077146988885,16578.07714698889,0.0,9.1,1086813.0355512805,145327.0,75.32345890458573,0.20796423738006026,,
S_SanFelipe,S_SanFelipe,pv_solar,Oriental,Solar,2031,16.57807716531306,16578.077165313058,0.0,9.1,1086813.0355512805,145327.0,75.3234588224341,0.2079642376099285,,
S_SanFelipe,S_SanFelipe,pv_solar,Oriental,Solar,2032,16.578077182520715,16578.077182520712,0.0,9.1,1086813.0355512805,145327.0,75.32345874528811,0.20796423782579046,,
S_SanFelipe,S_SanFelipe,pv_solar,Oriental,Solar,2033,16.578077107869333,16578.077107869332,0.0,9.1,1086813.0355512805,145327.0,75.32345907996799,0.20796423688932372,,
S_SanFelipe,S_SanFelipe,pv_solar,Oriental,Solar,2034,16.578076087898374,16578.07608789837,0.0,9.1,1086813.0355512805,145327.0,75.32346365274044,0.2079642240942643,,
S_SanFelipe,S_SanFelipe,pv_solar,Oriental,Solar,2035,16.57807712813147,16578.07712813147,0.0,9.1,1086813.0355512805,145327.0,75.32345898912801,0.2079642371435028,,
S_Sierpe,S_Sierpe,pv_solar,Caribe,Solar,2023,38.73662833974504,38736.628339745046,0.0,19.9,2376657.077744009,317803.0,70.55845651076982,0.2222105294723907,,
S_Sierpe,S_Sierpe,pv_solar,Caribe,Solar,2024,38.736628341676536,38736.62834167654,0.0,19.9,2376657.077744009,317803.0,70.55845650730147,0.22221052948347061,,
S_Sierpe,S_Sierpe,pv_solar,Caribe,Solar,2025,38.73662834260578,38736.62834260578,0.0,19.9,2376657.077744009,317803.0,70.55845650563285,0.2222105294888012,,
S_Sierpe,S_Sierpe,pv_solar,Caribe,Solar,2026,38.73662834392003,38736.628343920034,0.0,19.9,2376657.077744009,317803.0,70.55845650327288,0.22221052949634032,,
S_Sierpe,S_Sierpe,pv_solar,Caribe,Solar,2027,38.73662833421145,38736.62833421145,0.0,19.9,2376657.077744009,317803.0,70.55845652070636,0.2222105294406476,,
S_Sierpe,S_Sierpe,pv_solar,Caribe,Solar,2028,38.73662833180717,38736.628331807166,0.0,19.9,2376657.077744009,317803.0,70.55845652502367,0.22221052942685554,,
S_Sierpe,S_Sierpe,pv_solar,Caribe,Solar,2029,38.7366283293962,38736.62832939619,0.0,19.9,2376657.077744009,317803.0,70.558456529353,0.22221052941302513,,
S_Sierpe,S_Sierpe,pv_solar,Caribe,Solar,2030,38.7366283215191,38736.6283215191,0.0,19.9,2376657.077744009,317803.0,70.55845654349771,0.22221052936783858,,
S_Sierpe,S_Sierpe,pv_solar,Caribe,Solar,2031,38.736628322724016,38736.628322724006,0.0,19.9,2376657.077744009,317803.0,70.55845654133407,0.22221052937475053,,
S_Sierpe,S_Sierpe,pv_solar,Caribe,Solar,2032,38.7366283298154,38736.6283298154,0.0,19.9,2376657.077744009,317803.0,70.55845652860023,0.22221052941542985,,
S_Sierpe,S_Sierpe,pv_solar,Caribe,Solar,2033,38.73662833673562,38736.62833673562,0.0,19.9,2376657.077744009,317803.0,70.55845651617375,0.22221052945512731,,
S_Sierpe,S_Sierpe,pv_solar,Caribe,Solar,2034,38.73662782130235,38736.627821302354,0.0,19.9,2376657.077744009,317803.0,70.55845744172524,0.2222105264983728,,
S_Sierpe,S_Sierpe,pv_solar,Caribe,Solar,2035,38.736628340904865,38736.62834090487,0.0,19.9,2376657.077744009,317803.0,70.55845650868716,0.22221052947904396,,
S_Since,S_Since,pv_solar,Oriental,Solar,2023,36.01143841026689,36011.43841026689,0.0,18.5,2209455.0722745815,295445.0,70.5584565030991,0.22221052949689551,,
S_Since,S_Since,pv_solar,Oriental,Solar,2024,36.011438412964104,36011.4384129641,0.0,18.5,2209455.0722745815,295445.0,70.55845649788924,0.22221052951353878,,
S_Since,S_Since,pv_solar,Oriental,Solar,2025,36.011438413768,36011.438413767995,0.0,18.5,2209455.0722745815,295445.0,70.55845649633649,0.22221052951849923,,
S_Since,S_Since,pv_solar,Oriental,Solar,2026,36.011438401760415,36011.43840176042,0.0,18.5,2209455.0722745815,295445.0,70.55845651952991,0.22221052944440584,,
S_Since,S_Since,pv_solar,Oriental,Solar,2027,36.011438403596344,36011.438403596345,0.0,18.5,2209455.0722745815,295445.0,70.55845651598369,0.22221052945573455,,
S_Since,S_Since,pv_solar,Oriental,Solar,2028,36.011438014301106,36011.43801430111,0.0,18.5,2209455.0722745815,295445.0,70.558457267933,0.2222105270535672,,
S_Since,S_Since,pv_solar,Oriental,Solar,2029,36.01143838461673,36011.43838461673,0.0,18.5,2209455.0722745815,295445.0,70.55845655264406,0.22221052933861982,,
S_Since,S_Since,pv_solar,Oriental,Solar,2030,36.011438400857855,36011.438400857856,0.0,18.5,2209455.0722745815,295445.0,70.55845652127327,0.22221052943883654,,
S_Since,S_Since,pv_solar,Oriental,Solar,2031,36.011438384500806,36011.43838450081,0.0,18.5,2209455.0722745815,295445.0,70.55845655286798,0.22221052933790447,,
S_Since,S_Since,pv_solar,Oriental,Solar,2032,36.01143840115803,36011.43840115803,0.0,18.5,2209455.0722745815,295445.0,70.55845652069345,0.2222105294406888,,
S_Since,S_Since,pv_solar,Oriental,Solar,2033,36.01143826905528,36011.43826905528,0.0,18.5,2209455.0722745815,295445.0,70.55845677585859,0.22221052862554158,,
S_Since,S_Since,pv_solar,Oriental,Solar,2034,36.01143818541537,36011.43818541537,0.0,18.5,2209455.0722745815,295445.0,70.55845693741456,0.222210528109437,,
S_Since,S_Since,pv_solar,Oriental,Solar,2035,36.01143839324098,36011.43839324097,0.0,18.5,2209455.0722745815,295445.0,70.55845653598575,0.22221052939183616,,
S_SolBolivar,S_SolBolivar,pv_solar,Caribe,Solar,2023,15.68930776528702,15689.30776528702,0.0,8.06,962605.8314882772,128718.20000000001,70.55845648607,0.22221052955129644,,
S_SolBolivar,S_SolBolivar,pv_solar,Caribe,Solar,2024,15.689307759081109,15689.307759081108,0.0,8.06,962605.8314882772,128718.20000000001,70.55845651358386,0.22221052946340097,,
S_SolBolivar,S_SolBolivar,pv_solar,Caribe,Solar,2025,15.68930776322367,15689.307763223671,0.0,8.06,962605.8314882772,128718.20000000001,70.55845649521785,0.22221052952207285,,
S_SolBolivar,S_SolBolivar,pv_solar,Caribe,Solar,2026,15.689307757219705,15689.307757219705,0.0,8.06,962605.8314882772,128718.20000000001,70.55845652183639,0.2222105294370376,,
S_SolBolivar,S_SolBolivar,pv_solar,Caribe,Solar,2027,15.689307741846035,15689.307741846034,0.0,8.06,962605.8314882772,128718.20000000001,70.55845658999547,0.2222105292192975,,
S_SolBolivar,S_SolBolivar,pv_solar,Caribe,Solar,2028,15.689307751753327,15689.307751753326,0.0,8.06,962605.8314882772,128718.20000000001,70.55845654607154,0.22221052935961627,,
S_SolBolivar,S_SolBolivar,pv_solar,Caribe,Solar,2029,15.689307743087692,15689.307743087691,0.0,8.06,962605.8314882772,128718.20000000001,70.55845658449059,0.2222105292368833,,
S_SolBolivar,S_SolBolivar,pv_solar,Caribe,Solar,2030,15.689307760171879,15689.30776017188,0.0,8.06,962605.8314882772,128718.20000000001,70.55845650874795,0.22221052947884976,,
S_SolBolivar,S_SolBolivar,pv_solar,Caribe,Solar,2031,15.689307759450578,15689.307759450578,0.0,8.06,962605.8314882772,128718.20000000001,70.55845651194582,0.22221052946863384,,
S_SolBolivar,S_SolBolivar,pv_solar,Caribe,Solar,2032,15.689307745441848,15689.307745441847,0.0,8.06,962605.8314882772,128718.20000000001,70.55845657405344,0.22221052927022567,,
S_SolBolivar,S_SolBolivar,pv_solar,Caribe,Solar,2033,15.689307758343645,15689.307758343644,0.0,8.06,962605.8314882772,128718.20000000001,70.55845651685341,0.22221052945295613,,
S_SolBolivar,S_SolBolivar,pv_solar,Caribe,Solar,2034,15.689307504884304,15689.307504884306,0.0,8.06,962605.8314882772,128718.20000000001,70.55845764056396,0.22221052586316523,,
S_SolBolivar,S_SolBolivar,pv_solar,Caribe,Solar,2035,15.689307731998934,15689.307731998932,0.0,8.06,962605.8314882772,128718.20000000001,70.55845663365253,0.2222105290798312,,
S_Sunnorte,S_Sunnorte,pv_solar,Nordeste,Solar,2024,68.99428361859775,68994.28361859775,0.0,35.0,4180050.1367356945,558950.0,69.68685184026279,0.22503027925178648,,
S_Sunnorte,S_Sunnorte,pv_solar,Nordeste,Solar,2025,68.99428361773447,68994.28361773444,0.0,35.0,4180050.1367356945,558950.0,69.68685184112223,0.22503027924897082,,
S_Sunnorte,S_Sunnorte,pv_solar,Nordeste,Solar,2026,68.99428358418399,68994.28358418398,0.0,35.0,4180050.1367356945,558950.0,69.68685187452323,0.2250302791395433,,
S_Sunnorte,S_Sunnorte,pv_solar,Nordeste,Solar,2027,68.99428359910814,68994.28359910814,0.0,35.0,4180050.1367356945,558950.0,69.68685185966558,0.22503027918821958,,
S_Sunnorte,S_Sunnorte,pv_solar,Nordeste,Solar,2028,68.99428205448264,68994.28205448264,0.0,35.0,4180050.1367356945,558950.0,69.68685339740841,0.2250302741503021,,
S_Sunnorte,S_Sunnorte,pv_solar,Nordeste,Solar,2029,68.99428358742196,68994.28358742195,0.0,35.0,4180050.1367356945,558950.0,69.68685187129968,0.22503027915010418,,
S_Sunnorte,S_Sunnorte,pv_solar,Nordeste,Solar,2030,68.9942835932583,68994.2835932583,0.0,35.0,4180050.1367356945,558950.0,69.68685186548934,0.22503027916913987,,
S_Sunnorte,S_Sunnorte,pv_solar,Nordeste,Solar,2031,68.99428359500679,68994.2835950068,0.0,35.0,4180050.1367356945,558950.0,69.68685186374864,0.22503027917484275,,
S_Sunnorte,S_Sunnorte,pv_solar,Nordeste,Solar,2032,68.99428358500415,68994.28358500416,0.0,35.0,4180050.1367356945,558950.0,69.6868518737067,0.22503027914221835,,
S_Sunnorte,S_Sunnorte,pv_solar,Nordeste,Solar,2033,68.9942834527148,68994.2834527148,0.0,35.0,4180050.1367356945,558950.0,69.6868520054066,0.22503027871074618,,
S_Sunnorte,S_Sunnorte,pv_solar,Nordeste,Solar,2034,68.9942832550224,68994.2832550224,0.0,35.0,4180050.1367356945,558950.0,69.68685220221809,0.22503027806595688,,
S_Sunnorte,S_Sunnorte,pv_solar,Nordeste,Solar,2035,68.99428354583817,68994.28354583816,0.0,35.0,4180050.1367356945,558950.0,69.68685191269816,0.2250302790144754,,
S_Tepuy,S_Tepuy,pv_solar,Surocciden,Solar,2024,151.20663810098904,151206.63810098905,0.0,83.0,9912690.324258933,1325510.0,75.32345871451145,0.20796423791190655,,
S_Tepuy,S_Tepuy,pv_solar,Surocciden,Solar,2025,151.2066380997618,151206.6380997618,0.0,83.0,9912690.324258933,1325510.0,75.32345871511468,0.20796423791021862,,
S_Tepuy,S_Tepuy,pv_solar,Surocciden,Solar,2026,151.206638098821,151206.63809882101,0.0,83.0,9912690.324258933,1325510.0,75.32345871557712,0.2079642379089247,,
S_Tepuy,S_Tepuy,pv_solar,Surocciden,Solar,2027,151.2066380997618,151206.6380997618,0.0,83.0,9912690.324258933,1325510.0,75.32345871511468,0.20796423791021862,,
S_Tepuy,S_Tepuy,pv_solar,Surocciden,Solar,2028,151.20663809877567,151206.63809877567,0.0,83.0,9912690.324258933,1325510.0,75.3234587155994,0.20796423790886234,,
S_Tepuy,S_Tepuy,pv_solar,Surocciden,Solar,2029,151.2066380766958,151206.63807669585,0.0,83.0,9912690.324258933,1325510.0,75.32345872645244,0.2079642378784945,,
S_Tepuy,S_Tepuy,pv_solar,Surocciden,Solar,2030,151.2066380981929,151206.63809819293,0.0,83.0,9912690.324258933,1325510.0,75.32345871588585,0.20796423790806087,,
S_Tepuy,S_Tepuy,pv_solar,Surocciden,Solar,2031,151.2066380997618,151206.6380997618,0.0,83.0,9912690.324258933,1325510.0,75.32345871511468,0.20796423791021862,,
S_Tepuy,S_Tepuy,pv_solar,Surocciden,Solar,2032,151.2066380998873,151206.6380998873,0.0,83.0,9912690.324258933,1325510.0,75.323458715053,0.20796423791039123,,
S_Tepuy,S_Tepuy,pv_solar,Surocciden,Solar,2033,151.20663809911608,151206.63809911607,0.0,83.0,9912690.324258933,1325510.0,75.32345871543208,0.20796423790933052,,
S_Tepuy,S_Tepuy,pv_solar,Surocciden,Solar,2034,151.20663572174388,151206.6357217439,0.0,83.0,9912690.324258933,1325510.0,75.32345988399535,0.2079642346395773,,
S_Tepuy,S_Tepuy,pv_solar,Surocciden,Solar,2035,151.20663797509505,151206.63797509507,0.0,83.0,9912690.324258933,1325510.0,75.32345877639284,0.20796423773875639,,
S_Termotasajero,S_Termotasajero,pv_solar,Nordeste,Solar,2023,7.885060994156177,7885.060994156177,0.0,4.0,477720.0156269365,63880.0,69.68685176035166,0.22503027951358948,,
S_Termotasajero,S_Termotasajero,pv_solar,Nordeste,Solar,2024,7.885060989350237,7885.060989350237,0.0,4.0,477720.0156269365,63880.0,69.68685180221625,0.22503027937643366,,
S_Termotasajero,S_Termotasajero,pv_solar,Nordeste,Solar,2025,7.885060988905256,7885.060988905256,0.0,4.0,477720.0156269365,63880.0,69.68685180609249,0.22503027936373443,,
S_Termotasajero,S_Termotasajero,pv_solar,Nordeste,Solar,2026,7.885060897570433,7885.060897570433,0.0,4.0,477720.0156269365,63880.0,69.68685260171114,0.22503027675714704,,
S_Termotasajero,S_Termotasajero,pv_solar,Nordeste,Solar,2027,7.88506097209981,7885.060972099809,0.0,4.0,477720.0156269365,63880.0,69.68685195248491,0.22503027888412694,,
S_Termotasajero,S_Termotasajero,pv_solar,Nordeste,Solar,2028,7.885060434258724,7885.060434258726,0.0,4.0,477720.0156269365,63880.0,69.6868566376248,0.2250302635347809,,
S_Termotasajero,S_Termotasajero,pv_solar,Nordeste,Solar,2029,7.885060953267008,7885.060953267008,0.0,4.0,477720.0156269365,63880.0,69.68685211653766,0.22503027834666114,,
S_Termotasajero,S_Termotasajero,pv_solar,Nordeste,Solar,2030,7.8850609580075615,7885.0609580075625,0.0,4.0,477720.0156269365,63880.0,69.68685207524265,0.22503027848195092,,
S_Termotasajero,S_Termotasajero,pv_solar,Nordeste,Solar,2031,7.885060916445886,7885.060916445886,0.0,4.0,477720.0156269365,63880.0,69.68685243728686,0.22503027729583003,,
S_Termotasajero,S_Termotasajero,pv_solar,Nordeste,Solar,2032,7.88506094591532,7885.06094591532,0.0,4.0,477720.0156269365,63880.0,69.6868521805783,0.22503027813685267,,
S_Termotasajero,S_Termotasajero,pv_solar,Nordeste,Solar,2033,7.8850607427798565,7885.060742779857,0.0,4.0,477720.0156269365,63880.0,69.68685395009358,0.22503027233960773,,
S_Termotasajero,S_Termotasajero,pv_solar,Nordeste,Solar,2034,7.885059418274722,7885.059418274723,0.0,4.0,477720.0156269365,63880.0,69.68686548787484,0.22503023453980367,,
S_Termotasajero,S_Termotasajero,pv_solar,Nordeste,Solar,2035,7.885060941268904,7885.060941268905,0.0,4.0,477720.0156269365,63880.0,69.68685222105329,0.2250302780042495,,
S_TierraLind,S_TierraLind,pv_solar,Caribe,Solar,2023,19.270985962696116,19270.985962696115,0.0,9.9,1182357.038676668,158103.0,70.5584564936879,0.22221052952696038,,
S_TierraLind,S_TierraLind,pv_solar,Caribe,Solar,2024,19.27098595993735,19270.98595993735,0.0,9.9,1182357.038676668,158103.0,70.55845650364563,0.2222105294951495,,
S_TierraLind,S_TierraLind,pv_solar,Caribe,Solar,2025,19.270985955222276,19270.985955222277,0.0,9.9,1182357.038676668,158103.0,70.55845652066465,0.2222105294407808,,
S_TierraLind,S_TierraLind,pv_solar,Caribe,Solar,2026,19.270985958350572,19270.985958350568,0.0,9.9,1182357.038676668,158103.0,70.5584565093731,0.22221052947685263,,
S_TierraLind,S_TierraLind,pv_solar,Caribe,Solar,2027,19.270985951937867,19270.985951937866,0.0,9.9,1182357.038676668,158103.0,70.55845653251971,0.22221052940290878,,
S_TierraLind,S_TierraLind,pv_solar,Caribe,Solar,2028,19.270985961294322,19270.985961294322,0.0,9.9,1182357.038676668,158103.0,70.55845649874766,0.2222105295107965,,
S_TierraLind,S_TierraLind,pv_solar,Caribe,Solar,2029,19.27098595842118,19270.98595842118,0.0,9.9,1182357.038676668,158103.0,70.55845650911824,0.22221052947766676,,
S_TierraLind,S_TierraLind,pv_solar,Caribe,Solar,2030,19.27098594822422,19270.98594822422,0.0,9.9,1182357.038676668,158103.0,70.5584565459241,0.2222105293600873,,
S_TierraLind,S_TierraLind,pv_solar,Caribe,Solar,2031,19.27098594901171,19270.98594901171,0.0,9.9,1182357.038676668,158103.0,70.55845654308165,0.22221052936916777,,
S_TierraLind,S_TierraLind,pv_solar,Caribe,Solar,2032,19.27098595162172,19270.985951621726,0.0,9.9,1182357.038676668,158103.0,70.55845653366083,0.2222105293992634,,
S_TierraLind,S_TierraLind,pv_solar,Caribe,Solar,2033,19.270985955663246,19270.98595566325,0.0,9.9,1182357.038676668,158103.0,70.55845651907298,0.22221052944586553,,
S_TierraLind,S_TierraLind,pv_solar,Caribe,Solar,2034,19.27098558044589,19270.98558044589,0.0,9.9,1182357.038676668,158103.0,70.55845787341678,0.2222105251192967,,
S_TierraLind,S_TierraLind,pv_solar,Caribe,Solar,2035,19.270985943445563,19270.985943445565,0.0,9.9,1182357.038676668,158103.0,70.55845656317258,0.22221052930498547,,
S_Tolua,S_Tolua,pv_solar,Caribe,Solar,2023,38.736628341449574,38736.62834144957,0.0,19.9,2376657.077744009,317803.0,70.55845650770901,0.22221052948216868,,
S_Tolua,S_Tolua,pv_solar,Caribe,Solar,2024,38.736628339426275,38736.62833942627,0.0,19.9,2376657.077744009,317803.0,70.55845651134221,0.22221052947056208,,
S_Tolua,S_Tolua,pv_solar,Caribe,Solar,2025,38.73662834210042,38736.62834210042,0.0,19.9,2376657.077744009,317803.0,70.55845650654032,0.22221052948590223,,
S_Tolua,S_Tolua,pv_solar,Caribe,Solar,2026,38.73662833204904,38736.62833204903,0.0,19.9,2376657.077744009,317803.0,70.55845652458935,0.22221052942824301,,
S_Tolua,S_Tolua,pv_solar,Caribe,Solar,2027,38.736628332588225,38736.628332588225,0.0,19.9,2376657.077744009,317803.0,70.55845652362115,0.222210529431336,,
S_Tolua,S_Tolua,pv_solar,Caribe,Solar,2028,38.73662833564801,38736.62833564801,0.0,19.9,2376657.077744009,317803.0,70.55845651812677,0.2222105294488883,,
S_Tolua,S_Tolua,pv_solar,Caribe,Solar,2029,38.736628338093595,38736.6283380936,0.0,19.9,2376657.077744009,317803.0,70.55845651373528,0.22221052946291728,,
S_Tolua,S_Tolua,pv_solar,Caribe,Solar,2030,38.736628333091396,38736.628333091394,0.0,19.9,2376657.077744009,317803.0,70.5584565227176,0.22221052943422243,,
S_Tolua,S_Tolua,pv_solar,Caribe,Solar,2031,38.736628333783806,38736.62833378381,0.0,19.9,2376657.077744009,317803.0,70.55845652147427,0.2222105294381944,,
S_Tolua,S_Tolua,pv_solar,Caribe,Solar,2032,38.73662832112049,38736.628321120486,0.0,19.9,2376657.077744009,317803.0,70.55845654421348,0.22221052936555202,,
S_Tolua,S_Tolua,pv_solar,Caribe,Solar,2033,38.736628341747746,38736.62834174774,0.0,19.9,2376657.077744009,317803.0,70.5584565071736,0.2222105294838791,,
S_Tolua,S_Tolua,pv_solar,Caribe,Solar,2034,38.73662787307823,38736.627873078236,0.0,19.9,2376657.077744009,317803.0,70.5584573487525,0.22221052679538228,,
S_Tolua,S_Tolua,pv_solar,Caribe,Solar,2035,38.73662832155624,38736.62832155624,0.0,19.9,2376657.077744009,317803.0,70.55845654343103,0.2222105293680516,,
S_Tucanes,S_Tucanes,pv_solar,Caribe,Solar,2023,19.270985958406975,19270.985958406975,0.0,9.9,1182357.038676668,158103.0,70.55845650916952,0.22221052947750303,,
S_Tucanes,S_Tucanes,pv_solar,Caribe,Solar,2024,19.270985959506014,19270.985959506015,0.0,9.9,1182357.038676668,158103.0,70.55845650520254,0.22221052949017583,,
S_Tucanes,S_Tucanes,pv_solar,Caribe,Solar,2025,19.27098595528193,19270.985955281933,0.0,9.9,1182357.038676668,158103.0,70.55845652044934,0.22221052944146863,,
S_Tucanes,S_Tucanes,pv_solar,Caribe,Solar,2026,19.27098596048658,19270.985960486578,0.0,9.9,1182357.038676668,158103.0,70.55845650166319,0.22221052950148257,,
S_Tucanes,S_Tucanes,pv_solar,Caribe,Solar,2027,19.270985956570463,19270.985956570465,0.0,9.9,1182357.038676668,158103.0,70.55845651579838,0.22221052945632652,,
S_Tucanes,S_Tucanes,pv_solar,Caribe,Solar,2028,19.270985957865392,19270.985957865396,0.0,9.9,1182357.038676668,158103.0,70.55845651112435,0.22221052947125808,,
S_Tucanes,S_Tucanes,pv_solar,Caribe,Solar,2029,19.270985954777778,19270.98595477778,0.0,9.9,1182357.038676668,158103.0,70.55845652226907,0.22221052943565534,,
S_Tucanes,S_Tucanes,pv_solar,Caribe,Solar,2030,19.27098594834644,19270.98594834644,0.0,9.9,1182357.038676668,158103.0,70.55845654548294,0.22221052936149663,,
S_Tucanes,S_Tucanes,pv_solar,Caribe,Solar,2031,19.27098595001891,19270.985950018912,0.0,9.9,1182357.038676668,158103.0,70.55845653944615,0.22221052938078165,,
S_Tucanes,S_Tucanes,pv_solar,Caribe,Solar,2032,19.27098595469593,19270.985954695934,0.0,9.9,1182357.038676668,158103.0,70.5584565225645,0.22221052943471156,,
S_Tucanes,S_Tucanes,pv_solar,Caribe,Solar,2033,19.27098595648499,19270.98595648499,0.0,9.9,1182357.038676668,158103.0,70.5584565161069,0.2222105294553409,,
S_Tucanes,S_Tucanes,pv_solar,Caribe,Solar,2034,19.27098558099525,19270.985580995253,0.0,9.9,1182357.038676668,158103.0,70.55845787143387,0.2222105251256313,,
S_Tucanes,S_Tucanes,pv_solar,Caribe,Solar,2035,19.27098594311875,19270.98594311875,0.0,9.9,1182357.038676668,158103.0,70.55845656435223,0.22221052930121704,,
S_Union,S_Union,pv_solar,Caribe,Solar,2024,194.65642384222613,194656.42384222616,0.0,100.0,11943000.390673412,1597000.0,70.5584565020465,0.22221052950025807,,
S_Union,S_Union,pv_solar,Caribe,Solar,2025,194.65642384215835,194656.42384215834,0.0,100.0,11943000.390673412,1597000.0,70.55845650207071,0.2222105295001807,,
S_Union,S_Union,pv_solar,Caribe,Solar,2026,194.6564238373886,194656.42383738857,0.0,100.0,11943000.390673412,1597000.0,70.55845650377513,0.22221052949473577,,
S_Union,S_Union,pv_solar,Caribe,Solar,2027,194.6564238380396,194656.42383803957,0.0,100.0,11943000.390673412,1597000.0,70.55845650354252,0.22221052949547893,,
S_Union,S_Union,pv_solar,Caribe,Solar,2028,194.65642382960488,194656.42382960487,0.0,100.0,11943000.390673412,1597000.0,70.55845650655657,0.22221052948585027,,
S_Union,S_Union,pv_solar,Caribe,Solar,2029,194.6564238293042,194656.42382930417,0.0,100.0,11943000.390673412,1597000.0,70.55845650666402,0.22221052948550704,,
S_Union,S_Union,pv_solar,Caribe,Solar,2030,194.65642382997035,194656.4238299704,0.0,100.0,11943000.390673412,1597000.0,70.55845650642597,0.2222105294862675,,
S_Union,S_Union,pv_solar,Caribe,Solar,2031,194.65642383779425,194656.42383779428,0.0,100.0,11943000.390673412,1597000.0,70.55845650363018,0.22221052949519887,,
S_Union,S_Union,pv_solar,Caribe,Solar,2032,194.6564238374814,194656.42383748142,0.0,100.0,11943000.390673412,1597000.0,70.55845650374197,0.22221052949484174,,
S_Union,S_Union,pv_solar,Caribe,Solar,2033,194.65642383942753,194656.42383942753,0.0,100.0,11943000.390673412,1597000.0,70.55845650304654,0.22221052949706332,,
S_Union,S_Union,pv_solar,Caribe,Solar,2034,194.65642371235506,194656.42371235506,0.0,100.0,11943000.390673412,1597000.0,70.55845654845457,0.22221052935200344,,
S_Union,S_Union,pv_solar,Caribe,Solar,2035,194.6564238338588,194656.4238338588,0.0,100.0,11943000.390673412,1597000.0,70.55845650503646,0.22221052949070635,,
S_Uruaco,S_Uruaco,pv_solar,Caribe,Solar,2023,1.9465642360179058,1946.564236017906,0.0,1.0,119430.00390673413,15970.0,70.55845658796363,0.2222105292257883,,
S_Uruaco,S_Uruaco,pv_solar,Caribe,Solar,2024,1.9465642368192495,1946.5642368192493,0.0,1.0,119430.00390673413,15970.0,70.55845655932845,0.2222105293172659,,
S_Uruaco,S_Uruaco,pv_solar,Caribe,Solar,2025,1.9465642335104985,1946.5642335104985,0.0,1.0,119430.00390673413,15970.0,70.55845667756324,0.2222105289395546,,
S_Uruaco,S_Uruaco,pv_solar,Caribe,Solar,2026,1.9465642308224669,1946.564230822467,0.0,1.0,119430.00390673413,15970.0,70.55845677361727,0.22221052863270166,,
S_Uruaco,S_Uruaco,pv_solar,Caribe,Solar,2027,1.9465642340681084,1946.5642340681084,0.0,1.0,119430.00390673413,15970.0,70.55845665763763,0.22221052900320867,,
S_Uruaco,S_Uruaco,pv_solar,Caribe,Solar,2028,1.9465641265049072,1946.564126504907,0.0,1.0,119430.00390673413,15970.0,70.55846050129743,0.22221051672430442,,
S_Uruaco,S_Uruaco,pv_solar,Caribe,Solar,2029,1.9465642358928437,1946.5642358928435,0.0,1.0,119430.00390673413,15970.0,70.5584565924326,0.2222105292115118,,
S_Uruaco,S_Uruaco,pv_solar,Caribe,Solar,2030,1.9465642334708277,1946.5642334708277,0.0,1.0,119430.00390673413,15970.0,70.55845667898083,0.22221052893502596,,
S_Uruaco,S_Uruaco,pv_solar,Caribe,Solar,2031,1.9465642335719424,1946.5642335719426,0.0,1.0,119430.00390673413,15970.0,70.55845667536761,0.22221052894656873,,
S_Uruaco,S_Uruaco,pv_solar,Caribe,Solar,2032,1.946564233333079,1946.564233333079,0.0,1.0,119430.00390673413,15970.0,70.55845668390315,0.2222105289193012,,
S_Uruaco,S_Uruaco,pv_solar,Caribe,Solar,2033,1.9465642344866638,1946.5642344866642,0.0,1.0,119430.00390673413,15970.0,70.558456642681,0.22221052905098895,,
S_Uruaco,S_Uruaco,pv_solar,Caribe,Solar,2034,1.9465638519691995,1946.5638519691995,0.0,1.0,119430.00390673413,15970.0,70.55847031154904,0.22221048538461177,,
S_Uruaco,S_Uruaco,pv_solar,Caribe,Solar,2035,1.9465642233622003,1946.5642233622002,0.0,1.0,119430.00390673413,15970.0,70.55845704020217,0.22221052778107303,,
S_Victoria_I,S_Victoria_I,pv_solar,Surocciden,Solar,2023,39.89669125831689,39896.69125831688,0.0,21.9,2615517.085557477,349743.0,75.32345871386859,0.2079642379137053,,
S_Victoria_I,S_Victoria_I,pv_solar,Surocciden,Solar,2024,39.89669126133001,39896.69126133001,0.0,21.9,2615517.085557477,349743.0,75.32345870825544,0.20796423792941146,,
S_Victoria_I,S_Victoria_I,pv_solar,Surocciden,Solar,2025,39.896691259159645,39896.69125915964,0.0,21.9,2615517.085557477,349743.0,75.32345871229862,0.20796423791809826,,
S_Victoria_I,S_Victoria_I,pv_solar,Surocciden,Solar,2026,39.896691224990334,39896.691224990325,0.0,21.9,2615517.085557477,349743.0,75.32345877595256,0.20796423773998834,,
S_Victoria_I,S_Victoria_I,pv_solar,Surocciden,Solar,2027,39.896691251601254,39896.69125160125,0.0,21.9,2615517.085557477,349743.0,75.32345872637913,0.2079642378786996,,
S_Victoria_I,S_Victoria_I,pv_solar,Surocciden,Solar,2028,39.896691228542,39896.691228542,0.0,21.9,2615517.085557477,349743.0,75.32345876933617,0.20796423775850165,,
S_Victoria_I,S_Victoria_I,pv_solar,Surocciden,Solar,2029,39.896691237477555,39896.69123747756,0.0,21.9,2615517.085557477,349743.0,75.32345875269013,0.20796423780507886,,
S_Victoria_I,S_Victoria_I,pv_solar,Surocciden,Solar,2030,39.89669123276263,39896.69123276263,0.0,21.9,2615517.085557477,349743.0,75.32345876147357,0.207964237780502,,
S_Victoria_I,S_Victoria_I,pv_solar,Surocciden,Solar,2031,39.89669123934949,39896.691239349486,0.0,21.9,2615517.085557477,349743.0,75.32345874920293,0.20796423781483644,,
S_Victoria_I,S_Victoria_I,pv_solar,Surocciden,Solar,2032,39.89669122083227,39896.69122083227,0.0,21.9,2615517.085557477,349743.0,75.3234587836986,0.20796423771831415,,
S_Victoria_I,S_Victoria_I,pv_solar,Surocciden,Solar,2033,39.89669125152672,39896.69125152672,0.0,21.9,2615517.085557477,349743.0,75.32345872651798,0.20796423787831106,,
S_Victoria_I,S_Victoria_I,pv_solar,Surocciden,Solar,2034,39.8966911466797,39896.691146679696,0.0,21.9,2615517.085557477,349743.0,75.32345892183726,0.20796423733178884,,
S_Victoria_I,S_Victoria_I,pv_solar,Surocciden,Solar,2035,39.89669125764799,39896.69125764799,0.0,21.9,2615517.085557477,349743.0,75.32345871511468,0.20796423791021862,,
S_Victoria_II,S_Victoria_II,pv_solar,Surocciden,Solar,2023,39.896691257580244,39896.69125758024,0.0,21.9,2615517.085557477,349743.0,75.32345871524089,0.20796423790986548,,
S_Victoria_II,S_Victoria_II,pv_solar,Surocciden,Solar,2024,39.89669125665706,39896.69125665705,0.0,21.9,2615517.085557477,349743.0,75.3234587169607,0.2079642379050533,,
S_Victoria_II,S_Victoria_II,pv_solar,Surocciden,Solar,2025,39.89669126011598,39896.69126011598,0.0,21.9,2615517.085557477,349743.0,75.32345871051707,0.20796423792308322,,
S_Victoria_II,S_Victoria_II,pv_solar,Surocciden,Solar,2026,39.89669124228824,39896.691242288245,0.0,21.9,2615517.085557477,349743.0,75.32345874372831,0.20796423783015494,,
S_Victoria_II,S_Victoria_II,pv_solar,Surocciden,Solar,2027,39.896691229449566,39896.69122944956,0.0,21.9,2615517.085557477,349743.0,75.32345876764546,0.2079642377632324,,
S_Victoria_II,S_Victoria_II,pv_solar,Surocciden,Solar,2028,39.89669090040087,39896.69090040087,0.0,21.9,2615517.085557477,349743.0,75.32345938062956,0.20796423604804354,,
S_Victoria_II,S_Victoria_II,pv_solar,Surocciden,Solar,2029,39.8966912561482,39896.691256148195,0.0,21.9,2615517.085557477,349743.0,75.32345871790864,0.2079642379024009,,
S_Victoria_II,S_Victoria_II,pv_solar,Surocciden,Solar,2030,39.89669123335487,39896.69123335487,0.0,21.9,2615517.085557477,349743.0,75.32345876037027,0.2079642377835891,,
S_Victoria_II,S_Victoria_II,pv_solar,Surocciden,Solar,2031,39.89669122455389,39896.691224553884,0.0,21.9,2615517.085557477,349743.0,75.32345877676559,0.2079642377377134,,
S_Victoria_II,S_Victoria_II,pv_solar,Surocciden,Solar,2032,39.8966912167318,39896.6912167318,0.0,21.9,2615517.085557477,349743.0,75.32345879133736,0.20796423769694022,,
S_Victoria_II,S_Victoria_II,pv_solar,Surocciden,Solar,2033,39.89669116677519,39896.691166775185,0.0,21.9,2615517.085557477,349743.0,75.32345888440142,0.20796423743653794,,
S_Victoria_II,S_Victoria_II,pv_solar,Surocciden,Solar,2034,39.89669106742136,39896.69106742134,0.0,21.9,2615517.085557477,349743.0,75.32345906948746,0.2079642369186493,,
S_Victoria_II,S_Victoria_II,pv_solar,Surocciden,Solar,2035,39.89669123668594,39896.69123668594,0.0,21.9,2615517.085557477,349743.0,75.32345875416483,0.20796423780095252,,
S_Yuma,S_Yuma,pv_solar,Oriental,Solar,2023,16.578077188228956,16578.077188228955,0.0,9.1,1086813.0355512805,145327.0,75.32345871969672,0.20796423789739768,,
S_Yuma,S_Yuma,pv_solar,Oriental,Solar,2024,16.578077193157725,16578.07719315773,0.0,9.1,1086813.0355512805,145327.0,75.32345869759986,0.20796423795922678,,
S_Yuma,S_Yuma,pv_solar,Oriental,Solar,2025,16.57807719363052,16578.077193630517,0.0,9.1,1086813.0355512805,145327.0,75.32345869548021,0.20796423796515778,,
S_Yuma,S_Yuma,pv_solar,Oriental,Solar,2026,16.57807715849413,16578.07715849413,0.0,9.1,1086813.0355512805,145327.0,75.32345885300501,0.20796423752438814,,
S_Yuma,S_Yuma,pv_solar,Oriental,Solar,2027,16.578077183392892,16578.07718339289,0.0,9.1,1086813.0355512805,145327.0,75.32345874137793,0.2079642378367315,,
S_Yuma,S_Yuma,pv_solar,Oriental,Solar,2028,16.578076987085144,16578.076987085144,0.0,9.1,1086813.0355512805,145327.0,75.32345962147222,0.20796423537414246,,
S_Yuma,S_Yuma,pv_solar,Oriental,Solar,2029,16.578077181916882,16578.07718191688,0.0,9.1,1086813.0355512805,145327.0,75.32345874799525,0.20796423781821563,,
S_Yuma,S_Yuma,pv_solar,Oriental,Solar,2030,16.57807718722152,16578.07718722152,0.0,9.1,1086813.0355512805,145327.0,75.32345872421328,0.20796423788475984,,
S_Yuma,S_Yuma,pv_solar,Oriental,Solar,2031,16.578077189250994,16578.077189250995,0.0,9.1,1086813.0355512805,145327.0,75.32345871511467,0.20796423791021867,,
S_Yuma,S_Yuma,pv_solar,Oriental,Solar,2032,16.578077179455466,16578.077179455468,0.0,9.1,1086813.0355512805,145327.0,75.32345875903034,0.20796423778733836,,
S_Yuma,S_Yuma,pv_solar,Oriental,Solar,2033,16.57807718791154,16578.07718791154,0.0,9.1,1086813.0355512805,145327.0,75.32345872111978,0.2079642378934158,,
S_Yuma,S_Yuma,pv_solar,Oriental,Solar,2034,16.578076716100078,16578.076716100077,0.0,9.1,1086813.0355512805,145327.0,75.3234608363627,0.20796423197476133,,
S_Yuma,S_Yuma,pv_solar,Oriental,Solar,2035,16.578077189250994,16578.077189250995,0.0,9.1,1086813.0355512805,145327.0,75.32345871511467,0.20796423791021867,,
S_Yumbo,S_Yumbo,pv_solar,Surocciden,Solar,2023,17.853313895302307,17853.313895302304,0.0,9.8,1170414.0382859944,156506.0,75.32345871850397,0.20796423790073504,,
S_Yumbo,S_Yumbo,pv_solar,Surocciden,Solar,2024,17.85331389458361,17853.31389458361,0.0,9.8,1170414.0382859944,156506.0,75.32345872149591,0.20796423789236332,,
S_Yumbo,S_Yumbo,pv_solar,Surocciden,Solar,2025,17.85331389578529,17853.313895785293,0.0,9.8,1170414.0382859944,156506.0,75.32345871649332,0.20796423790636107,,
S_Yumbo,S_Yumbo,pv_solar,Surocciden,Solar,2026,17.853313895313114,17853.313895313117,0.0,9.8,1170414.0382859944,156506.0,75.323458718459,0.20796423790086094,,
S_Yumbo,S_Yumbo,pv_solar,Surocciden,Solar,2027,17.85331388093273,17853.313880932736,0.0,9.8,1170414.0382859944,156506.0,75.3234587783246,0.20796423773335113,,
S_Yumbo,S_Yumbo,pv_solar,Surocciden,Solar,2028,17.853313887511312,17853.313887511315,0.0,9.8,1170414.0382859944,156506.0,75.32345875093795,0.20796423780998166,,
S_Yumbo,S_Yumbo,pv_solar,Surocciden,Solar,2029,17.853313882420732,17853.313882420734,0.0,9.8,1170414.0382859944,156506.0,75.32345877213007,0.20796423775068404,,
S_Yumbo,S_Yumbo,pv_solar,Surocciden,Solar,2030,17.85331389348766,17853.313893487662,0.0,9.8,1170414.0382859944,156506.0,75.32345872605836,0.2079642378795971,,
S_Yumbo,S_Yumbo,pv_solar,Surocciden,Solar,2031,17.85331389578795,17853.31389578795,0.0,9.8,1170414.0382859944,156506.0,75.32345871648225,0.20796423790639207,,
S_Yumbo,S_Yumbo,pv_solar,Surocciden,Solar,2032,17.853313886480922,17853.313886480923,0.0,9.8,1170414.0382859944,156506.0,75.32345875522745,0.20796423779797918,,
S_Yumbo,S_Yumbo,pv_solar,Surocciden,Solar,2033,17.853313895952834,17853.313895952837,0.0,9.8,1170414.0382859944,156506.0,75.32345871579584,0.2079642379083127,,
S_Yumbo,S_Yumbo,pv_solar,Surocciden,Solar,2034,17.85331389611645,17853.31389611645,0.0,9.8,1170414.0382859944,156506.0,75.32345871511468,0.20796423791021862,,
S_Yumbo,S_Yumbo,pv_solar,Surocciden,Solar,2035,17.853313896116457,17853.313896116455,0.0,9.8,1170414.0382859944,156506.0,75.32345871511467,0.2079642379102187,,
TASAJERO 1,TASAJERO 1,Thermal,Nordeste,CARBON,2023,1445.399998629462,12128507.530725466,1241711.6291026005,165.0,20626650.674728606,23631300.0,39.01097153654358,0.999999999051793,,
TASAJERO 1,TASAJERO 1,Thermal,Nordeste,CARBON,2024,1445.3999993716297,12128507.536953077,1241711.6297401807,165.0,20626650.674728606,23631300.0,39.010971520821236,0.9999999995652618,,
TASAJERO 1,TASAJERO 1,Thermal,Nordeste,CARBON,2025,1445.399999563062,12128507.538559405,1241711.6299046357,165.0,20626650.674728606,23631300.0,39.01097151676586,0.9999999996977043,,
TASAJERO 1,TASAJERO 1,Thermal,Nordeste,CARBON,2026,718.5708125085141,6029605.312808106,617308.5201823518,165.0,20626650.674728606,23631300.0,69.98274228810381,0.4971432216054476,,
TASAJERO 1,TASAJERO 1,Thermal,Nordeste,CARBON,2027,894.3908782226664,7504930.477529796,768351.7057599474,165.0,20626650.674728606,23631300.0,57.875010146706316,0.618784335286195,,
TASAJERO 1,TASAJERO 1,Thermal,Nordeste,CARBON,2028,1032.4285565032433,8663219.547778388,886936.8659494044,165.0,20626650.674728606,23631300.0,51.25891751943298,0.7142857039596258,,
TASAJERO 1,TASAJERO 1,Thermal,Nordeste,CARBON,2029,825.9428410165904,6930575.6030974975,709549.4891634188,165.0,20626650.674728606,23631300.0,61.97587016411696,0.5714285602716135,,
TASAJERO 1,TASAJERO 1,Thermal,Nordeste,CARBON,2030,1031.6382651571973,8656588.127720915,886257.943882368,165.0,20626650.674728606,23631300.0,51.291756606552966,0.7137389408863962,,
TASAJERO 1,TASAJERO 1,Thermal,Nordeste,CARBON,2031,825.9428493259749,6930575.672822439,709549.4963018296,165.0,20626650.674728606,23631300.0,61.97586962502834,0.5714285660204612,,
TASAJERO 1,TASAJERO 1,Thermal,Nordeste,CARBON,2032,825.9428482739687,6930575.663994943,709549.495398074,165.0,20626650.674728606,23631300.0,61.975869693279435,0.5714285652926308,,
TASAJERO 1,TASAJERO 1,Thermal,Nordeste,CARBON,2033,833.8484226938424,6996912.19296759,716341.0020406654,165.0,20626650.674728606,23631300.0,61.467841723693034,0.5768980370097151,,
TASAJERO 1,TASAJERO 1,Thermal,Nordeste,CARBON,2034,980.8071257873626,8230058.546133137,842590.0201685809,165.0,20626650.674728606,23631300.0,53.515118152028045,0.6785714167617009,,
TASAJERO 1,TASAJERO 1,Thermal,Nordeste,CARBON,2035,1027.7401859684028,8623878.924149936,882909.1890294006,165.0,20626650.674728606,23631300.0,51.45447295033023,0.7110420547726598,,
TASAJERO 2,TASAJERO 2,Thermal,Nordeste,CARBON,2023,1422.279530280449,11934501.183174066,1342587.2170074931,170.0,21267000.695675414,24347400.0,40.462441210485416,0.9550628057214939,,
TASAJERO 2,TASAJERO 2,Thermal,Nordeste,CARBON,2024,1489.1999988867096,12496038.06446666,1405758.0380690885,170.0,21267000.695675414,24347400.0,39.021245503346805,0.9999999992524236,,
TASAJERO 2,TASAJERO 2,Thermal,Nordeste,CARBON,2025,1489.199999361985,12496038.068454746,1405758.0385177338,170.0,21267000.695675414,24347400.0,39.02124549357125,0.9999999995715717,,
TASAJERO 2,TASAJERO 2,Thermal,Nordeste,CARBON,2026,401.9823217108717,3373077.0864201924,379458.6894501613,170.0,21267000.695675414,24347400.0,121.86475657337529,0.26993172287864065,,
TASAJERO 2,TASAJERO 2,Thermal,Nordeste,CARBON,2027,531.8571429497252,4462870.741422726,502056.442630252,170.0,21267000.695675414,24347400.0,94.1554928817263,0.3571428572050263,,
TASAJERO 2,TASAJERO 2,Thermal,Nordeste,CARBON,2028,537.5543044375487,4510676.2389143165,507434.3841838866,170.0,21267000.695675414,24347400.0,93.24653624908905,0.36096850956053494,,
TASAJERO 2,TASAJERO 2,Thermal,Nordeste,CARBON,2029,444.69676182778295,3731498.567754017,419779.77968710574,170.0,21267000.695675414,24347400.0,110.9652767890843,0.29861453251932774,,
TASAJERO 2,TASAJERO 2,Thermal,Nordeste,CARBON,2030,531.8571435865127,4462870.746766079,502056.4432313595,170.0,21267000.695675414,24347400.0,94.15549277904141,0.35714285763263004,,
TASAJERO 2,TASAJERO 2,Thermal,Nordeste,CARBON,2031,531.8571430801256,4462870.74251693,502056.44275334594,170.0,21267000.695675414,24347400.0,94.15549286069863,0.3571428572925904,,
TASAJERO 2,TASAJERO 2,Thermal,Nordeste,CARBON,2032,531.8571430204778,4462870.742016418,502056.44269704015,170.0,21267000.695675414,24347400.0,94.15549287031713,0.35714285725253675,,
TASAJERO 2,TASAJERO 2,Thermal,Nordeste,CARBON,2033,446.32325823231594,3745146.6747899796,421315.14122099767,170.0,21267000.695675414,24347400.0,110.59147481123028,0.29970672725780007,,
TASAJERO 2,TASAJERO 2,Thermal,Nordeste,CARBON,2034,639.9809467607382,5370149.259491091,604121.9183404086,170.0,21267000.695675414,24347400.0,79.66573100843809,0.4297481511957683,,
TASAJERO 2,TASAJERO 2,Thermal,Nordeste,CARBON,2035,479.4177980489417,4022846.5334951393,452555.3476393422,170.0,21267000.695675414,24347400.0,103.53651331088737,0.32192975963533543,,
TC_GECELCA3,TC_GECELCA3,Thermal,Caribe,CARBON,2023,1418.8930543947622,11906084.898186438,1338493.1821391482,164.0,20531160.671604987,23488080.0,39.41475743825297,0.9876469083380403,,
TC_GECELCA3,TC_GECELCA3,Thermal,Caribe,CARBON,2024,797.8753908914009,6695058.597054597,752664.7393170088,164.0,20531160.671604987,23488080.0,63.561678737829794,0.5553760099199526,,
TC_GECELCA3,TC_GECELCA3,Thermal,Caribe,CARBON,2025,780.6227099592952,6550289.487597935,736389.6608467036,164.0,20531160.671604987,23488080.0,64.78101330390429,0.5433669603792843,,
TC_GECELCA3,TC_GECELCA3,Thermal,Caribe,CARBON,2026,880.3739591908602,7387312.995728197,830488.6252420611,164.0,20531160.671604987,23488080.0,58.391724483286914,0.6128006732311922,,
TC_GECELCA3,TC_GECELCA3,Thermal,Caribe,CARBON,2027,624.4526180402829,5239849.375718983,589068.7597821719,164.0,20531160.671604987,23488080.0,78.88363123836933,0.4346618624291978,,
TC_GECELCA3,TC_GECELCA3,Thermal,Caribe,CARBON,2028,315.3211129256735,2645893.521753193,297453.82044707576,164.0,20531160.671604987,23488080.0,147.99241877710213,0.2194851270503908,,
TC_GECELCA3,TC_GECELCA3,Thermal,Caribe,CARBON,2029,79.74208524206516,669124.451564411,75223.59567232581,164.0,20531160.671604987,23488080.0,560.4112933279001,0.05550596199609168,,
TC_GECELCA3,TC_GECELCA3,Thermal,Caribe,CARBON,2030,82.40384947730347,691459.6028047008,77734.53423129143,164.0,20531160.671604987,23488080.0,542.5802381565243,0.05735873251287967,,
TC_GECELCA3,TC_GECELCA3,Thermal,Caribe,CARBON,2031,25.792234914448315,216425.42942489695,24330.748873703,164.0,20531160.671604987,23488080.0,1715.0768922413124,0.017953164964394915,,
TC_GECELCA3,TC_GECELCA3,Thermal,Caribe,CARBON,2032,22.8232536634527,191512.38701765507,21530.00138251755,164.0,20531160.671604987,23488080.0,1937.0924807893691,0.01588655032816342,,
TC_GECELCA3,TC_GECELCA3,Thermal,Caribe,CARBON,2033,13.000442422945342,109088.11676972796,12263.787953580051,164.0,20531160.671604987,23488080.0,3394.3713108170623,0.009049199815503773,,
TC_GECELCA3,TC_GECELCA3,Thermal,Caribe,CARBON,2034,6.020891662824406e-07,0.0050521952361623264,0.0005679725061820456,164.0,20531160.671604987,23488080.0,73110833314.69167,4.1909536577182906e-10,,
TC_GECELCA3,TC_GECELCA3,Thermal,Caribe,CARBON,2035,7.207610047359365e-07,0.006047983452388302,0.0006799199473157803,164.0,20531160.671604987,23488080.0,61073282805.83132,5.016991067601739e-10,,
TC_GECELCA32,TC_GECELCA32,Thermal,Caribe,CARBON,2023,1375.9505702399779,11545749.874695905,1311420.1396364071,270.0,33801301.105691135,38669400.0,61.06066075159504,0.581748084830026,,
TC_GECELCA32,TC_GECELCA32,Thermal,Caribe,CARBON,2024,267.7742825222268,2246922.9314964237,255215.99000107346,270.0,33801301.105691135,38669400.0,279.0321136645584,0.11321422396508826,,
TC_GECELCA32,TC_GECELCA32,Thermal,Caribe,CARBON,2025,327.7526777723704,2750208.1253264816,312381.47048805957,270.0,33801301.105691135,38669400.0,229.50509433597907,0.1385729231237825,,
TC_GECELCA32,TC_GECELCA32,Thermal,Caribe,CARBON,2026,415.71668326527833,3488323.5979050943,396220.06968015677,270.0,33801301.105691135,38669400.0,182.71824961887575,0.17576386067363364,,
TC_GECELCA32,TC_GECELCA32,Thermal,Caribe,CARBON,2027,106.69722935563018,895307.9777046887,101693.25733552636,270.0,33801301.105691135,38669400.0,687.6093177533335,0.045111292641480706,,
TC_GECELCA32,TC_GECELCA32,Thermal,Caribe,CARBON,2028,4.248235609315406,35647.40392191375,4048.998457121245,270.0,33801301.105691135,38669400.0,17067.402841458053,0.0017961422329255056,,
TC_GECELCA32,TC_GECELCA32,Thermal,Caribe,CARBON,2029,3.9188254230992825e-06,0.03288328746418006,0.003735037213346434,270.0,33801301.105691135,38669400.0,18492964935.71778,1.656868519828886e-09,,
TC_GECELCA32,TC_GECELCA32,Thermal,Caribe,CARBON,2030,32.02044635282687,268687.02441932843,30518.72584341492,270.0,33801301.105691135,38669400.0,2271.6544088302126,0.013538155907672444,,
TC_GECELCA32,TC_GECELCA32,Thermal,Caribe,CARBON,2031,4.889834027607333,41031.12555975364,4660.5066795133835,270.0,33801301.105691135,38669400.0,14829.078414903159,0.002067408264674164,,
TC_GECELCA32,TC_GECELCA32,Thermal,Caribe,CARBON,2032,0.43049206869203654,3612.305453161583,410.30250726086246,270.0,33801301.105691135,38669400.0,168352.26170680198,0.00018201085265179962,,
TC_GECELCA32,TC_GECELCA32,Thermal,Caribe,CARBON,2033,1.9398586040032577e-06,0.016277563103296748,0.0018488815633058294,270.0,33801301.105691135,38669400.0,37358754381.588425,8.201668374781233e-10,,
TC_GECELCA32,TC_GECELCA32,Thermal,Caribe,CARBON,2034,5.749441904457756e-07,0.004824418811526564,0.0005479799978468972,270.0,33801301.105691135,38669400.0,126048236185.02226,2.430848090841263e-10,,
TC_GECELCA32,TC_GECELCA32,Thermal,Caribe,CARBON,2035,6.9534310512602e-07,0.005834699110942051,0.0006627323479073358,270.0,33801301.105691135,38669400.0,104222937679.65335,2.9398913627854723e-10,,
TEBSAB,TEBSAB,Thermal,Caribe,GASNACIO,2023,1.973406300249858e-06,0.013971716605768993,0.0008371154004346492,791.0,99167673.24392298,113287020.0,107658870467.27036,2.8479733477793236e-10,,
TEBSAB,TEBSAB,Thermal,Caribe,GASNACIO,2024,1.2365994230453498e-06,0.008755123915161075,0.000524563249376876,791.0,99167673.24392298,113287020.0,171805589824.286,1.7846310707868622e-10,,
TEBSAB,TEBSAB,Thermal,Caribe,GASNACIO,2025,1.919000071265342e-06,0.01358652050455862,0.0008140363760306298,791.0,99167673.24392298,113287020.0,110711144016.48877,2.769455563539219e-10,,
TEBSAB,TEBSAB,Thermal,Caribe,GASNACIO,2026,1.1881806016639088e-06,0.008412318659780474,0.0005040240725007471,791.0,99167673.24392298,113287020.0,178806734392.74905,1.7147541717378568e-10,,
TEBSAB,TEBSAB,Thermal,Caribe,GASNACIO,2027,7.806386525987031e-07,0.005526921660398818,0.0003311455112827952,791.0,99167673.24392298,113287020.0,272154975342.56076,1.1265992596486486e-10,,
TEBSAB,TEBSAB,Thermal,Caribe,GASNACIO,2028,3.9661037596483044e-07,0.0028080014618309993,0.00016824140758560434,791.0,99167673.24392298,113287020.0,535676084444.0703,5.723787240658757e-11,,
TEBSAB,TEBSAB,Thermal,Caribe,GASNACIO,2029,3.9118487393019245e-07,0.002769588907425762,0.00016593991938841456,791.0,99167673.24392298,113287020.0,543105593813.4393,5.6454876771526764e-11,,
TEBSAB,TEBSAB,Thermal,Caribe,GASNACIO,2030,5.288760444417211e-07,0.003744442394647385,0.00022434826607529805,791.0,99167673.24392298,113287020.0,401709806069.8392,7.632614118330663e-11,,
TEBSAB,TEBSAB,Thermal,Caribe,GASNACIO,2031,4.728622612786124e-07,0.003347864809852576,0.00020058732008231708,791.0,99167673.24392298,113287020.0,449295092132.74194,6.824236433833428e-11,,
TEBSAB,TEBSAB,Thermal,Caribe,GASNACIO,2032,4.760089543027415e-07,0.0033701433964634093,0.00020192214159910516,791.0,99167673.24392298,113287020.0,446324993105.4281,6.869648764103317e-11,,
TEBSAB,TEBSAB,Thermal,Caribe,GASNACIO,2033,3.976638906709308e-07,0.0028154603459501896,0.0001686883066276056,791.0,99167673.24392298,113287020.0,534256939669.0482,5.738991315988239e-11,,
TEBSAB,TEBSAB,Thermal,Caribe,GASNACIO,2034,3.067185948915131e-07,0.0021715676518319123,0.00013010947585950905,791.0,99167673.24392298,113287020.0,692669752615.5533,4.426490294516407e-11,,
TEBSAB,TEBSAB,Thermal,Caribe,GASNACIO,2035,3.809839298588197e-07,0.0026973662234004436,0.00016161269727503756,791.0,99167673.24392298,113287020.0,557647387713.5688,5.498270062443639e-11,,
TEQUEND1-4,TEQUEND1-4,Hidro,Oriental,Water,2023,99.66392512689735,138532.8559263873,0.0,56.8,15760296.51554288,2486704.0,184.4753088748997,0.20030211976432838,,
TEQUEND1-4,TEQUEND1-4,Hidro,Oriental,Water,2024,99.66392512461607,138532.85592321632,0.0,56.8,15760296.51554288,2486704.0,184.47530887909048,0.20030211975974352,,
TEQUEND1-4,TEQUEND1-4,Hidro,Oriental,Water,2025,99.6639251240315,138532.85592240375,0.0,56.8,15760296.51554288,2486704.0,184.4753088801644,0.20030211975856863,,
TEQUEND1-4,TEQUEND1-4,Hidro,Oriental,Water,2026,99.66392509432978,138532.8558811184,0.0,56.8,15760296.51554288,2486704.0,184.4753089347272,0.20030211969887485,,
TEQUEND1-4,TEQUEND1-4,Hidro,Oriental,Water,2027,99.66392509706228,138532.85588491656,0.0,56.8,15760296.51554288,2486704.0,184.47530892970755,0.2003021197043666,,
TEQUEND1-4,TEQUEND1-4,Hidro,Oriental,Water,2028,99.66392469196416,138532.85532183014,0.0,56.8,15760296.51554288,2486704.0,184.4753096738837,0.20030211889021027,,
TEQUEND1-4,TEQUEND1-4,Hidro,Oriental,Water,2029,99.66392511855531,138532.8559147919,0.0,56.8,15760296.51554288,2486704.0,184.47530889022423,0.20030211974756273,,
TEQUEND1-4,TEQUEND1-4,Hidro,Oriental,Water,2030,99.66392512185419,138532.85591937733,0.0,56.8,15760296.51554288,2486704.0,184.47530888416412,0.20030211975419274,,
TEQUEND1-4,TEQUEND1-4,Hidro,Oriental,Water,2031,99.66392510539914,138532.8558965048,0.0,56.8,15760296.51554288,2486704.0,184.4753089143925,0.20030211972112177,,
TEQUEND1-4,TEQUEND1-4,Hidro,Oriental,Water,2032,99.66392509329134,138532.85587967496,0.0,56.8,15760296.51554288,2486704.0,184.47530893663486,0.20030211969678782,,
TEQUEND1-4,TEQUEND1-4,Hidro,Oriental,Water,2033,99.66392469368748,138532.85532422556,0.0,56.8,15760296.51554288,2486704.0,184.47530967071793,0.20030211889367372,,
TEQUEND1-4,TEQUEND1-4,Hidro,Oriental,Water,2034,99.66392509234073,138532.8558783536,0.0,56.8,15760296.51554288,2486704.0,184.47530893838112,0.20030211969487732,,
TEQUEND1-4,TEQUEND1-4,Hidro,Oriental,Water,2035,99.66392509031226,138532.855875534,0.0,56.8,15760296.51554288,2486704.0,184.4753089421075,0.20030211969080053,,
TERMO YOPAL2,TERMO YOPAL2,Thermal,Nordeste,GASNACIO,2023,5.266466044871626e-07,0.0037286579597691108,0.0003735928842790661,28.0,3520440.115158864,4010160.0,14299152514.655748,2.147124121359925e-09,,
TERMO YOPAL2,TERMO YOPAL2,Thermal,Nordeste,GASNACIO,2024,7.514092234472242e-07,0.005319977302006347,0.000533035125774526,28.0,3520440.115158864,4010160.0,10021969235.260202,3.0634753075963147e-09,,
TERMO YOPAL2,TERMO YOPAL2,Thermal,Nordeste,GASNACIO,2025,9.67762142156087e-07,0.006851755966465094,0.0006865116890599702,28.0,3520440.115158864,4010160.0,7781457647.468126,3.9455403708255335e-09,,
TERMO YOPAL2,TERMO YOPAL2,Thermal,Nordeste,GASNACIO,2026,3.425779602009769e-07,0.0024254519582229163,0.00024301815895414516,28.0,3520440.115158864,4010160.0,21982150028.467712,1.3966811815108316e-09,,
TERMO YOPAL2,TERMO YOPAL2,Thermal,Nordeste,GASNACIO,2027,3.954581832758835e-07,0.0027998439375932554,0.00028053036332715626,28.0,3520440.115158864,4010160.0,19042721674.329685,1.612272436708592e-09,,
TERMO YOPAL2,TERMO YOPAL2,Thermal,Nordeste,GASNACIO,2028,2.954982277251413e-07,0.0020921274522940005,0.0002096207100825974,28.0,3520440.115158864,4010160.0,25484417200.145123,1.204738371351685e-09,,
TERMO YOPAL2,TERMO YOPAL2,Thermal,Nordeste,GASNACIO,2029,3.733008956293651e-07,0.0026429703410559054,0.00026481241332209645,28.0,3520440.115158864,4010160.0,20173003081.34983,1.5219377675691662e-09,,
TERMO YOPAL2,TERMO YOPAL2,Thermal,Nordeste,GASNACIO,2030,5.269821327807274e-07,0.0037310335000875494,0.00037383090154127205,28.0,3520440.115158864,4010160.0,14290048277.639257,2.1484920612391037e-09,,
TERMO YOPAL2,TERMO YOPAL2,Thermal,Nordeste,GASNACIO,2031,4.806846999394291e-07,0.003403247675571158,0.0003409884008538522,28.0,3520440.115158864,4010160.0,15666402778.185032,1.9597386657674047e-09,,
TERMO YOPAL2,TERMO YOPAL2,Thermal,Nordeste,GASNACIO,2032,4.880308296536721e-07,0.003455258273947998,0.0003461996027582197,28.0,3520440.115158864,4010160.0,15430582785.022337,1.9896886401405414e-09,,
TERMO YOPAL2,TERMO YOPAL2,Thermal,Nordeste,GASNACIO,2033,4.213268693852504e-07,0.0029829942352475724,0.00029888110740063057,28.0,3520440.115158864,4010160.0,17873533983.554398,1.717738378119905e-09,,
TERMO YOPAL2,TERMO YOPAL2,Thermal,Nordeste,GASNACIO,2034,3.3022293328723337e-07,0.0023379783676736117,0.00023425374254905758,28.0,3520440.115158864,4010160.0,22804594588.670197,1.3463100672180092e-09,,
TERMO YOPAL2,TERMO YOPAL2,Thermal,Nordeste,GASNACIO,2035,4.533811038327663e-07,0.0032099382151359853,0.0003216197594655501,28.0,3520440.115158864,4010160.0,16609867625.066553,1.8484226346737043e-09,,
TERMOCENTRO,TERMOCENTRO,Thermal,Antioquia,GASNACIO,2023,5.39729545271462e-07,0.0037727095214475205,0.00023475428625673188,272.0,34296481.12188921,38955840.0,135720421028.31146,2.2651824187124878e-10,,
TERMOCENTRO,TERMOCENTRO,Thermal,Antioquia,GASNACIO,2024,5.559916572918489e-07,0.0038863816844700244,0.00024182745935577508,272.0,34296481.12188921,38955840.0,131750755906.26044,2.3334326202484926e-10,,
TERMOCENTRO,TERMOCENTRO,Thermal,Antioquia,GASNACIO,2025,6.342103212297806e-07,0.004433130145396167,0.00027584851079825057,272.0,34296481.12188921,38955840.0,115501622528.43924,2.66170729766729e-10,,
TERMOCENTRO,TERMOCENTRO,Thermal,Antioquia,GASNACIO,2026,2.934775150750022e-07,0.0020514078303742658,0.00012764745822684204,272.0,34296481.12188921,38955840.0,249601135900.37717,1.2316911558009425e-10,,
TERMOCENTRO,TERMOCENTRO,Thermal,Antioquia,GASNACIO,2027,3.3499212086009936e-07,0.002341594924812095,0.00014570415298385852,272.0,34296481.12188921,38955840.0,218668788197.6266,1.40592315026566e-10,,
TERMOCENTRO,TERMOCENTRO,Thermal,Antioquia,GASNACIO,2028,2.6172916216126796e-07,0.0018294868435072636,0.00011383857562371917,272.0,34296481.12188921,38955840.0,279878331168.09235,1.098446994028958e-10,,
TERMOCENTRO,TERMOCENTRO,Thermal,Antioquia,GASNACIO,2029,3.1959040151719016e-07,0.002233936906605159,0.00013900520595909878,272.0,34296481.12188921,38955840.0,229206887241.83426,1.341283917192075e-10,,
TERMOCENTRO,TERMOCENTRO,Thermal,Antioquia,GASNACIO,2030,4.230685849439463e-07,0.0029572494087581848,0.00018401283488419956,272.0,34296481.12188921,38955840.0,173145262332.7064,1.7755698736903467e-10,,
TERMOCENTRO,TERMOCENTRO,Thermal,Antioquia,GASNACIO,2031,3.9552738031944706e-07,0.0027647363884329354,0.00017203384301518287,272.0,34296481.12188921,38955840.0,185201644107.39862,1.6599826262399568e-10,,
TERMOCENTRO,TERMOCENTRO,Thermal,Antioquia,GASNACIO,2032,3.994766037994948e-07,0.002792341460558469,0.00017375154986938265,272.0,34296481.12188921,38955840.0,183370741685.40878,1.6765570599965363e-10,,
TERMOCENTRO,TERMOCENTRO,Thermal,Antioquia,GASNACIO,2033,3.491253092093552e-07,0.0024403859113733936,0.00015185135498999063,272.0,34296481.12188921,38955840.0,209816702461.99017,1.4652385056127246e-10,,
TERMOCENTRO,TERMOCENTRO,Thermal,Antioquia,GASNACIO,2034,2.817568291900433e-07,0.001969480236038403,0.00012254956934255098,272.0,34296481.12188921,38955840.0,259984190390.1127,1.1825007940087096e-10,,
TERMOCENTRO,TERMOCENTRO,Thermal,Antioquia,GASNACIO,2035,3.44626739696611e-07,0.0024089409104793113,0.00014989471117756158,272.0,34296481.12188921,38955840.0,212555535269.2166,1.4463585301529807e-10,,
TERMODORADA1,TERMODORADA1,Thermal,Surocciden,ACPM,2023,2.1608586471075641e-07,0.0020095985418100352,0.00016286694143460308,50.0,6313500.206524039,7161000.0,62357157079.98784,4.933467230839187e-10,,
TERMODORADA1,TERMODORADA1,Thermal,Surocciden,ACPM,2024,2.721827658601416e-07,0.002531299722499317,0.0002051479611875108,50.0,6313500.206524039,7161000.0,49505339423.21343,6.214218398633368e-10,,
TERMODORADA1,TERMODORADA1,Thermal,Surocciden,ACPM,2025,3.0871441649459153e-07,0.0028710440733997014,0.00023268237771380455,50.0,6313500.206524039,7161000.0,43647136283.41728,7.048274349191587e-10,,
TERMODORADA1,TERMODORADA1,Thermal,Surocciden,ACPM,2026,2.0068944558471392e-07,0.0018664118439378399,0.0001512624447894371,50.0,6313500.206524039,7161000.0,67141050537.720825,4.5819508124363894e-10,,
TERMODORADA1,TERMODORADA1,Thermal,Surocciden,ACPM,2027,2.328592177837607e-07,0.002165590725388975,0.00017550925247266944,50.0,6313500.206524039,7161000.0,57865436193.3072,5.316420497346133e-10,,
TERMODORADA1,TERMODORADA1,Thermal,Surocciden,ACPM,2028,1.992225991936815e-07,0.0018527701725012382,0.00015015686212866647,50.0,6313500.206524039,7161000.0,67635400114.80867,4.5484611688055123e-10,,
TERMODORADA1,TERMODORADA1,Thermal,Surocciden,ACPM,2029,2.443844143325985e-07,0.002272775053293166,0.00018419595446428016,50.0,6313500.206524039,7161000.0,55136495695.09166,5.579552838643801e-10,,
TERMODORADA1,TERMODORADA1,Thermal,Surocciden,ACPM,2030,3.425882759649743e-07,0.003186070966474261,0.00025821357983066463,50.0,6313500.206524039,7161000.0,39331469157.1282,7.821650136186626e-10,,
TERMODORADA1,TERMODORADA1,Thermal,Surocciden,ACPM,2031,15.642857424684552,145478.57404956638,11790.240640988693,50.0,6313500.206524039,7161000.0,870.6835593272858,0.035714286357727276,,
TERMODORADA1,TERMODORADA1,Thermal,Surocciden,ACPM,2032,15.64285745462555,145478.57432801765,11790.240663555642,50.0,6313500.206524039,7161000.0,870.6835576785663,0.03571428642608573,,
TERMODORADA1,TERMODORADA1,Thermal,Surocciden,ACPM,2033,3.942946412083216e-07,0.0036669401632373915,0.00029718539120368896,50.0,6313500.206524039,7161000.0,34173683337.15665,9.002160758180857e-10,,
TERMODORADA1,TERMODORADA1,Thermal,Surocciden,ACPM,2034,3.3467970885514157e-07,0.0031125212923528165,0.0002522527820800442,50.0,6313500.206524039,7161000.0,40260881831.55641,7.64108924326807e-10,,
TERMODORADA1,TERMODORADA1,Thermal,Surocciden,ACPM,2035,14.372051414637795,133660.07815613152,10832.416359932311,50.0,6313500.206524039,7161000.0,946.8488451704529,0.03281290277314564,,
TERMOEMCALI,TERMOEMCALI,Thermal,Surocciden,ACPM,2023,5.41140083702961e-07,0.005032602778437538,0.0002928708576129465,229.0,63396362.07378986,32797380.0,177761258084.1904,2.697553806020623e-10,,
TERMOEMCALI,TERMOEMCALI,Thermal,Surocciden,ACPM,2024,1.1400505505958414e-06,0.010602470120541326,0.0006170076705284159,229.0,63396362.07378986,32797380.0,84376734026.50189,5.683089821717619e-10,,
TERMOEMCALI,TERMOEMCALI,Thermal,Surocciden,ACPM,2025,3.465464199707364,32228.817057278484,1875.5466518949822,229.0,63396362.07378986,32797380.0,27767.12305929255,0.001727515004539971,,
TERMOEMCALI,TERMOEMCALI,Thermal,Surocciden,ACPM,2026,4.4358503787148527e-07,0.004125340852204814,0.00024007301321445686,229.0,63396362.07378986,32797380.0,216855245026.9621,2.2112472227447368e-10,,
TERMOEMCALI,TERMOEMCALI,Thermal,Surocciden,ACPM,2027,5.464393048078266e-07,0.005081885534712787,0.0002957388533064876,229.0,63396362.07378986,32797380.0,176037377312.56625,2.723970134233747e-10,,
TERMOEMCALI,TERMOEMCALI,Thermal,Surocciden,ACPM,2028,3.7315522148489234e-07,0.003470343559809499,0.00020195563594401576,229.0,63396362.07378986,32797380.0,257784794473.67114,1.860158428968975e-10,,
TERMOEMCALI,TERMOEMCALI,Thermal,Surocciden,ACPM,2029,5.203052169634827e-07,0.00483883851776039,0.0002815948027169801,229.0,63396362.07378986,32797380.0,184879449489.31772,2.5936931315601016e-10,,
TERMOEMCALI,TERMOEMCALI,Thermal,Surocciden,ACPM,2030,36.14336062786546,336133.2538391488,19561.177120095574,229.0,63396362.07378986,32797380.0,2670.7498597462277,0.018017268164077213,,
TERMOEMCALI,TERMOEMCALI,Thermal,Surocciden,ACPM,2031,71.64428647210225,666291.8641905511,38774.66159699564,229.0,63396362.07378986,32797380.0,1351.957548990274,0.03571428609205311,,
TERMOEMCALI,TERMOEMCALI,Thermal,Surocciden,ACPM,2032,71.64428664228495,666291.8657732503,38774.661689100365,229.0,63396362.07378986,32797380.0,1351.9575458009467,0.035714286176888266,,
TERMOEMCALI,TERMOEMCALI,Thermal,Surocciden,ACPM,2033,62.43771181976293,580670.7199237953,33791.96396414335,229.0,63396362.07378986,32797380.0,1549.9352870756932,0.03112485883619615,,
TERMOEMCALI,TERMOEMCALI,Thermal,Surocciden,ACPM,2034,1.2672815999727726e-06,0.011785718879746785,0.0006858664885465442,229.0,63396362.07378986,32797380.0,75905577803.41977,6.317329664277744e-10,,
TERMOEMCALI,TERMOEMCALI,Thermal,Surocciden,ACPM,2035,71.64428709032383,666291.8699400118,38774.66193158384,229.0,63396362.07378986,32797380.0,1351.9575374044257,0.0357142864002332,,
TERMONORTE,TERMONORTE,Thermal,Caribe,ACPM,2023,4.4023634737277884e-07,0.004094198030566844,0.0002777979399191709,88.0,11127600.364000458,12603360.0,53905045573.167984,5.710828499543103e-10,,
TERMONORTE,TERMONORTE,Thermal,Caribe,ACPM,2024,6.405649684843293e-07,0.005957254206904263,0.0004042093064129815,88.0,11127600.364000458,12603360.0,37046921916.61471,8.309528960205599e-10,,
TERMONORTE,TERMONORTE,Thermal,Caribe,ACPM,2025,9.0699064959983e-07,0.00843501304127842,0.0005723292397104848,88.0,11127600.364000458,12603360.0,26164503882.047432,1.176565288501232e-09,,
TERMONORTE,TERMONORTE,Thermal,Caribe,ACPM,2026,6.790637351772415e-07,0.006315292737148346,0.00042850279817154295,88.0,11127600.364000458,12603360.0,34946587692.717476,8.808942185258942e-10,,
TERMONORTE,TERMONORTE,Thermal,Caribe,ACPM,2027,5.939305777170219e-07,0.005523554372768304,0.0003747820731509952,88.0,11127600.364000458,12603360.0,39955781466.48416,7.704578893174318e-10,,
TERMONORTE,TERMONORTE,Thermal,Caribe,ACPM,2028,3.7518315566846984e-07,0.0034892033477167696,0.00023674807488991784,88.0,11127600.364000458,12603360.0,63251667909.25843,4.86694629084254e-10,,
TERMONORTE,TERMONORTE,Thermal,Caribe,ACPM,2029,3.9208125824764185e-07,0.0036463557017030693,0.000247411115579427,88.0,11127600.364000458,12603360.0,60525617760.23005,5.086151648085846e-10,,
TERMONORTE,TERMONORTE,Thermal,Caribe,ACPM,2030,5.920136757301663e-07,0.005505727184290547,0.0003735724696592496,88.0,11127600.364000458,12603360.0,40085155702.2519,7.67971248093304e-10,,
TERMONORTE,TERMONORTE,Thermal,Caribe,ACPM,2031,5.909273621118502e-07,0.005495624467640207,0.00037288698403981974,88.0,11127600.364000458,12603360.0,40158845047.7003,7.665620616851522e-10,,
TERMONORTE,TERMONORTE,Thermal,Caribe,ACPM,2032,6.815939663294653e-07,0.006338823886864028,0.00043009942463321924,88.0,11127600.364000458,12603360.0,34816858045.466225,8.841764818512156e-10,,
TERMONORTE,TERMONORTE,Thermal,Caribe,ACPM,2033,5.991640537692007e-07,0.005572225700053567,0.0003780845012094411,88.0,11127600.364000458,12603360.0,39606782516.88627,7.772468526478836e-10,,
TERMONORTE,TERMONORTE,Thermal,Caribe,ACPM,2034,4.4922887676818795e-07,0.004177828553944148,0.00028347240581826197,88.0,11127600.364000458,12603360.0,52825990481.51569,5.827481278126141e-10,,
TERMONORTE,TERMONORTE,Thermal,Caribe,ACPM,2035,6.45607453979372e-07,0.00600414932200816,0.00040739121561006334,88.0,11127600.364000458,12603360.0,36757568742.01586,8.374941028167444e-10,,
TERMOSIERRA,TERMOSIERRA,Thermal,Antioquia,ACPM,2023,9.533881403204682e-07,0.008866509704980353,0.0004661747667751941,433.0,54791821.79232248,62014260.0,122516818556.10901,2.5134933624402014e-10,,
TERMOSIERRA,TERMOSIERRA,Thermal,Antioquia,ACPM,2024,233.32462076649594,2169918.9731284124,114087.89984755876,433.0,54791821.79232248,62014260.0,509.9161861898766,0.06151323482934604,,
TERMOSIERRA,TERMOSIERRA,Thermal,Antioquia,ACPM,2025,846.1557477950472,7869248.454493939,413741.7298386522,433.0,54791821.79232248,62014260.0,147.34324097153663,0.22307880345129738,,
TERMOSIERRA,TERMOSIERRA,Thermal,Antioquia,ACPM,2026,8.20908676758497e-07,0.007634450693854024,0.00040139676040336597,433.0,54791821.79232248,62014260.0,142288765007.56015,2.1642271630403176e-10,,
TERMOSIERRA,TERMOSIERRA,Thermal,Antioquia,ACPM,2027,1.149399447669437e-06,0.010689414863325765,0.000562017710088913,433.0,54791821.79232248,62014260.0,101623575720.2181,3.0302536399691986e-10,,
TERMOSIERRA,TERMOSIERRA,Thermal,Antioquia,ACPM,2028,5.538111107566128e-07,0.005150443330036498,0.0002707950251066622,433.0,54791821.79232248,62014260.0,210913214864.70956,1.4600564996167034e-10,,
TERMOSIERRA,TERMOSIERRA,Thermal,Antioquia,ACPM,2029,1.0260844389163682e-06,0.009542585281922224,0.0005017208141929563,433.0,54791821.79232248,62014260.0,113836714963.94797,2.7051484253334173e-10,,
TERMOSIERRA,TERMOSIERRA,Thermal,Antioquia,ACPM,2030,105.99247675551862,985730.0338263233,51826.75978622962,433.0,54791821.79232248,62014260.0,1111.3223827937,0.02794364388716257,,
TERMOSIERRA,TERMOSIERRA,Thermal,Antioquia,ACPM,2031,209.27922748146176,1946296.8155775948,102330.51045639144,433.0,54791821.79232248,62014260.0,567.4350963399811,0.055173955593201755,,
TERMOSIERRA,TERMOSIERRA,Thermal,Antioquia,ACPM,2032,198.01617467436523,1841550.4244715972,96823.25607229554,433.0,54791821.79232248,62014260.0,599.1815184386246,0.05220458695159743,,
TERMOSIERRA,TERMOSIERRA,Thermal,Antioquia,ACPM,2033,365.5247065121519,3399379.770563013,178729.29985430348,433.0,54791821.79232248,62014260.0,328.8572822064197,0.09636620016244103,,
TERMOSIERRA,TERMOSIERRA,Thermal,Antioquia,ACPM,2034,637.8578811265079,5932078.294476524,311891.0718460565,433.0,54791821.79232248,62014260.0,192.4224246787288,0.1681635718536144,,
TERMOSIERRA,TERMOSIERRA,Thermal,Antioquia,ACPM,2035,708.9320247642605,6593067.830307622,346643.9399936912,433.0,54791821.79232248,62014260.0,174.06344376058303,0.1869014164647886,,
TERMOVALLE,TERMOVALLE,Thermal,Surocciden,ACPM,2023,6.885779546440507e-07,0.006403774978189673,0.0003521865533150198,241.0,66718442.18246007,34516020.0,147019609771.26456,3.261609516304073e-10,,
TERMOVALLE,TERMOVALLE,Thermal,Surocciden,ACPM,2024,25.433876346357298,236535.05002112294,13008.64947454556,241.0,66718442.18246007,34516020.0,3989.6001636028295,0.012047346646562691,,
TERMOVALLE,TERMOVALLE,Thermal,Surocciden,ACPM,2025,88.52687035975951,823299.8943457635,45278.78526678398,241.0,66718442.18246007,34516020.0,1152.8450250422145,0.041932809621136956,,
TERMOVALLE,TERMOVALLE,Thermal,Surocciden,ACPM,2026,5.59543231217417e-07,0.005203752050321978,0.00028618924074483347,241.0,66718442.18246007,34516020.0,180923397049.06198,2.6504065595095436e-10,,
TERMOVALLE,TERMOVALLE,Thermal,Surocciden,ACPM,2027,7.103558017463121e-07,0.006606308956240703,0.0003633252557057052,241.0,66718442.18246007,34516020.0,142512332468.03275,3.3647653505480964e-10,,
TERMOVALLE,TERMOVALLE,Thermal,Surocciden,ACPM,2028,4.3424635717246166e-07,0.0040384911217038934,0.00022210372375518466,241.0,66718442.18246007,34516020.0,233126796608.43564,2.0569087950343012e-10,,
TERMOVALLE,TERMOVALLE,Thermal,Surocciden,ACPM,2029,6.50436965594984e-07,0.006049063780033352,0.0003326786045306871,241.0,66718442.18246007,34516020.0,155640696244.72437,3.0809458572300716e-10,,
TERMOVALLE,TERMOVALLE,Thermal,Surocciden,ACPM,2030,75.3985720828061,701206.7203700967,38564.06242404958,241.0,66718442.18246007,34516020.0,1351.9575515419554,0.035714286024179163,,
TERMOVALLE,TERMOVALLE,Thermal,Surocciden,ACPM,2031,75.39857255405396,701206.7247527019,38564.06266507845,241.0,66718442.18246007,34516020.0,1351.957543150225,0.035714286247396664,,
TERMOVALLE,TERMOVALLE,Thermal,Surocciden,ACPM,2032,75.39857291432808,701206.7281032512,38564.06284934763,241.0,66718442.18246007,34516020.0,1351.9575367346554,0.03571428641804888,,
TERMOVALLE,TERMOVALLE,Thermal,Surocciden,ACPM,2033,75.39857208214043,701206.7203639061,38564.06242370912,241.0,66718442.18246007,34516020.0,1351.957551553809,0.03571428602386386,,
TERMOVALLE,TERMOVALLE,Thermal,Surocciden,ACPM,2034,452.3914240631861,4207240.24378763,231384.3702307433,241.0,66718442.18246007,34516020.0,233.07626276204678,0.21428571215028042,,
TERMOVALLE,TERMOVALLE,Thermal,Surocciden,ACPM,2035,279.34209022161383,2597881.4390610093,142874.9312803947,241.0,66718442.18246007,34516020.0,371.70318135425464,0.13231687329317235,,
TERMOYOPALG3,TERMOYOPALG3,Thermal,Nordeste,GASNACIO,2023,406.71429402353317,2879537.201686614,203804.04467803962,50.0,13842000.452792546,7161000.0,58.720674452364534,0.928571447542313,,
TERMOYOPALG3,TERMOYOPALG3,Thermal,Nordeste,GASNACIO,2024,316.54903985839337,2241167.202197425,158622.3440141931,50.0,13842000.452792546,7161000.0,73.42991046628394,0.7227147028730441,,
TERMOYOPALG3,TERMOYOPALG3,Thermal,Nordeste,GASNACIO,2025,250.28570972114414,1772022.8248257004,125417.86879841368,50.0,13842000.452792546,7161000.0,90.99609922992825,0.5714285610071783,,
TERMOYOPALG3,TERMOYOPALG3,Thermal,Nordeste,GASNACIO,2026,31.285713923412455,221502.85457776015,15677.233704165274,50.0,13842000.452792546,7161000.0,678.4087893703808,0.07142857060139829,,
TERMOYOPALG3,TERMOYOPALG3,Thermal,Nordeste,GASNACIO,2027,31.285714159482655,221502.8562491372,15677.23382245977,50.0,13842000.452792546,7161000.0,678.408784304787,0.07142857114037134,,
TERMOYOPALG3,TERMOYOPALG3,Thermal,Nordeste,GASNACIO,2028,2.985751319151917e-06,0.021139119339595572,0.0014961564031254425,50.0,13842000.452792546,7161000.0,7034410514.770343,6.816783833680175e-09,,
TERMOYOPALG3,TERMOYOPALG3,Thermal,Nordeste,GASNACIO,2029,15.642857426434805,110751.43057915843,7838.617084957569,50.0,13842000.452792546,7161000.0,1349.737538852183,0.03571428636172329,,
TERMOYOPALG3,TERMOYOPALG3,Thermal,Nordeste,GASNACIO,2030,45.749617014551035,323907.28846302134,22925.07818645111,50.0,13842000.452792546,7161000.0,466.1658202400334,0.1044511803985183,,
TERMOYOPALG3,TERMOYOPALG3,Thermal,Nordeste,GASNACIO,2031,31.285716550594547,221502.87317820938,15677.235020643064,50.0,13842000.452792546,7161000.0,678.4087329963172,0.0714285765995309,,
TERMOYOPALG3,TERMOYOPALG3,Thermal,Nordeste,GASNACIO,2032,125.14285122641257,886011.3866830008,62708.93257813386,50.0,13842000.452792546,7161000.0,174.91220333371842,0.28571427220642137,,
TERMOYOPALG3,TERMOYOPALG3,Thermal,Nordeste,GASNACIO,2033,7.794983322435704,55188.481922844796,3906.0567888925452,50.0,13842000.452792546,7161000.0,2701.505322545748,0.01779676557633722,,
TERMOYOPALG3,TERMOYOPALG3,Thermal,Nordeste,GASNACIO,2034,13.942479589754923,98712.75549546487,6986.559791450683,50.0,13842000.452792546,7161000.0,1513.483528696988,0.03183214518208886,,
TERMOYOPALG3,TERMOYOPALG3,Thermal,Nordeste,GASNACIO,2035,0.8649549670763893,6123.881166900837,433.42789605601814,50.0,13842000.452792546,7161000.0,24289.26953847299,0.0019747830298547696,,
TERMOYOPALG4,TERMOYOPALG4,Thermal,Nordeste,GASNACIO,2023,437.99999154847046,3101039.940163171,216909.99121456343,50.0,13842000.452792546,7161000.0,55.03205675356341,0.9999999807042702,,
TERMOYOPALG4,TERMOYOPALG4,Thermal,Nordeste,GASNACIO,2024,437.99999475103687,3101039.962837341,216909.9928005649,50.0,13842000.452792546,7161000.0,55.032056402947774,0.9999999880160657,,
TERMOYOPALG4,TERMOYOPALG4,Thermal,Nordeste,GASNACIO,2025,293.8931372412753,2080763.4116682291,145544.19873766345,50.0,13842000.452792546,7161000.0,78.54475297090679,0.6709888978111307,,
TERMOYOPALG4,TERMOYOPALG4,Thermal,Nordeste,GASNACIO,2026,31.285714071368435,221502.85562528856,15493.57099384987,50.0,13842000.452792546,7161000.0,678.4087861955416,0.07142857093919733,,
TERMOYOPALG4,TERMOYOPALG4,Thermal,Nordeste,GASNACIO,2027,31.285714308018417,221502.85730077038,15493.571111045638,50.0,13842000.452792546,7161000.0,678.4087811175067,0.0714285714794941,,
TERMOYOPALG4,TERMOYOPALG4,Thermal,Nordeste,GASNACIO,2028,19.389204312479592,137275.56653235547,9602.082690021938,50.0,13842000.452792546,7161000.0,1090.3116847202573,0.0442675897545196,,
TERMOYOPALG4,TERMOYOPALG4,Thermal,Nordeste,GASNACIO,2029,15.642857539224185,110751.43137770724,7746.785746292177,50.0,13842000.452792546,7161000.0,1349.7375291712465,0.03571428661923329,,
TERMOYOPALG4,TERMOYOPALG4,Thermal,Nordeste,GASNACIO,2030,131.3643532447059,930059.6209725178,65055.345337975195,50.0,13842000.452792546,7161000.0,166.96355999186548,0.2999186147139404,,
TERMOYOPALG4,TERMOYOPALG4,Thermal,Nordeste,GASNACIO,2031,78.0610311870858,552672.1008045675,38658.03177102748,50.0,13842000.452792546,7161000.0,276.1387112852184,0.1782215323906068,,
TERMOYOPALG4,TERMOYOPALG4,Thermal,Nordeste,GASNACIO,2032,125.1428544636838,886011.4096028813,61974.28307319755,50.0,13842000.452792546,7161000.0,174.91219899213323,0.28571427959745155,,
TERMOYOPALG4,TERMOYOPALG4,Thermal,Nordeste,GASNACIO,2033,57.86260791795295,409667.2640591068,28655.20095277438,50.0,13842000.452792546,7161000.0,370.0605362830177,0.13210641077158203,,
TERMOYOPALG4,TERMOYOPALG4,Thermal,Nordeste,GASNACIO,2034,25.800856605965528,182670.06477023594,12777.314355516082,50.0,13842000.452792546,7161000.0,821.1227573221098,0.05890606531042357,,
TERMOYOPALG4,TERMOYOPALG4,Thermal,Nordeste,GASNACIO,2035,1.9633947507565293,13900.834835356227,972.3286446460796,50.0,13842000.452792546,7161000.0,10704.368685680625,0.004482636417252349,,
TERMOYOPALG5,TERMOYOPALG5,Thermal,Nordeste,GASNACIO,2023,437.99999784632695,3101039.9847519947,208247.75597603293,50.0,13842000.452792546,7161000.0,55.032056064076706,0.9999999950829381,,
TERMOYOPALG5,TERMOYOPALG5,Thermal,Nordeste,GASNACIO,2024,437.9999984094174,3101039.9887386747,208247.75624375508,50.0,13842000.452792546,7161000.0,55.032056002429805,0.9999999963685327,,
TERMOYOPALG5,TERMOYOPALG5,Thermal,Nordeste,GASNACIO,2025,344.14285630089506,2436531.422610337,163623.23724254503,50.0,13842000.452792546,7161000.0,68.10988938532246,0.7857142837919976,,
TERMOYOPALG5,TERMOYOPALG5,Thermal,Nordeste,GASNACIO,2026,31.285714394892068,221502.8579158358,14874.839837623027,50.0,13842000.452792546,7161000.0,678.4087792533724,0.07142857167783576,,
TERMOYOPALG5,TERMOYOPALG5,Thermal,Nordeste,GASNACIO,2027,31.28571469367128,221502.86003119263,14874.839979678049,50.0,13842000.452792546,7161000.0,678.4087728421687,0.07142857235998008,,
TERMOYOPALG5,TERMOYOPALG5,Thermal,Nordeste,GASNACIO,2028,93.85714272779987,664508.570512823,44624.51929564654,50.0,13842000.452792546,7161000.0,230.85626084041866,0.2142857139904106,,
TERMOYOPALG5,TERMOYOPALG5,Thermal,Nordeste,GASNACIO,2029,15.642857881569302,110751.43380151066,7437.420244078948,50.0,13842000.452792546,7161000.0,1349.7374997870857,0.03571428740084315,,
TERMOYOPALG5,TERMOYOPALG5,Thermal,Nordeste,GASNACIO,2030,150.8140592994256,1067763.5398399332,71704.77071500086,50.0,13842000.452792546,7161000.0,146.3442075305014,0.3443243363000584,,
TERMOYOPALG5,TERMOYOPALG5,Thermal,Nordeste,GASNACIO,2031,125.14285656088848,886011.4244510903,59499.35886615927,50.0,13842000.452792546,7161000.0,174.91219617951984,0.28571428438559004,,
TERMOYOPALG5,TERMOYOPALG5,Thermal,Nordeste,GASNACIO,2032,125.14285676235468,886011.4258774711,59499.35896194668,50.0,13842000.452792546,7161000.0,174.91219590932852,0.2857142848455586,,
TERMOYOPALG5,TERMOYOPALG5,Thermal,Nordeste,GASNACIO,2033,109.49999920513254,775259.9943723384,52061.93887207907,50.0,13842000.452792546,7161000.0,198.88822470552205,0.24999999818523405,,
TERMOYOPALG5,TERMOYOPALG5,Thermal,Nordeste,GASNACIO,2034,93.85714250679835,664508.5689481322,44624.51919057104,50.0,13842000.452792546,7161000.0,230.85626136733532,0.21428571348584094,,
TERMOYOPALG5,TERMOYOPALG5,Thermal,Nordeste,GASNACIO,2035,109.49998914743327,775259.9231638275,52061.934090130875,50.0,13842000.452792546,7161000.0,198.88824232332695,0.24999997522245032,,
T_Antioquia,T_Antioquia,pv_solar,Antioquia,Solar,2024,3.824182149777711e-06,0.02447476575857735,0.0,4.428923122229763e-07,0.08928709306486643,0.017525248794663172,34.330767331712565,0.9856808566573927,,
T_Antioquia,T_Antioquia,pv_solar,Antioquia,Solar,2025,3.71022679658228e-06,0.023745451498126596,0.0,4.432835553326052e-07,0.08936596767834773,0.017540730284511186,35.2140601165776,0.955464886213014,,
T_Antioquia,T_Antioquia,pv_solar,Antioquia,Solar,2026,2.6520035893392545e-06,0.01697282297177123,0.0,4.435005657786478e-07,0.08940971698570102,0.017549317387861092,46.731406338786634,0.6826149933716646,,
T_Antioquia,T_Antioquia,pv_solar,Antioquia,Solar,2027,3.022216411225005e-06,0.019342185031840035,0.0,4.437926033809043e-07,0.08946859176824182,0.01756087331578238,41.814229333974666,0.7773943747579747,,
T_Antioquia,T_Antioquia,pv_solar,Antioquia,Solar,2028,2.834317062699624e-06,0.0181396292012776,0.0,4.4412335478090135e-07,0.0895352712526624,0.01757396114868026,44.19013781165453,0.7285187158574006,,
T_Antioquia,T_Antioquia,pv_solar,Antioquia,Solar,2029,2.7944182093216012e-06,0.01788427653965825,0.0,4.4450501888681145e-07,0.08961221473893081,0.017589063597351125,44.76264664275399,0.7176465932342243,,
T_Antioquia,T_Antioquia,pv_solar,Antioquia,Solar,2030,2.7339023973520658e-06,0.017496975343053223,0.0,4.449835272733136e-07,0.08970868203280524,0.017607998174205015,45.65402761669632,0.7013502649830201,,
T_Antioquia,T_Antioquia,pv_solar,Antioquia,Solar,2031,2.6242097385515165e-06,0.016794942326729706,0.0,4.4548099898079005e-07,0.08980897233231314,0.017627683129669856,47.340574940966704,0.6724581349997693,,
T_Antioquia,T_Antioquia,pv_solar,Antioquia,Solar,2032,2.497962934413963e-06,0.015986962780249366,0.0,4.460115895267394e-07,0.08991593938987559,0.017648678597573072,49.460934373985815,0.6393456870098206,,
T_Antioquia,T_Antioquia,pv_solar,Antioquia,Solar,2033,2.283354306093211e-06,0.01461346755899655,0.0,4.4660536767691726e-07,0.0900356450688672,0.017672174398975612,53.57087452456271,0.5836402854113923,,
T_Antioquia,T_Antioquia,pv_solar,Antioquia,Solar,2034,2.3719687994625176e-06,0.015180600316560117,0.0,4.473207116501762e-07,0.09017985841859363,0.017700480559997466,51.88134823823842,0.605321164324549,,
T_Antioquia,T_Antioquia,pv_solar,Antioquia,Solar,2035,2.1573820666675816e-06,0.013807245226672524,0.0,4.484917637766574e-07,0.0904159425350149,0.017746819092642325,56.5361178897402,0.5491215480856892,,
T_AutArCairo,T_AutArCairo,Thermal,Antioquia,CARBON,2023,56.94000001996439,477789.6912249033,0.0,6.5,1799460.058863031,930930.0,56.343163838480464,1.0000000003506213,,
T_AutArCairo,T_AutArCairo,Thermal,Antioquia,CARBON,2024,56.94000002987737,477789.6913080842,0.0,6.5,1799460.058863031,930930.0,56.343163830132234,1.0000000005247165,,
T_AutArCairo,T_AutArCairo,Thermal,Antioquia,CARBON,2025,56.94000002158765,477789.6912385243,0.0,6.5,1799460.058863031,930930.0,56.34316383711343,1.0000000003791296,,
T_AutArCairo,T_AutArCairo,Thermal,Antioquia,CARBON,2026,32.537143483533434,273022.6858603282,0.0,6.5,1799460.058863031,930930.0,92.30720411099831,0.5714285824294595,,
T_AutArCairo,T_AutArCairo,Thermal,Antioquia,CARBON,2027,44.73857176209486,375406.1886294297,0.0,6.5,1799460.058863031,930930.0,69.42099680803564,0.7857142915717396,,
T_AutArCairo,T_AutArCairo,Thermal,Antioquia,CARBON,2028,40.67142954924195,341278.3589602092,0.0,6.5,1799460.058863031,930930.0,75.5239845726173,0.7142857314584112,,
T_AutArCairo,T_AutArCairo,Thermal,Antioquia,CARBON,2029,44.73857171271945,375406.18821511534,0.0,6.5,1799460.058863031,930930.0,69.42099687539084,0.7857142907045915,,
T_AutArCairo,T_AutArCairo,Thermal,Antioquia,CARBON,2030,44.738571791850546,375406.18887911283,0.0,6.5,1799460.058863031,930930.0,69.42099676744456,0.7857142920943192,,
T_AutArCairo,T_AutArCairo,Thermal,Antioquia,CARBON,2031,44.73857177382553,375406.18872786296,0.0,6.5,1799460.058863031,930930.0,69.4209967920333,0.7857142917777575,,
T_AutArCairo,T_AutArCairo,Thermal,Antioquia,CARBON,2032,44.73857170717793,375406.18816861586,0.0,6.5,1799460.058863031,930930.0,69.42099688295028,0.7857142906072695,,
T_AutArCairo,T_AutArCairo,Thermal,Antioquia,CARBON,2033,44.73857139470573,375406.18554662785,0.0,6.5,1799460.058863031,930930.0,69.42099730920759,0.7857142851195245,,
T_AutArCairo,T_AutArCairo,Thermal,Antioquia,CARBON,2034,50.83928544675189,426597.93619918404,0.0,6.5,1799460.058863031,930930.0,62.09741083730976,0.8928571381586209,,
T_AutArCairo,T_AutArCairo,Thermal,Antioquia,CARBON,2035,42.705000864194915,358342.275544588,0.0,6.5,1799460.058863031,930930.0,72.3271811708895,0.7500000151772903,,
T_Caribe,T_Caribe,pv_solar,Caribe,Solar,2024,1342.0320001050045,8589004.80067203,0.0,153.20000001751214,30885121.01382897,6062124.000692955,33.9308226716137,0.9999999999639337,,
T_Caribe,T_Caribe,pv_solar,Caribe,Solar,2025,1342.0320000933812,8589004.800597642,0.0,153.2000000292274,30885121.016190767,6062124.0011565285,33.93082267395744,0.9999999998788024,,
T_Caribe,T_Caribe,pv_solar,Caribe,Solar,2026,1253.438687033491,8022007.597014343,0.0,153.20000002957366,30885121.016260576,6062124.001170231,35.87670707761041,0.9339856924361919,,
T_Caribe,T_Caribe,pv_solar,Caribe,Solar,2027,1298.8622899213403,8312718.65549658,0.0,153.20000002981425,30885121.016309075,6062124.001179751,34.84585242345158,0.9678325775157138,,
T_Caribe,T_Caribe,pv_solar,Caribe,Solar,2028,1152.7677823642175,7377713.807130993,0.0,153.20000003002485,30885121.016351532,6062124.0011880845,38.45090008827651,0.8589719039026584,,
T_Caribe,T_Caribe,pv_solar,Caribe,Solar,2029,1152.7075759200404,7377328.4858882595,0.0,153.20000003023785,30885121.016394474,6062124.001196513,38.45257412149939,0.8589270417490228,,
T_Caribe,T_Caribe,pv_solar,Caribe,Solar,2030,1151.655712487425,7370596.559919521,0.0,153.20000003048787,30885121.016444877,6062124.001206406,38.481849303599674,0.858143257581218,,
T_Caribe,T_Caribe,pv_solar,Caribe,Solar,2031,1072.8086948366306,6865975.646954437,0.0,153.2000000307594,30885121.01649962,6062124.001217151,40.839733006958134,0.7993912921757695,,
T_Caribe,T_Caribe,pv_solar,Caribe,Solar,2032,1054.4537161355422,6748503.783267472,0.0,153.20000003106637,30885121.0165615,6062124.001229297,41.43922879915338,0.7857142869333343,,
T_Caribe,T_Caribe,pv_solar,Caribe,Solar,2033,1054.4537137475431,6748503.767984275,0.0,153.2000000314354,30885121.0166359,6062124.0012439005,41.43922887859039,0.7857142851520512,,
T_Caribe,T_Caribe,pv_solar,Caribe,Solar,2034,1198.2428567881257,7668754.283444006,0.0,153.20000003191117,30885121.016731814,6062124.001262727,37.23452140664635,0.8928571424068386,,
T_Caribe,T_Caribe,pv_solar,Caribe,Solar,2035,1021.2094797374909,6535740.670319943,0.0,153.20000003273208,30885121.01689731,6062124.001295211,42.57988840809632,0.760942719338513,,
T_Nordeste,T_Nordeste,pv_solar,Nordeste,Solar,2024,6.7996614487862586e-06,0.043517833272232055,0.0,7.823951444416802e-07,0.1577308662790554,0.030959375865557286,34.14994660628198,0.9921036267647584,,
T_Nordeste,T_Nordeste,pv_solar,Nordeste,Solar,2025,6.68545687903607e-06,0.04278692402583085,0.0,7.827591498911612e-07,0.15780424978007124,0.03097377956119325,34.637117186893455,0.974987017562808,,
T_Nordeste,T_Nordeste,pv_solar,Nordeste,Solar,2026,5.028318513988523e-06,0.03218123848952655,0.0,7.829612726814133e-07,0.15784499773591898,0.030981777560003528,43.95266790888766,0.7331256127372241,,
T_Nordeste,T_Nordeste,pv_solar,Nordeste,Solar,2027,5.769747599657149e-06,0.03692638463780576,0.0,7.832268916098202e-07,0.15789854651363747,0.03099228810100059,39.13814518781764,0.8409402094308444,,
T_Nordeste,T_Nordeste,pv_solar,Nordeste,Solar,2028,5.367976446015352e-06,0.03435504925449826,0.0,7.835270159654287e-07,0.15795905158570736,0.031004164021752018,41.60194574395473,0.7820824130253838,,
T_Nordeste,T_Nordeste,pv_solar,Nordeste,Solar,2029,5.425972577429837e-06,0.03472622449555096,0.0,7.838826901779148e-07,0.1580307555092901,0.031018238050340093,41.2414944716102,0.7901734150081772,,
T_Nordeste,T_Nordeste,pv_solar,Nordeste,Solar,2030,5.37187509823142e-06,0.03438000062868109,0.0,7.843577510715201e-07,0.15812652778857378,0.03103703620990005,41.613693643166066,0.7818214967620606,,
T_Nordeste,T_Nordeste,pv_solar,Nordeste,Solar,2031,5.248500726037285e-06,0.033590404646638636,0.0,7.848880254172903e-07,0.158233431100178,0.031058019165762177,42.46581386697431,0.7633495468081176,,
T_Nordeste,T_Nordeste,pv_solar,Nordeste,Solar,2032,5.13252782386193e-06,0.03284817807271635,0.0,7.855074748296979e-07,0.15835831210580442,0.031082530779011148,43.30985210135156,0.7458936057241107,,
T_Nordeste,T_Nordeste,pv_solar,Nordeste,Solar,2033,4.651788036007724e-06,0.029771443430449435,0.0,7.863274486748905e-07,0.15852361883840266,0.031114977144065414,47.166817944959604,0.6753242970248713,,
T_Nordeste,T_Nordeste,pv_solar,Nordeste,Solar,2034,5.1332910108328475e-06,0.03285306246933023,0.0,7.874919529872436e-07,0.15875838291545252,0.031161056579705228,43.397598440136825,0.7441245873071034,,
T_Nordeste,T_Nordeste,pv_solar,Nordeste,Solar,2035,4.8623923999788045e-06,0.031119311359864347,0.0,7.905885709003317e-07,0.15938266110715216,0.03128358975052612,45.61243601370169,0.7020941688244227,,
T_Oriental,T_Oriental,pv_solar,Oriental,Solar,2024,1342.032000096875,8589004.80062,0.0,153.2000000172161,30885121.013769288,6062124.000681241,33.930822671727256,0.9999999999598085,,
T_Oriental,T_Oriental,pv_solar,Oriental,Solar,2025,1342.0319999852472,8589004.799905583,0.0,153.20000001789728,30885121.013906613,6062124.000708195,33.930822674139634,0.9999999998721839,,
T_Oriental,T_Oriental,pv_solar,Oriental,Solar,2026,970.5680089953864,6211635.2575704735,0.0,153.20000001815535,30885121.013958637,6062124.000718406,44.467651800022054,0.7232077989797312,,
T_Oriental,T_Oriental,pv_solar,Oriental,Solar,2027,1115.9770373329802,7142253.0389310755,0.0,153.2000000185714,30885121.014042508,6062124.000734868,39.50753158781458,0.8315576954928777,,
T_Oriental,T_Oriental,pv_solar,Oriental,Solar,2028,1156.9775354502378,7404656.226881523,0.0,153.20000001910628,30885121.01415034,6062124.000756034,38.33428038386964,0.8621087539685682,,
T_Oriental,T_Oriental,pv_solar,Oriental,Solar,2029,1213.155137010296,7764192.876865894,0.0,153.2000000199678,30885121.01432402,6062124.000790124,36.85549896130109,0.9039688597978105,,
T_Oriental,T_Oriental,pv_solar,Oriental,Solar,2030,1323.9423710208548,8473231.174533471,0.0,153.2000000232819,30885121.014992137,6062124.0009212615,34.306988872502366,0.9865207169573113,,
T_Oriental,T_Oriental,pv_solar,Oriental,Solar,2031,1181.257144618255,7560045.725556834,0.0,153.2000001045327,30885121.0313723,6062124.004136356,37.677901855525995,0.8802004302522217,,
T_Oriental,T_Oriental,pv_solar,Oriental,Solar,2032,1151.7044642989247,7370908.571513119,0.0,153.20000010692445,30885121.031854477,6062124.0042309975,38.48049129042519,0.8581795840152124,,
T_Oriental,T_Oriental,pv_solar,Oriental,Solar,2033,1054.453714666072,6748503.773862862,0.0,153.2000001077332,30885121.032017518,6062124.004262999,41.43922886551838,0.7857142854451754,,
T_Oriental,T_Oriental,pv_solar,Oriental,Solar,2034,1221.8070439023784,7819565.080975222,0.0,153.2000001088649,30885121.03224567,6062124.00430778,36.63983633172237,0.9104157300527513,,
T_Oriental,T_Oriental,pv_solar,Oriental,Solar,2035,1274.6871142938535,8157997.531480664,0.0,153.20000011257835,30885121.032994296,6062124.004454721,35.385344421495084,0.9498187177035682,,
T_Surocciden,T_Surocciden,pv_solar,Surocciden,Solar,2024,9.647788007745071e-05,0.6174584324956847,0.0,1.1020405219381166e-05,2.221713764902825,0.43607743453091274,33.94819236596109,0.9993694796700419,,
T_Surocciden,T_Surocciden,pv_solar,Surocciden,Solar,2025,9.636305830980677e-05,0.6167235731827634,0.0,1.102078941171498e-05,2.221791218079855,0.43609263702156176,33.98197904591543,0.9981452971445771,,
T_Surocciden,T_Surocciden,pv_solar,Surocciden,Solar,2026,5.906825661048616e-05,0.37803684230711154,0.0,1.1021003925642885e-05,2.2218344640891354,0.436101125337689,51.39769828918518,0.6118273537835058,,
T_Surocciden,T_Surocciden,pv_solar,Surocciden,Solar,2027,7.880879683056907e-05,0.504376299715642,0.0,1.1021318424751043e-05,2.221897867111414,0.4361135700673988,40.12734445994992,0.8162760250310449,,
T_Surocciden,T_Surocciden,pv_solar,Surocciden,Solar,2028,7.358874441721881e-05,0.47096796427020043,0.0,1.102171327730785e-05,2.2219774693894703,0.4361291943830717,42.5211036391943,0.7621811045869484,,
T_Surocciden,T_Surocciden,pv_solar,Surocciden,Solar,2029,7.876108736053386e-05,0.5040709591074167,0.0,1.102229180063217e-05,2.222094099695468,0.436152086551015,40.15075529465703,0.8157098242770011,,
T_Surocciden,T_Surocciden,pv_solar,Surocciden,Solar,2030,7.884722685872282e-05,0.5046222518958261,0.0,1.1023635517865507e-05,2.22236499309857,0.4362052574419381,40.11799309193322,0.8165024115034679,,
T_Surocciden,T_Surocciden,pv_solar,Surocciden,Solar,2031,7.88395609824314e-05,0.5045731902875611,0.0,1.1027305969459797e-05,2.223104956164184,0.4363504972115242,40.13249952480508,0.8161512801734735,,
T_Surocciden,T_Surocciden,pv_solar,Surocciden,Solar,2032,7.724920386145704e-05,0.49439490471332515,0.0,1.1028260149143554e-05,2.223297318794722,0.4363882541016104,40.82994153915629,0.7996186295962964,,
T_Surocciden,T_Surocciden,pv_solar,Surocciden,Solar,2033,7.5184938052064e-05,0.48118360353320966,0.0,1.1028863561338276e-05,2.223418966697157,0.4364121311221556,41.777180147138445,0.7782085105742277,,
T_Surocciden,T_Surocciden,pv_solar,Surocciden,Solar,2034,8.685169408104734e-05,0.5558508421187032,0.0,1.1029687332340338e-05,2.223585038936605,0.4364447277407072,37.02726403695769,0.8988991846414852,,
T_Surocciden,T_Surocciden,pv_solar,Surocciden,Solar,2035,7.883356800997103e-05,0.5045348352638147,0.0,1.1031785546751233e-05,2.2240080389756787,0.4365277540849463,40.14876794519963,0.8157578586372274,,
T_TermYopal1,T_TermYopal1,Thermal,Nordeste,CARBON,2023,7.244738010338336e-07,0.0060791379272062025,0.0009130467244680298,8.0,1005120.0328789803,1145760.0,2968885880.8817983,1.033781108781155e-08,,
T_TermYopal1,T_TermYopal1,Thermal,Nordeste,CARBON,2024,2.5028601848206478,21001.77018730724,3154.328410897522,8.0,1005120.0328789803,1145760.0,867.7599397035125,0.03571432912129919,,
T_TermYopal1,T_TermYopal1,Thermal,Nordeste,CARBON,2025,25.028571866160178,210017.45029048304,31543.24632291708,8.0,1005120.0328789803,1145760.0,94.32809413954253,0.35714286338698875,,
T_TermYopal1,T_TermYopal1,Thermal,Nordeste,CARBON,2026,5.0057146509977635,42003.49238885883,6308.649614648646,8.0,1005120.0328789803,1145760.0,438.0760147466142,0.07142857664094981,,
T_TermYopal1,T_TermYopal1,Thermal,Nordeste,CARBON,2027,5.005714955635422,42003.494945106344,6308.649998580288,8.0,1005120.0328789803,1145760.0,438.07598859686243,0.07142858098794835,,
T_TermYopal1,T_TermYopal1,Thermal,Nordeste,CARBON,2028,15.017143004347488,126010.46920638712,18925.947648377594,8.0,1005120.0328789803,1145760.0,151.6194193147261,0.21428571638623695,,
T_TermYopal1,T_TermYopal1,Thermal,Nordeste,CARBON,2029,2.5028583722374194,21001.754977725566,3154.3261265179117,8.0,1005120.0328789803,1145760.0,867.760562062951,0.035714303256812484,,
T_TermYopal1,T_TermYopal1,Thermal,Nordeste,CARBON,2030,25.028569786305564,210017.43283819832,31543.243701698146,8.0,1005120.0328789803,1145760.0,94.32810128083901,0.35714283370869804,,
T_TermYopal1,T_TermYopal1,Thermal,Nordeste,CARBON,2031,20.022857632839926,168013.96140640133,25234.597234663015,8.0,1005120.0328789803,1145760.0,115.81233991706124,0.2857142927060491,,
T_TermYopal1,T_TermYopal1,Thermal,Nordeste,CARBON,2032,20.022858151334706,168013.965757147,25234.597888116543,8.0,1005120.0328789803,1145760.0,115.81233713537304,0.2857143001046618,,
T_TermYopal1,T_TermYopal1,Thermal,Nordeste,CARBON,2033,17.520000129447837,147012.21371925084,22080.27220314175,8.0,1005120.0328789803,1145760.0,131.15823228425123,0.2500000018471437,,
T_TermYopal1,T_TermYopal1,Thermal,Nordeste,CARBON,2034,15.017143106619113,126010.47006455937,18925.947777269448,8.0,1005120.0328789803,1145760.0,151.61941833929475,0.2142857178455923,,
T_TermYopal1,T_TermYopal1,Thermal,Nordeste,CARBON,2035,17.519998948937936,147012.20381346467,22080.270715357517,8.0,1005120.0328789803,1145760.0,131.15824055638674,0.2499999850019682,,
TermoCaribe3,TermoCaribe3,Thermal,Caribe,GASIMPOR,2024,1.4861877435237387e-07,0.0012483977045599404,7.538286058333412e-05,52.0,6116760.200088379,7447440.0,91268416527.08136,3.2626179827971075e-10,,
TermoCaribe3,TermoCaribe3,Thermal,Caribe,GASIMPOR,2025,1.5980955735937324e-07,0.0013424002818187356,8.105908311249337e-05,52.0,6116760.200088379,7447440.0,84877277839.69864,3.508288491380691e-10,,
TermoCaribe3,TermoCaribe3,Thermal,Caribe,GASIMPOR,2026,1.4591337431352488e-07,0.0012256723442336092,7.401061945942903e-05,52.0,6116760.200088379,7447440.0,92960636851.34564,3.203226517244574e-10,,
TermoCaribe3,TermoCaribe3,Thermal,Caribe,GASIMPOR,2027,1.444229819033352e-07,0.0012131530479880157,7.325465814995538e-05,52.0,6116760.200088379,7447440.0,93919956661.60864,3.1705080326513696e-10,,
TermoCaribe3,TermoCaribe3,Thermal,Caribe,GASIMPOR,2028,1.265309520182951e-07,0.001062859996953679,6.41794090755757e-05,52.0,6116760.200088379,7447440.0,107200649207.0809,2.777725500928501e-10,,
TermoCaribe3,TermoCaribe3,Thermal,Caribe,GASIMPOR,2029,1.3606058416266576e-07,0.0011429089069663926,6.901305768073981e-05,52.0,6116760.200088379,7447440.0,99692356053.7911,2.9869288760683557e-10,,
TermoCaribe3,TermoCaribe3,Thermal,Caribe,GASIMPOR,2030,1.5384551450145277e-07,0.0012923023218122031,7.803398340197036e-05,52.0,6116760.200088379,7447440.0,88167667710.92696,3.377360258637441e-10,,
TermoCaribe3,TermoCaribe3,Thermal,Caribe,GASIMPOR,2031,1.5189325782613154e-07,0.0012759033657395052,7.704375391434392e-05,52.0,6116760.200088379,7447440.0,89300870858.21074,3.334502498817429e-10,,
TermoCaribe3,TermoCaribe3,Thermal,Caribe,GASIMPOR,2032,1.549837198689169e-07,0.0013018632468989023,7.861130734307164e-05,52.0,6116760.200088379,7447440.0,87520161555.43727,3.402347204709275e-10,,
TermoCaribe3,TermoCaribe3,Thermal,Caribe,GASIMPOR,2033,1.4905736257453914e-07,0.001252081845626129,7.560532261714546e-05,52.0,6116760.200088379,7447440.0,90999867212.58003,3.272246280614224e-10,,
TermoCaribe3,TermoCaribe3,Thermal,Caribe,GASIMPOR,2034,1.350072257701607e-07,0.00113406069646935,6.847877007681821e-05,52.0,6116760.200088379,7447440.0,100470179457.76054,2.963804569945571e-10,,
TermoCaribe3,TermoCaribe3,Thermal,Caribe,GASIMPOR,2035,1.5335285548273754e-07,0.0012881639860549956,7.778409541652059e-05,52.0,6116760.200088379,7447440.0,88450913800.5808,3.3665449482511746e-10,,
URRA,URRA,Hidro,Caribe,Water,2023,1285.2926507549037,1786556.7845493157,0.0,338.0,93784863.0678432,14797640.0,85.87076241941348,0.4340914359092241,,
URRA,URRA,Hidro,Caribe,Water,2024,1285.2926507549687,1786556.7845494063,0.0,338.0,93784863.0678432,14797640.0,85.8707624194092,0.43409143590924604,,
URRA,URRA,Hidro,Caribe,Water,2025,1285.2926507549284,1786556.7845493504,0.0,338.0,93784863.0678432,14797640.0,85.87076241941186,0.43409143590923244,,
URRA,URRA,Hidro,Caribe,Water,2026,1285.29265075415,1786556.7845482684,0.0,338.0,93784863.0678432,14797640.0,85.87076241946302,0.43409143590896954,,
URRA,URRA,Hidro,Caribe,Water,2027,1285.2926507532366,1786556.784546999,0.0,338.0,93784863.0678432,14797640.0,85.87076241952306,0.434091435908661,,
URRA,URRA,Hidro,Caribe,Water,2028,1285.292650362061,1786556.7840032643,0.0,338.0,93784863.0678432,14797640.0,85.87076244523455,0.4340914357765464,,
URRA,URRA,Hidro,Caribe,Water,2029,1285.2926507421707,1786556.7845316168,0.0,338.0,93784863.0678432,14797640.0,85.87076242025041,0.43409143590492366,,
URRA,URRA,Hidro,Caribe,Water,2030,1285.2926507430664,1786556.784532862,0.0,338.0,93784863.0678432,14797640.0,85.87076242019153,0.4340914359052262,,
URRA,URRA,Hidro,Caribe,Water,2031,1285.292650740748,1786556.7845296396,0.0,338.0,93784863.0678432,14797640.0,85.87076242034391,0.43409143590444316,,
URRA,URRA,Hidro,Caribe,Water,2032,1285.2926507383336,1786556.7845262836,0.0,338.0,93784863.0678432,14797640.0,85.87076242050261,0.4340914359036278,,
URRA,URRA,Hidro,Caribe,Water,2033,1285.2926505191253,1786556.7842215842,0.0,338.0,93784863.0678432,14797640.0,85.87076243491092,0.4340914358295929,,
URRA,URRA,Hidro,Caribe,Water,2034,1285.292647874135,1786556.7805450475,0.0,338.0,93784863.0678432,14797640.0,85.870762608763,0.4340914349362806,,
URRA,URRA,Hidro,Caribe,Water,2035,1285.2926507239376,1786556.784506273,0.0,338.0,93784863.0678432,14797640.0,85.87076242144884,0.43409143589876575,,
ZIPAEMG2,ZIPAEMG2,Thermal,Oriental,CARBON,2023,67.57714430741187,567047.1180396611,71897.30383898369,36.0,4600800.150499057,5155920.0,152.7701025893514,0.2142857188844871,,
ZIPAEMG2,ZIPAEMG2,Thermal,Oriental,CARBON,2024,180.20571235923896,1512125.599488863,191726.13740636644,36.0,4600800.150499057,5155920.0,62.53323272862487,0.5714285653197582,,
ZIPAEMG2,ZIPAEMG2,Thermal,Oriental,CARBON,2025,315.3599979905076,2646219.810532853,335520.74191004224,36.0,4600800.150499057,5155920.0,39.32946486575396,0.9999999936279413,,
ZIPAEMG2,ZIPAEMG2,Thermal,Oriental,CARBON,2026,45.05142576485502,378031.3803632696,47931.53187800417,36.0,4600800.150499057,5155920.0,224.95961800988167,0.14285713395755648,,
ZIPAEMG2,ZIPAEMG2,Thermal,Oriental,CARBON,2027,112.62856621741903,945078.4660564859,119828.83161570228,36.0,4600800.150499057,5155920.0,95.01851063163417,0.35714284061840124,,
ZIPAEMG2,ZIPAEMG2,Thermal,Oriental,CARBON,2028,69.6047204103183,584060.7281521125,74054.50146284566,36.0,4600800.150499057,5155920.0,148.56436198137848,0.2207151205299286,,
ZIPAEMG2,ZIPAEMG2,Thermal,Oriental,CARBON,2029,90.10285581128197,756062.7966536718,95863.06831129816,36.0,4600800.150499057,5155920.0,116.67535787291217,0.2857142814918885,,
ZIPAEMG2,ZIPAEMG2,Thermal,Oriental,CARBON,2030,112.62857140370546,945078.5095751757,119828.83713354437,36.0,4600800.150499057,5155920.0,95.01850664264168,0.3571428570640076,,
ZIPAEMG2,ZIPAEMG2,Thermal,Oriental,CARBON,2031,112.62856927128348,945078.4916817924,119828.83486479815,36.0,4600800.150499057,5155920.0,95.01850828277769,0.3571428503021419,,
ZIPAEMG2,ZIPAEMG2,Thermal,Oriental,CARBON,2032,112.62857097699161,945078.5059945736,119828.83667955102,36.0,4600800.150499057,5155920.0,95.01850697084538,0.35714285571090687,,
ZIPAEMG2,ZIPAEMG2,Thermal,Oriental,CARBON,2033,100.97545333506432,847295.937009822,107430.74338395763,36.0,4600800.150499057,5155920.0,105.01578093758924,0.3201910620721217,,
ZIPAEMG2,ZIPAEMG2,Thermal,Oriental,CARBON,2034,78.84000072806228,661554.9629579295,83880.1867866068,36.0,4600800.150499057,5155920.0,132.1445334506283,0.2500000023086703,,
ZIPAEMG2,ZIPAEMG2,Thermal,Oriental,CARBON,2035,101.3657127725389,850570.6461082277,107845.95183408837,36.0,4600800.150499057,5155920.0,104.64377457108867,0.3214285666303237,,
ZIPAEMG3,ZIPAEMG3,Thermal,Oriental,CARBON,2023,16.01485762472043,134382.4003660537,17429.341097680135,63.0,8057070.263558825,9022860.0,1074.8963910458358,0.02901873165311377,,
ZIPAEMG3,ZIPAEMG3,Thermal,Oriental,CARBON,2024,197.10000164993426,1653887.4059664765,214508.50451566174,63.0,8057070.263558825,9022860.0,95.0472730223417,0.35714286013251834,,
ZIPAEMG3,ZIPAEMG3,Thermal,Oriental,CARBON,2025,433.62000874916043,3638552.3360828906,471918.71550591424,63.0,8057070.263558825,9022860.0,47.780273468946156,0.7857143015676603,,
ZIPAEMG3,ZIPAEMG3,Thermal,Oriental,CARBON,2026,44.83469247896669,376212.74794833385,48794.635989724964,63.0,8057070.263558825,9022860.0,389.3445465182205,0.0812399298379479,,
ZIPAEMG3,ZIPAEMG3,Thermal,Oriental,CARBON,2027,69.74886174982248,585270.2337030487,75909.30441592442,63.0,8057070.263558825,9022860.0,253.2686563491745,0.12638410841092712,,
ZIPAEMG3,ZIPAEMG3,Thermal,Oriental,CARBON,2028,118.26000224253117,992332.4540903416,128705.10407259873,63.0,8057070.263558825,9022860.0,152.81804815618068,0.21428571834915408,,
ZIPAEMG3,ZIPAEMG3,Thermal,Oriental,CARBON,2029,137.97001399670856,1157721.2919330837,150155.96713694267,63.0,8057070.263558825,9022860.0,132.18561792656618,0.2500000253618695,,
ZIPAEMG3,ZIPAEMG3,Thermal,Oriental,CARBON,2030,197.09999986925462,1653887.3910246016,214508.50257770682,63.0,8057070.263558825,9022860.0,95.04727380522789,0.357142856905948,,
ZIPAEMG3,ZIPAEMG3,Thermal,Oriental,CARBON,2031,177.39001394748692,1488498.7699443994,193057.6676273736,63.0,8057070.263558825,9022860.0,104.67572903511959,0.32142859670125185,,
ZIPAEMG3,ZIPAEMG3,Thermal,Oriental,CARBON,2032,197.09999935818325,1653887.3867361464,214508.50202149595,63.0,8057070.263558825,9022860.0,95.0472740299234,0.35714285597989276,,
ZIPAEMG3,ZIPAEMG3,Thermal,Oriental,CARBON,2033,137.9700170860596,1157721.317856162,150155.97049915505,63.0,8057070.263558825,9022860.0,132.18561515462554,0.2500000309597369,,
ZIPAEMG3,ZIPAEMG3,Thermal,Oriental,CARBON,2034,137.97000042461477,1157721.178048178,150155.9523661181,63.0,8057070.263558825,9022860.0,132.18563010421855,0.2500000007693968,,
ZIPAEMG3,ZIPAEMG3,Thermal,Oriental,CARBON,2035,171.94665140426034,1442822.92681406,187133.52988556912,63.0,8057070.263558825,9022860.0,107.7238378247007,0.3115652884762273,,
ZIPAEMG4,ZIPAEMG4,Thermal,Oriental,CARBON,2023,9.103351884112931e-07,0.007638720906738559,0.0011005867766720012,64.0,8190720.267930715,9166080.0,19066384005.061184,1.6237428446263073e-09,,
ZIPAEMG4,ZIPAEMG4,Thermal,Oriental,CARBON,2024,80.09142690008449,672055.8151551826,96829.790271932,64.0,8190720.267930715,9166080.0,225.10344466177668,0.14285713987600682,,
ZIPAEMG4,ZIPAEMG4,Thermal,Oriental,CARBON,2025,302.64817486834374,2539553.529494659,365898.82878780126,64.0,8190720.267930715,9166080.0,65.7408682741291,0.5398262251504418,,
ZIPAEMG4,ZIPAEMG4,Thermal,Oriental,CARBON,2026,40.04571493132174,336027.9200071675,48414.89692681912,64.0,8190720.267930715,9166080.0,441.81576526429916,0.0714285725801258,,
ZIPAEMG4,ZIPAEMG4,Thermal,Oriental,CARBON,2027,40.0457157732397,336027.9270717921,48414.8979446901,64.0,8190720.267930715,9166080.0,441.81575615201336,0.0714285740818345,,
ZIPAEMG4,ZIPAEMG4,Thermal,Oriental,CARBON,2028,120.13714337091372,1008083.7480805242,145244.68906000134,64.0,8190720.267930715,9166080.0,152.8659954841039,0.2142857152021149,,
ZIPAEMG4,ZIPAEMG4,Thermal,Oriental,CARBON,2029,121.11243229966152,1016267.5028391838,146423.80430467037,64.0,8190720.267930715,9166080.0,151.70257439228433,0.2160253144614396,,
ZIPAEMG4,ZIPAEMG4,Thermal,Oriental,CARBON,2030,200.22857069846634,1680139.566822638,242074.47984873835,64.0,8190720.267930715,9166080.0,95.07604118805791,0.3571428558405863,,
ZIPAEMG4,ZIPAEMG4,Thermal,Oriental,CARBON,2031,160.9326106532875,1350402.9210588664,194566.02960654552,64.0,8190720.267930715,9166080.0,116.24246392977679,0.28705160290612064,,
ZIPAEMG4,ZIPAEMG4,Thermal,Oriental,CARBON,2032,174.76551091104585,1466476.2814484327,211289.877372203,64.0,8190720.267930715,9166080.0,107.70589947212201,0.3117250123270652,,
ZIPAEMG4,ZIPAEMG4,Thermal,Oriental,CARBON,2033,140.16000092102328,1176097.7087927263,169452.13762550865,64.0,8190720.267930715,9166080.0,132.22672556321027,0.2500000016428069,,
ZIPAEMG4,ZIPAEMG4,Thermal,Oriental,CARBON,2034,125.17359518017226,1050345.1592847921,151333.7124583931,64.0,8190720.267930715,9166080.0,147.05294196208592,0.22326911240755606,,
ZIPAEMG4,ZIPAEMG4,Thermal,Oriental,CARBON,2035,159.31162049079273,1336801.0174946685,192606.26757529785,64.0,8190720.267930715,9166080.0,117.33984770122757,0.284160281982721,,
ZIPAEMG5,ZIPAEMG5,Thermal,Oriental,CARBON,2023,118.25999478721508,992332.3915319785,128324.55894757892,63.0,8068410.263929772,9022860.0,152.913947679429,0.21428570484020992,,
ZIPAEMG5,ZIPAEMG5,Thermal,Oriental,CARBON,2024,197.10000208057056,1653887.4095799925,213874.27659763835,63.0,8068410.263929772,9022860.0,95.10480708085998,0.3571428609128262,,
ZIPAEMG5,ZIPAEMG5,Thermal,Oriental,CARBON,2025,550.2165451117203,4616926.468275163,597042.9442700712,63.0,8068410.263929772,9022860.0,39.45391487236563,0.9969858395153298,,
ZIPAEMG5,ZIPAEMG5,Thermal,Oriental,CARBON,2026,78.19846826200033,656171.7947323758,84853.58018282519,63.0,8068410.263929772,9022860.0,226.95383238454457,0.14169469497354553,,
ZIPAEMG5,ZIPAEMG5,Thermal,Oriental,CARBON,2027,78.83999180448444,661554.8880792236,85549.70084300182,63.0,8068410.263929772,9022860.0,225.17538048499912,0.14285712800696604,,
ZIPAEMG5,ZIPAEMG5,Thermal,Oriental,CARBON,2028,118.26000249521357,992332.4562106265,128324.5673115697,63.0,8068410.263929772,9022860.0,152.91393825966063,0.21428571880701158,,
ZIPAEMG5,ZIPAEMG5,Thermal,Oriental,CARBON,2029,156.33775836656852,1311847.0191528995,169642.94582745867,63.0,8068410.263929772,9022860.0,117.71383621819936,0.2832821598292536,,
ZIPAEMG5,ZIPAEMG5,Thermal,Oriental,CARBON,2030,197.09999988236981,1653887.3911346528,213874.27421235887,63.0,8068410.263929772,9022860.0,95.10480804795343,0.3571428569297126,,
ZIPAEMG5,ZIPAEMG5,Thermal,Oriental,CARBON,2031,193.24130754504307,1621508.6868891867,209687.186320187,63.0,8068410.263929772,9022860.0,96.83632960544502,0.350150952281371,,
ZIPAEMG5,ZIPAEMG5,Thermal,Oriental,CARBON,2032,197.09999938534207,1653887.386964039,213874.27367303136,63.0,8068410.263929772,9022860.0,95.10480826661967,0.35714285602910417,,
ZIPAEMG5,ZIPAEMG5,Thermal,Oriental,CARBON,2033,139.4899417161399,1170475.1696200636,151361.28900186866,63.0,8068410.263929772,9022860.0,130.91800891789197,0.2527541163226424,,
ZIPAEMG5,ZIPAEMG5,Thermal,Oriental,CARBON,2034,137.97000045987878,1157721.1783440826,149711.99253701695,63.0,8068410.263929772,9022860.0,132.26782185581425,0.2500000008332948,,
ZIPAEMG5,ZIPAEMG5,Thermal,Oriental,CARBON,2035,177.38998483609424,1488498.525667559,192486.830451564,63.0,8068410.263929772,9022860.0,104.73967178454164,0.3214285439517544,,
