TRANS_TIMEPOINTS_1,TRANS_TIMEPOINTS_2,TRANS_TIMEPOINTS_3,DispatchTx
Antioquia,Caribe,1,1100.8085695678137
Antioquia,Caribe,2,1100.8085690860373
Antioquia,Caribe,3,1100.8085690834105
Antioquia,Caribe,4,1100.808569082545
Antioquia,Caribe,5,1100.8085690830708
Antioquia,Caribe,6,1100.8085690831203
Antioquia,Caribe,7,1100.808569083942
Antioquia,Caribe,8,1100.808569084703
Antioquia,Caribe,9,1100.808569085127
Antioquia,Caribe,10,1100.8085695683164
Antioquia,Caribe,11,1100.8085695683271
Antioquia,Caribe,12,1100.808569568376
Antioquia,Caribe,13,1100.808569568432
Antioquia,Caribe,14,1100.8085695666996
Antioquia,Caribe,15,1100.8085695678747
Antioquia,Caribe,16,1100.808569568636
Antioquia,Caribe,17,1100.808569568676
Antioquia,Caribe,18,1100.8085695686023
Antioquia,Caribe,19,1100.8085695687453
Antioquia,Caribe,20,1100.8085695869263
Antioquia,Caribe,21,1100.8085695846705
Antioquia,Caribe,22,1100.8085695873774
Antioquia,Caribe,23,1100.8085695677114
Antioquia,Caribe,24,1100.808569570038
Antioquia,Caribe,25,1100.808567900123
Antioquia,Caribe,26,1100.808567897557
Antioquia,Caribe,27,1100.808567894805
Antioquia,Caribe,28,1100.8085678398324
Antioquia,Caribe,29,1100.8085678367672
Antioquia,Caribe,30,1100.8085678356456
Antioquia,Caribe,31,1100.8085678323832
Antioquia,Caribe,32,1100.8085677150152
Antioquia,Caribe,33,1100.8085677145525
Antioquia,Caribe,34,1100.8085677181052
Antioquia,Caribe,35,1100.8085678327398
Antioquia,Caribe,36,1100.8085678363457
Antioquia,Caribe,37,1100.808567893217
Antioquia,Caribe,38,1100.8085678957204
Antioquia,Caribe,39,1100.8085678973648
Antioquia,Caribe,40,1100.8085678989369
Antioquia,Caribe,41,1100.8085679015396
Antioquia,Caribe,42,1100.808567905362
Antioquia,Caribe,43,1100.80856791163
Antioquia,Caribe,44,1100.808569007539
Antioquia,Caribe,45,1100.8085690079504
Antioquia,Caribe,46,1100.8085690072367
Antioquia,Caribe,47,1100.8085690073463
Antioquia,Caribe,48,1100.8085690044322
Antioquia,Caribe,49,1100.8085694992606
Antioquia,Caribe,50,1100.8085690872122
Antioquia,Caribe,51,1100.8085690866133
Antioquia,Caribe,52,1100.808569085752
Antioquia,Caribe,53,1100.808569085032
Antioquia,Caribe,54,1100.8085690882103
Antioquia,Caribe,55,1100.808569087392
Antioquia,Caribe,56,1100.8085690874498
Antioquia,Caribe,57,1100.8085690867767
Antioquia,Caribe,58,1100.808569499822
Antioquia,Caribe,59,1100.8085694991
Antioquia,Caribe,60,1100.8085695008988
Antioquia,Caribe,61,1100.8085694997424
Antioquia,Caribe,62,1100.8085694998529
Antioquia,Caribe,63,1100.808569500429
Antioquia,Caribe,64,1100.8085695005327
Antioquia,Caribe,65,1100.808569500545
Antioquia,Caribe,66,1100.8085695012103
Antioquia,Caribe,67,1100.808569502887
Antioquia,Caribe,68,1100.8085695392917
Antioquia,Caribe,69,1100.8085695381903
Antioquia,Caribe,70,1100.8085695380792
Antioquia,Caribe,71,1100.808569499723
Antioquia,Caribe,72,1100.808569500362
Antioquia,Caribe,73,1100.8085660565
Antioquia,Caribe,74,1100.8085660555062
Antioquia,Caribe,75,1100.8085660492645
Antioquia,Caribe,76,1100.8085658224727
Antioquia,Caribe,77,1100.8085658102405
Antioquia,Caribe,78,1100.8085658076752
Antioquia,Caribe,79,1100.808565799368
Antioquia,Caribe,80,1100.8085657501522
Antioquia,Caribe,81,1100.8085657524982
Antioquia,Caribe,82,1100.8085657966783
Antioquia,Caribe,83,1100.808565808981
Antioquia,Caribe,84,1100.80856604112
Antioquia,Caribe,85,1100.8085660498355
Antioquia,Caribe,86,1100.8085660534507
Antioquia,Caribe,87,1100.8085660568836
Antioquia,Caribe,88,1100.808566058683
Antioquia,Caribe,89,1100.8085660630447
Antioquia,Caribe,90,1100.8085660689412
Antioquia,Caribe,91,1100.8085660785093
Antioquia,Caribe,92,1100.8085688357648
Antioquia,Caribe,93,1100.8085688365297
Antioquia,Caribe,94,1100.8085688364258
Antioquia,Caribe,95,1100.8085688358385
Antioquia,Caribe,96,1100.8085688312283
Antioquia,Caribe,97,1100.8085694937513
Antioquia,Caribe,98,1100.8085690888543
Antioquia,Caribe,99,1100.8085690873606
Antioquia,Caribe,100,1100.8085690881917
Antioquia,Caribe,101,1100.808569085632
Antioquia,Caribe,102,1100.8085690858882
Antioquia,Caribe,103,1100.808569088088
Antioquia,Caribe,104,1100.8085690883727
Antioquia,Caribe,105,1100.8085694931526
Antioquia,Caribe,106,1100.8085694948386
Antioquia,Caribe,107,1100.80856949463
Antioquia,Caribe,108,1100.80856949457
Antioquia,Caribe,109,1100.8085694961685
Antioquia,Caribe,110,1100.8085694975273
Antioquia,Caribe,111,1100.8085694954066
Antioquia,Caribe,112,1100.8085694950594
Antioquia,Caribe,113,1100.8085694971712
Antioquia,Caribe,114,1100.8085694961137
Antioquia,Caribe,115,1100.8085694968092
Antioquia,Caribe,116,1100.8085694950782
Antioquia,Caribe,117,1100.8085694957322
Antioquia,Caribe,118,1100.8085694957463
Antioquia,Caribe,119,1100.808569495155
Antioquia,Caribe,120,1100.8085694956358
Antioquia,Caribe,121,1100.8085670244577
Antioquia,Caribe,122,1100.8085670234916
Antioquia,Caribe,123,1100.808567020727
Antioquia,Caribe,124,1100.808567018532
Antioquia,Caribe,125,1100.8085670161868
Antioquia,Caribe,126,1100.8085670147748
Antioquia,Caribe,127,1100.8085670114451
Antioquia,Caribe,128,1100.8085667666435
Antioquia,Caribe,129,1100.8085669984723
Antioquia,Caribe,130,1100.8085670124917
Antioquia,Caribe,131,1100.8085670156765
Antioquia,Caribe,132,1100.8085670183832
Antioquia,Caribe,133,1100.8085670202754
Antioquia,Caribe,134,1100.8085670220769
Antioquia,Caribe,135,1100.8085670238977
Antioquia,Caribe,136,1100.8085670244805
Antioquia,Caribe,137,1100.8085670255493
Antioquia,Caribe,138,1100.808567029055
Antioquia,Caribe,139,1100.8085671349754
Antioquia,Caribe,140,1100.8085671461256
Antioquia,Caribe,141,1100.8085689138347
Antioquia,Caribe,142,1100.8085689030806
Antioquia,Caribe,143,1100.8085671488905
Antioquia,Caribe,144,1100.808567139156
Antioquia,Caribe,145,1100.808569133262
Antioquia,Caribe,146,1100.8085691314043
Antioquia,Caribe,147,1100.808569132373
Antioquia,Caribe,148,1100.8085691292736
Antioquia,Caribe,149,1100.8085691304173
Antioquia,Caribe,150,1100.808569130939
Antioquia,Caribe,151,1100.8085691301967
Antioquia,Caribe,152,1100.8085691323972
Antioquia,Caribe,153,1100.808569132045
Antioquia,Caribe,154,1100.80856913245
Antioquia,Caribe,155,1100.8085691317258
Antioquia,Caribe,156,1100.8085691335982
Antioquia,Caribe,157,1100.8085691352662
Antioquia,Caribe,158,1100.8085691368053
Antioquia,Caribe,159,1100.8085691357962
Antioquia,Caribe,160,1100.8085691354468
Antioquia,Caribe,161,1100.8085691359042
Antioquia,Caribe,162,1100.8085691363967
Antioquia,Caribe,163,1100.808569136862
Antioquia,Caribe,164,1100.8085693443754
Antioquia,Caribe,165,1100.8085693451285
Antioquia,Caribe,166,1100.8085691360477
Antioquia,Caribe,167,1100.8085691373033
Antioquia,Caribe,168,1100.808569132348
Antioquia,Caribe,169,1100.8085659997716
Antioquia,Caribe,170,1100.8085659866242
Antioquia,Caribe,171,1100.8085659645926
Antioquia,Caribe,172,1100.8085659576695
Antioquia,Caribe,173,1100.8085659534022
Antioquia,Caribe,174,1100.808565951171
Antioquia,Caribe,175,1100.8085659480994
Antioquia,Caribe,176,1100.8085659405438
Antioquia,Caribe,177,1100.8085659450567
Antioquia,Caribe,178,1100.808565950592
Antioquia,Caribe,179,1100.8085659553901
Antioquia,Caribe,180,1100.808565961471
Antioquia,Caribe,181,1100.8085659719363
Antioquia,Caribe,182,1100.8085659940014
Antioquia,Caribe,183,1100.8085660000363
Antioquia,Caribe,184,1100.808566001188
Antioquia,Caribe,185,1100.8085660027532
Antioquia,Caribe,186,1100.80856600383
Antioquia,Caribe,187,1100.8085660063844
Antioquia,Caribe,188,1100.8085684251082
Antioquia,Caribe,189,1100.8085684255816
Antioquia,Caribe,190,1100.808568425334
Antioquia,Caribe,191,1100.808568423349
Antioquia,Caribe,192,1100.8085660075842
Antioquia,Caribe,385,1229.4646526332428
Antioquia,Caribe,386,1229.4646526318622
Antioquia,Caribe,387,1229.4646526308236
Antioquia,Caribe,388,1229.4646526307852
Antioquia,Caribe,389,1229.4646526327012
Antioquia,Caribe,390,1229.4646526302981
Antioquia,Caribe,391,1229.4646526331856
Antioquia,Caribe,392,1229.4646526300617
Antioquia,Caribe,393,1229.4646522948879
Antioquia,Caribe,394,1229.4646522957578
Antioquia,Caribe,395,1229.4646523005476
Antioquia,Caribe,396,1229.4646522963048
Antioquia,Caribe,397,1229.4646522976125
Antioquia,Caribe,398,1229.4646526296917
Antioquia,Caribe,399,1229.4646526304557
Antioquia,Caribe,400,1229.4646526323615
Antioquia,Caribe,401,1229.4646526345707
Antioquia,Caribe,402,1229.4646526344961
Antioquia,Caribe,403,1229.4646526368647
Antioquia,Caribe,404,1229.4646526363808
Antioquia,Caribe,405,1229.4646526375152
Antioquia,Caribe,406,1229.464652637063
Antioquia,Caribe,407,1229.4646526410868
Antioquia,Caribe,408,1229.4646526355727
Antioquia,Caribe,409,1229.4646518698655
Antioquia,Caribe,410,1229.464651867602
Antioquia,Caribe,411,1229.4646518390305
Antioquia,Caribe,412,1229.4646518375155
Antioquia,Caribe,413,1229.4646517798055
Antioquia,Caribe,414,1229.4646518381865
Antioquia,Caribe,415,1229.4646518380462
Antioquia,Caribe,416,1229.4646517763779
Antioquia,Caribe,417,1229.4646517600997
Antioquia,Caribe,418,1229.4646510503442
Antioquia,Caribe,419,1229.4646510446785
Antioquia,Caribe,420,1229.4646510456294
Antioquia,Caribe,421,1229.464651756838
Antioquia,Caribe,422,1229.4646517633234
Antioquia,Caribe,423,1229.464651838068
Antioquia,Caribe,424,1229.4646518690688
Antioquia,Caribe,425,1229.4646521832628
Antioquia,Caribe,426,1229.4646521828226
Antioquia,Caribe,427,1229.4646521828454
Antioquia,Caribe,428,1229.4646521841523
Antioquia,Caribe,429,1229.464652184373
Antioquia,Caribe,430,1229.4646521829984
Antioquia,Caribe,431,1229.4646521836714
Antioquia,Caribe,432,1229.4646521820314
Antioquia,Caribe,433,1229.4646526205888
Antioquia,Caribe,434,1229.4646526148633
Antioquia,Caribe,435,1229.4646526146903
Antioquia,Caribe,436,1229.4646526091517
Antioquia,Caribe,437,1229.4646526125798
Antioquia,Caribe,438,1229.4646526165618
Antioquia,Caribe,439,1229.4646526147937
Antioquia,Caribe,440,1229.4646526110912
Antioquia,Caribe,441,1229.4646526137449
Antioquia,Caribe,442,1229.4646526186
Antioquia,Caribe,443,1229.4646523494657
Antioquia,Caribe,444,1229.4646526128822
Antioquia,Caribe,445,1229.4646526122465
Antioquia,Caribe,446,1229.4646526187923
Antioquia,Caribe,447,1229.4646526154706
Antioquia,Caribe,448,1229.4646526155352
Antioquia,Caribe,449,1229.464652625548
Antioquia,Caribe,450,1229.464652625799
Antioquia,Caribe,451,1229.4646526267377
Antioquia,Caribe,452,1229.4646526231109
Antioquia,Caribe,453,1229.4646526252536
Antioquia,Caribe,454,1229.4646526198392
Antioquia,Caribe,455,1229.4646526297681
Antioquia,Caribe,456,1229.464652625203
Antioquia,Caribe,457,1229.4646518687161
Antioquia,Caribe,458,1229.4646518666739
Antioquia,Caribe,459,1229.4646518382349
Antioquia,Caribe,460,1229.4646518370023
Antioquia,Caribe,461,1229.4646518353647
Antioquia,Caribe,462,1229.4646518378463
Antioquia,Caribe,463,1229.4646518392015
Antioquia,Caribe,464,1229.46465177675
Antioquia,Caribe,465,1229.464651774242
Antioquia,Caribe,466,1229.464651761099
Antioquia,Caribe,467,1229.4646517584326
Antioquia,Caribe,468,1229.464651759949
Antioquia,Caribe,469,1229.464651774504
Antioquia,Caribe,470,1229.4646517779975
Antioquia,Caribe,471,1229.4646518651089
Antioquia,Caribe,472,1229.4646521796612
Antioquia,Caribe,473,1229.464652182222
Antioquia,Caribe,474,1229.4646521821194
Antioquia,Caribe,475,1229.4646521823176
Antioquia,Caribe,476,1229.464652182622
Antioquia,Caribe,477,1229.4646521830705
Antioquia,Caribe,478,1229.464652183394
Antioquia,Caribe,479,1229.4646521817624
Antioquia,Caribe,480,1229.4646521816267
Antioquia,Caribe,481,1229.4646526197978
Antioquia,Caribe,482,1229.4646526143224
Antioquia,Caribe,483,1229.4646526135282
Antioquia,Caribe,484,1229.4646526135923
Antioquia,Caribe,485,1229.4646526142492
Antioquia,Caribe,486,1229.4646526143079
Antioquia,Caribe,487,1229.4646526143922
Antioquia,Caribe,488,1229.4646526147733
Antioquia,Caribe,489,1229.4646526145057
Antioquia,Caribe,490,1229.4646526182016
Antioquia,Caribe,491,1229.4646526134761
Antioquia,Caribe,492,1229.4646526138088
Antioquia,Caribe,493,1229.4646526148135
Antioquia,Caribe,494,1229.4646526105807
Antioquia,Caribe,495,1229.4646526151025
Antioquia,Caribe,496,1229.464652615669
Antioquia,Caribe,497,1229.4646526145318
Antioquia,Caribe,498,1229.4646526152135
Antioquia,Caribe,499,1229.4646526170795
Antioquia,Caribe,500,1229.464652621127
Antioquia,Caribe,501,1229.4646526256695
Antioquia,Caribe,502,1229.4646526285867
Antioquia,Caribe,503,1229.4646526242043
Antioquia,Caribe,504,1229.464652617342
Antioquia,Caribe,505,1229.4646518612335
Antioquia,Caribe,506,1229.4646518313712
Antioquia,Caribe,507,1229.4646518306245
Antioquia,Caribe,508,1229.4646518294212
Antioquia,Caribe,509,1229.464651830065
Antioquia,Caribe,510,1229.4646518293432
Antioquia,Caribe,511,1229.4646518297307
Antioquia,Caribe,512,1229.4646518283794
Antioquia,Caribe,513,1229.4646518274205
Antioquia,Caribe,514,1229.4646518258683
Antioquia,Caribe,515,1229.464651766925
Antioquia,Caribe,516,1229.4646518247534
Antioquia,Caribe,517,1229.4646518276395
Antioquia,Caribe,518,1229.4646518290967
Antioquia,Caribe,519,1229.4646518313832
Antioquia,Caribe,520,1229.4646518624031
Antioquia,Caribe,521,1229.4646521790805
Antioquia,Caribe,522,1229.4646521796487
Antioquia,Caribe,523,1229.4646521792945
Antioquia,Caribe,524,1229.4646521789318
Antioquia,Caribe,525,1229.4646521806624
Antioquia,Caribe,526,1229.4646521804239
Antioquia,Caribe,527,1229.4646521785844
Antioquia,Caribe,528,1229.4646518643883
Antioquia,Caribe,529,1229.464652624702
Antioquia,Caribe,530,1229.4646526142844
Antioquia,Caribe,531,1229.4646526138017
Antioquia,Caribe,532,1229.464652613994
Antioquia,Caribe,533,1229.4646526135828
Antioquia,Caribe,534,1229.4646526183265
Antioquia,Caribe,535,1229.4646526158788
Antioquia,Caribe,536,1229.464652617125
Antioquia,Caribe,537,1229.4646526132176
Antioquia,Caribe,538,1229.4646526124588
Antioquia,Caribe,539,1229.4646526078775
Antioquia,Caribe,540,1229.464652610962
Antioquia,Caribe,541,1229.4646526136844
Antioquia,Caribe,542,1229.464652616838
Antioquia,Caribe,543,1229.464652615262
Antioquia,Caribe,544,1229.4646526308468
Antioquia,Caribe,545,1229.4646526242655
Antioquia,Caribe,546,1229.4646526248373
Antioquia,Caribe,547,1229.4646526240288
Antioquia,Caribe,548,1229.4646526243516
Antioquia,Caribe,549,1229.4646526245233
Antioquia,Caribe,550,1229.464652623091
Antioquia,Caribe,551,1229.4646526286876
Antioquia,Caribe,552,1229.4646526256179
Antioquia,Caribe,553,1229.464651186401
Antioquia,Caribe,554,1229.4646511839558
Antioquia,Caribe,555,1229.4646511833164
Antioquia,Caribe,556,1229.4646511821304
Antioquia,Caribe,557,1229.4646511815106
Antioquia,Caribe,558,1229.4646511828018
Antioquia,Caribe,559,1229.4646511831277
Antioquia,Caribe,560,1229.4646511823187
Antioquia,Caribe,561,1229.4646511804244
Antioquia,Caribe,562,1229.4646511810015
Antioquia,Caribe,563,1229.464651180251
Antioquia,Caribe,564,1229.4646511806504
Antioquia,Caribe,565,1229.4646511827348
Antioquia,Caribe,566,1229.4646511829437
Antioquia,Caribe,567,1229.4646511860096
Antioquia,Caribe,568,1229.4646511888823
Antioquia,Caribe,569,1229.4646511912886
Antioquia,Caribe,570,1229.464651193999
Antioquia,Caribe,571,1229.464651192799
Antioquia,Caribe,572,1229.4646517266551
Antioquia,Caribe,573,1229.4646517253436
Antioquia,Caribe,574,1229.4646511972044
Antioquia,Caribe,575,1229.464651192483
Antioquia,Caribe,576,1229.4646511889855
Antioquia,Caribe,1345,1229.4646497546937
Antioquia,Caribe,1346,1229.4646497532287
Antioquia,Caribe,1347,1229.4646497450117
Antioquia,Caribe,1348,1204.634554746189
Antioquia,Caribe,1349,1192.576657747723
Antioquia,Caribe,1350,1202.7293817775746
Antioquia,Caribe,1351,1204.1757994790173
Antioquia,Caribe,1352,1072.6109896008097
Antioquia,Caribe,1353,911.9384015041348
Antioquia,Caribe,1354,821.6279648856579
Antioquia,Caribe,1355,744.3701009485526
Antioquia,Caribe,1356,776.5756825760701
Antioquia,Caribe,1357,875.2749252443188
Antioquia,Caribe,1358,980.4949200261317
Antioquia,Caribe,1359,1162.8968596315897
Antioquia,Caribe,1360,1229.4646497540757
Antioquia,Caribe,1361,1229.4646497611288
Antioquia,Caribe,1362,1229.4646524074053
Antioquia,Caribe,1363,1229.464651590136
Antioquia,Caribe,1364,1229.4646524067664
Antioquia,Caribe,1365,1229.464652406283
Antioquia,Caribe,1366,1229.4646524034147
Antioquia,Caribe,1367,1229.464652408045
Antioquia,Caribe,1368,1229.464649758704
Antioquia,Caribe,1369,1229.4646499736982
Antioquia,Caribe,1370,1229.4646499675455
Antioquia,Caribe,1371,1229.4646499563075
Antioquia,Caribe,1372,1192.6473554396157
Antioquia,Caribe,1373,1155.30478482767
Antioquia,Caribe,1374,1202.9761966686021
Antioquia,Caribe,1375,1229.4646499557136
Antioquia,Caribe,1376,1064.3192927279529
Antioquia,Caribe,1377,930.0889055340924
Antioquia,Caribe,1378,884.6061903874763
Antioquia,Caribe,1379,793.8809981388222
Antioquia,Caribe,1380,836.1646839133057
Antioquia,Caribe,1381,947.6335143450979
Antioquia,Caribe,1382,1043.9455553296737
Antioquia,Caribe,1383,1229.4646499582154
Antioquia,Caribe,1384,1229.4646499755804
Antioquia,Caribe,1385,1229.464651735421
Antioquia,Caribe,1386,1229.4646517422032
Antioquia,Caribe,1387,1229.4646517366248
Antioquia,Caribe,1388,1229.464651742126
Antioquia,Caribe,1389,1229.4646517434032
Antioquia,Caribe,1390,1229.464651743086
Antioquia,Caribe,1391,1229.4646517414615
Antioquia,Caribe,1392,1229.4646517174542
Antioquia,Caribe,1393,1229.464651896275
Antioquia,Caribe,1394,1229.4646518975808
Antioquia,Caribe,1395,1229.464651895325
Antioquia,Caribe,1396,1229.4646518936106
Antioquia,Caribe,1397,1212.7696041999054
Antioquia,Caribe,1398,1229.4646518922307
Antioquia,Caribe,1399,1229.4646518935817
Antioquia,Caribe,1400,1097.40339589538
Antioquia,Caribe,1401,1002.7441051798978
Antioquia,Caribe,1402,928.7318310982638
Antioquia,Caribe,1403,865.6209584621204
Antioquia,Caribe,1404,906.5853279460506
Antioquia,Caribe,1405,1023.1844347350899
Antioquia,Caribe,1406,1121.5275205459322
Antioquia,Caribe,1407,1229.4646518955121
Antioquia,Caribe,1408,1229.464651895887
Antioquia,Caribe,1409,1229.4646523812658
Antioquia,Caribe,1410,1229.4646523807714
Antioquia,Caribe,1411,1229.4646523777546
Antioquia,Caribe,1412,1229.4646523791778
Antioquia,Caribe,1413,1229.4646523807373
Antioquia,Caribe,1414,1229.4646523774509
Antioquia,Caribe,1415,1229.4646523783
Antioquia,Caribe,1416,1229.4646519010316
Antioquia,Caribe,1417,1229.4646501906432
Antioquia,Caribe,1418,1229.4646501842237
Antioquia,Caribe,1419,1229.4646501790025
Antioquia,Caribe,1420,1229.4646501671323
Antioquia,Caribe,1421,1229.4646501523116
Antioquia,Caribe,1422,1229.4646501747832
Antioquia,Caribe,1423,1229.464650184124
Antioquia,Caribe,1424,1229.4646501440686
Antioquia,Caribe,1425,1150.0479945049174
Antioquia,Caribe,1426,1073.387092114218
Antioquia,Caribe,1427,1008.3504423522788
Antioquia,Caribe,1428,1063.687893022151
Antioquia,Caribe,1429,1175.7626644954578
Antioquia,Caribe,1430,1229.4646501478721
Antioquia,Caribe,1431,1229.4646501871073
Antioquia,Caribe,1432,1229.4646501971463
Antioquia,Caribe,1433,1229.4646504736572
Antioquia,Caribe,1434,1229.4646504843547
Antioquia,Caribe,1435,1229.4646504745303
Antioquia,Caribe,1436,1229.4646506659567
Antioquia,Caribe,1437,1229.4646506680062
Antioquia,Caribe,1438,1229.464650666841
Antioquia,Caribe,1439,1229.4646504759098
Antioquia,Caribe,1440,1229.4646504307855
Antioquia,Caribe,1441,1229.4646518987215
Antioquia,Caribe,1442,1229.464651885326
Antioquia,Caribe,1443,1229.4646518865832
Antioquia,Caribe,1444,1229.4646518852683
Antioquia,Caribe,1445,1229.4646518792895
Antioquia,Caribe,1446,1229.4646518868453
Antioquia,Caribe,1447,1229.4646518861246
Antioquia,Caribe,1448,1169.1774540663084
Antioquia,Caribe,1449,1136.9203320179972
Antioquia,Caribe,1450,1120.8856218499072
Antioquia,Caribe,1451,1091.7838022579658
Antioquia,Caribe,1452,1135.1987659815597
Antioquia,Caribe,1453,1229.4646518811078
Antioquia,Caribe,1454,1229.4646518841546
Antioquia,Caribe,1455,1229.464651892438
Antioquia,Caribe,1456,1229.4646518968584
Antioquia,Caribe,1457,1229.4646518970492
Antioquia,Caribe,1458,1229.464652377608
Antioquia,Caribe,1459,1229.4646518971504
Antioquia,Caribe,1460,1229.4646523792526
Antioquia,Caribe,1461,1229.4646523784288
Antioquia,Caribe,1462,1229.464652379448
Antioquia,Caribe,1463,1229.4646523776705
Antioquia,Caribe,1464,1229.4646518973168
Antioquia,Caribe,1465,1229.464650192474
Antioquia,Caribe,1466,1229.4646501811678
Antioquia,Caribe,1467,1229.4646501728855
Antioquia,Caribe,1468,1229.4646501606176
Antioquia,Caribe,1469,1229.4646501623022
Antioquia,Caribe,1470,1229.4646501725097
Antioquia,Caribe,1471,1229.4646501738432
Antioquia,Caribe,1472,1229.4646501583525
Antioquia,Caribe,1473,1229.4646501492134
Antioquia,Caribe,1474,1229.46465012639
Antioquia,Caribe,1475,1229.464650038391
Antioquia,Caribe,1476,1229.464650132287
Antioquia,Caribe,1477,1229.4646501635295
Antioquia,Caribe,1478,1229.464650173999
Antioquia,Caribe,1479,1229.4646501895268
Antioquia,Caribe,1480,1229.4646501998977
Antioquia,Caribe,1481,1229.4646502031956
Antioquia,Caribe,1482,1229.4646502530723
Antioquia,Caribe,1483,1229.4646502016672
Antioquia,Caribe,1484,1229.4646502525275
Antioquia,Caribe,1485,1229.4646502558255
Antioquia,Caribe,1486,1229.4646502537016
Antioquia,Caribe,1487,1229.4646502016767
Antioquia,Caribe,1488,1229.4646501972206
Antioquia,Caribe,1489,1229.4646523475928
Antioquia,Caribe,1490,1229.4646523457595
Antioquia,Caribe,1491,1229.4646519840264
Antioquia,Caribe,1492,1229.4646519846929
Antioquia,Caribe,1493,1229.4646519869482
Antioquia,Caribe,1494,1229.4646519859218
Antioquia,Caribe,1495,1229.4646519849887
Antioquia,Caribe,1496,1229.4646519867163
Antioquia,Caribe,1497,1229.4646519857079
Antioquia,Caribe,1498,1229.4646519863113
Antioquia,Caribe,1499,1229.464651985268
Antioquia,Caribe,1500,1229.4646519852447
Antioquia,Caribe,1501,1229.4646519967698
Antioquia,Caribe,1502,1229.4646523494232
Antioquia,Caribe,1503,1229.4646523456809
Antioquia,Caribe,1504,1229.4646523494125
Antioquia,Caribe,1505,1229.4646523504578
Antioquia,Caribe,1506,1229.4646523530055
Antioquia,Caribe,1507,1229.4646523534725
Antioquia,Caribe,1508,1229.4646523490856
Antioquia,Caribe,1509,1229.4646523539072
Antioquia,Caribe,1510,1229.4646523480926
Antioquia,Caribe,1511,1229.4646523487943
Antioquia,Caribe,1512,1229.4646523501222
Antioquia,Caribe,1513,1229.464650218747
Antioquia,Caribe,1514,1229.4646502132853
Antioquia,Caribe,1515,1229.4646502094374
Antioquia,Caribe,1516,1229.4646500563513
Antioquia,Caribe,1517,1229.464650054046
Antioquia,Caribe,1518,1229.464650059902
Antioquia,Caribe,1519,1229.464650210781
Antioquia,Caribe,1520,1229.4646502075666
Antioquia,Caribe,1521,1229.4646502051132
Antioquia,Caribe,1522,1229.4646502068572
Antioquia,Caribe,1523,1229.4646498669745
Antioquia,Caribe,1524,1229.4646502104802
Antioquia,Caribe,1525,1229.4646502155024
Antioquia,Caribe,1526,1229.4646502191438
Antioquia,Caribe,1527,1229.4646502240926
Antioquia,Caribe,1528,1229.4646502316164
Antioquia,Caribe,1529,1229.4646502374321
Antioquia,Caribe,1530,1229.4646502378778
Antioquia,Caribe,1531,1229.4646502325816
Antioquia,Caribe,1532,1229.4646520580964
Antioquia,Caribe,1533,1229.464650258624
Antioquia,Caribe,1534,1229.464650236866
Antioquia,Caribe,1535,1229.4646502308117
Antioquia,Caribe,1536,1229.4646502236324
Antioquia,Caribe,2305,898.9866034901818
Antioquia,Caribe,2306,708.1071723739229
Antioquia,Caribe,2307,613.6151439146925
Antioquia,Caribe,2308,536.9838289268496
Antioquia,Caribe,2309,504.1961348255723
Antioquia,Caribe,2310,546.455785860481
Antioquia,Caribe,2311,591.244713528616
Antioquia,Caribe,2312,380.0626071601498
Antioquia,Caribe,2313,211.75771989644022
Antioquia,Caribe,2314,131.7334656747061
Antioquia,Caribe,2315,46.758645153862595
Antioquia,Caribe,2316,101.31936540881452
Antioquia,Caribe,2317,220.4875519669066
Antioquia,Caribe,2318,330.4985089534411
Antioquia,Caribe,2319,552.8146229268345
Antioquia,Caribe,2320,862.6083889582902
Antioquia,Caribe,2321,1111.384961359623
Antioquia,Caribe,2322,1180.1269250005046
Antioquia,Caribe,2323,1088.346224431903
Antioquia,Caribe,2324,1229.4646520017375
Antioquia,Caribe,2325,1229.4646520019799
Antioquia,Caribe,2326,1229.464652001978
Antioquia,Caribe,2327,1229.4646520013446
Antioquia,Caribe,2328,1070.1268883195526
Antioquia,Caribe,2329,714.5973818150084
Antioquia,Caribe,2330,751.4975553256513
Antioquia,Caribe,2331,616.3550457956653
Antioquia,Caribe,2332,528.8739945380152
Antioquia,Caribe,2333,466.01204190516745
Antioquia,Caribe,2334,486.7818503758635
Antioquia,Caribe,2335,494.25068538197786
Antioquia,Caribe,2336,232.90313796333064
Antioquia,Caribe,2337,84.82558638521789
Antioquia,Caribe,2338,75.53004565636789
Antioquia,Caribe,2339,2.444222587664467
Antioquia,Caribe,2340,51.788046447169684
Antioquia,Caribe,2341,165.44419468563794
Antioquia,Caribe,2342,280.64256440669584
Antioquia,Caribe,2343,432.01971966469523
Antioquia,Caribe,2344,624.6401077979559
Antioquia,Caribe,2345,815.1940547736705
Antioquia,Caribe,2346,898.1623227084824
Antioquia,Caribe,2347,896.1062472187998
Antioquia,Caribe,2348,1190.1069258129432
Antioquia,Caribe,2349,1223.274155777473
Antioquia,Caribe,2350,1185.927009171576
Antioquia,Caribe,2351,1063.4817099049662
Antioquia,Caribe,2352,917.7014742951467
Antioquia,Caribe,2353,739.1823684725615
Antioquia,Caribe,2354,583.1267902638015
Antioquia,Caribe,2355,501.2991285633485
Antioquia,Caribe,2356,430.7803869515998
Antioquia,Caribe,2357,391.4454450541781
Antioquia,Caribe,2358,451.6517608455316
Antioquia,Caribe,2359,557.0065701151901
Antioquia,Caribe,2360,363.443234256228
Antioquia,Caribe,2361,280.29880630535536
Antioquia,Caribe,2362,202.95982679174318
Antioquia,Caribe,2363,139.11805979143904
Antioquia,Caribe,2364,183.19230948137252
Antioquia,Caribe,2365,319.3125651309486
Antioquia,Caribe,2366,420.3717398568477
Antioquia,Caribe,2367,626.4507477423042
Antioquia,Caribe,2368,845.5519523571246
Antioquia,Caribe,2369,1009.4779361439224
Antioquia,Caribe,2370,1043.0945701981832
Antioquia,Caribe,2371,967.850625084804
Antioquia,Caribe,2372,1100.415127719473
Antioquia,Caribe,2373,1144.0157563170662
Antioquia,Caribe,2374,1119.626871604255
Antioquia,Caribe,2375,1050.8342971008242
Antioquia,Caribe,2376,902.3875957979898
Antioquia,Caribe,2377,794.3818215383563
Antioquia,Caribe,2378,766.7660708466018
Antioquia,Caribe,2379,622.2517720412086
Antioquia,Caribe,2380,535.9775774702259
Antioquia,Caribe,2381,503.9600036377412
Antioquia,Caribe,2382,513.4008198133903
Antioquia,Caribe,2383,559.6474386982218
Antioquia,Caribe,2384,385.7662720794667
Antioquia,Caribe,2385,325.10089942234725
Antioquia,Caribe,2386,280.6929538503983
Antioquia,Caribe,2387,246.97651281984966
Antioquia,Caribe,2388,313.7081875314055
Antioquia,Caribe,2389,431.80471286387245
Antioquia,Caribe,2390,537.5203699706531
Antioquia,Caribe,2391,668.0008439774628
Antioquia,Caribe,2392,795.5762586072984
Antioquia,Caribe,2393,972.294466370106
Antioquia,Caribe,2394,1087.4877432943244
Antioquia,Caribe,2395,1004.9196831061688
Antioquia,Caribe,2396,1204.525403646286
Antioquia,Caribe,2397,1221.904406921853
Antioquia,Caribe,2398,1204.173635242483
Antioquia,Caribe,2399,1133.961362606152
Antioquia,Caribe,2400,986.9361821359583
Antioquia,Caribe,2401,666.3905735900935
Antioquia,Caribe,2402,521.1419475696432
Antioquia,Caribe,2403,435.7316491241601
Antioquia,Caribe,2404,357.8688807215963
Antioquia,Caribe,2405,318.1680052271338
Antioquia,Caribe,2406,316.37930269997423
Antioquia,Caribe,2407,344.6003908837442
Antioquia,Caribe,2408,272.1915249960465
Antioquia,Caribe,2409,258.90455862370425
Antioquia,Caribe,2410,253.8636710386353
Antioquia,Caribe,2411,238.1516315129371
Antioquia,Caribe,2412,283.3728073932128
Antioquia,Caribe,2413,407.30841771731593
Antioquia,Caribe,2414,520.40196859394
Antioquia,Caribe,2415,720.9111051309959
Antioquia,Caribe,2416,953.1267471344661
Antioquia,Caribe,2417,1069.31233276945
Antioquia,Caribe,2418,1075.9873979713566
Antioquia,Caribe,2419,953.9905798681018
Antioquia,Caribe,2420,1049.9982823269322
Antioquia,Caribe,2421,1125.4892348897847
Antioquia,Caribe,2422,1090.2601072128823
Antioquia,Caribe,2423,1000.8400528812316
Antioquia,Caribe,2424,841.713267591799
Antioquia,Caribe,2425,616.3206156676601
Antioquia,Caribe,2426,585.5241585633125
Antioquia,Caribe,2427,491.0228081575216
Antioquia,Caribe,2428,402.27510363734916
Antioquia,Caribe,2429,436.2031092361123
Antioquia,Caribe,2430,473.1380173094591
Antioquia,Caribe,2431,393.0156038202248
Antioquia,Caribe,2432,295.11300284827644
Antioquia,Caribe,2433,281.995370272916
Antioquia,Caribe,2434,238.4160054387772
Antioquia,Caribe,2435,224.51462868496552
Antioquia,Caribe,2436,265.06448989356994
Antioquia,Caribe,2437,332.1672007101721
Antioquia,Caribe,2438,416.16621840454224
Antioquia,Caribe,2439,531.088698713752
Antioquia,Caribe,2440,703.5303522833351
Antioquia,Caribe,2441,869.7091969599265
Antioquia,Caribe,2442,961.2541030137721
Antioquia,Caribe,2443,834.4049972305515
Antioquia,Caribe,2444,1005.971455767067
Antioquia,Caribe,2445,1049.954516656267
Antioquia,Caribe,2446,962.8033351046724
Antioquia,Caribe,2447,860.9420220404029
Antioquia,Caribe,2448,719.3664163520993
Antioquia,Caribe,2449,949.9809203751898
Antioquia,Caribe,2450,761.1699251345634
Antioquia,Caribe,2451,676.5908087223444
Antioquia,Caribe,2452,614.8743168330845
Antioquia,Caribe,2453,582.3508023759211
Antioquia,Caribe,2454,662.6487127288593
Antioquia,Caribe,2455,751.9622435049528
Antioquia,Caribe,2456,743.8113727340136
Antioquia,Caribe,2457,745.7444661909136
Antioquia,Caribe,2458,770.3200798263885
Antioquia,Caribe,2459,786.7217698452838
Antioquia,Caribe,2460,902.0147587863555
Antioquia,Caribe,2461,1086.2756567098734
Antioquia,Caribe,2462,1211.5421273625482
Antioquia,Caribe,2463,1227.4330262756791
Antioquia,Caribe,2464,1229.4646519374296
Antioquia,Caribe,2465,1229.4646519394703
Antioquia,Caribe,2466,1228.4980671590365
Antioquia,Caribe,2467,1227.391557040796
Antioquia,Caribe,2468,1229.464651919462
Antioquia,Caribe,2469,1228.228168107562
Antioquia,Caribe,2470,1227.4599823279761
Antioquia,Caribe,2471,1227.3660455353906
Antioquia,Caribe,2472,1129.5760842375114
Antioquia,Caribe,2473,749.2560440392381
Antioquia,Caribe,2474,800.3164130320383
Antioquia,Caribe,2475,719.1633187515889
Antioquia,Caribe,2476,639.3445608577008
Antioquia,Caribe,2477,591.2703717837824
Antioquia,Caribe,2478,619.406346593201
Antioquia,Caribe,2479,634.89108247815
Antioquia,Caribe,2480,597.0671535262212
Antioquia,Caribe,2481,619.6717293493602
Antioquia,Caribe,2482,681.229619290567
Antioquia,Caribe,2483,700.4242952069121
Antioquia,Caribe,2484,816.6522913799674
Antioquia,Caribe,2485,969.1082910494067
Antioquia,Caribe,2486,1084.0671182022409
Antioquia,Caribe,2487,1167.6657277607733
Antioquia,Caribe,2488,1190.3058042846515
Antioquia,Caribe,2489,1197.0722990424044
Antioquia,Caribe,2490,1181.1828789511849
Antioquia,Caribe,2491,1161.9655764089944
Antioquia,Caribe,2492,1211.353910261526
Antioquia,Caribe,2493,1191.0851547315501
Antioquia,Caribe,2494,1163.8880506221947
Antioquia,Caribe,2495,1085.2603508362763
Antioquia,Caribe,2496,934.1243219319184
Antioquia,Caribe,3265,8.948914778177622e-06
Antioquia,Caribe,3266,8.931897678784565e-06
Antioquia,Caribe,3267,8.926908975359841e-06
Antioquia,Caribe,3268,8.923323293609395e-06
Antioquia,Caribe,3269,8.922205481038374e-06
Antioquia,Caribe,3270,8.92411257144025e-06
Antioquia,Caribe,3271,8.928374796524874e-06
Antioquia,Caribe,3272,8.920798416196295e-06
Antioquia,Caribe,3273,8.915247494294866e-06
Antioquia,Caribe,3274,8.913362335374858e-06
Antioquia,Caribe,3275,8.9095320385891e-06
Antioquia,Caribe,3276,8.913593726359453e-06
Antioquia,Caribe,3277,8.918828069432451e-06
Antioquia,Caribe,3278,8.922430746197514e-06
Antioquia,Caribe,3279,8.931983517307318e-06
Antioquia,Caribe,3280,8.981383716148036e-06
Antioquia,Caribe,3281,55.89671342191244
Antioquia,Caribe,3282,40.05597344181788
Antioquia,Caribe,3283,9.005404634303666e-06
Antioquia,Caribe,3284,137.1898055983469
Antioquia,Caribe,3285,230.7408394074276
Antioquia,Caribe,3286,185.734311521489
Antioquia,Caribe,3287,65.12516154972434
Antioquia,Caribe,3288,9.006524640218139e-06
Antioquia,Caribe,3289,5.3317186684655166e-05
Antioquia,Caribe,3290,5.33003006169237e-05
Antioquia,Caribe,3291,5.320320097423918e-05
Antioquia,Caribe,3292,5.313773818490826e-05
Antioquia,Caribe,3293,5.303146314596476e-05
Antioquia,Caribe,3294,5.299779303932808e-05
Antioquia,Caribe,3295,5.295995903568782e-05
Antioquia,Caribe,3296,1.3512837200701516e-05
Antioquia,Caribe,3297,1.350912125941816e-05
Antioquia,Caribe,3298,1.3540447141856406e-05
Antioquia,Caribe,3299,1.3543511936502247e-05
Antioquia,Caribe,3300,1.3553048863280298e-05
Antioquia,Caribe,3301,1.3568795629487155e-05
Antioquia,Caribe,3302,1.364498558288119e-05
Antioquia,Caribe,3303,5.274209638246835e-05
Antioquia,Caribe,3304,5.3071191218137604e-05
Antioquia,Caribe,3305,5.318492104394694e-05
Antioquia,Caribe,3306,5.320235814496522e-05
Antioquia,Caribe,3307,5.318399277804573e-05
Antioquia,Caribe,3308,5.342766828965494e-05
Antioquia,Caribe,3309,5.359098669295497e-05
Antioquia,Caribe,3310,5.3626222853808105e-05
Antioquia,Caribe,3311,5.3584757240533984e-05
Antioquia,Caribe,3312,5.3483532224369004e-05
Antioquia,Caribe,3313,4.111579572460402e-07
Antioquia,Caribe,3314,4.096822708588599e-07
Antioquia,Caribe,3315,4.093147915103402e-07
Antioquia,Caribe,3316,4.090634172228631e-07
Antioquia,Caribe,3317,4.0894025195144693e-07
Antioquia,Caribe,3318,4.0899834871517026e-07
Antioquia,Caribe,3319,4.0956742008268147e-07
Antioquia,Caribe,3320,4.087878969557875e-07
Antioquia,Caribe,3321,4.0854884938025987e-07
Antioquia,Caribe,3322,4.083223118193533e-07
Antioquia,Caribe,3323,4.08144534871116e-07
Antioquia,Caribe,3324,4.082490434832301e-07
Antioquia,Caribe,3325,4.086367223480108e-07
Antioquia,Caribe,3326,4.090249804935386e-07
Antioquia,Caribe,3327,4.107222354890369e-07
Antioquia,Caribe,3328,8.072887678308108e-07
Antioquia,Caribe,3329,8.183027371824448e-07
Antioquia,Caribe,3330,8.185409895468225e-07
Antioquia,Caribe,3331,8.067866455139643e-07
Antioquia,Caribe,3332,8.268683982445919e-07
Antioquia,Caribe,3333,8.430497068584659e-07
Antioquia,Caribe,3334,8.332357776232664e-07
Antioquia,Caribe,3335,8.198134193292602e-07
Antioquia,Caribe,3336,4.223393015365133e-07
Antioquia,Caribe,3337,2.5839959423097896e-06
Antioquia,Caribe,3338,2.583212285500922e-06
Antioquia,Caribe,3339,2.577907258139801e-06
Antioquia,Caribe,3340,2.5758374232944717e-06
Antioquia,Caribe,3341,2.575271192705367e-06
Antioquia,Caribe,3342,2.5754301655274953e-06
Antioquia,Caribe,3343,2.5780621411758416e-06
Antioquia,Caribe,3344,2.5747552136312076e-06
Antioquia,Caribe,3345,2.573948559927102e-06
Antioquia,Caribe,3346,2.5733443742865e-06
Antioquia,Caribe,3347,2.5729515254638822e-06
Antioquia,Caribe,3348,2.5746073429163957e-06
Antioquia,Caribe,3349,2.5774073300101515e-06
Antioquia,Caribe,3350,2.5802944260310505e-06
Antioquia,Caribe,3351,2.5848025437925122e-06
Antioquia,Caribe,3352,2.59045376744005e-06
Antioquia,Caribe,3353,2.6314257154896385e-06
Antioquia,Caribe,3354,40.82722807760831
Antioquia,Caribe,3355,2.5984018434567032e-06
Antioquia,Caribe,3356,134.52146233876593
Antioquia,Caribe,3357,204.5222258239415
Antioquia,Caribe,3358,167.48649439038442
Antioquia,Caribe,3359,72.68662928649832
Antioquia,Caribe,3360,2.6132857985325825e-06
Antioquia,Caribe,3361,4.082411838026552e-07
Antioquia,Caribe,3362,4.072675659532345e-07
Antioquia,Caribe,3363,4.0690162460735273e-07
Antioquia,Caribe,3364,4.066165672932393e-07
Antioquia,Caribe,3365,4.064912318018505e-07
Antioquia,Caribe,3366,4.063397631768443e-07
Antioquia,Caribe,3367,4.064392503338155e-07
Antioquia,Caribe,3368,4.062754970874859e-07
Antioquia,Caribe,3369,4.0624289549863404e-07
Antioquia,Caribe,3370,4.0622817184175957e-07
Antioquia,Caribe,3371,4.0617991422731644e-07
Antioquia,Caribe,3372,4.063353151692269e-07
Antioquia,Caribe,3373,4.069484168933617e-07
Antioquia,Caribe,3374,4.0800787444176265e-07
Antioquia,Caribe,3375,4.1405558156598795e-07
Antioquia,Caribe,3376,8.092413437695292e-07
Antioquia,Caribe,3377,8.220606904580438e-07
Antioquia,Caribe,3378,8.19093528254625e-07
Antioquia,Caribe,3379,4.2245843348730305e-07
Antioquia,Caribe,3380,8.124070298417957e-07
Antioquia,Caribe,3381,8.370547871223397e-07
Antioquia,Caribe,3382,8.215115678056793e-07
Antioquia,Caribe,3383,8.071155644494926e-07
Antioquia,Caribe,3384,4.1198121468447417e-07
Antioquia,Caribe,3385,2.2804848053909077e-06
Antioquia,Caribe,3386,2.279426389098905e-06
Antioquia,Caribe,3387,2.2774163033980745e-06
Antioquia,Caribe,3388,2.275605596203485e-06
Antioquia,Caribe,3389,2.277048542355064e-06
Antioquia,Caribe,3390,2.278187441939062e-06
Antioquia,Caribe,3391,2.2766106185780247e-06
Antioquia,Caribe,3392,2.2751576848780124e-06
Antioquia,Caribe,3393,2.2750683418718246e-06
Antioquia,Caribe,3394,2.273920157457595e-06
Antioquia,Caribe,3395,2.273805524898027e-06
Antioquia,Caribe,3396,2.2748209173711522e-06
Antioquia,Caribe,3397,2.2760656230005413e-06
Antioquia,Caribe,3398,2.277915465478919e-06
Antioquia,Caribe,3399,2.280752124742278e-06
Antioquia,Caribe,3400,2.2886713978020514e-06
Antioquia,Caribe,3401,2.3180564291990948e-06
Antioquia,Caribe,3402,4.500345757872314e-06
Antioquia,Caribe,3403,2.2883578676275347e-06
Antioquia,Caribe,3404,2.3225416589402366e-06
Antioquia,Caribe,3405,2.3383492985064008e-06
Antioquia,Caribe,3406,2.3004716544650886e-06
Antioquia,Caribe,3407,2.29070718893622e-06
Antioquia,Caribe,3408,2.2830038843334084e-06
Antioquia,Caribe,3409,77.60977687353137
Antioquia,Caribe,3410,40.33794402460984
Antioquia,Caribe,3411,35.11418522407765
Antioquia,Caribe,3412,31.325203075334677
Antioquia,Caribe,3413,29.021225070312422
Antioquia,Caribe,3414,35.26728328273246
Antioquia,Caribe,3415,42.9391650050607
Antioquia,Caribe,3416,48.29099200134043
Antioquia,Caribe,3417,55.763888684729125
Antioquia,Caribe,3418,82.093350987959
Antioquia,Caribe,3419,117.41539362316867
Antioquia,Caribe,3420,255.99445827548465
Antioquia,Caribe,3421,475.93736973132604
Antioquia,Caribe,3422,625.913573375693
Antioquia,Caribe,3423,814.9033053962202
Antioquia,Caribe,3424,943.9073991436296
Antioquia,Caribe,3425,910.6970055125499
Antioquia,Caribe,3426,654.8453993397279
Antioquia,Caribe,3427,415.67666330001583
Antioquia,Caribe,3428,590.5652301893256
Antioquia,Caribe,3429,580.8521434340715
Antioquia,Caribe,3430,507.3514856327115
Antioquia,Caribe,3431,371.41552391455065
Antioquia,Caribe,3432,202.2016086613644
Antioquia,Caribe,3433,55.273549249327765
Antioquia,Caribe,3434,64.69498644659609
Antioquia,Caribe,3435,53.66392222181421
Antioquia,Caribe,3436,43.373840483433675
Antioquia,Caribe,3437,36.29144490480598
Antioquia,Caribe,3438,41.55336566485252
Antioquia,Caribe,3439,46.16642515017218
Antioquia,Caribe,3440,47.090812671280574
Antioquia,Caribe,3441,56.72644228034352
Antioquia,Caribe,3442,79.11516563589994
Antioquia,Caribe,3443,99.54509585764801
Antioquia,Caribe,3444,218.08372790829813
Antioquia,Caribe,3445,411.58520282355653
Antioquia,Caribe,3446,556.9758837226696
Antioquia,Caribe,3447,699.8139736140795
Antioquia,Caribe,3448,776.1516195211766
Antioquia,Caribe,3449,750.3408931007234
Antioquia,Caribe,3450,580.4384455924352
Antioquia,Caribe,3451,451.1695805583868
Antioquia,Caribe,3452,676.4224291811003
Antioquia,Caribe,3453,578.3333884300192
Antioquia,Caribe,3454,447.1238686010589
Antioquia,Caribe,3455,277.55248177054796
Antioquia,Caribe,3456,114.10390635785879
Antioquia,Caribe,4225,5.925191583834181e-07
Antioquia,Caribe,4226,5.912809158310122e-07
Antioquia,Caribe,4227,6.471029941270763e-08
Antioquia,Caribe,4228,6.378851798227608e-08
Antioquia,Caribe,4229,4.817393500740819e-08
Antioquia,Caribe,4230,6.387627085269131e-08
Antioquia,Caribe,4231,5.901681939112545e-07
Antioquia,Caribe,4232,6.319068896755816e-08
Antioquia,Caribe,4233,5.0609740757809135e-08
Antioquia,Caribe,4234,4.960337714970151e-08
Antioquia,Caribe,4235,4.952237028876246e-08
Antioquia,Caribe,4236,6.286514040733107e-08
Antioquia,Caribe,4237,5.797982732222278e-07
Antioquia,Caribe,4238,5.907311546081985e-07
Antioquia,Caribe,4239,5.919269761354005e-07
Antioquia,Caribe,4240,5.9286184427277e-07
Antioquia,Caribe,4241,5.935462406064248e-07
Antioquia,Caribe,4242,5.933814999370445e-07
Antioquia,Caribe,4243,5.929644114399152e-07
Antioquia,Caribe,4244,5.939054246224935e-07
Antioquia,Caribe,4245,5.944355520677441e-07
Antioquia,Caribe,4246,5.941972021333945e-07
Antioquia,Caribe,4247,5.936277869978761e-07
Antioquia,Caribe,4248,5.930658505511335e-07
Antioquia,Caribe,4249,6.179949200898558e-05
Antioquia,Caribe,4250,6.123531533438724e-05
Antioquia,Caribe,4251,4.998115766838994e-06
Antioquia,Caribe,4252,4.991928546785847e-06
Antioquia,Caribe,4253,4.988025934728632e-06
Antioquia,Caribe,4254,4.987577560024515e-06
Antioquia,Caribe,4255,4.988864493792706e-06
Antioquia,Caribe,4256,4.986047339832219e-06
Antioquia,Caribe,4257,4.987888036266801e-06
Antioquia,Caribe,4258,4.997741045364109e-06
Antioquia,Caribe,4259,5.009492386338462e-06
Antioquia,Caribe,4260,1.5930602070936192e-05
Antioquia,Caribe,4261,1.599152987141397e-05
Antioquia,Caribe,4262,1.5988605815479745e-05
Antioquia,Caribe,4263,1.5986336291981376e-05
Antioquia,Caribe,4264,1.5986225540835996e-05
Antioquia,Caribe,4265,1.5935431545944974e-05
Antioquia,Caribe,4266,4.996135789844743e-06
Antioquia,Caribe,4267,4.990913954832567e-06
Antioquia,Caribe,4268,6.27168308716784e-05
Antioquia,Caribe,4269,6.300224386599969e-05
Antioquia,Caribe,4270,6.303579721066666e-05
Antioquia,Caribe,4271,6.301717954042857e-05
Antioquia,Caribe,4272,6.291218550913756e-05
Antioquia,Caribe,4273,4.906288175251423e-07
Antioquia,Caribe,4274,4.901974506089716e-07
Antioquia,Caribe,4275,4.899656936795086e-07
Antioquia,Caribe,4276,4.896917418016582e-07
Antioquia,Caribe,4277,4.89484314081337e-07
Antioquia,Caribe,4278,4.897572066320932e-07
Antioquia,Caribe,4279,4.902567923537516e-07
Antioquia,Caribe,4280,4.898475562602707e-07
Antioquia,Caribe,4281,4.897462455614314e-07
Antioquia,Caribe,4282,4.895718154357464e-07
Antioquia,Caribe,4283,4.893535576411695e-07
Antioquia,Caribe,4284,4.895710711030888e-07
Antioquia,Caribe,4285,4.899706710274392e-07
Antioquia,Caribe,4286,4.901869011243523e-07
Antioquia,Caribe,4287,4.906833725456844e-07
Antioquia,Caribe,4288,4.91570113107047e-07
Antioquia,Caribe,4289,4.947345145477518e-07
Antioquia,Caribe,4290,4.925128707800474e-07
Antioquia,Caribe,4291,4.912065773040585e-07
Antioquia,Caribe,4292,4.931687965139474e-07
Antioquia,Caribe,4293,5.043661099234959e-07
Antioquia,Caribe,4294,4.952439489842338e-07
Antioquia,Caribe,4295,4.921127703733892e-07
Antioquia,Caribe,4296,4.91110016524247e-07
Antioquia,Caribe,4297,6.298594012623247e-05
Antioquia,Caribe,4298,6.301837881162036e-05
Antioquia,Caribe,4299,6.27836414230249e-05
Antioquia,Caribe,4300,6.241914813661676e-05
Antioquia,Caribe,4301,6.198720962927978e-05
Antioquia,Caribe,4302,6.08865403213568e-05
Antioquia,Caribe,4303,6.231294843533088e-05
Antioquia,Caribe,4304,1.5849290851762823e-05
Antioquia,Caribe,4305,1.5914924385437272e-05
Antioquia,Caribe,4306,1.5946896570371977e-05
Antioquia,Caribe,4307,1.5969918590691277e-05
Antioquia,Caribe,4308,1.5981053642784657e-05
Antioquia,Caribe,4309,1.5988446173514808e-05
Antioquia,Caribe,4310,6.135880081443642e-05
Antioquia,Caribe,4311,6.264080089731149e-05
Antioquia,Caribe,4312,6.273921469586784e-05
Antioquia,Caribe,4313,6.289060318107491e-05
Antioquia,Caribe,4314,6.296936822261428e-05
Antioquia,Caribe,4315,6.271595375694565e-05
Antioquia,Caribe,4316,6.308797626240462e-05
Antioquia,Caribe,4317,6.318928979161263e-05
Antioquia,Caribe,4318,6.322098711225167e-05
Antioquia,Caribe,4319,6.321501799851057e-05
Antioquia,Caribe,4320,6.315483410825442e-05
Antioquia,Caribe,4321,4.7036511339817955e-07
Antioquia,Caribe,4322,4.700790069766908e-07
Antioquia,Caribe,4323,4.6988121199303683e-07
Antioquia,Caribe,4324,4.6962224125019746e-07
Antioquia,Caribe,4325,4.694580135999175e-07
Antioquia,Caribe,4326,4.6929152972108527e-07
Antioquia,Caribe,4327,4.695679424519272e-07
Antioquia,Caribe,4328,4.695720382522431e-07
Antioquia,Caribe,4329,4.6966573264043507e-07
Antioquia,Caribe,4330,4.697362480079257e-07
Antioquia,Caribe,4331,4.697440278351305e-07
Antioquia,Caribe,4332,4.6989732169868007e-07
Antioquia,Caribe,4333,4.7026256609729287e-07
Antioquia,Caribe,4334,4.7063143049665324e-07
Antioquia,Caribe,4335,4.718740927086797e-07
Antioquia,Caribe,4336,9.26096930967582e-07
Antioquia,Caribe,4337,9.449501433759215e-07
Antioquia,Caribe,4338,9.373342899531675e-07
Antioquia,Caribe,4339,4.7135668459452294e-07
Antioquia,Caribe,4340,4.7240822278953406e-07
Antioquia,Caribe,4341,4.7670571849609626e-07
Antioquia,Caribe,4342,4.7301845476118927e-07
Antioquia,Caribe,4343,4.715848049827175e-07
Antioquia,Caribe,4344,4.7081624782584746e-07
Antioquia,Caribe,4345,6.288391861934762e-05
Antioquia,Caribe,4346,6.279847197723666e-05
Antioquia,Caribe,4347,6.261145408757742e-05
Antioquia,Caribe,4348,6.230787238566287e-05
Antioquia,Caribe,4349,6.252477292073601e-05
Antioquia,Caribe,4350,6.258393711297373e-05
Antioquia,Caribe,4351,6.214879415070623e-05
Antioquia,Caribe,4352,1.588561240177271e-05
Antioquia,Caribe,4353,1.5902977342544556e-05
Antioquia,Caribe,4354,1.5898978385817275e-05
Antioquia,Caribe,4355,1.5921582539118484e-05
Antioquia,Caribe,4356,1.593304975017641e-05
Antioquia,Caribe,4357,1.5937030806692653e-05
Antioquia,Caribe,4358,6.123033655872357e-05
Antioquia,Caribe,4359,6.234125565180478e-05
Antioquia,Caribe,4360,6.274034345277139e-05
Antioquia,Caribe,4361,6.291016863011656e-05
Antioquia,Caribe,4362,6.297061895597743e-05
Antioquia,Caribe,4363,6.2645076048741e-05
Antioquia,Caribe,4364,6.295707270854463e-05
Antioquia,Caribe,4365,6.303283643035754e-05
Antioquia,Caribe,4366,6.302230423215829e-05
Antioquia,Caribe,4367,6.302423649893998e-05
Antioquia,Caribe,4368,6.294478099515135e-05
Antioquia,Caribe,4369,2.925560665147882e-07
Antioquia,Caribe,4370,2.9155570272902434e-07
Antioquia,Caribe,4371,2.9129799445354405e-07
Antioquia,Caribe,4372,2.9115809756037365e-07
Antioquia,Caribe,4373,2.9110746916062497e-07
Antioquia,Caribe,4374,2.9127725113177554e-07
Antioquia,Caribe,4375,2.9188537459140857e-07
Antioquia,Caribe,4376,2.925961301387494e-07
Antioquia,Caribe,4377,2.930312036060367e-07
Antioquia,Caribe,4378,3.0242639175535404e-07
Antioquia,Caribe,4379,3.026219319039675e-07
Antioquia,Caribe,4380,5.679668109138619e-07
Antioquia,Caribe,4381,5.709669169214091e-07
Antioquia,Caribe,4382,5.72970399351257e-07
Antioquia,Caribe,4383,5.772613529834119e-07
Antioquia,Caribe,4384,5.920012000683521e-07
Antioquia,Caribe,4385,89.12329036700646
Antioquia,Caribe,4386,5.75053468840008e-07
Antioquia,Caribe,4387,3.061975490387603e-07
Antioquia,Caribe,4388,5.730754258293474e-07
Antioquia,Caribe,4389,5.72379153242618e-07
Antioquia,Caribe,4390,5.702202433462394e-07
Antioquia,Caribe,4391,3.0481584377134574e-07
Antioquia,Caribe,4392,2.940331713922796e-07
Antioquia,Caribe,4393,3.317609513225741e-06
Antioquia,Caribe,4394,3.315908230824272e-06
Antioquia,Caribe,4395,3.3140987121922885e-06
Antioquia,Caribe,4396,3.3116563298820555e-06
Antioquia,Caribe,4397,3.3096920705156017e-06
Antioquia,Caribe,4398,3.3098373523363e-06
Antioquia,Caribe,4399,3.3097213173819585e-06
Antioquia,Caribe,4400,3.3079152559406327e-06
Antioquia,Caribe,4401,3.3076258203452967e-06
Antioquia,Caribe,4402,3.308916462282816e-06
Antioquia,Caribe,4403,3.3101826712583396e-06
Antioquia,Caribe,4404,3.3148392715460536e-06
Antioquia,Caribe,4405,6.445784326846677e-06
Antioquia,Caribe,4406,121.43873435758233
Antioquia,Caribe,4407,321.9150054829896
Antioquia,Caribe,4408,352.9467496913383
Antioquia,Caribe,4409,250.26357207605352
Antioquia,Caribe,4410,39.69996567515196
Antioquia,Caribe,4411,14.809064005866349
Antioquia,Caribe,4412,50.520307478822176
Antioquia,Caribe,4413,54.71196921438525
Antioquia,Caribe,4414,63.95952757958653
Antioquia,Caribe,4415,41.32187126218481
Antioquia,Caribe,4416,21.026475210946156
Antioquia,Caribe,5185,1.1009241413975337e-06
Antioquia,Caribe,5186,1.0988241937794509e-06
Antioquia,Caribe,5187,1.0967382654856315e-06
Antioquia,Caribe,5188,5.640480970197107e-07
Antioquia,Caribe,5189,5.639324281968421e-07
Antioquia,Caribe,5190,5.640174682988754e-07
Antioquia,Caribe,5191,5.640304933151832e-07
Antioquia,Caribe,5192,5.631931238387053e-07
Antioquia,Caribe,5193,5.56262127320709e-08
Antioquia,Caribe,5194,4.6094802569283836e-08
Antioquia,Caribe,5195,4.6003504252338004e-08
Antioquia,Caribe,5196,4.598520923456315e-08
Antioquia,Caribe,5197,4.604758822325849e-08
Antioquia,Caribe,5198,4.622034234544347e-08
Antioquia,Caribe,5199,5.54518275799802e-07
Antioquia,Caribe,5200,5.641913914607449e-07
Antioquia,Caribe,5201,1.1010757489722422e-06
Antioquia,Caribe,5202,1.1044441793962249e-06
Antioquia,Caribe,5203,1.102961706786608e-06
Antioquia,Caribe,5204,1.2501303104439896e-06
Antioquia,Caribe,5205,1.1016250497016987e-06
Antioquia,Caribe,5206,1.2598782029461713e-06
Antioquia,Caribe,5207,1.1128854046196151e-06
Antioquia,Caribe,5208,1.1031020958466308e-06
Antioquia,Caribe,5209,5.46617506697272e-06
Antioquia,Caribe,5210,2.8329579007246125e-06
Antioquia,Caribe,5211,2.829615690751534e-06
Antioquia,Caribe,5212,2.828571487862933e-06
Antioquia,Caribe,5213,2.827636964192498e-06
Antioquia,Caribe,5214,2.8291726092471032e-06
Antioquia,Caribe,5215,2.830624643170398e-06
Antioquia,Caribe,5216,2.820636888254644e-06
Antioquia,Caribe,5217,2.477441367656228e-07
Antioquia,Caribe,5218,2.473659421665781e-07
Antioquia,Caribe,5219,2.5512997171527923e-07
Antioquia,Caribe,5220,2.5527005204262493e-07
Antioquia,Caribe,5221,2.550227297491446e-07
Antioquia,Caribe,5222,2.474828772152101e-07
Antioquia,Caribe,5223,2.8172709272929648e-06
Antioquia,Caribe,5224,2.8332305045673252e-06
Antioquia,Caribe,5225,5.481277622129473e-06
Antioquia,Caribe,5226,5.512994961097042e-06
Antioquia,Caribe,5227,5.481698007042209e-06
Antioquia,Caribe,5228,5.526687723390235e-06
Antioquia,Caribe,5229,5.526861424201124e-06
Antioquia,Caribe,5230,5.530779312180804e-06
Antioquia,Caribe,5231,5.527707698621446e-06
Antioquia,Caribe,5232,5.472126870539652e-06
Antioquia,Caribe,5233,4.695470182286089e-07
Antioquia,Caribe,5234,4.6921107296199425e-07
Antioquia,Caribe,5235,4.6890916537454915e-07
Antioquia,Caribe,5236,4.68524713444825e-07
Antioquia,Caribe,5237,4.6825579874945146e-07
Antioquia,Caribe,5238,4.6853671789126775e-07
Antioquia,Caribe,5239,4.689130571718285e-07
Antioquia,Caribe,5240,4.555205263683054e-07
Antioquia,Caribe,5241,4.5514328888532503e-07
Antioquia,Caribe,5242,4.536659144373092e-07
Antioquia,Caribe,5243,3.741039117826523e-08
Antioquia,Caribe,5244,3.748201691077874e-08
Antioquia,Caribe,5245,1.0459135792059616e-07
Antioquia,Caribe,5246,4.550215430308486e-07
Antioquia,Caribe,5247,4.5571031226563707e-07
Antioquia,Caribe,5248,4.696178958753873e-07
Antioquia,Caribe,5249,4.711625942993085e-07
Antioquia,Caribe,5250,8.920004891793892e-07
Antioquia,Caribe,5251,8.893714428824126e-07
Antioquia,Caribe,5252,8.953734673693402e-07
Antioquia,Caribe,5253,9.037745666732191e-07
Antioquia,Caribe,5254,8.981770032206829e-07
Antioquia,Caribe,5255,8.933438712606457e-07
Antioquia,Caribe,5256,6.809882947293883e-07
Antioquia,Caribe,5257,4.85154435538423e-06
Antioquia,Caribe,5258,2.494332531644613e-06
Antioquia,Caribe,5259,2.4907089037396655e-06
Antioquia,Caribe,5260,2.4896420713741257e-06
Antioquia,Caribe,5261,2.48953692440595e-06
Antioquia,Caribe,5262,2.490372633432208e-06
Antioquia,Caribe,5263,2.4928364621683326e-06
Antioquia,Caribe,5264,2.48917933111334e-06
Antioquia,Caribe,5265,2.632892239071332e-06
Antioquia,Caribe,5266,5.682612234023804e-07
Antioquia,Caribe,5267,2.1487267905994338e-07
Antioquia,Caribe,5268,2.218353580748775e-07
Antioquia,Caribe,5269,2.565407251215283e-06
Antioquia,Caribe,5270,2.633942524461896e-06
Antioquia,Caribe,5271,2.4914306332478406e-06
Antioquia,Caribe,5272,4.857342211303105e-06
Antioquia,Caribe,5273,4.8591092810621086e-06
Antioquia,Caribe,5274,4.86320431154136e-06
Antioquia,Caribe,5275,4.856122665645352e-06
Antioquia,Caribe,5276,4.859595560009365e-06
Antioquia,Caribe,5277,4.893195596883357e-06
Antioquia,Caribe,5278,4.922261916185021e-06
Antioquia,Caribe,5279,4.864165867446778e-06
Antioquia,Caribe,5280,4.858193842015211e-06
Antioquia,Caribe,5281,5.379365401907077e-07
Antioquia,Caribe,5282,3.3510932890247526e-07
Antioquia,Caribe,5283,3.3503330185467156e-07
Antioquia,Caribe,5284,3.3493301601379756e-07
Antioquia,Caribe,5285,3.348765624985604e-07
Antioquia,Caribe,5286,3.3478929688075527e-07
Antioquia,Caribe,5287,3.348241387155424e-07
Antioquia,Caribe,5288,3.347502755799583e-07
Antioquia,Caribe,5289,3.346772719773635e-07
Antioquia,Caribe,5290,3.3459450314818313e-07
Antioquia,Caribe,5291,3.344776523503764e-07
Antioquia,Caribe,5292,3.345314762162985e-07
Antioquia,Caribe,5293,3.3480037285579866e-07
Antioquia,Caribe,5294,3.350210044706988e-07
Antioquia,Caribe,5295,3.3552658236595225e-07
Antioquia,Caribe,5296,3.372792927918697e-07
Antioquia,Caribe,5297,5.44389423770974e-07
Antioquia,Caribe,5298,6.172399616047969e-07
Antioquia,Caribe,5299,5.427033846715512e-07
Antioquia,Caribe,5300,6.210520820433156e-07
Antioquia,Caribe,5301,6.554813742280571e-07
Antioquia,Caribe,5302,6.213722171641501e-07
Antioquia,Caribe,5303,5.540221501203373e-07
Antioquia,Caribe,5304,5.412224617501049e-07
Antioquia,Caribe,5305,2.004624945862282e-06
Antioquia,Caribe,5306,2.7731240669291532e-06
Antioquia,Caribe,5307,2.7732847467001106e-06
Antioquia,Caribe,5308,2.772590501440939e-06
Antioquia,Caribe,5309,2.7743055482110786e-06
Antioquia,Caribe,5310,2.775395944780497e-06
Antioquia,Caribe,5311,2.774679711360364e-06
Antioquia,Caribe,5312,2.7722583158483075e-06
Antioquia,Caribe,5313,2.7685928780803375e-06
Antioquia,Caribe,5314,2.7550046244720325e-06
Antioquia,Caribe,5315,6.566337668874613e-07
Antioquia,Caribe,5316,6.525392571638293e-07
Antioquia,Caribe,5317,2.7533584349334684e-06
Antioquia,Caribe,5318,2.768665525208533e-06
Antioquia,Caribe,5319,2.7755734478513017e-06
Antioquia,Caribe,5320,2.7830794214478478e-06
Antioquia,Caribe,5321,3.862360795782227e-06
Antioquia,Caribe,5322,3.901085040790255e-06
Antioquia,Caribe,5323,3.895360068521179e-06
Antioquia,Caribe,5324,3.898470723705267e-06
Antioquia,Caribe,5325,3.8989394653316985e-06
Antioquia,Caribe,5326,3.898887342742279e-06
Antioquia,Caribe,5327,3.897301654155209e-06
Antioquia,Caribe,5328,3.8886365115320226e-06
Antioquia,Caribe,5329,3.1527462797601054e-07
Antioquia,Caribe,5330,3.151844552382811e-07
Antioquia,Caribe,5331,3.151209218731769e-07
Antioquia,Caribe,5332,3.150714346453413e-07
Antioquia,Caribe,5333,3.1504336879200215e-07
Antioquia,Caribe,5334,3.1507809284431027e-07
Antioquia,Caribe,5335,3.1515621074923456e-07
Antioquia,Caribe,5336,3.1517311201670163e-07
Antioquia,Caribe,5337,3.1512575934407025e-07
Antioquia,Caribe,5338,3.1509273686556843e-07
Antioquia,Caribe,5339,3.1508533360388373e-07
Antioquia,Caribe,5340,3.151868419898843e-07
Antioquia,Caribe,5341,3.1543610376161674e-07
Antioquia,Caribe,5342,3.1580396692085975e-07
Antioquia,Caribe,5343,3.162469128879599e-07
Antioquia,Caribe,5344,3.168466280889893e-07
Antioquia,Caribe,5345,3.1704023701356205e-07
Antioquia,Caribe,5346,3.163607941955732e-07
Antioquia,Caribe,5347,3.1568592539805925e-07
Antioquia,Caribe,5348,5.846945040442125e-07
Antioquia,Caribe,5349,5.844945528790356e-07
Antioquia,Caribe,5350,3.1582223194343623e-07
Antioquia,Caribe,5351,3.155977355110667e-07
Antioquia,Caribe,5352,3.154164998272669e-07
Antioquia,Caribe,5353,1.8722431618237366e-06
Antioquia,Caribe,5354,1.8690878536893356e-06
Antioquia,Caribe,5355,1.8686588114112931e-06
Antioquia,Caribe,5356,1.8677812820129857e-06
Antioquia,Caribe,5357,1.8674236604413348e-06
Antioquia,Caribe,5358,1.8690897380053063e-06
Antioquia,Caribe,5359,1.870955289197599e-06
Antioquia,Caribe,5360,1.869366594637545e-06
Antioquia,Caribe,5361,1.8663300093175058e-06
Antioquia,Caribe,5362,1.866101704512401e-06
Antioquia,Caribe,5363,1.872009782346057e-06
Antioquia,Caribe,5364,1.872727945518429e-06
Antioquia,Caribe,5365,1.871825401949884e-06
Antioquia,Caribe,5366,1.8753009400743385e-06
Antioquia,Caribe,5367,1.8789186304410517e-06
Antioquia,Caribe,5368,3.6593635634793166e-06
Antioquia,Caribe,5369,3.682966329168092e-06
Antioquia,Caribe,5370,1.5074248932908867e-06
Antioquia,Caribe,5371,1.5061563196969221e-06
Antioquia,Caribe,5372,1.3604050827519342e-06
Antioquia,Caribe,5373,1.3605285161770977e-06
Antioquia,Caribe,5374,1.5052429440480608e-06
Antioquia,Caribe,5375,1.5059196208862072e-06
Antioquia,Caribe,5376,1.8773180423217427e-06
Caribe,Antioquia,1,1.009248528202724e-07
Caribe,Antioquia,2,2.1832891338925709e-07
Caribe,Antioquia,3,2.185333768783886e-07
Caribe,Antioquia,4,2.1863024490811427e-07
Caribe,Antioquia,5,2.1867466108986067e-07
Caribe,Antioquia,6,2.1863098761460896e-07
Caribe,Antioquia,7,2.1850821834738267e-07
Caribe,Antioquia,8,2.1851119471002744e-07
Caribe,Antioquia,9,2.1830627749310576e-07
Caribe,Antioquia,10,1.0118394190064531e-07
Caribe,Antioquia,11,1.0089023921269911e-07
Caribe,Antioquia,12,1.0079081651246401e-07
Caribe,Antioquia,13,1.0074480299185543e-07
Caribe,Antioquia,14,1.0073884022212046e-07
Caribe,Antioquia,15,1.0071828087031939e-07
Caribe,Antioquia,16,1.0068857601541578e-07
Caribe,Antioquia,17,1.006562758602617e-07
Caribe,Antioquia,18,1.0065091745728316e-07
Caribe,Antioquia,19,1.0067282337330493e-07
Caribe,Antioquia,20,9.143047643761289e-08
Caribe,Antioquia,21,9.1416210990648e-08
Caribe,Antioquia,22,9.146109615782039e-08
Caribe,Antioquia,23,1.006847374555152e-07
Caribe,Antioquia,24,1.0074241069064299e-07
Caribe,Antioquia,25,9.611484411355615e-07
Caribe,Antioquia,26,9.620703863495406e-07
Caribe,Antioquia,27,9.630412359569722e-07
Caribe,Antioquia,28,9.789640659462004e-07
Caribe,Antioquia,29,9.79822426451991e-07
Caribe,Antioquia,30,9.802100847620373e-07
Caribe,Antioquia,31,9.810641044270336e-07
Caribe,Antioquia,32,1.0135647434770926e-06
Caribe,Antioquia,33,1.0136417768924257e-06
Caribe,Antioquia,34,1.0126133227106379e-06
Caribe,Antioquia,35,9.810504386540213e-07
Caribe,Antioquia,36,9.79816039647214e-07
Caribe,Antioquia,37,9.634832870071735e-07
Caribe,Antioquia,38,9.627338161879517e-07
Caribe,Antioquia,39,9.621744038696355e-07
Caribe,Antioquia,40,9.616020271095322e-07
Caribe,Antioquia,41,9.606484969564634e-07
Caribe,Antioquia,42,9.594027276365312e-07
Caribe,Antioquia,43,9.57489582340346e-07
Caribe,Antioquia,44,5.172231569981832e-07
Caribe,Antioquia,45,5.17032250943348e-07
Caribe,Antioquia,46,5.17114918248767e-07
Caribe,Antioquia,47,5.173865575136257e-07
Caribe,Antioquia,48,5.187135619761194e-07
Caribe,Antioquia,49,1.267245657372252e-07
Caribe,Antioquia,50,2.103164366089782e-07
Caribe,Antioquia,51,2.1042281876710494e-07
Caribe,Antioquia,52,2.1048582851180336e-07
Caribe,Antioquia,53,2.1051426441924034e-07
Caribe,Antioquia,54,2.1047508743949322e-07
Caribe,Antioquia,55,2.103657647763656e-07
Caribe,Antioquia,56,2.103680980643859e-07
Caribe,Antioquia,57,2.1020195615385278e-07
Caribe,Antioquia,58,1.2673018875181574e-07
Caribe,Antioquia,59,1.2658792589498373e-07
Caribe,Antioquia,60,1.264984570243446e-07
Caribe,Antioquia,61,1.264515408304797e-07
Caribe,Antioquia,62,1.2645033882411928e-07
Caribe,Antioquia,63,1.2642331733312983e-07
Caribe,Antioquia,64,1.2638070909519256e-07
Caribe,Antioquia,65,1.2631933858134345e-07
Caribe,Antioquia,66,1.2632426904524025e-07
Caribe,Antioquia,67,1.2638442532957587e-07
Caribe,Antioquia,68,1.121534596007212e-07
Caribe,Antioquia,69,1.121113789303167e-07
Caribe,Antioquia,70,1.1216290098193465e-07
Caribe,Antioquia,71,1.263827053298568e-07
Caribe,Antioquia,72,1.2647068154583785e-07
Caribe,Antioquia,73,1.2893823662547048e-06
Caribe,Antioquia,74,1.2896860575084938e-06
Caribe,Antioquia,75,1.2912691084202603e-06
Caribe,Antioquia,76,1.3195187666446922e-06
Caribe,Antioquia,77,1.321324651413066e-06
Caribe,Antioquia,78,1.3217785953601846e-06
Caribe,Antioquia,79,1.32319992653514e-06
Caribe,Antioquia,80,1.3296555243054295e-06
Caribe,Antioquia,81,1.3291184928207777e-06
Caribe,Antioquia,82,1.3235121182010467e-06
Caribe,Antioquia,83,1.3215765111877995e-06
Caribe,Antioquia,84,1.2927619325260243e-06
Caribe,Antioquia,85,1.2911181189050925e-06
Caribe,Antioquia,86,1.2902143505424055e-06
Caribe,Antioquia,87,1.2893515772014936e-06
Caribe,Antioquia,88,1.2888566999877037e-06
Caribe,Antioquia,89,1.2878941664984626e-06
Caribe,Antioquia,90,1.2865887954726501e-06
Caribe,Antioquia,91,1.2846605197445583e-06
Caribe,Antioquia,92,5.986922330001916e-07
Caribe,Antioquia,93,5.984126359334639e-07
Caribe,Antioquia,94,5.98505476555568e-07
Caribe,Antioquia,95,5.988354361646478e-07
Caribe,Antioquia,96,6.007858097919697e-07
Caribe,Antioquia,97,1.2853932880611327e-07
Caribe,Antioquia,98,2.0973792191420486e-07
Caribe,Antioquia,99,2.0991399026094928e-07
Caribe,Antioquia,100,2.0998973999014194e-07
Caribe,Antioquia,101,2.1002306502557438e-07
Caribe,Antioquia,102,2.0999434691275154e-07
Caribe,Antioquia,103,2.0991279191078471e-07
Caribe,Antioquia,104,2.0989077839801813e-07
Caribe,Antioquia,105,1.2878925015483395e-07
Caribe,Antioquia,106,1.285432979719767e-07
Caribe,Antioquia,107,1.2846786170924169e-07
Caribe,Antioquia,108,1.282971855601236e-07
Caribe,Antioquia,109,1.2811934982905238e-07
Caribe,Antioquia,110,1.2811417952703432e-07
Caribe,Antioquia,111,1.2806717135100766e-07
Caribe,Antioquia,112,1.280218047840955e-07
Caribe,Antioquia,113,1.2800369089167502e-07
Caribe,Antioquia,114,1.280062524452273e-07
Caribe,Antioquia,115,1.2803876051129416e-07
Caribe,Antioquia,116,1.2798190771099058e-07
Caribe,Antioquia,117,1.2793906521649767e-07
Caribe,Antioquia,118,1.27969719816103e-07
Caribe,Antioquia,119,1.2802618799462193e-07
Caribe,Antioquia,120,1.2823694822923164e-07
Caribe,Antioquia,121,1.1531185556207232e-06
Caribe,Antioquia,122,1.153426161691099e-06
Caribe,Antioquia,123,1.1542452971001845e-06
Caribe,Antioquia,124,1.1548792129054917e-06
Caribe,Antioquia,125,1.1554232278385561e-06
Caribe,Antioquia,126,1.1557855606534573e-06
Caribe,Antioquia,127,1.1565944218106466e-06
Caribe,Antioquia,128,1.2011001338117117e-06
Caribe,Antioquia,129,1.15919469555147e-06
Caribe,Antioquia,130,1.1563276872108754e-06
Caribe,Antioquia,131,1.155538919851039e-06
Caribe,Antioquia,132,1.1549084229001728e-06
Caribe,Antioquia,133,1.154310154470658e-06
Caribe,Antioquia,134,1.1537727916339478e-06
Caribe,Antioquia,135,1.1533640794707613e-06
Caribe,Antioquia,136,1.1531881383278477e-06
Caribe,Antioquia,137,1.1529100312475224e-06
Caribe,Antioquia,138,1.1521336720856832e-06
Caribe,Antioquia,139,1.1314710398367108e-06
Caribe,Antioquia,140,1.1283810825249693e-06
Caribe,Antioquia,141,5.633215034067379e-07
Caribe,Antioquia,142,5.681232551973326e-07
Caribe,Antioquia,143,1.1276878899713946e-06
Caribe,Antioquia,144,1.1303435858929561e-06
Caribe,Antioquia,145,1.9528345505674657e-07
Caribe,Antioquia,146,1.9537910778679205e-07
Caribe,Antioquia,147,1.9544013852018306e-07
Caribe,Antioquia,148,1.954856270423586e-07
Caribe,Antioquia,149,1.955090797615603e-07
Caribe,Antioquia,150,1.9548807280031072e-07
Caribe,Antioquia,151,1.9543125232502908e-07
Caribe,Antioquia,152,1.9541611379369017e-07
Caribe,Antioquia,153,1.953406232863485e-07
Caribe,Antioquia,154,1.952718463503593e-07
Caribe,Antioquia,155,1.9522520021976676e-07
Caribe,Antioquia,156,1.9512440538035666e-07
Caribe,Antioquia,157,1.948085467491347e-07
Caribe,Antioquia,158,1.9479555654946386e-07
Caribe,Antioquia,159,1.9473353950099015e-07
Caribe,Antioquia,160,1.9467099364146897e-07
Caribe,Antioquia,161,1.9463873081763053e-07
Caribe,Antioquia,162,1.946462726295161e-07
Caribe,Antioquia,163,1.9466713375752355e-07
Caribe,Antioquia,164,1.6300144035621047e-07
Caribe,Antioquia,165,1.6300528648521827e-07
Caribe,Antioquia,166,1.9454392919987456e-07
Caribe,Antioquia,167,1.947048235390722e-07
Caribe,Antioquia,168,1.9513996816518442e-07
Caribe,Antioquia,169,1.2499875241354289e-06
Caribe,Antioquia,170,1.2521571041317446e-06
Caribe,Antioquia,171,1.2555244343542355e-06
Caribe,Antioquia,172,1.2566635094141138e-06
Caribe,Antioquia,173,1.2574609780333288e-06
Caribe,Antioquia,174,1.2577918928503862e-06
Caribe,Antioquia,175,1.2583174156775747e-06
Caribe,Antioquia,176,1.259390622019428e-06
Caribe,Antioquia,177,1.2587869501661483e-06
Caribe,Antioquia,178,1.2578863072835947e-06
Caribe,Antioquia,179,1.2570360643916284e-06
Caribe,Antioquia,180,1.2560046657473448e-06
Caribe,Antioquia,181,1.2542945840458673e-06
Caribe,Antioquia,182,1.25101925796491e-06
Caribe,Antioquia,183,1.24992459894204e-06
Caribe,Antioquia,184,1.2496643706222802e-06
Caribe,Antioquia,185,1.2492876736646156e-06
Caribe,Antioquia,186,1.249087895010767e-06
Caribe,Antioquia,187,1.2484603015484175e-06
Caribe,Antioquia,188,7.552537672917699e-07
Caribe,Antioquia,189,7.550708432208251e-07
Caribe,Antioquia,190,7.552274080965604e-07
Caribe,Antioquia,191,7.558220392194882e-07
Caribe,Antioquia,192,1.248165270423557e-06
Caribe,Antioquia,385,2.6777934479470298e-08
Caribe,Antioquia,386,2.678821553177841e-08
Caribe,Antioquia,387,2.6986453806799878e-08
Caribe,Antioquia,388,2.6996426720613e-08
Caribe,Antioquia,389,2.736521951697026e-08
Caribe,Antioquia,390,2.701525250246205e-08
Caribe,Antioquia,391,2.73768599644759e-08
Caribe,Antioquia,392,2.753768528865914e-08
Caribe,Antioquia,393,1.2258909897305292e-07
Caribe,Antioquia,394,1.22731380223402e-07
Caribe,Antioquia,395,1.227732179805172e-07
Caribe,Antioquia,396,1.2275631675369698e-07
Caribe,Antioquia,397,1.2267671609003024e-07
Caribe,Antioquia,398,2.776640980835523e-08
Caribe,Antioquia,399,2.739270143936704e-08
Caribe,Antioquia,400,2.6794215348402413e-08
Caribe,Antioquia,401,2.3614306127088933e-08
Caribe,Antioquia,402,2.3595877271103644e-08
Caribe,Antioquia,403,2.358700659977347e-08
Caribe,Antioquia,404,2.358332495118421e-08
Caribe,Antioquia,405,2.3582272489590804e-08
Caribe,Antioquia,406,2.3584232467024575e-08
Caribe,Antioquia,407,2.3589687393822332e-08
Caribe,Antioquia,408,2.360569358022234e-08
Caribe,Antioquia,409,3.974969207641991e-07
Caribe,Antioquia,410,3.9806414485335616e-07
Caribe,Antioquia,411,4.0540865655340646e-07
Caribe,Antioquia,412,4.057105096407385e-07
Caribe,Antioquia,413,4.197521806540361e-07
Caribe,Antioquia,414,4.0572996793798905e-07
Caribe,Antioquia,415,4.056779879469851e-07
Caribe,Antioquia,416,4.206374965102708e-07
Caribe,Antioquia,417,4.2439148806247355e-07
Caribe,Antioquia,418,5.403466731050678e-07
Caribe,Antioquia,419,5.409840982074884e-07
Caribe,Antioquia,420,5.408562475331496e-07
Caribe,Antioquia,421,4.2490192740571984e-07
Caribe,Antioquia,422,4.238533057561709e-07
Caribe,Antioquia,423,4.0593384418098135e-07
Caribe,Antioquia,424,3.977385910531095e-07
Caribe,Antioquia,425,2.974247744360329e-07
Caribe,Antioquia,426,2.9720403592469143e-07
Caribe,Antioquia,427,2.972011535273445e-07
Caribe,Antioquia,428,2.969506773646578e-07
Caribe,Antioquia,429,2.9683477110521127e-07
Caribe,Antioquia,430,2.970631464217784e-07
Caribe,Antioquia,431,2.97231569365553e-07
Caribe,Antioquia,432,2.974732501047262e-07
Caribe,Antioquia,433,3.643195294827407e-08
Caribe,Antioquia,434,3.6447147562915676e-08
Caribe,Antioquia,435,3.681338020972372e-08
Caribe,Antioquia,436,3.682636723772219e-08
Caribe,Antioquia,437,3.75176437260048e-08
Caribe,Antioquia,438,3.6842059377606966e-08
Caribe,Antioquia,439,3.68414930059333e-08
Caribe,Antioquia,440,3.759857453933443e-08
Caribe,Antioquia,441,3.783474932509746e-08
Caribe,Antioquia,442,3.801417953950423e-08
Caribe,Antioquia,443,1.0582015123760229e-07
Caribe,Antioquia,444,3.804669684212197e-08
Caribe,Antioquia,445,3.7794822387362035e-08
Caribe,Antioquia,446,3.758197601149152e-08
Caribe,Antioquia,447,3.683240627443503e-08
Caribe,Antioquia,448,3.644314474964112e-08
Caribe,Antioquia,449,3.0785571688094203e-08
Caribe,Antioquia,450,3.076736674810046e-08
Caribe,Antioquia,451,3.076732590690144e-08
Caribe,Antioquia,452,3.075163944433216e-08
Caribe,Antioquia,453,3.0748967733659664e-08
Caribe,Antioquia,454,3.075157472984946e-08
Caribe,Antioquia,455,3.075880888079072e-08
Caribe,Antioquia,456,3.078191098849725e-08
Caribe,Antioquia,457,3.978751912667719e-07
Caribe,Antioquia,458,3.984119044456521e-07
Caribe,Antioquia,459,4.0570270221298203e-07
Caribe,Antioquia,460,4.0603214785674735e-07
Caribe,Antioquia,461,4.0619375060833664e-07
Caribe,Antioquia,462,4.059415789747637e-07
Caribe,Antioquia,463,4.054056308076113e-07
Caribe,Antioquia,464,4.204740260092961e-07
Caribe,Antioquia,465,4.2105404422175315e-07
Caribe,Antioquia,466,4.2411684057840416e-07
Caribe,Antioquia,467,4.245517247505205e-07
Caribe,Antioquia,468,4.2425003763832327e-07
Caribe,Antioquia,469,4.209720973387302e-07
Caribe,Antioquia,470,4.205921290342814e-07
Caribe,Antioquia,471,3.986686674765716e-07
Caribe,Antioquia,472,2.98712240337779e-07
Caribe,Antioquia,473,2.976391847714864e-07
Caribe,Antioquia,474,2.9746492819736577e-07
Caribe,Antioquia,475,2.974953431777809e-07
Caribe,Antioquia,476,2.9718893946460376e-07
Caribe,Antioquia,477,2.9701292337177944e-07
Caribe,Antioquia,478,2.972312140090537e-07
Caribe,Antioquia,479,2.9750404420636064e-07
Caribe,Antioquia,480,2.977925238522928e-07
Caribe,Antioquia,481,3.6823663703550464e-08
Caribe,Antioquia,482,3.752754707796566e-08
Caribe,Antioquia,483,3.7541662217988294e-08
Caribe,Antioquia,484,3.755195059264513e-08
Caribe,Antioquia,485,3.7557746893742853e-08
Caribe,Antioquia,486,3.7568854321868116e-08
Caribe,Antioquia,487,3.7572520070414326e-08
Caribe,Antioquia,488,3.760498052944731e-08
Caribe,Antioquia,489,3.761813563938148e-08
Caribe,Antioquia,490,3.762617518275489e-08
Caribe,Antioquia,491,3.7646774575776575e-08
Caribe,Antioquia,492,3.762258816820823e-08
Caribe,Antioquia,493,3.7591047101536494e-08
Caribe,Antioquia,494,3.757429420586927e-08
Caribe,Antioquia,495,3.754717942851029e-08
Caribe,Antioquia,496,3.6828954759485756e-08
Caribe,Antioquia,497,3.645926296306723e-08
Caribe,Antioquia,498,3.6434126597413014e-08
Caribe,Antioquia,499,3.643795079789624e-08
Caribe,Antioquia,500,3.0782856232067505e-08
Caribe,Antioquia,501,3.0772987444926535e-08
Caribe,Antioquia,502,3.0778036712469446e-08
Caribe,Antioquia,503,3.0798232902701994e-08
Caribe,Antioquia,504,3.6452706359158415e-08
Caribe,Antioquia,505,3.996032316493468e-07
Caribe,Antioquia,506,4.0704805563411355e-07
Caribe,Antioquia,507,4.0730013042993825e-07
Caribe,Antioquia,508,4.0748074489837145e-07
Caribe,Antioquia,509,4.075886038449141e-07
Caribe,Antioquia,510,4.0748500639258155e-07
Caribe,Antioquia,511,4.0743847579334024e-07
Caribe,Antioquia,512,4.0785923582901336e-07
Caribe,Antioquia,513,4.0805625194075986e-07
Caribe,Antioquia,514,4.0828927159685654e-07
Caribe,Antioquia,515,4.2240914309739677e-07
Caribe,Antioquia,516,4.0843141943103296e-07
Caribe,Antioquia,517,4.078581339151751e-07
Caribe,Antioquia,518,4.0764784296568086e-07
Caribe,Antioquia,519,4.0714454147138483e-07
Caribe,Antioquia,520,3.993081565468524e-07
Caribe,Antioquia,521,2.987191063938794e-07
Caribe,Antioquia,522,2.9847646913403197e-07
Caribe,Antioquia,523,2.985104142591373e-07
Caribe,Antioquia,524,2.983568121546453e-07
Caribe,Antioquia,525,2.982414613078632e-07
Caribe,Antioquia,526,2.9832117144887225e-07
Caribe,Antioquia,527,2.984803263196019e-07
Caribe,Antioquia,528,3.9865785685891666e-07
Caribe,Antioquia,529,3.177386444316076e-08
Caribe,Antioquia,530,3.781523587826359e-08
Caribe,Antioquia,531,3.7827310093793644e-08
Caribe,Antioquia,532,3.783558201073178e-08
Caribe,Antioquia,533,3.784148853402961e-08
Caribe,Antioquia,534,3.7849117445004883e-08
Caribe,Antioquia,535,3.784615284889148e-08
Caribe,Antioquia,536,3.8246983327013556e-08
Caribe,Antioquia,537,3.8253413875316106e-08
Caribe,Antioquia,538,3.8255640674745605e-08
Caribe,Antioquia,539,3.82623802009932e-08
Caribe,Antioquia,540,3.8252129614391234e-08
Caribe,Antioquia,541,3.785488441246635e-08
Caribe,Antioquia,542,3.784212156605485e-08
Caribe,Antioquia,543,3.781823301288718e-08
Caribe,Antioquia,544,3.17699286612851e-08
Caribe,Antioquia,545,3.1753167818439593e-08
Caribe,Antioquia,546,3.1744649696701515e-08
Caribe,Antioquia,547,3.17434306477672e-08
Caribe,Antioquia,548,3.1728823621625005e-08
Caribe,Antioquia,549,3.1728647455641584e-08
Caribe,Antioquia,550,3.173173487471389e-08
Caribe,Antioquia,551,3.173881907944543e-08
Caribe,Antioquia,552,3.175363820577927e-08
Caribe,Antioquia,553,4.93791755188291e-07
Caribe,Antioquia,554,4.941299448182813e-07
Caribe,Antioquia,555,4.943337521687958e-07
Caribe,Antioquia,556,4.944791258973821e-07
Caribe,Antioquia,557,4.94553966202853e-07
Caribe,Antioquia,558,4.9445600041692e-07
Caribe,Antioquia,559,4.943166633342384e-07
Caribe,Antioquia,560,4.945187456691961e-07
Caribe,Antioquia,561,4.945732305483334e-07
Caribe,Antioquia,562,4.946409130023821e-07
Caribe,Antioquia,563,4.947169851059408e-07
Caribe,Antioquia,564,4.946335911385663e-07
Caribe,Antioquia,565,4.944159239267291e-07
Caribe,Antioquia,566,4.942550682762031e-07
Caribe,Antioquia,567,4.938843057452741e-07
Caribe,Antioquia,568,4.934075541531161e-07
Caribe,Antioquia,569,4.929597759905031e-07
Caribe,Antioquia,570,4.926876949927135e-07
Caribe,Antioquia,571,4.927206871432684e-07
Caribe,Antioquia,572,4.117572772675386e-07
Caribe,Antioquia,573,4.117970323028812e-07
Caribe,Antioquia,574,4.922802640789203e-07
Caribe,Antioquia,575,4.929330313912167e-07
Caribe,Antioquia,576,4.934382406373802e-07
Caribe,Antioquia,1345,8.945758130075896e-07
Caribe,Antioquia,1346,8.95031520635832e-07
Caribe,Antioquia,1347,8.962227727371051e-07
Caribe,Antioquia,1348,1.3681490731849195e-06
Caribe,Antioquia,1349,1.3702491674097873e-06
Caribe,Antioquia,1350,1.3686074642644156e-06
Caribe,Antioquia,1351,1.3682744035739676e-06
Caribe,Antioquia,1352,1.3741814346471962e-06
Caribe,Antioquia,1353,1.375064276193798e-06
Caribe,Antioquia,1354,1.375298040227465e-06
Caribe,Antioquia,1355,1.375640420477548e-06
Caribe,Antioquia,1356,1.3754956592795285e-06
Caribe,Antioquia,1357,1.375259148417577e-06
Caribe,Antioquia,1358,1.3748563622208571e-06
Caribe,Antioquia,1359,1.372289387646951e-06
Caribe,Antioquia,1360,8.948397016873204e-07
Caribe,Antioquia,1361,8.930182172762994e-07
Caribe,Antioquia,1362,1.6821956487121835e-08
Caribe,Antioquia,1363,5.034868747713475e-07
Caribe,Antioquia,1364,1.6605846099461686e-08
Caribe,Antioquia,1365,1.659857507480891e-08
Caribe,Antioquia,1366,1.660540585594236e-08
Caribe,Antioquia,1367,1.664290355801708e-08
Caribe,Antioquia,1368,8.93468031899181e-07
Caribe,Antioquia,1369,8.204677415495793e-07
Caribe,Antioquia,1370,8.21776924253642e-07
Caribe,Antioquia,1371,8.234925516690141e-07
Caribe,Antioquia,1372,1.2536167325571017e-06
Caribe,Antioquia,1373,1.2554410368072e-06
Caribe,Antioquia,1374,1.252806115071189e-06
Caribe,Antioquia,1375,8.236203183286357e-07
Caribe,Antioquia,1376,1.2572447608811188e-06
Caribe,Antioquia,1377,1.2586520396074557e-06
Caribe,Antioquia,1378,1.2589336530707748e-06
Caribe,Antioquia,1379,1.2595779217714713e-06
Caribe,Antioquia,1380,1.2591956119113895e-06
Caribe,Antioquia,1381,1.2582122088474144e-06
Caribe,Antioquia,1382,1.2571620242602071e-06
Caribe,Antioquia,1383,8.231531711363425e-07
Caribe,Antioquia,1384,8.200944646428366e-07
Caribe,Antioquia,1385,4.349716234262083e-07
Caribe,Antioquia,1386,4.321144710010822e-07
Caribe,Antioquia,1387,4.343539921964907e-07
Caribe,Antioquia,1388,4.3159386408561206e-07
Caribe,Antioquia,1389,4.314347562096542e-07
Caribe,Antioquia,1390,4.316960477405398e-07
Caribe,Antioquia,1391,4.323185126575893e-07
Caribe,Antioquia,1392,4.412814896432581e-07
Caribe,Antioquia,1393,1.771093094153469e-07
Caribe,Antioquia,1394,1.7721638890575366e-07
Caribe,Antioquia,1395,1.773010088696719e-07
Caribe,Antioquia,1396,1.7742622893183743e-07
Caribe,Antioquia,1397,2.6981679449608304e-07
Caribe,Antioquia,1398,1.7745697690319924e-07
Caribe,Antioquia,1399,1.773700753026763e-07
Caribe,Antioquia,1400,2.7115226664857906e-07
Caribe,Antioquia,1401,2.7134575492291435e-07
Caribe,Antioquia,1402,2.7142873200994173e-07
Caribe,Antioquia,1403,2.7148213887288007e-07
Caribe,Antioquia,1404,2.714355578009603e-07
Caribe,Antioquia,1405,2.71274003526316e-07
Caribe,Antioquia,1406,2.71005122431408e-07
Caribe,Antioquia,1407,1.7728170903723016e-07
Caribe,Antioquia,1408,1.770958429120176e-07
Caribe,Antioquia,1409,3.843926424455849e-08
Caribe,Antioquia,1410,3.820580138548117e-08
Caribe,Antioquia,1411,3.8246771254449645e-08
Caribe,Antioquia,1412,3.804290793143725e-08
Caribe,Antioquia,1413,3.802834086140889e-08
Caribe,Antioquia,1414,3.803831540372954e-08
Caribe,Antioquia,1415,3.8074387065028236e-08
Caribe,Antioquia,1416,1.7650709539391914e-07
Caribe,Antioquia,1417,7.479147413471808e-07
Caribe,Antioquia,1418,7.492256563735697e-07
Caribe,Antioquia,1419,7.501905363642695e-07
Caribe,Antioquia,1420,7.515819915097711e-07
Caribe,Antioquia,1421,7.527793551839712e-07
Caribe,Antioquia,1422,7.507376935789556e-07
Caribe,Antioquia,1423,7.494801935405933e-07
Caribe,Antioquia,1424,7.534026982190946e-07
Caribe,Antioquia,1425,1.145154770320215e-06
Caribe,Antioquia,1426,1.146239164197357e-06
Caribe,Antioquia,1427,1.146844394373454e-06
Caribe,Antioquia,1428,1.1462619466895468e-06
Caribe,Antioquia,1429,1.1443371163701597e-06
Caribe,Antioquia,1430,7.529643942653284e-07
Caribe,Antioquia,1431,7.488492180948474e-07
Caribe,Antioquia,1432,7.466728681278993e-07
Caribe,Antioquia,1433,7.11117237064167e-07
Caribe,Antioquia,1434,7.09318445811915e-07
Caribe,Antioquia,1435,7.109491804508627e-07
Caribe,Antioquia,1436,6.826383890545821e-07
Caribe,Antioquia,1437,6.822647164962251e-07
Caribe,Antioquia,1438,6.825787500238905e-07
Caribe,Antioquia,1439,7.106540526401412e-07
Caribe,Antioquia,1440,7.173395600652293e-07
Caribe,Antioquia,1441,1.772211440883217e-07
Caribe,Antioquia,1442,1.7801123517688536e-07
Caribe,Antioquia,1443,1.7825134549457879e-07
Caribe,Antioquia,1444,1.7836152070240853e-07
Caribe,Antioquia,1445,1.7844200854675837e-07
Caribe,Antioquia,1446,1.7846642709237545e-07
Caribe,Antioquia,1447,1.7846696860426263e-07
Caribe,Antioquia,1448,2.7100505348954893e-07
Caribe,Antioquia,1449,2.711347659425215e-07
Caribe,Antioquia,1450,2.711738678214615e-07
Caribe,Antioquia,1451,2.7124067563457654e-07
Caribe,Antioquia,1452,2.711104048128744e-07
Caribe,Antioquia,1453,1.7853936518162703e-07
Caribe,Antioquia,1454,1.7832273397647373e-07
Caribe,Antioquia,1455,1.7729753078415824e-07
Caribe,Antioquia,1456,1.7711586250087095e-07
Caribe,Antioquia,1457,1.7687554833447076e-07
Caribe,Antioquia,1458,3.8645539333562424e-08
Caribe,Antioquia,1459,1.7692053113537333e-07
Caribe,Antioquia,1460,3.8261818059003134e-08
Caribe,Antioquia,1461,3.806963803358877e-08
Caribe,Antioquia,1462,3.8195387528469666e-08
Caribe,Antioquia,1463,3.884479312975041e-08
Caribe,Antioquia,1464,1.7707160185135368e-07
Caribe,Antioquia,1465,7.457320526621956e-07
Caribe,Antioquia,1466,7.473746040904346e-07
Caribe,Antioquia,1467,7.483102286033214e-07
Caribe,Antioquia,1468,7.493804983900459e-07
Caribe,Antioquia,1469,7.492784798832709e-07
Caribe,Antioquia,1470,7.485028775744777e-07
Caribe,Antioquia,1471,7.482094411984763e-07
Caribe,Antioquia,1472,7.495106013361721e-07
Caribe,Antioquia,1473,7.500380741659165e-07
Caribe,Antioquia,1474,7.512180245681151e-07
Caribe,Antioquia,1475,7.555905214164328e-07
Caribe,Antioquia,1476,7.508979032115664e-07
Caribe,Antioquia,1477,7.490168645174303e-07
Caribe,Antioquia,1478,7.480796640764664e-07
Caribe,Antioquia,1479,7.461598311439107e-07
Caribe,Antioquia,1480,7.446065381073518e-07
Caribe,Antioquia,1481,7.437370255592827e-07
Caribe,Antioquia,1482,7.377021860544738e-07
Caribe,Antioquia,1483,7.439598949193425e-07
Caribe,Antioquia,1484,7.377884173654062e-07
Caribe,Antioquia,1485,7.372652690311989e-07
Caribe,Antioquia,1486,7.377029987836521e-07
Caribe,Antioquia,1487,7.439629910674627e-07
Caribe,Antioquia,1488,7.448730756601475e-07
Caribe,Antioquia,1489,5.661265508032159e-08
Caribe,Antioquia,1490,5.684865312188684e-08
Caribe,Antioquia,1491,1.472448436932495e-07
Caribe,Antioquia,1492,1.4728299136088427e-07
Caribe,Antioquia,1493,1.4729975667344227e-07
Caribe,Antioquia,1494,1.4730388266104447e-07
Caribe,Antioquia,1495,1.4727866995235612e-07
Caribe,Antioquia,1496,1.4731369010584392e-07
Caribe,Antioquia,1497,1.4731605545026814e-07
Caribe,Antioquia,1498,1.4731041719625265e-07
Caribe,Antioquia,1499,1.473092800792224e-07
Caribe,Antioquia,1500,1.4727751468303764e-07
Caribe,Antioquia,1501,1.4535218660450492e-07
Caribe,Antioquia,1502,5.667278870419829e-08
Caribe,Antioquia,1503,5.6385597058998115e-08
Caribe,Antioquia,1504,5.531185971077245e-08
Caribe,Antioquia,1505,5.528405988081576e-08
Caribe,Antioquia,1506,5.528202781983115e-08
Caribe,Antioquia,1507,5.530028694488207e-08
Caribe,Antioquia,1508,5.4716601059831093e-08
Caribe,Antioquia,1509,5.4715586016372146e-08
Caribe,Antioquia,1510,5.525959342558168e-08
Caribe,Antioquia,1511,5.529560307090433e-08
Caribe,Antioquia,1512,5.532740719615304e-08
Caribe,Antioquia,1513,7.3768582360292e-07
Caribe,Antioquia,1514,7.385993009410411e-07
Caribe,Antioquia,1515,7.392127231950349e-07
Caribe,Antioquia,1516,7.561685979722031e-07
Caribe,Antioquia,1517,7.565457482742905e-07
Caribe,Antioquia,1518,7.558232196596218e-07
Caribe,Antioquia,1519,7.389279296800638e-07
Caribe,Antioquia,1520,7.39431703472373e-07
Caribe,Antioquia,1521,7.397138749319303e-07
Caribe,Antioquia,1522,7.394288464190269e-07
Caribe,Antioquia,1523,7.759513289376861e-07
Caribe,Antioquia,1524,7.389594330081901e-07
Caribe,Antioquia,1525,7.381533497753256e-07
Caribe,Antioquia,1526,7.375963392558777e-07
Caribe,Antioquia,1527,7.365433224394984e-07
Caribe,Antioquia,1528,7.348626373143491e-07
Caribe,Antioquia,1529,7.335499903771672e-07
Caribe,Antioquia,1530,7.333108873080344e-07
Caribe,Antioquia,1531,7.343980083351359e-07
Caribe,Antioquia,1532,2.6939687387545064e-07
Caribe,Antioquia,1533,7.29321337087683e-07
Caribe,Antioquia,1534,7.336525155828686e-07
Caribe,Antioquia,1535,7.350549296759066e-07
Caribe,Antioquia,1536,7.366145382692505e-07
Caribe,Antioquia,2305,7.19797707688997e-06
Caribe,Antioquia,2306,7.207436000388538e-06
Caribe,Antioquia,2307,7.211189281865165e-06
Caribe,Antioquia,2308,7.2141511453646295e-06
Caribe,Antioquia,2309,7.215438923694007e-06
Caribe,Antioquia,2310,7.213751744102211e-06
Caribe,Antioquia,2311,7.2116546530819585e-06
Caribe,Antioquia,2312,7.220083409266539e-06
Caribe,Antioquia,2313,7.2304223755600665e-06
Caribe,Antioquia,2314,7.239695858721285e-06
Caribe,Antioquia,2315,7.264001486730789e-06
Caribe,Antioquia,2316,7.245144475096675e-06
Caribe,Antioquia,2317,7.2293788956052296e-06
Caribe,Antioquia,2318,7.2221272600641315e-06
Caribe,Antioquia,2319,7.2125054044204965e-06
Caribe,Antioquia,2320,7.198967853665527e-06
Caribe,Antioquia,2321,7.1942763484014335e-06
Caribe,Antioquia,2322,7.096413177880912e-06
Caribe,Antioquia,2323,7.174683914282776e-06
Caribe,Antioquia,2324,1.727886435936078e-07
Caribe,Antioquia,2325,1.7263214470246057e-07
Caribe,Antioquia,2326,1.7272743330966663e-07
Caribe,Antioquia,2327,1.7306570165982516e-07
Caribe,Antioquia,2328,7.1769490018799716e-06
Caribe,Antioquia,2329,4.2869398852904466e-05
Caribe,Antioquia,2330,4.2855677449369634e-05
Caribe,Antioquia,2331,4.29042270459267e-05
Caribe,Antioquia,2332,4.293464883338118e-05
Caribe,Antioquia,2333,4.295783514264944e-05
Caribe,Antioquia,2334,4.294995431280539e-05
Caribe,Antioquia,2335,4.294404085151336e-05
Caribe,Antioquia,2336,4.3082496979338906e-05
Caribe,Antioquia,2337,4.3342200882280055e-05
Caribe,Antioquia,2338,4.337613054014625e-05
Caribe,Antioquia,2339,4.528625505675474e-05
Caribe,Antioquia,2340,4.349883102925422e-05
Caribe,Antioquia,2341,4.315230622365591e-05
Caribe,Antioquia,2342,4.304050187077303e-05
Caribe,Antioquia,2343,4.29637679152949e-05
Caribe,Antioquia,2344,4.289591583907134e-05
Caribe,Antioquia,2345,4.282284518345445e-05
Caribe,Antioquia,2346,4.277742488895296e-05
Caribe,Antioquia,2347,4.278237342862273e-05
Caribe,Antioquia,2348,4.1939257357080694e-05
Caribe,Antioquia,2349,4.093144704106585e-05
Caribe,Antioquia,2350,4.199361590380465e-05
Caribe,Antioquia,2351,4.259923860896433e-05
Caribe,Antioquia,2352,4.277073422774997e-05
Caribe,Antioquia,2353,4.138414754473266e-07
Caribe,Antioquia,2354,4.1402056689218e-07
Caribe,Antioquia,2355,4.1411294773093595e-07
Caribe,Antioquia,2356,4.141948894895727e-07
Caribe,Antioquia,2357,4.14243385169976e-07
Caribe,Antioquia,2358,4.142174094043607e-07
Caribe,Antioquia,2359,4.1410851838495844e-07
Caribe,Antioquia,2360,4.143542598768997e-07
Caribe,Antioquia,2361,4.144987268926241e-07
Caribe,Antioquia,2362,4.146650929639731e-07
Caribe,Antioquia,2363,4.1486360018802007e-07
Caribe,Antioquia,2364,4.1472770791075275e-07
Caribe,Antioquia,2365,4.144550056444559e-07
Caribe,Antioquia,2366,4.143055991453153e-07
Caribe,Antioquia,2367,4.140507436331367e-07
Caribe,Antioquia,2368,4.137585588815526e-07
Caribe,Antioquia,2369,4.1342909054912553e-07
Caribe,Antioquia,2370,4.133270165329688e-07
Caribe,Antioquia,2371,4.1351320839030224e-07
Caribe,Antioquia,2372,4.1306720452353333e-07
Caribe,Antioquia,2373,4.1280097565893973e-07
Caribe,Antioquia,2374,4.129667760045441e-07
Caribe,Antioquia,2375,4.13257729000887e-07
Caribe,Antioquia,2376,4.136035580265699e-07
Caribe,Antioquia,2377,2.1124064725805852e-06
Caribe,Antioquia,2378,2.1129461676063744e-06
Caribe,Antioquia,2379,2.1154451211859616e-06
Caribe,Antioquia,2380,2.1168781361161578e-06
Caribe,Antioquia,2381,2.1174292078531e-06
Caribe,Antioquia,2382,2.1173048661802394e-06
Caribe,Antioquia,2383,2.1164000223620643e-06
Caribe,Antioquia,2384,2.1193709112826494e-06
Caribe,Antioquia,2385,2.1205802314483346e-06
Caribe,Antioquia,2386,2.121594543035506e-06
Caribe,Antioquia,2387,2.122494297759447e-06
Caribe,Antioquia,2388,2.1207637997128906e-06
Caribe,Antioquia,2389,2.1183711938095872e-06
Caribe,Antioquia,2390,2.11656711291198e-06
Caribe,Antioquia,2391,2.114435644608081e-06
Caribe,Antioquia,2392,2.112157110552722e-06
Caribe,Antioquia,2393,2.107759068500174e-06
Caribe,Antioquia,2394,2.1023089336925645e-06
Caribe,Antioquia,2395,2.106815889688549e-06
Caribe,Antioquia,2396,2.0885240353833295e-06
Caribe,Antioquia,2397,2.0781067835520785e-06
Caribe,Antioquia,2398,2.088565816757144e-06
Caribe,Antioquia,2399,2.098325400901217e-06
Caribe,Antioquia,2400,2.1074372246885512e-06
Caribe,Antioquia,2401,3.5432557408614585e-07
Caribe,Antioquia,2402,3.544643197121607e-07
Caribe,Antioquia,2403,3.545505526743418e-07
Caribe,Antioquia,2404,3.546377923948087e-07
Caribe,Antioquia,2405,3.546887108147283e-07
Caribe,Antioquia,2406,3.547311848026545e-07
Caribe,Antioquia,2407,3.546983887368663e-07
Caribe,Antioquia,2408,3.5481883660518377e-07
Caribe,Antioquia,2409,3.548534171110026e-07
Caribe,Antioquia,2410,3.5487215952819624e-07
Caribe,Antioquia,2411,3.5491059175629943e-07
Caribe,Antioquia,2412,3.5483341086240166e-07
Caribe,Antioquia,2413,3.5466433106519064e-07
Caribe,Antioquia,2414,3.54538545420397e-07
Caribe,Antioquia,2415,3.543339774403355e-07
Caribe,Antioquia,2416,3.5404050571115705e-07
Caribe,Antioquia,2417,3.537753292590733e-07
Caribe,Antioquia,2418,3.5375067682960823e-07
Caribe,Antioquia,2419,3.540188698737312e-07
Caribe,Antioquia,2420,3.5378087669021764e-07
Caribe,Antioquia,2421,3.5352882438027045e-07
Caribe,Antioquia,2422,3.536659517558731e-07
Caribe,Antioquia,2423,3.5389086651126334e-07
Caribe,Antioquia,2424,3.541378301565505e-07
Caribe,Antioquia,2425,1.9818122114550377e-06
Caribe,Antioquia,2426,1.9822645479459155e-06
Caribe,Antioquia,2427,1.983620577134857e-06
Caribe,Antioquia,2428,1.984985191242085e-06
Caribe,Antioquia,2429,1.9844119217222726e-06
Caribe,Antioquia,2430,1.9838679373314976e-06
Caribe,Antioquia,2431,1.9850075728778294e-06
Caribe,Antioquia,2432,1.9867536829176226e-06
Caribe,Antioquia,2433,1.987073871492988e-06
Caribe,Antioquia,2434,1.9881988435393923e-06
Caribe,Antioquia,2435,1.9886275060108238e-06
Caribe,Antioquia,2436,1.987568131574417e-06
Caribe,Antioquia,2437,1.9861472362308573e-06
Caribe,Antioquia,2438,1.9846817360820665e-06
Caribe,Antioquia,2439,1.9829505630064623e-06
Caribe,Antioquia,2440,1.9804623585930696e-06
Caribe,Antioquia,2441,1.9775184329720343e-06
Caribe,Antioquia,2442,1.975233128148932e-06
Caribe,Antioquia,2443,1.9784483040160715e-06
Caribe,Antioquia,2444,1.9743809852452402e-06
Caribe,Antioquia,2445,1.972989576142182e-06
Caribe,Antioquia,2446,1.9757378938105255e-06
Caribe,Antioquia,2447,1.977885834164089e-06
Caribe,Antioquia,2448,1.980293663015005e-06
Caribe,Antioquia,2449,2.567549252322051e-07
Caribe,Antioquia,2450,2.568902964098552e-07
Caribe,Antioquia,2451,2.569413435401091e-07
Caribe,Antioquia,2452,2.56976972175279e-07
Caribe,Antioquia,2453,2.569957171137638e-07
Caribe,Antioquia,2454,2.569911453920791e-07
Caribe,Antioquia,2455,2.569453237640718e-07
Caribe,Antioquia,2456,2.5696836190435457e-07
Caribe,Antioquia,2457,2.5697853112495375e-07
Caribe,Antioquia,2458,2.5697362874400387e-07
Caribe,Antioquia,2459,2.5697190421383344e-07
Caribe,Antioquia,2460,2.5689478321962607e-07
Caribe,Antioquia,2461,2.5668217272109337e-07
Caribe,Antioquia,2462,2.55824475800444e-07
Caribe,Antioquia,2463,2.540664945471651e-07
Caribe,Antioquia,2464,1.2337383114586982e-07
Caribe,Antioquia,2465,1.233081747835967e-07
Caribe,Antioquia,2466,2.522752293048051e-07
Caribe,Antioquia,2467,2.541172492748913e-07
Caribe,Antioquia,2468,1.2782188714640946e-07
Caribe,Antioquia,2469,2.529629328005215e-07
Caribe,Antioquia,2470,2.539146456351751e-07
Caribe,Antioquia,2471,2.5415035217353406e-07
Caribe,Antioquia,2472,2.5647992679000574e-07
Caribe,Antioquia,2473,1.537244914386536e-06
Caribe,Antioquia,2474,1.5367632604254576e-06
Caribe,Antioquia,2475,1.5375699146866738e-06
Caribe,Antioquia,2476,1.5382708875945668e-06
Caribe,Antioquia,2477,1.5386762993101908e-06
Caribe,Antioquia,2478,1.5385147676129436e-06
Caribe,Antioquia,2479,1.5383891932649032e-06
Caribe,Antioquia,2480,1.5387179107232255e-06
Caribe,Antioquia,2481,1.538522639241376e-06
Caribe,Antioquia,2482,1.5380067644906562e-06
Caribe,Antioquia,2483,1.5378271143163952e-06
Caribe,Antioquia,2484,1.5367373399219544e-06
Caribe,Antioquia,2485,1.5349070636414123e-06
Caribe,Antioquia,2486,1.5328014867791139e-06
Caribe,Antioquia,2487,1.5295859613422032e-06
Caribe,Antioquia,2488,1.5272384351725742e-06
Caribe,Antioquia,2489,1.5261216678864492e-06
Caribe,Antioquia,2490,1.5279574161474423e-06
Caribe,Antioquia,2491,1.5293113689982938e-06
Caribe,Antioquia,2492,1.5221103044287695e-06
Caribe,Antioquia,2493,1.5261588408408243e-06
Caribe,Antioquia,2494,1.5289230020924461e-06
Caribe,Antioquia,2495,1.532212636439892e-06
Caribe,Antioquia,2496,1.5351621426895988e-06
Caribe,Antioquia,3265,250.05899356466983
Caribe,Antioquia,3266,439.9057581621023
Caribe,Antioquia,3267,538.7927890847601
Caribe,Antioquia,3268,624.0447139007405
Caribe,Antioquia,3269,651.9595819842732
Caribe,Antioquia,3270,594.8919338062009
Caribe,Antioquia,3271,502.0848025718797
Caribe,Antioquia,3272,673.9503090147284
Caribe,Antioquia,3273,798.7972434539671
Caribe,Antioquia,3274,831.3645867452
Caribe,Antioquia,3275,898.9994380338462
Caribe,Antioquia,3276,818.4296881342487
Caribe,Antioquia,3277,691.4239618352145
Caribe,Antioquia,3278,601.5325063440122
Caribe,Antioquia,3279,407.0409576122035
Caribe,Antioquia,3280,123.91933498945342
Caribe,Antioquia,3281,8.599088420278988e-06
Caribe,Antioquia,3282,8.609609604363545e-06
Caribe,Antioquia,3283,81.5377268866841
Caribe,Antioquia,3284,8.578022588979982e-06
Caribe,Antioquia,3285,8.56775526320383e-06
Caribe,Antioquia,3286,8.572022998004123e-06
Caribe,Antioquia,3287,8.596850296433184e-06
Caribe,Antioquia,3288,80.95574539565243
Caribe,Antioquia,3289,569.7934363466574
Caribe,Antioquia,3290,598.1072856817973
Caribe,Antioquia,3291,748.1620164032787
Caribe,Antioquia,3292,831.8181368758006
Caribe,Antioquia,3293,932.9530417218762
Caribe,Antioquia,3294,957.0950138668726
Caribe,Antioquia,3295,998.0232583994158
Caribe,Antioquia,3296,1229.46463459588
Caribe,Antioquia,3297,1229.4646346016916
Caribe,Antioquia,3298,1229.4646345536987
Caribe,Antioquia,3299,1229.4646345489061
Caribe,Antioquia,3300,1229.464634533999
Caribe,Antioquia,3301,1229.46463450826
Caribe,Antioquia,3302,1229.4646343740385
Caribe,Antioquia,3303,1099.351966478966
Caribe,Antioquia,3304,925.6741013960134
Caribe,Antioquia,3305,796.6195317020517
Caribe,Antioquia,3306,758.3067164645892
Caribe,Antioquia,3307,770.8283795303336
Caribe,Antioquia,3308,400.11693398637124
Caribe,Antioquia,3309,243.03784337197985
Caribe,Antioquia,3310,220.7820949245896
Caribe,Antioquia,3311,248.72776796481494
Caribe,Antioquia,3312,338.6915496520451
Caribe,Antioquia,3313,219.7961158637022
Caribe,Antioquia,3314,397.3526177183339
Caribe,Antioquia,3315,483.21195569946406
Caribe,Antioquia,3316,562.8266529818932
Caribe,Antioquia,3317,609.4309528375599
Caribe,Antioquia,3318,534.0255392895745
Caribe,Antioquia,3319,360.9901320589141
Caribe,Antioquia,3320,554.3592343867023
Caribe,Antioquia,3321,610.5416597784102
Caribe,Antioquia,3322,683.5398111993325
Caribe,Antioquia,3323,751.9114560296173
Caribe,Antioquia,3324,685.0518853666601
Caribe,Antioquia,3325,507.5453220186068
Caribe,Antioquia,3326,397.5787275403006
Caribe,Antioquia,3327,186.01927812874038
Caribe,Antioquia,3328,7.936307187780985e-07
Caribe,Antioquia,3329,7.916976233614697e-07
Caribe,Antioquia,3330,7.916407138669905e-07
Caribe,Antioquia,3331,7.962248861133896e-07
Caribe,Antioquia,3332,7.911065791646732e-07
Caribe,Antioquia,3333,7.904552084298715e-07
Caribe,Antioquia,3334,7.908466644602978e-07
Caribe,Antioquia,3335,7.915520478938204e-07
Caribe,Antioquia,3336,26.742452514810097
Caribe,Antioquia,3337,261.79930988204103
Caribe,Antioquia,3338,279.2077368156357
Caribe,Antioquia,3339,450.62695043178826
Caribe,Antioquia,3340,547.1215931191197
Caribe,Antioquia,3341,576.6089831183702
Caribe,Antioquia,3342,565.9464190213578
Caribe,Antioquia,3343,449.6935047345395
Caribe,Antioquia,3344,608.8925449189759
Caribe,Antioquia,3345,644.197619133299
Caribe,Antioquia,3346,668.7171224690709
Caribe,Antioquia,3347,684.3084745087632
Caribe,Antioquia,3348,592.0314381308833
Caribe,Antioquia,3349,455.60017094768284
Caribe,Antioquia,3350,349.9365748973529
Caribe,Antioquia,3351,241.56452681546713
Caribe,Antioquia,3352,162.5614858279372
Caribe,Antioquia,3353,20.742813788832382
Caribe,Antioquia,3354,2.4845964417983383e-06
Caribe,Antioquia,3355,98.56421207336972
Caribe,Antioquia,3356,2.4757229202276795e-06
Caribe,Antioquia,3357,2.472768773298387e-06
Caribe,Antioquia,3358,2.474321121480525e-06
Caribe,Antioquia,3359,2.4804824747117025e-06
Caribe,Antioquia,3360,44.171072259629426
Caribe,Antioquia,3361,207.72772874681627
Caribe,Antioquia,3362,338.64783502368203
Caribe,Antioquia,3363,426.84057772528223
Caribe,Antioquia,3364,525.9720546343497
Caribe,Antioquia,3365,579.2543844774358
Caribe,Antioquia,3366,603.5929118274566
Caribe,Antioquia,3367,539.899649994171
Caribe,Antioquia,3368,572.1725056610804
Caribe,Antioquia,3369,551.7526244676691
Caribe,Antioquia,3370,528.7484022901641
Caribe,Antioquia,3371,527.1829827769524
Caribe,Antioquia,3372,448.1835473440731
Caribe,Antioquia,3373,270.77521603164945
Caribe,Antioquia,3374,144.4418943290812
Caribe,Antioquia,3375,17.655664277890885
Caribe,Antioquia,3376,7.881323604228545e-07
Caribe,Antioquia,3377,7.871818204050997e-07
Caribe,Antioquia,3378,7.873202824427439e-07
Caribe,Antioquia,3379,5.760279336398629
Caribe,Antioquia,3380,7.877407609357839e-07
Caribe,Antioquia,3381,7.86240293634852e-07
Caribe,Antioquia,3382,7.869759809226124e-07
Caribe,Antioquia,3383,7.88487606707881e-07
Caribe,Antioquia,3384,74.06198672269078
Caribe,Antioquia,3385,313.5615226362139
Caribe,Antioquia,3386,354.9038885851507
Caribe,Antioquia,3387,453.4504214686327
Caribe,Antioquia,3388,561.1320537253177
Caribe,Antioquia,3389,475.5727328091022
Caribe,Antioquia,3390,412.68874150030325
Caribe,Antioquia,3391,504.4973517212602
Caribe,Antioquia,3392,593.2672450104625
Caribe,Antioquia,3393,593.0829125257183
Caribe,Antioquia,3394,661.469636084372
Caribe,Antioquia,3395,663.1628531612082
Caribe,Antioquia,3396,592.4171114546776
Caribe,Antioquia,3397,512.5607979629419
Caribe,Antioquia,3398,411.2952192433132
Caribe,Antioquia,3399,296.01246839977523
Caribe,Antioquia,3400,140.16602463064592
Caribe,Antioquia,3401,26.735363325854525
Caribe,Antioquia,3402,4.423630450196147e-06
Caribe,Antioquia,3403,145.99813148984282
Caribe,Antioquia,3404,23.125078258462644
Caribe,Antioquia,3405,12.184872997137246
Caribe,Antioquia,3406,67.52126078557511
Caribe,Antioquia,3407,122.9387765636696
Caribe,Antioquia,3408,237.47454263661666
Caribe,Antioquia,3409,3.379240272741415e-07
Caribe,Antioquia,3410,3.3834311952154834e-07
Caribe,Antioquia,3411,3.3855804048402154e-07
Caribe,Antioquia,3412,3.387470264044105e-07
Caribe,Antioquia,3413,3.3886783071236e-07
Caribe,Antioquia,3414,3.3862344117846745e-07
Caribe,Antioquia,3415,3.3835738800793804e-07
Caribe,Antioquia,3416,3.3830492618105147e-07
Caribe,Antioquia,3417,3.382612640761151e-07
Caribe,Antioquia,3418,3.381652064874189e-07
Caribe,Antioquia,3419,3.381040035916243e-07
Caribe,Antioquia,3420,3.379085090608716e-07
Caribe,Antioquia,3421,3.3770990991124324e-07
Caribe,Antioquia,3422,3.375786910753677e-07
Caribe,Antioquia,3423,3.3737405669401433e-07
Caribe,Antioquia,3424,3.371662625097451e-07
Caribe,Antioquia,3425,3.3716694130268676e-07
Caribe,Antioquia,3426,3.3737188850092065e-07
Caribe,Antioquia,3427,3.375136656450411e-07
Caribe,Antioquia,3428,3.373404140515788e-07
Caribe,Antioquia,3429,3.373464795460105e-07
Caribe,Antioquia,3430,3.3741034551842507e-07
Caribe,Antioquia,3431,3.3752586936822717e-07
Caribe,Antioquia,3432,3.3768957944839114e-07
Caribe,Antioquia,3433,1.8100918068455705e-06
Caribe,Antioquia,3434,1.807836361942685e-06
Caribe,Antioquia,3435,1.8105225610712665e-06
Caribe,Antioquia,3436,1.8149727308810229e-06
Caribe,Antioquia,3437,1.819181448892363e-06
Caribe,Antioquia,3438,1.8158493119972617e-06
Caribe,Antioquia,3439,1.8131709671336564e-06
Caribe,Antioquia,3440,1.8127024980600497e-06
Caribe,Antioquia,3441,1.8097410487152084e-06
Caribe,Antioquia,3442,1.8064590874311723e-06
Caribe,Antioquia,3443,1.8052567482853964e-06
Caribe,Antioquia,3444,1.8024177036911787e-06
Caribe,Antioquia,3445,1.800295133275529e-06
Caribe,Antioquia,3446,1.7990352144907003e-06
Caribe,Antioquia,3447,1.797763736252222e-06
Caribe,Antioquia,3448,1.7969926372043628e-06
Caribe,Antioquia,3449,1.7972148850576931e-06
Caribe,Antioquia,3450,1.7987051433293617e-06
Caribe,Antioquia,3451,1.7998465086108544e-06
Caribe,Antioquia,3452,1.798317075109222e-06
Caribe,Antioquia,3453,1.7990931408447773e-06
Caribe,Antioquia,3454,1.7999917652390816e-06
Caribe,Antioquia,3455,1.801407751306127e-06
Caribe,Antioquia,3456,1.8041998934034322e-06
Caribe,Antioquia,4225,961.6500055560284
Caribe,Antioquia,4226,1175.823642115329
Caribe,Antioquia,4227,1229.4646516300534
Caribe,Antioquia,4228,1229.4646516403714
Caribe,Antioquia,4229,1229.464651658806
Caribe,Antioquia,4230,1229.4646516391078
Caribe,Antioquia,4231,1214.1783354926133
Caribe,Antioquia,4232,1229.4646516407897
Caribe,Antioquia,4233,1229.464651655165
Caribe,Antioquia,4234,1229.4646516575235
Caribe,Antioquia,4235,1229.4646516574958
Caribe,Antioquia,4236,1229.4646516416
Caribe,Antioquia,4237,1229.3438713568946
Caribe,Antioquia,4238,1157.6809976329582
Caribe,Antioquia,4239,976.8473619027278
Caribe,Antioquia,4240,704.8860578727205
Caribe,Antioquia,4241,533.7649177740238
Caribe,Antioquia,4242,623.0458214158131
Caribe,Antioquia,4243,812.144962184515
Caribe,Antioquia,4244,523.8412342733217
Caribe,Antioquia,4245,411.06701565460565
Caribe,Antioquia,4246,454.8065497416997
Caribe,Antioquia,4247,590.371906696327
Caribe,Antioquia,4248,776.275580427313
Caribe,Antioquia,4249,1174.6748089098164
Caribe,Antioquia,4250,1200.3176390672236
Caribe,Antioquia,4251,1229.4646465004832
Caribe,Antioquia,4252,1229.4646465077626
Caribe,Antioquia,4253,1229.4646465123164
Caribe,Antioquia,4254,1229.4646465128767
Caribe,Antioquia,4255,1229.464646511441
Caribe,Antioquia,4256,1229.4646465148442
Caribe,Antioquia,4257,1229.4646465128872
Caribe,Antioquia,4258,1229.4646465019941
Caribe,Antioquia,4259,1229.4646464889129
Caribe,Antioquia,4260,1229.4646312708746
Caribe,Antioquia,4261,1229.4646311748627
Caribe,Antioquia,4262,1229.464631177252
Caribe,Antioquia,4263,1229.4646311797537
Caribe,Antioquia,4264,1229.46463117968
Caribe,Antioquia,4265,1229.4646312581506
Caribe,Antioquia,4266,1229.4646465026217
Caribe,Antioquia,4267,1229.4646465086387
Caribe,Antioquia,4268,1010.7962624862133
Caribe,Antioquia,4269,823.982578240348
Caribe,Antioquia,4270,789.6092309227263
Caribe,Antioquia,4271,810.3892806301908
Caribe,Antioquia,4272,903.4340316931597
Caribe,Antioquia,4273,686.4318341257161
Caribe,Antioquia,4274,895.5862565279898
Caribe,Antioquia,4275,988.6696257398348
Caribe,Antioquia,4276,1076.4002255196563
Caribe,Antioquia,4277,1125.2282455552493
Caribe,Antioquia,4278,1025.6318121547251
Caribe,Antioquia,4279,777.4395553500291
Caribe,Antioquia,4280,931.2035196448824
Caribe,Antioquia,4281,925.2127897038465
Caribe,Antioquia,4282,958.0362670575406
Caribe,Antioquia,4283,1010.2700087155331
Caribe,Antioquia,4284,918.5055102210641
Caribe,Antioquia,4285,712.7937468906638
Caribe,Antioquia,4286,614.9356120050912
Caribe,Antioquia,4287,416.3341280308282
Caribe,Antioquia,4288,222.09660222880666
Caribe,Antioquia,4289,71.7257446330679
Caribe,Antioquia,4290,166.676895026645
Caribe,Antioquia,4291,400.29754510030165
Caribe,Antioquia,4292,150.05939214138758
Caribe,Antioquia,4293,19.095010531409237
Caribe,Antioquia,4294,86.19450139351288
Caribe,Antioquia,4295,235.77779188385068
Caribe,Antioquia,4296,470.1737859493463
Caribe,Antioquia,4297,797.9148264143748
Caribe,Antioquia,4298,757.5919982885341
Caribe,Antioquia,4299,969.6600101451609
Caribe,Antioquia,4300,1098.5814522807898
Caribe,Antioquia,4301,1160.3469183692698
Caribe,Antioquia,4302,1209.1221894986663
Caribe,Antioquia,4303,1130.0197579328903
Caribe,Antioquia,4304,1229.4646313831668
Caribe,Antioquia,4305,1229.4646312835287
Caribe,Antioquia,4306,1229.464631234271
Caribe,Antioquia,4307,1229.464631199551
Caribe,Antioquia,4308,1229.46463118226
Caribe,Antioquia,4309,1229.4646311691147
Caribe,Antioquia,4310,1197.4550774232744
Caribe,Antioquia,4311,1048.167552810909
Caribe,Antioquia,4312,1006.1687810280325
Caribe,Antioquia,4313,907.6860589689259
Caribe,Antioquia,4314,826.4756638847293
Caribe,Antioquia,4315,1003.4741197801236
Caribe,Antioquia,4316,647.7908595169199
Caribe,Antioquia,4317,483.7624887770167
Caribe,Antioquia,4318,440.62821905067284
Caribe,Antioquia,4319,453.0836249428513
Caribe,Antioquia,4320,547.5443278422208
Caribe,Antioquia,4321,675.0525857337461
Caribe,Antioquia,4322,818.4227891821403
Caribe,Antioquia,4323,912.8538727582687
Caribe,Antioquia,4324,1018.3218160962765
Caribe,Antioquia,4325,1068.9094008177685
Caribe,Antioquia,4326,1090.7242201315041
Caribe,Antioquia,4327,996.7462400805296
Caribe,Antioquia,4328,962.0798297762386
Caribe,Antioquia,4329,881.4189197405084
Caribe,Antioquia,4330,806.4483130944391
Caribe,Antioquia,4331,770.9396434846872
Caribe,Antioquia,4332,663.0221315096419
Caribe,Antioquia,4333,454.6545623463387
Caribe,Antioquia,4334,315.887096879992
Caribe,Antioquia,4335,119.96126856430446
Caribe,Antioquia,4336,9.154461941920277e-07
Caribe,Antioquia,4337,9.126842547423034e-07
Caribe,Antioquia,4338,9.133166605238311e-07
Caribe,Antioquia,4339,271.89795385205457
Caribe,Antioquia,4340,169.0381847339179
Caribe,Antioquia,4341,58.7324311458758
Caribe,Antioquia,4342,132.28418828598444
Caribe,Antioquia,4343,261.2397597570217
Caribe,Antioquia,4344,466.43588593777866
Caribe,Antioquia,4345,677.6004508106607
Caribe,Antioquia,4346,759.6212252033184
Caribe,Antioquia,4347,879.6801674918767
Caribe,Antioquia,4348,1023.3045840241193
Caribe,Antioquia,4349,923.6780355052169
Caribe,Antioquia,4350,896.8635794312743
Caribe,Antioquia,4351,1093.8758031117802
Caribe,Antioquia,4352,1229.464631324426
Caribe,Antioquia,4353,1229.4646312980524
Caribe,Antioquia,4354,1229.4646313046126
Caribe,Antioquia,4355,1229.4646312706393
Caribe,Antioquia,4356,1229.4646312531763
Caribe,Antioquia,4357,1229.4646312460852
Caribe,Antioquia,4358,1193.360284339636
Caribe,Antioquia,4359,995.3449897782482
Caribe,Antioquia,4360,813.9897203907575
Caribe,Antioquia,4361,656.9951563746339
Caribe,Antioquia,4362,575.6450404566774
Caribe,Antioquia,4363,857.7241657803279
Caribe,Antioquia,4364,580.4156532653574
Caribe,Antioquia,4365,469.1068852923016
Caribe,Antioquia,4366,484.6671094180105
Caribe,Antioquia,4367,482.1439942585151
Caribe,Antioquia,4368,599.5189563532165
Caribe,Antioquia,4369,201.44816747020678
Caribe,Antioquia,4370,389.1221617371903
Caribe,Antioquia,4371,474.0933812703006
Caribe,Antioquia,4372,533.992470286038
Caribe,Antioquia,4373,557.8922516316973
Caribe,Antioquia,4374,425.964808552247
Caribe,Antioquia,4375,260.7037344502806
Caribe,Antioquia,4376,117.76207950234418
Caribe,Antioquia,4377,38.12004119439712
Caribe,Antioquia,4378,8.842747192388426e-06
Caribe,Antioquia,4379,8.80627256128376e-06
Caribe,Antioquia,4380,5.689478358521346e-07
Caribe,Antioquia,4381,5.665815337902437e-07
Caribe,Antioquia,4382,5.659379531254959e-07
Caribe,Antioquia,4383,5.650699752789056e-07
Caribe,Antioquia,4384,5.621357105164263e-07
Caribe,Antioquia,4385,2.782400844203307e-07
Caribe,Antioquia,4386,5.654801715233612e-07
Caribe,Antioquia,4387,8.718702302940909e-06
Caribe,Antioquia,4388,5.672886244230197e-07
Caribe,Antioquia,4389,5.675630349771808e-07
Caribe,Antioquia,4390,5.695011119116832e-07
Caribe,Antioquia,4391,8.817078030823958e-06
Caribe,Antioquia,4392,43.52892391168853
Caribe,Antioquia,4393,182.5928926446685
Caribe,Antioquia,4394,227.63717705657223
Caribe,Antioquia,4395,289.8576714735691
Caribe,Antioquia,4396,397.1987073588232
Caribe,Antioquia,4397,499.3614260855667
Caribe,Antioquia,4398,490.19353008813863
Caribe,Antioquia,4399,501.3571788960293
Caribe,Antioquia,4400,599.6282711968483
Caribe,Antioquia,4401,602.1344161846075
Caribe,Antioquia,4402,517.0234888327175
Caribe,Antioquia,4403,445.3925803957086
Caribe,Antioquia,4404,219.74992414645266
Caribe,Antioquia,4405,6.551294269920286e-06
Caribe,Antioquia,4406,3.199887840506158e-06
Caribe,Antioquia,4407,3.1856817944084614e-06
Caribe,Antioquia,4408,3.183259706475283e-06
Caribe,Antioquia,4409,3.185050728362826e-06
Caribe,Antioquia,4410,3.2053756316562964e-06
Caribe,Antioquia,4411,3.2620090687702246e-06
Caribe,Antioquia,4412,3.1984226309891895e-06
Caribe,Antioquia,4413,3.197135488659361e-06
Caribe,Antioquia,4414,3.195396196654524e-06
Caribe,Antioquia,4415,3.202774718533725e-06
Caribe,Antioquia,4416,3.241186557534052e-06
Caribe,Antioquia,5185,1.109353033114121e-06
Caribe,Antioquia,5186,1.1193312879663554e-06
Caribe,Antioquia,5187,1.1473627298843302e-06
Caribe,Antioquia,5188,33.885040211135355
Caribe,Antioquia,5189,84.31947561267323
Caribe,Antioquia,5190,31.884178053268062
Caribe,Antioquia,5191,105.26606697485339
Caribe,Antioquia,5192,751.6278920538596
Caribe,Antioquia,5193,1229.4646514147782
Caribe,Antioquia,5194,1229.4646514275746
Caribe,Antioquia,5195,1229.4646514270464
Caribe,Antioquia,5196,1229.4646514271324
Caribe,Antioquia,5197,1229.4646514279104
Caribe,Antioquia,5198,1229.464651428723
Caribe,Antioquia,5199,1208.2953713350428
Caribe,Antioquia,5200,433.9006144194464
Caribe,Antioquia,5201,1.1089186244147364e-06
Caribe,Antioquia,5202,1.1031067787622328e-06
Caribe,Antioquia,5203,1.1047974531045827e-06
Caribe,Antioquia,5204,9.828457650516193e-07
Caribe,Antioquia,5205,1.0920406893018059e-06
Caribe,Antioquia,5206,9.785925530979617e-07
Caribe,Antioquia,5207,1.0974228212355456e-06
Caribe,Antioquia,5208,1.1046575418028642e-06
Caribe,Antioquia,5209,5.9125650275545154e-06
Caribe,Antioquia,5210,90.06650298311651
Caribe,Antioquia,5211,292.4535118780714
Caribe,Antioquia,5212,371.79951476767326
Caribe,Antioquia,5213,434.0573911401067
Caribe,Antioquia,5214,324.82001620647003
Caribe,Antioquia,5215,275.40957415994257
Caribe,Antioquia,5216,894.5385103014369
Caribe,Antioquia,5217,1229.4646512168483
Caribe,Antioquia,5218,1229.4646512173772
Caribe,Antioquia,5219,1229.4646512089355
Caribe,Antioquia,5220,1229.4646512089942
Caribe,Antioquia,5221,1229.4646512095153
Caribe,Antioquia,5222,1229.4646512170916
Caribe,Antioquia,5223,1052.8058380801078
Caribe,Antioquia,5224,268.3327439888063
Caribe,Antioquia,5225,5.7202227633873824e-06
Caribe,Antioquia,5226,5.599451786820416e-06
Caribe,Antioquia,5227,5.6976281839165995e-06
Caribe,Antioquia,5228,5.558847181855166e-06
Caribe,Antioquia,5229,5.554804687907631e-06
Caribe,Antioquia,5230,5.553085597161786e-06
Caribe,Antioquia,5231,5.569074372823949e-06
Caribe,Antioquia,5232,5.766257853190096e-06
Caribe,Antioquia,5233,1.6995613501332922e-05
Caribe,Antioquia,5234,1.7001854235828787e-05
Caribe,Antioquia,5235,1.7009425307712523e-05
Caribe,Antioquia,5236,1.7023206955224265e-05
Caribe,Antioquia,5237,1.7035581642392926e-05
Caribe,Antioquia,5238,1.7021429035854338e-05
Caribe,Antioquia,5239,1.701081982010832e-05
Caribe,Antioquia,5240,241.06871084633974
Caribe,Antioquia,5241,753.8728710113156
Caribe,Antioquia,5242,1180.0722793287316
Caribe,Antioquia,5243,1229.4646514389242
Caribe,Antioquia,5244,1229.4646514368703
Caribe,Antioquia,5245,1229.464651345013
Caribe,Antioquia,5246,945.4342604323067
Caribe,Antioquia,5247,395.55519273392474
Caribe,Antioquia,5248,1.699165617429119e-05
Caribe,Antioquia,5249,1.6959558785555626e-05
Caribe,Antioquia,5250,8.925562032081575e-07
Caribe,Antioquia,5251,8.957786876743798e-07
Caribe,Antioquia,5252,8.899672317025405e-07
Caribe,Antioquia,5253,8.874123238610754e-07
Caribe,Antioquia,5254,8.887039638476761e-07
Caribe,Antioquia,5255,8.913823569763883e-07
Caribe,Antioquia,5256,1.3218608854873217e-06
Caribe,Antioquia,5257,4.92336455725975e-06
Caribe,Antioquia,5258,67.23030282911778
Caribe,Antioquia,5259,285.19130552657543
Caribe,Antioquia,5260,417.54116952829884
Caribe,Antioquia,5261,443.6108293943675
Caribe,Antioquia,5262,337.7132483504581
Caribe,Antioquia,5263,201.3665658006099
Caribe,Antioquia,5264,623.3925821081455
Caribe,Antioquia,5265,1001.56204573122
Caribe,Antioquia,5266,1229.4646507813754
Caribe,Antioquia,5267,1229.4646512512634
Caribe,Antioquia,5268,1229.4646512432507
Caribe,Antioquia,5269,1227.4650103263118
Caribe,Antioquia,5270,999.4158723947985
Caribe,Antioquia,5271,473.01565755744946
Caribe,Antioquia,5272,4.9571574666734245e-06
Caribe,Antioquia,5273,4.898358495494944e-06
Caribe,Antioquia,5274,4.8906014172759055e-06
Caribe,Antioquia,5275,4.905347400214166e-06
Caribe,Antioquia,5276,4.89729340665761e-06
Caribe,Antioquia,5277,4.88049880490001e-06
Caribe,Antioquia,5278,4.862046514422779e-06
Caribe,Antioquia,5279,4.8910156501666496e-06
Caribe,Antioquia,5280,4.900107584916217e-06
Caribe,Antioquia,5281,8.691983103270845e-07
Caribe,Antioquia,5282,162.04822111668574
Caribe,Antioquia,5283,247.64165795053407
Caribe,Antioquia,5284,289.38888128218235
Caribe,Antioquia,5285,309.57649209513744
Caribe,Antioquia,5286,330.76104555037773
Caribe,Antioquia,5287,348.63256131956484
Caribe,Antioquia,5288,569.6572613149799
Caribe,Antioquia,5289,778.6720982918041
Caribe,Antioquia,5290,909.0498615906208
Caribe,Antioquia,5291,1031.5084645314246
Caribe,Antioquia,5292,1034.5563321125737
Caribe,Antioquia,5293,851.0948593173924
Caribe,Antioquia,5294,648.7078447991037
Caribe,Antioquia,5295,222.4665525589259
Caribe,Antioquia,5296,17.902212355295365
Caribe,Antioquia,5297,8.34288459710131e-07
Caribe,Antioquia,5298,7.015170767017755e-07
Caribe,Antioquia,5299,8.369689754974701e-07
Caribe,Antioquia,5300,6.95916129444786e-07
Caribe,Antioquia,5301,6.554667097697326e-07
Caribe,Antioquia,5302,6.954647515112564e-07
Caribe,Antioquia,5303,8.105631033568277e-07
Caribe,Antioquia,5304,8.438712007732928e-07
Caribe,Antioquia,5305,108.01032731336683
Caribe,Antioquia,5306,304.82093786343586
Caribe,Antioquia,5307,341.5256073277117
Caribe,Antioquia,5308,381.77737809633027
Caribe,Antioquia,5309,307.9819798029782
Caribe,Antioquia,5310,267.47502549400457
Caribe,Antioquia,5311,314.71206280261623
Caribe,Antioquia,5312,592.7533960331609
Caribe,Antioquia,5313,851.4139187827616
Caribe,Antioquia,5314,1137.0093825490865
Caribe,Antioquia,5315,1229.46465065092
Caribe,Antioquia,5316,1229.4646506582887
Caribe,Antioquia,5317,1151.7450809123854
Caribe,Antioquia,5318,877.7731879955215
Caribe,Antioquia,5319,406.4477953409807
Caribe,Antioquia,5320,60.4543015098258
Caribe,Antioquia,5321,4.033565818750667e-06
Caribe,Antioquia,5322,3.9757844802796485e-06
Caribe,Antioquia,5323,4.006794981639589e-06
Caribe,Antioquia,5324,3.9919175679673545e-06
Caribe,Antioquia,5325,4.003874178575237e-06
Caribe,Antioquia,5326,3.996048988766784e-06
Caribe,Antioquia,5327,3.995093479538987e-06
Caribe,Antioquia,5328,4.032166016128971e-06
Caribe,Antioquia,5329,93.93909042574829
Caribe,Antioquia,5330,106.87507901161139
Caribe,Antioquia,5331,126.3439250737821
Caribe,Antioquia,5332,154.90260611580283
Caribe,Antioquia,5333,179.206412311286
Caribe,Antioquia,5334,132.35691626017416
Caribe,Antioquia,5335,120.36694195455246
Caribe,Antioquia,5336,197.20146462673335
Caribe,Antioquia,5337,414.37326559273544
Caribe,Antioquia,5338,645.832827734952
Caribe,Antioquia,5339,805.9857929362537
Caribe,Antioquia,5340,713.686103276367
Caribe,Antioquia,5341,367.8077629403965
Caribe,Antioquia,5342,105.87879246707891
Caribe,Antioquia,5343,61.03955201379392
Caribe,Antioquia,5344,50.166311930735255
Caribe,Antioquia,5345,40.032207129658595
Caribe,Antioquia,5346,34.89862553218891
Caribe,Antioquia,5347,49.68897026498866
Caribe,Antioquia,5348,6.607037005994598e-07
Caribe,Antioquia,5349,6.621290976772873e-07
Caribe,Antioquia,5350,20.43497818011259
Caribe,Antioquia,5351,58.61356238697998
Caribe,Antioquia,5352,80.47328190117314
Caribe,Antioquia,5353,361.9112401771635
Caribe,Antioquia,5354,868.8339396106323
Caribe,Antioquia,5355,958.9675777537414
Caribe,Antioquia,5356,1040.432107133422
Caribe,Antioquia,5357,1064.6723305285054
Caribe,Antioquia,5358,925.3376209049352
Caribe,Antioquia,5359,798.8579886994249
Caribe,Antioquia,5360,996.3797817932136
Caribe,Antioquia,5361,1151.461990804535
Caribe,Antioquia,5362,1152.6375668387507
Caribe,Antioquia,5363,1007.0121541573128
Caribe,Antioquia,5364,947.8122300673505
Caribe,Antioquia,5365,1022.7128908993052
Caribe,Antioquia,5366,668.9703792984427
Caribe,Antioquia,5367,116.76651609773435
Caribe,Antioquia,5368,3.7374600618513796e-06
Caribe,Antioquia,5369,3.700028038024733e-06
Caribe,Antioquia,5370,145.59390623451364
Caribe,Antioquia,5371,304.56419069332077
Caribe,Antioquia,5372,558.026518996606
Caribe,Antioquia,5373,570.0952113572004
Caribe,Antioquia,5374,511.3143512233474
Caribe,Antioquia,5375,269.0032420339723
Caribe,Antioquia,5376,4.32078910286706
Antioquia,Nordeste,1,517.7075077437211
Antioquia,Nordeste,2,508.52278430403453
Antioquia,Nordeste,3,501.5154853875129
Antioquia,Nordeste,4,495.4656100959566
Antioquia,Nordeste,5,492.27916529477716
Antioquia,Nordeste,6,496.38640369546465
Antioquia,Nordeste,7,505.427035276907
Antioquia,Nordeste,8,510.89364092406726
Antioquia,Nordeste,9,522.8156581148867
Antioquia,Nordeste,10,533.6775725210068
Antioquia,Nordeste,11,540.2224726403904
Antioquia,Nordeste,12,546.0247947350455
Antioquia,Nordeste,13,549.8915129431716
Antioquia,Nordeste,14,548.3569121660281
Antioquia,Nordeste,15,546.9080454856278
Antioquia,Nordeste,16,546.240099226456
Antioquia,Nordeste,17,544.2284001194184
Antioquia,Nordeste,18,539.1934120088436
Antioquia,Nordeste,19,535.0741644923246
Antioquia,Nordeste,20,544.1776108397835
Antioquia,Nordeste,21,546.5273486090654
Antioquia,Nordeste,22,540.741013314949
Antioquia,Nordeste,23,533.3084292342005
Antioquia,Nordeste,24,525.5744493735015
Antioquia,Nordeste,25,530.1859613363627
Antioquia,Nordeste,26,525.7789233585776
Antioquia,Nordeste,27,519.1252390743547
Antioquia,Nordeste,28,513.2434044294348
Antioquia,Nordeste,29,508.27343106275555
Antioquia,Nordeste,30,505.4980431565117
Antioquia,Nordeste,31,502.67397897043037
Antioquia,Nordeste,32,494.03852536200105
Antioquia,Nordeste,33,502.5177328596947
Antioquia,Nordeste,34,516.9666929694495
Antioquia,Nordeste,35,528.9130489939455
Antioquia,Nordeste,36,537.976855701876
Antioquia,Nordeste,37,544.440296171036
Antioquia,Nordeste,38,546.6309995524388
Antioquia,Nordeste,39,545.0609948266984
Antioquia,Nordeste,40,541.5801638685922
Antioquia,Nordeste,41,538.661082139571
Antioquia,Nordeste,42,535.8573500490917
Antioquia,Nordeste,43,535.9656640875249
Antioquia,Nordeste,44,551.9456516842121
Antioquia,Nordeste,45,557.721704138075
Antioquia,Nordeste,46,554.751590264281
Antioquia,Nordeste,47,548.4011613186855
Antioquia,Nordeste,48,540.3404639726169
Antioquia,Nordeste,49,324.63531428156796
Antioquia,Nordeste,50,282.1982555976759
Antioquia,Nordeste,51,252.070611646199
Antioquia,Nordeste,52,230.1359340582154
Antioquia,Nordeste,53,219.9272599024001
Antioquia,Nordeste,54,238.3809818808338
Antioquia,Nordeste,55,275.16566538560676
Antioquia,Nordeste,56,279.16435397619733
Antioquia,Nordeste,57,317.9210680529966
Antioquia,Nordeste,58,344.76137803479736
Antioquia,Nordeste,59,353.12722146812916
Antioquia,Nordeste,60,362.6088544228825
Antioquia,Nordeste,61,369.41025208499263
Antioquia,Nordeste,62,366.6489103169005
Antioquia,Nordeste,63,366.6329893197068
Antioquia,Nordeste,64,368.7364503909042
Antioquia,Nordeste,65,367.6885013363851
Antioquia,Nordeste,66,361.4325959546527
Antioquia,Nordeste,67,354.05734629200407
Antioquia,Nordeste,68,367.4428353822619
Antioquia,Nordeste,69,374.21084431916995
Antioquia,Nordeste,70,366.23751459226804
Antioquia,Nordeste,71,353.53781072450505
Antioquia,Nordeste,72,338.4221753573531
Antioquia,Nordeste,73,434.43625102405286
Antioquia,Nordeste,74,432.1838479197392
Antioquia,Nordeste,75,418.2507553989468
Antioquia,Nordeste,76,407.197412324943
Antioquia,Nordeste,77,399.6946036446752
Antioquia,Nordeste,78,396.07209924043764
Antioquia,Nordeste,79,390.3466488629485
Antioquia,Nordeste,80,350.50063259783974
Antioquia,Nordeste,81,374.3879269012195
Antioquia,Nordeste,82,413.35131167771965
Antioquia,Nordeste,83,430.68157157608624
Antioquia,Nordeste,84,444.35542070603
Antioquia,Nordeste,85,455.15205457738557
Antioquia,Nordeste,86,459.4793979646768
Antioquia,Nordeste,87,459.6645832077144
Antioquia,Nordeste,88,455.68223109576417
Antioquia,Nordeste,89,451.95652601955976
Antioquia,Nordeste,90,448.8077025039897
Antioquia,Nordeste,91,448.428480741787
Antioquia,Nordeste,92,474.98415912477856
Antioquia,Nordeste,93,485.94534406340216
Antioquia,Nordeste,94,480.6366203941637
Antioquia,Nordeste,95,469.4012186017682
Antioquia,Nordeste,96,452.7472773807257
Antioquia,Nordeste,97,218.6013379695626
Antioquia,Nordeste,98,199.626913851412
Antioquia,Nordeste,99,172.97971959854462
Antioquia,Nordeste,100,155.78191440517776
Antioquia,Nordeste,101,148.06943688657412
Antioquia,Nordeste,102,157.47654330379237
Antioquia,Nordeste,103,176.9879973005553
Antioquia,Nordeste,104,184.2557435255104
Antioquia,Nordeste,105,218.95748939927012
Antioquia,Nordeste,106,235.1317968667988
Antioquia,Nordeste,107,246.13887865400093
Antioquia,Nordeste,108,258.59621331268215
Antioquia,Nordeste,109,268.51128068294605
Antioquia,Nordeste,110,266.1918336406166
Antioquia,Nordeste,111,267.7196804338023
Antioquia,Nordeste,112,271.4439671086318
Antioquia,Nordeste,113,270.5912496649182
Antioquia,Nordeste,114,264.56811179360045
Antioquia,Nordeste,115,254.4680334036369
Antioquia,Nordeste,116,267.8109395175708
Antioquia,Nordeste,117,279.6017406105436
Antioquia,Nordeste,118,271.34436322110815
Antioquia,Nordeste,119,255.49376577939452
Antioquia,Nordeste,120,236.36652653219576
Antioquia,Nordeste,121,377.1590362975599
Antioquia,Nordeste,122,374.27875513062855
Antioquia,Nordeste,123,365.4816375962478
Antioquia,Nordeste,124,359.5857984001941
Antioquia,Nordeste,125,355.0966392807482
Antioquia,Nordeste,126,352.4809838983636
Antioquia,Nordeste,127,349.37527470499055
Antioquia,Nordeste,128,345.2400880103672
Antioquia,Nordeste,129,355.7510258910557
Antioquia,Nordeste,130,368.8050833278572
Antioquia,Nordeste,131,379.60144667711387
Antioquia,Nordeste,132,388.48614101045786
Antioquia,Nordeste,133,395.7198390446446
Antioquia,Nordeste,134,399.40602904792195
Antioquia,Nordeste,135,398.7183547316489
Antioquia,Nordeste,136,394.00560129517123
Antioquia,Nordeste,137,390.0710280826082
Antioquia,Nordeste,138,386.3669495497976
Antioquia,Nordeste,139,386.0050532783284
Antioquia,Nordeste,140,408.10998572746223
Antioquia,Nordeste,141,425.07516613677876
Antioquia,Nordeste,142,421.514981015386
Antioquia,Nordeste,143,410.3260039373268
Antioquia,Nordeste,144,393.65762610103735
Antioquia,Nordeste,145,315.76492715567593
Antioquia,Nordeste,146,280.289126262248
Antioquia,Nordeste,147,260.53492987068495
Antioquia,Nordeste,148,245.77501694374428
Antioquia,Nordeste,149,237.8947629470849
Antioquia,Nordeste,150,248.03533774899986
Antioquia,Nordeste,151,267.067547533513
Antioquia,Nordeste,152,274.9040041823643
Antioquia,Nordeste,153,304.933833278312
Antioquia,Nordeste,154,337.8541648295606
Antioquia,Nordeste,155,361.6240438007774
Antioquia,Nordeste,156,392.28385461022356
Antioquia,Nordeste,157,410.46559906004023
Antioquia,Nordeste,158,409.04235436579484
Antioquia,Nordeste,159,411.8603244193902
Antioquia,Nordeste,160,417.0099197641563
Antioquia,Nordeste,161,416.6621020666301
Antioquia,Nordeste,162,411.1565722307171
Antioquia,Nordeste,163,406.24642071019537
Antioquia,Nordeste,164,428.25347868998443
Antioquia,Nordeste,165,427.32009073018315
Antioquia,Nordeste,166,416.77921895809374
Antioquia,Nordeste,167,398.2767486348661
Antioquia,Nordeste,168,364.8443953836571
Antioquia,Nordeste,169,408.46313071165247
Antioquia,Nordeste,170,394.32433055546204
Antioquia,Nordeste,171,339.0789147792483
Antioquia,Nordeste,172,295.5183650819203
Antioquia,Nordeste,173,261.6915809288396
Antioquia,Nordeste,174,248.53600217252486
Antioquia,Nordeste,175,228.698480149313
Antioquia,Nordeste,176,195.9469696571298
Antioquia,Nordeste,177,218.93203378489324
Antioquia,Nordeste,178,256.8581729323272
Antioquia,Nordeste,179,298.37731620338013
Antioquia,Nordeste,180,348.22675757965254
Antioquia,Nordeste,181,401.74430724693985
Antioquia,Nordeste,182,428.99332671910827
Antioquia,Nordeste,183,431.49504409621113
Antioquia,Nordeste,184,427.4988700349788
Antioquia,Nordeste,185,425.81627142195185
Antioquia,Nordeste,186,423.8754187872617
Antioquia,Nordeste,187,434.2257449449086
Antioquia,Nordeste,188,481.03926979265634
Antioquia,Nordeste,189,488.34590636827875
Antioquia,Nordeste,190,481.8612522460505
Antioquia,Nordeste,191,466.93756177002206
Antioquia,Nordeste,192,439.54234269178573
Antioquia,Nordeste,385,548.3656445400312
Antioquia,Nordeste,386,539.7524550677132
Antioquia,Nordeste,387,533.0842743303671
Antioquia,Nordeste,388,527.2539053036611
Antioquia,Nordeste,389,523.9901871734354
Antioquia,Nordeste,390,526.8355150416556
Antioquia,Nordeste,391,530.1329343385149
Antioquia,Nordeste,392,525.6080532182044
Antioquia,Nordeste,393,524.0605587905243
Antioquia,Nordeste,394,499.7476030560757
Antioquia,Nordeste,395,478.88952843850257
Antioquia,Nordeste,396,494.0109148399873
Antioquia,Nordeste,397,531.1494800412889
Antioquia,Nordeste,398,552.9309135784724
Antioquia,Nordeste,399,557.6459527502705
Antioquia,Nordeste,400,564.5518012832474
Antioquia,Nordeste,401,570.9304168667664
Antioquia,Nordeste,402,572.1288643979191
Antioquia,Nordeste,403,568.6849640270179
Antioquia,Nordeste,404,582.7830612009885
Antioquia,Nordeste,405,586.9926621438038
Antioquia,Nordeste,406,579.3710519749476
Antioquia,Nordeste,407,568.740687599858
Antioquia,Nordeste,408,557.8134174479887
Antioquia,Nordeste,409,288.48469669058017
Antioquia,Nordeste,410,273.0977980390985
Antioquia,Nordeste,411,262.4200080818056
Antioquia,Nordeste,412,254.3056465184692
Antioquia,Nordeste,413,248.97352867708338
Antioquia,Nordeste,414,254.48806508489434
Antioquia,Nordeste,415,263.7160863177509
Antioquia,Nordeste,416,263.26195954901834
Antioquia,Nordeste,417,271.9361361197811
Antioquia,Nordeste,418,277.65900551006536
Antioquia,Nordeste,419,261.8811870109567
Antioquia,Nordeste,420,274.7780145227092
Antioquia,Nordeste,421,300.0966606318146
Antioquia,Nordeste,422,302.36458475342613
Antioquia,Nordeste,423,307.22400281721315
Antioquia,Nordeste,424,314.8516181456268
Antioquia,Nordeste,425,320.2047289032406
Antioquia,Nordeste,426,320.2527138189351
Antioquia,Nordeste,427,315.2968796679881
Antioquia,Nordeste,428,327.46349530078345
Antioquia,Nordeste,429,330.49610460780735
Antioquia,Nordeste,430,323.7181046236427
Antioquia,Nordeste,431,313.8262650517164
Antioquia,Nordeste,432,302.4849785042009
Antioquia,Nordeste,433,318.52570228541674
Antioquia,Nordeste,434,306.20519061615545
Antioquia,Nordeste,435,297.5103820196689
Antioquia,Nordeste,436,290.5555793324035
Antioquia,Nordeste,437,286.7144203740863
Antioquia,Nordeste,438,291.2994146466109
Antioquia,Nordeste,439,297.8750079462541
Antioquia,Nordeste,440,295.13980798105376
Antioquia,Nordeste,441,303.2999286990856
Antioquia,Nordeste,442,311.26234106647473
Antioquia,Nordeste,443,311.1942570588148
Antioquia,Nordeste,444,324.06146227980497
Antioquia,Nordeste,445,332.015306825744
Antioquia,Nordeste,446,334.2124872348541
Antioquia,Nordeste,447,340.0214018814753
Antioquia,Nordeste,448,348.6447131027543
Antioquia,Nordeste,449,355.0663691122886
Antioquia,Nordeste,450,354.7294080626833
Antioquia,Nordeste,451,348.83073791221335
Antioquia,Nordeste,452,367.3902076712541
Antioquia,Nordeste,453,377.03167220758604
Antioquia,Nordeste,454,367.41952922098625
Antioquia,Nordeste,455,351.52224495883564
Antioquia,Nordeste,456,333.5862412216505
Antioquia,Nordeste,457,280.20611303771705
Antioquia,Nordeste,458,260.13755728251095
Antioquia,Nordeste,459,247.5047896585704
Antioquia,Nordeste,460,237.9236716137674
Antioquia,Nordeste,461,233.9420533091752
Antioquia,Nordeste,462,242.25379573230305
Antioquia,Nordeste,463,258.87081611095334
Antioquia,Nordeste,464,258.0000297320603
Antioquia,Nordeste,465,269.57676727600244
Antioquia,Nordeste,466,283.79626747513885
Antioquia,Nordeste,467,292.3279977249257
Antioquia,Nordeste,468,305.76301754003975
Antioquia,Nordeste,469,319.4380274546964
Antioquia,Nordeste,470,319.16166881567295
Antioquia,Nordeste,471,329.77886078493265
Antioquia,Nordeste,472,345.2154491840291
Antioquia,Nordeste,473,352.7378699311716
Antioquia,Nordeste,474,351.43187843375637
Antioquia,Nordeste,475,339.2924589753046
Antioquia,Nordeste,476,358.92609077697165
Antioquia,Nordeste,477,367.6180525418161
Antioquia,Nordeste,478,356.1660003492959
Antioquia,Nordeste,479,335.7938346744314
Antioquia,Nordeste,480,306.6216749859484
Antioquia,Nordeste,481,209.69860159389611
Antioquia,Nordeste,482,198.62751848712585
Antioquia,Nordeste,483,191.7498803673162
Antioquia,Nordeste,484,186.92847855872978
Antioquia,Nordeste,485,184.48285608673896
Antioquia,Nordeste,486,186.16895563697474
Antioquia,Nordeste,487,187.88908668331712
Antioquia,Nordeste,488,185.99270832361287
Antioquia,Nordeste,489,193.3732134191419
Antioquia,Nordeste,490,201.3566343252044
Antioquia,Nordeste,491,206.79011466122935
Antioquia,Nordeste,492,214.49853168116664
Antioquia,Nordeste,493,222.88084634960532
Antioquia,Nordeste,494,225.35199618524845
Antioquia,Nordeste,495,231.34231044566425
Antioquia,Nordeste,496,239.92037861358585
Antioquia,Nordeste,497,246.14324412717423
Antioquia,Nordeste,498,246.70834301987887
Antioquia,Nordeste,499,239.44059240680284
Antioquia,Nordeste,500,256.7437659826082
Antioquia,Nordeste,501,272.5083479956229
Antioquia,Nordeste,502,262.93174700058535
Antioquia,Nordeste,503,244.64176672052318
Antioquia,Nordeste,504,225.15648376344862
Antioquia,Nordeste,505,227.0486812455859
Antioquia,Nordeste,506,215.906870737408
Antioquia,Nordeste,507,208.3107281123769
Antioquia,Nordeste,508,203.37159950865035
Antioquia,Nordeste,509,200.60089164954468
Antioquia,Nordeste,510,204.2094736778571
Antioquia,Nordeste,511,210.13310331800471
Antioquia,Nordeste,512,210.86297296655243
Antioquia,Nordeste,513,219.30851003844575
Antioquia,Nordeste,514,228.96100335406
Antioquia,Nordeste,515,235.71698234972123
Antioquia,Nordeste,516,246.55512423304296
Antioquia,Nordeste,517,258.09808913248173
Antioquia,Nordeste,518,258.4689343550284
Antioquia,Nordeste,519,267.48760993419205
Antioquia,Nordeste,520,282.37692299672995
Antioquia,Nordeste,521,289.8908781443574
Antioquia,Nordeste,522,288.24172397324725
Antioquia,Nordeste,523,273.81547797801136
Antioquia,Nordeste,524,293.0006425312948
Antioquia,Nordeste,525,308.59919963260546
Antioquia,Nordeste,526,298.67208483353977
Antioquia,Nordeste,527,275.73144273794134
Antioquia,Nordeste,528,246.82172945121698
Antioquia,Nordeste,529,320.94556734950487
Antioquia,Nordeste,530,304.45832277735553
Antioquia,Nordeste,531,293.49857151108347
Antioquia,Nordeste,532,285.60763272778087
Antioquia,Nordeste,533,280.83734486353774
Antioquia,Nordeste,534,284.3375980295963
Antioquia,Nordeste,535,289.52393403703377
Antioquia,Nordeste,536,287.63332099958706
Antioquia,Nordeste,537,298.4008423804406
Antioquia,Nordeste,538,310.09758469666514
Antioquia,Nordeste,539,318.0569491899325
Antioquia,Nordeste,540,329.00269362092047
Antioquia,Nordeste,541,339.89514579488764
Antioquia,Nordeste,542,343.67812112157185
Antioquia,Nordeste,543,351.60001671897305
Antioquia,Nordeste,544,361.7503130975302
Antioquia,Nordeste,545,368.58389203131657
Antioquia,Nordeste,546,369.71160762839685
Antioquia,Nordeste,547,368.00593848847484
Antioquia,Nordeste,548,392.1322963437305
Antioquia,Nordeste,549,392.51734906520363
Antioquia,Nordeste,550,382.45334577996874
Antioquia,Nordeste,551,365.04916494581573
Antioquia,Nordeste,552,342.35979668482554
Antioquia,Nordeste,553,240.33217092811458
Antioquia,Nordeste,554,167.68535199315707
Antioquia,Nordeste,555,155.74169744372745
Antioquia,Nordeste,556,150.2247848339278
Antioquia,Nordeste,557,147.22972047875285
Antioquia,Nordeste,558,151.56039288416258
Antioquia,Nordeste,559,158.29094796419733
Antioquia,Nordeste,560,157.2928147571298
Antioquia,Nordeste,561,163.44472924720512
Antioquia,Nordeste,562,169.3144445718502
Antioquia,Nordeste,563,174.33581683351247
Antioquia,Nordeste,564,183.5626459314341
Antioquia,Nordeste,565,197.16237681769064
Antioquia,Nordeste,566,205.02069351865828
Antioquia,Nordeste,567,294.68877108331566
Antioquia,Nordeste,568,466.8404320044117
Antioquia,Nordeste,569,536.4236343595976
Antioquia,Nordeste,570,551.3217650705407
Antioquia,Nordeste,571,538.572242677106
Antioquia,Nordeste,572,589.4019769834515
Antioquia,Nordeste,573,586.6690010705604
Antioquia,Nordeste,574,567.2935392973856
Antioquia,Nordeste,575,504.4948066262343
Antioquia,Nordeste,576,378.9091596138296
Antioquia,Nordeste,1345,827.3355430046893
Antioquia,Nordeste,1346,826.5151097276788
Antioquia,Nordeste,1347,825.6563132115906
Antioquia,Nordeste,1348,825.3605820076201
Antioquia,Nordeste,1349,825.23070742351
Antioquia,Nordeste,1350,825.3193248617108
Antioquia,Nordeste,1351,825.4611288138992
Antioquia,Nordeste,1352,825.4809959766071
Antioquia,Nordeste,1353,825.8835018967364
Antioquia,Nordeste,1354,826.2553444165428
Antioquia,Nordeste,1355,826.4984914576778
Antioquia,Nordeste,1356,826.667871950244
Antioquia,Nordeste,1357,826.7560463363566
Antioquia,Nordeste,1358,826.6878657393896
Antioquia,Nordeste,1359,826.4939874126836
Antioquia,Nordeste,1360,827.0979459893256
Antioquia,Nordeste,1361,831.6600231725997
Antioquia,Nordeste,1362,844.9999979681821
Antioquia,Nordeste,1363,844.9999979668147
Antioquia,Nordeste,1364,844.9999979693212
Antioquia,Nordeste,1365,844.9999979693271
Antioquia,Nordeste,1366,844.9999979690466
Antioquia,Nordeste,1367,844.9999979676029
Antioquia,Nordeste,1368,829.8797850361924
Antioquia,Nordeste,1369,709.4056667992857
Antioquia,Nordeste,1370,666.4625942328116
Antioquia,Nordeste,1371,621.8547958861321
Antioquia,Nordeste,1372,595.8784126268715
Antioquia,Nordeste,1373,590.3352719525379
Antioquia,Nordeste,1374,599.0272430503529
Antioquia,Nordeste,1375,626.6599381038908
Antioquia,Nordeste,1376,626.2289815732007
Antioquia,Nordeste,1377,651.0397969802169
Antioquia,Nordeste,1378,669.4115958532965
Antioquia,Nordeste,1379,680.5932503979852
Antioquia,Nordeste,1380,686.0477541439482
Antioquia,Nordeste,1381,687.1160178117103
Antioquia,Nordeste,1382,683.4168197547598
Antioquia,Nordeste,1383,681.5544263278201
Antioquia,Nordeste,1384,730.0868726234081
Antioquia,Nordeste,1385,749.2702168929846
Antioquia,Nordeste,1386,749.9763704844166
Antioquia,Nordeste,1387,746.7241597378382
Antioquia,Nordeste,1388,753.9906199956121
Antioquia,Nordeste,1389,755.3505717607277
Antioquia,Nordeste,1390,751.1264994393504
Antioquia,Nordeste,1391,744.5093790381607
Antioquia,Nordeste,1392,736.4252274313086
Antioquia,Nordeste,1393,734.688719520069
Antioquia,Nordeste,1394,717.0992917401642
Antioquia,Nordeste,1395,702.2591648090156
Antioquia,Nordeste,1396,686.621764327819
Antioquia,Nordeste,1397,679.8800364567612
Antioquia,Nordeste,1398,687.865078270143
Antioquia,Nordeste,1399,698.8761615836898
Antioquia,Nordeste,1400,694.3852332422784
Antioquia,Nordeste,1401,705.749710341172
Antioquia,Nordeste,1402,715.0448246318916
Antioquia,Nordeste,1403,720.7383008406426
Antioquia,Nordeste,1404,723.3129745189311
Antioquia,Nordeste,1405,721.8837896216356
Antioquia,Nordeste,1406,717.867288267136
Antioquia,Nordeste,1407,722.9603291144417
Antioquia,Nordeste,1408,746.6309088212014
Antioquia,Nordeste,1409,767.4744666363324
Antioquia,Nordeste,1410,768.2217980711272
Antioquia,Nordeste,1411,765.6648140348078
Antioquia,Nordeste,1412,775.1262412862828
Antioquia,Nordeste,1413,780.0247388639508
Antioquia,Nordeste,1414,775.3398891113553
Antioquia,Nordeste,1415,767.2003360947924
Antioquia,Nordeste,1416,757.2705711488801
Antioquia,Nordeste,1417,674.6245411875359
Antioquia,Nordeste,1418,560.9703018652407
Antioquia,Nordeste,1419,495.52962273804417
Antioquia,Nordeste,1420,444.89139939690665
Antioquia,Nordeste,1421,424.1754092645572
Antioquia,Nordeste,1422,472.6061033640555
Antioquia,Nordeste,1423,543.6957337093237
Antioquia,Nordeste,1424,454.4289196518788
Antioquia,Nordeste,1425,467.93650929554394
Antioquia,Nordeste,1426,491.0543047104671
Antioquia,Nordeste,1427,506.60232688078764
Antioquia,Nordeste,1428,516.1387402970967
Antioquia,Nordeste,1429,520.815142646025
Antioquia,Nordeste,1430,526.6166222964843
Antioquia,Nordeste,1431,641.1891130444116
Antioquia,Nordeste,1432,750.050892905733
Antioquia,Nordeste,1433,757.0539462921945
Antioquia,Nordeste,1434,757.5065464192959
Antioquia,Nordeste,1435,752.3769289286735
Antioquia,Nordeste,1436,760.3532165420107
Antioquia,Nordeste,1437,763.0873686343326
Antioquia,Nordeste,1438,759.3171670824938
Antioquia,Nordeste,1439,750.6819831701004
Antioquia,Nordeste,1440,733.7645062301548
Antioquia,Nordeste,1441,670.6136205578241
Antioquia,Nordeste,1442,624.5003189018678
Antioquia,Nordeste,1443,608.5999981796425
Antioquia,Nordeste,1444,596.9051294586909
Antioquia,Nordeste,1445,590.4721119322606
Antioquia,Nordeste,1446,595.0444946498637
Antioquia,Nordeste,1447,600.3625835750424
Antioquia,Nordeste,1448,599.7063986356654
Antioquia,Nordeste,1449,616.9745269987054
Antioquia,Nordeste,1450,633.3038442246708
Antioquia,Nordeste,1451,644.9299101467936
Antioquia,Nordeste,1452,654.5338914157622
Antioquia,Nordeste,1453,659.7723767966758
Antioquia,Nordeste,1454,663.5851865251512
Antioquia,Nordeste,1455,679.5615745220695
Antioquia,Nordeste,1456,722.3450212633093
Antioquia,Nordeste,1457,748.1299539605446
Antioquia,Nordeste,1458,756.2751036118482
Antioquia,Nordeste,1459,744.7415714062747
Antioquia,Nordeste,1460,762.2995046905048
Antioquia,Nordeste,1461,770.4013777717295
Antioquia,Nordeste,1462,765.6761141787966
Antioquia,Nordeste,1463,756.2465984128535
Antioquia,Nordeste,1464,720.2691424571996
Antioquia,Nordeste,1465,408.75141416215945
Antioquia,Nordeste,1466,335.95866750202714
Antioquia,Nordeste,1467,314.91184324356294
Antioquia,Nordeste,1468,297.9072753012342
Antioquia,Nordeste,1469,291.2177886370775
Antioquia,Nordeste,1470,302.70150192367487
Antioquia,Nordeste,1471,318.1926441123634
Antioquia,Nordeste,1472,315.6996826373885
Antioquia,Nordeste,1473,333.50169906677826
Antioquia,Nordeste,1474,352.32753038296
Antioquia,Nordeste,1475,360.50162352247844
Antioquia,Nordeste,1476,385.7504727129853
Antioquia,Nordeste,1477,410.82069204690407
Antioquia,Nordeste,1478,417.191909963961
Antioquia,Nordeste,1479,449.23307903951627
Antioquia,Nordeste,1480,617.6338730543135
Antioquia,Nordeste,1481,704.6510640961833
Antioquia,Nordeste,1482,713.100274380513
Antioquia,Nordeste,1483,680.1281233491229
Antioquia,Nordeste,1484,714.712645493889
Antioquia,Nordeste,1485,724.3698173347511
Antioquia,Nordeste,1486,717.6531879799421
Antioquia,Nordeste,1487,675.9344427037151
Antioquia,Nordeste,1488,533.5633701058938
Antioquia,Nordeste,1489,810.2861633996793
Antioquia,Nordeste,1490,809.2842256471703
Antioquia,Nordeste,1491,807.8519247442034
Antioquia,Nordeste,1492,806.5497025354712
Antioquia,Nordeste,1493,805.6699642880368
Antioquia,Nordeste,1494,806.4688746790018
Antioquia,Nordeste,1495,807.3157626796609
Antioquia,Nordeste,1496,806.1426401333248
Antioquia,Nordeste,1497,806.4869598013591
Antioquia,Nordeste,1498,807.0633138658599
Antioquia,Nordeste,1499,807.3283535315364
Antioquia,Nordeste,1500,808.6680470034203
Antioquia,Nordeste,1501,810.5840217469926
Antioquia,Nordeste,1502,810.8555335257032
Antioquia,Nordeste,1503,811.3678994760243
Antioquia,Nordeste,1504,811.995681624417
Antioquia,Nordeste,1505,812.4272101808034
Antioquia,Nordeste,1506,812.5850561311149
Antioquia,Nordeste,1507,812.6051123892454
Antioquia,Nordeste,1508,813.9495266921944
Antioquia,Nordeste,1509,813.9893285865265
Antioquia,Nordeste,1510,813.4060881094111
Antioquia,Nordeste,1511,812.4899590584055
Antioquia,Nordeste,1512,811.3670167849959
Antioquia,Nordeste,1513,588.0982493879318
Antioquia,Nordeste,1514,535.585358471189
Antioquia,Nordeste,1515,503.6594209479487
Antioquia,Nordeste,1516,483.0917589034805
Antioquia,Nordeste,1517,475.98488539468207
Antioquia,Nordeste,1518,483.74699596070303
Antioquia,Nordeste,1519,510.391045070507
Antioquia,Nordeste,1520,494.6164811482893
Antioquia,Nordeste,1521,503.1035174668062
Antioquia,Nordeste,1522,518.9804057716082
Antioquia,Nordeste,1523,522.5090220319498
Antioquia,Nordeste,1524,549.5260821400144
Antioquia,Nordeste,1525,586.7673250036522
Antioquia,Nordeste,1526,611.7278508729452
Antioquia,Nordeste,1527,693.8354830911462
Antioquia,Nordeste,1528,784.0162091923747
Antioquia,Nordeste,1529,817.3437977176975
Antioquia,Nordeste,1530,820.158384751312
Antioquia,Nordeste,1531,801.4095999631352
Antioquia,Nordeste,1532,844.9999988247682
Antioquia,Nordeste,1533,837.6602856377295
Antioquia,Nordeste,1534,816.2560136947236
Antioquia,Nordeste,1535,774.3727462021435
Antioquia,Nordeste,1536,682.4135338766608
Antioquia,Nordeste,2305,844.999998869873
Antioquia,Nordeste,2306,844.9999988696816
Antioquia,Nordeste,2307,844.9999988697067
Antioquia,Nordeste,2308,844.999998869513
Antioquia,Nordeste,2309,844.9999988698852
Antioquia,Nordeste,2310,844.9999988697222
Antioquia,Nordeste,2311,844.9999988696156
Antioquia,Nordeste,2312,844.9999988697147
Antioquia,Nordeste,2313,844.9999988697074
Antioquia,Nordeste,2314,844.9999988694942
Antioquia,Nordeste,2315,844.9999988696408
Antioquia,Nordeste,2316,844.9999988697356
Antioquia,Nordeste,2317,844.9999988696181
Antioquia,Nordeste,2318,844.9999988698684
Antioquia,Nordeste,2319,844.9999988697472
Antioquia,Nordeste,2320,844.9999988697102
Antioquia,Nordeste,2321,844.9999988698926
Antioquia,Nordeste,2322,844.999998869839
Antioquia,Nordeste,2323,844.999998869676
Antioquia,Nordeste,2324,844.9999988698398
Antioquia,Nordeste,2325,844.9999988699165
Antioquia,Nordeste,2326,844.9999988698047
Antioquia,Nordeste,2327,844.9999988697057
Antioquia,Nordeste,2328,844.9999988697214
Antioquia,Nordeste,2329,844.9999980626593
Antioquia,Nordeste,2330,844.9999980626438
Antioquia,Nordeste,2331,844.9999980626243
Antioquia,Nordeste,2332,844.999998062604
Antioquia,Nordeste,2333,844.999998062609
Antioquia,Nordeste,2334,844.9999980625779
Antioquia,Nordeste,2335,844.9999980626
Antioquia,Nordeste,2336,844.9999980625363
Antioquia,Nordeste,2337,844.999998062556
Antioquia,Nordeste,2338,844.9999980625698
Antioquia,Nordeste,2339,844.9999980626117
Antioquia,Nordeste,2340,844.9999980626205
Antioquia,Nordeste,2341,844.9999980626167
Antioquia,Nordeste,2342,844.9999980626789
Antioquia,Nordeste,2343,844.9999980626712
Antioquia,Nordeste,2344,844.9999980626825
Antioquia,Nordeste,2345,844.9999980626822
Antioquia,Nordeste,2346,844.9999980627034
Antioquia,Nordeste,2347,844.9999980627179
Antioquia,Nordeste,2348,844.9999980628216
Antioquia,Nordeste,2349,844.9999980628047
Antioquia,Nordeste,2350,844.9999980627529
Antioquia,Nordeste,2351,844.999998062698
Antioquia,Nordeste,2352,844.999998062664
Antioquia,Nordeste,2353,844.9999982361691
Antioquia,Nordeste,2354,844.999998234487
Antioquia,Nordeste,2355,844.9999982362783
Antioquia,Nordeste,2356,844.9999982357697
Antioquia,Nordeste,2357,844.9999982356874
Antioquia,Nordeste,2358,844.9999982355661
Antioquia,Nordeste,2359,844.9999982351604
Antioquia,Nordeste,2360,844.9999982363906
Antioquia,Nordeste,2361,844.99999823576
Antioquia,Nordeste,2362,844.9999982354585
Antioquia,Nordeste,2363,844.9999982348832
Antioquia,Nordeste,2364,844.9999982351028
Antioquia,Nordeste,2365,844.9999982364543
Antioquia,Nordeste,2366,844.999998235101
Antioquia,Nordeste,2367,844.9999982346635
Antioquia,Nordeste,2368,844.9999982360058
Antioquia,Nordeste,2369,844.9999982362111
Antioquia,Nordeste,2370,844.9999982359575
Antioquia,Nordeste,2371,844.9999982358014
Antioquia,Nordeste,2372,844.9999982356638
Antioquia,Nordeste,2373,844.9999982367659
Antioquia,Nordeste,2374,844.999998236926
Antioquia,Nordeste,2375,844.9999982365848
Antioquia,Nordeste,2376,844.9999982358091
Antioquia,Nordeste,2377,844.999994963969
Antioquia,Nordeste,2378,844.9999949638552
Antioquia,Nordeste,2379,844.99999496364
Antioquia,Nordeste,2380,844.9999949635012
Antioquia,Nordeste,2381,844.9999949636332
Antioquia,Nordeste,2382,844.9999949634628
Antioquia,Nordeste,2383,844.9999949632291
Antioquia,Nordeste,2384,844.9999949634764
Antioquia,Nordeste,2385,844.9999949638933
Antioquia,Nordeste,2386,844.9999949642871
Antioquia,Nordeste,2387,844.9999949645093
Antioquia,Nordeste,2388,844.9999949647316
Antioquia,Nordeste,2389,844.9999949649242
Antioquia,Nordeste,2390,844.9999949649641
Antioquia,Nordeste,2391,844.9999949648669
Antioquia,Nordeste,2392,844.9999949652922
Antioquia,Nordeste,2393,844.9999949655064
Antioquia,Nordeste,2394,844.9999949659307
Antioquia,Nordeste,2395,844.9999949657386
Antioquia,Nordeste,2396,844.9999949762915
Antioquia,Nordeste,2397,844.9999950032404
Antioquia,Nordeste,2398,844.9999949750463
Antioquia,Nordeste,2399,844.9999949659767
Antioquia,Nordeste,2400,844.9999949646341
Antioquia,Nordeste,2401,844.9999983520079
Antioquia,Nordeste,2402,844.9999983519775
Antioquia,Nordeste,2403,844.9999983512587
Antioquia,Nordeste,2404,844.9999983515415
Antioquia,Nordeste,2405,844.9999983515812
Antioquia,Nordeste,2406,844.9999983516363
Antioquia,Nordeste,2407,844.9999983517196
Antioquia,Nordeste,2408,844.9999983515703
Antioquia,Nordeste,2409,844.9999983507871
Antioquia,Nordeste,2410,844.9999983514966
Antioquia,Nordeste,2411,844.9999983514464
Antioquia,Nordeste,2412,844.9999983513064
Antioquia,Nordeste,2413,844.9999983521087
Antioquia,Nordeste,2414,844.9999983512922
Antioquia,Nordeste,2415,844.9999983515092
Antioquia,Nordeste,2416,844.9999983526419
Antioquia,Nordeste,2417,844.9999983518331
Antioquia,Nordeste,2418,844.9999983530549
Antioquia,Nordeste,2419,844.9999983525636
Antioquia,Nordeste,2420,844.9999983532397
Antioquia,Nordeste,2421,844.9999983524556
Antioquia,Nordeste,2422,844.9999983524143
Antioquia,Nordeste,2423,844.999998352494
Antioquia,Nordeste,2424,844.9999983527782
Antioquia,Nordeste,2425,844.9999951979734
Antioquia,Nordeste,2426,844.9999951979942
Antioquia,Nordeste,2427,844.9999951976409
Antioquia,Nordeste,2428,844.9999951975458
Antioquia,Nordeste,2429,844.9999951968863
Antioquia,Nordeste,2430,844.9999951966416
Antioquia,Nordeste,2431,844.9999951966163
Antioquia,Nordeste,2432,844.9999951963636
Antioquia,Nordeste,2433,844.9999951971023
Antioquia,Nordeste,2434,844.9999951976522
Antioquia,Nordeste,2435,844.999995198043
Antioquia,Nordeste,2436,844.9999951983926
Antioquia,Nordeste,2437,844.9999951987355
Antioquia,Nordeste,2438,844.9999951985993
Antioquia,Nordeste,2439,844.9999951985376
Antioquia,Nordeste,2440,844.9999951986989
Antioquia,Nordeste,2441,844.9999951991904
Antioquia,Nordeste,2442,844.9999951996508
Antioquia,Nordeste,2443,844.9999951996017
Antioquia,Nordeste,2444,844.9999952023009
Antioquia,Nordeste,2445,844.99999520449
Antioquia,Nordeste,2446,844.9999952020308
Antioquia,Nordeste,2447,844.9999951999228
Antioquia,Nordeste,2448,844.9999951986945
Antioquia,Nordeste,2449,844.9999985396058
Antioquia,Nordeste,2450,844.9999985386372
Antioquia,Nordeste,2451,844.9999985406251
Antioquia,Nordeste,2452,844.9999985414037
Antioquia,Nordeste,2453,844.9999985400607
Antioquia,Nordeste,2454,844.9999985386106
Antioquia,Nordeste,2455,844.9999985400444
Antioquia,Nordeste,2456,844.9999985382219
Antioquia,Nordeste,2457,844.9999985398149
Antioquia,Nordeste,2458,844.999998539843
Antioquia,Nordeste,2459,844.9999985384969
Antioquia,Nordeste,2460,844.9999985394375
Antioquia,Nordeste,2461,844.9999985393232
Antioquia,Nordeste,2462,844.9999985394049
Antioquia,Nordeste,2463,844.9999985403672
Antioquia,Nordeste,2464,844.999998541785
Antioquia,Nordeste,2465,844.9999985419677
Antioquia,Nordeste,2466,844.9999985420234
Antioquia,Nordeste,2467,844.999998542217
Antioquia,Nordeste,2468,844.9999985408542
Antioquia,Nordeste,2469,844.9999985411071
Antioquia,Nordeste,2470,844.9999985426714
Antioquia,Nordeste,2471,844.9999985416406
Antioquia,Nordeste,2472,844.9999985409651
Antioquia,Nordeste,2473,844.9999960361172
Antioquia,Nordeste,2474,844.9999960361076
Antioquia,Nordeste,2475,844.9999960351527
Antioquia,Nordeste,2476,844.9999960346979
Antioquia,Nordeste,2477,844.9999960343778
Antioquia,Nordeste,2478,844.9999960341897
Antioquia,Nordeste,2479,844.9999960340277
Antioquia,Nordeste,2480,844.999996033288
Antioquia,Nordeste,2481,844.9999960338203
Antioquia,Nordeste,2482,844.9999960346984
Antioquia,Nordeste,2483,844.9999960351674
Antioquia,Nordeste,2484,844.999996035993
Antioquia,Nordeste,2485,844.9999960373939
Antioquia,Nordeste,2486,844.999996039544
Antioquia,Nordeste,2487,844.9999960427762
Antioquia,Nordeste,2488,844.9999960462811
Antioquia,Nordeste,2489,844.9999960496352
Antioquia,Nordeste,2490,844.9999960493782
Antioquia,Nordeste,2491,844.9999960491609
Antioquia,Nordeste,2492,844.9999960732653
Antioquia,Nordeste,2493,844.9999960618733
Antioquia,Nordeste,2494,844.9999960522161
Antioquia,Nordeste,2495,844.9999960432403
Antioquia,Nordeste,2496,844.9999960380851
Antioquia,Nordeste,3265,844.9999985996755
Antioquia,Nordeste,3266,844.9999985995718
Antioquia,Nordeste,3267,844.9999985996368
Antioquia,Nordeste,3268,844.9999985996674
Antioquia,Nordeste,3269,844.9999985995862
Antioquia,Nordeste,3270,844.9999985998018
Antioquia,Nordeste,3271,844.9999985996462
Antioquia,Nordeste,3272,844.9999985994837
Antioquia,Nordeste,3273,844.9999985994642
Antioquia,Nordeste,3274,844.9999985995921
Antioquia,Nordeste,3275,844.9999985992218
Antioquia,Nordeste,3276,844.9999985993716
Antioquia,Nordeste,3277,844.9999985993717
Antioquia,Nordeste,3278,844.9999985996607
Antioquia,Nordeste,3279,844.9999985995285
Antioquia,Nordeste,3280,844.9999985994572
Antioquia,Nordeste,3281,844.9999985995879
Antioquia,Nordeste,3282,844.9999985997516
Antioquia,Nordeste,3283,844.9999985998456
Antioquia,Nordeste,3284,844.9999985996809
Antioquia,Nordeste,3285,844.9999985998866
Antioquia,Nordeste,3286,844.9999985997919
Antioquia,Nordeste,3287,844.9999985996775
Antioquia,Nordeste,3288,844.9999985996326
Antioquia,Nordeste,3289,798.3774430960387
Antioquia,Nordeste,3290,797.5917989154748
Antioquia,Nordeste,3291,797.154268361754
Antioquia,Nordeste,3292,796.5420421627439
Antioquia,Nordeste,3293,796.2177910442983
Antioquia,Nordeste,3294,795.8412733460557
Antioquia,Nordeste,3295,793.8448524374337
Antioquia,Nordeste,3296,778.8149712861969
Antioquia,Nordeste,3297,732.2309898926229
Antioquia,Nordeste,3298,657.3104162878897
Antioquia,Nordeste,3299,618.7850295728862
Antioquia,Nordeste,3300,641.9190399073967
Antioquia,Nordeste,3301,721.377736280349
Antioquia,Nordeste,3302,772.6870683764321
Antioquia,Nordeste,3303,787.08138849021
Antioquia,Nordeste,3304,793.8559050672003
Antioquia,Nordeste,3305,797.4470825715749
Antioquia,Nordeste,3306,799.7624251094502
Antioquia,Nordeste,3307,800.8616498634556
Antioquia,Nordeste,3308,804.0966782044605
Antioquia,Nordeste,3309,806.3744858226459
Antioquia,Nordeste,3310,804.7373352287261
Antioquia,Nordeste,3311,801.9568732131719
Antioquia,Nordeste,3312,799.5242431591801
Antioquia,Nordeste,3313,817.550174650073
Antioquia,Nordeste,3314,817.504590382244
Antioquia,Nordeste,3315,817.3349216160133
Antioquia,Nordeste,3316,817.2040822078792
Antioquia,Nordeste,3317,817.1350613572544
Antioquia,Nordeste,3318,817.2048459066277
Antioquia,Nordeste,3319,816.9026152807189
Antioquia,Nordeste,3320,816.3906793153405
Antioquia,Nordeste,3321,815.4283089145016
Antioquia,Nordeste,3322,814.2215173620467
Antioquia,Nordeste,3323,812.2432936952612
Antioquia,Nordeste,3324,813.0525566335393
Antioquia,Nordeste,3325,814.6746926847168
Antioquia,Nordeste,3326,815.4211132050393
Antioquia,Nordeste,3327,816.2307760130967
Antioquia,Nordeste,3328,816.9900244418624
Antioquia,Nordeste,3329,819.0898158040469
Antioquia,Nordeste,3330,819.7880173078864
Antioquia,Nordeste,3331,818.4663765754261
Antioquia,Nordeste,3332,822.2826982485345
Antioquia,Nordeste,3333,825.7902435378292
Antioquia,Nordeste,3334,823.3192174158613
Antioquia,Nordeste,3335,819.8751536864715
Antioquia,Nordeste,3336,817.5497132324591
Antioquia,Nordeste,3337,844.9999972806231
Antioquia,Nordeste,3338,844.9999972804968
Antioquia,Nordeste,3339,844.9999972805169
Antioquia,Nordeste,3340,844.9999972804741
Antioquia,Nordeste,3341,844.9999972803504
Antioquia,Nordeste,3342,844.9999972802469
Antioquia,Nordeste,3343,844.9999972801326
Antioquia,Nordeste,3344,844.9999972800107
Antioquia,Nordeste,3345,844.9999972802887
Antioquia,Nordeste,3346,844.9999972800406
Antioquia,Nordeste,3347,844.9999972799126
Antioquia,Nordeste,3348,844.9999972799853
Antioquia,Nordeste,3349,844.999997280348
Antioquia,Nordeste,3350,844.9999972804878
Antioquia,Nordeste,3351,844.9999972807632
Antioquia,Nordeste,3352,844.9999972809903
Antioquia,Nordeste,3353,844.9999972812875
Antioquia,Nordeste,3354,844.9999972814195
Antioquia,Nordeste,3355,844.9999972814828
Antioquia,Nordeste,3356,844.9999972831592
Antioquia,Nordeste,3357,844.9999972849273
Antioquia,Nordeste,3358,844.9999972825551
Antioquia,Nordeste,3359,844.9999972814481
Antioquia,Nordeste,3360,844.9999972805944
Antioquia,Nordeste,3361,780.6308326438948
Antioquia,Nordeste,3362,763.7965468486186
Antioquia,Nordeste,3363,754.5935631236001
Antioquia,Nordeste,3364,748.6016904788538
Antioquia,Nordeste,3365,745.2033944553428
Antioquia,Nordeste,3366,750.1125934373262
Antioquia,Nordeste,3367,745.5176037475575
Antioquia,Nordeste,3368,709.1157567905036
Antioquia,Nordeste,3369,689.0679379358738
Antioquia,Nordeste,3370,675.2079847702332
Antioquia,Nordeste,3371,661.9310225237197
Antioquia,Nordeste,3372,667.6446948630004
Antioquia,Nordeste,3373,675.6407983331086
Antioquia,Nordeste,3374,680.1710009541282
Antioquia,Nordeste,3375,710.7561492061122
Antioquia,Nordeste,3376,801.8827969226784
Antioquia,Nordeste,3377,809.514624837513
Antioquia,Nordeste,3378,811.5311734702332
Antioquia,Nordeste,3379,802.3762037975814
Antioquia,Nordeste,3380,811.7458805078303
Antioquia,Nordeste,3381,826.1812532304975
Antioquia,Nordeste,3382,819.9991637729764
Antioquia,Nordeste,3383,805.98728324162
Antioquia,Nordeste,3384,796.3224619119088
Antioquia,Nordeste,3385,755.4879806468049
Antioquia,Nordeste,3386,755.8042695790099
Antioquia,Nordeste,3387,752.1019808522985
Antioquia,Nordeste,3388,748.5143845685635
Antioquia,Nordeste,3389,741.6812468245196
Antioquia,Nordeste,3390,740.0830021904088
Antioquia,Nordeste,3391,734.6692835091752
Antioquia,Nordeste,3392,724.5941823425235
Antioquia,Nordeste,3393,723.4814488643191
Antioquia,Nordeste,3394,722.0785445584844
Antioquia,Nordeste,3395,709.8367241702684
Antioquia,Nordeste,3396,711.476672310739
Antioquia,Nordeste,3397,724.7905107593476
Antioquia,Nordeste,3398,729.7045894269676
Antioquia,Nordeste,3399,734.1648739198005
Antioquia,Nordeste,3400,745.3082321124898
Antioquia,Nordeste,3401,773.8406530403065
Antioquia,Nordeste,3402,786.7230794486775
Antioquia,Nordeste,3403,779.0057286908878
Antioquia,Nordeste,3404,802.2164582001739
Antioquia,Nordeste,3405,810.5712813253377
Antioquia,Nordeste,3406,801.1103375890282
Antioquia,Nordeste,3407,781.1207091662042
Antioquia,Nordeste,3408,764.4732943838995
Antioquia,Nordeste,3409,844.9999981436981
Antioquia,Nordeste,3410,844.9999981422892
Antioquia,Nordeste,3411,844.9999981414863
Antioquia,Nordeste,3412,844.9999981422553
Antioquia,Nordeste,3413,844.9999981421065
Antioquia,Nordeste,3414,844.9999981423491
Antioquia,Nordeste,3415,844.9999981421756
Antioquia,Nordeste,3416,844.999998142408
Antioquia,Nordeste,3417,844.9999981412927
Antioquia,Nordeste,3418,844.9999981414378
Antioquia,Nordeste,3419,844.9999981403248
Antioquia,Nordeste,3420,844.9999981407992
Antioquia,Nordeste,3421,844.9999981416771
Antioquia,Nordeste,3422,844.9999981418224
Antioquia,Nordeste,3423,844.9999981428712
Antioquia,Nordeste,3424,844.9999981433032
Antioquia,Nordeste,3425,844.9999981437729
Antioquia,Nordeste,3426,844.9999981453834
Antioquia,Nordeste,3427,844.9999981441475
Antioquia,Nordeste,3428,844.9999981445753
Antioquia,Nordeste,3429,844.9999981451816
Antioquia,Nordeste,3430,844.9999981460481
Antioquia,Nordeste,3431,844.99999814453
Antioquia,Nordeste,3432,844.9999981439456
Antioquia,Nordeste,3433,844.9999952805367
Antioquia,Nordeste,3434,844.9999952816008
Antioquia,Nordeste,3435,844.9999952790369
Antioquia,Nordeste,3436,844.9999952763159
Antioquia,Nordeste,3437,844.999995273496
Antioquia,Nordeste,3438,844.9999952746228
Antioquia,Nordeste,3439,844.9999952751706
Antioquia,Nordeste,3440,844.9999952744167
Antioquia,Nordeste,3441,844.9999952772642
Antioquia,Nordeste,3442,844.9999952802228
Antioquia,Nordeste,3443,844.9999952819326
Antioquia,Nordeste,3444,844.9999952852658
Antioquia,Nordeste,3445,844.9999952884077
Antioquia,Nordeste,3446,844.9999952897956
Antioquia,Nordeste,3447,844.9999952919605
Antioquia,Nordeste,3448,844.9999952942793
Antioquia,Nordeste,3449,844.9999952956776
Antioquia,Nordeste,3450,844.999995295483
Antioquia,Nordeste,3451,844.9999952956649
Antioquia,Nordeste,3452,844.9999953019308
Antioquia,Nordeste,3453,844.9999953009009
Antioquia,Nordeste,3454,844.9999952974949
Antioquia,Nordeste,3455,844.9999952930289
Antioquia,Nordeste,3456,844.9999952865237
Antioquia,Nordeste,4225,844.9999983041116
Antioquia,Nordeste,4226,844.9999983046519
Antioquia,Nordeste,4227,844.999998303984
Antioquia,Nordeste,4228,844.9999983041158
Antioquia,Nordeste,4229,844.9999983044293
Antioquia,Nordeste,4230,844.9999983041247
Antioquia,Nordeste,4231,844.9999983043168
Antioquia,Nordeste,4232,844.9999983038119
Antioquia,Nordeste,4233,844.9999983037691
Antioquia,Nordeste,4234,844.999998302806
Antioquia,Nordeste,4235,844.9999982785957
Antioquia,Nordeste,4236,844.9999982759135
Antioquia,Nordeste,4237,844.9999983030955
Antioquia,Nordeste,4238,844.9999983034944
Antioquia,Nordeste,4239,844.9999983033936
Antioquia,Nordeste,4240,844.9999983041457
Antioquia,Nordeste,4241,844.9999983040218
Antioquia,Nordeste,4242,844.9999983040443
Antioquia,Nordeste,4243,844.9999983043497
Antioquia,Nordeste,4244,844.9999983044503
Antioquia,Nordeste,4245,844.9999983049006
Antioquia,Nordeste,4246,844.9999983043213
Antioquia,Nordeste,4247,844.9999983035701
Antioquia,Nordeste,4248,844.9999983043974
Antioquia,Nordeste,4249,844.9999971047304
Antioquia,Nordeste,4250,844.9999971045054
Antioquia,Nordeste,4251,844.9999971041665
Antioquia,Nordeste,4252,844.9999971039141
Antioquia,Nordeste,4253,844.9999971036889
Antioquia,Nordeste,4254,844.9999971035537
Antioquia,Nordeste,4255,844.9999971028457
Antioquia,Nordeste,4256,844.9999970948248
Antioquia,Nordeste,4257,797.9285086651546
Antioquia,Nordeste,4258,285.91802607092563
Antioquia,Nordeste,4259,82.66631826137093
Antioquia,Nordeste,4260,58.66580838269517
Antioquia,Nordeste,4261,222.77216094429235
Antioquia,Nordeste,4262,620.4282692724533
Antioquia,Nordeste,4263,844.9999970908788
Antioquia,Nordeste,4264,844.9999971008478
Antioquia,Nordeste,4265,844.9999971035246
Antioquia,Nordeste,4266,844.9999971048596
Antioquia,Nordeste,4267,844.9999971052084
Antioquia,Nordeste,4268,844.9999971065282
Antioquia,Nordeste,4269,844.9999971074524
Antioquia,Nordeste,4270,844.999997106839
Antioquia,Nordeste,4271,844.9999971059332
Antioquia,Nordeste,4272,844.9999971051759
Antioquia,Nordeste,4273,808.9939796816021
Antioquia,Nordeste,4274,805.4437590426212
Antioquia,Nordeste,4275,803.913367298301
Antioquia,Nordeste,4276,803.1795228779732
Antioquia,Nordeste,4277,802.9396099397089
Antioquia,Nordeste,4278,803.2552590901831
Antioquia,Nordeste,4279,800.5478314658529
Antioquia,Nordeste,4280,795.1870244142581
Antioquia,Nordeste,4281,780.6372387411332
Antioquia,Nordeste,4282,713.7359822880541
Antioquia,Nordeste,4283,525.0934809940323
Antioquia,Nordeste,4284,534.9245317364094
Antioquia,Nordeste,4285,700.8921268969965
Antioquia,Nordeste,4286,769.6646756831847
Antioquia,Nordeste,4287,785.2255357228172
Antioquia,Nordeste,4288,795.7890624164429
Antioquia,Nordeste,4289,807.5679724405113
Antioquia,Nordeste,4290,813.8510785396664
Antioquia,Nordeste,4291,815.0426507232216
Antioquia,Nordeste,4292,821.2382731479664
Antioquia,Nordeste,4293,824.2043813793235
Antioquia,Nordeste,4294,820.6262934366955
Antioquia,Nordeste,4295,814.1216751277718
Antioquia,Nordeste,4296,811.3539346438791
Antioquia,Nordeste,4297,844.9999983138015
Antioquia,Nordeste,4298,844.9999983138682
Antioquia,Nordeste,4299,844.9999983127404
Antioquia,Nordeste,4300,844.9999983116982
Antioquia,Nordeste,4301,844.9999983107036
Antioquia,Nordeste,4302,844.9999983098402
Antioquia,Nordeste,4303,844.999997122752
Antioquia,Nordeste,4304,844.999997107281
Antioquia,Nordeste,4305,788.9648110015135
Antioquia,Nordeste,4306,519.2620468289764
Antioquia,Nordeste,4307,320.25862721179493
Antioquia,Nordeste,4308,315.3295911723155
Antioquia,Nordeste,4309,506.5304657255896
Antioquia,Nordeste,4310,784.8433815242936
Antioquia,Nordeste,4311,844.9999971036985
Antioquia,Nordeste,4312,844.9999971224054
Antioquia,Nordeste,4313,844.9999983118634
Antioquia,Nordeste,4314,844.9999983141297
Antioquia,Nordeste,4315,844.9999983143065
Antioquia,Nordeste,4316,844.9999983148145
Antioquia,Nordeste,4317,844.9999983150217
Antioquia,Nordeste,4318,844.9999983149224
Antioquia,Nordeste,4319,844.9999983147749
Antioquia,Nordeste,4320,844.9999983143845
Antioquia,Nordeste,4321,810.5693807296362
Antioquia,Nordeste,4322,791.9727573154728
Antioquia,Nordeste,4323,778.6785099511347
Antioquia,Nordeste,4324,771.4714271494172
Antioquia,Nordeste,4325,768.539265191103
Antioquia,Nordeste,4326,773.0034272410754
Antioquia,Nordeste,4327,765.0724628091288
Antioquia,Nordeste,4328,695.0809439736242
Antioquia,Nordeste,4329,597.7854869851765
Antioquia,Nordeste,4330,502.5617736710922
Antioquia,Nordeste,4331,411.2795267214187
Antioquia,Nordeste,4332,419.7419525628959
Antioquia,Nordeste,4333,481.74985752428563
Antioquia,Nordeste,4334,531.3209956033392
Antioquia,Nordeste,4335,646.6147509204288
Antioquia,Nordeste,4336,796.6471853887882
Antioquia,Nordeste,4337,817.8279952339279
Antioquia,Nordeste,4338,820.1762272510881
Antioquia,Nordeste,4339,819.8420716412434
Antioquia,Nordeste,4340,826.6844162218185
Antioquia,Nordeste,4341,830.2111349831628
Antioquia,Nordeste,4342,828.3527046268127
Antioquia,Nordeste,4343,820.3689222920477
Antioquia,Nordeste,4344,817.2537885783818
Antioquia,Nordeste,4345,844.9999983143491
Antioquia,Nordeste,4346,844.9999983142262
Antioquia,Nordeste,4347,844.9999983130484
Antioquia,Nordeste,4348,844.9999982899736
Antioquia,Nordeste,4349,844.9999971122602
Antioquia,Nordeste,4350,844.9999971102635
Antioquia,Nordeste,4351,844.999997107871
Antioquia,Nordeste,4352,773.3524217483205
Antioquia,Nordeste,4353,690.1823067183102
Antioquia,Nordeste,4354,478.46234128871225
Antioquia,Nordeste,4355,328.02460424032176
Antioquia,Nordeste,4356,313.4558322564432
Antioquia,Nordeste,4357,457.2729590343573
Antioquia,Nordeste,4358,670.6678803215233
Antioquia,Nordeste,4359,763.0751116213671
Antioquia,Nordeste,4360,843.5114202954934
Antioquia,Nordeste,4361,844.999997109871
Antioquia,Nordeste,4362,844.9999983141531
Antioquia,Nordeste,4363,844.9999983145979
Antioquia,Nordeste,4364,844.9999983151367
Antioquia,Nordeste,4365,844.9999983153874
Antioquia,Nordeste,4366,844.9999983152915
Antioquia,Nordeste,4367,844.999998315121
Antioquia,Nordeste,4368,844.9999983148649
Antioquia,Nordeste,4369,488.24309957318746
Antioquia,Nordeste,4370,442.46446271599365
Antioquia,Nordeste,4371,420.81977102571193
Antioquia,Nordeste,4372,407.49070283541687
Antioquia,Nordeste,4373,400.37303707915896
Antioquia,Nordeste,4374,398.7765790878992
Antioquia,Nordeste,4375,361.94338807981546
Antioquia,Nordeste,4376,264.16002670640233
Antioquia,Nordeste,4377,201.7190289160815
Antioquia,Nordeste,4378,158.96855884220685
Antioquia,Nordeste,4379,130.16046911356838
Antioquia,Nordeste,4380,136.25326648907912
Antioquia,Nordeste,4381,202.72442693307764
Antioquia,Nordeste,4382,317.6844406244824
Antioquia,Nordeste,4383,586.2012373558989
Antioquia,Nordeste,4384,837.8290766934897
Antioquia,Nordeste,4385,844.9999980237592
Antioquia,Nordeste,4386,726.1751749787156
Antioquia,Nordeste,4387,688.3629820480836
Antioquia,Nordeste,4388,772.8753649726408
Antioquia,Nordeste,4389,770.1814316573153
Antioquia,Nordeste,4390,732.7001383087179
Antioquia,Nordeste,4391,659.5157524261217
Antioquia,Nordeste,4392,563.5832983914547
Antioquia,Nordeste,4393,844.9999971046973
Antioquia,Nordeste,4394,844.9999961509762
Antioquia,Nordeste,4395,844.9999961429553
Antioquia,Nordeste,4396,844.9999961377448
Antioquia,Nordeste,4397,844.9999960143767
Antioquia,Nordeste,4398,844.999996012399
Antioquia,Nordeste,4399,844.9999960052237
Antioquia,Nordeste,4400,844.9999959965771
Antioquia,Nordeste,4401,844.9999955833899
Antioquia,Nordeste,4402,520.9778104788248
Antioquia,Nordeste,4403,295.0449463473975
Antioquia,Nordeste,4404,294.63585398258294
Antioquia,Nordeste,4405,571.5679176259296
Antioquia,Nordeste,4406,844.9999955806143
Antioquia,Nordeste,4407,844.999995989126
Antioquia,Nordeste,4408,844.9999959999425
Antioquia,Nordeste,4409,844.9999961382206
Antioquia,Nordeste,4410,844.9999971230648
Antioquia,Nordeste,4411,844.9999971301246
Antioquia,Nordeste,4412,844.9999976701155
Antioquia,Nordeste,4413,844.999997678598
Antioquia,Nordeste,4414,844.9999976747349
Antioquia,Nordeste,4415,844.9999973650381
Antioquia,Nordeste,4416,844.9999971312013
Antioquia,Nordeste,5185,272.74715130784847
Antioquia,Nordeste,5186,201.18971200691013
Antioquia,Nordeste,5187,226.06378680565675
Antioquia,Nordeste,5188,276.39736636321436
Antioquia,Nordeste,5189,326.5272243846699
Antioquia,Nordeste,5190,285.6390486992125
Antioquia,Nordeste,5191,345.023103344754
Antioquia,Nordeste,5192,607.8458313339864
Antioquia,Nordeste,5193,367.240223966924
Antioquia,Nordeste,5194,147.87737027277092
Antioquia,Nordeste,5195,12.249525281530145
Antioquia,Nordeste,5196,18.508747497405814
Antioquia,Nordeste,5197,168.42243572422325
Antioquia,Nordeste,5198,433.46316768423134
Antioquia,Nordeste,5199,794.9539847166817
Antioquia,Nordeste,5200,693.5057660337515
Antioquia,Nordeste,5201,316.37241695375525
Antioquia,Nordeste,5202,709.4951565999498
Antioquia,Nordeste,5203,636.7410539711486
Antioquia,Nordeste,5204,844.9999890278515
Antioquia,Nordeste,5205,798.013555834486
Antioquia,Nordeste,5206,844.9999895194405
Antioquia,Nordeste,5207,815.586710380626
Antioquia,Nordeste,5208,552.6381183963825
Antioquia,Nordeste,5209,9.388227929118026
Antioquia,Nordeste,5210,61.79367511918866
Antioquia,Nordeste,5211,82.26788214588899
Antioquia,Nordeste,5212,78.41746879871525
Antioquia,Nordeste,5213,77.12388699304
Antioquia,Nordeste,5214,81.46026442616869
Antioquia,Nordeste,5215,81.30642260977817
Antioquia,Nordeste,5216,37.418846096921385
Antioquia,Nordeste,5217,17.58924034126999
Antioquia,Nordeste,5218,8.136548686313354e-06
Antioquia,Nordeste,5219,6.265688515586983e-06
Antioquia,Nordeste,5220,6.305565847177339e-06
Antioquia,Nordeste,5221,31.401494698376734
Antioquia,Nordeste,5222,134.13341349627868
Antioquia,Nordeste,5223,272.3825721407607
Antioquia,Nordeste,5224,169.97961343648856
Antioquia,Nordeste,5225,12.909087403337645
Antioquia,Nordeste,5226,80.44787740084524
Antioquia,Nordeste,5227,13.798994318506143
Antioquia,Nordeste,5228,595.0260341216035
Antioquia,Nordeste,5229,663.4917209043192
Antioquia,Nordeste,5230,640.8818284611073
Antioquia,Nordeste,5231,289.93793073233206
Antioquia,Nordeste,5232,10.185181238014449
Antioquia,Nordeste,5233,9.524187959563798e-07
Antioquia,Nordeste,5234,9.527710490807223e-07
Antioquia,Nordeste,5235,9.52866500172103e-07
Antioquia,Nordeste,5236,9.52669559479453e-07
Antioquia,Nordeste,5237,9.52639543115437e-07
Antioquia,Nordeste,5238,9.526212212360331e-07
Antioquia,Nordeste,5239,9.530233697730957e-07
Antioquia,Nordeste,5240,9.541835438433348e-07
Antioquia,Nordeste,5241,8.996863514745657e-07
Antioquia,Nordeste,5242,8.956678479399664e-07
Antioquia,Nordeste,5243,8.947304988460817e-07
Antioquia,Nordeste,5244,8.953352742368115e-07
Antioquia,Nordeste,5245,8.978471424656996e-07
Antioquia,Nordeste,5246,9.526777490012974e-07
Antioquia,Nordeste,5247,9.657875931598753e-07
Antioquia,Nordeste,5248,9.609120368969173e-07
Antioquia,Nordeste,5249,9.597752915127132e-07
Antioquia,Nordeste,5250,113.10894505018604
Antioquia,Nordeste,5251,14.820580551557976
Antioquia,Nordeste,5252,516.2009323352662
Antioquia,Nordeste,5253,680.2449428711573
Antioquia,Nordeste,5254,577.9826131705398
Antioquia,Nordeste,5255,238.3874723634465
Antioquia,Nordeste,5256,2.7557799676989748e-06
Antioquia,Nordeste,5257,188.51565840095114
Antioquia,Nordeste,5258,4.940066195907297e-06
Antioquia,Nordeste,5259,4.91409562160011e-06
Antioquia,Nordeste,5260,4.9061588644241666e-06
Antioquia,Nordeste,5261,4.904306001749791e-06
Antioquia,Nordeste,5262,4.909479303346424e-06
Antioquia,Nordeste,5263,4.914869054527349e-06
Antioquia,Nordeste,5264,4.908255650927694e-06
Antioquia,Nordeste,5265,5.204265747109138e-06
Antioquia,Nordeste,5266,5.197173371181458e-06
Antioquia,Nordeste,5267,5.2012761952472995e-06
Antioquia,Nordeste,5268,5.2074550332036694e-06
Antioquia,Nordeste,5269,5.215196544355774e-06
Antioquia,Nordeste,5270,5.262330308325145e-06
Antioquia,Nordeste,5271,4.953272449415001e-06
Antioquia,Nordeste,5272,303.85587639276457
Antioquia,Nordeste,5273,355.33421343332117
Antioquia,Nordeste,5274,410.95615830485593
Antioquia,Nordeste,5275,277.19495476180657
Antioquia,Nordeste,5276,485.75010333231353
Antioquia,Nordeste,5277,676.9770000668749
Antioquia,Nordeste,5278,586.2054515659546
Antioquia,Nordeste,5279,396.55166011560914
Antioquia,Nordeste,5280,283.73350954522095
Antioquia,Nordeste,5281,2.9531791309336233e-06
Antioquia,Nordeste,5282,6.579627909127745e-07
Antioquia,Nordeste,5283,6.576763628323954e-07
Antioquia,Nordeste,5284,6.576068442494744e-07
Antioquia,Nordeste,5285,6.57608298713686e-07
Antioquia,Nordeste,5286,6.575444008166559e-07
Antioquia,Nordeste,5287,6.575313331078761e-07
Antioquia,Nordeste,5288,6.571663282772147e-07
Antioquia,Nordeste,5289,6.569169831715176e-07
Antioquia,Nordeste,5290,6.570614120070661e-07
Antioquia,Nordeste,5291,6.573939764979637e-07
Antioquia,Nordeste,5292,6.577544684994767e-07
Antioquia,Nordeste,5293,6.578684399524112e-07
Antioquia,Nordeste,5294,6.577159009648472e-07
Antioquia,Nordeste,5295,6.587911335304461e-07
Antioquia,Nordeste,5296,6.653321686191994e-07
Antioquia,Nordeste,5297,3.026098426183144e-06
Antioquia,Nordeste,5298,9.75417728856412e-06
Antioquia,Nordeste,5299,3.0166812653987187e-06
Antioquia,Nordeste,5300,1.1134438793798507e-05
Antioquia,Nordeste,5301,12.587377151844189
Antioquia,Nordeste,5302,1.1258553068703055e-05
Antioquia,Nordeste,5303,3.4031209202753236e-06
Antioquia,Nordeste,5304,2.9967666364050363e-06
Antioquia,Nordeste,5305,3.957283824551559e-06
Antioquia,Nordeste,5306,5.462937995255932e-06
Antioquia,Nordeste,5307,5.46554427637604e-06
Antioquia,Nordeste,5308,5.468718023399793e-06
Antioquia,Nordeste,5309,5.467250145782203e-06
Antioquia,Nordeste,5310,5.4648281321831266e-06
Antioquia,Nordeste,5311,5.467729060789598e-06
Antioquia,Nordeste,5312,5.4685364587055904e-06
Antioquia,Nordeste,5313,5.468432499187039e-06
Antioquia,Nordeste,5314,5.464260279739492e-06
Antioquia,Nordeste,5315,5.461247408131113e-06
Antioquia,Nordeste,5316,5.468212938007583e-06
Antioquia,Nordeste,5317,5.494014825289752e-06
Antioquia,Nordeste,5318,5.508848507032412e-06
Antioquia,Nordeste,5319,5.512310139657898e-06
Antioquia,Nordeste,5320,5.521850167240173e-06
Antioquia,Nordeste,5321,0.00045411612585780043
Antioquia,Nordeste,5322,45.597198188355485
Antioquia,Nordeste,5323,39.67872849152846
Antioquia,Nordeste,5324,52.302358483962195
Antioquia,Nordeste,5325,167.90130324628277
Antioquia,Nordeste,5326,97.92927504403225
Antioquia,Nordeste,5327,43.05010122497516
Antioquia,Nordeste,5328,5.513203923701778
Antioquia,Nordeste,5329,6.227714683937044e-07
Antioquia,Nordeste,5330,6.22033315185207e-07
Antioquia,Nordeste,5331,6.214639568643168e-07
Antioquia,Nordeste,5332,6.210505339044624e-07
Antioquia,Nordeste,5333,6.20800186153986e-07
Antioquia,Nordeste,5334,6.206905839229256e-07
Antioquia,Nordeste,5335,6.205127222690002e-07
Antioquia,Nordeste,5336,6.19587451466301e-07
Antioquia,Nordeste,5337,6.188671064219463e-07
Antioquia,Nordeste,5338,6.180809869592515e-07
Antioquia,Nordeste,5339,6.176749610701821e-07
Antioquia,Nordeste,5340,6.180570692516955e-07
Antioquia,Nordeste,5341,6.194345464432969e-07
Antioquia,Nordeste,5342,6.210591513571101e-07
Antioquia,Nordeste,5343,6.227891922878634e-07
Antioquia,Nordeste,5344,6.248688858363745e-07
Antioquia,Nordeste,5345,6.265648652588947e-07
Antioquia,Nordeste,5346,6.266256479484401e-07
Antioquia,Nordeste,5347,6.257967706916831e-07
Antioquia,Nordeste,5348,1.1697588218155086e-05
Antioquia,Nordeste,5349,1.1655016680427804e-05
Antioquia,Nordeste,5350,6.33624180135421e-07
Antioquia,Nordeste,5351,6.25210176227852e-07
Antioquia,Nordeste,5352,6.23619767979352e-07
Antioquia,Nordeste,5353,410.74545379766147
Antioquia,Nordeste,5354,4.391709939726761e-06
Antioquia,Nordeste,5355,4.01680007821485e-06
Antioquia,Nordeste,5356,3.928953904993583e-06
Antioquia,Nordeste,5357,3.911169904956379e-06
Antioquia,Nordeste,5358,3.942147250928698e-06
Antioquia,Nordeste,5359,3.9326580724921575e-06
Antioquia,Nordeste,5360,3.866281178633716e-06
Antioquia,Nordeste,5361,3.7507179411706133e-06
Antioquia,Nordeste,5362,3.7016256111444302e-06
Antioquia,Nordeste,5363,3.695068740238344e-06
Antioquia,Nordeste,5364,3.7025959179437885e-06
Antioquia,Nordeste,5365,3.7556650005986757e-06
Antioquia,Nordeste,5366,3.934897189849802e-06
Antioquia,Nordeste,5367,4.085983106325994e-06
Antioquia,Nordeste,5368,442.2140746671781
Antioquia,Nordeste,5369,814.6467794398643
Antioquia,Nordeste,5370,740.2256024310888
Antioquia,Nordeste,5371,751.544725484142
Antioquia,Nordeste,5372,844.9999983145349
Antioquia,Nordeste,5373,844.9999983153522
Antioquia,Nordeste,5374,844.999998313979
Antioquia,Nordeste,5375,732.2683853251389
Antioquia,Nordeste,5376,569.98526860038
Nordeste,Antioquia,1,3.408411837797048e-07
Nordeste,Antioquia,2,3.408703157559047e-07
Nordeste,Antioquia,3,3.4089225524562754e-07
Nordeste,Antioquia,4,3.4091016457420873e-07
Nordeste,Antioquia,5,3.4091936111104604e-07
Nordeste,Antioquia,6,3.4091601528888435e-07
Nordeste,Antioquia,7,3.4089100095432704e-07
Nordeste,Antioquia,8,3.408832204090071e-07
Nordeste,Antioquia,9,3.40854042333345e-07
Nordeste,Antioquia,10,3.4082529599063817e-07
Nordeste,Antioquia,11,3.4080989306927165e-07
Nordeste,Antioquia,12,3.4079484517465954e-07
Nordeste,Antioquia,13,3.4078389007703896e-07
Nordeste,Antioquia,14,3.4078562933389017e-07
Nordeste,Antioquia,15,3.4078516781162915e-07
Nordeste,Antioquia,16,3.407821080580897e-07
Nordeste,Antioquia,17,3.407829932003521e-07
Nordeste,Antioquia,18,3.4079062439713104e-07
Nordeste,Antioquia,19,3.407898094738522e-07
Nordeste,Antioquia,20,3.407745692822025e-07
Nordeste,Antioquia,21,3.4076976932388233e-07
Nordeste,Antioquia,22,3.407812585147798e-07
Nordeste,Antioquia,23,3.407979902235207e-07
Nordeste,Antioquia,24,3.4081849081498083e-07
Nordeste,Antioquia,25,2.137083416047021e-06
Nordeste,Antioquia,26,2.1372062823738496e-06
Nordeste,Antioquia,27,2.1373906007324144e-06
Nordeste,Antioquia,28,2.1375524373159787e-06
Nordeste,Antioquia,29,2.137687289650842e-06
Nordeste,Antioquia,30,2.13777197506477e-06
Nordeste,Antioquia,31,2.13786411802518e-06
Nordeste,Antioquia,32,2.138173320729692e-06
Nordeste,Antioquia,33,2.138020846347339e-06
Nordeste,Antioquia,34,2.137670367282352e-06
Nordeste,Antioquia,35,2.137370214023937e-06
Nordeste,Antioquia,36,2.1371321950800665e-06
Nordeste,Antioquia,37,2.136943136443011e-06
Nordeste,Antioquia,38,2.1368547739094385e-06
Nordeste,Antioquia,39,2.1368527352209557e-06
Nordeste,Antioquia,40,2.1368931880982597e-06
Nordeste,Antioquia,41,2.1369195534523197e-06
Nordeste,Antioquia,42,2.136948823668746e-06
Nordeste,Antioquia,43,2.136917536873e-06
Nordeste,Antioquia,44,2.1365069105877427e-06
Nordeste,Antioquia,45,2.136366923684614e-06
Nordeste,Antioquia,46,2.1364367944409724e-06
Nordeste,Antioquia,47,2.1365920576018e-06
Nordeste,Antioquia,48,2.136803452800982e-06
Nordeste,Antioquia,49,3.221625086598891e-07
Nordeste,Antioquia,50,3.222151767698139e-07
Nordeste,Antioquia,51,3.2225254067129433e-07
Nordeste,Antioquia,52,3.2228382811205453e-07
Nordeste,Antioquia,53,3.22299630082176e-07
Nordeste,Antioquia,54,3.2228338055502795e-07
Nordeste,Antioquia,55,3.2223216769536844e-07
Nordeste,Antioquia,56,3.222241919626528e-07
Nordeste,Antioquia,57,3.2217878461848935e-07
Nordeste,Antioquia,58,3.22140118970354e-07
Nordeste,Antioquia,59,3.2212132434447836e-07
Nordeste,Antioquia,60,3.2210050365186817e-07
Nordeste,Antioquia,61,3.220856461916283e-07
Nordeste,Antioquia,62,3.2208929840995774e-07
Nordeste,Antioquia,63,3.220857345045146e-07
Nordeste,Antioquia,64,3.22078066734058e-07
Nordeste,Antioquia,65,3.2207681051850154e-07
Nordeste,Antioquia,66,3.22085265849971e-07
Nordeste,Antioquia,67,3.2209870089058786e-07
Nordeste,Antioquia,68,3.2206621459675287e-07
Nordeste,Antioquia,69,3.2205458258040296e-07
Nordeste,Antioquia,70,3.220681540866777e-07
Nordeste,Antioquia,71,3.220926164569213e-07
Nordeste,Antioquia,72,3.221259597189995e-07
Nordeste,Antioquia,73,2.04037410267185e-06
Nordeste,Antioquia,74,2.0404244893457883e-06
Nordeste,Antioquia,75,2.0407508509407146e-06
Nordeste,Antioquia,76,2.0410110066553595e-06
Nordeste,Antioquia,77,2.0411931516781425e-06
Nordeste,Antioquia,78,2.041293442964543e-06
Nordeste,Antioquia,79,2.0414492412895958e-06
Nordeste,Antioquia,80,2.0417291022130163e-06
Nordeste,Antioquia,81,2.0414488740263623e-06
Nordeste,Antioquia,82,2.041055123416801e-06
Nordeste,Antioquia,83,2.0406865811827843e-06
Nordeste,Antioquia,84,2.0403825119431692e-06
Nordeste,Antioquia,85,2.0401242741800317e-06
Nordeste,Antioquia,86,2.0399962644211917e-06
Nordeste,Antioquia,87,2.0399548171763208e-06
Nordeste,Antioquia,88,2.040007514642209e-06
Nordeste,Antioquia,89,2.0400483600481988e-06
Nordeste,Antioquia,90,2.040082182991781e-06
Nordeste,Antioquia,91,2.0400706632382235e-06
Nordeste,Antioquia,92,2.0394746535836213e-06
Nordeste,Antioquia,93,2.039240961107547e-06
Nordeste,Antioquia,94,2.0393469049087228e-06
Nordeste,Antioquia,95,2.039584410491376e-06
Nordeste,Antioquia,96,2.0399457586179016e-06
Nordeste,Antioquia,97,3.214468025666451e-07
Nordeste,Antioquia,98,3.2150996693831166e-07
Nordeste,Antioquia,99,3.2156185248258995e-07
Nordeste,Antioquia,100,3.216040924658763e-07
Nordeste,Antioquia,101,3.216257292694699e-07
Nordeste,Antioquia,102,3.216128357447989e-07
Nordeste,Antioquia,103,3.215638948734977e-07
Nordeste,Antioquia,104,3.2154549821653084e-07
Nordeste,Antioquia,105,3.2147320128597664e-07
Nordeste,Antioquia,106,3.2142228930200713e-07
Nordeste,Antioquia,107,3.2139372629837017e-07
Nordeste,Antioquia,108,3.213614619238855e-07
Nordeste,Antioquia,109,3.213364476303556e-07
Nordeste,Antioquia,110,3.2133969080423897e-07
Nordeste,Antioquia,111,3.2133242722922056e-07
Nordeste,Antioquia,112,3.213203348187593e-07
Nordeste,Antioquia,113,3.213190382686382e-07
Nordeste,Antioquia,114,3.213289617152714e-07
Nordeste,Antioquia,115,3.2135096278554423e-07
Nordeste,Antioquia,116,3.2131172034688196e-07
Nordeste,Antioquia,117,3.2128845891043363e-07
Nordeste,Antioquia,118,3.2130435632810803e-07
Nordeste,Antioquia,119,3.2133885168355533e-07
Nordeste,Antioquia,120,3.213901825359664e-07
Nordeste,Antioquia,121,2.080505399472923e-06
Nordeste,Antioquia,122,2.0805869546025427e-06
Nordeste,Antioquia,123,2.0808455741698754e-06
Nordeste,Antioquia,124,2.081039878334433e-06
Nordeste,Antioquia,125,2.081189743702492e-06
Nordeste,Antioquia,126,2.0812878346811373e-06
Nordeste,Antioquia,127,2.08141954686553e-06
Nordeste,Antioquia,128,2.081641999411154e-06
Nordeste,Antioquia,129,2.0813823416097124e-06
Nordeste,Antioquia,130,2.0810523907150226e-06
Nordeste,Antioquia,131,2.0807822169408655e-06
Nordeste,Antioquia,132,2.080555715867522e-06
Nordeste,Antioquia,133,2.0803511646653146e-06
Nordeste,Antioquia,134,2.080218944082601e-06
Nordeste,Antioquia,135,2.0801839855390427e-06
Nordeste,Antioquia,136,2.0802451640128172e-06
Nordeste,Antioquia,137,2.080291986521761e-06
Nordeste,Antioquia,138,2.080332219020011e-06
Nordeste,Antioquia,139,2.0803194580633317e-06
Nordeste,Antioquia,140,2.079729139719841e-06
Nordeste,Antioquia,141,2.079331033667243e-06
Nordeste,Antioquia,142,2.0794135099066545e-06
Nordeste,Antioquia,143,2.0796675378956396e-06
Nordeste,Antioquia,144,2.0800769563427994e-06
Nordeste,Antioquia,145,2.991862169199605e-07
Nordeste,Antioquia,146,2.992321853663578e-07
Nordeste,Antioquia,147,2.992638611301569e-07
Nordeste,Antioquia,148,2.9928900650462265e-07
Nordeste,Antioquia,149,2.993027791977188e-07
Nordeste,Antioquia,150,2.992965293609793e-07
Nordeste,Antioquia,151,2.992636774286458e-07
Nordeste,Antioquia,152,2.9925053015466636e-07
Nordeste,Antioquia,153,2.992061731962271e-07
Nordeste,Antioquia,154,2.991681086531913e-07
Nordeste,Antioquia,155,2.9914515954123626e-07
Nordeste,Antioquia,156,2.991199830720157e-07
Nordeste,Antioquia,157,2.9910018746577904e-07
Nordeste,Antioquia,158,2.991011326012877e-07
Nordeste,Antioquia,159,2.9909413319868404e-07
Nordeste,Antioquia,160,2.990833486091536e-07
Nordeste,Antioquia,161,2.990816734935536e-07
Nordeste,Antioquia,162,2.99088248336109e-07
Nordeste,Antioquia,163,2.9908552246945146e-07
Nordeste,Antioquia,164,2.990548984836034e-07
Nordeste,Antioquia,165,2.9905612623766226e-07
Nordeste,Antioquia,166,2.99071100355877e-07
Nordeste,Antioquia,167,2.990994579658272e-07
Nordeste,Antioquia,168,2.991417589245584e-07
Nordeste,Antioquia,169,1.924162583125152e-06
Nordeste,Antioquia,170,1.924397776906422e-06
Nordeste,Antioquia,171,1.924851227621046e-06
Nordeste,Antioquia,172,1.9252661646596283e-06
Nordeste,Antioquia,173,1.925660866278009e-06
Nordeste,Antioquia,174,1.9258509774753303e-06
Nordeste,Antioquia,175,1.926124522690471e-06
Nordeste,Antioquia,176,1.9266170845736506e-06
Nordeste,Antioquia,177,1.9262011722722846e-06
Nordeste,Antioquia,178,1.9256189319877785e-06
Nordeste,Antioquia,179,1.9250962008442816e-06
Nordeste,Antioquia,180,1.9245956809785032e-06
Nordeste,Antioquia,181,1.924160382849561e-06
Nordeste,Antioquia,182,1.923919934231714e-06
Nordeste,Antioquia,183,1.923849079141776e-06
Nordeste,Antioquia,184,1.9238915622328574e-06
Nordeste,Antioquia,185,1.9238945523930534e-06
Nordeste,Antioquia,186,1.923910509487736e-06
Nordeste,Antioquia,187,1.9237104116304336e-06
Nordeste,Antioquia,188,1.922941228482668e-06
Nordeste,Antioquia,189,1.9228080558071357e-06
Nordeste,Antioquia,190,1.9229240781610508e-06
Nordeste,Antioquia,191,1.9231881422747047e-06
Nordeste,Antioquia,192,1.923617466994978e-06
Nordeste,Antioquia,385,1.8789774536786253e-07
Nordeste,Antioquia,386,1.8790559583029063e-07
Nordeste,Antioquia,387,1.8791127718562496e-07
Nordeste,Antioquia,388,1.8791607068703612e-07
Nordeste,Antioquia,389,1.8791872717981426e-07
Nordeste,Antioquia,390,1.879378073484394e-07
Nordeste,Antioquia,391,1.8793447955134869e-07
Nordeste,Antioquia,392,1.8794488186863075e-07
Nordeste,Antioquia,393,1.8795675704300562e-07
Nordeste,Antioquia,394,1.8796305546654957e-07
Nordeste,Antioquia,395,1.8797002090981172e-07
Nordeste,Antioquia,396,1.8795987293018012e-07
Nordeste,Antioquia,397,1.8793992249327825e-07
Nordeste,Antioquia,398,1.8792403466292422e-07
Nordeste,Antioquia,399,1.8790799869006182e-07
Nordeste,Antioquia,400,1.878978118217573e-07
Nordeste,Antioquia,401,1.8789223212657885e-07
Nordeste,Antioquia,402,1.878918331844414e-07
Nordeste,Antioquia,403,1.8787075754742278e-07
Nordeste,Antioquia,404,1.878653950943695e-07
Nordeste,Antioquia,405,1.878617146331197e-07
Nordeste,Antioquia,406,1.8786826165790742e-07
Nordeste,Antioquia,407,1.878778667430563e-07
Nordeste,Antioquia,408,1.878885244147048e-07
Nordeste,Antioquia,409,8.275996572592989e-07
Nordeste,Antioquia,410,8.277374199178833e-07
Nordeste,Antioquia,411,8.278327781332673e-07
Nordeste,Antioquia,412,8.279066405404878e-07
Nordeste,Antioquia,413,8.279560342411809e-07
Nordeste,Antioquia,414,8.279466980281594e-07
Nordeste,Antioquia,415,8.278768985728344e-07
Nordeste,Antioquia,416,8.279501223697421e-07
Nordeste,Antioquia,417,8.279747369357605e-07
Nordeste,Antioquia,418,8.279868741801991e-07
Nordeste,Antioquia,419,8.280320073059595e-07
Nordeste,Antioquia,420,8.279506325964703e-07
Nordeste,Antioquia,421,8.277932299913493e-07
Nordeste,Antioquia,422,8.277088265491668e-07
Nordeste,Antioquia,423,8.275784233520062e-07
Nordeste,Antioquia,424,8.274438794576719e-07
Nordeste,Antioquia,425,8.273624922174154e-07
Nordeste,Antioquia,426,8.273430520730013e-07
Nordeste,Antioquia,427,8.273391272340215e-07
Nordeste,Antioquia,428,8.272426900969828e-07
Nordeste,Antioquia,429,8.272182924182074e-07
Nordeste,Antioquia,430,8.272728105718513e-07
Nordeste,Antioquia,431,8.273607160854438e-07
Nordeste,Antioquia,432,8.274705814105153e-07
Nordeste,Antioquia,433,1.6218789677958542e-07
Nordeste,Antioquia,434,1.6219810208312554e-07
Nordeste,Antioquia,435,1.6220535820376017e-07
Nordeste,Antioquia,436,1.6221118484134375e-07
Nordeste,Antioquia,437,1.622144137726324e-07
Nordeste,Antioquia,438,1.6223641676874317e-07
Nordeste,Antioquia,439,1.62230521160032e-07
Nordeste,Antioquia,440,1.6223861620476655e-07
Nordeste,Antioquia,441,1.6223674290230917e-07
Nordeste,Antioquia,442,1.6223462343456457e-07
Nordeste,Antioquia,443,1.622353875842925e-07
Nordeste,Antioquia,444,1.6222481032185562e-07
Nordeste,Antioquia,445,1.6221078559635546e-07
Nordeste,Antioquia,446,1.6220503411365386e-07
Nordeste,Antioquia,447,1.6219524632045705e-07
Nordeste,Antioquia,448,1.6218622843857513e-07
Nordeste,Antioquia,449,1.6218151646513936e-07
Nordeste,Antioquia,450,1.6218176937170558e-07
Nordeste,Antioquia,451,1.6218548680030416e-07
Nordeste,Antioquia,452,1.6215363891546788e-07
Nordeste,Antioquia,453,1.6214814219691599e-07
Nordeste,Antioquia,454,1.6215356569151282e-07
Nordeste,Antioquia,455,1.6216344921763332e-07
Nordeste,Antioquia,456,1.6217615701024772e-07
Nordeste,Antioquia,457,8.276678108409963e-07
Nordeste,Antioquia,458,8.278447030786375e-07
Nordeste,Antioquia,459,8.279658841871468e-07
Nordeste,Antioquia,460,8.280623030860299e-07
Nordeste,Antioquia,461,8.281044104170413e-07
Nordeste,Antioquia,462,8.280686175651005e-07
Nordeste,Antioquia,463,8.279250813929765e-07
Nordeste,Antioquia,464,8.279952905373488e-07
Nordeste,Antioquia,465,8.279669967831269e-07
Nordeste,Antioquia,466,8.279174462080092e-07
Nordeste,Antioquia,467,8.279134262566689e-07
Nordeste,Antioquia,468,8.278003595372502e-07
Nordeste,Antioquia,469,8.276515486780085e-07
Nordeste,Antioquia,470,8.276172760260626e-07
Nordeste,Antioquia,471,8.274676341549813e-07
Nordeste,Antioquia,472,8.272903002989938e-07
Nordeste,Antioquia,473,8.27199093417732e-07
Nordeste,Antioquia,474,8.271864040244179e-07
Nordeste,Antioquia,475,8.272637276367952e-07
Nordeste,Antioquia,476,8.27078375252091e-07
Nordeste,Antioquia,477,8.270155099808183e-07
Nordeste,Antioquia,478,8.270943338703794e-07
Nordeste,Antioquia,479,8.272410277477099e-07
Nordeste,Antioquia,480,8.274563231995187e-07
Nordeste,Antioquia,481,1.6219811564212438e-07
Nordeste,Antioquia,482,1.6221217470533844e-07
Nordeste,Antioquia,483,1.6222161863696494e-07
Nordeste,Antioquia,484,1.6222866018093796e-07
Nordeste,Antioquia,485,1.6223237506652192e-07
Nordeste,Antioquia,486,1.6225782909089414e-07
Nordeste,Antioquia,487,1.6225496654696417e-07
Nordeste,Antioquia,488,1.6226061510294553e-07
Nordeste,Antioquia,489,1.6225146433036413e-07
Nordeste,Antioquia,490,1.622417275494398e-07
Nordeste,Antioquia,491,1.6223654048815083e-07
Nordeste,Antioquia,492,1.622263114014352e-07
Nordeste,Antioquia,493,1.622148908654939e-07
Nordeste,Antioquia,494,1.6221100694599704e-07
Nordeste,Antioquia,495,1.6220303716567823e-07
Nordeste,Antioquia,496,1.621936776976309e-07
Nordeste,Antioquia,497,1.6218812502023578e-07
Nordeste,Antioquia,498,1.6218755813130414e-07
Nordeste,Antioquia,499,1.621930402917765e-07
Nordeste,Antioquia,500,1.6215565707649558e-07
Nordeste,Antioquia,501,1.6214577300618106e-07
Nordeste,Antioquia,502,1.6215160418853916e-07
Nordeste,Antioquia,503,1.6216425370616585e-07
Nordeste,Antioquia,504,1.6218124851017283e-07
Nordeste,Antioquia,505,8.274582320027484e-07
Nordeste,Antioquia,506,8.276158889839705e-07
Nordeste,Antioquia,507,8.277274238140723e-07
Nordeste,Antioquia,508,8.278045024761499e-07
Nordeste,Antioquia,509,8.278482331599599e-07
Nordeste,Antioquia,510,8.278387368702914e-07
Nordeste,Antioquia,511,8.277609588281754e-07
Nordeste,Antioquia,512,8.277989631067265e-07
Nordeste,Antioquia,513,8.27725467128853e-07
Nordeste,Antioquia,514,8.276481266941942e-07
Nordeste,Antioquia,515,8.276150070168683e-07
Nordeste,Antioquia,516,8.275125080521852e-07
Nordeste,Antioquia,517,8.273898652591258e-07
Nordeste,Antioquia,518,8.273627025044086e-07
Nordeste,Antioquia,519,8.272359421752991e-07
Nordeste,Antioquia,520,8.270623688037533e-07
Nordeste,Antioquia,521,8.269685250264297e-07
Nordeste,Antioquia,522,8.26956552117149e-07
Nordeste,Antioquia,523,8.27054289694767e-07
Nordeste,Antioquia,524,8.268663434472121e-07
Nordeste,Antioquia,525,8.267563137081219e-07
Nordeste,Antioquia,526,8.268254488216491e-07
Nordeste,Antioquia,527,8.269911127132017e-07
Nordeste,Antioquia,528,8.272357083638568e-07
Nordeste,Antioquia,529,1.5994363306323965e-07
Nordeste,Antioquia,530,1.5995469135645843e-07
Nordeste,Antioquia,531,1.5996251073666774e-07
Nordeste,Antioquia,532,1.5996838565745243e-07
Nordeste,Antioquia,533,1.5997201107179167e-07
Nordeste,Antioquia,534,1.5999462859770454e-07
Nordeste,Antioquia,535,1.5999006985353652e-07
Nordeste,Antioquia,536,1.5999316250810918e-07
Nordeste,Antioquia,537,1.5998534843861677e-07
Nordeste,Antioquia,538,1.5997684220257604e-07
Nordeste,Antioquia,539,1.5997191045282118e-07
Nordeste,Antioquia,540,1.5996366899727065e-07
Nordeste,Antioquia,541,1.5995509331421336e-07
Nordeste,Antioquia,542,1.5995193694977657e-07
Nordeste,Antioquia,543,1.599460068053093e-07
Nordeste,Antioquia,544,1.599396883092975e-07
Nordeste,Antioquia,545,1.5993621797741713e-07
Nordeste,Antioquia,546,1.5993595531881585e-07
Nordeste,Antioquia,547,1.5991111598788556e-07
Nordeste,Antioquia,548,1.5990218426974334e-07
Nordeste,Antioquia,549,1.5990192351225274e-07
Nordeste,Antioquia,550,1.5990740746635924e-07
Nordeste,Antioquia,551,1.599171988825565e-07
Nordeste,Antioquia,552,1.599304319063961e-07
Nordeste,Antioquia,553,7.560757711603697e-07
Nordeste,Antioquia,554,7.563542077285645e-07
Nordeste,Antioquia,555,7.564962848000958e-07
Nordeste,Antioquia,556,7.566061713933939e-07
Nordeste,Antioquia,557,7.56665784013121e-07
Nordeste,Antioquia,558,7.566283680705414e-07
Nordeste,Antioquia,559,7.565005513103152e-07
Nordeste,Antioquia,560,7.565579651537649e-07
Nordeste,Antioquia,561,7.564885402221551e-07
Nordeste,Antioquia,562,7.564385293516398e-07
Nordeste,Antioquia,563,7.5641076568824e-07
Nordeste,Antioquia,564,7.563127049888146e-07
Nordeste,Antioquia,565,7.561600602749732e-07
Nordeste,Antioquia,566,7.560898339688744e-07
Nordeste,Antioquia,567,7.558770189798061e-07
Nordeste,Antioquia,568,7.555817039209802e-07
Nordeste,Antioquia,569,7.55416515113933e-07
Nordeste,Antioquia,570,7.553811375242335e-07
Nordeste,Antioquia,571,7.553817905143877e-07
Nordeste,Antioquia,572,7.551805259498365e-07
Nordeste,Antioquia,573,7.551995201196894e-07
Nordeste,Antioquia,574,7.552899346208831e-07
Nordeste,Antioquia,575,7.554925256734946e-07
Nordeste,Antioquia,576,7.557944940262498e-07
Nordeste,Antioquia,1345,1.3676111333441284e-06
Nordeste,Antioquia,1346,1.367877929964508e-06
Nordeste,Antioquia,1347,1.368090426791856e-06
Nordeste,Antioquia,1348,1.3682384607822566e-06
Nordeste,Antioquia,1349,1.3682980226918499e-06
Nordeste,Antioquia,1350,1.368288346086006e-06
Nordeste,Antioquia,1351,1.3682429893978406e-06
Nordeste,Antioquia,1352,1.368375068229581e-06
Nordeste,Antioquia,1353,1.3683826475027712e-06
Nordeste,Antioquia,1354,1.3683411123537946e-06
Nordeste,Antioquia,1355,1.3683200625713492e-06
Nordeste,Antioquia,1356,1.3682179432798144e-06
Nordeste,Antioquia,1357,1.3680841750175888e-06
Nordeste,Antioquia,1358,1.3680374788037808e-06
Nordeste,Antioquia,1359,1.3679876553271509e-06
Nordeste,Antioquia,1360,1.36769030797851e-06
Nordeste,Antioquia,1361,1.3654119722500277e-06
Nordeste,Antioquia,1362,6.588831166249813e-07
Nordeste,Antioquia,1363,6.592585980924532e-07
Nordeste,Antioquia,1364,6.584863453548568e-07
Nordeste,Antioquia,1365,6.584317192816557e-07
Nordeste,Antioquia,1366,6.585275615964372e-07
Nordeste,Antioquia,1367,6.590081282825185e-07
Nordeste,Antioquia,1368,1.3665410788163868e-06
Nordeste,Antioquia,1369,1.2546150100292273e-06
Nordeste,Antioquia,1370,1.2553641239306595e-06
Nordeste,Antioquia,1371,1.2558825993286407e-06
Nordeste,Antioquia,1372,1.25625798616364e-06
Nordeste,Antioquia,1373,1.256421194531472e-06
Nordeste,Antioquia,1374,1.2562410904377823e-06
Nordeste,Antioquia,1375,1.25586060754857e-06
Nordeste,Antioquia,1376,1.256268969491654e-06
Nordeste,Antioquia,1377,1.2561931309275868e-06
Nordeste,Antioquia,1378,1.2559709529343604e-06
Nordeste,Antioquia,1379,1.2559041583654782e-06
Nordeste,Antioquia,1380,1.2557234792089834e-06
Nordeste,Antioquia,1381,1.2555247946416563e-06
Nordeste,Antioquia,1382,1.2554356736393043e-06
Nordeste,Antioquia,1383,1.2550885788720822e-06
Nordeste,Antioquia,1384,1.2540502583377956e-06
Nordeste,Antioquia,1385,1.2533790676100034e-06
Nordeste,Antioquia,1386,1.253269216072625e-06
Nordeste,Antioquia,1387,1.2533927367047238e-06
Nordeste,Antioquia,1388,1.2530557115550292e-06
Nordeste,Antioquia,1389,1.252992816717131e-06
Nordeste,Antioquia,1390,1.2531651815590148e-06
Nordeste,Antioquia,1391,1.2534536210166918e-06
Nordeste,Antioquia,1392,1.2539128673297137e-06
Nordeste,Antioquia,1393,2.710509169445268e-07
Nordeste,Antioquia,1394,2.711131131088166e-07
Nordeste,Antioquia,1395,2.711547172645866e-07
Nordeste,Antioquia,1396,2.7118968129441737e-07
Nordeste,Antioquia,1397,2.7121014778671315e-07
Nordeste,Antioquia,1398,2.712174132962937e-07
Nordeste,Antioquia,1399,2.7118883741399937e-07
Nordeste,Antioquia,1400,2.712369328825254e-07
Nordeste,Antioquia,1401,2.712199713496943e-07
Nordeste,Antioquia,1402,2.711987977790026e-07
Nordeste,Antioquia,1403,2.711854941588484e-07
Nordeste,Antioquia,1404,2.711700790549735e-07
Nordeste,Antioquia,1405,2.7115707550711776e-07
Nordeste,Antioquia,1406,2.711511407871512e-07
Nordeste,Antioquia,1407,2.711017148862071e-07
Nordeste,Antioquia,1408,2.710137903161718e-07
Nordeste,Antioquia,1409,2.7089883039535497e-07
Nordeste,Antioquia,1410,2.708820675702685e-07
Nordeste,Antioquia,1411,2.7090203740312003e-07
Nordeste,Antioquia,1412,2.7080110826308887e-07
Nordeste,Antioquia,1413,2.707617213369028e-07
Nordeste,Antioquia,1414,2.7079912207730156e-07
Nordeste,Antioquia,1415,2.7086133238430694e-07
Nordeste,Antioquia,1416,2.7094751358674185e-07
Nordeste,Antioquia,1417,1.143958083301937e-06
Nordeste,Antioquia,1418,1.145006846378635e-06
Nordeste,Antioquia,1419,1.1454261541944543e-06
Nordeste,Antioquia,1420,1.1457101020069252e-06
Nordeste,Antioquia,1421,1.1458153119647066e-06
Nordeste,Antioquia,1422,1.1456020795170784e-06
Nordeste,Antioquia,1423,1.145155452860012e-06
Nordeste,Antioquia,1424,1.1456282092268945e-06
Nordeste,Antioquia,1425,1.1456491368982336e-06
Nordeste,Antioquia,1426,1.1455937587662505e-06
Nordeste,Antioquia,1427,1.145559190214932e-06
Nordeste,Antioquia,1428,1.1454000989000411e-06
Nordeste,Antioquia,1429,1.1451807511904852e-06
Nordeste,Antioquia,1430,1.1450709098490329e-06
Nordeste,Antioquia,1431,1.1442687054818803e-06
Nordeste,Antioquia,1432,1.1423391903381766e-06
Nordeste,Antioquia,1433,1.1415233555828714e-06
Nordeste,Antioquia,1434,1.1413673715805622e-06
Nordeste,Antioquia,1435,1.1416613519642675e-06
Nordeste,Antioquia,1436,1.1411836309710222e-06
Nordeste,Antioquia,1437,1.1410358672168154e-06
Nordeste,Antioquia,1438,1.1412111693995278e-06
Nordeste,Antioquia,1439,1.141620393983617e-06
Nordeste,Antioquia,1440,1.1424779265530448e-06
Nordeste,Antioquia,1441,2.711496621037129e-07
Nordeste,Antioquia,1442,2.712209014345738e-07
Nordeste,Antioquia,1443,2.712623299363943e-07
Nordeste,Antioquia,1444,2.712908300310012e-07
Nordeste,Antioquia,1445,2.71306281914049e-07
Nordeste,Antioquia,1446,2.713295505142797e-07
Nordeste,Antioquia,1447,2.7132062882501144e-07
Nordeste,Antioquia,1448,2.713436721051255e-07
Nordeste,Antioquia,1449,2.713219245947352e-07
Nordeste,Antioquia,1450,2.712968802755475e-07
Nordeste,Antioquia,1451,2.712810535111876e-07
Nordeste,Antioquia,1452,2.712555580313404e-07
Nordeste,Antioquia,1453,2.7122153652591696e-07
Nordeste,Antioquia,1454,2.7120159213642265e-07
Nordeste,Antioquia,1455,2.7114602422800774e-07
Nordeste,Antioquia,1456,2.7105022134716195e-07
Nordeste,Antioquia,1457,2.7096281922536227e-07
Nordeste,Antioquia,1458,2.7092934551001734e-07
Nordeste,Antioquia,1459,2.709811502410587e-07
Nordeste,Antioquia,1460,2.708496262460299e-07
Nordeste,Antioquia,1461,2.7079064071819616e-07
Nordeste,Antioquia,1462,2.7082411382864506e-07
Nordeste,Antioquia,1463,2.709024717113149e-07
Nordeste,Antioquia,1464,2.710368575849595e-07
Nordeste,Antioquia,1465,1.1397082476000934e-06
Nordeste,Antioquia,1466,1.140241700703874e-06
Nordeste,Antioquia,1467,1.1404917856429546e-06
Nordeste,Antioquia,1468,1.1407087147496366e-06
Nordeste,Antioquia,1469,1.1407541159524653e-06
Nordeste,Antioquia,1470,1.1406392321114227e-06
Nordeste,Antioquia,1471,1.1404851563848728e-06
Nordeste,Antioquia,1472,1.1406023048529988e-06
Nordeste,Antioquia,1473,1.1404869051065605e-06
Nordeste,Antioquia,1474,1.1403695712901121e-06
Nordeste,Antioquia,1475,1.1403114074871946e-06
Nordeste,Antioquia,1476,1.140135923034795e-06
Nordeste,Antioquia,1477,1.1399222711778613e-06
Nordeste,Antioquia,1478,1.1398163406611324e-06
Nordeste,Antioquia,1479,1.139423557232356e-06
Nordeste,Antioquia,1480,1.1385262804657085e-06
Nordeste,Antioquia,1481,1.1378253085300004e-06
Nordeste,Antioquia,1482,1.1375842026458793e-06
Nordeste,Antioquia,1483,1.138126759945318e-06
Nordeste,Antioquia,1484,1.137556893162431e-06
Nordeste,Antioquia,1485,1.1372252566835575e-06
Nordeste,Antioquia,1486,1.1374759812486987e-06
Nordeste,Antioquia,1487,1.1381222588036481e-06
Nordeste,Antioquia,1488,1.1390579723452776e-06
Nordeste,Antioquia,1489,2.2519580782159124e-07
Nordeste,Antioquia,1490,2.2522073915601064e-07
Nordeste,Antioquia,1491,2.252415085385712e-07
Nordeste,Antioquia,1492,2.2525773412893126e-07
Nordeste,Antioquia,1493,2.2526798315782523e-07
Nordeste,Antioquia,1494,2.252831820222342e-07
Nordeste,Antioquia,1495,2.2527077975974766e-07
Nordeste,Antioquia,1496,2.2528391153957173e-07
Nordeste,Antioquia,1497,2.2527632350148262e-07
Nordeste,Antioquia,1498,2.2526600332721683e-07
Nordeste,Antioquia,1499,2.2526050984476678e-07
Nordeste,Antioquia,1500,2.2524145394564767e-07
Nordeste,Antioquia,1501,2.2521463147209517e-07
Nordeste,Antioquia,1502,2.2520223839081234e-07
Nordeste,Antioquia,1503,2.2518742262614588e-07
Nordeste,Antioquia,1504,2.2517400408935334e-07
Nordeste,Antioquia,1505,2.2516637940868177e-07
Nordeste,Antioquia,1506,2.2516490812680396e-07
Nordeste,Antioquia,1507,2.2514665300793438e-07
Nordeste,Antioquia,1508,2.2512504143874487e-07
Nordeste,Antioquia,1509,2.2512445494398132e-07
Nordeste,Antioquia,1510,2.251345217097166e-07
Nordeste,Antioquia,1511,2.2515129773032988e-07
Nordeste,Antioquia,1512,2.251732458982872e-07
Nordeste,Antioquia,1513,1.1276609114556281e-06
Nordeste,Antioquia,1514,1.1281400744120677e-06
Nordeste,Antioquia,1515,1.1283628821002693e-06
Nordeste,Antioquia,1516,1.1285441007508076e-06
Nordeste,Antioquia,1517,1.1286430264425219e-06
Nordeste,Antioquia,1518,1.128542403914494e-06
Nordeste,Antioquia,1519,1.1283391378570509e-06
Nordeste,Antioquia,1520,1.1284372210769918e-06
Nordeste,Antioquia,1521,1.1283754843171985e-06
Nordeste,Antioquia,1522,1.1282665962032968e-06
Nordeste,Antioquia,1523,1.128242530101991e-06
Nordeste,Antioquia,1524,1.1280605358245948e-06
Nordeste,Antioquia,1525,1.1277356820275735e-06
Nordeste,Antioquia,1526,1.1274329591835097e-06
Nordeste,Antioquia,1527,1.1262668509988373e-06
Nordeste,Antioquia,1528,1.123486392947018e-06
Nordeste,Antioquia,1529,1.121079685116204e-06
Nordeste,Antioquia,1530,1.1206245543918176e-06
Nordeste,Antioquia,1531,1.1226207305150203e-06
Nordeste,Antioquia,1532,3.174331192411347e-07
Nordeste,Antioquia,1533,1.1129432000234933e-06
Nordeste,Antioquia,1534,1.1211881465137758e-06
Nordeste,Antioquia,1535,1.1238426480896005e-06
Nordeste,Antioquia,1536,1.1264818952365653e-06
Nordeste,Antioquia,2305,1.6396219770417025e-07
Nordeste,Antioquia,2306,1.6395389526993678e-07
Nordeste,Antioquia,2307,1.639538697975223e-07
Nordeste,Antioquia,2308,1.6395623325162619e-07
Nordeste,Antioquia,2309,1.639598338800801e-07
Nordeste,Antioquia,2310,1.6397281180060462e-07
Nordeste,Antioquia,2311,1.639774567928073e-07
Nordeste,Antioquia,2312,1.6398899071143403e-07
Nordeste,Antioquia,2313,1.6399065853885222e-07
Nordeste,Antioquia,2314,1.639877379657531e-07
Nordeste,Antioquia,2315,1.6398629716574996e-07
Nordeste,Antioquia,2316,1.6397743459836472e-07
Nordeste,Antioquia,2317,1.6396389077203527e-07
Nordeste,Antioquia,2318,1.639584210294971e-07
Nordeste,Antioquia,2319,1.639614791082333e-07
Nordeste,Antioquia,2320,1.6398070546943872e-07
Nordeste,Antioquia,2321,1.639553327070829e-07
Nordeste,Antioquia,2322,1.6391914964636167e-07
Nordeste,Antioquia,2323,1.6391503519261724e-07
Nordeste,Antioquia,2324,1.6382678856919913e-07
Nordeste,Antioquia,2325,1.637797727131631e-07
Nordeste,Antioquia,2326,1.6382464863561225e-07
Nordeste,Antioquia,2327,1.638889141750277e-07
Nordeste,Antioquia,2328,1.6395004694146917e-07
Nordeste,Antioquia,2329,9.221675576227359e-07
Nordeste,Antioquia,2330,9.221740118173584e-07
Nordeste,Antioquia,2331,9.22187444254749e-07
Nordeste,Antioquia,2332,9.222063977794361e-07
Nordeste,Antioquia,2333,9.222124573229218e-07
Nordeste,Antioquia,2334,9.222217386432802e-07
Nordeste,Antioquia,2335,9.222359264049939e-07
Nordeste,Antioquia,2336,9.222601524424186e-07
Nordeste,Antioquia,2337,9.222531352500465e-07
Nordeste,Antioquia,2338,9.222417585116127e-07
Nordeste,Antioquia,2339,9.222238152113684e-07
Nordeste,Antioquia,2340,9.222068689811754e-07
Nordeste,Antioquia,2341,9.221827516235973e-07
Nordeste,Antioquia,2342,9.221672780895391e-07
Nordeste,Antioquia,2343,9.221501187264326e-07
Nordeste,Antioquia,2344,9.221359164227911e-07
Nordeste,Antioquia,2345,9.221161306808502e-07
Nordeste,Antioquia,2346,9.220963024268248e-07
Nordeste,Antioquia,2347,9.220746932193916e-07
Nordeste,Antioquia,2348,9.219974099356954e-07
Nordeste,Antioquia,2349,9.219783042515635e-07
Nordeste,Antioquia,2350,9.220382156827284e-07
Nordeste,Antioquia,2351,9.221045416271473e-07
Nordeste,Antioquia,2352,9.221481003258097e-07
Nordeste,Antioquia,2353,2.702025594685019e-07
Nordeste,Antioquia,2354,2.70222709993958e-07
Nordeste,Antioquia,2355,2.702371692621311e-07
Nordeste,Antioquia,2356,2.702496620981676e-07
Nordeste,Antioquia,2357,2.7025677718780943e-07
Nordeste,Antioquia,2358,2.7026948516706294e-07
Nordeste,Antioquia,2359,2.702652503783464e-07
Nordeste,Antioquia,2360,2.702917888410905e-07
Nordeste,Antioquia,2361,2.703005936205785e-07
Nordeste,Antioquia,2362,2.703009906389765e-07
Nordeste,Antioquia,2363,2.703039549023098e-07
Nordeste,Antioquia,2364,2.702840896265429e-07
Nordeste,Antioquia,2365,2.7026132092547287e-07
Nordeste,Antioquia,2366,2.7025103880723413e-07
Nordeste,Antioquia,2367,2.7023235759320627e-07
Nordeste,Antioquia,2368,2.702030165868295e-07
Nordeste,Antioquia,2369,2.701522579761631e-07
Nordeste,Antioquia,2370,2.7012228033883356e-07
Nordeste,Antioquia,2371,2.7014839579179705e-07
Nordeste,Antioquia,2372,2.700337997606543e-07
Nordeste,Antioquia,2373,2.6995871508719396e-07
Nordeste,Antioquia,2374,2.700152068791072e-07
Nordeste,Antioquia,2375,2.7009782247827186e-07
Nordeste,Antioquia,2376,2.701693385603016e-07
Nordeste,Antioquia,2377,1.3678152328401595e-06
Nordeste,Antioquia,2378,1.3678800823349929e-06
Nordeste,Antioquia,2379,1.3679492271017198e-06
Nordeste,Antioquia,2380,1.3679975452733267e-06
Nordeste,Antioquia,2381,1.368027822563685e-06
Nordeste,Antioquia,2382,1.3680425376080376e-06
Nordeste,Antioquia,2383,1.3681212284694443e-06
Nordeste,Antioquia,2384,1.3680894510808802e-06
Nordeste,Antioquia,2385,1.3679636847757245e-06
Nordeste,Antioquia,2386,1.3678306288869447e-06
Nordeste,Antioquia,2387,1.3677374166392662e-06
Nordeste,Antioquia,2388,1.3676684120317218e-06
Nordeste,Antioquia,2389,1.3675913540216572e-06
Nordeste,Antioquia,2390,1.3675646745218039e-06
Nordeste,Antioquia,2391,1.3675226671979285e-06
Nordeste,Antioquia,2392,1.3674292052887042e-06
Nordeste,Antioquia,2393,1.3672910603050585e-06
Nordeste,Antioquia,2394,1.3671921474804608e-06
Nordeste,Antioquia,2395,1.3672214520366944e-06
Nordeste,Antioquia,2396,1.3649591200816684e-06
Nordeste,Antioquia,2397,1.3603071997696477e-06
Nordeste,Antioquia,2398,1.365181838352091e-06
Nordeste,Antioquia,2399,1.3671524284040125e-06
Nordeste,Antioquia,2400,1.3676309737943097e-06
Nordeste,Antioquia,2401,2.313995206515274e-07
Nordeste,Antioquia,2402,2.314472254365479e-07
Nordeste,Antioquia,2403,2.31473691324377e-07
Nordeste,Antioquia,2404,2.314928289902013e-07
Nordeste,Antioquia,2405,2.3150292423877305e-07
Nordeste,Antioquia,2406,2.3151731698240578e-07
Nordeste,Antioquia,2407,2.3151566399263912e-07
Nordeste,Antioquia,2408,2.3155386605188318e-07
Nordeste,Antioquia,2409,2.3155884576178266e-07
Nordeste,Antioquia,2410,2.3155776383802343e-07
Nordeste,Antioquia,2411,2.3155881550406926e-07
Nordeste,Antioquia,2412,2.3153970181983373e-07
Nordeste,Antioquia,2413,2.3151193439076172e-07
Nordeste,Antioquia,2414,2.3149446005105022e-07
Nordeste,Antioquia,2415,2.3144860925128933e-07
Nordeste,Antioquia,2416,2.3137146014757415e-07
Nordeste,Antioquia,2417,2.31298851175102e-07
Nordeste,Antioquia,2418,2.312734428921788e-07
Nordeste,Antioquia,2419,2.3131933684943215e-07
Nordeste,Antioquia,2420,2.312313887791311e-07
Nordeste,Antioquia,2421,2.3114466083598833e-07
Nordeste,Antioquia,2422,2.3119422828866838e-07
Nordeste,Antioquia,2423,2.312714348233259e-07
Nordeste,Antioquia,2424,2.313438186019401e-07
Nordeste,Antioquia,2425,1.2873169327793251e-06
Nordeste,Antioquia,2426,1.287312802502038e-06
Nordeste,Antioquia,2427,1.2874171300404349e-06
Nordeste,Antioquia,2428,1.2874823744219562e-06
Nordeste,Antioquia,2429,1.2876001698471687e-06
Nordeste,Antioquia,2430,1.2876470702203554e-06
Nordeste,Antioquia,2431,1.2876688890709071e-06
Nordeste,Antioquia,2432,1.2877250098135603e-06
Nordeste,Antioquia,2433,1.2875829134229595e-06
Nordeste,Antioquia,2434,1.2873986263868466e-06
Nordeste,Antioquia,2435,1.2873096626035595e-06
Nordeste,Antioquia,2436,1.2872133680200608e-06
Nordeste,Antioquia,2437,1.287115795369145e-06
Nordeste,Antioquia,2438,1.2871231001475653e-06
Nordeste,Antioquia,2439,1.2871319630051738e-06
Nordeste,Antioquia,2440,1.2870932553403278e-06
Nordeste,Antioquia,2441,1.286970255675641e-06
Nordeste,Antioquia,2442,1.286834354713332e-06
Nordeste,Antioquia,2443,1.2868700781941842e-06
Nordeste,Antioquia,2444,1.2862202932650503e-06
Nordeste,Antioquia,2445,1.2857702853257847e-06
Nordeste,Antioquia,2446,1.286307451061415e-06
Nordeste,Antioquia,2447,1.2868115183890073e-06
Nordeste,Antioquia,2448,1.287119828598444e-06
Nordeste,Antioquia,2449,1.6807104625767857e-07
Nordeste,Antioquia,2450,1.681138110505469e-07
Nordeste,Antioquia,2451,1.6813364292299117e-07
Nordeste,Antioquia,2452,1.6814835695312157e-07
Nordeste,Antioquia,2453,1.6815717419361978e-07
Nordeste,Antioquia,2454,1.6817381062180075e-07
Nordeste,Antioquia,2455,1.6816638923828964e-07
Nordeste,Antioquia,2456,1.6818958976302987e-07
Nordeste,Antioquia,2457,1.6819088846662867e-07
Nordeste,Antioquia,2458,1.6818795413611636e-07
Nordeste,Antioquia,2459,1.6818693380673373e-07
Nordeste,Antioquia,2460,1.6816904257818995e-07
Nordeste,Antioquia,2461,1.681340913295542e-07
Nordeste,Antioquia,2462,1.6809573424313738e-07
Nordeste,Antioquia,2463,1.680051568819124e-07
Nordeste,Antioquia,2464,1.6781960733050337e-07
Nordeste,Antioquia,2465,1.677502203793092e-07
Nordeste,Antioquia,2466,1.6780671785406676e-07
Nordeste,Antioquia,2467,1.6782433435894633e-07
Nordeste,Antioquia,2468,1.6769839036128225e-07
Nordeste,Antioquia,2469,1.6769765830978605e-07
Nordeste,Antioquia,2470,1.6774283795994063e-07
Nordeste,Antioquia,2471,1.6784031944835526e-07
Nordeste,Antioquia,2472,1.680005112851659e-07
Nordeste,Antioquia,2473,1.0041829058416553e-06
Nordeste,Antioquia,2474,1.004126336706485e-06
Nordeste,Antioquia,2475,1.0043301373651479e-06
Nordeste,Antioquia,2476,1.0044601546472822e-06
Nordeste,Antioquia,2477,1.0045410343921297e-06
Nordeste,Antioquia,2478,1.0045754715771131e-06
Nordeste,Antioquia,2479,1.0046338358523672e-06
Nordeste,Antioquia,2480,1.004745396304577e-06
Nordeste,Antioquia,2481,1.0046472371018083e-06
Nordeste,Antioquia,2482,1.0045149265330126e-06
Nordeste,Antioquia,2483,1.0044208201977799e-06
Nordeste,Antioquia,2484,1.0042373009972846e-06
Nordeste,Antioquia,2485,1.0038976911956403e-06
Nordeste,Antioquia,2486,1.0034593491199835e-06
Nordeste,Antioquia,2487,1.002726744135946e-06
Nordeste,Antioquia,2488,1.001919618302833e-06
Nordeste,Antioquia,2489,1.0012422819492815e-06
Nordeste,Antioquia,2490,1.001398693240408e-06
Nordeste,Antioquia,2491,1.0015295393417085e-06
Nordeste,Antioquia,2492,9.9693769210758e-07
Nordeste,Antioquia,2493,9.990724882124586e-07
Nordeste,Antioquia,2494,1.0009388160643934e-06
Nordeste,Antioquia,2495,1.0026667231110306e-06
Nordeste,Antioquia,2496,1.0037162592649145e-06
Nordeste,Antioquia,3265,1.9347484253216329e-07
Nordeste,Antioquia,3266,1.9346676912201862e-07
Nordeste,Antioquia,3267,1.9346903089569155e-07
Nordeste,Antioquia,3268,1.9347207252196798e-07
Nordeste,Antioquia,3269,1.9347511723216652e-07
Nordeste,Antioquia,3270,1.9348516939271724e-07
Nordeste,Antioquia,3271,1.9349734974113908e-07
Nordeste,Antioquia,3272,1.9352886700486764e-07
Nordeste,Antioquia,3273,1.935679104133331e-07
Nordeste,Antioquia,3274,1.9360824554876198e-07
Nordeste,Antioquia,3275,1.9365397684168956e-07
Nordeste,Antioquia,3276,1.9365013383243653e-07
Nordeste,Antioquia,3277,1.936062498925837e-07
Nordeste,Antioquia,3278,1.9357278567144103e-07
Nordeste,Antioquia,3279,1.935469730089126e-07
Nordeste,Antioquia,3280,1.9353891639961861e-07
Nordeste,Antioquia,3281,1.934866671125077e-07
Nordeste,Antioquia,3282,1.9343466339777592e-07
Nordeste,Antioquia,3283,1.9341729445647127e-07
Nordeste,Antioquia,3284,1.9334124115099184e-07
Nordeste,Antioquia,3285,1.9332079106379828e-07
Nordeste,Antioquia,3286,1.9337167929716827e-07
Nordeste,Antioquia,3287,1.9342728169279996e-07
Nordeste,Antioquia,3288,1.9346983446005174e-07
Nordeste,Antioquia,3289,4.9641641481323106e-05
Nordeste,Antioquia,3290,4.964694762100578e-05
Nordeste,Antioquia,3291,4.965053330672863e-05
Nordeste,Antioquia,3292,4.9654794251076776e-05
Nordeste,Antioquia,3293,4.9657243625464524e-05
Nordeste,Antioquia,3294,4.9659680785540687e-05
Nordeste,Antioquia,3295,4.967118143438429e-05
Nordeste,Antioquia,3296,4.974349376482299e-05
Nordeste,Antioquia,3297,4.9869227620076867e-05
Nordeste,Antioquia,3298,5.003521910357292e-05
Nordeste,Antioquia,3299,5.019584276710217e-05
Nordeste,Antioquia,3300,5.017399210807369e-05
Nordeste,Antioquia,3301,4.993788560438499e-05
Nordeste,Antioquia,3302,4.9771240202729806e-05
Nordeste,Antioquia,3303,4.970716358686039e-05
Nordeste,Antioquia,3304,4.9670700227130006e-05
Nordeste,Antioquia,3305,4.964846247569304e-05
Nordeste,Antioquia,3306,4.963305207022307e-05
Nordeste,Antioquia,3307,4.9625462094274134e-05
Nordeste,Antioquia,3308,4.959875705274472e-05
Nordeste,Antioquia,3309,4.957829773709121e-05
Nordeste,Antioquia,3310,4.959247657126349e-05
Nordeste,Antioquia,3311,4.9614736104794526e-05
Nordeste,Antioquia,3312,4.963264208082239e-05
Nordeste,Antioquia,3313,3.887614132340677e-07
Nordeste,Antioquia,3314,3.8878472157451957e-07
Nordeste,Antioquia,3315,3.888048946664812e-07
Nordeste,Antioquia,3316,3.888198779022665e-07
Nordeste,Antioquia,3317,3.8882746942546216e-07
Nordeste,Antioquia,3318,3.8883992010457554e-07
Nordeste,Antioquia,3319,3.8886004961371467e-07
Nordeste,Antioquia,3320,3.889288593098949e-07
Nordeste,Antioquia,3321,3.890132743148057e-07
Nordeste,Antioquia,3322,3.891026381088342e-07
Nordeste,Antioquia,3323,3.892114726109915e-07
Nordeste,Antioquia,3324,3.891737009037399e-07
Nordeste,Antioquia,3325,3.890693372218001e-07
Nordeste,Antioquia,3326,3.8900170231346295e-07
Nordeste,Antioquia,3327,3.8891163613627544e-07
Nordeste,Antioquia,3328,3.888027391133806e-07
Nordeste,Antioquia,3329,3.8867783655592747e-07
Nordeste,Antioquia,3330,3.886084202611414e-07
Nordeste,Antioquia,3331,3.886557749610136e-07
Nordeste,Antioquia,3332,3.884414070831565e-07
Nordeste,Antioquia,3333,3.8828072865490107e-07
Nordeste,Antioquia,3334,3.884056837239825e-07
Nordeste,Antioquia,3335,3.885776583938741e-07
Nordeste,Antioquia,3336,3.8871614194445405e-07
Nordeste,Antioquia,3337,9.177131988590484e-07
Nordeste,Antioquia,3338,9.177735961424057e-07
Nordeste,Antioquia,3339,9.17820935024759e-07
Nordeste,Antioquia,3340,9.178548748442372e-07
Nordeste,Antioquia,3341,9.178802501881114e-07
Nordeste,Antioquia,3342,9.178914511898646e-07
Nordeste,Antioquia,3343,9.180091094810222e-07
Nordeste,Antioquia,3344,9.18067015520551e-07
Nordeste,Antioquia,3345,9.180746003277291e-07
Nordeste,Antioquia,3346,9.181029411780445e-07
Nordeste,Antioquia,3347,9.182452503301862e-07
Nordeste,Antioquia,3348,9.182317159548384e-07
Nordeste,Antioquia,3349,9.180410202616384e-07
Nordeste,Antioquia,3350,9.178471983449812e-07
Nordeste,Antioquia,3351,9.176614678380892e-07
Nordeste,Antioquia,3352,9.174646231769332e-07
Nordeste,Antioquia,3353,9.172778641695773e-07
Nordeste,Antioquia,3354,9.1718676455402e-07
Nordeste,Antioquia,3355,9.171344864818636e-07
Nordeste,Antioquia,3356,9.162573097735933e-07
Nordeste,Antioquia,3357,9.154419547925326e-07
Nordeste,Antioquia,3358,9.165590370061023e-07
Nordeste,Antioquia,3359,9.171895897763153e-07
Nordeste,Antioquia,3360,9.17565049243612e-07
Nordeste,Antioquia,3361,3.871768427722179e-07
Nordeste,Antioquia,3362,3.8732053141717185e-07
Nordeste,Antioquia,3363,3.873896924420944e-07
Nordeste,Antioquia,3364,3.874332318254801e-07
Nordeste,Antioquia,3365,3.8745580007710346e-07
Nordeste,Antioquia,3366,3.8745495819607164e-07
Nordeste,Antioquia,3367,3.8748940226525566e-07
Nordeste,Antioquia,3368,3.8767892902545013e-07
Nordeste,Antioquia,3369,3.877710212311306e-07
Nordeste,Antioquia,3370,3.8783233700517003e-07
Nordeste,Antioquia,3371,3.878820711761751e-07
Nordeste,Antioquia,3372,3.878607568510333e-07
Nordeste,Antioquia,3373,3.878047475081029e-07
Nordeste,Antioquia,3374,3.877500110008901e-07
Nordeste,Antioquia,3375,3.8757673799654295e-07
Nordeste,Antioquia,3376,3.869522008418628e-07
Nordeste,Antioquia,3377,3.8674878724322454e-07
Nordeste,Antioquia,3378,3.8666069849693606e-07
Nordeste,Antioquia,3379,3.868173182000584e-07
Nordeste,Antioquia,3380,3.8656560024072224e-07
Nordeste,Antioquia,3381,3.8612906936478034e-07
Nordeste,Antioquia,3382,3.8636466300376533e-07
Nordeste,Antioquia,3383,3.867095885602299e-07
Nordeste,Antioquia,3384,3.869695503204898e-07
Nordeste,Antioquia,3385,2.156943617604583e-06
Nordeste,Antioquia,3386,2.156938958260993e-06
Nordeste,Antioquia,3387,2.1571933946250636e-06
Nordeste,Antioquia,3388,2.1573897880337916e-06
Nordeste,Antioquia,3389,2.157693592247459e-06
Nordeste,Antioquia,3390,2.1577809460772698e-06
Nordeste,Antioquia,3391,2.158003816726532e-06
Nordeste,Antioquia,3392,2.1584580329496184e-06
Nordeste,Antioquia,3393,2.1585812258403545e-06
Nordeste,Antioquia,3394,2.15866005048172e-06
Nordeste,Antioquia,3395,2.1590138717552845e-06
Nordeste,Antioquia,3396,2.1589472271288876e-06
Nordeste,Antioquia,3397,2.1585138926313146e-06
Nordeste,Antioquia,3398,2.158304063823407e-06
Nordeste,Antioquia,3399,2.1580437225444693e-06
Nordeste,Antioquia,3400,2.157445837932806e-06
Nordeste,Antioquia,3401,2.155998546631163e-06
Nordeste,Antioquia,3402,2.155097816840393e-06
Nordeste,Antioquia,3403,2.155498106032541e-06
Nordeste,Antioquia,3404,2.153455751250137e-06
Nordeste,Antioquia,3405,2.152247642476672e-06
Nordeste,Antioquia,3406,2.1536035816663568e-06
Nordeste,Antioquia,3407,2.1553320685581246e-06
Nordeste,Antioquia,3408,2.156381243931286e-06
Nordeste,Antioquia,3409,2.208035650474209e-07
Nordeste,Antioquia,3410,2.2089877441294352e-07
Nordeste,Antioquia,3411,2.209431167995011e-07
Nordeste,Antioquia,3412,2.2097930751632162e-07
Nordeste,Antioquia,3413,2.21002984915734e-07
Nordeste,Antioquia,3414,2.2098732381720391e-07
Nordeste,Antioquia,3415,2.2096044784217272e-07
Nordeste,Antioquia,3416,2.210060698529907e-07
Nordeste,Antioquia,3417,2.2104202723189022e-07
Nordeste,Antioquia,3418,2.2108190990559324e-07
Nordeste,Antioquia,3419,2.211291287536393e-07
Nordeste,Antioquia,3420,2.2111097182550735e-07
Nordeste,Antioquia,3421,2.2105026534384029e-07
Nordeste,Antioquia,3422,2.2098818715300214e-07
Nordeste,Antioquia,3423,2.2088258672794836e-07
Nordeste,Antioquia,3424,2.2078417210559562e-07
Nordeste,Antioquia,3425,2.2070630247192737e-07
Nordeste,Antioquia,3426,2.206440963597738e-07
Nordeste,Antioquia,3427,2.206208256085086e-07
Nordeste,Antioquia,3428,2.204930256871725e-07
Nordeste,Antioquia,3429,2.2048870735881624e-07
Nordeste,Antioquia,3430,2.205416871677228e-07
Nordeste,Antioquia,3431,2.2062994724955073e-07
Nordeste,Antioquia,3432,2.2071978768649458e-07
Nordeste,Antioquia,3433,1.174702998946884e-06
Nordeste,Antioquia,3434,1.1745506474305902e-06
Nordeste,Antioquia,3435,1.1749295082841146e-06
Nordeste,Antioquia,3436,1.175282661877131e-06
Nordeste,Antioquia,3437,1.1755812025211896e-06
Nordeste,Antioquia,3438,1.175502995094649e-06
Nordeste,Antioquia,3439,1.1755040382722443e-06
Nordeste,Antioquia,3440,1.1756821471643659e-06
Nordeste,Antioquia,3441,1.175408536151367e-06
Nordeste,Antioquia,3442,1.1750899062127234e-06
Nordeste,Antioquia,3443,1.1749001145185747e-06
Nordeste,Antioquia,3444,1.1744637211692092e-06
Nordeste,Antioquia,3445,1.1740048333309863e-06
Nordeste,Antioquia,3446,1.1736971082212484e-06
Nordeste,Antioquia,3447,1.173300229633825e-06
Nordeste,Antioquia,3448,1.1728399042197758e-06
Nordeste,Antioquia,3449,1.1725449288317844e-06
Nordeste,Antioquia,3450,1.1725396116611397e-06
Nordeste,Antioquia,3451,1.1724298286607899e-06
Nordeste,Antioquia,3452,1.171184613531521e-06
Nordeste,Antioquia,3453,1.1714185659165956e-06
Nordeste,Antioquia,3454,1.1720893193541803e-06
Nordeste,Antioquia,3455,1.1728961908694094e-06
Nordeste,Antioquia,3456,1.173872613704128e-06
Nordeste,Antioquia,4225,1.7539653867147177e-07
Nordeste,Antioquia,4226,1.7540647120065246e-07
Nordeste,Antioquia,4227,1.754129875038727e-07
Nordeste,Antioquia,4228,1.7541513877578298e-07
Nordeste,Antioquia,4229,1.7541850985284003e-07
Nordeste,Antioquia,4230,1.7542963947883436e-07
Nordeste,Antioquia,4231,1.7545773919047292e-07
Nordeste,Antioquia,4232,1.755358351494535e-07
Nordeste,Antioquia,4233,1.7569202864547212e-07
Nordeste,Antioquia,4234,1.7597211864594514e-07
Nordeste,Antioquia,4235,1.8706853942842526e-07
Nordeste,Antioquia,4236,1.8772228771223335e-07
Nordeste,Antioquia,4237,1.761387395426882e-07
Nordeste,Antioquia,4238,1.757906454735052e-07
Nordeste,Antioquia,4239,1.756086769974699e-07
Nordeste,Antioquia,4240,1.7554878521321267e-07
Nordeste,Antioquia,4241,1.7544224858967447e-07
Nordeste,Antioquia,4242,1.7532299888962995e-07
Nordeste,Antioquia,4243,1.7528110200915144e-07
Nordeste,Antioquia,4244,1.750996226697416e-07
Nordeste,Antioquia,4245,1.7503361440554498e-07
Nordeste,Antioquia,4246,1.7518243474343206e-07
Nordeste,Antioquia,4247,1.753116289852858e-07
Nordeste,Antioquia,4248,1.753768630063691e-07
Nordeste,Antioquia,4249,1.3732098920217621e-06
Nordeste,Antioquia,4250,1.373446157589228e-06
Nordeste,Antioquia,4251,1.373744854846013e-06
Nordeste,Antioquia,4252,1.3740002231983952e-06
Nordeste,Antioquia,4253,1.3741933147971067e-06
Nordeste,Antioquia,4254,1.3743177043396985e-06
Nordeste,Antioquia,4255,1.3750084792280555e-06
Nordeste,Antioquia,4256,1.3822435703792213e-06
Nordeste,Antioquia,4257,5.841291141303535e-05
Nordeste,Antioquia,4258,6.045549282650125e-05
Nordeste,Antioquia,4259,6.0892561234984646e-05
Nordeste,Antioquia,4260,6.097298860185105e-05
Nordeste,Antioquia,4261,6.0587592381839255e-05
Nordeste,Antioquia,4262,5.969378070648642e-05
Nordeste,Antioquia,4263,1.3856723152270325e-06
Nordeste,Antioquia,4264,1.3767594788587612e-06
Nordeste,Antioquia,4265,1.3743370716752574e-06
Nordeste,Antioquia,4266,1.3731377563115584e-06
Nordeste,Antioquia,4267,1.3727935387624667e-06
Nordeste,Antioquia,4268,1.3715671733539085e-06
Nordeste,Antioquia,4269,1.3707268656633644e-06
Nordeste,Antioquia,4270,1.3712522494911152e-06
Nordeste,Antioquia,4271,1.3721034276365323e-06
Nordeste,Antioquia,4272,1.372776598937908e-06
Nordeste,Antioquia,4273,4.6742984824621737e-07
Nordeste,Antioquia,4274,4.6755221418258913e-07
Nordeste,Antioquia,4275,4.676067312621698e-07
Nordeste,Antioquia,4276,4.676361674285929e-07
Nordeste,Antioquia,4277,4.676473019626215e-07
Nordeste,Antioquia,4278,4.6765645423454474e-07
Nordeste,Antioquia,4279,4.6775660692882067e-07
Nordeste,Antioquia,4280,4.679562556025673e-07
Nordeste,Antioquia,4281,4.682618368569555e-07
Nordeste,Antioquia,4282,4.687080195692493e-07
Nordeste,Antioquia,4283,4.6913874825232856e-07
Nordeste,Antioquia,4284,4.691090704148769e-07
Nordeste,Antioquia,4285,4.6874603878386026e-07
Nordeste,Antioquia,4286,4.683940873066246e-07
Nordeste,Antioquia,4287,4.6814431649698895e-07
Nordeste,Antioquia,4288,4.6787696867955187e-07
Nordeste,Antioquia,4289,4.674580024063199e-07
Nordeste,Antioquia,4290,4.6715609984627516e-07
Nordeste,Antioquia,4291,4.671007881990526e-07
Nordeste,Antioquia,4292,4.667366602988809e-07
Nordeste,Antioquia,4293,4.6650426433560955e-07
Nordeste,Antioquia,4294,4.6677181739391184e-07
Nordeste,Antioquia,4295,4.671189094749447e-07
Nordeste,Antioquia,4296,4.6729768346414316e-07
Nordeste,Antioquia,4297,2.4303222029100143e-07
Nordeste,Antioquia,4298,2.4313751153176227e-07
Nordeste,Antioquia,4299,2.440707122249382e-07
Nordeste,Antioquia,4300,2.4503002477173103e-07
Nordeste,Antioquia,4301,2.4595150176445035e-07
Nordeste,Antioquia,4302,2.467824674468185e-07
Nordeste,Antioquia,4303,1.3565609884648686e-06
Nordeste,Antioquia,4304,1.3707347720056063e-06
Nordeste,Antioquia,4305,5.9009303196915346e-05
Nordeste,Antioquia,4306,5.9923162966997666e-05
Nordeste,Antioquia,4307,6.039586758186033e-05
Nordeste,Antioquia,4308,6.0422223746457524e-05
Nordeste,Antioquia,4309,6.003136386125623e-05
Nordeste,Antioquia,4310,5.903108488424739e-05
Nordeste,Antioquia,4311,1.3739211139086753e-06
Nordeste,Antioquia,4312,1.3568288982076062e-06
Nordeste,Antioquia,4313,2.4479965796749754e-07
Nordeste,Antioquia,4314,2.42845682957408e-07
Nordeste,Antioquia,4315,2.425954611677435e-07
Nordeste,Antioquia,4316,2.4213198405403997e-07
Nordeste,Antioquia,4317,2.4198265348642205e-07
Nordeste,Antioquia,4318,2.420715773132654e-07
Nordeste,Antioquia,4319,2.422481823584906e-07
Nordeste,Antioquia,4320,2.4252897629099455e-07
Nordeste,Antioquia,4321,4.483243817756647e-07
Nordeste,Antioquia,4322,4.4870368617920694e-07
Nordeste,Antioquia,4323,4.4885477620521476e-07
Nordeste,Antioquia,4324,4.4893086955839436e-07
Nordeste,Antioquia,4325,4.4896304368522625e-07
Nordeste,Antioquia,4326,4.489436163116892e-07
Nordeste,Antioquia,4327,4.4905057806199523e-07
Nordeste,Antioquia,4328,4.494813286694888e-07
Nordeste,Antioquia,4329,4.4975990089461754e-07
Nordeste,Antioquia,4330,4.499505700195168e-07
Nordeste,Antioquia,4331,4.501055940157233e-07
Nordeste,Antioquia,4332,4.50084961276738e-07
Nordeste,Antioquia,4333,4.499613268941853e-07
Nordeste,Antioquia,4334,4.498468457741766e-07
Nordeste,Antioquia,4335,4.4959689752439113e-07
Nordeste,Antioquia,4336,4.4865047151514966e-07
Nordeste,Antioquia,4337,4.479386196739988e-07
Nordeste,Antioquia,4338,4.477209378864339e-07
Nordeste,Antioquia,4339,4.4775850740777237e-07
Nordeste,Antioquia,4340,4.4729338223380954e-07
Nordeste,Antioquia,4341,4.468858040322773e-07
Nordeste,Antioquia,4342,4.4713847560972046e-07
Nordeste,Antioquia,4343,4.4768532492243956e-07
Nordeste,Antioquia,4344,4.479547971902273e-07
Nordeste,Antioquia,4345,2.425677166956325e-07
Nordeste,Antioquia,4346,2.427053262615596e-07
Nordeste,Antioquia,4347,2.437240862719969e-07
Nordeste,Antioquia,4348,2.658389163259415e-07
Nordeste,Antioquia,4349,1.3662009176144135e-06
Nordeste,Antioquia,4350,1.3680299197585153e-06
Nordeste,Antioquia,4351,1.3702206934835982e-06
Nordeste,Antioquia,4352,5.93449362797745e-05
Nordeste,Antioquia,4353,5.9658160830556396e-05
Nordeste,Antioquia,4354,6.011185126596096e-05
Nordeste,Antioquia,4355,6.0386974046499885e-05
Nordeste,Antioquia,4356,6.0420749221462595e-05
Nordeste,Antioquia,4357,6.018840391215512e-05
Nordeste,Antioquia,4358,5.9744723410927626e-05
Nordeste,Antioquia,4359,5.93853650199315e-05
Nordeste,Antioquia,4360,5.479726871497873e-05
Nordeste,Antioquia,4361,1.3683282130289262e-06
Nordeste,Antioquia,4362,2.427600374621963e-07
Nordeste,Antioquia,4363,2.423234632745743e-07
Nordeste,Antioquia,4364,2.4188933350985366e-07
Nordeste,Antioquia,4365,2.416327217144813e-07
Nordeste,Antioquia,4366,2.417004892938167e-07
Nordeste,Antioquia,4367,2.4186564265380515e-07
Nordeste,Antioquia,4368,2.42111762133019e-07
Nordeste,Antioquia,4369,2.7795563080676575e-07
Nordeste,Antioquia,4370,2.7803505705855844e-07
Nordeste,Antioquia,4371,2.780697180795717e-07
Nordeste,Antioquia,4372,2.780926387255962e-07
Nordeste,Antioquia,4373,2.7810442963077713e-07
Nordeste,Antioquia,4374,2.7811956853100503e-07
Nordeste,Antioquia,4375,2.781294639522541e-07
Nordeste,Antioquia,4376,2.7822194034415474e-07
Nordeste,Antioquia,4377,2.782985309786771e-07
Nordeste,Antioquia,4378,2.7834815427900887e-07
Nordeste,Antioquia,4379,2.7840572177472567e-07
Nordeste,Antioquia,4380,2.7830863852546043e-07
Nordeste,Antioquia,4381,2.781561046388094e-07
Nordeste,Antioquia,4382,2.7804299355047567e-07
Nordeste,Antioquia,4383,2.778520434483826e-07
Nordeste,Antioquia,4384,2.76935217548745e-07
Nordeste,Antioquia,4385,1.8183202703199934e-07
Nordeste,Antioquia,4386,2.7740201008178915e-07
Nordeste,Antioquia,4387,2.7759324256327346e-07
Nordeste,Antioquia,4388,2.7733408741087293e-07
Nordeste,Antioquia,4389,2.77368728218558e-07
Nordeste,Antioquia,4390,2.7750347076692203e-07
Nordeste,Antioquia,4391,2.776764246864241e-07
Nordeste,Antioquia,4392,2.778400563120986e-07
Nordeste,Antioquia,4393,9.739715612519866e-07
Nordeste,Antioquia,4394,1.3414039819903043e-06
Nordeste,Antioquia,4395,1.3442182256266457e-06
Nordeste,Antioquia,4396,1.3460035895352875e-06
Nordeste,Antioquia,4397,1.384629612909845e-06
Nordeste,Antioquia,4398,1.3852956674460123e-06
Nordeste,Antioquia,4399,1.3875810515925106e-06
Nordeste,Antioquia,4400,1.3902758390514015e-06
Nordeste,Antioquia,4401,1.5062241253850843e-06
Nordeste,Antioquia,4402,3.1714969973352794e-06
Nordeste,Antioquia,4403,3.1761707267404873e-06
Nordeste,Antioquia,4404,3.175862541850185e-06
Nordeste,Antioquia,4405,3.1706564009718198e-06
Nordeste,Antioquia,4406,1.5065349249539443e-06
Nordeste,Antioquia,4407,1.3918146502341808e-06
Nordeste,Antioquia,4408,1.388846855700764e-06
Nordeste,Antioquia,4409,1.3457362370734688e-06
Nordeste,Antioquia,4410,9.660248931500328e-07
Nordeste,Antioquia,4411,9.62867249614414e-07
Nordeste,Antioquia,4412,6.783007067768499e-07
Nordeste,Antioquia,4413,6.734099138357994e-07
Nordeste,Antioquia,4414,6.756713733578261e-07
Nordeste,Antioquia,4415,8.474063633150636e-07
Nordeste,Antioquia,4416,9.623324065355492e-07
Nordeste,Antioquia,5185,5.403471047131075e-07
Nordeste,Antioquia,5186,5.404848424752993e-07
Nordeste,Antioquia,5187,5.403812722733962e-07
Nordeste,Antioquia,5188,5.402288323673855e-07
Nordeste,Antioquia,5189,5.401645038793817e-07
Nordeste,Antioquia,5190,5.402149756270984e-07
Nordeste,Antioquia,5191,5.401703750826046e-07
Nordeste,Antioquia,5192,5.397869343674768e-07
Nordeste,Antioquia,5193,5.40539488747447e-07
Nordeste,Antioquia,5194,5.412502706717991e-07
Nordeste,Antioquia,5195,5.431446735631592e-07
Nordeste,Antioquia,5196,5.426823558792451e-07
Nordeste,Antioquia,5197,5.41124082590683e-07
Nordeste,Antioquia,5198,5.403933439548191e-07
Nordeste,Antioquia,5199,5.388286418820138e-07
Nordeste,Antioquia,5200,5.393648093613975e-07
Nordeste,Antioquia,5201,5.401516668898613e-07
Nordeste,Antioquia,5202,5.395789075370374e-07
Nordeste,Antioquia,5203,5.397123132449126e-07
Nordeste,Antioquia,5204,5.078422743598987e-07
Nordeste,Antioquia,5205,5.35243091143719e-07
Nordeste,Antioquia,5206,5.06761279574193e-07
Nordeste,Antioquia,5207,5.382267214551135e-07
Nordeste,Antioquia,5208,5.399535277919042e-07
Nordeste,Antioquia,5209,2.748192517699155e-06
Nordeste,Antioquia,5210,2.723277689658538e-06
Nordeste,Antioquia,5211,2.7221982073417294e-06
Nordeste,Antioquia,5212,2.722880762319e-06
Nordeste,Antioquia,5213,2.7231116857191e-06
Nordeste,Antioquia,5214,2.722444427891256e-06
Nordeste,Antioquia,5215,2.7223399705305057e-06
Nordeste,Antioquia,5216,2.727060444941374e-06
Nordeste,Antioquia,5217,2.9059263893836016e-06
Nordeste,Antioquia,5218,4.672335526468317e-06
Nordeste,Antioquia,5219,6.095316108238971e-06
Nordeste,Antioquia,5220,6.08874128027424e-06
Nordeste,Antioquia,5221,3.012788177169882e-06
Nordeste,Antioquia,5222,2.9197047214436876e-06
Nordeste,Antioquia,5223,2.7175722066746306e-06
Nordeste,Antioquia,5224,2.7166175678689083e-06
Nordeste,Antioquia,5225,2.7343766520535287e-06
Nordeste,Antioquia,5226,2.718725024836152e-06
Nordeste,Antioquia,5227,2.7333776263537543e-06
Nordeste,Antioquia,5228,2.707887029521668e-06
Nordeste,Antioquia,5229,2.705889483796703e-06
Nordeste,Antioquia,5230,2.707827156366962e-06
Nordeste,Antioquia,5231,2.71417835266013e-06
Nordeste,Antioquia,5232,2.742659038816743e-06
Nordeste,Antioquia,5233,8.408718175621754e-07
Nordeste,Antioquia,5234,8.408732321366825e-07
Nordeste,Antioquia,5235,8.408977550394081e-07
Nordeste,Antioquia,5236,8.409724716581869e-07
Nordeste,Antioquia,5237,8.410092718751466e-07
Nordeste,Antioquia,5238,8.40986684441139e-07
Nordeste,Antioquia,5239,8.409350660730387e-07
Nordeste,Antioquia,5240,8.414020770955444e-07
Nordeste,Antioquia,5241,8.882285109625736e-07
Nordeste,Antioquia,5242,8.898789145360532e-07
Nordeste,Antioquia,5243,8.904816626572155e-07
Nordeste,Antioquia,5244,8.90253424737171e-07
Nordeste,Antioquia,5245,8.892154228198655e-07
Nordeste,Antioquia,5246,8.42989197469901e-07
Nordeste,Antioquia,5247,8.400029677183227e-07
Nordeste,Antioquia,5248,8.401311933062939e-07
Nordeste,Antioquia,5249,8.399731576226782e-07
Nordeste,Antioquia,5250,4.370294908612677e-07
Nordeste,Antioquia,5251,4.376341143083961e-07
Nordeste,Antioquia,5252,4.364910750628795e-07
Nordeste,Antioquia,5253,4.3615892445261176e-07
Nordeste,Antioquia,5254,4.3642364505471407e-07
Nordeste,Antioquia,5255,4.3682228716422947e-07
Nordeste,Antioquia,5256,5.234296055894023e-07
Nordeste,Antioquia,5257,2.3866129998637567e-06
Nordeste,Antioquia,5258,4.849724949067099e-06
Nordeste,Antioquia,5259,4.860696406387788e-06
Nordeste,Antioquia,5260,4.863994759782486e-06
Nordeste,Antioquia,5261,4.864857181311033e-06
Nordeste,Antioquia,5262,4.862465102074701e-06
Nordeste,Antioquia,5263,4.8598925892367e-06
Nordeste,Antioquia,5264,4.865085714497004e-06
Nordeste,Antioquia,5265,5.160069690282273e-06
Nordeste,Antioquia,5266,5.168059079058221e-06
Nordeste,Antioquia,5267,5.173910152811368e-06
Nordeste,Antioquia,5268,5.1722611098983994e-06
Nordeste,Antioquia,5269,5.16150777868893e-06
Nordeste,Antioquia,5270,5.144175062788219e-06
Nordeste,Antioquia,5271,4.8521544487453405e-06
Nordeste,Antioquia,5272,2.3887083186319632e-06
Nordeste,Antioquia,5273,2.3835481293886603e-06
Nordeste,Antioquia,5274,2.382969534442445e-06
Nordeste,Antioquia,5275,2.3840105060265796e-06
Nordeste,Antioquia,5276,2.3815929097640476e-06
Nordeste,Antioquia,5277,2.38022396370915e-06
Nordeste,Antioquia,5278,2.3811596775078944e-06
Nordeste,Antioquia,5279,2.3831573845364915e-06
Nordeste,Antioquia,5280,2.3846479300698057e-06
Nordeste,Antioquia,5281,3.643413052707666e-07
Nordeste,Antioquia,5282,6.535683304834237e-07
Nordeste,Antioquia,5283,6.539128344087144e-07
Nordeste,Antioquia,5284,6.540307573291619e-07
Nordeste,Antioquia,5285,6.540598690272929e-07
Nordeste,Antioquia,5286,6.540795857268444e-07
Nordeste,Antioquia,5287,6.541113246323597e-07
Nordeste,Antioquia,5288,6.544280793412538e-07
Nordeste,Antioquia,5289,6.546633002831128e-07
Nordeste,Antioquia,5290,6.546888868955008e-07
Nordeste,Antioquia,5291,6.54777963012549e-07
Nordeste,Antioquia,5292,6.546164211662904e-07
Nordeste,Antioquia,5293,6.543128922861684e-07
Nordeste,Antioquia,5294,6.542857549115402e-07
Nordeste,Antioquia,5295,6.537029040408896e-07
Nordeste,Antioquia,5296,6.514461612410406e-07
Nordeste,Antioquia,5297,3.6063243220082754e-07
Nordeste,Antioquia,5298,3.3226044850052847e-07
Nordeste,Antioquia,5299,3.6085372292559203e-07
Nordeste,Antioquia,5300,3.307173937767709e-07
Nordeste,Antioquia,5301,3.2088217475134824e-07
Nordeste,Antioquia,5302,3.306019975363502e-07
Nordeste,Antioquia,5303,3.556458188611158e-07
Nordeste,Antioquia,5304,3.617888288714824e-07
Nordeste,Antioquia,5305,3.90306504766086e-06
Nordeste,Antioquia,5306,5.409813836517673e-06
Nordeste,Antioquia,5307,5.410983880434507e-06
Nordeste,Antioquia,5308,5.4106715474842106e-06
Nordeste,Antioquia,5309,5.411010257239862e-06
Nordeste,Antioquia,5310,5.41119850710228e-06
Nordeste,Antioquia,5311,5.410941769108579e-06
Nordeste,Antioquia,5312,5.4136547691020786e-06
Nordeste,Antioquia,5313,5.414697405806075e-06
Nordeste,Antioquia,5314,5.4192713473020785e-06
Nordeste,Antioquia,5315,5.4233473146530104e-06
Nordeste,Antioquia,5316,5.4201754863673646e-06
Nordeste,Antioquia,5317,5.407885960509981e-06
Nordeste,Antioquia,5318,5.4022532486664165e-06
Nordeste,Antioquia,5319,5.400855469685701e-06
Nordeste,Antioquia,5320,5.390827061524281e-06
Nordeste,Antioquia,5321,1.9353001432304134e-06
Nordeste,Antioquia,5322,1.921911239877019e-06
Nordeste,Antioquia,5323,1.9226805008932304e-06
Nordeste,Antioquia,5324,1.92076191091605e-06
Nordeste,Antioquia,5325,1.9184678462328133e-06
Nordeste,Antioquia,5326,1.919662753969956e-06
Nordeste,Antioquia,5327,1.921755507872513e-06
Nordeste,Antioquia,5328,1.9265382922893034e-06
Nordeste,Antioquia,5329,6.135878202384909e-07
Nordeste,Antioquia,5330,6.137131417319375e-07
Nordeste,Antioquia,5331,6.138222498571459e-07
Nordeste,Antioquia,5332,6.139134376049518e-07
Nordeste,Antioquia,5333,6.139739154279976e-07
Nordeste,Antioquia,5334,6.139852348647519e-07
Nordeste,Antioquia,5335,6.14024444709358e-07
Nordeste,Antioquia,5336,6.143041494641598e-07
Nordeste,Antioquia,5337,6.145944529685638e-07
Nordeste,Antioquia,5338,6.149759982816275e-07
Nordeste,Antioquia,5339,6.152386822410891e-07
Nordeste,Antioquia,5340,6.150602052744915e-07
Nordeste,Antioquia,5341,6.144685212842072e-07
Nordeste,Antioquia,5342,6.139530577281252e-07
Nordeste,Antioquia,5343,6.13587382918806e-07
Nordeste,Antioquia,5344,6.132812795734249e-07
Nordeste,Antioquia,5345,6.129976523097676e-07
Nordeste,Antioquia,5346,6.128642209813175e-07
Nordeste,Antioquia,5347,6.130834241912592e-07
Nordeste,Antioquia,5348,3.100345288998813e-07
Nordeste,Antioquia,5349,3.100728361226171e-07
Nordeste,Antioquia,5350,6.119814181763784e-07
Nordeste,Antioquia,5351,6.132118433359718e-07
Nordeste,Antioquia,5352,6.134619207305721e-07
Nordeste,Antioquia,5353,1.7985286903023782e-06
Nordeste,Antioquia,5354,3.5959567145022823e-06
Nordeste,Antioquia,5355,3.6310568649452245e-06
Nordeste,Antioquia,5356,3.632805243442635e-06
Nordeste,Antioquia,5357,3.633215126843123e-06
Nordeste,Antioquia,5358,3.6325324570901013e-06
Nordeste,Antioquia,5359,3.632615162077545e-06
Nordeste,Antioquia,5360,3.6350243482677668e-06
Nordeste,Antioquia,5361,3.653116108812542e-06
Nordeste,Antioquia,5362,3.6668063821399e-06
Nordeste,Antioquia,5363,3.6711325926357083e-06
Nordeste,Antioquia,5364,3.6681467046824016e-06
Nordeste,Antioquia,5365,3.653030768779488e-06
Nordeste,Antioquia,5366,3.6321658853744546e-06
Nordeste,Antioquia,5367,3.607949575251048e-06
Nordeste,Antioquia,5368,1.7982450125983568e-06
Nordeste,Antioquia,5369,1.7900501402458157e-06
Nordeste,Antioquia,5370,1.4384216746352213e-06
Nordeste,Antioquia,5371,1.4389591935697266e-06
Nordeste,Antioquia,5372,1.812627030651715e-08
Nordeste,Antioquia,5373,1.8109583186856098e-08
Nordeste,Antioquia,5374,1.8194753937255068e-08
Nordeste,Antioquia,5375,1.4382404747241023e-06
Nordeste,Antioquia,5376,1.7948225584010835e-06
Antioquia,Oriental,1,479.99999936871643
Antioquia,Oriental,2,479.9999993691823
Antioquia,Oriental,3,479.99999936905294
Antioquia,Oriental,4,479.99999936883546
Antioquia,Oriental,5,479.99999936908114
Antioquia,Oriental,6,479.9999993690591
Antioquia,Oriental,7,479.9999993691024
Antioquia,Oriental,8,479.9999993690232
Antioquia,Oriental,9,479.99999936912207
Antioquia,Oriental,10,479.99999936910314
Antioquia,Oriental,11,479.99999936924627
Antioquia,Oriental,12,479.9999993692843
Antioquia,Oriental,13,479.99999936913633
Antioquia,Oriental,14,479.9999993690421
Antioquia,Oriental,15,479.9999993691641
Antioquia,Oriental,16,479.9999993690023
Antioquia,Oriental,17,479.9999993689133
Antioquia,Oriental,18,479.99999936921364
Antioquia,Oriental,19,479.9999993691578
Antioquia,Oriental,20,479.9999993689863
Antioquia,Oriental,21,479.9999993692346
Antioquia,Oriental,22,479.9999993692302
Antioquia,Oriental,23,479.99999936909205
Antioquia,Oriental,24,479.99999936904436
Antioquia,Oriental,25,479.999995854882
Antioquia,Oriental,26,479.99999585483516
Antioquia,Oriental,27,479.99999585460887
Antioquia,Oriental,28,479.99999585443
Antioquia,Oriental,29,479.99999585423257
Antioquia,Oriental,30,479.99999585400076
Antioquia,Oriental,31,479.9999958538868
Antioquia,Oriental,32,479.9999958533181
Antioquia,Oriental,33,479.9999958536017
Antioquia,Oriental,34,479.99999585421665
Antioquia,Oriental,35,479.9999958546258
Antioquia,Oriental,36,479.99999585491884
Antioquia,Oriental,37,479.9999958551629
Antioquia,Oriental,38,479.99999585518106
Antioquia,Oriental,39,479.9999958551338
Antioquia,Oriental,40,479.9999958550906
Antioquia,Oriental,41,479.99999585505094
Antioquia,Oriental,42,479.9999958549818
Antioquia,Oriental,43,479.9999958549773
Antioquia,Oriental,44,479.99999585507237
Antioquia,Oriental,45,479.9999958551181
Antioquia,Oriental,46,479.99999585513785
Antioquia,Oriental,47,479.99999585508067
Antioquia,Oriental,48,479.9999958550404
Antioquia,Oriental,49,479.99999940569256
Antioquia,Oriental,50,479.9999994057712
Antioquia,Oriental,51,479.9999994056248
Antioquia,Oriental,52,479.9999994056967
Antioquia,Oriental,53,479.99999940561946
Antioquia,Oriental,54,479.9999994056096
Antioquia,Oriental,55,479.9999994059495
Antioquia,Oriental,56,479.99999940571143
Antioquia,Oriental,57,479.9999994058846
Antioquia,Oriental,58,479.99999940577624
Antioquia,Oriental,59,479.9999994059155
Antioquia,Oriental,60,479.99999940587384
Antioquia,Oriental,61,479.99999940571007
Antioquia,Oriental,62,479.99999940572116
Antioquia,Oriental,63,479.9999994058497
Antioquia,Oriental,64,479.9999994058253
Antioquia,Oriental,65,479.99999940585894
Antioquia,Oriental,66,479.9999994059227
Antioquia,Oriental,67,479.9999994057985
Antioquia,Oriental,68,479.9999994058985
Antioquia,Oriental,69,479.99999940596695
Antioquia,Oriental,70,479.99999940611485
Antioquia,Oriental,71,479.99999940602635
Antioquia,Oriental,72,479.9999994059181
Antioquia,Oriental,73,479.9999960477602
Antioquia,Oriental,74,479.9999960477149
Antioquia,Oriental,75,479.99999604716504
Antioquia,Oriental,76,479.99999604661804
Antioquia,Oriental,77,479.99999604623923
Antioquia,Oriental,78,479.9999960459929
Antioquia,Oriental,79,479.9999960456081
Antioquia,Oriental,80,479.99999604480433
Antioquia,Oriental,81,479.9999960454864
Antioquia,Oriental,82,479.9999960464334
Antioquia,Oriental,83,479.9999960471923
Antioquia,Oriental,84,479.99999604767794
Antioquia,Oriental,85,479.9999960480424
Antioquia,Oriental,86,479.9999960482302
Antioquia,Oriental,87,479.99999604828093
Antioquia,Oriental,88,479.99999604822597
Antioquia,Oriental,89,479.999996048159
Antioquia,Oriental,90,479.9999960480704
Antioquia,Oriental,91,479.99999604808903
Antioquia,Oriental,92,479.99999604857663
Antioquia,Oriental,93,479.9999960486191
Antioquia,Oriental,94,479.9999960486287
Antioquia,Oriental,95,479.9999960484635
Antioquia,Oriental,96,479.9999960481919
Antioquia,Oriental,97,479.99999940685217
Antioquia,Oriental,98,479.9999994064229
Antioquia,Oriental,99,479.99999940629357
Antioquia,Oriental,100,479.9999994066205
Antioquia,Oriental,101,479.99999940660837
Antioquia,Oriental,102,479.9999994064811
Antioquia,Oriental,103,479.9999994064641
Antioquia,Oriental,104,479.99999940669346
Antioquia,Oriental,105,479.9999994068152
Antioquia,Oriental,106,479.99999940711984
Antioquia,Oriental,107,479.9999994071587
Antioquia,Oriental,108,479.99999940702287
Antioquia,Oriental,109,479.99999940708943
Antioquia,Oriental,110,479.999999407061
Antioquia,Oriental,111,479.9999994071967
Antioquia,Oriental,112,479.99999940710615
Antioquia,Oriental,113,479.9999994072312
Antioquia,Oriental,114,479.99999940707795
Antioquia,Oriental,115,479.99999940693493
Antioquia,Oriental,116,479.99999940703685
Antioquia,Oriental,117,479.999999406878
Antioquia,Oriental,118,479.9999994069234
Antioquia,Oriental,119,479.99999940688656
Antioquia,Oriental,120,479.9999994069102
Antioquia,Oriental,121,479.99999596383964
Antioquia,Oriental,122,479.99999596349676
Antioquia,Oriental,123,479.9999959626572
Antioquia,Oriental,124,479.99999596198137
Antioquia,Oriental,125,479.9999959615119
Antioquia,Oriental,126,479.999995961286
Antioquia,Oriental,127,479.99999596091885
Antioquia,Oriental,128,479.9999959603748
Antioquia,Oriental,129,479.9999959609295
Antioquia,Oriental,130,479.9999959617465
Antioquia,Oriental,131,479.99999596243055
Antioquia,Oriental,132,479.99999596317423
Antioquia,Oriental,133,479.99999596386465
Antioquia,Oriental,134,479.99999596437306
Antioquia,Oriental,135,479.99999596457957
Antioquia,Oriental,136,479.99999596443865
Antioquia,Oriental,137,479.9999959644134
Antioquia,Oriental,138,479.99999596437345
Antioquia,Oriental,139,479.9999959644343
Antioquia,Oriental,140,479.9999959659285
Antioquia,Oriental,141,479.9999959666523
Antioquia,Oriental,142,479.999995966466
Antioquia,Oriental,143,479.9999959660707
Antioquia,Oriental,144,479.99999596509514
Antioquia,Oriental,145,479.99999945074103
Antioquia,Oriental,146,479.99999945110784
Antioquia,Oriental,147,479.99999945089263
Antioquia,Oriental,148,479.999999450844
Antioquia,Oriental,149,479.9999994508566
Antioquia,Oriental,150,479.99999945039025
Antioquia,Oriental,151,479.99999945112563
Antioquia,Oriental,152,479.99999945118225
Antioquia,Oriental,153,479.99999945108556
Antioquia,Oriental,154,479.9999994509361
Antioquia,Oriental,155,479.99999945114735
Antioquia,Oriental,156,479.99999945159664
Antioquia,Oriental,157,479.99999945144714
Antioquia,Oriental,158,479.9999994512116
Antioquia,Oriental,159,479.99999945108067
Antioquia,Oriental,160,479.9999994510025
Antioquia,Oriental,161,479.9999994512929
Antioquia,Oriental,162,479.9999994514551
Antioquia,Oriental,163,479.9999994511799
Antioquia,Oriental,164,479.9999994512681
Antioquia,Oriental,165,479.99999945116014
Antioquia,Oriental,166,479.99999945131646
Antioquia,Oriental,167,479.9999994514094
Antioquia,Oriental,168,479.99999945078355
Antioquia,Oriental,169,479.99999627924575
Antioquia,Oriental,170,479.9999962788767
Antioquia,Oriental,171,479.99999627809433
Antioquia,Oriental,172,479.99999627734604
Antioquia,Oriental,173,479.99999627646287
Antioquia,Oriental,174,479.99999627608105
Antioquia,Oriental,175,479.9999962753896
Antioquia,Oriental,176,479.99999627412166
Antioquia,Oriental,177,479.9999962751143
Antioquia,Oriental,178,479.9999962765075
Antioquia,Oriental,179,479.99999627752885
Antioquia,Oriental,180,479.9999962784187
Antioquia,Oriental,181,479.99999627915753
Antioquia,Oriental,182,479.9999962795681
Antioquia,Oriental,183,479.9999962795752
Antioquia,Oriental,184,479.9999962795879
Antioquia,Oriental,185,479.9999962796095
Antioquia,Oriental,186,479.9999962796606
Antioquia,Oriental,187,479.99999627990906
Antioquia,Oriental,188,479.9999962805581
Antioquia,Oriental,189,479.99999628073334
Antioquia,Oriental,190,479.99999628059163
Antioquia,Oriental,191,479.99999628043105
Antioquia,Oriental,192,479.99999627996584
Antioquia,Oriental,385,479.9999994289758
Antioquia,Oriental,386,479.99999942883096
Antioquia,Oriental,387,479.9999994295081
Antioquia,Oriental,388,479.9999994296355
Antioquia,Oriental,389,479.9999994292729
Antioquia,Oriental,390,479.9999994292261
Antioquia,Oriental,391,479.9999994291386
Antioquia,Oriental,392,479.99999942951564
Antioquia,Oriental,393,479.99999942960267
Antioquia,Oriental,394,479.99999942949034
Antioquia,Oriental,395,479.99999942909795
Antioquia,Oriental,396,479.999999429624
Antioquia,Oriental,397,479.99999942965206
Antioquia,Oriental,398,479.99999942968935
Antioquia,Oriental,399,479.99999942923256
Antioquia,Oriental,400,479.9999994291697
Antioquia,Oriental,401,479.99999942965684
Antioquia,Oriental,402,479.99999942878986
Antioquia,Oriental,403,479.99999942938047
Antioquia,Oriental,404,479.9999994288622
Antioquia,Oriental,405,479.99999942860927
Antioquia,Oriental,406,479.99999942918333
Antioquia,Oriental,407,479.9999994290477
Antioquia,Oriental,408,479.999999429278
Antioquia,Oriental,409,479.999998178574
Antioquia,Oriental,410,479.99999817820947
Antioquia,Oriental,411,479.9999981781513
Antioquia,Oriental,412,479.9999981779818
Antioquia,Oriental,413,479.9999981778069
Antioquia,Oriental,414,479.9999981780106
Antioquia,Oriental,415,479.9999981781321
Antioquia,Oriental,416,479.9999981781852
Antioquia,Oriental,417,479.9999981784328
Antioquia,Oriental,418,479.99999817857133
Antioquia,Oriental,419,479.99999817860487
Antioquia,Oriental,420,479.99999817889926
Antioquia,Oriental,421,479.99999817895997
Antioquia,Oriental,422,479.9999981788614
Antioquia,Oriental,423,479.99999817882514
Antioquia,Oriental,424,479.9999981789007
Antioquia,Oriental,425,479.9999981787543
Antioquia,Oriental,426,479.9999981787221
Antioquia,Oriental,427,479.99999817873487
Antioquia,Oriental,428,479.9999981786368
Antioquia,Oriental,429,479.9999981787041
Antioquia,Oriental,430,479.9999981787719
Antioquia,Oriental,431,479.99999817871566
Antioquia,Oriental,432,479.99999817864665
Antioquia,Oriental,433,479.99999947988704
Antioquia,Oriental,434,479.99999947906247
Antioquia,Oriental,435,479.9999994795766
Antioquia,Oriental,436,479.9999994796424
Antioquia,Oriental,437,479.999999479594
Antioquia,Oriental,438,479.99999947958486
Antioquia,Oriental,439,479.9999994795181
Antioquia,Oriental,440,479.9999994793544
Antioquia,Oriental,441,479.99999947998924
Antioquia,Oriental,442,479.99999947956303
Antioquia,Oriental,443,479.9999994795459
Antioquia,Oriental,444,479.9999994795891
Antioquia,Oriental,445,479.9999994796731
Antioquia,Oriental,446,479.99999947974777
Antioquia,Oriental,447,479.999999480146
Antioquia,Oriental,448,479.9999994799186
Antioquia,Oriental,449,479.9999994797137
Antioquia,Oriental,450,479.99999947980376
Antioquia,Oriental,451,479.9999994799709
Antioquia,Oriental,452,479.99999947997617
Antioquia,Oriental,453,479.99999947932986
Antioquia,Oriental,454,479.99999947973305
Antioquia,Oriental,455,479.99999947996037
Antioquia,Oriental,456,479.999999479588
Antioquia,Oriental,457,479.9999981795952
Antioquia,Oriental,458,479.9999981791105
Antioquia,Oriental,459,479.9999981788473
Antioquia,Oriental,460,479.9999981784592
Antioquia,Oriental,461,479.9999981784484
Antioquia,Oriental,462,479.99999817860333
Antioquia,Oriental,463,479.99999817905814
Antioquia,Oriental,464,479.99999817914676
Antioquia,Oriental,465,479.99999817945246
Antioquia,Oriental,466,479.9999981797218
Antioquia,Oriental,467,479.999998179924
Antioquia,Oriental,468,479.99999818005193
Antioquia,Oriental,469,479.99999818026384
Antioquia,Oriental,470,479.9999981801944
Antioquia,Oriental,471,479.99999818028834
Antioquia,Oriental,472,479.9999981802279
Antioquia,Oriental,473,479.99999818036633
Antioquia,Oriental,474,479.9999981802191
Antioquia,Oriental,475,479.99999818024463
Antioquia,Oriental,476,479.9999981802201
Antioquia,Oriental,477,479.9999981804694
Antioquia,Oriental,478,479.9999981802676
Antioquia,Oriental,479,479.9999981801109
Antioquia,Oriental,480,479.99999817987543
Antioquia,Oriental,481,479.9999994793075
Antioquia,Oriental,482,479.9999994792248
Antioquia,Oriental,483,479.99999947932145
Antioquia,Oriental,484,479.99999947955666
Antioquia,Oriental,485,479.9999994796333
Antioquia,Oriental,486,479.9999994790288
Antioquia,Oriental,487,479.99999947897834
Antioquia,Oriental,488,479.99999947917115
Antioquia,Oriental,489,479.9999994793656
Antioquia,Oriental,490,479.99999947911436
Antioquia,Oriental,491,479.99999947938386
Antioquia,Oriental,492,479.99999947934555
Antioquia,Oriental,493,479.9999994799071
Antioquia,Oriental,494,479.9999994793193
Antioquia,Oriental,495,479.99999947971094
Antioquia,Oriental,496,479.9999994799227
Antioquia,Oriental,497,479.99999947911505
Antioquia,Oriental,498,479.9999994795794
Antioquia,Oriental,499,479.9999994792798
Antioquia,Oriental,500,479.9999994795668
Antioquia,Oriental,501,479.9999994793188
Antioquia,Oriental,502,479.9999994793544
Antioquia,Oriental,503,479.99999947929996
Antioquia,Oriental,504,479.99999948008195
Antioquia,Oriental,505,479.99999817834544
Antioquia,Oriental,506,479.999998177781
Antioquia,Oriental,507,479.99999817774864
Antioquia,Oriental,508,479.9999981774888
Antioquia,Oriental,509,479.99999817739064
Antioquia,Oriental,510,479.9999981775728
Antioquia,Oriental,511,479.99999817775995
Antioquia,Oriental,512,479.9999981777764
Antioquia,Oriental,513,479.9999981781699
Antioquia,Oriental,514,479.99999817850403
Antioquia,Oriental,515,479.9999981789481
Antioquia,Oriental,516,479.9999981791738
Antioquia,Oriental,517,479.9999981794733
Antioquia,Oriental,518,479.9999981793241
Antioquia,Oriental,519,479.9999981795521
Antioquia,Oriental,520,479.99999817994734
Antioquia,Oriental,521,479.99999817994234
Antioquia,Oriental,522,479.9999981798875
Antioquia,Oriental,523,479.99999817959264
Antioquia,Oriental,524,479.99999817989436
Antioquia,Oriental,525,479.99999818022945
Antioquia,Oriental,526,479.99999817999367
Antioquia,Oriental,527,479.9999981796622
Antioquia,Oriental,528,479.9999981789879
Antioquia,Oriental,529,479.99999948386915
Antioquia,Oriental,530,479.99999948424085
Antioquia,Oriental,531,479.9999994838254
Antioquia,Oriental,532,479.9999994842237
Antioquia,Oriental,533,479.99999948416905
Antioquia,Oriental,534,479.99999948442
Antioquia,Oriental,535,479.9999994845079
Antioquia,Oriental,536,479.99999948403917
Antioquia,Oriental,537,479.9999994840185
Antioquia,Oriental,538,479.9999994843362
Antioquia,Oriental,539,479.9999994837051
Antioquia,Oriental,540,479.99999948421555
Antioquia,Oriental,541,479.99999948396317
Antioquia,Oriental,542,479.9999994843289
Antioquia,Oriental,543,479.99999948426466
Antioquia,Oriental,544,479.99999948418196
Antioquia,Oriental,545,479.9999994843205
Antioquia,Oriental,546,479.99999948395777
Antioquia,Oriental,547,479.9999994840574
Antioquia,Oriental,548,479.999999483747
Antioquia,Oriental,549,479.9999994840507
Antioquia,Oriental,550,479.99999948458543
Antioquia,Oriental,551,479.99999948389984
Antioquia,Oriental,552,479.99999948414927
Antioquia,Oriental,553,479.99999832203673
Antioquia,Oriental,554,479.99999832127736
Antioquia,Oriental,555,479.99999832075986
Antioquia,Oriental,556,479.99999832045563
Antioquia,Oriental,557,479.9999983201369
Antioquia,Oriental,558,479.9999983204591
Antioquia,Oriental,559,479.999998320997
Antioquia,Oriental,560,479.9999983211304
Antioquia,Oriental,561,479.9999983217164
Antioquia,Oriental,562,479.99999832212256
Antioquia,Oriental,563,479.99999832238757
Antioquia,Oriental,564,479.99999832277075
Antioquia,Oriental,565,479.99999832273147
Antioquia,Oriental,566,479.99999832279684
Antioquia,Oriental,567,479.999998322782
Antioquia,Oriental,568,479.9999983228388
Antioquia,Oriental,569,479.9999983229794
Antioquia,Oriental,570,479.9999983228541
Antioquia,Oriental,571,479.9999983228615
Antioquia,Oriental,572,479.9999983229581
Antioquia,Oriental,573,479.999998322849
Antioquia,Oriental,574,479.9999983227687
Antioquia,Oriental,575,479.9999983227392
Antioquia,Oriental,576,479.9999983223201
Antioquia,Oriental,1345,479.9999969092706
Antioquia,Oriental,1346,479.99999690924284
Antioquia,Oriental,1347,479.99999690920777
Antioquia,Oriental,1348,479.99999690911704
Antioquia,Oriental,1349,479.9999969091199
Antioquia,Oriental,1350,479.99999690906503
Antioquia,Oriental,1351,479.99999690912995
Antioquia,Oriental,1352,479.999996909256
Antioquia,Oriental,1353,479.99999690944867
Antioquia,Oriental,1354,479.9999969096982
Antioquia,Oriental,1355,479.9999969098181
Antioquia,Oriental,1356,479.99999690979075
Antioquia,Oriental,1357,479.9999969097399
Antioquia,Oriental,1358,479.99999690967803
Antioquia,Oriental,1359,479.99999690938324
Antioquia,Oriental,1360,479.99999690936596
Antioquia,Oriental,1361,479.99999690936005
Antioquia,Oriental,1362,479.99999690940354
Antioquia,Oriental,1363,479.9999969093626
Antioquia,Oriental,1364,479.9999969094871
Antioquia,Oriental,1365,479.9999969095681
Antioquia,Oriental,1366,479.99999690949215
Antioquia,Oriental,1367,479.99999690934993
Antioquia,Oriental,1368,479.9999969093263
Antioquia,Oriental,1369,479.99999713265834
Antioquia,Oriental,1370,479.99999713197974
Antioquia,Oriental,1371,479.99999713132564
Antioquia,Oriental,1372,479.99999713091125
Antioquia,Oriental,1373,479.99999713079615
Antioquia,Oriental,1374,479.9999971309852
Antioquia,Oriental,1375,479.99999713158616
Antioquia,Oriental,1376,479.9999971317298
Antioquia,Oriental,1377,479.99999713235513
Antioquia,Oriental,1378,479.99999713291464
Antioquia,Oriental,1379,479.99999713321307
Antioquia,Oriental,1380,479.9999971334086
Antioquia,Oriental,1381,479.9999971333977
Antioquia,Oriental,1382,479.99999713326235
Antioquia,Oriental,1383,479.9999971331017
Antioquia,Oriental,1384,479.99999713331977
Antioquia,Oriental,1385,479.99999713358784
Antioquia,Oriental,1386,479.9999971335695
Antioquia,Oriental,1387,479.99999713348683
Antioquia,Oriental,1388,479.9999971338221
Antioquia,Oriental,1389,479.99999713385137
Antioquia,Oriental,1390,479.99999713375314
Antioquia,Oriental,1391,479.99999713338735
Antioquia,Oriental,1392,479.99999713313787
Antioquia,Oriental,1393,479.9999990527115
Antioquia,Oriental,1394,479.99999905246443
Antioquia,Oriental,1395,479.99999905239355
Antioquia,Oriental,1396,479.99999905251076
Antioquia,Oriental,1397,479.9999990525131
Antioquia,Oriental,1398,479.9999990529272
Antioquia,Oriental,1399,479.99999905231897
Antioquia,Oriental,1400,479.99999905235245
Antioquia,Oriental,1401,479.9999990524412
Antioquia,Oriental,1402,479.999999052471
Antioquia,Oriental,1403,479.99999905254225
Antioquia,Oriental,1404,479.99999905251224
Antioquia,Oriental,1405,479.9999990527031
Antioquia,Oriental,1406,479.99999905265736
Antioquia,Oriental,1407,479.9999990527304
Antioquia,Oriental,1408,479.99999905275666
Antioquia,Oriental,1409,479.99999905254197
Antioquia,Oriental,1410,479.9999990528751
Antioquia,Oriental,1411,479.999999052755
Antioquia,Oriental,1412,479.99999905274757
Antioquia,Oriental,1413,479.9999990526024
Antioquia,Oriental,1414,479.99999905312706
Antioquia,Oriental,1415,479.99999905246585
Antioquia,Oriental,1416,479.9999990529622
Antioquia,Oriental,1417,479.9999973530981
Antioquia,Oriental,1418,479.9999973519321
Antioquia,Oriental,1419,479.9999973512953
Antioquia,Oriental,1420,479.9999973505975
Antioquia,Oriental,1421,479.9999973503416
Antioquia,Oriental,1422,479.999997350916
Antioquia,Oriental,1423,479.999997351985
Antioquia,Oriental,1424,479.99999735176806
Antioquia,Oriental,1425,479.99999735250975
Antioquia,Oriental,1426,479.99999735309865
Antioquia,Oriental,1427,479.99999735324093
Antioquia,Oriental,1428,479.9999973535194
Antioquia,Oriental,1429,479.999997353586
Antioquia,Oriental,1430,479.9999973535706
Antioquia,Oriental,1431,479.9999973536355
Antioquia,Oriental,1432,479.9999973537367
Antioquia,Oriental,1433,479.99999735382755
Antioquia,Oriental,1434,479.9999973537897
Antioquia,Oriental,1435,479.9999973537851
Antioquia,Oriental,1436,479.9999973540787
Antioquia,Oriental,1437,479.99999735399655
Antioquia,Oriental,1438,479.99999735406175
Antioquia,Oriental,1439,479.9999973537785
Antioquia,Oriental,1440,479.9999973534387
Antioquia,Oriental,1441,479.99999905232886
Antioquia,Oriental,1442,479.999999052124
Antioquia,Oriental,1443,479.99999905208466
Antioquia,Oriental,1444,479.9999990519614
Antioquia,Oriental,1445,479.9999990520963
Antioquia,Oriental,1446,479.9999990521207
Antioquia,Oriental,1447,479.999999052361
Antioquia,Oriental,1448,479.99999905167743
Antioquia,Oriental,1449,479.99999905200264
Antioquia,Oriental,1450,479.9999990520963
Antioquia,Oriental,1451,479.9999990525699
Antioquia,Oriental,1452,479.99999905223143
Antioquia,Oriental,1453,479.9999990523929
Antioquia,Oriental,1454,479.99999905292367
Antioquia,Oriental,1455,479.99999905279105
Antioquia,Oriental,1456,479.9999990522564
Antioquia,Oriental,1457,479.9999990528028
Antioquia,Oriental,1458,479.99999905254134
Antioquia,Oriental,1459,479.99999905252514
Antioquia,Oriental,1460,479.99999905258267
Antioquia,Oriental,1461,479.99999905275047
Antioquia,Oriental,1462,479.99999905281175
Antioquia,Oriental,1463,479.9999990527414
Antioquia,Oriental,1464,479.9999990526558
Antioquia,Oriental,1465,479.9999973583534
Antioquia,Oriental,1466,479.99999735728204
Antioquia,Oriental,1467,479.99999735699714
Antioquia,Oriental,1468,479.9999973566943
Antioquia,Oriental,1469,479.9999973566658
Antioquia,Oriental,1470,479.9999973566949
Antioquia,Oriental,1471,479.9999973570171
Antioquia,Oriental,1472,479.9999973570489
Antioquia,Oriental,1473,479.9999973575821
Antioquia,Oriental,1474,479.9999973580871
Antioquia,Oriental,1475,479.9999973583501
Antioquia,Oriental,1476,479.9999973591104
Antioquia,Oriental,1477,479.9999973599435
Antioquia,Oriental,1478,479.99999736007675
Antioquia,Oriental,1479,479.9999973608584
Antioquia,Oriental,1480,479.99999736134725
Antioquia,Oriental,1481,479.99999736163096
Antioquia,Oriental,1482,479.99999736168985
Antioquia,Oriental,1483,479.9999973612487
Antioquia,Oriental,1484,479.99999736156445
Antioquia,Oriental,1485,479.9999973617932
Antioquia,Oriental,1486,479.9999973617406
Antioquia,Oriental,1487,479.99999736130803
Antioquia,Oriental,1488,479.9999973599784
Antioquia,Oriental,1489,479.99999914237924
Antioquia,Oriental,1490,479.9999991422836
Antioquia,Oriental,1491,479.9999991424279
Antioquia,Oriental,1492,479.99999914234013
Antioquia,Oriental,1493,479.99999914229653
Antioquia,Oriental,1494,479.99999914230256
Antioquia,Oriental,1495,479.99999914248576
Antioquia,Oriental,1496,479.9999991425888
Antioquia,Oriental,1497,479.99999914271183
Antioquia,Oriental,1498,479.99999914288577
Antioquia,Oriental,1499,479.99999914267397
Antioquia,Oriental,1500,479.99999914220786
Antioquia,Oriental,1501,479.99999914248366
Antioquia,Oriental,1502,479.9999991422651
Antioquia,Oriental,1503,479.9999991429458
Antioquia,Oriental,1504,479.99999914242284
Antioquia,Oriental,1505,479.9999991424824
Antioquia,Oriental,1506,479.99999914269193
Antioquia,Oriental,1507,479.9999991424562
Antioquia,Oriental,1508,479.9999991428024
Antioquia,Oriental,1509,479.99999914220496
Antioquia,Oriental,1510,479.9999991427976
Antioquia,Oriental,1511,479.99999914247945
Antioquia,Oriental,1512,479.9999991424615
Antioquia,Oriental,1513,479.99999955859
Antioquia,Oriental,1514,479.9999995589701
Antioquia,Oriental,1515,479.9999995589559
Antioquia,Oriental,1516,479.9999995589879
Antioquia,Oriental,1517,479.99999955860346
Antioquia,Oriental,1518,479.99999955848267
Antioquia,Oriental,1519,479.9999995591381
Antioquia,Oriental,1520,479.99999955877394
Antioquia,Oriental,1521,479.9999995587536
Antioquia,Oriental,1522,479.9999995587771
Antioquia,Oriental,1523,479.9999995590163
Antioquia,Oriental,1524,479.9999995589641
Antioquia,Oriental,1525,479.99999955913177
Antioquia,Oriental,1526,479.99999955878695
Antioquia,Oriental,1527,479.99999955940666
Antioquia,Oriental,1528,479.9999995585922
Antioquia,Oriental,1529,479.99999955896743
Antioquia,Oriental,1530,479.99999955891934
Antioquia,Oriental,1531,479.999999559105
Antioquia,Oriental,1532,479.99999955900256
Antioquia,Oriental,1533,479.9999995591134
Antioquia,Oriental,1534,479.99999955867213
Antioquia,Oriental,1535,479.999999559223
Antioquia,Oriental,1536,479.99999955880423
Antioquia,Oriental,2305,479.999999208567
Antioquia,Oriental,2306,479.99999920858994
Antioquia,Oriental,2307,479.9999992086691
Antioquia,Oriental,2308,479.9999992086326
Antioquia,Oriental,2309,479.9999992086412
Antioquia,Oriental,2310,479.9999992085955
Antioquia,Oriental,2311,479.99999920858966
Antioquia,Oriental,2312,479.9999992085972
Antioquia,Oriental,2313,479.9999992086232
Antioquia,Oriental,2314,479.99999920867305
Antioquia,Oriental,2315,479.99999920862206
Antioquia,Oriental,2316,479.99999920860984
Antioquia,Oriental,2317,479.99999920862837
Antioquia,Oriental,2318,479.9999992086508
Antioquia,Oriental,2319,479.99999920866145
Antioquia,Oriental,2320,479.99999920851326
Antioquia,Oriental,2321,479.9999992085515
Antioquia,Oriental,2322,479.99999920852446
Antioquia,Oriental,2323,479.99999920858346
Antioquia,Oriental,2324,479.9999992086553
Antioquia,Oriental,2325,479.99999920866975
Antioquia,Oriental,2326,479.9999992086505
Antioquia,Oriental,2327,479.99999920860074
Antioquia,Oriental,2328,479.9999992085198
Antioquia,Oriental,2329,479.9999984429205
Antioquia,Oriental,2330,479.9999984429206
Antioquia,Oriental,2331,479.99999844292125
Antioquia,Oriental,2332,479.9999984429212
Antioquia,Oriental,2333,479.9999984429142
Antioquia,Oriental,2334,479.9999984429071
Antioquia,Oriental,2335,479.9999984428988
Antioquia,Oriental,2336,479.9999984428792
Antioquia,Oriental,2337,479.99999844285685
Antioquia,Oriental,2338,479.99999844285276
Antioquia,Oriental,2339,479.9999984428549
Antioquia,Oriental,2340,479.99999844286054
Antioquia,Oriental,2341,479.99999844287805
Antioquia,Oriental,2342,479.9999984428932
Antioquia,Oriental,2343,479.99999844291784
Antioquia,Oriental,2344,479.9999984429225
Antioquia,Oriental,2345,479.9999984429247
Antioquia,Oriental,2346,479.99999844293745
Antioquia,Oriental,2347,479.9999984429505
Antioquia,Oriental,2348,479.9999984429402
Antioquia,Oriental,2349,479.9999984429533
Antioquia,Oriental,2350,479.99999844292574
Antioquia,Oriental,2351,479.99999844291796
Antioquia,Oriental,2352,479.9999984429073
Antioquia,Oriental,2353,479.9999989778523
Antioquia,Oriental,2354,479.9999989778764
Antioquia,Oriental,2355,479.99999897782413
Antioquia,Oriental,2356,479.99999897764536
Antioquia,Oriental,2357,479.99999897799273
Antioquia,Oriental,2358,479.9999989776884
Antioquia,Oriental,2359,479.99999897780225
Antioquia,Oriental,2360,479.99999897762314
Antioquia,Oriental,2361,479.9999989777346
Antioquia,Oriental,2362,479.9999989776689
Antioquia,Oriental,2363,479.99999897768686
Antioquia,Oriental,2364,479.99999897786444
Antioquia,Oriental,2365,479.9999989777163
Antioquia,Oriental,2366,479.9999989776445
Antioquia,Oriental,2367,479.9999989776086
Antioquia,Oriental,2368,479.9999989774935
Antioquia,Oriental,2369,479.9999989776303
Antioquia,Oriental,2370,479.99999897775314
Antioquia,Oriental,2371,479.9999989778622
Antioquia,Oriental,2372,479.99999897782453
Antioquia,Oriental,2373,479.9999989778213
Antioquia,Oriental,2374,479.99999897752184
Antioquia,Oriental,2375,479.9999989774953
Antioquia,Oriental,2376,479.99999897775285
Antioquia,Oriental,2377,479.99999875481336
Antioquia,Oriental,2378,479.9999987547696
Antioquia,Oriental,2379,479.99999875480273
Antioquia,Oriental,2380,479.9999987547657
Antioquia,Oriental,2381,479.9999987546827
Antioquia,Oriental,2382,479.99999875466796
Antioquia,Oriental,2383,479.9999987546365
Antioquia,Oriental,2384,479.9999987544867
Antioquia,Oriental,2385,479.99999875448697
Antioquia,Oriental,2386,479.9999987545208
Antioquia,Oriental,2387,479.9999987545016
Antioquia,Oriental,2388,479.9999987545718
Antioquia,Oriental,2389,479.9999987546308
Antioquia,Oriental,2390,479.9999987546685
Antioquia,Oriental,2391,479.9999987547757
Antioquia,Oriental,2392,479.99999875475754
Antioquia,Oriental,2393,479.99999875480665
Antioquia,Oriental,2394,479.9999987548599
Antioquia,Oriental,2395,479.99999875486486
Antioquia,Oriental,2396,479.99999875488083
Antioquia,Oriental,2397,479.9999987548703
Antioquia,Oriental,2398,479.9999987548631
Antioquia,Oriental,2399,479.99999875485526
Antioquia,Oriental,2400,479.99999875481046
Antioquia,Oriental,2401,479.99999903493006
Antioquia,Oriental,2402,479.9999990346582
Antioquia,Oriental,2403,479.9999990345727
Antioquia,Oriental,2404,479.99999903470194
Antioquia,Oriental,2405,479.9999990346241
Antioquia,Oriental,2406,479.999999034799
Antioquia,Oriental,2407,479.99999903451646
Antioquia,Oriental,2408,479.9999990345097
Antioquia,Oriental,2409,479.99999903468324
Antioquia,Oriental,2410,479.9999990343824
Antioquia,Oriental,2411,479.99999903461793
Antioquia,Oriental,2412,479.99999903445433
Antioquia,Oriental,2413,479.99999903440244
Antioquia,Oriental,2414,479.99999903450913
Antioquia,Oriental,2415,479.99999903502845
Antioquia,Oriental,2416,479.9999990346617
Antioquia,Oriental,2417,479.9999990345366
Antioquia,Oriental,2418,479.99999903494125
Antioquia,Oriental,2419,479.9999990348971
Antioquia,Oriental,2420,479.9999990349032
Antioquia,Oriental,2421,479.99999903515464
Antioquia,Oriental,2422,479.99999903503846
Antioquia,Oriental,2423,479.99999903503885
Antioquia,Oriental,2424,479.99999903499344
Antioquia,Oriental,2425,479.9999974922337
Antioquia,Oriental,2426,479.9999974921308
Antioquia,Oriental,2427,479.9999974911908
Antioquia,Oriental,2428,479.9999974906802
Antioquia,Oriental,2429,479.9999974904171
Antioquia,Oriental,2430,479.99999749047254
Antioquia,Oriental,2431,479.9999974903733
Antioquia,Oriental,2432,479.99999749003973
Antioquia,Oriental,2433,479.9999974899408
Antioquia,Oriental,2434,479.9999974899188
Antioquia,Oriental,2435,479.9999974898465
Antioquia,Oriental,2436,479.9999974899279
Antioquia,Oriental,2437,479.9999974900408
Antioquia,Oriental,2438,479.9999974901984
Antioquia,Oriental,2439,479.9999974904756
Antioquia,Oriental,2440,479.99999749171826
Antioquia,Oriental,2441,479.99999749296364
Antioquia,Oriental,2442,479.9999974933385
Antioquia,Oriental,2443,479.9999974935146
Antioquia,Oriental,2444,479.99999749356834
Antioquia,Oriental,2445,479.9999974936514
Antioquia,Oriental,2446,479.99999749354987
Antioquia,Oriental,2447,479.9999974934889
Antioquia,Oriental,2448,479.9999974932588
Antioquia,Oriental,2449,479.9999991280904
Antioquia,Oriental,2450,479.9999991280225
Antioquia,Oriental,2451,479.99999912830293
Antioquia,Oriental,2452,479.99999912846573
Antioquia,Oriental,2453,479.99999912813496
Antioquia,Oriental,2454,479.9999991280367
Antioquia,Oriental,2455,479.99999912826365
Antioquia,Oriental,2456,479.9999991281102
Antioquia,Oriental,2457,479.99999912799575
Antioquia,Oriental,2458,479.9999991279151
Antioquia,Oriental,2459,479.9999991278233
Antioquia,Oriental,2460,479.99999912827263
Antioquia,Oriental,2461,479.99999912804634
Antioquia,Oriental,2462,479.9999991276036
Antioquia,Oriental,2463,479.9999991282276
Antioquia,Oriental,2464,479.9999991279888
Antioquia,Oriental,2465,479.99999912812723
Antioquia,Oriental,2466,479.99999912818527
Antioquia,Oriental,2467,479.99999912843526
Antioquia,Oriental,2468,479.9999991283195
Antioquia,Oriental,2469,479.9999991283039
Antioquia,Oriental,2470,479.99999912807664
Antioquia,Oriental,2471,479.9999991281229
Antioquia,Oriental,2472,479.99999912826945
Antioquia,Oriental,2473,479.99999933003477
Antioquia,Oriental,2474,479.99999933014294
Antioquia,Oriental,2475,479.99999933024543
Antioquia,Oriental,2476,479.99999933005444
Antioquia,Oriental,2477,479.9999993300697
Antioquia,Oriental,2478,479.99999932998196
Antioquia,Oriental,2479,479.9999993299744
Antioquia,Oriental,2480,479.99999933006956
Antioquia,Oriental,2481,479.99999933009315
Antioquia,Oriental,2482,479.99999933007825
Antioquia,Oriental,2483,479.9999993300028
Antioquia,Oriental,2484,479.9999993300317
Antioquia,Oriental,2485,479.99999933009116
Antioquia,Oriental,2486,479.9999993299252
Antioquia,Oriental,2487,479.99999933016505
Antioquia,Oriental,2488,479.99999933014834
Antioquia,Oriental,2489,479.9999993298836
Antioquia,Oriental,2490,479.99999933028147
Antioquia,Oriental,2491,479.9999993299965
Antioquia,Oriental,2492,479.9999993299903
Antioquia,Oriental,2493,479.99999933005836
Antioquia,Oriental,2494,479.99999933000987
Antioquia,Oriental,2495,479.99999933002107
Antioquia,Oriental,2496,479.9999993301781
Antioquia,Oriental,3265,1219.3537679468398
Antioquia,Oriental,3266,1219.3537679471635
Antioquia,Oriental,3267,1219.3537679470685
Antioquia,Oriental,3268,1219.3537679473313
Antioquia,Oriental,3269,1219.3537679471629
Antioquia,Oriental,3270,1219.3537679469894
Antioquia,Oriental,3271,1219.353767946979
Antioquia,Oriental,3272,1219.353767947002
Antioquia,Oriental,3273,1219.3537679466822
Antioquia,Oriental,3274,1219.353767946701
Antioquia,Oriental,3275,1219.3537679467606
Antioquia,Oriental,3276,1219.3537679465724
Antioquia,Oriental,3277,1219.3537679472809
Antioquia,Oriental,3278,1219.353767946677
Antioquia,Oriental,3279,1219.353767946891
Antioquia,Oriental,3280,1219.3537679465146
Antioquia,Oriental,3281,1219.3537679469766
Antioquia,Oriental,3282,1219.353767947271
Antioquia,Oriental,3283,1219.353767946978
Antioquia,Oriental,3284,1219.3537679470026
Antioquia,Oriental,3285,1219.3537679470473
Antioquia,Oriental,3286,1219.3537679470626
Antioquia,Oriental,3287,1219.353767946632
Antioquia,Oriental,3288,1219.3537679468914
Antioquia,Oriental,3289,1219.3536715768346
Antioquia,Oriental,3290,1219.3536715678492
Antioquia,Oriental,3291,1219.353671565084
Antioquia,Oriental,3292,1219.3536715576874
Antioquia,Oriental,3293,1219.3536715532089
Antioquia,Oriental,3294,1219.3536715472783
Antioquia,Oriental,3295,1219.3536715075097
Antioquia,Oriental,3296,1219.3536712630867
Antioquia,Oriental,3297,1219.3536708690783
Antioquia,Oriental,3298,1219.3536702485187
Antioquia,Oriental,3299,1219.3536691612767
Antioquia,Oriental,3300,1219.3536684706753
Antioquia,Oriental,3301,1219.3536702060424
Antioquia,Oriental,3302,1219.3536709532093
Antioquia,Oriental,3303,1219.3536712606274
Antioquia,Oriental,3304,1219.3536714594015
Antioquia,Oriental,3305,1219.35367154553
Antioquia,Oriental,3306,1219.3536715918228
Antioquia,Oriental,3307,1219.353671612364
Antioquia,Oriental,3308,1219.3536716541175
Antioquia,Oriental,3309,1219.3536716979618
Antioquia,Oriental,3310,1219.3536716645847
Antioquia,Oriental,3311,1219.3536716164929
Antioquia,Oriental,3312,1219.353671584753
Antioquia,Oriental,3313,1219.3537673820074
Antioquia,Oriental,3314,1219.3537673827361
Antioquia,Oriental,3315,1219.3537673839019
Antioquia,Oriental,3316,1219.3537673842045
Antioquia,Oriental,3317,1219.3537673824185
Antioquia,Oriental,3318,1219.3537673826843
Antioquia,Oriental,3319,1219.3537673817166
Antioquia,Oriental,3320,1219.3537673818564
Antioquia,Oriental,3321,1219.353767382711
Antioquia,Oriental,3322,1219.353767381707
Antioquia,Oriental,3323,1219.3537673813337
Antioquia,Oriental,3324,1219.3537673813812
Antioquia,Oriental,3325,1219.353767382955
Antioquia,Oriental,3326,1219.35376738114
Antioquia,Oriental,3327,1219.353767381495
Antioquia,Oriental,3328,1219.3537673819658
Antioquia,Oriental,3329,1219.3537673809228
Antioquia,Oriental,3330,1219.3537673823014
Antioquia,Oriental,3331,1219.3537673825588
Antioquia,Oriental,3332,1219.3537673841442
Antioquia,Oriental,3333,1219.3537673824344
Antioquia,Oriental,3334,1219.353767381415
Antioquia,Oriental,3335,1219.3537673824744
Antioquia,Oriental,3336,1219.3537673824198
Antioquia,Oriental,3337,1219.3537673919088
Antioquia,Oriental,3338,1219.353767391607
Antioquia,Oriental,3339,1219.353767391764
Antioquia,Oriental,3340,1219.3537673920591
Antioquia,Oriental,3341,1219.3537673916765
Antioquia,Oriental,3342,1219.3537673916371
Antioquia,Oriental,3343,1219.3537673916344
Antioquia,Oriental,3344,1219.3537673909166
Antioquia,Oriental,3345,1219.3537673900992
Antioquia,Oriental,3346,1219.3537673873436
Antioquia,Oriental,3347,1219.353767020629
Antioquia,Oriental,3348,1219.3537670203423
Antioquia,Oriental,3349,1219.3537670211485
Antioquia,Oriental,3350,1219.3537673898336
Antioquia,Oriental,3351,1219.35376739072
Antioquia,Oriental,3352,1219.3537673919536
Antioquia,Oriental,3353,1219.3537673916558
Antioquia,Oriental,3354,1219.3537673916744
Antioquia,Oriental,3355,1219.3537673919664
Antioquia,Oriental,3356,1219.3537673917797
Antioquia,Oriental,3357,1219.3537673921003
Antioquia,Oriental,3358,1219.3537673919216
Antioquia,Oriental,3359,1219.353767391911
Antioquia,Oriental,3360,1219.353767391963
Antioquia,Oriental,3361,1219.3537673872713
Antioquia,Oriental,3362,1219.353767386689
Antioquia,Oriental,3363,1219.353767384519
Antioquia,Oriental,3364,1219.3537673855585
Antioquia,Oriental,3365,1219.3537673845801
Antioquia,Oriental,3366,1219.3537673832525
Antioquia,Oriental,3367,1219.353767384695
Antioquia,Oriental,3368,1219.3537673842266
Antioquia,Oriental,3369,1219.3537673840067
Antioquia,Oriental,3370,1219.3537673827016
Antioquia,Oriental,3371,1219.3537673824862
Antioquia,Oriental,3372,1219.3537673829046
Antioquia,Oriental,3373,1219.3537673837286
Antioquia,Oriental,3374,1219.3537673839157
Antioquia,Oriental,3375,1219.3537673860383
Antioquia,Oriental,3376,1219.353767385152
Antioquia,Oriental,3377,1219.3537673860958
Antioquia,Oriental,3378,1219.3537673863336
Antioquia,Oriental,3379,1219.353767385842
Antioquia,Oriental,3380,1219.3537673858457
Antioquia,Oriental,3381,1219.3537673891522
Antioquia,Oriental,3382,1219.3537673878966
Antioquia,Oriental,3383,1219.353767387515
Antioquia,Oriental,3384,1219.3537673864623
Antioquia,Oriental,3385,1219.3537639462756
Antioquia,Oriental,3386,1219.35376394621
Antioquia,Oriental,3387,1219.35376394142
Antioquia,Oriental,3388,1219.353763937198
Antioquia,Oriental,3389,1219.3537639352112
Antioquia,Oriental,3390,1219.3537639354977
Antioquia,Oriental,3391,1219.353763932883
Antioquia,Oriental,3392,1219.3537639306887
Antioquia,Oriental,3393,1219.3537639293827
Antioquia,Oriental,3394,1219.3537639284914
Antioquia,Oriental,3395,1219.3537639266108
Antioquia,Oriental,3396,1219.3537639267586
Antioquia,Oriental,3397,1219.3537639273782
Antioquia,Oriental,3398,1219.3537639281953
Antioquia,Oriental,3399,1219.3537639295014
Antioquia,Oriental,3400,1219.3537639323838
Antioquia,Oriental,3401,1219.3537639449744
Antioquia,Oriental,3402,1219.3537639471776
Antioquia,Oriental,3403,1219.3537639476583
Antioquia,Oriental,3404,1219.3537639478634
Antioquia,Oriental,3405,1219.353763947396
Antioquia,Oriental,3406,1219.3537639479666
Antioquia,Oriental,3407,1219.3537639477909
Antioquia,Oriental,3408,1219.3537639473977
Antioquia,Oriental,3409,1219.3537678192295
Antioquia,Oriental,3410,1219.3537678188595
Antioquia,Oriental,3411,1219.3537678185244
Antioquia,Oriental,3412,1219.35376781839
Antioquia,Oriental,3413,1219.3537678196765
Antioquia,Oriental,3414,1219.3537678191858
Antioquia,Oriental,3415,1219.3537678187206
Antioquia,Oriental,3416,1219.353767818965
Antioquia,Oriental,3417,1219.3537678178907
Antioquia,Oriental,3418,1219.3537678192822
Antioquia,Oriental,3419,1219.3537678180364
Antioquia,Oriental,3420,1219.3537678180073
Antioquia,Oriental,3421,1219.353767816621
Antioquia,Oriental,3422,1219.353767817954
Antioquia,Oriental,3423,1219.35376781776
Antioquia,Oriental,3424,1219.3537678188347
Antioquia,Oriental,3425,1219.3537678188275
Antioquia,Oriental,3426,1219.3537678184189
Antioquia,Oriental,3427,1219.3537678193568
Antioquia,Oriental,3428,1219.3537678194198
Antioquia,Oriental,3429,1219.3537678180205
Antioquia,Oriental,3430,1219.3537678196337
Antioquia,Oriental,3431,1219.353767818156
Antioquia,Oriental,3432,1219.353767819101
Antioquia,Oriental,3433,1219.3537681034638
Antioquia,Oriental,3434,1219.353768104645
Antioquia,Oriental,3435,1219.3537681024577
Antioquia,Oriental,3436,1219.3537681040716
Antioquia,Oriental,3437,1219.3537681039938
Antioquia,Oriental,3438,1219.3537681042746
Antioquia,Oriental,3439,1219.3537681028888
Antioquia,Oriental,3440,1219.353768100913
Antioquia,Oriental,3441,1219.3537681037317
Antioquia,Oriental,3442,1219.3537681014939
Antioquia,Oriental,3443,1219.3537680077789
Antioquia,Oriental,3444,1219.353768098205
Antioquia,Oriental,3445,1219.3537680997797
Antioquia,Oriental,3446,1219.353768103621
Antioquia,Oriental,3447,1219.3537681033433
Antioquia,Oriental,3448,1219.3537681028088
Antioquia,Oriental,3449,1219.353768103565
Antioquia,Oriental,3450,1219.3537681019736
Antioquia,Oriental,3451,1219.3537681037608
Antioquia,Oriental,3452,1219.3537681025668
Antioquia,Oriental,3453,1219.3537681026653
Antioquia,Oriental,3454,1219.353768103768
Antioquia,Oriental,3455,1219.3537681027547
Antioquia,Oriental,3456,1219.3537681018872
Antioquia,Oriental,4225,1669.9430734119871
Antioquia,Oriental,4226,1669.9430734137966
Antioquia,Oriental,4227,1669.943073413597
Antioquia,Oriental,4228,1669.9430734140956
Antioquia,Oriental,4229,1669.94307341103
Antioquia,Oriental,4230,1669.9430734126042
Antioquia,Oriental,4231,1669.9430734140067
Antioquia,Oriental,4232,1669.943073413029
Antioquia,Oriental,4233,1669.9430734120754
Antioquia,Oriental,4234,1669.943073413639
Antioquia,Oriental,4235,1669.9430733969448
Antioquia,Oriental,4236,1669.9430733959152
Antioquia,Oriental,4237,1669.9430734130722
Antioquia,Oriental,4238,1669.9430734129496
Antioquia,Oriental,4239,1669.9430734129232
Antioquia,Oriental,4240,1669.9430734124453
Antioquia,Oriental,4241,1669.9430734124471
Antioquia,Oriental,4242,1669.9430734140067
Antioquia,Oriental,4243,1669.9430734144028
Antioquia,Oriental,4244,1669.9430734140967
Antioquia,Oriental,4245,1669.9430734126781
Antioquia,Oriental,4246,1669.9430734142952
Antioquia,Oriental,4247,1669.9430734146692
Antioquia,Oriental,4248,1669.9430734141738
Antioquia,Oriental,4249,1669.9430722320392
Antioquia,Oriental,4250,1669.9430722319132
Antioquia,Oriental,4251,1669.9430722319007
Antioquia,Oriental,4252,1669.9430722316472
Antioquia,Oriental,4253,1669.9430722314478
Antioquia,Oriental,4254,1669.9430722315044
Antioquia,Oriental,4255,1669.9430722308134
Antioquia,Oriental,4256,1669.9430722236168
Antioquia,Oriental,4257,1669.9429602309174
Antioquia,Oriental,4258,1669.9429552289391
Antioquia,Oriental,4259,1669.942953117583
Antioquia,Oriental,4260,1669.942952573341
Antioquia,Oriental,4261,1669.9429545672372
Antioquia,Oriental,4262,1669.9429572118531
Antioquia,Oriental,4263,1669.9430722201719
Antioquia,Oriental,4264,1669.9430722285754
Antioquia,Oriental,4265,1669.9430722313625
Antioquia,Oriental,4266,1669.9430722320512
Antioquia,Oriental,4267,1669.9430722322077
Antioquia,Oriental,4268,1669.943072233065
Antioquia,Oriental,4269,1669.9430722339455
Antioquia,Oriental,4270,1669.943072233505
Antioquia,Oriental,4271,1669.9430722326827
Antioquia,Oriental,4272,1669.9430722323086
Antioquia,Oriental,4273,1669.9430727086576
Antioquia,Oriental,4274,1669.943072709737
Antioquia,Oriental,4275,1669.943072708473
Antioquia,Oriental,4276,1669.9430727078252
Antioquia,Oriental,4277,1669.943072709168
Antioquia,Oriental,4278,1669.9430727083334
Antioquia,Oriental,4279,1669.943072707705
Antioquia,Oriental,4280,1669.9430727076137
Antioquia,Oriental,4281,1669.9430727030672
Antioquia,Oriental,4282,1669.9430727051044
Antioquia,Oriental,4283,1669.9430727031493
Antioquia,Oriental,4284,1669.943072703568
Antioquia,Oriental,4285,1669.9430727051677
Antioquia,Oriental,4286,1669.9430727039958
Antioquia,Oriental,4287,1669.943072705873
Antioquia,Oriental,4288,1669.9430727065185
Antioquia,Oriental,4289,1669.9430727062224
Antioquia,Oriental,4290,1669.9430727071945
Antioquia,Oriental,4291,1669.9430727054228
Antioquia,Oriental,4292,1669.9430727079825
Antioquia,Oriental,4293,1669.9430727117538
Antioquia,Oriental,4294,1669.9430727079518
Antioquia,Oriental,4295,1669.9430727072402
Antioquia,Oriental,4296,1669.943072704881
Antioquia,Oriental,4297,1669.9430733776783
Antioquia,Oriental,4298,1669.9430733778418
Antioquia,Oriental,4299,1669.9430733776587
Antioquia,Oriental,4300,1669.9430733775748
Antioquia,Oriental,4301,1669.9430733770118
Antioquia,Oriental,4302,1669.943073377391
Antioquia,Oriental,4303,1669.9430733775116
Antioquia,Oriental,4304,1669.9430722361792
Antioquia,Oriental,4305,1669.9429588699095
Antioquia,Oriental,4306,1669.9429566529536
Antioquia,Oriental,4307,1669.9429552400395
Antioquia,Oriental,4308,1669.9429551000862
Antioquia,Oriental,4309,1669.9429563509618
Antioquia,Oriental,4310,1669.9429587790905
Antioquia,Oriental,4311,1669.9430722322195
Antioquia,Oriental,4312,1669.9430733743275
Antioquia,Oriental,4313,1669.943073377318
Antioquia,Oriental,4314,1669.9430733773793
Antioquia,Oriental,4315,1669.9430733773345
Antioquia,Oriental,4316,1669.9430733776928
Antioquia,Oriental,4317,1669.9430733773652
Antioquia,Oriental,4318,1669.9430733776715
Antioquia,Oriental,4319,1669.9430733776549
Antioquia,Oriental,4320,1669.9430733778154
Antioquia,Oriental,4321,1669.9430727457918
Antioquia,Oriental,4322,1669.9430727466554
Antioquia,Oriental,4323,1669.943072743435
Antioquia,Oriental,4324,1669.9430727470356
Antioquia,Oriental,4325,1669.9430727428469
Antioquia,Oriental,4326,1669.9430727430952
Antioquia,Oriental,4327,1669.9430727427869
Antioquia,Oriental,4328,1669.943072738695
Antioquia,Oriental,4329,1669.9430727426754
Antioquia,Oriental,4330,1669.9430727401138
Antioquia,Oriental,4331,1669.943072740177
Antioquia,Oriental,4332,1669.9430727384606
Antioquia,Oriental,4333,1669.943072738566
Antioquia,Oriental,4334,1669.9430727394106
Antioquia,Oriental,4335,1669.9430727411575
Antioquia,Oriental,4336,1669.943072743496
Antioquia,Oriental,4337,1669.943072745031
Antioquia,Oriental,4338,1669.943072743415
Antioquia,Oriental,4339,1669.9430727442368
Antioquia,Oriental,4340,1669.9430727453962
Antioquia,Oriental,4341,1669.9430727484232
Antioquia,Oriental,4342,1669.9430727471743
Antioquia,Oriental,4343,1669.9430727447846
Antioquia,Oriental,4344,1669.9430727447682
Antioquia,Oriental,4345,1669.9430733778672
Antioquia,Oriental,4346,1669.943073377902
Antioquia,Oriental,4347,1669.9430733774304
Antioquia,Oriental,4348,1669.9430733555407
Antioquia,Oriental,4349,1669.943072240484
Antioquia,Oriental,4350,1669.9430722382178
Antioquia,Oriental,4351,1669.9430722349443
Antioquia,Oriental,4352,1669.9429580118192
Antioquia,Oriental,4353,1669.9429572817105
Antioquia,Oriental,4354,1669.942956102456
Antioquia,Oriental,4355,1669.9429551001183
Antioquia,Oriental,4356,1669.9429549010786
Antioquia,Oriental,4357,1669.942955797255
Antioquia,Oriental,4358,1669.9429570117916
Antioquia,Oriental,4359,1669.9429578160282
Antioquia,Oriental,4360,1669.9429691082366
Antioquia,Oriental,4361,1669.9430722376212
Antioquia,Oriental,4362,1669.943073377956
Antioquia,Oriental,4363,1669.9430733775282
Antioquia,Oriental,4364,1669.9430733780184
Antioquia,Oriental,4365,1669.9430733783101
Antioquia,Oriental,4366,1669.9430733781078
Antioquia,Oriental,4367,1669.9430733780505
Antioquia,Oriental,4368,1669.9430733777124
Antioquia,Oriental,4369,1669.9430735673122
Antioquia,Oriental,4370,1669.943073564512
Antioquia,Oriental,4371,1669.9430735605085
Antioquia,Oriental,4372,1669.943073555851
Antioquia,Oriental,4373,1669.9430735618553
Antioquia,Oriental,4374,1669.9430735662893
Antioquia,Oriental,4375,1669.9430735656824
Antioquia,Oriental,4376,1669.943073558921
Antioquia,Oriental,4377,1669.943073568026
Antioquia,Oriental,4378,1669.9430735619426
Antioquia,Oriental,4379,1669.9430735598341
Antioquia,Oriental,4380,1669.943073562314
Antioquia,Oriental,4381,1669.9430735551366
Antioquia,Oriental,4382,1669.943073564208
Antioquia,Oriental,4383,1669.9430735617168
Antioquia,Oriental,4384,1669.94307356518
Antioquia,Oriental,4385,1669.9430735647159
Antioquia,Oriental,4386,1669.9430735631881
Antioquia,Oriental,4387,1669.9430735647236
Antioquia,Oriental,4388,1669.9430735644703
Antioquia,Oriental,4389,1669.9430735591795
Antioquia,Oriental,4390,1669.9430735637586
Antioquia,Oriental,4391,1669.9430735656756
Antioquia,Oriental,4392,1669.943073564353
Antioquia,Oriental,4393,1669.943072906613
Antioquia,Oriental,4394,1669.9430729065173
Antioquia,Oriental,4395,1669.943072906342
Antioquia,Oriental,4396,1669.9430729066453
Antioquia,Oriental,4397,1669.9430729065598
Antioquia,Oriental,4398,1669.943072906225
Antioquia,Oriental,4399,1669.943072903999
Antioquia,Oriental,4400,1669.9430728908155
Antioquia,Oriental,4401,1669.9430716708528
Antioquia,Oriental,4402,1669.9430674222685
Antioquia,Oriental,4403,1669.9430674001937
Antioquia,Oriental,4404,1669.9430673991124
Antioquia,Oriental,4405,1669.9430674202292
Antioquia,Oriental,4406,1669.9430716664071
Antioquia,Oriental,4407,1669.9430728353193
Antioquia,Oriental,4408,1669.9430729003134
Antioquia,Oriental,4409,1669.9430729064072
Antioquia,Oriental,4410,1669.9430729064884
Antioquia,Oriental,4411,1669.9430729067008
Antioquia,Oriental,4412,1669.9430729068727
Antioquia,Oriental,4413,1669.9430729065361
Antioquia,Oriental,4414,1669.9430729069204
Antioquia,Oriental,4415,1669.9430729067537
Antioquia,Oriental,4416,1669.9430729064497
Antioquia,Oriental,5185,2734.96571937097
Antioquia,Oriental,5186,2734.965719372773
Antioquia,Oriental,5187,2734.9657193648322
Antioquia,Oriental,5188,2734.9657193711446
Antioquia,Oriental,5189,2734.965719376653
Antioquia,Oriental,5190,2734.9657193696244
Antioquia,Oriental,5191,2734.965719377439
Antioquia,Oriental,5192,2734.9657193803773
Antioquia,Oriental,5193,2734.9657193771054
Antioquia,Oriental,5194,2734.9657193765497
Antioquia,Oriental,5195,2734.9657193676926
Antioquia,Oriental,5196,2734.965719369403
Antioquia,Oriental,5197,2734.965719364575
Antioquia,Oriental,5198,2734.9657193767343
Antioquia,Oriental,5199,2734.965719377343
Antioquia,Oriental,5200,2734.965719378441
Antioquia,Oriental,5201,2734.9657193741577
Antioquia,Oriental,5202,2734.9657193653024
Antioquia,Oriental,5203,2734.9657193720427
Antioquia,Oriental,5204,2734.9657193818966
Antioquia,Oriental,5205,2734.965719374065
Antioquia,Oriental,5206,2734.965719373802
Antioquia,Oriental,5207,2734.965719369431
Antioquia,Oriental,5208,2734.965719362483
Antioquia,Oriental,5209,2734.965714882252
Antioquia,Oriental,5210,2734.9657150931166
Antioquia,Oriental,5211,2734.9657150965113
Antioquia,Oriental,5212,2734.965715092885
Antioquia,Oriental,5213,2734.965715092335
Antioquia,Oriental,5214,2734.9657150950525
Antioquia,Oriental,5215,2734.9657150962385
Antioquia,Oriental,5216,2734.9657150775315
Antioquia,Oriental,5217,2734.965714715257
Antioquia,Oriental,5218,2734.9656985818365
Antioquia,Oriental,5219,2557.2167263665096
Antioquia,Oriental,5220,2587.875686078353
Antioquia,Oriental,5221,2734.9657145191454
Antioquia,Oriental,5222,2734.965714714086
Antioquia,Oriental,5223,2734.9657151151905
Antioquia,Oriental,5224,2734.9657151188003
Antioquia,Oriental,5225,2734.965715000582
Antioquia,Oriental,5226,2734.9657150203457
Antioquia,Oriental,5227,2734.965714946119
Antioquia,Oriental,5228,2734.9657151126457
Antioquia,Oriental,5229,2734.9657151201313
Antioquia,Oriental,5230,2734.9657151087076
Antioquia,Oriental,5231,2734.9657150229687
Antioquia,Oriental,5232,2734.965714830118
Antioquia,Oriental,5233,2734.9657041110977
Antioquia,Oriental,5234,2734.9657041233513
Antioquia,Oriental,5235,2734.96570412074
Antioquia,Oriental,5236,2734.965704121518
Antioquia,Oriental,5237,2734.9657041137875
Antioquia,Oriental,5238,2734.9657041242203
Antioquia,Oriental,5239,2734.965704123709
Antioquia,Oriental,5240,2734.96570407868
Antioquia,Oriental,5241,2674.5006582638885
Antioquia,Oriental,5242,2417.57412468724
Antioquia,Oriental,5243,2175.357622773147
Antioquia,Oriental,5244,2237.5664562997504
Antioquia,Oriental,5245,2505.9167713502775
Antioquia,Oriental,5246,2734.9657038256014
Antioquia,Oriental,5247,2734.9657041424916
Antioquia,Oriental,5248,2734.9657041369464
Antioquia,Oriental,5249,2734.965704117412
Antioquia,Oriental,5250,2734.96570413207
Antioquia,Oriental,5251,2734.965704125948
Antioquia,Oriental,5252,2734.965719570031
Antioquia,Oriental,5253,2734.965719575475
Antioquia,Oriental,5254,2734.965719578176
Antioquia,Oriental,5255,2734.9657041306223
Antioquia,Oriental,5256,2734.96570411522
Antioquia,Oriental,5257,2734.9657157593715
Antioquia,Oriental,5258,2682.468778887215
Antioquia,Oriental,5259,2582.5502248240996
Antioquia,Oriental,5260,2524.882269044047
Antioquia,Oriental,5261,2505.916612358687
Antioquia,Oriental,5262,2556.4000363795226
Antioquia,Oriental,5263,2601.714110014872
Antioquia,Oriental,5264,2489.2179892028294
Antioquia,Oriental,5265,2396.6952627490377
Antioquia,Oriental,5266,2033.278294813873
Antioquia,Oriental,5267,1995.3730978648073
Antioquia,Oriental,5268,2095.000080790152
Antioquia,Oriental,5269,2248.5434993449976
Antioquia,Oriental,5270,2621.425440723196
Antioquia,Oriental,5271,2654.21438951502
Antioquia,Oriental,5272,2734.965715773519
Antioquia,Oriental,5273,2734.9657157648057
Antioquia,Oriental,5274,2734.96571575758
Antioquia,Oriental,5275,2734.965715756685
Antioquia,Oriental,5276,2734.965715750048
Antioquia,Oriental,5277,2734.9657157617335
Antioquia,Oriental,5278,2734.9657157524316
Antioquia,Oriental,5279,2734.9657157489987
Antioquia,Oriental,5280,2734.9657157573633
Antioquia,Oriental,5281,2734.9657195990985
Antioquia,Oriental,5282,2557.074244833869
Antioquia,Oriental,5283,2434.020087583998
Antioquia,Oriental,5284,2373.239742735596
Antioquia,Oriental,5285,2347.9601701490637
Antioquia,Oriental,5286,2354.026221183557
Antioquia,Oriental,5287,2345.209241329918
Antioquia,Oriental,5288,2069.087394652834
Antioquia,Oriental,5289,1888.4899517945466
Antioquia,Oriental,5290,2157.0672343496685
Antioquia,Oriental,5291,2163.8617741891276
Antioquia,Oriental,5292,2226.3037710485223
Antioquia,Oriental,5293,2365.690913876483
Antioquia,Oriental,5294,2159.8388662549823
Antioquia,Oriental,5295,2490.105894875992
Antioquia,Oriental,5296,2717.4160172273023
Antioquia,Oriental,5297,2734.965719625123
Antioquia,Oriental,5298,2734.9657196238086
Antioquia,Oriental,5299,2734.9657196169546
Antioquia,Oriental,5300,2734.9657197661854
Antioquia,Oriental,5301,2734.9657198007985
Antioquia,Oriental,5302,2734.9657197668416
Antioquia,Oriental,5303,2734.9657196393146
Antioquia,Oriental,5304,2734.9657196206554
Antioquia,Oriental,5305,2623.4147156850595
Antioquia,Oriental,5306,2489.246970625085
Antioquia,Oriental,5307,2458.799268497558
Antioquia,Oriental,5308,2452.40392594747
Antioquia,Oriental,5309,2442.5126453768303
Antioquia,Oriental,5310,2454.045041123679
Antioquia,Oriental,5311,2452.246953581505
Antioquia,Oriental,5312,2422.497019930097
Antioquia,Oriental,5313,2468.3705395977213
Antioquia,Oriental,5314,2380.056602639751
Antioquia,Oriental,5315,2201.599574734963
Antioquia,Oriental,5316,2301.231048239336
Antioquia,Oriental,5317,2586.4436545760777
Antioquia,Oriental,5318,2624.5397160400603
Antioquia,Oriental,5319,2605.212005173629
Antioquia,Oriental,5320,2683.284987167022
Antioquia,Oriental,5321,2734.965716611008
Antioquia,Oriental,5322,2734.965716662253
Antioquia,Oriental,5323,2734.965716660999
Antioquia,Oriental,5324,2734.965716664261
Antioquia,Oriental,5325,2734.9657166686175
Antioquia,Oriental,5326,2734.9657166669394
Antioquia,Oriental,5327,2734.965716662535
Antioquia,Oriental,5328,2734.9657166449992
Antioquia,Oriental,5329,2676.5634066259267
Antioquia,Oriental,5330,2673.8740744791476
Antioquia,Oriental,5331,2670.911211048922
Antioquia,Oriental,5332,2667.3586152098997
Antioquia,Oriental,5333,2664.324910670477
Antioquia,Oriental,5334,2666.808493102538
Antioquia,Oriental,5335,2666.8181207873095
Antioquia,Oriental,5336,2648.9896651400636
Antioquia,Oriental,5337,2612.2178157339563
Antioquia,Oriental,5338,2532.3072723247437
Antioquia,Oriental,5339,2436.2726157558463
Antioquia,Oriental,5340,2488.772280513945
Antioquia,Oriental,5341,2611.1180288970595
Antioquia,Oriental,5342,2667.256337368368
Antioquia,Oriental,5343,2684.211872555523
Antioquia,Oriental,5344,2686.7588091025877
Antioquia,Oriental,5345,2692.045838749481
Antioquia,Oriental,5346,2700.780513507103
Antioquia,Oriental,5347,2691.3209609749465
Antioquia,Oriental,5348,2734.9657197986758
Antioquia,Oriental,5349,2734.9657198108757
Antioquia,Oriental,5350,2717.0930635669915
Antioquia,Oriental,5351,2685.4295827296455
Antioquia,Oriental,5352,2678.01233607485
Antioquia,Oriental,5353,2734.9657204172845
Antioquia,Oriental,5354,2733.0160013582113
Antioquia,Oriental,5355,2717.856564763931
Antioquia,Oriental,5356,2715.425194260977
Antioquia,Oriental,5357,2714.9134851546883
Antioquia,Oriental,5358,2715.8975177909583
Antioquia,Oriental,5359,2715.980578967028
Antioquia,Oriental,5360,2712.2710432113586
Antioquia,Oriental,5361,2635.780195466174
Antioquia,Oriental,5362,2447.0863282839687
Antioquia,Oriental,5363,2391.1069721342074
Antioquia,Oriental,5364,2484.9925892256056
Antioquia,Oriental,5365,2666.590114553332
Antioquia,Oriental,5366,2715.420893018533
Antioquia,Oriental,5367,2729.0307632806007
Antioquia,Oriental,5368,2734.965720423711
Antioquia,Oriental,5369,2734.965720425434
Antioquia,Oriental,5370,2734.965720408972
Antioquia,Oriental,5371,2734.965720429782
Antioquia,Oriental,5372,2734.965720404866
Antioquia,Oriental,5373,2734.9657204175514
Antioquia,Oriental,5374,2734.9657204110176
Antioquia,Oriental,5375,2734.9657204153136
Antioquia,Oriental,5376,2734.965720403601
Oriental,Antioquia,1,2.2274953388326087e-07
Oriental,Antioquia,2,2.2275422324434574e-07
Oriental,Antioquia,3,2.2275870838225725e-07
Oriental,Antioquia,4,2.2276306043159412e-07
Oriental,Antioquia,5,2.2276553200035037e-07
Oriental,Antioquia,6,2.227634267555651e-07
Oriental,Antioquia,7,2.2275707882469844e-07
Oriental,Antioquia,8,2.227546099212918e-07
Oriental,Antioquia,9,2.2274818780286197e-07
Oriental,Antioquia,10,2.2274321382402656e-07
Oriental,Antioquia,11,2.2274059348209476e-07
Oriental,Antioquia,12,2.2273810511585307e-07
Oriental,Antioquia,13,2.227362644400196e-07
Oriental,Antioquia,14,2.227368374138044e-07
Oriental,Antioquia,15,2.2273722476159206e-07
Oriental,Antioquia,16,2.2273699730999268e-07
Oriental,Antioquia,17,2.2273725007113708e-07
Oriental,Antioquia,18,2.2273936228903687e-07
Oriental,Antioquia,19,2.2274141365097477e-07
Oriental,Antioquia,20,2.2273805534594939e-07
Oriental,Antioquia,21,2.227367105745501e-07
Oriental,Antioquia,22,2.22739425516179e-07
Oriental,Antioquia,23,2.2274277132553045e-07
Oriental,Antioquia,24,2.227462574749788e-07
Oriental,Antioquia,25,1.3969837050575834e-06
Oriental,Antioquia,26,1.3970178201104927e-06
Oriental,Antioquia,27,1.3970772602957774e-06
Oriental,Antioquia,28,1.3971385235046462e-06
Oriental,Antioquia,29,1.3971943265592447e-06
Oriental,Antioquia,30,1.3972293907492536e-06
Oriental,Antioquia,31,1.397272836324616e-06
Oriental,Antioquia,32,1.3974187144110143e-06
Oriental,Antioquia,33,1.397346490633325e-06
Oriental,Antioquia,34,1.3971992308364612e-06
Oriental,Antioquia,35,1.3970820509424769e-06
Oriental,Antioquia,36,1.3970000850811916e-06
Oriental,Antioquia,37,1.3969436789126528e-06
Oriental,Antioquia,38,1.3969216680186556e-06
Oriental,Antioquia,39,1.3969256585271512e-06
Oriental,Antioquia,40,1.3969402664998166e-06
Oriental,Antioquia,41,1.3969524080398468e-06
Oriental,Antioquia,42,1.396962432276351e-06
Oriental,Antioquia,43,1.3969656005963007e-06
Oriental,Antioquia,44,1.3968882270031197e-06
Oriental,Antioquia,45,1.3968627356658113e-06
Oriental,Antioquia,46,1.3968738036483424e-06
Oriental,Antioquia,47,1.3968972068701836e-06
Oriental,Antioquia,48,1.396925829858808e-06
Oriental,Antioquia,49,2.104402097977618e-07
Oriental,Antioquia,50,2.1045109503181655e-07
Oriental,Antioquia,51,2.1046083236091343e-07
Oriental,Antioquia,52,2.1046986377350118e-07
Oriental,Antioquia,53,2.1047473888239108e-07
Oriental,Antioquia,54,2.1046859787937385e-07
Oriental,Antioquia,55,2.1045372353185356e-07
Oriental,Antioquia,56,2.1045069493819536e-07
Oriental,Antioquia,57,2.1043978190093402e-07
Oriental,Antioquia,58,2.1043264186767973e-07
Oriental,Antioquia,59,2.104295563647266e-07
Oriental,Antioquia,60,2.1042665519541876e-07
Oriental,Antioquia,61,2.1042512132256703e-07
Oriental,Antioquia,62,2.1042569278094312e-07
Oriental,Antioquia,63,2.1042595181685416e-07
Oriental,Antioquia,64,2.1042618011585166e-07
Oriental,Antioquia,65,2.1042648474319162e-07
Oriental,Antioquia,66,2.1042745355386998e-07
Oriental,Antioquia,67,2.1042889828520834e-07
Oriental,Antioquia,68,2.104281832569049e-07
Oriental,Antioquia,69,2.1042722410586395e-07
Oriental,Antioquia,70,2.1042858145650666e-07
Oriental,Antioquia,71,2.1043039199088903e-07
Oriental,Antioquia,72,2.104337911654346e-07
Oriental,Antioquia,73,1.332704856031465e-06
Oriental,Antioquia,74,1.3327216556502173e-06
Oriental,Antioquia,75,1.3328589071991473e-06
Oriental,Antioquia,76,1.3329891091040618e-06
Oriental,Antioquia,77,1.333092036318131e-06
Oriental,Antioquia,78,1.3331439353563855e-06
Oriental,Antioquia,79,1.3332401321219324e-06
Oriental,Antioquia,80,1.333418718780386e-06
Oriental,Antioquia,81,1.33325790500834e-06
Oriental,Antioquia,82,1.333046553909292e-06
Oriental,Antioquia,83,1.3328680941823144e-06
Oriental,Antioquia,84,1.3327340046665945e-06
Oriental,Antioquia,85,1.332630923769852e-06
Oriental,Antioquia,86,1.3325842421469517e-06
Oriental,Antioquia,87,1.3325707308144517e-06
Oriental,Antioquia,88,1.3325894833720844e-06
Oriental,Antioquia,89,1.332600549941468e-06
Oriental,Antioquia,90,1.3326093193919708e-06
Oriental,Antioquia,91,1.3326048881339518e-06
Oriental,Antioquia,92,1.3324537400899679e-06
Oriental,Antioquia,93,1.3324151176156653e-06
Oriental,Antioquia,94,1.3324343035001505e-06
Oriental,Antioquia,95,1.3324802333408521e-06
Oriental,Antioquia,96,1.3325682594592982e-06
Oriental,Antioquia,97,2.0999330067472667e-07
Oriental,Antioquia,98,2.1002338059013744e-07
Oriental,Antioquia,99,2.1004302165999893e-07
Oriental,Antioquia,100,2.1005719955349105e-07
Oriental,Antioquia,101,2.1006387614163518e-07
Oriental,Antioquia,102,2.1005947827752757e-07
Oriental,Antioquia,103,2.1004247515806794e-07
Oriental,Antioquia,104,2.1003563993613904e-07
Oriental,Antioquia,105,2.1000635901832118e-07
Oriental,Antioquia,106,2.099820088129601e-07
Oriental,Antioquia,107,2.0996919103487404e-07
Oriental,Antioquia,108,2.099565946365314e-07
Oriental,Antioquia,109,2.0994851603339344e-07
Oriental,Antioquia,110,2.0994934632145698e-07
Oriental,Antioquia,111,2.099470031941877e-07
Oriental,Antioquia,112,2.099434812509611e-07
Oriental,Antioquia,113,2.099428293373981e-07
Oriental,Antioquia,114,2.0994506367954738e-07
Oriental,Antioquia,115,2.099513524843189e-07
Oriental,Antioquia,116,2.0994237061948687e-07
Oriental,Antioquia,117,2.0993671541416757e-07
Oriental,Antioquia,118,2.0994065660635688e-07
Oriental,Antioquia,119,2.0994971491399624e-07
Oriental,Antioquia,120,2.0996726513273933e-07
Oriental,Antioquia,121,1.3597701118052319e-06
Oriental,Antioquia,122,1.3598350223197917e-06
Oriental,Antioquia,123,1.3600356989797592e-06
Oriental,Antioquia,124,1.3601892802876903e-06
Oriental,Antioquia,125,1.3602977361080579e-06
Oriental,Antioquia,126,1.3603572586477698e-06
Oriental,Antioquia,127,1.3604381321396704e-06
Oriental,Antioquia,128,1.3605671493779678e-06
Oriental,Antioquia,129,1.3604444810049113e-06
Oriental,Antioquia,130,1.3602669336544828e-06
Oriental,Antioquia,131,1.3600972134769522e-06
Oriental,Antioquia,132,1.359941754752431e-06
Oriental,Antioquia,133,1.3597807025709654e-06
Oriental,Antioquia,134,1.3596636290838848e-06
Oriental,Antioquia,135,1.359615332548333e-06
Oriental,Antioquia,136,1.3596352730286986e-06
Oriental,Antioquia,137,1.359646993363274e-06
Oriental,Antioquia,138,1.359651149227711e-06
Oriental,Antioquia,139,1.3596352806264712e-06
Oriental,Antioquia,140,1.359252776436607e-06
Oriental,Antioquia,141,1.3590611271504582e-06
Oriental,Antioquia,142,1.3591027126242763e-06
Oriental,Antioquia,143,1.3592221572864168e-06
Oriental,Antioquia,144,1.3594610550645074e-06
Oriental,Antioquia,145,1.9540447907748786e-07
Oriental,Antioquia,146,1.954165071232557e-07
Oriental,Antioquia,147,1.9542577581689564e-07
Oriental,Antioquia,148,1.9543366779519298e-07
Oriental,Antioquia,149,1.9543804977226725e-07
Oriental,Antioquia,150,1.9543415946662314e-07
Oriental,Antioquia,151,1.9542394672163303e-07
Oriental,Antioquia,152,1.9542019092467486e-07
Oriental,Antioquia,153,1.954079853015997e-07
Oriental,Antioquia,154,1.9539895424943175e-07
Oriental,Antioquia,155,1.9539412216268501e-07
Oriental,Antioquia,156,1.9538928701742433e-07
Oriental,Antioquia,157,1.9538572578726692e-07
Oriental,Antioquia,158,1.9538582944554678e-07
Oriental,Antioquia,159,1.953846156436197e-07
Oriental,Antioquia,160,1.9538260485569888e-07
Oriental,Antioquia,161,1.9538210246093883e-07
Oriental,Antioquia,162,1.9538302357759254e-07
Oriental,Antioquia,163,1.9538387657350877e-07
Oriental,Antioquia,164,1.953791734384602e-07
Oriental,Antioquia,165,1.9537945509475787e-07
Oriental,Antioquia,166,1.953823561766705e-07
Oriental,Antioquia,167,1.9538740283228243e-07
Oriental,Antioquia,168,1.9539501476194458e-07
Oriental,Antioquia,169,1.2556021280238658e-06
Oriental,Antioquia,170,1.2556918950064208e-06
Oriental,Antioquia,171,1.2558778377419808e-06
Oriental,Antioquia,172,1.2560637960560241e-06
Oriental,Antioquia,173,1.2562543289344752e-06
Oriental,Antioquia,174,1.256343539561791e-06
Oriental,Antioquia,175,1.256486145406306e-06
Oriental,Antioquia,176,1.256750884599071e-06
Oriental,Antioquia,177,1.2565369132869107e-06
Oriental,Antioquia,178,1.256244200532655e-06
Oriental,Antioquia,179,1.2560022764164223e-06
Oriental,Antioquia,180,1.255797038444698e-06
Oriental,Antioquia,181,1.2556323306262632e-06
Oriental,Antioquia,182,1.2555468491398774e-06
Oriental,Antioquia,183,1.2555145332817102e-06
Oriental,Antioquia,184,1.2555195144479487e-06
Oriental,Antioquia,185,1.2555120500513134e-06
Oriental,Antioquia,186,1.2555077447188523e-06
Oriental,Antioquia,187,1.2554396201754568e-06
Oriental,Antioquia,188,1.2552398832851856e-06
Oriental,Antioquia,189,1.2552140508299017e-06
Oriental,Antioquia,190,1.2552373225029437e-06
Oriental,Antioquia,191,1.2552972493482059e-06
Oriental,Antioquia,192,1.2554137769763136e-06
Oriental,Antioquia,385,1.2291252951722947e-07
Oriental,Antioquia,386,1.229146400370655e-07
Oriental,Antioquia,387,1.2291640701873188e-07
Oriental,Antioquia,388,1.229180765029453e-07
Oriental,Antioquia,389,1.2291906923562678e-07
Oriental,Antioquia,390,1.229267252124545e-07
Oriental,Antioquia,391,1.2292375648206785e-07
Oriental,Antioquia,392,1.2292275556713547e-07
Oriental,Antioquia,393,1.2291753369671003e-07
Oriental,Antioquia,394,1.2291240860360667e-07
Oriental,Antioquia,395,1.2290944085991763e-07
Oriental,Antioquia,396,1.229070697759671e-07
Oriental,Antioquia,397,1.2290597555646744e-07
Oriental,Antioquia,398,1.229069899433304e-07
Oriental,Antioquia,399,1.2290836150601475e-07
Oriental,Antioquia,400,1.229094017923481e-07
Oriental,Antioquia,401,1.2291042620567857e-07
Oriental,Antioquia,402,1.229121608252729e-07
Oriental,Antioquia,403,1.229115184833988e-07
Oriental,Antioquia,404,1.2290452271393942e-07
Oriental,Antioquia,405,1.2290328208243512e-07
Oriental,Antioquia,406,1.2290521276778386e-07
Oriental,Antioquia,407,1.2290774113041853e-07
Oriental,Antioquia,408,1.2291036694442113e-07
Oriental,Antioquia,409,5.40399617014267e-07
Oriental,Antioquia,410,5.404517774086502e-07
Oriental,Antioquia,411,5.40493168155472e-07
Oriental,Antioquia,412,5.40526956924465e-07
Oriental,Antioquia,413,5.405495834070688e-07
Oriental,Antioquia,414,5.40538124595729e-07
Oriental,Antioquia,415,5.404891077500699e-07
Oriental,Antioquia,416,5.404739684152618e-07
Oriental,Antioquia,417,5.404210325408594e-07
Oriental,Antioquia,418,5.403744824763203e-07
Oriental,Antioquia,419,5.403494634484105e-07
Oriental,Antioquia,420,5.40324251821504e-07
Oriental,Antioquia,421,5.403076756788116e-07
Oriental,Antioquia,422,5.403117431344094e-07
Oriental,Antioquia,423,5.403173030754058e-07
Oriental,Antioquia,424,5.403203102447286e-07
Oriental,Antioquia,425,5.403266995512257e-07
Oriental,Antioquia,426,5.403356530810745e-07
Oriental,Antioquia,427,5.403452282155804e-07
Oriental,Antioquia,428,5.403268627141999e-07
Oriental,Antioquia,429,5.403223138153215e-07
Oriental,Antioquia,430,5.403318914533731e-07
Oriental,Antioquia,431,5.403458213000593e-07
Oriental,Antioquia,432,5.403647357753772e-07
Oriental,Antioquia,433,1.0605744877485701e-07
Oriental,Antioquia,434,1.0606056494777962e-07
Oriental,Antioquia,435,1.0606349899436765e-07
Oriental,Antioquia,436,1.0606617526473805e-07
Oriental,Antioquia,437,1.0606780045016128e-07
Oriental,Antioquia,438,1.0607703245758205e-07
Oriental,Antioquia,439,1.060718932883421e-07
Oriental,Antioquia,440,1.0607069901912466e-07
Oriental,Antioquia,441,1.0606390281532124e-07
Oriental,Antioquia,442,1.060579730565059e-07
Oriental,Antioquia,443,1.0605453837462823e-07
Oriental,Antioquia,444,1.0605186010589399e-07
Oriental,Antioquia,445,1.0605102468562215e-07
Oriental,Antioquia,446,1.0605197450949099e-07
Oriental,Antioquia,447,1.0605310640379505e-07
Oriental,Antioquia,448,1.0605437008732678e-07
Oriental,Antioquia,449,1.060554820215002e-07
Oriental,Antioquia,450,1.0605671273092114e-07
Oriental,Antioquia,451,1.0605771195758896e-07
Oriental,Antioquia,452,1.0605221984084457e-07
Oriental,Antioquia,453,1.0605143312339553e-07
Oriental,Antioquia,454,1.0605231857182054e-07
Oriental,Antioquia,455,1.0605348105283017e-07
Oriental,Antioquia,456,1.0605495140224026e-07
Oriental,Antioquia,457,5.401370504014613e-07
Oriental,Antioquia,458,5.402230669760917e-07
Oriental,Antioquia,459,5.402904235868882e-07
Oriental,Antioquia,460,5.403475701885007e-07
Oriental,Antioquia,461,5.403741332700018e-07
Oriental,Antioquia,462,5.403405555183231e-07
Oriental,Antioquia,463,5.402361289888967e-07
Oriental,Antioquia,464,5.402269754967741e-07
Oriental,Antioquia,465,5.401572320010451e-07
Oriental,Antioquia,466,5.400884115148284e-07
Oriental,Antioquia,467,5.40053596108093e-07
Oriental,Antioquia,468,5.400109718389672e-07
Oriental,Antioquia,469,5.399813124309013e-07
Oriental,Antioquia,470,5.399894062845194e-07
Oriental,Antioquia,471,5.39980922822178e-07
Oriental,Antioquia,472,5.399696604327439e-07
Oriental,Antioquia,473,5.399695367676074e-07
Oriental,Antioquia,474,5.399780021792367e-07
Oriental,Antioquia,475,5.399970245122264e-07
Oriental,Antioquia,476,5.399688954591126e-07
Oriental,Antioquia,477,5.399611392882551e-07
Oriental,Antioquia,478,5.399730541439384e-07
Oriental,Antioquia,479,5.399992088987511e-07
Oriental,Antioquia,480,5.400556508175094e-07
Oriental,Antioquia,481,1.0609183988230936e-07
Oriental,Antioquia,482,1.0610319318996215e-07
Oriental,Antioquia,483,1.0611150984041738e-07
Oriental,Antioquia,484,1.0611779979674956e-07
Oriental,Antioquia,485,1.0612102756656865e-07
Oriental,Antioquia,486,1.0613455794048186e-07
Oriental,Antioquia,487,1.0612909330601719e-07
Oriental,Antioquia,488,1.0612740932564924e-07
Oriental,Antioquia,489,1.0611418976408706e-07
Oriental,Antioquia,490,1.061011569621067e-07
Oriental,Antioquia,491,1.0609325756839015e-07
Oriental,Antioquia,492,1.0608564531528849e-07
Oriental,Antioquia,493,1.0608063087210448e-07
Oriental,Antioquia,494,1.0608087833429656e-07
Oriental,Antioquia,495,1.0608019435521155e-07
Oriental,Antioquia,496,1.060794703838946e-07
Oriental,Antioquia,497,1.0608013213437366e-07
Oriental,Antioquia,498,1.060820001657912e-07
Oriental,Antioquia,499,1.0608509504287632e-07
Oriental,Antioquia,500,1.0607233294529533e-07
Oriental,Antioquia,501,1.0606934317389685e-07
Oriental,Antioquia,502,1.0607118853077405e-07
Oriental,Antioquia,503,1.0607505304125583e-07
Oriental,Antioquia,504,1.0608169775047784e-07
Oriental,Antioquia,505,5.402213315998512e-07
Oriental,Antioquia,506,5.403104413112342e-07
Oriental,Antioquia,507,5.403615653133351e-07
Oriental,Antioquia,508,5.403945898668896e-07
Oriental,Antioquia,509,5.404123022192012e-07
Oriental,Antioquia,510,5.40402224409309e-07
Oriental,Antioquia,511,5.403530435714328e-07
Oriental,Antioquia,512,5.40336331802165e-07
Oriental,Antioquia,513,5.402653227068328e-07
Oriental,Antioquia,514,5.401898049535274e-07
Oriental,Antioquia,515,5.401410912233183e-07
Oriental,Antioquia,516,5.400716776405742e-07
Oriental,Antioquia,517,5.400080029447377e-07
Oriental,Antioquia,518,5.400134325947079e-07
Oriental,Antioquia,519,5.399737571140473e-07
Oriental,Antioquia,520,5.399170482066978e-07
Oriental,Antioquia,521,5.39899401910782e-07
Oriental,Antioquia,522,5.399104658839476e-07
Oriental,Antioquia,523,5.399663840725737e-07
Oriental,Antioquia,524,5.398852336058394e-07
Oriental,Antioquia,525,5.398426788510437e-07
Oriental,Antioquia,526,5.398699804353642e-07
Oriental,Antioquia,527,5.399437444826453e-07
Oriental,Antioquia,528,5.400825842689953e-07
Oriental,Antioquia,529,1.0456644587635404e-07
Oriental,Antioquia,530,1.045702748100261e-07
Oriental,Antioquia,531,1.0457347468986681e-07
Oriental,Antioquia,532,1.045761792160814e-07
Oriental,Antioquia,533,1.0457789615831261e-07
Oriental,Antioquia,534,1.0458692064208374e-07
Oriental,Antioquia,535,1.0458352333390298e-07
Oriental,Antioquia,536,1.0458235417275245e-07
Oriental,Antioquia,537,1.0457583272433736e-07
Oriental,Antioquia,538,1.04570270751893e-07
Oriental,Antioquia,539,1.045670222334812e-07
Oriental,Antioquia,540,1.0456414473265182e-07
Oriental,Antioquia,541,1.0456241863058157e-07
Oriental,Antioquia,542,1.0456264830086982e-07
Oriental,Antioquia,543,1.0456269905508566e-07
Oriental,Antioquia,544,1.0456264704734258e-07
Oriental,Antioquia,545,1.0456302997343862e-07
Oriental,Antioquia,546,1.0456384908336182e-07
Oriental,Antioquia,547,1.0456255292680283e-07
Oriental,Antioquia,548,1.0455660099789875e-07
Oriental,Antioquia,549,1.0455657140693177e-07
Oriental,Antioquia,550,1.0455786828357943e-07
Oriental,Antioquia,551,1.0455996476716644e-07
Oriental,Antioquia,552,1.0456288505075726e-07
Oriental,Antioquia,553,4.929334552852624e-07
Oriental,Antioquia,554,4.930895018534535e-07
Oriental,Antioquia,555,4.931844555163586e-07
Oriental,Antioquia,556,4.932596905621013e-07
Oriental,Antioquia,557,4.932985313703791e-07
Oriental,Antioquia,558,4.932601426951885e-07
Oriental,Antioquia,559,4.931476533939141e-07
Oriental,Antioquia,560,4.931173805334881e-07
Oriental,Antioquia,561,4.929930443470177e-07
Oriental,Antioquia,562,4.92898890209459e-07
Oriental,Antioquia,563,4.928418651111951e-07
Oriental,Antioquia,564,4.927868284385336e-07
Oriental,Antioquia,565,4.927456759214873e-07
Oriental,Antioquia,566,4.927481820731994e-07
Oriental,Antioquia,567,4.927356943211995e-07
Oriental,Antioquia,568,4.927220519659034e-07
Oriental,Antioquia,569,4.927211815107109e-07
Oriental,Antioquia,570,4.927275920390037e-07
Oriental,Antioquia,571,4.927378808591448e-07
Oriental,Antioquia,572,4.9271187897017e-07
Oriental,Antioquia,573,4.927138396123359e-07
Oriental,Antioquia,574,4.927237145359622e-07
Oriental,Antioquia,575,4.927531262332371e-07
Oriental,Antioquia,576,4.928246117459409e-07
Oriental,Antioquia,1345,8.953362681120768e-07
Oriental,Antioquia,1346,8.953560235105406e-07
Oriental,Antioquia,1347,8.953747507634008e-07
Oriental,Antioquia,1348,8.953933080766764e-07
Oriental,Antioquia,1349,8.954052102788651e-07
Oriental,Antioquia,1350,8.954123178813819e-07
Oriental,Antioquia,1351,8.953958376824125e-07
Oriental,Antioquia,1352,8.953962079832869e-07
Oriental,Antioquia,1353,8.953656406222227e-07
Oriental,Antioquia,1354,8.953314620505267e-07
Oriental,Antioquia,1355,8.953095421087598e-07
Oriental,Antioquia,1356,8.952864103620187e-07
Oriental,Antioquia,1357,8.952716716077926e-07
Oriental,Antioquia,1358,8.952810424667833e-07
Oriental,Antioquia,1359,8.95305985946883e-07
Oriental,Antioquia,1360,8.953039518284623e-07
Oriental,Antioquia,1361,8.952830012365625e-07
Oriental,Antioquia,1362,8.952684773318559e-07
Oriental,Antioquia,1363,8.95275483704857e-07
Oriental,Antioquia,1364,8.952067507987781e-07
Oriental,Antioquia,1365,8.951843289754981e-07
Oriental,Antioquia,1366,8.952181818685607e-07
Oriental,Antioquia,1367,8.952606974732896e-07
Oriental,Antioquia,1368,8.953060461732413e-07
Oriental,Antioquia,1369,8.195496739638402e-07
Oriental,Antioquia,1370,8.197377507552605e-07
Oriental,Antioquia,1371,8.198803851800725e-07
Oriental,Antioquia,1372,8.199989996434222e-07
Oriental,Antioquia,1373,8.200488169166522e-07
Oriental,Antioquia,1374,8.199882152785627e-07
Oriental,Antioquia,1375,8.198315508765878e-07
Oriental,Antioquia,1376,8.198054032745327e-07
Oriental,Antioquia,1377,8.196374175074126e-07
Oriental,Antioquia,1378,8.194986853801905e-07
Oriental,Antioquia,1379,8.194209517403465e-07
Oriental,Antioquia,1380,8.193815946057988e-07
Oriental,Antioquia,1381,8.193750930518946e-07
Oriental,Antioquia,1382,8.194010803946864e-07
Oriental,Antioquia,1383,8.194237792801158e-07
Oriental,Antioquia,1384,8.193639159249094e-07
Oriental,Antioquia,1385,8.19299042727025e-07
Oriental,Antioquia,1386,8.192919013384053e-07
Oriental,Antioquia,1387,8.193280406423859e-07
Oriental,Antioquia,1388,8.192390202096309e-07
Oriental,Antioquia,1389,8.192208214694794e-07
Oriental,Antioquia,1390,8.192738451034991e-07
Oriental,Antioquia,1391,8.193478868535044e-07
Oriental,Antioquia,1392,8.1943568610081e-07
Oriental,Antioquia,1393,1.7725575892678682e-07
Oriental,Antioquia,1394,1.772696892276812e-07
Oriental,Antioquia,1395,1.7728276445133844e-07
Oriental,Antioquia,1396,1.7729513024890206e-07
Oriental,Antioquia,1397,1.7730274287613358e-07
Oriental,Antioquia,1398,1.7730795123305365e-07
Oriental,Antioquia,1399,1.7729354102503284e-07
Oriental,Antioquia,1400,1.7729926264104489e-07
Oriental,Antioquia,1401,1.7728121549007796e-07
Oriental,Antioquia,1402,1.7726360830728735e-07
Oriental,Antioquia,1403,1.7725261909185106e-07
Oriental,Antioquia,1404,1.7724618241098282e-07
Oriental,Antioquia,1405,1.772461869225958e-07
Oriental,Antioquia,1406,1.7725005673629244e-07
Oriental,Antioquia,1407,1.7724846203216121e-07
Oriental,Antioquia,1408,1.7724189864359e-07
Oriental,Antioquia,1409,1.7723649710328242e-07
Oriental,Antioquia,1410,1.7723740616540338e-07
Oriental,Antioquia,1411,1.7724037369953798e-07
Oriental,Antioquia,1412,1.7722395456993675e-07
Oriental,Antioquia,1413,1.772169097337292e-07
Oriental,Antioquia,1414,1.772238050490685e-07
Oriental,Antioquia,1415,1.7723352058428567e-07
Oriental,Antioquia,1416,1.77242603718852e-07
Oriental,Antioquia,1417,7.459916769901827e-07
Oriental,Antioquia,1418,7.462689169702849e-07
Oriental,Antioquia,1419,7.464634502326639e-07
Oriental,Antioquia,1420,7.46621885991198e-07
Oriental,Antioquia,1421,7.46694619169127e-07
Oriental,Antioquia,1422,7.465562315162844e-07
Oriental,Antioquia,1423,7.462850060870899e-07
Oriental,Antioquia,1424,7.463003737298224e-07
Oriental,Antioquia,1425,7.461292823910472e-07
Oriental,Antioquia,1426,7.459845581945147e-07
Oriental,Antioquia,1427,7.459166503508195e-07
Oriental,Antioquia,1428,7.458471936693432e-07
Oriental,Antioquia,1429,7.458102484628082e-07
Oriental,Antioquia,1430,7.458249008608895e-07
Oriental,Antioquia,1431,7.458056389277578e-07
Oriental,Antioquia,1432,7.457705913051816e-07
Oriental,Antioquia,1433,7.457463348924417e-07
Oriental,Antioquia,1434,7.457449693718564e-07
Oriental,Antioquia,1435,7.457723995238148e-07
Oriental,Antioquia,1436,7.45726305201009e-07
Oriental,Antioquia,1437,7.457091484933869e-07
Oriental,Antioquia,1438,7.457335416716653e-07
Oriental,Antioquia,1439,7.457782157396582e-07
Oriental,Antioquia,1440,7.458568440061015e-07
Oriental,Antioquia,1441,1.772884998683165e-07
Oriental,Antioquia,1442,1.7732343907386893e-07
Oriental,Antioquia,1443,1.7734558368777625e-07
Oriental,Antioquia,1444,1.773603838943533e-07
Oriental,Antioquia,1445,1.7736796273394063e-07
Oriental,Antioquia,1446,1.7737885467350016e-07
Oriental,Antioquia,1447,1.7737051686105648e-07
Oriental,Antioquia,1448,1.7737449704947073e-07
Oriental,Antioquia,1449,1.7735562776735456e-07
Oriental,Antioquia,1450,1.7733452106495112e-07
Oriental,Antioquia,1451,1.7731992072534764e-07
Oriental,Antioquia,1452,1.7730177185105757e-07
Oriental,Antioquia,1453,1.7728441592032354e-07
Oriental,Antioquia,1454,1.7727962665069087e-07
Oriental,Antioquia,1455,1.7726460863902214e-07
Oriental,Antioquia,1456,1.7724466729663076e-07
Oriental,Antioquia,1457,1.7723336209094487e-07
Oriental,Antioquia,1458,1.7723089585461693e-07
Oriental,Antioquia,1459,1.7723927733783212e-07
Oriental,Antioquia,1460,1.772106072271785e-07
Oriental,Antioquia,1461,1.7719278144627994e-07
Oriental,Antioquia,1462,1.7720372910083824e-07
Oriental,Antioquia,1463,1.7722197499310784e-07
Oriental,Antioquia,1464,1.7724882485076735e-07
Oriental,Antioquia,1465,7.437130231238878e-07
Oriental,Antioquia,1466,7.43966075408845e-07
Oriental,Antioquia,1467,7.440606288915782e-07
Oriental,Antioquia,1468,7.441350886029457e-07
Oriental,Antioquia,1469,7.441716495372411e-07
Oriental,Antioquia,1470,7.441329671398793e-07
Oriental,Antioquia,1471,7.440392646787721e-07
Oriental,Antioquia,1472,7.44021152593403e-07
Oriental,Antioquia,1473,7.439074197834191e-07
Oriental,Antioquia,1474,7.437697310892334e-07
Oriental,Antioquia,1475,7.436790917928642e-07
Oriental,Antioquia,1476,7.43510045784041e-07
Oriental,Antioquia,1477,7.433081948202316e-07
Oriental,Antioquia,1478,7.432838173483073e-07
Oriental,Antioquia,1479,7.431057279295678e-07
Oriental,Antioquia,1480,7.429382965058111e-07
Oriental,Antioquia,1481,7.428896947057301e-07
Oriental,Antioquia,1482,7.428837765629174e-07
Oriental,Antioquia,1483,7.429724335229077e-07
Oriental,Antioquia,1484,7.42871001791355e-07
Oriental,Antioquia,1485,7.42816351716481e-07
Oriental,Antioquia,1486,7.42857579724096e-07
Oriental,Antioquia,1487,7.429774893231848e-07
Oriental,Antioquia,1488,7.433111336360176e-07
Oriental,Antioquia,1489,1.4733714922179185e-07
Oriental,Antioquia,1490,1.4734528016688331e-07
Oriental,Antioquia,1491,1.4735245145990252e-07
Oriental,Antioquia,1492,1.4735876261698152e-07
Oriental,Antioquia,1493,1.4736296566836815e-07
Oriental,Antioquia,1494,1.4737124045805628e-07
Oriental,Antioquia,1495,1.4736529271127903e-07
Oriental,Antioquia,1496,1.4736743807340774e-07
Oriental,Antioquia,1497,1.4735891159712608e-07
Oriental,Antioquia,1498,1.4735128811789742e-07
Oriental,Antioquia,1499,1.4734693583577393e-07
Oriental,Antioquia,1500,1.4734140116803542e-07
Oriental,Antioquia,1501,1.4733624476418527e-07
Oriental,Antioquia,1502,1.473347572287776e-07
Oriental,Antioquia,1503,1.4733249815430068e-07
Oriental,Antioquia,1504,1.47329941196511e-07
Oriental,Antioquia,1505,1.4732857381385614e-07
Oriental,Antioquia,1506,1.47328494046978e-07
Oriental,Antioquia,1507,1.473261972976912e-07
Oriental,Antioquia,1508,1.4731249161109517e-07
Oriental,Antioquia,1509,1.473121983719685e-07
Oriental,Antioquia,1510,1.473166120948864e-07
Oriental,Antioquia,1511,1.4732302464112158e-07
Oriental,Antioquia,1512,1.4733016598448506e-07
Oriental,Antioquia,1513,2.248429222002637e-08
Oriental,Antioquia,1514,2.2497730079879774e-08
Oriental,Antioquia,1515,2.2508907586468603e-08
Oriental,Antioquia,1516,2.2518502934857063e-08
Oriental,Antioquia,1517,2.2524013005637634e-08
Oriental,Antioquia,1518,2.2524328518764408e-08
Oriental,Antioquia,1519,2.251173633876041e-08
Oriental,Antioquia,1520,2.250896056126249e-08
Oriental,Antioquia,1521,2.2495572796861556e-08
Oriental,Antioquia,1522,2.2484434773156296e-08
Oriental,Antioquia,1523,2.247936938031428e-08
Oriental,Antioquia,1524,2.247436768822947e-08
Oriental,Antioquia,1525,2.2471071158880765e-08
Oriental,Antioquia,1526,2.2471263162155515e-08
Oriental,Antioquia,1527,2.2470061874009913e-08
Oriental,Antioquia,1528,2.246834403311983e-08
Oriental,Antioquia,1529,2.246810333687623e-08
Oriental,Antioquia,1530,2.2468528319253033e-08
Oriental,Antioquia,1531,2.246919179340728e-08
Oriental,Antioquia,1532,2.246536039706958e-08
Oriental,Antioquia,1533,2.2465504770874565e-08
Oriental,Antioquia,1534,2.2466539973050102e-08
Oriental,Antioquia,1535,2.246932484775847e-08
Oriental,Antioquia,1536,2.2474801122065892e-08
Oriental,Antioquia,2305,1.5572075425254542e-07
Oriental,Antioquia,2306,1.5569389869667707e-07
Oriental,Antioquia,2307,1.5568556330813403e-07
Oriental,Antioquia,2308,1.5568177712321922e-07
Oriental,Antioquia,2309,1.5568207084816585e-07
Oriental,Antioquia,2310,1.5568849797653096e-07
Oriental,Antioquia,2311,1.5569444759181027e-07
Oriental,Antioquia,2312,1.55690890750548e-07
Oriental,Antioquia,2313,1.5568576330810955e-07
Oriental,Antioquia,2314,1.5568160480841293e-07
Oriental,Antioquia,2315,1.5567935948990327e-07
Oriental,Antioquia,2316,1.5567630755290224e-07
Oriental,Antioquia,2317,1.5567255498805564e-07
Oriental,Antioquia,2318,1.5567469309774662e-07
Oriental,Antioquia,2319,1.556914083573243e-07
Oriental,Antioquia,2320,1.557336262991769e-07
Oriental,Antioquia,2321,1.5572942551934683e-07
Oriental,Antioquia,2322,1.5571003662700881e-07
Oriental,Antioquia,2323,1.5571058649664892e-07
Oriental,Antioquia,2324,1.5566148781066413e-07
Oriental,Antioquia,2325,1.5563384841652618e-07
Oriental,Antioquia,2326,1.556646485994152e-07
Oriental,Antioquia,2327,1.5570106787879505e-07
Oriental,Antioquia,2328,1.557270326605658e-07
Oriental,Antioquia,2329,8.758038469503357e-07
Oriental,Antioquia,2330,8.758092792290637e-07
Oriental,Antioquia,2331,8.758094956432456e-07
Oriental,Antioquia,2332,8.758178711948451e-07
Oriental,Antioquia,2333,8.758200159656197e-07
Oriental,Antioquia,2334,8.758222914958169e-07
Oriental,Antioquia,2335,8.758335919220571e-07
Oriental,Antioquia,2336,8.758618291521391e-07
Oriental,Antioquia,2337,8.758754537035264e-07
Oriental,Antioquia,2338,8.758818990325264e-07
Oriental,Antioquia,2339,8.758811265002748e-07
Oriental,Antioquia,2340,8.758736591642507e-07
Oriental,Antioquia,2341,8.758532425654786e-07
Oriental,Antioquia,2342,8.758374001310332e-07
Oriental,Antioquia,2343,8.75819468767019e-07
Oriental,Antioquia,2344,8.758100143046415e-07
Oriental,Antioquia,2345,8.758057449075648e-07
Oriental,Antioquia,2346,8.757918993276756e-07
Oriental,Antioquia,2347,8.757818706198344e-07
Oriental,Antioquia,2348,8.757763286243343e-07
Oriental,Antioquia,2349,8.757741398570143e-07
Oriental,Antioquia,2350,8.757938003331149e-07
Oriental,Antioquia,2351,8.758082017269458e-07
Oriental,Antioquia,2352,8.758108627490228e-07
Oriental,Antioquia,2353,1.985774638290153e-07
Oriental,Antioquia,2354,1.9857352534212708e-07
Oriental,Antioquia,2355,1.985773330496674e-07
Oriental,Antioquia,2356,1.9858243823670767e-07
Oriental,Antioquia,2357,1.9858590203698616e-07
Oriental,Antioquia,2358,1.9858975629182733e-07
Oriental,Antioquia,2359,1.985897601406259e-07
Oriental,Antioquia,2360,1.9860113686609644e-07
Oriental,Antioquia,2361,1.9860561508574716e-07
Oriental,Antioquia,2362,1.9860389156723832e-07
Oriental,Antioquia,2363,1.9860475615071941e-07
Oriental,Antioquia,2364,1.9859419649428698e-07
Oriental,Antioquia,2365,1.985851031436075e-07
Oriental,Antioquia,2366,1.985837355783603e-07
Oriental,Antioquia,2367,1.985857861041639e-07
Oriental,Antioquia,2368,1.9859380414554108e-07
Oriental,Antioquia,2369,1.9859207837131513e-07
Oriental,Antioquia,2370,1.9858198091889232e-07
Oriental,Antioquia,2371,1.9858093043820117e-07
Oriental,Antioquia,2372,1.9855530139152348e-07
Oriental,Antioquia,2373,1.9852923830135945e-07
Oriental,Antioquia,2374,1.9855180059573032e-07
Oriental,Antioquia,2375,1.9857685395483625e-07
Oriental,Antioquia,2376,1.985842851554116e-07
Oriental,Antioquia,2377,4.6412311496693927e-07
Oriental,Antioquia,2378,4.641376322058899e-07
Oriental,Antioquia,2379,4.641670856143198e-07
Oriental,Antioquia,2380,4.6420260020212154e-07
Oriental,Antioquia,2381,4.6422959212568214e-07
Oriental,Antioquia,2382,4.6422695394152866e-07
Oriental,Antioquia,2383,4.642699406148521e-07
Oriental,Antioquia,2384,4.64365776682217e-07
Oriental,Antioquia,2385,4.643655247786334e-07
Oriental,Antioquia,2386,4.643516097264964e-07
Oriental,Antioquia,2387,4.6436121579355756e-07
Oriental,Antioquia,2388,4.64327203120501e-07
Oriental,Antioquia,2389,4.642574970600628e-07
Oriental,Antioquia,2390,4.6420949613457413e-07
Oriental,Antioquia,2391,4.641601780631342e-07
Oriental,Antioquia,2392,4.64123028374224e-07
Oriental,Antioquia,2393,4.6410790623167327e-07
Oriental,Antioquia,2394,4.641006098214411e-07
Oriental,Antioquia,2395,4.640817846748291e-07
Oriental,Antioquia,2396,4.6408378820755154e-07
Oriental,Antioquia,2397,4.6408089436740665e-07
Oriental,Antioquia,2398,4.6409081522387993e-07
Oriental,Antioquia,2399,4.641011826274138e-07
Oriental,Antioquia,2400,4.641096676591644e-07
Oriental,Antioquia,2401,1.7004665536597547e-07
Oriental,Antioquia,2402,1.700839490481743e-07
Oriental,Antioquia,2403,1.7010809384367957e-07
Oriental,Antioquia,2404,1.7012384376767055e-07
Oriental,Antioquia,2405,1.7013135437516152e-07
Oriental,Antioquia,2406,1.7013487149605277e-07
Oriental,Antioquia,2407,1.7013181012995598e-07
Oriental,Antioquia,2408,1.701601415780778e-07
Oriental,Antioquia,2409,1.7016472082576486e-07
Oriental,Antioquia,2410,1.7016477484659277e-07
Oriental,Antioquia,2411,1.701658852904325e-07
Oriental,Antioquia,2412,1.701540430328945e-07
Oriental,Antioquia,2413,1.7013572336913588e-07
Oriental,Antioquia,2414,1.701247901187661e-07
Oriental,Antioquia,2415,1.700932246254668e-07
Oriental,Antioquia,2416,1.700602046318109e-07
Oriental,Antioquia,2417,1.7003863797621795e-07
Oriental,Antioquia,2418,1.7002282108017926e-07
Oriental,Antioquia,2419,1.7002383589645854e-07
Oriental,Antioquia,2420,1.6999688213936115e-07
Oriental,Antioquia,2421,1.6995717572627807e-07
Oriental,Antioquia,2422,1.699813505040333e-07
Oriental,Antioquia,2423,1.7001232063184475e-07
Oriental,Antioquia,2424,1.7002842075226177e-07
Oriental,Antioquia,2425,9.432713681088845e-07
Oriental,Antioquia,2426,9.43327268397438e-07
Oriental,Antioquia,2427,9.437453191003727e-07
Oriental,Antioquia,2428,9.439328559578368e-07
Oriental,Antioquia,2429,9.440415977726185e-07
Oriental,Antioquia,2430,9.440579917225492e-07
Oriental,Antioquia,2431,9.441110001401916e-07
Oriental,Antioquia,2432,9.442402147586625e-07
Oriental,Antioquia,2433,9.442669655897264e-07
Oriental,Antioquia,2434,9.442518449810414e-07
Oriental,Antioquia,2435,9.44272130151724e-07
Oriental,Antioquia,2436,9.442400860896704e-07
Oriental,Antioquia,2437,9.441546890974886e-07
Oriental,Antioquia,2438,9.441036924073489e-07
Oriental,Antioquia,2439,9.439532526514827e-07
Oriental,Antioquia,2440,9.434396412609765e-07
Oriental,Antioquia,2441,9.42926738806798e-07
Oriental,Antioquia,2442,9.427746910589708e-07
Oriental,Antioquia,2443,9.426976314141998e-07
Oriental,Antioquia,2444,9.426404408374393e-07
Oriental,Antioquia,2445,9.425931991886493e-07
Oriental,Antioquia,2446,9.426356254796054e-07
Oriental,Antioquia,2447,9.426931580507248e-07
Oriental,Antioquia,2448,9.428232738809301e-07
Oriental,Antioquia,2449,1.2331659738838712e-07
Oriental,Antioquia,2450,1.2332237902904526e-07
Oriental,Antioquia,2451,1.233274809991711e-07
Oriental,Antioquia,2452,1.2333234902642304e-07
Oriental,Antioquia,2453,1.2333563270829673e-07
Oriental,Antioquia,2454,1.2334124438203595e-07
Oriental,Antioquia,2455,1.233402085920404e-07
Oriental,Antioquia,2456,1.2335473156669785e-07
Oriental,Antioquia,2457,1.2335847391225036e-07
Oriental,Antioquia,2458,1.233606957625146e-07
Oriental,Antioquia,2459,1.2336405771508124e-07
Oriental,Antioquia,2460,1.2335969757782658e-07
Oriental,Antioquia,2461,1.2335253695734058e-07
Oriental,Antioquia,2462,1.233478457270127e-07
Oriental,Antioquia,2463,1.2333676112462186e-07
Oriental,Antioquia,2464,1.233239424199803e-07
Oriental,Antioquia,2465,1.2331252256002867e-07
Oriental,Antioquia,2466,1.233070831124478e-07
Oriental,Antioquia,2467,1.2330413783457648e-07
Oriental,Antioquia,2468,1.2327969137566072e-07
Oriental,Antioquia,2469,1.232787504912897e-07
Oriental,Antioquia,2470,1.2328946846596158e-07
Oriental,Antioquia,2471,1.233029780952355e-07
Oriental,Antioquia,2472,1.2331191556466773e-07
Oriental,Antioquia,2473,4.141687922764062e-08
Oriental,Antioquia,2474,4.1415545264148484e-08
Oriental,Antioquia,2475,4.142587118999189e-08
Oriental,Antioquia,2476,4.1435283851445004e-08
Oriental,Antioquia,2477,4.1442155885763325e-08
Oriental,Antioquia,2478,4.144884048436144e-08
Oriental,Antioquia,2479,4.145559416421449e-08
Oriental,Antioquia,2480,4.147572469989713e-08
Oriental,Antioquia,2481,4.147288238534893e-08
Oriental,Antioquia,2482,4.146576355164153e-08
Oriental,Antioquia,2483,4.1462597701179425e-08
Oriental,Antioquia,2484,4.145437645839444e-08
Oriental,Antioquia,2485,4.14449955564656e-08
Oriental,Antioquia,2486,4.143853510893307e-08
Oriental,Antioquia,2487,4.142924702044879e-08
Oriental,Antioquia,2488,4.1419255567550225e-08
Oriental,Antioquia,2489,4.141144417961666e-08
Oriental,Antioquia,2490,4.140542283571627e-08
Oriental,Antioquia,2491,4.140186708657356e-08
Oriental,Antioquia,2492,4.139621499941117e-08
Oriental,Antioquia,2493,4.139625931124195e-08
Oriental,Antioquia,2494,4.1398252251531065e-08
Oriental,Antioquia,2495,4.140148738314507e-08
Oriental,Antioquia,2496,4.1407336018619554e-08
Oriental,Antioquia,3265,1.8380149002948453e-07
Oriental,Antioquia,3266,1.837879407175192e-07
Oriental,Antioquia,3267,1.837853571536709e-07
Oriental,Antioquia,3268,1.8378396526693556e-07
Oriental,Antioquia,3269,1.8378488646064871e-07
Oriental,Antioquia,3270,1.8378971311852227e-07
Oriental,Antioquia,3271,1.8380282746984897e-07
Oriental,Antioquia,3272,1.8382512574626834e-07
Oriental,Antioquia,3273,1.838612623762417e-07
Oriental,Antioquia,3274,1.8390474415377815e-07
Oriental,Antioquia,3275,1.8395569591835517e-07
Oriental,Antioquia,3276,1.8396316746452434e-07
Oriental,Antioquia,3277,1.8392671413213468e-07
Oriental,Antioquia,3278,1.8389376876478411e-07
Oriental,Antioquia,3279,1.8387132406675178e-07
Oriental,Antioquia,3280,1.8387320116265718e-07
Oriental,Antioquia,3281,1.8383443876740516e-07
Oriental,Antioquia,3282,1.83786428977611e-07
Oriental,Antioquia,3283,1.8377548689027613e-07
Oriental,Antioquia,3284,1.8371073509721544e-07
Oriental,Antioquia,3285,1.836932949149866e-07
Oriental,Antioquia,3286,1.837389122783063e-07
Oriental,Antioquia,3287,1.8378254686196187e-07
Oriental,Antioquia,3288,1.8380639608784132e-07
Oriental,Antioquia,3289,3.2550019790158084e-05
Oriental,Antioquia,3290,3.255197579721825e-05
Oriental,Antioquia,3291,3.255285592021431e-05
Oriental,Antioquia,3292,3.255455643262621e-05
Oriental,Antioquia,3293,3.255565722685701e-05
Oriental,Antioquia,3294,3.255691259797192e-05
Oriental,Antioquia,3295,3.256508034897403e-05
Oriental,Antioquia,3296,3.261520601593054e-05
Oriental,Antioquia,3297,3.2694789119239194e-05
Oriental,Antioquia,3298,3.2818202244141434e-05
Oriental,Antioquia,3299,3.30069797712807e-05
Oriental,Antioquia,3300,3.3077138294277365e-05
Oriental,Antioquia,3301,3.2811244134829494e-05
Oriental,Antioquia,3302,3.267539918105378e-05
Oriental,Antioquia,3303,3.261487423287888e-05
Oriental,Antioquia,3304,3.2574563548418614e-05
Oriental,Antioquia,3305,3.255677722801992e-05
Oriental,Antioquia,3306,3.2547152140455804e-05
Oriental,Antioquia,3307,3.254293045549568e-05
Oriental,Antioquia,3308,3.253345418267836e-05
Oriental,Antioquia,3309,3.252403723768131e-05
Oriental,Antioquia,3310,3.253092310587169e-05
Oriental,Antioquia,3311,3.254098532182072e-05
Oriental,Antioquia,3312,3.254782721110827e-05
Oriental,Antioquia,3313,2.542184666405725e-07
Oriental,Antioquia,3314,2.5420909626499076e-07
Oriental,Antioquia,3315,2.5421353117256464e-07
Oriental,Antioquia,3316,2.5421936493241274e-07
Oriental,Antioquia,3317,2.5422321727140834e-07
Oriental,Antioquia,3318,2.542247511897151e-07
Oriental,Antioquia,3319,2.542445761163944e-07
Oriental,Antioquia,3320,2.543087241409659e-07
Oriental,Antioquia,3321,2.543929892540812e-07
Oriental,Antioquia,3322,2.544772798479014e-07
Oriental,Antioquia,3323,2.545716261456711e-07
Oriental,Antioquia,3324,2.5456020113193254e-07
Oriental,Antioquia,3325,2.5448403869756644e-07
Oriental,Antioquia,3326,2.544228851643672e-07
Oriental,Antioquia,3327,2.543439564769125e-07
Oriental,Antioquia,3328,2.542998236030395e-07
Oriental,Antioquia,3329,2.542667757836158e-07
Oriental,Antioquia,3330,2.542190680765276e-07
Oriental,Antioquia,3331,2.5421090421340936e-07
Oriental,Antioquia,3332,2.541404862781927e-07
Oriental,Antioquia,3333,2.540702710003481e-07
Oriental,Antioquia,3334,2.54131535491914e-07
Oriental,Antioquia,3335,2.542049147394021e-07
Oriental,Antioquia,3336,2.5423140526182607e-07
Oriental,Antioquia,3337,5.576334276444479e-07
Oriental,Antioquia,3338,5.576521781933252e-07
Oriental,Antioquia,3339,5.57680258389596e-07
Oriental,Antioquia,3340,5.577255109439642e-07
Oriental,Antioquia,3341,5.577666943817652e-07
Oriental,Antioquia,3342,5.577594974640156e-07
Oriental,Antioquia,3343,5.579110155284362e-07
Oriental,Antioquia,3344,5.584785737260537e-07
Oriental,Antioquia,3345,5.589987349401272e-07
Oriental,Antioquia,3346,5.608377109149375e-07
Oriental,Antioquia,3347,7.494163555359924e-07
Oriental,Antioquia,3348,7.494484219328695e-07
Oriental,Antioquia,3349,7.489721923766956e-07
Oriental,Antioquia,3350,5.592002504923872e-07
Oriental,Antioquia,3351,5.582501806354375e-07
Oriental,Antioquia,3352,5.578261168079173e-07
Oriental,Antioquia,3353,5.577015145162351e-07
Oriental,Antioquia,3354,5.576439189190872e-07
Oriental,Antioquia,3355,5.575816511385583e-07
Oriental,Antioquia,3356,5.576024407094431e-07
Oriental,Antioquia,3357,5.576078953916995e-07
Oriental,Antioquia,3358,5.576249334146645e-07
Oriental,Antioquia,3359,5.576308087930664e-07
Oriental,Antioquia,3360,5.576321891093362e-07
Oriental,Antioquia,3361,2.52924352161766e-07
Oriental,Antioquia,3362,2.53025442803833e-07
Oriental,Antioquia,3363,2.531196120620182e-07
Oriental,Antioquia,3364,2.531808843852752e-07
Oriental,Antioquia,3365,2.5320914486608536e-07
Oriental,Antioquia,3366,2.531967977297912e-07
Oriental,Antioquia,3367,2.5323744631741047e-07
Oriental,Antioquia,3368,2.534177369439463e-07
Oriental,Antioquia,3369,2.535071939153771e-07
Oriental,Antioquia,3370,2.5357372311645006e-07
Oriental,Antioquia,3371,2.536288494051253e-07
Oriental,Antioquia,3372,2.5363516886335197e-07
Oriental,Antioquia,3373,2.5360969013589e-07
Oriental,Antioquia,3374,2.5356481451741457e-07
Oriental,Antioquia,3375,2.534107135515052e-07
Oriental,Antioquia,3376,2.530498011698276e-07
Oriental,Antioquia,3377,2.529576763451818e-07
Oriental,Antioquia,3378,2.528874941501869e-07
Oriental,Antioquia,3379,2.52891151619002e-07
Oriental,Antioquia,3380,2.528090505785288e-07
Oriental,Antioquia,3381,2.525939058977796e-07
Oriental,Antioquia,3382,2.527138273571184e-07
Oriental,Antioquia,3383,2.528694100601175e-07
Oriental,Antioquia,3384,2.5290321656651105e-07
Oriental,Antioquia,3385,1.4070678106477303e-06
Oriental,Antioquia,3386,1.4071413620683055e-06
Oriental,Antioquia,3387,1.408257503767456e-06
Oriental,Antioquia,3388,1.4092744113743797e-06
Oriental,Antioquia,3389,1.4097733855200028e-06
Oriental,Antioquia,3390,1.4097983003379886e-06
Oriental,Antioquia,3391,1.4103926269698752e-06
Oriental,Antioquia,3392,1.4110698447721593e-06
Oriental,Antioquia,3393,1.4114553521023584e-06
Oriental,Antioquia,3394,1.4117711461403274e-06
Oriental,Antioquia,3395,1.4121868749613524e-06
Oriental,Antioquia,3396,1.412229190384547e-06
Oriental,Antioquia,3397,1.4119147226301064e-06
Oriental,Antioquia,3398,1.4116741457632484e-06
Oriental,Antioquia,3399,1.4112998264183408e-06
Oriental,Antioquia,3400,1.410304237997016e-06
Oriental,Antioquia,3401,1.4073759879828836e-06
Oriental,Antioquia,3402,1.4067029624057514e-06
Oriental,Antioquia,3403,1.406504322299073e-06
Oriental,Antioquia,3404,1.4064527851334517e-06
Oriental,Antioquia,3405,1.4063673069692856e-06
Oriental,Antioquia,3406,1.4064379307950767e-06
Oriental,Antioquia,3407,1.4065073658213388e-06
Oriental,Antioquia,3408,1.4066078826939152e-06
Oriental,Antioquia,3409,1.6213947384917103e-07
Oriental,Antioquia,3410,1.6214925028145445e-07
Oriental,Antioquia,3411,1.621581270940119e-07
Oriental,Antioquia,3412,1.6216669583696305e-07
Oriental,Antioquia,3413,1.6217257365233262e-07
Oriental,Antioquia,3414,1.621742888912058e-07
Oriental,Antioquia,3415,1.6218141562715753e-07
Oriental,Antioquia,3416,1.6224308866551496e-07
Oriental,Antioquia,3417,1.6230518965327918e-07
Oriental,Antioquia,3418,1.6236689324138858e-07
Oriental,Antioquia,3419,1.6242611611070903e-07
Oriental,Antioquia,3420,1.624252962342768e-07
Oriental,Antioquia,3421,1.6238026534071023e-07
Oriental,Antioquia,3422,1.6233246721117416e-07
Oriental,Antioquia,3423,1.622701538904911e-07
Oriental,Antioquia,3424,1.6223274588708466e-07
Oriental,Antioquia,3425,1.6219400991132183e-07
Oriental,Antioquia,3426,1.62135908552822e-07
Oriental,Antioquia,3427,1.6210964857364042e-07
Oriental,Antioquia,3428,1.6204390444859454e-07
Oriental,Antioquia,3429,1.6203993524456892e-07
Oriental,Antioquia,3430,1.620685785420925e-07
Oriental,Antioquia,3431,1.6210880921558495e-07
Oriental,Antioquia,3432,1.6213103296794517e-07
Oriental,Antioquia,3433,3.705267059713928e-08
Oriental,Antioquia,3434,3.7052016572848566e-08
Oriental,Antioquia,3435,3.7060846446196165e-08
Oriental,Antioquia,3436,3.7070607039397936e-08
Oriental,Antioquia,3437,3.707879919152614e-08
Oriental,Antioquia,3438,3.708612233015274e-08
Oriental,Antioquia,3439,3.710492722284329e-08
Oriental,Antioquia,3440,3.716095646920731e-08
Oriental,Antioquia,3441,3.721643055466696e-08
Oriental,Antioquia,3442,3.731825306834178e-08
Oriental,Antioquia,3443,1.2054500306257886e-07
Oriental,Antioquia,3444,4.141323289091137e-08
Oriental,Antioquia,3445,4.119730220093731e-08
Oriental,Antioquia,3446,3.722347094588876e-08
Oriental,Antioquia,3447,3.7156149899223494e-08
Oriental,Antioquia,3448,3.709518402596999e-08
Oriental,Antioquia,3449,3.706658933055131e-08
Oriental,Antioquia,3450,3.7052394503339455e-08
Oriental,Antioquia,3451,3.7046385898498775e-08
Oriental,Antioquia,3452,3.7041230462886474e-08
Oriental,Antioquia,3453,3.704056912855685e-08
Oriental,Antioquia,3454,3.704215114141185e-08
Oriental,Antioquia,3455,3.7043879301646004e-08
Oriental,Antioquia,3456,3.704673329000338e-08
Oriental,Antioquia,4225,1.4709286793531853e-07
Oriental,Antioquia,4226,1.4709592519862838e-07
Oriental,Antioquia,4227,1.4709855582599372e-07
Oriental,Antioquia,4228,1.4709781085081215e-07
Oriental,Antioquia,4229,1.4709919136274452e-07
Oriental,Antioquia,4230,1.4710417918233271e-07
Oriental,Antioquia,4231,1.4712206004497763e-07
Oriental,Antioquia,4232,1.4716509364536674e-07
Oriental,Antioquia,4233,1.4726122079178206e-07
Oriental,Antioquia,4234,1.4743685687034825e-07
Oriental,Antioquia,4235,1.5538024227722968e-07
Oriental,Antioquia,4236,1.557932668581324e-07
Oriental,Antioquia,4237,1.4759013424624685e-07
Oriental,Antioquia,4238,1.4736294719981628e-07
Oriental,Antioquia,4239,1.4724255650393595e-07
Oriental,Antioquia,4240,1.4721153904341462e-07
Oriental,Antioquia,4241,1.4714349521641838e-07
Oriental,Antioquia,4242,1.4705664369508195e-07
Oriental,Antioquia,4243,1.470307052223167e-07
Oriental,Antioquia,4244,1.4687859998531076e-07
Oriental,Antioquia,4245,1.4682631649307794e-07
Oriental,Antioquia,4246,1.4694591336693136e-07
Oriental,Antioquia,4247,1.4704814100514622e-07
Oriental,Antioquia,4248,1.4708932861864878e-07
Oriental,Antioquia,4249,1.3035964249365286e-06
Oriental,Antioquia,4250,1.3037043491046714e-06
Oriental,Antioquia,4251,1.303828553458158e-06
Oriental,Antioquia,4252,1.3039586004239932e-06
Oriental,Antioquia,4253,1.3040765984296805e-06
Oriental,Antioquia,4254,1.3041585030619987e-06
Oriental,Antioquia,4255,1.3047608098113608e-06
Oriental,Antioquia,4256,1.3113456094985888e-06
Oriental,Antioquia,4257,3.832310840116849e-05
Oriental,Antioquia,4258,3.954972803164101e-05
Oriental,Antioquia,4259,3.983324624091396e-05
Oriental,Antioquia,4260,3.988898602275359e-05
Oriental,Antioquia,4261,3.9653000329717856e-05
Oriental,Antioquia,4262,3.908552536632208e-05
Oriental,Antioquia,4263,1.3143667548545912e-06
Oriental,Antioquia,4264,1.3067587304324875e-06
Oriental,Antioquia,4265,1.3042957750399511e-06
Oriental,Antioquia,4266,1.3035949081838263e-06
Oriental,Antioquia,4267,1.3033697428185142e-06
Oriental,Antioquia,4268,1.3026126886680535e-06
Oriental,Antioquia,4269,1.301918525514585e-06
Oriental,Antioquia,4270,1.302367360738134e-06
Oriental,Antioquia,4271,1.3030428282532673e-06
Oriental,Antioquia,4272,1.3034590155150242e-06
Oriental,Antioquia,4273,3.054598772413878e-07
Oriental,Antioquia,4274,3.054478114566582e-07
Oriental,Antioquia,4275,3.054564560095588e-07
Oriental,Antioquia,4276,3.0546674070824784e-07
Oriental,Antioquia,4277,3.054728245575951e-07
Oriental,Antioquia,4278,3.054692410465109e-07
Oriental,Antioquia,4279,3.0550270695600575e-07
Oriental,Antioquia,4280,3.056253832779502e-07
Oriental,Antioquia,4281,3.058271216343273e-07
Oriental,Antioquia,4282,3.0611819467694545e-07
Oriental,Antioquia,4283,3.0645921042400357e-07
Oriental,Antioquia,4284,3.064598502630526e-07
Oriental,Antioquia,4285,3.0620996747497264e-07
Oriental,Antioquia,4286,3.0597803208415876e-07
Oriental,Antioquia,4287,3.057419736117209e-07
Oriental,Antioquia,4288,3.0564745430170987e-07
Oriental,Antioquia,4289,3.0560042130837915e-07
Oriental,Antioquia,4290,3.0548565827237736e-07
Oriental,Antioquia,4291,3.054396507737239e-07
Oriental,Antioquia,4292,3.052810421909875e-07
Oriental,Antioquia,4293,3.051617627883527e-07
Oriental,Antioquia,4294,3.053022007175163e-07
Oriental,Antioquia,4295,3.0546493145652977e-07
Oriental,Antioquia,4296,3.054889153448893e-07
Oriental,Antioquia,4297,2.3144751964005534e-07
Oriental,Antioquia,4298,2.3145877472642804e-07
Oriental,Antioquia,4299,2.3147275712466865e-07
Oriental,Antioquia,4300,2.3151017868533237e-07
Oriental,Antioquia,4301,2.3155841137340028e-07
Oriental,Antioquia,4302,2.3159313650945018e-07
Oriental,Antioquia,4303,2.319931401700195e-07
Oriental,Antioquia,4304,1.299807218826895e-06
Oriental,Antioquia,4305,3.867697645912332e-05
Oriental,Antioquia,4306,3.9224875716664354e-05
Oriental,Antioquia,4307,3.953255880844598e-05
Oriental,Antioquia,4308,3.955570648974404e-05
Oriental,Antioquia,4309,3.930483726071725e-05
Oriental,Antioquia,4310,3.8695422398550654e-05
Oriental,Antioquia,4311,1.3032801704015846e-06
Oriental,Antioquia,4312,2.3422984172511847e-07
Oriental,Antioquia,4313,2.3160432275293663e-07
Oriental,Antioquia,4314,2.3145430811115087e-07
Oriental,Antioquia,4315,2.3138972930143772e-07
Oriental,Antioquia,4316,2.3136538844412694e-07
Oriental,Antioquia,4317,2.3132643167526453e-07
Oriental,Antioquia,4318,2.313695807162072e-07
Oriental,Antioquia,4319,2.3142088922905765e-07
Oriental,Antioquia,4320,2.3144767303615147e-07
Oriental,Antioquia,4321,2.927452981349104e-07
Oriental,Antioquia,4322,2.9290793063574995e-07
Oriental,Antioquia,4323,2.9312481887512456e-07
Oriental,Antioquia,4324,2.9326612229974574e-07
Oriental,Antioquia,4325,2.9332109195188977e-07
Oriental,Antioquia,4326,2.9327006642894024e-07
Oriental,Antioquia,4327,2.933369538232427e-07
Oriental,Antioquia,4328,2.9369715008093e-07
Oriental,Antioquia,4329,2.9386945054157104e-07
Oriental,Antioquia,4330,2.9399497735290596e-07
Oriental,Antioquia,4331,2.941131742519116e-07
Oriental,Antioquia,4332,2.9412101804960307e-07
Oriental,Antioquia,4333,2.9406779029581764e-07
Oriental,Antioquia,4334,2.9401000310705383e-07
Oriental,Antioquia,4335,2.9377528557011847e-07
Oriental,Antioquia,4336,2.931180864831412e-07
Oriental,Antioquia,4337,2.928843320146332e-07
Oriental,Antioquia,4338,2.9276305921338307e-07
Oriental,Antioquia,4339,2.927235602562833e-07
Oriental,Antioquia,4340,2.9251475511749894e-07
Oriental,Antioquia,4341,2.9230426265200466e-07
Oriental,Antioquia,4342,2.9243492494842687e-07
Oriental,Antioquia,4343,2.927037119004875e-07
Oriental,Antioquia,4344,2.92738916124715e-07
Oriental,Antioquia,4345,2.3130156038451998e-07
Oriental,Antioquia,4346,2.3135452622527527e-07
Oriental,Antioquia,4347,2.3195769260520407e-07
Oriental,Antioquia,4348,2.528020443176217e-07
Oriental,Antioquia,4349,1.2957793738486279e-06
Oriental,Antioquia,4350,1.2978977112171258e-06
Oriental,Antioquia,4351,1.3008717012069643e-06
Oriental,Antioquia,4352,3.8919044874213216e-05
Oriental,Antioquia,4353,3.908399998144812e-05
Oriental,Antioquia,4354,3.9354558683139434e-05
Oriental,Antioquia,4355,3.953199673547687e-05
Oriental,Antioquia,4356,3.956090774755874e-05
Oriental,Antioquia,4357,3.941422845922871e-05
Oriental,Antioquia,4358,3.915161247585496e-05
Oriental,Antioquia,4359,3.895803209590357e-05
Oriental,Antioquia,4360,3.626130375327829e-05
Oriental,Antioquia,4361,1.298384838405679e-06
Oriental,Antioquia,4362,2.3144888558963282e-07
Oriental,Antioquia,4363,2.311964331386271e-07
Oriental,Antioquia,4364,2.31092024281996e-07
Oriental,Antioquia,4365,2.3096676597614253e-07
Oriental,Antioquia,4366,2.3101173558193778e-07
Oriental,Antioquia,4367,2.3109251245914532e-07
Oriental,Antioquia,4368,2.3115555045398707e-07
Oriental,Antioquia,4369,4.599264186343953e-08
Oriental,Antioquia,4370,4.599719171583547e-08
Oriental,Antioquia,4371,4.600154536545806e-08
Oriental,Antioquia,4372,4.600577947209141e-08
Oriental,Antioquia,4373,4.600856072297488e-08
Oriental,Antioquia,4374,4.601225148501555e-08
Oriental,Antioquia,4375,4.601852771115911e-08
Oriental,Antioquia,4376,4.60645654001949e-08
Oriental,Antioquia,4377,4.612597552889545e-08
Oriental,Antioquia,4378,4.6231942960919566e-08
Oriental,Antioquia,4379,4.650418845174239e-08
Oriental,Antioquia,4380,4.6516789533559634e-08
Oriental,Antioquia,4381,4.62728234813942e-08
Oriental,Antioquia,4382,4.616848700181827e-08
Oriental,Antioquia,4383,4.6089266417823336e-08
Oriental,Antioquia,4384,4.605570501089717e-08
Oriental,Antioquia,4385,4.603153845815362e-08
Oriental,Antioquia,4386,4.599157062357591e-08
Oriental,Antioquia,4387,4.5972315498859996e-08
Oriental,Antioquia,4388,4.589830453429965e-08
Oriental,Antioquia,4389,4.5901151208659586e-08
Oriental,Antioquia,4390,4.5941419544875297e-08
Oriental,Antioquia,4391,4.59726372005679e-08
Oriental,Antioquia,4392,4.5986754700529296e-08
Oriental,Antioquia,4393,5.62863302539315e-07
Oriental,Antioquia,4394,5.628727006967473e-07
Oriental,Antioquia,4395,5.629034610888377e-07
Oriental,Antioquia,4396,5.62954671940655e-07
Oriental,Antioquia,4397,5.630722711461462e-07
Oriental,Antioquia,4398,5.631980512270023e-07
Oriental,Antioquia,4399,5.647982489935516e-07
Oriental,Antioquia,4400,5.737101417856611e-07
Oriental,Antioquia,4401,1.1777267782090307e-06
Oriental,Antioquia,4402,2.0706701558086553e-06
Oriental,Antioquia,4403,2.0746885113169442e-06
Oriental,Antioquia,4404,2.0748693469910944e-06
Oriental,Antioquia,4405,2.071133093030695e-06
Oriental,Antioquia,4406,1.1793790903910758e-06
Oriental,Antioquia,4407,6.084434842574508e-07
Oriental,Antioquia,4408,5.671408420122488e-07
Oriental,Antioquia,4409,5.631127485596577e-07
Oriental,Antioquia,4410,5.629106315465145e-07
Oriental,Antioquia,4411,5.628664702654933e-07
Oriental,Antioquia,4412,5.628445021347267e-07
Oriental,Antioquia,4413,5.62837816822103e-07
Oriental,Antioquia,4414,5.62846257934337e-07
Oriental,Antioquia,4415,5.628531414840911e-07
Oriental,Antioquia,4416,5.62859786096389e-07
Oriental,Antioquia,5185,3.537408632070506e-07
Oriental,Antioquia,5186,3.535455595426498e-07
Oriental,Antioquia,5187,3.5345771331328546e-07
Oriental,Antioquia,5188,3.533521409406313e-07
Oriental,Antioquia,5189,3.533046088031187e-07
Oriental,Antioquia,5190,3.533316279556288e-07
Oriental,Antioquia,5191,3.532868196508477e-07
Oriental,Antioquia,5192,3.530221419684212e-07
Oriental,Antioquia,5193,3.5346464312386274e-07
Oriental,Antioquia,5194,3.53925910661611e-07
Oriental,Antioquia,5195,3.5487744185447444e-07
Oriental,Antioquia,5196,3.546961538687207e-07
Oriental,Antioquia,5197,3.538845709880995e-07
Oriental,Antioquia,5198,3.5340149270343475e-07
Oriental,Antioquia,5199,3.525056781257115e-07
Oriental,Antioquia,5200,3.5280548547301e-07
Oriental,Antioquia,5201,3.5346620108422624e-07
Oriental,Antioquia,5202,3.536835789109186e-07
Oriental,Antioquia,5203,3.5363038558378087e-07
Oriental,Antioquia,5204,3.5263704968295817e-07
Oriental,Antioquia,5205,3.504098600696207e-07
Oriental,Antioquia,5206,3.5277835264802856e-07
Oriental,Antioquia,5207,3.5346447272465803e-07
Oriental,Antioquia,5208,3.5417377533278943e-07
Oriental,Antioquia,5209,1.7878701640479843e-06
Oriental,Antioquia,5210,1.777354204067605e-06
Oriental,Antioquia,5211,1.7773760966753546e-06
Oriental,Antioquia,5212,1.777985321022992e-06
Oriental,Antioquia,5213,1.7781676254112656e-06
Oriental,Antioquia,5214,1.7776066222694486e-06
Oriental,Antioquia,5215,1.7773490605911007e-06
Oriental,Antioquia,5216,1.7803540505143092e-06
Oriental,Antioquia,5217,1.8963804606982457e-06
Oriental,Antioquia,5218,2.5617588186509568e-06
Oriental,Antioquia,5219,2.998610046304032e-06
Oriental,Antioquia,5220,2.99672163956769e-06
Oriental,Antioquia,5221,1.968646992189066e-06
Oriental,Antioquia,5222,1.907826367127427e-06
Oriental,Antioquia,5223,1.7753913252335543e-06
Oriental,Antioquia,5224,1.7736539734976567e-06
Oriental,Antioquia,5225,1.7824479431683622e-06
Oriental,Antioquia,5226,1.7800410552636412e-06
Oriental,Antioquia,5227,1.7841080244042961e-06
Oriental,Antioquia,5228,1.7708919945897567e-06
Oriental,Antioquia,5229,1.769406495818745e-06
Oriental,Antioquia,5230,1.7713448491306833e-06
Oriental,Antioquia,5231,1.780197125526125e-06
Oriental,Antioquia,5232,1.7878182459877207e-06
Oriental,Antioquia,5233,4.239098428107533e-07
Oriental,Antioquia,5234,4.2381825746744855e-07
Oriental,Antioquia,5235,4.2378975881077203e-07
Oriental,Antioquia,5236,4.2380160526282953e-07
Oriental,Antioquia,5237,4.23814558788415e-07
Oriental,Antioquia,5238,4.238034230781747e-07
Oriental,Antioquia,5239,4.2379315450667697e-07
Oriental,Antioquia,5240,4.2398307580848596e-07
Oriental,Antioquia,5241,4.3618163849963175e-07
Oriental,Antioquia,5242,4.3674450202243833e-07
Oriental,Antioquia,5243,4.3700336183851267e-07
Oriental,Antioquia,5244,4.369369034160253e-07
Oriental,Antioquia,5245,4.365346530064718e-07
Oriental,Antioquia,5246,4.24502832159641e-07
Oriental,Antioquia,5247,4.234683346486544e-07
Oriental,Antioquia,5248,4.2350464637616423e-07
Oriental,Antioquia,5249,4.2379761749695604e-07
Oriental,Antioquia,5250,4.2377381191451346e-07
Oriental,Antioquia,5251,4.237916589534686e-07
Oriental,Antioquia,5252,2.856349280923728e-07
Oriental,Antioquia,5253,2.8539133186793613e-07
Oriental,Antioquia,5254,2.8562874747716977e-07
Oriental,Antioquia,5255,4.236909639466577e-07
Oriental,Antioquia,5256,4.24025467633436e-07
Oriental,Antioquia,5257,1.5574868401227059e-06
Oriental,Antioquia,5258,2.380349249574981e-06
Oriental,Antioquia,5259,2.3843220658555466e-06
Oriental,Antioquia,5260,2.385837222474744e-06
Oriental,Antioquia,5261,2.3863408117486626e-06
Oriental,Antioquia,5262,2.385127338846335e-06
Oriental,Antioquia,5263,2.3840533767439842e-06
Oriental,Antioquia,5264,2.387586124050733e-06
Oriental,Antioquia,5265,2.5329061003694826e-06
Oriental,Antioquia,5266,2.535739882240652e-06
Oriental,Antioquia,5267,2.539296743018065e-06
Oriental,Antioquia,5268,2.538925149289346e-06
Oriental,Antioquia,5269,2.533578655080122e-06
Oriental,Antioquia,5270,2.5275428084125785e-06
Oriental,Antioquia,5271,2.3820111025944427e-06
Oriental,Antioquia,5272,1.556695824028365e-06
Oriental,Antioquia,5273,1.5566297437651387e-06
Oriental,Antioquia,5274,1.5573108896233255e-06
Oriental,Antioquia,5275,1.5574587700015783e-06
Oriental,Antioquia,5276,1.5573495883353029e-06
Oriental,Antioquia,5277,1.5557553031770578e-06
Oriental,Antioquia,5278,1.556965491489697e-06
Oriental,Antioquia,5279,1.5581489310389962e-06
Oriental,Antioquia,5280,1.5574140662892642e-06
Oriental,Antioquia,5281,2.2816219259996864e-07
Oriental,Antioquia,5282,3.207556775079338e-07
Oriental,Antioquia,5283,3.2091800636095267e-07
Oriental,Antioquia,5284,3.209970079243636e-07
Oriental,Antioquia,5285,3.2103042404145767e-07
Oriental,Antioquia,5286,3.2102650728522775e-07
Oriental,Antioquia,5287,3.210569045474251e-07
Oriental,Antioquia,5288,3.2126023154211453e-07
Oriental,Antioquia,5289,3.213584237149113e-07
Oriental,Antioquia,5290,3.2136237466289227e-07
Oriental,Antioquia,5291,3.2140653054610335e-07
Oriental,Antioquia,5292,3.2136596619122034e-07
Oriental,Antioquia,5293,3.212795794752207e-07
Oriental,Antioquia,5294,3.2129958611558805e-07
Oriental,Antioquia,5295,3.2104404781801777e-07
Oriental,Antioquia,5296,3.2017907874368136e-07
Oriental,Antioquia,5297,2.2716203940206437e-07
Oriental,Antioquia,5298,2.2714476898153433e-07
Oriental,Antioquia,5299,2.271760477779279e-07
Oriental,Antioquia,5300,2.1419484897967365e-07
Oriental,Antioquia,5301,2.0977632475766313e-07
Oriental,Antioquia,5302,2.1409884732753188e-07
Oriental,Antioquia,5303,2.2695796181500364e-07
Oriental,Antioquia,5304,2.272955931440161e-07
Oriental,Antioquia,5305,1.916049008660842e-06
Oriental,Antioquia,5306,2.6564701701985965e-06
Oriental,Antioquia,5307,2.658096164552362e-06
Oriental,Antioquia,5308,2.6588390549744524e-06
Oriental,Antioquia,5309,2.6593528669163882e-06
Oriental,Antioquia,5310,2.6589746370495917e-06
Oriental,Antioquia,5311,2.659093738894552e-06
Oriental,Antioquia,5312,2.6607948488030465e-06
Oriental,Antioquia,5313,2.6608087123070467e-06
Oriental,Antioquia,5314,2.6622869345056665e-06
Oriental,Antioquia,5315,2.663950045726611e-06
Oriental,Antioquia,5316,2.6627784690903406e-06
Oriental,Antioquia,5317,2.6583127094039583e-06
Oriental,Antioquia,5318,2.656324510965095e-06
Oriental,Antioquia,5319,2.6556921327046853e-06
Oriental,Antioquia,5320,2.6498850236517718e-06
Oriental,Antioquia,5321,1.2606671623851803e-06
Oriental,Antioquia,5322,1.254667147662069e-06
Oriental,Antioquia,5323,1.2548120453600597e-06
Oriental,Antioquia,5324,1.2542743172346566e-06
Oriental,Antioquia,5325,1.253077758795233e-06
Oriental,Antioquia,5326,1.253739664166722e-06
Oriental,Antioquia,5327,1.2546138506034577e-06
Oriental,Antioquia,5328,1.2564269407265453e-06
Oriental,Antioquia,5329,3.0117413100565187e-07
Oriental,Antioquia,5330,3.0119913458100923e-07
Oriental,Antioquia,5331,3.012252690245102e-07
Oriental,Antioquia,5332,3.012513155601749e-07
Oriental,Antioquia,5333,3.012712608048595e-07
Oriental,Antioquia,5334,3.012746579119895e-07
Oriental,Antioquia,5335,3.0128620148974614e-07
Oriental,Antioquia,5336,3.014279796794124e-07
Oriental,Antioquia,5337,3.0157280726210586e-07
Oriental,Antioquia,5338,3.017391336959192e-07
Oriental,Antioquia,5339,3.0186889020831593e-07
Oriental,Antioquia,5340,3.018224112812386e-07
Oriental,Antioquia,5341,3.016070023901421e-07
Oriental,Antioquia,5342,3.014028123459238e-07
Oriental,Antioquia,5343,3.012210644829623e-07
Oriental,Antioquia,5344,3.0114535819530766e-07
Oriental,Antioquia,5345,3.0109201413046394e-07
Oriental,Antioquia,5346,3.0101354980748776e-07
Oriental,Antioquia,5347,3.010538792144912e-07
Oriental,Antioquia,5348,2.0079761353073882e-07
Oriental,Antioquia,5349,2.008133398932599e-07
Oriental,Antioquia,5350,3.006713175953226e-07
Oriental,Antioquia,5351,3.010829973612251e-07
Oriental,Antioquia,5352,3.011561161455351e-07
Oriental,Antioquia,5353,1.64287845903175e-08
Oriental,Antioquia,5354,1.7741349335827568e-06
Oriental,Antioquia,5355,1.784125002022234e-06
Oriental,Antioquia,5356,1.7850064805389574e-06
Oriental,Antioquia,5357,1.7852484791219267e-06
Oriental,Antioquia,5358,1.7847584448016594e-06
Oriental,Antioquia,5359,1.7846690266139002e-06
Oriental,Antioquia,5360,1.7859177004072799e-06
Oriental,Antioquia,5361,1.7921429453670257e-06
Oriental,Antioquia,5362,1.7975648828293071e-06
Oriental,Antioquia,5363,1.8000104070688416e-06
Oriental,Antioquia,5364,1.7990588444157304e-06
Oriental,Antioquia,5365,1.7930996400929475e-06
Oriental,Antioquia,5366,1.784900951863894e-06
Oriental,Antioquia,5367,1.7759250775728791e-06
Oriental,Antioquia,5368,1.64512861811947e-08
Oriental,Antioquia,5369,1.6439470268814826e-08
Oriental,Antioquia,5370,1.6853130387637297e-08
Oriental,Antioquia,5371,1.6848823819941304e-08
Oriental,Antioquia,5372,1.7077935983545295e-08
Oriental,Antioquia,5373,1.7077160797494218e-08
Oriental,Antioquia,5374,1.684095199458706e-08
Oriental,Antioquia,5375,1.6841361367164594e-08
Oriental,Antioquia,5376,1.6424926644591814e-08
Antioquia,Surocciden,1,682.7583006028045
Antioquia,Surocciden,2,650.5347940761958
Antioquia,Surocciden,3,630.1190456531365
Antioquia,Surocciden,4,614.7250891750781
Antioquia,Surocciden,5,606.5805438543092
Antioquia,Surocciden,6,615.8094915596545
Antioquia,Surocciden,7,635.6523192581221
Antioquia,Surocciden,8,639.7218935225526
Antioquia,Surocciden,9,663.9972145744557
Antioquia,Surocciden,10,689.6301787693811
Antioquia,Surocciden,11,704.024172975919
Antioquia,Surocciden,12,721.3574214899459
Antioquia,Surocciden,13,738.7822556158743
Antioquia,Surocciden,14,739.970251315309
Antioquia,Surocciden,15,747.700045551961
Antioquia,Surocciden,16,763.2467356282992
Antioquia,Surocciden,17,768.2990760761884
Antioquia,Surocciden,18,764.1325049871508
Antioquia,Surocciden,19,753.2238307127155
Antioquia,Surocciden,20,789.8521632028704
Antioquia,Surocciden,21,798.8859071191819
Antioquia,Surocciden,22,780.4271693326156
Antioquia,Surocciden,23,751.2622015516579
Antioquia,Surocciden,24,714.7580095099759
Antioquia,Surocciden,25,693.8355734854039
Antioquia,Surocciden,26,674.8267589520858
Antioquia,Surocciden,27,646.4271207398893
Antioquia,Surocciden,28,622.2699055764144
Antioquia,Surocciden,29,604.4620907851883
Antioquia,Surocciden,30,594.285869941494
Antioquia,Surocciden,31,580.1868284356126
Antioquia,Surocciden,32,541.3461491007478
Antioquia,Surocciden,33,549.5872969838221
Antioquia,Surocciden,34,580.1608653719325
Antioquia,Surocciden,35,610.2235063565763
Antioquia,Surocciden,36,636.9515447235831
Antioquia,Surocciden,37,664.4086920475509
Antioquia,Surocciden,38,682.7346099952122
Antioquia,Surocciden,39,691.0247376199169
Antioquia,Surocciden,40,695.55609372931
Antioquia,Surocciden,41,698.5405297697926
Antioquia,Surocciden,42,705.7410650086584
Antioquia,Surocciden,43,716.1608793518743
Antioquia,Surocciden,44,790.1890637999547
Antioquia,Surocciden,45,814.811523495289
Antioquia,Surocciden,46,803.4243148099487
Antioquia,Surocciden,47,776.7918335382122
Antioquia,Surocciden,48,737.6226528531128
Antioquia,Surocciden,49,688.6913146071453
Antioquia,Surocciden,50,654.0158434889759
Antioquia,Surocciden,51,630.2311864179321
Antioquia,Surocciden,52,610.856623303383
Antioquia,Surocciden,53,601.1426722694467
Antioquia,Surocciden,54,618.7066823149827
Antioquia,Surocciden,55,648.896627887563
Antioquia,Surocciden,56,651.7044593901695
Antioquia,Surocciden,57,675.6561505477334
Antioquia,Surocciden,58,698.0781949512482
Antioquia,Surocciden,59,711.709183358174
Antioquia,Surocciden,60,729.9427828496512
Antioquia,Surocciden,61,746.1493682008986
Antioquia,Surocciden,62,745.1174208781521
Antioquia,Surocciden,63,755.0368651286803
Antioquia,Surocciden,64,770.4939963274744
Antioquia,Surocciden,65,778.075054817884
Antioquia,Surocciden,66,776.9750274634378
Antioquia,Surocciden,67,764.153656281879
Antioquia,Surocciden,68,794.7613933882645
Antioquia,Surocciden,69,808.9603330329965
Antioquia,Surocciden,70,793.3519719020351
Antioquia,Surocciden,71,764.2572732251365
Antioquia,Surocciden,72,725.4574006420677
Antioquia,Surocciden,73,828.3933362242933
Antioquia,Surocciden,74,821.913944218369
Antioquia,Surocciden,75,774.9125870171488
Antioquia,Surocciden,76,736.4713682268092
Antioquia,Surocciden,77,708.0300498385241
Antioquia,Surocciden,78,695.2768562262285
Antioquia,Surocciden,79,667.7464559511326
Antioquia,Surocciden,80,619.4754700218169
Antioquia,Surocciden,81,647.1132139608109
Antioquia,Surocciden,82,691.9957964589007
Antioquia,Surocciden,83,734.1984978666134
Antioquia,Surocciden,84,772.5939734745779
Antioquia,Surocciden,85,808.9640486943387
Antioquia,Surocciden,86,830.3893696973544
Antioquia,Surocciden,87,842.4315045432141
Antioquia,Surocciden,88,843.6478256185992
Antioquia,Surocciden,89,845.6515323786123
Antioquia,Surocciden,90,851.3686135790787
Antioquia,Surocciden,91,860.1520629033196
Antioquia,Surocciden,92,942.1109643067412
Antioquia,Surocciden,93,972.6362297489864
Antioquia,Surocciden,94,961.3954224153706
Antioquia,Surocciden,95,931.8756796532518
Antioquia,Surocciden,96,884.1485297704164
Antioquia,Surocciden,97,774.1826306296587
Antioquia,Surocciden,98,716.1480810700715
Antioquia,Surocciden,99,683.3243113680016
Antioquia,Surocciden,100,659.1533310967491
Antioquia,Surocciden,101,647.4435182543355
Antioquia,Surocciden,102,662.567040549718
Antioquia,Surocciden,103,690.0113518455034
Antioquia,Surocciden,104,695.3954481024099
Antioquia,Surocciden,105,737.0949839747345
Antioquia,Surocciden,106,778.6493573282323
Antioquia,Surocciden,107,802.6647068661907
Antioquia,Surocciden,108,833.2870738639688
Antioquia,Surocciden,109,860.7781486357812
Antioquia,Surocciden,110,862.2310114420109
Antioquia,Surocciden,111,878.4427340077358
Antioquia,Surocciden,112,902.7159720994115
Antioquia,Surocciden,113,911.9388763606312
Antioquia,Surocciden,114,909.9893938503097
Antioquia,Surocciden,115,887.395593795098
Antioquia,Surocciden,116,922.9964149288697
Antioquia,Surocciden,117,949.5009797809242
Antioquia,Surocciden,118,932.2694118666144
Antioquia,Surocciden,119,893.4753495987057
Antioquia,Surocciden,120,835.135523077015
Antioquia,Surocciden,121,779.4366773187146
Antioquia,Surocciden,122,764.509102282401
Antioquia,Surocciden,123,712.5866717818251
Antioquia,Surocciden,124,670.375499711809
Antioquia,Surocciden,125,638.743416130877
Antioquia,Surocciden,126,620.6848262396431
Antioquia,Surocciden,127,591.4971801336889
Antioquia,Surocciden,128,539.9350284373891
Antioquia,Surocciden,129,564.5365235186487
Antioquia,Surocciden,130,605.23750905314
Antioquia,Surocciden,131,644.0603174876567
Antioquia,Surocciden,132,681.587418753842
Antioquia,Surocciden,133,724.6561220141803
Antioquia,Surocciden,134,757.6509361379113
Antioquia,Surocciden,135,777.0762163050886
Antioquia,Surocciden,136,781.2302856280041
Antioquia,Surocciden,137,785.5087434151478
Antioquia,Surocciden,138,793.7975997347828
Antioquia,Surocciden,139,800.3617741292275
Antioquia,Surocciden,140,902.9334353313112
Antioquia,Surocciden,141,966.3328814119678
Antioquia,Surocciden,142,953.25322897731
Antioquia,Surocciden,143,916.8053441602921
Antioquia,Surocciden,144,851.1089832933754
Antioquia,Surocciden,145,974.2258769851438
Antioquia,Surocciden,146,925.5266065729805
Antioquia,Surocciden,147,894.2491576153639
Antioquia,Surocciden,148,870.3461283768025
Antioquia,Surocciden,149,857.8642571910411
Antioquia,Surocciden,150,872.582233117912
Antioquia,Surocciden,151,899.7964644502348
Antioquia,Surocciden,152,906.6748492278169
Antioquia,Surocciden,153,944.645988799156
Antioquia,Surocciden,154,977.3929601370422
Antioquia,Surocciden,155,996.2517374341751
Antioquia,Surocciden,156,1019.3868832964689
Antioquia,Surocciden,157,1041.7487133004602
Antioquia,Surocciden,158,1044.5202087098025
Antioquia,Surocciden,159,1057.5708745822249
Antioquia,Surocciden,160,1076.6247574681183
Antioquia,Surocciden,161,1082.6745225698041
Antioquia,Surocciden,162,1081.0542282775955
Antioquia,Surocciden,163,1074.5347626447149
Antioquia,Surocciden,164,1109.434288324697
Antioquia,Surocciden,165,1109.0957104075844
Antioquia,Surocciden,166,1094.7020182817907
Antioquia,Surocciden,167,1064.122884828292
Antioquia,Surocciden,168,1018.3857444539508
Antioquia,Surocciden,169,1110.9998364406897
Antioquia,Surocciden,170,1093.6956913293404
Antioquia,Surocciden,171,1060.1755665975963
Antioquia,Surocciden,172,1027.010637820438
Antioquia,Surocciden,173,993.1368192358908
Antioquia,Surocciden,174,977.4747868004574
Antioquia,Surocciden,175,947.6383016359874
Antioquia,Surocciden,176,892.9388407924517
Antioquia,Surocciden,177,926.0859421537486
Antioquia,Surocciden,178,974.3603301156318
Antioquia,Surocciden,179,1015.0503904721608
Antioquia,Surocciden,180,1049.3740513933474
Antioquia,Surocciden,181,1083.5987668723092
Antioquia,Surocciden,182,1103.1455409681437
Antioquia,Surocciden,183,1113.1526330104489
Antioquia,Surocciden,184,1116.0878121096598
Antioquia,Surocciden,185,1119.9117765226486
Antioquia,Surocciden,186,1123.9515986037875
Antioquia,Surocciden,187,1140.1504589454378
Antioquia,Surocciden,188,1194.0022794926444
Antioquia,Surocciden,189,1203.0057889450595
Antioquia,Surocciden,190,1196.947074060188
Antioquia,Surocciden,191,1180.5243419526457
Antioquia,Surocciden,192,1151.091032835125
Antioquia,Surocciden,385,522.8016552107127
Antioquia,Surocciden,386,496.1888918679926
Antioquia,Surocciden,387,478.18972254805357
Antioquia,Surocciden,388,464.382833464964
Antioquia,Surocciden,389,456.6869982760189
Antioquia,Surocciden,390,462.22170051827067
Antioquia,Surocciden,391,474.09856530929716
Antioquia,Surocciden,392,468.1675213449153
Antioquia,Surocciden,393,483.3944194553468
Antioquia,Surocciden,394,508.96971977976364
Antioquia,Surocciden,395,525.339720167655
Antioquia,Surocciden,396,537.4794387302536
Antioquia,Surocciden,397,545.5879742151886
Antioquia,Surocciden,398,545.1666096037841
Antioquia,Surocciden,399,556.4663248556028
Antioquia,Surocciden,400,575.2133276364906
Antioquia,Surocciden,401,586.1284630700624
Antioquia,Surocciden,402,589.2429211287644
Antioquia,Surocciden,403,583.2137281722987
Antioquia,Surocciden,404,624.6852863294661
Antioquia,Surocciden,405,636.539720568681
Antioquia,Surocciden,406,618.1141039791581
Antioquia,Surocciden,407,588.6895491110749
Antioquia,Surocciden,408,552.8503474325672
Antioquia,Surocciden,409,707.3008684933253
Antioquia,Surocciden,410,643.4648134169955
Antioquia,Surocciden,411,606.3353751508155
Antioquia,Surocciden,412,580.8694302486201
Antioquia,Surocciden,413,566.3719541073417
Antioquia,Surocciden,414,581.2430847201065
Antioquia,Surocciden,415,612.1628807190975
Antioquia,Surocciden,416,610.1174088526476
Antioquia,Surocciden,417,639.3126423065609
Antioquia,Surocciden,418,674.3417085913657
Antioquia,Surocciden,419,692.1225083430675
Antioquia,Surocciden,420,719.4098117582843
Antioquia,Surocciden,421,754.138398020044
Antioquia,Surocciden,422,763.5935965367048
Antioquia,Surocciden,423,790.0517012259346
Antioquia,Surocciden,424,833.6004269488717
Antioquia,Surocciden,425,856.6636871736662
Antioquia,Surocciden,426,863.7347762597029
Antioquia,Surocciden,427,850.4291797889738
Antioquia,Surocciden,428,911.2788588125766
Antioquia,Surocciden,429,924.6958698429269
Antioquia,Surocciden,430,894.9314898294907
Antioquia,Surocciden,431,843.8739092566121
Antioquia,Surocciden,432,775.9187930499487
Antioquia,Surocciden,433,534.5271776540094
Antioquia,Surocciden,434,502.4402458997844
Antioquia,Surocciden,435,479.9184079279834
Antioquia,Surocciden,436,463.31936027498216
Antioquia,Surocciden,437,454.53469614790043
Antioquia,Surocciden,438,464.84122381123404
Antioquia,Surocciden,439,482.19187892597273
Antioquia,Surocciden,440,473.71125838804693
Antioquia,Surocciden,441,490.4971744111772
Antioquia,Surocciden,442,508.7401956950502
Antioquia,Surocciden,443,520.1578195093363
Antioquia,Surocciden,444,535.556183837176
Antioquia,Surocciden,445,552.62872176538
Antioquia,Surocciden,446,556.2600781722379
Antioquia,Surocciden,447,570.7665451572349
Antioquia,Surocciden,448,590.5803531938568
Antioquia,Surocciden,449,604.3466233403554
Antioquia,Surocciden,450,610.4349815542272
Antioquia,Surocciden,451,602.5808232599428
Antioquia,Surocciden,452,638.8025704951832
Antioquia,Surocciden,453,655.8122529598204
Antioquia,Surocciden,454,639.9456504349092
Antioquia,Surocciden,455,609.7123257332796
Antioquia,Surocciden,456,570.6119040994143
Antioquia,Surocciden,457,881.6696394863758
Antioquia,Surocciden,458,804.8812764927404
Antioquia,Surocciden,459,750.925695025285
Antioquia,Surocciden,460,709.9400843582674
Antioquia,Surocciden,461,691.5181338593383
Antioquia,Surocciden,462,726.0746664931917
Antioquia,Surocciden,463,796.4623511446139
Antioquia,Surocciden,464,788.9096760393736
Antioquia,Surocciden,465,828.2665471692203
Antioquia,Surocciden,466,873.980380769173
Antioquia,Surocciden,467,894.3370257001258
Antioquia,Surocciden,468,934.160310923216
Antioquia,Surocciden,469,974.1161724392609
Antioquia,Surocciden,470,972.4178361085477
Antioquia,Surocciden,471,1003.5568736006755
Antioquia,Surocciden,472,1046.8105575929646
Antioquia,Surocciden,473,1067.9805814755905
Antioquia,Surocciden,474,1071.6913650032445
Antioquia,Surocciden,475,1049.4409160878567
Antioquia,Surocciden,476,1098.721683406846
Antioquia,Surocciden,477,1118.0956569161406
Antioquia,Surocciden,478,1095.5412995723389
Antioquia,Surocciden,479,1047.5428351874175
Antioquia,Surocciden,480,967.2770044508464
Antioquia,Surocciden,481,643.6581501059443
Antioquia,Surocciden,482,591.5999010506721
Antioquia,Surocciden,483,557.3175950709242
Antioquia,Surocciden,484,531.8801148473142
Antioquia,Surocciden,485,518.7034786173783
Antioquia,Surocciden,486,529.0691044841406
Antioquia,Surocciden,487,543.9871238705
Antioquia,Surocciden,488,530.8785535421413
Antioquia,Surocciden,489,557.2148764618659
Antioquia,Surocciden,490,586.8490676182303
Antioquia,Surocciden,491,604.8283174597943
Antioquia,Surocciden,492,633.1963662812473
Antioquia,Surocciden,493,664.03171393918
Antioquia,Surocciden,494,673.9182322941974
Antioquia,Surocciden,495,698.8079155176456
Antioquia,Surocciden,496,731.6288379227348
Antioquia,Surocciden,497,751.2648046379069
Antioquia,Surocciden,498,760.6646652074518
Antioquia,Surocciden,499,745.4023111432897
Antioquia,Surocciden,500,789.3223390448087
Antioquia,Surocciden,501,821.2633554298939
Antioquia,Surocciden,502,803.3356605957736
Antioquia,Surocciden,503,762.9934879941809
Antioquia,Surocciden,504,703.9086190976749
Antioquia,Surocciden,505,889.8506691093914
Antioquia,Surocciden,506,804.6748502343137
Antioquia,Surocciden,507,749.1468223712848
Antioquia,Surocciden,508,711.7318534821792
Antioquia,Surocciden,509,691.488769996521
Antioquia,Surocciden,510,715.6463878808995
Antioquia,Surocciden,511,763.2293816138538
Antioquia,Surocciden,512,756.4771137295617
Antioquia,Surocciden,513,803.8287721913065
Antioquia,Surocciden,514,851.8997058131841
Antioquia,Surocciden,515,877.595531349428
Antioquia,Surocciden,516,927.4088042969834
Antioquia,Surocciden,517,979.4688833829894
Antioquia,Surocciden,518,981.6318765279381
Antioquia,Surocciden,519,1026.9260335217468
Antioquia,Surocciden,520,1089.8111792390287
Antioquia,Surocciden,521,1120.4185313128785
Antioquia,Surocciden,522,1127.7476678112882
Antioquia,Surocciden,523,1089.8565292027774
Antioquia,Surocciden,524,1145.0899734984182
Antioquia,Surocciden,525,1184.921584994543
Antioquia,Surocciden,526,1160.5830030248428
Antioquia,Surocciden,527,1100.1072389173964
Antioquia,Surocciden,528,995.516727073578
Antioquia,Surocciden,529,841.4803982910817
Antioquia,Surocciden,530,791.705673423985
Antioquia,Surocciden,531,757.3679107622659
Antioquia,Surocciden,532,731.6619355034003
Antioquia,Surocciden,533,716.615905289219
Antioquia,Surocciden,534,726.0861695344273
Antioquia,Surocciden,535,742.2838440854713
Antioquia,Surocciden,536,732.2524624078304
Antioquia,Surocciden,537,759.8933050350206
Antioquia,Surocciden,538,788.6819416736938
Antioquia,Surocciden,539,805.8929925477228
Antioquia,Surocciden,540,833.5602016841809
Antioquia,Surocciden,541,863.8577102023409
Antioquia,Surocciden,542,874.606079964018
Antioquia,Surocciden,543,898.0183948347966
Antioquia,Surocciden,544,928.501458754234
Antioquia,Surocciden,545,945.2544961515274
Antioquia,Surocciden,546,953.0288199844124
Antioquia,Surocciden,547,952.8982660998089
Antioquia,Surocciden,548,1002.4123568159288
Antioquia,Surocciden,549,1004.4456405673674
Antioquia,Surocciden,550,987.2250184159125
Antioquia,Surocciden,551,951.0037413248598
Antioquia,Surocciden,552,896.2799087338759
Antioquia,Surocciden,553,1170.9875835761247
Antioquia,Surocciden,554,1088.2288219618829
Antioquia,Surocciden,555,1031.5464963172883
Antioquia,Surocciden,556,983.9268109297374
Antioquia,Surocciden,557,958.7826085020466
Antioquia,Surocciden,558,998.3332357644049
Antioquia,Surocciden,559,1061.4296408941575
Antioquia,Surocciden,560,1069.5957418640332
Antioquia,Surocciden,561,1127.2404245271853
Antioquia,Surocciden,562,1166.3239703919207
Antioquia,Surocciden,563,1188.304322181207
Antioquia,Surocciden,564,1212.8222382794725
Antioquia,Surocciden,565,1237.7350322245097
Antioquia,Surocciden,566,1240.6565387377402
Antioquia,Surocciden,567,1250.7137521471122
Antioquia,Surocciden,568,1259.5856710287492
Antioquia,Surocciden,569,1263.6511811043117
Antioquia,Surocciden,570,1263.423461986157
Antioquia,Surocciden,571,1259.515236533794
Antioquia,Surocciden,572,1274.8976922755166
Antioquia,Surocciden,573,1273.720939980083
Antioquia,Surocciden,574,1267.5628642635752
Antioquia,Surocciden,575,1251.5474908590581
Antioquia,Surocciden,576,1218.7063367696246
Antioquia,Surocciden,1345,1379.818110933947
Antioquia,Surocciden,1346,1378.6096021508138
Antioquia,Surocciden,1347,1377.8310728915988
Antioquia,Surocciden,1348,1377.4862927765143
Antioquia,Surocciden,1349,1377.2576844962116
Antioquia,Surocciden,1350,1377.400849152735
Antioquia,Surocciden,1351,1377.6759969199888
Antioquia,Surocciden,1352,1377.9612505331468
Antioquia,Surocciden,1353,1379.039588158501
Antioquia,Surocciden,1354,1379.8262072535183
Antioquia,Surocciden,1355,1380.3159581712932
Antioquia,Surocciden,1356,1380.551036350302
Antioquia,Surocciden,1357,1380.7302156858727
Antioquia,Surocciden,1358,1380.4969597812124
Antioquia,Surocciden,1359,1380.0023651335785
Antioquia,Surocciden,1360,1380.991724151283
Antioquia,Surocciden,1361,1382.2700748801226
Antioquia,Surocciden,1362,1383.0064871882612
Antioquia,Surocciden,1363,1382.9430538442869
Antioquia,Surocciden,1364,1385.117709945445
Antioquia,Surocciden,1365,1385.7240976660948
Antioquia,Surocciden,1366,1384.7889269828474
Antioquia,Surocciden,1367,1383.2254570162581
Antioquia,Surocciden,1368,1381.400727159271
Antioquia,Surocciden,1369,1279.2226692209342
Antioquia,Surocciden,1370,1252.9576856323908
Antioquia,Surocciden,1371,1234.7199139873842
Antioquia,Surocciden,1372,1222.616676856891
Antioquia,Surocciden,1373,1219.2850471047443
Antioquia,Surocciden,1374,1224.763577290172
Antioquia,Surocciden,1375,1240.207725337256
Antioquia,Surocciden,1376,1246.3948600725269
Antioquia,Surocciden,1377,1264.3268437945596
Antioquia,Surocciden,1378,1277.4488302610469
Antioquia,Surocciden,1379,1284.5726166117897
Antioquia,Surocciden,1380,1288.5348439813652
Antioquia,Surocciden,1381,1291.3433505115759
Antioquia,Surocciden,1382,1289.6593810220506
Antioquia,Surocciden,1383,1289.1310130550978
Antioquia,Surocciden,1384,1303.6354580814057
Antioquia,Surocciden,1385,1313.5626825575648
Antioquia,Surocciden,1386,1316.6661481698616
Antioquia,Surocciden,1387,1313.4451095395898
Antioquia,Surocciden,1388,1323.6125961923358
Antioquia,Surocciden,1389,1325.3481484960946
Antioquia,Surocciden,1390,1319.8205507059297
Antioquia,Surocciden,1391,1310.2742090280783
Antioquia,Surocciden,1392,1296.3348739156152
Antioquia,Surocciden,1393,1234.3849903925277
Antioquia,Surocciden,1394,1218.1532749605572
Antioquia,Surocciden,1395,1203.9161500349264
Antioquia,Surocciden,1396,1191.2465735401126
Antioquia,Surocciden,1397,1185.9278311360172
Antioquia,Surocciden,1398,1192.2880511723667
Antioquia,Surocciden,1399,1202.8489406655287
Antioquia,Surocciden,1400,1204.7037353478622
Antioquia,Surocciden,1401,1218.6220370269302
Antioquia,Surocciden,1402,1231.1668925444253
Antioquia,Surocciden,1403,1238.444057067041
Antioquia,Surocciden,1404,1242.638328083951
Antioquia,Surocciden,1405,1242.0822292108378
Antioquia,Surocciden,1406,1236.682949497938
Antioquia,Surocciden,1407,1236.2386284441077
Antioquia,Surocciden,1408,1250.2754027955089
Antioquia,Surocciden,1409,1260.8330535164587
Antioquia,Surocciden,1410,1266.2705747745508
Antioquia,Surocciden,1411,1264.1479689422843
Antioquia,Surocciden,1412,1278.461121067995
Antioquia,Surocciden,1413,1285.3458382899578
Antioquia,Surocciden,1414,1278.8770367900827
Antioquia,Surocciden,1415,1266.8192629952018
Antioquia,Surocciden,1416,1250.8789668311429
Antioquia,Surocciden,1417,1335.9782186291254
Antioquia,Surocciden,1418,1315.0008810569911
Antioquia,Surocciden,1419,1298.7680574551302
Antioquia,Surocciden,1420,1284.6734134781439
Antioquia,Surocciden,1421,1277.8629609408986
Antioquia,Surocciden,1422,1292.041086721374
Antioquia,Surocciden,1423,1313.370150698066
Antioquia,Surocciden,1424,1309.2801884361813
Antioquia,Surocciden,1425,1320.832615995239
Antioquia,Surocciden,1426,1330.1547769467256
Antioquia,Surocciden,1427,1333.7934307857072
Antioquia,Surocciden,1428,1338.6920863210653
Antioquia,Surocciden,1429,1342.143161453808
Antioquia,Surocciden,1430,1341.6219871094236
Antioquia,Surocciden,1431,1345.0043080280354
Antioquia,Surocciden,1432,1350.303656111247
Antioquia,Surocciden,1433,1353.7458341055458
Antioquia,Surocciden,1434,1355.13935137855
Antioquia,Surocciden,1435,1353.3194068628268
Antioquia,Surocciden,1436,1357.575599696981
Antioquia,Surocciden,1437,1359.1390926787483
Antioquia,Surocciden,1438,1357.1089086671711
Antioquia,Surocciden,1439,1352.8941956001813
Antioquia,Surocciden,1440,1346.0245022813278
Antioquia,Surocciden,1441,1248.1713667206614
Antioquia,Surocciden,1442,1216.845243926035
Antioquia,Surocciden,1443,1195.2977962599052
Antioquia,Surocciden,1444,1178.588346222113
Antioquia,Surocciden,1445,1169.0489598034749
Antioquia,Surocciden,1446,1176.2380841060194
Antioquia,Surocciden,1447,1183.719674062881
Antioquia,Surocciden,1448,1173.0387358401242
Antioquia,Surocciden,1449,1187.0124042110413
Antioquia,Surocciden,1450,1202.6096415672869
Antioquia,Surocciden,1451,1213.3991869828249
Antioquia,Surocciden,1452,1226.3949856954405
Antioquia,Surocciden,1453,1236.8446543754824
Antioquia,Surocciden,1454,1243.958799273514
Antioquia,Surocciden,1455,1259.8387738977879
Antioquia,Surocciden,1456,1279.2437011067184
Antioquia,Surocciden,1457,1290.6209188420034
Antioquia,Surocciden,1458,1296.153900807951
Antioquia,Surocciden,1459,1292.5229881864086
Antioquia,Surocciden,1460,1304.7034012822767
Antioquia,Surocciden,1461,1314.2951600523627
Antioquia,Surocciden,1462,1308.7215709252944
Antioquia,Surocciden,1463,1297.7901114453132
Antioquia,Surocciden,1464,1278.8362991076378
Antioquia,Surocciden,1465,1293.1534268389285
Antioquia,Surocciden,1466,1246.6178371959409
Antioquia,Surocciden,1467,1219.3363710540757
Antioquia,Surocciden,1468,1195.0946079917444
Antioquia,Surocciden,1469,1184.3250530769355
Antioquia,Surocciden,1470,1200.6004498405564
Antioquia,Surocciden,1471,1224.1352856796987
Antioquia,Surocciden,1472,1213.873840569315
Antioquia,Surocciden,1473,1230.4874637253472
Antioquia,Surocciden,1474,1249.0733417491983
Antioquia,Surocciden,1475,1257.2436900515563
Antioquia,Surocciden,1476,1280.8021847791072
Antioquia,Surocciden,1477,1305.5407172120986
Antioquia,Surocciden,1478,1310.716019199703
Antioquia,Surocciden,1479,1331.007293892909
Antioquia,Surocciden,1480,1347.9115855168086
Antioquia,Surocciden,1481,1355.9755369913225
Antioquia,Surocciden,1482,1360.029449782152
Antioquia,Surocciden,1483,1354.1592940749717
Antioquia,Surocciden,1484,1362.5103892629843
Antioquia,Surocciden,1485,1368.6802866496666
Antioquia,Surocciden,1486,1364.2873236930025
Antioquia,Surocciden,1487,1353.365536354939
Antioquia,Surocciden,1488,1330.143565940614
Antioquia,Surocciden,1489,1385.066824397478
Antioquia,Surocciden,1490,1383.9663470640432
Antioquia,Surocciden,1491,1383.041150319062
Antioquia,Surocciden,1492,1382.2386480565644
Antioquia,Surocciden,1493,1381.7070596941155
Antioquia,Surocciden,1494,1382.07092624503
Antioquia,Surocciden,1495,1382.5450102949603
Antioquia,Surocciden,1496,1381.8589376894038
Antioquia,Surocciden,1497,1382.3042258671196
Antioquia,Surocciden,1498,1382.757455553675
Antioquia,Surocciden,1499,1382.97335964527
Antioquia,Surocciden,1500,1383.5953927520293
Antioquia,Surocciden,1501,1384.427890155511
Antioquia,Surocciden,1502,1384.770442715023
Antioquia,Surocciden,1503,1385.4675203156567
Antioquia,Surocciden,1504,1386.3468535181541
Antioquia,Surocciden,1505,1386.971761811818
Antioquia,Surocciden,1506,1387.3437880251145
Antioquia,Surocciden,1507,1387.4091954241303
Antioquia,Surocciden,1508,1388.775759903471
Antioquia,Surocciden,1509,1388.826374905914
Antioquia,Surocciden,1510,1388.2900465598998
Antioquia,Surocciden,1511,1387.3759125646145
Antioquia,Surocciden,1512,1386.1950031989843
Antioquia,Surocciden,1513,1419.999998770553
Antioquia,Surocciden,1514,1419.9999987682208
Antioquia,Surocciden,1515,1419.9999987689266
Antioquia,Surocciden,1516,1419.999998769339
Antioquia,Surocciden,1517,1419.9999987706808
Antioquia,Surocciden,1518,1419.99999876783
Antioquia,Surocciden,1519,1419.999998771348
Antioquia,Surocciden,1520,1419.9999987683252
Antioquia,Surocciden,1521,1419.9999987683898
Antioquia,Surocciden,1522,1419.9999987678214
Antioquia,Surocciden,1523,1419.999998767276
Antioquia,Surocciden,1524,1419.9999987730537
Antioquia,Surocciden,1525,1419.9999987680246
Antioquia,Surocciden,1526,1419.9999987677875
Antioquia,Surocciden,1527,1419.9999987688698
Antioquia,Surocciden,1528,1419.9999987733336
Antioquia,Surocciden,1529,1419.9999987689928
Antioquia,Surocciden,1530,1419.9999987728618
Antioquia,Surocciden,1531,1419.999998772252
Antioquia,Surocciden,1532,1419.9999987695187
Antioquia,Surocciden,1533,1419.999998769475
Antioquia,Surocciden,1534,1419.9999987678038
Antioquia,Surocciden,1535,1419.9999987646747
Antioquia,Surocciden,1536,1419.9999987675474
Antioquia,Surocciden,2305,1419.9999983807468
Antioquia,Surocciden,2306,1419.9999983805687
Antioquia,Surocciden,2307,1419.9999983807406
Antioquia,Surocciden,2308,1419.9999983804746
Antioquia,Surocciden,2309,1419.9999983809419
Antioquia,Surocciden,2310,1419.9999983806144
Antioquia,Surocciden,2311,1419.9999983811933
Antioquia,Surocciden,2312,1419.9999983808673
Antioquia,Surocciden,2313,1419.9999983811053
Antioquia,Surocciden,2314,1419.999998380942
Antioquia,Surocciden,2315,1419.999998381043
Antioquia,Surocciden,2316,1419.9999983815053
Antioquia,Surocciden,2317,1419.999998381132
Antioquia,Surocciden,2318,1419.9999983808855
Antioquia,Surocciden,2319,1419.9999983808207
Antioquia,Surocciden,2320,1419.9999983805649
Antioquia,Surocciden,2321,1419.9999983807159
Antioquia,Surocciden,2322,1419.9999983807593
Antioquia,Surocciden,2323,1419.9999983806333
Antioquia,Surocciden,2324,1419.9999983808173
Antioquia,Surocciden,2325,1419.9999983809798
Antioquia,Surocciden,2326,1419.9999983810415
Antioquia,Surocciden,2327,1419.9999983808707
Antioquia,Surocciden,2328,1419.999998381214
Antioquia,Surocciden,2329,1419.9999975745507
Antioquia,Surocciden,2330,1419.9999975745222
Antioquia,Surocciden,2331,1419.999997574472
Antioquia,Surocciden,2332,1419.9999975744731
Antioquia,Surocciden,2333,1419.9999975744506
Antioquia,Surocciden,2334,1419.9999975744768
Antioquia,Surocciden,2335,1419.9999975744956
Antioquia,Surocciden,2336,1419.9999975744101
Antioquia,Surocciden,2337,1419.999997574431
Antioquia,Surocciden,2338,1419.9999975744674
Antioquia,Surocciden,2339,1419.999997574469
Antioquia,Surocciden,2340,1419.9999975744795
Antioquia,Surocciden,2341,1419.9999975745463
Antioquia,Surocciden,2342,1419.9999975746043
Antioquia,Surocciden,2343,1419.9999975745409
Antioquia,Surocciden,2344,1419.9999975745973
Antioquia,Surocciden,2345,1419.9999975746648
Antioquia,Surocciden,2346,1419.9999975746541
Antioquia,Surocciden,2347,1419.9999975746978
Antioquia,Surocciden,2348,1419.9999975748437
Antioquia,Surocciden,2349,1419.9999975748653
Antioquia,Surocciden,2350,1419.9999975747492
Antioquia,Surocciden,2351,1419.9999975747141
Antioquia,Surocciden,2352,1419.9999975746346
Antioquia,Surocciden,2353,1419.9999977458895
Antioquia,Surocciden,2354,1419.9999977488649
Antioquia,Surocciden,2355,1419.9999977460066
Antioquia,Surocciden,2356,1419.9999977447033
Antioquia,Surocciden,2357,1419.9999977483787
Antioquia,Surocciden,2358,1419.9999977468772
Antioquia,Surocciden,2359,1419.9999977458876
Antioquia,Surocciden,2360,1419.9999977472967
Antioquia,Surocciden,2361,1419.9999977487694
Antioquia,Surocciden,2362,1419.999997747493
Antioquia,Surocciden,2363,1419.9999977463283
Antioquia,Surocciden,2364,1419.9999977481136
Antioquia,Surocciden,2365,1419.999997746704
Antioquia,Surocciden,2366,1419.9999977472633
Antioquia,Surocciden,2367,1419.9999977475566
Antioquia,Surocciden,2368,1419.999997746968
Antioquia,Surocciden,2369,1419.9999977458845
Antioquia,Surocciden,2370,1419.999997745772
Antioquia,Surocciden,2371,1419.9999977474704
Antioquia,Surocciden,2372,1419.9999977461632
Antioquia,Surocciden,2373,1419.9999977489554
Antioquia,Surocciden,2374,1419.999997745386
Antioquia,Surocciden,2375,1419.9999977463347
Antioquia,Surocciden,2376,1419.999997744776
Antioquia,Surocciden,2377,1419.9999977964026
Antioquia,Surocciden,2378,1419.999997796742
Antioquia,Surocciden,2379,1419.9999977970513
Antioquia,Surocciden,2380,1419.9999977963762
Antioquia,Surocciden,2381,1419.9999977963964
Antioquia,Surocciden,2382,1419.9999977970244
Antioquia,Surocciden,2383,1419.999997796552
Antioquia,Surocciden,2384,1419.9999977967748
Antioquia,Surocciden,2385,1419.9999977963264
Antioquia,Surocciden,2386,1419.9999977964353
Antioquia,Surocciden,2387,1419.9999977966424
Antioquia,Surocciden,2388,1419.9999977964274
Antioquia,Surocciden,2389,1419.9999977965886
Antioquia,Surocciden,2390,1419.9999977968373
Antioquia,Surocciden,2391,1419.9999977972884
Antioquia,Surocciden,2392,1419.9999977963878
Antioquia,Surocciden,2393,1419.9999977969928
Antioquia,Surocciden,2394,1419.9999977969087
Antioquia,Surocciden,2395,1419.9999977970424
Antioquia,Surocciden,2396,1419.9999977969287
Antioquia,Surocciden,2397,1419.9999977975963
Antioquia,Surocciden,2398,1419.999997797139
Antioquia,Surocciden,2399,1419.9999977969685
Antioquia,Surocciden,2400,1419.9999977963114
Antioquia,Surocciden,2401,1419.9999978630515
Antioquia,Surocciden,2402,1419.999997864218
Antioquia,Surocciden,2403,1419.9999978637732
Antioquia,Surocciden,2404,1419.9999978635376
Antioquia,Surocciden,2405,1419.9999978626915
Antioquia,Surocciden,2406,1419.9999978631238
Antioquia,Surocciden,2407,1419.9999978642754
Antioquia,Surocciden,2408,1419.9999978627159
Antioquia,Surocciden,2409,1419.9999978615876
Antioquia,Surocciden,2410,1419.9999978635399
Antioquia,Surocciden,2411,1419.9999978632782
Antioquia,Surocciden,2412,1419.999997864631
Antioquia,Surocciden,2413,1419.9999978632563
Antioquia,Surocciden,2414,1419.9999978634
Antioquia,Surocciden,2415,1419.9999978642957
Antioquia,Surocciden,2416,1419.9999978632097
Antioquia,Surocciden,2417,1419.999997863279
Antioquia,Surocciden,2418,1419.9999978644892
Antioquia,Surocciden,2419,1419.9999978640574
Antioquia,Surocciden,2420,1419.9999978640544
Antioquia,Surocciden,2421,1419.9999978662756
Antioquia,Surocciden,2422,1419.999997864288
Antioquia,Surocciden,2423,1419.9999978651363
Antioquia,Surocciden,2424,1419.9999978648177
Antioquia,Surocciden,2425,1419.9999947240399
Antioquia,Surocciden,2426,1419.9999947243234
Antioquia,Surocciden,2427,1419.9999947214592
Antioquia,Surocciden,2428,1419.9999947200583
Antioquia,Surocciden,2429,1419.999994718887
Antioquia,Surocciden,2430,1419.9999947188803
Antioquia,Surocciden,2431,1419.9999947184776
Antioquia,Surocciden,2432,1419.9999947177964
Antioquia,Surocciden,2433,1419.9999947177173
Antioquia,Surocciden,2434,1419.9999947180058
Antioquia,Surocciden,2435,1419.9999947178235
Antioquia,Surocciden,2436,1419.9999947179638
Antioquia,Surocciden,2437,1419.999994718655
Antioquia,Surocciden,2438,1419.9999947196068
Antioquia,Surocciden,2439,1419.9999947204599
Antioquia,Surocciden,2440,1419.9999947237002
Antioquia,Surocciden,2441,1419.999994726509
Antioquia,Surocciden,2442,1419.9999947279307
Antioquia,Surocciden,2443,1419.9999947282517
Antioquia,Surocciden,2444,1419.9999947291362
Antioquia,Surocciden,2445,1419.9999947301083
Antioquia,Surocciden,2446,1419.9999947296749
Antioquia,Surocciden,2447,1419.9999947279211
Antioquia,Surocciden,2448,1419.999994726839
Antioquia,Surocciden,2449,1419.9999980562247
Antioquia,Surocciden,2450,1419.9999980545108
Antioquia,Surocciden,2451,1419.9999980565635
Antioquia,Surocciden,2452,1419.9999980528837
Antioquia,Surocciden,2453,1419.9999980548016
Antioquia,Surocciden,2454,1419.9999980561686
Antioquia,Surocciden,2455,1419.9999980557834
Antioquia,Surocciden,2456,1419.99999805399
Antioquia,Surocciden,2457,1419.999998057904
Antioquia,Surocciden,2458,1419.9999980555265
Antioquia,Surocciden,2459,1419.999998055619
Antioquia,Surocciden,2460,1419.9999980589744
Antioquia,Surocciden,2461,1419.999998052681
Antioquia,Surocciden,2462,1419.9999980562873
Antioquia,Surocciden,2463,1419.9999980561224
Antioquia,Surocciden,2464,1419.999998053595
Antioquia,Surocciden,2465,1419.9999980588636
Antioquia,Surocciden,2466,1419.9999980553987
Antioquia,Surocciden,2467,1419.9999980557845
Antioquia,Surocciden,2468,1419.9999980588927
Antioquia,Surocciden,2469,1419.9999980562632
Antioquia,Surocciden,2470,1419.999998060001
Antioquia,Surocciden,2471,1419.999998056907
Antioquia,Surocciden,2472,1419.999998054631
Antioquia,Surocciden,2473,1419.999998508986
Antioquia,Surocciden,2474,1419.9999985080199
Antioquia,Surocciden,2475,1419.9999985101101
Antioquia,Surocciden,2476,1419.9999985099168
Antioquia,Surocciden,2477,1419.9999985102074
Antioquia,Surocciden,2478,1419.9999985110449
Antioquia,Surocciden,2479,1419.9999985101454
Antioquia,Surocciden,2480,1419.9999985097418
Antioquia,Surocciden,2481,1419.9999985116583
Antioquia,Surocciden,2482,1419.999998509691
Antioquia,Surocciden,2483,1419.9999985088343
Antioquia,Surocciden,2484,1419.9999985088994
Antioquia,Surocciden,2485,1419.9999985087964
Antioquia,Surocciden,2486,1419.9999985108673
Antioquia,Surocciden,2487,1419.99999850988
Antioquia,Surocciden,2488,1419.9999985086924
Antioquia,Surocciden,2489,1419.999998508319
Antioquia,Surocciden,2490,1419.9999985103143
Antioquia,Surocciden,2491,1419.999998510361
Antioquia,Surocciden,2492,1419.9999985093095
Antioquia,Surocciden,2493,1419.9999985090628
Antioquia,Surocciden,2494,1419.9999985074153
Antioquia,Surocciden,2495,1419.9999985083457
Antioquia,Surocciden,2496,1419.9999985099207
Antioquia,Surocciden,3265,1419.9999981140263
Antioquia,Surocciden,3266,1419.9999981144324
Antioquia,Surocciden,3267,1419.999998114138
Antioquia,Surocciden,3268,1419.9999981136905
Antioquia,Surocciden,3269,1419.9999981143649
Antioquia,Surocciden,3270,1419.9999981142234
Antioquia,Surocciden,3271,1419.999998114307
Antioquia,Surocciden,3272,1419.9999981139129
Antioquia,Surocciden,3273,1419.9999981140836
Antioquia,Surocciden,3274,1419.9999981141025
Antioquia,Surocciden,3275,1419.9999981142016
Antioquia,Surocciden,3276,1419.9999981138315
Antioquia,Surocciden,3277,1419.999998114104
Antioquia,Surocciden,3278,1419.9999981141102
Antioquia,Surocciden,3279,1419.999998113882
Antioquia,Surocciden,3280,1419.9999981136525
Antioquia,Surocciden,3281,1419.9999981142666
Antioquia,Surocciden,3282,1419.9999981144063
Antioquia,Surocciden,3283,1419.99999811354
Antioquia,Surocciden,3284,1419.9999981142123
Antioquia,Surocciden,3285,1419.9999981146404
Antioquia,Surocciden,3286,1419.9999981143576
Antioquia,Surocciden,3287,1419.9999981140393
Antioquia,Surocciden,3288,1419.9999981141414
Antioquia,Surocciden,3289,1372.5770439182938
Antioquia,Surocciden,3290,1371.2259170620198
Antioquia,Surocciden,3291,1369.8435109132424
Antioquia,Surocciden,3292,1368.2156053863264
Antioquia,Surocciden,3293,1367.0104854979827
Antioquia,Surocciden,3294,1366.0295649032746
Antioquia,Surocciden,3295,1361.8806834453458
Antioquia,Surocciden,3296,1340.3209336829875
Antioquia,Surocciden,3297,1286.4782022677837
Antioquia,Surocciden,3298,1185.8842701179356
Antioquia,Surocciden,3299,1109.2601085619947
Antioquia,Surocciden,3300,1115.5874447596098
Antioquia,Surocciden,3301,1216.292220028028
Antioquia,Surocciden,3302,1310.832841394893
Antioquia,Surocciden,3303,1343.7835290784403
Antioquia,Surocciden,3304,1361.1811351766796
Antioquia,Surocciden,3305,1369.1269931808472
Antioquia,Surocciden,3306,1373.684335517978
Antioquia,Surocciden,3307,1375.6962461066594
Antioquia,Surocciden,3308,1380.1728806005178
Antioquia,Surocciden,3309,1382.2353762766625
Antioquia,Surocciden,3310,1380.792225241338
Antioquia,Surocciden,3311,1377.9912685223592
Antioquia,Surocciden,3312,1374.804265382812
Antioquia,Surocciden,3313,1394.3086091149332
Antioquia,Surocciden,3314,1394.3042404894286
Antioquia,Surocciden,3315,1394.117611453662
Antioquia,Surocciden,3316,1393.9555121941373
Antioquia,Surocciden,3317,1393.8673419564836
Antioquia,Surocciden,3318,1393.9687721045218
Antioquia,Surocciden,3319,1393.6935495950981
Antioquia,Surocciden,3320,1392.959229417974
Antioquia,Surocciden,3321,1392.0661718585334
Antioquia,Surocciden,3322,1391.320564621959
Antioquia,Surocciden,3323,1390.4166790021234
Antioquia,Surocciden,3324,1390.7769722364756
Antioquia,Surocciden,3325,1391.476769777131
Antioquia,Surocciden,3326,1391.8951734513962
Antioquia,Surocciden,3327,1392.5317404270456
Antioquia,Surocciden,3328,1393.155190755901
Antioquia,Surocciden,3329,1394.287321533825
Antioquia,Surocciden,3330,1395.1808998191113
Antioquia,Surocciden,3331,1394.9405923109373
Antioquia,Surocciden,3332,1396.9291767101986
Antioquia,Surocciden,3333,1399.1388484253603
Antioquia,Surocciden,3334,1397.3793823744893
Antioquia,Surocciden,3335,1395.3233746302303
Antioquia,Surocciden,3336,1394.2080391616907
Antioquia,Surocciden,3337,1419.9999973941826
Antioquia,Surocciden,3338,1419.9999973942636
Antioquia,Surocciden,3339,1419.9999973943743
Antioquia,Surocciden,3340,1419.9999973941362
Antioquia,Surocciden,3341,1419.999997393743
Antioquia,Surocciden,3342,1419.9999973942695
Antioquia,Surocciden,3343,1419.9999973938466
Antioquia,Surocciden,3344,1419.9999973928743
Antioquia,Surocciden,3345,1419.9999973926228
Antioquia,Surocciden,3346,1419.999997392373
Antioquia,Surocciden,3347,1419.9999973921913
Antioquia,Surocciden,3348,1419.9999973925078
Antioquia,Surocciden,3349,1419.9999973925817
Antioquia,Surocciden,3350,1419.9999973927575
Antioquia,Surocciden,3351,1419.9999973939082
Antioquia,Surocciden,3352,1419.9999973942697
Antioquia,Surocciden,3353,1419.999997394361
Antioquia,Surocciden,3354,1419.9999973950262
Antioquia,Surocciden,3355,1419.9999973950407
Antioquia,Surocciden,3356,1419.9999973949173
Antioquia,Surocciden,3357,1419.9999973953907
Antioquia,Surocciden,3358,1419.9999973951642
Antioquia,Surocciden,3359,1419.9999973947415
Antioquia,Surocciden,3360,1419.9999973945855
Antioquia,Surocciden,3361,1394.0268935382032
Antioquia,Surocciden,3362,1391.5859298015214
Antioquia,Surocciden,3363,1390.1463637227937
Antioquia,Surocciden,3364,1389.385293285824
Antioquia,Surocciden,3365,1389.01194803772
Antioquia,Surocciden,3366,1389.5931627444354
Antioquia,Surocciden,3367,1389.6899891656083
Antioquia,Surocciden,3368,1387.6760028890967
Antioquia,Surocciden,3369,1386.7073730712475
Antioquia,Surocciden,3370,1386.0571158840617
Antioquia,Surocciden,3371,1385.3185750615758
Antioquia,Surocciden,3372,1386.1598806956083
Antioquia,Surocciden,3373,1387.1081590882231
Antioquia,Surocciden,3374,1387.6241612440704
Antioquia,Surocciden,3375,1389.9280194783216
Antioquia,Surocciden,3376,1393.518802220283
Antioquia,Surocciden,3377,1395.2979423413271
Antioquia,Surocciden,3378,1396.6372218018867
Antioquia,Surocciden,3379,1396.3671001180903
Antioquia,Surocciden,3380,1398.0575766220793
Antioquia,Surocciden,3381,1401.9084087209817
Antioquia,Surocciden,3382,1399.405917195842
Antioquia,Surocciden,3383,1396.9549379323862
Antioquia,Surocciden,3384,1395.3054105494978
Antioquia,Surocciden,3385,1419.999995953792
Antioquia,Surocciden,3386,1419.9999959528955
Antioquia,Surocciden,3387,1419.9999959460793
Antioquia,Surocciden,3388,1419.9999959393829
Antioquia,Surocciden,3389,1419.9999959368374
Antioquia,Surocciden,3390,1419.999995936231
Antioquia,Surocciden,3391,1419.9999959348515
Antioquia,Surocciden,3392,1419.9999959326797
Antioquia,Surocciden,3393,1419.9999959318868
Antioquia,Surocciden,3394,1419.9999959315198
Antioquia,Surocciden,3395,1419.9999959314964
Antioquia,Surocciden,3396,1419.9999959316558
Antioquia,Surocciden,3397,1419.999995933194
Antioquia,Surocciden,3398,1419.9999959355991
Antioquia,Surocciden,3399,1419.9999959417312
Antioquia,Surocciden,3400,1419.99999595236
Antioquia,Surocciden,3401,1419.999995957299
Antioquia,Surocciden,3402,1419.9999959595177
Antioquia,Surocciden,3403,1419.9999959606732
Antioquia,Surocciden,3404,1419.999995966072
Antioquia,Surocciden,3405,1419.9999959679603
Antioquia,Surocciden,3406,1419.9999959657587
Antioquia,Surocciden,3407,1419.9999959608617
Antioquia,Surocciden,3408,1419.9999959579156
Antioquia,Surocciden,3409,1419.999997657991
Antioquia,Surocciden,3410,1419.9999976606373
Antioquia,Surocciden,3411,1419.999997659745
Antioquia,Surocciden,3412,1419.999997658942
Antioquia,Surocciden,3413,1419.999997658868
Antioquia,Surocciden,3414,1419.99999765895
Antioquia,Surocciden,3415,1419.9999976591723
Antioquia,Surocciden,3416,1419.9999976593917
Antioquia,Surocciden,3417,1419.9999976603935
Antioquia,Surocciden,3418,1419.9999976590896
Antioquia,Surocciden,3419,1419.9999976577967
Antioquia,Surocciden,3420,1419.9999976579438
Antioquia,Surocciden,3421,1419.999997657908
Antioquia,Surocciden,3422,1419.9999976590912
Antioquia,Surocciden,3423,1419.9999976578645
Antioquia,Surocciden,3424,1419.9999976600157
Antioquia,Surocciden,3425,1419.9999976599145
Antioquia,Surocciden,3426,1419.999997658338
Antioquia,Surocciden,3427,1419.9999976597041
Antioquia,Surocciden,3428,1419.9999976602119
Antioquia,Surocciden,3429,1419.9999976612228
Antioquia,Surocciden,3430,1419.999997660106
Antioquia,Surocciden,3431,1419.99999765987
Antioquia,Surocciden,3432,1419.999997660222
Antioquia,Surocciden,3433,1419.9999982804895
Antioquia,Surocciden,3434,1419.9999982795787
Antioquia,Surocciden,3435,1419.9999982793145
Antioquia,Surocciden,3436,1419.9999982782376
Antioquia,Surocciden,3437,1419.9999982787226
Antioquia,Surocciden,3438,1419.9999982784602
Antioquia,Surocciden,3439,1419.9999982806883
Antioquia,Surocciden,3440,1419.9999982786396
Antioquia,Surocciden,3441,1419.9999982795603
Antioquia,Surocciden,3442,1419.9999982790714
Antioquia,Surocciden,3443,1419.999998195948
Antioquia,Surocciden,3444,1419.9999982787547
Antioquia,Surocciden,3445,1419.9999982793815
Antioquia,Surocciden,3446,1419.9999982815148
Antioquia,Surocciden,3447,1419.9999982792922
Antioquia,Surocciden,3448,1419.9999982796044
Antioquia,Surocciden,3449,1419.9999982790898
Antioquia,Surocciden,3450,1419.9999982796487
Antioquia,Surocciden,3451,1419.9999982813342
Antioquia,Surocciden,3452,1419.999998277543
Antioquia,Surocciden,3453,1419.9999982809986
Antioquia,Surocciden,3454,1419.9999982794434
Antioquia,Surocciden,3455,1419.9999982797033
Antioquia,Surocciden,3456,1419.9999982775712
Antioquia,Surocciden,4225,1419.999997825965
Antioquia,Surocciden,4226,1419.9999978268681
Antioquia,Surocciden,4227,1419.999997825338
Antioquia,Surocciden,4228,1419.999997824242
Antioquia,Surocciden,4229,1419.9999978258693
Antioquia,Surocciden,4230,1419.9999978238588
Antioquia,Surocciden,4231,1419.9999978253152
Antioquia,Surocciden,4232,1419.9999978244955
Antioquia,Surocciden,4233,1419.9999978249557
Antioquia,Surocciden,4234,1419.9999978244402
Antioquia,Surocciden,4235,1419.999997799597
Antioquia,Surocciden,4236,1419.9999977989683
Antioquia,Surocciden,4237,1419.999997822873
Antioquia,Surocciden,4238,1419.999997824749
Antioquia,Surocciden,4239,1419.9999978245953
Antioquia,Surocciden,4240,1419.9999978264568
Antioquia,Surocciden,4241,1419.9999978254511
Antioquia,Surocciden,4242,1419.99999782636
Antioquia,Surocciden,4243,1419.9999978237156
Antioquia,Surocciden,4244,1419.9999978270882
Antioquia,Surocciden,4245,1419.9999978257842
Antioquia,Surocciden,4246,1419.999997823784
Antioquia,Surocciden,4247,1419.9999978254045
Antioquia,Surocciden,4248,1419.9999978224544
Antioquia,Surocciden,4249,1419.9999966271355
Antioquia,Surocciden,4250,1419.9999966268865
Antioquia,Surocciden,4251,1419.9999966264354
Antioquia,Surocciden,4252,1419.9999966261319
Antioquia,Surocciden,4253,1419.9999966259163
Antioquia,Surocciden,4254,1419.999996625679
Antioquia,Surocciden,4255,1419.9999966246787
Antioquia,Surocciden,4256,1419.9999966168975
Antioquia,Surocciden,4257,1397.128296160625
Antioquia,Surocciden,4258,1193.5138278651227
Antioquia,Surocciden,4259,942.3765137559019
Antioquia,Surocciden,4260,864.4620296391628
Antioquia,Surocciden,4261,1041.6438884511351
Antioquia,Surocciden,4262,1308.6829518350928
Antioquia,Surocciden,4263,1419.9999966131606
Antioquia,Surocciden,4264,1419.999996621232
Antioquia,Surocciden,4265,1419.9999966254895
Antioquia,Surocciden,4266,1419.9999966270423
Antioquia,Surocciden,4267,1419.9999966276
Antioquia,Surocciden,4268,1419.9999966289201
Antioquia,Surocciden,4269,1419.9999966294938
Antioquia,Surocciden,4270,1419.9999966291275
Antioquia,Surocciden,4271,1419.9999966284938
Antioquia,Surocciden,4272,1419.999996627632
Antioquia,Surocciden,4273,1391.2904755019854
Antioquia,Surocciden,4274,1391.0805198611947
Antioquia,Surocciden,4275,1390.6700517588279
Antioquia,Surocciden,4276,1390.3103133013285
Antioquia,Surocciden,4277,1390.1235584174342
Antioquia,Surocciden,4278,1390.4077272937618
Antioquia,Surocciden,4279,1389.649174951525
Antioquia,Surocciden,4280,1386.1698735020175
Antioquia,Surocciden,4281,1379.6016463599985
Antioquia,Surocciden,4282,1356.5660394265026
Antioquia,Surocciden,4283,1270.5094330602572
Antioquia,Surocciden,4284,1263.7252878693776
Antioquia,Surocciden,4285,1338.9304774448021
Antioquia,Surocciden,4286,1369.0043911390544
Antioquia,Surocciden,4287,1379.9593980074555
Antioquia,Surocciden,4288,1384.3981091617916
Antioquia,Surocciden,4289,1387.4431010738979
Antioquia,Surocciden,4290,1391.8984144777935
Antioquia,Surocciden,4291,1393.2398628644662
Antioquia,Surocciden,4292,1397.0091671520206
Antioquia,Surocciden,4293,1399.1878867150863
Antioquia,Surocciden,4294,1396.542878442474
Antioquia,Surocciden,4295,1392.5440185031891
Antioquia,Surocciden,4296,1391.1968948205872
Antioquia,Surocciden,4297,1419.999997836742
Antioquia,Surocciden,4298,1419.9999978365177
Antioquia,Surocciden,4299,1419.99999783615
Antioquia,Surocciden,4300,1419.9999978360574
Antioquia,Surocciden,4301,1419.9999978361516
Antioquia,Surocciden,4302,1419.999997836058
Antioquia,Surocciden,4303,1419.999997835817
Antioquia,Surocciden,4304,1419.9999966307357
Antioquia,Surocciden,4305,1370.9530484957886
Antioquia,Surocciden,4306,1260.9683247899416
Antioquia,Surocciden,4307,1085.024380569638
Antioquia,Surocciden,4308,1040.2013646955986
Antioquia,Surocciden,4309,1191.5788355648015
Antioquia,Surocciden,4310,1363.5770365986639
Antioquia,Surocciden,4311,1419.9999966260007
Antioquia,Surocciden,4312,1419.9999978331105
Antioquia,Surocciden,4313,1419.9999978362343
Antioquia,Surocciden,4314,1419.999997836736
Antioquia,Surocciden,4315,1419.9999978366657
Antioquia,Surocciden,4316,1419.9999978367443
Antioquia,Surocciden,4317,1419.9999978367593
Antioquia,Surocciden,4318,1419.9999978367966
Antioquia,Surocciden,4319,1419.9999978367623
Antioquia,Surocciden,4320,1419.9999978366066
Antioquia,Surocciden,4321,1396.881266633233
Antioquia,Surocciden,4322,1392.9085413773364
Antioquia,Surocciden,4323,1383.8912186544367
Antioquia,Surocciden,4324,1376.5015372124726
Antioquia,Surocciden,4325,1373.587138319808
Antioquia,Surocciden,4326,1377.637057420321
Antioquia,Surocciden,4327,1374.2272924365634
Antioquia,Surocciden,4328,1348.937165808656
Antioquia,Surocciden,4329,1291.7947337640255
Antioquia,Surocciden,4330,1195.2950834560756
Antioquia,Surocciden,4331,1056.8664381696826
Antioquia,Surocciden,4332,1043.759739465875
Antioquia,Surocciden,4333,1128.8462910714488
Antioquia,Surocciden,4334,1205.210531095252
Antioquia,Surocciden,4335,1308.4457804742874
Antioquia,Surocciden,4336,1385.1555136135246
Antioquia,Surocciden,4337,1394.4345335462688
Antioquia,Surocciden,4338,1398.1418069435306
Antioquia,Surocciden,4339,1399.0592980849367
Antioquia,Surocciden,4340,1403.262009690683
Antioquia,Surocciden,4341,1405.5609465439666
Antioquia,Surocciden,4342,1404.3353011811826
Antioquia,Surocciden,4343,1399.447010074884
Antioquia,Surocciden,4344,1397.595806505762
Antioquia,Surocciden,4345,1419.9999978370058
Antioquia,Surocciden,4346,1419.999997836732
Antioquia,Surocciden,4347,1419.9999978363785
Antioquia,Surocciden,4348,1419.9999978354276
Antioquia,Surocciden,4349,1419.9999967792194
Antioquia,Surocciden,4350,1419.9999967769309
Antioquia,Surocciden,4351,1419.9999966318733
Antioquia,Surocciden,4352,1363.1467535941224
Antioquia,Surocciden,4353,1276.44534592163
Antioquia,Surocciden,4354,1107.4162425791474
Antioquia,Surocciden,4355,933.9447816572953
Antioquia,Surocciden,4356,878.4648259956692
Antioquia,Surocciden,4357,1004.5806837209593
Antioquia,Surocciden,4358,1211.9260851508484
Antioquia,Surocciden,4359,1330.3087058863832
Antioquia,Surocciden,4360,1418.5102095119655
Antioquia,Surocciden,4361,1419.9999967753092
Antioquia,Surocciden,4362,1419.999997836775
Antioquia,Surocciden,4363,1419.999997836937
Antioquia,Surocciden,4364,1419.999997837212
Antioquia,Surocciden,4365,1419.9999978375072
Antioquia,Surocciden,4366,1419.9999978374499
Antioquia,Surocciden,4367,1419.9999978371975
Antioquia,Surocciden,4368,1419.9999978370504
Antioquia,Surocciden,4369,1419.9999980217974
Antioquia,Surocciden,4370,1419.9999980247203
Antioquia,Surocciden,4371,1419.9999980212037
Antioquia,Surocciden,4372,1419.999998026197
Antioquia,Surocciden,4373,1419.9999980188848
Antioquia,Surocciden,4374,1419.9999980265154
Antioquia,Surocciden,4375,1419.9999980185662
Antioquia,Surocciden,4376,1419.9999980231341
Antioquia,Surocciden,4377,1419.9999980214855
Antioquia,Surocciden,4378,1419.9999980226785
Antioquia,Surocciden,4379,1419.9999980208968
Antioquia,Surocciden,4380,1419.9999980197579
Antioquia,Surocciden,4381,1419.999998026195
Antioquia,Surocciden,4382,1419.9999980234215
Antioquia,Surocciden,4383,1419.9999980230261
Antioquia,Surocciden,4384,1419.9999980212508
Antioquia,Surocciden,4385,1419.9999980208936
Antioquia,Surocciden,4386,1419.9999980228079
Antioquia,Surocciden,4387,1419.999998022498
Antioquia,Surocciden,4388,1419.9999980219775
Antioquia,Surocciden,4389,1419.9999980218452
Antioquia,Surocciden,4390,1419.9999980230104
Antioquia,Surocciden,4391,1419.9999980264188
Antioquia,Surocciden,4392,1419.9999980212858
Antioquia,Surocciden,4393,1419.9999972500395
Antioquia,Surocciden,4394,1419.9999972494963
Antioquia,Surocciden,4395,1419.9999972496034
Antioquia,Surocciden,4396,1419.999997249541
Antioquia,Surocciden,4397,1419.9999972493492
Antioquia,Surocciden,4398,1419.9999972488488
Antioquia,Surocciden,4399,1419.99999724638
Antioquia,Surocciden,4400,1419.9999972296016
Antioquia,Surocciden,4401,1419.99999514444
Antioquia,Surocciden,4402,1290.7799118569317
Antioquia,Surocciden,4403,1100.5292835279226
Antioquia,Surocciden,4404,1054.7683078965852
Antioquia,Surocciden,4405,1238.2793470052784
Antioquia,Surocciden,4406,1419.9999951284765
Antioquia,Surocciden,4407,1419.9999971537168
Antioquia,Surocciden,4408,1419.9999972420135
Antioquia,Surocciden,4409,1419.9999972492922
Antioquia,Surocciden,4410,1419.9999972495623
Antioquia,Surocciden,4411,1419.9999972498372
Antioquia,Surocciden,4412,1419.9999972500063
Antioquia,Surocciden,4413,1419.9999972502324
Antioquia,Surocciden,4414,1419.9999972500145
Antioquia,Surocciden,4415,1419.9999972500248
Antioquia,Surocciden,4416,1419.9999972498795
Antioquia,Surocciden,5185,1028.176477035904
Antioquia,Surocciden,5186,1147.0833316626638
Antioquia,Surocciden,5187,1164.4992974249408
Antioquia,Surocciden,5188,1186.166116580886
Antioquia,Surocciden,5189,1206.3371025373194
Antioquia,Surocciden,5190,1183.6588712951352
Antioquia,Surocciden,5191,1255.5104743048141
Antioquia,Surocciden,5192,1711.1961016678706
Antioquia,Surocciden,5193,1700.1337037989967
Antioquia,Surocciden,5194,1554.777076312151
Antioquia,Surocciden,5195,1297.093336228317
Antioquia,Surocciden,5196,1274.994333575531
Antioquia,Surocciden,5197,1485.37943092566
Antioquia,Surocciden,5198,1699.0850572177228
Antioquia,Surocciden,5199,1870.2647629452376
Antioquia,Surocciden,5200,1713.807237699787
Antioquia,Surocciden,5201,1264.0821718967882
Antioquia,Surocciden,5202,1049.56667135075
Antioquia,Surocciden,5203,1112.3979893863348
Antioquia,Surocciden,5204,1313.0015362217166
Antioquia,Surocciden,5205,1345.6337745827423
Antioquia,Surocciden,5206,1322.9390880708916
Antioquia,Surocciden,5207,1135.0740543594914
Antioquia,Surocciden,5208,875.2398855909673
Antioquia,Surocciden,5209,1355.3040258299939
Antioquia,Surocciden,5210,1370.883398889235
Antioquia,Surocciden,5211,1297.0686796402074
Antioquia,Surocciden,5212,1223.2533764230575
Antioquia,Surocciden,5213,1203.8473441000367
Antioquia,Surocciden,5214,1268.2630009731713
Antioquia,Surocciden,5215,1308.4136398747542
Antioquia,Surocciden,5216,1347.0052254064492
Antioquia,Surocciden,5217,1806.8958466682614
Antioquia,Surocciden,5218,1605.1415591451873
Antioquia,Surocciden,5219,1454.359961144539
Antioquia,Surocciden,5220,1428.2325353411497
Antioquia,Surocciden,5221,1588.7028376877327
Antioquia,Surocciden,5222,1786.3193923719882
Antioquia,Surocciden,5223,1743.4323855561108
Antioquia,Surocciden,5224,1640.5094067780524
Antioquia,Surocciden,5225,1565.0141600707152
Antioquia,Surocciden,5226,1719.3608556855722
Antioquia,Surocciden,5227,1733.0978204331077
Antioquia,Surocciden,5228,1510.4899412477534
Antioquia,Surocciden,5229,1403.6759762045858
Antioquia,Surocciden,5230,1485.0814988331576
Antioquia,Surocciden,5231,1704.9839654129476
Antioquia,Surocciden,5232,1490.0973865304502
Antioquia,Surocciden,5233,1196.7707314862598
Antioquia,Surocciden,5234,1217.141713706588
Antioquia,Surocciden,5235,1240.9773399765081
Antioquia,Surocciden,5236,1254.4653770711286
Antioquia,Surocciden,5237,1257.8790168194382
Antioquia,Surocciden,5238,1254.4603219292173
Antioquia,Surocciden,5239,1298.3468419734177
Antioquia,Surocciden,5240,1444.0959769074682
Antioquia,Surocciden,5241,1454.4257540515996
Antioquia,Surocciden,5242,1396.835398231362
Antioquia,Surocciden,5243,1317.7818682370091
Antioquia,Surocciden,5244,1322.4117793618989
Antioquia,Surocciden,5245,1391.3036612795229
Antioquia,Surocciden,5246,1451.7672604952188
Antioquia,Surocciden,5247,1608.796086804836
Antioquia,Surocciden,5248,1583.2456544751178
Antioquia,Surocciden,5249,1390.4405330026625
Antioquia,Surocciden,5250,1390.5381633410625
Antioquia,Surocciden,5251,1417.4638688428417
Antioquia,Surocciden,5252,1424.1739490424816
Antioquia,Surocciden,5253,1299.9735623206027
Antioquia,Surocciden,5254,1378.0810883126
Antioquia,Surocciden,5255,1413.4951062387179
Antioquia,Surocciden,5256,1259.0402508441953
Antioquia,Surocciden,5257,1796.2111796406305
Antioquia,Surocciden,5258,1672.452858619973
Antioquia,Surocciden,5259,1553.4493838334427
Antioquia,Surocciden,5260,1471.3642424338454
Antioquia,Surocciden,5261,1435.8136427975944
Antioquia,Surocciden,5262,1512.8782958663173
Antioquia,Surocciden,5263,1556.8199852259918
Antioquia,Surocciden,5264,1262.2627356742523
Antioquia,Surocciden,5265,1295.0321055092568
Antioquia,Surocciden,5266,1532.4297516081672
Antioquia,Surocciden,5267,1418.4847928143645
Antioquia,Surocciden,5268,1422.1321539752375
Antioquia,Surocciden,5269,1530.202386734189
Antioquia,Surocciden,5270,1529.406284495585
Antioquia,Surocciden,5271,1393.308164862005
Antioquia,Surocciden,5272,1876.149820559721
Antioquia,Surocciden,5273,1849.9289949595984
Antioquia,Surocciden,5274,1858.3595368210824
Antioquia,Surocciden,5275,1862.4282910285856
Antioquia,Surocciden,5276,1670.5183601376432
Antioquia,Surocciden,5277,1408.1631789323305
Antioquia,Surocciden,5278,1551.1427053476618
Antioquia,Surocciden,5279,1817.7321186476818
Antioquia,Surocciden,5280,1848.9857206580673
Antioquia,Surocciden,5281,1411.915994645539
Antioquia,Surocciden,5282,1661.7749410140298
Antioquia,Surocciden,5283,1737.7106005262137
Antioquia,Surocciden,5284,1704.5710624341596
Antioquia,Surocciden,5285,1682.7642183422536
Antioquia,Surocciden,5286,1708.5746159861699
Antioquia,Surocciden,5287,1705.21070590667
Antioquia,Surocciden,5288,1686.6192025541673
Antioquia,Surocciden,5289,1555.5187840196916
Antioquia,Surocciden,5290,1411.3975915831354
Antioquia,Surocciden,5291,1369.8558104761682
Antioquia,Surocciden,5292,1371.4359648513728
Antioquia,Surocciden,5293,1401.659220122798
Antioquia,Surocciden,5294,1515.057400925186
Antioquia,Surocciden,5295,1680.3775062126952
Antioquia,Surocciden,5296,1752.5902082647438
Antioquia,Surocciden,5297,1573.4553652061277
Antioquia,Surocciden,5298,1678.3637523587133
Antioquia,Surocciden,5299,1695.3854179555576
Antioquia,Surocciden,5300,1787.6767976429983
Antioquia,Surocciden,5301,1803.3166611192987
Antioquia,Surocciden,5302,1800.4305879681706
Antioquia,Surocciden,5303,1731.8223274969355
Antioquia,Surocciden,5304,1558.280750961848
Antioquia,Surocciden,5305,1808.105908012936
Antioquia,Surocciden,5306,1827.055869747122
Antioquia,Surocciden,5307,1717.3955732453235
Antioquia,Surocciden,5308,1634.3318164840557
Antioquia,Surocciden,5309,1592.2152232595283
Antioquia,Surocciden,5310,1639.1352577066289
Antioquia,Surocciden,5311,1609.9614336124962
Antioquia,Surocciden,5312,1281.9537585297476
Antioquia,Surocciden,5313,1061.5806194736851
Antioquia,Surocciden,5314,1132.34114811394
Antioquia,Surocciden,5315,1218.039444742372
Antioquia,Surocciden,5316,1227.4889750635202
Antioquia,Surocciden,5317,1182.4467856059553
Antioquia,Surocciden,5318,1097.6215511233218
Antioquia,Surocciden,5319,1406.3261542471869
Antioquia,Surocciden,5320,1812.9290627339276
Antioquia,Surocciden,5321,1838.00036896628
Antioquia,Surocciden,5322,1904.7881871177185
Antioquia,Surocciden,5323,1917.4973273077912
Antioquia,Surocciden,5324,1919.045663417311
Antioquia,Surocciden,5325,1919.0456634208847
Antioquia,Surocciden,5326,1919.0456634202365
Antioquia,Surocciden,5327,1919.045663415627
Antioquia,Surocciden,5328,1873.3525065863348
Antioquia,Surocciden,5329,1876.2760927830498
Antioquia,Surocciden,5330,1870.14351065233
Antioquia,Surocciden,5331,1862.4936252145164
Antioquia,Surocciden,5332,1853.376220549565
Antioquia,Surocciden,5333,1846.89666287766
Antioquia,Surocciden,5334,1850.859037431674
Antioquia,Surocciden,5335,1849.4574233718306
Antioquia,Surocciden,5336,1823.1057611472652
Antioquia,Surocciden,5337,1790.3650660342362
Antioquia,Surocciden,5338,1676.8659240612876
Antioquia,Surocciden,5339,1564.099068352517
Antioquia,Surocciden,5340,1553.1168345543852
Antioquia,Surocciden,5341,1637.414054196603
Antioquia,Surocciden,5342,1756.8730401607447
Antioquia,Surocciden,5343,1840.404477247213
Antioquia,Surocciden,5344,1870.571179558194
Antioquia,Surocciden,5345,1882.5438828721724
Antioquia,Surocciden,5346,1892.3906003704872
Antioquia,Surocciden,5347,1894.2092954382374
Antioquia,Surocciden,5348,1902.4275818206938
Antioquia,Surocciden,5349,1902.4634524448866
Antioquia,Surocciden,5350,1899.6301612695188
Antioquia,Surocciden,5351,1893.6124235875006
Antioquia,Surocciden,5352,1885.0739761040054
Antioquia,Surocciden,5353,1919.0456652399778
Antioquia,Surocciden,5354,1919.045661782027
Antioquia,Surocciden,5355,1919.045661770792
Antioquia,Surocciden,5356,1919.0456617692532
Antioquia,Surocciden,5357,1919.0456617691682
Antioquia,Surocciden,5358,1919.045661770072
Antioquia,Surocciden,5359,1919.0456617696566
Antioquia,Surocciden,5360,1919.0456617691339
Antioquia,Surocciden,5361,1919.0456617496768
Antioquia,Surocciden,5362,1853.2491327164034
Antioquia,Surocciden,5363,1681.0482913794535
Antioquia,Surocciden,5364,1685.217321953923
Antioquia,Surocciden,5365,1851.42415336892
Antioquia,Surocciden,5366,1919.0456617634745
Antioquia,Surocciden,5367,1919.0456617667235
Antioquia,Surocciden,5368,1919.0456652523758
Antioquia,Surocciden,5369,1919.045665246089
Antioquia,Surocciden,5370,1919.0456652520627
Antioquia,Surocciden,5371,1919.0456652454989
Antioquia,Surocciden,5372,1919.0456652466587
Antioquia,Surocciden,5373,1919.045665246192
Antioquia,Surocciden,5374,1919.0456652463051
Antioquia,Surocciden,5375,1919.0456652438186
Antioquia,Surocciden,5376,1919.045665249892
Surocciden,Antioquia,1,3.4126093767889086e-07
Surocciden,Antioquia,2,3.4129196435392884e-07
Surocciden,Antioquia,3,3.413110032910551e-07
Surocciden,Antioquia,4,3.4132518220562243e-07
Surocciden,Antioquia,5,3.4133270756107724e-07
Surocciden,Antioquia,6,3.4133020932082555e-07
Surocciden,Antioquia,7,3.413109546070087e-07
Surocciden,Antioquia,8,3.413058926568848e-07
Surocciden,Antioquia,9,3.412812222551026e-07
Surocciden,Antioquia,10,3.412552265176171e-07
Surocciden,Antioquia,11,3.4124034247702294e-07
Surocciden,Antioquia,12,3.4122283321497515e-07
Surocciden,Antioquia,13,3.412053414608205e-07
Surocciden,Antioquia,14,3.4120441868142413e-07
Surocciden,Antioquia,15,3.4119702848070303e-07
Surocciden,Antioquia,16,3.4118215447304934e-07
Surocciden,Antioquia,17,3.4117779481543013e-07
Surocciden,Antioquia,18,3.4118247759674215e-07
Surocciden,Antioquia,19,3.4119423467186935e-07
Surocciden,Antioquia,20,3.4115245395470916e-07
Surocciden,Antioquia,21,3.411439325990701e-07
Surocciden,Antioquia,22,3.41161550545026e-07
Surocciden,Antioquia,23,3.4119059404446217e-07
Surocciden,Antioquia,24,3.4122825488632353e-07
Surocciden,Antioquia,25,2.142094890433869e-06
Surocciden,Antioquia,26,2.1423238462660472e-06
Surocciden,Antioquia,27,2.142665818966351e-06
Surocciden,Antioquia,28,2.1429586543793185e-06
Surocciden,Antioquia,29,2.1431764867870585e-06
Surocciden,Antioquia,30,2.143307090739997e-06
Surocciden,Antioquia,31,2.14346399475736e-06
Surocciden,Antioquia,32,2.143920713824064e-06
Surocciden,Antioquia,33,2.143784116198743e-06
Surocciden,Antioquia,34,2.1433803454234714e-06
Surocciden,Antioquia,35,2.1430000860310846e-06
Surocciden,Antioquia,36,2.142673456769394e-06
Surocciden,Antioquia,37,2.1423448676715197e-06
Surocciden,Antioquia,38,2.1421326848966066e-06
Surocciden,Antioquia,39,2.1420442918478273e-06
Surocciden,Antioquia,40,2.1420070729331718e-06
Surocciden,Antioquia,41,2.1419906634150306e-06
Surocciden,Antioquia,42,2.141935010101786e-06
Surocciden,Antioquia,43,2.141824213219211e-06
Surocciden,Antioquia,44,2.140927349213479e-06
Surocciden,Antioquia,45,2.1406302314443996e-06
Surocciden,Antioquia,46,2.1407674232868274e-06
Surocciden,Antioquia,47,2.1410905173389046e-06
Surocciden,Antioquia,48,2.1415664035474007e-06
Surocciden,Antioquia,49,3.22299785091706e-07
Surocciden,Antioquia,50,3.223298144970347e-07
Surocciden,Antioquia,51,3.2234878851559776e-07
Surocciden,Antioquia,52,3.223631760233849e-07
Surocciden,Antioquia,53,3.2237013304255435e-07
Surocciden,Antioquia,54,3.223641469940125e-07
Surocciden,Antioquia,55,3.2233993529591947e-07
Surocciden,Antioquia,56,3.2233713134283244e-07
Surocciden,Antioquia,57,3.223149045327696e-07
Surocciden,Antioquia,58,3.222938529528978e-07
Surocciden,Antioquia,59,3.2228188954582694e-07
Surocciden,Antioquia,60,3.222661515030068e-07
Surocciden,Antioquia,61,3.222521430688741e-07
Surocciden,Antioquia,62,3.222534415172595e-07
Surocciden,Antioquia,63,3.222453947942982e-07
Surocciden,Antioquia,64,3.222326142058585e-07
Surocciden,Antioquia,65,3.222269244432316e-07
Surocciden,Antioquia,66,3.222289135256933e-07
Surocciden,Antioquia,67,3.2224046554688105e-07
Surocciden,Antioquia,68,3.222099172912896e-07
Surocciden,Antioquia,69,3.221979603343842e-07
Surocciden,Antioquia,70,3.2221104744472217e-07
Surocciden,Antioquia,71,3.222361082520434e-07
Surocciden,Antioquia,72,3.2226973831293875e-07
Surocciden,Antioquia,73,2.042565822009388e-06
Surocciden,Antioquia,74,2.0426385981849447e-06
Surocciden,Antioquia,75,2.0431578080707036e-06
Surocciden,Antioquia,76,2.043574831670805e-06
Surocciden,Antioquia,77,2.0438824401411558e-06
Surocciden,Antioquia,78,2.0440319942959733e-06
Surocciden,Antioquia,79,2.0443133150380426e-06
Surocciden,Antioquia,80,2.044785190399268e-06
Surocciden,Antioquia,81,2.044467474736674e-06
Surocciden,Antioquia,82,2.04398132080312e-06
Surocciden,Antioquia,83,2.043518570862425e-06
Surocciden,Antioquia,84,2.0430999957548546e-06
Surocciden,Antioquia,85,2.0427017436207955e-06
Surocciden,Antioquia,86,2.04246701346325e-06
Surocciden,Antioquia,87,2.042340684454781e-06
Surocciden,Antioquia,88,2.0423399437850366e-06
Surocciden,Antioquia,89,2.0423350819240753e-06
Surocciden,Antioquia,90,2.0422956987657773e-06
Surocciden,Antioquia,91,2.042208600393194e-06
Surocciden,Antioquia,92,2.0412176554235417e-06
Surocciden,Antioquia,93,2.040827642358763e-06
Surocciden,Antioquia,94,2.0409730525046424e-06
Surocciden,Antioquia,95,2.041345563251223e-06
Surocciden,Antioquia,96,2.0419219510511553e-06
Surocciden,Antioquia,97,3.213704588003518e-07
Surocciden,Antioquia,98,3.2141201464792956e-07
Surocciden,Antioquia,99,3.214366900854574e-07
Surocciden,Antioquia,100,3.2145482801964317e-07
Surocciden,Antioquia,101,3.2146362825628454e-07
Surocciden,Antioquia,102,3.214605670485986e-07
Surocciden,Antioquia,103,3.214393870987996e-07
Surocciden,Antioquia,104,3.2143440728984857e-07
Surocciden,Antioquia,105,3.2140199818507617e-07
Surocciden,Antioquia,106,3.2137109798921143e-07
Surocciden,Antioquia,107,3.213527621147608e-07
Surocciden,Antioquia,108,3.213295235132978e-07
Surocciden,Antioquia,109,3.21308747316634e-07
Surocciden,Antioquia,110,3.213081555294154e-07
Surocciden,Antioquia,111,3.2129651887363213e-07
Surocciden,Antioquia,112,3.2127862021728767e-07
Surocciden,Antioquia,113,3.212722449360315e-07
Surocciden,Antioquia,114,3.21274782045841e-07
Surocciden,Antioquia,115,3.212928928827874e-07
Surocciden,Antioquia,116,3.2125933196684244e-07
Surocciden,Antioquia,117,3.2123811382725014e-07
Surocciden,Antioquia,118,3.212519814923325e-07
Surocciden,Antioquia,119,3.21282530224075e-07
Surocciden,Antioquia,120,3.2132644507292467e-07
Surocciden,Antioquia,121,2.0823789960043027e-06
Surocciden,Antioquia,122,2.0825451218470317e-06
Surocciden,Antioquia,123,2.0831155413153376e-06
Surocciden,Antioquia,124,2.083579958668711e-06
Surocciden,Antioquia,125,2.083932373503353e-06
Surocciden,Antioquia,126,2.0841459905352594e-06
Surocciden,Antioquia,127,2.0844543806648885e-06
Surocciden,Antioquia,128,2.0850107408620377e-06
Surocciden,Antioquia,129,2.084672569074282e-06
Surocciden,Antioquia,130,2.0841679158620547e-06
Surocciden,Antioquia,131,2.0837101058389346e-06
Surocciden,Antioquia,132,2.0832859193532296e-06
Surocciden,Antioquia,133,2.082820713566618e-06
Surocciden,Antioquia,134,2.0824718191780386e-06
Surocciden,Antioquia,135,2.0822794059240787e-06
Surocciden,Antioquia,136,2.0822612888404648e-06
Surocciden,Antioquia,137,2.082243968018557e-06
Surocciden,Antioquia,138,2.0821952579135595e-06
Surocciden,Antioquia,139,2.082142223524976e-06
Surocciden,Antioquia,140,2.080970783123382e-06
Surocciden,Antioquia,141,2.0802255895300618e-06
Surocciden,Antioquia,142,2.080383014439057e-06
Surocciden,Antioquia,143,2.0808155586035257e-06
Surocciden,Antioquia,144,2.0815703711619526e-06
Surocciden,Antioquia,145,2.991249528619954e-07
Surocciden,Antioquia,146,2.991619202426755e-07
Surocciden,Antioquia,147,2.991840637460534e-07
Surocciden,Antioquia,148,2.992003614251921e-07
Surocciden,Antioquia,149,2.992086566381149e-07
Surocciden,Antioquia,150,2.992056017471087e-07
Surocciden,Antioquia,151,2.9918656408462886e-07
Surocciden,Antioquia,152,2.991813842790561e-07
Surocciden,Antioquia,153,2.9915294387761265e-07
Surocciden,Antioquia,154,2.9912657563349723e-07
Surocciden,Antioquia,155,2.991102320365557e-07
Surocciden,Antioquia,156,2.9908906455088387e-07
Surocciden,Antioquia,157,2.99068471961472e-07
Surocciden,Antioquia,158,2.990661763874629e-07
Surocciden,Antioquia,159,2.9905439659936547e-07
Surocciden,Antioquia,160,2.9903632180170494e-07
Surocciden,Antioquia,161,2.990306777535457e-07
Surocciden,Antioquia,162,2.990328746969809e-07
Surocciden,Antioquia,163,2.9904003177716476e-07
Surocciden,Antioquia,164,2.989981829125572e-07
Surocciden,Antioquia,165,2.989986286953112e-07
Surocciden,Antioquia,166,2.9901446554410863e-07
Surocciden,Antioquia,167,2.990452709159569e-07
Surocciden,Antioquia,168,2.9908721485818204e-07
Surocciden,Antioquia,169,1.9228125431659447e-06
Surocciden,Antioquia,170,1.923068338357413e-06
Surocciden,Antioquia,171,1.9235255399199725e-06
Surocciden,Antioquia,172,1.9239203136759897e-06
Surocciden,Antioquia,173,1.92427953455546e-06
Surocciden,Antioquia,174,1.9244463541142744e-06
Surocciden,Antioquia,175,1.92471941355646e-06
Surocciden,Antioquia,176,1.9251735558295325e-06
Surocciden,Antioquia,177,1.9248863314162693e-06
Surocciden,Antioquia,178,1.9244452881801966e-06
Surocciden,Antioquia,179,1.9240312773630976e-06
Surocciden,Antioquia,180,1.9236367326693427e-06
Surocciden,Antioquia,181,1.923180796804235e-06
Surocciden,Antioquia,182,1.922895306708354e-06
Surocciden,Antioquia,183,1.92274954442688e-06
Surocciden,Antioquia,184,1.9227122452072542e-06
Surocciden,Antioquia,185,1.9226618738362298e-06
Surocciden,Antioquia,186,1.9226130122830918e-06
Surocciden,Antioquia,187,1.922355350791957e-06
Surocciden,Antioquia,188,1.9213358969252284e-06
Surocciden,Antioquia,189,1.921148013424505e-06
Surocciden,Antioquia,190,1.921277263299767e-06
Surocciden,Antioquia,191,1.921609601107414e-06
Surocciden,Antioquia,192,1.922158518453673e-06
Surocciden,Antioquia,385,1.8831308363572135e-07
Surocciden,Antioquia,386,1.8832957577991105e-07
Surocciden,Antioquia,387,1.8834047692263147e-07
Surocciden,Antioquia,388,1.8834867747940933e-07
Surocciden,Antioquia,389,1.883532211297231e-07
Surocciden,Antioquia,390,1.8837255970297986e-07
Surocciden,Antioquia,391,1.8836368353522825e-07
Surocciden,Antioquia,392,1.883631194348107e-07
Surocciden,Antioquia,393,1.883481478225589e-07
Surocciden,Antioquia,394,1.883323693474346e-07
Surocciden,Antioquia,395,1.8832296582855195e-07
Surocciden,Antioquia,396,1.8831409099924507e-07
Surocciden,Antioquia,397,1.8830620095327076e-07
Surocciden,Antioquia,398,1.8830621270094816e-07
Surocciden,Antioquia,399,1.883043336224076e-07
Surocciden,Antioquia,400,1.8829751143121217e-07
Surocciden,Antioquia,401,1.8829330879618552e-07
Surocciden,Antioquia,402,1.8829249362487398e-07
Surocciden,Antioquia,403,1.8829767868425704e-07
Surocciden,Antioquia,404,1.882530960507333e-07
Surocciden,Antioquia,405,1.8824714170782876e-07
Surocciden,Antioquia,406,1.882565860276698e-07
Surocciden,Antioquia,407,1.882727610541134e-07
Surocciden,Antioquia,408,1.8829415511787878e-07
Surocciden,Antioquia,409,8.280373622258127e-07
Surocciden,Antioquia,410,8.28213794807216e-07
Surocciden,Antioquia,411,8.283198722785771e-07
Surocciden,Antioquia,412,8.283950518856161e-07
Surocciden,Antioquia,413,8.284388252466129e-07
Surocciden,Antioquia,414,8.284278781534612e-07
Surocciden,Antioquia,415,8.28325961667493e-07
Surocciden,Antioquia,416,8.283021309851433e-07
Surocciden,Antioquia,417,8.281836776200606e-07
Surocciden,Antioquia,418,8.28059329632208e-07
Surocciden,Antioquia,419,8.279927725122802e-07
Surocciden,Antioquia,420,8.279147159516452e-07
Surocciden,Antioquia,421,8.27827106097992e-07
Surocciden,Antioquia,422,8.278170825840725e-07
Surocciden,Antioquia,423,8.27772664515063e-07
Surocciden,Antioquia,424,8.276816525037028e-07
Surocciden,Antioquia,425,8.27640045014465e-07
Surocciden,Antioquia,426,8.276367834724936e-07
Surocciden,Antioquia,427,8.276819090296966e-07
Surocciden,Antioquia,428,8.274768581061361e-07
Surocciden,Antioquia,429,8.274383115456587e-07
Surocciden,Antioquia,430,8.275233432443822e-07
Surocciden,Antioquia,431,8.276656932176806e-07
Surocciden,Antioquia,432,8.278510333504989e-07
Surocciden,Antioquia,433,1.6240699790255532e-07
Surocciden,Antioquia,434,1.624210052558599e-07
Surocciden,Antioquia,435,1.6243069020206952e-07
Surocciden,Antioquia,436,1.6243780659131087e-07
Surocciden,Antioquia,437,1.6244158819078243e-07
Surocciden,Antioquia,438,1.6246051662540736e-07
Surocciden,Antioquia,439,1.624506951478375e-07
Surocciden,Antioquia,440,1.6245086569171084e-07
Surocciden,Antioquia,441,1.6243827374938418e-07
Surocciden,Antioquia,442,1.6242562949412178e-07
Surocciden,Antioquia,443,1.624178343645331e-07
Surocciden,Antioquia,444,1.6240982771732954e-07
Surocciden,Antioquia,445,1.6240371612077158e-07
Surocciden,Antioquia,446,1.6240430928895286e-07
Surocciden,Antioquia,447,1.624012919631569e-07
Surocciden,Antioquia,448,1.6239544965998775e-07
Surocciden,Antioquia,449,1.6239130156729398e-07
Surocciden,Antioquia,450,1.6239013994861214e-07
Surocciden,Antioquia,451,1.6239433219418477e-07
Surocciden,Antioquia,452,1.6236057098146328e-07
Surocciden,Antioquia,453,1.6235348548284519e-07
Surocciden,Antioquia,454,1.6236010351196207e-07
Surocciden,Antioquia,455,1.6237324661927557e-07
Surocciden,Antioquia,456,1.623908802344799e-07
Surocciden,Antioquia,457,8.274050860343794e-07
Surocciden,Antioquia,458,8.2760987169584e-07
Surocciden,Antioquia,459,8.277514040222955e-07
Surocciden,Antioquia,460,8.278599242488294e-07
Surocciden,Antioquia,461,8.279095428078713e-07
Surocciden,Antioquia,462,8.278646056466694e-07
Surocciden,Antioquia,463,8.27669661016709e-07
Surocciden,Antioquia,464,8.276681873812984e-07
Surocciden,Antioquia,465,8.275419407484048e-07
Surocciden,Antioquia,466,8.273995815941275e-07
Surocciden,Antioquia,467,8.273292297459424e-07
Surocciden,Antioquia,468,8.27210434642475e-07
Surocciden,Antioquia,469,8.2709379056391e-07
Surocciden,Antioquia,470,8.271089692664462e-07
Surocciden,Antioquia,471,8.270274297067708e-07
Surocciden,Antioquia,472,8.26898876535616e-07
Surocciden,Antioquia,473,8.268375986354142e-07
Surocciden,Antioquia,474,8.268371797450005e-07
Surocciden,Antioquia,475,8.269253347267426e-07
Surocciden,Antioquia,476,8.267071803927314e-07
Surocciden,Antioquia,477,8.266278861751758e-07
Surocciden,Antioquia,478,8.267205312664418e-07
Surocciden,Antioquia,479,8.26899433572788e-07
Surocciden,Antioquia,480,8.271606543867242e-07
Surocciden,Antioquia,481,1.623259454140939e-07
Surocciden,Antioquia,482,1.623432134294627e-07
Surocciden,Antioquia,483,1.6235512227868971e-07
Surocciden,Antioquia,484,1.6236433885457407e-07
Surocciden,Antioquia,485,1.6236925090028778e-07
Surocciden,Antioquia,486,1.6239152763793574e-07
Surocciden,Antioquia,487,1.6238437982085013e-07
Surocciden,Antioquia,488,1.623863642586214e-07
Surocciden,Antioquia,489,1.6237292562548813e-07
Surocciden,Antioquia,490,1.6235912838603783e-07
Surocciden,Antioquia,491,1.6235035667634206e-07
Surocciden,Antioquia,492,1.6233943247890156e-07
Surocciden,Antioquia,493,1.623292188611197e-07
Surocciden,Antioquia,494,1.6232720656042704e-07
Surocciden,Antioquia,495,1.6232081248334847e-07
Surocciden,Antioquia,496,1.6231201699857242e-07
Surocciden,Antioquia,497,1.6230745477784505e-07
Surocciden,Antioquia,498,1.6230609165102337e-07
Surocciden,Antioquia,499,1.6231219846351467e-07
Surocciden,Antioquia,500,1.6227799081715038e-07
Surocciden,Antioquia,501,1.622672547333939e-07
Surocciden,Antioquia,502,1.622733223620578e-07
Surocciden,Antioquia,503,1.6228686548737502e-07
Surocciden,Antioquia,504,1.6230633194855774e-07
Surocciden,Antioquia,505,8.270319696650137e-07
Surocciden,Antioquia,506,8.272602990365891e-07
Surocciden,Antioquia,507,8.274054210589947e-07
Surocciden,Antioquia,508,8.275032075936156e-07
Surocciden,Antioquia,509,8.275564483606793e-07
Surocciden,Antioquia,510,8.275405193003222e-07
Surocciden,Antioquia,511,8.274058227874227e-07
Surocciden,Antioquia,512,8.27399038352377e-07
Surocciden,Antioquia,513,8.272516324785734e-07
Surocciden,Antioquia,514,8.271050752201998e-07
Surocciden,Antioquia,515,8.270213964958716e-07
Surocciden,Antioquia,516,8.268775561339253e-07
Surocciden,Antioquia,517,8.267279273650815e-07
Surocciden,Antioquia,518,8.267299064139723e-07
Surocciden,Antioquia,519,8.266045265964158e-07
Surocciden,Antioquia,520,8.264080950480814e-07
Surocciden,Antioquia,521,8.263105989466213e-07
Surocciden,Antioquia,522,8.262998263505088e-07
Surocciden,Antioquia,523,8.264545555834347e-07
Surocciden,Antioquia,524,8.261915699361416e-07
Surocciden,Antioquia,525,8.260119673870758e-07
Surocciden,Antioquia,526,8.261255292571116e-07
Surocciden,Antioquia,527,8.263717177476434e-07
Surocciden,Antioquia,528,8.267242724306287e-07
Surocciden,Antioquia,529,1.600470717114339e-07
Surocciden,Antioquia,530,1.6006222775557014e-07
Surocciden,Antioquia,531,1.6007242564933986e-07
Surocciden,Antioquia,532,1.6007995050058378e-07
Surocciden,Antioquia,533,1.6008431853268198e-07
Surocciden,Antioquia,534,1.601031268875756e-07
Surocciden,Antioquia,535,1.6009747850472747e-07
Surocciden,Antioquia,536,1.6009879657127071e-07
Surocciden,Antioquia,537,1.6008804671995337e-07
Surocciden,Antioquia,538,1.600772451953053e-07
Surocciden,Antioquia,539,1.6007041193146343e-07
Surocciden,Antioquia,540,1.600612229106689e-07
Surocciden,Antioquia,541,1.6005197323206396e-07
Surocciden,Antioquia,542,1.6004939213454406e-07
Surocciden,Antioquia,543,1.600430326877486e-07
Surocciden,Antioquia,544,1.6003386482663576e-07
Surocciden,Antioquia,545,1.600288760430789e-07
Surocciden,Antioquia,546,1.6002694794264542e-07
Surocciden,Antioquia,547,1.6002854800610969e-07
Surocciden,Antioquia,548,1.5999146584490524e-07
Surocciden,Antioquia,549,1.5999068866601155e-07
Surocciden,Antioquia,550,1.5999760422076534e-07
Surocciden,Antioquia,551,1.600110477435343e-07
Surocciden,Antioquia,552,1.600296428118018e-07
Surocciden,Antioquia,553,7.548721195476468e-07
Surocciden,Antioquia,554,7.551411189228066e-07
Surocciden,Antioquia,555,7.552849186218394e-07
Surocciden,Antioquia,556,7.553946608992123e-07
Surocciden,Antioquia,557,7.554498326387312e-07
Surocciden,Antioquia,558,7.55406751870382e-07
Surocciden,Antioquia,559,7.552502842714263e-07
Surocciden,Antioquia,560,7.552204679414897e-07
Surocciden,Antioquia,561,7.550463352662811e-07
Surocciden,Antioquia,562,7.549065759938729e-07
Surocciden,Antioquia,563,7.548142135447768e-07
Surocciden,Antioquia,564,7.547011597440944e-07
Surocciden,Antioquia,565,7.545601115020698e-07
Surocciden,Antioquia,566,7.545454034103941e-07
Surocciden,Antioquia,567,7.544545555722162e-07
Surocciden,Antioquia,568,7.543243758189249e-07
Surocciden,Antioquia,569,7.542697173926046e-07
Surocciden,Antioquia,570,7.542731341062319e-07
Surocciden,Antioquia,571,7.543169710027815e-07
Surocciden,Antioquia,572,7.541326437717092e-07
Surocciden,Antioquia,573,7.541444375273959e-07
Surocciden,Antioquia,574,7.542071765618126e-07
Surocciden,Antioquia,575,7.543637732673238e-07
Surocciden,Antioquia,576,7.546216601809223e-07
Surocciden,Antioquia,1345,1.3736833655007642e-06
Surocciden,Antioquia,1346,1.373888186699628e-06
Surocciden,Antioquia,1347,1.3740183384389953e-06
Surocciden,Antioquia,1348,1.3741068968918185e-06
Surocciden,Antioquia,1349,1.3741563169912416e-06
Surocciden,Antioquia,1350,1.3741499147489843e-06
Surocciden,Antioquia,1351,1.3740966587837082e-06
Surocciden,Antioquia,1352,1.3741666103217015e-06
Surocciden,Antioquia,1353,1.3741141787155346e-06
Surocciden,Antioquia,1354,1.3740484764944315e-06
Surocciden,Antioquia,1355,1.374015603519794e-06
Surocciden,Antioquia,1356,1.373948531812604e-06
Surocciden,Antioquia,1357,1.3738383134608855e-06
Surocciden,Antioquia,1358,1.3737962775518395e-06
Surocciden,Antioquia,1359,1.3737129892922512e-06
Surocciden,Antioquia,1360,1.3734843719336592e-06
Surocciden,Antioquia,1361,1.3732755533394986e-06
Surocciden,Antioquia,1362,1.3731501726535424e-06
Surocciden,Antioquia,1363,1.3731630986067458e-06
Surocciden,Antioquia,1364,1.3727438377664273e-06
Surocciden,Antioquia,1365,1.3726292038853357e-06
Surocciden,Antioquia,1366,1.3728054526884526e-06
Surocciden,Antioquia,1367,1.373089233348136e-06
Surocciden,Antioquia,1368,1.3734124869545926e-06
Surocciden,Antioquia,1369,1.2542827978182924e-06
Surocciden,Antioquia,1370,1.2547316787815755e-06
Surocciden,Antioquia,1371,1.2549806112362507e-06
Surocciden,Antioquia,1372,1.2551676196473579e-06
Surocciden,Antioquia,1373,1.25523801396527e-06
Surocciden,Antioquia,1374,1.2551562335256848e-06
Surocciden,Antioquia,1375,1.2549205722839618e-06
Surocciden,Antioquia,1376,1.2549118995603137e-06
Surocciden,Antioquia,1377,1.2546738507123727e-06
Surocciden,Antioquia,1378,1.2544486353949936e-06
Surocciden,Antioquia,1379,1.254337859122785e-06
Surocciden,Antioquia,1380,1.2542365233530656e-06
Surocciden,Antioquia,1381,1.2541283395216766e-06
Surocciden,Antioquia,1382,1.254125829719418e-06
Surocciden,Antioquia,1383,1.254024287954426e-06
Surocciden,Antioquia,1384,1.2536950245395665e-06
Surocciden,Antioquia,1385,1.2534441472546688e-06
Surocciden,Antioquia,1386,1.2533573268256241e-06
Surocciden,Antioquia,1387,1.2534575756248195e-06
Surocciden,Antioquia,1388,1.2531282280132794e-06
Surocciden,Antioquia,1389,1.2530716216609938e-06
Surocciden,Antioquia,1390,1.253248361740206e-06
Surocciden,Antioquia,1391,1.2535333960788782e-06
Surocciden,Antioquia,1392,1.2539136777010423e-06
Surocciden,Antioquia,1393,2.7140560085492247e-07
Surocciden,Antioquia,1394,2.714401911546948e-07
Surocciden,Antioquia,1395,2.7146628424860613e-07
Surocciden,Antioquia,1396,2.7148623135817947e-07
Surocciden,Antioquia,1397,2.714970714082315e-07
Surocciden,Antioquia,1398,2.7150566279740774e-07
Surocciden,Antioquia,1399,2.7148683654443584e-07
Surocciden,Antioquia,1400,2.7150037923081427e-07
Surocciden,Antioquia,1401,2.7148158363661696e-07
Surocciden,Antioquia,1402,2.7145981772790925e-07
Surocciden,Antioquia,1403,2.7144686741527757e-07
Surocciden,Antioquia,1404,2.7143393627262896e-07
Surocciden,Antioquia,1405,2.714247291071441e-07
Surocciden,Antioquia,1406,2.7142557969538503e-07
Surocciden,Antioquia,1407,2.7140718103370155e-07
Surocciden,Antioquia,1408,2.713745854102744e-07
Surocciden,Antioquia,1409,2.7134969276092633e-07
Surocciden,Antioquia,1410,2.7133613440736075e-07
Surocciden,Antioquia,1411,2.713421568911788e-07
Surocciden,Antioquia,1412,2.712809169956852e-07
Surocciden,Antioquia,1413,2.7125769395069216e-07
Surocciden,Antioquia,1414,2.7127965971568266e-07
Surocciden,Antioquia,1415,2.7131906294647304e-07
Surocciden,Antioquia,1416,2.7136432439209486e-07
Surocciden,Antioquia,1417,1.1411006008474603e-06
Surocciden,Antioquia,1418,1.1416748908021127e-06
Surocciden,Antioquia,1419,1.1420195310338047e-06
Surocciden,Antioquia,1420,1.1422739383217562e-06
Surocciden,Antioquia,1421,1.1423862989475081e-06
Surocciden,Antioquia,1422,1.1421767894099216e-06
Surocciden,Antioquia,1423,1.141736814358673e-06
Surocciden,Antioquia,1424,1.1418197931536094e-06
Surocciden,Antioquia,1425,1.1415709563595283e-06
Surocciden,Antioquia,1426,1.1413388204084268e-06
Surocciden,Antioquia,1427,1.141244207235946e-06
Surocciden,Antioquia,1428,1.1410759288878395e-06
Surocciden,Antioquia,1429,1.140928694365879e-06
Surocciden,Antioquia,1430,1.1409332282320322e-06
Surocciden,Antioquia,1431,1.1407840386030255e-06
Surocciden,Antioquia,1432,1.140567881839924e-06
Surocciden,Antioquia,1433,1.1404262539038574e-06
Surocciden,Antioquia,1434,1.14037231060874e-06
Surocciden,Antioquia,1435,1.140457098525093e-06
Surocciden,Antioquia,1436,1.1402545927977366e-06
Surocciden,Antioquia,1437,1.1401804038841422e-06
Surocciden,Antioquia,1438,1.1402765697877306e-06
Surocciden,Antioquia,1439,1.140464008776099e-06
Surocciden,Antioquia,1440,1.1407457525968708e-06
Surocciden,Antioquia,1441,2.7126932800002924e-07
Surocciden,Antioquia,1442,2.7132909711139186e-07
Surocciden,Antioquia,1443,2.7136743811328345e-07
Surocciden,Antioquia,1444,2.7139383620886386e-07
Surocciden,Antioquia,1445,2.7140782737215787e-07
Surocciden,Antioquia,1446,2.7142149972285497e-07
Surocciden,Antioquia,1447,2.7140890815616305e-07
Surocciden,Antioquia,1448,2.714296840434318e-07
Surocciden,Antioquia,1449,2.714100112142175e-07
Surocciden,Antioquia,1450,2.71385930737541e-07
Surocciden,Antioquia,1451,2.713698748371329e-07
Surocciden,Antioquia,1452,2.7134261859405784e-07
Surocciden,Antioquia,1453,2.7131046495264493e-07
Surocciden,Antioquia,1454,2.712965292715886e-07
Surocciden,Antioquia,1455,2.7125972018282306e-07
Surocciden,Antioquia,1456,2.7121103163594343e-07
Surocciden,Antioquia,1457,2.7117814220583325e-07
Surocciden,Antioquia,1458,2.711607877675675e-07
Surocciden,Antioquia,1459,2.7117233559996615e-07
Surocciden,Antioquia,1460,2.7111244479600395e-07
Surocciden,Antioquia,1461,2.710749940000326e-07
Surocciden,Antioquia,1462,2.7109712299880757e-07
Surocciden,Antioquia,1463,2.7113819917526314e-07
Surocciden,Antioquia,1464,2.7119750890561343e-07
Surocciden,Antioquia,1465,1.137427727224871e-06
Surocciden,Antioquia,1466,1.1381109426487835e-06
Surocciden,Antioquia,1467,1.1384050277863971e-06
Surocciden,Antioquia,1468,1.1386291651403216e-06
Surocciden,Antioquia,1469,1.1387302412392787e-06
Surocciden,Antioquia,1470,1.1386234842066083e-06
Surocciden,Antioquia,1471,1.1383741014015749e-06
Surocciden,Antioquia,1472,1.138432826643671e-06
Surocciden,Antioquia,1473,1.1382202748011553e-06
Surocciden,Antioquia,1474,1.1379624342813503e-06
Surocciden,Antioquia,1475,1.1378249372656309e-06
Surocciden,Antioquia,1476,1.1374762626297872e-06
Surocciden,Antioquia,1477,1.1370344289024975e-06
Surocciden,Antioquia,1478,1.1369426034630595e-06
Surocciden,Antioquia,1479,1.1364741667053548e-06
Surocciden,Antioquia,1480,1.1359142082014559e-06
Surocciden,Antioquia,1481,1.135614357247496e-06
Surocciden,Antioquia,1482,1.135462409091965e-06
Surocciden,Antioquia,1483,1.1357321485961487e-06
Surocciden,Antioquia,1484,1.1353373288382874e-06
Surocciden,Antioquia,1485,1.1350251638813075e-06
Surocciden,Antioquia,1486,1.13525276863512e-06
Surocciden,Antioquia,1487,1.1357427765856974e-06
Surocciden,Antioquia,1488,1.1365562361071678e-06
Surocciden,Antioquia,1489,2.2526735015774874e-07
Surocciden,Antioquia,1490,2.2528778927139976e-07
Surocciden,Antioquia,1491,2.2530271750240102e-07
Surocciden,Antioquia,1492,2.2531464835495124e-07
Surocciden,Antioquia,1493,2.253220845674143e-07
Surocciden,Antioquia,1494,2.2533324112525695e-07
Surocciden,Antioquia,1495,2.2532577342237858e-07
Surocciden,Antioquia,1496,2.2533603909773538e-07
Surocciden,Antioquia,1497,2.2532782461922713e-07
Surocciden,Antioquia,1498,2.2531972002420508e-07
Surocciden,Antioquia,1499,2.253155456923887e-07
Surocciden,Antioquia,1500,2.2530481888320874e-07
Surocciden,Antioquia,1501,2.2529067393307432e-07
Surocciden,Antioquia,1502,2.2528402362325065e-07
Surocciden,Antioquia,1503,2.252707053574953e-07
Surocciden,Antioquia,1504,2.2525341453503422e-07
Surocciden,Antioquia,1505,2.252412382929948e-07
Surocciden,Antioquia,1506,2.2523393364608395e-07
Surocciden,Antioquia,1507,2.252321917285301e-07
Surocciden,Antioquia,1508,2.2519566863282352e-07
Surocciden,Antioquia,1509,2.2519472931496896e-07
Surocciden,Antioquia,1510,2.2520483648145625e-07
Surocciden,Antioquia,1511,2.2522251931929493e-07
Surocciden,Antioquia,1512,2.252457959378831e-07
Surocciden,Antioquia,1513,2.3664061283632998e-08
Surocciden,Antioquia,1514,2.3680027777325762e-08
Surocciden,Antioquia,1515,2.369154357842484e-08
Surocciden,Antioquia,1516,2.3701439849784718e-08
Surocciden,Antioquia,1517,2.3707251616613558e-08
Surocciden,Antioquia,1518,2.370864120001583e-08
Surocciden,Antioquia,1519,2.369706255488049e-08
Surocciden,Antioquia,1520,2.369757999124934e-08
Surocciden,Antioquia,1521,2.368829697328207e-08
Surocciden,Antioquia,1522,2.368031882411809e-08
Surocciden,Antioquia,1523,2.3677378195106005e-08
Surocciden,Antioquia,1524,2.3671716073448395e-08
Surocciden,Antioquia,1525,2.3663744748988427e-08
Surocciden,Antioquia,1526,2.3661148467286104e-08
Surocciden,Antioquia,1527,2.3653020889379314e-08
Surocciden,Antioquia,1528,2.3641991790558572e-08
Surocciden,Antioquia,1529,2.363635586669036e-08
Surocciden,Antioquia,1530,2.3634479312879057e-08
Surocciden,Antioquia,1531,2.363568282235311e-08
Surocciden,Antioquia,1532,2.362327898870385e-08
Surocciden,Antioquia,1533,2.362380385219428e-08
Surocciden,Antioquia,1534,2.3627183152449727e-08
Surocciden,Antioquia,1535,2.3635638209864712e-08
Surocciden,Antioquia,1536,2.3648526432239298e-08
Surocciden,Antioquia,2305,1.6447685400146992e-07
Surocciden,Antioquia,2306,1.6446445206740337e-07
Surocciden,Antioquia,2307,1.6446672492300287e-07
Surocciden,Antioquia,2308,1.6446981908043258e-07
Surocciden,Antioquia,2309,1.6447579079879784e-07
Surocciden,Antioquia,2310,1.644844202931733e-07
Surocciden,Antioquia,2311,1.6448184641040313e-07
Surocciden,Antioquia,2312,1.6447019450360236e-07
Surocciden,Antioquia,2313,1.6444543455317514e-07
Surocciden,Antioquia,2314,1.644286466450274e-07
Surocciden,Antioquia,2315,1.6442107769660458e-07
Surocciden,Antioquia,2316,1.6441602656367837e-07
Surocciden,Antioquia,2317,1.6440330094299487e-07
Surocciden,Antioquia,2318,1.6440282979376152e-07
Surocciden,Antioquia,2319,1.6441415880415735e-07
Surocciden,Antioquia,2320,1.6445687489627173e-07
Surocciden,Antioquia,2321,1.64418134710174e-07
Surocciden,Antioquia,2322,1.6437212155976392e-07
Surocciden,Antioquia,2323,1.6438196518581632e-07
Surocciden,Antioquia,2324,1.6427717722593536e-07
Surocciden,Antioquia,2325,1.6424457477471475e-07
Surocciden,Antioquia,2326,1.6429101588704554e-07
Surocciden,Antioquia,2327,1.6436197042707247e-07
Surocciden,Antioquia,2328,1.6444353099231662e-07
Surocciden,Antioquia,2329,9.219959338007884e-07
Surocciden,Antioquia,2330,9.220028546165474e-07
Surocciden,Antioquia,2331,9.220414599778131e-07
Surocciden,Antioquia,2332,9.220809140681382e-07
Surocciden,Antioquia,2333,9.220936116196889e-07
Surocciden,Antioquia,2334,9.221013704478064e-07
Surocciden,Antioquia,2335,9.22108563867692e-07
Surocciden,Antioquia,2336,9.221378426110056e-07
Surocciden,Antioquia,2337,9.221223682927023e-07
Surocciden,Antioquia,2338,9.221057061194936e-07
Surocciden,Antioquia,2339,9.220904116201647e-07
Surocciden,Antioquia,2340,9.220789774540493e-07
Surocciden,Antioquia,2341,9.220515401231568e-07
Surocciden,Antioquia,2342,9.220309484573539e-07
Surocciden,Antioquia,2343,9.219986329778092e-07
Surocciden,Antioquia,2344,9.219590049872998e-07
Surocciden,Antioquia,2345,9.219130808812063e-07
Surocciden,Antioquia,2346,9.218661004984429e-07
Surocciden,Antioquia,2347,9.218365284067533e-07
Surocciden,Antioquia,2348,9.21750234977097e-07
Surocciden,Antioquia,2349,9.217408800482985e-07
Surocciden,Antioquia,2350,9.217929310949929e-07
Surocciden,Antioquia,2351,9.218643589544542e-07
Surocciden,Antioquia,2352,9.219401818517067e-07
Surocciden,Antioquia,2353,2.7048095890111373e-07
Surocciden,Antioquia,2354,2.704987332474406e-07
Surocciden,Antioquia,2355,2.705165978757016e-07
Surocciden,Antioquia,2356,2.7053006987251303e-07
Surocciden,Antioquia,2357,2.705369661857125e-07
Surocciden,Antioquia,2358,2.7054304813585835e-07
Surocciden,Antioquia,2359,2.7053681443686166e-07
Surocciden,Antioquia,2360,2.7054800199803414e-07
Surocciden,Antioquia,2361,2.705456904194034e-07
Surocciden,Antioquia,2362,2.7053460797648463e-07
Surocciden,Antioquia,2363,2.70531338735703e-07
Surocciden,Antioquia,2364,2.7051622521317165e-07
Surocciden,Antioquia,2365,2.705029735663566e-07
Surocciden,Antioquia,2366,2.7050327630781084e-07
Surocciden,Antioquia,2367,2.704974164153508e-07
Surocciden,Antioquia,2368,2.7048496996418374e-07
Surocciden,Antioquia,2369,2.7046117319345695e-07
Surocciden,Antioquia,2370,2.70429012983441e-07
Surocciden,Antioquia,2371,2.7042697182247004e-07
Surocciden,Antioquia,2372,2.7036002590617356e-07
Surocciden,Antioquia,2373,2.703171554578751e-07
Surocciden,Antioquia,2374,2.703567021947877e-07
Surocciden,Antioquia,2375,2.704149442398547e-07
Surocciden,Antioquia,2376,2.704611326754044e-07
Surocciden,Antioquia,2377,5.420160827452996e-07
Surocciden,Antioquia,2378,5.420553443738208e-07
Surocciden,Antioquia,2379,5.421328055577906e-07
Surocciden,Antioquia,2380,5.422025784008698e-07
Surocciden,Antioquia,2381,5.422483832395738e-07
Surocciden,Antioquia,2382,5.422499045275443e-07
Surocciden,Antioquia,2383,5.423026732503773e-07
Surocciden,Antioquia,2384,5.423987000924048e-07
Surocciden,Antioquia,2385,5.423748719446127e-07
Surocciden,Antioquia,2386,5.423397771395604e-07
Surocciden,Antioquia,2387,5.423420782487717e-07
Surocciden,Antioquia,2388,5.422961689287996e-07
Surocciden,Antioquia,2389,5.42201725820512e-07
Surocciden,Antioquia,2390,5.421367137025266e-07
Surocciden,Antioquia,2391,5.42059031800414e-07
Surocciden,Antioquia,2392,5.419809704959434e-07
Surocciden,Antioquia,2393,5.419242017983652e-07
Surocciden,Antioquia,2394,5.418891477121434e-07
Surocciden,Antioquia,2395,5.418559045393515e-07
Surocciden,Antioquia,2396,5.417832637089537e-07
Surocciden,Antioquia,2397,5.417644220833935e-07
Surocciden,Antioquia,2398,5.418024912264348e-07
Surocciden,Antioquia,2399,5.418661150495918e-07
Surocciden,Antioquia,2400,5.419419096996807e-07
Surocciden,Antioquia,2401,2.3141524033611872e-07
Surocciden,Antioquia,2402,2.3147767147312007e-07
Surocciden,Antioquia,2403,2.315161812770652e-07
Surocciden,Antioquia,2404,2.3154128629352794e-07
Surocciden,Antioquia,2405,2.3155382899848757e-07
Surocciden,Antioquia,2406,2.3155600462792268e-07
Surocciden,Antioquia,2407,2.315471301104629e-07
Surocciden,Antioquia,2408,2.3159796932572618e-07
Surocciden,Antioquia,2409,2.316088141882454e-07
Surocciden,Antioquia,2410,2.3161175898165564e-07
Surocciden,Antioquia,2411,2.3161651116544166e-07
Surocciden,Antioquia,2412,2.3159582967934564e-07
Surocciden,Antioquia,2413,2.3156587765228107e-07
Surocciden,Antioquia,2414,2.3155040404353783e-07
Surocciden,Antioquia,2415,2.3150173759083407e-07
Surocciden,Antioquia,2416,2.314436279404122e-07
Surocciden,Antioquia,2417,2.3139799377360132e-07
Surocciden,Antioquia,2418,2.3135947275709893e-07
Surocciden,Antioquia,2419,2.3135684154936644e-07
Surocciden,Antioquia,2420,2.313016718143826e-07
Surocciden,Antioquia,2421,2.3124217685615025e-07
Surocciden,Antioquia,2422,2.3127727141703799e-07
Surocciden,Antioquia,2423,2.3133081520447946e-07
Surocciden,Antioquia,2424,2.3137428686797692e-07
Surocciden,Antioquia,2425,1.2827923360250148e-06
Surocciden,Antioquia,2426,1.282878782174285e-06
Surocciden,Antioquia,2427,1.2835608663331853e-06
Surocciden,Antioquia,2428,1.283907742080791e-06
Surocciden,Antioquia,2429,1.2841188333042523e-06
Surocciden,Antioquia,2430,1.2841518640047516e-06
Surocciden,Antioquia,2431,1.2842478618709e-06
Surocciden,Antioquia,2432,1.284506046023537e-06
Surocciden,Antioquia,2433,1.2844970453458123e-06
Surocciden,Antioquia,2434,1.2844174590170006e-06
Surocciden,Antioquia,2435,1.2844252211425316e-06
Surocciden,Antioquia,2436,1.2843220846759225e-06
Surocciden,Antioquia,2437,1.2841074375117533e-06
Surocciden,Antioquia,2438,1.2839984533234778e-06
Surocciden,Antioquia,2439,1.2837250599275507e-06
Surocciden,Antioquia,2440,1.2829364694748698e-06
Surocciden,Antioquia,2441,1.2821713788778793e-06
Surocciden,Antioquia,2442,1.2818867180997844e-06
Surocciden,Antioquia,2443,1.2817694354599738e-06
Surocciden,Antioquia,2444,1.2814487890207572e-06
Surocciden,Antioquia,2445,1.2812362589256922e-06
Surocciden,Antioquia,2446,1.2814590239127225e-06
Surocciden,Antioquia,2447,1.2817283837552058e-06
Surocciden,Antioquia,2448,1.2820668486520525e-06
Surocciden,Antioquia,2449,1.6777163519949452e-07
Surocciden,Antioquia,2450,1.6779695606637165e-07
Surocciden,Antioquia,2451,1.678124024847998e-07
Surocciden,Antioquia,2452,1.6782459902953496e-07
Surocciden,Antioquia,2453,1.6783192069814061e-07
Surocciden,Antioquia,2454,1.6784128071599024e-07
Surocciden,Antioquia,2455,1.6783798153978597e-07
Surocciden,Antioquia,2456,1.6786608648736947e-07
Surocciden,Antioquia,2457,1.6787349616330566e-07
Surocciden,Antioquia,2458,1.678794115860005e-07
Surocciden,Antioquia,2459,1.678872766659355e-07
Surocciden,Antioquia,2460,1.67880171456877e-07
Surocciden,Antioquia,2461,1.6786381287433592e-07
Surocciden,Antioquia,2462,1.6785214806901224e-07
Surocciden,Antioquia,2463,1.678211108776059e-07
Surocciden,Antioquia,2464,1.677808045025494e-07
Surocciden,Antioquia,2465,1.6774862427812146e-07
Surocciden,Antioquia,2466,1.6772789847295427e-07
Surocciden,Antioquia,2467,1.6772305669256309e-07
Surocciden,Antioquia,2468,1.6767178851538487e-07
Surocciden,Antioquia,2469,1.6766958112562328e-07
Surocciden,Antioquia,2470,1.6768653511504602e-07
Surocciden,Antioquia,2471,1.6771549874006557e-07
Surocciden,Antioquia,2472,1.6774704062923893e-07
Surocciden,Antioquia,2473,4.377173322577605e-08
Surocciden,Antioquia,2474,4.376854271996797e-08
Surocciden,Antioquia,2475,4.3787548497321104e-08
Surocciden,Antioquia,2476,4.3801234133650475e-08
Surocciden,Antioquia,2477,4.3809839361314495e-08
Surocciden,Antioquia,2478,4.3819686224875975e-08
Surocciden,Antioquia,2479,4.382743092544651e-08
Surocciden,Antioquia,2480,4.384860164395568e-08
Surocciden,Antioquia,2481,4.384669849485909e-08
Surocciden,Antioquia,2482,4.384200629273875e-08
Surocciden,Antioquia,2483,4.384143090646844e-08
Surocciden,Antioquia,2484,4.383514352590953e-08
Surocciden,Antioquia,2485,4.38233561277328e-08
Surocciden,Antioquia,2486,4.3814063742085666e-08
Surocciden,Antioquia,2487,4.379837479920148e-08
Surocciden,Antioquia,2488,4.377594257180229e-08
Surocciden,Antioquia,2489,4.375487669694941e-08
Surocciden,Antioquia,2490,4.373771723977219e-08
Surocciden,Antioquia,2491,4.372704215602259e-08
Surocciden,Antioquia,2492,4.369848856723643e-08
Surocciden,Antioquia,2493,4.370046019982703e-08
Surocciden,Antioquia,2494,4.371100750796736e-08
Surocciden,Antioquia,2495,4.372642276411574e-08
Surocciden,Antioquia,2496,4.374798366851562e-08
Surocciden,Antioquia,3265,1.93637781540402e-07
Surocciden,Antioquia,3266,1.936330371007113e-07
Surocciden,Antioquia,3267,1.9363847825661614e-07
Surocciden,Antioquia,3268,1.936425683120936e-07
Surocciden,Antioquia,3269,1.9364716269096836e-07
Surocciden,Antioquia,3270,1.9365285231982192e-07
Surocciden,Antioquia,3271,1.936586963744517e-07
Surocciden,Antioquia,3272,1.9367335561789516e-07
Surocciden,Antioquia,3273,1.9368795383678715e-07
Surocciden,Antioquia,3274,1.9371181328315217e-07
Surocciden,Antioquia,3275,1.9374333988089068e-07
Surocciden,Antioquia,3276,1.937496983946543e-07
Surocciden,Antioquia,3277,1.9372524321769652e-07
Surocciden,Antioquia,3278,1.9370580315534365e-07
Surocciden,Antioquia,3279,1.9369244162346537e-07
Surocciden,Antioquia,3280,1.9369135717087043e-07
Surocciden,Antioquia,3281,1.9364684756928985e-07
Surocciden,Antioquia,3282,1.9358905969339001e-07
Surocciden,Antioquia,3283,1.9357920576449381e-07
Surocciden,Antioquia,3284,1.934982224003248e-07
Surocciden,Antioquia,3285,1.9348231256658206e-07
Surocciden,Antioquia,3286,1.9353247099226768e-07
Surocciden,Antioquia,3287,1.9358605995638239e-07
Surocciden,Antioquia,3288,1.936296742712424e-07
Surocciden,Antioquia,3289,4.964661346489656e-05
Surocciden,Antioquia,3290,4.965505932513078e-05
Surocciden,Antioquia,3291,4.9663931022895337e-05
Surocciden,Antioquia,3292,4.967362192209853e-05
Surocciden,Antioquia,3293,4.9680745661442706e-05
Surocciden,Antioquia,3294,4.9686178314174e-05
Surocciden,Antioquia,3295,4.9706354255711207e-05
Surocciden,Antioquia,3296,4.978430575482832e-05
Surocciden,Antioquia,3297,4.988712807568696e-05
Surocciden,Antioquia,3298,5.0026768128164656e-05
Surocciden,Antioquia,3299,5.0141551632946895e-05
Surocciden,Antioquia,3300,5.012563641289872e-05
Surocciden,Antioquia,3301,4.9972224142789976e-05
Surocciden,Antioquia,3302,4.9843526368915465e-05
Surocciden,Antioquia,3303,4.977126634190628e-05
Surocciden,Antioquia,3304,4.970744769097274e-05
Surocciden,Antioquia,3305,4.9667341704524936e-05
Surocciden,Antioquia,3306,4.963998688202786e-05
Surocciden,Antioquia,3307,4.962678771743939e-05
Surocciden,Antioquia,3308,4.9591252174171566e-05
Surocciden,Antioquia,3309,4.9572309889222836e-05
Surocciden,Antioquia,3310,4.958518080982067e-05
Surocciden,Antioquia,3311,4.9608078766251324e-05
Surocciden,Antioquia,3312,4.963119339329984e-05
Surocciden,Antioquia,3313,3.8872669870542725e-07
Surocciden,Antioquia,3314,3.887386700109755e-07
Surocciden,Antioquia,3315,3.8875954503815257e-07
Surocciden,Antioquia,3316,3.887758531545469e-07
Surocciden,Antioquia,3317,3.8878423457317774e-07
Surocciden,Antioquia,3318,3.8878645473894564e-07
Surocciden,Antioquia,3319,3.888047826809987e-07
Surocciden,Antioquia,3320,3.8887319109819165e-07
Surocciden,Antioquia,3321,3.889485523699157e-07
Surocciden,Antioquia,3322,3.890082912821859e-07
Surocciden,Antioquia,3323,3.89073868222123e-07
Surocciden,Antioquia,3324,3.890536932007306e-07
Surocciden,Antioquia,3325,3.889976600112783e-07
Surocciden,Antioquia,3326,3.8895838241981363e-07
Surocciden,Antioquia,3327,3.8888980089825123e-07
Surocciden,Antioquia,3328,3.888197183886255e-07
Surocciden,Antioquia,3329,3.8874837029224193e-07
Surocciden,Antioquia,3330,3.88664015061831e-07
Surocciden,Antioquia,3331,3.886499166185484e-07
Surocciden,Antioquia,3332,3.8852960745472207e-07
Surocciden,Antioquia,3333,3.884244860517255e-07
Surocciden,Antioquia,3334,3.885198430684463e-07
Surocciden,Antioquia,3335,3.8863959862281167e-07
Surocciden,Antioquia,3336,3.887135252550886e-07
Surocciden,Antioquia,3337,6.532036008452766e-07
Surocciden,Antioquia,3338,6.532624435699989e-07
Surocciden,Antioquia,3339,6.53359713011472e-07
Surocciden,Antioquia,3340,6.53450573783776e-07
Surocciden,Antioquia,3341,6.535178468153169e-07
Surocciden,Antioquia,3342,6.53511307296972e-07
Surocciden,Antioquia,3343,6.536834132619358e-07
Surocciden,Antioquia,3344,6.542457263221707e-07
Surocciden,Antioquia,3345,6.545021495516588e-07
Surocciden,Antioquia,3346,6.546492605224603e-07
Surocciden,Antioquia,3347,6.547770097895526e-07
Surocciden,Antioquia,3348,6.547552190863633e-07
Surocciden,Antioquia,3349,6.545954340048797e-07
Surocciden,Antioquia,3350,6.543741897547226e-07
Surocciden,Antioquia,3351,6.538001493316707e-07
Surocciden,Antioquia,3352,6.533432504686518e-07
Surocciden,Antioquia,3353,6.531280188787716e-07
Surocciden,Antioquia,3354,6.530071171003827e-07
Surocciden,Antioquia,3355,6.529186019212366e-07
Surocciden,Antioquia,3356,6.528177991551593e-07
Surocciden,Antioquia,3357,6.52794199859434e-07
Surocciden,Antioquia,3358,6.528618961466195e-07
Surocciden,Antioquia,3359,6.529593351766459e-07
Surocciden,Antioquia,3360,6.530871719708822e-07
Surocciden,Antioquia,3361,3.864188411191394e-07
Surocciden,Antioquia,3362,3.865485880298317e-07
Surocciden,Antioquia,3363,3.866300546306573e-07
Surocciden,Antioquia,3364,3.86677431718686e-07
Surocciden,Antioquia,3365,3.867002499318632e-07
Surocciden,Antioquia,3366,3.8668637624484426e-07
Surocciden,Antioquia,3367,3.866884336990104e-07
Surocciden,Antioquia,3368,3.8682376324250925e-07
Surocciden,Antioquia,3369,3.868937376906732e-07
Surocciden,Antioquia,3370,3.8694451477628194e-07
Surocciden,Antioquia,3371,3.8699326921810325e-07
Surocciden,Antioquia,3372,3.869599174992078e-07
Surocciden,Antioquia,3373,3.8690006534449844e-07
Surocciden,Antioquia,3374,3.8685759887166766e-07
Surocciden,Antioquia,3375,3.867260886624936e-07
Surocciden,Antioquia,3376,3.8652723460856933e-07
Surocciden,Antioquia,3377,3.8641131625274107e-07
Surocciden,Antioquia,3378,3.863031286290757e-07
Surocciden,Antioquia,3379,3.862852436670078e-07
Surocciden,Antioquia,3380,3.861699009971344e-07
Surocciden,Antioquia,3381,3.8598306692763784e-07
Surocciden,Antioquia,3382,3.861005171999293e-07
Surocciden,Antioquia,3383,3.8624051888897e-07
Surocciden,Antioquia,3384,3.8634130788658677e-07
Surocciden,Antioquia,3385,1.1096255881050435e-06
Surocciden,Antioquia,3386,1.1097769624226836e-06
Surocciden,Antioquia,3387,1.1116321262214472e-06
Surocciden,Antioquia,3388,1.113162312730088e-06
Surocciden,Antioquia,3389,1.1138628172594002e-06
Surocciden,Antioquia,3390,1.1138863491806384e-06
Surocciden,Antioquia,3391,1.1143481487324517e-06
Surocciden,Antioquia,3392,1.1151702626943748e-06
Surocciden,Antioquia,3393,1.1153888340146597e-06
Surocciden,Antioquia,3394,1.1154588604782575e-06
Surocciden,Antioquia,3395,1.1156538552529005e-06
Surocciden,Antioquia,3396,1.115558651536082e-06
Surocciden,Antioquia,3397,1.1150555029186359e-06
Surocciden,Antioquia,3398,1.1145748662529636e-06
Surocciden,Antioquia,3399,1.1130961140224742e-06
Surocciden,Antioquia,3400,1.1104109589149573e-06
Surocciden,Antioquia,3401,1.1088250838257404e-06
Surocciden,Antioquia,3402,1.108011381970669e-06
Surocciden,Antioquia,3403,1.1077157166763423e-06
Surocciden,Antioquia,3404,1.106277432634369e-06
Surocciden,Antioquia,3405,1.105764843443729e-06
Surocciden,Antioquia,3406,1.1063465266566666e-06
Surocciden,Antioquia,3407,1.1075737638088851e-06
Surocciden,Antioquia,3408,1.1084736228781818e-06
Surocciden,Antioquia,3409,2.205907307917762e-07
Surocciden,Antioquia,3410,2.2063284522716395e-07
Surocciden,Antioquia,3411,2.206593443824411e-07
Surocciden,Antioquia,3412,2.2068036078005718e-07
Surocciden,Antioquia,3413,2.2069300510778547e-07
Surocciden,Antioquia,3414,2.2069640838627816e-07
Surocciden,Antioquia,3415,2.20699284922202e-07
Surocciden,Antioquia,3416,2.2078138755938728e-07
Surocciden,Antioquia,3417,2.2084393509566913e-07
Surocciden,Antioquia,3418,2.2090283085812328e-07
Surocciden,Antioquia,3419,2.2095983492423208e-07
Surocciden,Antioquia,3420,2.2095524071231355e-07
Surocciden,Antioquia,3421,2.2091214061405642e-07
Surocciden,Antioquia,3422,2.2087149888784554e-07
Surocciden,Antioquia,3423,2.2079667347843353e-07
Surocciden,Antioquia,3424,2.2072209273598402e-07
Surocciden,Antioquia,3425,2.206436115849069e-07
Surocciden,Antioquia,3426,2.2054451771993736e-07
Surocciden,Antioquia,3427,2.2050295770220548e-07
Surocciden,Antioquia,3428,2.2040891322393185e-07
Surocciden,Antioquia,3429,2.2040220878197018e-07
Surocciden,Antioquia,3430,2.204382750806345e-07
Surocciden,Antioquia,3431,2.2049582406232184e-07
Surocciden,Antioquia,3432,2.2055037908674448e-07
Surocciden,Antioquia,3433,3.898193264551469e-08
Surocciden,Antioquia,3434,3.8979845323015276e-08
Surocciden,Antioquia,3435,3.8996109984525564e-08
Surocciden,Antioquia,3436,3.901043455416622e-08
Surocciden,Antioquia,3437,3.902082680054533e-08
Surocciden,Antioquia,3438,3.902978099781176e-08
Surocciden,Antioquia,3439,3.904784806136106e-08
Surocciden,Antioquia,3440,3.909652223818067e-08
Surocciden,Antioquia,3441,3.914069160014165e-08
Surocciden,Antioquia,3442,3.920834363686383e-08
Surocciden,Antioquia,3443,1.1228836243829893e-07
Surocciden,Antioquia,3444,3.938897385084385e-08
Surocciden,Antioquia,3445,3.919649277590626e-08
Surocciden,Antioquia,3446,3.9132413407248854e-08
Surocciden,Antioquia,3447,3.9085913144633184e-08
Surocciden,Antioquia,3448,3.9025107691006816e-08
Surocciden,Antioquia,3449,3.89880583918035e-08
Surocciden,Antioquia,3450,3.896403637286253e-08
Surocciden,Antioquia,3451,3.895174871468802e-08
Surocciden,Antioquia,3452,3.8930739335823966e-08
Surocciden,Antioquia,3453,3.8931714671054344e-08
Surocciden,Antioquia,3454,3.894025324798458e-08
Surocciden,Antioquia,3455,3.895125292136053e-08
Surocciden,Antioquia,3456,3.8965358975526807e-08
Surocciden,Antioquia,4225,1.7541536943674792e-07
Surocciden,Antioquia,4226,1.754285775057497e-07
Surocciden,Antioquia,4227,1.754402439252968e-07
Surocciden,Antioquia,4228,1.7544557608760014e-07
Surocciden,Antioquia,4229,1.7545104287045833e-07
Surocciden,Antioquia,4230,1.7545433407927148e-07
Surocciden,Antioquia,4231,1.7547274877760233e-07
Surocciden,Antioquia,4232,1.7553322856054575e-07
Surocciden,Antioquia,4233,1.7562397631259958e-07
Surocciden,Antioquia,4234,1.757916127049437e-07
Surocciden,Antioquia,4235,1.8650330736369156e-07
Surocciden,Antioquia,4236,1.870450369180376e-07
Surocciden,Antioquia,4237,1.7598111168897202e-07
Surocciden,Antioquia,4238,1.757545534556498e-07
Surocciden,Antioquia,4239,1.756437023080224e-07
Surocciden,Antioquia,4240,1.7558240633330191e-07
Surocciden,Antioquia,4241,1.7547757673044898e-07
Surocciden,Antioquia,4242,1.7535339298638174e-07
Surocciden,Antioquia,4243,1.7531675849850324e-07
Surocciden,Antioquia,4244,1.7514051623206764e-07
Surocciden,Antioquia,4245,1.75079821416812e-07
Surocciden,Antioquia,4246,1.752251998762991e-07
Surocciden,Antioquia,4247,1.753407239980659e-07
Surocciden,Antioquia,4248,1.7539758949747104e-07
Surocciden,Antioquia,4249,1.3717730389607191e-06
Surocciden,Antioquia,4250,1.3720333987790128e-06
Surocciden,Antioquia,4251,1.3723675954311826e-06
Surocciden,Antioquia,4252,1.3726720880911403e-06
Surocciden,Antioquia,4253,1.3729210209944608e-06
Surocciden,Antioquia,4254,1.373091733816392e-06
Surocciden,Antioquia,4255,1.3739911702804831e-06
Surocciden,Antioquia,4256,1.3810516071637004e-06
Surocciden,Antioquia,4257,5.8169062541223426e-05
Surocciden,Antioquia,4258,6.010629346726207e-05
Surocciden,Antioquia,4259,6.046233858166494e-05
Surocciden,Antioquia,4260,6.052906566920408e-05
Surocciden,Antioquia,4261,6.033082811539004e-05
Surocciden,Antioquia,4262,5.952487516854012e-05
Surocciden,Antioquia,4263,1.3842825092690613e-06
Surocciden,Antioquia,4264,1.3771005956168611e-06
Surocciden,Antioquia,4265,1.3732667843643974e-06
Surocciden,Antioquia,4266,1.3718646462150342e-06
Surocciden,Antioquia,4267,1.3713236039653906e-06
Surocciden,Antioquia,4268,1.3700920849724757e-06
Surocciden,Antioquia,4269,1.369531994773165e-06
Surocciden,Antioquia,4270,1.3698979448246397e-06
Surocciden,Antioquia,4271,1.3705491616087793e-06
Surocciden,Antioquia,4272,1.3712515636594266e-06
Surocciden,Antioquia,4273,4.6693951143316005e-07
Surocciden,Antioquia,4274,4.6695802813409436e-07
Surocciden,Antioquia,4275,4.6698759538004895e-07
Surocciden,Antioquia,4276,4.6701096390943656e-07
Surocciden,Antioquia,4277,4.670222494774414e-07
Surocciden,Antioquia,4278,4.6701299870387863e-07
Surocciden,Antioquia,4279,4.670642357157465e-07
Surocciden,Antioquia,4280,4.672577906190754e-07
Surocciden,Antioquia,4281,4.6753699817431915e-07
Surocciden,Antioquia,4282,4.6797458834401274e-07
Surocciden,Antioquia,4283,4.6853539717228414e-07
Surocciden,Antioquia,4284,4.6857041028056995e-07
Surocciden,Antioquia,4285,4.681971336520006e-07
Surocciden,Antioquia,4286,4.6784445092567126e-07
Surocciden,Antioquia,4287,4.6752838394124537e-07
Surocciden,Antioquia,4288,4.673267448966156e-07
Surocciden,Antioquia,4289,4.671579832975322e-07
Surocciden,Antioquia,4290,4.6690495165315424e-07
Surocciden,Antioquia,4291,4.6680967134542163e-07
Surocciden,Antioquia,4292,4.665858015034959e-07
Surocciden,Antioquia,4293,4.6642067213466624e-07
Surocciden,Antioquia,4294,4.666195417458038e-07
Surocciden,Antioquia,4295,4.668520048045284e-07
Surocciden,Antioquia,4296,4.669354125346323e-07
Surocciden,Antioquia,4297,2.4137735826484206e-07
Surocciden,Antioquia,4298,2.413976356983625e-07
Surocciden,Antioquia,4299,2.414714886829054e-07
Surocciden,Antioquia,4300,2.4155382302798495e-07
Surocciden,Antioquia,4301,2.4163238240535263e-07
Surocciden,Antioquia,4302,2.4168598801511604e-07
Surocciden,Antioquia,4303,2.421373689472311e-07
Surocciden,Antioquia,4304,1.3683759294233394e-06
Surocciden,Antioquia,4305,5.8960915839544764e-05
Surocciden,Antioquia,4306,5.973584387320635e-05
Surocciden,Antioquia,4307,6.021480100285536e-05
Surocciden,Antioquia,4308,6.0272427267249245e-05
Surocciden,Antioquia,4309,5.991655896824063e-05
Surocciden,Antioquia,4310,5.901071384320107e-05
Surocciden,Antioquia,4311,1.3725619732225886e-06
Surocciden,Antioquia,4312,2.445324711358644e-07
Surocciden,Antioquia,4313,2.416949734616042e-07
Surocciden,Antioquia,4314,2.414025343381044e-07
Surocciden,Antioquia,4315,2.412788700005612e-07
Surocciden,Antioquia,4316,2.411588745636433e-07
Surocciden,Antioquia,4317,2.410950764854073e-07
Surocciden,Antioquia,4318,2.4114372586176165e-07
Surocciden,Antioquia,4319,2.412228371112882e-07
Surocciden,Antioquia,4320,2.413046086306882e-07
Surocciden,Antioquia,4321,4.473359321147903e-07
Surocciden,Antioquia,4322,4.475508794349562e-07
Surocciden,Antioquia,4323,4.4785501363195175e-07
Surocciden,Antioquia,4324,4.4805181584934086e-07
Surocciden,Antioquia,4325,4.48123061766267e-07
Surocciden,Antioquia,4326,4.4804151499522313e-07
Surocciden,Antioquia,4327,4.481269143347554e-07
Surocciden,Antioquia,4328,4.485884121698923e-07
Surocciden,Antioquia,4329,4.490157132708907e-07
Surocciden,Antioquia,4330,4.4936452353213224e-07
Surocciden,Antioquia,4331,4.496314581251107e-07
Surocciden,Antioquia,4332,4.4965370220634097e-07
Surocciden,Antioquia,4333,4.4951802835064465e-07
Surocciden,Antioquia,4334,4.4934907582817955e-07
Surocciden,Antioquia,4335,4.489531708132231e-07
Surocciden,Antioquia,4336,4.4799400927606933e-07
Surocciden,Antioquia,4337,4.475705171660071e-07
Surocciden,Antioquia,4338,4.4726510842765237e-07
Surocciden,Antioquia,4339,4.4716374014727913e-07
Surocciden,Antioquia,4340,4.4686023556486073e-07
Surocciden,Antioquia,4341,4.466150316172556e-07
Surocciden,Antioquia,4342,4.4676306054959425e-07
Surocciden,Antioquia,4343,4.4712417434170574e-07
Surocciden,Antioquia,4344,4.4727326303593245e-07
Surocciden,Antioquia,4345,2.410753219669675e-07
Surocciden,Antioquia,4346,2.41129224388566e-07
Surocciden,Antioquia,4347,2.4146703562412013e-07
Surocciden,Antioquia,4348,2.4229696791681666e-07
Surocciden,Antioquia,4349,1.2318558403205907e-06
Surocciden,Antioquia,4350,1.2339554185396098e-06
Surocciden,Antioquia,4351,1.36729561165204e-06
Surocciden,Antioquia,4352,5.925894939558906e-05
Surocciden,Antioquia,4353,5.965230082080727e-05
Surocciden,Antioquia,4354,6.0042943653330124e-05
Surocciden,Antioquia,4355,6.030268246075538e-05
Surocciden,Antioquia,4356,6.0357576491554694e-05
Surocciden,Antioquia,4357,6.0165135676999465e-05
Surocciden,Antioquia,4358,5.9806461230578513e-05
Surocciden,Antioquia,4359,5.942329633308364e-05
Surocciden,Antioquia,4360,5.479483842804901e-05
Surocciden,Antioquia,4361,1.2353840011143877e-06
Surocciden,Antioquia,4362,2.4125693092942115e-07
Surocciden,Antioquia,4363,2.409578964499923e-07
Surocciden,Antioquia,4364,2.406805895570978e-07
Surocciden,Antioquia,4365,2.4050380116076065e-07
Surocciden,Antioquia,4366,2.4055092296521805e-07
Surocciden,Antioquia,4367,2.40663159454372e-07
Surocciden,Antioquia,4368,2.4082690320535224e-07
Surocciden,Antioquia,4369,5.2028051427473296e-08
Surocciden,Antioquia,4370,5.205303361631121e-08
Surocciden,Antioquia,4371,5.206895303452231e-08
Surocciden,Antioquia,4372,5.208083559732762e-08
Surocciden,Antioquia,4373,5.2087206192132227e-08
Surocciden,Antioquia,4374,5.209005643995733e-08
Surocciden,Antioquia,4375,5.209668270181295e-08
Surocciden,Antioquia,4376,5.2164216512228106e-08
Surocciden,Antioquia,4377,5.22374252597018e-08
Surocciden,Antioquia,4378,5.2371572349382803e-08
Surocciden,Antioquia,4379,5.275803673573713e-08
Surocciden,Antioquia,4380,5.2790235931982315e-08
Surocciden,Antioquia,4381,5.24438224961751e-08
Surocciden,Antioquia,4382,5.2312656442439616e-08
Surocciden,Antioquia,4383,5.221240330674307e-08
Surocciden,Antioquia,4384,5.213513613029608e-08
Surocciden,Antioquia,4385,5.206620635609523e-08
Surocciden,Antioquia,4386,5.1986263212681226e-08
Surocciden,Antioquia,4387,5.195557487682219e-08
Surocciden,Antioquia,4388,5.1887015732966185e-08
Surocciden,Antioquia,4389,5.1888087661840574e-08
Surocciden,Antioquia,4390,5.191974990966614e-08
Surocciden,Antioquia,4391,5.195792975768125e-08
Surocciden,Antioquia,4392,5.199832597507143e-08
Surocciden,Antioquia,4393,6.420923023319031e-07
Surocciden,Antioquia,4394,6.421292301871732e-07
Surocciden,Antioquia,4395,6.422014458581589e-07
Surocciden,Antioquia,4396,6.422850352677101e-07
Surocciden,Antioquia,4397,6.424368732220765e-07
Surocciden,Antioquia,4398,6.425876777008895e-07
Surocciden,Antioquia,4399,6.444883957202017e-07
Surocciden,Antioquia,4400,6.551461289440925e-07
Surocciden,Antioquia,4401,1.4956620706076614e-06
Surocciden,Antioquia,4402,3.16204324611329e-06
Surocciden,Antioquia,4403,3.1685682485762467e-06
Surocciden,Antioquia,4404,3.169372313585892e-06
Surocciden,Antioquia,4405,3.1647257822403203e-06
Surocciden,Antioquia,4406,1.4996404331876166e-06
Surocciden,Antioquia,4407,6.992860914189355e-07
Surocciden,Antioquia,4408,6.474001020146376e-07
Surocciden,Antioquia,4409,6.424984961660353e-07
Surocciden,Antioquia,4410,6.421702432590472e-07
Surocciden,Antioquia,4411,6.420323396160084e-07
Surocciden,Antioquia,4412,6.418121078414164e-07
Surocciden,Antioquia,4413,6.417553356114928e-07
Surocciden,Antioquia,4414,6.41801695720477e-07
Surocciden,Antioquia,4415,6.41884797073229e-07
Surocciden,Antioquia,4416,6.419976862164805e-07
Surocciden,Antioquia,5185,5.40508868601476e-07
Surocciden,Antioquia,5186,5.405733141341211e-07
Surocciden,Antioquia,5187,5.405968962743583e-07
Surocciden,Antioquia,5188,5.405806699412058e-07
Surocciden,Antioquia,5189,5.405752332886309e-07
Surocciden,Antioquia,5190,5.405872426687271e-07
Surocciden,Antioquia,5191,5.405617841803077e-07
Surocciden,Antioquia,5192,5.400680430595274e-07
Surocciden,Antioquia,5193,5.403870946564884e-07
Surocciden,Antioquia,5194,5.408058922353759e-07
Surocciden,Antioquia,5195,5.411542382876395e-07
Surocciden,Antioquia,5196,5.411822499957657e-07
Surocciden,Antioquia,5197,5.408607820003383e-07
Surocciden,Antioquia,5198,5.403559545524403e-07
Surocciden,Antioquia,5199,5.391585744745194e-07
Surocciden,Antioquia,5200,5.398588625691092e-07
Surocciden,Antioquia,5201,5.404324956466497e-07
Surocciden,Antioquia,5202,5.402468897250843e-07
Surocciden,Antioquia,5203,5.401865623245144e-07
Surocciden,Antioquia,5204,5.394723042967678e-07
Surocciden,Antioquia,5205,5.361033282281427e-07
Surocciden,Antioquia,5206,5.396561509206902e-07
Surocciden,Antioquia,5207,5.401656535399037e-07
Surocciden,Antioquia,5208,5.403836483370459e-07
Surocciden,Antioquia,5209,2.7120603205632743e-06
Surocciden,Antioquia,5210,2.715195469251685e-06
Surocciden,Antioquia,5211,2.7162813566269825e-06
Surocciden,Antioquia,5212,2.717035207566138e-06
Surocciden,Antioquia,5213,2.7172280271202665e-06
Surocciden,Antioquia,5214,2.716615620765598e-06
Surocciden,Antioquia,5215,2.716136987108641e-06
Surocciden,Antioquia,5216,2.717791683774225e-06
Surocciden,Antioquia,5217,2.8865339157072807e-06
Surocciden,Antioquia,5218,2.916564312512449e-06
Surocciden,Antioquia,5219,3.006410611187913e-06
Surocciden,Antioquia,5220,3.0066751726954713e-06
Surocciden,Antioquia,5221,3.002734928022184e-06
Surocciden,Antioquia,5222,2.910971306176098e-06
Surocciden,Antioquia,5223,2.7133765844083435e-06
Surocciden,Antioquia,5224,2.7113048744623833e-06
Surocciden,Antioquia,5225,2.70993788897118e-06
Surocciden,Antioquia,5226,2.7065713658751475e-06
Surocciden,Antioquia,5227,2.7062669302228628e-06
Surocciden,Antioquia,5228,2.704565265119168e-06
Surocciden,Antioquia,5229,2.70399250717879e-06
Surocciden,Antioquia,5230,2.704883167406882e-06
Surocciden,Antioquia,5231,2.706604923139059e-06
Surocciden,Antioquia,5232,2.710163244953077e-06
Surocciden,Antioquia,5233,4.368714234749145e-07
Surocciden,Antioquia,5234,4.368938652089514e-07
Surocciden,Antioquia,5235,4.369065650992901e-07
Surocciden,Antioquia,5236,4.369122684478672e-07
Surocciden,Antioquia,5237,4.369143235819837e-07
Surocciden,Antioquia,5238,4.3691956399304954e-07
Surocciden,Antioquia,5239,4.3692978701030363e-07
Surocciden,Antioquia,5240,4.3694704240493397e-07
Surocciden,Antioquia,5241,4.370715147117552e-07
Surocciden,Antioquia,5242,4.3723351729716796e-07
Surocciden,Antioquia,5243,4.374052672946379e-07
Surocciden,Antioquia,5244,4.374138736600801e-07
Surocciden,Antioquia,5245,4.372593016328839e-07
Surocciden,Antioquia,5246,4.3709996662025014e-07
Surocciden,Antioquia,5247,4.3683917291457186e-07
Surocciden,Antioquia,5248,4.3679862237802125e-07
Surocciden,Antioquia,5249,4.368483598475878e-07
Surocciden,Antioquia,5250,4.3673881371014434e-07
Surocciden,Antioquia,5251,4.3670034403735883e-07
Surocciden,Antioquia,5252,4.3654784127066353e-07
Surocciden,Antioquia,5253,4.36466973803981e-07
Surocciden,Antioquia,5254,4.365574144275406e-07
Surocciden,Antioquia,5255,4.366863614241601e-07
Surocciden,Antioquia,5256,4.3681206422977455e-07
Surocciden,Antioquia,5257,2.3774270027822894e-06
Surocciden,Antioquia,5258,2.385319235582518e-06
Surocciden,Antioquia,5259,2.387512170354077e-06
Surocciden,Antioquia,5260,2.3886902926304064e-06
Surocciden,Antioquia,5261,2.389146415420259e-06
Surocciden,Antioquia,5262,2.3881720407229656e-06
Surocciden,Antioquia,5263,2.3874264242523556e-06
Surocciden,Antioquia,5264,2.3910288635245034e-06
Surocciden,Antioquia,5265,2.536420924166226e-06
Surocciden,Antioquia,5266,2.5371181178260585e-06
Surocciden,Antioquia,5267,2.5408341407434366e-06
Surocciden,Antioquia,5268,2.541005627948882e-06
Surocciden,Antioquia,5269,2.5364649090742093e-06
Surocciden,Antioquia,5270,2.535048003178754e-06
Surocciden,Antioquia,5271,2.3885421327468828e-06
Surocciden,Antioquia,5272,2.375743749062544e-06
Surocciden,Antioquia,5273,2.374694231706287e-06
Surocciden,Antioquia,5274,2.3737621342707813e-06
Surocciden,Antioquia,5275,2.3734691533596545e-06
Surocciden,Antioquia,5276,2.3751310058282255e-06
Surocciden,Antioquia,5277,2.375299649512477e-06
Surocciden,Antioquia,5278,2.3755322831061983e-06
Surocciden,Antioquia,5279,2.374912572309825e-06
Surocciden,Antioquia,5280,2.374956357318999e-06
Surocciden,Antioquia,5281,3.208037806732624e-07
Surocciden,Antioquia,5282,3.207571984341468e-07
Surocciden,Antioquia,5283,3.2080480070786947e-07
Surocciden,Antioquia,5284,3.208787990498905e-07
Surocciden,Antioquia,5285,3.2091517614834116e-07
Surocciden,Antioquia,5286,3.2089265376108615e-07
Surocciden,Antioquia,5287,3.209146793791581e-07
Surocciden,Antioquia,5288,3.210937953016775e-07
Surocciden,Antioquia,5289,3.212892899774546e-07
Surocciden,Antioquia,5290,3.214459268936504e-07
Surocciden,Antioquia,5291,3.216089297282414e-07
Surocciden,Antioquia,5292,3.2161502655900183e-07
Surocciden,Antioquia,5293,3.2148082120079774e-07
Surocciden,Antioquia,5294,3.213625133156773e-07
Surocciden,Antioquia,5295,3.211205188435454e-07
Surocciden,Antioquia,5296,3.208521663863223e-07
Surocciden,Antioquia,5297,3.2086355366292287e-07
Surocciden,Antioquia,5298,3.2070202062273394e-07
Surocciden,Antioquia,5299,3.206407797530087e-07
Surocciden,Antioquia,5300,3.2048820217245974e-07
Surocciden,Antioquia,5301,3.205375963154322e-07
Surocciden,Antioquia,5302,3.2050388430544394e-07
Surocciden,Antioquia,5303,3.20576116987805e-07
Surocciden,Antioquia,5304,3.207444800880831e-07
Surocciden,Antioquia,5305,1.914026251504376e-06
Surocciden,Antioquia,5306,2.6513223833266916e-06
Surocciden,Antioquia,5307,2.6560598688185887e-06
Surocciden,Antioquia,5308,2.6580286802883343e-06
Surocciden,Antioquia,5309,2.6588335226486486e-06
Surocciden,Antioquia,5310,2.657969171972497e-06
Surocciden,Antioquia,5311,2.6584459339032085e-06
Surocciden,Antioquia,5312,2.6630596182229588e-06
Surocciden,Antioquia,5313,2.665130602198539e-06
Surocciden,Antioquia,5314,2.6665789255512953e-06
Surocciden,Antioquia,5315,2.667591566938658e-06
Surocciden,Antioquia,5316,2.667219292672535e-06
Surocciden,Antioquia,5317,2.6657632512592714e-06
Surocciden,Antioquia,5318,2.6643629751313912e-06
Surocciden,Antioquia,5319,2.6607455154059696e-06
Surocciden,Antioquia,5320,2.650802982026266e-06
Surocciden,Antioquia,5321,1.912636628582463e-06
Surocciden,Antioquia,5322,1.9023235569866298e-06
Surocciden,Antioquia,5323,1.8831609015412432e-06
Surocciden,Antioquia,5324,9.217581014823498e-07
Surocciden,Antioquia,5325,9.208139216889942e-07
Surocciden,Antioquia,5326,9.212646306015932e-07
Surocciden,Antioquia,5327,9.225173399953702e-07
Surocciden,Antioquia,5328,1.9093437121831483e-06
Surocciden,Antioquia,5329,3.011002279854725e-07
Surocciden,Antioquia,5330,3.0120363058179253e-07
Surocciden,Antioquia,5331,3.012979172141045e-07
Surocciden,Antioquia,5332,3.013766051818766e-07
Surocciden,Antioquia,5333,3.014221115807491e-07
Surocciden,Antioquia,5334,3.01415914855118e-07
Surocciden,Antioquia,5335,3.014349534038277e-07
Surocciden,Antioquia,5336,3.0163687407960726e-07
Surocciden,Antioquia,5337,3.0179308376374353e-07
Surocciden,Antioquia,5338,3.0195145656951564e-07
Surocciden,Antioquia,5339,3.0206678248676705e-07
Surocciden,Antioquia,5340,3.0207588693443343e-07
Surocciden,Antioquia,5341,3.019874237990135e-07
Surocciden,Antioquia,5342,3.018571307607107e-07
Surocciden,Antioquia,5343,3.015942522368602e-07
Surocciden,Antioquia,5344,3.012893500888485e-07
Surocciden,Antioquia,5345,3.0105084966725716e-07
Surocciden,Antioquia,5346,3.0081099405294523e-07
Surocciden,Antioquia,5347,3.0072789138007003e-07
Surocciden,Antioquia,5348,3.0049978426546794e-07
Surocciden,Antioquia,5349,3.0048349438411226e-07
Surocciden,Antioquia,5350,3.0055386939629075e-07
Surocciden,Antioquia,5351,3.0072895315110727e-07
Surocciden,Antioquia,5352,3.009393359712144e-07
Surocciden,Antioquia,5353,1.5719569415172626e-08
Surocciden,Antioquia,5354,1.1661840771884389e-06
Surocciden,Antioquia,5355,1.1685074519842463e-06
Surocciden,Antioquia,5356,1.168863523800894e-06
Surocciden,Antioquia,5357,1.1689390257628653e-06
Surocciden,Antioquia,5358,1.168793401263106e-06
Surocciden,Antioquia,5359,1.1687745044196965e-06
Surocciden,Antioquia,5360,1.1693073856037384e-06
Surocciden,Antioquia,5361,1.1733367621264298e-06
Surocciden,Antioquia,5362,1.7953347307648682e-06
Surocciden,Antioquia,5363,1.7997380525972244e-06
Surocciden,Antioquia,5364,1.799387621816341e-06
Surocciden,Antioquia,5365,1.7943935385490321e-06
Surocciden,Antioquia,5366,1.1707090142475991e-06
Surocciden,Antioquia,5367,1.1690892157972491e-06
Surocciden,Antioquia,5368,1.5750791313741675e-08
Surocciden,Antioquia,5369,1.572408693263941e-08
Surocciden,Antioquia,5370,1.6088257928249164e-08
Surocciden,Antioquia,5371,1.608123149439627e-08
Surocciden,Antioquia,5372,1.629281745942855e-08
Surocciden,Antioquia,5373,1.629188082258563e-08
Surocciden,Antioquia,5374,1.607778711441029e-08
Surocciden,Antioquia,5375,1.6081697906832356e-08
Surocciden,Antioquia,5376,1.5707832148186598e-08
Caribe,Nordeste,1,1.1799480143011638e-07
Caribe,Nordeste,2,3.179574302037686e-07
Caribe,Nordeste,3,3.1833314231076785e-07
Caribe,Nordeste,4,3.1850876107347716e-07
Caribe,Nordeste,5,3.185899861398978e-07
Caribe,Nordeste,6,3.1850610281326837e-07
Caribe,Nordeste,7,3.182850934107013e-07
Caribe,Nordeste,8,3.1829523126131723e-07
Caribe,Nordeste,9,3.1792150498544616e-07
Caribe,Nordeste,10,1.1838249033951361e-07
Caribe,Nordeste,11,1.1795500215799173e-07
Caribe,Nordeste,12,1.178116442908743e-07
Caribe,Nordeste,13,1.1774528247732512e-07
Caribe,Nordeste,14,1.1773567729993068e-07
Caribe,Nordeste,15,1.1770427412250441e-07
Caribe,Nordeste,16,1.1765992001265443e-07
Caribe,Nordeste,17,1.1761314785883775e-07
Caribe,Nordeste,18,1.176039001660434e-07
Caribe,Nordeste,19,1.1763773698287737e-07
Caribe,Nordeste,20,1.0520773007765788e-07
Caribe,Nordeste,21,1.0518872301714984e-07
Caribe,Nordeste,22,1.0524866508977815e-07
Caribe,Nordeste,23,1.1765069365843144e-07
Caribe,Nordeste,24,1.1773234591099397e-07
Caribe,Nordeste,25,1.2324407411655906e-06
Caribe,Nordeste,26,1.2338655318447218e-06
Caribe,Nordeste,27,1.2353559007089903e-06
Caribe,Nordeste,28,1.2615581880993818e-06
Caribe,Nordeste,29,1.2629337284258509e-06
Caribe,Nordeste,30,1.2635448938620182e-06
Caribe,Nordeste,31,1.264949665340042e-06
Caribe,Nordeste,32,1.319296040227509e-06
Caribe,Nordeste,33,1.3195128378714685e-06
Caribe,Nordeste,34,1.317920360187326e-06
Caribe,Nordeste,35,1.2651587945306805e-06
Caribe,Nordeste,36,1.2631652380669115e-06
Caribe,Nordeste,37,1.2362577156930296e-06
Caribe,Nordeste,38,1.235059722186131e-06
Caribe,Nordeste,39,1.2341561951823685e-06
Caribe,Nordeste,40,1.2332258303351127e-06
Caribe,Nordeste,41,1.2316977620107814e-06
Caribe,Nordeste,42,1.229698770685367e-06
Caribe,Nordeste,43,1.2266219063009661e-06
Caribe,Nordeste,44,5.868721238278044e-07
Caribe,Nordeste,45,5.866345605825087e-07
Caribe,Nordeste,46,5.86735886963375e-07
Caribe,Nordeste,47,5.870804472778225e-07
Caribe,Nordeste,48,5.888224324066277e-07
Caribe,Nordeste,49,1.568103851862268e-07
Caribe,Nordeste,50,3.088146280002262e-07
Caribe,Nordeste,51,3.089887629260323e-07
Caribe,Nordeste,52,3.0908368445576094e-07
Caribe,Nordeste,53,3.0912497825530654e-07
Caribe,Nordeste,54,3.0906390351282203e-07
Caribe,Nordeste,55,3.088954003691725e-07
Caribe,Nordeste,56,3.089045101695031e-07
Caribe,Nordeste,57,3.0861448565173603e-07
Caribe,Nordeste,58,1.5682911079605618e-07
Caribe,Nordeste,59,1.5660637751853365e-07
Caribe,Nordeste,60,1.5647379641749508e-07
Caribe,Nordeste,61,1.5640572520356172e-07
Caribe,Nordeste,62,1.5640252032680787e-07
Caribe,Nordeste,63,1.563614116484335e-07
Caribe,Nordeste,64,1.5629764584501502e-07
Caribe,Nordeste,65,1.562035902714187e-07
Caribe,Nordeste,66,1.562086280994204e-07
Caribe,Nordeste,67,1.562969683539411e-07
Caribe,Nordeste,68,1.3509344767897233e-07
Caribe,Nordeste,69,1.350341502458617e-07
Caribe,Nordeste,70,1.351069354376497e-07
Caribe,Nordeste,71,1.5629648501139532e-07
Caribe,Nordeste,72,1.5642154826315736e-07
Caribe,Nordeste,73,1.8679968163203504e-06
Caribe,Nordeste,74,1.8684941189688734e-06
Caribe,Nordeste,75,1.8710449561387156e-06
Caribe,Nordeste,76,1.930705941617166e-06
Caribe,Nordeste,77,1.9342040365205922e-06
Caribe,Nordeste,78,1.9349843465354157e-06
Caribe,Nordeste,79,1.9376650460482217e-06
Caribe,Nordeste,80,1.950854268796103e-06
Caribe,Nordeste,81,1.950031916929919e-06
Caribe,Nordeste,82,1.9385180262116927e-06
Caribe,Nordeste,83,1.9349190576525253e-06
Caribe,Nordeste,84,1.8740157780068214e-06
Caribe,Nordeste,85,1.8710582207301445e-06
Caribe,Nordeste,86,1.869565231122758e-06
Caribe,Nordeste,87,1.8681081808840275e-06
Caribe,Nordeste,88,1.8672372368384161e-06
Caribe,Nordeste,89,1.8655520798907433e-06
Caribe,Nordeste,90,1.863233518594963e-06
Caribe,Nordeste,91,1.8597494747744836e-06
Caribe,Nordeste,92,6.991001318450914e-07
Caribe,Nordeste,93,6.987625310766752e-07
Caribe,Nordeste,94,6.988688567170225e-07
Caribe,Nordeste,95,6.992731882802552e-07
Caribe,Nordeste,96,7.018555127016295e-07
Caribe,Nordeste,97,1.5968509778171072e-07
Caribe,Nordeste,98,3.078334626755743e-07
Caribe,Nordeste,99,3.081424501921419e-07
Caribe,Nordeste,100,3.0825166273704627e-07
Caribe,Nordeste,101,3.0829645873493903e-07
Caribe,Nordeste,102,3.082536938072196e-07
Caribe,Nordeste,103,3.081377673987344e-07
Caribe,Nordeste,104,3.0810836070517346e-07
Caribe,Nordeste,105,1.6010955881921864e-07
Caribe,Nordeste,106,1.5970271969817365e-07
Caribe,Nordeste,107,1.5959007498456097e-07
Caribe,Nordeste,108,1.5932007475985934e-07
Caribe,Nordeste,109,1.5903935741321335e-07
Caribe,Nordeste,110,1.5902984285379597e-07
Caribe,Nordeste,111,1.589582687382681e-07
Caribe,Nordeste,112,1.588915193843944e-07
Caribe,Nordeste,113,1.588636965780604e-07
Caribe,Nordeste,114,1.5886433681027443e-07
Caribe,Nordeste,115,1.589073666260948e-07
Caribe,Nordeste,116,1.5883253108854927e-07
Caribe,Nordeste,117,1.5877340088172655e-07
Caribe,Nordeste,118,1.588159539233046e-07
Caribe,Nordeste,119,1.5889217260458044e-07
Caribe,Nordeste,120,1.5920931493090605e-07
Caribe,Nordeste,121,1.5819795297954993e-06
Caribe,Nordeste,122,1.5824670959629965e-06
Caribe,Nordeste,123,1.5837212714290844e-06
Caribe,Nordeste,124,1.584686729158036e-06
Caribe,Nordeste,125,1.5855359736421213e-06
Caribe,Nordeste,126,1.5861063199110975e-06
Caribe,Nordeste,127,1.5874436461825256e-06
Caribe,Nordeste,128,1.6722741856627742e-06
Caribe,Nordeste,129,1.592270663217896e-06
Caribe,Nordeste,130,1.5871590072546868e-06
Caribe,Nordeste,131,1.5859228184381588e-06
Caribe,Nordeste,132,1.5849495552625346e-06
Caribe,Nordeste,133,1.5840357837150016e-06
Caribe,Nordeste,134,1.5831943910527825e-06
Caribe,Nordeste,135,1.582520641073493e-06
Caribe,Nordeste,136,1.5821996331600205e-06
Caribe,Nordeste,137,1.581701476090579e-06
Caribe,Nordeste,138,1.5802735479128658e-06
Caribe,Nordeste,139,1.5416489648939587e-06
Caribe,Nordeste,140,1.5367553649793007e-06
Caribe,Nordeste,141,6.493619823725382e-07
Caribe,Nordeste,142,6.560325749901294e-07
Caribe,Nordeste,143,1.5356152979844516e-06
Caribe,Nordeste,144,1.5398626572465728e-06
Caribe,Nordeste,145,2.867704283167883e-07
Caribe,Nordeste,146,2.869204817242901e-07
Caribe,Nordeste,147,2.8701316026322195e-07
Caribe,Nordeste,148,2.8708050446160985e-07
Caribe,Nordeste,149,2.8711437213954557e-07
Caribe,Nordeste,150,2.8707972667303106e-07
Caribe,Nordeste,151,2.869967238675402e-07
Caribe,Nordeste,152,2.869773397426542e-07
Caribe,Nordeste,153,2.868654850751888e-07
Caribe,Nordeste,154,2.86759543093283e-07
Caribe,Nordeste,155,2.8668346020604063e-07
Caribe,Nordeste,156,2.8649606492016264e-07
Caribe,Nordeste,157,2.858463777550958e-07
Caribe,Nordeste,158,2.858200136143356e-07
Caribe,Nordeste,159,2.857037835128475e-07
Caribe,Nordeste,160,2.8559143747666597e-07
Caribe,Nordeste,161,2.8553061349585996e-07
Caribe,Nordeste,162,2.8554172528746394e-07
Caribe,Nordeste,163,2.855840919592466e-07
Caribe,Nordeste,164,2.2216887753000708e-07
Caribe,Nordeste,165,2.2217535259949148e-07
Caribe,Nordeste,166,2.853460314264896e-07
Caribe,Nordeste,167,2.856466777548138e-07
Caribe,Nordeste,168,2.8651586101519717e-07
Caribe,Nordeste,169,1.8330177665027523e-06
Caribe,Nordeste,170,1.8370825081059414e-06
Caribe,Nordeste,171,1.8434508693417502e-06
Caribe,Nordeste,172,1.8453168643760372e-06
Caribe,Nordeste,173,1.8465143280924866e-06
Caribe,Nordeste,174,1.846984664589026e-06
Caribe,Nordeste,175,1.8477524323473624e-06
Caribe,Nordeste,176,1.849388162742683e-06
Caribe,Nordeste,177,1.8485814433723551e-06
Caribe,Nordeste,178,1.8473509986041532e-06
Caribe,Nordeste,179,1.8461539091242851e-06
Caribe,Nordeste,180,1.8445647280934132e-06
Caribe,Nordeste,181,1.8415427486438076e-06
Caribe,Nordeste,182,1.8351380728276715e-06
Caribe,Nordeste,183,1.8331063204137387e-06
Caribe,Nordeste,184,1.8326026818481605e-06
Caribe,Nordeste,185,1.8319208491142765e-06
Caribe,Nordeste,186,1.8315543876593832e-06
Caribe,Nordeste,187,1.8305599456856755e-06
Caribe,Nordeste,188,9.351698850807845e-07
Caribe,Nordeste,189,9.349387581554996e-07
Caribe,Nordeste,190,9.351355740830402e-07
Caribe,Nordeste,191,9.359456557294492e-07
Caribe,Nordeste,192,1.8300785115669608e-06
Caribe,Nordeste,385,2.876912243603012e-08
Caribe,Nordeste,386,2.8783042247222944e-08
Caribe,Nordeste,387,2.9014163756927763e-08
Caribe,Nordeste,388,2.9027814583629762e-08
Caribe,Nordeste,389,2.945589229574238e-08
Caribe,Nordeste,390,2.9047611181837276e-08
Caribe,Nordeste,391,2.946730067272785e-08
Caribe,Nordeste,392,2.967490390646518e-08
Caribe,Nordeste,393,1.8004476204141976e-07
Caribe,Nordeste,394,1.8033756434498796e-07
Caribe,Nordeste,395,1.80423346283218e-07
Caribe,Nordeste,396,1.8039527075368242e-07
Caribe,Nordeste,397,1.8024021853291528e-07
Caribe,Nordeste,398,3.0023687999735055e-08
Caribe,Nordeste,399,2.9495706746124152e-08
Caribe,Nordeste,400,2.878810726231808e-08
Caribe,Nordeste,401,2.5143544992005707e-08
Caribe,Nordeste,402,2.5119807429040635e-08
Caribe,Nordeste,403,2.511794725455082e-08
Caribe,Nordeste,404,2.5111727250614896e-08
Caribe,Nordeste,405,2.5110608872639077e-08
Caribe,Nordeste,406,2.511269427949921e-08
Caribe,Nordeste,407,2.5118756429984096e-08
Caribe,Nordeste,408,2.5137708238002143e-08
Caribe,Nordeste,409,5.194944179252483e-07
Caribe,Nordeste,410,5.203451751669995e-07
Caribe,Nordeste,411,5.329106606886361e-07
Caribe,Nordeste,412,5.333764326954344e-07
Caribe,Nordeste,413,5.579065903740724e-07
Caribe,Nordeste,414,5.33384853964417e-07
Caribe,Nordeste,415,5.333268045380501e-07
Caribe,Nordeste,416,5.593898891268823e-07
Caribe,Nordeste,417,5.660070771767125e-07
Caribe,Nordeste,418,7.931966878581973e-07
Caribe,Nordeste,419,7.944310790323957e-07
Caribe,Nordeste,420,7.942509710612052e-07
Caribe,Nordeste,421,5.670760199697544e-07
Caribe,Nordeste,422,5.652089312975959e-07
Caribe,Nordeste,423,5.338837990714334e-07
Caribe,Nordeste,424,5.19927207072607e-07
Caribe,Nordeste,425,3.6083069643270177e-07
Caribe,Nordeste,426,3.6050909704038187e-07
Caribe,Nordeste,427,3.605136397218561e-07
Caribe,Nordeste,428,3.601698834394845e-07
Caribe,Nordeste,429,3.600091653848666e-07
Caribe,Nordeste,430,3.603253731101168e-07
Caribe,Nordeste,431,3.6054893480126366e-07
Caribe,Nordeste,432,3.6087447388101263e-07
Caribe,Nordeste,433,4.089700211635773e-08
Caribe,Nordeste,434,4.091680335649708e-08
Caribe,Nordeste,435,4.138019166296396e-08
Caribe,Nordeste,436,4.139747098693586e-08
Caribe,Nordeste,437,4.227426048633602e-08
Caribe,Nordeste,438,4.141196098329698e-08
Caribe,Nordeste,439,4.1411975466405394e-08
Caribe,Nordeste,440,4.2377442251966505e-08
Caribe,Nordeste,441,4.2692029434600934e-08
Caribe,Nordeste,442,4.299039662386492e-08
Caribe,Nordeste,443,1.5536843300021435e-07
Caribe,Nordeste,444,4.305100385970815e-08
Caribe,Nordeste,445,4.264197100488227e-08
Caribe,Nordeste,446,4.236220057255582e-08
Caribe,Nordeste,447,4.140450179865301e-08
Caribe,Nordeste,448,4.0908091209303725e-08
Caribe,Nordeste,449,3.3903669655063644e-08
Caribe,Nordeste,450,3.388035071056667e-08
Caribe,Nordeste,451,3.388001067757629e-08
Caribe,Nordeste,452,3.3867919105062856e-08
Caribe,Nordeste,453,3.3864879123684416e-08
Caribe,Nordeste,454,3.3867836626483154e-08
Caribe,Nordeste,455,3.387616753308043e-08
Caribe,Nordeste,456,3.390413070554595e-08
Caribe,Nordeste,457,5.200097349024195e-07
Caribe,Nordeste,458,5.208004720614479e-07
Caribe,Nordeste,459,5.332600067841481e-07
Caribe,Nordeste,460,5.337599514322333e-07
Caribe,Nordeste,461,5.340080363910137e-07
Caribe,Nordeste,462,5.336030471984464e-07
Caribe,Nordeste,463,5.327565016550856e-07
Caribe,Nordeste,464,5.590062348626272e-07
Caribe,Nordeste,465,5.599968107819188e-07
Caribe,Nordeste,466,5.654403401071191e-07
Caribe,Nordeste,467,5.662154115809251e-07
Caribe,Nordeste,468,5.657501404754465e-07
Caribe,Nordeste,469,5.600383948067438e-07
Caribe,Nordeste,470,5.594014264461332e-07
Caribe,Nordeste,471,5.213708642250919e-07
Caribe,Nordeste,472,3.6273851759000546e-07
Caribe,Nordeste,473,3.61154870831416e-07
Caribe,Nordeste,474,3.608961443584864e-07
Caribe,Nordeste,475,3.6091819667560497e-07
Caribe,Nordeste,476,3.6052708135823036e-07
Caribe,Nordeste,477,3.6029140520140386e-07
Caribe,Nordeste,478,3.605839209578887e-07
Caribe,Nordeste,479,3.60943378258298e-07
Caribe,Nordeste,480,3.613072527693524e-07
Caribe,Nordeste,481,4.139117727708309e-08
Caribe,Nordeste,482,4.228412354040276e-08
Caribe,Nordeste,483,4.230230467037584e-08
Caribe,Nordeste,484,4.231558423792425e-08
Caribe,Nordeste,485,4.2323105113966e-08
Caribe,Nordeste,486,4.233025619957938e-08
Caribe,Nordeste,487,4.233573555768918e-08
Caribe,Nordeste,488,4.237963715808502e-08
Caribe,Nordeste,489,4.239914072185059e-08
Caribe,Nordeste,490,4.2411950746091826e-08
Caribe,Nordeste,491,4.244080264714485e-08
Caribe,Nordeste,492,4.241030771360404e-08
Caribe,Nordeste,493,4.2368675090400775e-08
Caribe,Nordeste,494,4.234521723523242e-08
Caribe,Nordeste,495,4.230802344062448e-08
Caribe,Nordeste,496,4.13947046962533e-08
Caribe,Nordeste,497,4.092584623843123e-08
Caribe,Nordeste,498,4.089311475965896e-08
Caribe,Nordeste,499,4.0897533721088915e-08
Caribe,Nordeste,500,3.390478852748348e-08
Caribe,Nordeste,501,3.389329652260784e-08
Caribe,Nordeste,502,3.389912968247063e-08
Caribe,Nordeste,503,3.392371873534768e-08
Caribe,Nordeste,504,4.092229717732883e-08
Caribe,Nordeste,505,5.229428082391991e-07
Caribe,Nordeste,506,5.356635919642837e-07
Caribe,Nordeste,507,5.360259991576289e-07
Caribe,Nordeste,508,5.362855455385308e-07
Caribe,Nordeste,509,5.364428198640962e-07
Caribe,Nordeste,510,5.362709764371825e-07
Caribe,Nordeste,511,5.362296125698954e-07
Caribe,Nordeste,512,5.369073443239272e-07
Caribe,Nordeste,513,5.372768872595036e-07
Caribe,Nordeste,514,5.377204299352563e-07
Caribe,Nordeste,515,5.624634718593462e-07
Caribe,Nordeste,516,5.380406902994461e-07
Caribe,Nordeste,517,5.371064856828998e-07
Caribe,Nordeste,518,5.367623646012415e-07
Caribe,Nordeste,519,5.359783706447499e-07
Caribe,Nordeste,520,5.225963827726931e-07
Caribe,Nordeste,521,3.627470714629759e-07
Caribe,Nordeste,522,3.623806109585536e-07
Caribe,Nordeste,523,3.624009492210475e-07
Caribe,Nordeste,524,3.6223429660375063e-07
Caribe,Nordeste,525,3.6209489453765226e-07
Caribe,Nordeste,526,3.6219332106432714e-07
Caribe,Nordeste,527,3.623808729817396e-07
Caribe,Nordeste,528,5.214484274558309e-07
Caribe,Nordeste,529,3.5166494093916575e-08
Caribe,Nordeste,530,4.272737942063483e-08
Caribe,Nordeste,531,4.274296395629413e-08
Caribe,Nordeste,532,4.27537974038885e-08
Caribe,Nordeste,533,4.2761586747980064e-08
Caribe,Nordeste,534,4.276506762104467e-08
Caribe,Nordeste,535,4.276153731620693e-08
Caribe,Nordeste,536,4.327668277733167e-08
Caribe,Nordeste,537,4.3287210367355373e-08
Caribe,Nordeste,538,4.3291980686449326e-08
Caribe,Nordeste,539,4.330262895918416e-08
Caribe,Nordeste,540,4.32892156604399e-08
Caribe,Nordeste,541,4.277929895480281e-08
Caribe,Nordeste,542,4.276129239231312e-08
Caribe,Nordeste,543,4.2728523136780464e-08
Caribe,Nordeste,544,3.515723025064443e-08
Caribe,Nordeste,545,3.5135701735514196e-08
Caribe,Nordeste,546,3.5124649666555666e-08
Caribe,Nordeste,547,3.512842141737329e-08
Caribe,Nordeste,548,3.511260812701878e-08
Caribe,Nordeste,549,3.5112400793083836e-08
Caribe,Nordeste,550,3.511591893567768e-08
Caribe,Nordeste,551,3.5124084622561895e-08
Caribe,Nordeste,552,3.514169682492783e-08
Caribe,Nordeste,553,7.254042429067134e-07
Caribe,Nordeste,554,7.258444659520569e-07
Caribe,Nordeste,555,7.261274678470047e-07
Caribe,Nordeste,556,7.263157820604248e-07
Caribe,Nordeste,557,7.264086272958609e-07
Caribe,Nordeste,558,7.262506887163564e-07
Caribe,Nordeste,559,7.260863247884983e-07
Caribe,Nordeste,560,7.2642012317117e-07
Caribe,Nordeste,561,7.26576262226182e-07
Caribe,Nordeste,562,7.267458269522278e-07
Caribe,Nordeste,563,7.269160956428626e-07
Caribe,Nordeste,564,7.268433001494499e-07
Caribe,Nordeste,565,7.265554631433773e-07
Caribe,Nordeste,566,7.262979769182642e-07
Caribe,Nordeste,567,7.257409164561814e-07
Caribe,Nordeste,568,7.250257471917334e-07
Caribe,Nordeste,569,7.242446260373926e-07
Caribe,Nordeste,570,7.237158993193206e-07
Caribe,Nordeste,571,7.237957635432634e-07
Caribe,Nordeste,572,5.617065291811776e-07
Caribe,Nordeste,573,5.61767508074907e-07
Caribe,Nordeste,574,7.229490527805746e-07
Caribe,Nordeste,575,7.241359699292037e-07
Caribe,Nordeste,576,7.249229126887861e-07
Caribe,Nordeste,1345,1.3222630625984373e-06
Caribe,Nordeste,1346,1.323926019528088e-06
Caribe,Nordeste,1347,1.3276201162843326e-06
Caribe,Nordeste,1348,2.6938623576578124e-06
Caribe,Nordeste,1349,2.71314371932943e-06
Caribe,Nordeste,1350,2.697048509535999e-06
Caribe,Nordeste,1351,2.6947750232499287e-06
Caribe,Nordeste,1352,2.833231272564652e-06
Caribe,Nordeste,1353,2.961869679463398e-06
Caribe,Nordeste,1354,3.046351136967673e-06
Caribe,Nordeste,1355,3.10754474085911e-06
Caribe,Nordeste,1356,3.066293365670214e-06
Caribe,Nordeste,1357,2.962613525062512e-06
Caribe,Nordeste,1358,2.8935825311635913e-06
Caribe,Nordeste,1359,2.7618170075640493e-06
Caribe,Nordeste,1360,1.3235254303573594e-06
Caribe,Nordeste,1361,1.3197374716408752e-06
Caribe,Nordeste,1362,1.7383909737592707e-08
Caribe,Nordeste,1363,1.1754133770648547e-06
Caribe,Nordeste,1364,1.69918314075706e-08
Caribe,Nordeste,1365,1.69779356810268e-08
Caribe,Nordeste,1366,1.699000697101768e-08
Caribe,Nordeste,1367,1.705603589162364e-08
Caribe,Nordeste,1368,1.3190350488947307e-06
Caribe,Nordeste,1369,1.209652234171563e-06
Caribe,Nordeste,1370,1.2126935332439317e-06
Caribe,Nordeste,1371,1.2169672970911194e-06
Caribe,Nordeste,1372,2.455628557927775e-06
Caribe,Nordeste,1373,2.461635750899208e-06
Caribe,Nordeste,1374,2.4529708090038146e-06
Caribe,Nordeste,1375,1.2173548789713041e-06
Caribe,Nordeste,1376,2.4701669817337042e-06
Caribe,Nordeste,1377,2.4781008325833606e-06
Caribe,Nordeste,1378,2.481475656680853e-06
Caribe,Nordeste,1379,2.4856954196270146e-06
Caribe,Nordeste,1380,2.4853033834840614e-06
Caribe,Nordeste,1381,2.4809785769082466e-06
Caribe,Nordeste,1382,2.474970818630333e-06
Caribe,Nordeste,1383,1.2177926384989867e-06
Caribe,Nordeste,1384,1.2094699905569468e-06
Caribe,Nordeste,1385,5.266376759497793e-07
Caribe,Nordeste,1386,5.217513786258023e-07
Caribe,Nordeste,1387,5.252214095293782e-07
Caribe,Nordeste,1388,5.207439520950532e-07
Caribe,Nordeste,1389,5.204390889367569e-07
Caribe,Nordeste,1390,5.208851430554548e-07
Caribe,Nordeste,1391,5.220742734509312e-07
Caribe,Nordeste,1392,5.365736083930699e-07
Caribe,Nordeste,1393,2.605805508192541e-07
Caribe,Nordeste,1394,2.6080827594993136e-07
Caribe,Nordeste,1395,2.609926386921339e-07
Caribe,Nordeste,1396,2.6128141805533823e-07
Caribe,Nordeste,1397,5.272119379667102e-07
Caribe,Nordeste,1398,2.613346680424806e-07
Caribe,Nordeste,1399,2.6114188721032377e-07
Caribe,Nordeste,1400,5.316592763391426e-07
Caribe,Nordeste,1401,5.327037013273037e-07
Caribe,Nordeste,1402,5.333605208132334e-07
Caribe,Nordeste,1403,5.338655707316523e-07
Caribe,Nordeste,1404,5.336369364620178e-07
Caribe,Nordeste,1405,5.326568425960295e-07
Caribe,Nordeste,1406,5.313561181789017e-07
Caribe,Nordeste,1407,2.610346786056667e-07
Caribe,Nordeste,1408,2.606010855232799e-07
Caribe,Nordeste,1409,4.1474113426075834e-08
Caribe,Nordeste,1410,4.109404305755668e-08
Caribe,Nordeste,1411,4.115587308300922e-08
Caribe,Nordeste,1412,4.0880753428669185e-08
Caribe,Nordeste,1413,4.0859034157137026e-08
Caribe,Nordeste,1414,4.087317565464357e-08
Caribe,Nordeste,1415,4.092718471066027e-08
Caribe,Nordeste,1416,2.593134229002763e-07
Caribe,Nordeste,1417,1.1019899850232064e-06
Caribe,Nordeste,1418,1.1042478678033975e-06
Caribe,Nordeste,1419,1.106361191741966e-06
Caribe,Nordeste,1420,1.1095621992246547e-06
Caribe,Nordeste,1421,1.1122660420033697e-06
Caribe,Nordeste,1422,1.1075628920676657e-06
Caribe,Nordeste,1423,1.1047506871552183e-06
Caribe,Nordeste,1424,1.1141523143448213e-06
Caribe,Nordeste,1425,2.2448713074247503e-06
Caribe,Nordeste,1426,2.2494935947959082e-06
Caribe,Nordeste,1427,2.252341413653149e-06
Caribe,Nordeste,1428,2.250557669332024e-06
Caribe,Nordeste,1429,2.2435581191011775e-06
Caribe,Nordeste,1430,1.1143788288718594e-06
Caribe,Nordeste,1431,1.1045255699796322e-06
Caribe,Nordeste,1432,1.10097777409787e-06
Caribe,Nordeste,1433,1.0259206211284542e-06
Caribe,Nordeste,1434,1.0219856407786674e-06
Caribe,Nordeste,1435,1.0252673140654055e-06
Caribe,Nordeste,1436,9.67778936620465e-07
Caribe,Nordeste,1437,9.670063457365359e-07
Caribe,Nordeste,1438,9.675883510894285e-07
Caribe,Nordeste,1439,1.0245660524629859e-06
Caribe,Nordeste,1440,1.0380214807092517e-06
Caribe,Nordeste,1441,2.607470408807719e-07
Caribe,Nordeste,1442,2.624224856867505e-07
Caribe,Nordeste,1443,2.6294132950456567e-07
Caribe,Nordeste,1444,2.6319599448850746e-07
Caribe,Nordeste,1445,2.6339105055281116e-07
Caribe,Nordeste,1446,2.6342542550458494e-07
Caribe,Nordeste,1447,2.634416351593165e-07
Caribe,Nordeste,1448,5.306902158428583e-07
Caribe,Nordeste,1449,5.312247423081366e-07
Caribe,Nordeste,1450,5.314677570881448e-07
Caribe,Nordeste,1451,5.318087657652518e-07
Caribe,Nordeste,1452,5.313721098985729e-07
Caribe,Nordeste,1453,2.638379895578491e-07
Caribe,Nordeste,1454,2.6324607574102527e-07
Caribe,Nordeste,1455,2.609694412851465e-07
Caribe,Nordeste,1456,2.6058897691802296e-07
Caribe,Nordeste,1457,2.600675192251603e-07
Caribe,Nordeste,1458,4.180395267232353e-08
Caribe,Nordeste,1459,2.6015424197392467e-07
Caribe,Nordeste,1460,4.118070623620033e-08
Caribe,Nordeste,1461,4.092325039213772e-08
Caribe,Nordeste,1462,4.108026828784771e-08
Caribe,Nordeste,1463,4.200162969124808e-08
Caribe,Nordeste,1464,2.6047393272602923e-07
Caribe,Nordeste,1465,1.098383693225569e-06
Caribe,Nordeste,1466,1.1017964238514716e-06
Caribe,Nordeste,1467,1.1038472118192867e-06
Caribe,Nordeste,1468,1.1063192734867232e-06
Caribe,Nordeste,1469,1.1059310040663584e-06
Caribe,Nordeste,1470,1.104054089711543e-06
Caribe,Nordeste,1471,1.103580342560481e-06
Caribe,Nordeste,1472,1.106960147373782e-06
Caribe,Nordeste,1473,1.108730726858844e-06
Caribe,Nordeste,1474,1.1122615646380759e-06
Caribe,Nordeste,1475,1.1232940726193941e-06
Caribe,Nordeste,1476,1.1121621348067089e-06
Caribe,Nordeste,1477,1.10737690468342e-06
Caribe,Nordeste,1478,1.104756507343316e-06
Caribe,Nordeste,1479,1.1000894018227115e-06
Caribe,Nordeste,1480,1.0971171517572999e-06
Caribe,Nordeste,1481,1.0956551175037553e-06
Caribe,Nordeste,1482,1.0827115645479766e-06
Caribe,Nordeste,1483,1.0958094288133114e-06
Caribe,Nordeste,1484,1.0829937769827866e-06
Caribe,Nordeste,1485,1.0821232058330088e-06
Caribe,Nordeste,1486,1.0828877969885747e-06
Caribe,Nordeste,1487,1.0958389455327876e-06
Caribe,Nordeste,1488,1.0970186487375916e-06
Caribe,Nordeste,1489,6.474418801637175e-08
Caribe,Nordeste,1490,6.549452790949147e-08
Caribe,Nordeste,1491,2.1715854097689085e-07
Caribe,Nordeste,1492,2.172870203182526e-07
Caribe,Nordeste,1493,2.1733992941205534e-07
Caribe,Nordeste,1494,2.1731865342615458e-07
Caribe,Nordeste,1495,2.172386584928311e-07
Caribe,Nordeste,1496,2.173597111813676e-07
Caribe,Nordeste,1497,2.1739072551100457e-07
Caribe,Nordeste,1498,2.1739292399574142e-07
Caribe,Nordeste,1499,2.1740399515205542e-07
Caribe,Nordeste,1500,2.173048209772834e-07
Caribe,Nordeste,1501,2.1321383058054993e-07
Caribe,Nordeste,1502,6.492550169015862e-08
Caribe,Nordeste,1503,6.441812839678565e-08
Caribe,Nordeste,1504,6.299068898066033e-08
Caribe,Nordeste,1505,6.293677576236438e-08
Caribe,Nordeste,1506,6.293398035374425e-08
Caribe,Nordeste,1507,6.297532105287868e-08
Caribe,Nordeste,1508,6.219812010532705e-08
Caribe,Nordeste,1509,6.219701984364381e-08
Caribe,Nordeste,1510,6.290253287556096e-08
Caribe,Nordeste,1511,6.296141733747322e-08
Caribe,Nordeste,1512,6.302674408928787e-08
Caribe,Nordeste,1513,1.087875592201821e-06
Caribe,Nordeste,1514,1.089740153779687e-06
Caribe,Nordeste,1515,1.0911113237111857e-06
Caribe,Nordeste,1516,1.1282801356050849e-06
Caribe,Nordeste,1517,1.129156545809742e-06
Caribe,Nordeste,1518,1.1273850895343963e-06
Caribe,Nordeste,1519,1.0903245236979656e-06
Caribe,Nordeste,1520,1.0915518611896609e-06
Caribe,Nordeste,1521,1.0923855768655418e-06
Caribe,Nordeste,1522,1.0919263011938654e-06
Caribe,Nordeste,1523,1.1728754132187957e-06
Caribe,Nordeste,1524,1.091052333452312e-06
Caribe,Nordeste,1525,1.0892098969973694e-06
Caribe,Nordeste,1526,1.0880570898756892e-06
Caribe,Nordeste,1527,1.086603442623069e-06
Caribe,Nordeste,1528,1.0855244194499121e-06
Caribe,Nordeste,1529,1.085039414526032e-06
Caribe,Nordeste,1530,1.0849625964018204e-06
Caribe,Nordeste,1531,1.0854472825911083e-06
Caribe,Nordeste,1532,9.049809809221534e-07
Caribe,Nordeste,1533,1.0841798820836418e-06
Caribe,Nordeste,1534,1.085339755153669e-06
Caribe,Nordeste,1535,1.085589474251599e-06
Caribe,Nordeste,1536,1.0864397729878453e-06
Caribe,Nordeste,2305,499.9999995800074
Caribe,Nordeste,2306,499.9999995805544
Caribe,Nordeste,2307,499.9999995807009
Caribe,Nordeste,2308,499.99999958078683
Caribe,Nordeste,2309,499.9999995808142
Caribe,Nordeste,2310,499.9999995808013
Caribe,Nordeste,2311,499.9999995807309
Caribe,Nordeste,2312,499.9999995809342
Caribe,Nordeste,2313,499.99999958108356
Caribe,Nordeste,2314,499.999999581028
Caribe,Nordeste,2315,499.9999995812121
Caribe,Nordeste,2316,499.99999958119207
Caribe,Nordeste,2317,499.9999995810123
Caribe,Nordeste,2318,499.99999958103166
Caribe,Nordeste,2319,499.99999958085203
Caribe,Nordeste,2320,499.9999995802204
Caribe,Nordeste,2321,499.99999958001877
Caribe,Nordeste,2322,499.9999995726878
Caribe,Nordeste,2323,499.99999957998233
Caribe,Nordeste,2324,456.6063486323363
Caribe,Nordeste,2325,410.0993324862027
Caribe,Nordeste,2326,432.20477423916697
Caribe,Nordeste,2327,495.15326298775534
Caribe,Nordeste,2328,499.9999995797068
Caribe,Nordeste,2329,499.99999876442297
Caribe,Nordeste,2330,499.99999876438164
Caribe,Nordeste,2331,499.99999876446236
Caribe,Nordeste,2332,499.99999876449704
Caribe,Nordeste,2333,499.9999987645263
Caribe,Nordeste,2334,499.9999987644985
Caribe,Nordeste,2335,499.99999876447765
Caribe,Nordeste,2336,499.9999987645845
Caribe,Nordeste,2337,499.9999987646634
Caribe,Nordeste,2338,499.99999876468934
Caribe,Nordeste,2339,499.9999987650772
Caribe,Nordeste,2340,499.9999987647585
Caribe,Nordeste,2341,499.9999987646978
Caribe,Nordeste,2342,499.99999876466484
Caribe,Nordeste,2343,499.9999987646137
Caribe,Nordeste,2344,499.9999987645028
Caribe,Nordeste,2345,499.9999987643728
Caribe,Nordeste,2346,499.9999987643265
Caribe,Nordeste,2347,499.99999876437175
Caribe,Nordeste,2348,499.999998763053
Caribe,Nordeste,2349,499.99999876042614
Caribe,Nordeste,2350,499.99999876306333
Caribe,Nordeste,2351,499.9999987640119
Caribe,Nordeste,2352,499.99999876424494
Caribe,Nordeste,2353,377.71430510241794
Caribe,Nordeste,2354,391.0515316285086
Caribe,Nordeste,2355,395.4497343771555
Caribe,Nordeste,2356,399.1772471632612
Caribe,Nordeste,2357,401.414367697385
Caribe,Nordeste,2358,397.86522711598553
Caribe,Nordeste,2359,389.2358700592927
Caribe,Nordeste,2360,401.4149291641455
Caribe,Nordeste,2361,407.84092736773647
Caribe,Nordeste,2362,417.8711571214839
Caribe,Nordeste,2363,429.985953355003
Caribe,Nordeste,2364,422.5436474796441
Caribe,Nordeste,2365,407.99853962832503
Caribe,Nordeste,2366,400.86770229324304
Caribe,Nordeste,2367,386.50103985888063
Caribe,Nordeste,2368,362.0551673526711
Caribe,Nordeste,2369,321.9727450692537
Caribe,Nordeste,2370,312.2633070259376
Caribe,Nordeste,2371,346.3701557270614
Caribe,Nordeste,2372,278.1388576653423
Caribe,Nordeste,2373,214.7396302795735
Caribe,Nordeste,2374,247.31697174379218
Caribe,Nordeste,2375,304.92151154034025
Caribe,Nordeste,2376,353.59420374410615
Caribe,Nordeste,2377,467.42665463337966
Caribe,Nordeste,2378,467.40505662770954
Caribe,Nordeste,2379,468.218426083629
Caribe,Nordeste,2380,468.63165710221966
Caribe,Nordeste,2381,468.75107759595807
Caribe,Nordeste,2382,468.7112434011391
Caribe,Nordeste,2383,468.1092470554094
Caribe,Nordeste,2384,469.6156098096073
Caribe,Nordeste,2385,470.70069196423253
Caribe,Nordeste,2386,471.6922409684153
Caribe,Nordeste,2387,472.47831324243185
Caribe,Nordeste,2388,471.91771260227006
Caribe,Nordeste,2389,471.2319112035967
Caribe,Nordeste,2390,470.64362169930314
Caribe,Nordeste,2391,469.9917281492225
Caribe,Nordeste,2392,469.4791288963036
Caribe,Nordeste,2393,468.09314095449764
Caribe,Nordeste,2394,464.79506748610345
Caribe,Nordeste,2395,467.79820903616144
Caribe,Nordeste,2396,428.9806564444942
Caribe,Nordeste,2397,409.25229312103556
Caribe,Nordeste,2398,416.4504999902795
Caribe,Nordeste,2399,459.7979038598466
Caribe,Nordeste,2400,465.52991508387345
Caribe,Nordeste,2401,352.3748095570361
Caribe,Nordeste,2402,348.67166755193114
Caribe,Nordeste,2403,348.6435797054523
Caribe,Nordeste,2404,353.455485741752
Caribe,Nordeste,2405,357.09834046274466
Caribe,Nordeste,2406,361.9332097990839
Caribe,Nordeste,2407,356.9150130088611
Caribe,Nordeste,2408,356.54786721033025
Caribe,Nordeste,2409,356.73472153789857
Caribe,Nordeste,2410,357.0889859185135
Caribe,Nordeste,2411,360.5241363724165
Caribe,Nordeste,2412,352.9253826416868
Caribe,Nordeste,2413,335.3008655785739
Caribe,Nordeste,2414,322.63372313984263
Caribe,Nordeste,2415,314.1819476054561
Caribe,Nordeste,2416,299.08798022364607
Caribe,Nordeste,2417,254.70280803202593
Caribe,Nordeste,2418,269.0804833634987
Caribe,Nordeste,2419,336.3407183014708
Caribe,Nordeste,2420,320.2840994215811
Caribe,Nordeste,2421,286.2295497887307
Caribe,Nordeste,2422,305.13655694119575
Caribe,Nordeste,2423,326.79780066932886
Caribe,Nordeste,2424,346.1657203979739
Caribe,Nordeste,2425,375.8375444630809
Caribe,Nordeste,2426,378.16786387596784
Caribe,Nordeste,2427,380.0289065280235
Caribe,Nordeste,2428,384.0445174499477
Caribe,Nordeste,2429,376.20649376785326
Caribe,Nordeste,2430,371.9814131776805
Caribe,Nordeste,2431,377.75990982498104
Caribe,Nordeste,2432,385.67946211444973
Caribe,Nordeste,2433,392.56137449590403
Caribe,Nordeste,2434,404.40581018463087
Caribe,Nordeste,2435,408.731938965825
Caribe,Nordeste,2436,405.68583731634703
Caribe,Nordeste,2437,401.2763521376821
Caribe,Nordeste,2438,394.1121684870985
Caribe,Nordeste,2439,386.2258090730394
Caribe,Nordeste,2440,379.1905340318934
Caribe,Nordeste,2441,373.22419793600346
Caribe,Nordeste,2442,366.7896654461801
Caribe,Nordeste,2443,382.09026921487316
Caribe,Nordeste,2444,392.2720739735022
Caribe,Nordeste,2445,403.1548008245755
Caribe,Nordeste,2446,395.828873425759
Caribe,Nordeste,2447,381.7049351720355
Caribe,Nordeste,2448,377.2947743172479
Caribe,Nordeste,2449,22.04477342036761
Caribe,Nordeste,2450,22.624791949068854
Caribe,Nordeste,2451,22.7280326719874
Caribe,Nordeste,2452,22.77346342133137
Caribe,Nordeste,2453,22.771276078818076
Caribe,Nordeste,2454,22.557211357636334
Caribe,Nordeste,2455,22.296978037344946
Caribe,Nordeste,2456,22.14884295426306
Caribe,Nordeste,2457,22.296818563847715
Caribe,Nordeste,2458,22.362452798067277
Caribe,Nordeste,2459,22.393092725952535
Caribe,Nordeste,2460,22.00574982819338
Caribe,Nordeste,2461,20.240447585062913
Caribe,Nordeste,2462,10.08889446965422
Caribe,Nordeste,2463,1.8146144077067727
Caribe,Nordeste,2464,2.3704025943065905e-07
Caribe,Nordeste,2465,2.369276828675513e-07
Caribe,Nordeste,2466,0.9057578023269952
Caribe,Nordeste,2467,1.8868515549497642
Caribe,Nordeste,2468,2.5457044185237857e-07
Caribe,Nordeste,2469,1.162166520476939
Caribe,Nordeste,2470,1.8433911494528115
Caribe,Nordeste,2471,1.904667763336609
Caribe,Nordeste,2472,19.79485599480794
Caribe,Nordeste,2473,39.6808470430071
Caribe,Nordeste,2474,39.05868723106899
Caribe,Nordeste,2475,39.33243769320358
Caribe,Nordeste,2476,39.82826853675179
Caribe,Nordeste,2477,40.07275756820364
Caribe,Nordeste,2478,39.647824256163126
Caribe,Nordeste,2479,39.13257534457799
Caribe,Nordeste,2480,39.16831951195705
Caribe,Nordeste,2481,39.50874834579231
Caribe,Nordeste,2482,39.46215799121343
Caribe,Nordeste,2483,39.813600522373044
Caribe,Nordeste,2484,38.87286772504721
Caribe,Nordeste,2485,36.63481968919982
Caribe,Nordeste,2486,32.82226611682925
Caribe,Nordeste,2487,25.263710504521278
Caribe,Nordeste,2488,20.856011397399822
Caribe,Nordeste,2489,19.420698371729753
Caribe,Nordeste,2490,25.05275879727532
Caribe,Nordeste,2491,30.84235713183412
Caribe,Nordeste,2492,64.29983803805267
Caribe,Nordeste,2493,60.82427698869607
Caribe,Nordeste,2494,37.290616146746515
Caribe,Nordeste,2495,36.3448460806857
Caribe,Nordeste,2496,38.14095643035669
Caribe,Nordeste,3265,499.9999993167992
Caribe,Nordeste,3266,499.9999993168754
Caribe,Nordeste,3267,499.99999931692025
Caribe,Nordeste,3268,499.99999931698545
Caribe,Nordeste,3269,499.9999993169625
Caribe,Nordeste,3270,499.9999993169142
Caribe,Nordeste,3271,499.9999993168812
Caribe,Nordeste,3272,499.99999931697215
Caribe,Nordeste,3273,499.9999993169685
Caribe,Nordeste,3274,499.9999993170121
Caribe,Nordeste,3275,499.99999931694566
Caribe,Nordeste,3276,499.999999316932
Caribe,Nordeste,3277,499.9999993169298
Caribe,Nordeste,3278,499.9999993169231
Caribe,Nordeste,3279,499.9999993168321
Caribe,Nordeste,3280,499.9999993166216
Caribe,Nordeste,3281,499.99999931173113
Caribe,Nordeste,3282,499.9999993117599
Caribe,Nordeste,3283,499.99999931668515
Caribe,Nordeste,3284,499.9999993117921
Caribe,Nordeste,3285,499.9999993118268
Caribe,Nordeste,3286,499.99999931172886
Caribe,Nordeste,3287,499.99999931174443
Caribe,Nordeste,3288,499.999999316594
Caribe,Nordeste,3289,499.99989897931914
Caribe,Nordeste,3290,499.99989897058225
Caribe,Nordeste,3291,499.99989899210743
Caribe,Nordeste,3292,499.9998990022889
Caribe,Nordeste,3293,499.99989903338934
Caribe,Nordeste,3294,499.9998990396142
Caribe,Nordeste,3295,499.99989903705165
Caribe,Nordeste,3296,499.99998488029036
Caribe,Nordeste,3297,499.9999848612885
Caribe,Nordeste,3298,499.99998481955566
Caribe,Nordeste,3299,499.9999847835634
Caribe,Nordeste,3300,499.9999847853308
Caribe,Nordeste,3301,499.99998483021363
Caribe,Nordeste,3302,499.9999848263666
Caribe,Nordeste,3303,499.9998990960562
Caribe,Nordeste,3304,499.9998989955943
Caribe,Nordeste,3305,499.9998990099083
Caribe,Nordeste,3306,499.9998990411902
Caribe,Nordeste,3307,499.9998990646441
Caribe,Nordeste,3308,499.9998990590897
Caribe,Nordeste,3309,499.9998990551335
Caribe,Nordeste,3310,499.99989900063065
Caribe,Nordeste,3311,499.9998989556386
Caribe,Nordeste,3312,499.9998989460849
Caribe,Nordeste,3313,499.9999987280035
Caribe,Nordeste,3314,499.9999987287476
Caribe,Nordeste,3315,499.99999872926315
Caribe,Nordeste,3316,499.99999872924366
Caribe,Nordeste,3317,499.99999872922643
Caribe,Nordeste,3318,499.9999987290258
Caribe,Nordeste,3319,499.99999872863907
Caribe,Nordeste,3320,499.9999987290779
Caribe,Nordeste,3321,499.99999872862054
Caribe,Nordeste,3322,499.9999987288818
Caribe,Nordeste,3323,499.99999872850793
Caribe,Nordeste,3324,499.99999872878516
Caribe,Nordeste,3325,499.99999872885115
Caribe,Nordeste,3326,499.9999987282805
Caribe,Nordeste,3327,499.99999872765784
Caribe,Nordeste,3328,482.7217897094595
Caribe,Nordeste,3329,323.82284058038135
Caribe,Nordeste,3330,351.94177833271027
Caribe,Nordeste,3331,498.6608319862579
Caribe,Nordeste,3332,301.81527103368757
Caribe,Nordeste,3333,189.48064831112345
Caribe,Nordeste,3334,233.72452709757547
Caribe,Nordeste,3335,349.26402708410257
Caribe,Nordeste,3336,499.9999987088327
Caribe,Nordeste,3337,499.99999835128824
Caribe,Nordeste,3338,499.9999983512337
Caribe,Nordeste,3339,499.99999835144337
Caribe,Nordeste,3340,499.9999983515083
Caribe,Nordeste,3341,499.99999835146735
Caribe,Nordeste,3342,499.9999983514187
Caribe,Nordeste,3343,499.99999835119144
Caribe,Nordeste,3344,499.9999983512972
Caribe,Nordeste,3345,499.99999835136936
Caribe,Nordeste,3346,499.9999983513553
Caribe,Nordeste,3347,499.9999983511993
Caribe,Nordeste,3348,499.9999983511576
Caribe,Nordeste,3349,499.9999983511692
Caribe,Nordeste,3350,499.9999983513409
Caribe,Nordeste,3351,499.99999835131086
Caribe,Nordeste,3352,499.9999983512818
Caribe,Nordeste,3353,499.99999834941593
Caribe,Nordeste,3354,499.9999972889815
Caribe,Nordeste,3355,499.9999983513773
Caribe,Nordeste,3356,499.9999972901092
Caribe,Nordeste,3357,499.9999972931252
Caribe,Nordeste,3358,499.9999972890227
Caribe,Nordeste,3359,499.99999728813015
Caribe,Nordeste,3360,499.9999983500246
Caribe,Nordeste,3361,499.99999873056566
Caribe,Nordeste,3362,499.999998731015
Caribe,Nordeste,3363,499.99999873114
Caribe,Nordeste,3364,499.999998731214
Caribe,Nordeste,3365,499.99999873118753
Caribe,Nordeste,3366,499.9999987311175
Caribe,Nordeste,3367,499.9999987311031
Caribe,Nordeste,3368,499.9999987307671
Caribe,Nordeste,3369,499.9999987304389
Caribe,Nordeste,3370,499.9999987303618
Caribe,Nordeste,3371,499.99999873012894
Caribe,Nordeste,3372,499.9999987301379
Caribe,Nordeste,3373,499.999998729639
Caribe,Nordeste,3374,499.99999872804096
Caribe,Nordeste,3375,499.99999869988704
Caribe,Nordeste,3376,262.46293487536803
Caribe,Nordeste,3377,109.92697610149895
Caribe,Nordeste,3378,198.08523168296972
Caribe,Nordeste,3379,499.999998665576
Caribe,Nordeste,3380,393.4791516618827
Caribe,Nordeste,3381,260.9732375729781
Caribe,Nordeste,3382,327.85013753496366
Caribe,Nordeste,3383,449.0601706759477
Caribe,Nordeste,3384,499.9999987282695
Caribe,Nordeste,3385,499.99999513154995
Caribe,Nordeste,3386,499.99999513189766
Caribe,Nordeste,3387,499.99999513206535
Caribe,Nordeste,3388,499.9999951321959
Caribe,Nordeste,3389,499.9999951310954
Caribe,Nordeste,3390,499.9999951305368
Caribe,Nordeste,3391,499.9999951306237
Caribe,Nordeste,3392,499.9999951302049
Caribe,Nordeste,3393,499.9999951299887
Caribe,Nordeste,3394,499.9999951302018
Caribe,Nordeste,3395,499.999995129436
Caribe,Nordeste,3396,499.9999951292104
Caribe,Nordeste,3397,499.99999512968293
Caribe,Nordeste,3398,499.99999512955094
Caribe,Nordeste,3399,499.9999951290772
Caribe,Nordeste,3400,499.99999512713407
Caribe,Nordeste,3401,499.99999510874966
Caribe,Nordeste,3402,471.8886715755507
Caribe,Nordeste,3403,499.9999951321998
Caribe,Nordeste,3404,499.99999511408265
Caribe,Nordeste,3405,499.9999950952369
Caribe,Nordeste,3406,499.9999951325039
Caribe,Nordeste,3407,499.9999951317748
Caribe,Nordeste,3408,499.99999513190386
Caribe,Nordeste,3409,86.65528948397802
Caribe,Nordeste,3410,226.4883038997661
Caribe,Nordeste,3411,297.48086341773796
Caribe,Nordeste,3412,349.82733865169627
Caribe,Nordeste,3413,376.0734141968441
Caribe,Nordeste,3414,283.03809357066876
Caribe,Nordeste,3415,174.61823108877147
Caribe,Nordeste,3416,119.87077198333813
Caribe,Nordeste,3417,86.36705255182908
Caribe,Nordeste,3418,54.42840314705775
Caribe,Nordeste,3419,42.487847895682755
Caribe,Nordeste,3420,35.424441869586296
Caribe,Nordeste,3421,34.08934289647801
Caribe,Nordeste,3422,34.49318842089204
Caribe,Nordeste,3423,35.353239144163545
Caribe,Nordeste,3424,34.88474131751914
Caribe,Nordeste,3425,37.874182605697534
Caribe,Nordeste,3426,48.82392145624641
Caribe,Nordeste,3427,57.41415043052916
Caribe,Nordeste,3428,81.49895072802633
Caribe,Nordeste,3429,84.85512135191918
Caribe,Nordeste,3430,69.94955472424077
Caribe,Nordeste,3431,57.55590345239119
Caribe,Nordeste,3432,57.54492193696384
Caribe,Nordeste,3433,271.6376028707784
Caribe,Nordeste,3434,216.19074005192428
Caribe,Nordeste,3435,272.0739342720084
Caribe,Nordeste,3436,341.906279474972
Caribe,Nordeste,3437,382.13009960416434
Caribe,Nordeste,3438,345.7264976240285
Caribe,Nordeste,3439,305.3454042489724
Caribe,Nordeste,3440,289.8260900878194
Caribe,Nordeste,3441,232.95985517757134
Caribe,Nordeste,3442,149.24203003133658
Caribe,Nordeste,3443,124.56308693446589
Caribe,Nordeste,3444,91.60866945461859
Caribe,Nordeste,3445,93.3825369399345
Caribe,Nordeste,3446,97.4308148808067
Caribe,Nordeste,3447,104.75630648915552
Caribe,Nordeste,3448,122.86355691615765
Caribe,Nordeste,3449,147.21077575434148
Caribe,Nordeste,3450,165.69649136239047
Caribe,Nordeste,3451,186.16872738487166
Caribe,Nordeste,3452,289.9955824303956
Caribe,Nordeste,3453,276.67514613726865
Caribe,Nordeste,3454,222.829248163234
Caribe,Nordeste,3455,162.45274923826676
Caribe,Nordeste,3456,141.82670265655506
Caribe,Nordeste,4225,625.9706078950524
Caribe,Nordeste,4226,625.970607895172
Caribe,Nordeste,4227,625.9706080595548
Caribe,Nordeste,4228,625.9706080591966
Caribe,Nordeste,4229,625.9706080709716
Caribe,Nordeste,4230,625.9706080594169
Caribe,Nordeste,4231,625.9706078955893
Caribe,Nordeste,4232,625.9706080594167
Caribe,Nordeste,4233,625.9706080688095
Caribe,Nordeste,4234,625.9706080689177
Caribe,Nordeste,4235,625.9706080681897
Caribe,Nordeste,4236,625.970608058412
Caribe,Nordeste,4237,625.9706078965512
Caribe,Nordeste,4238,625.9706078949881
Caribe,Nordeste,4239,625.9706078946703
Caribe,Nordeste,4240,625.9706078944977
Caribe,Nordeste,4241,625.970607894962
Caribe,Nordeste,4242,625.9706078951609
Caribe,Nordeste,4243,625.9706078954548
Caribe,Nordeste,4244,625.9706078953056
Caribe,Nordeste,4245,625.9706078955832
Caribe,Nordeste,4246,625.9706078954522
Caribe,Nordeste,4247,625.9706078951979
Caribe,Nordeste,4248,625.970607895223
Caribe,Nordeste,4249,625.9706066680666
Caribe,Nordeste,4250,625.9706066693002
Caribe,Nordeste,4251,625.9706069779025
Caribe,Nordeste,4252,625.9706069781062
Caribe,Nordeste,4253,625.9706069782321
Caribe,Nordeste,4254,625.9706069781773
Caribe,Nordeste,4255,625.9706069776754
Caribe,Nordeste,4256,625.9706069736648
Caribe,Nordeste,4257,625.9706031969498
Caribe,Nordeste,4258,625.9706031292177
Caribe,Nordeste,4259,625.9706031119048
Caribe,Nordeste,4260,625.9705905625036
Caribe,Nordeste,4261,625.9705905123544
Caribe,Nordeste,4262,625.9705906176246
Caribe,Nordeste,4263,625.9706067513208
Caribe,Nordeste,4264,625.9706067576388
Caribe,Nordeste,4265,625.9706067602066
Caribe,Nordeste,4266,625.9706069784238
Caribe,Nordeste,4267,625.9706069789512
Caribe,Nordeste,4268,625.9706066673257
Caribe,Nordeste,4269,625.970606667546
Caribe,Nordeste,4270,625.970606666926
Caribe,Nordeste,4271,625.9706066661345
Caribe,Nordeste,4272,625.9706066657318
Caribe,Nordeste,4273,625.9706071588805
Caribe,Nordeste,4274,625.9706071586826
Caribe,Nordeste,4275,625.9706071589206
Caribe,Nordeste,4276,625.9706071590751
Caribe,Nordeste,4277,625.9706071595152
Caribe,Nordeste,4278,625.970607159136
Caribe,Nordeste,4279,625.9706071583817
Caribe,Nordeste,4280,625.9706071581047
Caribe,Nordeste,4281,625.9706071575457
Caribe,Nordeste,4282,625.970607156126
Caribe,Nordeste,4283,625.9706071557266
Caribe,Nordeste,4284,625.9706071550228
Caribe,Nordeste,4285,625.9706071563
Caribe,Nordeste,4286,625.9706071566275
Caribe,Nordeste,4287,625.9706071566347
Caribe,Nordeste,4288,625.9706071566601
Caribe,Nordeste,4289,625.9706071542291
Caribe,Nordeste,4290,625.9706071579219
Caribe,Nordeste,4291,625.9706071595115
Caribe,Nordeste,4292,625.9706071591934
Caribe,Nordeste,4293,625.9706071510104
Caribe,Nordeste,4294,625.9706071575441
Caribe,Nordeste,4295,625.970607159097
Caribe,Nordeste,4296,625.970607159005
Caribe,Nordeste,4297,625.9706078572203
Caribe,Nordeste,4298,625.9706078571037
Caribe,Nordeste,4299,625.9706078564022
Caribe,Nordeste,4300,625.9706078558642
Caribe,Nordeste,4301,625.9706078552159
Caribe,Nordeste,4302,625.9706078547165
Caribe,Nordeste,4303,625.9706066841118
Caribe,Nordeste,4304,625.9706067650804
Caribe,Nordeste,4305,625.970590769926
Caribe,Nordeste,4306,625.9705906085953
Caribe,Nordeste,4307,625.9705905408612
Caribe,Nordeste,4308,625.9705905271138
Caribe,Nordeste,4309,625.9705905574154
Caribe,Nordeste,4310,625.970490468962
Caribe,Nordeste,4311,625.9706066657897
Caribe,Nordeste,4312,625.9706066830282
Caribe,Nordeste,4313,625.9706078556036
Caribe,Nordeste,4314,625.9706078574161
Caribe,Nordeste,4315,625.9706078578075
Caribe,Nordeste,4316,625.9706078580274
Caribe,Nordeste,4317,625.9706078580826
Caribe,Nordeste,4318,625.9706078579666
Caribe,Nordeste,4319,625.9706078577827
Caribe,Nordeste,4320,625.9706078575291
Caribe,Nordeste,4321,625.9706071983658
Caribe,Nordeste,4322,625.9706071968967
Caribe,Nordeste,4323,625.9706071967013
Caribe,Nordeste,4324,625.9706071963282
Caribe,Nordeste,4325,625.970607196889
Caribe,Nordeste,4326,625.9706071971468
Caribe,Nordeste,4327,625.9706071964446
Caribe,Nordeste,4328,625.9706071954727
Caribe,Nordeste,4329,625.9706071944184
Caribe,Nordeste,4330,625.9706071937426
Caribe,Nordeste,4331,625.9706071929871
Caribe,Nordeste,4332,625.9706071932134
Caribe,Nordeste,4333,625.9706071929635
Caribe,Nordeste,4334,625.9706071927583
Caribe,Nordeste,4335,625.9706071907514
Caribe,Nordeste,4336,520.2615750623445
Caribe,Nordeste,4337,384.9720891224467
Caribe,Nordeste,4338,547.8327588926825
Caribe,Nordeste,4339,625.9706071987556
Caribe,Nordeste,4340,625.9706071993975
Caribe,Nordeste,4341,625.97060719833
Caribe,Nordeste,4342,625.9706071995248
Caribe,Nordeste,4343,625.9706071989259
Caribe,Nordeste,4344,625.9706071983171
Caribe,Nordeste,4345,625.9706078577124
Caribe,Nordeste,4346,625.9706078577107
Caribe,Nordeste,4347,625.9706078568682
Caribe,Nordeste,4348,625.9706078341449
Caribe,Nordeste,4349,625.970606673197
Caribe,Nordeste,4350,625.9706066712323
Caribe,Nordeste,4351,625.9706066703436
Caribe,Nordeste,4352,625.970590728632
Caribe,Nordeste,4353,625.9705906761772
Caribe,Nordeste,4354,625.9705906340741
Caribe,Nordeste,4355,625.970590590829
Caribe,Nordeste,4356,625.9705905761937
Caribe,Nordeste,4357,625.9705905885843
Caribe,Nordeste,4358,625.9704897698997
Caribe,Nordeste,4359,625.9704881340089
Caribe,Nordeste,4360,625.9704993267575
Caribe,Nordeste,4361,625.970606670112
Caribe,Nordeste,4362,625.9706078574632
Caribe,Nordeste,4363,625.9706078581349
Caribe,Nordeste,4364,625.9706078583276
Caribe,Nordeste,4365,625.9706078585027
Caribe,Nordeste,4366,625.9706078584436
Caribe,Nordeste,4367,625.9706078582863
Caribe,Nordeste,4368,625.9706078581205
Caribe,Nordeste,4369,625.9706075381312
Caribe,Nordeste,4370,625.9706075420712
Caribe,Nordeste,4371,625.9706075413843
Caribe,Nordeste,4372,625.9706075424616
Caribe,Nordeste,4373,625.9706075427953
Caribe,Nordeste,4374,625.9706075416507
Caribe,Nordeste,4375,625.9706075389113
Caribe,Nordeste,4376,625.9706075315676
Caribe,Nordeste,4377,625.970607522825
Caribe,Nordeste,4378,625.9706074738921
Caribe,Nordeste,4379,625.9706074609059
Caribe,Nordeste,4380,621.6614027514261
Caribe,Nordeste,4381,509.5150923210027
Caribe,Nordeste,4382,353.3758565767278
Caribe,Nordeste,4383,158.93017716499264
Caribe,Nordeste,4384,37.68908315997901
Caribe,Nordeste,4385,237.24730607403274
Caribe,Nordeste,4386,563.7540325907074
Caribe,Nordeste,4387,625.9706074727163
Caribe,Nordeste,4388,622.0566598447863
Caribe,Nordeste,4389,622.1275200333196
Caribe,Nordeste,4390,623.6717827368318
Caribe,Nordeste,4391,625.9706074854507
Caribe,Nordeste,4392,625.9706075308147
Caribe,Nordeste,4393,625.9706069158842
Caribe,Nordeste,4394,625.9706063486767
Caribe,Nordeste,4395,625.9706063444842
Caribe,Nordeste,4396,625.9706063421995
Caribe,Nordeste,4397,625.9706062783205
Caribe,Nordeste,4398,625.970606277216
Caribe,Nordeste,4399,625.9706062735652
Caribe,Nordeste,4400,625.9706062704071
Caribe,Nordeste,4401,625.9706060713291
Caribe,Nordeste,4402,625.9706016548619
Caribe,Nordeste,4403,625.970601640379
Caribe,Nordeste,4404,625.9706016289858
Caribe,Nordeste,4405,547.0731190777477
Caribe,Nordeste,4406,625.9706024393755
Caribe,Nordeste,4407,625.9706037180889
Caribe,Nordeste,4408,625.9706037463652
Caribe,Nordeste,4409,625.9706041313761
Caribe,Nordeste,4410,625.9706062374263
Caribe,Nordeste,4411,625.9706062546735
Caribe,Nordeste,4412,625.9706070633815
Caribe,Nordeste,4413,625.9706070747513
Caribe,Nordeste,4414,625.9706070694745
Caribe,Nordeste,4415,625.9706066237875
Caribe,Nordeste,4416,625.9706062538976
Caribe,Nordeste,5185,985.6656596930204
Caribe,Nordeste,5186,1179.248788441923
Caribe,Nordeste,5187,1313.0594289802116
Caribe,Nordeste,5188,1399.3755678045861
Caribe,Nordeste,5189,1399.3755678070538
Caribe,Nordeste,5190,1399.3755678071084
Caribe,Nordeste,5191,1399.3755678059172
Caribe,Nordeste,5192,1399.3755678086125
Caribe,Nordeste,5193,1399.3755688535946
Caribe,Nordeste,5194,1399.375568861187
Caribe,Nordeste,5195,1399.3755688624613
Caribe,Nordeste,5196,1399.3755688636957
Caribe,Nordeste,5197,1399.37556886166
Caribe,Nordeste,5198,1399.3755688624399
Caribe,Nordeste,5199,1399.3755678277466
Caribe,Nordeste,5200,1399.3755678116897
Caribe,Nordeste,5201,1113.9343598963244
Caribe,Nordeste,5202,750.3604991089345
Caribe,Nordeste,5203,831.6210514022408
Caribe,Nordeste,5204,481.87435911507987
Caribe,Nordeste,5205,514.6686353322834
Caribe,Nordeste,5206,403.1773677302502
Caribe,Nordeste,5207,557.0992946733917
Caribe,Nordeste,5208,768.7807155700631
Caribe,Nordeste,5209,1074.2051306899211
Caribe,Nordeste,5210,1399.3755633266117
Caribe,Nordeste,5211,1399.3755633493074
Caribe,Nordeste,5212,1399.3755633512242
Caribe,Nordeste,5213,1399.3755633531898
Caribe,Nordeste,5214,1399.3755633504643
Caribe,Nordeste,5215,1399.3755633479147
Caribe,Nordeste,5216,1399.3755633661235
Caribe,Nordeste,5217,1399.3755686604718
Caribe,Nordeste,5218,1399.3755686535121
Caribe,Nordeste,5219,1399.3755686421157
Caribe,Nordeste,5220,1399.3755686422278
Caribe,Nordeste,5221,1399.3755686530994
Caribe,Nordeste,5222,1399.3755686607722
Caribe,Nordeste,5223,1399.3755633974463
Caribe,Nordeste,5224,1399.375563364235
Caribe,Nordeste,5225,1008.7253884313408
Caribe,Nordeste,5226,640.6000256757222
Caribe,Nordeste,5227,735.6355968802542
Caribe,Nordeste,5228,361.23819857348275
Caribe,Nordeste,5229,339.0264096480827
Caribe,Nordeste,5230,259.9026723204294
Caribe,Nordeste,5231,402.6215428084202
Caribe,Nordeste,5232,673.5861397286152
Caribe,Nordeste,5233,708.7941787388585
Caribe,Nordeste,5234,883.2679861217179
Caribe,Nordeste,5235,1005.5613799929781
Caribe,Nordeste,5236,1116.8616325961302
Caribe,Nordeste,5237,1183.2711007770458
Caribe,Nordeste,5238,1098.5981131819035
Caribe,Nordeste,5239,1050.1773520559088
Caribe,Nordeste,5240,1399.3755518623072
Caribe,Nordeste,5241,1339.774039448124
Caribe,Nordeste,5242,1354.8267634305957
Caribe,Nordeste,5243,1399.3755688705317
Caribe,Nordeste,5244,1399.375568870501
Caribe,Nordeste,5245,1399.3755687772739
Caribe,Nordeste,5246,1399.37555163145
Caribe,Nordeste,5247,1399.375551938396
Caribe,Nordeste,5248,1178.9428471483648
Caribe,Nordeste,5249,592.7149158859461
Caribe,Nordeste,5250,321.1199891585164
Caribe,Nordeste,5251,409.93327241070523
Caribe,Nordeste,5252,112.14129919849785
Caribe,Nordeste,5253,42.42436018160121
Caribe,Nordeste,5254,45.32129953610809
Caribe,Nordeste,5255,203.79392073468514
Caribe,Nordeste,5256,455.5826959652204
Caribe,Nordeste,5257,720.0673900478017
Caribe,Nordeste,5258,1084.3524884720096
Caribe,Nordeste,5259,1067.8049754986391
Caribe,Nordeste,5260,1041.9022884688932
Caribe,Nordeste,5261,1031.2463043025225
Caribe,Nordeste,5262,1045.9585893195485
Caribe,Nordeste,5263,1001.714531703645
Caribe,Nordeste,5264,1143.2772497817145
Caribe,Nordeste,5265,1232.0245479476982
Caribe,Nordeste,5266,1399.3755682145986
Caribe,Nordeste,5267,1399.3755686843565
Caribe,Nordeste,5268,1399.3755686763525
Caribe,Nordeste,5269,1397.4022869453122
Caribe,Nordeste,5270,1313.9801938449775
Caribe,Nordeste,5271,1299.1422554860046
Caribe,Nordeste,5272,1172.7370854832384
Caribe,Nordeste,5273,581.8085977937419
Caribe,Nordeste,5274,189.32829326687656
Caribe,Nordeste,5275,394.62377110579035
Caribe,Nordeste,5276,88.18432359454961
Caribe,Nordeste,5277,8.781896170289029
Caribe,Nordeste,5278,7.230796198292484
Caribe,Nordeste,5279,91.40496421225663
Caribe,Nordeste,5280,361.51814431578197
Caribe,Nordeste,5281,801.861835038146
Caribe,Nordeste,5282,744.5961143293076
Caribe,Nordeste,5283,736.0927585963283
Caribe,Nordeste,5284,781.9531092730277
Caribe,Nordeste,5285,824.1644305023166
Caribe,Nordeste,5286,851.0402460209472
Caribe,Nordeste,5287,891.0898638216621
Caribe,Nordeste,5288,953.5399979416269
Caribe,Nordeste,5289,1008.4526332352955
Caribe,Nordeste,5290,1118.8720409120951
Caribe,Nordeste,5291,1203.7818482771295
Caribe,Nordeste,5292,1217.578571218738
Caribe,Nordeste,5293,1157.0046050552576
Caribe,Nordeste,5294,1029.3117105615481
Caribe,Nordeste,5295,940.8018773376704
Caribe,Nordeste,5296,677.9000509519054
Caribe,Nordeste,5297,324.70196718046594
Caribe,Nordeste,5298,423.09613705734375
Caribe,Nordeste,5299,452.00188513598755
Caribe,Nordeste,5300,690.3365978267202
Caribe,Nordeste,5301,937.3308099659781
Caribe,Nordeste,5302,797.9853184768765
Caribe,Nordeste,5303,446.95613337758795
Caribe,Nordeste,5304,571.2971018169701
Caribe,Nordeste,5305,773.5420069711669
Caribe,Nordeste,5306,1009.6467917062323
Caribe,Nordeste,5307,1042.4652841102259
Caribe,Nordeste,5308,1102.5596708076355
Caribe,Nordeste,5309,1040.31781914554
Caribe,Nordeste,5310,963.8021829912776
Caribe,Nordeste,5311,1052.1653308672282
Caribe,Nordeste,5312,1149.5594382204752
Caribe,Nordeste,5313,1218.6008605390678
Caribe,Nordeste,5314,1319.440796835199
Caribe,Nordeste,5315,1399.3755680848985
Caribe,Nordeste,5316,1399.3755680921515
Caribe,Nordeste,5317,1345.5009936105726
Caribe,Nordeste,5318,1308.5042796854368
Caribe,Nordeste,5319,1266.2289099941338
Caribe,Nordeste,5320,1116.7043137549401
Caribe,Nordeste,5321,1002.2240248171053
Caribe,Nordeste,5322,740.025813008902
Caribe,Nordeste,5323,1016.5306038262052
Caribe,Nordeste,5324,785.1219883090197
Caribe,Nordeste,5325,733.7011502180303
Caribe,Nordeste,5326,755.4370111763021
Caribe,Nordeste,5327,869.4917932512221
Caribe,Nordeste,5328,1135.029270061154
Caribe,Nordeste,5329,1247.65283769863
Caribe,Nordeste,5330,1253.7143635377622
Caribe,Nordeste,5331,1263.294857137587
Caribe,Nordeste,5332,1272.77336217518
Caribe,Nordeste,5333,1276.8314496547764
Caribe,Nordeste,5334,1250.667591002012
Caribe,Nordeste,5335,1230.7555955634118
Caribe,Nordeste,5336,1248.8250412835703
Caribe,Nordeste,5337,1243.9878753432026
Caribe,Nordeste,5338,1190.2373449654442
Caribe,Nordeste,5339,1161.3990751544206
Caribe,Nordeste,5340,1170.3529404358246
Caribe,Nordeste,5341,1234.8778560447624
Caribe,Nordeste,5342,1215.6018293276097
Caribe,Nordeste,5343,1090.4779110421252
Caribe,Nordeste,5344,912.489620966383
Caribe,Nordeste,5345,771.0967593674346
Caribe,Nordeste,5346,977.4831404299205
Caribe,Nordeste,5347,1140.4647261903879
Caribe,Nordeste,5348,1326.5823575497
Caribe,Nordeste,5349,1326.2324485334607
Caribe,Nordeste,5350,1227.675605005519
Caribe,Nordeste,5351,1161.1321573686778
Caribe,Nordeste,5352,1224.02459854551
Caribe,Nordeste,5353,1399.3755652466675
Caribe,Nordeste,5354,1397.4687663151428
Caribe,Nordeste,5355,1381.896153641524
Caribe,Nordeste,5356,1380.6173724433302
Caribe,Nordeste,5357,1380.614747039722
Caribe,Nordeste,5358,1380.0532731469905
Caribe,Nordeste,5359,1379.4370730531052
Caribe,Nordeste,5360,1377.8632083392959
Caribe,Nordeste,5361,1351.7761368930994
Caribe,Nordeste,5362,1331.141660883407
Caribe,Nordeste,5363,1227.020103013841
Caribe,Nordeste,5364,1232.490312572494
Caribe,Nordeste,5365,1342.3500437007299
Caribe,Nordeste,5366,1378.8774192827746
Caribe,Nordeste,5367,1392.7497804928232
Caribe,Nordeste,5368,1340.2930858877785
Caribe,Nordeste,5369,1181.3471645201976
Caribe,Nordeste,5370,1399.3755659712929
Caribe,Nordeste,5371,1399.3755659701396
Caribe,Nordeste,5372,1399.375568891778
Caribe,Nordeste,5373,1399.3755688881963
Caribe,Nordeste,5374,1399.3755688891365
Caribe,Nordeste,5375,1399.3755659739634
Caribe,Nordeste,5376,1399.3755652310217
Nordeste,Caribe,1,499.9999998399623
Nordeste,Caribe,2,499.9999873426055
Nordeste,Caribe,3,499.99998729049395
Nordeste,Caribe,4,499.99998724675095
Nordeste,Caribe,5,499.99998720198255
Nordeste,Caribe,6,499.99998725347297
Nordeste,Caribe,7,499.9999873011865
Nordeste,Caribe,8,499.999987299393
Nordeste,Caribe,9,499.9999873530135
Nordeste,Caribe,10,499.9999998386021
Nordeste,Caribe,11,499.9999998401827
Nordeste,Caribe,12,499.9999998403243
Nordeste,Caribe,13,499.99999984092216
Nordeste,Caribe,14,499.9999998407147
Nordeste,Caribe,15,499.99999984099566
Nordeste,Caribe,16,499.99999984098315
Nordeste,Caribe,17,499.9999998412681
Nordeste,Caribe,18,499.9999998411025
Nordeste,Caribe,19,499.9999998411179
Nordeste,Caribe,20,499.9999998711492
Nordeste,Caribe,21,499.99999987081674
Nordeste,Caribe,22,499.9999998705495
Nordeste,Caribe,23,499.9999998408111
Nordeste,Caribe,24,499.99999984127265
Nordeste,Caribe,25,499.9999968166068
Nordeste,Caribe,26,499.99999680864664
Nordeste,Caribe,27,499.9999968004435
Nordeste,Caribe,28,499.99999662569326
Nordeste,Caribe,29,499.9999966155387
Nordeste,Caribe,30,499.99999661111474
Nordeste,Caribe,31,499.9999965992979
Nordeste,Caribe,32,499.9999961897015
Nordeste,Caribe,33,499.99999618781663
Nordeste,Caribe,34,499.9999962026195
Nordeste,Caribe,35,499.9999965981853
Nordeste,Caribe,36,499.9999966143764
Nordeste,Caribe,37,499.9999967952234
Nordeste,Caribe,38,499.9999968023237
Nordeste,Caribe,39,499.9999968072096
Nordeste,Caribe,40,499.999996812301
Nordeste,Caribe,41,499.9999968211384
Nordeste,Caribe,42,499.9999968335918
Nordeste,Caribe,43,499.9999968532972
Nordeste,Caribe,44,499.9999991776914
Nordeste,Caribe,45,499.9999991780996
Nordeste,Caribe,46,499.99999917797015
Nordeste,Caribe,47,499.9999991772308
Nordeste,Caribe,48,499.99999917338556
Nordeste,Caribe,49,499.99999970088777
Nordeste,Caribe,50,402.88346695229757
Nordeste,Caribe,51,324.7635653408149
Nordeste,Caribe,52,269.13726125506315
Nordeste,Caribe,53,243.92057865380528
Nordeste,Caribe,54,289.42595570448776
Nordeste,Caribe,55,378.0710068394787
Nordeste,Caribe,56,375.2152870763933
Nordeste,Caribe,57,458.56041663932047
Nordeste,Caribe,58,499.9999997004652
Nordeste,Caribe,59,499.9999997022393
Nordeste,Caribe,60,499.9999997030189
Nordeste,Caribe,61,499.99999970303696
Nordeste,Caribe,62,499.9999997033314
Nordeste,Caribe,63,499.9999997033155
Nordeste,Caribe,64,499.9999997034538
Nordeste,Caribe,65,499.9999997043361
Nordeste,Caribe,66,499.99999970436824
Nordeste,Caribe,67,499.99999970365235
Nordeste,Caribe,68,499.999999782437
Nordeste,Caribe,69,499.9999997825745
Nordeste,Caribe,70,499.9999997822542
Nordeste,Caribe,71,499.9999997035625
Nordeste,Caribe,72,499.9999997028468
Nordeste,Caribe,73,499.99994942334524
Nordeste,Caribe,74,499.99994940602187
Nordeste,Caribe,75,499.99994930646756
Nordeste,Caribe,76,499.999585420744
Nordeste,Caribe,77,499.9994243394765
Nordeste,Caribe,78,499.9994168044572
Nordeste,Caribe,79,499.99931357228166
Nordeste,Caribe,80,414.50647706699436
Nordeste,Caribe,81,444.0872291157063
Nordeste,Caribe,82,499.9991342754635
Nordeste,Caribe,83,499.99941949984895
Nordeste,Caribe,84,499.9999485505093
Nordeste,Caribe,85,499.99994931258783
Nordeste,Caribe,86,499.9999493708418
Nordeste,Caribe,87,499.99994942058214
Nordeste,Caribe,88,499.9999494515148
Nordeste,Caribe,89,499.99994951641054
Nordeste,Caribe,90,499.9999496167917
Nordeste,Caribe,91,499.999949801827
Nordeste,Caribe,92,499.99999890254463
Nordeste,Caribe,93,499.9999989031151
Nordeste,Caribe,94,499.99999890301973
Nordeste,Caribe,95,499.9999989021
Nordeste,Caribe,96,499.99999889559723
Nordeste,Caribe,97,499.99999968489396
Nordeste,Caribe,98,482.36463774610667
Nordeste,Caribe,99,398.007545706386
Nordeste,Caribe,100,337.69770584477203
Nordeste,Caribe,101,308.8611997854762
Nordeste,Caribe,102,343.4457500781497
Nordeste,Caribe,103,406.1717165866121
Nordeste,Caribe,104,419.652781630065
Nordeste,Caribe,105,499.99999967720356
Nordeste,Caribe,106,499.9999996844139
Nordeste,Caribe,107,499.9999996860007
Nordeste,Caribe,108,499.9999996887008
Nordeste,Caribe,109,499.99999969069177
Nordeste,Caribe,110,499.9999996903666
Nordeste,Caribe,111,499.9999996909519
Nordeste,Caribe,112,499.9999996913447
Nordeste,Caribe,113,499.99999969155857
Nordeste,Caribe,114,499.99999969134336
Nordeste,Caribe,115,499.99999969125645
Nordeste,Caribe,116,499.99999969147854
Nordeste,Caribe,117,499.9999996916089
Nordeste,Caribe,118,499.9999996914146
Nordeste,Caribe,119,499.999999691278
Nordeste,Caribe,120,499.9999996894934
Nordeste,Caribe,121,499.99999205993436
Nordeste,Caribe,122,499.9999920524173
Nordeste,Caribe,123,499.9999920347424
Nordeste,Caribe,124,499.9999920207986
Nordeste,Caribe,125,499.99999200622244
Nordeste,Caribe,126,499.99999199551155
Nordeste,Caribe,127,499.99999196631455
Nordeste,Caribe,128,499.99998933282313
Nordeste,Caribe,129,499.99999185508926
Nordeste,Caribe,130,499.9999919745439
Nordeste,Caribe,131,499.99999200053924
Nordeste,Caribe,132,499.99999201790985
Nordeste,Caribe,133,499.99999203142715
Nordeste,Caribe,134,499.9999920429048
Nordeste,Caribe,135,499.999992052546
Nordeste,Caribe,136,499.9999920571034
Nordeste,Caribe,137,499.9999920654743
Nordeste,Caribe,138,499.99999209529204
Nordeste,Caribe,139,499.99999294986657
Nordeste,Caribe,140,499.99999301208254
Nordeste,Caribe,141,499.9999990318822
Nordeste,Caribe,142,499.9999990135212
Nordeste,Caribe,143,499.9999930276521
Nordeste,Caribe,144,499.99999297282767
Nordeste,Caribe,145,399.72702456797487
Nordeste,Caribe,146,343.8424933425761
Nordeste,Caribe,147,310.9671669261167
Nordeste,Caribe,148,283.9343096584131
Nordeste,Caribe,149,269.0223781635948
Nordeste,Caribe,150,288.55054230406046
Nordeste,Caribe,151,320.4644105489375
Nordeste,Caribe,152,327.23080356178843
Nordeste,Caribe,153,366.86880529935064
Nordeste,Caribe,154,410.0599714031078
Nordeste,Caribe,155,440.0569086328563
Nordeste,Caribe,156,482.61891233892914
Nordeste,Caribe,157,499.6411368798302
Nordeste,Caribe,158,499.6420104573104
Nordeste,Caribe,159,499.6449044813497
Nordeste,Caribe,160,499.64708517149717
Nordeste,Caribe,161,499.6487340921637
Nordeste,Caribe,162,499.6482757516461
Nordeste,Caribe,163,499.64725350213473
Nordeste,Caribe,164,499.9999990117123
Nordeste,Caribe,165,499.999999011986
Nordeste,Caribe,166,499.6644081533918
Nordeste,Caribe,167,499.6458284321343
Nordeste,Caribe,168,476.65904358016525
Nordeste,Caribe,169,493.2702790267156
Nordeste,Caribe,170,489.6747534196846
Nordeste,Caribe,171,411.05599042966645
Nordeste,Caribe,172,338.5018196345575
Nordeste,Caribe,173,274.39566123953665
Nordeste,Caribe,174,247.29071371329266
Nordeste,Caribe,175,201.3244534033527
Nordeste,Caribe,176,118.16290977002026
Nordeste,Caribe,177,158.22864147860398
Nordeste,Caribe,178,230.27253447156815
Nordeste,Caribe,179,301.6334472427431
Nordeste,Caribe,180,378.1040854605407
Nordeste,Caribe,181,456.62116659379956
Nordeste,Caribe,182,492.32001191689864
Nordeste,Caribe,183,493.2747556143182
Nordeste,Caribe,184,493.4095654215671
Nordeste,Caribe,185,493.57097608966507
Nordeste,Caribe,186,493.649803125948
Nordeste,Caribe,187,493.89207380069666
Nordeste,Caribe,188,499.9999980676082
Nordeste,Caribe,189,499.9999980685592
Nordeste,Caribe,190,499.999998067753
Nordeste,Caribe,191,499.9999980640041
Nordeste,Caribe,192,494.04217687762235
Nordeste,Caribe,385,500.00000019995434
Nordeste,Caribe,386,500.0000002009397
Nordeste,Caribe,387,500.00000020129096
Nordeste,Caribe,388,500.0000002005426
Nordeste,Caribe,389,500.0000001997349
Nordeste,Caribe,390,500.0000001996219
Nordeste,Caribe,391,500.00000019940836
Nordeste,Caribe,392,500.000000199116
Nordeste,Caribe,393,485.47890052894866
Nordeste,Caribe,394,403.55163620130793
Nordeste,Caribe,395,336.79303631666625
Nordeste,Caribe,396,360.05770611303774
Nordeste,Caribe,397,446.43148362496265
Nordeste,Caribe,398,500.00000019834744
Nordeste,Caribe,399,500.0000001997059
Nordeste,Caribe,400,500.00000020080427
Nordeste,Caribe,401,500.00000020673104
Nordeste,Caribe,402,500.00000020643773
Nordeste,Caribe,403,500.0000002061073
Nordeste,Caribe,404,500.00000020595974
Nordeste,Caribe,405,500.0000002064149
Nordeste,Caribe,406,500.0000002057716
Nordeste,Caribe,407,500.0000002061123
Nordeste,Caribe,408,500.00000020530587
Nordeste,Caribe,409,499.9999986750414
Nordeste,Caribe,410,499.9999986700856
Nordeste,Caribe,411,499.99999855608934
Nordeste,Caribe,412,499.99999855257875
Nordeste,Caribe,413,499.99999829252477
Nordeste,Caribe,414,499.9999985525732
Nordeste,Caribe,415,499.99999855300376
Nordeste,Caribe,416,499.99999827862894
Nordeste,Caribe,417,499.9999981924292
Nordeste,Caribe,418,488.9511488015866
Nordeste,Caribe,419,414.0899142169149
Nordeste,Caribe,420,436.48826365860907
Nordeste,Caribe,421,499.99999816154707
Nordeste,Caribe,422,499.999998208625
Nordeste,Caribe,423,499.9999985490217
Nordeste,Caribe,424,499.9999986727484
Nordeste,Caribe,425,499.99999954972543
Nordeste,Caribe,426,499.9999995506105
Nordeste,Caribe,427,499.9999995505343
Nordeste,Caribe,428,499.9999995516518
Nordeste,Caribe,429,499.99999955225985
Nordeste,Caribe,430,499.99999955130494
Nordeste,Caribe,431,499.99999955034855
Nordeste,Caribe,432,499.99999954965455
Nordeste,Caribe,433,500.0000001790068
Nordeste,Caribe,434,500.0000001788914
Nordeste,Caribe,435,500.0000001780418
Nordeste,Caribe,436,500.00000017720515
Nordeste,Caribe,437,500.0000001768024
Nordeste,Caribe,438,500.0000001776921
Nordeste,Caribe,439,500.00000017755076
Nordeste,Caribe,440,500.0000001759247
Nordeste,Caribe,441,500.00000017510956
Nordeste,Caribe,442,500.00000017344667
Nordeste,Caribe,443,485.68653190115805
Nordeste,Caribe,444,500.00000017109704
Nordeste,Caribe,445,500.0000001744306
Nordeste,Caribe,446,500.00000017597495
Nordeste,Caribe,447,500.00000017769196
Nordeste,Caribe,448,500.00000017935605
Nordeste,Caribe,449,500.0000001915118
Nordeste,Caribe,450,500.0000001911529
Nordeste,Caribe,451,500.00000019180357
Nordeste,Caribe,452,500.0000001907835
Nordeste,Caribe,453,500.00000019085223
Nordeste,Caribe,454,500.00000019174695
Nordeste,Caribe,455,500.0000001915819
Nordeste,Caribe,456,500.0000001919982
Nordeste,Caribe,457,499.9999986720477
Nordeste,Caribe,458,499.9999986668546
Nordeste,Caribe,459,499.99999855335415
Nordeste,Caribe,460,499.9999985490716
Nordeste,Caribe,461,499.9999985468398
Nordeste,Caribe,462,499.999998550455
Nordeste,Caribe,463,499.99999855811774
Nordeste,Caribe,464,499.99999828142245
Nordeste,Caribe,465,499.9999982699853
Nordeste,Caribe,466,499.99999820176515
Nordeste,Caribe,467,499.9999981847096
Nordeste,Caribe,468,499.9999981960421
Nordeste,Caribe,469,499.99999826973254
Nordeste,Caribe,470,499.9999982775454
Nordeste,Caribe,471,499.9999986629651
Nordeste,Caribe,472,499.99999954245874
Nordeste,Caribe,473,499.99999954835124
Nordeste,Caribe,474,499.9999995492977
Nordeste,Caribe,475,499.9999995490819
Nordeste,Caribe,476,499.9999995505349
Nordeste,Caribe,477,499.9999995513237
Nordeste,Caribe,478,499.99999955033815
Nordeste,Caribe,479,499.9999995491356
Nordeste,Caribe,480,499.9999995477969
Nordeste,Caribe,481,500.0000001778801
Nordeste,Caribe,482,500.00000017595
Nordeste,Caribe,483,500.00000017596443
Nordeste,Caribe,484,500.000000175954
Nordeste,Caribe,485,500.0000001763752
Nordeste,Caribe,486,500.0000001760422
Nordeste,Caribe,487,500.0000001759765
Nordeste,Caribe,488,500.0000001757646
Nordeste,Caribe,489,500.00000017656816
Nordeste,Caribe,490,500.00000017576895
Nordeste,Caribe,491,500.0000001757928
Nordeste,Caribe,492,500.0000001757778
Nordeste,Caribe,493,500.0000001761678
Nordeste,Caribe,494,500.0000001759257
Nordeste,Caribe,495,500.0000001760551
Nordeste,Caribe,496,500.00000017728513
Nordeste,Caribe,497,500.00000017867916
Nordeste,Caribe,498,500.0000001779838
Nordeste,Caribe,499,500.00000017900277
Nordeste,Caribe,500,500.00000019189036
Nordeste,Caribe,501,500.0000001914071
Nordeste,Caribe,502,500.00000019132176
Nordeste,Caribe,503,500.00000019157375
Nordeste,Caribe,504,500.00000017856763
Nordeste,Caribe,505,499.99999864000455
Nordeste,Caribe,506,499.9999985214243
Nordeste,Caribe,507,499.9999985171164
Nordeste,Caribe,508,499.9999985138485
Nordeste,Caribe,509,499.9999985116192
Nordeste,Caribe,510,499.99999851400594
Nordeste,Caribe,511,499.9999985146187
Nordeste,Caribe,512,499.99999850474484
Nordeste,Caribe,513,499.99999849876883
Nordeste,Caribe,514,499.99999849146104
Nordeste,Caribe,515,499.9999982214742
Nordeste,Caribe,516,499.99999848700605
Nordeste,Caribe,517,499.99999850257456
Nordeste,Caribe,518,499.9999985080506
Nordeste,Caribe,519,499.9999985185297
Nordeste,Caribe,520,499.9999986443649
Nordeste,Caribe,521,499.9999995417924
Nordeste,Caribe,522,499.99999954335686
Nordeste,Caribe,523,499.99999954320305
Nordeste,Caribe,524,499.9999995440571
Nordeste,Caribe,525,499.9999995444815
Nordeste,Caribe,526,499.99999954404234
Nordeste,Caribe,527,499.9999995433172
Nordeste,Caribe,528,499.999998655164
Nordeste,Caribe,529,500.00000018917547
Nordeste,Caribe,530,500.0000001753078
Nordeste,Caribe,531,500.00000017519676
Nordeste,Caribe,532,500.0000001747348
Nordeste,Caribe,533,500.0000001748287
Nordeste,Caribe,534,500.00000017460377
Nordeste,Caribe,535,500.000000174919
Nordeste,Caribe,536,500.00000017455926
Nordeste,Caribe,537,500.00000017391227
Nordeste,Caribe,538,500.00000017384207
Nordeste,Caribe,539,500.00000017349464
Nordeste,Caribe,540,500.0000001737525
Nordeste,Caribe,541,500.0000001754938
Nordeste,Caribe,542,500.0000001753347
Nordeste,Caribe,543,500.00000017492516
Nordeste,Caribe,544,500.0000001889405
Nordeste,Caribe,545,500.00000018987146
Nordeste,Caribe,546,500.0000001893237
Nordeste,Caribe,547,500.00000018928023
Nordeste,Caribe,548,500.00000018938056
Nordeste,Caribe,549,500.0000001892883
Nordeste,Caribe,550,500.00000018907144
Nordeste,Caribe,551,500.0000001890205
Nordeste,Caribe,552,500.0000001892223
Nordeste,Caribe,553,190.3101550263191
Nordeste,Caribe,554,44.82976814385649
Nordeste,Caribe,555,22.258927835855083
Nordeste,Caribe,556,20.099946746671566
Nordeste,Caribe,557,19.585148353459378
Nordeste,Caribe,558,20.52761339362736
Nordeste,Caribe,559,23.37424790492051
Nordeste,Caribe,560,19.64020474017632
Nordeste,Caribe,561,19.015167175401327
Nordeste,Caribe,562,18.417049751382493
Nordeste,Caribe,563,17.892042552901913
Nordeste,Caribe,564,18.17146308038834
Nordeste,Caribe,565,20.400409156228466
Nordeste,Caribe,566,29.887948730730077
Nordeste,Caribe,567,160.25720621603435
Nordeste,Caribe,568,360.2870394863893
Nordeste,Caribe,569,441.9051840274014
Nordeste,Caribe,570,468.91770942425745
Nordeste,Caribe,571,465.6358776000761
Nordeste,Caribe,572,499.9999976616873
Nordeste,Caribe,573,499.9999976601208
Nordeste,Caribe,574,489.4208057168997
Nordeste,Caribe,575,443.6952140398269
Nordeste,Caribe,576,345.6173356006583
Nordeste,Caribe,1345,241.87075261192874
Nordeste,Caribe,1346,100.86121265516552
Nordeste,Caribe,1347,10.257143142230923
Nordeste,Caribe,1348,2.708313363534983e-06
Nordeste,Caribe,1349,2.692030534767646e-06
Nordeste,Caribe,1350,2.703504778368483e-06
Nordeste,Caribe,1351,2.7066557533846078e-06
Nordeste,Caribe,1352,2.6777942370611174e-06
Nordeste,Caribe,1353,2.6755613379295336e-06
Nordeste,Caribe,1354,2.6746332385455467e-06
Nordeste,Caribe,1355,2.6737708080306703e-06
Nordeste,Caribe,1356,2.673782486461768e-06
Nordeste,Caribe,1357,2.67427942680529e-06
Nordeste,Caribe,1358,2.6752493367992383e-06
Nordeste,Caribe,1359,2.6816715593268297e-06
Nordeste,Caribe,1360,128.64311274864815
Nordeste,Caribe,1361,388.73447780452676
Nordeste,Caribe,1362,499.99999997908924
Nordeste,Caribe,1363,498.2464674015599
Nordeste,Caribe,1364,499.99999997913153
Nordeste,Caribe,1365,499.9999999792311
Nordeste,Caribe,1366,499.9999999790766
Nordeste,Caribe,1367,499.9999999793209
Nordeste,Caribe,1368,410.14983746907694
Nordeste,Caribe,1369,314.43947317624185
Nordeste,Caribe,1370,134.5567948180179
Nordeste,Caribe,1371,29.41079148379033
Nordeste,Caribe,1372,2.483572625989912e-06
Nordeste,Caribe,1373,2.4725358295720754e-06
Nordeste,Caribe,1374,2.4900429921381494e-06
Nordeste,Caribe,1375,25.60201440668304
Nordeste,Caribe,1376,2.463690143326427e-06
Nordeste,Caribe,1377,2.459604370669217e-06
Nordeste,Caribe,1378,2.458320792520686e-06
Nordeste,Caribe,1379,2.457054441877037e-06
Nordeste,Caribe,1380,2.457103790104589e-06
Nordeste,Caribe,1381,2.458275423009739e-06
Nordeste,Caribe,1382,2.4605545764199977e-06
Nordeste,Caribe,1383,25.88189357664332
Nordeste,Caribe,1384,334.7760008660968
Nordeste,Caribe,1385,499.99999902784464
Nordeste,Caribe,1386,499.9999990445174
Nordeste,Caribe,1387,499.9999990332636
Nordeste,Caribe,1388,499.9999990474256
Nordeste,Caribe,1389,499.99999904816883
Nordeste,Caribe,1390,499.99999904702037
Nordeste,Caribe,1391,499.99999904352
Nordeste,Caribe,1392,499.9999989787458
Nordeste,Caribe,1393,314.0807787368385
Nordeste,Caribe,1394,177.45873541779446
Nordeste,Caribe,1395,89.16814447751256
Nordeste,Caribe,1396,20.560476702163857
Nordeste,Caribe,1397,5.577846900474045e-07
Nordeste,Caribe,1398,24.98802852898325
Nordeste,Caribe,1399,62.03391170757018
Nordeste,Caribe,1400,5.327078581909826e-07
Nordeste,Caribe,1401,5.317956712912869e-07
Nordeste,Caribe,1402,5.31426459331578e-07
Nordeste,Caribe,1403,5.312167774259106e-07
Nordeste,Caribe,1404,5.312902527982718e-07
Nordeste,Caribe,1405,5.317776315941841e-07
Nordeste,Caribe,1406,5.330292517642743e-07
Nordeste,Caribe,1407,90.75789703739045
Nordeste,Caribe,1408,326.5993847765779
Nordeste,Caribe,1409,499.9999999461153
Nordeste,Caribe,1410,499.9999999467267
Nordeste,Caribe,1411,499.99999994651654
Nordeste,Caribe,1412,499.99999994686715
Nordeste,Caribe,1413,499.99999994704933
Nordeste,Caribe,1414,499.9999999473129
Nordeste,Caribe,1415,499.99999994668184
Nordeste,Caribe,1416,491.31156105105885
Nordeste,Caribe,1417,402.8669823746302
Nordeste,Caribe,1418,222.66258357351626
Nordeste,Caribe,1419,120.51719327847279
Nordeste,Caribe,1420,50.35008432717862
Nordeste,Caribe,1421,24.97882302949462
Nordeste,Caribe,1422,87.83760963598164
Nordeste,Caribe,1423,192.33063872878063
Nordeste,Caribe,1424,17.296887150182013
Nordeste,Caribe,1425,2.2511917204243747e-06
Nordeste,Caribe,1426,2.246612445377281e-06
Nordeste,Caribe,1427,2.244651911595544e-06
Nordeste,Caribe,1428,2.2457488444544875e-06
Nordeste,Caribe,1429,2.252705477407987e-06
Nordeste,Caribe,1430,19.116249003539213
Nordeste,Caribe,1431,223.8085060778057
Nordeste,Caribe,1432,485.40787386200753
Nordeste,Caribe,1433,499.99998437665147
Nordeste,Caribe,1434,499.9999848731393
Nordeste,Caribe,1435,499.9999844204849
Nordeste,Caribe,1436,499.99999166601214
Nordeste,Caribe,1437,499.9999916918204
Nordeste,Caribe,1438,499.999991672078
Nordeste,Caribe,1439,499.9999844678041
Nordeste,Caribe,1440,499.99998128194426
Nordeste,Caribe,1441,127.34593425314311
Nordeste,Caribe,1442,4.638528415983993e-05
Nordeste,Caribe,1443,4.566618588778982e-05
Nordeste,Caribe,1444,4.5617884745943026e-05
Nordeste,Caribe,1445,4.558135835242887e-05
Nordeste,Caribe,1446,4.558736910537717e-05
Nordeste,Caribe,1447,4.5584247284362525e-05
Nordeste,Caribe,1448,5.339869627196129e-07
Nordeste,Caribe,1449,5.330883879273352e-07
Nordeste,Caribe,1450,5.327563825752829e-07
Nordeste,Caribe,1451,5.323702426162037e-07
Nordeste,Caribe,1452,5.328544714680796e-07
Nordeste,Caribe,1453,4.54909270127222e-05
Nordeste,Caribe,1454,4.5616745149340565e-05
Nordeste,Caribe,1455,37.4815633152916
Nordeste,Caribe,1456,266.803361913669
Nordeste,Caribe,1457,446.38622988722454
Nordeste,Caribe,1458,499.9999999448057
Nordeste,Caribe,1459,435.020228097469
Nordeste,Caribe,1460,499.99999994588967
Nordeste,Caribe,1461,499.9999999467158
Nordeste,Caribe,1462,499.9999999465507
Nordeste,Caribe,1463,499.99999994483596
Nordeste,Caribe,1464,313.6275394609287
Nordeste,Caribe,1465,100.79190470388832
Nordeste,Caribe,1466,18.326462342257656
Nordeste,Caribe,1467,16.18596274279482
Nordeste,Caribe,1468,14.069792485561562
Nordeste,Caribe,1469,14.350976777076182
Nordeste,Caribe,1470,15.989697206774299
Nordeste,Caribe,1471,16.412908796608914
Nordeste,Caribe,1472,13.672961873785278
Nordeste,Caribe,1473,12.33726082994378
Nordeste,Caribe,1474,9.226109938637038
Nordeste,Caribe,1475,1.993107092473861
Nordeste,Caribe,1476,9.919701051432083
Nordeste,Caribe,1477,14.070491571072557
Nordeste,Caribe,1478,15.839216897242107
Nordeste,Caribe,1479,36.147059563188265
Nordeste,Caribe,1480,288.0907747343399
Nordeste,Caribe,1481,469.1561163269907
Nordeste,Caribe,1482,499.999903446323
Nordeste,Caribe,1483,441.7173412239154
Nordeste,Caribe,1484,499.9999024268603
Nordeste,Caribe,1485,499.9999062573912
Nordeste,Caribe,1486,499.9999031074876
Nordeste,Caribe,1487,437.75380760001366
Nordeste,Caribe,1488,259.02572829324
Nordeste,Caribe,1489,499.9999999012738
Nordeste,Caribe,1490,499.9999998978607
Nordeste,Caribe,1491,427.33877836192875
Nordeste,Caribe,1492,362.2892378559259
Nordeste,Caribe,1493,325.6222546600943
Nordeste,Caribe,1494,371.836311494354
Nordeste,Caribe,1495,414.2487079145576
Nordeste,Caribe,1496,341.32968415394265
Nordeste,Caribe,1497,317.65913474463133
Nordeste,Caribe,1498,314.6378152777414
Nordeste,Caribe,1499,305.04662368360334
Nordeste,Caribe,1500,372.76541046955606
Nordeste,Caribe,1501,499.14483269041386
Nordeste,Caribe,1502,499.99999990100616
Nordeste,Caribe,1503,499.99999990272426
Nordeste,Caribe,1504,499.9999999052276
Nordeste,Caribe,1505,499.99999990536656
Nordeste,Caribe,1506,499.9999999057189
Nordeste,Caribe,1507,499.99999990553505
Nordeste,Caribe,1508,499.99999990656306
Nordeste,Caribe,1509,499.9999999066277
Nordeste,Caribe,1510,499.99999990536304
Nordeste,Caribe,1511,499.9999999053664
Nordeste,Caribe,1512,499.9999999044287
Nordeste,Caribe,1513,106.88339554029777
Nordeste,Caribe,1514,47.81037827919696
Nordeste,Caribe,1515,15.304253496854914
Nordeste,Caribe,1516,3.313849761565053e-05
Nordeste,Caribe,1517,3.2965303610905324e-05
Nordeste,Caribe,1518,3.362795308076217e-05
Nordeste,Caribe,1519,30.584164953838698
Nordeste,Caribe,1520,8.838537694954542
Nordeste,Caribe,1521,3.6948871216649537
Nordeste,Caribe,1522,8.333365476962234
Nordeste,Caribe,1523,7.73476505522069e-06
Nordeste,Caribe,1524,25.659525622334385
Nordeste,Caribe,1525,68.24267142998193
Nordeste,Caribe,1526,104.08638129843824
Nordeste,Caribe,1527,224.9525871963764
Nordeste,Caribe,1528,333.8395479779621
Nordeste,Caribe,1529,362.1624570654396
Nordeste,Caribe,1530,363.7859437952382
Nordeste,Caribe,1531,344.1223757491445
Nordeste,Caribe,1532,363.8072043337228
Nordeste,Caribe,1533,355.3270777110569
Nordeste,Caribe,1534,343.95192029428745
Nordeste,Caribe,1535,328.6229578539837
Nordeste,Caribe,1536,232.4618126691913
Nordeste,Caribe,2305,1.6669602525688803e-07
Nordeste,Caribe,2306,1.6631218039617473e-07
Nordeste,Caribe,2307,1.6621911041157547e-07
Nordeste,Caribe,2308,1.661680287238398e-07
Nordeste,Caribe,2309,1.6615144910236777e-07
Nordeste,Caribe,2310,1.6616675922515148e-07
Nordeste,Caribe,2311,1.661976113267051e-07
Nordeste,Caribe,2312,1.6607825138708386e-07
Nordeste,Caribe,2313,1.6599040485057003e-07
Nordeste,Caribe,2314,1.6594253149706732e-07
Nordeste,Caribe,2315,1.658970502422982e-07
Nordeste,Caribe,2316,1.6590699846779102e-07
Nordeste,Caribe,2317,1.6593441586881607e-07
Nordeste,Caribe,2318,1.6597382556674117e-07
Nordeste,Caribe,2319,1.661014376382072e-07
Nordeste,Caribe,2320,1.6652159692717455e-07
Nordeste,Caribe,2321,1.6676504019704232e-07
Nordeste,Caribe,2322,1.7150995241837016e-07
Nordeste,Caribe,2323,1.667481080117221e-07
Nordeste,Caribe,2324,1.6365984302874732e-06
Nordeste,Caribe,2325,1.6393816871783257e-06
Nordeste,Caribe,2326,1.6383352580498606e-06
Nordeste,Caribe,2327,1.6272423835287647e-06
Nordeste,Caribe,2328,1.669135956719517e-07
Nordeste,Caribe,2329,9.322721378801753e-07
Nordeste,Caribe,2330,9.323019534714806e-07
Nordeste,Caribe,2331,9.322417935116485e-07
Nordeste,Caribe,2332,9.322219474874472e-07
Nordeste,Caribe,2333,9.322018845953401e-07
Nordeste,Caribe,2334,9.32218650422146e-07
Nordeste,Caribe,2335,9.322439794624815e-07
Nordeste,Caribe,2336,9.321695837785011e-07
Nordeste,Caribe,2337,9.320906868789917e-07
Nordeste,Caribe,2338,9.320686171551706e-07
Nordeste,Caribe,2339,9.317397188675697e-07
Nordeste,Caribe,2340,9.32010069231269e-07
Nordeste,Caribe,2341,9.320511489302418e-07
Nordeste,Caribe,2342,9.32080908257434e-07
Nordeste,Caribe,2343,9.321223492179989e-07
Nordeste,Caribe,2344,9.321946110699188e-07
Nordeste,Caribe,2345,9.322920550178549e-07
Nordeste,Caribe,2346,9.323313582440721e-07
Nordeste,Caribe,2347,9.322968792202899e-07
Nordeste,Caribe,2348,9.333455670806706e-07
Nordeste,Caribe,2349,9.353820239798007e-07
Nordeste,Caribe,2350,9.333423206313482e-07
Nordeste,Caribe,2351,9.325791968798243e-07
Nordeste,Caribe,2352,9.324074577672043e-07
Nordeste,Caribe,2353,3.974420282927679e-07
Nordeste,Caribe,2354,3.972896581635161e-07
Nordeste,Caribe,2355,3.972351556639226e-07
Nordeste,Caribe,2356,3.9719262076474735e-07
Nordeste,Caribe,2357,3.9716949097502413e-07
Nordeste,Caribe,2358,3.972017363601064e-07
Nordeste,Caribe,2359,3.972788645375524e-07
Nordeste,Caribe,2360,3.9713477815318356e-07
Nordeste,Caribe,2361,3.9705381322798685e-07
Nordeste,Caribe,2362,3.9695852834757344e-07
Nordeste,Caribe,2363,3.96862639023131e-07
Nordeste,Caribe,2364,3.968915013993043e-07
Nordeste,Caribe,2365,3.9699076750674957e-07
Nordeste,Caribe,2366,3.970639146206343e-07
Nordeste,Caribe,2367,3.972280730166582e-07
Nordeste,Caribe,2368,3.974857591792823e-07
Nordeste,Caribe,2369,3.9783267830207205e-07
Nordeste,Caribe,2370,3.97944788719672e-07
Nordeste,Caribe,2371,3.977429247730583e-07
Nordeste,Caribe,2372,3.9818369228157613e-07
Nordeste,Caribe,2373,3.98341396053946e-07
Nordeste,Caribe,2374,3.982699370682498e-07
Nordeste,Caribe,2375,3.980579521197968e-07
Nordeste,Caribe,2376,3.976876770523101e-07
Nordeste,Caribe,2377,2.0071543229589143e-06
Nordeste,Caribe,2378,2.0071622344383112e-06
Nordeste,Caribe,2379,2.006875962336954e-06
Nordeste,Caribe,2380,2.0067502680010884e-06
Nordeste,Caribe,2381,2.006723181299765e-06
Nordeste,Caribe,2382,2.0067545530834325e-06
Nordeste,Caribe,2383,2.006985460040818e-06
Nordeste,Caribe,2384,2.0065516814849098e-06
Nordeste,Caribe,2385,2.0062168631960935e-06
Nordeste,Caribe,2386,2.0058992707099888e-06
Nordeste,Caribe,2387,2.0056566047876985e-06
Nordeste,Caribe,2388,2.0057524323340026e-06
Nordeste,Caribe,2389,2.0059133839573205e-06
Nordeste,Caribe,2390,2.0060974241687448e-06
Nordeste,Caribe,2391,2.006333091012713e-06
Nordeste,Caribe,2392,2.0065577528133685e-06
Nordeste,Caribe,2393,2.0071992949680335e-06
Nordeste,Caribe,2394,2.0083368438236644e-06
Nordeste,Caribe,2395,2.007287889454683e-06
Nordeste,Caribe,2396,2.015767650327998e-06
Nordeste,Caribe,2397,2.016836412061318e-06
Nordeste,Caribe,2398,2.0165731518446778e-06
Nordeste,Caribe,2399,2.0100549226755814e-06
Nordeste,Caribe,2400,2.007865501999965e-06
Nordeste,Caribe,2401,3.403578017947465e-07
Nordeste,Caribe,2402,3.4030906853454123e-07
Nordeste,Caribe,2403,3.402818767924769e-07
Nordeste,Caribe,2404,3.402459233753197e-07
Nordeste,Caribe,2405,3.40225944923909e-07
Nordeste,Caribe,2406,3.402118321326973e-07
Nordeste,Caribe,2407,3.4023054933910403e-07
Nordeste,Caribe,2408,3.402128231901102e-07
Nordeste,Caribe,2409,3.4019305137486225e-07
Nordeste,Caribe,2410,3.401734544623225e-07
Nordeste,Caribe,2411,3.40147109408014e-07
Nordeste,Caribe,2412,3.401577302791037e-07
Nordeste,Caribe,2413,3.4022269125612294e-07
Nordeste,Caribe,2414,3.402949443766081e-07
Nordeste,Caribe,2415,3.404144898475851e-07
Nordeste,Caribe,2416,3.406326493559997e-07
Nordeste,Caribe,2417,3.408816698253625e-07
Nordeste,Caribe,2418,3.4087147908441893e-07
Nordeste,Caribe,2419,3.405728582843496e-07
Nordeste,Caribe,2420,3.407522513615853e-07
Nordeste,Caribe,2421,3.4093245378514213e-07
Nordeste,Caribe,2422,3.408454350916115e-07
Nordeste,Caribe,2423,3.406776376612277e-07
Nordeste,Caribe,2424,3.4047887854829025e-07
Nordeste,Caribe,2425,1.8896718664984623e-06
Nordeste,Caribe,2426,1.8895624971439974e-06
Nordeste,Caribe,2427,1.8894449091650533e-06
Nordeste,Caribe,2428,1.8892806700580015e-06
Nordeste,Caribe,2429,1.8895771687770007e-06
Nordeste,Caribe,2430,1.8897544595323386e-06
Nordeste,Caribe,2431,1.8895492729356786e-06
Nordeste,Caribe,2432,1.8892906169488155e-06
Nordeste,Caribe,2433,1.889007023004032e-06
Nordeste,Caribe,2434,1.8885128357578064e-06
Nordeste,Caribe,2435,1.8882988076175963e-06
Nordeste,Caribe,2436,1.8883514577096605e-06
Nordeste,Caribe,2437,1.8884656592160195e-06
Nordeste,Caribe,2438,1.8887492417728907e-06
Nordeste,Caribe,2439,1.8891040360928637e-06
Nordeste,Caribe,2440,1.8896078116542863e-06
Nordeste,Caribe,2441,1.8902996437948094e-06
Nordeste,Caribe,2442,1.8910154689507125e-06
Nordeste,Caribe,2443,1.8898123505247668e-06
Nordeste,Caribe,2444,1.890220474466983e-06
Nordeste,Caribe,2445,1.8900542603164037e-06
Nordeste,Caribe,2446,1.8897631958625126e-06
Nordeste,Caribe,2447,1.8898916246421802e-06
Nordeste,Caribe,2448,1.8897164970621245e-06
Nordeste,Caribe,2449,2.4794368086269357e-07
Nordeste,Caribe,2450,2.4775032768166025e-07
Nordeste,Caribe,2451,2.476902895712719e-07
Nordeste,Caribe,2452,2.4765426228426084e-07
Nordeste,Caribe,2453,2.4763946718133195e-07
Nordeste,Caribe,2454,2.476845650989194e-07
Nordeste,Caribe,2455,2.4775768999858654e-07
Nordeste,Caribe,2456,2.477648863255539e-07
Nordeste,Caribe,2457,2.47739427198171e-07
Nordeste,Caribe,2458,2.4773259788517336e-07
Nordeste,Caribe,2459,2.4772560562662613e-07
Nordeste,Caribe,2460,2.478227402979805e-07
Nordeste,Caribe,2461,2.481549783113153e-07
Nordeste,Caribe,2462,2.493206546276784e-07
Nordeste,Caribe,2463,2.659558810093777e-07
Nordeste,Caribe,2464,91.74990972409564
Nordeste,Caribe,2465,141.91590739510502
Nordeste,Caribe,2466,2.9645993255416137e-07
Nordeste,Caribe,2467,2.6004769214771423e-07
Nordeste,Caribe,2468,3.977072151188457e-06
Nordeste,Caribe,2469,2.9230548446805964e-07
Nordeste,Caribe,2470,2.622354304284165e-07
Nordeste,Caribe,2471,2.595351164621132e-07
Nordeste,Caribe,2472,2.482774828497924e-07
Nordeste,Caribe,2473,1.4765442060268457e-06
Nordeste,Caribe,2474,1.476805810091171e-06
Nordeste,Caribe,2475,1.4766137497203382e-06
Nordeste,Caribe,2476,1.4763998748795304e-06
Nordeste,Caribe,2477,1.4763072707966458e-06
Nordeste,Caribe,2478,1.4764720113952867e-06
Nordeste,Caribe,2479,1.476660761005685e-06
Nordeste,Caribe,2480,1.4766652982004485e-06
Nordeste,Caribe,2481,1.4765924509105673e-06
Nordeste,Caribe,2482,1.476668997973218e-06
Nordeste,Caribe,2483,1.4766028122440336e-06
Nordeste,Caribe,2484,1.4770677165740012e-06
Nordeste,Caribe,2485,1.4781342232951618e-06
Nordeste,Caribe,2486,1.47982222246868e-06
Nordeste,Caribe,2487,1.4834618019572413e-06
Nordeste,Caribe,2488,1.4862910591932967e-06
Nordeste,Caribe,2489,1.4862639541871635e-06
Nordeste,Caribe,2490,1.482071625722588e-06
Nordeste,Caribe,2491,1.4796720515832488e-06
Nordeste,Caribe,2492,1.4775988179604865e-06
Nordeste,Caribe,2493,1.4774277045566706e-06
Nordeste,Caribe,2494,1.4784632008284988e-06
Nordeste,Caribe,2495,1.4783747291832162e-06
Nordeste,Caribe,2496,1.4773830943053314e-06
Nordeste,Caribe,3265,1.9172180486555846e-07
Nordeste,Caribe,3266,1.916383596228501e-07
Nordeste,Caribe,3267,1.916065144821406e-07
Nordeste,Caribe,3268,1.9158297470793443e-07
Nordeste,Caribe,3269,1.9157680420685627e-07
Nordeste,Caribe,3270,1.9159233970287265e-07
Nordeste,Caribe,3271,1.916252883793779e-07
Nordeste,Caribe,3272,1.9159098980803232e-07
Nordeste,Caribe,3273,1.9157681833043141e-07
Nordeste,Caribe,3274,1.9158916506092591e-07
Nordeste,Caribe,3275,1.9160343615793757e-07
Nordeste,Caribe,3276,1.9161379493958337e-07
Nordeste,Caribe,3277,1.9160310942864563e-07
Nordeste,Caribe,3278,1.9160010623311573e-07
Nordeste,Caribe,3279,1.916470751342107e-07
Nordeste,Caribe,3280,1.9177862945604822e-07
Nordeste,Caribe,3281,1.9593608132287347e-07
Nordeste,Caribe,3282,1.9591098488666385e-07
Nordeste,Caribe,3283,1.917809944895362e-07
Nordeste,Caribe,3284,1.9587721782662948e-07
Nordeste,Caribe,3285,1.958651331303362e-07
Nordeste,Caribe,3286,1.9592118347262083e-07
Nordeste,Caribe,3287,1.9594028262572143e-07
Nordeste,Caribe,3288,1.9181166664407205e-07
Nordeste,Caribe,3289,3.389793917996416e-05
Nordeste,Caribe,3290,3.3899988349376376e-05
Nordeste,Caribe,3291,3.389636857101976e-05
Nordeste,Caribe,3292,3.3894727163083624e-05
Nordeste,Caribe,3293,3.3888768777624986e-05
Nordeste,Caribe,3294,3.388762732459554e-05
Nordeste,Caribe,3295,3.388904873347148e-05
Nordeste,Caribe,3296,1.1722224432025302e-05
Nordeste,Caribe,3297,1.1736995127779827e-05
Nordeste,Caribe,3298,1.1768345241400292e-05
Nordeste,Caribe,3299,1.1795626305062911e-05
Nordeste,Caribe,3300,1.1794066969357108e-05
Nordeste,Caribe,3301,1.1759621086175596e-05
Nordeste,Caribe,3302,1.1758840583461693e-05
Nordeste,Caribe,3303,3.3879994755720015e-05
Nordeste,Caribe,3304,3.3896989756682654e-05
Nordeste,Caribe,3305,3.3892962273269354e-05
Nordeste,Caribe,3306,3.3886081490022874e-05
Nordeste,Caribe,3307,3.3881088764887804e-05
Nordeste,Caribe,3308,3.387993441677423e-05
Nordeste,Caribe,3309,3.38786243015892e-05
Nordeste,Caribe,3310,3.388933001927905e-05
Nordeste,Caribe,3311,3.3899311172654384e-05
Nordeste,Caribe,3312,3.390283057983243e-05
Nordeste,Caribe,3313,2.653727736239848e-07
Nordeste,Caribe,3314,2.6519125125766514e-07
Nordeste,Caribe,3315,2.6514598902274233e-07
Nordeste,Caribe,3316,2.6511299807613555e-07
Nordeste,Caribe,3317,2.6509623469461367e-07
Nordeste,Caribe,3318,2.651277617883271e-07
Nordeste,Caribe,3319,2.6523726972890775e-07
Nordeste,Caribe,3320,2.6515107292722816e-07
Nordeste,Caribe,3321,2.651618932677714e-07
Nordeste,Caribe,3322,2.651739686871294e-07
Nordeste,Caribe,3323,2.6520209565410224e-07
Nordeste,Caribe,3324,2.651999412604809e-07
Nordeste,Caribe,3325,2.652086023006906e-07
Nordeste,Caribe,3326,2.652324950806195e-07
Nordeste,Caribe,3327,2.6542661494896417e-07
Nordeste,Caribe,3328,3.8961172112515034e-07
Nordeste,Caribe,3329,3.900889818902367e-07
Nordeste,Caribe,3330,3.900189622948528e-07
Nordeste,Caribe,3331,3.8896027564830483e-07
Nordeste,Caribe,3332,3.9000859042353194e-07
Nordeste,Caribe,3333,3.9005585955486434e-07
Nordeste,Caribe,3334,3.900717295745477e-07
Nordeste,Caribe,3335,3.9002862799276555e-07
Nordeste,Caribe,3336,2.666930674153359e-07
Nordeste,Caribe,3337,7.811303458693797e-07
Nordeste,Caribe,3338,7.811626083036702e-07
Nordeste,Caribe,3339,7.81048884333669e-07
Nordeste,Caribe,3340,7.81009341224032e-07
Nordeste,Caribe,3341,7.810107371676917e-07
Nordeste,Caribe,3342,7.810273906060166e-07
Nordeste,Caribe,3343,7.812149313181924e-07
Nordeste,Caribe,3344,7.811505132218305e-07
Nordeste,Caribe,3345,7.811274853542843e-07
Nordeste,Caribe,3346,7.811268610839528e-07
Nordeste,Caribe,3347,7.812237766853026e-07
Nordeste,Caribe,3348,7.812780820273485e-07
Nordeste,Caribe,3349,7.812233633558868e-07
Nordeste,Caribe,3350,7.811525196076745e-07
Nordeste,Caribe,3351,7.811147150916295e-07
Nordeste,Caribe,3352,7.810754382738809e-07
Nordeste,Caribe,3353,7.819952122182309e-07
Nordeste,Caribe,3354,1.121250997025653e-06
Nordeste,Caribe,3355,7.809528935056915e-07
Nordeste,Caribe,3356,1.1206060102087512e-06
Nordeste,Caribe,3357,1.1196111469940567e-06
Nordeste,Caribe,3358,1.121060949398388e-06
Nordeste,Caribe,3359,1.1215319541765886e-06
Nordeste,Caribe,3360,7.81730604199241e-07
Nordeste,Caribe,3361,2.6416358986837124e-07
Nordeste,Caribe,3362,2.6409809706013973e-07
Nordeste,Caribe,3363,2.640742959755985e-07
Nordeste,Caribe,3364,2.6404469909706915e-07
Nordeste,Caribe,3365,2.640326458262596e-07
Nordeste,Caribe,3366,2.640176589370567e-07
Nordeste,Caribe,3367,2.6406242730196466e-07
Nordeste,Caribe,3368,2.641452654921286e-07
Nordeste,Caribe,3369,2.641968290533314e-07
Nordeste,Caribe,3370,2.642328820814672e-07
Nordeste,Caribe,3371,2.6425172802526156e-07
Nordeste,Caribe,3372,2.642750871828649e-07
Nordeste,Caribe,3373,2.643801769802166e-07
Nordeste,Caribe,3374,2.6456959273059365e-07
Nordeste,Caribe,3375,2.6575458091392404e-07
Nordeste,Caribe,3376,3.8824626006680934e-07
Nordeste,Caribe,3377,3.8838386444079306e-07
Nordeste,Caribe,3378,3.8817429379802555e-07
Nordeste,Caribe,3379,2.664647632563483e-07
Nordeste,Caribe,3380,3.878323186263321e-07
Nordeste,Caribe,3381,3.878107135168274e-07
Nordeste,Caribe,3382,3.878456935704782e-07
Nordeste,Caribe,3383,3.8777370857258394e-07
Nordeste,Caribe,3384,2.645007466452318e-07
Nordeste,Caribe,3385,1.470302836625963e-06
Nordeste,Caribe,3386,1.4702170066692397e-06
Nordeste,Caribe,3387,1.4702320947711054e-06
Nordeste,Caribe,3388,1.4702130427348822e-06
Nordeste,Caribe,3389,1.4705296574155263e-06
Nordeste,Caribe,3390,1.4706888427598378e-06
Nordeste,Caribe,3391,1.4706977341828208e-06
Nordeste,Caribe,3392,1.4708717543783791e-06
Nordeste,Caribe,3393,1.470956710926305e-06
Nordeste,Caribe,3394,1.4709030699542336e-06
Nordeste,Caribe,3395,1.4711086808559248e-06
Nordeste,Caribe,3396,1.4711682750160542e-06
Nordeste,Caribe,3397,1.4710138115492786e-06
Nordeste,Caribe,3398,1.4710407634561555e-06
Nordeste,Caribe,3399,1.471103256306814e-06
Nordeste,Caribe,3400,1.4713586009058371e-06
Nordeste,Caribe,3401,1.4735781251875775e-06
Nordeste,Caribe,3402,2.1568695190549328e-06
Nordeste,Caribe,3403,1.4699713385711991e-06
Nordeste,Caribe,3404,1.4722055085368168e-06
Nordeste,Caribe,3405,1.4737965784472013e-06
Nordeste,Caribe,3406,1.4697554088349573e-06
Nordeste,Caribe,3407,1.470039169340031e-06
Nordeste,Caribe,3408,1.4701165575164414e-06
Nordeste,Caribe,3409,3.246439080007061e-07
Nordeste,Caribe,3410,3.244840736295955e-07
Nordeste,Caribe,3411,3.244125468505687e-07
Nordeste,Caribe,3412,3.243535618712494e-07
Nordeste,Caribe,3413,3.2432053689571936e-07
Nordeste,Caribe,3414,3.2443811635703345e-07
Nordeste,Caribe,3415,3.245814550721539e-07
Nordeste,Caribe,3416,3.247045266679307e-07
Nordeste,Caribe,3417,3.24802914559913e-07
Nordeste,Caribe,3418,3.2495978753478663e-07
Nordeste,Caribe,3419,3.2510773152349776e-07
Nordeste,Caribe,3420,3.252744614186133e-07
Nordeste,Caribe,3421,3.2540132768607624e-07
Nordeste,Caribe,3422,3.254680212373864e-07
Nordeste,Caribe,3423,3.2559078080905254e-07
Nordeste,Caribe,3424,3.257754417195673e-07
Nordeste,Caribe,3425,3.2555139157606903e-07
Nordeste,Caribe,3426,3.249784067698122e-07
Nordeste,Caribe,3427,3.246790713494134e-07
Nordeste,Caribe,3428,3.2462649370043134e-07
Nordeste,Caribe,3429,3.2460535737069427e-07
Nordeste,Caribe,3430,3.246470521081062e-07
Nordeste,Caribe,3431,3.2470034062468373e-07
Nordeste,Caribe,3432,3.2470275146335674e-07
Nordeste,Caribe,3433,1.7213346261685957e-06
Nordeste,Caribe,3434,1.7218928330318524e-06
Nordeste,Caribe,3435,1.7214974892564187e-06
Nordeste,Caribe,3436,1.720662290069169e-06
Nordeste,Caribe,3437,1.7199584936445744e-06
Nordeste,Caribe,3438,1.7207061764199878e-06
Nordeste,Caribe,3439,1.7214190391497888e-06
Nordeste,Caribe,3440,1.7217777488224765e-06
Nordeste,Caribe,3441,1.7223861402849422e-06
Nordeste,Caribe,3442,1.723208147395986e-06
Nordeste,Caribe,3443,1.7234563908580506e-06
Nordeste,Caribe,3444,1.7240610505408948e-06
Nordeste,Caribe,3445,1.7242195661992969e-06
Nordeste,Caribe,3446,1.7242791877079386e-06
Nordeste,Caribe,3447,1.724240487954081e-06
Nordeste,Caribe,3448,1.723813864912604e-06
Nordeste,Caribe,3449,1.7230941411009923e-06
Nordeste,Caribe,3450,1.7223353929099826e-06
Nordeste,Caribe,3451,1.7216877144853324e-06
Nordeste,Caribe,3452,1.7200564022925344e-06
Nordeste,Caribe,3453,1.7201927174480675e-06
Nordeste,Caribe,3454,1.7210414223354477e-06
Nordeste,Caribe,3455,1.721899142122515e-06
Nordeste,Caribe,3456,1.7223511325253751e-06
Nordeste,Caribe,4225,1.533163036887151e-07
Nordeste,Caribe,4226,1.5324807809025302e-07
Nordeste,Caribe,4227,4.77107924528864e-08
Nordeste,Caribe,4228,4.793923906037439e-08
Nordeste,Caribe,4229,3.843138731100125e-08
Nordeste,Caribe,4230,4.79280318480433e-08
Nordeste,Caribe,4231,1.5321231708398074e-07
Nordeste,Caribe,4232,4.790125159760854e-08
Nordeste,Caribe,4233,3.9943867492399957e-08
Nordeste,Caribe,4234,3.9720989876765467e-08
Nordeste,Caribe,4235,4.032372561690945e-08
Nordeste,Caribe,4236,4.886962602281224e-08
Nordeste,Caribe,4237,1.526324934495516e-07
Nordeste,Caribe,4238,1.5346624225486164e-07
Nordeste,Caribe,4239,1.5341365357741454e-07
Nordeste,Caribe,4240,1.534528335630549e-07
Nordeste,Caribe,4241,1.5343461602982695e-07
Nordeste,Caribe,4242,1.5333137574426942e-07
Nordeste,Caribe,4243,1.532674418905146e-07
Nordeste,Caribe,4244,1.5316375962683266e-07
Nordeste,Caribe,4245,1.5312707008102549e-07
Nordeste,Caribe,4246,1.5324886667024668e-07
Nordeste,Caribe,4247,1.533346497374046e-07
Nordeste,Caribe,4248,1.533465264101918e-07
Nordeste,Caribe,4249,1.3554665296505842e-06
Nordeste,Caribe,4250,1.354443449120795e-06
Nordeste,Caribe,4251,1.087209159936082e-06
Nordeste,Caribe,4252,1.0870561444313182e-06
Nordeste,Caribe,4253,1.0869560098462138e-06
Nordeste,Caribe,4254,1.087010775838563e-06
Nordeste,Caribe,4255,1.0875044032374354e-06
Nordeste,Caribe,4256,1.0913629762351414e-06
Nordeste,Caribe,4257,4.716921794990942e-06
Nordeste,Caribe,4258,4.7814150053688166e-06
Nordeste,Caribe,4259,4.797312004026676e-06
Nordeste,Caribe,4260,1.4050498026327322e-05
Nordeste,Caribe,4261,1.4081634943841302e-05
Nordeste,Caribe,4262,1.4002448123779608e-05
Nordeste,Caribe,4263,1.2852293993287265e-06
Nordeste,Caribe,4264,1.2793197353189747e-06
Nordeste,Caribe,4265,1.2769490519582881e-06
Nordeste,Caribe,4266,1.0867192851875668e-06
Nordeste,Caribe,4267,1.0862351580271331e-06
Nordeste,Caribe,4268,1.3559648826999784e-06
Nordeste,Caribe,4269,1.355717725059771e-06
Nordeste,Caribe,4270,1.3562647150093053e-06
Nordeste,Caribe,4271,1.357014265573756e-06
Nordeste,Caribe,4272,1.357411917724872e-06
Nordeste,Caribe,4273,3.185379170521976e-07
Nordeste,Caribe,4274,3.185269440722454e-07
Nordeste,Caribe,4275,3.1851081984539914e-07
Nordeste,Caribe,4276,3.184636765415904e-07
Nordeste,Caribe,4277,3.1841408252032137e-07
Nordeste,Caribe,4278,3.185093583638869e-07
Nordeste,Caribe,4279,3.186815134919381e-07
Nordeste,Caribe,4280,3.1871272896847097e-07
Nordeste,Caribe,4281,3.1886128379630624e-07
Nordeste,Caribe,4282,3.190457421936183e-07
Nordeste,Caribe,4283,3.191857280517327e-07
Nordeste,Caribe,4284,3.1924389983022204e-07
Nordeste,Caribe,4285,3.1917785708200643e-07
Nordeste,Caribe,4286,3.1904426988408434e-07
Nordeste,Caribe,4287,3.190084072965274e-07
Nordeste,Caribe,4288,3.1902262825080525e-07
Nordeste,Caribe,4289,3.1929214241395584e-07
Nordeste,Caribe,4290,3.1869512970109476e-07
Nordeste,Caribe,4291,3.184510446345539e-07
Nordeste,Caribe,4292,3.184642536267889e-07
Nordeste,Caribe,4293,3.1935237440928663e-07
Nordeste,Caribe,4294,3.187470458298055e-07
Nordeste,Caribe,4295,3.185820633328744e-07
Nordeste,Caribe,4296,3.185427876739924e-07
Nordeste,Caribe,4297,2.421858751102212e-07
Nordeste,Caribe,4298,2.42304528733025e-07
Nordeste,Caribe,4299,2.4292111027937646e-07
Nordeste,Caribe,4300,2.434980415433142e-07
Nordeste,Caribe,4301,2.441025025089366e-07
Nordeste,Caribe,4302,2.4464848690049303e-07
Nordeste,Caribe,4303,1.3404974093685687e-06
Nordeste,Caribe,4304,1.2724479913137071e-06
Nordeste,Caribe,4305,1.3887317349015457e-05
Nordeste,Caribe,4306,1.4008928278121715e-05
Nordeste,Caribe,4307,1.4058476302959555e-05
Nordeste,Caribe,4308,1.4067759607669369e-05
Nordeste,Caribe,4309,1.4044001048327278e-05
Nordeste,Caribe,4310,3.992022798032603e-05
Nordeste,Caribe,4311,1.3572952914339128e-06
Nordeste,Caribe,4312,1.3413889362175575e-06
Nordeste,Caribe,4313,2.436882028855648e-07
Nordeste,Caribe,4314,2.420190944758617e-07
Nordeste,Caribe,4315,2.416618698039578e-07
Nordeste,Caribe,4316,2.414605901446812e-07
Nordeste,Caribe,4317,2.4137546183769606e-07
Nordeste,Caribe,4318,2.414734231779756e-07
Nordeste,Caribe,4319,2.416375417863291e-07
Nordeste,Caribe,4320,2.4186385173036037e-07
Nordeste,Caribe,4321,3.05495356754156e-07
Nordeste,Caribe,4322,3.056452335072924e-07
Nordeste,Caribe,4323,3.056844890813066e-07
Nordeste,Caribe,4324,3.0566166334703146e-07
Nordeste,Caribe,4325,3.056340780825363e-07
Nordeste,Caribe,4326,3.055944264061828e-07
Nordeste,Caribe,4327,3.057342176456208e-07
Nordeste,Caribe,4328,3.0596980636626823e-07
Nordeste,Caribe,4329,3.061497680953552e-07
Nordeste,Caribe,4330,3.062762121508038e-07
Nordeste,Caribe,4331,3.063610455802663e-07
Nordeste,Caribe,4332,3.0640075181392086e-07
Nordeste,Caribe,4333,3.06445630395008e-07
Nordeste,Caribe,4334,3.0648513895190715e-07
Nordeste,Caribe,4335,3.0667705406318977e-07
Nordeste,Caribe,4336,4.4952679755352524e-07
Nordeste,Caribe,4337,4.4950119937562756e-07
Nordeste,Caribe,4338,4.4898536405628197e-07
Nordeste,Caribe,4339,3.053494733232669e-07
Nordeste,Caribe,4340,3.051629775791615e-07
Nordeste,Caribe,4341,3.0527507850582217e-07
Nordeste,Caribe,4342,3.0512984549725906e-07
Nordeste,Caribe,4343,3.05306151391171e-07
Nordeste,Caribe,4344,3.0536373613256047e-07
Nordeste,Caribe,4345,2.417055824389899e-07
Nordeste,Caribe,4346,2.4176829307306297e-07
Nordeste,Caribe,4347,2.4255879178979986e-07
Nordeste,Caribe,4348,2.642072688718419e-07
Nordeste,Caribe,4349,1.3504979810277643e-06
Nordeste,Caribe,4350,1.3523074423031733e-06
Nordeste,Caribe,4351,1.3532204730787735e-06
Nordeste,Caribe,4352,1.3920324535327518e-05
Nordeste,Caribe,4353,1.3959684208346968e-05
Nordeste,Caribe,4354,1.399231950683946e-05
Nordeste,Caribe,4355,1.4023507144246322e-05
Nordeste,Caribe,4356,1.4033577134956063e-05
Nordeste,Caribe,4357,1.4023494238888716e-05
Nordeste,Caribe,4358,4.0105179208155175e-05
Nordeste,Caribe,4359,4.042190156174743e-05
Nordeste,Caribe,4360,3.775247567430859e-05
Nordeste,Caribe,4361,1.3532418181130796e-06
Nordeste,Caribe,4362,2.419504252620077e-07
Nordeste,Caribe,4363,2.413695576050799e-07
Nordeste,Caribe,4364,2.41158381656745e-07
Nordeste,Caribe,4365,2.4096432893030294e-07
Nordeste,Caribe,4366,2.4102235414318964e-07
Nordeste,Caribe,4367,2.411758023277292e-07
Nordeste,Caribe,4368,2.413478710315001e-07
Nordeste,Caribe,4369,1.8983232746738682e-07
Nordeste,Caribe,4370,1.896035268312216e-07
Nordeste,Caribe,4371,1.8955032438589353e-07
Nordeste,Caribe,4372,1.8952524167125873e-07
Nordeste,Caribe,4373,1.8951899539102747e-07
Nordeste,Caribe,4374,1.8961236251310745e-07
Nordeste,Caribe,4375,1.8982897283797867e-07
Nordeste,Caribe,4376,1.901455507476665e-07
Nordeste,Caribe,4377,1.9036776412584834e-07
Nordeste,Caribe,4378,1.9434209495847385e-07
Nordeste,Caribe,4379,1.9446924417813066e-07
Nordeste,Caribe,4380,2.78325572071939e-07
Nordeste,Caribe,4381,2.7883182032822146e-07
Nordeste,Caribe,4382,2.7901330030349007e-07
Nordeste,Caribe,4383,2.7923025980458604e-07
Nordeste,Caribe,4384,2.791064515389077e-07
Nordeste,Caribe,4385,2.674442895014768e-07
Nordeste,Caribe,4386,2.781562574980349e-07
Nordeste,Caribe,4387,1.94270923978402e-07
Nordeste,Caribe,4388,2.7759548320814514e-07
Nordeste,Caribe,4389,2.77571068829235e-07
Nordeste,Caribe,4390,2.7739021154313594e-07
Nordeste,Caribe,4391,1.9400413652994385e-07
Nordeste,Caribe,4392,1.9008066227131486e-07
Nordeste,Caribe,4393,8.517364709166823e-07
Nordeste,Caribe,4394,1.119784833458304e-06
Nordeste,Caribe,4395,1.1216599389954045e-06
Nordeste,Caribe,4396,1.1226826012534824e-06
Nordeste,Caribe,4397,1.149211362853248e-06
Nordeste,Caribe,4398,1.1496929770236591e-06
Nordeste,Caribe,4399,1.1512274854997562e-06
Nordeste,Caribe,4400,1.152693604723139e-06
Nordeste,Caribe,4401,1.230880295383707e-06
Nordeste,Caribe,4402,2.1580867380868125e-06
Nordeste,Caribe,4403,2.160754868783991e-06
Nordeste,Caribe,4404,2.162434030312567e-06
Nordeste,Caribe,4405,3.1613651950145617e-06
Nordeste,Caribe,4406,1.95323371601378e-06
Nordeste,Caribe,4407,1.768724555410676e-06
Nordeste,Caribe,4408,1.764965327264235e-06
Nordeste,Caribe,4409,1.6959983166087604e-06
Nordeste,Caribe,4410,1.131829603601889e-06
Nordeste,Caribe,4411,1.1252909037295132e-06
Nordeste,Caribe,4412,7.562726165720395e-07
Nordeste,Caribe,4413,7.502706200773225e-07
Nordeste,Caribe,4414,7.530947255742519e-07
Nordeste,Caribe,4415,9.72775154805119e-07
Nordeste,Caribe,4416,1.125506337154866e-06
Nordeste,Caribe,5185,5.396587409595711e-07
Nordeste,Caribe,5186,5.391364259633837e-07
Nordeste,Caribe,5187,5.384487048991565e-07
Nordeste,Caribe,5188,3.678180241090185e-07
Nordeste,Caribe,5189,3.6773380763841113e-07
Nordeste,Caribe,5190,3.6781498896127805e-07
Nordeste,Caribe,5191,3.677659332254253e-07
Nordeste,Caribe,5192,3.672964450349328e-07
Nordeste,Caribe,5193,5.277596071964112e-08
Nordeste,Caribe,5194,4.423079625900463e-08
Nordeste,Caribe,5195,4.417354615005855e-08
Nordeste,Caribe,5196,4.422739334823642e-08
Nordeste,Caribe,5197,4.436719513634631e-08
Nordeste,Caribe,5198,4.4272861328656547e-08
Nordeste,Caribe,5199,3.6242501141796857e-07
Nordeste,Caribe,5200,3.672996183018371e-07
Nordeste,Caribe,5201,5.395131046354495e-07
Nordeste,Caribe,5202,5.397466461499469e-07
Nordeste,Caribe,5203,5.395982747068622e-07
Nordeste,Caribe,5204,5.367753678105089e-07
Nordeste,Caribe,5205,5.360561811233084e-07
Nordeste,Caribe,5206,5.368959745470347e-07
Nordeste,Caribe,5207,5.397879913187415e-07
Nordeste,Caribe,5208,5.39841934103176e-07
Nordeste,Caribe,5209,2.7131631232747875e-06
Nordeste,Caribe,5210,1.852248094351392e-06
Nordeste,Caribe,5211,1.8500679358747247e-06
Nordeste,Caribe,5212,1.8497922741371107e-06
Nordeste,Caribe,5213,1.8493897213684425e-06
Nordeste,Caribe,5214,1.8499327410686674e-06
Nordeste,Caribe,5215,1.8505913373105777e-06
Nordeste,Caribe,5216,1.8466717952999324e-06
Nordeste,Caribe,5217,2.3737296318895372e-07
Nordeste,Caribe,5218,2.4436074907746753e-07
Nordeste,Caribe,5219,2.5478694014703453e-07
Nordeste,Caribe,5220,2.5487564947859475e-07
Nordeste,Caribe,5221,2.443610015358872e-07
Nordeste,Caribe,5222,2.3703031499366134e-07
Nordeste,Caribe,5223,1.841735394566238e-06
Nordeste,Caribe,5224,1.8489345010045586e-06
Nordeste,Caribe,5225,2.711811492271214e-06
Nordeste,Caribe,5226,2.711076316746432e-06
Nordeste,Caribe,5227,2.711557105495043e-06
Nordeste,Caribe,5228,2.7073365215911305e-06
Nordeste,Caribe,5229,2.706134005675522e-06
Nordeste,Caribe,5230,2.7081820447959148e-06
Nordeste,Caribe,5231,2.7117219499731995e-06
Nordeste,Caribe,5232,2.713543793404054e-06
Nordeste,Caribe,5233,4.5375772472132813e-07
Nordeste,Caribe,5234,4.536222973867681e-07
Nordeste,Caribe,5235,4.5349663925081637e-07
Nordeste,Caribe,5236,4.53334701433046e-07
Nordeste,Caribe,5237,4.532060596507462e-07
Nordeste,Caribe,5238,4.533663480418116e-07
Nordeste,Caribe,5239,4.535253080099696e-07
Nordeste,Caribe,5240,4.4156060916101533e-07
Nordeste,Caribe,5241,4.539966026488408e-07
Nordeste,Caribe,5242,4.532187129093149e-07
Nordeste,Caribe,5243,3.739043868378494e-08
Nordeste,Caribe,5244,3.744991549858706e-08
Nordeste,Caribe,5245,1.0425431764675876e-07
Nordeste,Caribe,5246,4.417726481083447e-07
Nordeste,Caribe,5247,4.4112100310391676e-07
Nordeste,Caribe,5248,4.5340347220988483e-07
Nordeste,Caribe,5249,4.539180975568166e-07
Nordeste,Caribe,5250,4.369666912445327e-07
Nordeste,Caribe,5251,4.368755244138312e-07
Nordeste,Caribe,5252,4.370608598622627e-07
Nordeste,Caribe,5253,4.377553038350972e-07
Nordeste,Caribe,5254,4.374580966348568e-07
Nordeste,Caribe,5255,4.370409131118039e-07
Nordeste,Caribe,5256,4.4258498829485315e-07
Nordeste,Caribe,5257,2.381693250929101e-06
Nordeste,Caribe,5258,2.4841290173941106e-06
Nordeste,Caribe,5259,2.484926922317861e-06
Nordeste,Caribe,5260,2.4852127520968227e-06
Nordeste,Caribe,5261,2.4853832262483012e-06
Nordeste,Caribe,5262,2.4852463976705875e-06
Nordeste,Caribe,5263,2.4859782480356705e-06
Nordeste,Caribe,5264,2.4848549896674e-06
Nordeste,Caribe,5265,2.630166702205638e-06
Nordeste,Caribe,5266,5.679292309745292e-07
Nordeste,Caribe,5267,2.1466082654325524e-07
Nordeste,Caribe,5268,2.215648222026934e-07
Nordeste,Caribe,5269,2.5633208883016687e-06
Nordeste,Caribe,5270,2.62678566694068e-06
Nordeste,Caribe,5271,2.4819102936036692e-06
Nordeste,Caribe,5272,2.383204283226554e-06
Nordeste,Caribe,5273,2.3815794357069755e-06
Nordeste,Caribe,5274,2.3823612405804876e-06
Nordeste,Caribe,5275,2.381431741019541e-06
Nordeste,Caribe,5276,2.3807854650922637e-06
Nordeste,Caribe,5277,2.3866041833863455e-06
Nordeste,Caribe,5278,2.3923788009543735e-06
Nordeste,Caribe,5279,2.3828727851988405e-06
Nordeste,Caribe,5280,2.382335247825418e-06
Nordeste,Caribe,5281,3.2381577685008796e-07
Nordeste,Caribe,5282,3.3423015717280884e-07
Nordeste,Caribe,5283,3.342993876739495e-07
Nordeste,Caribe,5284,3.34292285069493e-07
Nordeste,Caribe,5285,3.3427601325818325e-07
Nordeste,Caribe,5286,3.3425136965298914e-07
Nordeste,Caribe,5287,3.3427696251832184e-07
Nordeste,Caribe,5288,3.3432915107957196e-07
Nordeste,Caribe,5289,3.3434651649833266e-07
Nordeste,Caribe,5290,3.3429350789337425e-07
Nordeste,Caribe,5291,3.3421121920608227e-07
Nordeste,Caribe,5292,3.3421088748863516e-07
Nordeste,Caribe,5293,3.3433560203099605e-07
Nordeste,Caribe,5294,3.344540145644487e-07
Nordeste,Caribe,5295,3.34493064833747e-07
Nordeste,Caribe,5296,3.345228278635962e-07
Nordeste,Caribe,5297,3.240962086103266e-07
Nordeste,Caribe,5298,3.220607512104912e-07
Nordeste,Caribe,5299,3.2378188767671857e-07
Nordeste,Caribe,5300,3.2167756912064934e-07
Nordeste,Caribe,5301,3.208571822680199e-07
Nordeste,Caribe,5302,3.2164569538542426e-07
Nordeste,Caribe,5303,3.234407323098444e-07
Nordeste,Caribe,5304,3.237709675043704e-07
Nordeste,Caribe,5305,1.997863746474919e-06
Nordeste,Caribe,5306,2.7665649846330275e-06
Nordeste,Caribe,5307,2.7667894168620962e-06
Nordeste,Caribe,5308,2.766135351416816e-06
Nordeste,Caribe,5309,2.7673424457405845e-06
Nordeste,Caribe,5310,2.768179679725448e-06
Nordeste,Caribe,5311,2.767474782293403e-06
Nordeste,Caribe,5312,2.7663172095171676e-06
Nordeste,Caribe,5313,2.7638366809494064e-06
Nordeste,Caribe,5314,2.7535225594106638e-06
Nordeste,Caribe,5315,6.559107650468689e-07
Nordeste,Caribe,5316,6.519669899475847e-07
Nordeste,Caribe,5317,2.750151139834168e-06
Nordeste,Caribe,5318,2.7602635157775483e-06
Nordeste,Caribe,5319,2.763794629648458e-06
Nordeste,Caribe,5320,2.7657764806835675e-06
Nordeste,Caribe,5321,1.9187544543469874e-06
Nordeste,Caribe,5322,1.9168628582364878e-06
Nordeste,Caribe,5323,1.915727042463105e-06
Nordeste,Caribe,5324,1.9154036091876243e-06
Nordeste,Caribe,5325,1.913866213997573e-06
Nordeste,Caribe,5326,1.9147038770793823e-06
Nordeste,Caribe,5327,1.91575316982885e-06
Nordeste,Caribe,5328,1.9164861078672405e-06
Nordeste,Caribe,5329,3.139194429625472e-07
Nordeste,Caribe,5330,3.1394674769663037e-07
Nordeste,Caribe,5331,3.139731633883172e-07
Nordeste,Caribe,5332,3.1399381140195893e-07
Nordeste,Caribe,5333,3.1400849736792474e-07
Nordeste,Caribe,5334,3.1405388493011893e-07
Nordeste,Caribe,5335,3.141101618286567e-07
Nordeste,Caribe,5336,3.142540147366796e-07
Nordeste,Caribe,5337,3.143568897211428e-07
Nordeste,Caribe,5338,3.1449736491090075e-07
Nordeste,Caribe,5339,3.146126368121721e-07
Nordeste,Caribe,5340,3.146420085771029e-07
Nordeste,Caribe,5341,3.145888968234586e-07
Nordeste,Caribe,5342,3.1457231047125383e-07
Nordeste,Caribe,5343,3.145445755126094e-07
Nordeste,Caribe,5344,3.145412498058615e-07
Nordeste,Caribe,5345,3.1444330467372505e-07
Nordeste,Caribe,5346,3.1416864934496426e-07
Nordeste,Caribe,5347,3.139072482726938e-07
Nordeste,Caribe,5348,3.0167767984770357e-07
Nordeste,Caribe,5349,3.0165014125644456e-07
Nordeste,Caribe,5350,3.1365704903186464e-07
Nordeste,Caribe,5351,3.138965737269865e-07
Nordeste,Caribe,5352,3.13910387577675e-07
Nordeste,Caribe,5353,1.222653288923099e-06
Nordeste,Caribe,5354,1.8465191775334197e-06
Nordeste,Caribe,5355,1.8575829942565537e-06
Nordeste,Caribe,5356,1.8575961444655086e-06
Nordeste,Caribe,5357,1.8575011958130549e-06
Nordeste,Caribe,5358,1.8582914188954179e-06
Nordeste,Caribe,5359,1.8594273749607348e-06
Nordeste,Caribe,5360,1.8592428246564751e-06
Nordeste,Caribe,5361,1.8623937733440353e-06
Nordeste,Caribe,5362,1.8648652464506548e-06
Nordeste,Caribe,5363,1.8706914946425355e-06
Nordeste,Caribe,5364,1.8706437341807308e-06
Nordeste,Caribe,5365,1.8662709071635553e-06
Nordeste,Caribe,5366,1.861666562006122e-06
Nordeste,Caribe,5367,1.8549914986380177e-06
Nordeste,Caribe,5368,1.7945282111327045e-06
Nordeste,Caribe,5369,1.7924551516597457e-06
Nordeste,Caribe,5370,9.78946613642623e-07
Nordeste,Caribe,5371,9.78669842526644e-07
Nordeste,Caribe,5372,1.7884952199207378e-08
Nordeste,Caribe,5373,1.7867832847063524e-08
Nordeste,Caribe,5374,1.7950947762908156e-08
Nordeste,Caribe,5375,9.78760693827386e-07
Nordeste,Caribe,5376,1.2232654047259672e-06
Nordeste,Oriental,1,285.4053555651633
Nordeste,Oriental,2,291.8948425996664
Nordeste,Oriental,3,294.60349069137374
Nordeste,Oriental,4,295.88786174791545
Nordeste,Oriental,5,296.2391486874382
Nordeste,Oriental,6,295.76426913441685
Nordeste,Oriental,7,292.9386091608182
Nordeste,Oriental,8,290.237159743523
Nordeste,Oriental,9,283.54426707737537
Nordeste,Oriental,10,275.336479427116
Nordeste,Oriental,11,269.84116218890233
Nordeste,Oriental,12,264.39436699384396
Nordeste,Oriental,13,260.00799085751225
Nordeste,Oriental,14,260.6781258581903
Nordeste,Oriental,15,260.2530416744054
Nordeste,Oriental,16,258.5931463829548
Nordeste,Oriental,17,259.1059678318194
Nordeste,Oriental,18,261.88416801217556
Nordeste,Oriental,19,264.49695257395535
Nordeste,Oriental,20,255.8174105484407
Nordeste,Oriental,21,253.99049889484382
Nordeste,Oriental,22,258.73521757015476
Nordeste,Oriental,23,266.5616121600275
Nordeste,Oriental,24,276.47160227913724
Nordeste,Oriental,25,249.6071799681141
Nordeste,Oriental,26,251.49446074557292
Nordeste,Oriental,27,253.40721174183506
Nordeste,Oriental,28,254.10690347774062
Nordeste,Oriental,29,254.12079971224603
Nordeste,Oriental,30,253.78921254722098
Nordeste,Oriental,31,252.6421268804084
Nordeste,Oriental,32,248.34437598554211
Nordeste,Oriental,33,247.4768651059993
Nordeste,Oriental,34,247.20389205959017
Nordeste,Oriental,35,246.03213601709723
Nordeste,Oriental,36,244.1685416891272
Nordeste,Oriental,37,242.0583453931364
Nordeste,Oriental,38,241.08151608215516
Nordeste,Oriental,39,241.58248814359982
Nordeste,Oriental,40,243.06189231899768
Nordeste,Oriental,41,244.26415924221357
Nordeste,Oriental,42,245.46898593205017
Nordeste,Oriental,43,244.4377333126022
Nordeste,Oriental,44,232.08862508854205
Nordeste,Oriental,45,227.18890312386907
Nordeste,Oriental,46,229.72566067651658
Nordeste,Oriental,47,235.45178142169968
Nordeste,Oriental,48,243.091725525268
Nordeste,Oriental,49,383.0362817973436
Nordeste,Oriental,50,422.92961659984235
Nordeste,Oriental,51,450.51465936193006
Nordeste,Oriental,52,469.8711628550378
Nordeste,Oriental,53,478.6814005197382
Nordeste,Oriental,54,462.48508562495874
Nordeste,Oriental,55,430.85296440125967
Nordeste,Oriental,56,430.0946442485148
Nordeste,Oriental,57,394.2432031986631
Nordeste,Oriental,58,369.30522976801046
Nordeste,Oriental,59,361.8266314782777
Nordeste,Oriental,60,352.0105657779375
Nordeste,Oriental,61,343.338304479499
Nordeste,Oriental,62,345.748088408099
Nordeste,Oriental,63,342.994263180181
Nordeste,Oriental,64,336.5532863926529
Nordeste,Oriental,65,335.47513864286555
Nordeste,Oriental,66,341.3244235536314
Nordeste,Oriental,67,350.5620216077401
Nordeste,Oriental,68,331.63271876774013
Nordeste,Oriental,69,323.16656517882694
Nordeste,Oriental,70,332.404159946741
Nordeste,Oriental,71,350.2651508829564
Nordeste,Oriental,72,371.29609133627423
Nordeste,Oriental,73,369.6033633726454
Nordeste,Oriental,74,370.19719870109077
Nordeste,Oriental,75,369.3477421647556
Nordeste,Oriental,76,365.37427100364954
Nordeste,Oriental,77,360.806578498993
Nordeste,Oriental,78,358.6652868888079
Nordeste,Oriental,79,352.727685781024
Nordeste,Oriental,80,364.2209303203983
Nordeste,Oriental,81,362.3210966190572
Nordeste,Oriental,82,353.2704945291223
Nordeste,Oriental,83,357.05769042484866
Nordeste,Oriental,84,358.64801954510955
Nordeste,Oriental,85,358.80242700255246
Nordeste,Oriental,86,358.83223052194984
Nordeste,Oriental,87,359.51040219632335
Nordeste,Oriental,88,361.0546675968917
Nordeste,Oriental,89,363.36060228984377
Nordeste,Oriental,90,365.1852795355887
Nordeste,Oriental,91,365.3713010410311
Nordeste,Oriental,92,347.56286974666733
Nordeste,Oriental,93,335.4304626074067
Nordeste,Oriental,94,340.50194181564467
Nordeste,Oriental,95,351.2886367332527
Nordeste,Oriental,96,363.3739579893877
Nordeste,Oriental,97,247.94779776566753
Nordeste,Oriental,98,239.46868095401965
Nordeste,Oriental,99,257.6555080655145
Nordeste,Oriental,100,277.5090025490057
Nordeste,Oriental,101,289.98382924364387
Nordeste,Oriental,102,275.23338901780244
Nordeste,Oriental,103,255.38704872989715
Nordeste,Oriental,104,251.30514384037298
Nordeste,Oriental,105,238.50324461310007
Nordeste,Oriental,106,245.86113779282664
Nordeste,Oriental,107,246.8994947016065
Nordeste,Oriental,108,244.95731519911317
Nordeste,Oriental,109,240.57311454464926
Nordeste,Oriental,110,241.76884298651865
Nordeste,Oriental,111,240.5377052277724
Nordeste,Oriental,112,237.18763066883471
Nordeste,Oriental,113,237.25832254375172
Nordeste,Oriental,114,240.98806315820184
Nordeste,Oriental,115,247.76888503162152
Nordeste,Oriental,116,238.20514653689804
Nordeste,Oriental,117,229.8973759654206
Nordeste,Oriental,118,235.3168183255876
Nordeste,Oriental,119,246.5330436122486
Nordeste,Oriental,120,254.1895732907016
Nordeste,Oriental,121,221.886370388454
Nordeste,Oriental,122,219.69042907261306
Nordeste,Oriental,123,213.72606172369314
Nordeste,Oriental,124,209.1664708693455
Nordeste,Oriental,125,206.4782444140107
Nordeste,Oriental,126,205.3526664015898
Nordeste,Oriental,127,203.49234760229297
Nordeste,Oriental,128,200.43688582947982
Nordeste,Oriental,129,200.95854123327325
Nordeste,Oriental,130,202.97732718905385
Nordeste,Oriental,131,206.23070680717134
Nordeste,Oriental,132,209.90592161920938
Nordeste,Oriental,133,214.86208804534564
Nordeste,Oriental,134,219.27260258375415
Nordeste,Oriental,135,221.87823268063772
Nordeste,Oriental,136,222.7254861433624
Nordeste,Oriental,137,223.8747467065334
Nordeste,Oriental,138,225.30097402924798
Nordeste,Oriental,139,226.322817031947
Nordeste,Oriental,140,233.81942768488264
Nordeste,Oriental,141,231.62044745104987
Nordeste,Oriental,142,231.90653406940942
Nordeste,Oriental,143,233.2035454999906
Nordeste,Oriental,144,230.6376892397479
Nordeste,Oriental,145,462.7109404161703
Nordeste,Oriental,146,487.8023080416448
Nordeste,Oriental,147,498.11627445190095
Nordeste,Oriental,148,504.87741227281236
Nordeste,Oriental,149,508.5840650615547
Nordeste,Oriental,150,504.1011054597989
Nordeste,Oriental,151,495.077896639443
Nordeste,Oriental,152,491.28015726774316
Nordeste,Oriental,153,472.95199726725093
Nordeste,Oriental,154,446.8183605618427
Nordeste,Oriental,155,425.9695950257202
Nordeste,Oriental,156,397.30159511421846
Nordeste,Oriental,157,380.8387130198482
Nordeste,Oriental,158,381.84683611955154
Nordeste,Oriental,159,378.821121207249
Nordeste,Oriental,160,373.58069638534147
Nordeste,Oriental,161,373.5953700752398
Nordeste,Oriental,162,378.18388186025743
Nordeste,Oriental,163,382.18896268299216
Nordeste,Oriental,164,362.14466610503973
Nordeste,Oriental,165,362.66512808092807
Nordeste,Oriental,166,371.599582874928
Nordeste,Oriental,167,388.0169702295054
Nordeste,Oriental,168,417.8538209085442
Nordeste,Oriental,169,585.4351023242751
Nordeste,Oriental,170,585.6125201653975
Nordeste,Oriental,171,604.1856415585305
Nordeste,Oriental,172,615.1867951493879
Nordeste,Oriental,173,620.8803764273418
Nordeste,Oriental,174,622.8134682917149
Nordeste,Oriental,175,625.3078474259925
Nordeste,Oriental,176,630.5328036565132
Nordeste,Oriental,177,628.869295680464
Nordeste,Oriental,178,625.8006478479103
Nordeste,Oriental,179,619.6576991028102
Nordeste,Oriental,180,607.0376531366885
Nordeste,Oriental,181,587.5805922166014
Nordeste,Oriental,182,576.7055685210911
Nordeste,Oriental,183,578.567981028453
Nordeste,Oriental,184,581.0626948243279
Nordeste,Oriental,185,583.2417310589113
Nordeste,Oriental,186,585.4316856459529
Nordeste,Oriental,187,585.0739149922834
Nordeste,Oriental,188,565.1325723692347
Nordeste,Oriental,189,559.8475195400611
Nordeste,Oriental,190,563.9959125109852
Nordeste,Oriental,191,571.9934881396863
Nordeste,Oriental,192,582.9958691900368
Nordeste,Oriental,385,201.83546792070678
Nordeste,Oriental,386,206.7269846569871
Nordeste,Oriental,387,209.2345078788038
Nordeste,Oriental,388,210.6380316853623
Nordeste,Oriental,389,211.1434140304914
Nordeste,Oriental,390,210.831677091335
Nordeste,Oriental,391,211.34866415759805
Nordeste,Oriental,392,215.48645493991347
Nordeste,Oriental,393,220.88786356519765
Nordeste,Oriental,394,241.85869121853864
Nordeste,Oriental,395,260.1577863769003
Nordeste,Oriental,396,250.16804409850022
Nordeste,Oriental,397,222.7931034812822
Nordeste,Oriental,398,206.76596662060697
Nordeste,Oriental,399,201.57528032070726
Nordeste,Oriental,400,194.46005348011417
Nordeste,Oriental,401,188.48058103952212
Nordeste,Oriental,402,185.70804898143066
Nordeste,Oriental,403,186.6306456931318
Nordeste,Oriental,404,178.09863322214565
Nordeste,Oriental,405,175.93802138516492
Nordeste,Oriental,406,179.99073346741042
Nordeste,Oriental,407,186.6597115416678
Nordeste,Oriental,408,194.7777344789479
Nordeste,Oriental,409,381.8110224436333
Nordeste,Oriental,410,381.20739797553784
Nordeste,Oriental,411,377.5574531310109
Nordeste,Oriental,412,373.6413105027916
Nordeste,Oriental,413,370.8735995006352
Nordeste,Oriental,414,373.59948245705107
Nordeste,Oriental,415,381.80986761042396
Nordeste,Oriental,416,389.26244688884174
Nordeste,Oriental,417,399.061122622802
Nordeste,Oriental,418,408.6071082366453
Nordeste,Oriental,419,440.6592268550658
Nordeste,Oriental,420,429.77053730453997
Nordeste,Oriental,421,397.9651058605376
Nordeste,Oriental,422,393.3334176273601
Nordeste,Oriental,423,383.65820354738463
Nordeste,Oriental,424,368.8845246135138
Nordeste,Oriental,425,357.22054034475076
Nordeste,Oriental,426,352.8290792811072
Nordeste,Oriental,427,356.1816934775829
Nordeste,Oriental,428,340.7818567251052
Nordeste,Oriental,429,337.1571850000285
Nordeste,Oriental,430,345.33850179937843
Nordeste,Oriental,431,358.926612080283
Nordeste,Oriental,432,373.7394314321767
Nordeste,Oriental,433,254.7008965871902
Nordeste,Oriental,434,258.62588080114864
Nordeste,Oriental,435,258.3638098030912
Nordeste,Oriental,436,256.80057818225214
Nordeste,Oriental,437,255.4324055481713
Nordeste,Oriental,438,256.9215853190198
Nordeste,Oriental,439,260.9176574238266
Nordeste,Oriental,440,265.30158568091065
Nordeste,Oriental,441,269.734041157209
Nordeste,Oriental,442,271.2083852045524
Nordeste,Oriental,443,275.53944505921714
Nordeste,Oriental,444,266.6688960281332
Nordeste,Oriental,445,259.63567915840025
Nordeste,Oriental,446,256.4571063070116
Nordeste,Oriental,447,248.67267975477208
Nordeste,Oriental,448,237.86906744692314
Nordeste,Oriental,449,230.26536247734853
Nordeste,Oriental,450,228.41095270341887
Nordeste,Oriental,451,232.35411921615858
Nordeste,Oriental,452,216.79294151596625
Nordeste,Oriental,453,210.09854901941924
Nordeste,Oriental,454,216.31640331340603
Nordeste,Oriental,455,229.04898741693734
Nordeste,Oriental,456,244.90711076869835
Nordeste,Oriental,457,498.2714369466815
Nordeste,Oriental,458,483.9631419253464
Nordeste,Oriental,459,469.126480138514
Nordeste,Oriental,460,455.13004061978603
Nordeste,Oriental,461,448.09591922557723
Nordeste,Oriental,462,461.1961991159913
Nordeste,Oriental,463,487.1848105453266
Nordeste,Oriental,464,493.2382759996632
Nordeste,Oriental,465,509.40514922291356
Nordeste,Oriental,466,520.6491262473893
Nordeste,Oriental,467,524.5114437103241
Nordeste,Oriental,468,524.9201413355302
Nordeste,Oriental,469,520.0014793744023
Nordeste,Oriental,470,517.6557531951925
Nordeste,Oriental,471,508.2075522856705
Nordeste,Oriental,472,491.8493685873006
Nordeste,Oriental,473,480.68025267149613
Nordeste,Oriental,474,478.0043903933304
Nordeste,Oriental,475,486.54603417254754
Nordeste,Oriental,476,467.87543508922386
Nordeste,Oriental,477,456.7568551994322
Nordeste,Oriental,478,469.0062384813236
Nordeste,Oriental,479,488.0031717575368
Nordeste,Oriental,480,502.15104224815434
Nordeste,Oriental,481,149.86958973328223
Nordeste,Oriental,482,143.5970589878817
Nordeste,Oriental,483,139.29584151411626
Nordeste,Oriental,484,136.65680447380933
Nordeste,Oriental,485,135.57737234509187
Nordeste,Oriental,486,136.46319481678728
Nordeste,Oriental,487,139.7675902297255
Nordeste,Oriental,488,142.33157068520927
Nordeste,Oriental,489,150.44938625071123
Nordeste,Oriental,490,159.36584645138876
Nordeste,Oriental,491,164.26535618354995
Nordeste,Oriental,492,166.44746475426967
Nordeste,Oriental,493,164.58390349332944
Nordeste,Oriental,494,162.402947447311
Nordeste,Oriental,495,158.21066384792329
Nordeste,Oriental,496,152.38344177908925
Nordeste,Oriental,497,147.92208679350588
Nordeste,Oriental,498,145.97866194781844
Nordeste,Oriental,499,148.0038677881495
Nordeste,Oriental,500,141.36958877137596
Nordeste,Oriental,501,136.0777243968252
Nordeste,Oriental,502,139.03430292307635
Nordeste,Oriental,503,145.65082304996608
Nordeste,Oriental,504,151.56599963957876
Nordeste,Oriental,505,322.7325458134137
Nordeste,Oriental,506,312.6522536189109
Nordeste,Oriental,507,311.43039832579336
Nordeste,Oriental,508,311.14451998047554
Nordeste,Oriental,509,311.3156898970522
Nordeste,Oriental,510,311.16941057816524
Nordeste,Oriental,511,314.98925268256716
Nordeste,Oriental,512,320.96077915936735
Nordeste,Oriental,513,331.8247171650721
Nordeste,Oriental,514,346.69706639485184
Nordeste,Oriental,515,358.45393921991746
Nordeste,Oriental,516,372.7564260375193
Nordeste,Oriental,517,383.3193266297004
Nordeste,Oriental,518,379.5331688710265
Nordeste,Oriental,519,381.2948392671959
Nordeste,Oriental,520,380.48726600983565
Nordeste,Oriental,521,374.4850933221652
Nordeste,Oriental,522,370.00474070745264
Nordeste,Oriental,523,366.4464562444637
Nordeste,Oriental,524,367.3618948933816
Nordeste,Oriental,525,361.7139674715991
Nordeste,Oriental,526,364.741834555791
Nordeste,Oriental,527,366.22071303783997
Nordeste,Oriental,528,347.4470627419761
Nordeste,Oriental,529,322.625511550495
Nordeste,Oriental,530,329.5273534161747
Nordeste,Oriental,531,331.08434505999924
Nordeste,Oriental,532,330.2935276384747
Nordeste,Oriental,533,329.35493678278965
Nordeste,Oriental,534,330.5694515662899
Nordeste,Oriental,535,333.97121402204084
Nordeste,Oriental,536,339.4470043662545
Nordeste,Oriental,537,344.36836594697866
Nordeste,Oriental,538,344.63436578349786
Nordeste,Oriental,539,343.1902752460912
Nordeste,Oriental,540,336.90725780389425
Nordeste,Oriental,541,327.79715043754936
Nordeste,Oriental,542,322.7538995266716
Nordeste,Oriental,543,312.92187076685366
Nordeste,Oriental,544,300.595277603696
Nordeste,Oriental,545,291.88672396524953
Nordeste,Oriental,546,288.39023802336067
Nordeste,Oriental,547,288.53646321786454
Nordeste,Oriental,548,267.67338154413164
Nordeste,Oriental,549,267.02779163052435
Nordeste,Oriental,550,274.8925551743645
Nordeste,Oriental,551,289.6652668458307
Nordeste,Oriental,552,308.279420834776
Nordeste,Oriental,553,744.8747636348727
Nordeste,Oriental,554,750.3358819458434
Nordeste,Oriental,555,742.2395290160458
Nordeste,Oriental,556,733.1406381079523
Nordeste,Oriental,557,728.4444059186949
Nordeste,Oriental,558,736.3151238247422
Nordeste,Oriental,559,750.0961097570092
Nordeste,Oriental,560,755.2299846962303
Nordeste,Oriental,561,768.3595669003416
Nordeste,Oriental,562,776.869109555122
Nordeste,Oriental,563,781.178260986358
Nordeste,Oriental,564,784.2449799406626
Nordeste,Oriental,565,785.31386499116
Nordeste,Oriental,566,783.3588223520667
Nordeste,Oriental,567,763.3421347652447
Nordeste,Oriental,568,719.6333661141425
Nordeste,Oriental,569,689.2435329893495
Nordeste,Oriental,570,678.9873001998155
Nordeste,Oriental,571,684.3707795841822
Nordeste,Oriental,572,652.4848177166003
Nordeste,Oriental,573,654.4991496513826
Nordeste,Oriental,574,667.9920479563076
Nordeste,Oriental,575,696.7330998196655
Nordeste,Oriental,576,724.0364315983447
Nordeste,Oriental,1345,81.60885986257415
Nordeste,Oriental,1346,102.03707216337031
Nordeste,Oriental,1347,132.27286711465814
Nordeste,Oriental,1348,146.19544826616905
Nordeste,Oriental,1349,152.11402145796282
Nordeste,Oriental,1350,147.6188136391608
Nordeste,Oriental,1351,143.1822321054432
Nordeste,Oriental,1352,156.11920763954117
Nordeste,Oriental,1353,153.51771874327568
Nordeste,Oriental,1354,145.1132671867972
Nordeste,Oriental,1355,140.56382905194056
Nordeste,Oriental,1356,132.18355995923704
Nordeste,Oriental,1357,123.37572339980602
Nordeste,Oriental,1358,119.09947653677756
Nordeste,Oriental,1359,113.10110062301166
Nordeste,Oriental,1360,90.13671551991743
Nordeste,Oriental,1361,32.851222842809456
Nordeste,Oriental,1362,1.2736443876233944e-06
Nordeste,Oriental,1363,1.2751535831099054e-06
Nordeste,Oriental,1364,1.2717372621675384e-06
Nordeste,Oriental,1365,1.271493728072127e-06
Nordeste,Oriental,1366,1.2719324601766825e-06
Nordeste,Oriental,1367,1.274089900794628e-06
Nordeste,Oriental,1368,45.692347427342
Nordeste,Oriental,1369,560.7386040365263
Nordeste,Oriental,1370,624.7711736900256
Nordeste,Oriental,1371,652.4421641076968
Nordeste,Oriental,1372,654.8555930489937
Nordeste,Oriental,1373,652.1800292303388
Nordeste,Oriental,1374,656.2834021295181
Nordeste,Oriental,1375,661.4039972890004
Nordeste,Oriental,1376,680.9208546653892
Nordeste,Oriental,1377,697.6127403510311
Nordeste,Oriental,1378,707.130314800412
Nordeste,Oriental,1379,712.0635148463504
Nordeste,Oriental,1380,710.8673207601672
Nordeste,Oriental,1381,705.9486480722608
Nordeste,Oriental,1382,701.2766080272371
Nordeste,Oriental,1383,683.6622001808946
Nordeste,Oriental,1384,515.0761377550867
Nordeste,Oriental,1385,372.95082315792604
Nordeste,Oriental,1386,366.69859276567746
Nordeste,Oriental,1387,382.60377502716904
Nordeste,Oriental,1388,348.0873731844957
Nordeste,Oriental,1389,341.87610758545463
Nordeste,Oriental,1390,361.5419953823273
Nordeste,Oriental,1391,394.5190774672552
Nordeste,Oriental,1392,434.21603133737517
Nordeste,Oriental,1393,369.877573675983
Nordeste,Oriental,1394,452.00091307700905
Nordeste,Oriental,1395,490.47772143893087
Nordeste,Oriental,1396,516.6469568379912
Nordeste,Oriental,1397,523.2521679243636
Nordeste,Oriental,1398,514.9095653126037
Nordeste,Oriental,1399,507.3223795976609
Nordeste,Oriental,1400,543.1241443444629
Nordeste,Oriental,1401,555.0090135316942
Nordeste,Oriental,1402,563.6838915502655
Nordeste,Oriental,1403,567.7222021543231
Nordeste,Oriental,1404,564.4792747572035
Nordeste,Oriental,1405,554.3470367155238
Nordeste,Oriental,1406,546.5047351782509
Nordeste,Oriental,1407,482.44851174035824
Nordeste,Oriental,1408,311.45680000546577
Nordeste,Oriental,1409,180.23626578341012
Nordeste,Oriental,1410,175.73096158698849
Nordeste,Oriental,1411,186.69408771949657
Nordeste,Oriental,1412,147.9333638593686
Nordeste,Oriental,1413,131.46501222040695
Nordeste,Oriental,1414,147.0685011011503
Nordeste,Oriental,1415,179.25908035497176
Nordeste,Oriental,1416,229.40645519012264
Nordeste,Oriental,1417,787.3964459213842
Nordeste,Oriental,1418,794.2064291399018
Nordeste,Oriental,1419,786.3461710243505
Nordeste,Oriental,1420,778.1556658093047
Nordeste,Oriental,1421,773.7531174643736
Nordeste,Oriental,1422,782.3583020964343
Nordeste,Oriental,1423,797.1041131124548
Nordeste,Oriental,1424,808.5470659134855
Nordeste,Oriental,1425,820.5371568226918
Nordeste,Oriental,1426,828.3736677708999
Nordeste,Oriental,1427,831.3939884857041
Nordeste,Oriental,1428,834.338008209902
Nordeste,Oriental,1429,835.3397115998775
Nordeste,Oriental,1430,833.654137786044
Nordeste,Oriental,1431,817.8107028827471
Nordeste,Oriental,1432,709.8631247406928
Nordeste,Oriental,1433,676.2796368975891
Nordeste,Oriental,1434,672.5154883495359
Nordeste,Oriental,1435,695.3125649128997
Nordeste,Oriental,1436,656.6615326316424
Nordeste,Oriental,1437,638.0980371991931
Nordeste,Oriental,1438,661.6600867669066
Nordeste,Oriental,1439,701.2915094012071
Nordeste,Oriental,1440,740.8135330130284
Nordeste,Oriental,1441,470.74269891457067
Nordeste,Oriental,1442,487.9875670466059
Nordeste,Oriental,1443,470.14004955484
Nordeste,Oriental,1444,460.57202808679307
Nordeste,Oriental,1445,456.6300005163732
Nordeste,Oriental,1446,459.85912908197133
Nordeste,Oriental,1447,469.0186059141609
Nordeste,Oriental,1448,472.4393170964243
Nordeste,Oriental,1449,488.01166127634343
Nordeste,Oriental,1450,508.0194618955342
Nordeste,Oriental,1451,522.5620317335453
Nordeste,Oriental,1452,540.4634257705454
Nordeste,Oriental,1453,553.3667122862194
Nordeste,Oriental,1454,554.2136228262102
Nordeste,Oriental,1455,541.2418622138727
Nordeste,Oriental,1456,397.84723867601076
Nordeste,Oriental,1457,258.5177534652123
Nordeste,Oriental,1458,216.8175873089279
Nordeste,Oriental,1459,272.4264975114662
Nordeste,Oriental,1460,197.22533417369755
Nordeste,Oriental,1461,175.76639933123226
Nordeste,Oriental,1462,187.59363081379425
Nordeste,Oriental,1463,216.55904608394388
Nordeste,Oriental,1464,378.04775744106325
Nordeste,Oriental,1465,717.9505974898652
Nordeste,Oriental,1466,706.7475883891088
Nordeste,Oriental,1467,701.3990739963211
Nordeste,Oriental,1468,697.5657868819542
Nordeste,Oriental,1469,695.6130811716282
Nordeste,Oriental,1470,698.081287809457
Nordeste,Oriental,1471,705.2962725517839
Nordeste,Oriental,1472,708.9506374323578
Nordeste,Oriental,1473,718.653345713122
Nordeste,Oriental,1474,732.1855502446009
Nordeste,Oriental,1475,742.3825094821643
Nordeste,Oriental,1476,759.9267725330293
Nordeste,Oriental,1477,780.7636884635729
Nordeste,Oriental,1478,782.9970856899174
Nordeste,Oriental,1479,797.7433957111876
Nordeste,Oriental,1480,771.9799046785345
Nordeste,Oriental,1481,690.7568244514541
Nordeste,Oriental,1482,668.7071844630849
Nordeste,Oriental,1483,714.5573627850786
Nordeste,Oriental,1484,664.4448865855052
Nordeste,Oriental,1485,643.9838778194868
Nordeste,Oriental,1486,657.9881406062609
Nordeste,Oriental,1487,716.4955746727842
Nordeste,Oriental,1488,743.6022061508139
Nordeste,Oriental,1489,511.32111113741183
Nordeste,Oriental,1490,531.6805520446793
Nordeste,Oriental,1491,573.5485483326268
Nordeste,Oriental,1492,600.37250403859
Nordeste,Oriental,1493,614.1637266922856
Nordeste,Oriental,1494,595.6190933176845
Nordeste,Oriental,1495,582.0137985712024
Nordeste,Oriental,1496,618.6892983238196
Nordeste,Oriental,1497,636.6479433097016
Nordeste,Oriental,1498,641.0843509611849
Nordeste,Oriental,1499,644.965924489345
Nordeste,Oriental,1500,605.3748701938645
Nordeste,Oriental,1501,508.45717125532326
Nordeste,Oriental,1502,496.803722265037
Nordeste,Oriental,1503,473.9525079808722
Nordeste,Oriental,1504,443.8596278056869
Nordeste,Oriental,1505,421.62294166893287
Nordeste,Oriental,1506,413.50953807687875
Nordeste,Oriental,1507,415.6799633308038
Nordeste,Oriental,1508,362.4804613494467
Nordeste,Oriental,1509,361.3217945414523
Nordeste,Oriental,1510,381.87772238865915
Nordeste,Oriental,1511,420.35616420646187
Nordeste,Oriental,1512,471.3567854638458
Nordeste,Oriental,1513,913.0165718364898
Nordeste,Oriental,1514,913.0165718390692
Nordeste,Oriental,1515,913.0165718388397
Nordeste,Oriental,1516,913.0165718375739
Nordeste,Oriental,1517,913.0165718387121
Nordeste,Oriental,1518,913.0165718397425
Nordeste,Oriental,1519,913.0165718398846
Nordeste,Oriental,1520,913.0165718384503
Nordeste,Oriental,1521,913.0165718386216
Nordeste,Oriental,1522,913.0165718383549
Nordeste,Oriental,1523,913.0165718396989
Nordeste,Oriental,1524,913.0165718371068
Nordeste,Oriental,1525,913.0165718395994
Nordeste,Oriental,1526,913.016571838871
Nordeste,Oriental,1527,913.0165718407707
Nordeste,Oriental,1528,913.0165718384116
Nordeste,Oriental,1529,913.0165718374649
Nordeste,Oriental,1530,913.0165718404317
Nordeste,Oriental,1531,913.0165718380052
Nordeste,Oriental,1532,913.0165718367375
Nordeste,Oriental,1533,913.0165718376494
Nordeste,Oriental,1534,913.0165718373897
Nordeste,Oriental,1535,913.0165718366601
Nordeste,Oriental,1536,913.0165718377085
Nordeste,Oriental,2305,455.6576155992135
Nordeste,Oriental,2306,471.58309437127673
Nordeste,Oriental,2307,482.0551207589198
Nordeste,Oriental,2308,490.1639673359237
Nordeste,Oriental,2309,494.58869642088
Nordeste,Oriental,2310,490.4437249944957
Nordeste,Oriental,2311,478.6841811736672
Nordeste,Oriental,2312,466.01449990715764
Nordeste,Oriental,2313,433.5467283966546
Nordeste,Oriental,2314,398.2490442705133
Nordeste,Oriental,2315,369.719158145561
Nordeste,Oriental,2316,353.08313117890987
Nordeste,Oriental,2317,350.79293745257036
Nordeste,Oriental,2318,359.782150636739
Nordeste,Oriental,2319,369.2441732424138
Nordeste,Oriental,2320,376.0232016576784
Nordeste,Oriental,2321,384.10752620825906
Nordeste,Oriental,2322,396.02542354887015
Nordeste,Oriental,2323,410.168870519513
Nordeste,Oriental,2324,346.9749926471904
Nordeste,Oriental,2325,302.8094753498054
Nordeste,Oriental,2326,335.95547106430337
Nordeste,Oriental,2327,406.9791828719312
Nordeste,Oriental,2328,438.19411799691545
Nordeste,Oriental,2329,652.4087826318819
Nordeste,Oriental,2330,652.4292078631015
Nordeste,Oriental,2331,659.3966742406088
Nordeste,Oriental,2332,663.4466046617434
Nordeste,Oriental,2333,664.8138075329736
Nordeste,Oriental,2334,664.3923848280612
Nordeste,Oriental,2335,658.0763337057606
Nordeste,Oriental,2336,628.1160802349015
Nordeste,Oriental,2337,582.8274056090498
Nordeste,Oriental,2338,542.1757386860183
Nordeste,Oriental,2339,508.62542756899364
Nordeste,Oriental,2340,494.35559984878887
Nordeste,Oriental,2341,505.88426936469824
Nordeste,Oriental,2342,532.85715983913
Nordeste,Oriental,2343,568.5095961935992
Nordeste,Oriental,2344,592.5760364487319
Nordeste,Oriental,2345,599.4764304758972
Nordeste,Oriental,2346,606.9827565286035
Nordeste,Oriental,2347,609.3121218442202
Nordeste,Oriental,2348,565.9177712130596
Nordeste,Oriental,2349,559.5230670770909
Nordeste,Oriental,2350,581.5936795128313
Nordeste,Oriental,2351,611.4540239658936
Nordeste,Oriental,2352,636.2943167206164
Nordeste,Oriental,2353,589.4297884110714
Nordeste,Oriental,2354,618.23804856552
Nordeste,Oriental,2355,626.0299800686333
Nordeste,Oriental,2356,628.9911407394574
Nordeste,Oriental,2357,629.6206911911116
Nordeste,Oriental,2358,628.1726125058229
Nordeste,Oriental,2359,615.2694518516104
Nordeste,Oriental,2360,591.7379068420041
Nordeste,Oriental,2361,553.4364661273703
Nordeste,Oriental,2362,519.5966851731097
Nordeste,Oriental,2363,492.8845831457048
Nordeste,Oriental,2364,482.50772626459093
Nordeste,Oriental,2365,489.90480942513545
Nordeste,Oriental,2366,504.15119158155346
Nordeste,Oriental,2367,510.57308789838095
Nordeste,Oriental,2368,479.64020272080296
Nordeste,Oriental,2369,433.40000937556334
Nordeste,Oriental,2370,428.70438491342856
Nordeste,Oriental,2371,477.4613922184246
Nordeste,Oriental,2372,372.0951587459222
Nordeste,Oriental,2373,296.0702987026881
Nordeste,Oriental,2374,345.1084384172512
Nordeste,Oriental,2375,436.84084840013696
Nordeste,Oriental,2376,532.816591727142
Nordeste,Oriental,2377,913.0165707310971
Nordeste,Oriental,2378,913.0165707311492
Nordeste,Oriental,2379,913.0165707312166
Nordeste,Oriental,2380,913.0165707310802
Nordeste,Oriental,2381,913.01657073079
Nordeste,Oriental,2382,913.0165707308965
Nordeste,Oriental,2383,913.0165707307281
Nordeste,Oriental,2384,913.0165707302995
Nordeste,Oriental,2385,913.0165707301888
Nordeste,Oriental,2386,913.016570730173
Nordeste,Oriental,2387,913.0165707300304
Nordeste,Oriental,2388,913.0165707301335
Nordeste,Oriental,2389,913.0165707304635
Nordeste,Oriental,2390,913.0165707306271
Nordeste,Oriental,2391,913.0165707307575
Nordeste,Oriental,2392,913.016570730855
Nordeste,Oriental,2393,913.0165707307375
Nordeste,Oriental,2394,913.0165707307222
Nordeste,Oriental,2395,913.0165707308006
Nordeste,Oriental,2396,913.0165707288156
Nordeste,Oriental,2397,913.0165707249943
Nordeste,Oriental,2398,913.0165707292715
Nordeste,Oriental,2399,913.0165707308332
Nordeste,Oriental,2400,913.0165707310227
Nordeste,Oriental,2401,682.6625968077357
Nordeste,Oriental,2402,655.8507867256741
Nordeste,Oriental,2403,628.1547131637097
Nordeste,Oriental,2404,611.5995083169437
Nordeste,Oriental,2405,605.7261520162446
Nordeste,Oriental,2406,614.680196766006
Nordeste,Oriental,2407,607.742209050808
Nordeste,Oriental,2408,560.4036891137139
Nordeste,Oriental,2409,524.2722324470525
Nordeste,Oriental,2410,492.16116132451384
Nordeste,Oriental,2411,469.42796813465577
Nordeste,Oriental,2412,452.8146773993647
Nordeste,Oriental,2413,456.0474520921802
Nordeste,Oriental,2414,480.3768518277557
Nordeste,Oriental,2415,543.569412747364
Nordeste,Oriental,2416,555.5165650122746
Nordeste,Oriental,2417,504.5098173952945
Nordeste,Oriental,2418,515.8670322925485
Nordeste,Oriental,2419,596.9956930448373
Nordeste,Oriental,2420,539.0517826469237
Nordeste,Oriental,2421,478.3996242957766
Nordeste,Oriental,2422,510.4378540904269
Nordeste,Oriental,2423,572.4445257328192
Nordeste,Oriental,2424,649.0026347559633
Nordeste,Oriental,2425,858.0784259108965
Nordeste,Oriental,2426,856.1724801133921
Nordeste,Oriental,2427,839.7398292185417
Nordeste,Oriental,2428,830.8496478579343
Nordeste,Oriental,2429,826.9901799300238
Nordeste,Oriental,2430,826.7412288652731
Nordeste,Oriental,2431,823.7334381051555
Nordeste,Oriental,2432,817.1432868799981
Nordeste,Oriental,2433,807.6263030621288
Nordeste,Oriental,2434,799.2091803576856
Nordeste,Oriental,2435,790.9462701447666
Nordeste,Oriental,2436,787.1229795509848
Nordeste,Oriental,2437,789.6620047421669
Nordeste,Oriental,2438,794.8464603500174
Nordeste,Oriental,2439,808.8399153052612
Nordeste,Oriental,2440,842.8149303806573
Nordeste,Oriental,2441,861.6720292909964
Nordeste,Oriental,2442,863.9568823316979
Nordeste,Oriental,2443,866.7500008539121
Nordeste,Oriental,2444,859.0261015307127
Nordeste,Oriental,2445,852.6091632770296
Nordeste,Oriental,2446,860.6059309897975
Nordeste,Oriental,2447,866.1768899209542
Nordeste,Oriental,2448,867.4766193592071
Nordeste,Oriental,2449,861.7925978547235
Nordeste,Oriental,2450,863.4479910203087
Nordeste,Oriental,2451,863.8961187098024
Nordeste,Oriental,2452,864.0994887088402
Nordeste,Oriental,2453,864.2087628915041
Nordeste,Oriental,2454,864.1335702290762
Nordeste,Oriental,2455,863.5081038535341
Nordeste,Oriental,2456,861.2775765804499
Nordeste,Oriental,2457,857.7898104666922
Nordeste,Oriental,2458,853.9592391570364
Nordeste,Oriental,2459,849.9236222272968
Nordeste,Oriental,2460,849.4919734712937
Nordeste,Oriental,2461,850.8114347910952
Nordeste,Oriental,2462,851.3522265550066
Nordeste,Oriental,2463,849.0531787373792
Nordeste,Oriental,2464,782.225082346724
Nordeste,Oriental,2465,703.8826598304769
Nordeste,Oriental,2466,816.3192534112251
Nordeste,Oriental,2467,823.0257542816378
Nordeste,Oriental,2468,757.6638624707468
Nordeste,Oriental,2469,755.949939324942
Nordeste,Oriental,2470,782.7146032616259
Nordeste,Oriental,2471,828.3106429991024
Nordeste,Oriental,2472,856.8326451419982
Nordeste,Oriental,2473,913.0165715820898
Nordeste,Oriental,2474,913.0165715821078
Nordeste,Oriental,2475,913.0165715820705
Nordeste,Oriental,2476,913.0165715822544
Nordeste,Oriental,2477,913.016571582098
Nordeste,Oriental,2478,913.0165715818739
Nordeste,Oriental,2479,913.0165715826678
Nordeste,Oriental,2480,913.0165715821175
Nordeste,Oriental,2481,913.0165715822953
Nordeste,Oriental,2482,913.0165715826047
Nordeste,Oriental,2483,913.0165715816958
Nordeste,Oriental,2484,913.0165715823388
Nordeste,Oriental,2485,913.0165715823198
Nordeste,Oriental,2486,913.016571582381
Nordeste,Oriental,2487,913.0165715825023
Nordeste,Oriental,2488,913.0165715820236
Nordeste,Oriental,2489,913.0165715819961
Nordeste,Oriental,2490,913.0165715830306
Nordeste,Oriental,2491,913.0165715819571
Nordeste,Oriental,2492,913.0165715825691
Nordeste,Oriental,2493,913.0165715823492
Nordeste,Oriental,2494,913.0165715819165
Nordeste,Oriental,2495,913.0165715823974
Nordeste,Oriental,2496,913.0165715818349
Nordeste,Oriental,3265,384.2763959923755
Nordeste,Oriental,3266,388.5828021785648
Nordeste,Oriental,3267,397.10465872181743
Nordeste,Oriental,3268,405.88119693773024
Nordeste,Oriental,3269,410.58628819919016
Nordeste,Oriental,3270,404.7520500766622
Nordeste,Oriental,3271,384.475847824891
Nordeste,Oriental,3272,351.3476536101337
Nordeste,Oriental,3273,288.94904780954266
Nordeste,Oriental,3274,225.0500923981327
Nordeste,Oriental,3275,174.35718258038446
Nordeste,Oriental,3276,151.036120060895
Nordeste,Oriental,3277,161.69597047855984
Nordeste,Oriental,3278,190.48345091520912
Nordeste,Oriental,3279,228.22695041859546
Nordeste,Oriental,3280,254.24755430452197
Nordeste,Oriental,3281,280.70349048776853
Nordeste,Oriental,3282,305.58027663122084
Nordeste,Oriental,3283,328.2230768856997
Nordeste,Oriental,3284,289.71232850437127
Nordeste,Oriental,3285,280.4653137123904
Nordeste,Oriental,3286,302.22518894603775
Nordeste,Oriental,3287,335.3433805976709
Nordeste,Oriental,3288,372.3126082186926
Nordeste,Oriental,3289,410.349381448081
Nordeste,Oriental,3290,424.0172465228987
Nordeste,Oriental,3291,440.49413693900505
Nordeste,Oriental,3292,449.7639190335467
Nordeste,Oriental,3293,453.6151946104605
Nordeste,Oriental,3294,453.8228879652405
Nordeste,Oriental,3295,426.277714935671
Nordeste,Oriental,3296,301.1137956035367
Nordeste,Oriental,3297,213.1235706002776
Nordeste,Oriental,3298,105.47851486130888
Nordeste,Oriental,3299,35.58437931033032
Nordeste,Oriental,3300,20.278857808805313
Nordeste,Oriental,3301,55.13611763458796
Nordeste,Oriental,3302,106.34213884154083
Nordeste,Oriental,3303,174.40739031359334
Nordeste,Oriental,3304,301.47105056846146
Nordeste,Oriental,3305,368.163646202122
Nordeste,Oriental,3306,385.24201865647524
Nordeste,Oriental,3307,386.33840152817027
Nordeste,Oriental,3308,315.11204014987175
Nordeste,Oriental,3309,291.7235017079823
Nordeste,Oriental,3310,302.58687486869246
Nordeste,Oriental,3311,329.6993016304659
Nordeste,Oriental,3312,369.87868975522946
Nordeste,Oriental,3313,650.1265060750055
Nordeste,Oriental,3314,676.4053864273342
Nordeste,Oriental,3315,681.8685117730258
Nordeste,Oriental,3316,681.754049236945
Nordeste,Oriental,3317,680.3943229750829
Nordeste,Oriental,3318,681.8523464432174
Nordeste,Oriental,3319,668.1443665530392
Nordeste,Oriental,3320,605.7773130839171
Nordeste,Oriental,3321,510.3504642039977
Nordeste,Oriental,3322,414.86391931419433
Nordeste,Oriental,3323,337.3704831502785
Nordeste,Oriental,3324,312.83399570014325
Nordeste,Oriental,3325,350.62641890355
Nordeste,Oriental,3326,416.0294980546303
Nordeste,Oriental,3327,503.282676404439
Nordeste,Oriental,3328,496.1148264549632
Nordeste,Oriental,3329,352.70822802494615
Nordeste,Oriental,3330,384.8460043338913
Nordeste,Oriental,3331,535.072283308171
Nordeste,Oriental,3332,311.8273826920269
Nordeste,Oriental,3333,187.68363744493396
Nordeste,Oriental,3334,252.0539159257719
Nordeste,Oriental,3335,402.99160762126616
Nordeste,Oriental,3336,597.9379059266333
Nordeste,Oriental,3337,913.0165691322607
Nordeste,Oriental,3338,913.0165691323695
Nordeste,Oriental,3339,913.0165691322497
Nordeste,Oriental,3340,913.0165691319404
Nordeste,Oriental,3341,913.0165691313717
Nordeste,Oriental,3342,913.0165691314037
Nordeste,Oriental,3343,913.0165691298392
Nordeste,Oriental,3344,913.0165691182132
Nordeste,Oriental,3345,913.0165691003809
Nordeste,Oriental,3346,913.0165689940882
Nordeste,Oriental,3347,774.5832734950939
Nordeste,Oriental,3348,754.9739783207959
Nordeste,Oriental,3349,867.9337534945249
Nordeste,Oriental,3350,913.0165690826448
Nordeste,Oriental,3351,913.0165691190468
Nordeste,Oriental,3352,913.0165691267662
Nordeste,Oriental,3353,913.0165691272681
Nordeste,Oriental,3354,913.0165691274456
Nordeste,Oriental,3355,913.0165691282249
Nordeste,Oriental,3356,913.016569116742
Nordeste,Oriental,3357,913.0165691061857
Nordeste,Oriental,3358,913.0165691202214
Nordeste,Oriental,3359,913.0165691278581
Nordeste,Oriental,3360,913.0165691313325
Nordeste,Oriental,3361,830.6981570831667
Nordeste,Oriental,3362,816.1525172783852
Nordeste,Oriental,3363,771.0163147789821
Nordeste,Oriental,3364,727.1489954677885
Nordeste,Oriental,3365,704.3778347292853
Nordeste,Oriental,3366,725.195294576835
Nordeste,Oriental,3367,687.0209670231147
Nordeste,Oriental,3368,531.4862175241644
Nordeste,Oriental,3369,448.4134781721755
Nordeste,Oriental,3370,380.0188692570309
Nordeste,Oriental,3371,328.3797015811397
Nordeste,Oriental,3372,295.82099028079284
Nordeste,Oriental,3373,283.25020065623744
Nordeste,Oriental,3374,304.8514650011191
Nordeste,Oriental,3375,438.28295902935156
Nordeste,Oriental,3376,500.9164399650774
Nordeste,Oriental,3377,333.2445747406467
Nordeste,Oriental,3378,413.3852658351104
Nordeste,Oriental,3379,719.4256983282387
Nordeste,Oriental,3380,563.0953281937793
Nordeste,Oriental,3381,406.6687831758329
Nordeste,Oriental,3382,489.18401817598186
Nordeste,Oriental,3383,650.7803396451711
Nordeste,Oriental,3384,783.4329399684808
Nordeste,Oriental,3385,879.5468446875277
Nordeste,Oriental,3386,879.0266649019015
Nordeste,Oriental,3387,867.1541700237369
Nordeste,Oriental,3388,842.9712188959733
Nordeste,Oriental,3389,827.6527824730183
Nordeste,Oriental,3390,828.4498614003018
Nordeste,Oriental,3391,794.3455754405788
Nordeste,Oriental,3392,753.7187320357141
Nordeste,Oriental,3393,705.9515991787144
Nordeste,Oriental,3394,642.2441418135572
Nordeste,Oriental,3395,572.0050143151207
Nordeste,Oriental,3396,542.1781358432487
Nordeste,Oriental,3397,564.5082884107146
Nordeste,Oriental,3398,602.5742599580097
Nordeste,Oriental,3399,652.1199177194405
Nordeste,Oriental,3400,748.6754430173032
Nordeste,Oriental,3401,870.1494238955399
Nordeste,Oriental,3402,872.3345010210714
Nordeste,Oriental,3403,877.2490379523673
Nordeste,Oriental,3404,860.8983299234591
Nordeste,Oriental,3405,840.0225839132371
Nordeste,Oriental,3406,862.7974152696373
Nordeste,Oriental,3407,876.4135363795111
Nordeste,Oriental,3408,880.4415212118581
Nordeste,Oriental,3409,718.5556388960844
Nordeste,Oriental,3410,796.6055840590386
Nordeste,Oriental,3411,809.1478805625469
Nordeste,Oriental,3412,818.1784343372213
Nordeste,Oriental,3413,824.3250641991305
Nordeste,Oriental,3414,807.4895121260445
Nordeste,Oriental,3415,783.7973346547742
Nordeste,Oriental,3416,732.1043590786009
Nordeste,Oriental,3417,640.491166338363
Nordeste,Oriental,3418,524.3606176935916
Nordeste,Oriental,3419,419.2223366868126
Nordeste,Oriental,3420,404.19122208405634
Nordeste,Oriental,3421,468.7382624483999
Nordeste,Oriental,3422,532.2944592613003
Nordeste,Oriental,3423,553.4603393259799
Nordeste,Oriental,3424,515.0026127827282
Nordeste,Oriental,3425,489.2112957842975
Nordeste,Oriental,3426,499.75768901344367
Nordeste,Oriental,3427,521.0102698257917
Nordeste,Oriental,3428,465.6489069034138
Nordeste,Oriental,3429,465.82359700279
Nordeste,Oriental,3430,481.03783237640494
Nordeste,Oriental,3431,530.1537537607455
Nordeste,Oriental,3432,619.9575735102187
Nordeste,Oriental,3433,913.016571360785
Nordeste,Oriental,3434,913.0165713622538
Nordeste,Oriental,3435,913.0165713614771
Nordeste,Oriental,3436,913.016571361923
Nordeste,Oriental,3437,913.0165713618318
Nordeste,Oriental,3438,913.0165713609201
Nordeste,Oriental,3439,913.0165713618018
Nordeste,Oriental,3440,913.0165713606108
Nordeste,Oriental,3441,913.0165713621142
Nordeste,Oriental,3442,913.016571361594
Nordeste,Oriental,3443,913.0165712559435
Nordeste,Oriental,3444,913.0165713560955
Nordeste,Oriental,3445,913.0165713575294
Nordeste,Oriental,3446,913.0165713614709
Nordeste,Oriental,3447,913.0165713624157
Nordeste,Oriental,3448,913.0165713618015
Nordeste,Oriental,3449,913.0165713613469
Nordeste,Oriental,3450,913.0165713611456
Nordeste,Oriental,3451,913.016571361505
Nordeste,Oriental,3452,913.0165713614509
Nordeste,Oriental,3453,913.0165713620396
Nordeste,Oriental,3454,913.0165713624019
Nordeste,Oriental,3455,913.0165713609757
Nordeste,Oriental,3456,913.0165713612786
Nordeste,Oriental,4225,411.1423913369199
Nordeste,Oriental,4226,409.9845704008663
Nordeste,Oriental,4227,408.54838473904675
Nordeste,Oriental,4228,411.3749065344419
Nordeste,Oriental,4229,413.3001763835702
Nordeste,Oriental,4230,411.06565490700785
Nordeste,Oriental,4231,432.1657908345551
Nordeste,Oriental,4232,480.6579206360689
Nordeste,Oriental,4233,549.886135243418
Nordeste,Oriental,4234,630.8064187216941
Nordeste,Oriental,4235,693.3936088197784
Nordeste,Oriental,4236,696.2555958718654
Nordeste,Oriental,4237,630.7878418105906
Nordeste,Oriental,4238,553.0559881584853
Nordeste,Oriental,4239,472.1652125074502
Nordeste,Oriental,4240,422.9984555616431
Nordeste,Oriental,4241,358.2611159663786
Nordeste,Oriental,4242,250.37851987918629
Nordeste,Oriental,4243,258.9218114552738
Nordeste,Oriental,4244,192.20531980237052
Nordeste,Oriental,4245,173.7416752442265
Nordeste,Oriental,4246,213.03525393980524
Nordeste,Oriental,4247,270.5348750666364
Nordeste,Oriental,4248,351.4833015215536
Nordeste,Oriental,4249,421.6473671451479
Nordeste,Oriental,4250,449.04323849003845
Nordeste,Oriental,4251,484.842174466374
Nordeste,Oriental,4252,509.8153948575929
Nordeste,Oriental,4253,523.7081073038919
Nordeste,Oriental,4254,528.0721056153907
Nordeste,Oriental,4255,509.77218494505274
Nordeste,Oriental,4256,451.3561733445192
Nordeste,Oriental,4257,606.2991599481344
Nordeste,Oriental,4258,269.83612463531585
Nordeste,Oriental,4259,162.2271563384931
Nordeste,Oriental,4260,146.96488335146236
Nordeste,Oriental,4261,222.25826107749845
Nordeste,Oriental,4262,455.0964930978799
Nordeste,Oriental,4263,491.98901624939344
Nordeste,Oriental,4264,336.9279189959793
Nordeste,Oriental,4265,515.7866718359244
Nordeste,Oriental,4266,408.7389565951942
Nordeste,Oriental,4267,377.30350722626787
Nordeste,Oriental,4268,263.1985768919577
Nordeste,Oriental,4269,229.45248705336414
Nordeste,Oriental,4270,245.51037671555255
Nordeste,Oriental,4271,285.79062825948864
Nordeste,Oriental,4272,350.1011315801944
Nordeste,Oriental,4273,782.5709721500035
Nordeste,Oriental,4274,818.8887021785647
Nordeste,Oriental,4275,824.8694135120614
Nordeste,Oriental,4276,825.8008602552088
Nordeste,Oriental,4277,825.3902104720441
Nordeste,Oriental,4278,826.0328583387775
Nordeste,Oriental,4279,830.2308763310975
Nordeste,Oriental,4280,822.9120887920888
Nordeste,Oriental,4281,811.7491254196622
Nordeste,Oriental,4282,787.8978063354482
Nordeste,Oriental,4283,667.4162497600194
Nordeste,Oriental,4284,661.4497724140316
Nordeste,Oriental,4285,749.0006677686632
Nordeste,Oriental,4286,780.3505942686452
Nordeste,Oriental,4287,819.6559630136537
Nordeste,Oriental,4288,807.9483655230304
Nordeste,Oriental,4289,678.2730902769204
Nordeste,Oriental,4290,569.8340736338095
Nordeste,Oriental,4291,581.6341219159663
Nordeste,Oriental,4292,501.18110436286355
Nordeste,Oriental,4293,464.54008710619314
Nordeste,Oriental,4294,505.75134800688
Nordeste,Oriental,4295,582.6786456170113
Nordeste,Oriental,4296,696.7917694187405
Nordeste,Oriental,4297,705.6611619962514
Nordeste,Oriental,4298,716.2877740373935
Nordeste,Oriental,4299,783.9772969535474
Nordeste,Oriental,4300,835.1884747650353
Nordeste,Oriental,4301,870.9103176509774
Nordeste,Oriental,4302,892.3208360079702
Nordeste,Oriental,4303,913.0165708770428
Nordeste,Oriental,4304,532.4918942435634
Nordeste,Oriental,4305,528.4507328068394
Nordeste,Oriental,4306,393.7594816786588
Nordeste,Oriental,4307,265.71998651760055
Nordeste,Oriental,4308,253.06368378187364
Nordeste,Oriental,4309,349.48979056368114
Nordeste,Oriental,4310,477.52459818956817
Nordeste,Oriental,4311,446.0835896469787
Nordeste,Oriental,4312,913.0165708702028
Nordeste,Oriental,4313,834.204546548214
Nordeste,Oriental,4314,684.3233210563126
Nordeste,Oriental,4315,637.589933559062
Nordeste,Oriental,4316,490.09546427465636
Nordeste,Oriental,4317,423.42975015802966
Nordeste,Oriental,4318,450.1092171157925
Nordeste,Oriental,4319,514.5864999226603
Nordeste,Oriental,4320,606.8383579469937
Nordeste,Oriental,4321,842.4116372945178
Nordeste,Oriental,4322,850.8619400411411
Nordeste,Oriental,4323,805.0892332981127
Nordeste,Oriental,4324,744.1887395458625
Nordeste,Oriental,4325,712.1947169822956
Nordeste,Oriental,4326,751.196193693084
Nordeste,Oriental,4327,737.1395639401162
Nordeste,Oriental,4328,600.361608307768
Nordeste,Oriental,4329,583.4529427155442
Nordeste,Oriental,4330,563.9771031924269
Nordeste,Oriental,4331,529.5140566634179
Nordeste,Oriental,4332,518.1963151969026
Nordeste,Oriental,4333,501.32750863430147
Nordeste,Oriental,4334,472.42780895352377
Nordeste,Oriental,4335,594.4422383027718
Nordeste,Oriental,4336,794.6273867507738
Nordeste,Oriental,4337,566.19699467313
Nordeste,Oriental,4338,601.8973479937597
Nordeste,Oriental,4339,678.8145495354478
Nordeste,Oriental,4340,631.7943326629636
Nordeste,Oriental,4341,582.8232916964572
Nordeste,Oriental,4342,617.8042475961134
Nordeste,Oriental,4343,671.2750464029564
Nordeste,Oriental,4344,773.4309822374796
Nordeste,Oriental,4345,655.6467017328182
Nordeste,Oriental,4346,675.2333103453359
Nordeste,Oriental,4347,740.7958295054526
Nordeste,Oriental,4348,791.1320806060813
Nordeste,Oriental,4349,743.3875932742529
Nordeste,Oriental,4350,647.1675590163661
Nordeste,Oriental,4351,258.85132183208776
Nordeste,Oriental,4352,325.6105955300923
Nordeste,Oriental,4353,410.65795041980874
Nordeste,Oriental,4354,324.2036569003503
Nordeste,Oriental,4355,247.15840328482727
Nordeste,Oriental,4356,230.01224776251422
Nordeste,Oriental,4357,283.9591944828631
Nordeste,Oriental,4358,346.26160824238985
Nordeste,Oriental,4359,260.63117364263616
Nordeste,Oriental,4360,157.27056999019106
Nordeste,Oriental,4361,564.9751462202998
Nordeste,Oriental,4362,674.0501694633986
Nordeste,Oriental,4363,617.5710860677129
Nordeste,Oriental,4364,484.9600051279955
Nordeste,Oriental,4365,397.23270578242955
Nordeste,Oriental,4366,415.2136326410886
Nordeste,Oriental,4367,469.02090571638587
Nordeste,Oriental,4368,557.9360770215607
Nordeste,Oriental,4369,913.0165711109439
Nordeste,Oriental,4370,913.0165711098495
Nordeste,Oriental,4371,913.0165711090693
Nordeste,Oriental,4372,913.0165711091521
Nordeste,Oriental,4373,913.0165711100104
Nordeste,Oriental,4374,913.0165711098116
Nordeste,Oriental,4375,913.0165711091296
Nordeste,Oriental,4376,913.016571109379
Nordeste,Oriental,4377,913.0165711100452
Nordeste,Oriental,4378,913.016571109001
Nordeste,Oriental,4379,913.0165711080394
Nordeste,Oriental,4380,913.0165711072198
Nordeste,Oriental,4381,913.016571108115
Nordeste,Oriental,4382,913.0165711087045
Nordeste,Oriental,4383,913.016571109873
Nordeste,Oriental,4384,913.0165711085464
Nordeste,Oriental,4385,913.0165710996827
Nordeste,Oriental,4386,913.0165711084878
Nordeste,Oriental,4387,913.0165711079441
Nordeste,Oriental,4388,913.0165711096347
Nordeste,Oriental,4389,913.0165711105469
Nordeste,Oriental,4390,913.0165711103274
Nordeste,Oriental,4391,913.016571109976
Nordeste,Oriental,4392,913.0165711076295
Nordeste,Oriental,4393,913.0165692383191
Nordeste,Oriental,4394,913.0165699369529
Nordeste,Oriental,4395,913.0165699377791
Nordeste,Oriental,4396,913.0165699382699
Nordeste,Oriental,4397,913.0165699691319
Nordeste,Oriental,4398,913.016569969065
Nordeste,Oriental,4399,913.0165699652042
Nordeste,Oriental,4400,913.0165699323229
Nordeste,Oriental,4401,644.6615536491884
Nordeste,Oriental,4402,454.2217270816646
Nordeste,Oriental,4403,302.7357931454559
Nordeste,Oriental,4404,291.73322300687096
Nordeste,Oriental,4405,391.833430827132
Nordeste,Oriental,4406,584.2356804560927
Nordeste,Oriental,4407,913.0165697568291
Nordeste,Oriental,4408,913.0165699579804
Nordeste,Oriental,4409,913.0165699376709
Nordeste,Oriental,4410,913.0165692173764
Nordeste,Oriental,4411,913.0165692136627
Nordeste,Oriental,4412,913.0165530764701
Nordeste,Oriental,4413,913.0165524420823
Nordeste,Oriental,4414,913.0165525855958
Nordeste,Oriental,4415,913.0165684490796
Nordeste,Oriental,4416,913.0165692132626
Nordeste,Oriental,5185,70.93555602258901
Nordeste,Oriental,5186,218.3034907973667
Nordeste,Oriental,5187,288.97003024764683
Nordeste,Oriental,5188,349.4106211443637
Nordeste,Oriental,5189,376.8617699684961
Nordeste,Oriental,5190,354.86239445335434
Nordeste,Oriental,5191,406.2662998825139
Nordeste,Oriental,5192,636.1085364848985
Nordeste,Oriental,5193,546.3672059942891
Nordeste,Oriental,5194,441.1118396569142
Nordeste,Oriental,5195,386.62891679686663
Nordeste,Oriental,5196,387.24848389523396
Nordeste,Oriental,5197,445.4460051370325
Nordeste,Oriental,5198,582.2026077704242
Nordeste,Oriental,5199,749.3757629973602
Nordeste,Oriental,5200,563.8117615343854
Nordeste,Oriental,5201,126.2522797718005
Nordeste,Oriental,5202,35.8372917154524
Nordeste,Oriental,5203,43.13520057221895
Nordeste,Oriental,5204,8.937055693643508e-06
Nordeste,Oriental,5205,46.04685593349658
Nordeste,Oriental,5206,8.46541730010718e-06
Nordeste,Oriental,5207,21.049393114569597
Nordeste,Oriental,5208,28.003788496757448
Nordeste,Oriental,5209,641.4424883341969
Nordeste,Oriental,5210,1071.3337906111233
Nordeste,Oriental,5211,980.3625633698979
Nordeste,Oriental,5212,916.4955626203036
Nordeste,Oriental,5213,898.8023931086925
Nordeste,Oriental,5214,954.628614220123
Nordeste,Oriental,5215,992.2545632122531
Nordeste,Oriental,5216,859.8171745663701
Nordeste,Oriental,5217,772.4623840924984
Nordeste,Oriental,5218,627.7907555381029
Nordeste,Oriental,5219,666.6156350782669
Nordeste,Oriental,5220,654.6077193943861
Nordeste,Oriental,5221,650.3038431616948
Nordeste,Oriental,5222,805.2069884989562
Nordeste,Oriental,5223,1002.3245020420563
Nordeste,Oriental,5224,1139.942080890437
Nordeste,Oriental,5225,465.2937815335404
Nordeste,Oriental,5226,32.96499531424002
Nordeste,Oriental,5227,72.68900565463655
Nordeste,Oriental,5228,152.45700716500832
Nordeste,Oriental,5229,159.5682554309136
Nordeste,Oriental,5230,120.00692339615593
Nordeste,Oriental,5231,24.06998943143242
Nordeste,Oriental,5232,159.08332729684017
Nordeste,Oriental,5233,299.8219293013399
Nordeste,Oriental,5234,537.9447158154073
Nordeste,Oriental,5235,696.7265946822081
Nordeste,Oriental,5236,789.5640712878168
Nordeste,Oriental,5237,802.0538805093263
Nordeste,Oriental,5238,780.8186785152062
Nordeste,Oriental,5239,775.7287102816292
Nordeste,Oriental,5240,799.268863238054
Nordeste,Oriental,5241,833.0987226320455
Nordeste,Oriental,5242,940.5915706274851
Nordeste,Oriental,5243,1049.74068817877
Nordeste,Oriental,5244,1024.1028486284583
Nordeste,Oriental,5245,925.9092827462867
Nordeste,Oriental,5246,828.7180293676136
Nordeste,Oriental,5247,873.9537671599745
Nordeste,Oriental,5248,774.9427250538649
Nordeste,Oriental,5249,79.12586942559682
Nordeste,Oriental,5250,9.180724191121464e-07
Nordeste,Oriental,5251,9.245163499288728e-07
Nordeste,Oriental,5252,67.6387201264402
Nordeste,Oriental,5253,103.4686807219752
Nordeste,Oriental,5254,64.08997035609858
Nordeste,Oriental,5255,9.166362617860254e-07
Nordeste,Oriental,5256,1.4275364418411887e-06
Nordeste,Oriental,5257,784.1287796571531
Nordeste,Oriental,5258,1109.416726809883
Nordeste,Oriental,5259,1085.7735875553226
Nordeste,Oriental,5260,1050.4514388783334
Nordeste,Oriental,5261,1029.9085754598445
Nordeste,Oriental,5262,1067.3532021381313
Nordeste,Oriental,5263,1072.2585865508568
Nordeste,Oriental,5264,906.1255085579454
Nordeste,Oriental,5265,939.1646923809444
Nordeste,Oriental,5266,1177.790562840427
Nordeste,Oriental,5267,1106.4819585886507
Nordeste,Oriental,5268,1058.8525883113596
Nordeste,Oriental,5269,1088.0132613578164
Nordeste,Oriental,5270,897.1481981008444
Nordeste,Oriental,5271,1106.0106894544583
Nordeste,Oriental,5272,1362.9406875557568
Nordeste,Oriental,5273,635.0510754005145
Nordeste,Oriental,5274,188.32351715070595
Nordeste,Oriental,5275,275.6022636800311
Nordeste,Oriental,5276,53.63348537365084
Nordeste,Oriental,5277,96.13080173265436
Nordeste,Oriental,5278,61.30744816521481
Nordeste,Oriental,5279,75.34736661030817
Nordeste,Oriental,5280,389.1909139269904
Nordeste,Oriental,5281,625.8105205938981
Nordeste,Oriental,5282,642.2134570021014
Nordeste,Oriental,5283,649.6789213637732
Nordeste,Oriental,5284,619.2693719599365
Nordeste,Oriental,5285,589.2547293558256
Nordeste,Oriental,5286,627.8966008125042
Nordeste,Oriental,5287,607.1813809720464
Nordeste,Oriental,5288,624.7599914353973
Nordeste,Oriental,5289,752.6787065246522
Nordeste,Oriental,5290,915.508023435784
Nordeste,Oriental,5291,1027.3802545391516
Nordeste,Oriental,5292,1009.2238109058603
Nordeste,Oriental,5293,871.7502768084192
Nordeste,Oriental,5294,661.741602626609
Nordeste,Oriental,5295,479.0334592086417
Nordeste,Oriental,5296,554.7137113509486
Nordeste,Oriental,5297,36.556134169351
Nordeste,Oriental,5298,4.16244954521091e-06
Nordeste,Oriental,5299,36.69084909086516
Nordeste,Oriental,5300,160.50921543152884
Nordeste,Oriental,5301,331.77239896040487
Nordeste,Oriental,5302,233.02056250663222
Nordeste,Oriental,5303,2.6377641069838854e-05
Nordeste,Oriental,5304,263.92809018953943
Nordeste,Oriental,5305,641.2282746065466
Nordeste,Oriental,5306,675.1892283452621
Nordeste,Oriental,5307,592.3198771189063
Nordeste,Oriental,5308,512.0718652483783
Nordeste,Oriental,5309,472.25563791636347
Nordeste,Oriental,5310,505.2315620005513
Nordeste,Oriental,5311,489.2911180571167
Nordeste,Oriental,5312,591.2050072383323
Nordeste,Oriental,5313,747.672920173772
Nordeste,Oriental,5314,894.2360476167495
Nordeste,Oriental,5315,1008.9661984778838
Nordeste,Oriental,5316,969.2138876162767
Nordeste,Oriental,5317,822.1317064296051
Nordeste,Oriental,5318,694.320379191308
Nordeste,Oriental,5319,505.15365315779115
Nordeste,Oriental,5320,704.2760059281226
Nordeste,Oriental,5321,754.6986920864247
Nordeste,Oriental,5322,413.06104678262784
Nordeste,Oriental,5323,672.8240623577744
Nordeste,Oriental,5324,348.28093351694
Nordeste,Oriental,5325,326.23846269680166
Nordeste,Oriental,5326,318.1995920785526
Nordeste,Oriental,5327,478.6208336875371
Nordeste,Oriental,5328,851.0596382279333
Nordeste,Oriental,5329,863.4438425116441
Nordeste,Oriental,5330,948.7234909958554
Nordeste,Oriental,5331,1008.4825570221857
Nordeste,Oriental,5332,1039.5229314939456
Nordeste,Oriental,5333,1045.41362503386
Nordeste,Oriental,5334,1028.2806085482885
Nordeste,Oriental,5335,1036.5607576664383
Nordeste,Oriental,5336,971.3692520053967
Nordeste,Oriental,5337,922.2237393354466
Nordeste,Oriental,5338,912.5407472285862
Nordeste,Oriental,5339,922.3055523741369
Nordeste,Oriental,5340,904.7718713665544
Nordeste,Oriental,5341,900.3486662306237
Nordeste,Oriental,5342,919.834725398682
Nordeste,Oriental,5343,934.4813525008816
Nordeste,Oriental,5344,596.8220724952511
Nordeste,Oriental,5345,289.20830067651116
Nordeste,Oriental,5346,375.42971986312904
Nordeste,Oriental,5347,507.6950362771481
Nordeste,Oriental,5348,590.7549714003543
Nordeste,Oriental,5349,590.5735955723998
Nordeste,Oriental,5350,534.92149395294
Nordeste,Oriental,5351,539.7238315799966
Nordeste,Oriental,5352,718.9071581004278
Nordeste,Oriental,5353,1510.1582602831973
Nordeste,Oriental,5354,1343.8114737410244
Nordeste,Oriental,5355,1312.8253884503363
Nordeste,Oriental,5356,1227.4253980374447
Nordeste,Oriental,5357,1190.2484155799566
Nordeste,Oriental,5358,1267.0206265669458
Nordeste,Oriental,5359,1296.2089222990937
Nordeste,Oriental,5360,1040.1620816603984
Nordeste,Oriental,5361,998.1476781103106
Nordeste,Oriental,5362,1042.2905020499757
Nordeste,Oriental,5363,989.124083598433
Nordeste,Oriental,5364,956.4157651707583
Nordeste,Oriental,5365,962.6140838981651
Nordeste,Oriental,5366,1098.0941915405176
Nordeste,Oriental,5367,1363.0043300476577
Nordeste,Oriental,5368,1510.1582602906701
Nordeste,Oriental,5369,1510.1582602934177
Nordeste,Oriental,5370,1510.1582602928138
Nordeste,Oriental,5371,1510.1582602885833
Nordeste,Oriental,5372,1468.3450936015686
Nordeste,Oriental,5373,1458.3575760540868
Nordeste,Oriental,5374,1510.1582587951036
Nordeste,Oriental,5375,1510.1582602864898
Nordeste,Oriental,5376,1510.1582602882984
Oriental,Nordeste,1,3.2777888068553923e-07
Oriental,Nordeste,2,3.277579765870221e-07
Oriental,Nordeste,3,3.27745229270286e-07
Oriental,Nordeste,4,3.2773678229730943e-07
Oriental,Nordeste,5,3.277331715320499e-07
Oriental,Nordeste,6,3.277283953959375e-07
Oriental,Nordeste,7,3.277391747589886e-07
Oriental,Nordeste,8,3.277414363995193e-07
Oriental,Nordeste,9,3.277574939316437e-07
Oriental,Nordeste,10,3.2777808951947783e-07
Oriental,Nordeste,11,3.2779010768457395e-07
Oriental,Nordeste,12,3.2780251449981024e-07
Oriental,Nordeste,13,3.2781124704768064e-07
Oriental,Nordeste,14,3.278104446456221e-07
Oriental,Nordeste,15,3.278116119290229e-07
Oriental,Nordeste,16,3.2781378767588104e-07
Oriental,Nordeste,17,3.2781275669895334e-07
Oriental,Nordeste,18,3.2780875679642607e-07
Oriental,Nordeste,19,3.278262603040362e-07
Oriental,Nordeste,20,3.27828096289892e-07
Oriental,Nordeste,21,3.2782977767073927e-07
Oriental,Nordeste,22,3.278233232193306e-07
Oriental,Nordeste,23,3.2781250844388313e-07
Oriental,Nordeste,24,3.2779743537588376e-07
Oriental,Nordeste,25,2.058869902596467e-06
Oriental,Nordeste,26,2.0588087322745357e-06
Oriental,Nordeste,27,2.0587433026232918e-06
Oriental,Nordeste,28,2.0587154124776625e-06
Oriental,Nordeste,29,2.058706465272886e-06
Oriental,Nordeste,30,2.0587050238486415e-06
Oriental,Nordeste,31,2.0587129491378967e-06
Oriental,Nordeste,32,2.0587423386814362e-06
Oriental,Nordeste,33,2.058715803731186e-06
Oriental,Nordeste,34,2.0587328438734393e-06
Oriental,Nordeste,35,2.0587819582642426e-06
Oriental,Nordeste,36,2.058863255985318e-06
Oriental,Nordeste,37,2.0589570243815626e-06
Oriental,Nordeste,38,2.0590140976145113e-06
Oriental,Nordeste,39,2.059026655679327e-06
Oriental,Nordeste,40,2.059010852520128e-06
Oriental,Nordeste,41,2.059009994713955e-06
Oriental,Nordeste,42,2.0589975328800605e-06
Oriental,Nordeste,43,2.059053667284441e-06
Oriental,Nordeste,44,2.0593835462533335e-06
Oriental,Nordeste,45,2.0595050782243967e-06
Oriental,Nordeste,46,2.0594359131989654e-06
Oriental,Nordeste,47,2.0592845382219836e-06
Oriental,Nordeste,48,2.059076187879948e-06
Oriental,Nordeste,49,3.094030980409323e-07
Oriental,Nordeste,50,3.093845813820839e-07
Oriental,Nordeste,51,3.093763545743266e-07
Oriental,Nordeste,52,3.093714930870764e-07
Oriental,Nordeste,53,3.093697736445988e-07
Oriental,Nordeste,54,3.0936933937528875e-07
Oriental,Nordeste,55,3.093768476850149e-07
Oriental,Nordeste,56,3.093762876261571e-07
Oriental,Nordeste,57,3.093886670519862e-07
Oriental,Nordeste,58,3.094048153188347e-07
Oriental,Nordeste,59,3.094139969224649e-07
Oriental,Nordeste,60,3.0942597046944485e-07
Oriental,Nordeste,61,3.0943599746994207e-07
Oriental,Nordeste,62,3.094337965669335e-07
Oriental,Nordeste,63,3.094373270738691e-07
Oriental,Nordeste,64,3.0944468445268855e-07
Oriental,Nordeste,65,3.094462488948867e-07
Oriental,Nordeste,66,3.09440084699832e-07
Oriental,Nordeste,67,3.0943131393724586e-07
Oriental,Nordeste,68,3.09461365268875e-07
Oriental,Nordeste,69,3.0947043966706913e-07
Oriental,Nordeste,70,3.094602913447749e-07
Oriental,Nordeste,71,3.094414946939891e-07
Oriental,Nordeste,72,3.094195272244468e-07
Oriental,Nordeste,73,1.961942274896217e-06
Oriental,Nordeste,74,1.961934528207565e-06
Oriental,Nordeste,75,1.9619723124253735e-06
Oriental,Nordeste,76,1.9620626089434877e-06
Oriental,Nordeste,77,1.9621606682983666e-06
Oriental,Nordeste,78,1.962206523929324e-06
Oriental,Nordeste,79,1.9623112070470073e-06
Oriental,Nordeste,80,1.9625149474134046e-06
Oriental,Nordeste,81,1.9623582806184127e-06
Oriental,Nordeste,82,1.962184169628094e-06
Oriental,Nordeste,83,1.962080803078347e-06
Oriental,Nordeste,84,1.962036392438754e-06
Oriental,Nordeste,85,1.9620313187808783e-06
Oriental,Nordeste,86,1.9620400404852842e-06
Oriental,Nordeste,87,1.962045992566649e-06
Oriental,Nordeste,88,1.96203677400977e-06
Oriental,Nordeste,89,1.9620189369411126e-06
Oriental,Nordeste,90,1.962002697056754e-06
Oriental,Nordeste,91,1.9619990435302393e-06
Oriental,Nordeste,92,1.962243306310441e-06
Oriental,Nordeste,93,1.9624125560446813e-06
Oriental,Nordeste,94,1.962336624107422e-06
Oriental,Nordeste,95,1.9621855876662155e-06
Oriental,Nordeste,96,1.9620221645489324e-06
Oriental,Nordeste,97,3.087229537164789e-07
Oriental,Nordeste,98,3.087397481352073e-07
Oriental,Nordeste,99,3.087413231184513e-07
Oriental,Nordeste,100,3.0873870874540733e-07
Oriental,Nordeste,101,3.087361645323427e-07
Oriental,Nordeste,102,3.087365736084758e-07
Oriental,Nordeste,103,3.087383901734346e-07
Oriental,Nordeste,104,3.0873854443999186e-07
Oriental,Nordeste,105,3.08732858568831e-07
Oriental,Nordeste,106,3.0871954910736104e-07
Oriental,Nordeste,107,3.0871385255228185e-07
Oriental,Nordeste,108,3.0871159679065214e-07
Oriental,Nordeste,109,3.0871378884425864e-07
Oriental,Nordeste,110,3.087125703475071e-07
Oriental,Nordeste,111,3.0871240572662394e-07
Oriental,Nordeste,112,3.087132749566125e-07
Oriental,Nordeste,113,3.087120602806005e-07
Oriental,Nordeste,114,3.087081230465411e-07
Oriental,Nordeste,115,3.0870445045961024e-07
Oriental,Nordeste,116,3.0871678623624963e-07
Oriental,Nordeste,117,3.087234646755937e-07
Oriental,Nordeste,118,3.087188405114648e-07
Oriental,Nordeste,119,3.0871080661037573e-07
Oriental,Nordeste,120,3.087093346710478e-07
Oriental,Nordeste,121,2.0027911378823915e-06
Oriental,Nordeste,122,2.002887954435625e-06
Oriental,Nordeste,123,2.0031814209424822e-06
Oriental,Nordeste,124,2.003410254525468e-06
Oriental,Nordeste,125,2.003555795045962e-06
Oriental,Nordeste,126,2.003617157697604e-06
Oriental,Nordeste,127,2.00369818665204e-06
Oriental,Nordeste,128,2.0038123954210575e-06
Oriental,Nordeste,129,2.003770336793025e-06
Oriental,Nordeste,130,2.0036527125290576e-06
Oriental,Nordeste,131,2.003482150518211e-06
Oriental,Nordeste,132,2.0032963228183524e-06
Oriental,Nordeste,133,2.0030613806101564e-06
Oriental,Nordeste,134,2.002864720165098e-06
Oriental,Nordeste,135,2.0027530042691133e-06
Oriental,Nordeste,136,2.002730210713219e-06
Oriental,Nordeste,137,2.00270383231019e-06
Oriental,Nordeste,138,2.0026619020253826e-06
Oriental,Nordeste,139,2.0026272295531016e-06
Oriental,Nordeste,140,2.0021651396732793e-06
Oriental,Nordeste,141,2.002052996697604e-06
Oriental,Nordeste,142,2.002080687582745e-06
Oriental,Nordeste,143,2.0021388419502575e-06
Oriental,Nordeste,144,2.0023748112646574e-06
Oriental,Nordeste,145,2.8725554880288505e-07
Oriental,Nordeste,146,2.872460574617788e-07
Oriental,Nordeste,147,2.872422826199049e-07
Oriental,Nordeste,148,2.872406842889656e-07
Oriental,Nordeste,149,2.872399232287887e-07
Oriental,Nordeste,150,2.872373474993549e-07
Oriental,Nordeste,151,2.8723953827529983e-07
Oriental,Nordeste,152,2.872413027266507e-07
Oriental,Nordeste,153,2.8724871497482515e-07
Oriental,Nordeste,154,2.872594036139662e-07
Oriental,Nordeste,155,2.8726789423971243e-07
Oriental,Nordeste,156,2.8727862239758206e-07
Oriental,Nordeste,157,2.872878479795781e-07
Oriental,Nordeste,158,2.8728707674391903e-07
Oriental,Nordeste,159,2.872901978739153e-07
Oriental,Nordeste,160,2.872947671493034e-07
Oriental,Nordeste,161,2.8729477326356037e-07
Oriental,Nordeste,162,2.872906836888059e-07
Oriental,Nordeste,163,2.873001355562094e-07
Oriental,Nordeste,164,2.873127409531665e-07
Oriental,Nordeste,165,2.873121820144825e-07
Oriental,Nordeste,166,2.873049203207961e-07
Oriental,Nordeste,167,2.8729080520820174e-07
Oriental,Nordeste,168,2.872712466713653e-07
Oriental,Nordeste,169,1.8466898517700067e-06
Oriental,Nordeste,170,1.8467214589228144e-06
Oriental,Nordeste,171,1.8468118266806682e-06
Oriental,Nordeste,172,1.8469318526618584e-06
Oriental,Nordeste,173,1.8470774978556958e-06
Oriental,Nordeste,174,1.8471494200594124e-06
Oriental,Nordeste,175,1.8472730575184113e-06
Oriental,Nordeste,176,1.847509849207103e-06
Oriental,Nordeste,177,1.847326920367601e-06
Oriental,Nordeste,178,1.8470862940053532e-06
Oriental,Nordeste,179,1.8469196057951519e-06
Oriental,Nordeste,180,1.8468257553871506e-06
Oriental,Nordeste,181,1.8467780286366877e-06
Oriental,Nordeste,182,1.8467651546356087e-06
Oriental,Nordeste,183,1.8467424443977663e-06
Oriental,Nordeste,184,1.8467181791014043e-06
Oriental,Nordeste,185,1.8466958971434074e-06
Oriental,Nordeste,186,1.8466717658338057e-06
Oriental,Nordeste,187,1.8466662936494306e-06
Oriental,Nordeste,188,1.8468194706839987e-06
Oriental,Nordeste,189,1.8468745318736498e-06
Oriental,Nordeste,190,1.8468273720228803e-06
Oriental,Nordeste,191,1.8467441619337183e-06
Oriental,Nordeste,192,1.8466701673536656e-06
Oriental,Nordeste,385,1.8118582053956205e-07
Oriental,Nordeste,386,1.8117399236046827e-07
Oriental,Nordeste,387,1.8116618956692799e-07
Oriental,Nordeste,388,1.811600946008244e-07
Oriental,Nordeste,389,1.811569311509868e-07
Oriental,Nordeste,390,1.811101073726194e-07
Oriental,Nordeste,391,1.811037910178983e-07
Oriental,Nordeste,392,1.8106412977995133e-07
Oriental,Nordeste,393,1.8101255121696854e-07
Oriental,Nordeste,394,1.8097891329252555e-07
Oriental,Nordeste,395,1.8095307276224962e-07
Oriental,Nordeste,396,1.8096223470649518e-07
Oriental,Nordeste,397,1.8099589588788514e-07
Oriental,Nordeste,398,1.8103302076346708e-07
Oriental,Nordeste,399,1.8108605914233921e-07
Oriental,Nordeste,400,1.8112667288815656e-07
Oriental,Nordeste,401,1.8115169685020905e-07
Oriental,Nordeste,402,1.811637759111281e-07
Oriental,Nordeste,403,1.8125989266981595e-07
Oriental,Nordeste,404,1.8123704682184825e-07
Oriental,Nordeste,405,1.8124106878860836e-07
Oriental,Nordeste,406,1.8123208777385125e-07
Oriental,Nordeste,407,1.812178756669123e-07
Oriental,Nordeste,408,1.812011114820914e-07
Oriental,Nordeste,409,7.948115853285801e-07
Oriental,Nordeste,410,7.948242174153695e-07
Oriental,Nordeste,411,7.948457078838275e-07
Oriental,Nordeste,412,7.948665100956805e-07
Oriental,Nordeste,413,7.948802893680299e-07
Oriental,Nordeste,414,7.94863798798611e-07
Oriental,Nordeste,415,7.947981140371468e-07
Oriental,Nordeste,416,7.946935731854309e-07
Oriental,Nordeste,417,7.945380162760554e-07
Oriental,Nordeste,418,7.944097017605685e-07
Oriental,Nordeste,419,7.943102321290577e-07
Oriental,Nordeste,420,7.943098274577434e-07
Oriental,Nordeste,421,7.943909940441714e-07
Oriental,Nordeste,422,7.944700951167738e-07
Oriental,Nordeste,423,7.945945860197508e-07
Oriental,Nordeste,424,7.947245676016331e-07
Oriental,Nordeste,425,7.948236488843245e-07
Oriental,Nordeste,426,7.948722533018065e-07
Oriental,Nordeste,427,7.949123262303488e-07
Oriental,Nordeste,428,7.949467898257581e-07
Oriental,Nordeste,429,7.949583255112699e-07
Oriental,Nordeste,430,7.949304419706712e-07
Oriental,Nordeste,431,7.948846927284681e-07
Oriental,Nordeste,432,7.948356515036554e-07
Oriental,Nordeste,433,1.5607330621775126e-07
Oriental,Nordeste,434,1.5606678021907344e-07
Oriental,Nordeste,435,1.5606441536093004e-07
Oriental,Nordeste,436,1.5606345030269549e-07
Oriental,Nordeste,437,1.5606333043580953e-07
Oriental,Nordeste,438,1.5604306816938494e-07
Oriental,Nordeste,439,1.5603513594649703e-07
Oriental,Nordeste,440,1.560166753281267e-07
Oriental,Nordeste,441,1.559962007004496e-07
Oriental,Nordeste,442,1.5597933509883254e-07
Oriental,Nordeste,443,1.5596706819310032e-07
Oriental,Nordeste,444,1.5597151715651627e-07
Oriental,Nordeste,445,1.5598726228307688e-07
Oriental,Nordeste,446,1.5599988097739667e-07
Oriental,Nordeste,447,1.5602058725440897e-07
Oriental,Nordeste,448,1.5604098700029275e-07
Oriental,Nordeste,449,1.5605450710593583e-07
Oriental,Nordeste,450,1.5605994144428147e-07
Oriental,Nordeste,451,1.560582530909971e-07
Oriental,Nordeste,452,1.56115465260017e-07
Oriental,Nordeste,453,1.561230917464684e-07
Oriental,Nordeste,454,1.561157853968658e-07
Oriental,Nordeste,455,1.5610181501581667e-07
Oriental,Nordeste,456,1.5608477283645695e-07
Oriental,Nordeste,457,7.940413190350881e-07
Oriental,Nordeste,458,7.941114855327898e-07
Oriental,Nordeste,459,7.94178954103704e-07
Oriental,Nordeste,460,7.942403854920572e-07
Oriental,Nordeste,461,7.942709196128078e-07
Oriental,Nordeste,462,7.942277384282283e-07
Oriental,Nordeste,463,7.94091357359025e-07
Oriental,Nordeste,464,7.940225117388272e-07
Oriental,Nordeste,465,7.93886919949077e-07
Oriental,Nordeste,466,7.937678282726681e-07
Oriental,Nordeste,467,7.936938938208393e-07
Oriental,Nordeste,468,7.93672466665737e-07
Oriental,Nordeste,469,7.937025821344201e-07
Oriental,Nordeste,470,7.937435830142864e-07
Oriental,Nordeste,471,7.938262546701364e-07
Oriental,Nordeste,472,7.939293848398768e-07
Oriental,Nordeste,473,7.940007513259821e-07
Oriental,Nordeste,474,7.940332585530357e-07
Oriental,Nordeste,475,7.940192949825197e-07
Oriental,Nordeste,476,7.94095063433998e-07
Oriental,Nordeste,477,7.941283479150898e-07
Oriental,Nordeste,478,7.94091367723531e-07
Oriental,Nordeste,479,7.940371972021204e-07
Oriental,Nordeste,480,7.940069799544854e-07
Oriental,Nordeste,481,1.561350725115334e-07
Oriental,Nordeste,482,1.5614657620009475e-07
Oriental,Nordeste,483,1.5615620861868766e-07
Oriental,Nordeste,484,1.5616373749063366e-07
Oriental,Nordeste,485,1.5616745029314907e-07
Oriental,Nordeste,486,1.5615134661363285e-07
Oriental,Nordeste,487,1.5613895528447526e-07
Oriental,Nordeste,488,1.5612326200634028e-07
Oriental,Nordeste,489,1.5609738075855183e-07
Oriental,Nordeste,490,1.5607266687184263e-07
Oriental,Nordeste,491,1.5605580334178698e-07
Oriental,Nordeste,492,1.5604746787417508e-07
Oriental,Nordeste,493,1.5604911179398256e-07
Oriental,Nordeste,494,1.560565469442607e-07
Oriental,Nordeste,495,1.5606740747660933e-07
Oriental,Nordeste,496,1.5608056086141572e-07
Oriental,Nordeste,497,1.5609281493619318e-07
Oriental,Nordeste,498,1.5610093201536853e-07
Oriental,Nordeste,499,1.5610342825593844e-07
Oriental,Nordeste,500,1.5614192627135684e-07
Oriental,Nordeste,501,1.5614825283132363e-07
Oriental,Nordeste,502,1.5614458861627723e-07
Oriental,Nordeste,503,1.561366857530584e-07
Oriental,Nordeste,504,1.5613088591388705e-07
Oriental,Nordeste,505,7.942889640587052e-07
Oriental,Nordeste,506,7.943793587789311e-07
Oriental,Nordeste,507,7.944147644657933e-07
Oriental,Nordeste,508,7.944338744004684e-07
Oriental,Nordeste,509,7.944422815651541e-07
Oriental,Nordeste,510,7.944286840969397e-07
Oriental,Nordeste,511,7.943702967682434e-07
Oriental,Nordeste,512,7.94300183846848e-07
Oriental,Nordeste,513,7.94187401130594e-07
Oriental,Nordeste,514,7.940682766358954e-07
Oriental,Nordeste,515,7.939797194550232e-07
Oriental,Nordeste,516,7.938945779625029e-07
Oriental,Nordeste,517,7.938375990886582e-07
Oriental,Nordeste,518,7.93871016195762e-07
Oriental,Nordeste,519,7.938739490683776e-07
Oriental,Nordeste,520,7.938745187626547e-07
Oriental,Nordeste,521,7.939088744025971e-07
Oriental,Nordeste,522,7.939474639489794e-07
Oriental,Nordeste,523,7.94005337689428e-07
Oriental,Nordeste,524,7.939541164663307e-07
Oriental,Nordeste,525,7.939397339332299e-07
Oriental,Nordeste,526,7.939499884552169e-07
Oriental,Nordeste,527,7.939946620651195e-07
Oriental,Nordeste,528,7.941329679887094e-07
Oriental,Nordeste,529,1.538210300705314e-07
Oriental,Nordeste,530,1.5381653815036441e-07
Oriental,Nordeste,531,1.5381494473644712e-07
Oriental,Nordeste,532,1.5381471383312003e-07
Oriental,Nordeste,533,1.5381469225694715e-07
Oriental,Nordeste,534,1.5379883451021275e-07
Oriental,Nordeste,535,1.5379450710687745e-07
Oriental,Nordeste,536,1.5378585007006642e-07
Oriental,Nordeste,537,1.537753850301925e-07
Oriental,Nordeste,538,1.5376848546758446e-07
Oriental,Nordeste,539,1.5376403584196528e-07
Oriental,Nordeste,540,1.537653797941836e-07
Oriental,Nordeste,541,1.5377146914088468e-07
Oriental,Nordeste,542,1.537772043773323e-07
Oriental,Nordeste,543,1.5378671451721846e-07
Oriental,Nordeste,544,1.5379679508206885e-07
Oriental,Nordeste,545,1.5380435510291036e-07
Oriental,Nordeste,546,1.5380831169792192e-07
Oriental,Nordeste,547,1.538651996916235e-07
Oriental,Nordeste,548,1.5385457673158886e-07
Oriental,Nordeste,549,1.5385484016305032e-07
Oriental,Nordeste,550,1.538500192757689e-07
Oriental,Nordeste,551,1.5384117063496085e-07
Oriental,Nordeste,552,1.538299222891196e-07
Oriental,Nordeste,553,7.243364371939169e-07
Oriental,Nordeste,554,7.244957309886964e-07
Oriental,Nordeste,555,7.246091318576465e-07
Oriental,Nordeste,556,7.246998616325991e-07
Oriental,Nordeste,557,7.247445555867556e-07
Oriental,Nordeste,558,7.246998115162202e-07
Oriental,Nordeste,559,7.245423308360674e-07
Oriental,Nordeste,560,7.244473314080541e-07
Oriental,Nordeste,561,7.242336698690032e-07
Oriental,Nordeste,562,7.240709019296697e-07
Oriental,Nordeste,563,7.23970988041399e-07
Oriental,Nordeste,564,7.239097720008944e-07
Oriental,Nordeste,565,7.239037116610089e-07
Oriental,Nordeste,566,7.239461228862436e-07
Oriental,Nordeste,567,7.240421125543352e-07
Oriental,Nordeste,568,7.241940855175177e-07
Oriental,Nordeste,569,7.242959358156954e-07
Oriental,Nordeste,570,7.243326802893269e-07
Oriental,Nordeste,571,7.243490245849436e-07
Oriental,Nordeste,572,7.244155592762418e-07
Oriental,Nordeste,573,7.244075040781252e-07
Oriental,Nordeste,574,7.243708729878579e-07
Oriental,Nordeste,575,7.243079682500728e-07
Oriental,Nordeste,576,7.242775813153201e-07
Oriental,Nordeste,1345,1.3283311867002153e-06
Oriental,Nordeste,1346,1.326918832783167e-06
Oriental,Nordeste,1347,1.3262157381473111e-06
Oriental,Nordeste,1348,1.3256913716179095e-06
Oriental,Nordeste,1349,1.3254667968715707e-06
Oriental,Nordeste,1350,1.3255139356524588e-06
Oriental,Nordeste,1351,1.3255678662409696e-06
Oriental,Nordeste,1352,1.3246430699532416e-06
Oriental,Nordeste,1353,1.3241650645381567e-06
Oriental,Nordeste,1354,1.3239517303964963e-06
Oriental,Nordeste,1355,1.3237804491933838e-06
Oriental,Nordeste,1356,1.3239867280600776e-06
Oriental,Nordeste,1357,1.3244393091338316e-06
Oriental,Nordeste,1358,1.3248202361890403e-06
Oriental,Nordeste,1359,1.3255851297548698e-06
Oriental,Nordeste,1360,1.3274129952475617e-06
Oriental,Nordeste,1361,1.350032185394337e-06
Oriental,Nordeste,1362,21.179445858549702
Oriental,Nordeste,1363,5.280780521465649
Oriental,Nordeste,1364,85.99517408703643
Oriental,Nordeste,1365,106.23570194660657
Oriental,Nordeste,1366,72.22355233607175
Oriental,Nordeste,1367,13.21840227770378
Oriental,Nordeste,1368,1.3398282414780793e-06
Oriental,Nordeste,1369,1.2073816874855195e-06
Oriental,Nordeste,1370,1.2070141448235137e-06
Oriental,Nordeste,1371,1.2068445013887115e-06
Oriental,Nordeste,1372,1.2067823196818744e-06
Oriental,Nordeste,1373,1.2067540365646834e-06
Oriental,Nordeste,1374,1.2067778697136912e-06
Oriental,Nordeste,1375,1.2067336782190353e-06
Oriental,Nordeste,1376,1.206247418175704e-06
Oriental,Nordeste,1377,1.2058823294657645e-06
Oriental,Nordeste,1378,1.2057193149747373e-06
Oriental,Nordeste,1379,1.2055835842391082e-06
Oriental,Nordeste,1380,1.2056322433444988e-06
Oriental,Nordeste,1381,1.2057862374097642e-06
Oriental,Nordeste,1382,1.2059393176826236e-06
Oriental,Nordeste,1383,1.2063711110428414e-06
Oriental,Nordeste,1384,1.2075539020840421e-06
Oriental,Nordeste,1385,1.208534573725673e-06
Oriental,Nordeste,1386,1.2087994766795571e-06
Oriental,Nordeste,1387,1.2086776635547538e-06
Oriental,Nordeste,1388,1.2090836314397082e-06
Oriental,Nordeste,1389,1.209161046328724e-06
Oriental,Nordeste,1390,1.2089898051005576e-06
Oriental,Nordeste,1391,1.2086485872191138e-06
Oriental,Nordeste,1392,1.208066201813822e-06
Oriental,Nordeste,1393,2.612717173195548e-07
Oriental,Nordeste,1394,2.6119454087677564e-07
Oriental,Nordeste,1395,2.611610671433552e-07
Oriental,Nordeste,1396,2.611404631299624e-07
Oriental,Nordeste,1397,2.6113062923640294e-07
Oriental,Nordeste,1398,2.6111269557046125e-07
Oriental,Nordeste,1399,2.6111113091358846e-07
Oriental,Nordeste,1400,2.6103989652641394e-07
Oriental,Nordeste,1401,2.6099749977514113e-07
Oriental,Nordeste,1402,2.6096551155095015e-07
Oriental,Nordeste,1403,2.6094543404979185e-07
Oriental,Nordeste,1404,2.6094786789108635e-07
Oriental,Nordeste,1405,2.6097328743023366e-07
Oriental,Nordeste,1406,2.610042125800145e-07
Oriental,Nordeste,1407,2.61093668321309e-07
Oriental,Nordeste,1408,2.612461381577674e-07
Oriental,Nordeste,1409,2.6148477933386546e-07
Oriental,Nordeste,1410,2.6155262662110354e-07
Oriental,Nordeste,1411,2.615106156517711e-07
Oriental,Nordeste,1412,2.618006705219725e-07
Oriental,Nordeste,1413,2.618883904692239e-07
Oriental,Nordeste,1414,2.618077523637088e-07
Oriental,Nordeste,1415,2.616631255826209e-07
Oriental,Nordeste,1416,2.6145144066340715e-07
Oriental,Nordeste,1417,1.0971539333334999e-06
Oriental,Nordeste,1418,1.0970778901628962e-06
Oriental,Nordeste,1419,1.0972523750048512e-06
Oriental,Nordeste,1420,1.097431340485731e-06
Oriental,Nordeste,1421,1.0975290395513298e-06
Oriental,Nordeste,1422,1.0973602886753673e-06
Oriental,Nordeste,1423,1.0970292636968316e-06
Oriental,Nordeste,1424,1.0967895027220071e-06
Oriental,Nordeste,1425,1.0964277626452823e-06
Oriental,Nordeste,1426,1.0961625828953259e-06
Oriental,Nordeste,1427,1.0960458307988929e-06
Oriental,Nordeste,1428,1.09596851035684e-06
Oriental,Nordeste,1429,1.095982174967938e-06
Oriental,Nordeste,1430,1.096062024343665e-06
Oriental,Nordeste,1431,1.0964886612373304e-06
Oriental,Nordeste,1432,1.0980332696849727e-06
Oriental,Nordeste,1433,1.0990633380674863e-06
Oriental,Nordeste,1434,1.0993499500283347e-06
Oriental,Nordeste,1435,1.0989582387485924e-06
Oriental,Nordeste,1436,1.099613884706657e-06
Oriental,Nordeste,1437,1.0998472296162467e-06
Oriental,Nordeste,1438,1.0995970491947735e-06
Oriental,Nordeste,1439,1.0990496473169176e-06
Oriental,Nordeste,1440,1.0981494590211376e-06
Oriental,Nordeste,1441,2.6119943500700687e-07
Oriental,Nordeste,1442,2.611893000161493e-07
Oriental,Nordeste,1443,2.61187970125168e-07
Oriental,Nordeste,1444,2.6118429122363334e-07
Oriental,Nordeste,1445,2.611809625587871e-07
Oriental,Nordeste,1446,2.611566139607509e-07
Oriental,Nordeste,1447,2.611424948320445e-07
Oriental,Nordeste,1448,2.611109956576849e-07
Oriental,Nordeste,1449,2.6108046832690925e-07
Oriental,Nordeste,1450,2.6104859078206816e-07
Oriental,Nordeste,1451,2.610231334487336e-07
Oriental,Nordeste,1452,2.6100556990207357e-07
Oriental,Nordeste,1453,2.6100834768692833e-07
Oriental,Nordeste,1454,2.610316307585496e-07
Oriental,Nordeste,1455,2.610829725022579e-07
Oriental,Nordeste,1456,2.611908282791661e-07
Oriental,Nordeste,1457,2.613265027485428e-07
Oriental,Nordeste,1458,2.6139281473800094e-07
Oriental,Nordeste,1459,2.6131170484636987e-07
Oriental,Nordeste,1460,2.615635719483753e-07
Oriental,Nordeste,1461,2.6165974149285675e-07
Oriental,Nordeste,1462,2.6160974311257814e-07
Oriental,Nordeste,1463,2.614668648986441e-07
Oriental,Nordeste,1464,2.612758655064694e-07
Oriental,Nordeste,1465,1.093969898447808e-06
Oriental,Nordeste,1466,1.0941522914378443e-06
Oriental,Nordeste,1467,1.094183591664335e-06
Oriental,Nordeste,1468,1.0941952857444128e-06
Oriental,Nordeste,1469,1.0942493229805597e-06
Oriental,Nordeste,1470,1.094250596732055e-06
Oriental,Nordeste,1471,1.0941408942193493e-06
Oriental,Nordeste,1472,1.0940042225257998e-06
Oriental,Nordeste,1473,1.093816449929779e-06
Oriental,Nordeste,1474,1.09357567880678e-06
Oriental,Nordeste,1475,1.0934064236844158e-06
Oriental,Nordeste,1476,1.0931359761985615e-06
Oriental,Nordeste,1477,1.0928179533493964e-06
Oriental,Nordeste,1478,1.0928352331574325e-06
Oriental,Nordeste,1479,1.0927040923876338e-06
Oriental,Nordeste,1480,1.0930391827757498e-06
Oriental,Nordeste,1481,1.0936199748612826e-06
Oriental,Nordeste,1482,1.0938892146619402e-06
Oriental,Nordeste,1483,1.0935347406397574e-06
Oriental,Nordeste,1484,1.0938734589468694e-06
Oriental,Nordeste,1485,1.0941248835219002e-06
Oriental,Nordeste,1486,1.0939302296753225e-06
Oriental,Nordeste,1487,1.0935474305904367e-06
Oriental,Nordeste,1488,1.0935238877387128e-06
Oriental,Nordeste,1489,2.176431890157215e-07
Oriental,Nordeste,1490,2.1759764305245237e-07
Oriental,Nordeste,1491,2.175685348754005e-07
Oriental,Nordeste,1492,2.1755183955585218e-07
Oriental,Nordeste,1493,2.1754288052637552e-07
Oriental,Nordeste,1494,2.175315607355593e-07
Oriental,Nordeste,1495,2.1753692059222617e-07
Oriental,Nordeste,1496,2.175087637079927e-07
Oriental,Nordeste,1497,2.1748481540512576e-07
Oriental,Nordeste,1498,2.1747337512012737e-07
Oriental,Nordeste,1499,2.1746561505742285e-07
Oriental,Nordeste,1500,2.1749165534368208e-07
Oriental,Nordeste,1501,2.175473003378008e-07
Oriental,Nordeste,1502,2.1758747407228217e-07
Oriental,Nordeste,1503,2.1762822766324037e-07
Oriental,Nordeste,1504,2.1766306780619292e-07
Oriental,Nordeste,1505,2.1768535831594692e-07
Oriental,Nordeste,1506,2.1769022922857258e-07
Oriental,Nordeste,1507,2.17753055883121e-07
Oriental,Nordeste,1508,2.1778176407945484e-07
Oriental,Nordeste,1509,2.1778220539312513e-07
Oriental,Nordeste,1510,2.1776593299731233e-07
Oriental,Nordeste,1511,2.1773361940708012e-07
Oriental,Nordeste,1512,2.1768725494289413e-07
Oriental,Nordeste,1513,2.2770808086886255e-08
Oriental,Nordeste,1514,2.278417208441803e-08
Oriental,Nordeste,1515,2.2797103817652364e-08
Oriental,Nordeste,1516,2.2808259896509205e-08
Oriental,Nordeste,1517,2.281463792183882e-08
Oriental,Nordeste,1518,2.2816291889262113e-08
Oriental,Nordeste,1519,2.2801349338257078e-08
Oriental,Nordeste,1520,2.2796352882838738e-08
Oriental,Nordeste,1521,2.2778141998221948e-08
Oriental,Nordeste,1522,2.276373461175317e-08
Oriental,Nordeste,1523,2.275677801006377e-08
Oriental,Nordeste,1524,2.2752135365254898e-08
Oriental,Nordeste,1525,2.2751429466866023e-08
Oriental,Nordeste,1526,2.275486611335551e-08
Oriental,Nordeste,1527,2.2762189064343074e-08
Oriental,Nordeste,1528,2.2774808617357057e-08
Oriental,Nordeste,1529,2.2783621813864e-08
Oriental,Nordeste,1530,2.2784061340341174e-08
Oriental,Nordeste,1531,2.2784414023528954e-08
Oriental,Nordeste,1532,2.390794820494895e-08
Oriental,Nordeste,1533,2.2789537036891348e-08
Oriental,Nordeste,1534,2.2783400387917642e-08
Oriental,Nordeste,1535,2.2774335488191794e-08
Oriental,Nordeste,1536,2.276754416464004e-08
Oriental,Nordeste,2305,1.5767055683208764e-06
Oriental,Nordeste,2306,1.576472437332014e-06
Oriental,Nordeste,2307,1.5763690140398257e-06
Oriental,Nordeste,2308,1.5762962550765283e-06
Oriental,Nordeste,2309,1.576261549688999e-06
Oriental,Nordeste,2310,1.5762339665843346e-06
Oriental,Nordeste,2311,1.5763004501926373e-06
Oriental,Nordeste,2312,1.5763059619437317e-06
Oriental,Nordeste,2313,1.5764410568099576e-06
Oriental,Nordeste,2314,1.5766080477632988e-06
Oriental,Nordeste,2315,1.5767565446423023e-06
Oriental,Nordeste,2316,1.576854102024198e-06
Oriental,Nordeste,2317,1.5768927317768525e-06
Oriental,Nordeste,2318,1.5768821131798311e-06
Oriental,Nordeste,2319,1.576906127894857e-06
Oriental,Nordeste,2320,1.57704037796882e-06
Oriental,Nordeste,2321,1.5770947421421246e-06
Oriental,Nordeste,2322,1.5772034396887547e-06
Oriental,Nordeste,2323,1.5770957659373e-06
Oriental,Nordeste,2324,1.5779463671680402e-06
Oriental,Nordeste,2325,1.578491228657367e-06
Oriental,Nordeste,2326,1.5781352927332191e-06
Oriental,Nordeste,2327,1.5774601442434747e-06
Oriental,Nordeste,2328,1.5769019736988792e-06
Oriental,Nordeste,2329,8.97640165446201e-06
Oriental,Nordeste,2330,8.976403859113674e-06
Oriental,Nordeste,2331,8.976252199473536e-06
Oriental,Nordeste,2332,8.976183659720348e-06
Oriental,Nordeste,2333,8.976167344901235e-06
Oriental,Nordeste,2334,8.976166382411573e-06
Oriental,Nordeste,2335,8.976373939744092e-06
Oriental,Nordeste,2336,8.97739162378677e-06
Oriental,Nordeste,2337,8.978648337985472e-06
Oriental,Nordeste,2338,8.979554745240155e-06
Oriental,Nordeste,2339,8.980284380611301e-06
Oriental,Nordeste,2340,8.980454556802643e-06
Oriental,Nordeste,2341,8.9800338778449e-06
Oriental,Nordeste,2342,8.979401374674762e-06
Oriental,Nordeste,2343,8.978580286172112e-06
Oriental,Nordeste,2344,8.977982208532736e-06
Oriental,Nordeste,2345,8.977759857247362e-06
Oriental,Nordeste,2346,8.977488700599447e-06
Oriental,Nordeste,2347,8.977416681335007e-06
Oriental,Nordeste,2348,8.978474562100387e-06
Oriental,Nordeste,2349,8.978698180275664e-06
Oriental,Nordeste,2350,8.978131888548703e-06
Oriental,Nordeste,2351,8.977389049082638e-06
Oriental,Nordeste,2352,8.976787601183987e-06
Oriental,Nordeste,2353,3.8166100753508325e-07
Oriental,Nordeste,2354,3.8160401385425054e-07
Oriental,Nordeste,2355,3.8159133999991366e-07
Oriental,Nordeste,2356,3.8158752531841476e-07
Oriental,Nordeste,2357,3.8158742397684105e-07
Oriental,Nordeste,2358,3.815713397540082e-07
Oriental,Nordeste,2359,3.815745513333792e-07
Oriental,Nordeste,2360,3.8156695415451115e-07
Oriental,Nordeste,2361,3.8156652981920824e-07
Oriental,Nordeste,2362,3.8156042526025547e-07
Oriental,Nordeste,2363,3.81560168928128e-07
Oriental,Nordeste,2364,3.8155674902569733e-07
Oriental,Nordeste,2365,3.815607201992006e-07
Oriental,Nordeste,2366,3.815719867316165e-07
Oriental,Nordeste,2367,3.816100250701166e-07
Oriental,Nordeste,2368,3.817036332752511e-07
Oriental,Nordeste,2369,3.8183253103278017e-07
Oriental,Nordeste,2370,3.818761495404872e-07
Oriental,Nordeste,2371,3.8180061383753844e-07
Oriental,Nordeste,2372,3.820414424240723e-07
Oriental,Nordeste,2373,3.8213726738015695e-07
Oriental,Nordeste,2374,3.8207757035366777e-07
Oriental,Nordeste,2375,3.8195325543226437e-07
Oriental,Nordeste,2376,3.817773496684316e-07
Oriental,Nordeste,2377,5.969400433663515e-07
Oriental,Nordeste,2378,5.969492725824552e-07
Oriental,Nordeste,2379,5.96991945565699e-07
Oriental,Nordeste,2380,5.970542668667565e-07
Oriental,Nordeste,2381,5.971036010940205e-07
Oriental,Nordeste,2382,5.970959024477919e-07
Oriental,Nordeste,2383,5.97162122038192e-07
Oriental,Nordeste,2384,5.973978036033826e-07
Oriental,Nordeste,2385,5.97453465957241e-07
Oriental,Nordeste,2386,5.974799373784162e-07
Oriental,Nordeste,2387,5.975447180817365e-07
Oriental,Nordeste,2388,5.974908423922616e-07
Oriental,Nordeste,2389,5.973530953917547e-07
Oriental,Nordeste,2390,5.972471435676315e-07
Oriental,Nordeste,2391,5.971441582234615e-07
Oriental,Nordeste,2392,5.970896872114033e-07
Oriental,Nordeste,2393,5.971019584861319e-07
Oriental,Nordeste,2394,5.971206469051372e-07
Oriental,Nordeste,2395,5.97066705891993e-07
Oriental,Nordeste,2396,5.979399875158256e-07
Oriental,Nordeste,2397,5.995250597465015e-07
Oriental,Nordeste,2398,5.978779463285126e-07
Oriental,Nordeste,2399,5.971349379907809e-07
Oriental,Nordeste,2400,5.969721473585468e-07
Oriental,Nordeste,2401,3.266946653910714e-07
Oriental,Nordeste,2402,3.2674196014495623e-07
Oriental,Nordeste,2403,3.267803903323841e-07
Oriental,Nordeste,2404,3.268016606683207e-07
Oriental,Nordeste,2405,3.268099329859152e-07
Oriental,Nordeste,2406,3.267886805923964e-07
Oriental,Nordeste,2407,3.2677771560731134e-07
Oriental,Nordeste,2408,3.268044815195165e-07
Oriental,Nordeste,2409,3.268087361073964e-07
Oriental,Nordeste,2410,3.268089055412959e-07
Oriental,Nordeste,2411,3.268101623077922e-07
Oriental,Nordeste,2412,3.2680260732423375e-07
Oriental,Nordeste,2413,3.2678697794751786e-07
Oriental,Nordeste,2414,3.2677966215283816e-07
Oriental,Nordeste,2415,3.2675168795925953e-07
Oriental,Nordeste,2416,3.267893064898933e-07
Oriental,Nordeste,2417,3.2687832269964813e-07
Oriental,Nordeste,2418,3.2687788372121607e-07
Oriental,Nordeste,2419,3.2676824872858095e-07
Oriental,Nordeste,2420,3.2689268920391894e-07
Oriental,Nordeste,2421,3.2694827160559497e-07
Oriental,Nordeste,2422,3.2692369015494754e-07
Oriental,Nordeste,2423,3.2685445379966803e-07
Oriental,Nordeste,2424,3.2674182102840473e-07
Oriental,Nordeste,2425,1.8105645408568348e-06
Oriental,Nordeste,2426,1.8107598973287142e-06
Oriental,Nordeste,2427,1.8120792819348498e-06
Oriental,Nordeste,2428,1.8126624035358308e-06
Oriental,Nordeste,2429,1.8128887396041856e-06
Oriental,Nordeste,2430,1.812893627939262e-06
Oriental,Nordeste,2431,1.813060633596276e-06
Oriental,Nordeste,2432,1.8134572365516441e-06
Oriental,Nordeste,2433,1.8137715052241427e-06
Oriental,Nordeste,2434,1.8140013905656654e-06
Oriental,Nordeste,2435,1.8142218542358767e-06
Oriental,Nordeste,2436,1.8142475987938818e-06
Oriental,Nordeste,2437,1.8140633327953407e-06
Oriental,Nordeste,2438,1.8138436435984181e-06
Oriental,Nordeste,2439,1.8132493184092677e-06
Oriental,Nordeste,2440,1.8114389657739144e-06
Oriental,Nordeste,2441,1.8098303077294745e-06
Oriental,Nordeste,2442,1.8094870340998273e-06
Oriental,Nordeste,2443,1.8091909439388787e-06
Oriental,Nordeste,2444,1.8097782689142172e-06
Oriental,Nordeste,2445,1.8102172934626356e-06
Oriental,Nordeste,2446,1.8096491862959884e-06
Oriental,Nordeste,2447,1.8092297625935932e-06
Oriental,Nordeste,2448,1.8093050660263717e-06
Oriental,Nordeste,2449,2.3646483110207874e-07
Oriental,Nordeste,2450,2.3642533963472926e-07
Oriental,Nordeste,2451,2.3641738390056856e-07
Oriental,Nordeste,2452,2.3641535543940737e-07
Oriental,Nordeste,2453,2.36415278113833e-07
Oriental,Nordeste,2454,2.3640666335161876e-07
Oriental,Nordeste,2455,2.3640984088233345e-07
Oriental,Nordeste,2456,2.3642300216899428e-07
Oriental,Nordeste,2457,2.364293183337061e-07
Oriental,Nordeste,2458,2.3643667086983532e-07
Oriental,Nordeste,2459,2.3644623868923038e-07
Oriental,Nordeste,2460,2.364519289062425e-07
Oriental,Nordeste,2461,2.3647039127414959e-07
Oriental,Nordeste,2462,2.3650427165672724e-07
Oriental,Nordeste,2463,2.3658970094988694e-07
Oriental,Nordeste,2464,2.3684630352857126e-07
Oriental,Nordeste,2465,2.3694920198426136e-07
Oriental,Nordeste,2466,2.3681806798340398e-07
Oriental,Nordeste,2467,2.3679355736058577e-07
Oriental,Nordeste,2468,2.369554753054957e-07
Oriental,Nordeste,2469,2.3695269057128532e-07
Oriental,Nordeste,2470,2.3689637375258346e-07
Oriental,Nordeste,2471,2.3676197642447963e-07
Oriental,Nordeste,2472,2.3655032681915172e-07
Oriental,Nordeste,2473,4.259801882682767e-08
Oriental,Nordeste,2474,4.2597170892740965e-08
Oriental,Nordeste,2475,4.2608092824653585e-08
Oriental,Nordeste,2476,4.261868959091361e-08
Oriental,Nordeste,2477,4.262658811127348e-08
Oriental,Nordeste,2478,4.263454960883398e-08
Oriental,Nordeste,2479,4.264168204213259e-08
Oriental,Nordeste,2480,4.26641674525977e-08
Oriental,Nordeste,2481,4.265901365976245e-08
Oriental,Nordeste,2482,4.2649445452564535e-08
Oriental,Nordeste,2483,4.2645142056842814e-08
Oriental,Nordeste,2484,4.263686100450381e-08
Oriental,Nordeste,2485,4.2629753663005645e-08
Oriental,Nordeste,2486,4.262791072302724e-08
Oriental,Nordeste,2487,4.262569493380348e-08
Oriental,Nordeste,2488,4.2622845109624206e-08
Oriental,Nordeste,2489,4.2619274458483774e-08
Oriental,Nordeste,2490,4.2608935683686326e-08
Oriental,Nordeste,2491,4.2605375271411836e-08
Oriental,Nordeste,2492,4.262274300441175e-08
Oriental,Nordeste,2493,4.261258503787173e-08
Oriental,Nordeste,2494,4.260266422419154e-08
Oriental,Nordeste,2495,4.259398779434325e-08
Oriental,Nordeste,2496,4.259153230830036e-08
Oriental,Nordeste,3265,1.8661404382417703e-06
Oriental,Nordeste,3266,1.8661312911856064e-06
Oriental,Nordeste,3267,1.8660944787060167e-06
Oriental,Nordeste,3268,1.8660514385016932e-06
Oriental,Nordeste,3269,1.866030460169783e-06
Oriental,Nordeste,3270,1.8660088051646264e-06
Oriental,Nordeste,3271,1.866128427799649e-06
Oriental,Nordeste,3272,1.866391444296867e-06
Oriental,Nordeste,3273,1.866932222201219e-06
Oriental,Nordeste,3274,1.8676509410061716e-06
Oriental,Nordeste,3275,1.8685060753454299e-06
Oriental,Nordeste,3276,1.8690133189570543e-06
Oriental,Nordeste,3277,1.868743536812515e-06
Oriental,Nordeste,3278,1.868139201269897e-06
Oriental,Nordeste,3279,1.867507463098758e-06
Oriental,Nordeste,3280,1.8671530607596944e-06
Oriental,Nordeste,3281,1.8668535457126048e-06
Oriental,Nordeste,3282,1.866569760749677e-06
Oriental,Nordeste,3283,1.8664717554540808e-06
Oriental,Nordeste,3284,1.86653095362498e-06
Oriental,Nordeste,3285,1.8665083872189426e-06
Oriental,Nordeste,3286,1.8665353901983358e-06
Oriental,Nordeste,3287,1.866427693817376e-06
Oriental,Nordeste,3288,1.8662082122367946e-06
Oriental,Nordeste,3289,4.871168965450104e-05
Oriental,Nordeste,3290,4.8706237074708075e-05
Oriental,Nordeste,3291,4.870028831329097e-05
Oriental,Nordeste,3292,4.8697385480200384e-05
Oriental,Nordeste,3293,4.869702867917247e-05
Oriental,Nordeste,3294,4.8697779575769544e-05
Oriental,Nordeste,3295,4.871578042867063e-05
Oriental,Nordeste,3296,4.8817633354332125e-05
Oriental,Nordeste,3297,4.8914495585173186e-05
Oriental,Nordeste,3298,4.9104092209493645e-05
Oriental,Nordeste,3299,4.9470978012687145e-05
Oriental,Nordeste,3300,4.9746697687915756e-05
Oriental,Nordeste,3301,4.935672799079992e-05
Oriental,Nordeste,3302,4.9146366170961106e-05
Oriental,Nordeste,3303,4.8954753328894436e-05
Oriental,Nordeste,3304,4.878619114172648e-05
Oriental,Nordeste,3305,4.873798989115745e-05
Oriental,Nordeste,3306,4.872483824324259e-05
Oriental,Nordeste,3307,4.872213534582033e-05
Oriental,Nordeste,3308,4.875089407924558e-05
Oriental,Nordeste,3309,4.8757466333498964e-05
Oriental,Nordeste,3310,4.875418104162059e-05
Oriental,Nordeste,3311,4.874420444106219e-05
Oriental,Nordeste,3312,4.8727616898448086e-05
Oriental,Nordeste,3313,3.745518589064771e-07
Oriental,Nordeste,3314,3.744917032463086e-07
Oriental,Nordeste,3315,3.7447868862369377e-07
Oriental,Nordeste,3316,3.744772792976616e-07
Oriental,Nordeste,3317,3.744793950614874e-07
Oriental,Nordeste,3318,3.7446220747285656e-07
Oriental,Nordeste,3319,3.7448484696699225e-07
Oriental,Nordeste,3320,3.745757514482025e-07
Oriental,Nordeste,3321,3.746956181020021e-07
Oriental,Nordeste,3322,3.74805820760247e-07
Oriental,Nordeste,3323,3.749158745750838e-07
Oriental,Nordeste,3324,3.749332295424017e-07
Oriental,Nordeste,3325,3.748621090803479e-07
Oriental,Nordeste,3326,3.747835770473651e-07
Oriental,Nordeste,3327,3.746810374945736e-07
Oriental,Nordeste,3328,3.747100721395611e-07
Oriental,Nordeste,3329,3.7480602707474366e-07
Oriental,Nordeste,3330,3.747770554851227e-07
Oriental,Nordeste,3331,3.746822103566999e-07
Oriental,Nordeste,3332,3.7482207247966853e-07
Oriental,Nordeste,3333,3.748470534487851e-07
Oriental,Nordeste,3334,3.7484732360020165e-07
Oriental,Nordeste,3335,3.748028741423788e-07
Oriental,Nordeste,3336,3.7466419019480376e-07
Oriental,Nordeste,3337,1.0663821810248245e-06
Oriental,Nordeste,3338,1.0663672901996118e-06
Oriental,Nordeste,3339,1.0664314241280726e-06
Oriental,Nordeste,3340,1.0665906016543516e-06
Oriental,Nordeste,3341,1.0667419719048141e-06
Oriental,Nordeste,3342,1.0666998409264958e-06
Oriental,Nordeste,3343,1.0672112224536685e-06
Oriental,Nordeste,3344,1.0701877759517118e-06
Oriental,Nordeste,3345,1.0734775911557557e-06
Oriental,Nordeste,3346,1.0842565851408666e-06
Oriental,Nordeste,3347,2.084084129831816e-06
Oriental,Nordeste,3348,2.084440987096818e-06
Oriental,Nordeste,3349,2.0809307818660776e-06
Oriental,Nordeste,3350,1.0756075092933918e-06
Oriental,Nordeste,3351,1.069822219598006e-06
Oriental,Nordeste,3352,1.067882324852982e-06
Oriental,Nordeste,3353,1.067633043971848e-06
Oriental,Nordeste,3354,1.0675177933061853e-06
Oriental,Nordeste,3355,1.067311642202157e-06
Oriental,Nordeste,3356,1.069575495980341e-06
Oriental,Nordeste,3357,1.0713559291824288e-06
Oriental,Nordeste,3358,1.0689483134134563e-06
Oriental,Nordeste,3359,1.0674052267930592e-06
Oriental,Nordeste,3360,1.0666210125593423e-06
Oriental,Nordeste,3361,3.721310452507639e-07
Oriental,Nordeste,3362,3.7223495743416535e-07
Oriental,Nordeste,3363,3.7239448883802644e-07
Oriental,Nordeste,3364,3.725008040673264e-07
Oriental,Nordeste,3365,3.7254746786394587e-07
Oriental,Nordeste,3366,3.725127771012983e-07
Oriental,Nordeste,3367,3.725690019254749e-07
Oriental,Nordeste,3368,3.7279414850589615e-07
Oriental,Nordeste,3369,3.728958770760466e-07
Oriental,Nordeste,3370,3.7297504615236267e-07
Oriental,Nordeste,3371,3.7304185467218863e-07
Oriental,Nordeste,3372,3.7307867060331684e-07
Oriental,Nordeste,3373,3.730854359221626e-07
Oriental,Nordeste,3374,3.7304806004193107e-07
Oriental,Nordeste,3375,3.728785607498383e-07
Oriental,Nordeste,3376,3.726862908620443e-07
Oriental,Nordeste,3377,3.7270732061920954e-07
Oriental,Nordeste,3378,3.7262755354745416e-07
Oriental,Nordeste,3379,3.724333378758493e-07
Oriental,Nordeste,3380,3.7254564499517743e-07
Oriental,Nordeste,3381,3.725060222256121e-07
Oriental,Nordeste,3382,3.7253609396223445e-07
Oriental,Nordeste,3383,3.725254998773013e-07
Oriental,Nordeste,3384,3.7229721537599483e-07
Oriental,Nordeste,3385,2.0719863395749955e-06
Oriental,Nordeste,3386,2.0722420425704056e-06
Oriental,Nordeste,3387,2.0754634779803477e-06
Oriental,Nordeste,3388,2.07849806748246e-06
Oriental,Nordeste,3389,2.0797627321872636e-06
Oriental,Nordeste,3390,2.079719343281198e-06
Oriental,Nordeste,3391,2.0815283385450047e-06
Oriental,Nordeste,3392,2.0834684113275666e-06
Oriental,Nordeste,3393,2.084873731314427e-06
Oriental,Nordeste,3394,2.086152315752786e-06
Oriental,Nordeste,3395,2.0872680456992896e-06
Oriental,Nordeste,3396,2.0876379634963133e-06
Oriental,Nordeste,3397,2.0871834548340204e-06
Oriental,Nordeste,3398,2.0864802314138817e-06
Oriental,Nordeste,3399,2.0852158688238813e-06
Oriental,Nordeste,3400,2.081860187372122e-06
Oriental,Nordeste,3401,2.0739576703389258e-06
Oriental,Nordeste,3402,2.0727028541854744e-06
Oriental,Nordeste,3403,2.07169637691228e-06
Oriental,Nordeste,3404,2.073923163726557e-06
Oriental,Nordeste,3405,2.075219343291723e-06
Oriental,Nordeste,3406,2.0736893590858347e-06
Oriental,Nordeste,3407,2.071883782387855e-06
Oriental,Nordeste,3408,2.071068219606791e-06
Oriental,Nordeste,3409,3.1097994352224256e-07
Oriental,Nordeste,3410,3.1088365067095057e-07
Oriental,Nordeste,3411,3.108554930287998e-07
Oriental,Nordeste,3412,3.1083659648359703e-07
Oriental,Nordeste,3413,3.108247124195879e-07
Oriental,Nordeste,3414,3.1085109344790345e-07
Oriental,Nordeste,3415,3.109021251610088e-07
Oriental,Nordeste,3416,3.1101624938504105e-07
Oriental,Nordeste,3417,3.11137108284523e-07
Oriental,Nordeste,3418,3.1124766777345325e-07
Oriental,Nordeste,3419,3.113402884494752e-07
Oriental,Nordeste,3420,3.113560909473756e-07
Oriental,Nordeste,3421,3.1131038506749674e-07
Oriental,Nordeste,3422,3.1126248117860367e-07
Oriental,Nordeste,3423,3.1123544599673514e-07
Oriental,Nordeste,3424,3.112770558005507e-07
Oriental,Nordeste,3425,3.112880619134839e-07
Oriental,Nordeste,3426,3.1120391274762795e-07
Oriental,Nordeste,3427,3.111639229242109e-07
Oriental,Nordeste,3428,3.1116355069544994e-07
Oriental,Nordeste,3429,3.111568122185867e-07
Oriental,Nordeste,3430,3.111620626011157e-07
Oriental,Nordeste,3431,3.111455956993163e-07
Oriental,Nordeste,3432,3.110737645723146e-07
Oriental,Nordeste,3433,3.7846393320368365e-08
Oriental,Nordeste,3434,3.784583292851026e-08
Oriental,Nordeste,3435,3.785463486488053e-08
Oriental,Nordeste,3436,3.786537072251685e-08
Oriental,Nordeste,3437,3.7874504984305225e-08
Oriental,Nordeste,3438,3.7880947725744374e-08
Oriental,Nordeste,3439,3.790137502851075e-08
Oriental,Nordeste,3440,3.79652601570009e-08
Oriental,Nordeste,3441,3.8028314923615746e-08
Oriental,Nordeste,3442,3.8143267957842315e-08
Oriental,Nordeste,3443,1.292199070748645e-07
Oriental,Nordeste,3444,4.243682904738093e-08
Oriental,Nordeste,3445,4.219662965727668e-08
Oriental,Nordeste,3446,3.8039820632658633e-08
Oriental,Nordeste,3447,3.796546910132797e-08
Oriental,Nordeste,3448,3.789770730563953e-08
Oriental,Nordeste,3449,3.786690935649671e-08
Oriental,Nordeste,3450,3.7851189630281163e-08
Oriental,Nordeste,3451,3.7848103694754336e-08
Oriental,Nordeste,3452,3.7853469777256116e-08
Oriental,Nordeste,3453,3.785106427113244e-08
Oriental,Nordeste,3454,3.784771015402396e-08
Oriental,Nordeste,3455,3.784417061624593e-08
Oriental,Nordeste,3456,3.784255202917146e-08
Oriental,Nordeste,4225,4.631185108852989e-07
Oriental,Nordeste,4226,4.631217258318017e-07
Oriental,Nordeste,4227,4.6312372936921743e-07
Oriental,Nordeste,4228,4.6312143221882015e-07
Oriental,Nordeste,4229,4.6311888830040783e-07
Oriental,Nordeste,4230,4.6309713773045475e-07
Oriental,Nordeste,4231,4.6306998238214703e-07
Oriental,Nordeste,4232,4.630100016775866e-07
Oriental,Nordeste,4233,4.6291958147868233e-07
Oriental,Nordeste,4234,4.627961792827578e-07
Oriental,Nordeste,4235,4.68495665977639e-07
Oriental,Nordeste,4236,4.688256210178247e-07
Oriental,Nordeste,4237,4.6300859442993153e-07
Oriental,Nordeste,4238,4.630455833236913e-07
Oriental,Nordeste,4239,4.630992263104456e-07
Oriental,Nordeste,4240,4.631378910006829e-07
Oriental,Nordeste,4241,4.6319268899287086e-07
Oriental,Nordeste,4242,4.632406027979039e-07
Oriental,Nordeste,4243,4.632484661146995e-07
Oriental,Nordeste,4244,4.630587998315053e-07
Oriental,Nordeste,4245,4.629737734132457e-07
Oriental,Nordeste,4246,4.631459640120835e-07
Oriental,Nordeste,4247,4.6323864932690467e-07
Oriental,Nordeste,4248,4.631863209598487e-07
Oriental,Nordeste,4249,1.3243814692645287e-05
Oriental,Nordeste,4250,1.324137111801549e-05
Oriental,Nordeste,4251,1.3238212353575163e-05
Oriental,Nordeste,4252,1.3236130413200673e-05
Oriental,Nordeste,4253,1.3235203913778849e-05
Oriental,Nordeste,4254,1.3235094538367643e-05
Oriental,Nordeste,4255,1.3238761529037464e-05
Oriental,Nordeste,4256,1.3276226572848427e-05
Oriental,Nordeste,4257,5.748362555423678e-05
Oriental,Nordeste,4258,5.822494347669902e-05
Oriental,Nordeste,4259,5.8436421710616725e-05
Oriental,Nordeste,4260,5.8483008523696006e-05
Oriental,Nordeste,4261,5.833411167492435e-05
Oriental,Nordeste,4262,5.798060997526795e-05
Oriental,Nordeste,4263,1.32822255380206e-05
Oriental,Nordeste,4264,1.3262953090830245e-05
Oriental,Nordeste,4265,1.3236531004440874e-05
Oriental,Nordeste,4266,1.3245694046738595e-05
Oriental,Nordeste,4267,1.3247765098318516e-05
Oriental,Nordeste,4268,1.325685433141132e-05
Oriental,Nordeste,4269,1.3256206297253933e-05
Oriental,Nordeste,4270,1.3256718200897921e-05
Oriental,Nordeste,4271,1.3255475398803575e-05
Oriental,Nordeste,4272,1.3250263017667096e-05
Oriental,Nordeste,4273,4.4970100457769203e-07
Oriental,Nordeste,4274,4.49542695978887e-07
Oriental,Nordeste,4275,4.4951124357478646e-07
Oriental,Nordeste,4276,4.4951000029046e-07
Oriental,Nordeste,4277,4.4951552729585346e-07
Oriental,Nordeste,4278,4.494936597095779e-07
Oriental,Nordeste,4279,4.4946713945357096e-07
Oriental,Nordeste,4280,4.495735089423207e-07
Oriental,Nordeste,4281,4.4975385921658705e-07
Oriental,Nordeste,4282,4.49998371257454e-07
Oriental,Nordeste,4283,4.5034970709863064e-07
Oriental,Nordeste,4284,4.503706393749157e-07
Oriental,Nordeste,4285,4.5014939180502277e-07
Oriental,Nordeste,4286,4.4995335444872843e-07
Oriental,Nordeste,4287,4.4963800217459043e-07
Oriental,Nordeste,4288,4.496666725137588e-07
Oriental,Nordeste,4289,4.500228760041029e-07
Oriental,Nordeste,4290,4.50109996083935e-07
Oriental,Nordeste,4291,4.500547489256544e-07
Oriental,Nordeste,4292,4.5011515269091255e-07
Oriental,Nordeste,4293,4.500979298764899e-07
Oriental,Nordeste,4294,4.501285001198476e-07
Oriental,Nordeste,4295,4.501126493327159e-07
Oriental,Nordeste,4296,4.4993584881247754e-07
Oriental,Nordeste,4297,2.789846516321375e-06
Oriental,Nordeste,4298,2.789301031887879e-06
Oriental,Nordeste,4299,2.7861995895101474e-06
Oriental,Nordeste,4300,2.778619325996415e-06
Oriental,Nordeste,4301,2.766550286290693e-06
Oriental,Nordeste,4302,2.7451205791472202e-06
Oriental,Nordeste,4303,2.782039303735936e-07
Oriental,Nordeste,4304,1.319153017508801e-05
Oriental,Nordeste,4305,5.7753235451228034e-05
Oriental,Nordeste,4306,5.802768229291919e-05
Oriental,Nordeste,4307,5.8233048915304204e-05
Oriental,Nordeste,4308,5.8260789975939035e-05
Oriental,Nordeste,4309,5.8108292394003784e-05
Oriental,Nordeste,4310,5.779042511653549e-05
Oriental,Nordeste,4311,1.3220532564385065e-05
Oriental,Nordeste,4312,2.838276437086717e-07
Oriental,Nordeste,4313,2.779605666737512e-06
Oriental,Nordeste,4314,2.7913407546551653e-06
Oriental,Nordeste,4315,2.793326053022693e-06
Oriental,Nordeste,4316,2.7983884678416767e-06
Oriental,Nordeste,4317,2.7997133119552488e-06
Oriental,Nordeste,4318,2.7992827413310463e-06
Oriental,Nordeste,4319,2.7978229393410494e-06
Oriental,Nordeste,4320,2.7947962121882934e-06
Oriental,Nordeste,4321,4.3067545401541633e-07
Oriental,Nordeste,4322,4.307336666736641e-07
Oriental,Nordeste,4323,4.311103042452104e-07
Oriental,Nordeste,4324,4.313801332628732e-07
Oriental,Nordeste,4325,4.3148364187760916e-07
Oriental,Nordeste,4326,4.3137803749328935e-07
Oriental,Nordeste,4327,4.3142672011280785e-07
Oriental,Nordeste,4328,4.3183617106389854e-07
Oriental,Nordeste,4329,4.319373549589354e-07
Oriental,Nordeste,4330,4.3201423225279213e-07
Oriental,Nordeste,4331,4.3210789704252753e-07
Oriental,Nordeste,4332,4.321337419142242e-07
Oriental,Nordeste,4333,4.321314735718692e-07
Oriental,Nordeste,4334,4.3212000793979116e-07
Oriental,Nordeste,4335,4.3184952847405875e-07
Oriental,Nordeste,4336,4.312370918755985e-07
Oriental,Nordeste,4337,4.31443910087481e-07
Oriental,Nordeste,4338,4.313905187649419e-07
Oriental,Nordeste,4339,4.312244158751042e-07
Oriental,Nordeste,4340,4.3124118828510913e-07
Oriental,Nordeste,4341,4.3118787115972637e-07
Oriental,Nordeste,4342,4.3121792660428496e-07
Oriental,Nordeste,4343,4.312693306228624e-07
Oriental,Nordeste,4344,4.3103069430772595e-07
Oriental,Nordeste,4345,2.7904554986653282e-06
Oriental,Nordeste,4346,2.7897934409178943e-06
Oriental,Nordeste,4347,2.7910548837920315e-06
Oriental,Nordeste,4348,3.0254349644219614e-06
Oriental,Nordeste,4349,1.3144741830324523e-05
Oriental,Nordeste,4350,1.317384405247774e-05
Oriental,Nordeste,4351,1.3227668592562398e-05
Oriental,Nordeste,4352,5.8046327346249234e-05
Oriental,Nordeste,4353,5.800788197496604e-05
Oriental,Nordeste,4354,5.8103553922623586e-05
Oriental,Nordeste,4355,5.821777793484695e-05
Oriental,Nordeste,4356,5.8250233560828094e-05
Oriental,Nordeste,4357,5.81660680700477e-05
Oriental,Nordeste,4358,5.808629656617176e-05
Oriental,Nordeste,4359,5.81363864278208e-05
Oriental,Nordeste,4360,5.637461043688821e-05
Oriental,Nordeste,4361,1.3183571427715171e-05
Oriental,Nordeste,4362,2.7904512037634913e-06
Oriental,Nordeste,4363,2.791685699870453e-06
Oriental,Nordeste,4364,2.795348655311927e-06
Oriental,Nordeste,4365,2.7963829002220737e-06
Oriental,Nordeste,4366,2.7963683203227245e-06
Oriental,Nordeste,4367,2.795676559753474e-06
Oriental,Nordeste,4368,2.7935729991299304e-06
Oriental,Nordeste,4369,5.0070678283303505e-08
Oriental,Nordeste,4370,5.0058937917154115e-08
Oriental,Nordeste,4371,5.00580519440563e-08
Oriental,Nordeste,4372,5.0059703311407184e-08
Oriental,Nordeste,4373,5.006151413730697e-08
Oriental,Nordeste,4374,5.0057375805004694e-08
Oriental,Nordeste,4375,5.0064663795999854e-08
Oriental,Nordeste,4376,5.011356118769908e-08
Oriental,Nordeste,4377,5.0182635986136185e-08
Oriental,Nordeste,4378,5.0312727259762914e-08
Oriental,Nordeste,4379,5.067386652294225e-08
Oriental,Nordeste,4380,5.0721227982751777e-08
Oriental,Nordeste,4381,5.0407818266722415e-08
Oriental,Nordeste,4382,5.0288513453663106e-08
Oriental,Nordeste,4383,5.0218526062478364e-08
Oriental,Nordeste,4384,5.0270916614836295e-08
Oriental,Nordeste,4385,5.513618286891055e-08
Oriental,Nordeste,4386,5.018328674468161e-08
Oriental,Nordeste,4387,5.012387573457188e-08
Oriental,Nordeste,4388,5.0049730545988704e-08
Oriental,Nordeste,4389,5.0048006666801404e-08
Oriental,Nordeste,4390,5.009078125093702e-08
Oriental,Nordeste,4391,5.010648710303115e-08
Oriental,Nordeste,4392,5.009042164085879e-08
Oriental,Nordeste,4393,1.0758942966581215e-06
Oriental,Nordeste,4394,8.280604205123363e-07
Oriental,Nordeste,4395,8.276165628552326e-07
Oriental,Nordeste,4396,8.273900603014808e-07
Oriental,Nordeste,4397,8.140859547769412e-07
Oriental,Nordeste,4398,8.141868740144515e-07
Oriental,Nordeste,4399,8.165707071454911e-07
Oriental,Nordeste,4400,8.33149332621511e-07
Oriental,Nordeste,4401,2.790395291573657e-06
Oriental,Nordeste,4402,3.042459576631704e-06
Oriental,Nordeste,4403,3.046370138940278e-06
Oriental,Nordeste,4404,3.046813705353493e-06
Oriental,Nordeste,4405,3.043791567337029e-06
Oriental,Nordeste,4406,2.793654413286079e-06
Oriental,Nordeste,4407,9.085124550603634e-07
Oriental,Nordeste,4408,8.204286069774805e-07
Oriental,Nordeste,4409,8.27723697981576e-07
Oriental,Nordeste,4410,1.0828973597784585e-06
Oriental,Nordeste,4411,1.0843132517735093e-06
Oriental,Nordeste,4412,2.02608423336064e-06
Oriental,Nordeste,4413,2.0492374580002612e-06
Oriental,Nordeste,4414,2.0421689341385037e-06
Oriental,Nordeste,4415,1.2731104141026854e-06
Oriental,Nordeste,4416,1.0844729526589991e-06
Oriental,Nordeste,5185,5.204894039115066e-07
Oriental,Nordeste,5186,5.19976457074959e-07
Oriental,Nordeste,5187,5.199505490629427e-07
Oriental,Nordeste,5188,5.199154095012829e-07
Oriental,Nordeste,5189,5.198941426254851e-07
Oriental,Nordeste,5190,5.198763586794166e-07
Oriental,Nordeste,5191,5.198149010805595e-07
Oriental,Nordeste,5192,5.19773664300334e-07
Oriental,Nordeste,5193,5.199534695405828e-07
Oriental,Nordeste,5194,5.202700144419293e-07
Oriental,Nordeste,5195,5.206421546078715e-07
Oriental,Nordeste,5196,5.20675665474552e-07
Oriental,Nordeste,5197,5.203978389494257e-07
Oriental,Nordeste,5198,5.200783071323331e-07
Oriental,Nordeste,5199,5.197326543231767e-07
Oriental,Nordeste,5200,5.197171065034426e-07
Oriental,Nordeste,5201,5.20116580666551e-07
Oriental,Nordeste,5202,5.21352891057345e-07
Oriental,Nordeste,5203,5.210002899018679e-07
Oriental,Nordeste,5204,5.503442059114933e-07
Oriental,Nordeste,5205,5.162685792568473e-07
Oriental,Nordeste,5206,5.521943482722589e-07
Oriental,Nordeste,5207,5.22528388652885e-07
Oriental,Nordeste,5208,5.220706167388502e-07
Oriental,Nordeste,5209,2.6099512929585464e-06
Oriental,Nordeste,5210,2.6088909220358295e-06
Oriental,Nordeste,5211,2.6100067509260502e-06
Oriental,Nordeste,5212,2.6107256931084107e-06
Oriental,Nordeste,5213,2.610918693693588e-06
Oriental,Nordeste,5214,2.6103088375113216e-06
Oriental,Nordeste,5215,2.6098426763599964e-06
Oriental,Nordeste,5216,2.6125330237536357e-06
Oriental,Nordeste,5217,2.7799706999461665e-06
Oriental,Nordeste,5218,2.8917702112862277e-06
Oriental,Nordeste,5219,3.0127889482970666e-06
Oriental,Nordeste,5220,3.0131705644120127e-06
Oriental,Nordeste,5221,2.891704863854739e-06
Oriental,Nordeste,5222,2.804650342733197e-06
Oriental,Nordeste,5223,2.610920166478785e-06
Oriental,Nordeste,5224,2.606948253780759e-06
Oriental,Nordeste,5225,2.6090645923472048e-06
Oriental,Nordeste,5226,2.616222007240989e-06
Oriental,Nordeste,5227,2.611963354402405e-06
Oriental,Nordeste,5228,2.6055270377105717e-06
Oriental,Nordeste,5229,2.6036072984467438e-06
Oriental,Nordeste,5230,2.606624411423145e-06
Oriental,Nordeste,5231,2.621216938674282e-06
Oriental,Nordeste,5232,2.61204778970578e-06
Oriental,Nordeste,5233,4.361070931295922e-07
Oriental,Nordeste,5234,4.359779199671208e-07
Oriental,Nordeste,5235,4.3593155528124987e-07
Oriental,Nordeste,5236,4.3592287930461773e-07
Oriental,Nordeste,5237,4.3593208337897207e-07
Oriental,Nordeste,5238,4.359137946956868e-07
Oriental,Nordeste,5239,4.3591579314673706e-07
Oriental,Nordeste,5240,4.360658859687369e-07
Oriental,Nordeste,5241,4.371601053274427e-07
Oriental,Nordeste,5242,4.372809029769622e-07
Oriental,Nordeste,5243,4.373905663535493e-07
Oriental,Nordeste,5244,4.374123056401677e-07
Oriental,Nordeste,5245,4.3729980015487245e-07
Oriental,Nordeste,5246,4.362422540637902e-07
Oriental,Nordeste,5247,4.3596224793448073e-07
Oriental,Nordeste,5248,4.35897548963625e-07
Oriental,Nordeste,5249,4.364171939083252e-07
Oriental,Nordeste,5250,8.070320011865281e-07
Oriental,Nordeste,5251,8.059185051132533e-07
Oriental,Nordeste,5252,4.202154581337388e-07
Oriental,Nordeste,5253,4.1998373828466267e-07
Oriental,Nordeste,5254,4.2028027025147024e-07
Oriental,Nordeste,5255,8.071588897230235e-07
Oriental,Nordeste,5256,6.251633377009541e-07
Oriental,Nordeste,5257,2.2875602289744615e-06
Oriental,Nordeste,5258,2.386737230275986e-06
Oriental,Nordeste,5259,2.388370898085496e-06
Oriental,Nordeste,5260,2.3892632210275625e-06
Oriental,Nordeste,5261,2.3896416253303387e-06
Oriental,Nordeste,5262,2.3888534901417655e-06
Oriental,Nordeste,5263,2.388263938173484e-06
Oriental,Nordeste,5264,2.3915778205390887e-06
Oriental,Nordeste,5265,2.537356405264202e-06
Oriental,Nordeste,5266,2.5388729717743303e-06
Oriental,Nordeste,5267,2.5424960754697967e-06
Oriental,Nordeste,5268,2.543042825014832e-06
Oriental,Nordeste,5269,2.5390576913318797e-06
Oriental,Nordeste,5270,2.5371451026842118e-06
Oriental,Nordeste,5271,2.3889965543438334e-06
Oriental,Nordeste,5272,2.2863785991345645e-06
Oriental,Nordeste,5273,2.2881561174675528e-06
Oriental,Nordeste,5274,2.2900553873243073e-06
Oriental,Nordeste,5275,2.289386344759855e-06
Oriental,Nordeste,5276,2.290859256315459e-06
Oriental,Nordeste,5277,2.288322205959496e-06
Oriental,Nordeste,5278,2.290284722371431e-06
Oriental,Nordeste,5279,2.2915476614897388e-06
Oriental,Nordeste,5280,2.2887908228325135e-06
Oriental,Nordeste,5281,3.1113921933282047e-07
Oriental,Nordeste,5282,3.2114996223050917e-07
Oriental,Nordeste,5283,3.2126467253668586e-07
Oriental,Nordeste,5284,3.2133548198238686e-07
Oriental,Nordeste,5285,3.2137229953778365e-07
Oriental,Nordeste,5286,3.2135792340738314e-07
Oriental,Nordeste,5287,3.2138051471671756e-07
Oriental,Nordeste,5288,3.2152015737871364e-07
Oriental,Nordeste,5289,3.2155019794919115e-07
Oriental,Nordeste,5290,3.2155222251045777e-07
Oriental,Nordeste,5291,3.216147604921598e-07
Oriental,Nordeste,5292,3.2163068515571425e-07
Oriental,Nordeste,5293,3.215994363261936e-07
Oriental,Nordeste,5294,3.216302860241202e-07
Oriental,Nordeste,5295,3.215427170948541e-07
Oriental,Nordeste,5296,3.21228135331874e-07
Oriental,Nordeste,5297,3.117407185310568e-07
Oriental,Nordeste,5298,3.354930370265372e-07
Oriental,Nordeste,5299,3.1156582439143115e-07
Oriental,Nordeste,5300,3.0922106486950966e-07
Oriental,Nordeste,5301,3.082965570057107e-07
Oriental,Nordeste,5302,3.0911341571465974e-07
Oriental,Nordeste,5303,3.1504828073237583e-07
Oriental,Nordeste,5304,3.11141187425996e-07
Oriental,Nordeste,5305,1.920434430631078e-06
Oriental,Nordeste,5306,2.6618577481613546e-06
Oriental,Nordeste,5307,2.6641152534657514e-06
Oriental,Nordeste,5308,2.665540887249708e-06
Oriental,Nordeste,5309,2.666066388612319e-06
Oriental,Nordeste,5310,2.665277950279269e-06
Oriental,Nordeste,5311,2.6657458347004257e-06
Oriental,Nordeste,5312,2.6675513478930195e-06
Oriental,Nordeste,5313,2.6672211520433826e-06
Oriental,Nordeste,5314,2.667724283830353e-06
Oriental,Nordeste,5315,2.6687431903015096e-06
Oriental,Nordeste,5316,2.6687519911487993e-06
Oriental,Nordeste,5317,2.6676944524353005e-06
Oriental,Nordeste,5318,2.6673395106574672e-06
Oriental,Nordeste,5319,2.667095206892415e-06
Oriental,Nordeste,5320,2.6607681089861017e-06
Oriental,Nordeste,5321,1.8443848259406496e-06
Oriental,Nordeste,5322,1.8428890756825983e-06
Oriental,Nordeste,5323,1.8425318428188081e-06
Oriental,Nordeste,5324,1.8430743095352243e-06
Oriental,Nordeste,5325,1.8424784024684841e-06
Oriental,Nordeste,5326,1.8428960284204807e-06
Oriental,Nordeste,5327,1.8429087624534227e-06
Oriental,Nordeste,5328,1.8428149038301672e-06
Oriental,Nordeste,5329,3.017348805624914e-07
Oriental,Nordeste,5330,3.017175039540932e-07
Oriental,Nordeste,5331,3.0171064395981223e-07
Oriental,Nordeste,5332,3.017118869382072e-07
Oriental,Nordeste,5333,3.017165378239766e-07
Oriental,Nordeste,5334,3.0170839448198887e-07
Oriental,Nordeste,5335,3.017080896447531e-07
Oriental,Nordeste,5336,3.0179570386973596e-07
Oriental,Nordeste,5337,3.018797406663477e-07
Oriental,Nordeste,5338,3.0195355769620556e-07
Oriental,Nordeste,5339,3.020226631382534e-07
Oriental,Nordeste,5340,3.0202925492585297e-07
Oriental,Nordeste,5341,3.019756774902711e-07
Oriental,Nordeste,5342,3.0190991728692394e-07
Oriental,Nordeste,5343,3.0181160989894986e-07
Oriental,Nordeste,5344,3.018391700701559e-07
Oriental,Nordeste,5345,3.0188115856828194e-07
Oriental,Nordeste,5346,3.017983297746665e-07
Oriental,Nordeste,5347,3.0176432982188073e-07
Oriental,Nordeste,5348,2.902569987777615e-07
Oriental,Nordeste,5349,2.90259123715073e-07
Oriental,Nordeste,5350,3.016605870343117e-07
Oriental,Nordeste,5351,3.0176155105870254e-07
Oriental,Nordeste,5352,3.0176457054238847e-07
Oriental,Nordeste,5353,1.6491974774851034e-08
Oriental,Nordeste,5354,1.7975372076792829e-06
Oriental,Nordeste,5355,1.794800972172575e-06
Oriental,Nordeste,5356,1.7953945061211075e-06
Oriental,Nordeste,5357,1.7955970401647634e-06
Oriental,Nordeste,5358,1.7950366883525765e-06
Oriental,Nordeste,5359,1.7948061754733576e-06
Oriental,Nordeste,5360,1.7957098351075484e-06
Oriental,Nordeste,5361,1.7968631430536254e-06
Oriental,Nordeste,5362,1.7995227240298348e-06
Oriental,Nordeste,5363,1.8017184951751157e-06
Oriental,Nordeste,5364,1.8015030193296314e-06
Oriental,Nordeste,5365,1.7984486517954732e-06
Oriental,Nordeste,5366,1.7948582903679611e-06
Oriental,Nordeste,5367,1.79248853508993e-06
Oriental,Nordeste,5368,1.6511980179722097e-08
Oriental,Nordeste,5369,1.6503619002107297e-08
Oriental,Nordeste,5370,1.6946556243825684e-08
Oriental,Nordeste,5371,1.6948242156034694e-08
Oriental,Nordeste,5372,1.8491942981520064e-07
Oriental,Nordeste,5373,1.8497198082867664e-07
Oriental,Nordeste,5374,1.6468149260838563e-07
Oriental,Nordeste,5375,1.6945757776443793e-08
Oriental,Nordeste,5376,1.6494887805248968e-08
Oriental,Surocciden,1,3.274101147072217e-07
Oriental,Surocciden,2,3.274071736796688e-07
Oriental,Surocciden,3,3.274089120297533e-07
Oriental,Surocciden,4,3.27412348391943e-07
Oriental,Surocciden,5,3.274144287957552e-07
Oriental,Surocciden,6,3.274136267625707e-07
Oriental,Surocciden,7,3.274077749079854e-07
Oriental,Surocciden,8,3.2740411913856437e-07
Oriental,Surocciden,9,3.274002359402383e-07
Oriental,Surocciden,10,3.2740009129373916e-07
Oriental,Surocciden,11,3.2740061100302785e-07
Oriental,Surocciden,12,3.2740296619191823e-07
Oriental,Surocciden,13,3.2740734187801263e-07
Oriental,Surocciden,14,3.274092710284173e-07
Oriental,Surocciden,15,3.2741406449212854e-07
Oriental,Surocciden,16,3.274215941358845e-07
Oriental,Surocciden,17,3.2742457494072424e-07
Oriental,Surocciden,18,3.27427344823044e-07
Oriental,Surocciden,19,3.2742549199093237e-07
Oriental,Surocciden,20,3.2743771592231845e-07
Oriental,Surocciden,21,3.274394012905677e-07
Oriental,Surocciden,22,3.274359652042913e-07
Oriental,Surocciden,23,3.274282930209342e-07
Oriental,Surocciden,24,3.274174746103823e-07
Oriental,Surocciden,25,2.0545840442386646e-06
Oriental,Surocciden,26,2.054535019457659e-06
Oriental,Surocciden,27,2.054485112307121e-06
Oriental,Surocciden,28,2.05446941791095e-06
Oriental,Surocciden,29,2.054483078891394e-06
Oriental,Surocciden,30,2.0544960067681633e-06
Oriental,Surocciden,31,2.0545108550034306e-06
Oriental,Surocciden,32,2.054602334263516e-06
Oriental,Surocciden,33,2.0545012587106633e-06
Oriental,Surocciden,34,2.054368719927867e-06
Oriental,Surocciden,35,2.0542956491149082e-06
Oriental,Surocciden,36,2.05427920670799e-06
Oriental,Surocciden,37,2.0543275229741434e-06
Oriental,Surocciden,38,2.054396595852927e-06
Oriental,Surocciden,39,2.054458171389614e-06
Oriental,Surocciden,40,2.0545176213189205e-06
Oriental,Surocciden,41,2.0545580788324576e-06
Oriental,Surocciden,42,2.054620887793267e-06
Oriental,Surocciden,43,2.054697235562461e-06
Oriental,Surocciden,44,2.0550794878841993e-06
Oriental,Surocciden,45,2.055223524360695e-06
Oriental,Surocciden,46,2.0551536311190393e-06
Oriental,Surocciden,47,2.0549918897444097e-06
Oriental,Surocciden,48,2.054758298060694e-06
Oriental,Surocciden,49,3.0935685786913997e-07
Oriental,Surocciden,50,3.093670889451874e-07
Oriental,Surocciden,51,3.093794249583132e-07
Oriental,Surocciden,52,3.0939228868812833e-07
Oriental,Surocciden,53,3.093995759379753e-07
Oriental,Surocciden,54,3.093918952201489e-07
Oriental,Surocciden,55,3.093705021826898e-07
Oriental,Surocciden,56,3.093643158823261e-07
Oriental,Surocciden,57,3.093497926518773e-07
Oriental,Surocciden,58,3.093428942170856e-07
Oriental,Surocciden,59,3.093411232823202e-07
Oriental,Surocciden,60,3.0934196795180095e-07
Oriental,Surocciden,61,3.093455939778878e-07
Oriental,Surocciden,62,3.093464977668261e-07
Oriental,Surocciden,63,3.0935180636189217e-07
Oriental,Surocciden,64,3.093598000132557e-07
Oriental,Surocciden,65,3.0936417278652695e-07
Oriental,Surocciden,66,3.0936623003643153e-07
Oriental,Surocciden,67,3.0936373621942856e-07
Oriental,Surocciden,68,3.0937575625310704e-07
Oriental,Surocciden,69,3.093805239831481e-07
Oriental,Surocciden,70,3.093761085005028e-07
Oriental,Surocciden,71,3.093664612704213e-07
Oriental,Surocciden,72,3.0935680967640375e-07
Oriental,Surocciden,73,1.960718590143536e-06
Oriental,Surocciden,74,1.960708647244187e-06
Oriental,Surocciden,75,1.960690384588601e-06
Oriental,Surocciden,76,1.960733487505961e-06
Oriental,Surocciden,77,1.9607861637699113e-06
Oriental,Surocciden,78,1.9608198623725376e-06
Oriental,Surocciden,79,1.9608728560298015e-06
Oriental,Surocciden,80,1.9610047308611983e-06
Oriental,Surocciden,81,1.960805901393948e-06
Oriental,Surocciden,82,1.9605938560472154e-06
Oriental,Surocciden,83,1.9604523870575215e-06
Oriental,Surocciden,84,1.960397920248808e-06
Oriental,Surocciden,85,1.960414595126458e-06
Oriental,Surocciden,86,1.960464086981398e-06
Oriental,Surocciden,87,1.9605240196566086e-06
Oriental,Surocciden,88,1.960576077595348e-06
Oriental,Surocciden,89,1.960610970779079e-06
Oriental,Surocciden,90,1.9606674739290437e-06
Oriental,Surocciden,91,1.9607232488514614e-06
Oriental,Surocciden,92,1.9611214264714083e-06
Oriental,Surocciden,93,1.9613631718382563e-06
Oriental,Surocciden,94,1.961283386251794e-06
Oriental,Surocciden,95,1.9610830724121257e-06
Oriental,Surocciden,96,1.9608467251868503e-06
Oriental,Surocciden,97,3.0888492502814645e-07
Oriental,Surocciden,98,3.08929120407619e-07
Oriental,Surocciden,99,3.089594474451316e-07
Oriental,Surocciden,100,3.0898104603477297e-07
Oriental,Surocciden,101,3.089910114054032e-07
Oriental,Surocciden,102,3.089847392931881e-07
Oriental,Surocciden,103,3.0895819817094947e-07
Oriental,Surocciden,104,3.0894369809240175e-07
Oriental,Surocciden,105,3.088938530499683e-07
Oriental,Surocciden,106,3.088545724455519e-07
Oriental,Surocciden,107,3.088349341107874e-07
Oriental,Surocciden,108,3.088195946552921e-07
Oriental,Surocciden,109,3.088144771538139e-07
Oriental,Surocciden,110,3.0881774925184266e-07
Oriental,Surocciden,111,3.0882146566359346e-07
Oriental,Surocciden,112,3.088273082736845e-07
Oriental,Surocciden,113,3.0883146529801617e-07
Oriental,Surocciden,114,3.0883667351212386e-07
Oriental,Surocciden,115,3.088393962097252e-07
Oriental,Surocciden,116,3.088386220144684e-07
Oriental,Surocciden,117,3.088405883331805e-07
Oriental,Surocciden,118,3.088399565754533e-07
Oriental,Surocciden,119,3.0884002745025185e-07
Oriental,Surocciden,120,3.08851942440652e-07
Oriental,Surocciden,121,2.0017527377935555e-06
Oriental,Surocciden,122,2.0017836296886643e-06
Oriental,Surocciden,123,2.0018399839557457e-06
Oriental,Surocciden,124,2.001872355382058e-06
Oriental,Surocciden,125,2.0018836624726178e-06
Oriental,Surocciden,126,2.0018742186005647e-06
Oriental,Surocciden,127,2.0018528331652554e-06
Oriental,Surocciden,128,2.0017771869017687e-06
Oriental,Surocciden,129,2.0016925427486167e-06
Oriental,Surocciden,130,2.0015945257364816e-06
Oriental,Surocciden,131,2.0014944154886546e-06
Oriental,Surocciden,132,2.0014161888387366e-06
Oriental,Surocciden,133,2.001370447892502e-06
Oriental,Surocciden,134,2.001354302601577e-06
Oriental,Surocciden,135,2.0013956755801165e-06
Oriental,Surocciden,136,2.001472582553681e-06
Oriental,Surocciden,137,2.001526453689611e-06
Oriental,Surocciden,138,2.0015887330293486e-06
Oriental,Surocciden,139,2.0015930395520777e-06
Oriental,Surocciden,140,2.0016399251544996e-06
Oriental,Surocciden,141,2.0018714087722356e-06
Oriental,Surocciden,142,2.001820875028822e-06
Oriental,Surocciden,143,2.001711327209346e-06
Oriental,Surocciden,144,2.001640303123815e-06
Oriental,Surocciden,145,2.8737529734179755e-07
Oriental,Surocciden,146,2.873763555807465e-07
Oriental,Surocciden,147,2.8738252644463886e-07
Oriental,Surocciden,148,2.873897439699829e-07
Oriental,Surocciden,149,2.873943132738976e-07
Oriental,Surocciden,150,2.873902800358797e-07
Oriental,Surocciden,151,2.873786834844653e-07
Oriental,Surocciden,152,2.873721971824798e-07
Oriental,Surocciden,153,2.873622876918508e-07
Oriental,Surocciden,154,2.873591524920853e-07
Oriental,Surocciden,155,2.873593549289619e-07
Oriental,Surocciden,156,2.873642277294442e-07
Oriental,Surocciden,157,2.873730593486034e-07
Oriental,Surocciden,158,2.8737599720209736e-07
Oriental,Surocciden,159,2.873840453466095e-07
Oriental,Surocciden,160,2.873962399062792e-07
Oriental,Surocciden,161,2.874006811480246e-07
Oriental,Surocciden,162,2.8740204043792734e-07
Oriental,Surocciden,163,2.873971788732779e-07
Oriental,Surocciden,164,2.8742116242058314e-07
Oriental,Surocciden,165,2.8742169003824015e-07
Oriental,Surocciden,166,2.8741452119517497e-07
Oriental,Surocciden,167,2.8739937520761736e-07
Oriental,Surocciden,168,2.873821327334475e-07
Oriental,Surocciden,169,1.8486755530104773e-06
Oriental,Surocciden,170,1.8486666046017281e-06
Oriental,Surocciden,171,1.848729702049624e-06
Oriental,Surocciden,172,1.8488607337795517e-06
Oriental,Surocciden,173,1.8490411066015198e-06
Oriental,Surocciden,174,1.849134779053814e-06
Oriental,Surocciden,175,1.8492632998161368e-06
Oriental,Surocciden,176,1.8495496075016748e-06
Oriental,Surocciden,177,1.8492305308807565e-06
Oriental,Surocciden,178,1.8488399789991797e-06
Oriental,Surocciden,179,1.8485631418831851e-06
Oriental,Surocciden,180,1.84837055053541e-06
Oriental,Surocciden,181,1.8483611598738561e-06
Oriental,Surocciden,182,1.8484121628236085e-06
Oriental,Surocciden,183,1.8484760082400493e-06
Oriental,Surocciden,184,1.8485359237630955e-06
Oriental,Surocciden,185,1.8485706887900373e-06
Oriental,Surocciden,186,1.8486152759951115e-06
Oriental,Surocciden,187,1.8486982781835303e-06
Oriental,Surocciden,188,1.849320589477133e-06
Oriental,Surocciden,189,1.8494895455891543e-06
Oriental,Surocciden,190,1.8493926857323763e-06
Oriental,Surocciden,191,1.8491524336587267e-06
Oriental,Surocciden,192,1.8488451232022461e-06
Oriental,Surocciden,385,1.805829229636362e-07
Oriental,Surocciden,386,1.8058081221309417e-07
Oriental,Surocciden,387,1.8058021925331856e-07
Oriental,Surocciden,388,1.8058045991473911e-07
Oriental,Surocciden,389,1.805807023038792e-07
Oriental,Surocciden,390,1.8058840767039084e-07
Oriental,Surocciden,391,1.805859953247708e-07
Oriental,Surocciden,392,1.8058446882918324e-07
Oriental,Surocciden,393,1.805805241484859e-07
Oriental,Surocciden,394,1.805767825317131e-07
Oriental,Surocciden,395,1.8057476254097149e-07
Oriental,Surocciden,396,1.8057320938035255e-07
Oriental,Surocciden,397,1.8057350785517325e-07
Oriental,Surocciden,398,1.80574953204964e-07
Oriental,Surocciden,399,1.8057773872189023e-07
Oriental,Surocciden,400,1.8058217117055493e-07
Oriental,Surocciden,401,1.8058591253492685e-07
Oriental,Surocciden,402,1.8059001191340398e-07
Oriental,Surocciden,403,1.805857120570569e-07
Oriental,Surocciden,404,1.8059174784081159e-07
Oriental,Surocciden,405,1.8059193481340458e-07
Oriental,Surocciden,406,1.8059161559219412e-07
Oriental,Surocciden,407,1.8058970411882384e-07
Oriental,Surocciden,408,1.8058604967787935e-07
Oriental,Surocciden,409,7.947407371035246e-07
Oriental,Surocciden,410,7.947537780490609e-07
Oriental,Surocciden,411,7.947864095726288e-07
Oriental,Surocciden,412,7.948203081329796e-07
Oriental,Surocciden,413,7.948471518424178e-07
Oriental,Surocciden,414,7.948339295600638e-07
Oriental,Surocciden,415,7.947792267256506e-07
Oriental,Surocciden,416,7.94755797944731e-07
Oriental,Surocciden,417,7.947010101053125e-07
Oriental,Surocciden,418,7.94666203072764e-07
Oriental,Surocciden,419,7.946473000207066e-07
Oriental,Surocciden,420,7.946365512141348e-07
Oriental,Surocciden,421,7.94654079361677e-07
Oriental,Surocciden,422,7.946707752239741e-07
Oriental,Surocciden,423,7.947148736073755e-07
Oriental,Surocciden,424,7.947886501844472e-07
Oriental,Surocciden,425,7.948372574432038e-07
Oriental,Surocciden,426,7.948657917998061e-07
Oriental,Surocciden,427,7.948574089221153e-07
Oriental,Surocciden,428,7.949656505770245e-07
Oriental,Surocciden,429,7.949857367795465e-07
Oriental,Surocciden,430,7.949404734384674e-07
Oriental,Surocciden,431,7.948656150828727e-07
Oriental,Surocciden,432,7.947797979676191e-07
Oriental,Surocciden,433,1.5582693218210425e-07
Oriental,Surocciden,434,1.5582731200275336e-07
Oriental,Surocciden,435,1.5582910306796906e-07
Oriental,Surocciden,436,1.5583147844676494e-07
Oriental,Surocciden,437,1.5583313651620468e-07
Oriental,Surocciden,438,1.5584284984685066e-07
Oriental,Surocciden,439,1.558369640698029e-07
Oriental,Surocciden,440,1.5583474427916723e-07
Oriental,Surocciden,441,1.5582689950292268e-07
Oriental,Surocciden,442,1.558206893945782e-07
Oriental,Surocciden,443,1.5581732088703238e-07
Oriental,Surocciden,444,1.5581498391091478e-07
Oriental,Surocciden,445,1.5581523629961512e-07
Oriental,Surocciden,446,1.5581650168026327e-07
Oriental,Surocciden,447,1.5581956372560458e-07
Oriental,Surocciden,448,1.5582439581992338e-07
Oriental,Surocciden,449,1.558285974999311e-07
Oriental,Surocciden,450,1.5583205876428052e-07
Oriental,Surocciden,451,1.5583245320819222e-07
Oriental,Surocciden,452,1.558372506670253e-07
Oriental,Surocciden,453,1.5583918674438643e-07
Oriental,Surocciden,454,1.558377263189551e-07
Oriental,Surocciden,455,1.558337993621333e-07
Oriental,Surocciden,456,1.5582879066332489e-07
Oriental,Surocciden,457,7.945293304290475e-07
Oriental,Surocciden,458,7.94586635801099e-07
Oriental,Surocciden,459,7.946483884527975e-07
Oriental,Surocciden,460,7.947103714081222e-07
Oriental,Surocciden,461,7.947400720567345e-07
Oriental,Surocciden,462,7.94699982576397e-07
Oriental,Surocciden,463,7.945828958086264e-07
Oriental,Surocciden,464,7.94558629334034e-07
Oriental,Surocciden,465,7.944764642906253e-07
Oriental,Surocciden,466,7.944104556939475e-07
Oriental,Surocciden,467,7.943757093464044e-07
Oriental,Surocciden,468,7.943612679974519e-07
Oriental,Surocciden,469,7.943808437783594e-07
Oriental,Surocciden,470,7.943896209130164e-07
Oriental,Surocciden,471,7.944379347602195e-07
Oriental,Surocciden,472,7.945234896155792e-07
Oriental,Surocciden,473,7.945812844812271e-07
Oriental,Surocciden,474,7.946074892910089e-07
Oriental,Surocciden,475,7.945790177138228e-07
Oriental,Surocciden,476,7.947067161228022e-07
Oriental,Surocciden,477,7.947653892921013e-07
Oriental,Surocciden,478,7.94704750757792e-07
Oriental,Surocciden,479,7.946041388185685e-07
Oriental,Surocciden,480,7.945208214588926e-07
Oriental,Surocciden,481,1.5595863404420847e-07
Oriental,Surocciden,482,1.5597357451962992e-07
Oriental,Surocciden,483,1.5598475791418593e-07
Oriental,Surocciden,484,1.5599296800309387e-07
Oriental,Surocciden,485,1.5599702500872862e-07
Oriental,Surocciden,486,1.560112817034443e-07
Oriental,Surocciden,487,1.5600395777520678e-07
Oriental,Surocciden,488,1.5599872060847656e-07
Oriental,Surocciden,489,1.5597778937316e-07
Oriental,Surocciden,490,1.559572919762843e-07
Oriental,Surocciden,491,1.5594502351401839e-07
Oriental,Surocciden,492,1.5593451641862387e-07
Oriental,Surocciden,493,1.5592932165612e-07
Oriental,Surocciden,494,1.5593107962961798e-07
Oriental,Surocciden,495,1.5593345002436754e-07
Oriental,Surocciden,496,1.5593737687532228e-07
Oriental,Surocciden,497,1.5594185663790722e-07
Oriental,Surocciden,498,1.559475443806788e-07
Oriental,Surocciden,499,1.5595102442797306e-07
Oriental,Surocciden,500,1.5594334204938404e-07
Oriental,Surocciden,501,1.5594324437603715e-07
Oriental,Surocciden,502,1.5594367829545225e-07
Oriental,Surocciden,503,1.5594419722036974e-07
Oriental,Surocciden,504,1.5594749911548026e-07
Oriental,Surocciden,505,7.950256581992984e-07
Oriental,Surocciden,506,7.950566731113048e-07
Oriental,Surocciden,507,7.950670613475285e-07
Oriental,Surocciden,508,7.950722282157601e-07
Oriental,Surocciden,509,7.950749528765656e-07
Oriental,Surocciden,510,7.950661335368953e-07
Oriental,Surocciden,511,7.950483162669219e-07
Oriental,Surocciden,512,7.950075395369885e-07
Oriental,Surocciden,513,7.949439898207117e-07
Oriental,Surocciden,514,7.948715306425601e-07
Oriental,Surocciden,515,7.948162880659672e-07
Oriental,Surocciden,516,7.947636405778513e-07
Oriental,Surocciden,517,7.94736138878604e-07
Oriental,Surocciden,518,7.947497428209068e-07
Oriental,Surocciden,519,7.94767531935335e-07
Oriental,Surocciden,520,7.948158973735142e-07
Oriental,Surocciden,521,7.94873842261232e-07
Oriental,Surocciden,522,7.949209638774876e-07
Oriental,Surocciden,523,7.949117037518131e-07
Oriental,Surocciden,524,7.949662261363364e-07
Oriental,Surocciden,525,7.950530458802332e-07
Oriental,Surocciden,526,7.949984884631261e-07
Oriental,Surocciden,527,7.949320877545526e-07
Oriental,Surocciden,528,7.949473251617058e-07
Oriental,Surocciden,529,1.5368718994689587e-07
Oriental,Surocciden,530,1.5368599074641738e-07
Oriental,Surocciden,531,1.536867764128314e-07
Oriental,Surocciden,532,1.5368818985789632e-07
Oriental,Surocciden,533,1.536893666995744e-07
Oriental,Surocciden,534,1.5369777085833837e-07
Oriental,Surocciden,535,1.5369351489399651e-07
Oriental,Surocciden,536,1.5369014383799093e-07
Oriental,Surocciden,537,1.5368192137068464e-07
Oriental,Surocciden,538,1.5367578774985598e-07
Oriental,Surocciden,539,1.5367255485602547e-07
Oriental,Surocciden,540,1.5367152128382791e-07
Oriental,Surocciden,541,1.5367337242559615e-07
Oriental,Surocciden,542,1.5367556246244648e-07
Oriental,Surocciden,543,1.5367986499392974e-07
Oriental,Surocciden,544,1.536862012879412e-07
Oriental,Surocciden,545,1.5369073225385284e-07
Oriental,Surocciden,546,1.5369438993409455e-07
Oriental,Surocciden,547,1.5368902251117175e-07
Oriental,Surocciden,548,1.5370377904485469e-07
Oriental,Surocciden,549,1.537043829320643e-07
Oriental,Surocciden,550,1.537023146471099e-07
Oriental,Surocciden,551,1.5369730258685094e-07
Oriental,Surocciden,552,1.5369075992066663e-07
Oriental,Surocciden,553,7.254248930705185e-07
Oriental,Surocciden,554,7.255821485269074e-07
Oriental,Surocciden,555,7.256997160930793e-07
Oriental,Surocciden,556,7.257971628275231e-07
Oriental,Surocciden,557,7.258487760385529e-07
Oriental,Surocciden,558,7.258009875122926e-07
Oriental,Surocciden,559,7.256445865343713e-07
Oriental,Surocciden,560,7.255870962730749e-07
Oriental,Surocciden,561,7.254144532777168e-07
Oriental,Surocciden,562,7.252918837156816e-07
Oriental,Surocciden,563,7.252254699924427e-07
Oriental,Surocciden,564,7.25186425022621e-07
Oriental,Surocciden,565,7.252204718772771e-07
Oriental,Surocciden,566,7.252447197022758e-07
Oriental,Surocciden,567,7.253110367728238e-07
Oriental,Surocciden,568,7.254258496001565e-07
Oriental,Surocciden,569,7.254927656546107e-07
Oriental,Surocciden,570,7.255107925142391e-07
Oriental,Surocciden,571,7.254872626273852e-07
Oriental,Surocciden,572,7.256534464171074e-07
Oriental,Surocciden,573,7.2564374293875e-07
Oriental,Surocciden,574,7.255900632297229e-07
Oriental,Surocciden,575,7.254787440340923e-07
Oriental,Surocciden,576,7.253863203212167e-07
Oriental,Surocciden,1345,1.316758514960027e-06
Oriental,Surocciden,1346,1.3166976771477422e-06
Oriental,Surocciden,1347,1.3166748364271249e-06
Oriental,Surocciden,1348,1.316675058191527e-06
Oriental,Surocciden,1349,1.3166788223249075e-06
Oriental,Surocciden,1350,1.3166972473592647e-06
Oriental,Surocciden,1351,1.3166855710742847e-06
Oriental,Surocciden,1352,1.3166686109455373e-06
Oriental,Surocciden,1353,1.3166438471591936e-06
Oriental,Surocciden,1354,1.3166087858009444e-06
Oriental,Surocciden,1355,1.316583083086482e-06
Oriental,Surocciden,1356,1.3165628799761645e-06
Oriental,Surocciden,1357,1.31657673463844e-06
Oriental,Surocciden,1358,1.3166052168640393e-06
Oriental,Surocciden,1359,1.316676131586119e-06
Oriental,Surocciden,1360,1.316785501340095e-06
Oriental,Surocciden,1361,1.316854023378925e-06
Oriental,Surocciden,1362,1.3168957758925096e-06
Oriental,Surocciden,1363,1.3168996529566187e-06
Oriental,Surocciden,1364,1.3170013877156004e-06
Oriental,Surocciden,1365,1.3170198113940385e-06
Oriental,Surocciden,1366,1.316989759076905e-06
Oriental,Surocciden,1367,1.3169172587028237e-06
Oriental,Surocciden,1368,1.3168360591319335e-06
Oriental,Surocciden,1369,1.2083266198294645e-06
Oriental,Surocciden,1370,1.208284161102052e-06
Oriental,Surocciden,1371,1.2084053417585014e-06
Oriental,Surocciden,1372,1.208541791862417e-06
Oriental,Surocciden,1373,1.2086154880171819e-06
Oriental,Surocciden,1374,1.2085304886687668e-06
Oriental,Surocciden,1375,1.2083271924199385e-06
Oriental,Surocciden,1376,1.208246422765089e-06
Oriental,Surocciden,1377,1.20801003137816e-06
Oriental,Surocciden,1378,1.207853886297417e-06
Oriental,Surocciden,1379,1.2077457584443601e-06
Oriental,Surocciden,1380,1.207754016209197e-06
Oriental,Surocciden,1381,1.2078968903081924e-06
Oriental,Surocciden,1382,1.2079967253316873e-06
Oriental,Surocciden,1383,1.2082600214054508e-06
Oriental,Surocciden,1384,1.2086518279545115e-06
Oriental,Surocciden,1385,1.2088963194612265e-06
Oriental,Surocciden,1386,1.2090539339842593e-06
Oriental,Surocciden,1387,1.2090022816049144e-06
Oriental,Surocciden,1388,1.2093313736842681e-06
Oriental,Surocciden,1389,1.2093751328661837e-06
Oriental,Surocciden,1390,1.2092165215319614e-06
Oriental,Surocciden,1391,1.2089286639107413e-06
Oriental,Surocciden,1392,1.208543383740753e-06
Oriental,Surocciden,1393,2.6068657900187085e-07
Oriental,Surocciden,1394,2.606930606442769e-07
Oriental,Surocciden,1395,2.607040287984534e-07
Oriental,Surocciden,1396,2.6071810640302334e-07
Oriental,Surocciden,1397,2.6072782847321654e-07
Oriental,Surocciden,1398,2.6073457751447665e-07
Oriental,Surocciden,1399,2.607145680488598e-07
Oriental,Surocciden,1400,2.6071859181879096e-07
Oriental,Surocciden,1401,2.606910403501292e-07
Oriental,Surocciden,1402,2.606665282136111e-07
Oriental,Surocciden,1403,2.6065096210245275e-07
Oriental,Surocciden,1404,2.606439291130614e-07
Oriental,Surocciden,1405,2.6064787892142475e-07
Oriental,Surocciden,1406,2.6065451503796043e-07
Oriental,Surocciden,1407,2.6066377676994913e-07
Oriental,Surocciden,1408,2.606743272877726e-07
Oriental,Surocciden,1409,2.6068271363229275e-07
Oriental,Surocciden,1410,2.6069821767868006e-07
Oriental,Surocciden,1411,2.607014358020155e-07
Oriental,Surocciden,1412,2.6071639903301584e-07
Oriental,Surocciden,1413,2.60721089436829e-07
Oriental,Surocciden,1414,2.607171674366255e-07
Oriental,Surocciden,1415,2.6070470050895023e-07
Oriental,Surocciden,1416,2.606881441577148e-07
Oriental,Surocciden,1417,1.1014149408024895e-06
Oriental,Surocciden,1418,1.1013939320936005e-06
Oriental,Surocciden,1419,1.101523485013922e-06
Oriental,Surocciden,1420,1.101689191655566e-06
Oriental,Surocciden,1421,1.1017752397114942e-06
Oriental,Surocciden,1422,1.1016129672491877e-06
Oriental,Surocciden,1423,1.1013298395352154e-06
Oriental,Surocciden,1424,1.1012072068396075e-06
Oriental,Surocciden,1425,1.1009546031882172e-06
Oriental,Surocciden,1426,1.1007876505729377e-06
Oriental,Surocciden,1427,1.1006748634518121e-06
Oriental,Surocciden,1428,1.1007205379253047e-06
Oriental,Surocciden,1429,1.10088487787285e-06
Oriental,Surocciden,1430,1.100948461236428e-06
Oriental,Surocciden,1431,1.1012285695556542e-06
Oriental,Surocciden,1432,1.1016257174413473e-06
Oriental,Surocciden,1433,1.1018905856978004e-06
Oriental,Surocciden,1434,1.1020388768248866e-06
Oriental,Surocciden,1435,1.1019568056285301e-06
Oriental,Surocciden,1436,1.1022875516622005e-06
Oriental,Surocciden,1437,1.1024062712992972e-06
Oriental,Surocciden,1438,1.1022625706891343e-06
Oriental,Surocciden,1439,1.101977403873684e-06
Oriental,Surocciden,1440,1.1016314508246024e-06
Oriental,Surocciden,1441,2.609328080883926e-07
Oriental,Surocciden,1442,2.609604815806232e-07
Oriental,Surocciden,1443,2.609778040673769e-07
Oriental,Surocciden,1444,2.609888310818284e-07
Oriental,Surocciden,1445,2.6099403543502393e-07
Oriental,Surocciden,1446,2.6100730890924244e-07
Oriental,Surocciden,1447,2.6099857061841264e-07
Oriental,Surocciden,1448,2.6098503001304206e-07
Oriental,Surocciden,1449,2.609539441993833e-07
Oriental,Surocciden,1450,2.6092152899954453e-07
Oriental,Surocciden,1451,2.608986223471985e-07
Oriental,Surocciden,1452,2.608779306136776e-07
Oriental,Surocciden,1453,2.608647880136019e-07
Oriental,Surocciden,1454,2.608671059255843e-07
Oriental,Surocciden,1455,2.608675211071655e-07
Oriental,Surocciden,1456,2.608688685270623e-07
Oriental,Surocciden,1457,2.608770177005421e-07
Oriental,Surocciden,1458,2.6089402353529595e-07
Oriental,Surocciden,1459,2.6090691886205673e-07
Oriental,Surocciden,1460,2.608953566154091e-07
Oriental,Surocciden,1461,2.6088882560543334e-07
Oriental,Surocciden,1462,2.6089366148390796e-07
Oriental,Surocciden,1463,2.6089784178138373e-07
Oriental,Surocciden,1464,2.609052063292372e-07
Oriental,Surocciden,1465,1.0976721356169948e-06
Oriental,Surocciden,1466,1.0973580513926578e-06
Oriental,Surocciden,1467,1.0971838053448363e-06
Oriental,Surocciden,1468,1.0970702974610855e-06
Oriental,Surocciden,1469,1.0970301221428765e-06
Oriental,Surocciden,1470,1.0970611068505752e-06
Oriental,Surocciden,1471,1.0971485990880957e-06
Oriental,Surocciden,1472,1.0969710095384476e-06
Oriental,Surocciden,1473,1.096905827942977e-06
Oriental,Surocciden,1474,1.0968329138097445e-06
Oriental,Surocciden,1475,1.0967241649917329e-06
Oriental,Surocciden,1476,1.0967023880831045e-06
Oriental,Surocciden,1477,1.0967422915612229e-06
Oriental,Surocciden,1478,1.096827263445153e-06
Oriental,Surocciden,1479,1.0970428323826427e-06
Oriental,Surocciden,1480,1.0975186175532128e-06
Oriental,Surocciden,1481,1.0979856076433993e-06
Oriental,Surocciden,1482,1.098327730890558e-06
Oriental,Surocciden,1483,1.098112228457553e-06
Oriental,Surocciden,1484,1.0986005000824155e-06
Oriental,Surocciden,1485,1.0991176388857547e-06
Oriental,Surocciden,1486,1.0987449400642889e-06
Oriental,Surocciden,1487,1.0981325494904547e-06
Oriental,Surocciden,1488,1.0977966230731807e-06
Oriental,Surocciden,1489,2.1748177912140503e-07
Oriental,Surocciden,1490,2.1747578290169147e-07
Oriental,Surocciden,1491,2.174776057594557e-07
Oriental,Surocciden,1492,2.174817117970267e-07
Oriental,Surocciden,1493,2.1748548441094905e-07
Oriental,Surocciden,1494,2.1749129564403116e-07
Oriental,Surocciden,1495,2.174800220883457e-07
Oriental,Surocciden,1496,2.1746969165000553e-07
Oriental,Surocciden,1497,2.1744872097593494e-07
Oriental,Surocciden,1498,2.1743095745892365e-07
Oriental,Surocciden,1499,2.1741986259221915e-07
Oriental,Surocciden,1500,2.1741561748678905e-07
Oriental,Surocciden,1501,2.1741949308130384e-07
Oriental,Surocciden,1502,2.1742525961646726e-07
Oriental,Surocciden,1503,2.1744182124920237e-07
Oriental,Surocciden,1504,2.1746677009117837e-07
Oriental,Surocciden,1505,2.1748768284711247e-07
Oriental,Surocciden,1506,2.1750534130950714e-07
Oriental,Surocciden,1507,2.1750141249519086e-07
Oriental,Surocciden,1508,2.1753043909751096e-07
Oriental,Surocciden,1509,2.1753148910449413e-07
Oriental,Surocciden,1510,2.175284723343245e-07
Oriental,Surocciden,1511,2.1751695843388742e-07
Oriental,Surocciden,1512,2.1749678448875986e-07
Oriental,Surocciden,1513,2.2990866651480664e-07
Oriental,Surocciden,1514,2.2997952742247275e-07
Oriental,Surocciden,1515,2.3008574589883832e-07
Oriental,Surocciden,1516,2.301748195015129e-07
Oriental,Surocciden,1517,2.3022011772919744e-07
Oriental,Surocciden,1518,2.3019633106159654e-07
Oriental,Surocciden,1519,2.300654511475337e-07
Oriental,Surocciden,1520,2.3000172034064686e-07
Oriental,Surocciden,1521,2.298270807958196e-07
Oriental,Surocciden,1522,2.2969812968402264e-07
Oriental,Surocciden,1523,2.2963878709130992e-07
Oriental,Surocciden,1524,2.296170187323966e-07
Oriental,Surocciden,1525,2.2966255252089964e-07
Oriental,Surocciden,1526,2.297031918540262e-07
Oriental,Surocciden,1527,2.298045339015778e-07
Oriental,Surocciden,1528,2.2995019309307693e-07
Oriental,Surocciden,1529,2.3003985282705412e-07
Oriental,Surocciden,1530,2.3008325049014638e-07
Oriental,Surocciden,1531,2.3008122638999258e-07
Oriental,Surocciden,1532,2.302032385837726e-07
Oriental,Surocciden,1533,2.3019706345369154e-07
Oriental,Surocciden,1534,2.3015943404468366e-07
Oriental,Surocciden,1535,2.3007064701528702e-07
Oriental,Surocciden,1536,2.2996229680364807e-07
Oriental,Surocciden,2305,1.5726716898834233e-06
Oriental,Surocciden,2306,1.5723819385852514e-06
Oriental,Surocciden,2307,1.572242303670458e-06
Oriental,Surocciden,2308,1.5721588079318956e-06
Oriental,Surocciden,2309,1.5721166048010408e-06
Oriental,Surocciden,2310,1.5721522601737123e-06
Oriental,Surocciden,2311,1.572283914645039e-06
Oriental,Surocciden,2312,1.57236981748272e-06
Oriental,Surocciden,2313,1.5725960221809901e-06
Oriental,Surocciden,2314,1.5727923678039922e-06
Oriental,Surocciden,2315,1.5729410170146332e-06
Oriental,Surocciden,2316,1.5729577617694024e-06
Oriental,Surocciden,2317,1.5729405652162406e-06
Oriental,Surocciden,2318,1.5729113020980696e-06
Oriental,Surocciden,2319,1.5729974515697268e-06
Oriental,Surocciden,2320,1.5732193784508106e-06
Oriental,Surocciden,2321,1.5733319279329233e-06
Oriental,Surocciden,2322,1.573347024368284e-06
Oriental,Surocciden,2323,1.5733214868787694e-06
Oriental,Surocciden,2324,1.573407879780692e-06
Oriental,Surocciden,2325,1.5731855810432215e-06
Oriental,Surocciden,2326,1.5733309454511873e-06
Oriental,Surocciden,2327,1.5733081371246534e-06
Oriental,Surocciden,2328,1.5729960521565767e-06
Oriental,Surocciden,2329,8.976826467442836e-06
Oriental,Surocciden,2330,8.976850444991307e-06
Oriental,Surocciden,2331,8.97583226397586e-06
Oriental,Surocciden,2332,8.975160309948113e-06
Oriental,Surocciden,2333,8.974938974015282e-06
Oriental,Surocciden,2334,8.974972318153018e-06
Oriental,Surocciden,2335,8.975300285372417e-06
Oriental,Surocciden,2336,8.97617491809147e-06
Oriental,Surocciden,2337,8.97779238508683e-06
Oriental,Surocciden,2338,8.978910303071218e-06
Oriental,Surocciden,2339,8.979703941984041e-06
Oriental,Surocciden,2340,8.9796778467802e-06
Oriental,Surocciden,2341,8.979164954179625e-06
Oriental,Surocciden,2342,8.978631013223169e-06
Oriental,Surocciden,2343,8.978281086729792e-06
Oriental,Surocciden,2344,8.978639030574041e-06
Oriental,Surocciden,2345,8.97959531767259e-06
Oriental,Surocciden,2346,8.980341834056367e-06
Oriental,Surocciden,2347,8.980830400083454e-06
Oriental,Surocciden,2348,8.983034931057223e-06
Oriental,Surocciden,2349,8.983233031196228e-06
Oriental,Surocciden,2350,8.98241933539944e-06
Oriental,Surocciden,2351,8.98080845230562e-06
Oriental,Surocciden,2352,8.978673672697123e-06
Oriental,Surocciden,2353,3.8125653039590947e-07
Oriental,Surocciden,2354,3.8123287329036287e-07
Oriental,Surocciden,2355,3.812269694224186e-07
Oriental,Surocciden,2356,3.8122913698232255e-07
Oriental,Surocciden,2357,3.812327593538486e-07
Oriental,Surocciden,2358,3.812384522808572e-07
Oriental,Surocciden,2359,3.8124181480859825e-07
Oriental,Surocciden,2360,3.8126921319495403e-07
Oriental,Surocciden,2361,3.8128905673625185e-07
Oriental,Surocciden,2362,3.813008947567137e-07
Oriental,Surocciden,2363,3.81310859635236e-07
Oriental,Surocciden,2364,3.8129631360767877e-07
Oriental,Surocciden,2365,3.8127966430021466e-07
Oriental,Surocciden,2366,3.812704179152859e-07
Oriental,Surocciden,2367,3.812718647037792e-07
Oriental,Surocciden,2368,3.812967968057052e-07
Oriental,Surocciden,2369,3.8131407068047875e-07
Oriental,Surocciden,2370,3.8132485600551203e-07
Oriental,Surocciden,2371,3.8132692296669747e-07
Oriental,Surocciden,2372,3.813333911937059e-07
Oriental,Surocciden,2373,3.8130594006150053e-07
Oriental,Surocciden,2374,3.8132542536023037e-07
Oriental,Surocciden,2375,3.8132560751132927e-07
Oriental,Surocciden,2376,3.812915970086659e-07
Oriental,Surocciden,2377,1.6503344075903941e-06
Oriental,Surocciden,2378,1.6501531421119195e-06
Oriental,Surocciden,2379,1.649828012279061e-06
Oriental,Surocciden,2380,1.6496846448994368e-06
Oriental,Surocciden,2381,1.6496525022617606e-06
Oriental,Surocciden,2382,1.6496585230977182e-06
Oriental,Surocciden,2383,1.649794003426576e-06
Oriental,Surocciden,2384,1.6503778421215513e-06
Oriental,Surocciden,2385,1.650626190604459e-06
Oriental,Surocciden,2386,1.6507791804158201e-06
Oriental,Surocciden,2387,1.6509441405902873e-06
Oriental,Surocciden,2388,1.65085789537078e-06
Oriental,Surocciden,2389,1.6506893980644668e-06
Oriental,Surocciden,2390,1.6505797726888718e-06
Oriental,Surocciden,2391,1.6505794910266796e-06
Oriental,Surocciden,2392,1.650789027861331e-06
Oriental,Surocciden,2393,1.651141977163874e-06
Oriental,Surocciden,2394,1.6514074702677575e-06
Oriental,Surocciden,2395,1.651491639411863e-06
Oriental,Surocciden,2396,1.6523184002186881e-06
Oriental,Surocciden,2397,1.652507521373349e-06
Oriental,Surocciden,2398,1.6521987365054082e-06
Oriental,Surocciden,2399,1.6516068373554747e-06
Oriental,Surocciden,2400,1.6509010072404723e-06
Oriental,Surocciden,2401,3.267303389329913e-07
Oriental,Surocciden,2402,3.2675971503774916e-07
Oriental,Surocciden,2403,3.267807439361114e-07
Oriental,Surocciden,2404,3.2679508749053595e-07
Oriental,Surocciden,2405,3.2680104126250595e-07
Oriental,Surocciden,2406,3.2681134769398724e-07
Oriental,Surocciden,2407,3.2681368537090157e-07
Oriental,Surocciden,2408,3.2682536680026407e-07
Oriental,Surocciden,2409,3.268217650347411e-07
Oriental,Surocciden,2410,3.268163401819936e-07
Oriental,Surocciden,2411,3.268124111475487e-07
Oriental,Surocciden,2412,3.268046651690822e-07
Oriental,Surocciden,2413,3.267877736010797e-07
Oriental,Surocciden,2414,3.267726004596569e-07
Oriental,Surocciden,2415,3.2673849522396723e-07
Oriental,Surocciden,2416,3.267133134190094e-07
Oriental,Surocciden,2417,3.2671267290753037e-07
Oriental,Surocciden,2418,3.2672569608802056e-07
Oriental,Surocciden,2419,3.2673887637711625e-07
Oriental,Surocciden,2420,3.2673537112881446e-07
Oriental,Surocciden,2421,3.2670000614592165e-07
Oriental,Surocciden,2422,3.267235478790564e-07
Oriental,Surocciden,2423,3.267390722915151e-07
Oriental,Surocciden,2424,3.2672665215831474e-07
Oriental,Surocciden,2425,1.8231389666638926e-06
Oriental,Surocciden,2426,1.8231696471144302e-06
Oriental,Surocciden,2427,1.8231683852126766e-06
Oriental,Surocciden,2428,1.8229659687397547e-06
Oriental,Surocciden,2429,1.8227917793112641e-06
Oriental,Surocciden,2430,1.8227771549384594e-06
Oriental,Surocciden,2431,1.8227430562218253e-06
Oriental,Surocciden,2432,1.8225228294601e-06
Oriental,Surocciden,2433,1.8227426530947135e-06
Oriental,Surocciden,2434,1.8229867119348408e-06
Oriental,Surocciden,2435,1.8230962747469956e-06
Oriental,Surocciden,2436,1.8233343292630976e-06
Oriental,Surocciden,2437,1.8237122255153179e-06
Oriental,Surocciden,2438,1.8238426290819394e-06
Oriental,Surocciden,2439,1.82399637708777e-06
Oriental,Surocciden,2440,1.823769262014071e-06
Oriental,Surocciden,2441,1.8234665752100474e-06
Oriental,Surocciden,2442,1.8237820794031414e-06
Oriental,Surocciden,2443,1.8237986241346809e-06
Oriental,Surocciden,2444,1.8253870520176966e-06
Oriental,Surocciden,2445,1.8264299747111488e-06
Oriental,Surocciden,2446,1.8252688665071502e-06
Oriental,Surocciden,2447,1.8240065354778652e-06
Oriental,Surocciden,2448,1.8231578372231117e-06
Oriental,Surocciden,2449,2.3696027244447123e-07
Oriental,Surocciden,2450,2.3693923354149106e-07
Oriental,Surocciden,2451,2.3693308551086565e-07
Oriental,Surocciden,2452,2.3693148523404098e-07
Oriental,Surocciden,2453,2.369317903220062e-07
Oriental,Surocciden,2454,2.3693525474770904e-07
Oriental,Surocciden,2455,2.369344810127338e-07
Oriental,Surocciden,2456,2.3693910392401178e-07
Oriental,Surocciden,2457,2.3693933238136853e-07
Oriental,Surocciden,2458,2.3693689378180165e-07
Oriental,Surocciden,2459,2.3693600055309967e-07
Oriental,Surocciden,2460,2.3693009173444234e-07
Oriental,Surocciden,2461,2.3692781810045347e-07
Oriental,Surocciden,2462,2.3692856298407792e-07
Oriental,Surocciden,2463,2.3693943703625886e-07
Oriental,Surocciden,2464,2.3696233144270842e-07
Oriental,Surocciden,2465,2.369795808097341e-07
Oriental,Surocciden,2466,2.370017604666071e-07
Oriental,Surocciden,2467,2.370016355704674e-07
Oriental,Surocciden,2468,2.370144293080961e-07
Oriental,Surocciden,2469,2.3701550685872043e-07
Oriental,Surocciden,2470,2.3702329669772304e-07
Oriental,Surocciden,2471,2.3701613030241178e-07
Oriental,Surocciden,2472,2.3698763363492427e-07
Oriental,Surocciden,2473,3.9769914034882974e-07
Oriental,Surocciden,2474,3.9772119190127765e-07
Oriental,Surocciden,2475,3.9765627185612384e-07
Oriental,Surocciden,2476,3.976702987483521e-07
Oriental,Surocciden,2477,3.977099331149718e-07
Oriental,Surocciden,2478,3.9773119667376976e-07
Oriental,Surocciden,2479,3.97799752214786e-07
Oriental,Surocciden,2480,3.9805640538269456e-07
Oriental,Surocciden,2481,3.98062204691896e-07
Oriental,Surocciden,2482,3.980040586618021e-07
Oriental,Surocciden,2483,3.9797629756100346e-07
Oriental,Surocciden,2484,3.9790061422971326e-07
Oriental,Surocciden,2485,3.9783560094784236e-07
Oriental,Surocciden,2486,3.977842153327725e-07
Oriental,Surocciden,2487,3.9773699015095556e-07
Oriental,Surocciden,2488,3.9779468971526583e-07
Oriental,Surocciden,2489,3.979170250841805e-07
Oriental,Surocciden,2490,3.980350762453315e-07
Oriental,Surocciden,2491,3.9812032890505867e-07
Oriental,Surocciden,2492,3.9840498729808853e-07
Oriental,Surocciden,2493,3.9837608241058236e-07
Oriental,Surocciden,2494,3.982580564018059e-07
Oriental,Surocciden,2495,3.980908232329612e-07
Oriental,Surocciden,2496,3.9787444702623313e-07
Oriental,Surocciden,3265,1.8653049747838805e-06
Oriental,Surocciden,3266,1.8651300859685791e-06
Oriental,Surocciden,3267,1.8650092866759138e-06
Oriental,Surocciden,3268,1.8649272384749376e-06
Oriental,Surocciden,3269,1.8648888741868383e-06
Oriental,Surocciden,3270,1.86491895418445e-06
Oriental,Surocciden,3271,1.865109784060593e-06
Oriental,Surocciden,3272,1.8653838768803645e-06
Oriental,Surocciden,3273,1.866027914798057e-06
Oriental,Surocciden,3274,1.866807039668725e-06
Oriental,Surocciden,3275,1.867835099124906e-06
Oriental,Surocciden,3276,1.8679698161924678e-06
Oriental,Surocciden,3277,1.8672120013540256e-06
Oriental,Surocciden,3278,1.866561269830631e-06
Oriental,Surocciden,3279,1.866116803575327e-06
Oriental,Surocciden,3280,1.8661166100115367e-06
Oriental,Surocciden,3281,1.8659392183901808e-06
Oriental,Surocciden,3282,1.865697805075715e-06
Oriental,Surocciden,3283,1.8656331238642383e-06
Oriental,Surocciden,3284,1.8652041691627942e-06
Oriental,Surocciden,3285,1.8649800077773843e-06
Oriental,Surocciden,3286,1.8654069095020768e-06
Oriental,Surocciden,3287,1.86565833718579e-06
Oriental,Surocciden,3288,1.8654888774787254e-06
Oriental,Surocciden,3289,4.8699787066656745e-05
Oriental,Surocciden,3290,4.868280172990786e-05
Oriental,Surocciden,3291,4.86569112163684e-05
Oriental,Surocciden,3292,4.863395999562652e-05
Oriental,Surocciden,3293,4.861640099206133e-05
Oriental,Surocciden,3294,4.8606431454385764e-05
Oriental,Surocciden,3295,4.859427684244102e-05
Oriental,Surocciden,3296,4.8670934427458824e-05
Oriental,Surocciden,3297,4.887419093754531e-05
Oriental,Surocciden,3298,4.921483715731514e-05
Oriental,Surocciden,3299,4.984812812744118e-05
Oriental,Surocciden,3300,5.013297978578771e-05
Oriental,Surocciden,3301,4.929729683377715e-05
Oriental,Surocciden,3302,4.8876677408188026e-05
Oriental,Surocciden,3303,4.87086157472207e-05
Oriental,Surocciden,3304,4.8654315671606996e-05
Oriental,Surocciden,3305,4.867440038864717e-05
Oriental,Surocciden,3306,4.8706440571049204e-05
Oriental,Surocciden,3307,4.8723345897843585e-05
Oriental,Surocciden,3308,4.8784856937887816e-05
Oriental,Surocciden,3309,4.878435623449125e-05
Oriental,Surocciden,3310,4.87872756839607e-05
Oriental,Surocciden,3311,4.877601751504593e-05
Oriental,Surocciden,3312,4.874005234275576e-05
Oriental,Surocciden,3313,3.746670001647773e-07
Oriental,Surocciden,3314,3.7463357163216514e-07
Oriental,Surocciden,3315,3.746227830282197e-07
Oriental,Surocciden,3316,3.7462158159791317e-07
Oriental,Surocciden,3317,3.746235657404648e-07
Oriental,Surocciden,3318,3.746259402613423e-07
Oriental,Surocciden,3319,3.746515246339695e-07
Oriental,Surocciden,3320,3.747521597739311e-07
Oriental,Surocciden,3321,3.748944434307488e-07
Oriental,Surocciden,3322,3.750598146744191e-07
Oriental,Surocciden,3323,3.7524909030375307e-07
Oriental,Surocciden,3324,3.7524225094686666e-07
Oriental,Surocciden,3325,3.750854723837393e-07
Oriental,Surocciden,3326,3.749536645245206e-07
Oriental,Surocciden,3327,3.748053762465329e-07
Oriental,Surocciden,3328,3.7476053917222964e-07
Oriental,Surocciden,3329,3.7475564503471917e-07
Oriental,Surocciden,3330,3.7473708594855995e-07
Oriental,Surocciden,3331,3.7474120232199094e-07
Oriental,Surocciden,3332,3.746935967559216e-07
Oriental,Surocciden,3333,3.746262195707329e-07
Oriental,Surocciden,3334,3.746771142630693e-07
Oriental,Surocciden,3335,3.7472868031045817e-07
Oriental,Surocciden,3336,3.7471096176080774e-07
Oriental,Surocciden,3337,1.9445140286906235e-06
Oriental,Surocciden,3338,1.9440374994905516e-06
Oriental,Surocciden,3339,1.9432599283666064e-06
Oriental,Surocciden,3340,1.9429031481298942e-06
Oriental,Surocciden,3341,1.9427795372175812e-06
Oriental,Surocciden,3342,1.942801032537992e-06
Oriental,Surocciden,3343,1.9432309353479814e-06
Oriental,Surocciden,3344,1.946022479119292e-06
Oriental,Surocciden,3345,1.9522487728498735e-06
Oriental,Surocciden,3346,1.9862479350267786e-06
Oriental,Surocciden,3347,1.7420700369944632e-05
Oriental,Surocciden,3348,1.7426495958707756e-05
Oriental,Surocciden,3349,1.7372706420185934e-05
Oriental,Surocciden,3350,1.9586424992340435e-06
Oriental,Surocciden,3351,1.9479618397500426e-06
Oriental,Surocciden,3352,1.9462988759970503e-06
Oriental,Surocciden,3353,1.9471021921502826e-06
Oriental,Surocciden,3354,1.947884108965669e-06
Oriental,Surocciden,3355,1.948091923613562e-06
Oriental,Surocciden,3356,1.9504497898887947e-06
Oriental,Surocciden,3357,1.9510160939490033e-06
Oriental,Surocciden,3358,1.9501075410134178e-06
Oriental,Surocciden,3359,1.94837985572956e-06
Oriental,Surocciden,3360,1.9462166406081967e-06
Oriental,Surocciden,3361,3.73304191411731e-07
Oriental,Surocciden,3362,3.7341234346136634e-07
Oriental,Surocciden,3363,3.735840953639678e-07
Oriental,Surocciden,3364,3.737103828732122e-07
Oriental,Surocciden,3365,3.7376742021973845e-07
Oriental,Surocciden,3366,3.737536193569144e-07
Oriental,Surocciden,3367,3.7390039537585307e-07
Oriental,Surocciden,3368,3.742734867709859e-07
Oriental,Surocciden,3369,3.7443771242857487e-07
Oriental,Surocciden,3370,3.7455531815879925e-07
Oriental,Surocciden,3371,3.746330601959868e-07
Oriental,Surocciden,3372,3.747452025750756e-07
Oriental,Surocciden,3373,3.748134473862534e-07
Oriental,Surocciden,3374,3.7474882364728215e-07
Oriental,Surocciden,3375,3.744493810882911e-07
Oriental,Surocciden,3376,3.7350402142980297e-07
Oriental,Surocciden,3377,3.7339310581795486e-07
Oriental,Surocciden,3378,3.733669391688371e-07
Oriental,Surocciden,3379,3.734378955342693e-07
Oriental,Surocciden,3380,3.7336710746584213e-07
Oriental,Surocciden,3381,3.729292708064807e-07
Oriental,Surocciden,3382,3.731569174436545e-07
Oriental,Surocciden,3383,3.734524817135483e-07
Oriental,Surocciden,3384,3.733759166146372e-07
Oriental,Surocciden,3385,1.6991406607690203e-05
Oriental,Surocciden,3386,1.6989440427589543e-05
Oriental,Surocciden,3387,1.6969476554068996e-05
Oriental,Surocciden,3388,1.695924574680604e-05
Oriental,Surocciden,3389,1.6957475073892823e-05
Oriental,Surocciden,3390,1.6957628461085026e-05
Oriental,Surocciden,3391,1.6961873769722147e-05
Oriental,Surocciden,3392,1.6962018429701793e-05
Oriental,Surocciden,3393,1.6965425003695788e-05
Oriental,Surocciden,3394,1.6969865943751404e-05
Oriental,Surocciden,3395,1.697420266762265e-05
Oriental,Surocciden,3396,1.697633219772122e-05
Oriental,Surocciden,3397,1.6978560295881413e-05
Oriental,Surocciden,3398,1.69821280232087e-05
Oriental,Surocciden,3399,1.7006219285191723e-05
Oriental,Surocciden,3400,1.7058227210104252e-05
Oriental,Surocciden,3401,1.7020275072740833e-05
Oriental,Surocciden,3402,1.7024273106836352e-05
Oriental,Surocciden,3403,1.7027568473275094e-05
Oriental,Surocciden,3404,1.708879908688873e-05
Oriental,Surocciden,3405,1.711041456685064e-05
Oriental,Surocciden,3406,1.708467667243442e-05
Oriental,Surocciden,3407,1.703259042724391e-05
Oriental,Surocciden,3408,1.7008177275352974e-05
Oriental,Surocciden,3409,3.113769699424235e-07
Oriental,Surocciden,3410,3.11336669925149e-07
Oriental,Surocciden,3411,3.1132158269374013e-07
Oriental,Surocciden,3412,3.1131538185305544e-07
Oriental,Surocciden,3413,3.1131421986675717e-07
Oriental,Surocciden,3414,3.1131281645403973e-07
Oriental,Surocciden,3415,3.1132787040725235e-07
Oriental,Surocciden,3416,3.1138914184537424e-07
Oriental,Surocciden,3417,3.114794279217344e-07
Oriental,Surocciden,3418,3.115706477751824e-07
Oriental,Surocciden,3419,3.116558252641064e-07
Oriental,Surocciden,3420,3.1165582598178485e-07
Oriental,Surocciden,3421,3.1158240432313547e-07
Oriental,Surocciden,3422,3.114979131476065e-07
Oriental,Surocciden,3423,3.114219121399736e-07
Oriental,Surocciden,3424,3.114255926547597e-07
Oriental,Surocciden,3425,3.114386353605307e-07
Oriental,Surocciden,3426,3.1143326405029243e-07
Oriental,Surocciden,3427,3.114287076618215e-07
Oriental,Surocciden,3428,3.113708564380814e-07
Oriental,Surocciden,3429,3.113700998483091e-07
Oriental,Surocciden,3430,3.1140967942502907e-07
Oriental,Surocciden,3431,3.1144837060371555e-07
Oriental,Surocciden,3432,3.1142240045323615e-07
Oriental,Surocciden,3433,3.7728317638368394e-07
Oriental,Surocciden,3434,3.7730349641906553e-07
Oriental,Surocciden,3435,3.7722363763321663e-07
Oriental,Surocciden,3436,3.771982145115571e-07
Oriental,Surocciden,3437,3.7721064212928404e-07
Oriental,Surocciden,3438,3.7722196795528696e-07
Oriental,Surocciden,3439,3.7736784532087357e-07
Oriental,Surocciden,3440,3.779509409866089e-07
Oriental,Surocciden,3441,3.787689142754443e-07
Oriental,Surocciden,3442,3.856656718695357e-07
Oriental,Surocciden,3443,126.52477253372234
Oriental,Surocciden,3444,155.20706986041026
Oriental,Surocciden,3445,62.9352877750615
Oriental,Surocciden,3446,3.798867004543372e-07
Oriental,Surocciden,3447,3.7796838742879435e-07
Oriental,Surocciden,3448,3.7747898702832435e-07
Oriental,Surocciden,3449,3.774633013712602e-07
Oriental,Surocciden,3450,3.775595091917656e-07
Oriental,Surocciden,3451,3.7765638965216194e-07
Oriental,Surocciden,3452,3.78112893723166e-07
Oriental,Surocciden,3453,3.7805356590873796e-07
Oriental,Surocciden,3454,3.7784546758179107e-07
Oriental,Surocciden,3455,3.776290067618306e-07
Oriental,Surocciden,3456,3.7743102634455995e-07
Oriental,Surocciden,4225,4.6353127440434016e-07
Oriental,Surocciden,4226,4.6347746769086897e-07
Oriental,Surocciden,4227,4.6343156865014986e-07
Oriental,Surocciden,4228,4.633949038996107e-07
Oriental,Surocciden,4229,4.633769297277807e-07
Oriental,Surocciden,4230,4.6338294879361064e-07
Oriental,Surocciden,4231,4.6340943191516684e-07
Oriental,Surocciden,4232,4.633854158149394e-07
Oriental,Surocciden,4233,4.636828061924786e-07
Oriental,Surocciden,4234,4.64311982283656e-07
Oriental,Surocciden,4235,4.7179086221003793e-07
Oriental,Surocciden,4236,4.7191585505538066e-07
Oriental,Surocciden,4237,4.644572634213369e-07
Oriental,Surocciden,4238,4.637428778198079e-07
Oriental,Surocciden,4239,4.633089133243566e-07
Oriental,Surocciden,4240,4.634251329100408e-07
Oriental,Surocciden,4241,4.635227332316756e-07
Oriental,Surocciden,4242,4.6351281476745647e-07
Oriental,Surocciden,4243,4.6352835620050555e-07
Oriental,Surocciden,4244,4.6313557270479566e-07
Oriental,Surocciden,4245,4.6301713052030846e-07
Oriental,Surocciden,4246,4.632614347571377e-07
Oriental,Surocciden,4247,4.635731225228616e-07
Oriental,Surocciden,4248,4.636194833911563e-07
Oriental,Surocciden,4249,1.329320989403167e-05
Oriental,Surocciden,4250,1.3283162374516002e-05
Oriental,Surocciden,4251,1.3270975348576952e-05
Oriental,Surocciden,4252,1.326242459740888e-05
Oriental,Surocciden,4253,1.325683488982133e-05
Oriental,Surocciden,4254,1.3253883871279884e-05
Oriental,Surocciden,4255,1.3244829936747179e-05
Oriental,Surocciden,4256,1.3284602345561821e-05
Oriental,Surocciden,4257,5.837565602054714e-05
Oriental,Surocciden,4258,5.8955233217132625e-05
Oriental,Surocciden,4259,5.9069262294567244e-05
Oriental,Surocciden,4260,5.90867629336566e-05
Oriental,Surocciden,4261,5.878076481566426e-05
Oriental,Surocciden,4262,5.8502101369987454e-05
Oriental,Surocciden,4263,1.3305641020602768e-05
Oriental,Surocciden,4264,1.3216042885436056e-05
Oriental,Surocciden,4265,1.3249703979036868e-05
Oriental,Surocciden,4266,1.3285909324413848e-05
Oriental,Surocciden,4267,1.3310639592117217e-05
Oriental,Surocciden,4268,1.3351065424164358e-05
Oriental,Surocciden,4269,1.3324713911424963e-05
Oriental,Surocciden,4270,1.3340079844729486e-05
Oriental,Surocciden,4271,1.3351733337515169e-05
Oriental,Surocciden,4272,1.3324966203719624e-05
Oriental,Surocciden,4273,4.5057030043486314e-07
Oriental,Surocciden,4274,4.5050464750297387e-07
Oriental,Surocciden,4275,4.5048644138965073e-07
Oriental,Surocciden,4276,4.504852803871829e-07
Oriental,Surocciden,4277,4.50489013482199e-07
Oriental,Surocciden,4278,4.504866994153152e-07
Oriental,Surocciden,4279,4.5049861052373493e-07
Oriental,Surocciden,4280,4.505844592497819e-07
Oriental,Surocciden,4281,4.5077182670888416e-07
Oriental,Surocciden,4282,4.5098646693089e-07
Oriental,Surocciden,4283,4.511547456614219e-07
Oriental,Surocciden,4284,4.510940280976217e-07
Oriental,Surocciden,4285,4.5089481654882963e-07
Oriental,Surocciden,4286,4.5071683050513513e-07
Oriental,Surocciden,4287,4.5046604514662525e-07
Oriental,Surocciden,4288,4.504767598821627e-07
Oriental,Surocciden,4289,4.5060740382355964e-07
Oriental,Surocciden,4290,4.506853872770425e-07
Oriental,Surocciden,4291,4.5072306592701097e-07
Oriental,Surocciden,4292,4.5055901428890124e-07
Oriental,Surocciden,4293,4.504167950566498e-07
Oriental,Surocciden,4294,4.505687382702292e-07
Oriental,Surocciden,4295,4.507309774420688e-07
Oriental,Surocciden,4296,4.506692690841179e-07
Oriental,Surocciden,4297,2.8258042340784624e-06
Oriental,Surocciden,4298,2.8249758265797625e-06
Oriental,Surocciden,4299,2.8196848607127156e-06
Oriental,Surocciden,4300,2.8164883555963415e-06
Oriental,Surocciden,4301,2.8148345958214123e-06
Oriental,Surocciden,4302,2.8142582182694833e-06
Oriental,Surocciden,4303,2.8149706568505846e-06
Oriental,Surocciden,4304,1.3215855689522517e-05
Oriental,Surocciden,4305,5.788480447853257e-05
Oriental,Surocciden,4306,5.853586227592566e-05
Oriental,Surocciden,4307,5.8577077810623327e-05
Oriental,Surocciden,4308,5.853882900048191e-05
Oriental,Surocciden,4309,5.8388987961899455e-05
Oriental,Surocciden,4310,5.783771995425293e-05
Oriental,Surocciden,4311,1.3219476548706604e-05
Oriental,Surocciden,4312,2.8331509543214427e-06
Oriental,Surocciden,4313,2.812840418929101e-06
Oriental,Surocciden,4314,2.823664920476132e-06
Oriental,Surocciden,4315,2.8301739882505275e-06
Oriental,Surocciden,4316,2.8422379038357145e-06
Oriental,Surocciden,4317,2.8457776493269256e-06
Oriental,Surocciden,4318,2.8451215488387997e-06
Oriental,Surocciden,4319,2.840884159348634e-06
Oriental,Surocciden,4320,2.8337004577693604e-06
Oriental,Surocciden,4321,4.3240491082575924e-07
Oriental,Surocciden,4322,4.326046917971847e-07
Oriental,Surocciden,4323,4.328500909767922e-07
Oriental,Surocciden,4324,4.3301158935655024e-07
Oriental,Surocciden,4325,4.330837858805078e-07
Oriental,Surocciden,4326,4.330478750125455e-07
Oriental,Surocciden,4327,4.331217747640684e-07
Oriental,Surocciden,4328,4.334579835816353e-07
Oriental,Surocciden,4329,4.331479620219743e-07
Oriental,Surocciden,4330,4.32873071156431e-07
Oriental,Surocciden,4331,4.3276018239943564e-07
Oriental,Surocciden,4332,4.327343082342259e-07
Oriental,Surocciden,4333,4.3278605238799485e-07
Oriental,Surocciden,4334,4.328976502545888e-07
Oriental,Surocciden,4335,4.328492800631226e-07
Oriental,Surocciden,4336,4.3231181456361414e-07
Oriental,Surocciden,4337,4.323085202949277e-07
Oriental,Surocciden,4338,4.325842950979067e-07
Oriental,Surocciden,4339,4.327293833478165e-07
Oriental,Surocciden,4340,4.325443394284635e-07
Oriental,Surocciden,4341,4.3211152204008174e-07
Oriental,Surocciden,4342,4.3239733796035426e-07
Oriental,Surocciden,4343,4.327744394813402e-07
Oriental,Surocciden,4344,4.325330105748385e-07
Oriental,Surocciden,4345,2.8425849174607816e-06
Oriental,Surocciden,4346,2.842915557381347e-06
Oriental,Surocciden,4347,2.958444758167019e-06
Oriental,Surocciden,4348,140.62443576659282
Oriental,Surocciden,4349,173.09683088500594
Oriental,Surocciden,4350,129.57583741100115
Oriental,Surocciden,4351,1.3445024711774926e-05
Oriental,Surocciden,4352,5.829392639613125e-05
Oriental,Surocciden,4353,5.8017932358197236e-05
Oriental,Surocciden,4354,5.826409567675364e-05
Oriental,Surocciden,4355,5.8380809180772464e-05
Oriental,Surocciden,4356,5.837846900730158e-05
Oriental,Surocciden,4357,5.824181156460048e-05
Oriental,Surocciden,4358,5.795408382575353e-05
Oriental,Surocciden,4359,5.8008189276269765e-05
Oriental,Surocciden,4360,5.635225174302895e-05
Oriental,Surocciden,4361,13.96662417980227
Oriental,Surocciden,4362,2.8363551197403627e-06
Oriental,Surocciden,4363,2.846818424759898e-06
Oriental,Surocciden,4364,2.9573779161108116e-06
Oriental,Surocciden,4365,3.0171174747121755e-06
Oriental,Surocciden,4366,3.0202785035803905e-06
Oriental,Surocciden,4367,2.977443524482913e-06
Oriental,Surocciden,4368,2.885079965574863e-06
Oriental,Surocciden,4369,1.9909610389171947e-07
Oriental,Surocciden,4370,1.989990974924765e-07
Oriental,Surocciden,4371,1.9895448143606124e-07
Oriental,Surocciden,4372,1.9892977619453817e-07
Oriental,Surocciden,4373,1.9892019342667082e-07
Oriental,Surocciden,4374,1.9891978593695386e-07
Oriental,Surocciden,4375,1.9892422325643902e-07
Oriental,Surocciden,4376,1.9891569565150138e-07
Oriental,Surocciden,4377,1.9897578184846607e-07
Oriental,Surocciden,4378,1.9905593380162658e-07
Oriental,Surocciden,4379,1.9924521180606157e-07
Oriental,Surocciden,4380,1.9923580476428418e-07
Oriental,Surocciden,4381,1.99021123766788e-07
Oriental,Surocciden,4382,1.9893000359503298e-07
Oriental,Surocciden,4383,1.9885735309352554e-07
Oriental,Surocciden,4384,1.9895464131561034e-07
Oriental,Surocciden,4385,1.9913054635100188e-07
Oriental,Surocciden,4386,1.993436991378206e-07
Oriental,Surocciden,4387,1.9942046063604212e-07
Oriental,Surocciden,4388,1.9921519252421435e-07
Oriental,Surocciden,4389,1.9924137136971064e-07
Oriental,Surocciden,4390,1.9943342530847038e-07
Oriental,Surocciden,4391,1.9942878558151678e-07
Oriental,Surocciden,4392,1.9923660060736808e-07
Oriental,Surocciden,4393,2.3253006175227807e-06
Oriental,Surocciden,4394,2.3246740142974593e-06
Oriental,Surocciden,4395,2.3239025677639996e-06
Oriental,Surocciden,4396,2.323519100056508e-06
Oriental,Surocciden,4397,2.3235613124065148e-06
Oriental,Surocciden,4398,2.3238359068647873e-06
Oriental,Surocciden,4399,2.3278349805400964e-06
Oriental,Surocciden,4400,2.3472608466771016e-06
Oriental,Surocciden,4401,2.814370294998611e-06
Oriental,Surocciden,4402,3.0569822230386883e-06
Oriental,Surocciden,4403,3.057218555286568e-06
Oriental,Surocciden,4404,3.056177590157884e-06
Oriental,Surocciden,4405,3.053107046166879e-06
Oriental,Surocciden,4406,2.8073147657978892e-06
Oriental,Surocciden,4407,2.3861251027528837e-06
Oriental,Surocciden,4408,2.330662499546754e-06
Oriental,Surocciden,4409,2.3228758279226386e-06
Oriental,Surocciden,4410,2.324610521472319e-06
Oriental,Surocciden,4411,2.3268911237452914e-06
Oriental,Surocciden,4412,2.3345694064964467e-06
Oriental,Surocciden,4413,2.3370031844312214e-06
Oriental,Surocciden,4414,2.335173439026721e-06
Oriental,Surocciden,4415,2.331744239178148e-06
Oriental,Surocciden,4416,2.3278921615099465e-06
Oriental,Surocciden,5185,5.201986523420825e-07
Oriental,Surocciden,5186,5.197683011375212e-07
Oriental,Surocciden,5187,5.195950149049049e-07
Oriental,Surocciden,5188,5.194084920122159e-07
Oriental,Surocciden,5189,5.193225310059792e-07
Oriental,Surocciden,5190,5.193678897852879e-07
Oriental,Surocciden,5191,5.192976741557872e-07
Oriental,Surocciden,5192,5.19325549028504e-07
Oriental,Surocciden,5193,5.201073703858672e-07
Oriental,Surocciden,5194,5.207901846346042e-07
Oriental,Surocciden,5195,5.225957848504611e-07
Oriental,Surocciden,5196,5.221729424907821e-07
Oriental,Surocciden,5197,5.206677914852875e-07
Oriental,Surocciden,5198,5.200591333443853e-07
Oriental,Surocciden,5199,5.190884047431818e-07
Oriental,Surocciden,5200,5.189358380531577e-07
Oriental,Surocciden,5201,5.196768378330018e-07
Oriental,Surocciden,5202,5.2027770790123e-07
Oriental,Surocciden,5203,5.20231977711884e-07
Oriental,Surocciden,5204,5.184433309187349e-07
Oriental,Surocciden,5205,5.151360331480399e-07
Oriental,Surocciden,5206,5.186308250210694e-07
Oriental,Surocciden,5207,5.19844505162833e-07
Oriental,Surocciden,5208,5.212797761703945e-07
Oriental,Surocciden,5209,2.6487148033596275e-06
Oriental,Surocciden,5210,2.6175534615440313e-06
Oriental,Surocciden,5211,2.616524322796679e-06
Oriental,Surocciden,5212,2.617089097164841e-06
Oriental,Surocciden,5213,2.6173144183846723e-06
Oriental,Surocciden,5214,2.616689922233094e-06
Oriental,Surocciden,5215,2.616673985944072e-06
Oriental,Surocciden,5216,2.6225244084731995e-06
Oriental,Surocciden,5217,2.8028687852884876e-06
Oriental,Surocciden,5218,4.498445529994516e-06
Oriental,Surocciden,5219,5.8668322618982195e-06
Oriental,Surocciden,5220,5.860502816660478e-06
Oriental,Surocciden,5221,2.9048142910162177e-06
Oriental,Surocciden,5222,2.817212048795872e-06
Oriental,Surocciden,5223,2.616417466789002e-06
Oriental,Surocciden,5224,2.614206233363882e-06
Oriental,Surocciden,5225,2.638209685561767e-06
Oriental,Surocciden,5226,2.6415699480969786e-06
Oriental,Surocciden,5227,2.656355458118758e-06
Oriental,Surocciden,5228,2.6167608051487925e-06
Oriental,Surocciden,5229,2.611545009483051e-06
Oriental,Surocciden,5230,2.6172090834074327e-06
Oriental,Surocciden,5231,2.6415403096062067e-06
Oriental,Surocciden,5232,2.6535021741640836e-06
Oriental,Surocciden,5233,8.077782456852097e-07
Oriental,Surocciden,5234,8.075334211993429e-07
Oriental,Surocciden,5235,8.074630505308774e-07
Oriental,Surocciden,5236,8.0750779564793e-07
Oriental,Surocciden,5237,8.075525931580853e-07
Oriental,Surocciden,5238,8.075079739958773e-07
Oriental,Surocciden,5239,8.074550811906805e-07
Oriental,Surocciden,5240,8.080956752114499e-07
Oriental,Surocciden,5241,8.531005631174477e-07
Oriental,Surocciden,5242,8.546039049437074e-07
Oriental,Surocciden,5243,8.550538655161381e-07
Oriental,Surocciden,5244,8.548683181743447e-07
Oriental,Surocciden,5245,8.53953439596512e-07
Oriental,Surocciden,5246,8.096056726699715e-07
Oriental,Surocciden,5247,8.067718157115052e-07
Oriental,Surocciden,5248,8.068660096504092e-07
Oriental,Surocciden,5249,8.074826659741438e-07
Oriental,Surocciden,5250,8.075410043481835e-07
Oriental,Surocciden,5251,8.076709611436903e-07
Oriental,Surocciden,5252,4.201233070803108e-07
Oriental,Surocciden,5253,4.1959585089458724e-07
Oriental,Surocciden,5254,4.2008596754496753e-07
Oriental,Surocciden,5255,8.073811183633889e-07
Oriental,Surocciden,5256,8.081415159562095e-07
Oriental,Surocciden,5257,2.30326749304382e-06
Oriental,Surocciden,5258,4.661592936096792e-06
Oriental,Surocciden,5259,4.6700562155616435e-06
Oriental,Surocciden,5260,4.6723194842624465e-06
Oriental,Surocciden,5261,4.672907272414588e-06
Oriental,Surocciden,5262,4.6711910809372836e-06
Oriental,Surocciden,5263,4.669327022392344e-06
Oriental,Surocciden,5264,4.67316855783057e-06
Oriental,Surocciden,5265,4.957022773891327e-06
Oriental,Surocciden,5266,4.966186796346176e-06
Oriental,Surocciden,5267,4.971424298338025e-06
Oriental,Surocciden,5268,4.970475359532802e-06
Oriental,Surocciden,5269,4.960980779352173e-06
Oriental,Surocciden,5270,4.943565814798686e-06
Oriental,Surocciden,5271,4.660576500497986e-06
Oriental,Surocciden,5272,2.303236539687414e-06
Oriental,Surocciden,5273,2.308599690304512e-06
Oriental,Surocciden,5274,2.3181732535427376e-06
Oriental,Surocciden,5275,2.3211898497429074e-06
Oriental,Surocciden,5276,2.318779930945352e-06
Oriental,Surocciden,5277,2.3131292613795755e-06
Oriental,Surocciden,5278,2.316069056298543e-06
Oriental,Surocciden,5279,2.320167360955874e-06
Oriental,Surocciden,5280,2.312069762053946e-06
Oriental,Surocciden,5281,3.503710976375324e-07
Oriental,Surocciden,5282,6.286107715962343e-07
Oriental,Surocciden,5283,6.292090900622359e-07
Oriental,Surocciden,5284,6.29266453759379e-07
Oriental,Surocciden,5285,6.292658692535124e-07
Oriental,Surocciden,5286,6.293515261812277e-07
Oriental,Surocciden,5287,6.293976400465423e-07
Oriental,Surocciden,5288,6.295581371050591e-07
Oriental,Surocciden,5289,6.292618514231287e-07
Oriental,Surocciden,5290,6.288637160937532e-07
Oriental,Surocciden,5291,6.287331186962911e-07
Oriental,Surocciden,5292,6.286086233239515e-07
Oriental,Surocciden,5293,6.285281152421101e-07
Oriental,Surocciden,5294,6.288585711147515e-07
Oriental,Surocciden,5295,6.286760331480822e-07
Oriental,Surocciden,5296,6.262693096311277e-07
Oriental,Surocciden,5297,3.4755645604721397e-07
Oriental,Surocciden,5298,3.478104936956956e-07
Oriental,Surocciden,5299,3.480719547107338e-07
Oriental,Surocciden,5300,3.185995162500601e-07
Oriental,Surocciden,5301,3.087492784477593e-07
Oriental,Surocciden,5302,3.182976623626907e-07
Oriental,Surocciden,5303,3.476017061842161e-07
Oriental,Surocciden,5304,3.482091488301731e-07
Oriental,Surocciden,5305,3.777681102957725e-06
Oriental,Surocciden,5306,5.2380293389962556e-06
Oriental,Surocciden,5307,5.221143839741962e-06
Oriental,Surocciden,5308,5.216075511748336e-06
Oriental,Surocciden,5309,5.214828310340996e-06
Oriental,Surocciden,5310,5.2164633750828235e-06
Oriental,Surocciden,5311,5.215516353320825e-06
Oriental,Surocciden,5312,5.207928931710615e-06
Oriental,Surocciden,5313,5.203703974419015e-06
Oriental,Surocciden,5314,5.206306387022479e-06
Oriental,Surocciden,5315,5.210111122029416e-06
Oriental,Surocciden,5316,5.2075590495149206e-06
Oriental,Surocciden,5317,5.196247240278004e-06
Oriental,Surocciden,5318,5.1922038665356775e-06
Oriental,Surocciden,5319,5.197307613862082e-06
Oriental,Surocciden,5320,5.207758016563897e-06
Oriental,Surocciden,5321,1.878209020321536e-06
Oriental,Surocciden,5322,1.911910281157851e-06
Oriental,Surocciden,5323,2.0050823936641904e-06
Oriental,Surocciden,5324,121.38892996282797
Oriental,Surocciden,5325,53.63911506228216
Oriental,Surocciden,5326,102.76251313756082
Oriental,Surocciden,5327,50.52306456741227
Oriental,Surocciden,5328,1.883062249768041e-06
Oriental,Surocciden,5329,5.912850444924408e-07
Oriental,Surocciden,5330,5.909353590910906e-07
Oriental,Surocciden,5331,5.9067262601538e-07
Oriental,Surocciden,5332,5.904938074996479e-07
Oriental,Surocciden,5333,5.90417891957921e-07
Oriental,Surocciden,5334,5.90438134229464e-07
Oriental,Surocciden,5335,5.9041900181912e-07
Oriental,Surocciden,5336,5.903314944497623e-07
Oriental,Surocciden,5337,5.904007486728703e-07
Oriental,Surocciden,5338,5.905430089374171e-07
Oriental,Surocciden,5339,5.906869350196616e-07
Oriental,Surocciden,5340,5.90517531173336e-07
Oriental,Surocciden,5341,5.900175838898354e-07
Oriental,Surocciden,5342,5.896580100608858e-07
Oriental,Surocciden,5343,5.897135103703278e-07
Oriental,Surocciden,5344,5.903438159941868e-07
Oriental,Surocciden,5345,5.910702338372974e-07
Oriental,Surocciden,5346,5.920047773080552e-07
Oriental,Surocciden,5347,5.928366934285558e-07
Oriental,Surocciden,5348,3.002791163655976e-07
Oriental,Surocciden,5349,3.004192739066349e-07
Oriental,Surocciden,5350,5.916541051874509e-07
Oriental,Surocciden,5351,5.931161652443827e-07
Oriental,Surocciden,5352,5.920783400132302e-07
Oriental,Surocciden,5353,50.41224056029647
Oriental,Surocciden,5354,1.9213972212726433
Oriental,Surocciden,5355,22.608355067874413
Oriental,Surocciden,5356,24.744502190993206
Oriental,Surocciden,5357,25.205258786850848
Oriental,Surocciden,5358,24.070881944095674
Oriental,Surocciden,5359,23.830857868119622
Oriental,Surocciden,5360,27.742265289615776
Oriental,Surocciden,5361,34.23243722352459
Oriental,Surocciden,5362,3.540869984015111e-06
Oriental,Surocciden,5363,3.532560623265952e-06
Oriental,Surocciden,5364,3.529691083544404e-06
Oriental,Surocciden,5365,3.5237485044978318e-06
Oriental,Surocciden,5366,15.710657096875693
Oriental,Surocciden,5367,5.9503471572463935
Oriental,Surocciden,5368,4.633532676724949
Oriental,Surocciden,5369,102.00649363358954
Oriental,Surocciden,5370,279.60757583687064
Oriental,Surocciden,5371,351.108565023372
Oriental,Surocciden,5372,516.2429595729203
Oriental,Surocciden,5373,525.6118577012023
Oriental,Surocciden,5374,478.12923581526394
Oriental,Surocciden,5375,334.85593493311313
Oriental,Surocciden,5376,151.1460420180259
Surocciden,Oriental,1,389.99863590662216
Surocciden,Oriental,2,400.1643540817307
Surocciden,Oriental,3,403.46519149954537
Surocciden,Oriental,4,404.1761185932566
Surocciden,Oriental,5,404.20733674514975
Surocciden,Oriental,6,404.6089214931636
Surocciden,Oriental,7,403.7025331772692
Surocciden,Oriental,8,405.1829539684196
Surocciden,Oriental,9,401.29210080171447
Surocciden,Oriental,10,393.6373544150936
Surocciden,Oriental,11,388.7117244761467
Surocciden,Oriental,12,381.7363314567006
Surocciden,Oriental,13,373.6877443192782
Surocciden,Oriental,14,372.1602253502144
Surocciden,Oriental,15,366.6338011426889
Surocciden,Oriental,16,357.45607901662646
Surocciden,Oriental,17,353.7559077640087
Surocciden,Oriental,18,352.95165053130785
Surocciden,Oriental,19,355.6192939116905
Surocciden,Oriental,20,341.05811740237624
Surocciden,Oriental,21,338.0615542973303
Surocciden,Oriental,22,344.44177052384185
Surocciden,Oriental,23,357.10723040014824
Surocciden,Oriental,24,375.1237298362909
Surocciden,Oriental,25,347.51998762160497
Surocciden,Oriental,26,351.96002462961303
Surocciden,Oriental,27,357.3593592351737
Surocciden,Oriental,28,360.55416502903915
Surocciden,Oriental,29,361.607111844579
Surocciden,Oriental,30,361.84970629062826
Surocciden,Oriental,31,362.3954713291206
Surocciden,Oriental,32,361.84698486344024
Surocciden,Oriental,33,366.5294203653084
Surocciden,Oriental,34,370.37852840140755
Surocciden,Oriental,35,371.1620112686527
Surocciden,Oriental,36,369.29449162239024
Surocciden,Oriental,37,363.8516955245912
Surocciden,Oriental,38,358.3386835975211
Surocciden,Oriental,39,354.1142656191546
Surocciden,Oriental,40,350.4693625181472
Surocciden,Oriental,41,347.68681447366987
Surocciden,Oriental,42,343.6339647173282
Surocciden,Oriental,43,338.499964401304
Surocciden,Oriental,44,313.2900018189906
Surocciden,Oriental,45,304.34849417783846
Surocciden,Oriental,46,308.56051315059653
Surocciden,Oriental,47,318.79516680669985
Surocciden,Oriental,48,334.2981174399959
Surocciden,Oriental,49,292.7316672000134
Surocciden,Oriental,50,288.0240619483016
Surocciden,Oriental,51,278.1411911927334
Surocciden,Oriental,52,267.42327259162363
Surocciden,Oriental,53,261.33038975684497
Surocciden,Oriental,54,271.6182739981287
Surocciden,Oriental,55,287.0785999166447
Surocciden,Oriental,56,290.2850101554137
Surocciden,Oriental,57,298.36565247115465
Surocciden,Oriental,58,298.21121206415495
Surocciden,Oriental,59,295.8923613321242
Surocciden,Oriental,60,291.1349638034675
Surocciden,Oriental,61,285.3955621323995
Surocciden,Oriental,62,285.32557457335025
Surocciden,Oriental,63,280.4628907791013
Surocciden,Oriental,64,273.06983011961626
Surocciden,Oriental,65,269.4943975080564
Surocciden,Oriental,66,269.37155759575825
Surocciden,Oriental,67,273.7287619049261
Surocciden,Oriental,68,262.2686142016673
Surocciden,Oriental,69,257.36555001307835
Surocciden,Oriental,70,262.3118527507049
Surocciden,Oriental,71,273.10321530982657
Surocciden,Oriental,72,286.30384022406975
Surocciden,Oriental,73,338.8608013734447
Surocciden,Oriental,74,339.6353144419422
Surocciden,Oriental,75,342.31938637902147
Surocciden,Oriental,76,341.28995610405025
Surocciden,Oriental,77,339.4813948390159
Surocciden,Oriental,78,338.30835603213893
Surocciden,Oriental,79,336.54153147137225
Surocciden,Oriental,80,324.3613147968964
Surocciden,Oriental,81,336.958328571768
Surocciden,Oriental,82,351.3467699305158
Surocciden,Oriental,83,357.5177467443753
Surocciden,Oriental,84,359.06525760567575
Surocciden,Oriental,85,356.6777731666999
Surocciden,Oriental,86,352.89410024057514
Surocciden,Oriental,87,349.0172682159872
Surocciden,Oriental,88,345.98289513744766
Surocciden,Oriental,89,343.65857634990675
Surocciden,Oriental,90,340.03232036741866
Surocciden,Oriental,91,336.41195760708246
Surocciden,Oriental,92,311.90380206348084
Surocciden,Oriental,93,297.79603873053117
Surocciden,Oriental,94,302.4483625104411
Surocciden,Oriental,95,314.43823752920474
Surocciden,Oriental,96,329.26266665104583
Surocciden,Oriental,97,139.46714145163668
Surocciden,Oriental,98,131.91963892798518
Surocciden,Oriental,99,125.59660783963457
Surocciden,Oriental,100,121.52810842824815
Surocciden,Oriental,101,119.73067978341481
Surocciden,Oriental,102,121.90512317328289
Surocciden,Oriental,103,126.81046057636722
Surocciden,Oriental,104,129.25572900644084
Surocciden,Oriental,105,139.12678110507434
Surocciden,Oriental,106,145.79794698753747
Surocciden,Oriental,107,148.84911695216624
Surocciden,Oriental,108,150.31872659359553
Surocciden,Oriental,109,149.60936712091709
Surocciden,Oriental,110,149.08181104497933
Surocciden,Oriental,111,147.48837719631754
Surocciden,Oriental,112,144.93832332674282
Surocciden,Oriental,113,143.69912481868482
Surocciden,Oriental,114,143.25709643234663
Surocciden,Oriental,115,144.42873732259062
Surocciden,Oriental,116,141.9450071979765
Surocciden,Oriental,117,139.66885696036573
Surocciden,Oriental,118,141.02455550327238
Surocciden,Oriental,119,143.74074067022207
Surocciden,Oriental,120,144.4267204453577
Surocciden,Oriental,121,190.15386760521946
Surocciden,Oriental,122,189.4321557344983
Surocciden,Oriental,123,188.39543836177765
Surocciden,Oriental,124,188.08165703553868
Surocciden,Oriental,125,188.39107941971378
Surocciden,Oriental,126,188.92096495692311
Surocciden,Oriental,127,190.30338864734867
Surocciden,Oriental,128,194.02843198586
Surocciden,Oriental,129,195.05393214882136
Surocciden,Oriental,130,196.1189074048129
Surocciden,Oriental,131,197.8211476543771
Surocciden,Oriental,132,199.32747957450488
Surocciden,Oriental,133,200.34783339794
Surocciden,Oriental,134,200.68869497798812
Surocciden,Oriental,135,199.54701433211164
Surocciden,Oriental,136,197.5670398041408
Surocciden,Oriental,137,196.1570911166917
Surocciden,Oriental,138,194.45408578754225
Surocciden,Oriental,139,194.08778532462688
Surocciden,Oriental,140,191.87272240454382
Surocciden,Oriental,141,185.02516501342944
Surocciden,Oriental,142,186.44304798021673
Surocciden,Oriental,143,189.8303426431342
Surocciden,Oriental,144,192.51709799195962
Surocciden,Oriental,145,252.44910500695312
Surocciden,Oriental,146,252.89722141103476
Surocciden,Oriental,147,249.13201016085225
Surocciden,Oriental,148,244.22171191616744
Surocciden,Oriental,149,240.97509871024562
Surocciden,Oriental,150,245.59165255026556
Surocciden,Oriental,151,252.2406862564003
Surocciden,Oriental,152,255.55810348855357
Surocciden,Oriental,153,259.71072425796336
Surocciden,Oriental,154,259.0735157365791
Surocciden,Oriental,155,257.06859592126017
Surocciden,Oriental,156,251.91154678214238
Surocciden,Oriental,157,244.5585636830608
Surocciden,Oriental,158,243.06319385503653
Surocciden,Oriental,159,237.3871434521983
Surocciden,Oriental,160,229.0037087874726
Surocciden,Oriental,161,226.05782878085367
Surocciden,Oriental,162,226.14459373625309
Surocciden,Oriental,163,228.47092838150024
Surocciden,Oriental,164,213.83441850915418
Surocciden,Oriental,165,213.78691105128578
Surocciden,Oriental,166,219.59586960393688
Surocciden,Oriental,167,231.58407373247908
Surocciden,Oriental,168,246.0073082760235
Surocciden,Oriental,169,353.7960962982112
Surocciden,Oriental,170,356.4023722424602
Surocciden,Oriental,171,349.75214749599905
Surocciden,Oriental,172,336.28446902607766
Surocciden,Oriental,173,318.6206161046539
Surocciden,Oriental,174,310.1337329677549
Surocciden,Oriental,175,296.2840883872652
Surocciden,Oriental,176,266.87996888324676
Surocciden,Oriental,177,293.30509086209054
Surocciden,Oriental,178,328.0658807499844
Surocciden,Oriental,179,353.9828065641206
Surocciden,Oriental,180,372.5404355492115
Surocciden,Oriental,181,376.13272785712593
Surocciden,Oriental,182,372.2977505225836
Surocciden,Oriental,183,366.8017474930739
Surocciden,Oriental,184,362.5781818783077
Surocciden,Oriental,185,359.40035429131825
Surocciden,Oriental,186,355.69777059185964
Surocciden,Oriental,187,347.005461788741
Surocciden,Oriental,188,297.3378024774215
Surocciden,Oriental,189,285.3985024040063
Surocciden,Oriental,190,292.63432151795683
Surocciden,Oriental,191,310.93330009729385
Surocciden,Oriental,192,336.35866670332365
Surocciden,Oriental,385,345.89767265971705
Surocciden,Oriental,386,357.76692195147155
Surocciden,Oriental,387,363.6150950866301
Surocciden,Oriental,388,366.4972000867537
Surocciden,Oriental,389,367.6711391727203
Surocciden,Oriental,390,367.314087295908
Surocciden,Oriental,391,366.3568725286401
Surocciden,Oriental,392,372.65634834249767
Surocciden,Oriental,393,374.3731755500472
Surocciden,Oriental,394,372.39201330772386
Surocciden,Oriental,395,371.483526176743
Surocciden,Oriental,396,366.9360305377472
Surocciden,Oriental,397,358.2257045953628
Surocciden,Oriental,398,353.0944034423795
Surocciden,Oriental,399,343.2352962110229
Surocciden,Oriental,400,329.23719025724733
Surocciden,Oriental,401,319.9737666846548
Surocciden,Oriental,402,313.9880455201053
Surocciden,Oriental,403,313.95023465412976
Surocciden,Oriental,404,298.5527670468897
Surocciden,Oriental,405,295.2821151661614
Surocciden,Oriental,406,300.6688234746246
Surocciden,Oriental,407,312.22175822972486
Surocciden,Oriental,408,329.84778793867355
Surocciden,Oriental,409,254.27892777789822
Surocciden,Oriental,410,254.67273780201805
Surocciden,Oriental,411,250.97126396802642
Surocciden,Oriental,412,246.70748983354665
Surocciden,Oriental,413,243.2163209227229
Surocciden,Oriental,414,246.77428981369084
Surocciden,Oriental,415,253.3931947641901
Surocciden,Oriental,416,257.9567974548047
Surocciden,Oriental,417,265.53771613187024
Surocciden,Oriental,418,268.4325034955193
Surocciden,Oriental,419,267.32071760892046
Surocciden,Oriental,420,267.43645831617835
Surocciden,Oriental,421,263.24385985547156
Surocciden,Oriental,422,260.0894668969233
Surocciden,Oriental,423,251.95381952084324
Surocciden,Oriental,424,239.1204683520001
Surocciden,Oriental,425,231.15186782957636
Surocciden,Oriental,426,227.24565185951482
Surocciden,Oriental,427,228.71948486003
Surocciden,Oriental,428,214.88270483516655
Surocciden,Oriental,429,211.78383416945368
Surocciden,Oriental,430,218.62019015884113
Surocciden,Oriental,431,230.6504254941133
Surocciden,Oriental,432,245.63815020427842
Surocciden,Oriental,433,228.87782267238595
Surocciden,Oriental,434,231.59512618284532
Surocciden,Oriental,435,231.09186650390345
Surocciden,Oriental,436,229.27925966683023
Surocciden,Oriental,437,227.7879608336841
Surocciden,Oriental,438,229.3702881315126
Surocciden,Oriental,439,232.71890993419464
Surocciden,Oriental,440,236.6628617126367
Surocciden,Oriental,441,241.7661306546914
Surocciden,Oriental,442,243.911711476988
Surocciden,Oriental,443,244.3800458089688
Surocciden,Oriental,444,242.2747843759948
Surocciden,Oriental,445,237.50646097859155
Surocciden,Oriental,446,235.37055922485604
Surocciden,Oriental,447,229.04747446898168
Surocciden,Oriental,448,220.58801283614983
Surocciden,Oriental,449,214.76587825736547
Surocciden,Oriental,450,211.85284840630504
Surocciden,Oriental,451,213.61864000610316
Surocciden,Oriental,452,203.14738293096363
Surocciden,Oriental,453,198.8422048094939
Surocciden,Oriental,454,202.55280821009833
Surocciden,Oriental,455,211.040869194175
Surocciden,Oriental,456,222.16018502257373
Surocciden,Oriental,457,272.97099340676334
Surocciden,Oriental,458,264.0723289902421
Surocciden,Oriental,459,254.51246160865335
Surocciden,Oriental,460,245.27237015809538
Surocciden,Oriental,461,241.05710683268936
Surocciden,Oriental,462,249.85949580690743
Surocciden,Oriental,463,266.9104396133439
Surocciden,Oriental,464,271.8639854286536
Surocciden,Oriental,465,285.4050318425349
Surocciden,Oriental,466,295.6666895888813
Surocciden,Oriental,467,301.1329460722625
Surocciden,Oriental,468,300.8656087263861
Surocciden,Oriental,469,293.99551832394883
Surocciden,Oriental,470,292.64311355906324
Surocciden,Oriental,471,281.4413191224545
Surocciden,Oriental,472,262.46806040656253
Surocciden,Oriental,473,250.61319349842722
Surocciden,Oriental,474,246.34343187145868
Surocciden,Oriental,475,253.57976909583158
Surocciden,Oriental,476,231.9053890178461
Surocciden,Oriental,477,221.2585518482919
Surocciden,Oriental,478,232.46611412843455
Surocciden,Oriental,479,252.76540193739802
Surocciden,Oriental,480,271.7756426960939
Surocciden,Oriental,481,103.8560106973785
Surocciden,Oriental,482,99.96524971457889
Surocciden,Oriental,483,97.38399542772959
Surocciden,Oriental,484,95.81291883230443
Surocciden,Oriental,485,95.15814381805072
Surocciden,Oriental,486,95.60122452515789
Surocciden,Oriental,487,97.0663067903399
Surocciden,Oriental,488,98.35206632372423
Surocciden,Oriental,489,103.31316950872751
Surocciden,Oriental,490,108.64610374492942
Surocciden,Oriental,491,111.80433647055071
Surocciden,Oriental,492,113.81719631296619
Surocciden,Oriental,493,113.8551750196554
Surocciden,Oriental,494,112.98844543777737
Surocciden,Oriental,495,111.29120893141142
Surocciden,Oriental,496,108.88280847777155
Surocciden,Oriental,497,107.05686583102539
Surocciden,Oriental,498,105.70857771356027
Surocciden,Oriental,499,105.84128309007552
Surocciden,Oriental,500,104.05303915686886
Surocciden,Oriental,501,102.58935322473023
Surocciden,Oriental,502,103.32568318375858
Surocciden,Oriental,503,105.02186990846818
Surocciden,Oriental,504,106.11687019596299
Surocciden,Oriental,505,156.61966502112085
Surocciden,Oriental,506,156.61793782822218
Surocciden,Oriental,507,157.22202219998547
Surocciden,Oriental,508,157.656279281114
Surocciden,Oriental,509,157.86705013138982
Surocciden,Oriental,510,157.83579798124097
Surocciden,Oriental,511,158.08745490061025
Surocciden,Oriental,512,161.13183406786186
Surocciden,Oriental,513,164.8372197960488
Surocciden,Oriental,514,169.8506081457751
Surocciden,Oriental,515,174.39565125409067
Surocciden,Oriental,516,178.11053242472497
Surocciden,Oriental,517,178.9516504355072
Surocciden,Oriental,518,177.508850238856
Surocciden,Oriental,519,173.47965791308448
Surocciden,Oriental,520,164.80850299055072
Surocciden,Oriental,521,157.53918855219587
Surocciden,Oriental,522,153.62890109420914
Surocciden,Oriental,523,157.43021856485518
Surocciden,Oriental,524,149.3533648245567
Surocciden,Oriental,525,139.3009896041163
Surocciden,Oriental,526,145.57384673798038
Surocciden,Oriental,527,155.53760626291128
Surocciden,Oriental,528,159.25554152436018
Surocciden,Oriental,529,216.27177193667032
Surocciden,Oriental,530,219.28946749612035
Surocciden,Oriental,531,219.2215148883905
Surocciden,Oriental,532,218.02397878865787
Surocciden,Oriental,533,216.85847399382504
Surocciden,Oriental,534,218.1633586498951
Surocciden,Oriental,535,220.67535721269218
Surocciden,Oriental,536,224.14549756726367
Surocciden,Oriental,537,229.25237830249193
Surocciden,Oriental,538,231.8302164677874
Surocciden,Oriental,539,232.87623405404995
Surocciden,Oriental,540,230.6161239442386
Surocciden,Oriental,541,225.62164271994592
Surocciden,Oriental,542,222.65122694607908
Surocciden,Oriental,543,216.45852378392902
Surocciden,Oriental,544,208.19169439409384
Surocciden,Oriental,545,202.99107495012805
Surocciden,Oriental,546,199.8910272088029
Surocciden,Oriental,547,199.36385609724783
Surocciden,Oriental,548,187.17818484742466
Surocciden,Oriental,549,186.51233006571744
Surocciden,Oriental,550,190.65777636355566
Surocciden,Oriental,551,199.07611114312647
Surocciden,Oriental,552,209.52728215590682
Surocciden,Oriental,553,444.5122433434484
Surocciden,Oriental,554,385.7148065665191
Surocciden,Oriental,555,346.8866911330093
Surocciden,Oriental,556,317.35555771431916
Surocciden,Oriental,557,302.31139864830686
Surocciden,Oriental,558,326.4793818103005
Surocciden,Oriental,559,372.74416996315784
Surocciden,Oriental,560,390.16740642970075
Surocciden,Oriental,561,442.5013137291241
Surocciden,Oriental,562,477.944641760081
Surocciden,Oriental,563,495.5180299108956
Surocciden,Oriental,564,503.0744466275747
Surocciden,Oriental,565,487.381137972158
Surocciden,Oriental,566,479.84634964038776
Surocciden,Oriental,567,453.29831108912526
Surocciden,Oriental,568,403.9938120015515
Surocciden,Oriental,569,376.9793107823748
Surocciden,Oriental,570,372.38396583044846
Surocciden,Oriental,571,383.1383665415374
Surocciden,Oriental,572,328.1322332257389
Surocciden,Oriental,573,332.21584712913943
Surocciden,Oriental,574,353.97635763502404
Surocciden,Oriental,575,402.1571813512168
Surocciden,Oriental,576,451.00317025941797
Surocciden,Oriental,1345,838.9934083147983
Surocciden,Oriental,1346,840.0719365695262
Surocciden,Oriental,1347,840.4712576295912
Surocciden,Oriental,1348,840.6850314984732
Surocciden,Oriental,1349,840.7751888281203
Surocciden,Oriental,1350,840.720988133049
Surocciden,Oriental,1351,840.7407815708701
Surocciden,Oriental,1352,841.5240249299112
Surocciden,Oriental,1353,842.0821024185201
Surocciden,Oriental,1354,842.3784207798229
Surocciden,Oriental,1355,842.6474608715625
Surocciden,Oriental,1356,842.5129287869123
Surocciden,Oriental,1357,841.9191188753307
Surocciden,Oriental,1358,841.3661845630651
Surocciden,Oriental,1359,840.1454507747567
Surocciden,Oriental,1360,838.26623762825
Surocciden,Oriental,1361,836.7580475181802
Surocciden,Oriental,1362,835.7070240644708
Surocciden,Oriental,1363,835.4638823782412
Surocciden,Oriental,1364,833.0149930919602
Surocciden,Oriental,1365,832.3316287929451
Surocciden,Oriental,1366,833.3660539076002
Surocciden,Oriental,1367,835.1430883196573
Surocciden,Oriental,1368,837.3173771317241
Surocciden,Oriental,1369,506.1258151061652
Surocciden,Oriental,1370,510.2498946900256
Surocciden,Oriental,1371,489.9832644613865
Surocciden,Oriental,1372,474.1811622164896
Surocciden,Oriental,1373,467.9911564063423
Surocciden,Oriental,1374,476.83477361781274
Surocciden,Oriental,1375,499.03098399470537
Surocciden,Oriental,1376,512.8443865919903
Surocciden,Oriental,1377,542.0279834387488
Surocciden,Oriental,1378,559.4104641057104
Surocciden,Oriental,1379,572.381140476306
Surocciden,Oriental,1380,569.5882095186098
Surocciden,Oriental,1381,549.4940702782408
Surocciden,Oriental,1382,535.4661528745247
Surocciden,Oriental,1383,496.2422120423015
Surocciden,Oriental,1384,446.9239524357752
Surocciden,Oriental,1385,411.15391184941916
Surocciden,Oriental,1386,385.0975911683565
Surocciden,Oriental,1387,394.5174217024416
Surocciden,Oriental,1388,345.5905681484615
Surocciden,Oriental,1389,337.7572276339854
Surocciden,Oriental,1390,363.44931746341877
Surocciden,Oriental,1391,410.7925311877444
Surocciden,Oriental,1392,475.54602869758185
Surocciden,Oriental,1393,633.5959935416314
Surocciden,Oriental,1394,630.525261828368
Surocciden,Oriental,1395,621.5718470010519
Surocciden,Oriental,1396,608.3168281592709
Surocciden,Oriental,1397,601.399442756764
Surocciden,Oriental,1398,609.161476762115
Surocciden,Oriental,1399,622.2205766534319
Surocciden,Oriental,1400,627.8157904641532
Surocciden,Oriental,1401,647.1209734922377
Surocciden,Oriental,1402,660.9225462454478
Surocciden,Oriental,1403,669.334397157644
Surocciden,Oriental,1404,669.6910308603569
Surocciden,Oriental,1405,661.5050173673685
Surocciden,Oriental,1406,653.3611862422468
Surocciden,Oriental,1407,639.7425851997245
Surocciden,Oriental,1408,630.7338435068984
Surocciden,Oriental,1409,621.508500402153
Surocciden,Oriental,1410,606.3165035593485
Surocciden,Oriental,1411,606.7124040311013
Surocciden,Oriental,1412,582.5964010961939
Surocciden,Oriental,1413,573.4844277356666
Surocciden,Oriental,1414,581.3764262609066
Surocciden,Oriental,1415,601.127707878205
Surocciden,Oriental,1416,627.2256584462235
Surocciden,Oriental,1417,402.25487159577955
Surocciden,Oriental,1418,423.23107908019705
Surocciden,Oriental,1419,411.35741916600847
Surocciden,Oriental,1420,392.12094480409576
Surocciden,Oriental,1421,381.9032403895359
Surocciden,Oriental,1422,404.0426893937299
Surocciden,Oriental,1423,432.8932897329533
Surocciden,Oriental,1424,448.8629807790663
Surocciden,Oriental,1425,479.33928626793994
Surocciden,Oriental,1426,497.77905683716943
Surocciden,Oriental,1427,511.1699484900615
Surocciden,Oriental,1428,497.8457603770237
Surocciden,Oriental,1429,465.22184745851513
Surocciden,Oriental,1430,454.92749065883584
Surocciden,Oriental,1431,403.6555816150625
Surocciden,Oriental,1432,335.79229715724307
Surocciden,Oriental,1433,290.5057252248733
Surocciden,Oriental,1434,268.56394122749776
Surocciden,Oriental,1435,283.63271777855294
Surocciden,Oriental,1436,240.26499516277562
Surocciden,Oriental,1437,225.18644634580053
Surocciden,Oriental,1438,243.3878777339354
Surocciden,Oriental,1439,285.94315658623236
Surocciden,Oriental,1440,351.1748027460588
Surocciden,Oriental,1441,380.01469793709344
Surocciden,Oriental,1442,358.1034634379485
Surocciden,Oriental,1443,355.8393545218477
Surocciden,Oriental,1444,355.67071162506176
Surocciden,Oriental,1445,356.29123175139233
Surocciden,Oriental,1446,355.4426105515643
Surocciden,Oriental,1447,360.08287180589446
Surocciden,Oriental,1448,379.60633951650794
Surocciden,Oriental,1449,403.7165296608416
Surocciden,Oriental,1450,428.838671279356
Surocciden,Oriental,1451,448.67217804741307
Surocciden,Oriental,1452,460.9517822842524
Surocciden,Oriental,1453,460.3501677281934
Surocciden,Oriental,1454,451.1044400780345
Surocciden,Oriental,1455,437.0497485659062
Surocciden,Oriental,1456,433.8870759081382
Surocciden,Oriental,1457,422.79755708390326
Surocciden,Oriental,1458,403.90230818727883
Surocciden,Oriental,1459,397.7553453012606
Surocciden,Oriental,1460,380.098578204579
Surocciden,Oriental,1461,370.9238096850059
Surocciden,Oriental,1462,374.2310763642407
Surocciden,Oriental,1463,392.5304920171059
Surocciden,Oriental,1464,402.54211275425337
Surocciden,Oriental,1465,188.1885777060623
Surocciden,Oriental,1466,229.85911409744494
Surocciden,Oriental,1467,251.32384949658666
Surocciden,Oriental,1468,265.1682551911774
Surocciden,Oriental,1469,269.5850761004171
Surocciden,Oriental,1470,262.9163231268905
Surocciden,Oriental,1471,251.91752225050226
Surocciden,Oriental,1472,271.37902795736284
Surocciden,Oriental,1473,274.43225862080783
Surocciden,Oriental,1474,276.93735105918984
Surocciden,Oriental,1475,285.9253437271632
Surocciden,Oriental,1476,279.66071167542117
Surocciden,Oriental,1477,262.4800803824129
Surocciden,Oriental,1478,249.65860132269722
Surocciden,Oriental,1479,211.5689243228245
Surocciden,Oriental,1480,156.55970775977272
Surocciden,Oriental,1481,128.04307579362467
Surocciden,Oriental,1482,113.07507563704073
Surocciden,Oriental,1483,125.97701130027194
Surocciden,Oriental,1484,104.70072364411938
Surocciden,Oriental,1485,87.85086588424717
Surocciden,Oriental,1486,99.56855471269093
Surocciden,Oriental,1487,127.13743583098787
Surocciden,Oriental,1488,159.23454003620262
Surocciden,Oriental,1489,438.8299919319369
Surocciden,Oriental,1490,468.5855439371076
Surocciden,Oriental,1491,473.15776213256
Surocciden,Oriental,1492,469.86727993062027
Surocciden,Oriental,1493,465.2927681574241
Surocciden,Oriental,1494,472.6178413244015
Surocciden,Oriental,1495,481.9037372654846
Surocciden,Oriental,1496,493.6352936123665
Surocciden,Oriental,1497,509.9170769912107
Surocciden,Oriental,1498,522.6261057343398
Surocciden,Oriental,1499,530.4399164385912
Surocciden,Oriental,1500,528.2181683612943
Surocciden,Oriental,1501,516.4132671933959
Surocciden,Oriental,1502,499.67592537283576
Surocciden,Oriental,1503,463.84098392222603
Surocciden,Oriental,1504,415.71390555195137
Surocciden,Oriental,1505,379.56595098763705
Surocciden,Oriental,1506,354.57816743518924
Surocciden,Oriental,1507,347.5809501474514
Surocciden,Oriental,1508,307.28762948229144
Surocciden,Oriental,1509,305.5692538008791
Surocciden,Oriental,1510,317.6407044439369
Surocciden,Oriental,1511,348.1904341323416
Surocciden,Oriental,1512,397.00628464678323
Surocciden,Oriental,1513,690.4902814492563
Surocciden,Oriental,1514,668.8011473731328
Surocciden,Oriental,1515,624.8019613815566
Surocciden,Oriental,1516,588.2798867008196
Surocciden,Oriental,1517,571.3069855995618
Surocciden,Oriental,1518,593.257662152402
Surocciden,Oriental,1519,644.1581833201435
Surocciden,Oriental,1520,665.5344337241949
Surocciden,Oriental,1521,720.1363933905851
Surocciden,Oriental,1522,751.1293330192427
Surocciden,Oriental,1523,762.2006393225544
Surocciden,Oriental,1524,763.5755022101017
Surocciden,Oriental,1525,748.2599291280668
Surocciden,Oriental,1526,735.9380336446042
Surocciden,Oriental,1527,695.9095101274121
Surocciden,Oriental,1528,618.5723122039178
Surocciden,Oriental,1529,560.1685812045741
Surocciden,Oriental,1530,531.7731469925577
Surocciden,Oriental,1531,535.7809126011051
Surocciden,Oriental,1532,456.69845652944315
Surocciden,Oriental,1533,462.4805252916878
Surocciden,Oriental,1534,495.4885930353725
Surocciden,Oriental,1535,569.2063897092095
Surocciden,Oriental,1536,649.0003416453142
Surocciden,Oriental,2305,692.873170748021
Surocciden,Oriental,2306,712.0245076464236
Surocciden,Oriental,2307,720.6287756792807
Surocciden,Oriental,2308,725.7939403924755
Surocciden,Oriental,2309,728.4112912144114
Surocciden,Oriental,2310,726.2484922490304
Surocciden,Oriental,2311,718.1648476101687
Surocciden,Oriental,2312,712.3919058595617
Surocciden,Oriental,2313,693.7603165263113
Surocciden,Oriental,2314,672.7979110946859
Surocciden,Oriental,2315,653.4363990969621
Surocciden,Oriental,2316,648.9549802925975
Surocciden,Oriental,2317,652.5560225024788
Surocciden,Oriental,2318,658.4549164128865
Surocciden,Oriental,2319,654.6068078079156
Surocciden,Oriental,2320,637.9474760441174
Surocciden,Oriental,2321,632.1345038810198
Surocciden,Oriental,2322,633.405919750869
Surocciden,Oriental,2323,638.9307596854455
Surocciden,Oriental,2324,622.6791079554172
Surocciden,Oriental,2325,634.0671330081809
Surocciden,Oriental,2326,627.6326721007847
Surocciden,Oriental,2327,636.2987882234845
Surocciden,Oriental,2328,668.5950522418784
Surocciden,Oriental,2329,699.3530707784621
Surocciden,Oriental,2330,698.9282951976691
Surocciden,Oriental,2331,718.0265583647483
Surocciden,Oriental,2332,729.5063525435636
Surocciden,Oriental,2333,733.2668524535945
Surocciden,Oriental,2334,732.5496001054287
Surocciden,Oriental,2335,727.8005233825166
Surocciden,Oriental,2336,715.0280037211705
Surocciden,Oriental,2337,681.5956639923321
Surocciden,Oriental,2338,649.5725152434549
Surocciden,Oriental,2339,622.2999011303209
Surocciden,Oriental,2340,619.7724531117883
Surocciden,Oriental,2341,634.5853926555433
Surocciden,Oriental,2342,650.9089014823312
Surocciden,Oriental,2343,661.8947580821672
Surocciden,Oriental,2344,654.7530907184046
Surocciden,Oriental,2345,629.894829247772
Surocciden,Oriental,2346,607.908897765402
Surocciden,Oriental,2347,590.8524596303145
Surocciden,Oriental,2348,503.9661399106124
Surocciden,Oriental,2349,494.23754584905294
Surocciden,Oriental,2350,530.8393546058285
Surocciden,Oriental,2351,593.0268421450268
Surocciden,Oriental,2352,657.2701689684025
Surocciden,Oriental,2353,714.0411492071383
Surocciden,Oriental,2354,727.1766303427227
Surocciden,Oriental,2355,732.4654411940184
Surocciden,Oriental,2356,734.8122416369984
Surocciden,Oriental,2357,735.4160685086592
Surocciden,Oriental,2358,734.2276575683383
Surocciden,Oriental,2359,727.0337581175577
Surocciden,Oriental,2360,715.3361001601903
Surocciden,Oriental,2361,694.1229751009405
Surocciden,Oriental,2362,670.9731661026063
Surocciden,Oriental,2363,648.8219201438895
Surocciden,Oriental,2364,650.6749733875602
Surocciden,Oriental,2365,663.3748517261038
Surocciden,Oriental,2366,675.3343132127811
Surocciden,Oriental,2367,682.4840592598501
Surocciden,Oriental,2368,674.1121749225503
Surocciden,Oriental,2369,666.4592637162633
Surocciden,Oriental,2370,665.9012492374404
Surocciden,Oriental,2371,671.093978801528
Surocciden,Oriental,2372,657.4589092884592
Surocciden,Oriental,2373,668.2758342196067
Surocciden,Oriental,2374,661.0209878145869
Surocciden,Oriental,2375,669.3457464996052
Surocciden,Oriental,2376,694.5482800579634
Surocciden,Oriental,2377,521.40060803466
Surocciden,Oriental,2378,545.1992659217706
Surocciden,Oriental,2379,589.0971142287076
Surocciden,Oriental,2380,612.6811732362545
Surocciden,Oriental,2381,621.9967499418339
Surocciden,Oriental,2382,619.5947265722955
Surocciden,Oriental,2383,608.5144316118789
Surocciden,Oriental,2384,544.4510557649526
Surocciden,Oriental,2385,480.20758739048114
Surocciden,Oriental,2386,426.11775029550057
Surocciden,Oriental,2387,377.78493649579707
Surocciden,Oriental,2388,379.3191633409599
Surocciden,Oriental,2389,411.86168658406353
Surocciden,Oriental,2390,440.0607345989523
Surocciden,Oriental,2391,453.97386208220104
Surocciden,Oriental,2392,438.06578598484015
Surocciden,Oriental,2393,402.0409260380306
Surocciden,Oriental,2394,376.5638227172568
Surocciden,Oriental,2395,368.6488129636802
Surocciden,Oriental,2396,288.71431597332725
Surocciden,Oriental,2397,272.2586121593197
Surocciden,Oriental,2398,299.71009133758173
Surocciden,Oriental,2399,361.0207988153532
Surocciden,Oriental,2400,446.7200824043454
Surocciden,Oriental,2401,506.47671415115656
Surocciden,Oriental,2402,509.36400533033384
Surocciden,Oriental,2403,506.0897710956397
Surocciden,Oriental,2404,503.90045781663315
Surocciden,Oriental,2405,503.86790354519087
Surocciden,Oriental,2406,501.6435511939827
Surocciden,Oriental,2407,485.012447927499
Surocciden,Oriental,2408,462.0402794394042
Surocciden,Oriental,2409,436.5111291657737
Surocciden,Oriental,2410,412.06479001810874
Surocciden,Oriental,2411,396.557548008498
Surocciden,Oriental,2412,378.0157933951091
Surocciden,Oriental,2413,369.65511955081143
Surocciden,Oriental,2414,381.97550013514
Surocciden,Oriental,2415,411.5684945565307
Surocciden,Oriental,2416,442.20263179432305
Surocciden,Oriental,2417,440.0097899761075
Surocciden,Oriental,2418,434.5661227065263
Surocciden,Oriental,2419,440.1851630424562
Surocciden,Oriental,2420,417.37969928819354
Surocciden,Oriental,2421,439.7771017365982
Surocciden,Oriental,2422,421.3172381585229
Surocciden,Oriental,2423,427.2374424397424
Surocciden,Oriental,2424,475.18944849628514
Surocciden,Oriental,2425,387.663644160622
Surocciden,Oriental,2426,388.54179232706406
Surocciden,Oriental,2427,409.5827362727105
Surocciden,Oriental,2428,438.15616753445244
Surocciden,Oriental,2429,458.6171270364216
Surocciden,Oriental,2430,456.8433647011602
Surocciden,Oriental,2431,461.6104653296235
Surocciden,Oriental,2432,479.3341010791504
Surocciden,Oriental,2433,444.8012497444268
Surocciden,Oriental,2434,407.18583542619825
Surocciden,Oriental,2435,386.3695406195238
Surocciden,Oriental,2436,358.1177711889519
Surocciden,Oriental,2437,320.08987425125105
Surocciden,Oriental,2438,308.0975670131626
Surocciden,Oriental,2439,289.6383216784795
Surocciden,Oriental,2440,286.09307888016247
Surocciden,Oriental,2441,304.2268724800257
Surocciden,Oriental,2442,279.79475872006265
Surocciden,Oriental,2443,279.0009970910842
Surocciden,Oriental,2444,191.13421691803913
Surocciden,Oriental,2445,155.48386671783408
Surocciden,Oriental,2446,196.2419524180384
Surocciden,Oriental,2447,267.1638191033488
Surocciden,Oriental,2448,351.0248184228221
Surocciden,Oriental,2449,350.40824118457783
Surocciden,Oriental,2450,405.5017118952168
Surocciden,Oriental,2451,429.7134824056241
Surocciden,Oriental,2452,443.60206415597094
Surocciden,Oriental,2453,449.6330263201192
Surocciden,Oriental,2454,444.82910642376174
Surocciden,Oriental,2455,427.35684094255276
Surocciden,Oriental,2456,407.6271767158958
Surocciden,Oriental,2457,366.0686331685874
Surocciden,Oriental,2458,327.2566728982514
Surocciden,Oriental,2459,295.1409078848959
Surocciden,Oriental,2460,288.90199586664977
Surocciden,Oriental,2461,296.0555243669508
Surocciden,Oriental,2462,305.8107614033929
Surocciden,Oriental,2463,297.2731739983425
Surocciden,Oriental,2464,270.9614226917031
Surocciden,Oriental,2465,258.8368052926755
Surocciden,Oriental,2466,241.896977333427
Surocciden,Oriental,2467,243.93421740964644
Surocciden,Oriental,2468,229.4269170017801
Surocciden,Oriental,2469,228.9412561873049
Surocciden,Oriental,2470,226.9250670925763
Surocciden,Oriental,2471,244.96843583798514
Surocciden,Oriental,2472,294.7251488054457
Surocciden,Oriental,2473,759.5295390109243
Surocciden,Oriental,2474,753.9858093510198
Surocciden,Oriental,2475,773.1155301619151
Surocciden,Oriental,2476,777.2749549298627
Surocciden,Oriental,2477,775.6654784143986
Surocciden,Oriental,2478,775.7047678548851
Surocciden,Oriental,2479,762.4608729533035
Surocciden,Oriental,2480,676.5321462334832
Surocciden,Oriental,2481,603.4904446610144
Surocciden,Oriental,2482,548.7927939619617
Surocciden,Oriental,2483,500.4953284813947
Surocciden,Oriental,2484,504.26007584462417
Surocciden,Oriental,2485,553.0012733417227
Surocciden,Oriental,2486,621.2711061740843
Surocciden,Oriental,2487,690.912484257284
Surocciden,Oriental,2488,698.3176513486887
Surocciden,Oriental,2489,671.6133721212198
Surocciden,Oriental,2490,639.8213227297596
Surocciden,Oriental,2491,608.7438797071916
Surocciden,Oriental,2492,489.06446532706394
Surocciden,Oriental,2493,504.3942869908253
Surocciden,Oriental,2494,563.3239625353066
Surocciden,Oriental,2495,636.4361248410694
Surocciden,Oriental,2496,711.2623700589672
Surocciden,Oriental,3265,463.3196204623134
Surocciden,Oriental,3266,499.51636687774504
Surocciden,Oriental,3267,521.3891743943125
Surocciden,Oriental,3268,535.774681442184
Surocciden,Oriental,3269,542.3569186714022
Surocciden,Oriental,3270,535.0926116828051
Surocciden,Oriental,3271,511.16221831365164
Surocciden,Oriental,3272,492.2948578249067
Surocciden,Oriental,3273,424.83697957541443
Surocciden,Oriental,3274,344.62914755716844
Surocciden,Oriental,3275,262.91070667160403
Surocciden,Oriental,3276,248.94487767342156
Surocciden,Oriental,3277,295.73853335855796
Surocciden,Oriental,3278,351.26799089244327
Surocciden,Oriental,3279,383.7064139798814
Surocciden,Oriental,3280,359.7474165779607
Surocciden,Oriental,3281,355.54140297022633
Surocciden,Oriental,3282,364.6573281179627
Surocciden,Oriental,3283,370.8841888847444
Surocciden,Oriental,3284,393.72398031330414
Surocciden,Oriental,3285,410.9804430807769
Surocciden,Oriental,3286,378.13262843639194
Surocciden,Oriental,3287,372.2633644910067
Surocciden,Oriental,3288,420.0917817707487
Surocciden,Oriental,3289,387.71286133346075
Surocciden,Oriental,3290,423.91800609298735
Surocciden,Oriental,3291,478.1464661377135
Surocciden,Oriental,3292,522.1864430258719
Surocciden,Oriental,3293,552.6449572489189
Surocciden,Oriental,3294,568.395894408553
Surocciden,Oriental,3295,590.8931657422555
Surocciden,Oriental,3296,501.80182073001737
Surocciden,Oriental,3297,264.9882130779219
Surocciden,Oriental,3298,116.26732389970087
Surocciden,Oriental,3299,35.477654706657766
Surocciden,Oriental,3300,20.06192200035266
Surocciden,Oriental,3301,67.76729856395744
Surocciden,Oriental,3302,210.770834096222
Surocciden,Oriental,3303,414.4617698204666
Surocciden,Oriental,3304,498.26952125693913
Surocciden,Oriental,3305,451.321500265244
Surocciden,Oriental,3306,379.6578066279752
Surocciden,Oriental,3307,340.07196014373693
Surocciden,Oriental,3308,235.1274741863692
Surocciden,Oriental,3309,224.02374341051578
Surocciden,Oriental,3310,226.8963405073039
Surocciden,Oriental,3311,249.06643550635698
Surocciden,Oriental,3312,307.5818490300169
Surocciden,Oriental,3313,354.1950060495517
Surocciden,Oriental,3314,392.97258103437815
Surocciden,Oriental,3315,409.4078116423565
Surocciden,Oriental,3316,416.38227787644485
Surocciden,Oriental,3317,417.82560119693227
Surocciden,Oriental,3318,414.6427050390712
Surocciden,Oriental,3319,390.2823141938316
Surocciden,Oriental,3320,340.7045681414121
Surocciden,Oriental,3321,267.31244985537694
Surocciden,Oriental,3322,203.17035824995395
Surocciden,Oriental,3323,152.093284876613
Surocciden,Oriental,3324,153.55955488889077
Surocciden,Oriental,3325,190.01162791211567
Surocciden,Oriental,3326,229.92326775975877
Surocciden,Oriental,3327,284.19293888387733
Surocciden,Oriental,3328,286.5764641363347
Surocciden,Oriental,3329,278.57261250742744
Surocciden,Oriental,3330,278.3420738086309
Surocciden,Oriental,3331,267.0635559378599
Surocciden,Oriental,3332,314.33292809197707
Surocciden,Oriental,3333,418.019290179982
Surocciden,Oriental,3334,345.1046437847576
Surocciden,Oriental,3335,283.8268659847125
Surocciden,Oriental,3336,306.1411522070079
Surocciden,Oriental,3337,169.1400063919704
Surocciden,Oriental,3338,194.60204549438825
Surocciden,Oriental,3339,255.46706890868165
Surocciden,Oriental,3340,299.9343486118051
Surocciden,Oriental,3341,323.247602125468
Surocciden,Oriental,3342,316.50351870479665
Surocciden,Oriental,3343,316.7515197302811
Surocciden,Oriental,3344,198.38235690999497
Surocciden,Oriental,3345,58.160078984538956
Surocciden,Oriental,3346,4.41617877547444
Surocciden,Oriental,3347,2.3050789387003804e-06
Surocciden,Oriental,3348,2.303030386677323e-06
Surocciden,Oriental,3349,2.312402986978915e-06
Surocciden,Oriental,3350,31.83915736260857
Surocciden,Oriental,3351,125.48601020229198
Surocciden,Oriental,3352,133.73505945024448
Surocciden,Oriental,3353,106.16944947704869
Surocciden,Oriental,3354,93.84313704657858
Surocciden,Oriental,3355,90.87513845870356
Surocciden,Oriental,3356,73.73219763818788
Surocciden,Oriental,3357,69.56952749781301
Surocciden,Oriental,3358,76.24907815793054
Surocciden,Oriental,3359,89.20948244999849
Surocciden,Oriental,3360,116.78833348858606
Surocciden,Oriental,3361,67.70559525334184
Surocciden,Oriental,3362,60.53880573449678
Surocciden,Oriental,3363,51.61817637968131
Surocciden,Oriental,3364,47.75218728346071
Surocciden,Oriental,3365,46.45517288670883
Surocciden,Oriental,3366,47.465354864383876
Surocciden,Oriental,3367,44.14193966623055
Surocciden,Oriental,3368,39.06717742809479
Surocciden,Oriental,3369,37.72111310932779
Surocciden,Oriental,3370,36.8069617195666
Surocciden,Oriental,3371,36.26854768198987
Surocciden,Oriental,3372,35.03161438388272
Surocciden,Oriental,3373,34.1122590933265
Surocciden,Oriental,3374,34.101494203720655
Surocciden,Oriental,3375,34.72276782967433
Surocciden,Oriental,3376,60.41859243427428
Surocciden,Oriental,3377,62.953297964945705
Surocciden,Oriental,3378,63.76300925357586
Surocciden,Oriental,3379,56.62537547037714
Surocciden,Oriental,3380,59.29108270079343
Surocciden,Oriental,3381,212.49223851188117
Surocciden,Oriental,3382,95.69238785335853
Surocciden,Oriental,3383,55.52329121054518
Surocciden,Oriental,3384,61.93278955490613
Surocciden,Oriental,3385,2.357720352575183e-06
Surocciden,Oriental,3386,2.358940060492044e-06
Surocciden,Oriental,3387,2.370378745870682e-06
Surocciden,Oriental,3388,2.382522902016488e-06
Surocciden,Oriental,3389,2.3894806231048807e-06
Surocciden,Oriental,3390,2.388982317541696e-06
Surocciden,Oriental,3391,2.3831607375857433e-06
Surocciden,Oriental,3392,2.3884520293735026e-06
Surocciden,Oriental,3393,2.3798456882062663e-06
Surocciden,Oriental,3394,2.370081236095894e-06
Surocciden,Oriental,3395,2.3624987589714237e-06
Surocciden,Oriental,3396,2.358509509210719e-06
Surocciden,Oriental,3397,2.3538290604733256e-06
Surocciden,Oriental,3398,2.3484707681684976e-06
Surocciden,Oriental,3399,2.330178718396422e-06
Surocciden,Oriental,3400,2.3107677129474493e-06
Surocciden,Oriental,3401,2.3281025120175637e-06
Surocciden,Oriental,3402,2.326152706770203e-06
Surocciden,Oriental,3403,2.324855212932274e-06
Surocciden,Oriental,3404,2.30528638506503e-06
Surocciden,Oriental,3405,2.299392689603404e-06
Surocciden,Oriental,3406,2.3063064706911728e-06
Surocciden,Oriental,3407,2.322005475848039e-06
Surocciden,Oriental,3408,2.3412083707135357e-06
Surocciden,Oriental,3409,271.16665080670884
Surocciden,Oriental,3410,321.2666893064852
Surocciden,Oriental,3411,346.96607688181393
Surocciden,Oriental,3412,359.97491511031296
Surocciden,Oriental,3413,363.6347452697292
Surocciden,Oriental,3414,363.466304098152
Surocciden,Oriental,3415,346.19213003264804
Surocciden,Oriental,3416,306.63703980669544
Surocciden,Oriental,3417,243.49930804561387
Surocciden,Oriental,3418,199.0358351589259
Surocciden,Oriental,3419,167.93029397112824
Surocciden,Oriental,3420,161.4215526858223
Surocciden,Oriental,3421,178.8770324300456
Surocciden,Oriental,3422,214.44517214097147
Surocciden,Oriental,3423,245.25193032621166
Surocciden,Oriental,3424,218.78662333270142
Surocciden,Oriental,3425,197.73439109879598
Surocciden,Oriental,3426,203.66839177187902
Surocciden,Oriental,3427,209.98942569278975
Surocciden,Oriental,3428,285.78823775635567
Surocciden,Oriental,3429,289.47930544084704
Surocciden,Oriental,3430,245.8528962079083
Surocciden,Oriental,3431,205.928137522387
Surocciden,Oriental,3432,226.94027277416117
Surocciden,Oriental,3433,492.08058469224386
Surocciden,Oriental,3434,476.4626848543588
Surocciden,Oriental,3435,544.2883352231032
Surocciden,Oriental,3436,578.8697861652303
Surocciden,Oriental,3437,587.292523964255
Surocciden,Oriental,3438,587.6336467038187
Surocciden,Oriental,3439,542.3810830320072
Surocciden,Oriental,3440,292.68988204614124
Surocciden,Oriental,3441,123.32295626494685
Surocciden,Oriental,3442,4.620280138350645
Surocciden,Oriental,3443,8.26628820136586e-07
Surocciden,Oriental,3444,3.9783200981041533e-07
Surocciden,Oriental,3445,3.968684923470795e-07
Surocciden,Oriental,3446,42.444214649345135
Surocciden,Oriental,3447,238.39221308225686
Surocciden,Oriental,3448,403.00058983345684
Surocciden,Oriental,3449,352.1464555867137
Surocciden,Oriental,3450,284.04153948156755
Surocciden,Oriental,3451,238.39356968221495
Surocciden,Oriental,3452,138.79731894759672
Surocciden,Oriental,3453,148.52192381336084
Surocciden,Oriental,3454,194.12247780500354
Surocciden,Oriental,3455,271.9889799243862
Surocciden,Oriental,3456,383.26387501867646
Surocciden,Oriental,4225,452.05269844362107
Surocciden,Oriental,4226,505.56866234614694
Surocciden,Oriental,4227,545.0996647620942
Surocciden,Oriental,4228,574.4469000467836
Surocciden,Oriental,4229,588.5626906181923
Surocciden,Oriental,4230,572.3077876514486
Surocciden,Oriental,4231,568.1789688998473
Surocciden,Oriental,4232,638.2556206594041
Surocciden,Oriental,4233,520.9893954080128
Surocciden,Oriental,4234,343.6686997833959
Surocciden,Oriental,4235,181.61022462563434
Surocciden,Oriental,4236,165.15658005920312
Surocciden,Oriental,4237,331.6810123223918
Surocciden,Oriental,4238,504.4071011744432
Surocciden,Oriental,4239,688.6931241097988
Surocciden,Oriental,4240,578.5705113451916
Surocciden,Oriental,4241,444.51280417543705
Surocciden,Oriental,4242,397.015202833944
Surocciden,Oriental,4243,379.02317072688186
Surocciden,Oriental,4244,516.6028009556048
Surocciden,Oriental,4245,577.0898268218214
Surocciden,Oriental,4246,465.38733207182474
Surocciden,Oriental,4247,366.68285132684434
Surocciden,Oriental,4248,377.6339761540628
Surocciden,Oriental,4249,175.86733411243353
Surocciden,Oriental,4250,213.34945689070943
Surocciden,Oriental,4251,278.37681560123184
Surocciden,Oriental,4252,339.9579269295145
Surocciden,Oriental,4253,387.54692558073515
Surocciden,Oriental,4254,414.29613816787474
Surocciden,Oriental,4255,520.7710357281538
Surocciden,Oriental,4256,382.22859276707516
Surocciden,Oriental,4257,41.824704321102374
Surocciden,Oriental,4258,110.03636603419085
Surocciden,Oriental,4259,53.89308536017642
Surocciden,Oriental,4260,41.67222424876357
Surocciden,Oriental,4261,108.78424462390765
Surocciden,Oriental,4262,140.14406263023113
Surocciden,Oriental,4263,263.56479564813634
Surocciden,Oriental,4264,724.8329827347999
Surocciden,Oriental,4265,457.6010250193361
Surocciden,Oriental,4266,205.67590833056812
Surocciden,Oriental,4267,133.11974473895305
Surocciden,Oriental,4268,85.98974296114771
Surocciden,Oriental,4269,108.25228670476508
Surocciden,Oriental,4270,92.59564717778552
Surocciden,Oriental,4271,86.65495051159887
Surocciden,Oriental,4272,111.20868445041592
Surocciden,Oriental,4273,302.49771692625984
Surocciden,Oriental,4274,356.2778663316879
Surocciden,Oriental,4275,378.7988365507727
Surocciden,Oriental,4276,388.82744562874456
Surocciden,Oriental,4277,391.02296195004965
Surocciden,Oriental,4278,385.1400685370199
Surocciden,Oriental,4279,380.00315396690826
Surocciden,Oriental,4280,381.8845832683692
Surocciden,Oriental,4281,302.22121246122987
Surocciden,Oriental,4282,246.6644957191515
Surocciden,Oriental,4283,254.3401515099165
Surocciden,Oriental,4284,274.35631321931777
Surocciden,Oriental,4285,301.9813868480741
Surocciden,Oriental,4286,350.5519116368172
Surocciden,Oriental,4287,467.759568240918
Surocciden,Oriental,4288,399.30937399364797
Surocciden,Oriental,4289,276.18685369205014
Surocciden,Oriental,4290,219.8418957881448
Surocciden,Oriental,4291,204.06569003957333
Surocciden,Oriental,4292,301.60676112107745
Surocciden,Oriental,4293,400.96824979046795
Surocciden,Oriental,4294,290.6201821241282
Surocciden,Oriental,4295,202.39470090258192
Surocciden,Oriental,4296,239.9784358984974
Surocciden,Oriental,4297,121.13120853139701
Surocciden,Oriental,4298,125.01891701719755
Surocciden,Oriental,4299,161.2121090017587
Surocciden,Oriental,4300,200.1702361232452
Surocciden,Oriental,4301,230.14197811925325
Surocciden,Oriental,4302,241.50560925870997
Surocciden,Oriental,4303,259.8278117381266
Surocciden,Oriental,4304,391.19766869722946
Surocciden,Oriental,4305,248.7276993632322
Surocciden,Oriental,4306,150.87634894289178
Surocciden,Oriental,4307,141.81318650793486
Surocciden,Oriental,4308,144.5475950077128
Surocciden,Oriental,4309,190.46207395736576
Surocciden,Oriental,4310,310.49200993951683
Surocciden,Oriental,4311,512.3298221292389
Surocciden,Oriental,4312,254.50646393103224
Surocciden,Oriental,4313,284.6013481284874
Surocciden,Oriental,4314,133.59003507132192
Surocciden,Oriental,4315,104.55546508151149
Surocciden,Oriental,4316,80.23317730295295
Surocciden,Oriental,4317,74.86220047153338
Surocciden,Oriental,4318,75.64965606382565
Surocciden,Oriental,4319,82.55108733887722
Surocciden,Oriental,4320,96.10406318813422
Surocciden,Oriental,4321,247.5290630662158
Surocciden,Oriental,4322,168.4885995585249
Surocciden,Oriental,4323,140.32365589097913
Surocciden,Oriental,4324,138.76962718428982
Surocciden,Oriental,4325,137.99233910884223
Surocciden,Oriental,4326,137.4691866598391
Surocciden,Oriental,4327,135.1255603113593
Surocciden,Oriental,4328,121.26839813959894
Surocciden,Oriental,4329,199.12233814844558
Surocciden,Oriental,4330,291.9387135534826
Surocciden,Oriental,4331,322.4288040880043
Surocciden,Oriental,4332,330.07101149042956
Surocciden,Oriental,4333,305.5775160834935
Surocciden,Oriental,4334,245.66557514774155
Surocciden,Oriental,4335,202.3551055104041
Surocciden,Oriental,4336,291.17981241993976
Surocciden,Oriental,4337,293.6359466221482
Surocciden,Oriental,4338,167.03942843043706
Surocciden,Oriental,4339,135.5359849646939
Surocciden,Oriental,4340,188.0237071983817
Surocciden,Oriental,4341,360.4747364720495
Surocciden,Oriental,4342,238.56213239240404
Surocciden,Oriental,4343,131.80295793311652
Surocciden,Oriental,4344,197.45142619791196
Surocciden,Oriental,4345,62.782864678405744
Surocciden,Oriental,4346,63.863858052556054
Surocciden,Oriental,4347,12.345103737807857
Surocciden,Oriental,4348,2.940791046695045e-06
Surocciden,Oriental,4349,1.2690604486771713e-05
Surocciden,Oriental,4350,1.2716462488488004e-05
Surocciden,Oriental,4351,22.912565044684026
Surocciden,Oriental,4352,141.41689870762605
Surocciden,Oriental,4353,297.0138537822297
Surocciden,Oriental,4354,215.80195920159807
Surocciden,Oriental,4355,162.81743076781237
Surocciden,Oriental,4356,156.97288809825528
Surocciden,Oriental,4357,221.8037720282327
Surocciden,Oriental,4358,364.3125738028357
Surocciden,Oriental,4359,291.03202613524417
Surocciden,Oriental,4360,212.2644510148601
Surocciden,Oriental,4361,1.2839150236855983e-05
Surocciden,Oriental,4362,74.41507212994547
Surocciden,Oriental,4363,57.66841114754751
Surocciden,Oriental,4364,26.541266911817374
Surocciden,Oriental,4365,19.594012711154814
Surocciden,Oriental,4366,19.815180370290385
Surocciden,Oriental,4367,23.516440109421204
Surocciden,Oriental,4368,42.5073538938091
Surocciden,Oriental,4369,113.22763915623443
Surocciden,Oriental,4370,151.3470816101392
Surocciden,Oriental,4371,183.11796531875578
Surocciden,Oriental,4372,210.0199252402958
Surocciden,Oriental,4373,223.7898028079515
Surocciden,Oriental,4374,207.2544993250695
Surocciden,Oriental,4375,209.70256928279125
Surocciden,Oriental,4376,289.6940666883666
Surocciden,Oriental,4377,262.461451208591
Surocciden,Oriental,4378,244.79881345473854
Surocciden,Oriental,4379,193.90268262561239
Surocciden,Oriental,4380,212.39855743738883
Surocciden,Oriental,4381,289.7403659445528
Surocciden,Oriental,4382,329.21204554890795
Surocciden,Oriental,4383,372.22297788406394
Surocciden,Oriental,4384,187.08898484381655
Surocciden,Oriental,4385,98.962796024269
Surocciden,Oriental,4386,59.407826788334006
Surocciden,Oriental,4387,52.08966277507635
Surocciden,Oriental,4388,62.67650331165269
Surocciden,Oriental,4389,59.60375430441382
Surocciden,Oriental,4390,48.18381320635892
Surocciden,Oriental,4391,55.50155550038199
Surocciden,Oriental,4392,81.62283432723862
Surocciden,Oriental,4393,221.0059106666977
Surocciden,Oriental,4394,269.4089781505355
Surocciden,Oriental,4395,357.37584603675253
Surocciden,Oriental,4396,427.3728636550823
Surocciden,Oriental,4397,471.0200151769392
Surocciden,Oriental,4398,478.6338151651316
Surocciden,Oriental,4399,436.52031888930065
Surocciden,Oriental,4400,128.96907651573247
Surocciden,Oriental,4401,174.19011212726085
Surocciden,Oriental,4402,134.66031526227312
Surocciden,Oriental,4403,142.82559672899637
Surocciden,Oriental,4404,148.86817536758906
Surocciden,Oriental,4405,199.00636855014633
Surocciden,Oriental,4406,266.57427426645603
Surocciden,Oriental,4407,266.1655964941002
Surocciden,Oriental,4408,541.1843064132029
Surocciden,Oriental,4409,525.1260947247046
Surocciden,Oriental,4410,269.8045172001715
Surocciden,Oriental,4411,145.02206912426206
Surocciden,Oriental,4412,62.43197099643534
Surocciden,Oriental,4413,53.29208348891209
Surocciden,Oriental,4414,60.00584141840088
Surocciden,Oriental,4415,77.79708638708165
Surocciden,Oriental,4416,124.18849515443546
Surocciden,Oriental,5185,59.61799455777532
Surocciden,Oriental,5186,109.81321757137809
Surocciden,Oriental,5187,135.14964667519627
Surocciden,Oriental,5188,169.76158707189748
Surocciden,Oriental,5189,199.2378271936241
Surocciden,Oriental,5190,175.64046795008906
Surocciden,Oriental,5191,211.54209489265477
Surocciden,Oriental,5192,265.8748102090086
Surocciden,Oriental,5193,144.00197702568786
Surocciden,Oriental,5194,96.52556971244982
Surocciden,Oriental,5195,11.311681981920575
Surocciden,Oriental,5196,16.89945865042991
Surocciden,Oriental,5197,111.54347278607756
Surocciden,Oriental,5198,165.9659439196306
Surocciden,Oriental,5199,323.00180413064066
Surocciden,Oriental,5200,460.46232550692554
Surocciden,Oriental,5201,94.8319470797955
Surocciden,Oriental,5202,44.333026901750536
Surocciden,Oriental,5203,48.120025089906406
Surocciden,Oriental,5204,304.5790178633913
Surocciden,Oriental,5205,328.0921884150734
Surocciden,Oriental,5206,251.9680395763098
Surocciden,Oriental,5207,66.36105042426175
Surocciden,Oriental,5208,29.003144456095363
Surocciden,Oriental,5209,8.831018098810635
Surocciden,Oriental,5210,60.472989916491066
Surocciden,Oriental,5211,79.81360921880952
Surocciden,Oriental,5212,75.74679019483713
Surocciden,Oriental,5213,74.39834812268658
Surocciden,Oriental,5214,78.87618073588365
Surocciden,Oriental,5215,78.96572478319538
Surocciden,Oriental,5216,35.20803663724628
Surocciden,Oriental,5217,14.682790979105702
Surocciden,Oriental,5218,7.750749033368417e-06
Surocciden,Oriental,5219,5.955199966707284e-06
Surocciden,Oriental,5220,5.97803458252678e-06
Surocciden,Oriental,5221,27.829786365586695
Surocciden,Oriental,5222,68.30827319728277
Surocciden,Oriental,5223,129.68106210593194
Surocciden,Oriental,5224,138.7227816560899
Surocciden,Oriental,5225,11.803380037893692
Surocciden,Oriental,5226,21.240637132275616
Surocciden,Oriental,5227,10.625844415478872
Surocciden,Oriental,5228,153.08186455068744
Surocciden,Oriental,5229,232.95008985875458
Surocciden,Oriental,5230,141.1381910760623
Surocciden,Oriental,5231,20.488949176300228
Surocciden,Oriental,5232,9.070506028185637
Surocciden,Oriental,5233,9.111850869057752e-07
Surocciden,Oriental,5234,9.125942677242962e-07
Surocciden,Oriental,5235,9.131578432814771e-07
Surocciden,Oriental,5236,9.130923967479213e-07
Surocciden,Oriental,5237,9.129684146383485e-07
Surocciden,Oriental,5238,9.130977769523821e-07
Surocciden,Oriental,5239,9.134207448054802e-07
Surocciden,Oriental,5240,9.125030451090035e-07
Surocciden,Oriental,5241,8.609715943958669e-07
Surocciden,Oriental,5242,8.582804902962135e-07
Surocciden,Oriental,5243,8.578487167924552e-07
Surocciden,Oriental,5244,8.582517420367612e-07
Surocciden,Oriental,5245,8.598925597229548e-07
Surocciden,Oriental,5246,9.107283338471128e-07
Surocciden,Oriental,5247,9.204421060420481e-07
Surocciden,Oriental,5248,9.17847853196049e-07
Surocciden,Oriental,5249,9.125775404113529e-07
Surocciden,Oriental,5250,9.116715766470782e-07
Surocciden,Oriental,5251,9.110959622868739e-07
Surocciden,Oriental,5252,63.93461379981301
Surocciden,Oriental,5253,153.1256332676986
Surocciden,Oriental,5254,65.20591684966767
Surocciden,Oriental,5255,9.122544523206196e-07
Surocciden,Oriental,5256,9.094621556290395e-07
Surocciden,Oriental,5257,77.22256297919121
Surocciden,Oriental,5258,4.716768388821256e-06
Surocciden,Oriental,5259,4.704950568078086e-06
Surocciden,Oriental,5260,4.701881196216134e-06
Surocciden,Oriental,5261,4.701249827258103e-06
Surocciden,Oriental,5262,4.703407626235228e-06
Surocciden,Oriental,5263,4.705772904551178e-06
Surocciden,Oriental,5264,4.705454457437564e-06
Surocciden,Oriental,5265,4.988452290591454e-06
Surocciden,Oriental,5266,4.979871866588466e-06
Surocciden,Oriental,5267,4.985693607412398e-06
Surocciden,Oriental,5268,4.989538737676462e-06
Surocciden,Oriental,5269,4.990166162272995e-06
Surocciden,Oriental,5270,5.026596754742935e-06
Surocciden,Oriental,5271,4.7419709756757476e-06
Surocciden,Oriental,5272,49.12085630803524
Surocciden,Oriental,5273,59.17768659327854
Surocciden,Oriental,5274,44.56648775328987
Surocciden,Oriental,5275,42.15025271173914
Surocciden,Oriental,5276,45.62799210177718
Surocciden,Oriental,5277,138.06088931325257
Surocciden,Oriental,5278,60.06466913417734
Surocciden,Oriental,5279,42.08410596186873
Surocciden,Oriental,5280,52.72346366616765
Surocciden,Oriental,5281,2.8324294494135835e-06
Surocciden,Oriental,5282,6.289772701683007e-07
Surocciden,Oriental,5283,6.28675298374655e-07
Surocciden,Oriental,5284,6.28732505100131e-07
Surocciden,Oriental,5285,6.28773606029908e-07
Surocciden,Oriental,5286,6.286839247351556e-07
Surocciden,Oriental,5287,6.286800119390133e-07
Surocciden,Oriental,5288,6.287234052121189e-07
Surocciden,Oriental,5289,6.291038021397315e-07
Surocciden,Oriental,5290,6.29683699037295e-07
Surocciden,Oriental,5291,6.302583160912915e-07
Surocciden,Oriental,5292,6.304823091881291e-07
Surocciden,Oriental,5293,6.301750481374006e-07
Surocciden,Oriental,5294,6.295554644694652e-07
Surocciden,Oriental,5295,6.295515805513801e-07
Surocciden,Oriental,5296,6.329257038091998e-07
Surocciden,Oriental,5297,2.8756823453697596e-06
Surocciden,Oriental,5298,2.874099067219612e-06
Surocciden,Oriental,5299,2.872602314291695e-06
Surocciden,Oriental,5300,1.05472287331382e-05
Surocciden,Oriental,5301,10.626114999865345
Surocciden,Oriental,5302,1.0588420054226805e-05
Surocciden,Oriental,5303,2.881450250489968e-06
Surocciden,Oriental,5304,2.8714152445683663e-06
Surocciden,Oriental,5305,3.7546376067158096e-06
Surocciden,Oriental,5306,5.192976915537021e-06
Surocciden,Oriental,5307,5.2068248119094256e-06
Surocciden,Oriental,5308,5.212664024042826e-06
Surocciden,Oriental,5309,5.214071368097123e-06
Surocciden,Oriental,5310,5.211559682176088e-06
Surocciden,Oriental,5311,5.213449753361155e-06
Surocciden,Oriental,5312,5.227993264896327e-06
Surocciden,Oriental,5313,5.238333453343632e-06
Surocciden,Oriental,5314,5.239222783216447e-06
Surocciden,Oriental,5315,5.236905259695073e-06
Surocciden,Oriental,5316,5.241551675217292e-06
Surocciden,Oriental,5317,5.261223503563444e-06
Surocciden,Oriental,5318,5.266631373899592e-06
Surocciden,Oriental,5319,5.245266431806796e-06
Surocciden,Oriental,5320,5.2155166943635636e-06
Surocciden,Oriental,5321,0.00043257823088114225
Surocciden,Oriental,5322,10.3900081184645
Surocciden,Oriental,5323,1.4365953358592753
Surocciden,Oriental,5324,1.7723608570888484e-06
Surocciden,Oriental,5325,1.7709387378467876e-06
Surocciden,Oriental,5326,1.771417146402196e-06
Surocciden,Oriental,5327,1.7747429723827782e-06
Surocciden,Oriental,5328,4.736839002646128
Surocciden,Oriental,5329,5.910232522946287e-07
Surocciden,Oriental,5330,5.914462454143716e-07
Surocciden,Oriental,5331,5.918237590015536e-07
Surocciden,Oriental,5332,5.921194207339617e-07
Surocciden,Oriental,5333,5.922636643421674e-07
Surocciden,Oriental,5334,5.922141071399982e-07
Surocciden,Oriental,5335,5.922551527277696e-07
Surocciden,Oriental,5336,5.925506630509447e-07
Surocciden,Oriental,5337,5.925697487211048e-07
Surocciden,Oriental,5338,5.92482803884287e-07
Surocciden,Oriental,5339,5.923856557880455e-07
Surocciden,Oriental,5340,5.926661722601911e-07
Surocciden,Oriental,5341,5.934958398717179e-07
Surocciden,Oriental,5342,5.941709273767439e-07
Surocciden,Oriental,5343,5.938604829469798e-07
Surocciden,Oriental,5344,5.923032631750657e-07
Surocciden,Oriental,5345,5.9118601354566e-07
Surocciden,Oriental,5346,5.903161256315938e-07
Surocciden,Oriental,5347,5.897605620162138e-07
Surocciden,Oriental,5348,1.1014564544773151e-05
Surocciden,Oriental,5349,1.0996000425332408e-05
Surocciden,Oriental,5350,5.904972487341623e-07
Surocciden,Oriental,5351,5.896572414884825e-07
Surocciden,Oriental,5352,5.903235453448233e-07
Surocciden,Oriental,5353,1.8080095723252905e-07
Surocciden,Oriental,5354,1.7460800956202526e-06
Surocciden,Oriental,5355,1.7350866104760387e-06
Surocciden,Oriental,5356,1.7329609863960295e-06
Surocciden,Oriental,5357,1.7322220583958412e-06
Surocciden,Oriental,5358,1.7337547216005904e-06
Surocciden,Oriental,5359,1.734593090798481e-06
Surocciden,Oriental,5360,1.7310144186055363e-06
Surocciden,Oriental,5361,1.7347352020943166e-06
Surocciden,Oriental,5362,3.520457585450707e-06
Surocciden,Oriental,5363,3.53196167589659e-06
Surocciden,Oriental,5364,3.5347008468854706e-06
Surocciden,Oriental,5365,3.53646838644439e-06
Surocciden,Oriental,5366,1.7384382699480412e-06
Surocciden,Oriental,5367,1.7705786086221927e-06
Surocciden,Oriental,5368,1.9891787794325492e-07
Surocciden,Oriental,5369,1.7996795285430676e-07
Surocciden,Oriental,5370,1.792551742711891e-07
Surocciden,Oriental,5371,1.7913554648187907e-07
Surocciden,Oriental,5372,1.7891066906291639e-07
Surocciden,Oriental,5373,1.7890114579030026e-07
Surocciden,Oriental,5374,1.7894317692584478e-07
Surocciden,Oriental,5375,1.790900460075808e-07
Surocciden,Oriental,5376,1.7952287776392315e-07
