GEN_TP_FUELS_1,GEN_TP_FUELS_2,GEN_TP_FUELS_3,GenFuelUseRate
BARRANQUILL3,1,GASIMPOR,0.0
BARRANQUILL3,2,GASIMPOR,0.0
BARRANQUILL3,3,GASIMPOR,0.0
BARRANQUILL3,4,GASIMPOR,0.0
BARRANQUILL3,5,GASIMPOR,0.0
BARRANQUILL3,6,GASIMPOR,0.0
BARRANQUILL3,7,GASIMPOR,0.0
BARRANQUILL3,8,GASIMPOR,0.0
BARRANQUILL3,9,GASIMPOR,0.0
BARRANQUILL3,10,GASIMPOR,0.0
BARRANQUILL3,11,GASIMPOR,0.0
BARRANQUILL3,12,GASIMPOR,0.0
BARRANQUILL3,13,GASIMPOR,0.0
BARRANQUILL3,14,GASIMPOR,0.0
BARRANQUILL3,15,GASIMPOR,0.0
BARRANQUILL3,16,GASIMPOR,0.0
BARRANQUILL3,17,GASIMPOR,0.0
BARRANQUILL3,18,GASIMPOR,0.0
BARRANQUILL3,19,GASIMPOR,0.0
BARRANQUILL3,20,GASIMPOR,0.0
BARRANQUILL3,21,GASIMPOR,0.0
BARRANQUILL3,22,GASIMPOR,0.0
BARRANQUILL3,23,GASIMPOR,0.0
BARRANQUILL3,24,GASIMPOR,0.0
BARRANQUILL3,25,GASIMPOR,0.0
BARRANQUILL3,26,GASIMPOR,0.0
BARRANQUILL3,27,GASIMPOR,0.0
BARRANQUILL3,28,GASIMPOR,0.0
BARRANQUILL3,29,GASIMPOR,0.0
BARRANQUILL3,30,GASIMPOR,0.0
BARRANQUILL3,31,GASIMPOR,0.0
BARRANQUILL3,32,GASIMPOR,0.0
BARRANQUILL3,33,GASIMPOR,0.0
BARRANQUILL3,34,GASIMPOR,0.0
BARRANQUILL3,35,GASIMPOR,0.0
BARRANQUILL3,36,GASIMPOR,0.0
BARRANQUILL3,37,GASIMPOR,0.0
BARRANQUILL3,38,GASIMPOR,0.0
BARRANQUILL3,39,GASIMPOR,0.0
BARRANQUILL3,40,GASIMPOR,0.0
BARRANQUILL3,41,GASIMPOR,0.0
BARRANQUILL3,42,GASIMPOR,0.0
BARRANQUILL3,43,GASIMPOR,0.0
BARRANQUILL3,44,GASIMPOR,0.0
BARRANQUILL3,45,GASIMPOR,0.0
BARRANQUILL3,46,GASIMPOR,0.0
BARRANQUILL3,47,GASIMPOR,0.0
BARRANQUILL3,48,GASIMPOR,0.0
BARRANQUILL3,49,GASIMPOR,0.0
BARRANQUILL3,50,GASIMPOR,0.0
BARRANQUILL3,51,GASIMPOR,0.0
BARRANQUILL3,52,GASIMPOR,0.0
BARRANQUILL3,53,GASIMPOR,0.0
BARRANQUILL3,54,GASIMPOR,0.0
BARRANQUILL3,55,GASIMPOR,0.0
BARRANQUILL3,56,GASIMPOR,0.0
BARRANQUILL3,57,GASIMPOR,0.0
BARRANQUILL3,58,GASIMPOR,0.0
BARRANQUILL3,59,GASIMPOR,0.0
BARRANQUILL3,60,GASIMPOR,0.0
BARRANQUILL3,61,GASIMPOR,0.0
BARRANQUILL3,62,GASIMPOR,0.0
BARRANQUILL3,63,GASIMPOR,0.0
BARRANQUILL3,64,GASIMPOR,0.0
BARRANQUILL3,65,GASIMPOR,0.0
BARRANQUILL3,66,GASIMPOR,0.0
BARRANQUILL3,67,GASIMPOR,0.0
BARRANQUILL3,68,GASIMPOR,0.0
BARRANQUILL3,69,GASIMPOR,0.0
BARRANQUILL3,70,GASIMPOR,0.0
BARRANQUILL3,71,GASIMPOR,0.0
BARRANQUILL3,72,GASIMPOR,0.0
BARRANQUILL3,73,GASIMPOR,0.0
BARRANQUILL3,74,GASIMPOR,0.0
BARRANQUILL3,75,GASIMPOR,0.0
BARRANQUILL3,76,GASIMPOR,0.0
BARRANQUILL3,77,GASIMPOR,0.0
BARRANQUILL3,78,GASIMPOR,0.0
BARRANQUILL3,79,GASIMPOR,0.0
BARRANQUILL3,80,GASIMPOR,0.0
BARRANQUILL3,81,GASIMPOR,0.0
BARRANQUILL3,82,GASIMPOR,0.0
BARRANQUILL3,83,GASIMPOR,0.0
BARRANQUILL3,84,GASIMPOR,0.0
BARRANQUILL3,85,GASIMPOR,0.0
BARRANQUILL3,86,GASIMPOR,0.0
BARRANQUILL3,87,GASIMPOR,0.0
BARRANQUILL3,88,GASIMPOR,0.0
BARRANQUILL3,89,GASIMPOR,0.0
BARRANQUILL3,90,GASIMPOR,0.0
BARRANQUILL3,91,GASIMPOR,0.0
BARRANQUILL3,92,GASIMPOR,0.0
BARRANQUILL3,93,GASIMPOR,0.0
BARRANQUILL3,94,GASIMPOR,0.0
BARRANQUILL3,95,GASIMPOR,0.0
BARRANQUILL3,96,GASIMPOR,0.0
BARRANQUILL3,97,GASIMPOR,0.0
BARRANQUILL3,98,GASIMPOR,0.0
BARRANQUILL3,99,GASIMPOR,0.0
BARRANQUILL3,100,GASIMPOR,0.0
BARRANQUILL3,101,GASIMPOR,0.0
BARRANQUILL3,102,GASIMPOR,0.0
BARRANQUILL3,103,GASIMPOR,0.0
BARRANQUILL3,104,GASIMPOR,0.0
BARRANQUILL3,105,GASIMPOR,0.0
BARRANQUILL3,106,GASIMPOR,0.0
BARRANQUILL3,107,GASIMPOR,0.0
BARRANQUILL3,108,GASIMPOR,0.0
BARRANQUILL3,109,GASIMPOR,0.0
BARRANQUILL3,110,GASIMPOR,0.0
BARRANQUILL3,111,GASIMPOR,0.0
BARRANQUILL3,112,GASIMPOR,0.0
BARRANQUILL3,113,GASIMPOR,0.0
BARRANQUILL3,114,GASIMPOR,0.0
BARRANQUILL3,115,GASIMPOR,0.0
BARRANQUILL3,116,GASIMPOR,0.0
BARRANQUILL3,117,GASIMPOR,0.0
BARRANQUILL3,118,GASIMPOR,0.0
BARRANQUILL3,119,GASIMPOR,0.0
BARRANQUILL3,120,GASIMPOR,0.0
BARRANQUILL3,121,GASIMPOR,0.0
BARRANQUILL3,122,GASIMPOR,0.0
BARRANQUILL3,123,GASIMPOR,0.0
BARRANQUILL3,124,GASIMPOR,0.0
BARRANQUILL3,125,GASIMPOR,0.0
BARRANQUILL3,126,GASIMPOR,0.0
BARRANQUILL3,127,GASIMPOR,0.0
BARRANQUILL3,128,GASIMPOR,0.0
BARRANQUILL3,129,GASIMPOR,0.0
BARRANQUILL3,130,GASIMPOR,0.0
BARRANQUILL3,131,GASIMPOR,0.0
BARRANQUILL3,132,GASIMPOR,0.0
BARRANQUILL3,133,GASIMPOR,0.0
BARRANQUILL3,134,GASIMPOR,0.0
BARRANQUILL3,135,GASIMPOR,0.0
BARRANQUILL3,136,GASIMPOR,0.0
BARRANQUILL3,137,GASIMPOR,0.0
BARRANQUILL3,138,GASIMPOR,0.0
BARRANQUILL3,139,GASIMPOR,0.0
BARRANQUILL3,140,GASIMPOR,0.0
BARRANQUILL3,141,GASIMPOR,0.0
BARRANQUILL3,142,GASIMPOR,0.0
BARRANQUILL3,143,GASIMPOR,0.0
BARRANQUILL3,144,GASIMPOR,0.0
BARRANQUILL3,145,GASIMPOR,0.0
BARRANQUILL3,146,GASIMPOR,0.0
BARRANQUILL3,147,GASIMPOR,0.0
BARRANQUILL3,148,GASIMPOR,0.0
BARRANQUILL3,149,GASIMPOR,0.0
BARRANQUILL3,150,GASIMPOR,0.0
BARRANQUILL3,151,GASIMPOR,0.0
BARRANQUILL3,152,GASIMPOR,0.0
BARRANQUILL3,153,GASIMPOR,0.0
BARRANQUILL3,154,GASIMPOR,0.0
BARRANQUILL3,155,GASIMPOR,0.0
BARRANQUILL3,156,GASIMPOR,0.0
BARRANQUILL3,157,GASIMPOR,0.0
BARRANQUILL3,158,GASIMPOR,0.0
BARRANQUILL3,159,GASIMPOR,0.0
BARRANQUILL3,160,GASIMPOR,0.0
BARRANQUILL3,161,GASIMPOR,0.0
BARRANQUILL3,162,GASIMPOR,0.0
BARRANQUILL3,163,GASIMPOR,0.0
BARRANQUILL3,164,GASIMPOR,0.0
BARRANQUILL3,165,GASIMPOR,0.0
BARRANQUILL3,166,GASIMPOR,0.0
BARRANQUILL3,167,GASIMPOR,0.0
BARRANQUILL3,168,GASIMPOR,0.0
BARRANQUILL3,169,GASIMPOR,0.0
BARRANQUILL3,170,GASIMPOR,0.0
BARRANQUILL3,171,GASIMPOR,0.0
BARRANQUILL3,172,GASIMPOR,0.0
BARRANQUILL3,173,GASIMPOR,0.0
BARRANQUILL3,174,GASIMPOR,0.0
BARRANQUILL3,175,GASIMPOR,0.0
BARRANQUILL3,176,GASIMPOR,0.0
BARRANQUILL3,177,GASIMPOR,0.0
BARRANQUILL3,178,GASIMPOR,0.0
BARRANQUILL3,179,GASIMPOR,0.0
BARRANQUILL3,180,GASIMPOR,0.0
BARRANQUILL3,181,GASIMPOR,0.0
BARRANQUILL3,182,GASIMPOR,0.0
BARRANQUILL3,183,GASIMPOR,0.0
BARRANQUILL3,184,GASIMPOR,0.0
BARRANQUILL3,185,GASIMPOR,0.0
BARRANQUILL3,186,GASIMPOR,0.0
BARRANQUILL3,187,GASIMPOR,0.0
BARRANQUILL3,188,GASIMPOR,0.0
BARRANQUILL3,189,GASIMPOR,0.0
BARRANQUILL3,190,GASIMPOR,0.0
BARRANQUILL3,191,GASIMPOR,0.0
BARRANQUILL3,192,GASIMPOR,0.0
BARRANQUILL3,193,GASIMPOR,0.0
BARRANQUILL3,194,GASIMPOR,0.0
BARRANQUILL3,195,GASIMPOR,0.0
BARRANQUILL3,196,GASIMPOR,0.0
BARRANQUILL3,197,GASIMPOR,0.0
BARRANQUILL3,198,GASIMPOR,0.0
BARRANQUILL3,199,GASIMPOR,0.0
BARRANQUILL3,200,GASIMPOR,0.0
BARRANQUILL3,201,GASIMPOR,0.0
BARRANQUILL3,202,GASIMPOR,0.0
BARRANQUILL3,203,GASIMPOR,0.0
BARRANQUILL3,204,GASIMPOR,0.0
BARRANQUILL3,205,GASIMPOR,0.0
BARRANQUILL3,206,GASIMPOR,0.0
BARRANQUILL3,207,GASIMPOR,0.0
BARRANQUILL3,208,GASIMPOR,0.0
BARRANQUILL3,209,GASIMPOR,0.0
BARRANQUILL3,210,GASIMPOR,0.0
BARRANQUILL3,211,GASIMPOR,0.0
BARRANQUILL3,212,GASIMPOR,0.0
BARRANQUILL3,213,GASIMPOR,0.0
BARRANQUILL3,214,GASIMPOR,0.0
BARRANQUILL3,215,GASIMPOR,0.0
BARRANQUILL3,216,GASIMPOR,0.0
BARRANQUILL3,217,GASIMPOR,0.0
BARRANQUILL3,218,GASIMPOR,0.0
BARRANQUILL3,219,GASIMPOR,0.0
BARRANQUILL3,220,GASIMPOR,0.0
BARRANQUILL3,221,GASIMPOR,0.0
BARRANQUILL3,222,GASIMPOR,0.0
BARRANQUILL3,223,GASIMPOR,0.0
BARRANQUILL3,224,GASIMPOR,0.0
BARRANQUILL3,225,GASIMPOR,0.0
BARRANQUILL3,226,GASIMPOR,0.0
BARRANQUILL3,227,GASIMPOR,0.0
BARRANQUILL3,228,GASIMPOR,0.0
BARRANQUILL3,229,GASIMPOR,0.0
BARRANQUILL3,230,GASIMPOR,0.0
BARRANQUILL3,231,GASIMPOR,0.0
BARRANQUILL3,232,GASIMPOR,0.0
BARRANQUILL3,233,GASIMPOR,0.0
BARRANQUILL3,234,GASIMPOR,0.0
BARRANQUILL3,235,GASIMPOR,0.0
BARRANQUILL3,236,GASIMPOR,0.0
BARRANQUILL3,237,GASIMPOR,0.0
BARRANQUILL3,238,GASIMPOR,0.0
BARRANQUILL3,239,GASIMPOR,0.0
BARRANQUILL3,240,GASIMPOR,0.0
BARRANQUILL3,241,GASIMPOR,0.0
BARRANQUILL3,242,GASIMPOR,0.0
BARRANQUILL3,243,GASIMPOR,0.0
BARRANQUILL3,244,GASIMPOR,0.0
BARRANQUILL3,245,GASIMPOR,0.0
BARRANQUILL3,246,GASIMPOR,0.0
BARRANQUILL3,247,GASIMPOR,0.0
BARRANQUILL3,248,GASIMPOR,0.0
BARRANQUILL3,249,GASIMPOR,0.0
BARRANQUILL3,250,GASIMPOR,0.0
BARRANQUILL3,251,GASIMPOR,0.0
BARRANQUILL3,252,GASIMPOR,0.0
BARRANQUILL3,253,GASIMPOR,0.0
BARRANQUILL3,254,GASIMPOR,0.0
BARRANQUILL3,255,GASIMPOR,0.0
BARRANQUILL3,256,GASIMPOR,0.0
BARRANQUILL3,257,GASIMPOR,0.0
BARRANQUILL3,258,GASIMPOR,0.0
BARRANQUILL3,259,GASIMPOR,0.0
BARRANQUILL3,260,GASIMPOR,0.0
BARRANQUILL3,261,GASIMPOR,0.0
BARRANQUILL3,262,GASIMPOR,0.0
BARRANQUILL3,263,GASIMPOR,0.0
BARRANQUILL3,264,GASIMPOR,0.0
BARRANQUILL3,265,GASIMPOR,0.0
BARRANQUILL3,266,GASIMPOR,0.0
BARRANQUILL3,267,GASIMPOR,0.0
BARRANQUILL3,268,GASIMPOR,0.0
BARRANQUILL3,269,GASIMPOR,0.0
BARRANQUILL3,270,GASIMPOR,0.0
BARRANQUILL3,271,GASIMPOR,0.0
BARRANQUILL3,272,GASIMPOR,0.0
BARRANQUILL3,273,GASIMPOR,0.0
BARRANQUILL3,274,GASIMPOR,0.0
BARRANQUILL3,275,GASIMPOR,0.0
BARRANQUILL3,276,GASIMPOR,0.0
BARRANQUILL3,277,GASIMPOR,0.0
BARRANQUILL3,278,GASIMPOR,0.0
BARRANQUILL3,279,GASIMPOR,0.0
BARRANQUILL3,280,GASIMPOR,0.0
BARRANQUILL3,281,GASIMPOR,0.0
BARRANQUILL3,282,GASIMPOR,0.0
BARRANQUILL3,283,GASIMPOR,0.0
BARRANQUILL3,284,GASIMPOR,0.0
BARRANQUILL3,285,GASIMPOR,0.0
BARRANQUILL3,286,GASIMPOR,0.0
BARRANQUILL3,287,GASIMPOR,0.0
BARRANQUILL3,288,GASIMPOR,0.0
BARRANQUILL3,289,GASIMPOR,0.0
BARRANQUILL3,290,GASIMPOR,0.0
BARRANQUILL3,291,GASIMPOR,0.0
BARRANQUILL3,292,GASIMPOR,0.0
BARRANQUILL3,293,GASIMPOR,0.0
BARRANQUILL3,294,GASIMPOR,0.0
BARRANQUILL3,295,GASIMPOR,0.0
BARRANQUILL3,296,GASIMPOR,0.0
BARRANQUILL3,297,GASIMPOR,0.0
BARRANQUILL3,298,GASIMPOR,0.0
BARRANQUILL3,299,GASIMPOR,0.0
BARRANQUILL3,300,GASIMPOR,0.0
BARRANQUILL3,301,GASIMPOR,0.0
BARRANQUILL3,302,GASIMPOR,0.0
BARRANQUILL3,303,GASIMPOR,0.0
BARRANQUILL3,304,GASIMPOR,0.0
BARRANQUILL3,305,GASIMPOR,0.0
BARRANQUILL3,306,GASIMPOR,0.0
BARRANQUILL3,307,GASIMPOR,0.0
BARRANQUILL3,308,GASIMPOR,0.0
BARRANQUILL3,309,GASIMPOR,0.0
BARRANQUILL3,310,GASIMPOR,0.0
BARRANQUILL3,311,GASIMPOR,0.0
BARRANQUILL3,312,GASIMPOR,0.0
BARRANQUILL3,313,GASIMPOR,0.0
BARRANQUILL3,314,GASIMPOR,0.0
BARRANQUILL3,315,GASIMPOR,0.0
BARRANQUILL3,316,GASIMPOR,0.0
BARRANQUILL3,317,GASIMPOR,0.0
BARRANQUILL3,318,GASIMPOR,0.0
BARRANQUILL3,319,GASIMPOR,0.0
BARRANQUILL3,320,GASIMPOR,0.0
BARRANQUILL3,321,GASIMPOR,0.0
BARRANQUILL3,322,GASIMPOR,0.0
BARRANQUILL3,323,GASIMPOR,0.0
BARRANQUILL3,324,GASIMPOR,0.0
BARRANQUILL3,325,GASIMPOR,0.0
BARRANQUILL3,326,GASIMPOR,0.0
BARRANQUILL3,327,GASIMPOR,0.0
BARRANQUILL3,328,GASIMPOR,0.0
BARRANQUILL3,329,GASIMPOR,0.0
BARRANQUILL3,330,GASIMPOR,0.0
BARRANQUILL3,331,GASIMPOR,0.0
BARRANQUILL3,332,GASIMPOR,0.0
BARRANQUILL3,333,GASIMPOR,0.0
BARRANQUILL3,334,GASIMPOR,0.0
BARRANQUILL3,335,GASIMPOR,0.0
BARRANQUILL3,336,GASIMPOR,0.0
BARRANQUILL3,337,GASIMPOR,0.0
BARRANQUILL3,338,GASIMPOR,0.0
BARRANQUILL3,339,GASIMPOR,0.0
BARRANQUILL3,340,GASIMPOR,0.0
BARRANQUILL3,341,GASIMPOR,0.0
BARRANQUILL3,342,GASIMPOR,0.0
BARRANQUILL3,343,GASIMPOR,0.0
BARRANQUILL3,344,GASIMPOR,0.0
BARRANQUILL3,345,GASIMPOR,0.0
BARRANQUILL3,346,GASIMPOR,0.0
BARRANQUILL3,347,GASIMPOR,0.0
BARRANQUILL3,348,GASIMPOR,0.0
BARRANQUILL3,349,GASIMPOR,0.0
BARRANQUILL3,350,GASIMPOR,0.0
BARRANQUILL3,351,GASIMPOR,0.0
BARRANQUILL3,352,GASIMPOR,0.0
BARRANQUILL3,353,GASIMPOR,0.0
BARRANQUILL3,354,GASIMPOR,0.0
BARRANQUILL3,355,GASIMPOR,0.0
BARRANQUILL3,356,GASIMPOR,0.0
BARRANQUILL3,357,GASIMPOR,0.0
BARRANQUILL3,358,GASIMPOR,0.0
BARRANQUILL3,359,GASIMPOR,0.0
BARRANQUILL3,360,GASIMPOR,0.0
BARRANQUILL3,361,GASIMPOR,0.0
BARRANQUILL3,362,GASIMPOR,0.0
BARRANQUILL3,363,GASIMPOR,0.0
BARRANQUILL3,364,GASIMPOR,0.0
BARRANQUILL3,365,GASIMPOR,0.0
BARRANQUILL3,366,GASIMPOR,0.0
BARRANQUILL3,367,GASIMPOR,0.0
BARRANQUILL3,368,GASIMPOR,0.0
BARRANQUILL3,369,GASIMPOR,0.0
BARRANQUILL3,370,GASIMPOR,0.0
BARRANQUILL3,371,GASIMPOR,0.0
BARRANQUILL3,372,GASIMPOR,0.0
BARRANQUILL3,373,GASIMPOR,0.0
BARRANQUILL3,374,GASIMPOR,0.0
BARRANQUILL3,375,GASIMPOR,0.0
BARRANQUILL3,376,GASIMPOR,0.0
BARRANQUILL3,377,GASIMPOR,0.0
BARRANQUILL3,378,GASIMPOR,0.0
BARRANQUILL3,379,GASIMPOR,0.0
BARRANQUILL3,380,GASIMPOR,0.0
BARRANQUILL3,381,GASIMPOR,0.0
BARRANQUILL3,382,GASIMPOR,0.0
BARRANQUILL3,383,GASIMPOR,0.0
BARRANQUILL3,384,GASIMPOR,0.0
BARRANQUILL4,1,GASIMPOR,0.0
BARRANQUILL4,2,GASIMPOR,0.0
BARRANQUILL4,3,GASIMPOR,0.0
BARRANQUILL4,4,GASIMPOR,0.0
BARRANQUILL4,5,GASIMPOR,0.0
BARRANQUILL4,6,GASIMPOR,0.0
BARRANQUILL4,7,GASIMPOR,0.0
BARRANQUILL4,8,GASIMPOR,0.0
BARRANQUILL4,9,GASIMPOR,0.0
BARRANQUILL4,10,GASIMPOR,0.0
BARRANQUILL4,11,GASIMPOR,0.0
BARRANQUILL4,12,GASIMPOR,0.0
BARRANQUILL4,13,GASIMPOR,0.0
BARRANQUILL4,14,GASIMPOR,0.0
BARRANQUILL4,15,GASIMPOR,0.0
BARRANQUILL4,16,GASIMPOR,0.0
BARRANQUILL4,17,GASIMPOR,0.0
BARRANQUILL4,18,GASIMPOR,0.0
BARRANQUILL4,19,GASIMPOR,0.0
BARRANQUILL4,20,GASIMPOR,0.0
BARRANQUILL4,21,GASIMPOR,0.0
BARRANQUILL4,22,GASIMPOR,0.0
BARRANQUILL4,23,GASIMPOR,0.0
BARRANQUILL4,24,GASIMPOR,0.0
BARRANQUILL4,25,GASIMPOR,0.0
BARRANQUILL4,26,GASIMPOR,0.0
BARRANQUILL4,27,GASIMPOR,0.0
BARRANQUILL4,28,GASIMPOR,0.0
BARRANQUILL4,29,GASIMPOR,0.0
BARRANQUILL4,30,GASIMPOR,0.0
BARRANQUILL4,31,GASIMPOR,0.0
BARRANQUILL4,32,GASIMPOR,0.0
BARRANQUILL4,33,GASIMPOR,0.0
BARRANQUILL4,34,GASIMPOR,0.0
BARRANQUILL4,35,GASIMPOR,0.0
BARRANQUILL4,36,GASIMPOR,0.0
BARRANQUILL4,37,GASIMPOR,0.0
BARRANQUILL4,38,GASIMPOR,0.0
BARRANQUILL4,39,GASIMPOR,0.0
BARRANQUILL4,40,GASIMPOR,0.0
BARRANQUILL4,41,GASIMPOR,0.0
BARRANQUILL4,42,GASIMPOR,0.0
BARRANQUILL4,43,GASIMPOR,0.0
BARRANQUILL4,44,GASIMPOR,0.0
BARRANQUILL4,45,GASIMPOR,0.0
BARRANQUILL4,46,GASIMPOR,0.0
BARRANQUILL4,47,GASIMPOR,0.0
BARRANQUILL4,48,GASIMPOR,0.0
BARRANQUILL4,49,GASIMPOR,0.0
BARRANQUILL4,50,GASIMPOR,0.0
BARRANQUILL4,51,GASIMPOR,0.0
BARRANQUILL4,52,GASIMPOR,0.0
BARRANQUILL4,53,GASIMPOR,0.0
BARRANQUILL4,54,GASIMPOR,0.0
BARRANQUILL4,55,GASIMPOR,0.0
BARRANQUILL4,56,GASIMPOR,0.0
BARRANQUILL4,57,GASIMPOR,0.0
BARRANQUILL4,58,GASIMPOR,0.0
BARRANQUILL4,59,GASIMPOR,0.0
BARRANQUILL4,60,GASIMPOR,0.0
BARRANQUILL4,61,GASIMPOR,0.0
BARRANQUILL4,62,GASIMPOR,0.0
BARRANQUILL4,63,GASIMPOR,0.0
BARRANQUILL4,64,GASIMPOR,0.0
BARRANQUILL4,65,GASIMPOR,0.0
BARRANQUILL4,66,GASIMPOR,0.0
BARRANQUILL4,67,GASIMPOR,0.0
BARRANQUILL4,68,GASIMPOR,0.0
BARRANQUILL4,69,GASIMPOR,0.0
BARRANQUILL4,70,GASIMPOR,0.0
BARRANQUILL4,71,GASIMPOR,0.0
BARRANQUILL4,72,GASIMPOR,0.0
BARRANQUILL4,73,GASIMPOR,0.0
BARRANQUILL4,74,GASIMPOR,0.0
BARRANQUILL4,75,GASIMPOR,0.0
BARRANQUILL4,76,GASIMPOR,0.0
BARRANQUILL4,77,GASIMPOR,0.0
BARRANQUILL4,78,GASIMPOR,0.0
BARRANQUILL4,79,GASIMPOR,0.0
BARRANQUILL4,80,GASIMPOR,0.0
BARRANQUILL4,81,GASIMPOR,0.0
BARRANQUILL4,82,GASIMPOR,0.0
BARRANQUILL4,83,GASIMPOR,0.0
BARRANQUILL4,84,GASIMPOR,0.0
BARRANQUILL4,85,GASIMPOR,0.0
BARRANQUILL4,86,GASIMPOR,0.0
BARRANQUILL4,87,GASIMPOR,0.0
BARRANQUILL4,88,GASIMPOR,0.0
BARRANQUILL4,89,GASIMPOR,0.0
BARRANQUILL4,90,GASIMPOR,0.0
BARRANQUILL4,91,GASIMPOR,0.0
BARRANQUILL4,92,GASIMPOR,0.0
BARRANQUILL4,93,GASIMPOR,0.0
BARRANQUILL4,94,GASIMPOR,0.0
BARRANQUILL4,95,GASIMPOR,0.0
BARRANQUILL4,96,GASIMPOR,0.0
BARRANQUILL4,97,GASIMPOR,0.0
BARRANQUILL4,98,GASIMPOR,0.0
BARRANQUILL4,99,GASIMPOR,0.0
BARRANQUILL4,100,GASIMPOR,0.0
BARRANQUILL4,101,GASIMPOR,0.0
BARRANQUILL4,102,GASIMPOR,0.0
BARRANQUILL4,103,GASIMPOR,0.0
BARRANQUILL4,104,GASIMPOR,0.0
BARRANQUILL4,105,GASIMPOR,0.0
BARRANQUILL4,106,GASIMPOR,0.0
BARRANQUILL4,107,GASIMPOR,0.0
BARRANQUILL4,108,GASIMPOR,0.0
BARRANQUILL4,109,GASIMPOR,0.0
BARRANQUILL4,110,GASIMPOR,0.0
BARRANQUILL4,111,GASIMPOR,0.0
BARRANQUILL4,112,GASIMPOR,0.0
BARRANQUILL4,113,GASIMPOR,0.0
BARRANQUILL4,114,GASIMPOR,0.0
BARRANQUILL4,115,GASIMPOR,0.0
BARRANQUILL4,116,GASIMPOR,0.0
BARRANQUILL4,117,GASIMPOR,0.0
BARRANQUILL4,118,GASIMPOR,0.0
BARRANQUILL4,119,GASIMPOR,0.0
BARRANQUILL4,120,GASIMPOR,0.0
BARRANQUILL4,121,GASIMPOR,0.0
BARRANQUILL4,122,GASIMPOR,0.0
BARRANQUILL4,123,GASIMPOR,0.0
BARRANQUILL4,124,GASIMPOR,0.0
BARRANQUILL4,125,GASIMPOR,0.0
BARRANQUILL4,126,GASIMPOR,0.0
BARRANQUILL4,127,GASIMPOR,0.0
BARRANQUILL4,128,GASIMPOR,0.0
BARRANQUILL4,129,GASIMPOR,0.0
BARRANQUILL4,130,GASIMPOR,0.0
BARRANQUILL4,131,GASIMPOR,0.0
BARRANQUILL4,132,GASIMPOR,0.0
BARRANQUILL4,133,GASIMPOR,0.0
BARRANQUILL4,134,GASIMPOR,0.0
BARRANQUILL4,135,GASIMPOR,0.0
BARRANQUILL4,136,GASIMPOR,0.0
BARRANQUILL4,137,GASIMPOR,0.0
BARRANQUILL4,138,GASIMPOR,0.0
BARRANQUILL4,139,GASIMPOR,0.0
BARRANQUILL4,140,GASIMPOR,0.0
BARRANQUILL4,141,GASIMPOR,0.0
BARRANQUILL4,142,GASIMPOR,0.0
BARRANQUILL4,143,GASIMPOR,0.0
BARRANQUILL4,144,GASIMPOR,0.0
BARRANQUILL4,145,GASIMPOR,0.0
BARRANQUILL4,146,GASIMPOR,0.0
BARRANQUILL4,147,GASIMPOR,0.0
BARRANQUILL4,148,GASIMPOR,0.0
BARRANQUILL4,149,GASIMPOR,0.0
BARRANQUILL4,150,GASIMPOR,0.0
BARRANQUILL4,151,GASIMPOR,0.0
BARRANQUILL4,152,GASIMPOR,0.0
BARRANQUILL4,153,GASIMPOR,0.0
BARRANQUILL4,154,GASIMPOR,0.0
BARRANQUILL4,155,GASIMPOR,0.0
BARRANQUILL4,156,GASIMPOR,0.0
BARRANQUILL4,157,GASIMPOR,0.0
BARRANQUILL4,158,GASIMPOR,0.0
BARRANQUILL4,159,GASIMPOR,0.0
BARRANQUILL4,160,GASIMPOR,0.0
BARRANQUILL4,161,GASIMPOR,0.0
BARRANQUILL4,162,GASIMPOR,0.0
BARRANQUILL4,163,GASIMPOR,0.0
BARRANQUILL4,164,GASIMPOR,0.0
BARRANQUILL4,165,GASIMPOR,0.0
BARRANQUILL4,166,GASIMPOR,0.0
BARRANQUILL4,167,GASIMPOR,0.0
BARRANQUILL4,168,GASIMPOR,0.0
BARRANQUILL4,169,GASIMPOR,0.0
BARRANQUILL4,170,GASIMPOR,0.0
BARRANQUILL4,171,GASIMPOR,0.0
BARRANQUILL4,172,GASIMPOR,0.0
BARRANQUILL4,173,GASIMPOR,0.0
BARRANQUILL4,174,GASIMPOR,0.0
BARRANQUILL4,175,GASIMPOR,0.0
BARRANQUILL4,176,GASIMPOR,0.0
BARRANQUILL4,177,GASIMPOR,0.0
BARRANQUILL4,178,GASIMPOR,0.0
BARRANQUILL4,179,GASIMPOR,0.0
BARRANQUILL4,180,GASIMPOR,0.0
BARRANQUILL4,181,GASIMPOR,0.0
BARRANQUILL4,182,GASIMPOR,0.0
BARRANQUILL4,183,GASIMPOR,0.0
BARRANQUILL4,184,GASIMPOR,0.0
BARRANQUILL4,185,GASIMPOR,0.0
BARRANQUILL4,186,GASIMPOR,0.0
BARRANQUILL4,187,GASIMPOR,0.0
BARRANQUILL4,188,GASIMPOR,0.0
BARRANQUILL4,189,GASIMPOR,0.0
BARRANQUILL4,190,GASIMPOR,0.0
BARRANQUILL4,191,GASIMPOR,0.0
BARRANQUILL4,192,GASIMPOR,0.0
BARRANQUILL4,193,GASIMPOR,0.0
BARRANQUILL4,194,GASIMPOR,0.0
BARRANQUILL4,195,GASIMPOR,0.0
BARRANQUILL4,196,GASIMPOR,0.0
BARRANQUILL4,197,GASIMPOR,0.0
BARRANQUILL4,198,GASIMPOR,0.0
BARRANQUILL4,199,GASIMPOR,0.0
BARRANQUILL4,200,GASIMPOR,0.0
BARRANQUILL4,201,GASIMPOR,0.0
BARRANQUILL4,202,GASIMPOR,0.0
BARRANQUILL4,203,GASIMPOR,0.0
BARRANQUILL4,204,GASIMPOR,0.0
BARRANQUILL4,205,GASIMPOR,0.0
BARRANQUILL4,206,GASIMPOR,0.0
BARRANQUILL4,207,GASIMPOR,0.0
BARRANQUILL4,208,GASIMPOR,0.0
BARRANQUILL4,209,GASIMPOR,0.0
BARRANQUILL4,210,GASIMPOR,0.0
BARRANQUILL4,211,GASIMPOR,0.0
BARRANQUILL4,212,GASIMPOR,0.0
BARRANQUILL4,213,GASIMPOR,0.0
BARRANQUILL4,214,GASIMPOR,0.0
BARRANQUILL4,215,GASIMPOR,0.0
BARRANQUILL4,216,GASIMPOR,0.0
BARRANQUILL4,217,GASIMPOR,0.0
BARRANQUILL4,218,GASIMPOR,0.0
BARRANQUILL4,219,GASIMPOR,0.0
BARRANQUILL4,220,GASIMPOR,0.0
BARRANQUILL4,221,GASIMPOR,0.0
BARRANQUILL4,222,GASIMPOR,0.0
BARRANQUILL4,223,GASIMPOR,0.0
BARRANQUILL4,224,GASIMPOR,0.0
BARRANQUILL4,225,GASIMPOR,0.0
BARRANQUILL4,226,GASIMPOR,0.0
BARRANQUILL4,227,GASIMPOR,0.0
BARRANQUILL4,228,GASIMPOR,0.0
BARRANQUILL4,229,GASIMPOR,0.0
BARRANQUILL4,230,GASIMPOR,0.0
BARRANQUILL4,231,GASIMPOR,0.0
BARRANQUILL4,232,GASIMPOR,0.0
BARRANQUILL4,233,GASIMPOR,0.0
BARRANQUILL4,234,GASIMPOR,0.0
BARRANQUILL4,235,GASIMPOR,0.0
BARRANQUILL4,236,GASIMPOR,0.0
BARRANQUILL4,237,GASIMPOR,0.0
BARRANQUILL4,238,GASIMPOR,0.0
BARRANQUILL4,239,GASIMPOR,0.0
BARRANQUILL4,240,GASIMPOR,0.0
BARRANQUILL4,241,GASIMPOR,0.0
BARRANQUILL4,242,GASIMPOR,0.0
BARRANQUILL4,243,GASIMPOR,0.0
BARRANQUILL4,244,GASIMPOR,0.0
BARRANQUILL4,245,GASIMPOR,0.0
BARRANQUILL4,246,GASIMPOR,0.0
BARRANQUILL4,247,GASIMPOR,0.0
BARRANQUILL4,248,GASIMPOR,0.0
BARRANQUILL4,249,GASIMPOR,0.0
BARRANQUILL4,250,GASIMPOR,0.0
BARRANQUILL4,251,GASIMPOR,0.0
BARRANQUILL4,252,GASIMPOR,0.0
BARRANQUILL4,253,GASIMPOR,0.0
BARRANQUILL4,254,GASIMPOR,0.0
BARRANQUILL4,255,GASIMPOR,0.0
BARRANQUILL4,256,GASIMPOR,0.0
BARRANQUILL4,257,GASIMPOR,0.0
BARRANQUILL4,258,GASIMPOR,0.0
BARRANQUILL4,259,GASIMPOR,0.0
BARRANQUILL4,260,GASIMPOR,0.0
BARRANQUILL4,261,GASIMPOR,0.0
BARRANQUILL4,262,GASIMPOR,0.0
BARRANQUILL4,263,GASIMPOR,0.0
BARRANQUILL4,264,GASIMPOR,0.0
BARRANQUILL4,265,GASIMPOR,0.0
BARRANQUILL4,266,GASIMPOR,0.0
BARRANQUILL4,267,GASIMPOR,0.0
BARRANQUILL4,268,GASIMPOR,0.0
BARRANQUILL4,269,GASIMPOR,0.0
BARRANQUILL4,270,GASIMPOR,0.0
BARRANQUILL4,271,GASIMPOR,0.0
BARRANQUILL4,272,GASIMPOR,0.0
BARRANQUILL4,273,GASIMPOR,0.0
BARRANQUILL4,274,GASIMPOR,0.0
BARRANQUILL4,275,GASIMPOR,0.0
BARRANQUILL4,276,GASIMPOR,0.0
BARRANQUILL4,277,GASIMPOR,0.0
BARRANQUILL4,278,GASIMPOR,0.0
BARRANQUILL4,279,GASIMPOR,0.0
BARRANQUILL4,280,GASIMPOR,0.0
BARRANQUILL4,281,GASIMPOR,0.0
BARRANQUILL4,282,GASIMPOR,0.0
BARRANQUILL4,283,GASIMPOR,0.0
BARRANQUILL4,284,GASIMPOR,0.0
BARRANQUILL4,285,GASIMPOR,0.0
BARRANQUILL4,286,GASIMPOR,0.0
BARRANQUILL4,287,GASIMPOR,0.0
BARRANQUILL4,288,GASIMPOR,0.0
BARRANQUILL4,289,GASIMPOR,0.0
BARRANQUILL4,290,GASIMPOR,0.0
BARRANQUILL4,291,GASIMPOR,0.0
BARRANQUILL4,292,GASIMPOR,0.0
BARRANQUILL4,293,GASIMPOR,0.0
BARRANQUILL4,294,GASIMPOR,0.0
BARRANQUILL4,295,GASIMPOR,0.0
BARRANQUILL4,296,GASIMPOR,0.0
BARRANQUILL4,297,GASIMPOR,0.0
BARRANQUILL4,298,GASIMPOR,0.0
BARRANQUILL4,299,GASIMPOR,0.0
BARRANQUILL4,300,GASIMPOR,0.0
BARRANQUILL4,301,GASIMPOR,0.0
BARRANQUILL4,302,GASIMPOR,0.0
BARRANQUILL4,303,GASIMPOR,0.0
BARRANQUILL4,304,GASIMPOR,0.0
BARRANQUILL4,305,GASIMPOR,0.0
BARRANQUILL4,306,GASIMPOR,0.0
BARRANQUILL4,307,GASIMPOR,0.0
BARRANQUILL4,308,GASIMPOR,0.0
BARRANQUILL4,309,GASIMPOR,0.0
BARRANQUILL4,310,GASIMPOR,0.0
BARRANQUILL4,311,GASIMPOR,0.0
BARRANQUILL4,312,GASIMPOR,0.0
BARRANQUILL4,313,GASIMPOR,0.0
BARRANQUILL4,314,GASIMPOR,0.0
BARRANQUILL4,315,GASIMPOR,0.0
BARRANQUILL4,316,GASIMPOR,0.0
BARRANQUILL4,317,GASIMPOR,0.0
BARRANQUILL4,318,GASIMPOR,0.0
BARRANQUILL4,319,GASIMPOR,0.0
BARRANQUILL4,320,GASIMPOR,0.0
BARRANQUILL4,321,GASIMPOR,0.0
BARRANQUILL4,322,GASIMPOR,0.0
BARRANQUILL4,323,GASIMPOR,0.0
BARRANQUILL4,324,GASIMPOR,0.0
BARRANQUILL4,325,GASIMPOR,0.0
BARRANQUILL4,326,GASIMPOR,0.0
BARRANQUILL4,327,GASIMPOR,0.0
BARRANQUILL4,328,GASIMPOR,0.0
BARRANQUILL4,329,GASIMPOR,0.0
BARRANQUILL4,330,GASIMPOR,0.0
BARRANQUILL4,331,GASIMPOR,0.0
BARRANQUILL4,332,GASIMPOR,0.0
BARRANQUILL4,333,GASIMPOR,0.0
BARRANQUILL4,334,GASIMPOR,0.0
BARRANQUILL4,335,GASIMPOR,0.0
BARRANQUILL4,336,GASIMPOR,0.0
BARRANQUILL4,337,GASIMPOR,0.0
BARRANQUILL4,338,GASIMPOR,0.0
BARRANQUILL4,339,GASIMPOR,0.0
BARRANQUILL4,340,GASIMPOR,0.0
BARRANQUILL4,341,GASIMPOR,0.0
BARRANQUILL4,342,GASIMPOR,0.0
BARRANQUILL4,343,GASIMPOR,0.0
BARRANQUILL4,344,GASIMPOR,0.0
BARRANQUILL4,345,GASIMPOR,0.0
BARRANQUILL4,346,GASIMPOR,0.0
BARRANQUILL4,347,GASIMPOR,0.0
BARRANQUILL4,348,GASIMPOR,0.0
BARRANQUILL4,349,GASIMPOR,0.0
BARRANQUILL4,350,GASIMPOR,0.0
BARRANQUILL4,351,GASIMPOR,0.0
BARRANQUILL4,352,GASIMPOR,0.0
BARRANQUILL4,353,GASIMPOR,0.0
BARRANQUILL4,354,GASIMPOR,0.0
BARRANQUILL4,355,GASIMPOR,0.0
BARRANQUILL4,356,GASIMPOR,0.0
BARRANQUILL4,357,GASIMPOR,0.0
BARRANQUILL4,358,GASIMPOR,0.0
BARRANQUILL4,359,GASIMPOR,0.0
BARRANQUILL4,360,GASIMPOR,0.0
BARRANQUILL4,361,GASIMPOR,0.0
BARRANQUILL4,362,GASIMPOR,0.0
BARRANQUILL4,363,GASIMPOR,0.0
BARRANQUILL4,364,GASIMPOR,0.0
BARRANQUILL4,365,GASIMPOR,0.0
BARRANQUILL4,366,GASIMPOR,0.0
BARRANQUILL4,367,GASIMPOR,0.0
BARRANQUILL4,368,GASIMPOR,0.0
BARRANQUILL4,369,GASIMPOR,0.0
BARRANQUILL4,370,GASIMPOR,0.0
BARRANQUILL4,371,GASIMPOR,0.0
BARRANQUILL4,372,GASIMPOR,0.0
BARRANQUILL4,373,GASIMPOR,0.0
BARRANQUILL4,374,GASIMPOR,0.0
BARRANQUILL4,375,GASIMPOR,0.0
BARRANQUILL4,376,GASIMPOR,0.0
BARRANQUILL4,377,GASIMPOR,0.0
BARRANQUILL4,378,GASIMPOR,0.0
BARRANQUILL4,379,GASIMPOR,0.0
BARRANQUILL4,380,GASIMPOR,0.0
BARRANQUILL4,381,GASIMPOR,0.0
BARRANQUILL4,382,GASIMPOR,0.0
BARRANQUILL4,383,GASIMPOR,0.0
BARRANQUILL4,384,GASIMPOR,0.0
CANDELARIA,1,GASIMPOR,0.0
CANDELARIA,2,GASIMPOR,0.0
CANDELARIA,3,GASIMPOR,0.0
CANDELARIA,4,GASIMPOR,0.0
CANDELARIA,5,GASIMPOR,0.0
CANDELARIA,6,GASIMPOR,0.0
CANDELARIA,7,GASIMPOR,0.0
CANDELARIA,8,GASIMPOR,0.0
CANDELARIA,9,GASIMPOR,0.0
CANDELARIA,10,GASIMPOR,0.0
CANDELARIA,11,GASIMPOR,0.0
CANDELARIA,12,GASIMPOR,0.0
CANDELARIA,13,GASIMPOR,0.0
CANDELARIA,14,GASIMPOR,0.0
CANDELARIA,15,GASIMPOR,0.0
CANDELARIA,16,GASIMPOR,0.0
CANDELARIA,17,GASIMPOR,0.0
CANDELARIA,18,GASIMPOR,0.0
CANDELARIA,19,GASIMPOR,0.0
CANDELARIA,20,GASIMPOR,0.0
CANDELARIA,21,GASIMPOR,0.0
CANDELARIA,22,GASIMPOR,0.0
CANDELARIA,23,GASIMPOR,0.0
CANDELARIA,24,GASIMPOR,0.0
CANDELARIA,25,GASIMPOR,0.0
CANDELARIA,26,GASIMPOR,0.0
CANDELARIA,27,GASIMPOR,0.0
CANDELARIA,28,GASIMPOR,0.0
CANDELARIA,29,GASIMPOR,0.0
CANDELARIA,30,GASIMPOR,0.0
CANDELARIA,31,GASIMPOR,0.0
CANDELARIA,32,GASIMPOR,0.0
CANDELARIA,33,GASIMPOR,0.0
CANDELARIA,34,GASIMPOR,0.0
CANDELARIA,35,GASIMPOR,0.0
CANDELARIA,36,GASIMPOR,0.0
CANDELARIA,37,GASIMPOR,0.0
CANDELARIA,38,GASIMPOR,0.0
CANDELARIA,39,GASIMPOR,0.0
CANDELARIA,40,GASIMPOR,0.0
CANDELARIA,41,GASIMPOR,0.0
CANDELARIA,42,GASIMPOR,0.0
CANDELARIA,43,GASIMPOR,0.0
CANDELARIA,44,GASIMPOR,0.0
CANDELARIA,45,GASIMPOR,0.0
CANDELARIA,46,GASIMPOR,0.0
CANDELARIA,47,GASIMPOR,0.0
CANDELARIA,48,GASIMPOR,0.0
CANDELARIA,49,GASIMPOR,0.0
CANDELARIA,50,GASIMPOR,0.0
CANDELARIA,51,GASIMPOR,0.0
CANDELARIA,52,GASIMPOR,0.0
CANDELARIA,53,GASIMPOR,0.0
CANDELARIA,54,GASIMPOR,0.0
CANDELARIA,55,GASIMPOR,0.0
CANDELARIA,56,GASIMPOR,0.0
CANDELARIA,57,GASIMPOR,0.0
CANDELARIA,58,GASIMPOR,0.0
CANDELARIA,59,GASIMPOR,0.0
CANDELARIA,60,GASIMPOR,0.0
CANDELARIA,61,GASIMPOR,0.0
CANDELARIA,62,GASIMPOR,0.0
CANDELARIA,63,GASIMPOR,0.0
CANDELARIA,64,GASIMPOR,0.0
CANDELARIA,65,GASIMPOR,0.0
CANDELARIA,66,GASIMPOR,0.0
CANDELARIA,67,GASIMPOR,0.0
CANDELARIA,68,GASIMPOR,0.0
CANDELARIA,69,GASIMPOR,0.0
CANDELARIA,70,GASIMPOR,0.0
CANDELARIA,71,GASIMPOR,0.0
CANDELARIA,72,GASIMPOR,0.0
CANDELARIA,73,GASIMPOR,0.0
CANDELARIA,74,GASIMPOR,0.0
CANDELARIA,75,GASIMPOR,0.0
CANDELARIA,76,GASIMPOR,0.0
CANDELARIA,77,GASIMPOR,0.0
CANDELARIA,78,GASIMPOR,0.0
CANDELARIA,79,GASIMPOR,0.0
CANDELARIA,80,GASIMPOR,0.0
CANDELARIA,81,GASIMPOR,0.0
CANDELARIA,82,GASIMPOR,0.0
CANDELARIA,83,GASIMPOR,0.0
CANDELARIA,84,GASIMPOR,0.0
CANDELARIA,85,GASIMPOR,0.0
CANDELARIA,86,GASIMPOR,0.0
CANDELARIA,87,GASIMPOR,0.0
CANDELARIA,88,GASIMPOR,0.0
CANDELARIA,89,GASIMPOR,0.0
CANDELARIA,90,GASIMPOR,0.0
CANDELARIA,91,GASIMPOR,0.0
CANDELARIA,92,GASIMPOR,0.0
CANDELARIA,93,GASIMPOR,0.0
CANDELARIA,94,GASIMPOR,0.0
CANDELARIA,95,GASIMPOR,0.0
CANDELARIA,96,GASIMPOR,0.0
CANDELARIA,97,GASIMPOR,0.0
CANDELARIA,98,GASIMPOR,0.0
CANDELARIA,99,GASIMPOR,0.0
CANDELARIA,100,GASIMPOR,0.0
CANDELARIA,101,GASIMPOR,0.0
CANDELARIA,102,GASIMPOR,0.0
CANDELARIA,103,GASIMPOR,0.0
CANDELARIA,104,GASIMPOR,0.0
CANDELARIA,105,GASIMPOR,0.0
CANDELARIA,106,GASIMPOR,0.0
CANDELARIA,107,GASIMPOR,0.0
CANDELARIA,108,GASIMPOR,0.0
CANDELARIA,109,GASIMPOR,0.0
CANDELARIA,110,GASIMPOR,0.0
CANDELARIA,111,GASIMPOR,0.0
CANDELARIA,112,GASIMPOR,0.0
CANDELARIA,113,GASIMPOR,0.0
CANDELARIA,114,GASIMPOR,0.0
CANDELARIA,115,GASIMPOR,0.0
CANDELARIA,116,GASIMPOR,0.0
CANDELARIA,117,GASIMPOR,0.0
CANDELARIA,118,GASIMPOR,0.0
CANDELARIA,119,GASIMPOR,0.0
CANDELARIA,120,GASIMPOR,0.0
CANDELARIA,121,GASIMPOR,0.0
CANDELARIA,122,GASIMPOR,0.0
CANDELARIA,123,GASIMPOR,0.0
CANDELARIA,124,GASIMPOR,0.0
CANDELARIA,125,GASIMPOR,0.0
CANDELARIA,126,GASIMPOR,0.0
CANDELARIA,127,GASIMPOR,0.0
CANDELARIA,128,GASIMPOR,0.0
CANDELARIA,129,GASIMPOR,0.0
CANDELARIA,130,GASIMPOR,0.0
CANDELARIA,131,GASIMPOR,0.0
CANDELARIA,132,GASIMPOR,0.0
CANDELARIA,133,GASIMPOR,0.0
CANDELARIA,134,GASIMPOR,0.0
CANDELARIA,135,GASIMPOR,0.0
CANDELARIA,136,GASIMPOR,0.0
CANDELARIA,137,GASIMPOR,0.0
CANDELARIA,138,GASIMPOR,0.0
CANDELARIA,139,GASIMPOR,0.0
CANDELARIA,140,GASIMPOR,0.0
CANDELARIA,141,GASIMPOR,0.0
CANDELARIA,142,GASIMPOR,0.0
CANDELARIA,143,GASIMPOR,0.0
CANDELARIA,144,GASIMPOR,0.0
CANDELARIA,145,GASIMPOR,0.0
CANDELARIA,146,GASIMPOR,0.0
CANDELARIA,147,GASIMPOR,0.0
CANDELARIA,148,GASIMPOR,0.0
CANDELARIA,149,GASIMPOR,0.0
CANDELARIA,150,GASIMPOR,0.0
CANDELARIA,151,GASIMPOR,0.0
CANDELARIA,152,GASIMPOR,0.0
CANDELARIA,153,GASIMPOR,0.0
CANDELARIA,154,GASIMPOR,0.0
CANDELARIA,155,GASIMPOR,0.0
CANDELARIA,156,GASIMPOR,0.0
CANDELARIA,157,GASIMPOR,0.0
CANDELARIA,158,GASIMPOR,0.0
CANDELARIA,159,GASIMPOR,0.0
CANDELARIA,160,GASIMPOR,0.0
CANDELARIA,161,GASIMPOR,0.0
CANDELARIA,162,GASIMPOR,0.0
CANDELARIA,163,GASIMPOR,0.0
CANDELARIA,164,GASIMPOR,0.0
CANDELARIA,165,GASIMPOR,0.0
CANDELARIA,166,GASIMPOR,0.0
CANDELARIA,167,GASIMPOR,0.0
CANDELARIA,168,GASIMPOR,0.0
CANDELARIA,169,GASIMPOR,0.0
CANDELARIA,170,GASIMPOR,0.0
CANDELARIA,171,GASIMPOR,0.0
CANDELARIA,172,GASIMPOR,0.0
CANDELARIA,173,GASIMPOR,0.0
CANDELARIA,174,GASIMPOR,0.0
CANDELARIA,175,GASIMPOR,0.0
CANDELARIA,176,GASIMPOR,0.0
CANDELARIA,177,GASIMPOR,0.0
CANDELARIA,178,GASIMPOR,0.0
CANDELARIA,179,GASIMPOR,0.0
CANDELARIA,180,GASIMPOR,0.0
CANDELARIA,181,GASIMPOR,0.0
CANDELARIA,182,GASIMPOR,0.0
CANDELARIA,183,GASIMPOR,0.0
CANDELARIA,184,GASIMPOR,0.0
CANDELARIA,185,GASIMPOR,0.0
CANDELARIA,186,GASIMPOR,0.0
CANDELARIA,187,GASIMPOR,0.0
CANDELARIA,188,GASIMPOR,0.0
CANDELARIA,189,GASIMPOR,0.0
CANDELARIA,190,GASIMPOR,0.0
CANDELARIA,191,GASIMPOR,0.0
CANDELARIA,192,GASIMPOR,0.0
CANDELARIA,193,GASIMPOR,0.0
CANDELARIA,194,GASIMPOR,0.0
CANDELARIA,195,GASIMPOR,0.0
CANDELARIA,196,GASIMPOR,0.0
CANDELARIA,197,GASIMPOR,0.0
CANDELARIA,198,GASIMPOR,0.0
CANDELARIA,199,GASIMPOR,0.0
CANDELARIA,200,GASIMPOR,0.0
CANDELARIA,201,GASIMPOR,0.0
CANDELARIA,202,GASIMPOR,0.0
CANDELARIA,203,GASIMPOR,0.0
CANDELARIA,204,GASIMPOR,0.0
CANDELARIA,205,GASIMPOR,0.0
CANDELARIA,206,GASIMPOR,0.0
CANDELARIA,207,GASIMPOR,0.0
CANDELARIA,208,GASIMPOR,0.0
CANDELARIA,209,GASIMPOR,0.0
CANDELARIA,210,GASIMPOR,0.0
CANDELARIA,211,GASIMPOR,0.0
CANDELARIA,212,GASIMPOR,0.0
CANDELARIA,213,GASIMPOR,0.0
CANDELARIA,214,GASIMPOR,0.0
CANDELARIA,215,GASIMPOR,0.0
CANDELARIA,216,GASIMPOR,0.0
CANDELARIA,217,GASIMPOR,0.0
CANDELARIA,218,GASIMPOR,0.0
CANDELARIA,219,GASIMPOR,0.0
CANDELARIA,220,GASIMPOR,0.0
CANDELARIA,221,GASIMPOR,0.0
CANDELARIA,222,GASIMPOR,0.0
CANDELARIA,223,GASIMPOR,0.0
CANDELARIA,224,GASIMPOR,0.0
CANDELARIA,225,GASIMPOR,0.0
CANDELARIA,226,GASIMPOR,0.0
CANDELARIA,227,GASIMPOR,0.0
CANDELARIA,228,GASIMPOR,0.0
CANDELARIA,229,GASIMPOR,0.0
CANDELARIA,230,GASIMPOR,0.0
CANDELARIA,231,GASIMPOR,0.0
CANDELARIA,232,GASIMPOR,0.0
CANDELARIA,233,GASIMPOR,0.0
CANDELARIA,234,GASIMPOR,0.0
CANDELARIA,235,GASIMPOR,0.0
CANDELARIA,236,GASIMPOR,0.0
CANDELARIA,237,GASIMPOR,0.0
CANDELARIA,238,GASIMPOR,0.0
CANDELARIA,239,GASIMPOR,0.0
CANDELARIA,240,GASIMPOR,0.0
CANDELARIA,241,GASIMPOR,0.0
CANDELARIA,242,GASIMPOR,0.0
CANDELARIA,243,GASIMPOR,0.0
CANDELARIA,244,GASIMPOR,0.0
CANDELARIA,245,GASIMPOR,0.0
CANDELARIA,246,GASIMPOR,0.0
CANDELARIA,247,GASIMPOR,0.0
CANDELARIA,248,GASIMPOR,0.0
CANDELARIA,249,GASIMPOR,0.0
CANDELARIA,250,GASIMPOR,0.0
CANDELARIA,251,GASIMPOR,0.0
CANDELARIA,252,GASIMPOR,0.0
CANDELARIA,253,GASIMPOR,0.0
CANDELARIA,254,GASIMPOR,0.0
CANDELARIA,255,GASIMPOR,0.0
CANDELARIA,256,GASIMPOR,0.0
CANDELARIA,257,GASIMPOR,0.0
CANDELARIA,258,GASIMPOR,0.0
CANDELARIA,259,GASIMPOR,0.0
CANDELARIA,260,GASIMPOR,0.0
CANDELARIA,261,GASIMPOR,0.0
CANDELARIA,262,GASIMPOR,0.0
CANDELARIA,263,GASIMPOR,0.0
CANDELARIA,264,GASIMPOR,0.0
CANDELARIA,265,GASIMPOR,0.0
CANDELARIA,266,GASIMPOR,0.0
CANDELARIA,267,GASIMPOR,0.0
CANDELARIA,268,GASIMPOR,0.0
CANDELARIA,269,GASIMPOR,0.0
CANDELARIA,270,GASIMPOR,0.0
CANDELARIA,271,GASIMPOR,0.0
CANDELARIA,272,GASIMPOR,0.0
CANDELARIA,273,GASIMPOR,0.0
CANDELARIA,274,GASIMPOR,0.0
CANDELARIA,275,GASIMPOR,0.0
CANDELARIA,276,GASIMPOR,0.0
CANDELARIA,277,GASIMPOR,0.0
CANDELARIA,278,GASIMPOR,0.0
CANDELARIA,279,GASIMPOR,0.0
CANDELARIA,280,GASIMPOR,0.0
CANDELARIA,281,GASIMPOR,0.0
CANDELARIA,282,GASIMPOR,0.0
CANDELARIA,283,GASIMPOR,0.0
CANDELARIA,284,GASIMPOR,0.0
CANDELARIA,285,GASIMPOR,0.0
CANDELARIA,286,GASIMPOR,0.0
CANDELARIA,287,GASIMPOR,0.0
CANDELARIA,288,GASIMPOR,0.0
CANDELARIA,289,GASIMPOR,0.0
CANDELARIA,290,GASIMPOR,0.0
CANDELARIA,291,GASIMPOR,0.0
CANDELARIA,292,GASIMPOR,0.0
CANDELARIA,293,GASIMPOR,0.0
CANDELARIA,294,GASIMPOR,0.0
CANDELARIA,295,GASIMPOR,0.0
CANDELARIA,296,GASIMPOR,0.0
CANDELARIA,297,GASIMPOR,0.0
CANDELARIA,298,GASIMPOR,0.0
CANDELARIA,299,GASIMPOR,0.0
CANDELARIA,300,GASIMPOR,0.0
CANDELARIA,301,GASIMPOR,0.0
CANDELARIA,302,GASIMPOR,0.0
CANDELARIA,303,GASIMPOR,0.0
CANDELARIA,304,GASIMPOR,0.0
CANDELARIA,305,GASIMPOR,0.0
CANDELARIA,306,GASIMPOR,0.0
CANDELARIA,307,GASIMPOR,0.0
CANDELARIA,308,GASIMPOR,0.0
CANDELARIA,309,GASIMPOR,0.0
CANDELARIA,310,GASIMPOR,0.0
CANDELARIA,311,GASIMPOR,0.0
CANDELARIA,312,GASIMPOR,0.0
CANDELARIA,313,GASIMPOR,0.0
CANDELARIA,314,GASIMPOR,0.0
CANDELARIA,315,GASIMPOR,0.0
CANDELARIA,316,GASIMPOR,0.0
CANDELARIA,317,GASIMPOR,0.0
CANDELARIA,318,GASIMPOR,0.0
CANDELARIA,319,GASIMPOR,0.0
CANDELARIA,320,GASIMPOR,0.0
CANDELARIA,321,GASIMPOR,0.0
CANDELARIA,322,GASIMPOR,0.0
CANDELARIA,323,GASIMPOR,0.0
CANDELARIA,324,GASIMPOR,0.0
CANDELARIA,325,GASIMPOR,0.0
CANDELARIA,326,GASIMPOR,0.0
CANDELARIA,327,GASIMPOR,0.0
CANDELARIA,328,GASIMPOR,0.0
CANDELARIA,329,GASIMPOR,0.0
CANDELARIA,330,GASIMPOR,0.0
CANDELARIA,331,GASIMPOR,0.0
CANDELARIA,332,GASIMPOR,0.0
CANDELARIA,333,GASIMPOR,0.0
CANDELARIA,334,GASIMPOR,0.0
CANDELARIA,335,GASIMPOR,0.0
CANDELARIA,336,GASIMPOR,0.0
CANDELARIA,337,GASIMPOR,0.0
CANDELARIA,338,GASIMPOR,0.0
CANDELARIA,339,GASIMPOR,0.0
CANDELARIA,340,GASIMPOR,0.0
CANDELARIA,341,GASIMPOR,0.0
CANDELARIA,342,GASIMPOR,0.0
CANDELARIA,343,GASIMPOR,0.0
CANDELARIA,344,GASIMPOR,0.0
CANDELARIA,345,GASIMPOR,0.0
CANDELARIA,346,GASIMPOR,0.0
CANDELARIA,347,GASIMPOR,0.0
CANDELARIA,348,GASIMPOR,0.0
CANDELARIA,349,GASIMPOR,0.0
CANDELARIA,350,GASIMPOR,0.0
CANDELARIA,351,GASIMPOR,0.0
CANDELARIA,352,GASIMPOR,0.0
CANDELARIA,353,GASIMPOR,0.0
CANDELARIA,354,GASIMPOR,0.0
CANDELARIA,355,GASIMPOR,0.0
CANDELARIA,356,GASIMPOR,0.0
CANDELARIA,357,GASIMPOR,0.0
CANDELARIA,358,GASIMPOR,0.0
CANDELARIA,359,GASIMPOR,0.0
CANDELARIA,360,GASIMPOR,0.0
CANDELARIA,361,GASIMPOR,0.0
CANDELARIA,362,GASIMPOR,0.0
CANDELARIA,363,GASIMPOR,0.0
CANDELARIA,364,GASIMPOR,0.0
CANDELARIA,365,GASIMPOR,0.0
CANDELARIA,366,GASIMPOR,0.0
CANDELARIA,367,GASIMPOR,0.0
CANDELARIA,368,GASIMPOR,0.0
CANDELARIA,369,GASIMPOR,0.0
CANDELARIA,370,GASIMPOR,0.0
CANDELARIA,371,GASIMPOR,0.0
CANDELARIA,372,GASIMPOR,0.0
CANDELARIA,373,GASIMPOR,0.0
CANDELARIA,374,GASIMPOR,0.0
CANDELARIA,375,GASIMPOR,0.0
CANDELARIA,376,GASIMPOR,0.0
CANDELARIA,377,GASIMPOR,0.0
CANDELARIA,378,GASIMPOR,0.0
CANDELARIA,379,GASIMPOR,0.0
CANDELARIA,380,GASIMPOR,0.0
CANDELARIA,381,GASIMPOR,0.0
CANDELARIA,382,GASIMPOR,0.0
CANDELARIA,383,GASIMPOR,0.0
CANDELARIA,384,GASIMPOR,0.0
CARTAGENA1,1,COMBUSTOLEO,0.0
CARTAGENA1,2,COMBUSTOLEO,0.0
CARTAGENA1,3,COMBUSTOLEO,0.0
CARTAGENA1,4,COMBUSTOLEO,0.0
CARTAGENA1,5,COMBUSTOLEO,0.0
CARTAGENA1,6,COMBUSTOLEO,0.0
CARTAGENA1,7,COMBUSTOLEO,0.0
CARTAGENA1,8,COMBUSTOLEO,0.0
CARTAGENA1,9,COMBUSTOLEO,0.0
CARTAGENA1,10,COMBUSTOLEO,0.0
CARTAGENA1,11,COMBUSTOLEO,0.0
CARTAGENA1,12,COMBUSTOLEO,0.0
CARTAGENA1,13,COMBUSTOLEO,0.0
CARTAGENA1,14,COMBUSTOLEO,0.0
CARTAGENA1,15,COMBUSTOLEO,0.0
CARTAGENA1,16,COMBUSTOLEO,0.0
CARTAGENA1,17,COMBUSTOLEO,0.0
CARTAGENA1,18,COMBUSTOLEO,0.0
CARTAGENA1,19,COMBUSTOLEO,0.0
CARTAGENA1,20,COMBUSTOLEO,0.0
CARTAGENA1,21,COMBUSTOLEO,0.0
CARTAGENA1,22,COMBUSTOLEO,0.0
CARTAGENA1,23,COMBUSTOLEO,0.0
CARTAGENA1,24,COMBUSTOLEO,0.0
CARTAGENA1,25,COMBUSTOLEO,0.0
CARTAGENA1,26,COMBUSTOLEO,0.0
CARTAGENA1,27,COMBUSTOLEO,0.0
CARTAGENA1,28,COMBUSTOLEO,0.0
CARTAGENA1,29,COMBUSTOLEO,0.0
CARTAGENA1,30,COMBUSTOLEO,0.0
CARTAGENA1,31,COMBUSTOLEO,0.0
CARTAGENA1,32,COMBUSTOLEO,0.0
CARTAGENA1,33,COMBUSTOLEO,0.0
CARTAGENA1,34,COMBUSTOLEO,0.0
CARTAGENA1,35,COMBUSTOLEO,0.0
CARTAGENA1,36,COMBUSTOLEO,0.0
CARTAGENA1,37,COMBUSTOLEO,0.0
CARTAGENA1,38,COMBUSTOLEO,0.0
CARTAGENA1,39,COMBUSTOLEO,0.0
CARTAGENA1,40,COMBUSTOLEO,0.0
CARTAGENA1,41,COMBUSTOLEO,0.0
CARTAGENA1,42,COMBUSTOLEO,0.0
CARTAGENA1,43,COMBUSTOLEO,0.0
CARTAGENA1,44,COMBUSTOLEO,0.0
CARTAGENA1,45,COMBUSTOLEO,0.0
CARTAGENA1,46,COMBUSTOLEO,0.0
CARTAGENA1,47,COMBUSTOLEO,0.0
CARTAGENA1,48,COMBUSTOLEO,0.0
CARTAGENA1,49,COMBUSTOLEO,0.0
CARTAGENA1,50,COMBUSTOLEO,0.0
CARTAGENA1,51,COMBUSTOLEO,0.0
CARTAGENA1,52,COMBUSTOLEO,0.0
CARTAGENA1,53,COMBUSTOLEO,0.0
CARTAGENA1,54,COMBUSTOLEO,0.0
CARTAGENA1,55,COMBUSTOLEO,0.0
CARTAGENA1,56,COMBUSTOLEO,0.0
CARTAGENA1,57,COMBUSTOLEO,0.0
CARTAGENA1,58,COMBUSTOLEO,0.0
CARTAGENA1,59,COMBUSTOLEO,0.0
CARTAGENA1,60,COMBUSTOLEO,0.0
CARTAGENA1,61,COMBUSTOLEO,0.0
CARTAGENA1,62,COMBUSTOLEO,0.0
CARTAGENA1,63,COMBUSTOLEO,0.0
CARTAGENA1,64,COMBUSTOLEO,0.0
CARTAGENA1,65,COMBUSTOLEO,0.0
CARTAGENA1,66,COMBUSTOLEO,0.0
CARTAGENA1,67,COMBUSTOLEO,0.0
CARTAGENA1,68,COMBUSTOLEO,0.0
CARTAGENA1,69,COMBUSTOLEO,0.0
CARTAGENA1,70,COMBUSTOLEO,0.0
CARTAGENA1,71,COMBUSTOLEO,0.0
CARTAGENA1,72,COMBUSTOLEO,0.0
CARTAGENA1,73,COMBUSTOLEO,0.0
CARTAGENA1,74,COMBUSTOLEO,0.0
CARTAGENA1,75,COMBUSTOLEO,0.0
CARTAGENA1,76,COMBUSTOLEO,0.0
CARTAGENA1,77,COMBUSTOLEO,0.0
CARTAGENA1,78,COMBUSTOLEO,0.0
CARTAGENA1,79,COMBUSTOLEO,0.0
CARTAGENA1,80,COMBUSTOLEO,0.0
CARTAGENA1,81,COMBUSTOLEO,0.0
CARTAGENA1,82,COMBUSTOLEO,0.0
CARTAGENA1,83,COMBUSTOLEO,0.0
CARTAGENA1,84,COMBUSTOLEO,0.0
CARTAGENA1,85,COMBUSTOLEO,0.0
CARTAGENA1,86,COMBUSTOLEO,0.0
CARTAGENA1,87,COMBUSTOLEO,0.0
CARTAGENA1,88,COMBUSTOLEO,0.0
CARTAGENA1,89,COMBUSTOLEO,0.0
CARTAGENA1,90,COMBUSTOLEO,0.0
CARTAGENA1,91,COMBUSTOLEO,0.0
CARTAGENA1,92,COMBUSTOLEO,0.0
CARTAGENA1,93,COMBUSTOLEO,0.0
CARTAGENA1,94,COMBUSTOLEO,0.0
CARTAGENA1,95,COMBUSTOLEO,0.0
CARTAGENA1,96,COMBUSTOLEO,0.0
CARTAGENA1,97,COMBUSTOLEO,0.0
CARTAGENA1,98,COMBUSTOLEO,0.0
CARTAGENA1,99,COMBUSTOLEO,0.0
CARTAGENA1,100,COMBUSTOLEO,0.0
CARTAGENA1,101,COMBUSTOLEO,0.0
CARTAGENA1,102,COMBUSTOLEO,0.0
CARTAGENA1,103,COMBUSTOLEO,0.0
CARTAGENA1,104,COMBUSTOLEO,0.0
CARTAGENA1,105,COMBUSTOLEO,0.0
CARTAGENA1,106,COMBUSTOLEO,0.0
CARTAGENA1,107,COMBUSTOLEO,0.0
CARTAGENA1,108,COMBUSTOLEO,0.0
CARTAGENA1,109,COMBUSTOLEO,0.0
CARTAGENA1,110,COMBUSTOLEO,0.0
CARTAGENA1,111,COMBUSTOLEO,0.0
CARTAGENA1,112,COMBUSTOLEO,0.0
CARTAGENA1,113,COMBUSTOLEO,0.0
CARTAGENA1,114,COMBUSTOLEO,0.0
CARTAGENA1,115,COMBUSTOLEO,0.0
CARTAGENA1,116,COMBUSTOLEO,0.0
CARTAGENA1,117,COMBUSTOLEO,0.0
CARTAGENA1,118,COMBUSTOLEO,0.0
CARTAGENA1,119,COMBUSTOLEO,0.0
CARTAGENA1,120,COMBUSTOLEO,0.0
CARTAGENA1,121,COMBUSTOLEO,0.0
CARTAGENA1,122,COMBUSTOLEO,0.0
CARTAGENA1,123,COMBUSTOLEO,0.0
CARTAGENA1,124,COMBUSTOLEO,0.0
CARTAGENA1,125,COMBUSTOLEO,0.0
CARTAGENA1,126,COMBUSTOLEO,0.0
CARTAGENA1,127,COMBUSTOLEO,0.0
CARTAGENA1,128,COMBUSTOLEO,0.0
CARTAGENA1,129,COMBUSTOLEO,0.0
CARTAGENA1,130,COMBUSTOLEO,0.0
CARTAGENA1,131,COMBUSTOLEO,0.0
CARTAGENA1,132,COMBUSTOLEO,0.0
CARTAGENA1,133,COMBUSTOLEO,0.0
CARTAGENA1,134,COMBUSTOLEO,0.0
CARTAGENA1,135,COMBUSTOLEO,0.0
CARTAGENA1,136,COMBUSTOLEO,0.0
CARTAGENA1,137,COMBUSTOLEO,0.0
CARTAGENA1,138,COMBUSTOLEO,0.0
CARTAGENA1,139,COMBUSTOLEO,0.0
CARTAGENA1,140,COMBUSTOLEO,0.0
CARTAGENA1,141,COMBUSTOLEO,0.0
CARTAGENA1,142,COMBUSTOLEO,0.0
CARTAGENA1,143,COMBUSTOLEO,0.0
CARTAGENA1,144,COMBUSTOLEO,0.0
CARTAGENA1,145,COMBUSTOLEO,0.0
CARTAGENA1,146,COMBUSTOLEO,0.0
CARTAGENA1,147,COMBUSTOLEO,0.0
CARTAGENA1,148,COMBUSTOLEO,0.0
CARTAGENA1,149,COMBUSTOLEO,0.0
CARTAGENA1,150,COMBUSTOLEO,0.0
CARTAGENA1,151,COMBUSTOLEO,0.0
CARTAGENA1,152,COMBUSTOLEO,0.0
CARTAGENA1,153,COMBUSTOLEO,0.0
CARTAGENA1,154,COMBUSTOLEO,0.0
CARTAGENA1,155,COMBUSTOLEO,0.0
CARTAGENA1,156,COMBUSTOLEO,0.0
CARTAGENA1,157,COMBUSTOLEO,0.0
CARTAGENA1,158,COMBUSTOLEO,0.0
CARTAGENA1,159,COMBUSTOLEO,0.0
CARTAGENA1,160,COMBUSTOLEO,0.0
CARTAGENA1,161,COMBUSTOLEO,0.0
CARTAGENA1,162,COMBUSTOLEO,0.0
CARTAGENA1,163,COMBUSTOLEO,0.0
CARTAGENA1,164,COMBUSTOLEO,0.0
CARTAGENA1,165,COMBUSTOLEO,0.0
CARTAGENA1,166,COMBUSTOLEO,0.0
CARTAGENA1,167,COMBUSTOLEO,0.0
CARTAGENA1,168,COMBUSTOLEO,0.0
CARTAGENA1,169,COMBUSTOLEO,0.0
CARTAGENA1,170,COMBUSTOLEO,0.0
CARTAGENA1,171,COMBUSTOLEO,0.0
CARTAGENA1,172,COMBUSTOLEO,0.0
CARTAGENA1,173,COMBUSTOLEO,0.0
CARTAGENA1,174,COMBUSTOLEO,0.0
CARTAGENA1,175,COMBUSTOLEO,0.0
CARTAGENA1,176,COMBUSTOLEO,0.0
CARTAGENA1,177,COMBUSTOLEO,0.0
CARTAGENA1,178,COMBUSTOLEO,0.0
CARTAGENA1,179,COMBUSTOLEO,0.0
CARTAGENA1,180,COMBUSTOLEO,0.0
CARTAGENA1,181,COMBUSTOLEO,0.0
CARTAGENA1,182,COMBUSTOLEO,0.0
CARTAGENA1,183,COMBUSTOLEO,0.0
CARTAGENA1,184,COMBUSTOLEO,0.0
CARTAGENA1,185,COMBUSTOLEO,0.0
CARTAGENA1,186,COMBUSTOLEO,0.0
CARTAGENA1,187,COMBUSTOLEO,0.0
CARTAGENA1,188,COMBUSTOLEO,0.0
CARTAGENA1,189,COMBUSTOLEO,0.0
CARTAGENA1,190,COMBUSTOLEO,0.0
CARTAGENA1,191,COMBUSTOLEO,0.0
CARTAGENA1,192,COMBUSTOLEO,0.0
CARTAGENA1,193,COMBUSTOLEO,0.0
CARTAGENA1,194,COMBUSTOLEO,0.0
CARTAGENA1,195,COMBUSTOLEO,0.0
CARTAGENA1,196,COMBUSTOLEO,0.0
CARTAGENA1,197,COMBUSTOLEO,0.0
CARTAGENA1,198,COMBUSTOLEO,0.0
CARTAGENA1,199,COMBUSTOLEO,0.0
CARTAGENA1,200,COMBUSTOLEO,0.0
CARTAGENA1,201,COMBUSTOLEO,0.0
CARTAGENA1,202,COMBUSTOLEO,0.0
CARTAGENA1,203,COMBUSTOLEO,0.0
CARTAGENA1,204,COMBUSTOLEO,0.0
CARTAGENA1,205,COMBUSTOLEO,0.0
CARTAGENA1,206,COMBUSTOLEO,0.0
CARTAGENA1,207,COMBUSTOLEO,0.0
CARTAGENA1,208,COMBUSTOLEO,0.0
CARTAGENA1,209,COMBUSTOLEO,0.0
CARTAGENA1,210,COMBUSTOLEO,0.0
CARTAGENA1,211,COMBUSTOLEO,0.0
CARTAGENA1,212,COMBUSTOLEO,0.0
CARTAGENA1,213,COMBUSTOLEO,0.0
CARTAGENA1,214,COMBUSTOLEO,0.0
CARTAGENA1,215,COMBUSTOLEO,0.0
CARTAGENA1,216,COMBUSTOLEO,0.0
CARTAGENA1,217,COMBUSTOLEO,0.0
CARTAGENA1,218,COMBUSTOLEO,0.0
CARTAGENA1,219,COMBUSTOLEO,0.0
CARTAGENA1,220,COMBUSTOLEO,0.0
CARTAGENA1,221,COMBUSTOLEO,0.0
CARTAGENA1,222,COMBUSTOLEO,0.0
CARTAGENA1,223,COMBUSTOLEO,0.0
CARTAGENA1,224,COMBUSTOLEO,0.0
CARTAGENA1,225,COMBUSTOLEO,0.0
CARTAGENA1,226,COMBUSTOLEO,0.0
CARTAGENA1,227,COMBUSTOLEO,0.0
CARTAGENA1,228,COMBUSTOLEO,0.0
CARTAGENA1,229,COMBUSTOLEO,0.0
CARTAGENA1,230,COMBUSTOLEO,0.0
CARTAGENA1,231,COMBUSTOLEO,0.0
CARTAGENA1,232,COMBUSTOLEO,0.0
CARTAGENA1,233,COMBUSTOLEO,0.0
CARTAGENA1,234,COMBUSTOLEO,0.0
CARTAGENA1,235,COMBUSTOLEO,0.0
CARTAGENA1,236,COMBUSTOLEO,0.0
CARTAGENA1,237,COMBUSTOLEO,0.0
CARTAGENA1,238,COMBUSTOLEO,0.0
CARTAGENA1,239,COMBUSTOLEO,0.0
CARTAGENA1,240,COMBUSTOLEO,0.0
CARTAGENA1,241,COMBUSTOLEO,0.0
CARTAGENA1,242,COMBUSTOLEO,0.0
CARTAGENA1,243,COMBUSTOLEO,0.0
CARTAGENA1,244,COMBUSTOLEO,0.0
CARTAGENA1,245,COMBUSTOLEO,0.0
CARTAGENA1,246,COMBUSTOLEO,0.0
CARTAGENA1,247,COMBUSTOLEO,0.0
CARTAGENA1,248,COMBUSTOLEO,0.0
CARTAGENA1,249,COMBUSTOLEO,0.0
CARTAGENA1,250,COMBUSTOLEO,0.0
CARTAGENA1,251,COMBUSTOLEO,0.0
CARTAGENA1,252,COMBUSTOLEO,0.0
CARTAGENA1,253,COMBUSTOLEO,0.0
CARTAGENA1,254,COMBUSTOLEO,0.0
CARTAGENA1,255,COMBUSTOLEO,0.0
CARTAGENA1,256,COMBUSTOLEO,0.0
CARTAGENA1,257,COMBUSTOLEO,0.0
CARTAGENA1,258,COMBUSTOLEO,0.0
CARTAGENA1,259,COMBUSTOLEO,0.0
CARTAGENA1,260,COMBUSTOLEO,0.0
CARTAGENA1,261,COMBUSTOLEO,0.0
CARTAGENA1,262,COMBUSTOLEO,0.0
CARTAGENA1,263,COMBUSTOLEO,0.0
CARTAGENA1,264,COMBUSTOLEO,0.0
CARTAGENA1,265,COMBUSTOLEO,0.0
CARTAGENA1,266,COMBUSTOLEO,0.0
CARTAGENA1,267,COMBUSTOLEO,0.0
CARTAGENA1,268,COMBUSTOLEO,0.0
CARTAGENA1,269,COMBUSTOLEO,0.0
CARTAGENA1,270,COMBUSTOLEO,0.0
CARTAGENA1,271,COMBUSTOLEO,0.0
CARTAGENA1,272,COMBUSTOLEO,0.0
CARTAGENA1,273,COMBUSTOLEO,0.0
CARTAGENA1,274,COMBUSTOLEO,0.0
CARTAGENA1,275,COMBUSTOLEO,0.0
CARTAGENA1,276,COMBUSTOLEO,0.0
CARTAGENA1,277,COMBUSTOLEO,0.0
CARTAGENA1,278,COMBUSTOLEO,0.0
CARTAGENA1,279,COMBUSTOLEO,0.0
CARTAGENA1,280,COMBUSTOLEO,0.0
CARTAGENA1,281,COMBUSTOLEO,0.0
CARTAGENA1,282,COMBUSTOLEO,0.0
CARTAGENA1,283,COMBUSTOLEO,0.0
CARTAGENA1,284,COMBUSTOLEO,0.0
CARTAGENA1,285,COMBUSTOLEO,0.0
CARTAGENA1,286,COMBUSTOLEO,0.0
CARTAGENA1,287,COMBUSTOLEO,0.0
CARTAGENA1,288,COMBUSTOLEO,0.0
CARTAGENA1,289,COMBUSTOLEO,0.0
CARTAGENA1,290,COMBUSTOLEO,0.0
CARTAGENA1,291,COMBUSTOLEO,0.0
CARTAGENA1,292,COMBUSTOLEO,0.0
CARTAGENA1,293,COMBUSTOLEO,0.0
CARTAGENA1,294,COMBUSTOLEO,0.0
CARTAGENA1,295,COMBUSTOLEO,0.0
CARTAGENA1,296,COMBUSTOLEO,0.0
CARTAGENA1,297,COMBUSTOLEO,0.0
CARTAGENA1,298,COMBUSTOLEO,0.0
CARTAGENA1,299,COMBUSTOLEO,0.0
CARTAGENA1,300,COMBUSTOLEO,0.0
CARTAGENA1,301,COMBUSTOLEO,0.0
CARTAGENA1,302,COMBUSTOLEO,0.0
CARTAGENA1,303,COMBUSTOLEO,0.0
CARTAGENA1,304,COMBUSTOLEO,0.0
CARTAGENA1,305,COMBUSTOLEO,0.0
CARTAGENA1,306,COMBUSTOLEO,0.0
CARTAGENA1,307,COMBUSTOLEO,0.0
CARTAGENA1,308,COMBUSTOLEO,0.0
CARTAGENA1,309,COMBUSTOLEO,0.0
CARTAGENA1,310,COMBUSTOLEO,0.0
CARTAGENA1,311,COMBUSTOLEO,0.0
CARTAGENA1,312,COMBUSTOLEO,0.0
CARTAGENA1,313,COMBUSTOLEO,0.0
CARTAGENA1,314,COMBUSTOLEO,0.0
CARTAGENA1,315,COMBUSTOLEO,0.0
CARTAGENA1,316,COMBUSTOLEO,0.0
CARTAGENA1,317,COMBUSTOLEO,0.0
CARTAGENA1,318,COMBUSTOLEO,0.0
CARTAGENA1,319,COMBUSTOLEO,0.0
CARTAGENA1,320,COMBUSTOLEO,0.0
CARTAGENA1,321,COMBUSTOLEO,0.0
CARTAGENA1,322,COMBUSTOLEO,0.0
CARTAGENA1,323,COMBUSTOLEO,0.0
CARTAGENA1,324,COMBUSTOLEO,0.0
CARTAGENA1,325,COMBUSTOLEO,0.0
CARTAGENA1,326,COMBUSTOLEO,0.0
CARTAGENA1,327,COMBUSTOLEO,0.0
CARTAGENA1,328,COMBUSTOLEO,0.0
CARTAGENA1,329,COMBUSTOLEO,0.0
CARTAGENA1,330,COMBUSTOLEO,0.0
CARTAGENA1,331,COMBUSTOLEO,0.0
CARTAGENA1,332,COMBUSTOLEO,0.0
CARTAGENA1,333,COMBUSTOLEO,0.0
CARTAGENA1,334,COMBUSTOLEO,0.0
CARTAGENA1,335,COMBUSTOLEO,0.0
CARTAGENA1,336,COMBUSTOLEO,0.0
CARTAGENA1,337,COMBUSTOLEO,0.0
CARTAGENA1,338,COMBUSTOLEO,0.0
CARTAGENA1,339,COMBUSTOLEO,0.0
CARTAGENA1,340,COMBUSTOLEO,0.0
CARTAGENA1,341,COMBUSTOLEO,0.0
CARTAGENA1,342,COMBUSTOLEO,0.0
CARTAGENA1,343,COMBUSTOLEO,0.0
CARTAGENA1,344,COMBUSTOLEO,0.0
CARTAGENA1,345,COMBUSTOLEO,0.0
CARTAGENA1,346,COMBUSTOLEO,0.0
CARTAGENA1,347,COMBUSTOLEO,0.0
CARTAGENA1,348,COMBUSTOLEO,0.0
CARTAGENA1,349,COMBUSTOLEO,0.0
CARTAGENA1,350,COMBUSTOLEO,0.0
CARTAGENA1,351,COMBUSTOLEO,0.0
CARTAGENA1,352,COMBUSTOLEO,0.0
CARTAGENA1,353,COMBUSTOLEO,0.0
CARTAGENA1,354,COMBUSTOLEO,0.0
CARTAGENA1,355,COMBUSTOLEO,0.0
CARTAGENA1,356,COMBUSTOLEO,0.0
CARTAGENA1,357,COMBUSTOLEO,0.0
CARTAGENA1,358,COMBUSTOLEO,0.0
CARTAGENA1,359,COMBUSTOLEO,0.0
CARTAGENA1,360,COMBUSTOLEO,0.0
CARTAGENA1,361,COMBUSTOLEO,0.0
CARTAGENA1,362,COMBUSTOLEO,0.0
CARTAGENA1,363,COMBUSTOLEO,0.0
CARTAGENA1,364,COMBUSTOLEO,0.0
CARTAGENA1,365,COMBUSTOLEO,0.0
CARTAGENA1,366,COMBUSTOLEO,0.0
CARTAGENA1,367,COMBUSTOLEO,0.0
CARTAGENA1,368,COMBUSTOLEO,0.0
CARTAGENA1,369,COMBUSTOLEO,0.0
CARTAGENA1,370,COMBUSTOLEO,0.0
CARTAGENA1,371,COMBUSTOLEO,0.0
CARTAGENA1,372,COMBUSTOLEO,0.0
CARTAGENA1,373,COMBUSTOLEO,0.0
CARTAGENA1,374,COMBUSTOLEO,0.0
CARTAGENA1,375,COMBUSTOLEO,0.0
CARTAGENA1,376,COMBUSTOLEO,0.0
CARTAGENA1,377,COMBUSTOLEO,0.0
CARTAGENA1,378,COMBUSTOLEO,0.0
CARTAGENA1,379,COMBUSTOLEO,0.0
CARTAGENA1,380,COMBUSTOLEO,0.0
CARTAGENA1,381,COMBUSTOLEO,0.0
CARTAGENA1,382,COMBUSTOLEO,0.0
CARTAGENA1,383,COMBUSTOLEO,0.0
CARTAGENA1,384,COMBUSTOLEO,0.0
CARTAGENA2,1,COMBUSTOLEO,0.0
CARTAGENA2,2,COMBUSTOLEO,0.0
CARTAGENA2,3,COMBUSTOLEO,0.0
CARTAGENA2,4,COMBUSTOLEO,0.0
CARTAGENA2,5,COMBUSTOLEO,0.0
CARTAGENA2,6,COMBUSTOLEO,0.0
CARTAGENA2,7,COMBUSTOLEO,0.0
CARTAGENA2,8,COMBUSTOLEO,0.0
CARTAGENA2,9,COMBUSTOLEO,0.0
CARTAGENA2,10,COMBUSTOLEO,0.0
CARTAGENA2,11,COMBUSTOLEO,0.0
CARTAGENA2,12,COMBUSTOLEO,0.0
CARTAGENA2,13,COMBUSTOLEO,0.0
CARTAGENA2,14,COMBUSTOLEO,0.0
CARTAGENA2,15,COMBUSTOLEO,0.0
CARTAGENA2,16,COMBUSTOLEO,0.0
CARTAGENA2,17,COMBUSTOLEO,0.0
CARTAGENA2,18,COMBUSTOLEO,0.0
CARTAGENA2,19,COMBUSTOLEO,0.0
CARTAGENA2,20,COMBUSTOLEO,0.0
CARTAGENA2,21,COMBUSTOLEO,0.0
CARTAGENA2,22,COMBUSTOLEO,0.0
CARTAGENA2,23,COMBUSTOLEO,0.0
CARTAGENA2,24,COMBUSTOLEO,0.0
CARTAGENA2,25,COMBUSTOLEO,0.0
CARTAGENA2,26,COMBUSTOLEO,0.0
CARTAGENA2,27,COMBUSTOLEO,0.0
CARTAGENA2,28,COMBUSTOLEO,0.0
CARTAGENA2,29,COMBUSTOLEO,0.0
CARTAGENA2,30,COMBUSTOLEO,0.0
CARTAGENA2,31,COMBUSTOLEO,0.0
CARTAGENA2,32,COMBUSTOLEO,0.0
CARTAGENA2,33,COMBUSTOLEO,0.0
CARTAGENA2,34,COMBUSTOLEO,0.0
CARTAGENA2,35,COMBUSTOLEO,0.0
CARTAGENA2,36,COMBUSTOLEO,0.0
CARTAGENA2,37,COMBUSTOLEO,0.0
CARTAGENA2,38,COMBUSTOLEO,0.0
CARTAGENA2,39,COMBUSTOLEO,0.0
CARTAGENA2,40,COMBUSTOLEO,0.0
CARTAGENA2,41,COMBUSTOLEO,0.0
CARTAGENA2,42,COMBUSTOLEO,0.0
CARTAGENA2,43,COMBUSTOLEO,0.0
CARTAGENA2,44,COMBUSTOLEO,0.0
CARTAGENA2,45,COMBUSTOLEO,0.0
CARTAGENA2,46,COMBUSTOLEO,0.0
CARTAGENA2,47,COMBUSTOLEO,0.0
CARTAGENA2,48,COMBUSTOLEO,0.0
CARTAGENA2,49,COMBUSTOLEO,0.0
CARTAGENA2,50,COMBUSTOLEO,0.0
CARTAGENA2,51,COMBUSTOLEO,0.0
CARTAGENA2,52,COMBUSTOLEO,0.0
CARTAGENA2,53,COMBUSTOLEO,0.0
CARTAGENA2,54,COMBUSTOLEO,0.0
CARTAGENA2,55,COMBUSTOLEO,0.0
CARTAGENA2,56,COMBUSTOLEO,0.0
CARTAGENA2,57,COMBUSTOLEO,0.0
CARTAGENA2,58,COMBUSTOLEO,0.0
CARTAGENA2,59,COMBUSTOLEO,0.0
CARTAGENA2,60,COMBUSTOLEO,0.0
CARTAGENA2,61,COMBUSTOLEO,0.0
CARTAGENA2,62,COMBUSTOLEO,0.0
CARTAGENA2,63,COMBUSTOLEO,0.0
CARTAGENA2,64,COMBUSTOLEO,0.0
CARTAGENA2,65,COMBUSTOLEO,0.0
CARTAGENA2,66,COMBUSTOLEO,0.0
CARTAGENA2,67,COMBUSTOLEO,0.0
CARTAGENA2,68,COMBUSTOLEO,0.0
CARTAGENA2,69,COMBUSTOLEO,0.0
CARTAGENA2,70,COMBUSTOLEO,0.0
CARTAGENA2,71,COMBUSTOLEO,0.0
CARTAGENA2,72,COMBUSTOLEO,0.0
CARTAGENA2,73,COMBUSTOLEO,0.0
CARTAGENA2,74,COMBUSTOLEO,0.0
CARTAGENA2,75,COMBUSTOLEO,0.0
CARTAGENA2,76,COMBUSTOLEO,0.0
CARTAGENA2,77,COMBUSTOLEO,0.0
CARTAGENA2,78,COMBUSTOLEO,0.0
CARTAGENA2,79,COMBUSTOLEO,0.0
CARTAGENA2,80,COMBUSTOLEO,0.0
CARTAGENA2,81,COMBUSTOLEO,0.0
CARTAGENA2,82,COMBUSTOLEO,0.0
CARTAGENA2,83,COMBUSTOLEO,0.0
CARTAGENA2,84,COMBUSTOLEO,0.0
CARTAGENA2,85,COMBUSTOLEO,0.0
CARTAGENA2,86,COMBUSTOLEO,0.0
CARTAGENA2,87,COMBUSTOLEO,0.0
CARTAGENA2,88,COMBUSTOLEO,0.0
CARTAGENA2,89,COMBUSTOLEO,0.0
CARTAGENA2,90,COMBUSTOLEO,0.0
CARTAGENA2,91,COMBUSTOLEO,0.0
CARTAGENA2,92,COMBUSTOLEO,0.0
CARTAGENA2,93,COMBUSTOLEO,0.0
CARTAGENA2,94,COMBUSTOLEO,0.0
CARTAGENA2,95,COMBUSTOLEO,0.0
CARTAGENA2,96,COMBUSTOLEO,0.0
CARTAGENA2,97,COMBUSTOLEO,0.0
CARTAGENA2,98,COMBUSTOLEO,0.0
CARTAGENA2,99,COMBUSTOLEO,0.0
CARTAGENA2,100,COMBUSTOLEO,0.0
CARTAGENA2,101,COMBUSTOLEO,0.0
CARTAGENA2,102,COMBUSTOLEO,0.0
CARTAGENA2,103,COMBUSTOLEO,0.0
CARTAGENA2,104,COMBUSTOLEO,0.0
CARTAGENA2,105,COMBUSTOLEO,0.0
CARTAGENA2,106,COMBUSTOLEO,0.0
CARTAGENA2,107,COMBUSTOLEO,0.0
CARTAGENA2,108,COMBUSTOLEO,0.0
CARTAGENA2,109,COMBUSTOLEO,0.0
CARTAGENA2,110,COMBUSTOLEO,0.0
CARTAGENA2,111,COMBUSTOLEO,0.0
CARTAGENA2,112,COMBUSTOLEO,0.0
CARTAGENA2,113,COMBUSTOLEO,0.0
CARTAGENA2,114,COMBUSTOLEO,0.0
CARTAGENA2,115,COMBUSTOLEO,0.0
CARTAGENA2,116,COMBUSTOLEO,0.0
CARTAGENA2,117,COMBUSTOLEO,0.0
CARTAGENA2,118,COMBUSTOLEO,0.0
CARTAGENA2,119,COMBUSTOLEO,0.0
CARTAGENA2,120,COMBUSTOLEO,0.0
CARTAGENA2,121,COMBUSTOLEO,0.0
CARTAGENA2,122,COMBUSTOLEO,0.0
CARTAGENA2,123,COMBUSTOLEO,0.0
CARTAGENA2,124,COMBUSTOLEO,0.0
CARTAGENA2,125,COMBUSTOLEO,0.0
CARTAGENA2,126,COMBUSTOLEO,0.0
CARTAGENA2,127,COMBUSTOLEO,0.0
CARTAGENA2,128,COMBUSTOLEO,0.0
CARTAGENA2,129,COMBUSTOLEO,0.0
CARTAGENA2,130,COMBUSTOLEO,0.0
CARTAGENA2,131,COMBUSTOLEO,0.0
CARTAGENA2,132,COMBUSTOLEO,0.0
CARTAGENA2,133,COMBUSTOLEO,0.0
CARTAGENA2,134,COMBUSTOLEO,0.0
CARTAGENA2,135,COMBUSTOLEO,0.0
CARTAGENA2,136,COMBUSTOLEO,0.0
CARTAGENA2,137,COMBUSTOLEO,0.0
CARTAGENA2,138,COMBUSTOLEO,0.0
CARTAGENA2,139,COMBUSTOLEO,0.0
CARTAGENA2,140,COMBUSTOLEO,0.0
CARTAGENA2,141,COMBUSTOLEO,0.0
CARTAGENA2,142,COMBUSTOLEO,0.0
CARTAGENA2,143,COMBUSTOLEO,0.0
CARTAGENA2,144,COMBUSTOLEO,0.0
CARTAGENA2,145,COMBUSTOLEO,0.0
CARTAGENA2,146,COMBUSTOLEO,0.0
CARTAGENA2,147,COMBUSTOLEO,0.0
CARTAGENA2,148,COMBUSTOLEO,0.0
CARTAGENA2,149,COMBUSTOLEO,0.0
CARTAGENA2,150,COMBUSTOLEO,0.0
CARTAGENA2,151,COMBUSTOLEO,0.0
CARTAGENA2,152,COMBUSTOLEO,0.0
CARTAGENA2,153,COMBUSTOLEO,0.0
CARTAGENA2,154,COMBUSTOLEO,0.0
CARTAGENA2,155,COMBUSTOLEO,0.0
CARTAGENA2,156,COMBUSTOLEO,0.0
CARTAGENA2,157,COMBUSTOLEO,0.0
CARTAGENA2,158,COMBUSTOLEO,0.0
CARTAGENA2,159,COMBUSTOLEO,0.0
CARTAGENA2,160,COMBUSTOLEO,0.0
CARTAGENA2,161,COMBUSTOLEO,0.0
CARTAGENA2,162,COMBUSTOLEO,0.0
CARTAGENA2,163,COMBUSTOLEO,0.0
CARTAGENA2,164,COMBUSTOLEO,0.0
CARTAGENA2,165,COMBUSTOLEO,0.0
CARTAGENA2,166,COMBUSTOLEO,0.0
CARTAGENA2,167,COMBUSTOLEO,0.0
CARTAGENA2,168,COMBUSTOLEO,0.0
CARTAGENA2,169,COMBUSTOLEO,0.0
CARTAGENA2,170,COMBUSTOLEO,0.0
CARTAGENA2,171,COMBUSTOLEO,0.0
CARTAGENA2,172,COMBUSTOLEO,0.0
CARTAGENA2,173,COMBUSTOLEO,0.0
CARTAGENA2,174,COMBUSTOLEO,0.0
CARTAGENA2,175,COMBUSTOLEO,0.0
CARTAGENA2,176,COMBUSTOLEO,0.0
CARTAGENA2,177,COMBUSTOLEO,0.0
CARTAGENA2,178,COMBUSTOLEO,0.0
CARTAGENA2,179,COMBUSTOLEO,0.0
CARTAGENA2,180,COMBUSTOLEO,0.0
CARTAGENA2,181,COMBUSTOLEO,0.0
CARTAGENA2,182,COMBUSTOLEO,0.0
CARTAGENA2,183,COMBUSTOLEO,0.0
CARTAGENA2,184,COMBUSTOLEO,0.0
CARTAGENA2,185,COMBUSTOLEO,0.0
CARTAGENA2,186,COMBUSTOLEO,0.0
CARTAGENA2,187,COMBUSTOLEO,0.0
CARTAGENA2,188,COMBUSTOLEO,0.0
CARTAGENA2,189,COMBUSTOLEO,0.0
CARTAGENA2,190,COMBUSTOLEO,0.0
CARTAGENA2,191,COMBUSTOLEO,0.0
CARTAGENA2,192,COMBUSTOLEO,0.0
CARTAGENA2,193,COMBUSTOLEO,0.0
CARTAGENA2,194,COMBUSTOLEO,0.0
CARTAGENA2,195,COMBUSTOLEO,0.0
CARTAGENA2,196,COMBUSTOLEO,0.0
CARTAGENA2,197,COMBUSTOLEO,0.0
CARTAGENA2,198,COMBUSTOLEO,0.0
CARTAGENA2,199,COMBUSTOLEO,0.0
CARTAGENA2,200,COMBUSTOLEO,0.0
CARTAGENA2,201,COMBUSTOLEO,0.0
CARTAGENA2,202,COMBUSTOLEO,0.0
CARTAGENA2,203,COMBUSTOLEO,0.0
CARTAGENA2,204,COMBUSTOLEO,0.0
CARTAGENA2,205,COMBUSTOLEO,0.0
CARTAGENA2,206,COMBUSTOLEO,0.0
CARTAGENA2,207,COMBUSTOLEO,0.0
CARTAGENA2,208,COMBUSTOLEO,0.0
CARTAGENA2,209,COMBUSTOLEO,0.0
CARTAGENA2,210,COMBUSTOLEO,0.0
CARTAGENA2,211,COMBUSTOLEO,0.0
CARTAGENA2,212,COMBUSTOLEO,0.0
CARTAGENA2,213,COMBUSTOLEO,0.0
CARTAGENA2,214,COMBUSTOLEO,0.0
CARTAGENA2,215,COMBUSTOLEO,0.0
CARTAGENA2,216,COMBUSTOLEO,0.0
CARTAGENA2,217,COMBUSTOLEO,0.0
CARTAGENA2,218,COMBUSTOLEO,0.0
CARTAGENA2,219,COMBUSTOLEO,0.0
CARTAGENA2,220,COMBUSTOLEO,0.0
CARTAGENA2,221,COMBUSTOLEO,0.0
CARTAGENA2,222,COMBUSTOLEO,0.0
CARTAGENA2,223,COMBUSTOLEO,0.0
CARTAGENA2,224,COMBUSTOLEO,0.0
CARTAGENA2,225,COMBUSTOLEO,0.0
CARTAGENA2,226,COMBUSTOLEO,0.0
CARTAGENA2,227,COMBUSTOLEO,0.0
CARTAGENA2,228,COMBUSTOLEO,0.0
CARTAGENA2,229,COMBUSTOLEO,0.0
CARTAGENA2,230,COMBUSTOLEO,0.0
CARTAGENA2,231,COMBUSTOLEO,0.0
CARTAGENA2,232,COMBUSTOLEO,0.0
CARTAGENA2,233,COMBUSTOLEO,0.0
CARTAGENA2,234,COMBUSTOLEO,0.0
CARTAGENA2,235,COMBUSTOLEO,0.0
CARTAGENA2,236,COMBUSTOLEO,0.0
CARTAGENA2,237,COMBUSTOLEO,0.0
CARTAGENA2,238,COMBUSTOLEO,0.0
CARTAGENA2,239,COMBUSTOLEO,0.0
CARTAGENA2,240,COMBUSTOLEO,0.0
CARTAGENA2,241,COMBUSTOLEO,0.0
CARTAGENA2,242,COMBUSTOLEO,0.0
CARTAGENA2,243,COMBUSTOLEO,0.0
CARTAGENA2,244,COMBUSTOLEO,0.0
CARTAGENA2,245,COMBUSTOLEO,0.0
CARTAGENA2,246,COMBUSTOLEO,0.0
CARTAGENA2,247,COMBUSTOLEO,0.0
CARTAGENA2,248,COMBUSTOLEO,0.0
CARTAGENA2,249,COMBUSTOLEO,0.0
CARTAGENA2,250,COMBUSTOLEO,0.0
CARTAGENA2,251,COMBUSTOLEO,0.0
CARTAGENA2,252,COMBUSTOLEO,0.0
CARTAGENA2,253,COMBUSTOLEO,0.0
CARTAGENA2,254,COMBUSTOLEO,0.0
CARTAGENA2,255,COMBUSTOLEO,0.0
CARTAGENA2,256,COMBUSTOLEO,0.0
CARTAGENA2,257,COMBUSTOLEO,0.0
CARTAGENA2,258,COMBUSTOLEO,0.0
CARTAGENA2,259,COMBUSTOLEO,0.0
CARTAGENA2,260,COMBUSTOLEO,0.0
CARTAGENA2,261,COMBUSTOLEO,0.0
CARTAGENA2,262,COMBUSTOLEO,0.0
CARTAGENA2,263,COMBUSTOLEO,0.0
CARTAGENA2,264,COMBUSTOLEO,0.0
CARTAGENA2,265,COMBUSTOLEO,0.0
CARTAGENA2,266,COMBUSTOLEO,0.0
CARTAGENA2,267,COMBUSTOLEO,0.0
CARTAGENA2,268,COMBUSTOLEO,0.0
CARTAGENA2,269,COMBUSTOLEO,0.0
CARTAGENA2,270,COMBUSTOLEO,0.0
CARTAGENA2,271,COMBUSTOLEO,0.0
CARTAGENA2,272,COMBUSTOLEO,0.0
CARTAGENA2,273,COMBUSTOLEO,0.0
CARTAGENA2,274,COMBUSTOLEO,0.0
CARTAGENA2,275,COMBUSTOLEO,0.0
CARTAGENA2,276,COMBUSTOLEO,0.0
CARTAGENA2,277,COMBUSTOLEO,0.0
CARTAGENA2,278,COMBUSTOLEO,0.0
CARTAGENA2,279,COMBUSTOLEO,0.0
CARTAGENA2,280,COMBUSTOLEO,0.0
CARTAGENA2,281,COMBUSTOLEO,0.0
CARTAGENA2,282,COMBUSTOLEO,0.0
CARTAGENA2,283,COMBUSTOLEO,0.0
CARTAGENA2,284,COMBUSTOLEO,0.0
CARTAGENA2,285,COMBUSTOLEO,0.0
CARTAGENA2,286,COMBUSTOLEO,0.0
CARTAGENA2,287,COMBUSTOLEO,0.0
CARTAGENA2,288,COMBUSTOLEO,0.0
CARTAGENA2,289,COMBUSTOLEO,0.0
CARTAGENA2,290,COMBUSTOLEO,0.0
CARTAGENA2,291,COMBUSTOLEO,0.0
CARTAGENA2,292,COMBUSTOLEO,0.0
CARTAGENA2,293,COMBUSTOLEO,0.0
CARTAGENA2,294,COMBUSTOLEO,0.0
CARTAGENA2,295,COMBUSTOLEO,0.0
CARTAGENA2,296,COMBUSTOLEO,0.0
CARTAGENA2,297,COMBUSTOLEO,0.0
CARTAGENA2,298,COMBUSTOLEO,0.0
CARTAGENA2,299,COMBUSTOLEO,0.0
CARTAGENA2,300,COMBUSTOLEO,0.0
CARTAGENA2,301,COMBUSTOLEO,0.0
CARTAGENA2,302,COMBUSTOLEO,0.0
CARTAGENA2,303,COMBUSTOLEO,0.0
CARTAGENA2,304,COMBUSTOLEO,0.0
CARTAGENA2,305,COMBUSTOLEO,0.0
CARTAGENA2,306,COMBUSTOLEO,0.0
CARTAGENA2,307,COMBUSTOLEO,0.0
CARTAGENA2,308,COMBUSTOLEO,0.0
CARTAGENA2,309,COMBUSTOLEO,0.0
CARTAGENA2,310,COMBUSTOLEO,0.0
CARTAGENA2,311,COMBUSTOLEO,0.0
CARTAGENA2,312,COMBUSTOLEO,0.0
CARTAGENA2,313,COMBUSTOLEO,0.0
CARTAGENA2,314,COMBUSTOLEO,0.0
CARTAGENA2,315,COMBUSTOLEO,0.0
CARTAGENA2,316,COMBUSTOLEO,0.0
CARTAGENA2,317,COMBUSTOLEO,0.0
CARTAGENA2,318,COMBUSTOLEO,0.0
CARTAGENA2,319,COMBUSTOLEO,0.0
CARTAGENA2,320,COMBUSTOLEO,0.0
CARTAGENA2,321,COMBUSTOLEO,0.0
CARTAGENA2,322,COMBUSTOLEO,0.0
CARTAGENA2,323,COMBUSTOLEO,0.0
CARTAGENA2,324,COMBUSTOLEO,0.0
CARTAGENA2,325,COMBUSTOLEO,0.0
CARTAGENA2,326,COMBUSTOLEO,0.0
CARTAGENA2,327,COMBUSTOLEO,0.0
CARTAGENA2,328,COMBUSTOLEO,0.0
CARTAGENA2,329,COMBUSTOLEO,0.0
CARTAGENA2,330,COMBUSTOLEO,0.0
CARTAGENA2,331,COMBUSTOLEO,0.0
CARTAGENA2,332,COMBUSTOLEO,0.0
CARTAGENA2,333,COMBUSTOLEO,0.0
CARTAGENA2,334,COMBUSTOLEO,0.0
CARTAGENA2,335,COMBUSTOLEO,0.0
CARTAGENA2,336,COMBUSTOLEO,0.0
CARTAGENA2,337,COMBUSTOLEO,0.0
CARTAGENA2,338,COMBUSTOLEO,0.0
CARTAGENA2,339,COMBUSTOLEO,0.0
CARTAGENA2,340,COMBUSTOLEO,0.0
CARTAGENA2,341,COMBUSTOLEO,0.0
CARTAGENA2,342,COMBUSTOLEO,0.0
CARTAGENA2,343,COMBUSTOLEO,0.0
CARTAGENA2,344,COMBUSTOLEO,0.0
CARTAGENA2,345,COMBUSTOLEO,0.0
CARTAGENA2,346,COMBUSTOLEO,0.0
CARTAGENA2,347,COMBUSTOLEO,0.0
CARTAGENA2,348,COMBUSTOLEO,0.0
CARTAGENA2,349,COMBUSTOLEO,0.0
CARTAGENA2,350,COMBUSTOLEO,0.0
CARTAGENA2,351,COMBUSTOLEO,0.0
CARTAGENA2,352,COMBUSTOLEO,0.0
CARTAGENA2,353,COMBUSTOLEO,0.0
CARTAGENA2,354,COMBUSTOLEO,0.0
CARTAGENA2,355,COMBUSTOLEO,0.0
CARTAGENA2,356,COMBUSTOLEO,0.0
CARTAGENA2,357,COMBUSTOLEO,0.0
CARTAGENA2,358,COMBUSTOLEO,0.0
CARTAGENA2,359,COMBUSTOLEO,0.0
CARTAGENA2,360,COMBUSTOLEO,0.0
CARTAGENA2,361,COMBUSTOLEO,0.0
CARTAGENA2,362,COMBUSTOLEO,0.0
CARTAGENA2,363,COMBUSTOLEO,0.0
CARTAGENA2,364,COMBUSTOLEO,0.0
CARTAGENA2,365,COMBUSTOLEO,0.0
CARTAGENA2,366,COMBUSTOLEO,0.0
CARTAGENA2,367,COMBUSTOLEO,0.0
CARTAGENA2,368,COMBUSTOLEO,0.0
CARTAGENA2,369,COMBUSTOLEO,0.0
CARTAGENA2,370,COMBUSTOLEO,0.0
CARTAGENA2,371,COMBUSTOLEO,0.0
CARTAGENA2,372,COMBUSTOLEO,0.0
CARTAGENA2,373,COMBUSTOLEO,0.0
CARTAGENA2,374,COMBUSTOLEO,0.0
CARTAGENA2,375,COMBUSTOLEO,0.0
CARTAGENA2,376,COMBUSTOLEO,0.0
CARTAGENA2,377,COMBUSTOLEO,0.0
CARTAGENA2,378,COMBUSTOLEO,0.0
CARTAGENA2,379,COMBUSTOLEO,0.0
CARTAGENA2,380,COMBUSTOLEO,0.0
CARTAGENA2,381,COMBUSTOLEO,0.0
CARTAGENA2,382,COMBUSTOLEO,0.0
CARTAGENA2,383,COMBUSTOLEO,0.0
CARTAGENA2,384,COMBUSTOLEO,0.0
CARTAGENA3,1,COMBUSTOLEO,0.0
CARTAGENA3,2,COMBUSTOLEO,0.0
CARTAGENA3,3,COMBUSTOLEO,0.0
CARTAGENA3,4,COMBUSTOLEO,0.0
CARTAGENA3,5,COMBUSTOLEO,0.0
CARTAGENA3,6,COMBUSTOLEO,0.0
CARTAGENA3,7,COMBUSTOLEO,0.0
CARTAGENA3,8,COMBUSTOLEO,0.0
CARTAGENA3,9,COMBUSTOLEO,0.0
CARTAGENA3,10,COMBUSTOLEO,0.0
CARTAGENA3,11,COMBUSTOLEO,0.0
CARTAGENA3,12,COMBUSTOLEO,0.0
CARTAGENA3,13,COMBUSTOLEO,0.0
CARTAGENA3,14,COMBUSTOLEO,0.0
CARTAGENA3,15,COMBUSTOLEO,0.0
CARTAGENA3,16,COMBUSTOLEO,0.0
CARTAGENA3,17,COMBUSTOLEO,0.0
CARTAGENA3,18,COMBUSTOLEO,0.0
CARTAGENA3,19,COMBUSTOLEO,0.0
CARTAGENA3,20,COMBUSTOLEO,0.0
CARTAGENA3,21,COMBUSTOLEO,0.0
CARTAGENA3,22,COMBUSTOLEO,0.0
CARTAGENA3,23,COMBUSTOLEO,0.0
CARTAGENA3,24,COMBUSTOLEO,0.0
CARTAGENA3,25,COMBUSTOLEO,0.0
CARTAGENA3,26,COMBUSTOLEO,0.0
CARTAGENA3,27,COMBUSTOLEO,0.0
CARTAGENA3,28,COMBUSTOLEO,0.0
CARTAGENA3,29,COMBUSTOLEO,0.0
CARTAGENA3,30,COMBUSTOLEO,0.0
CARTAGENA3,31,COMBUSTOLEO,0.0
CARTAGENA3,32,COMBUSTOLEO,0.0
CARTAGENA3,33,COMBUSTOLEO,0.0
CARTAGENA3,34,COMBUSTOLEO,0.0
CARTAGENA3,35,COMBUSTOLEO,0.0
CARTAGENA3,36,COMBUSTOLEO,0.0
CARTAGENA3,37,COMBUSTOLEO,0.0
CARTAGENA3,38,COMBUSTOLEO,0.0
CARTAGENA3,39,COMBUSTOLEO,0.0
CARTAGENA3,40,COMBUSTOLEO,0.0
CARTAGENA3,41,COMBUSTOLEO,0.0
CARTAGENA3,42,COMBUSTOLEO,0.0
CARTAGENA3,43,COMBUSTOLEO,0.0
CARTAGENA3,44,COMBUSTOLEO,0.0
CARTAGENA3,45,COMBUSTOLEO,0.0
CARTAGENA3,46,COMBUSTOLEO,0.0
CARTAGENA3,47,COMBUSTOLEO,0.0
CARTAGENA3,48,COMBUSTOLEO,0.0
CARTAGENA3,49,COMBUSTOLEO,0.0
CARTAGENA3,50,COMBUSTOLEO,0.0
CARTAGENA3,51,COMBUSTOLEO,0.0
CARTAGENA3,52,COMBUSTOLEO,0.0
CARTAGENA3,53,COMBUSTOLEO,0.0
CARTAGENA3,54,COMBUSTOLEO,0.0
CARTAGENA3,55,COMBUSTOLEO,0.0
CARTAGENA3,56,COMBUSTOLEO,0.0
CARTAGENA3,57,COMBUSTOLEO,0.0
CARTAGENA3,58,COMBUSTOLEO,0.0
CARTAGENA3,59,COMBUSTOLEO,0.0
CARTAGENA3,60,COMBUSTOLEO,0.0
CARTAGENA3,61,COMBUSTOLEO,0.0
CARTAGENA3,62,COMBUSTOLEO,0.0
CARTAGENA3,63,COMBUSTOLEO,0.0
CARTAGENA3,64,COMBUSTOLEO,0.0
CARTAGENA3,65,COMBUSTOLEO,0.0
CARTAGENA3,66,COMBUSTOLEO,0.0
CARTAGENA3,67,COMBUSTOLEO,0.0
CARTAGENA3,68,COMBUSTOLEO,0.0
CARTAGENA3,69,COMBUSTOLEO,0.0
CARTAGENA3,70,COMBUSTOLEO,0.0
CARTAGENA3,71,COMBUSTOLEO,0.0
CARTAGENA3,72,COMBUSTOLEO,0.0
CARTAGENA3,73,COMBUSTOLEO,0.0
CARTAGENA3,74,COMBUSTOLEO,0.0
CARTAGENA3,75,COMBUSTOLEO,0.0
CARTAGENA3,76,COMBUSTOLEO,0.0
CARTAGENA3,77,COMBUSTOLEO,0.0
CARTAGENA3,78,COMBUSTOLEO,0.0
CARTAGENA3,79,COMBUSTOLEO,0.0
CARTAGENA3,80,COMBUSTOLEO,0.0
CARTAGENA3,81,COMBUSTOLEO,0.0
CARTAGENA3,82,COMBUSTOLEO,0.0
CARTAGENA3,83,COMBUSTOLEO,0.0
CARTAGENA3,84,COMBUSTOLEO,0.0
CARTAGENA3,85,COMBUSTOLEO,0.0
CARTAGENA3,86,COMBUSTOLEO,0.0
CARTAGENA3,87,COMBUSTOLEO,0.0
CARTAGENA3,88,COMBUSTOLEO,0.0
CARTAGENA3,89,COMBUSTOLEO,0.0
CARTAGENA3,90,COMBUSTOLEO,0.0
CARTAGENA3,91,COMBUSTOLEO,0.0
CARTAGENA3,92,COMBUSTOLEO,0.0
CARTAGENA3,93,COMBUSTOLEO,0.0
CARTAGENA3,94,COMBUSTOLEO,0.0
CARTAGENA3,95,COMBUSTOLEO,0.0
CARTAGENA3,96,COMBUSTOLEO,0.0
CARTAGENA3,97,COMBUSTOLEO,0.0
CARTAGENA3,98,COMBUSTOLEO,0.0
CARTAGENA3,99,COMBUSTOLEO,0.0
CARTAGENA3,100,COMBUSTOLEO,0.0
CARTAGENA3,101,COMBUSTOLEO,0.0
CARTAGENA3,102,COMBUSTOLEO,0.0
CARTAGENA3,103,COMBUSTOLEO,0.0
CARTAGENA3,104,COMBUSTOLEO,0.0
CARTAGENA3,105,COMBUSTOLEO,0.0
CARTAGENA3,106,COMBUSTOLEO,0.0
CARTAGENA3,107,COMBUSTOLEO,0.0
CARTAGENA3,108,COMBUSTOLEO,0.0
CARTAGENA3,109,COMBUSTOLEO,0.0
CARTAGENA3,110,COMBUSTOLEO,0.0
CARTAGENA3,111,COMBUSTOLEO,0.0
CARTAGENA3,112,COMBUSTOLEO,0.0
CARTAGENA3,113,COMBUSTOLEO,0.0
CARTAGENA3,114,COMBUSTOLEO,0.0
CARTAGENA3,115,COMBUSTOLEO,0.0
CARTAGENA3,116,COMBUSTOLEO,0.0
CARTAGENA3,117,COMBUSTOLEO,0.0
CARTAGENA3,118,COMBUSTOLEO,0.0
CARTAGENA3,119,COMBUSTOLEO,0.0
CARTAGENA3,120,COMBUSTOLEO,0.0
CARTAGENA3,121,COMBUSTOLEO,0.0
CARTAGENA3,122,COMBUSTOLEO,0.0
CARTAGENA3,123,COMBUSTOLEO,0.0
CARTAGENA3,124,COMBUSTOLEO,0.0
CARTAGENA3,125,COMBUSTOLEO,0.0
CARTAGENA3,126,COMBUSTOLEO,0.0
CARTAGENA3,127,COMBUSTOLEO,0.0
CARTAGENA3,128,COMBUSTOLEO,0.0
CARTAGENA3,129,COMBUSTOLEO,0.0
CARTAGENA3,130,COMBUSTOLEO,0.0
CARTAGENA3,131,COMBUSTOLEO,0.0
CARTAGENA3,132,COMBUSTOLEO,0.0
CARTAGENA3,133,COMBUSTOLEO,0.0
CARTAGENA3,134,COMBUSTOLEO,0.0
CARTAGENA3,135,COMBUSTOLEO,0.0
CARTAGENA3,136,COMBUSTOLEO,0.0
CARTAGENA3,137,COMBUSTOLEO,0.0
CARTAGENA3,138,COMBUSTOLEO,0.0
CARTAGENA3,139,COMBUSTOLEO,0.0
CARTAGENA3,140,COMBUSTOLEO,0.0
CARTAGENA3,141,COMBUSTOLEO,0.0
CARTAGENA3,142,COMBUSTOLEO,0.0
CARTAGENA3,143,COMBUSTOLEO,0.0
CARTAGENA3,144,COMBUSTOLEO,0.0
CARTAGENA3,145,COMBUSTOLEO,0.0
CARTAGENA3,146,COMBUSTOLEO,0.0
CARTAGENA3,147,COMBUSTOLEO,0.0
CARTAGENA3,148,COMBUSTOLEO,0.0
CARTAGENA3,149,COMBUSTOLEO,0.0
CARTAGENA3,150,COMBUSTOLEO,0.0
CARTAGENA3,151,COMBUSTOLEO,0.0
CARTAGENA3,152,COMBUSTOLEO,0.0
CARTAGENA3,153,COMBUSTOLEO,0.0
CARTAGENA3,154,COMBUSTOLEO,0.0
CARTAGENA3,155,COMBUSTOLEO,0.0
CARTAGENA3,156,COMBUSTOLEO,0.0
CARTAGENA3,157,COMBUSTOLEO,0.0
CARTAGENA3,158,COMBUSTOLEO,0.0
CARTAGENA3,159,COMBUSTOLEO,0.0
CARTAGENA3,160,COMBUSTOLEO,0.0
CARTAGENA3,161,COMBUSTOLEO,0.0
CARTAGENA3,162,COMBUSTOLEO,0.0
CARTAGENA3,163,COMBUSTOLEO,0.0
CARTAGENA3,164,COMBUSTOLEO,0.0
CARTAGENA3,165,COMBUSTOLEO,0.0
CARTAGENA3,166,COMBUSTOLEO,0.0
CARTAGENA3,167,COMBUSTOLEO,0.0
CARTAGENA3,168,COMBUSTOLEO,0.0
CARTAGENA3,169,COMBUSTOLEO,0.0
CARTAGENA3,170,COMBUSTOLEO,0.0
CARTAGENA3,171,COMBUSTOLEO,0.0
CARTAGENA3,172,COMBUSTOLEO,0.0
CARTAGENA3,173,COMBUSTOLEO,0.0
CARTAGENA3,174,COMBUSTOLEO,0.0
CARTAGENA3,175,COMBUSTOLEO,0.0
CARTAGENA3,176,COMBUSTOLEO,0.0
CARTAGENA3,177,COMBUSTOLEO,0.0
CARTAGENA3,178,COMBUSTOLEO,0.0
CARTAGENA3,179,COMBUSTOLEO,0.0
CARTAGENA3,180,COMBUSTOLEO,0.0
CARTAGENA3,181,COMBUSTOLEO,0.0
CARTAGENA3,182,COMBUSTOLEO,0.0
CARTAGENA3,183,COMBUSTOLEO,0.0
CARTAGENA3,184,COMBUSTOLEO,0.0
CARTAGENA3,185,COMBUSTOLEO,0.0
CARTAGENA3,186,COMBUSTOLEO,0.0
CARTAGENA3,187,COMBUSTOLEO,0.0
CARTAGENA3,188,COMBUSTOLEO,0.0
CARTAGENA3,189,COMBUSTOLEO,0.0
CARTAGENA3,190,COMBUSTOLEO,0.0
CARTAGENA3,191,COMBUSTOLEO,0.0
CARTAGENA3,192,COMBUSTOLEO,0.0
CARTAGENA3,193,COMBUSTOLEO,0.0
CARTAGENA3,194,COMBUSTOLEO,0.0
CARTAGENA3,195,COMBUSTOLEO,0.0
CARTAGENA3,196,COMBUSTOLEO,0.0
CARTAGENA3,197,COMBUSTOLEO,0.0
CARTAGENA3,198,COMBUSTOLEO,0.0
CARTAGENA3,199,COMBUSTOLEO,0.0
CARTAGENA3,200,COMBUSTOLEO,0.0
CARTAGENA3,201,COMBUSTOLEO,0.0
CARTAGENA3,202,COMBUSTOLEO,0.0
CARTAGENA3,203,COMBUSTOLEO,0.0
CARTAGENA3,204,COMBUSTOLEO,0.0
CARTAGENA3,205,COMBUSTOLEO,0.0
CARTAGENA3,206,COMBUSTOLEO,0.0
CARTAGENA3,207,COMBUSTOLEO,0.0
CARTAGENA3,208,COMBUSTOLEO,0.0
CARTAGENA3,209,COMBUSTOLEO,0.0
CARTAGENA3,210,COMBUSTOLEO,0.0
CARTAGENA3,211,COMBUSTOLEO,0.0
CARTAGENA3,212,COMBUSTOLEO,0.0
CARTAGENA3,213,COMBUSTOLEO,0.0
CARTAGENA3,214,COMBUSTOLEO,0.0
CARTAGENA3,215,COMBUSTOLEO,0.0
CARTAGENA3,216,COMBUSTOLEO,0.0
CARTAGENA3,217,COMBUSTOLEO,0.0
CARTAGENA3,218,COMBUSTOLEO,0.0
CARTAGENA3,219,COMBUSTOLEO,0.0
CARTAGENA3,220,COMBUSTOLEO,0.0
CARTAGENA3,221,COMBUSTOLEO,0.0
CARTAGENA3,222,COMBUSTOLEO,0.0
CARTAGENA3,223,COMBUSTOLEO,0.0
CARTAGENA3,224,COMBUSTOLEO,0.0
CARTAGENA3,225,COMBUSTOLEO,0.0
CARTAGENA3,226,COMBUSTOLEO,0.0
CARTAGENA3,227,COMBUSTOLEO,0.0
CARTAGENA3,228,COMBUSTOLEO,0.0
CARTAGENA3,229,COMBUSTOLEO,0.0
CARTAGENA3,230,COMBUSTOLEO,0.0
CARTAGENA3,231,COMBUSTOLEO,0.0
CARTAGENA3,232,COMBUSTOLEO,0.0
CARTAGENA3,233,COMBUSTOLEO,0.0
CARTAGENA3,234,COMBUSTOLEO,0.0
CARTAGENA3,235,COMBUSTOLEO,0.0
CARTAGENA3,236,COMBUSTOLEO,0.0
CARTAGENA3,237,COMBUSTOLEO,0.0
CARTAGENA3,238,COMBUSTOLEO,0.0
CARTAGENA3,239,COMBUSTOLEO,0.0
CARTAGENA3,240,COMBUSTOLEO,0.0
CARTAGENA3,241,COMBUSTOLEO,0.0
CARTAGENA3,242,COMBUSTOLEO,0.0
CARTAGENA3,243,COMBUSTOLEO,0.0
CARTAGENA3,244,COMBUSTOLEO,0.0
CARTAGENA3,245,COMBUSTOLEO,0.0
CARTAGENA3,246,COMBUSTOLEO,0.0
CARTAGENA3,247,COMBUSTOLEO,0.0
CARTAGENA3,248,COMBUSTOLEO,0.0
CARTAGENA3,249,COMBUSTOLEO,0.0
CARTAGENA3,250,COMBUSTOLEO,0.0
CARTAGENA3,251,COMBUSTOLEO,0.0
CARTAGENA3,252,COMBUSTOLEO,0.0
CARTAGENA3,253,COMBUSTOLEO,0.0
CARTAGENA3,254,COMBUSTOLEO,0.0
CARTAGENA3,255,COMBUSTOLEO,0.0
CARTAGENA3,256,COMBUSTOLEO,0.0
CARTAGENA3,257,COMBUSTOLEO,0.0
CARTAGENA3,258,COMBUSTOLEO,0.0
CARTAGENA3,259,COMBUSTOLEO,0.0
CARTAGENA3,260,COMBUSTOLEO,0.0
CARTAGENA3,261,COMBUSTOLEO,0.0
CARTAGENA3,262,COMBUSTOLEO,0.0
CARTAGENA3,263,COMBUSTOLEO,0.0
CARTAGENA3,264,COMBUSTOLEO,0.0
CARTAGENA3,265,COMBUSTOLEO,0.0
CARTAGENA3,266,COMBUSTOLEO,0.0
CARTAGENA3,267,COMBUSTOLEO,0.0
CARTAGENA3,268,COMBUSTOLEO,0.0
CARTAGENA3,269,COMBUSTOLEO,0.0
CARTAGENA3,270,COMBUSTOLEO,0.0
CARTAGENA3,271,COMBUSTOLEO,0.0
CARTAGENA3,272,COMBUSTOLEO,0.0
CARTAGENA3,273,COMBUSTOLEO,0.0
CARTAGENA3,274,COMBUSTOLEO,0.0
CARTAGENA3,275,COMBUSTOLEO,0.0
CARTAGENA3,276,COMBUSTOLEO,0.0
CARTAGENA3,277,COMBUSTOLEO,0.0
CARTAGENA3,278,COMBUSTOLEO,0.0
CARTAGENA3,279,COMBUSTOLEO,0.0
CARTAGENA3,280,COMBUSTOLEO,0.0
CARTAGENA3,281,COMBUSTOLEO,0.0
CARTAGENA3,282,COMBUSTOLEO,0.0
CARTAGENA3,283,COMBUSTOLEO,0.0
CARTAGENA3,284,COMBUSTOLEO,0.0
CARTAGENA3,285,COMBUSTOLEO,0.0
CARTAGENA3,286,COMBUSTOLEO,0.0
CARTAGENA3,287,COMBUSTOLEO,0.0
CARTAGENA3,288,COMBUSTOLEO,0.0
CARTAGENA3,289,COMBUSTOLEO,0.0
CARTAGENA3,290,COMBUSTOLEO,0.0
CARTAGENA3,291,COMBUSTOLEO,0.0
CARTAGENA3,292,COMBUSTOLEO,0.0
CARTAGENA3,293,COMBUSTOLEO,0.0
CARTAGENA3,294,COMBUSTOLEO,0.0
CARTAGENA3,295,COMBUSTOLEO,0.0
CARTAGENA3,296,COMBUSTOLEO,0.0
CARTAGENA3,297,COMBUSTOLEO,0.0
CARTAGENA3,298,COMBUSTOLEO,0.0
CARTAGENA3,299,COMBUSTOLEO,0.0
CARTAGENA3,300,COMBUSTOLEO,0.0
CARTAGENA3,301,COMBUSTOLEO,0.0
CARTAGENA3,302,COMBUSTOLEO,0.0
CARTAGENA3,303,COMBUSTOLEO,0.0
CARTAGENA3,304,COMBUSTOLEO,0.0
CARTAGENA3,305,COMBUSTOLEO,0.0
CARTAGENA3,306,COMBUSTOLEO,0.0
CARTAGENA3,307,COMBUSTOLEO,0.0
CARTAGENA3,308,COMBUSTOLEO,0.0
CARTAGENA3,309,COMBUSTOLEO,0.0
CARTAGENA3,310,COMBUSTOLEO,0.0
CARTAGENA3,311,COMBUSTOLEO,0.0
CARTAGENA3,312,COMBUSTOLEO,0.0
CARTAGENA3,313,COMBUSTOLEO,0.0
CARTAGENA3,314,COMBUSTOLEO,0.0
CARTAGENA3,315,COMBUSTOLEO,0.0
CARTAGENA3,316,COMBUSTOLEO,0.0
CARTAGENA3,317,COMBUSTOLEO,0.0
CARTAGENA3,318,COMBUSTOLEO,0.0
CARTAGENA3,319,COMBUSTOLEO,0.0
CARTAGENA3,320,COMBUSTOLEO,0.0
CARTAGENA3,321,COMBUSTOLEO,0.0
CARTAGENA3,322,COMBUSTOLEO,0.0
CARTAGENA3,323,COMBUSTOLEO,0.0
CARTAGENA3,324,COMBUSTOLEO,0.0
CARTAGENA3,325,COMBUSTOLEO,0.0
CARTAGENA3,326,COMBUSTOLEO,0.0
CARTAGENA3,327,COMBUSTOLEO,0.0
CARTAGENA3,328,COMBUSTOLEO,0.0
CARTAGENA3,329,COMBUSTOLEO,0.0
CARTAGENA3,330,COMBUSTOLEO,0.0
CARTAGENA3,331,COMBUSTOLEO,0.0
CARTAGENA3,332,COMBUSTOLEO,0.0
CARTAGENA3,333,COMBUSTOLEO,0.0
CARTAGENA3,334,COMBUSTOLEO,0.0
CARTAGENA3,335,COMBUSTOLEO,0.0
CARTAGENA3,336,COMBUSTOLEO,0.0
CARTAGENA3,337,COMBUSTOLEO,0.0
CARTAGENA3,338,COMBUSTOLEO,0.0
CARTAGENA3,339,COMBUSTOLEO,0.0
CARTAGENA3,340,COMBUSTOLEO,0.0
CARTAGENA3,341,COMBUSTOLEO,0.0
CARTAGENA3,342,COMBUSTOLEO,0.0
CARTAGENA3,343,COMBUSTOLEO,0.0
CARTAGENA3,344,COMBUSTOLEO,0.0
CARTAGENA3,345,COMBUSTOLEO,0.0
CARTAGENA3,346,COMBUSTOLEO,0.0
CARTAGENA3,347,COMBUSTOLEO,0.0
CARTAGENA3,348,COMBUSTOLEO,0.0
CARTAGENA3,349,COMBUSTOLEO,0.0
CARTAGENA3,350,COMBUSTOLEO,0.0
CARTAGENA3,351,COMBUSTOLEO,0.0
CARTAGENA3,352,COMBUSTOLEO,0.0
CARTAGENA3,353,COMBUSTOLEO,0.0
CARTAGENA3,354,COMBUSTOLEO,0.0
CARTAGENA3,355,COMBUSTOLEO,0.0
CARTAGENA3,356,COMBUSTOLEO,0.0
CARTAGENA3,357,COMBUSTOLEO,0.0
CARTAGENA3,358,COMBUSTOLEO,0.0
CARTAGENA3,359,COMBUSTOLEO,0.0
CARTAGENA3,360,COMBUSTOLEO,0.0
CARTAGENA3,361,COMBUSTOLEO,0.0
CARTAGENA3,362,COMBUSTOLEO,0.0
CARTAGENA3,363,COMBUSTOLEO,0.0
CARTAGENA3,364,COMBUSTOLEO,0.0
CARTAGENA3,365,COMBUSTOLEO,0.0
CARTAGENA3,366,COMBUSTOLEO,0.0
CARTAGENA3,367,COMBUSTOLEO,0.0
CARTAGENA3,368,COMBUSTOLEO,0.0
CARTAGENA3,369,COMBUSTOLEO,0.0
CARTAGENA3,370,COMBUSTOLEO,0.0
CARTAGENA3,371,COMBUSTOLEO,0.0
CARTAGENA3,372,COMBUSTOLEO,0.0
CARTAGENA3,373,COMBUSTOLEO,0.0
CARTAGENA3,374,COMBUSTOLEO,0.0
CARTAGENA3,375,COMBUSTOLEO,0.0
CARTAGENA3,376,COMBUSTOLEO,0.0
CARTAGENA3,377,COMBUSTOLEO,0.0
CARTAGENA3,378,COMBUSTOLEO,0.0
CARTAGENA3,379,COMBUSTOLEO,0.0
CARTAGENA3,380,COMBUSTOLEO,0.0
CARTAGENA3,381,COMBUSTOLEO,0.0
CARTAGENA3,382,COMBUSTOLEO,0.0
CARTAGENA3,383,COMBUSTOLEO,0.0
CARTAGENA3,384,COMBUSTOLEO,0.0
ELTESORITO,1,GASNACIO,0.0
ELTESORITO,2,GASNACIO,0.0
ELTESORITO,3,GASNACIO,0.0
ELTESORITO,4,GASNACIO,0.0
ELTESORITO,5,GASNACIO,0.0
ELTESORITO,6,GASNACIO,0.0
ELTESORITO,7,GASNACIO,0.0
ELTESORITO,8,GASNACIO,0.0
ELTESORITO,9,GASNACIO,0.0
ELTESORITO,10,GASNACIO,0.0
ELTESORITO,11,GASNACIO,0.0
ELTESORITO,12,GASNACIO,0.0
ELTESORITO,13,GASNACIO,0.0
ELTESORITO,14,GASNACIO,0.0
ELTESORITO,15,GASNACIO,0.0
ELTESORITO,16,GASNACIO,0.0
ELTESORITO,17,GASNACIO,0.0
ELTESORITO,18,GASNACIO,0.0
ELTESORITO,19,GASNACIO,0.0
ELTESORITO,20,GASNACIO,0.0
ELTESORITO,21,GASNACIO,0.0
ELTESORITO,22,GASNACIO,0.0
ELTESORITO,23,GASNACIO,0.0
ELTESORITO,24,GASNACIO,0.0
ELTESORITO,25,GASNACIO,0.0
ELTESORITO,26,GASNACIO,0.0
ELTESORITO,27,GASNACIO,0.0
ELTESORITO,28,GASNACIO,0.0
ELTESORITO,29,GASNACIO,0.0
ELTESORITO,30,GASNACIO,0.0
ELTESORITO,31,GASNACIO,0.0
ELTESORITO,32,GASNACIO,0.0
ELTESORITO,33,GASNACIO,0.0
ELTESORITO,34,GASNACIO,0.0
ELTESORITO,35,GASNACIO,0.0
ELTESORITO,36,GASNACIO,0.0
ELTESORITO,37,GASNACIO,0.0
ELTESORITO,38,GASNACIO,0.0
ELTESORITO,39,GASNACIO,0.0
ELTESORITO,40,GASNACIO,0.0
ELTESORITO,41,GASNACIO,0.0
ELTESORITO,42,GASNACIO,0.0
ELTESORITO,43,GASNACIO,0.0
ELTESORITO,44,GASNACIO,0.0
ELTESORITO,45,GASNACIO,0.0
ELTESORITO,46,GASNACIO,0.0
ELTESORITO,47,GASNACIO,0.0
ELTESORITO,48,GASNACIO,0.0
ELTESORITO,49,GASNACIO,0.0
ELTESORITO,50,GASNACIO,0.0
ELTESORITO,51,GASNACIO,0.0
ELTESORITO,52,GASNACIO,0.0
ELTESORITO,53,GASNACIO,0.0
ELTESORITO,54,GASNACIO,0.0
ELTESORITO,55,GASNACIO,0.0
ELTESORITO,56,GASNACIO,0.0
ELTESORITO,57,GASNACIO,0.0
ELTESORITO,58,GASNACIO,0.0
ELTESORITO,59,GASNACIO,0.0
ELTESORITO,60,GASNACIO,0.0
ELTESORITO,61,GASNACIO,0.0
ELTESORITO,62,GASNACIO,0.0
ELTESORITO,63,GASNACIO,0.0
ELTESORITO,64,GASNACIO,0.0
ELTESORITO,65,GASNACIO,0.0
ELTESORITO,66,GASNACIO,0.0
ELTESORITO,67,GASNACIO,0.0
ELTESORITO,68,GASNACIO,0.0
ELTESORITO,69,GASNACIO,0.0
ELTESORITO,70,GASNACIO,0.0
ELTESORITO,71,GASNACIO,0.0
ELTESORITO,72,GASNACIO,0.0
ELTESORITO,73,GASNACIO,0.0
ELTESORITO,74,GASNACIO,0.0
ELTESORITO,75,GASNACIO,0.0
ELTESORITO,76,GASNACIO,0.0
ELTESORITO,77,GASNACIO,0.0
ELTESORITO,78,GASNACIO,0.0
ELTESORITO,79,GASNACIO,0.0
ELTESORITO,80,GASNACIO,0.0
ELTESORITO,81,GASNACIO,0.0
ELTESORITO,82,GASNACIO,0.0
ELTESORITO,83,GASNACIO,0.0
ELTESORITO,84,GASNACIO,0.0
ELTESORITO,85,GASNACIO,0.0
ELTESORITO,86,GASNACIO,0.0
ELTESORITO,87,GASNACIO,0.0
ELTESORITO,88,GASNACIO,0.0
ELTESORITO,89,GASNACIO,0.0
ELTESORITO,90,GASNACIO,0.0
ELTESORITO,91,GASNACIO,0.0
ELTESORITO,92,GASNACIO,0.0
ELTESORITO,93,GASNACIO,0.0
ELTESORITO,94,GASNACIO,0.0
ELTESORITO,95,GASNACIO,0.0
ELTESORITO,96,GASNACIO,0.0
ELTESORITO,97,GASNACIO,0.0
ELTESORITO,98,GASNACIO,0.0
ELTESORITO,99,GASNACIO,0.0
ELTESORITO,100,GASNACIO,0.0
ELTESORITO,101,GASNACIO,0.0
ELTESORITO,102,GASNACIO,0.0
ELTESORITO,103,GASNACIO,0.0
ELTESORITO,104,GASNACIO,0.0
ELTESORITO,105,GASNACIO,0.0
ELTESORITO,106,GASNACIO,0.0
ELTESORITO,107,GASNACIO,0.0
ELTESORITO,108,GASNACIO,0.0
ELTESORITO,109,GASNACIO,0.0
ELTESORITO,110,GASNACIO,0.0
ELTESORITO,111,GASNACIO,0.0
ELTESORITO,112,GASNACIO,0.0
ELTESORITO,113,GASNACIO,0.0
ELTESORITO,114,GASNACIO,0.0
ELTESORITO,115,GASNACIO,0.0
ELTESORITO,116,GASNACIO,0.0
ELTESORITO,117,GASNACIO,0.0
ELTESORITO,118,GASNACIO,0.0
ELTESORITO,119,GASNACIO,0.0
ELTESORITO,120,GASNACIO,0.0
ELTESORITO,121,GASNACIO,0.0
ELTESORITO,122,GASNACIO,0.0
ELTESORITO,123,GASNACIO,0.0
ELTESORITO,124,GASNACIO,0.0
ELTESORITO,125,GASNACIO,0.0
ELTESORITO,126,GASNACIO,0.0
ELTESORITO,127,GASNACIO,0.0
ELTESORITO,128,GASNACIO,0.0
ELTESORITO,129,GASNACIO,0.0
ELTESORITO,130,GASNACIO,0.0
ELTESORITO,131,GASNACIO,0.0
ELTESORITO,132,GASNACIO,0.0
ELTESORITO,133,GASNACIO,0.0
ELTESORITO,134,GASNACIO,0.0
ELTESORITO,135,GASNACIO,0.0
ELTESORITO,136,GASNACIO,0.0
ELTESORITO,137,GASNACIO,0.0
ELTESORITO,138,GASNACIO,0.0
ELTESORITO,139,GASNACIO,0.0
ELTESORITO,140,GASNACIO,0.0
ELTESORITO,141,GASNACIO,0.0
ELTESORITO,142,GASNACIO,0.0
ELTESORITO,143,GASNACIO,0.0
ELTESORITO,144,GASNACIO,0.0
ELTESORITO,145,GASNACIO,0.0
ELTESORITO,146,GASNACIO,0.0
ELTESORITO,147,GASNACIO,0.0
ELTESORITO,148,GASNACIO,0.0
ELTESORITO,149,GASNACIO,0.0
ELTESORITO,150,GASNACIO,0.0
ELTESORITO,151,GASNACIO,0.0
ELTESORITO,152,GASNACIO,0.0
ELTESORITO,153,GASNACIO,0.0
ELTESORITO,154,GASNACIO,0.0
ELTESORITO,155,GASNACIO,0.0
ELTESORITO,156,GASNACIO,0.0
ELTESORITO,157,GASNACIO,0.0
ELTESORITO,158,GASNACIO,0.0
ELTESORITO,159,GASNACIO,0.0
ELTESORITO,160,GASNACIO,0.0
ELTESORITO,161,GASNACIO,0.0
ELTESORITO,162,GASNACIO,0.0
ELTESORITO,163,GASNACIO,0.0
ELTESORITO,164,GASNACIO,0.0
ELTESORITO,165,GASNACIO,0.0
ELTESORITO,166,GASNACIO,0.0
ELTESORITO,167,GASNACIO,0.0
ELTESORITO,168,GASNACIO,0.0
ELTESORITO,169,GASNACIO,0.0
ELTESORITO,170,GASNACIO,0.0
ELTESORITO,171,GASNACIO,0.0
ELTESORITO,172,GASNACIO,0.0
ELTESORITO,173,GASNACIO,0.0
ELTESORITO,174,GASNACIO,0.0
ELTESORITO,175,GASNACIO,0.0
ELTESORITO,176,GASNACIO,0.0
ELTESORITO,177,GASNACIO,0.0
ELTESORITO,178,GASNACIO,0.0
ELTESORITO,179,GASNACIO,0.0
ELTESORITO,180,GASNACIO,0.0
ELTESORITO,181,GASNACIO,0.0
ELTESORITO,182,GASNACIO,0.0
ELTESORITO,183,GASNACIO,0.0
ELTESORITO,184,GASNACIO,0.0
ELTESORITO,185,GASNACIO,0.0
ELTESORITO,186,GASNACIO,0.0
ELTESORITO,187,GASNACIO,0.0
ELTESORITO,188,GASNACIO,0.0
ELTESORITO,189,GASNACIO,0.0
ELTESORITO,190,GASNACIO,0.0
ELTESORITO,191,GASNACIO,0.0
ELTESORITO,192,GASNACIO,0.0
ELTESORITO,193,GASNACIO,0.0
ELTESORITO,194,GASNACIO,0.0
ELTESORITO,195,GASNACIO,0.0
ELTESORITO,196,GASNACIO,0.0
ELTESORITO,197,GASNACIO,0.0
ELTESORITO,198,GASNACIO,0.0
ELTESORITO,199,GASNACIO,0.0
ELTESORITO,200,GASNACIO,0.0
ELTESORITO,201,GASNACIO,0.0
ELTESORITO,202,GASNACIO,0.0
ELTESORITO,203,GASNACIO,0.0
ELTESORITO,204,GASNACIO,0.0
ELTESORITO,205,GASNACIO,0.0
ELTESORITO,206,GASNACIO,0.0
ELTESORITO,207,GASNACIO,0.0
ELTESORITO,208,GASNACIO,0.0
ELTESORITO,209,GASNACIO,0.0
ELTESORITO,210,GASNACIO,0.0
ELTESORITO,211,GASNACIO,0.0
ELTESORITO,212,GASNACIO,0.0
ELTESORITO,213,GASNACIO,0.0
ELTESORITO,214,GASNACIO,0.0
ELTESORITO,215,GASNACIO,0.0
ELTESORITO,216,GASNACIO,0.0
ELTESORITO,217,GASNACIO,0.0
ELTESORITO,218,GASNACIO,0.0
ELTESORITO,219,GASNACIO,0.0
ELTESORITO,220,GASNACIO,0.0
ELTESORITO,221,GASNACIO,0.0
ELTESORITO,222,GASNACIO,0.0
ELTESORITO,223,GASNACIO,0.0
ELTESORITO,224,GASNACIO,0.0
ELTESORITO,225,GASNACIO,0.0
ELTESORITO,226,GASNACIO,0.0
ELTESORITO,227,GASNACIO,0.0
ELTESORITO,228,GASNACIO,0.0
ELTESORITO,229,GASNACIO,0.0
ELTESORITO,230,GASNACIO,0.0
ELTESORITO,231,GASNACIO,0.0
ELTESORITO,232,GASNACIO,0.0
ELTESORITO,233,GASNACIO,0.0
ELTESORITO,234,GASNACIO,0.0
ELTESORITO,235,GASNACIO,0.0
ELTESORITO,236,GASNACIO,0.0
ELTESORITO,237,GASNACIO,0.0
ELTESORITO,238,GASNACIO,0.0
ELTESORITO,239,GASNACIO,0.0
ELTESORITO,240,GASNACIO,0.0
ELTESORITO,241,GASNACIO,0.0
ELTESORITO,242,GASNACIO,0.0
ELTESORITO,243,GASNACIO,0.0
ELTESORITO,244,GASNACIO,0.0
ELTESORITO,245,GASNACIO,0.0
ELTESORITO,246,GASNACIO,0.0
ELTESORITO,247,GASNACIO,0.0
ELTESORITO,248,GASNACIO,0.0
ELTESORITO,249,GASNACIO,0.0
ELTESORITO,250,GASNACIO,0.0
ELTESORITO,251,GASNACIO,0.0
ELTESORITO,252,GASNACIO,0.0
ELTESORITO,253,GASNACIO,0.0
ELTESORITO,254,GASNACIO,0.0
ELTESORITO,255,GASNACIO,0.0
ELTESORITO,256,GASNACIO,0.0
ELTESORITO,257,GASNACIO,0.0
ELTESORITO,258,GASNACIO,0.0
ELTESORITO,259,GASNACIO,0.0
ELTESORITO,260,GASNACIO,0.0
ELTESORITO,261,GASNACIO,0.0
ELTESORITO,262,GASNACIO,0.0
ELTESORITO,263,GASNACIO,0.0
ELTESORITO,264,GASNACIO,0.0
ELTESORITO,265,GASNACIO,0.0
ELTESORITO,266,GASNACIO,0.0
ELTESORITO,267,GASNACIO,0.0
ELTESORITO,268,GASNACIO,0.0
ELTESORITO,269,GASNACIO,0.0
ELTESORITO,270,GASNACIO,0.0
ELTESORITO,271,GASNACIO,0.0
ELTESORITO,272,GASNACIO,0.0
ELTESORITO,273,GASNACIO,0.0
ELTESORITO,274,GASNACIO,0.0
ELTESORITO,275,GASNACIO,0.0
ELTESORITO,276,GASNACIO,0.0
ELTESORITO,277,GASNACIO,0.0
ELTESORITO,278,GASNACIO,0.0
ELTESORITO,279,GASNACIO,0.0
ELTESORITO,280,GASNACIO,0.0
ELTESORITO,281,GASNACIO,0.0
ELTESORITO,282,GASNACIO,0.0
ELTESORITO,283,GASNACIO,0.0
ELTESORITO,284,GASNACIO,0.0
ELTESORITO,285,GASNACIO,0.0
ELTESORITO,286,GASNACIO,0.0
ELTESORITO,287,GASNACIO,0.0
ELTESORITO,288,GASNACIO,0.0
ELTESORITO,289,GASNACIO,0.0
ELTESORITO,290,GASNACIO,0.0
ELTESORITO,291,GASNACIO,0.0
ELTESORITO,292,GASNACIO,0.0
ELTESORITO,293,GASNACIO,0.0
ELTESORITO,294,GASNACIO,0.0
ELTESORITO,295,GASNACIO,0.0
ELTESORITO,296,GASNACIO,0.0
ELTESORITO,297,GASNACIO,0.0
ELTESORITO,298,GASNACIO,0.0
ELTESORITO,299,GASNACIO,0.0
ELTESORITO,300,GASNACIO,0.0
ELTESORITO,301,GASNACIO,0.0
ELTESORITO,302,GASNACIO,0.0
ELTESORITO,303,GASNACIO,0.0
ELTESORITO,304,GASNACIO,0.0
ELTESORITO,305,GASNACIO,0.0
ELTESORITO,306,GASNACIO,0.0
ELTESORITO,307,GASNACIO,0.0
ELTESORITO,308,GASNACIO,0.0
ELTESORITO,309,GASNACIO,0.0
ELTESORITO,310,GASNACIO,0.0
ELTESORITO,311,GASNACIO,0.0
ELTESORITO,312,GASNACIO,0.0
ELTESORITO,313,GASNACIO,0.0
ELTESORITO,314,GASNACIO,0.0
ELTESORITO,315,GASNACIO,0.0
ELTESORITO,316,GASNACIO,0.0
ELTESORITO,317,GASNACIO,0.0
ELTESORITO,318,GASNACIO,0.0
ELTESORITO,319,GASNACIO,0.0
ELTESORITO,320,GASNACIO,0.0
ELTESORITO,321,GASNACIO,0.0
ELTESORITO,322,GASNACIO,0.0
ELTESORITO,323,GASNACIO,0.0
ELTESORITO,324,GASNACIO,0.0
ELTESORITO,325,GASNACIO,0.0
ELTESORITO,326,GASNACIO,0.0
ELTESORITO,327,GASNACIO,0.0
ELTESORITO,328,GASNACIO,0.0
ELTESORITO,329,GASNACIO,0.0
ELTESORITO,330,GASNACIO,0.0
ELTESORITO,331,GASNACIO,0.0
ELTESORITO,332,GASNACIO,0.0
ELTESORITO,333,GASNACIO,0.0
ELTESORITO,334,GASNACIO,0.0
ELTESORITO,335,GASNACIO,0.0
ELTESORITO,336,GASNACIO,0.0
ELTESORITO,337,GASNACIO,0.0
ELTESORITO,338,GASNACIO,0.0
ELTESORITO,339,GASNACIO,0.0
ELTESORITO,340,GASNACIO,0.0
ELTESORITO,341,GASNACIO,0.0
ELTESORITO,342,GASNACIO,0.0
ELTESORITO,343,GASNACIO,0.0
ELTESORITO,344,GASNACIO,0.0
ELTESORITO,345,GASNACIO,0.0
ELTESORITO,346,GASNACIO,0.0
ELTESORITO,347,GASNACIO,0.0
ELTESORITO,348,GASNACIO,0.0
ELTESORITO,349,GASNACIO,0.0
ELTESORITO,350,GASNACIO,0.0
ELTESORITO,351,GASNACIO,0.0
ELTESORITO,352,GASNACIO,0.0
ELTESORITO,353,GASNACIO,0.0
ELTESORITO,354,GASNACIO,0.0
ELTESORITO,355,GASNACIO,0.0
ELTESORITO,356,GASNACIO,0.0
ELTESORITO,357,GASNACIO,0.0
ELTESORITO,358,GASNACIO,0.0
ELTESORITO,359,GASNACIO,0.0
ELTESORITO,360,GASNACIO,0.0
ELTESORITO,361,GASNACIO,0.0
ELTESORITO,362,GASNACIO,0.0
ELTESORITO,363,GASNACIO,0.0
ELTESORITO,364,GASNACIO,0.0
ELTESORITO,365,GASNACIO,0.0
ELTESORITO,366,GASNACIO,0.0
ELTESORITO,367,GASNACIO,0.0
ELTESORITO,368,GASNACIO,0.0
ELTESORITO,369,GASNACIO,0.0
ELTESORITO,370,GASNACIO,0.0
ELTESORITO,371,GASNACIO,0.0
ELTESORITO,372,GASNACIO,0.0
ELTESORITO,373,GASNACIO,0.0
ELTESORITO,374,GASNACIO,0.0
ELTESORITO,375,GASNACIO,0.0
ELTESORITO,376,GASNACIO,0.0
ELTESORITO,377,GASNACIO,0.0
ELTESORITO,378,GASNACIO,0.0
ELTESORITO,379,GASNACIO,0.0
ELTESORITO,380,GASNACIO,0.0
ELTESORITO,381,GASNACIO,0.0
ELTESORITO,382,GASNACIO,0.0
ELTESORITO,383,GASNACIO,0.0
ELTESORITO,384,GASNACIO,0.0
FLORES 1,1,GASIMPOR,0.0
FLORES 1,2,GASIMPOR,0.0
FLORES 1,3,GASIMPOR,0.0
FLORES 1,4,GASIMPOR,0.0
FLORES 1,5,GASIMPOR,0.0
FLORES 1,6,GASIMPOR,0.0
FLORES 1,7,GASIMPOR,0.0
FLORES 1,8,GASIMPOR,0.0
FLORES 1,9,GASIMPOR,0.0
FLORES 1,10,GASIMPOR,0.0
FLORES 1,11,GASIMPOR,0.0
FLORES 1,12,GASIMPOR,0.0
FLORES 1,13,GASIMPOR,0.0
FLORES 1,14,GASIMPOR,0.0
FLORES 1,15,GASIMPOR,0.0
FLORES 1,16,GASIMPOR,0.0
FLORES 1,17,GASIMPOR,0.0
FLORES 1,18,GASIMPOR,0.0
FLORES 1,19,GASIMPOR,0.0
FLORES 1,20,GASIMPOR,0.0
FLORES 1,21,GASIMPOR,0.0
FLORES 1,22,GASIMPOR,0.0
FLORES 1,23,GASIMPOR,0.0
FLORES 1,24,GASIMPOR,0.0
FLORES 1,25,GASIMPOR,0.0
FLORES 1,26,GASIMPOR,0.0
FLORES 1,27,GASIMPOR,0.0
FLORES 1,28,GASIMPOR,0.0
FLORES 1,29,GASIMPOR,0.0
FLORES 1,30,GASIMPOR,0.0
FLORES 1,31,GASIMPOR,0.0
FLORES 1,32,GASIMPOR,0.0
FLORES 1,33,GASIMPOR,0.0
FLORES 1,34,GASIMPOR,0.0
FLORES 1,35,GASIMPOR,0.0
FLORES 1,36,GASIMPOR,0.0
FLORES 1,37,GASIMPOR,0.0
FLORES 1,38,GASIMPOR,0.0
FLORES 1,39,GASIMPOR,0.0
FLORES 1,40,GASIMPOR,0.0
FLORES 1,41,GASIMPOR,0.0
FLORES 1,42,GASIMPOR,0.0
FLORES 1,43,GASIMPOR,0.0
FLORES 1,44,GASIMPOR,0.0
FLORES 1,45,GASIMPOR,0.0
FLORES 1,46,GASIMPOR,0.0
FLORES 1,47,GASIMPOR,0.0
FLORES 1,48,GASIMPOR,0.0
FLORES 1,49,GASIMPOR,0.0
FLORES 1,50,GASIMPOR,0.0
FLORES 1,51,GASIMPOR,0.0
FLORES 1,52,GASIMPOR,0.0
FLORES 1,53,GASIMPOR,0.0
FLORES 1,54,GASIMPOR,0.0
FLORES 1,55,GASIMPOR,0.0
FLORES 1,56,GASIMPOR,0.0
FLORES 1,57,GASIMPOR,0.0
FLORES 1,58,GASIMPOR,0.0
FLORES 1,59,GASIMPOR,0.0
FLORES 1,60,GASIMPOR,0.0
FLORES 1,61,GASIMPOR,0.0
FLORES 1,62,GASIMPOR,0.0
FLORES 1,63,GASIMPOR,0.0
FLORES 1,64,GASIMPOR,0.0
FLORES 1,65,GASIMPOR,0.0
FLORES 1,66,GASIMPOR,0.0
FLORES 1,67,GASIMPOR,0.0
FLORES 1,68,GASIMPOR,0.0
FLORES 1,69,GASIMPOR,0.0
FLORES 1,70,GASIMPOR,0.0
FLORES 1,71,GASIMPOR,0.0
FLORES 1,72,GASIMPOR,0.0
FLORES 1,73,GASIMPOR,0.0
FLORES 1,74,GASIMPOR,0.0
FLORES 1,75,GASIMPOR,0.0
FLORES 1,76,GASIMPOR,0.0
FLORES 1,77,GASIMPOR,0.0
FLORES 1,78,GASIMPOR,0.0
FLORES 1,79,GASIMPOR,0.0
FLORES 1,80,GASIMPOR,0.0
FLORES 1,81,GASIMPOR,0.0
FLORES 1,82,GASIMPOR,0.0
FLORES 1,83,GASIMPOR,0.0
FLORES 1,84,GASIMPOR,0.0
FLORES 1,85,GASIMPOR,0.0
FLORES 1,86,GASIMPOR,0.0
FLORES 1,87,GASIMPOR,0.0
FLORES 1,88,GASIMPOR,0.0
FLORES 1,89,GASIMPOR,0.0
FLORES 1,90,GASIMPOR,0.0
FLORES 1,91,GASIMPOR,0.0
FLORES 1,92,GASIMPOR,0.0
FLORES 1,93,GASIMPOR,0.0
FLORES 1,94,GASIMPOR,0.0
FLORES 1,95,GASIMPOR,0.0
FLORES 1,96,GASIMPOR,0.0
FLORES 1,97,GASIMPOR,0.0
FLORES 1,98,GASIMPOR,0.0
FLORES 1,99,GASIMPOR,0.0
FLORES 1,100,GASIMPOR,0.0
FLORES 1,101,GASIMPOR,0.0
FLORES 1,102,GASIMPOR,0.0
FLORES 1,103,GASIMPOR,0.0
FLORES 1,104,GASIMPOR,0.0
FLORES 1,105,GASIMPOR,0.0
FLORES 1,106,GASIMPOR,0.0
FLORES 1,107,GASIMPOR,0.0
FLORES 1,108,GASIMPOR,0.0
FLORES 1,109,GASIMPOR,0.0
FLORES 1,110,GASIMPOR,0.0
FLORES 1,111,GASIMPOR,0.0
FLORES 1,112,GASIMPOR,0.0
FLORES 1,113,GASIMPOR,0.0
FLORES 1,114,GASIMPOR,0.0
FLORES 1,115,GASIMPOR,0.0
FLORES 1,116,GASIMPOR,0.0
FLORES 1,117,GASIMPOR,0.0
FLORES 1,118,GASIMPOR,0.0
FLORES 1,119,GASIMPOR,0.0
FLORES 1,120,GASIMPOR,0.0
FLORES 1,121,GASIMPOR,0.0
FLORES 1,122,GASIMPOR,0.0
FLORES 1,123,GASIMPOR,0.0
FLORES 1,124,GASIMPOR,0.0
FLORES 1,125,GASIMPOR,0.0
FLORES 1,126,GASIMPOR,0.0
FLORES 1,127,GASIMPOR,0.0
FLORES 1,128,GASIMPOR,0.0
FLORES 1,129,GASIMPOR,0.0
FLORES 1,130,GASIMPOR,0.0
FLORES 1,131,GASIMPOR,0.0
FLORES 1,132,GASIMPOR,0.0
FLORES 1,133,GASIMPOR,0.0
FLORES 1,134,GASIMPOR,0.0
FLORES 1,135,GASIMPOR,0.0
FLORES 1,136,GASIMPOR,0.0
FLORES 1,137,GASIMPOR,0.0
FLORES 1,138,GASIMPOR,0.0
FLORES 1,139,GASIMPOR,0.0
FLORES 1,140,GASIMPOR,0.0
FLORES 1,141,GASIMPOR,0.0
FLORES 1,142,GASIMPOR,0.0
FLORES 1,143,GASIMPOR,0.0
FLORES 1,144,GASIMPOR,0.0
FLORES 1,145,GASIMPOR,0.0
FLORES 1,146,GASIMPOR,0.0
FLORES 1,147,GASIMPOR,0.0
FLORES 1,148,GASIMPOR,0.0
FLORES 1,149,GASIMPOR,0.0
FLORES 1,150,GASIMPOR,0.0
FLORES 1,151,GASIMPOR,0.0
FLORES 1,152,GASIMPOR,0.0
FLORES 1,153,GASIMPOR,0.0
FLORES 1,154,GASIMPOR,0.0
FLORES 1,155,GASIMPOR,0.0
FLORES 1,156,GASIMPOR,0.0
FLORES 1,157,GASIMPOR,0.0
FLORES 1,158,GASIMPOR,0.0
FLORES 1,159,GASIMPOR,0.0
FLORES 1,160,GASIMPOR,0.0
FLORES 1,161,GASIMPOR,0.0
FLORES 1,162,GASIMPOR,0.0
FLORES 1,163,GASIMPOR,0.0
FLORES 1,164,GASIMPOR,0.0
FLORES 1,165,GASIMPOR,0.0
FLORES 1,166,GASIMPOR,0.0
FLORES 1,167,GASIMPOR,0.0
FLORES 1,168,GASIMPOR,0.0
FLORES 1,169,GASIMPOR,0.0
FLORES 1,170,GASIMPOR,0.0
FLORES 1,171,GASIMPOR,0.0
FLORES 1,172,GASIMPOR,0.0
FLORES 1,173,GASIMPOR,0.0
FLORES 1,174,GASIMPOR,0.0
FLORES 1,175,GASIMPOR,0.0
FLORES 1,176,GASIMPOR,0.0
FLORES 1,177,GASIMPOR,0.0
FLORES 1,178,GASIMPOR,0.0
FLORES 1,179,GASIMPOR,0.0
FLORES 1,180,GASIMPOR,0.0
FLORES 1,181,GASIMPOR,0.0
FLORES 1,182,GASIMPOR,0.0
FLORES 1,183,GASIMPOR,0.0
FLORES 1,184,GASIMPOR,0.0
FLORES 1,185,GASIMPOR,0.0
FLORES 1,186,GASIMPOR,0.0
FLORES 1,187,GASIMPOR,0.0
FLORES 1,188,GASIMPOR,0.0
FLORES 1,189,GASIMPOR,0.0
FLORES 1,190,GASIMPOR,0.0
FLORES 1,191,GASIMPOR,0.0
FLORES 1,192,GASIMPOR,0.0
FLORES 1,193,GASIMPOR,0.0
FLORES 1,194,GASIMPOR,0.0
FLORES 1,195,GASIMPOR,0.0
FLORES 1,196,GASIMPOR,0.0
FLORES 1,197,GASIMPOR,0.0
FLORES 1,198,GASIMPOR,0.0
FLORES 1,199,GASIMPOR,0.0
FLORES 1,200,GASIMPOR,0.0
FLORES 1,201,GASIMPOR,0.0
FLORES 1,202,GASIMPOR,0.0
FLORES 1,203,GASIMPOR,0.0
FLORES 1,204,GASIMPOR,0.0
FLORES 1,205,GASIMPOR,0.0
FLORES 1,206,GASIMPOR,0.0
FLORES 1,207,GASIMPOR,0.0
FLORES 1,208,GASIMPOR,0.0
FLORES 1,209,GASIMPOR,0.0
FLORES 1,210,GASIMPOR,0.0
FLORES 1,211,GASIMPOR,0.0
FLORES 1,212,GASIMPOR,0.0
FLORES 1,213,GASIMPOR,0.0
FLORES 1,214,GASIMPOR,0.0
FLORES 1,215,GASIMPOR,0.0
FLORES 1,216,GASIMPOR,0.0
FLORES 1,217,GASIMPOR,0.0
FLORES 1,218,GASIMPOR,0.0
FLORES 1,219,GASIMPOR,0.0
FLORES 1,220,GASIMPOR,0.0
FLORES 1,221,GASIMPOR,0.0
FLORES 1,222,GASIMPOR,0.0
FLORES 1,223,GASIMPOR,0.0
FLORES 1,224,GASIMPOR,0.0
FLORES 1,225,GASIMPOR,0.0
FLORES 1,226,GASIMPOR,0.0
FLORES 1,227,GASIMPOR,0.0
FLORES 1,228,GASIMPOR,0.0
FLORES 1,229,GASIMPOR,0.0
FLORES 1,230,GASIMPOR,0.0
FLORES 1,231,GASIMPOR,0.0
FLORES 1,232,GASIMPOR,0.0
FLORES 1,233,GASIMPOR,0.0
FLORES 1,234,GASIMPOR,0.0
FLORES 1,235,GASIMPOR,0.0
FLORES 1,236,GASIMPOR,0.0
FLORES 1,237,GASIMPOR,0.0
FLORES 1,238,GASIMPOR,0.0
FLORES 1,239,GASIMPOR,0.0
FLORES 1,240,GASIMPOR,0.0
FLORES 1,241,GASIMPOR,0.0
FLORES 1,242,GASIMPOR,0.0
FLORES 1,243,GASIMPOR,0.0
FLORES 1,244,GASIMPOR,0.0
FLORES 1,245,GASIMPOR,0.0
FLORES 1,246,GASIMPOR,0.0
FLORES 1,247,GASIMPOR,0.0
FLORES 1,248,GASIMPOR,0.0
FLORES 1,249,GASIMPOR,0.0
FLORES 1,250,GASIMPOR,0.0
FLORES 1,251,GASIMPOR,0.0
FLORES 1,252,GASIMPOR,0.0
FLORES 1,253,GASIMPOR,0.0
FLORES 1,254,GASIMPOR,0.0
FLORES 1,255,GASIMPOR,0.0
FLORES 1,256,GASIMPOR,0.0
FLORES 1,257,GASIMPOR,0.0
FLORES 1,258,GASIMPOR,0.0
FLORES 1,259,GASIMPOR,0.0
FLORES 1,260,GASIMPOR,0.0
FLORES 1,261,GASIMPOR,0.0
FLORES 1,262,GASIMPOR,0.0
FLORES 1,263,GASIMPOR,0.0
FLORES 1,264,GASIMPOR,0.0
FLORES 1,265,GASIMPOR,0.0
FLORES 1,266,GASIMPOR,0.0
FLORES 1,267,GASIMPOR,0.0
FLORES 1,268,GASIMPOR,0.0
FLORES 1,269,GASIMPOR,0.0
FLORES 1,270,GASIMPOR,0.0
FLORES 1,271,GASIMPOR,0.0
FLORES 1,272,GASIMPOR,0.0
FLORES 1,273,GASIMPOR,0.0
FLORES 1,274,GASIMPOR,0.0
FLORES 1,275,GASIMPOR,0.0
FLORES 1,276,GASIMPOR,0.0
FLORES 1,277,GASIMPOR,0.0
FLORES 1,278,GASIMPOR,0.0
FLORES 1,279,GASIMPOR,0.0
FLORES 1,280,GASIMPOR,0.0
FLORES 1,281,GASIMPOR,0.0
FLORES 1,282,GASIMPOR,0.0
FLORES 1,283,GASIMPOR,0.0
FLORES 1,284,GASIMPOR,0.0
FLORES 1,285,GASIMPOR,0.0
FLORES 1,286,GASIMPOR,0.0
FLORES 1,287,GASIMPOR,0.0
FLORES 1,288,GASIMPOR,0.0
FLORES 1,289,GASIMPOR,0.0
FLORES 1,290,GASIMPOR,0.0
FLORES 1,291,GASIMPOR,0.0
FLORES 1,292,GASIMPOR,0.0
FLORES 1,293,GASIMPOR,0.0
FLORES 1,294,GASIMPOR,0.0
FLORES 1,295,GASIMPOR,0.0
FLORES 1,296,GASIMPOR,0.0
FLORES 1,297,GASIMPOR,0.0
FLORES 1,298,GASIMPOR,0.0
FLORES 1,299,GASIMPOR,0.0
FLORES 1,300,GASIMPOR,0.0
FLORES 1,301,GASIMPOR,0.0
FLORES 1,302,GASIMPOR,0.0
FLORES 1,303,GASIMPOR,0.0
FLORES 1,304,GASIMPOR,0.0
FLORES 1,305,GASIMPOR,0.0
FLORES 1,306,GASIMPOR,0.0
FLORES 1,307,GASIMPOR,0.0
FLORES 1,308,GASIMPOR,0.0
FLORES 1,309,GASIMPOR,0.0
FLORES 1,310,GASIMPOR,0.0
FLORES 1,311,GASIMPOR,0.0
FLORES 1,312,GASIMPOR,0.0
FLORES 1,313,GASIMPOR,0.0
FLORES 1,314,GASIMPOR,0.0
FLORES 1,315,GASIMPOR,0.0
FLORES 1,316,GASIMPOR,0.0
FLORES 1,317,GASIMPOR,0.0
FLORES 1,318,GASIMPOR,0.0
FLORES 1,319,GASIMPOR,0.0
FLORES 1,320,GASIMPOR,0.0
FLORES 1,321,GASIMPOR,0.0
FLORES 1,322,GASIMPOR,0.0
FLORES 1,323,GASIMPOR,0.0
FLORES 1,324,GASIMPOR,0.0
FLORES 1,325,GASIMPOR,0.0
FLORES 1,326,GASIMPOR,0.0
FLORES 1,327,GASIMPOR,0.0
FLORES 1,328,GASIMPOR,0.0
FLORES 1,329,GASIMPOR,0.0
FLORES 1,330,GASIMPOR,0.0
FLORES 1,331,GASIMPOR,0.0
FLORES 1,332,GASIMPOR,0.0
FLORES 1,333,GASIMPOR,0.0
FLORES 1,334,GASIMPOR,0.0
FLORES 1,335,GASIMPOR,0.0
FLORES 1,336,GASIMPOR,0.0
FLORES 1,337,GASIMPOR,0.0
FLORES 1,338,GASIMPOR,0.0
FLORES 1,339,GASIMPOR,0.0
FLORES 1,340,GASIMPOR,0.0
FLORES 1,341,GASIMPOR,0.0
FLORES 1,342,GASIMPOR,0.0
FLORES 1,343,GASIMPOR,0.0
FLORES 1,344,GASIMPOR,0.0
FLORES 1,345,GASIMPOR,0.0
FLORES 1,346,GASIMPOR,0.0
FLORES 1,347,GASIMPOR,0.0
FLORES 1,348,GASIMPOR,0.0
FLORES 1,349,GASIMPOR,0.0
FLORES 1,350,GASIMPOR,0.0
FLORES 1,351,GASIMPOR,0.0
FLORES 1,352,GASIMPOR,0.0
FLORES 1,353,GASIMPOR,0.0
FLORES 1,354,GASIMPOR,0.0
FLORES 1,355,GASIMPOR,0.0
FLORES 1,356,GASIMPOR,0.0
FLORES 1,357,GASIMPOR,0.0
FLORES 1,358,GASIMPOR,0.0
FLORES 1,359,GASIMPOR,0.0
FLORES 1,360,GASIMPOR,0.0
FLORES 1,361,GASIMPOR,0.0
FLORES 1,362,GASIMPOR,0.0
FLORES 1,363,GASIMPOR,0.0
FLORES 1,364,GASIMPOR,0.0
FLORES 1,365,GASIMPOR,0.0
FLORES 1,366,GASIMPOR,0.0
FLORES 1,367,GASIMPOR,0.0
FLORES 1,368,GASIMPOR,0.0
FLORES 1,369,GASIMPOR,0.0
FLORES 1,370,GASIMPOR,0.0
FLORES 1,371,GASIMPOR,0.0
FLORES 1,372,GASIMPOR,0.0
FLORES 1,373,GASIMPOR,0.0
FLORES 1,374,GASIMPOR,0.0
FLORES 1,375,GASIMPOR,0.0
FLORES 1,376,GASIMPOR,0.0
FLORES 1,377,GASIMPOR,0.0
FLORES 1,378,GASIMPOR,0.0
FLORES 1,379,GASIMPOR,0.0
FLORES 1,380,GASIMPOR,0.0
FLORES 1,381,GASIMPOR,0.0
FLORES 1,382,GASIMPOR,0.0
FLORES 1,383,GASIMPOR,0.0
FLORES 1,384,GASIMPOR,0.0
FLORES4,1,GASNACIO,229.656165116488
FLORES4,2,GASNACIO,0.0
FLORES4,3,GASNACIO,0.0
FLORES4,4,GASNACIO,0.0
FLORES4,5,GASNACIO,0.0
FLORES4,6,GASNACIO,0.0
FLORES4,7,GASNACIO,0.0
FLORES4,8,GASNACIO,0.0
FLORES4,9,GASNACIO,0.0
FLORES4,10,GASNACIO,0.0
FLORES4,11,GASNACIO,358.022257960211
FLORES4,12,GASNACIO,579.526274012137
FLORES4,13,GASNACIO,1403.19569641045
FLORES4,14,GASNACIO,1492.33479095825
FLORES4,15,GASNACIO,1863.08319840117
FLORES4,16,GASNACIO,2478.21093483538
FLORES4,17,GASNACIO,2879.82004020453
FLORES4,18,GASNACIO,2903.34170569693
FLORES4,19,GASNACIO,2596.39074068954
FLORES4,20,GASNACIO,3117.937
FLORES4,21,GASNACIO,3117.937
FLORES4,22,GASNACIO,3117.937
FLORES4,23,GASNACIO,2447.57261738909
FLORES4,24,GASNACIO,1301.11199453461
FLORES4,25,GASNACIO,0.0
FLORES4,26,GASNACIO,0.0
FLORES4,27,GASNACIO,0.0
FLORES4,28,GASNACIO,0.0
FLORES4,29,GASNACIO,0.0
FLORES4,30,GASNACIO,0.0
FLORES4,31,GASNACIO,0.0
FLORES4,32,GASNACIO,0.0
FLORES4,33,GASNACIO,0.0
FLORES4,34,GASNACIO,0.0
FLORES4,35,GASNACIO,0.0
FLORES4,36,GASNACIO,0.0
FLORES4,37,GASNACIO,0.0
FLORES4,38,GASNACIO,0.0
FLORES4,39,GASNACIO,0.0
FLORES4,40,GASNACIO,0.0
FLORES4,41,GASNACIO,0.0
FLORES4,42,GASNACIO,0.0
FLORES4,43,GASNACIO,0.0
FLORES4,44,GASNACIO,1128.24442905819
FLORES4,45,GASNACIO,0.0
FLORES4,46,GASNACIO,1380.85723918213
FLORES4,47,GASNACIO,741.181406580207
FLORES4,48,GASNACIO,66.2132774505897
FLORES4,49,GASNACIO,99.0999879612152
FLORES4,50,GASNACIO,0.0
FLORES4,51,GASNACIO,0.0
FLORES4,52,GASNACIO,0.0
FLORES4,53,GASNACIO,0.0
FLORES4,54,GASNACIO,0.0
FLORES4,55,GASNACIO,0.0
FLORES4,56,GASNACIO,0.0
FLORES4,57,GASNACIO,0.0
FLORES4,58,GASNACIO,116.202493309863
FLORES4,59,GASNACIO,0.0
FLORES4,60,GASNACIO,0.0
FLORES4,61,GASNACIO,1559.80173131333
FLORES4,62,GASNACIO,0.0
FLORES4,63,GASNACIO,1956.43760931001
FLORES4,64,GASNACIO,630.381852672407
FLORES4,65,GASNACIO,980.231291446847
FLORES4,66,GASNACIO,962.36954718337
FLORES4,67,GASNACIO,2462.26227672004
FLORES4,68,GASNACIO,2872.28411638516
FLORES4,69,GASNACIO,3117.937
FLORES4,70,GASNACIO,1445.60734249002
FLORES4,71,GASNACIO,2432.20723044837
FLORES4,72,GASNACIO,1198.6577793051
FLORES4,73,GASNACIO,0.0
FLORES4,74,GASNACIO,0.0
FLORES4,75,GASNACIO,0.0
FLORES4,76,GASNACIO,0.0
FLORES4,77,GASNACIO,0.0
FLORES4,78,GASNACIO,0.0
FLORES4,79,GASNACIO,0.0
FLORES4,80,GASNACIO,0.0
FLORES4,81,GASNACIO,0.0
FLORES4,82,GASNACIO,0.0
FLORES4,83,GASNACIO,0.0
FLORES4,84,GASNACIO,0.0
FLORES4,85,GASNACIO,0.0
FLORES4,86,GASNACIO,0.0
FLORES4,87,GASNACIO,0.0
FLORES4,88,GASNACIO,0.0
FLORES4,89,GASNACIO,0.0
FLORES4,90,GASNACIO,0.0
FLORES4,91,GASNACIO,0.0
FLORES4,92,GASNACIO,0.0
FLORES4,93,GASNACIO,0.0
FLORES4,94,GASNACIO,0.0
FLORES4,95,GASNACIO,0.0
FLORES4,96,GASNACIO,0.0
FLORES4,97,GASNACIO,12.4248868596201
FLORES4,98,GASNACIO,0.0
FLORES4,99,GASNACIO,0.0
FLORES4,100,GASNACIO,0.0
FLORES4,101,GASNACIO,0.0
FLORES4,102,GASNACIO,0.0
FLORES4,103,GASNACIO,0.0
FLORES4,104,GASNACIO,0.0
FLORES4,105,GASNACIO,0.0
FLORES4,106,GASNACIO,0.0
FLORES4,107,GASNACIO,0.0
FLORES4,108,GASNACIO,0.0
FLORES4,109,GASNACIO,386.093423580402
FLORES4,110,GASNACIO,413.765991682807
FLORES4,111,GASNACIO,764.669348765643
FLORES4,112,GASNACIO,1296.90190718241
FLORES4,113,GASNACIO,1555.30219436464
FLORES4,114,GASNACIO,1504.98759090603
FLORES4,115,GASNACIO,1043.53938649766
FLORES4,116,GASNACIO,3117.937
FLORES4,117,GASNACIO,2409.96125298039
FLORES4,118,GASNACIO,2015.47728998026
FLORES4,119,GASNACIO,1147.32302235886
FLORES4,120,GASNACIO,0.0
FLORES4,121,GASNACIO,0.0
FLORES4,122,GASNACIO,0.0
FLORES4,123,GASNACIO,0.0
FLORES4,124,GASNACIO,0.0
FLORES4,125,GASNACIO,0.0
FLORES4,126,GASNACIO,0.0
FLORES4,127,GASNACIO,0.0
FLORES4,128,GASNACIO,0.0
FLORES4,129,GASNACIO,0.0
FLORES4,130,GASNACIO,0.0
FLORES4,131,GASNACIO,0.0
FLORES4,132,GASNACIO,0.0
FLORES4,133,GASNACIO,0.0
FLORES4,134,GASNACIO,0.0
FLORES4,135,GASNACIO,0.0
FLORES4,136,GASNACIO,0.0
FLORES4,137,GASNACIO,0.0
FLORES4,138,GASNACIO,0.0
FLORES4,139,GASNACIO,0.0
FLORES4,140,GASNACIO,0.0
FLORES4,141,GASNACIO,0.0
FLORES4,142,GASNACIO,0.0
FLORES4,143,GASNACIO,0.0
FLORES4,144,GASNACIO,0.0
FLORES4,145,GASNACIO,3117.937
FLORES4,146,GASNACIO,0.0
FLORES4,147,GASNACIO,3117.937
FLORES4,148,GASNACIO,2705.77337759752
FLORES4,149,GASNACIO,0.0
FLORES4,150,GASNACIO,0.0
FLORES4,151,GASNACIO,1463.45548217595
FLORES4,152,GASNACIO,3117.937
FLORES4,153,GASNACIO,3117.937
FLORES4,154,GASNACIO,1626.60213484174
FLORES4,155,GASNACIO,3117.937
FLORES4,156,GASNACIO,2663.42341506357
FLORES4,157,GASNACIO,3117.937
FLORES4,158,GASNACIO,3117.937
FLORES4,159,GASNACIO,3117.937
FLORES4,160,GASNACIO,3117.937
FLORES4,161,GASNACIO,3117.937
FLORES4,162,GASNACIO,3117.937
FLORES4,163,GASNACIO,3117.937
FLORES4,164,GASNACIO,3117.937
FLORES4,165,GASNACIO,3117.937
FLORES4,166,GASNACIO,3117.937
FLORES4,167,GASNACIO,3117.937
FLORES4,168,GASNACIO,2885.90952233355
FLORES4,169,GASNACIO,158.089396735682
FLORES4,170,GASNACIO,0.0
FLORES4,171,GASNACIO,0.0
FLORES4,172,GASNACIO,0.0
FLORES4,173,GASNACIO,0.0
FLORES4,174,GASNACIO,0.0
FLORES4,175,GASNACIO,0.0
FLORES4,176,GASNACIO,0.0
FLORES4,177,GASNACIO,0.0
FLORES4,178,GASNACIO,0.0
FLORES4,179,GASNACIO,0.0
FLORES4,180,GASNACIO,0.0
FLORES4,181,GASNACIO,0.0
FLORES4,182,GASNACIO,0.0
FLORES4,183,GASNACIO,170.796593105544
FLORES4,184,GASNACIO,0.0
FLORES4,185,GASNACIO,0.0
FLORES4,186,GASNACIO,0.0
FLORES4,187,GASNACIO,930.35443533697
FLORES4,188,GASNACIO,2237.35212367825
FLORES4,189,GASNACIO,2673.96538702197
FLORES4,190,GASNACIO,2441.30954506304
FLORES4,191,GASNACIO,1916.52949260292
FLORES4,192,GASNACIO,1098.18667901238
FLORES4,193,GASNACIO,850.167329820868
FLORES4,194,GASNACIO,0.0
FLORES4,195,GASNACIO,0.0
FLORES4,196,GASNACIO,0.0
FLORES4,197,GASNACIO,0.0
FLORES4,198,GASNACIO,0.0
FLORES4,199,GASNACIO,0.0
FLORES4,200,GASNACIO,0.0
FLORES4,201,GASNACIO,0.0
FLORES4,202,GASNACIO,0.0
FLORES4,203,GASNACIO,0.0
FLORES4,204,GASNACIO,0.0
FLORES4,205,GASNACIO,0.0
FLORES4,206,GASNACIO,0.0
FLORES4,207,GASNACIO,0.0
FLORES4,208,GASNACIO,175.21010710782
FLORES4,209,GASNACIO,1955.42475106428
FLORES4,210,GASNACIO,3117.937
FLORES4,211,GASNACIO,3011.69334682606
FLORES4,212,GASNACIO,3117.937
FLORES4,213,GASNACIO,3117.937
FLORES4,214,GASNACIO,3117.937
FLORES4,215,GASNACIO,3117.937
FLORES4,216,GASNACIO,2014.55324551911
FLORES4,217,GASNACIO,1175.80409947089
FLORES4,218,GASNACIO,153.569730724616
FLORES4,219,GASNACIO,0.0
FLORES4,220,GASNACIO,0.0
FLORES4,221,GASNACIO,0.0
FLORES4,222,GASNACIO,0.0
FLORES4,223,GASNACIO,0.0
FLORES4,224,GASNACIO,0.0
FLORES4,225,GASNACIO,0.0
FLORES4,226,GASNACIO,0.0
FLORES4,227,GASNACIO,0.0
FLORES4,228,GASNACIO,0.0
FLORES4,229,GASNACIO,0.0
FLORES4,230,GASNACIO,0.0
FLORES4,231,GASNACIO,0.0
FLORES4,232,GASNACIO,1309.75511097694
FLORES4,233,GASNACIO,3077.80997336757
FLORES4,234,GASNACIO,3117.937
FLORES4,235,GASNACIO,3117.937
FLORES4,236,GASNACIO,3117.937
FLORES4,237,GASNACIO,3117.937
FLORES4,238,GASNACIO,3117.937
FLORES4,239,GASNACIO,3117.937
FLORES4,240,GASNACIO,2622.52881483281
FLORES4,241,GASNACIO,538.929306622949
FLORES4,242,GASNACIO,0.0
FLORES4,243,GASNACIO,0.0
FLORES4,244,GASNACIO,0.0
FLORES4,245,GASNACIO,0.0
FLORES4,246,GASNACIO,0.0
FLORES4,247,GASNACIO,0.0
FLORES4,248,GASNACIO,0.0
FLORES4,249,GASNACIO,0.0
FLORES4,250,GASNACIO,0.0
FLORES4,251,GASNACIO,0.0
FLORES4,252,GASNACIO,0.0
FLORES4,253,GASNACIO,0.0
FLORES4,254,GASNACIO,0.0
FLORES4,255,GASNACIO,0.0
FLORES4,256,GASNACIO,388.953920519379
FLORES4,257,GASNACIO,0.0
FLORES4,258,GASNACIO,2751.77037331103
FLORES4,259,GASNACIO,852.736554917483
FLORES4,260,GASNACIO,1971.43451445233
FLORES4,261,GASNACIO,2451.92903132092
FLORES4,262,GASNACIO,1986.59695588204
FLORES4,263,GASNACIO,1047.11069386416
FLORES4,264,GASNACIO,1096.83355349344
FLORES4,265,GASNACIO,980.215424569048
FLORES4,266,GASNACIO,0.0
FLORES4,267,GASNACIO,0.0
FLORES4,268,GASNACIO,0.0
FLORES4,269,GASNACIO,0.0
FLORES4,270,GASNACIO,0.0
FLORES4,271,GASNACIO,0.0
FLORES4,272,GASNACIO,0.0
FLORES4,273,GASNACIO,0.0
FLORES4,274,GASNACIO,0.0
FLORES4,275,GASNACIO,0.0
FLORES4,276,GASNACIO,0.0
FLORES4,277,GASNACIO,0.0
FLORES4,278,GASNACIO,0.0
FLORES4,279,GASNACIO,0.0
FLORES4,280,GASNACIO,1674.17480659413
FLORES4,281,GASNACIO,3117.937
FLORES4,282,GASNACIO,3117.937
FLORES4,283,GASNACIO,3117.937
FLORES4,284,GASNACIO,3117.937
FLORES4,285,GASNACIO,3117.937
FLORES4,286,GASNACIO,3117.937
FLORES4,287,GASNACIO,3117.937
FLORES4,288,GASNACIO,2247.73052331914
FLORES4,289,GASNACIO,0.0
FLORES4,290,GASNACIO,0.0
FLORES4,291,GASNACIO,0.0
FLORES4,292,GASNACIO,0.0
FLORES4,293,GASNACIO,0.0
FLORES4,294,GASNACIO,0.0
FLORES4,295,GASNACIO,0.0
FLORES4,296,GASNACIO,0.0
FLORES4,297,GASNACIO,0.0
FLORES4,298,GASNACIO,0.0
FLORES4,299,GASNACIO,0.0
FLORES4,300,GASNACIO,0.0
FLORES4,301,GASNACIO,0.0
FLORES4,302,GASNACIO,0.0
FLORES4,303,GASNACIO,0.0
FLORES4,304,GASNACIO,0.0
FLORES4,305,GASNACIO,577.904773328698
FLORES4,306,GASNACIO,1346.5343207437
FLORES4,307,GASNACIO,1323.68322181709
FLORES4,308,GASNACIO,2272.77365564239
FLORES4,309,GASNACIO,2939.85352402285
FLORES4,310,GASNACIO,2545.53896109866
FLORES4,311,GASNACIO,1678.57758930005
FLORES4,312,GASNACIO,457.876294873106
FLORES4,313,GASNACIO,0.0
FLORES4,314,GASNACIO,3117.937
FLORES4,315,GASNACIO,2218.42943831627
FLORES4,316,GASNACIO,2776.44639738477
FLORES4,317,GASNACIO,2590.00976012803
FLORES4,318,GASNACIO,2893.05262836888
FLORES4,319,GASNACIO,3095.30326821035
FLORES4,320,GASNACIO,0.0
FLORES4,321,GASNACIO,0.0
FLORES4,322,GASNACIO,1024.10577671683
FLORES4,323,GASNACIO,0.0
FLORES4,324,GASNACIO,2106.91659368901
FLORES4,325,GASNACIO,910.443814370979
FLORES4,326,GASNACIO,3117.937
FLORES4,327,GASNACIO,2556.35294111624
FLORES4,328,GASNACIO,3117.937
FLORES4,329,GASNACIO,3117.937
FLORES4,330,GASNACIO,3117.937
FLORES4,331,GASNACIO,3117.937
FLORES4,332,GASNACIO,3117.937
FLORES4,333,GASNACIO,3117.937
FLORES4,334,GASNACIO,3117.937
FLORES4,335,GASNACIO,3117.937
FLORES4,336,GASNACIO,3117.937
FLORES4,337,GASNACIO,1973.20487899057
FLORES4,338,GASNACIO,978.756678980797
FLORES4,339,GASNACIO,334.921392876592
FLORES4,340,GASNACIO,0.0
FLORES4,341,GASNACIO,0.0
FLORES4,342,GASNACIO,0.0
FLORES4,343,GASNACIO,0.0
FLORES4,344,GASNACIO,0.0
FLORES4,345,GASNACIO,0.0
FLORES4,346,GASNACIO,0.0
FLORES4,347,GASNACIO,0.0
FLORES4,348,GASNACIO,0.0
FLORES4,349,GASNACIO,0.0
FLORES4,350,GASNACIO,137.204779430136
FLORES4,351,GASNACIO,1215.78131251296
FLORES4,352,GASNACIO,2565.49984403495
FLORES4,353,GASNACIO,3117.937
FLORES4,354,GASNACIO,3026.91891319505
FLORES4,355,GASNACIO,3117.937
FLORES4,356,GASNACIO,3117.937
FLORES4,357,GASNACIO,3117.937
FLORES4,358,GASNACIO,3117.937
FLORES4,359,GASNACIO,3117.937
FLORES4,360,GASNACIO,1336.462209521
FLORES4,361,GASNACIO,3117.937
FLORES4,362,GASNACIO,3117.937
FLORES4,363,GASNACIO,3117.937
FLORES4,364,GASNACIO,3117.937
FLORES4,365,GASNACIO,3117.937
FLORES4,366,GASNACIO,3117.937
FLORES4,367,GASNACIO,3117.937
FLORES4,368,GASNACIO,3117.937
FLORES4,369,GASNACIO,3117.937
FLORES4,370,GASNACIO,3117.937
FLORES4,371,GASNACIO,2984.46667191761
FLORES4,372,GASNACIO,3117.937
FLORES4,373,GASNACIO,3117.937
FLORES4,374,GASNACIO,3117.937
FLORES4,375,GASNACIO,3117.937
FLORES4,376,GASNACIO,3117.937
FLORES4,377,GASNACIO,3117.937
FLORES4,378,GASNACIO,3117.937
FLORES4,379,GASNACIO,3117.937
FLORES4,380,GASNACIO,3117.937
FLORES4,381,GASNACIO,3117.937
FLORES4,382,GASNACIO,3117.937
FLORES4,383,GASNACIO,3117.937
FLORES4,384,GASNACIO,3117.937
GUAJIRA1,1,CARBON,1472.4605
GUAJIRA1,2,CARBON,1472.4605
GUAJIRA1,3,CARBON,1472.4605
GUAJIRA1,4,CARBON,1472.4605
GUAJIRA1,5,CARBON,1472.4605
GUAJIRA1,6,CARBON,1472.4605
GUAJIRA1,7,CARBON,1472.4605
GUAJIRA1,8,CARBON,1472.4605
GUAJIRA1,9,CARBON,1472.4605
GUAJIRA1,10,CARBON,1472.4605
GUAJIRA1,11,CARBON,1472.4605
GUAJIRA1,12,CARBON,1472.4605
GUAJIRA1,13,CARBON,1472.4605
GUAJIRA1,14,CARBON,1472.4605
GUAJIRA1,15,CARBON,1472.4605
GUAJIRA1,16,CARBON,1472.4605
GUAJIRA1,17,CARBON,1472.4605
GUAJIRA1,18,CARBON,1472.4605
GUAJIRA1,19,CARBON,1472.4605
GUAJIRA1,20,CARBON,1472.4605
GUAJIRA1,21,CARBON,1472.4605
GUAJIRA1,22,CARBON,1472.4605
GUAJIRA1,23,CARBON,1472.4605
GUAJIRA1,24,CARBON,1472.4605
GUAJIRA1,25,CARBON,1472.4605
GUAJIRA1,26,CARBON,1472.4605
GUAJIRA1,27,CARBON,1472.4605
GUAJIRA1,28,CARBON,1472.4605
GUAJIRA1,29,CARBON,1472.4605
GUAJIRA1,30,CARBON,1472.4605
GUAJIRA1,31,CARBON,1355.52049048518
GUAJIRA1,32,CARBON,194.745634160651
GUAJIRA1,33,CARBON,155.47934565496
GUAJIRA1,34,CARBON,722.090702393596
GUAJIRA1,35,CARBON,1361.4117277112
GUAJIRA1,36,CARBON,1472.4605
GUAJIRA1,37,CARBON,1472.4605
GUAJIRA1,38,CARBON,1472.4605
GUAJIRA1,39,CARBON,1472.4605
GUAJIRA1,40,CARBON,1472.4605
GUAJIRA1,41,CARBON,1472.4605
GUAJIRA1,42,CARBON,1472.4605
GUAJIRA1,43,CARBON,1472.4605
GUAJIRA1,44,CARBON,1472.4605
GUAJIRA1,45,CARBON,1472.4605
GUAJIRA1,46,CARBON,1472.4605
GUAJIRA1,47,CARBON,1472.4605
GUAJIRA1,48,CARBON,1472.4605
GUAJIRA1,49,CARBON,1472.4605
GUAJIRA1,50,CARBON,1472.4605
GUAJIRA1,51,CARBON,1472.4605
GUAJIRA1,52,CARBON,1472.4605
GUAJIRA1,53,CARBON,1472.4605
GUAJIRA1,54,CARBON,1472.4605
GUAJIRA1,55,CARBON,1472.4605
GUAJIRA1,56,CARBON,1472.4605
GUAJIRA1,57,CARBON,1472.4605
GUAJIRA1,58,CARBON,1472.4605
GUAJIRA1,59,CARBON,1472.4605
GUAJIRA1,60,CARBON,1472.4605
GUAJIRA1,61,CARBON,1472.4605
GUAJIRA1,62,CARBON,1472.4605
GUAJIRA1,63,CARBON,1472.4605
GUAJIRA1,64,CARBON,1472.4605
GUAJIRA1,65,CARBON,1472.4605
GUAJIRA1,66,CARBON,1472.4605
GUAJIRA1,67,CARBON,1472.4605
GUAJIRA1,68,CARBON,1472.4605
GUAJIRA1,69,CARBON,1472.4605
GUAJIRA1,70,CARBON,1472.4605
GUAJIRA1,71,CARBON,1472.4605
GUAJIRA1,72,CARBON,1472.4605
GUAJIRA1,73,CARBON,1472.4605
GUAJIRA1,74,CARBON,1472.4605
GUAJIRA1,75,CARBON,1472.4605
GUAJIRA1,76,CARBON,1472.4605
GUAJIRA1,77,CARBON,1472.4605
GUAJIRA1,78,CARBON,1472.4605
GUAJIRA1,79,CARBON,1217.65298038444
GUAJIRA1,80,CARBON,307.462135046673
GUAJIRA1,81,CARBON,595.836255072299
GUAJIRA1,82,CARBON,1179.2601733891
GUAJIRA1,83,CARBON,1472.4605
GUAJIRA1,84,CARBON,1472.4605
GUAJIRA1,85,CARBON,1472.4605
GUAJIRA1,86,CARBON,1472.4605
GUAJIRA1,87,CARBON,1472.4605
GUAJIRA1,88,CARBON,1472.4605
GUAJIRA1,89,CARBON,1472.4605
GUAJIRA1,90,CARBON,1472.4605
GUAJIRA1,91,CARBON,1472.4605
GUAJIRA1,92,CARBON,1472.4605
GUAJIRA1,93,CARBON,1472.4605
GUAJIRA1,94,CARBON,1472.4605
GUAJIRA1,95,CARBON,1472.4605
GUAJIRA1,96,CARBON,1472.4605
GUAJIRA1,97,CARBON,1472.4605
GUAJIRA1,98,CARBON,1472.4605
GUAJIRA1,99,CARBON,1472.4605
GUAJIRA1,100,CARBON,1472.4605
GUAJIRA1,101,CARBON,1472.4605
GUAJIRA1,102,CARBON,1472.4605
GUAJIRA1,103,CARBON,1472.4605
GUAJIRA1,104,CARBON,1472.4605
GUAJIRA1,105,CARBON,1472.4605
GUAJIRA1,106,CARBON,1472.4605
GUAJIRA1,107,CARBON,1472.4605
GUAJIRA1,108,CARBON,1472.4605
GUAJIRA1,109,CARBON,1472.4605
GUAJIRA1,110,CARBON,1472.4605
GUAJIRA1,111,CARBON,1472.4605
GUAJIRA1,112,CARBON,1472.4605
GUAJIRA1,113,CARBON,1472.4605
GUAJIRA1,114,CARBON,1472.4605
GUAJIRA1,115,CARBON,1472.4605
GUAJIRA1,116,CARBON,1472.4605
GUAJIRA1,117,CARBON,1472.4605
GUAJIRA1,118,CARBON,1472.4605
GUAJIRA1,119,CARBON,1472.4605
GUAJIRA1,120,CARBON,1472.4605
GUAJIRA1,121,CARBON,1472.4605
GUAJIRA1,122,CARBON,1472.4605
GUAJIRA1,123,CARBON,1472.4605
GUAJIRA1,124,CARBON,1472.4605
GUAJIRA1,125,CARBON,1472.4605
GUAJIRA1,126,CARBON,1472.4605
GUAJIRA1,127,CARBON,1472.4605
GUAJIRA1,128,CARBON,1472.4605
GUAJIRA1,129,CARBON,1472.4605
GUAJIRA1,130,CARBON,1472.4605
GUAJIRA1,131,CARBON,1472.4605
GUAJIRA1,132,CARBON,1472.4605
GUAJIRA1,133,CARBON,1472.4605
GUAJIRA1,134,CARBON,1472.4605
GUAJIRA1,135,CARBON,1472.4605
GUAJIRA1,136,CARBON,1472.4605
GUAJIRA1,137,CARBON,1472.4605
GUAJIRA1,138,CARBON,1472.4605
GUAJIRA1,139,CARBON,1472.4605
GUAJIRA1,140,CARBON,1472.4605
GUAJIRA1,141,CARBON,1472.4605
GUAJIRA1,142,CARBON,1472.4605
GUAJIRA1,143,CARBON,1472.4605
GUAJIRA1,144,CARBON,1472.4605
GUAJIRA1,145,CARBON,1472.4605
GUAJIRA1,146,CARBON,1472.4605
GUAJIRA1,147,CARBON,1472.4605
GUAJIRA1,148,CARBON,1472.4605
GUAJIRA1,149,CARBON,1472.4605
GUAJIRA1,150,CARBON,1472.4605
GUAJIRA1,151,CARBON,1472.4605
GUAJIRA1,152,CARBON,1472.4605
GUAJIRA1,153,CARBON,1472.4605
GUAJIRA1,154,CARBON,1472.4605
GUAJIRA1,155,CARBON,1472.4605
GUAJIRA1,156,CARBON,1472.4605
GUAJIRA1,157,CARBON,1472.4605
GUAJIRA1,158,CARBON,1472.4605
GUAJIRA1,159,CARBON,1472.4605
GUAJIRA1,160,CARBON,1472.4605
GUAJIRA1,161,CARBON,1472.4605
GUAJIRA1,162,CARBON,1472.4605
GUAJIRA1,163,CARBON,1472.4605
GUAJIRA1,164,CARBON,1472.4605
GUAJIRA1,165,CARBON,1472.4605
GUAJIRA1,166,CARBON,1472.4605
GUAJIRA1,167,CARBON,1472.4605
GUAJIRA1,168,CARBON,1472.4605
GUAJIRA1,169,CARBON,1472.4605
GUAJIRA1,170,CARBON,1472.4605
GUAJIRA1,171,CARBON,1472.4605
GUAJIRA1,172,CARBON,1472.4605
GUAJIRA1,173,CARBON,1472.4605
GUAJIRA1,174,CARBON,1472.4605
GUAJIRA1,175,CARBON,1472.4605
GUAJIRA1,176,CARBON,1472.4605
GUAJIRA1,177,CARBON,1472.4605
GUAJIRA1,178,CARBON,1472.4605
GUAJIRA1,179,CARBON,1472.4605
GUAJIRA1,180,CARBON,1472.4605
GUAJIRA1,181,CARBON,1472.4605
GUAJIRA1,182,CARBON,1472.4605
GUAJIRA1,183,CARBON,1472.4605
GUAJIRA1,184,CARBON,1472.4605
GUAJIRA1,185,CARBON,1472.4605
GUAJIRA1,186,CARBON,1472.4605
GUAJIRA1,187,CARBON,1472.4605
GUAJIRA1,188,CARBON,1472.4605
GUAJIRA1,189,CARBON,1472.4605
GUAJIRA1,190,CARBON,1472.4605
GUAJIRA1,191,CARBON,1472.4605
GUAJIRA1,192,CARBON,1472.4605
GUAJIRA1,193,CARBON,1472.4605
GUAJIRA1,194,CARBON,1472.4605
GUAJIRA1,195,CARBON,1472.4605
GUAJIRA1,196,CARBON,1472.4605
GUAJIRA1,197,CARBON,1472.4605
GUAJIRA1,198,CARBON,1472.4605
GUAJIRA1,199,CARBON,1472.4605
GUAJIRA1,200,CARBON,1472.4605
GUAJIRA1,201,CARBON,408.324362940643
GUAJIRA1,202,CARBON,0.0
GUAJIRA1,203,CARBON,0.0
GUAJIRA1,204,CARBON,0.0
GUAJIRA1,205,CARBON,60.7569064723811
GUAJIRA1,206,CARBON,1063.97236967689
GUAJIRA1,207,CARBON,1472.4605
GUAJIRA1,208,CARBON,1472.4605
GUAJIRA1,209,CARBON,1472.4605
GUAJIRA1,210,CARBON,1472.4605
GUAJIRA1,211,CARBON,1472.4605
GUAJIRA1,212,CARBON,1472.4605
GUAJIRA1,213,CARBON,1472.4605
GUAJIRA1,214,CARBON,1472.4605
GUAJIRA1,215,CARBON,1472.4605
GUAJIRA1,216,CARBON,1472.4605
GUAJIRA1,217,CARBON,1472.4605
GUAJIRA1,218,CARBON,1472.4605
GUAJIRA1,219,CARBON,1472.4605
GUAJIRA1,220,CARBON,1472.4605
GUAJIRA1,221,CARBON,1472.4605
GUAJIRA1,222,CARBON,1472.4605
GUAJIRA1,223,CARBON,1472.4605
GUAJIRA1,224,CARBON,1472.4605
GUAJIRA1,225,CARBON,1472.4605
GUAJIRA1,226,CARBON,1472.4605
GUAJIRA1,227,CARBON,1472.4605
GUAJIRA1,228,CARBON,1472.4605
GUAJIRA1,229,CARBON,1472.4605
GUAJIRA1,230,CARBON,1472.4605
GUAJIRA1,231,CARBON,1472.4605
GUAJIRA1,232,CARBON,1472.4605
GUAJIRA1,233,CARBON,1472.4605
GUAJIRA1,234,CARBON,1472.4605
GUAJIRA1,235,CARBON,1472.4605
GUAJIRA1,236,CARBON,1472.4605
GUAJIRA1,237,CARBON,1472.4605
GUAJIRA1,238,CARBON,1472.4605
GUAJIRA1,239,CARBON,1472.4605
GUAJIRA1,240,CARBON,1472.4605
GUAJIRA1,241,CARBON,1472.4605
GUAJIRA1,242,CARBON,1472.4605
GUAJIRA1,243,CARBON,1472.4605
GUAJIRA1,244,CARBON,1472.4605
GUAJIRA1,245,CARBON,1472.4605
GUAJIRA1,246,CARBON,1472.4605
GUAJIRA1,247,CARBON,1472.4605
GUAJIRA1,248,CARBON,1472.4605
GUAJIRA1,249,CARBON,1472.4605
GUAJIRA1,250,CARBON,1472.4605
GUAJIRA1,251,CARBON,1472.4605
GUAJIRA1,252,CARBON,1472.4605
GUAJIRA1,253,CARBON,1472.4605
GUAJIRA1,254,CARBON,1472.4605
GUAJIRA1,255,CARBON,1472.4605
GUAJIRA1,256,CARBON,1472.4605
GUAJIRA1,257,CARBON,1472.4605
GUAJIRA1,258,CARBON,1472.4605
GUAJIRA1,259,CARBON,1472.4605
GUAJIRA1,260,CARBON,1472.4605
GUAJIRA1,261,CARBON,1472.4605
GUAJIRA1,262,CARBON,1472.4605
GUAJIRA1,263,CARBON,1472.4605
GUAJIRA1,264,CARBON,1472.4605
GUAJIRA1,265,CARBON,1472.4605
GUAJIRA1,266,CARBON,1472.4605
GUAJIRA1,267,CARBON,1472.4605
GUAJIRA1,268,CARBON,1472.4605
GUAJIRA1,269,CARBON,1472.4605
GUAJIRA1,270,CARBON,1472.4605
GUAJIRA1,271,CARBON,1472.4605
GUAJIRA1,272,CARBON,1472.4605
GUAJIRA1,273,CARBON,1472.4605
GUAJIRA1,274,CARBON,1472.4605
GUAJIRA1,275,CARBON,1472.4605
GUAJIRA1,276,CARBON,1472.4605
GUAJIRA1,277,CARBON,1472.4605
GUAJIRA1,278,CARBON,1472.4605
GUAJIRA1,279,CARBON,1472.4605
GUAJIRA1,280,CARBON,1472.4605
GUAJIRA1,281,CARBON,1472.4605
GUAJIRA1,282,CARBON,1472.4605
GUAJIRA1,283,CARBON,1472.4605
GUAJIRA1,284,CARBON,1472.4605
GUAJIRA1,285,CARBON,1472.4605
GUAJIRA1,286,CARBON,1472.4605
GUAJIRA1,287,CARBON,1472.4605
GUAJIRA1,288,CARBON,1472.4605
GUAJIRA1,289,CARBON,1472.4605
GUAJIRA1,290,CARBON,1472.4605
GUAJIRA1,291,CARBON,1472.4605
GUAJIRA1,292,CARBON,1472.4605
GUAJIRA1,293,CARBON,1472.4605
GUAJIRA1,294,CARBON,1472.4605
GUAJIRA1,295,CARBON,1472.4605
GUAJIRA1,296,CARBON,1472.4605
GUAJIRA1,297,CARBON,1472.4605
GUAJIRA1,298,CARBON,1472.4605
GUAJIRA1,299,CARBON,1472.4605
GUAJIRA1,300,CARBON,1472.4605
GUAJIRA1,301,CARBON,1472.4605
GUAJIRA1,302,CARBON,1472.4605
GUAJIRA1,303,CARBON,1472.4605
GUAJIRA1,304,CARBON,1472.4605
GUAJIRA1,305,CARBON,1472.4605
GUAJIRA1,306,CARBON,1472.4605
GUAJIRA1,307,CARBON,1472.4605
GUAJIRA1,308,CARBON,1472.4605
GUAJIRA1,309,CARBON,1472.4605
GUAJIRA1,310,CARBON,1472.4605
GUAJIRA1,311,CARBON,1472.4605
GUAJIRA1,312,CARBON,1472.4605
GUAJIRA1,313,CARBON,1472.4605
GUAJIRA1,314,CARBON,1472.4605
GUAJIRA1,315,CARBON,1472.4605
GUAJIRA1,316,CARBON,1472.4605
GUAJIRA1,317,CARBON,1472.4605
GUAJIRA1,318,CARBON,1472.4605
GUAJIRA1,319,CARBON,1472.4605
GUAJIRA1,320,CARBON,1472.4605
GUAJIRA1,321,CARBON,1472.4605
GUAJIRA1,322,CARBON,1472.4605
GUAJIRA1,323,CARBON,1472.4605
GUAJIRA1,324,CARBON,1472.4605
GUAJIRA1,325,CARBON,1472.4605
GUAJIRA1,326,CARBON,1472.4605
GUAJIRA1,327,CARBON,1472.4605
GUAJIRA1,328,CARBON,1472.4605
GUAJIRA1,329,CARBON,1472.4605
GUAJIRA1,330,CARBON,1472.4605
GUAJIRA1,331,CARBON,1472.4605
GUAJIRA1,332,CARBON,1472.4605
GUAJIRA1,333,CARBON,1472.4605
GUAJIRA1,334,CARBON,1472.4605
GUAJIRA1,335,CARBON,1472.4605
GUAJIRA1,336,CARBON,1472.4605
GUAJIRA1,337,CARBON,1472.4605
GUAJIRA1,338,CARBON,1472.4605
GUAJIRA1,339,CARBON,1472.4605
GUAJIRA1,340,CARBON,1472.4605
GUAJIRA1,341,CARBON,1472.4605
GUAJIRA1,342,CARBON,1472.4605
GUAJIRA1,343,CARBON,1472.4605
GUAJIRA1,344,CARBON,1472.4605
GUAJIRA1,345,CARBON,1472.4605
GUAJIRA1,346,CARBON,1472.4605
GUAJIRA1,347,CARBON,1472.4605
GUAJIRA1,348,CARBON,1472.4605
GUAJIRA1,349,CARBON,1472.4605
GUAJIRA1,350,CARBON,1472.4605
GUAJIRA1,351,CARBON,1472.4605
GUAJIRA1,352,CARBON,1472.4605
GUAJIRA1,353,CARBON,1472.4605
GUAJIRA1,354,CARBON,1472.4605
GUAJIRA1,355,CARBON,1472.4605
GUAJIRA1,356,CARBON,1472.4605
GUAJIRA1,357,CARBON,1472.4605
GUAJIRA1,358,CARBON,1472.4605
GUAJIRA1,359,CARBON,1472.4605
GUAJIRA1,360,CARBON,1472.4605
GUAJIRA1,361,CARBON,1472.4605
GUAJIRA1,362,CARBON,1472.4605
GUAJIRA1,363,CARBON,1472.4605
GUAJIRA1,364,CARBON,1472.4605
GUAJIRA1,365,CARBON,1472.4605
GUAJIRA1,366,CARBON,1472.4605
GUAJIRA1,367,CARBON,1472.4605
GUAJIRA1,368,CARBON,1472.4605
GUAJIRA1,369,CARBON,1472.4605
GUAJIRA1,370,CARBON,1472.4605
GUAJIRA1,371,CARBON,1472.4605
GUAJIRA1,372,CARBON,1472.4605
GUAJIRA1,373,CARBON,1472.4605
GUAJIRA1,374,CARBON,1472.4605
GUAJIRA1,375,CARBON,1472.4605
GUAJIRA1,376,CARBON,1472.4605
GUAJIRA1,377,CARBON,1472.4605
GUAJIRA1,378,CARBON,1472.4605
GUAJIRA1,379,CARBON,1472.4605
GUAJIRA1,380,CARBON,1472.4605
GUAJIRA1,381,CARBON,1472.4605
GUAJIRA1,382,CARBON,1472.4605
GUAJIRA1,383,CARBON,1472.4605
GUAJIRA1,384,CARBON,1472.4605
GUAJIRA2,1,CARBON,1328.08
GUAJIRA2,2,CARBON,1328.08
GUAJIRA2,3,CARBON,1328.08
GUAJIRA2,4,CARBON,1328.08
GUAJIRA2,5,CARBON,1328.08
GUAJIRA2,6,CARBON,1328.08
GUAJIRA2,7,CARBON,1328.08
GUAJIRA2,8,CARBON,1328.08
GUAJIRA2,9,CARBON,1328.08
GUAJIRA2,10,CARBON,1328.08
GUAJIRA2,11,CARBON,1328.08
GUAJIRA2,12,CARBON,1328.08
GUAJIRA2,13,CARBON,1328.08
GUAJIRA2,14,CARBON,1328.08
GUAJIRA2,15,CARBON,1328.08
GUAJIRA2,16,CARBON,1328.08
GUAJIRA2,17,CARBON,1328.08
GUAJIRA2,18,CARBON,1328.08
GUAJIRA2,19,CARBON,1328.08
GUAJIRA2,20,CARBON,1328.08
GUAJIRA2,21,CARBON,1328.08
GUAJIRA2,22,CARBON,1328.08
GUAJIRA2,23,CARBON,1328.08
GUAJIRA2,24,CARBON,1328.08
GUAJIRA2,25,CARBON,1328.08
GUAJIRA2,26,CARBON,1328.08
GUAJIRA2,27,CARBON,1328.08
GUAJIRA2,28,CARBON,1019.06504988394
GUAJIRA2,29,CARBON,551.840019350386
GUAJIRA2,30,CARBON,301.177826846653
GUAJIRA2,31,CARBON,0.0
GUAJIRA2,32,CARBON,0.0
GUAJIRA2,33,CARBON,0.0
GUAJIRA2,34,CARBON,0.0
GUAJIRA2,35,CARBON,0.0
GUAJIRA2,36,CARBON,562.322970717705
GUAJIRA2,37,CARBON,1317.74082077724
GUAJIRA2,38,CARBON,1328.08
GUAJIRA2,39,CARBON,1328.08
GUAJIRA2,40,CARBON,1328.08
GUAJIRA2,41,CARBON,1328.08
GUAJIRA2,42,CARBON,1328.08
GUAJIRA2,43,CARBON,1328.08
GUAJIRA2,44,CARBON,1328.08
GUAJIRA2,45,CARBON,1328.08
GUAJIRA2,46,CARBON,1328.08
GUAJIRA2,47,CARBON,1328.08
GUAJIRA2,48,CARBON,1328.08
GUAJIRA2,49,CARBON,1328.08
GUAJIRA2,50,CARBON,1328.08
GUAJIRA2,51,CARBON,1328.08
GUAJIRA2,52,CARBON,1328.08
GUAJIRA2,53,CARBON,1328.08
GUAJIRA2,54,CARBON,1328.08
GUAJIRA2,55,CARBON,1328.08
GUAJIRA2,56,CARBON,1328.08
GUAJIRA2,57,CARBON,1328.08
GUAJIRA2,58,CARBON,1328.08
GUAJIRA2,59,CARBON,1328.08
GUAJIRA2,60,CARBON,1328.08
GUAJIRA2,61,CARBON,1328.08
GUAJIRA2,62,CARBON,1328.08
GUAJIRA2,63,CARBON,1328.08
GUAJIRA2,64,CARBON,1328.08
GUAJIRA2,65,CARBON,1328.08
GUAJIRA2,66,CARBON,1328.08
GUAJIRA2,67,CARBON,1328.08
GUAJIRA2,68,CARBON,1328.08
GUAJIRA2,69,CARBON,1328.08
GUAJIRA2,70,CARBON,1328.08
GUAJIRA2,71,CARBON,1328.08
GUAJIRA2,72,CARBON,1328.08
GUAJIRA2,73,CARBON,1328.08
GUAJIRA2,74,CARBON,1328.08
GUAJIRA2,75,CARBON,1328.08
GUAJIRA2,76,CARBON,975.824867372985
GUAJIRA2,77,CARBON,492.211766336472
GUAJIRA2,78,CARBON,251.739400867743
GUAJIRA2,79,CARBON,0.0
GUAJIRA2,80,CARBON,0.0
GUAJIRA2,81,CARBON,0.0
GUAJIRA2,82,CARBON,0.0
GUAJIRA2,83,CARBON,356.190586217321
GUAJIRA2,84,CARBON,1033.39432404456
GUAJIRA2,85,CARBON,1328.08
GUAJIRA2,86,CARBON,1328.08
GUAJIRA2,87,CARBON,1328.08
GUAJIRA2,88,CARBON,1328.08
GUAJIRA2,89,CARBON,1328.08
GUAJIRA2,90,CARBON,1328.08
GUAJIRA2,91,CARBON,1328.08
GUAJIRA2,92,CARBON,1328.08
GUAJIRA2,93,CARBON,1328.08
GUAJIRA2,94,CARBON,1328.08
GUAJIRA2,95,CARBON,1328.08
GUAJIRA2,96,CARBON,1328.08
GUAJIRA2,97,CARBON,1328.08
GUAJIRA2,98,CARBON,1328.08
GUAJIRA2,99,CARBON,1328.08
GUAJIRA2,100,CARBON,1328.08
GUAJIRA2,101,CARBON,1328.08
GUAJIRA2,102,CARBON,1328.08
GUAJIRA2,103,CARBON,1328.08
GUAJIRA2,104,CARBON,1328.08
GUAJIRA2,105,CARBON,1328.08
GUAJIRA2,106,CARBON,1328.08
GUAJIRA2,107,CARBON,1328.08
GUAJIRA2,108,CARBON,1328.08
GUAJIRA2,109,CARBON,1328.08
GUAJIRA2,110,CARBON,1328.08
GUAJIRA2,111,CARBON,1328.08
GUAJIRA2,112,CARBON,1328.08
GUAJIRA2,113,CARBON,1328.08
GUAJIRA2,114,CARBON,1328.08
GUAJIRA2,115,CARBON,1328.08
GUAJIRA2,116,CARBON,1328.08
GUAJIRA2,117,CARBON,1328.08
GUAJIRA2,118,CARBON,1328.08
GUAJIRA2,119,CARBON,1328.08
GUAJIRA2,120,CARBON,1328.08
GUAJIRA2,121,CARBON,1328.08
GUAJIRA2,122,CARBON,1328.08
GUAJIRA2,123,CARBON,1328.08
GUAJIRA2,124,CARBON,1328.08
GUAJIRA2,125,CARBON,1328.08
GUAJIRA2,126,CARBON,1328.08
GUAJIRA2,127,CARBON,1328.08
GUAJIRA2,128,CARBON,1328.08
GUAJIRA2,129,CARBON,1328.08
GUAJIRA2,130,CARBON,1328.08
GUAJIRA2,131,CARBON,1328.08
GUAJIRA2,132,CARBON,1328.08
GUAJIRA2,133,CARBON,1328.08
GUAJIRA2,134,CARBON,1328.08
GUAJIRA2,135,CARBON,1328.08
GUAJIRA2,136,CARBON,1328.08
GUAJIRA2,137,CARBON,1328.08
GUAJIRA2,138,CARBON,1328.08
GUAJIRA2,139,CARBON,1328.08
GUAJIRA2,140,CARBON,1328.08
GUAJIRA2,141,CARBON,1328.08
GUAJIRA2,142,CARBON,1328.08
GUAJIRA2,143,CARBON,1328.08
GUAJIRA2,144,CARBON,1328.08
GUAJIRA2,145,CARBON,1328.08
GUAJIRA2,146,CARBON,1328.08
GUAJIRA2,147,CARBON,1328.08
GUAJIRA2,148,CARBON,1328.08
GUAJIRA2,149,CARBON,1328.08
GUAJIRA2,150,CARBON,1328.08
GUAJIRA2,151,CARBON,1328.08
GUAJIRA2,152,CARBON,1328.08
GUAJIRA2,153,CARBON,1328.08
GUAJIRA2,154,CARBON,1328.08
GUAJIRA2,155,CARBON,1328.08
GUAJIRA2,156,CARBON,1328.08
GUAJIRA2,157,CARBON,1328.08
GUAJIRA2,158,CARBON,1328.08
GUAJIRA2,159,CARBON,1328.08
GUAJIRA2,160,CARBON,1328.08
GUAJIRA2,161,CARBON,1328.08
GUAJIRA2,162,CARBON,1328.08
GUAJIRA2,163,CARBON,1328.08
GUAJIRA2,164,CARBON,1328.08
GUAJIRA2,165,CARBON,1328.08
GUAJIRA2,166,CARBON,1328.08
GUAJIRA2,167,CARBON,1328.08
GUAJIRA2,168,CARBON,1328.08
GUAJIRA2,169,CARBON,1328.08
GUAJIRA2,170,CARBON,1328.08
GUAJIRA2,171,CARBON,1328.08
GUAJIRA2,172,CARBON,1328.08
GUAJIRA2,173,CARBON,1328.08
GUAJIRA2,174,CARBON,1328.08
GUAJIRA2,175,CARBON,1328.08
GUAJIRA2,176,CARBON,1328.08
GUAJIRA2,177,CARBON,1328.08
GUAJIRA2,178,CARBON,1328.08
GUAJIRA2,179,CARBON,1328.08
GUAJIRA2,180,CARBON,1328.08
GUAJIRA2,181,CARBON,1328.08
GUAJIRA2,182,CARBON,1328.08
GUAJIRA2,183,CARBON,1328.08
GUAJIRA2,184,CARBON,1328.08
GUAJIRA2,185,CARBON,1328.08
GUAJIRA2,186,CARBON,1328.08
GUAJIRA2,187,CARBON,1328.08
GUAJIRA2,188,CARBON,1328.08
GUAJIRA2,189,CARBON,1328.08
GUAJIRA2,190,CARBON,1328.08
GUAJIRA2,191,CARBON,1328.08
GUAJIRA2,192,CARBON,1328.08
GUAJIRA2,193,CARBON,1328.08
GUAJIRA2,194,CARBON,1328.08
GUAJIRA2,195,CARBON,1328.08
GUAJIRA2,196,CARBON,1328.08
GUAJIRA2,197,CARBON,1328.08
GUAJIRA2,198,CARBON,1328.08
GUAJIRA2,199,CARBON,1328.08
GUAJIRA2,200,CARBON,499.549134515169
GUAJIRA2,201,CARBON,0.0
GUAJIRA2,202,CARBON,0.0
GUAJIRA2,203,CARBON,0.0
GUAJIRA2,204,CARBON,0.0
GUAJIRA2,205,CARBON,0.0
GUAJIRA2,206,CARBON,0.0
GUAJIRA2,207,CARBON,1328.08
GUAJIRA2,208,CARBON,1328.08
GUAJIRA2,209,CARBON,1328.08
GUAJIRA2,210,CARBON,1328.08
GUAJIRA2,211,CARBON,1328.08
GUAJIRA2,212,CARBON,1328.08
GUAJIRA2,213,CARBON,1328.08
GUAJIRA2,214,CARBON,1328.08
GUAJIRA2,215,CARBON,1328.08
GUAJIRA2,216,CARBON,1328.08
GUAJIRA2,217,CARBON,1328.08
GUAJIRA2,218,CARBON,1328.08
GUAJIRA2,219,CARBON,1328.08
GUAJIRA2,220,CARBON,1328.08
GUAJIRA2,221,CARBON,1328.08
GUAJIRA2,222,CARBON,1328.08
GUAJIRA2,223,CARBON,1328.08
GUAJIRA2,224,CARBON,1328.08
GUAJIRA2,225,CARBON,1328.08
GUAJIRA2,226,CARBON,1328.08
GUAJIRA2,227,CARBON,1328.08
GUAJIRA2,228,CARBON,1328.08
GUAJIRA2,229,CARBON,1328.08
GUAJIRA2,230,CARBON,1328.08
GUAJIRA2,231,CARBON,1328.08
GUAJIRA2,232,CARBON,1328.08
GUAJIRA2,233,CARBON,1328.08
GUAJIRA2,234,CARBON,1328.08
GUAJIRA2,235,CARBON,1328.08
GUAJIRA2,236,CARBON,1328.08
GUAJIRA2,237,CARBON,1328.08
GUAJIRA2,238,CARBON,1328.08
GUAJIRA2,239,CARBON,1328.08
GUAJIRA2,240,CARBON,1328.08
GUAJIRA2,241,CARBON,1328.08
GUAJIRA2,242,CARBON,1328.08
GUAJIRA2,243,CARBON,1328.08
GUAJIRA2,244,CARBON,1328.08
GUAJIRA2,245,CARBON,1328.08
GUAJIRA2,246,CARBON,1328.08
GUAJIRA2,247,CARBON,1328.08
GUAJIRA2,248,CARBON,1328.08
GUAJIRA2,249,CARBON,1328.08
GUAJIRA2,250,CARBON,1328.08
GUAJIRA2,251,CARBON,1328.08
GUAJIRA2,252,CARBON,1328.08
GUAJIRA2,253,CARBON,1328.08
GUAJIRA2,254,CARBON,1328.08
GUAJIRA2,255,CARBON,1328.08
GUAJIRA2,256,CARBON,1328.08
GUAJIRA2,257,CARBON,1328.08
GUAJIRA2,258,CARBON,1328.08
GUAJIRA2,259,CARBON,1328.08
GUAJIRA2,260,CARBON,1328.08
GUAJIRA2,261,CARBON,1328.08
GUAJIRA2,262,CARBON,1328.08
GUAJIRA2,263,CARBON,1328.08
GUAJIRA2,264,CARBON,1328.08
GUAJIRA2,265,CARBON,1328.08
GUAJIRA2,266,CARBON,1328.08
GUAJIRA2,267,CARBON,1328.08
GUAJIRA2,268,CARBON,1328.08
GUAJIRA2,269,CARBON,1328.08
GUAJIRA2,270,CARBON,1328.08
GUAJIRA2,271,CARBON,1328.08
GUAJIRA2,272,CARBON,1328.08
GUAJIRA2,273,CARBON,1328.08
GUAJIRA2,274,CARBON,1328.08
GUAJIRA2,275,CARBON,1328.08
GUAJIRA2,276,CARBON,1328.08
GUAJIRA2,277,CARBON,1328.08
GUAJIRA2,278,CARBON,1328.08
GUAJIRA2,279,CARBON,1328.08
GUAJIRA2,280,CARBON,1328.08
GUAJIRA2,281,CARBON,1328.08
GUAJIRA2,282,CARBON,1328.08
GUAJIRA2,283,CARBON,1328.08
GUAJIRA2,284,CARBON,1328.08
GUAJIRA2,285,CARBON,1328.08
GUAJIRA2,286,CARBON,1328.08
GUAJIRA2,287,CARBON,1328.08
GUAJIRA2,288,CARBON,1328.08
GUAJIRA2,289,CARBON,1328.08
GUAJIRA2,290,CARBON,1328.08
GUAJIRA2,291,CARBON,1328.08
GUAJIRA2,292,CARBON,1328.08
GUAJIRA2,293,CARBON,1328.08
GUAJIRA2,294,CARBON,1328.08
GUAJIRA2,295,CARBON,1328.08
GUAJIRA2,296,CARBON,1328.08
GUAJIRA2,297,CARBON,1328.08
GUAJIRA2,298,CARBON,1328.08
GUAJIRA2,299,CARBON,1328.08
GUAJIRA2,300,CARBON,1328.08
GUAJIRA2,301,CARBON,1328.08
GUAJIRA2,302,CARBON,1328.08
GUAJIRA2,303,CARBON,1328.08
GUAJIRA2,304,CARBON,1328.08
GUAJIRA2,305,CARBON,1328.08
GUAJIRA2,306,CARBON,1328.08
GUAJIRA2,307,CARBON,1328.08
GUAJIRA2,308,CARBON,1328.08
GUAJIRA2,309,CARBON,1328.08
GUAJIRA2,310,CARBON,1328.08
GUAJIRA2,311,CARBON,1328.08
GUAJIRA2,312,CARBON,1328.08
GUAJIRA2,313,CARBON,1328.08
GUAJIRA2,314,CARBON,1328.08
GUAJIRA2,315,CARBON,1328.08
GUAJIRA2,316,CARBON,1328.08
GUAJIRA2,317,CARBON,1328.08
GUAJIRA2,318,CARBON,1328.08
GUAJIRA2,319,CARBON,1328.08
GUAJIRA2,320,CARBON,1328.08
GUAJIRA2,321,CARBON,1328.08
GUAJIRA2,322,CARBON,1328.08
GUAJIRA2,323,CARBON,1328.08
GUAJIRA2,324,CARBON,1328.08
GUAJIRA2,325,CARBON,1328.08
GUAJIRA2,326,CARBON,1328.08
GUAJIRA2,327,CARBON,1328.08
GUAJIRA2,328,CARBON,1328.08
GUAJIRA2,329,CARBON,1328.08
GUAJIRA2,330,CARBON,1328.08
GUAJIRA2,331,CARBON,1328.08
GUAJIRA2,332,CARBON,1328.08
GUAJIRA2,333,CARBON,1328.08
GUAJIRA2,334,CARBON,1328.08
GUAJIRA2,335,CARBON,1328.08
GUAJIRA2,336,CARBON,1328.08
GUAJIRA2,337,CARBON,1328.08
GUAJIRA2,338,CARBON,1328.08
GUAJIRA2,339,CARBON,1328.08
GUAJIRA2,340,CARBON,1328.08
GUAJIRA2,341,CARBON,1328.08
GUAJIRA2,342,CARBON,1328.08
GUAJIRA2,343,CARBON,1328.08
GUAJIRA2,344,CARBON,1328.08
GUAJIRA2,345,CARBON,1328.08
GUAJIRA2,346,CARBON,1328.08
GUAJIRA2,347,CARBON,1328.08
GUAJIRA2,348,CARBON,1328.08
GUAJIRA2,349,CARBON,1328.08
GUAJIRA2,350,CARBON,1328.08
GUAJIRA2,351,CARBON,1328.08
GUAJIRA2,352,CARBON,1328.08
GUAJIRA2,353,CARBON,1328.08
GUAJIRA2,354,CARBON,1328.08
GUAJIRA2,355,CARBON,1328.08
GUAJIRA2,356,CARBON,1328.08
GUAJIRA2,357,CARBON,1328.08
GUAJIRA2,358,CARBON,1328.08
GUAJIRA2,359,CARBON,1328.08
GUAJIRA2,360,CARBON,1328.08
GUAJIRA2,361,CARBON,1328.08
GUAJIRA2,362,CARBON,1328.08
GUAJIRA2,363,CARBON,1328.08
GUAJIRA2,364,CARBON,1328.08
GUAJIRA2,365,CARBON,1328.08
GUAJIRA2,366,CARBON,1328.08
GUAJIRA2,367,CARBON,1328.08
GUAJIRA2,368,CARBON,1328.08
GUAJIRA2,369,CARBON,1328.08
GUAJIRA2,370,CARBON,1328.08
GUAJIRA2,371,CARBON,1328.08
GUAJIRA2,372,CARBON,1328.08
GUAJIRA2,373,CARBON,1328.08
GUAJIRA2,374,CARBON,1328.08
GUAJIRA2,375,CARBON,1328.08
GUAJIRA2,376,CARBON,1328.08
GUAJIRA2,377,CARBON,1328.08
GUAJIRA2,378,CARBON,1328.08
GUAJIRA2,379,CARBON,1328.08
GUAJIRA2,380,CARBON,1328.08
GUAJIRA2,381,CARBON,1328.08
GUAJIRA2,382,CARBON,1328.08
GUAJIRA2,383,CARBON,1328.08
GUAJIRA2,384,CARBON,1328.08
MERILECTRICA,1,GASNACIO,0.0
MERILECTRICA,2,GASNACIO,0.0
MERILECTRICA,3,GASNACIO,0.0
MERILECTRICA,4,GASNACIO,0.0
MERILECTRICA,5,GASNACIO,0.0
MERILECTRICA,6,GASNACIO,1476.0492
MERILECTRICA,7,GASNACIO,0.0
MERILECTRICA,8,GASNACIO,0.0
MERILECTRICA,9,GASNACIO,0.0
MERILECTRICA,10,GASNACIO,0.0
MERILECTRICA,11,GASNACIO,0.0
MERILECTRICA,12,GASNACIO,0.0
MERILECTRICA,13,GASNACIO,0.0
MERILECTRICA,14,GASNACIO,0.0
MERILECTRICA,15,GASNACIO,0.0
MERILECTRICA,16,GASNACIO,130.715449616015
MERILECTRICA,17,GASNACIO,761.497599793753
MERILECTRICA,18,GASNACIO,0.0
MERILECTRICA,19,GASNACIO,0.0
MERILECTRICA,20,GASNACIO,0.0
MERILECTRICA,21,GASNACIO,0.0
MERILECTRICA,22,GASNACIO,0.0
MERILECTRICA,23,GASNACIO,0.0
MERILECTRICA,24,GASNACIO,0.0
MERILECTRICA,25,GASNACIO,0.0
MERILECTRICA,26,GASNACIO,0.0
MERILECTRICA,27,GASNACIO,0.0
MERILECTRICA,28,GASNACIO,0.0
MERILECTRICA,29,GASNACIO,0.0
MERILECTRICA,30,GASNACIO,0.0
MERILECTRICA,31,GASNACIO,0.0
MERILECTRICA,32,GASNACIO,0.0
MERILECTRICA,33,GASNACIO,0.0
MERILECTRICA,34,GASNACIO,0.0
MERILECTRICA,35,GASNACIO,0.0
MERILECTRICA,36,GASNACIO,0.0
MERILECTRICA,37,GASNACIO,0.0
MERILECTRICA,38,GASNACIO,0.0
MERILECTRICA,39,GASNACIO,0.0
MERILECTRICA,40,GASNACIO,0.0
MERILECTRICA,41,GASNACIO,0.0
MERILECTRICA,42,GASNACIO,0.0
MERILECTRICA,43,GASNACIO,0.0
MERILECTRICA,44,GASNACIO,0.0
MERILECTRICA,45,GASNACIO,0.0
MERILECTRICA,46,GASNACIO,0.0
MERILECTRICA,47,GASNACIO,0.0
MERILECTRICA,48,GASNACIO,0.0
MERILECTRICA,49,GASNACIO,1476.0492
MERILECTRICA,50,GASNACIO,1476.0492
MERILECTRICA,51,GASNACIO,1476.0492
MERILECTRICA,52,GASNACIO,1476.0492
MERILECTRICA,53,GASNACIO,1476.0492
MERILECTRICA,54,GASNACIO,1476.0492
MERILECTRICA,55,GASNACIO,1476.0492
MERILECTRICA,56,GASNACIO,1476.0492
MERILECTRICA,57,GASNACIO,1476.0492
MERILECTRICA,58,GASNACIO,1476.0492
MERILECTRICA,59,GASNACIO,1476.0492
MERILECTRICA,60,GASNACIO,1476.0492
MERILECTRICA,61,GASNACIO,1476.0492
MERILECTRICA,62,GASNACIO,1476.0492
MERILECTRICA,63,GASNACIO,1476.0492
MERILECTRICA,64,GASNACIO,1476.0492
MERILECTRICA,65,GASNACIO,1476.0492
MERILECTRICA,66,GASNACIO,1476.0492
MERILECTRICA,67,GASNACIO,1476.0492
MERILECTRICA,68,GASNACIO,1476.0492
MERILECTRICA,69,GASNACIO,1476.0492
MERILECTRICA,70,GASNACIO,1476.0492
MERILECTRICA,71,GASNACIO,1476.0492
MERILECTRICA,72,GASNACIO,1476.0492
MERILECTRICA,73,GASNACIO,0.0
MERILECTRICA,74,GASNACIO,0.0
MERILECTRICA,75,GASNACIO,0.0
MERILECTRICA,76,GASNACIO,0.0
MERILECTRICA,77,GASNACIO,0.0
MERILECTRICA,78,GASNACIO,0.0
MERILECTRICA,79,GASNACIO,0.0
MERILECTRICA,80,GASNACIO,0.0
MERILECTRICA,81,GASNACIO,0.0
MERILECTRICA,82,GASNACIO,0.0
MERILECTRICA,83,GASNACIO,0.0
MERILECTRICA,84,GASNACIO,0.0
MERILECTRICA,85,GASNACIO,0.0
MERILECTRICA,86,GASNACIO,0.0
MERILECTRICA,87,GASNACIO,0.0
MERILECTRICA,88,GASNACIO,0.0
MERILECTRICA,89,GASNACIO,0.0
MERILECTRICA,90,GASNACIO,0.0
MERILECTRICA,91,GASNACIO,0.0
MERILECTRICA,92,GASNACIO,0.0
MERILECTRICA,93,GASNACIO,0.0
MERILECTRICA,94,GASNACIO,0.0
MERILECTRICA,95,GASNACIO,0.0
MERILECTRICA,96,GASNACIO,0.0
MERILECTRICA,97,GASNACIO,1476.0492
MERILECTRICA,98,GASNACIO,1476.0492
MERILECTRICA,99,GASNACIO,1476.0492
MERILECTRICA,100,GASNACIO,1476.0492
MERILECTRICA,101,GASNACIO,1476.0492
MERILECTRICA,102,GASNACIO,1476.0492
MERILECTRICA,103,GASNACIO,1476.0492
MERILECTRICA,104,GASNACIO,1476.0492
MERILECTRICA,105,GASNACIO,1476.0492
MERILECTRICA,106,GASNACIO,1476.0492
MERILECTRICA,107,GASNACIO,1476.0492
MERILECTRICA,108,GASNACIO,1476.0492
MERILECTRICA,109,GASNACIO,1476.0492
MERILECTRICA,110,GASNACIO,1476.0492
MERILECTRICA,111,GASNACIO,1476.0492
MERILECTRICA,112,GASNACIO,1476.0492
MERILECTRICA,113,GASNACIO,1476.0492
MERILECTRICA,114,GASNACIO,1476.0492
MERILECTRICA,115,GASNACIO,1476.0492
MERILECTRICA,116,GASNACIO,1476.0492
MERILECTRICA,117,GASNACIO,1476.0492
MERILECTRICA,118,GASNACIO,1476.0492
MERILECTRICA,119,GASNACIO,1476.0492
MERILECTRICA,120,GASNACIO,1476.0492
MERILECTRICA,121,GASNACIO,0.0
MERILECTRICA,122,GASNACIO,0.0
MERILECTRICA,123,GASNACIO,0.0
MERILECTRICA,124,GASNACIO,0.0
MERILECTRICA,125,GASNACIO,0.0
MERILECTRICA,126,GASNACIO,0.0
MERILECTRICA,127,GASNACIO,0.0
MERILECTRICA,128,GASNACIO,0.0
MERILECTRICA,129,GASNACIO,0.0
MERILECTRICA,130,GASNACIO,0.0
MERILECTRICA,131,GASNACIO,0.0
MERILECTRICA,132,GASNACIO,0.0
MERILECTRICA,133,GASNACIO,0.0
MERILECTRICA,134,GASNACIO,0.0
MERILECTRICA,135,GASNACIO,0.0
MERILECTRICA,136,GASNACIO,0.0
MERILECTRICA,137,GASNACIO,1476.0492
MERILECTRICA,138,GASNACIO,0.0
MERILECTRICA,139,GASNACIO,0.0
MERILECTRICA,140,GASNACIO,0.0
MERILECTRICA,141,GASNACIO,272.13961154514
MERILECTRICA,142,GASNACIO,341.039695687861
MERILECTRICA,143,GASNACIO,0.0
MERILECTRICA,144,GASNACIO,0.0
MERILECTRICA,145,GASNACIO,1476.0492
MERILECTRICA,146,GASNACIO,1476.0492
MERILECTRICA,147,GASNACIO,1476.0492
MERILECTRICA,148,GASNACIO,1476.0492
MERILECTRICA,149,GASNACIO,1476.0492
MERILECTRICA,150,GASNACIO,1476.0492
MERILECTRICA,151,GASNACIO,1476.0492
MERILECTRICA,152,GASNACIO,1476.0492
MERILECTRICA,153,GASNACIO,1476.0492
MERILECTRICA,154,GASNACIO,1476.0492
MERILECTRICA,155,GASNACIO,1476.0492
MERILECTRICA,156,GASNACIO,1476.0492
MERILECTRICA,157,GASNACIO,1476.0492
MERILECTRICA,158,GASNACIO,1476.0492
MERILECTRICA,159,GASNACIO,1476.0492
MERILECTRICA,160,GASNACIO,1476.0492
MERILECTRICA,161,GASNACIO,1476.0492
MERILECTRICA,162,GASNACIO,1476.0492
MERILECTRICA,163,GASNACIO,1476.0492
MERILECTRICA,164,GASNACIO,1476.0492
MERILECTRICA,165,GASNACIO,1476.0492
MERILECTRICA,166,GASNACIO,1476.0492
MERILECTRICA,167,GASNACIO,1476.0492
MERILECTRICA,168,GASNACIO,1476.0492
MERILECTRICA,169,GASNACIO,1476.0492
MERILECTRICA,170,GASNACIO,1476.0492
MERILECTRICA,171,GASNACIO,1476.0492
MERILECTRICA,172,GASNACIO,1476.0492
MERILECTRICA,173,GASNACIO,1476.0492
MERILECTRICA,174,GASNACIO,1476.0492
MERILECTRICA,175,GASNACIO,1476.0492
MERILECTRICA,176,GASNACIO,1476.0492
MERILECTRICA,177,GASNACIO,1476.0492
MERILECTRICA,178,GASNACIO,1476.0492
MERILECTRICA,179,GASNACIO,1476.0492
MERILECTRICA,180,GASNACIO,1476.0492
MERILECTRICA,181,GASNACIO,1476.0492
MERILECTRICA,182,GASNACIO,1476.0492
MERILECTRICA,183,GASNACIO,1476.0492
MERILECTRICA,184,GASNACIO,1476.0492
MERILECTRICA,185,GASNACIO,1476.0492
MERILECTRICA,186,GASNACIO,1476.0492
MERILECTRICA,187,GASNACIO,1476.0492
MERILECTRICA,188,GASNACIO,1476.0492
MERILECTRICA,189,GASNACIO,1476.0492
MERILECTRICA,190,GASNACIO,695.776605587643
MERILECTRICA,191,GASNACIO,1476.0492
MERILECTRICA,192,GASNACIO,546.428953188488
MERILECTRICA,193,GASNACIO,1476.0492
MERILECTRICA,194,GASNACIO,1476.0492
MERILECTRICA,195,GASNACIO,1476.0492
MERILECTRICA,196,GASNACIO,1476.0492
MERILECTRICA,197,GASNACIO,1476.0492
MERILECTRICA,198,GASNACIO,1476.0492
MERILECTRICA,199,GASNACIO,1476.0492
MERILECTRICA,200,GASNACIO,1476.0492
MERILECTRICA,201,GASNACIO,1476.0492
MERILECTRICA,202,GASNACIO,1476.0492
MERILECTRICA,203,GASNACIO,1476.0492
MERILECTRICA,204,GASNACIO,1476.0492
MERILECTRICA,205,GASNACIO,1476.0492
MERILECTRICA,206,GASNACIO,1476.0492
MERILECTRICA,207,GASNACIO,1476.0492
MERILECTRICA,208,GASNACIO,1476.0492
MERILECTRICA,209,GASNACIO,1476.0492
MERILECTRICA,210,GASNACIO,1476.0492
MERILECTRICA,211,GASNACIO,1476.0492
MERILECTRICA,212,GASNACIO,1476.0492
MERILECTRICA,213,GASNACIO,1476.0492
MERILECTRICA,214,GASNACIO,1476.0492
MERILECTRICA,215,GASNACIO,1476.0492
MERILECTRICA,216,GASNACIO,1476.0492
MERILECTRICA,217,GASNACIO,1476.0492
MERILECTRICA,218,GASNACIO,1476.0492
MERILECTRICA,219,GASNACIO,1476.0492
MERILECTRICA,220,GASNACIO,1476.0492
MERILECTRICA,221,GASNACIO,1476.0492
MERILECTRICA,222,GASNACIO,1476.0492
MERILECTRICA,223,GASNACIO,1476.0492
MERILECTRICA,224,GASNACIO,1476.0492
MERILECTRICA,225,GASNACIO,1476.0492
MERILECTRICA,226,GASNACIO,1476.0492
MERILECTRICA,227,GASNACIO,1476.0492
MERILECTRICA,228,GASNACIO,1476.0492
MERILECTRICA,229,GASNACIO,1476.0492
MERILECTRICA,230,GASNACIO,1476.0492
MERILECTRICA,231,GASNACIO,1476.0492
MERILECTRICA,232,GASNACIO,1476.0492
MERILECTRICA,233,GASNACIO,1476.0492
MERILECTRICA,234,GASNACIO,1476.0492
MERILECTRICA,235,GASNACIO,1476.0492
MERILECTRICA,236,GASNACIO,1476.0492
MERILECTRICA,237,GASNACIO,1476.0492
MERILECTRICA,238,GASNACIO,1476.0492
MERILECTRICA,239,GASNACIO,1476.0492
MERILECTRICA,240,GASNACIO,1476.0492
MERILECTRICA,241,GASNACIO,1476.0492
MERILECTRICA,242,GASNACIO,1476.0492
MERILECTRICA,243,GASNACIO,1476.0492
MERILECTRICA,244,GASNACIO,1476.0492
MERILECTRICA,245,GASNACIO,1476.0492
MERILECTRICA,246,GASNACIO,1476.0492
MERILECTRICA,247,GASNACIO,1476.0492
MERILECTRICA,248,GASNACIO,1476.0492
MERILECTRICA,249,GASNACIO,1476.0492
MERILECTRICA,250,GASNACIO,1476.0492
MERILECTRICA,251,GASNACIO,1476.0492
MERILECTRICA,252,GASNACIO,1476.0492
MERILECTRICA,253,GASNACIO,1476.0492
MERILECTRICA,254,GASNACIO,1476.0492
MERILECTRICA,255,GASNACIO,1476.0492
MERILECTRICA,256,GASNACIO,1476.0492
MERILECTRICA,257,GASNACIO,1476.0492
MERILECTRICA,258,GASNACIO,1476.0492
MERILECTRICA,259,GASNACIO,1476.0492
MERILECTRICA,260,GASNACIO,1476.0492
MERILECTRICA,261,GASNACIO,1476.0492
MERILECTRICA,262,GASNACIO,1476.0492
MERILECTRICA,263,GASNACIO,1476.0492
MERILECTRICA,264,GASNACIO,1476.0492
MERILECTRICA,265,GASNACIO,1476.0492
MERILECTRICA,266,GASNACIO,1476.0492
MERILECTRICA,267,GASNACIO,1476.0492
MERILECTRICA,268,GASNACIO,1476.0492
MERILECTRICA,269,GASNACIO,1476.0492
MERILECTRICA,270,GASNACIO,1476.0492
MERILECTRICA,271,GASNACIO,1476.0492
MERILECTRICA,272,GASNACIO,1476.0492
MERILECTRICA,273,GASNACIO,1476.0492
MERILECTRICA,274,GASNACIO,1476.0492
MERILECTRICA,275,GASNACIO,1476.0492
MERILECTRICA,276,GASNACIO,1476.0492
MERILECTRICA,277,GASNACIO,1476.0492
MERILECTRICA,278,GASNACIO,1476.0492
MERILECTRICA,279,GASNACIO,1476.0492
MERILECTRICA,280,GASNACIO,1476.0492
MERILECTRICA,281,GASNACIO,1476.0492
MERILECTRICA,282,GASNACIO,1476.0492
MERILECTRICA,283,GASNACIO,1476.0492
MERILECTRICA,284,GASNACIO,1476.0492
MERILECTRICA,285,GASNACIO,1476.0492
MERILECTRICA,286,GASNACIO,1476.0492
MERILECTRICA,287,GASNACIO,1476.0492
MERILECTRICA,288,GASNACIO,1476.0492
MERILECTRICA,289,GASNACIO,1476.0492
MERILECTRICA,290,GASNACIO,1476.0492
MERILECTRICA,291,GASNACIO,1476.0492
MERILECTRICA,292,GASNACIO,1476.0492
MERILECTRICA,293,GASNACIO,1476.0492
MERILECTRICA,294,GASNACIO,1476.0492
MERILECTRICA,295,GASNACIO,1476.0492
MERILECTRICA,296,GASNACIO,1476.0492
MERILECTRICA,297,GASNACIO,1476.0492
MERILECTRICA,298,GASNACIO,1476.0492
MERILECTRICA,299,GASNACIO,1476.0492
MERILECTRICA,300,GASNACIO,1476.0492
MERILECTRICA,301,GASNACIO,1476.0492
MERILECTRICA,302,GASNACIO,1476.0492
MERILECTRICA,303,GASNACIO,1476.0492
MERILECTRICA,304,GASNACIO,1476.0492
MERILECTRICA,305,GASNACIO,1476.0492
MERILECTRICA,306,GASNACIO,1476.0492
MERILECTRICA,307,GASNACIO,1476.0492
MERILECTRICA,308,GASNACIO,1476.0492
MERILECTRICA,309,GASNACIO,1476.0492
MERILECTRICA,310,GASNACIO,1476.0492
MERILECTRICA,311,GASNACIO,1476.0492
MERILECTRICA,312,GASNACIO,1476.0492
MERILECTRICA,313,GASNACIO,1476.0492
MERILECTRICA,314,GASNACIO,1476.0492
MERILECTRICA,315,GASNACIO,1476.0492
MERILECTRICA,316,GASNACIO,1476.0492
MERILECTRICA,317,GASNACIO,1476.0492
MERILECTRICA,318,GASNACIO,1476.0492
MERILECTRICA,319,GASNACIO,1476.0492
MERILECTRICA,320,GASNACIO,1476.0492
MERILECTRICA,321,GASNACIO,1476.0492
MERILECTRICA,322,GASNACIO,1476.0492
MERILECTRICA,323,GASNACIO,1476.0492
MERILECTRICA,324,GASNACIO,1476.0492
MERILECTRICA,325,GASNACIO,1476.0492
MERILECTRICA,326,GASNACIO,1476.0492
MERILECTRICA,327,GASNACIO,1476.0492
MERILECTRICA,328,GASNACIO,1476.0492
MERILECTRICA,329,GASNACIO,1476.0492
MERILECTRICA,330,GASNACIO,1476.0492
MERILECTRICA,331,GASNACIO,1476.0492
MERILECTRICA,332,GASNACIO,1476.0492
MERILECTRICA,333,GASNACIO,1476.0492
MERILECTRICA,334,GASNACIO,1476.0492
MERILECTRICA,335,GASNACIO,1476.0492
MERILECTRICA,336,GASNACIO,1476.0492
MERILECTRICA,337,GASNACIO,1476.0492
MERILECTRICA,338,GASNACIO,1476.0492
MERILECTRICA,339,GASNACIO,1476.0492
MERILECTRICA,340,GASNACIO,1476.0492
MERILECTRICA,341,GASNACIO,1476.0492
MERILECTRICA,342,GASNACIO,1476.0492
MERILECTRICA,343,GASNACIO,1476.0492
MERILECTRICA,344,GASNACIO,1476.0492
MERILECTRICA,345,GASNACIO,1476.0492
MERILECTRICA,346,GASNACIO,1476.0492
MERILECTRICA,347,GASNACIO,1476.0492
MERILECTRICA,348,GASNACIO,1476.0492
MERILECTRICA,349,GASNACIO,1476.0492
MERILECTRICA,350,GASNACIO,1476.0492
MERILECTRICA,351,GASNACIO,1476.0492
MERILECTRICA,352,GASNACIO,1476.0492
MERILECTRICA,353,GASNACIO,1476.0492
MERILECTRICA,354,GASNACIO,1476.0492
MERILECTRICA,355,GASNACIO,1476.0492
MERILECTRICA,356,GASNACIO,1476.0492
MERILECTRICA,357,GASNACIO,1476.0492
MERILECTRICA,358,GASNACIO,1476.0492
MERILECTRICA,359,GASNACIO,1476.0492
MERILECTRICA,360,GASNACIO,1476.0492
MERILECTRICA,361,GASNACIO,1476.0492
MERILECTRICA,362,GASNACIO,1476.0492
MERILECTRICA,363,GASNACIO,1476.0492
MERILECTRICA,364,GASNACIO,1476.0492
MERILECTRICA,365,GASNACIO,1476.0492
MERILECTRICA,366,GASNACIO,1476.0492
MERILECTRICA,367,GASNACIO,1476.0492
MERILECTRICA,368,GASNACIO,1476.0492
MERILECTRICA,369,GASNACIO,1476.0492
MERILECTRICA,370,GASNACIO,1476.0492
MERILECTRICA,371,GASNACIO,1476.0492
MERILECTRICA,372,GASNACIO,1476.0492
MERILECTRICA,373,GASNACIO,1476.0492
MERILECTRICA,374,GASNACIO,1476.0492
MERILECTRICA,375,GASNACIO,1476.0492
MERILECTRICA,376,GASNACIO,1476.0492
MERILECTRICA,377,GASNACIO,1476.0492
MERILECTRICA,378,GASNACIO,1476.0492
MERILECTRICA,379,GASNACIO,1476.0492
MERILECTRICA,380,GASNACIO,1476.0492
MERILECTRICA,381,GASNACIO,1476.0492
MERILECTRICA,382,GASNACIO,1476.0492
MERILECTRICA,383,GASNACIO,1476.0492
MERILECTRICA,384,GASNACIO,1476.0492
PAIPA 1,1,CARBON,0.0
PAIPA 1,2,CARBON,0.0
PAIPA 1,3,CARBON,0.0
PAIPA 1,4,CARBON,0.0
PAIPA 1,5,CARBON,0.0
PAIPA 1,6,CARBON,0.0
PAIPA 1,7,CARBON,0.0
PAIPA 1,8,CARBON,0.0
PAIPA 1,9,CARBON,0.0
PAIPA 1,10,CARBON,0.0
PAIPA 1,11,CARBON,0.0
PAIPA 1,12,CARBON,0.0
PAIPA 1,13,CARBON,0.0
PAIPA 1,14,CARBON,0.0
PAIPA 1,15,CARBON,0.0
PAIPA 1,16,CARBON,0.0
PAIPA 1,17,CARBON,0.0
PAIPA 1,18,CARBON,0.0
PAIPA 1,19,CARBON,0.0
PAIPA 1,20,CARBON,0.0
PAIPA 1,21,CARBON,0.0
PAIPA 1,22,CARBON,0.0
PAIPA 1,23,CARBON,0.0
PAIPA 1,24,CARBON,0.0
PAIPA 1,25,CARBON,0.0
PAIPA 1,26,CARBON,0.0
PAIPA 1,27,CARBON,0.0
PAIPA 1,28,CARBON,0.0
PAIPA 1,29,CARBON,0.0
PAIPA 1,30,CARBON,0.0
PAIPA 1,31,CARBON,0.0
PAIPA 1,32,CARBON,0.0
PAIPA 1,33,CARBON,0.0
PAIPA 1,34,CARBON,0.0
PAIPA 1,35,CARBON,0.0
PAIPA 1,36,CARBON,0.0
PAIPA 1,37,CARBON,0.0
PAIPA 1,38,CARBON,0.0
PAIPA 1,39,CARBON,0.0
PAIPA 1,40,CARBON,0.0
PAIPA 1,41,CARBON,0.0
PAIPA 1,42,CARBON,0.0
PAIPA 1,43,CARBON,0.0
PAIPA 1,44,CARBON,0.0
PAIPA 1,45,CARBON,0.0
PAIPA 1,46,CARBON,0.0
PAIPA 1,47,CARBON,0.0
PAIPA 1,48,CARBON,0.0
PAIPA 1,49,CARBON,0.0
PAIPA 1,50,CARBON,0.0
PAIPA 1,51,CARBON,0.0
PAIPA 1,52,CARBON,0.0
PAIPA 1,53,CARBON,0.0
PAIPA 1,54,CARBON,0.0
PAIPA 1,55,CARBON,0.0
PAIPA 1,56,CARBON,0.0
PAIPA 1,57,CARBON,0.0
PAIPA 1,58,CARBON,0.0
PAIPA 1,59,CARBON,0.0
PAIPA 1,60,CARBON,0.0
PAIPA 1,61,CARBON,0.0
PAIPA 1,62,CARBON,0.0
PAIPA 1,63,CARBON,0.0
PAIPA 1,64,CARBON,0.0
PAIPA 1,65,CARBON,0.0
PAIPA 1,66,CARBON,0.0
PAIPA 1,67,CARBON,0.0
PAIPA 1,68,CARBON,0.0
PAIPA 1,69,CARBON,0.0
PAIPA 1,70,CARBON,0.0
PAIPA 1,71,CARBON,0.0
PAIPA 1,72,CARBON,0.0
PAIPA 1,73,CARBON,0.0
PAIPA 1,74,CARBON,0.0
PAIPA 1,75,CARBON,0.0
PAIPA 1,76,CARBON,0.0
PAIPA 1,77,CARBON,0.0
PAIPA 1,78,CARBON,0.0
PAIPA 1,79,CARBON,0.0
PAIPA 1,80,CARBON,0.0
PAIPA 1,81,CARBON,0.0
PAIPA 1,82,CARBON,0.0
PAIPA 1,83,CARBON,0.0
PAIPA 1,84,CARBON,0.0
PAIPA 1,85,CARBON,0.0
PAIPA 1,86,CARBON,0.0
PAIPA 1,87,CARBON,0.0
PAIPA 1,88,CARBON,0.0
PAIPA 1,89,CARBON,0.0
PAIPA 1,90,CARBON,0.0
PAIPA 1,91,CARBON,0.0
PAIPA 1,92,CARBON,0.0
PAIPA 1,93,CARBON,0.0
PAIPA 1,94,CARBON,0.0
PAIPA 1,95,CARBON,0.0
PAIPA 1,96,CARBON,0.0
PAIPA 1,97,CARBON,0.0
PAIPA 1,98,CARBON,0.0
PAIPA 1,99,CARBON,0.0
PAIPA 1,100,CARBON,0.0
PAIPA 1,101,CARBON,0.0
PAIPA 1,102,CARBON,0.0
PAIPA 1,103,CARBON,0.0
PAIPA 1,104,CARBON,0.0
PAIPA 1,105,CARBON,0.0
PAIPA 1,106,CARBON,0.0
PAIPA 1,107,CARBON,0.0
PAIPA 1,108,CARBON,0.0
PAIPA 1,109,CARBON,0.0
PAIPA 1,110,CARBON,0.0
PAIPA 1,111,CARBON,0.0
PAIPA 1,112,CARBON,0.0
PAIPA 1,113,CARBON,0.0
PAIPA 1,114,CARBON,0.0
PAIPA 1,115,CARBON,0.0
PAIPA 1,116,CARBON,0.0
PAIPA 1,117,CARBON,0.0
PAIPA 1,118,CARBON,0.0
PAIPA 1,119,CARBON,0.0
PAIPA 1,120,CARBON,0.0
PAIPA 1,121,CARBON,0.0
PAIPA 1,122,CARBON,0.0
PAIPA 1,123,CARBON,0.0
PAIPA 1,124,CARBON,0.0
PAIPA 1,125,CARBON,0.0
PAIPA 1,126,CARBON,0.0
PAIPA 1,127,CARBON,0.0
PAIPA 1,128,CARBON,0.0
PAIPA 1,129,CARBON,0.0
PAIPA 1,130,CARBON,0.0
PAIPA 1,131,CARBON,0.0
PAIPA 1,132,CARBON,0.0
PAIPA 1,133,CARBON,0.0
PAIPA 1,134,CARBON,0.0
PAIPA 1,135,CARBON,0.0
PAIPA 1,136,CARBON,0.0
PAIPA 1,137,CARBON,0.0
PAIPA 1,138,CARBON,0.0
PAIPA 1,139,CARBON,0.0
PAIPA 1,140,CARBON,0.0
PAIPA 1,141,CARBON,0.0
PAIPA 1,142,CARBON,0.0
PAIPA 1,143,CARBON,0.0
PAIPA 1,144,CARBON,0.0
PAIPA 1,145,CARBON,447.606
PAIPA 1,146,CARBON,447.606
PAIPA 1,147,CARBON,447.606
PAIPA 1,148,CARBON,447.606
PAIPA 1,149,CARBON,447.606
PAIPA 1,150,CARBON,447.606
PAIPA 1,151,CARBON,447.606
PAIPA 1,152,CARBON,447.606
PAIPA 1,153,CARBON,447.606
PAIPA 1,154,CARBON,447.606
PAIPA 1,155,CARBON,447.606
PAIPA 1,156,CARBON,447.606
PAIPA 1,157,CARBON,447.606
PAIPA 1,158,CARBON,447.606
PAIPA 1,159,CARBON,447.606
PAIPA 1,160,CARBON,447.606
PAIPA 1,161,CARBON,447.606
PAIPA 1,162,CARBON,447.606
PAIPA 1,163,CARBON,447.606
PAIPA 1,164,CARBON,447.606
PAIPA 1,165,CARBON,447.606
PAIPA 1,166,CARBON,447.606
PAIPA 1,167,CARBON,447.606
PAIPA 1,168,CARBON,447.606
PAIPA 1,169,CARBON,0.0
PAIPA 1,170,CARBON,0.0
PAIPA 1,171,CARBON,0.0
PAIPA 1,172,CARBON,0.0
PAIPA 1,173,CARBON,0.0
PAIPA 1,174,CARBON,0.0
PAIPA 1,175,CARBON,0.0
PAIPA 1,176,CARBON,0.0
PAIPA 1,177,CARBON,0.0
PAIPA 1,178,CARBON,0.0
PAIPA 1,179,CARBON,0.0
PAIPA 1,180,CARBON,0.0
PAIPA 1,181,CARBON,0.0
PAIPA 1,182,CARBON,0.0
PAIPA 1,183,CARBON,0.0
PAIPA 1,184,CARBON,0.0
PAIPA 1,185,CARBON,0.0
PAIPA 1,186,CARBON,0.0
PAIPA 1,187,CARBON,0.0
PAIPA 1,188,CARBON,0.0
PAIPA 1,189,CARBON,0.0
PAIPA 1,190,CARBON,0.0
PAIPA 1,191,CARBON,0.0
PAIPA 1,192,CARBON,0.0
PAIPA 1,193,CARBON,447.606
PAIPA 1,194,CARBON,447.606
PAIPA 1,195,CARBON,447.606
PAIPA 1,196,CARBON,447.606
PAIPA 1,197,CARBON,447.606
PAIPA 1,198,CARBON,447.606
PAIPA 1,199,CARBON,447.606
PAIPA 1,200,CARBON,447.606
PAIPA 1,201,CARBON,447.606
PAIPA 1,202,CARBON,447.606
PAIPA 1,203,CARBON,447.606
PAIPA 1,204,CARBON,447.606
PAIPA 1,205,CARBON,447.606
PAIPA 1,206,CARBON,447.606
PAIPA 1,207,CARBON,447.606
PAIPA 1,208,CARBON,447.606
PAIPA 1,209,CARBON,447.606
PAIPA 1,210,CARBON,447.606
PAIPA 1,211,CARBON,447.606
PAIPA 1,212,CARBON,447.606
PAIPA 1,213,CARBON,447.606
PAIPA 1,214,CARBON,447.606
PAIPA 1,215,CARBON,447.606
PAIPA 1,216,CARBON,447.606
PAIPA 1,217,CARBON,447.606
PAIPA 1,218,CARBON,447.606
PAIPA 1,219,CARBON,447.606
PAIPA 1,220,CARBON,447.606
PAIPA 1,221,CARBON,447.606
PAIPA 1,222,CARBON,447.606
PAIPA 1,223,CARBON,447.606
PAIPA 1,224,CARBON,447.606
PAIPA 1,225,CARBON,447.606
PAIPA 1,226,CARBON,447.606
PAIPA 1,227,CARBON,447.606
PAIPA 1,228,CARBON,447.606
PAIPA 1,229,CARBON,447.606
PAIPA 1,230,CARBON,447.606
PAIPA 1,231,CARBON,447.606
PAIPA 1,232,CARBON,447.606
PAIPA 1,233,CARBON,447.606
PAIPA 1,234,CARBON,447.606
PAIPA 1,235,CARBON,447.606
PAIPA 1,236,CARBON,447.606
PAIPA 1,237,CARBON,447.606
PAIPA 1,238,CARBON,447.606
PAIPA 1,239,CARBON,447.606
PAIPA 1,240,CARBON,447.606
PAIPA 1,241,CARBON,447.606
PAIPA 1,242,CARBON,447.606
PAIPA 1,243,CARBON,447.606
PAIPA 1,244,CARBON,447.606
PAIPA 1,245,CARBON,447.606
PAIPA 1,246,CARBON,447.606
PAIPA 1,247,CARBON,447.606
PAIPA 1,248,CARBON,447.606
PAIPA 1,249,CARBON,447.606
PAIPA 1,250,CARBON,447.606
PAIPA 1,251,CARBON,447.606
PAIPA 1,252,CARBON,447.606
PAIPA 1,253,CARBON,447.606
PAIPA 1,254,CARBON,447.606
PAIPA 1,255,CARBON,447.606
PAIPA 1,256,CARBON,447.606
PAIPA 1,257,CARBON,447.606
PAIPA 1,258,CARBON,447.606
PAIPA 1,259,CARBON,447.606
PAIPA 1,260,CARBON,447.606
PAIPA 1,261,CARBON,447.606
PAIPA 1,262,CARBON,447.606
PAIPA 1,263,CARBON,447.606
PAIPA 1,264,CARBON,447.606
PAIPA 1,265,CARBON,447.606
PAIPA 1,266,CARBON,447.606
PAIPA 1,267,CARBON,447.606
PAIPA 1,268,CARBON,447.606
PAIPA 1,269,CARBON,447.606
PAIPA 1,270,CARBON,447.606
PAIPA 1,271,CARBON,447.606
PAIPA 1,272,CARBON,447.606
PAIPA 1,273,CARBON,447.606
PAIPA 1,274,CARBON,447.606
PAIPA 1,275,CARBON,447.606
PAIPA 1,276,CARBON,447.606
PAIPA 1,277,CARBON,447.606
PAIPA 1,278,CARBON,447.606
PAIPA 1,279,CARBON,447.606
PAIPA 1,280,CARBON,447.606
PAIPA 1,281,CARBON,447.606
PAIPA 1,282,CARBON,447.606
PAIPA 1,283,CARBON,447.606
PAIPA 1,284,CARBON,447.606
PAIPA 1,285,CARBON,447.606
PAIPA 1,286,CARBON,447.606
PAIPA 1,287,CARBON,447.606
PAIPA 1,288,CARBON,447.606
PAIPA 1,289,CARBON,447.606
PAIPA 1,290,CARBON,447.606
PAIPA 1,291,CARBON,447.606
PAIPA 1,292,CARBON,447.606
PAIPA 1,293,CARBON,447.606
PAIPA 1,294,CARBON,447.606
PAIPA 1,295,CARBON,447.606
PAIPA 1,296,CARBON,447.606
PAIPA 1,297,CARBON,447.606
PAIPA 1,298,CARBON,447.606
PAIPA 1,299,CARBON,447.606
PAIPA 1,300,CARBON,447.606
PAIPA 1,301,CARBON,447.606
PAIPA 1,302,CARBON,447.606
PAIPA 1,303,CARBON,447.606
PAIPA 1,304,CARBON,447.606
PAIPA 1,305,CARBON,447.606
PAIPA 1,306,CARBON,447.606
PAIPA 1,307,CARBON,447.606
PAIPA 1,308,CARBON,447.606
PAIPA 1,309,CARBON,447.606
PAIPA 1,310,CARBON,447.606
PAIPA 1,311,CARBON,447.606
PAIPA 1,312,CARBON,447.606
PAIPA 1,313,CARBON,447.606
PAIPA 1,314,CARBON,447.606
PAIPA 1,315,CARBON,447.606
PAIPA 1,316,CARBON,447.606
PAIPA 1,317,CARBON,447.606
PAIPA 1,318,CARBON,447.606
PAIPA 1,319,CARBON,447.606
PAIPA 1,320,CARBON,447.606
PAIPA 1,321,CARBON,447.606
PAIPA 1,322,CARBON,447.606
PAIPA 1,323,CARBON,447.606
PAIPA 1,324,CARBON,447.606
PAIPA 1,325,CARBON,447.606
PAIPA 1,326,CARBON,447.606
PAIPA 1,327,CARBON,447.606
PAIPA 1,328,CARBON,447.606
PAIPA 1,329,CARBON,447.606
PAIPA 1,330,CARBON,447.606
PAIPA 1,331,CARBON,447.606
PAIPA 1,332,CARBON,447.606
PAIPA 1,333,CARBON,447.606
PAIPA 1,334,CARBON,447.606
PAIPA 1,335,CARBON,447.606
PAIPA 1,336,CARBON,447.606
PAIPA 1,337,CARBON,447.606
PAIPA 1,338,CARBON,447.606
PAIPA 1,339,CARBON,447.606
PAIPA 1,340,CARBON,447.606
PAIPA 1,341,CARBON,447.606
PAIPA 1,342,CARBON,447.606
PAIPA 1,343,CARBON,447.606
PAIPA 1,344,CARBON,447.606
PAIPA 1,345,CARBON,447.606
PAIPA 1,346,CARBON,447.606
PAIPA 1,347,CARBON,447.606
PAIPA 1,348,CARBON,447.606
PAIPA 1,349,CARBON,447.606
PAIPA 1,350,CARBON,447.606
PAIPA 1,351,CARBON,447.606
PAIPA 1,352,CARBON,447.606
PAIPA 1,353,CARBON,447.606
PAIPA 1,354,CARBON,447.606
PAIPA 1,355,CARBON,447.606
PAIPA 1,356,CARBON,447.606
PAIPA 1,357,CARBON,447.606
PAIPA 1,358,CARBON,447.606
PAIPA 1,359,CARBON,447.606
PAIPA 1,360,CARBON,447.606
PAIPA 1,361,CARBON,447.606
PAIPA 1,362,CARBON,447.606
PAIPA 1,363,CARBON,447.606
PAIPA 1,364,CARBON,447.606
PAIPA 1,365,CARBON,447.606
PAIPA 1,366,CARBON,447.606
PAIPA 1,367,CARBON,447.606
PAIPA 1,368,CARBON,447.606
PAIPA 1,369,CARBON,447.606
PAIPA 1,370,CARBON,447.606
PAIPA 1,371,CARBON,447.606
PAIPA 1,372,CARBON,447.606
PAIPA 1,373,CARBON,447.606
PAIPA 1,374,CARBON,447.606
PAIPA 1,375,CARBON,447.606
PAIPA 1,376,CARBON,447.606
PAIPA 1,377,CARBON,447.606
PAIPA 1,378,CARBON,447.606
PAIPA 1,379,CARBON,447.606
PAIPA 1,380,CARBON,447.606
PAIPA 1,381,CARBON,447.606
PAIPA 1,382,CARBON,447.606
PAIPA 1,383,CARBON,447.606
PAIPA 1,384,CARBON,447.606
PAIPA 2,1,CARBON,760.0968
PAIPA 2,2,CARBON,760.0968
PAIPA 2,3,CARBON,760.0968
PAIPA 2,4,CARBON,760.0968
PAIPA 2,5,CARBON,760.0968
PAIPA 2,6,CARBON,760.0968
PAIPA 2,7,CARBON,760.0968
PAIPA 2,8,CARBON,760.0968
PAIPA 2,9,CARBON,760.0968
PAIPA 2,10,CARBON,760.0968
PAIPA 2,11,CARBON,760.0968
PAIPA 2,12,CARBON,760.0968
PAIPA 2,13,CARBON,760.0968
PAIPA 2,14,CARBON,760.0968
PAIPA 2,15,CARBON,760.0968
PAIPA 2,16,CARBON,760.0968
PAIPA 2,17,CARBON,760.0968
PAIPA 2,18,CARBON,760.0968
PAIPA 2,19,CARBON,760.0968
PAIPA 2,20,CARBON,760.0968
PAIPA 2,21,CARBON,760.0968
PAIPA 2,22,CARBON,760.0968
PAIPA 2,23,CARBON,760.0968
PAIPA 2,24,CARBON,760.0968
PAIPA 2,25,CARBON,760.0968
PAIPA 2,26,CARBON,0.0
PAIPA 2,27,CARBON,0.0
PAIPA 2,28,CARBON,306.443819299373
PAIPA 2,29,CARBON,760.0968
PAIPA 2,30,CARBON,760.0968
PAIPA 2,31,CARBON,0.0
PAIPA 2,32,CARBON,760.0968
PAIPA 2,33,CARBON,760.0968
PAIPA 2,34,CARBON,521.56925768646
PAIPA 2,35,CARBON,0.0
PAIPA 2,36,CARBON,0.0
PAIPA 2,37,CARBON,0.0
PAIPA 2,38,CARBON,760.0968
PAIPA 2,39,CARBON,760.0968
PAIPA 2,40,CARBON,760.0968
PAIPA 2,41,CARBON,760.0968
PAIPA 2,42,CARBON,760.0968
PAIPA 2,43,CARBON,760.0968
PAIPA 2,44,CARBON,760.0968
PAIPA 2,45,CARBON,760.0968
PAIPA 2,46,CARBON,760.0968
PAIPA 2,47,CARBON,760.0968
PAIPA 2,48,CARBON,760.0968
PAIPA 2,49,CARBON,760.0968
PAIPA 2,50,CARBON,760.0968
PAIPA 2,51,CARBON,760.0968
PAIPA 2,52,CARBON,760.0968
PAIPA 2,53,CARBON,760.0968
PAIPA 2,54,CARBON,760.0968
PAIPA 2,55,CARBON,760.0968
PAIPA 2,56,CARBON,760.0968
PAIPA 2,57,CARBON,760.0968
PAIPA 2,58,CARBON,760.0968
PAIPA 2,59,CARBON,760.0968
PAIPA 2,60,CARBON,760.0968
PAIPA 2,61,CARBON,760.0968
PAIPA 2,62,CARBON,760.0968
PAIPA 2,63,CARBON,760.0968
PAIPA 2,64,CARBON,760.0968
PAIPA 2,65,CARBON,760.0968
PAIPA 2,66,CARBON,760.0968
PAIPA 2,67,CARBON,760.0968
PAIPA 2,68,CARBON,760.0968
PAIPA 2,69,CARBON,760.0968
PAIPA 2,70,CARBON,760.0968
PAIPA 2,71,CARBON,760.0968
PAIPA 2,72,CARBON,760.0968
PAIPA 2,73,CARBON,0.0
PAIPA 2,74,CARBON,0.0
PAIPA 2,75,CARBON,0.0
PAIPA 2,76,CARBON,0.0
PAIPA 2,77,CARBON,0.0
PAIPA 2,78,CARBON,0.0
PAIPA 2,79,CARBON,0.0
PAIPA 2,80,CARBON,0.0
PAIPA 2,81,CARBON,0.0
PAIPA 2,82,CARBON,0.0
PAIPA 2,83,CARBON,0.0
PAIPA 2,84,CARBON,0.0
PAIPA 2,85,CARBON,0.0
PAIPA 2,86,CARBON,0.0
PAIPA 2,87,CARBON,0.0
PAIPA 2,88,CARBON,0.0
PAIPA 2,89,CARBON,0.0
PAIPA 2,90,CARBON,0.0
PAIPA 2,91,CARBON,0.0
PAIPA 2,92,CARBON,0.0
PAIPA 2,93,CARBON,0.0
PAIPA 2,94,CARBON,0.0
PAIPA 2,95,CARBON,0.0
PAIPA 2,96,CARBON,0.0
PAIPA 2,97,CARBON,760.0968
PAIPA 2,98,CARBON,760.0968
PAIPA 2,99,CARBON,760.0968
PAIPA 2,100,CARBON,760.0968
PAIPA 2,101,CARBON,760.0968
PAIPA 2,102,CARBON,760.0968
PAIPA 2,103,CARBON,760.0968
PAIPA 2,104,CARBON,760.0968
PAIPA 2,105,CARBON,760.0968
PAIPA 2,106,CARBON,760.0968
PAIPA 2,107,CARBON,760.0968
PAIPA 2,108,CARBON,760.0968
PAIPA 2,109,CARBON,760.0968
PAIPA 2,110,CARBON,760.0968
PAIPA 2,111,CARBON,760.0968
PAIPA 2,112,CARBON,760.0968
PAIPA 2,113,CARBON,760.0968
PAIPA 2,114,CARBON,760.0968
PAIPA 2,115,CARBON,760.0968
PAIPA 2,116,CARBON,760.0968
PAIPA 2,117,CARBON,760.0968
PAIPA 2,118,CARBON,760.0968
PAIPA 2,119,CARBON,760.0968
PAIPA 2,120,CARBON,760.0968
PAIPA 2,121,CARBON,760.0968
PAIPA 2,122,CARBON,760.0968
PAIPA 2,123,CARBON,760.0968
PAIPA 2,124,CARBON,760.0968
PAIPA 2,125,CARBON,760.0968
PAIPA 2,126,CARBON,760.0968
PAIPA 2,127,CARBON,760.0968
PAIPA 2,128,CARBON,760.0968
PAIPA 2,129,CARBON,760.0968
PAIPA 2,130,CARBON,760.0968
PAIPA 2,131,CARBON,760.0968
PAIPA 2,132,CARBON,760.0968
PAIPA 2,133,CARBON,760.0968
PAIPA 2,134,CARBON,760.0968
PAIPA 2,135,CARBON,760.0968
PAIPA 2,136,CARBON,760.0968
PAIPA 2,137,CARBON,760.0968
PAIPA 2,138,CARBON,760.0968
PAIPA 2,139,CARBON,760.0968
PAIPA 2,140,CARBON,760.0968
PAIPA 2,141,CARBON,760.0968
PAIPA 2,142,CARBON,760.0968
PAIPA 2,143,CARBON,760.0968
PAIPA 2,144,CARBON,760.0968
PAIPA 2,145,CARBON,760.0968
PAIPA 2,146,CARBON,760.0968
PAIPA 2,147,CARBON,760.0968
PAIPA 2,148,CARBON,760.0968
PAIPA 2,149,CARBON,760.0968
PAIPA 2,150,CARBON,760.0968
PAIPA 2,151,CARBON,760.0968
PAIPA 2,152,CARBON,760.0968
PAIPA 2,153,CARBON,760.0968
PAIPA 2,154,CARBON,760.0968
PAIPA 2,155,CARBON,760.0968
PAIPA 2,156,CARBON,760.0968
PAIPA 2,157,CARBON,760.0968
PAIPA 2,158,CARBON,760.0968
PAIPA 2,159,CARBON,760.0968
PAIPA 2,160,CARBON,760.0968
PAIPA 2,161,CARBON,760.0968
PAIPA 2,162,CARBON,760.0968
PAIPA 2,163,CARBON,760.0968
PAIPA 2,164,CARBON,760.0968
PAIPA 2,165,CARBON,760.0968
PAIPA 2,166,CARBON,760.0968
PAIPA 2,167,CARBON,760.0968
PAIPA 2,168,CARBON,760.0968
PAIPA 2,169,CARBON,760.0968
PAIPA 2,170,CARBON,760.0968
PAIPA 2,171,CARBON,760.0968
PAIPA 2,172,CARBON,760.0968
PAIPA 2,173,CARBON,760.0968
PAIPA 2,174,CARBON,760.0968
PAIPA 2,175,CARBON,760.0968
PAIPA 2,176,CARBON,760.0968
PAIPA 2,177,CARBON,760.0968
PAIPA 2,178,CARBON,760.0968
PAIPA 2,179,CARBON,760.0968
PAIPA 2,180,CARBON,760.0968
PAIPA 2,181,CARBON,760.0968
PAIPA 2,182,CARBON,760.0968
PAIPA 2,183,CARBON,760.0968
PAIPA 2,184,CARBON,760.0968
PAIPA 2,185,CARBON,760.0968
PAIPA 2,186,CARBON,760.0968
PAIPA 2,187,CARBON,760.0968
PAIPA 2,188,CARBON,760.0968
PAIPA 2,189,CARBON,760.0968
PAIPA 2,190,CARBON,760.0968
PAIPA 2,191,CARBON,760.0968
PAIPA 2,192,CARBON,760.0968
PAIPA 2,193,CARBON,760.0968
PAIPA 2,194,CARBON,760.0968
PAIPA 2,195,CARBON,760.0968
PAIPA 2,196,CARBON,760.0968
PAIPA 2,197,CARBON,760.0968
PAIPA 2,198,CARBON,760.0968
PAIPA 2,199,CARBON,760.0968
PAIPA 2,200,CARBON,760.0968
PAIPA 2,201,CARBON,760.0968
PAIPA 2,202,CARBON,760.0968
PAIPA 2,203,CARBON,760.0968
PAIPA 2,204,CARBON,760.0968
PAIPA 2,205,CARBON,760.0968
PAIPA 2,206,CARBON,760.0968
PAIPA 2,207,CARBON,760.0968
PAIPA 2,208,CARBON,760.0968
PAIPA 2,209,CARBON,760.0968
PAIPA 2,210,CARBON,760.0968
PAIPA 2,211,CARBON,760.0968
PAIPA 2,212,CARBON,760.0968
PAIPA 2,213,CARBON,760.0968
PAIPA 2,214,CARBON,760.0968
PAIPA 2,215,CARBON,760.0968
PAIPA 2,216,CARBON,760.0968
PAIPA 2,217,CARBON,760.0968
PAIPA 2,218,CARBON,760.0968
PAIPA 2,219,CARBON,760.0968
PAIPA 2,220,CARBON,760.0968
PAIPA 2,221,CARBON,760.0968
PAIPA 2,222,CARBON,760.0968
PAIPA 2,223,CARBON,760.0968
PAIPA 2,224,CARBON,760.0968
PAIPA 2,225,CARBON,760.0968
PAIPA 2,226,CARBON,760.0968
PAIPA 2,227,CARBON,760.0968
PAIPA 2,228,CARBON,760.0968
PAIPA 2,229,CARBON,760.0968
PAIPA 2,230,CARBON,760.0968
PAIPA 2,231,CARBON,760.0968
PAIPA 2,232,CARBON,760.0968
PAIPA 2,233,CARBON,760.0968
PAIPA 2,234,CARBON,760.0968
PAIPA 2,235,CARBON,760.0968
PAIPA 2,236,CARBON,760.0968
PAIPA 2,237,CARBON,760.0968
PAIPA 2,238,CARBON,760.0968
PAIPA 2,239,CARBON,760.0968
PAIPA 2,240,CARBON,760.0968
PAIPA 2,241,CARBON,760.0968
PAIPA 2,242,CARBON,760.0968
PAIPA 2,243,CARBON,760.0968
PAIPA 2,244,CARBON,760.0968
PAIPA 2,245,CARBON,760.0968
PAIPA 2,246,CARBON,760.0968
PAIPA 2,247,CARBON,760.0968
PAIPA 2,248,CARBON,760.0968
PAIPA 2,249,CARBON,760.0968
PAIPA 2,250,CARBON,760.0968
PAIPA 2,251,CARBON,760.0968
PAIPA 2,252,CARBON,760.0968
PAIPA 2,253,CARBON,760.0968
PAIPA 2,254,CARBON,760.0968
PAIPA 2,255,CARBON,760.0968
PAIPA 2,256,CARBON,760.0968
PAIPA 2,257,CARBON,760.0968
PAIPA 2,258,CARBON,760.0968
PAIPA 2,259,CARBON,760.0968
PAIPA 2,260,CARBON,760.0968
PAIPA 2,261,CARBON,760.0968
PAIPA 2,262,CARBON,760.0968
PAIPA 2,263,CARBON,760.0968
PAIPA 2,264,CARBON,760.0968
PAIPA 2,265,CARBON,760.0968
PAIPA 2,266,CARBON,760.0968
PAIPA 2,267,CARBON,760.0968
PAIPA 2,268,CARBON,760.0968
PAIPA 2,269,CARBON,760.0968
PAIPA 2,270,CARBON,760.0968
PAIPA 2,271,CARBON,760.0968
PAIPA 2,272,CARBON,760.0968
PAIPA 2,273,CARBON,760.0968
PAIPA 2,274,CARBON,760.0968
PAIPA 2,275,CARBON,760.0968
PAIPA 2,276,CARBON,760.0968
PAIPA 2,277,CARBON,760.0968
PAIPA 2,278,CARBON,760.0968
PAIPA 2,279,CARBON,760.0968
PAIPA 2,280,CARBON,760.0968
PAIPA 2,281,CARBON,760.0968
PAIPA 2,282,CARBON,760.0968
PAIPA 2,283,CARBON,760.0968
PAIPA 2,284,CARBON,760.0968
PAIPA 2,285,CARBON,760.0968
PAIPA 2,286,CARBON,760.0968
PAIPA 2,287,CARBON,760.0968
PAIPA 2,288,CARBON,760.0968
PAIPA 2,289,CARBON,760.0968
PAIPA 2,290,CARBON,760.0968
PAIPA 2,291,CARBON,760.0968
PAIPA 2,292,CARBON,760.0968
PAIPA 2,293,CARBON,760.0968
PAIPA 2,294,CARBON,760.0968
PAIPA 2,295,CARBON,760.0968
PAIPA 2,296,CARBON,760.0968
PAIPA 2,297,CARBON,760.0968
PAIPA 2,298,CARBON,760.0968
PAIPA 2,299,CARBON,760.0968
PAIPA 2,300,CARBON,760.0968
PAIPA 2,301,CARBON,760.0968
PAIPA 2,302,CARBON,760.0968
PAIPA 2,303,CARBON,760.0968
PAIPA 2,304,CARBON,760.0968
PAIPA 2,305,CARBON,760.0968
PAIPA 2,306,CARBON,760.0968
PAIPA 2,307,CARBON,760.0968
PAIPA 2,308,CARBON,760.0968
PAIPA 2,309,CARBON,760.0968
PAIPA 2,310,CARBON,760.0968
PAIPA 2,311,CARBON,760.0968
PAIPA 2,312,CARBON,760.0968
PAIPA 2,313,CARBON,760.0968
PAIPA 2,314,CARBON,760.0968
PAIPA 2,315,CARBON,760.0968
PAIPA 2,316,CARBON,760.0968
PAIPA 2,317,CARBON,760.0968
PAIPA 2,318,CARBON,760.0968
PAIPA 2,319,CARBON,760.0968
PAIPA 2,320,CARBON,760.0968
PAIPA 2,321,CARBON,760.0968
PAIPA 2,322,CARBON,760.0968
PAIPA 2,323,CARBON,760.0968
PAIPA 2,324,CARBON,760.0968
PAIPA 2,325,CARBON,760.0968
PAIPA 2,326,CARBON,760.0968
PAIPA 2,327,CARBON,760.0968
PAIPA 2,328,CARBON,760.0968
PAIPA 2,329,CARBON,760.0968
PAIPA 2,330,CARBON,760.0968
PAIPA 2,331,CARBON,760.0968
PAIPA 2,332,CARBON,760.0968
PAIPA 2,333,CARBON,760.0968
PAIPA 2,334,CARBON,760.0968
PAIPA 2,335,CARBON,760.0968
PAIPA 2,336,CARBON,760.0968
PAIPA 2,337,CARBON,760.0968
PAIPA 2,338,CARBON,760.0968
PAIPA 2,339,CARBON,760.0968
PAIPA 2,340,CARBON,760.0968
PAIPA 2,341,CARBON,760.0968
PAIPA 2,342,CARBON,760.0968
PAIPA 2,343,CARBON,760.0968
PAIPA 2,344,CARBON,760.0968
PAIPA 2,345,CARBON,760.0968
PAIPA 2,346,CARBON,760.0968
PAIPA 2,347,CARBON,760.0968
PAIPA 2,348,CARBON,760.0968
PAIPA 2,349,CARBON,760.0968
PAIPA 2,350,CARBON,760.0968
PAIPA 2,351,CARBON,760.0968
PAIPA 2,352,CARBON,760.0968
PAIPA 2,353,CARBON,760.0968
PAIPA 2,354,CARBON,760.0968
PAIPA 2,355,CARBON,760.0968
PAIPA 2,356,CARBON,760.0968
PAIPA 2,357,CARBON,760.0968
PAIPA 2,358,CARBON,760.0968
PAIPA 2,359,CARBON,760.0968
PAIPA 2,360,CARBON,760.0968
PAIPA 2,361,CARBON,760.0968
PAIPA 2,362,CARBON,760.0968
PAIPA 2,363,CARBON,760.0968
PAIPA 2,364,CARBON,760.0968
PAIPA 2,365,CARBON,760.0968
PAIPA 2,366,CARBON,760.0968
PAIPA 2,367,CARBON,760.0968
PAIPA 2,368,CARBON,760.0968
PAIPA 2,369,CARBON,760.0968
PAIPA 2,370,CARBON,760.0968
PAIPA 2,371,CARBON,760.0968
PAIPA 2,372,CARBON,760.0968
PAIPA 2,373,CARBON,760.0968
PAIPA 2,374,CARBON,760.0968
PAIPA 2,375,CARBON,760.0968
PAIPA 2,376,CARBON,760.0968
PAIPA 2,377,CARBON,760.0968
PAIPA 2,378,CARBON,760.0968
PAIPA 2,379,CARBON,760.0968
PAIPA 2,380,CARBON,760.0968
PAIPA 2,381,CARBON,760.0968
PAIPA 2,382,CARBON,760.0968
PAIPA 2,383,CARBON,760.0968
PAIPA 2,384,CARBON,760.0968
PAIPA 3,1,CARBON,0.0
PAIPA 3,2,CARBON,0.0
PAIPA 3,3,CARBON,0.0
PAIPA 3,4,CARBON,0.0
PAIPA 3,5,CARBON,0.0
PAIPA 3,6,CARBON,0.0
PAIPA 3,7,CARBON,0.0
PAIPA 3,8,CARBON,0.0
PAIPA 3,9,CARBON,0.0
PAIPA 3,10,CARBON,0.0
PAIPA 3,11,CARBON,0.0
PAIPA 3,12,CARBON,0.0
PAIPA 3,13,CARBON,0.0
PAIPA 3,14,CARBON,0.0
PAIPA 3,15,CARBON,0.0
PAIPA 3,16,CARBON,0.0
PAIPA 3,17,CARBON,0.0
PAIPA 3,18,CARBON,0.0
PAIPA 3,19,CARBON,0.0
PAIPA 3,20,CARBON,0.0
PAIPA 3,21,CARBON,0.0
PAIPA 3,22,CARBON,0.0
PAIPA 3,23,CARBON,0.0
PAIPA 3,24,CARBON,0.0
PAIPA 3,25,CARBON,0.0
PAIPA 3,26,CARBON,0.0
PAIPA 3,27,CARBON,0.0
PAIPA 3,28,CARBON,0.0
PAIPA 3,29,CARBON,0.0
PAIPA 3,30,CARBON,0.0
PAIPA 3,31,CARBON,0.0
PAIPA 3,32,CARBON,0.0
PAIPA 3,33,CARBON,0.0
PAIPA 3,34,CARBON,0.0
PAIPA 3,35,CARBON,0.0
PAIPA 3,36,CARBON,0.0
PAIPA 3,37,CARBON,0.0
PAIPA 3,38,CARBON,0.0
PAIPA 3,39,CARBON,0.0
PAIPA 3,40,CARBON,0.0
PAIPA 3,41,CARBON,0.0
PAIPA 3,42,CARBON,0.0
PAIPA 3,43,CARBON,0.0
PAIPA 3,44,CARBON,0.0
PAIPA 3,45,CARBON,0.0
PAIPA 3,46,CARBON,0.0
PAIPA 3,47,CARBON,0.0
PAIPA 3,48,CARBON,0.0
PAIPA 3,49,CARBON,800.583
PAIPA 3,50,CARBON,800.583
PAIPA 3,51,CARBON,800.583
PAIPA 3,52,CARBON,800.583
PAIPA 3,53,CARBON,800.583
PAIPA 3,54,CARBON,800.583
PAIPA 3,55,CARBON,800.583
PAIPA 3,56,CARBON,800.583
PAIPA 3,57,CARBON,800.583
PAIPA 3,58,CARBON,800.583
PAIPA 3,59,CARBON,800.583
PAIPA 3,60,CARBON,800.583
PAIPA 3,61,CARBON,800.583
PAIPA 3,62,CARBON,800.583
PAIPA 3,63,CARBON,800.583
PAIPA 3,64,CARBON,800.583
PAIPA 3,65,CARBON,800.583
PAIPA 3,66,CARBON,800.583
PAIPA 3,67,CARBON,800.583
PAIPA 3,68,CARBON,800.583
PAIPA 3,69,CARBON,800.583
PAIPA 3,70,CARBON,800.583
PAIPA 3,71,CARBON,800.583
PAIPA 3,72,CARBON,800.583
PAIPA 3,73,CARBON,0.0
PAIPA 3,74,CARBON,0.0
PAIPA 3,75,CARBON,0.0
PAIPA 3,76,CARBON,0.0
PAIPA 3,77,CARBON,0.0
PAIPA 3,78,CARBON,0.0
PAIPA 3,79,CARBON,0.0
PAIPA 3,80,CARBON,0.0
PAIPA 3,81,CARBON,0.0
PAIPA 3,82,CARBON,0.0
PAIPA 3,83,CARBON,0.0
PAIPA 3,84,CARBON,0.0
PAIPA 3,85,CARBON,0.0
PAIPA 3,86,CARBON,0.0
PAIPA 3,87,CARBON,0.0
PAIPA 3,88,CARBON,0.0
PAIPA 3,89,CARBON,0.0
PAIPA 3,90,CARBON,0.0
PAIPA 3,91,CARBON,0.0
PAIPA 3,92,CARBON,0.0
PAIPA 3,93,CARBON,0.0
PAIPA 3,94,CARBON,0.0
PAIPA 3,95,CARBON,0.0
PAIPA 3,96,CARBON,0.0
PAIPA 3,97,CARBON,0.0
PAIPA 3,98,CARBON,0.0
PAIPA 3,99,CARBON,0.0
PAIPA 3,100,CARBON,0.0
PAIPA 3,101,CARBON,0.0
PAIPA 3,102,CARBON,0.0
PAIPA 3,103,CARBON,0.0
PAIPA 3,104,CARBON,0.0
PAIPA 3,105,CARBON,0.0
PAIPA 3,106,CARBON,0.0
PAIPA 3,107,CARBON,0.0
PAIPA 3,108,CARBON,0.0
PAIPA 3,109,CARBON,0.0
PAIPA 3,110,CARBON,0.0
PAIPA 3,111,CARBON,0.0
PAIPA 3,112,CARBON,0.0
PAIPA 3,113,CARBON,0.0
PAIPA 3,114,CARBON,0.0
PAIPA 3,115,CARBON,0.0
PAIPA 3,116,CARBON,0.0
PAIPA 3,117,CARBON,0.0
PAIPA 3,118,CARBON,0.0
PAIPA 3,119,CARBON,0.0
PAIPA 3,120,CARBON,0.0
PAIPA 3,121,CARBON,0.0
PAIPA 3,122,CARBON,0.0
PAIPA 3,123,CARBON,0.0
PAIPA 3,124,CARBON,0.0
PAIPA 3,125,CARBON,0.0
PAIPA 3,126,CARBON,0.0
PAIPA 3,127,CARBON,0.0
PAIPA 3,128,CARBON,0.0
PAIPA 3,129,CARBON,0.0
PAIPA 3,130,CARBON,0.0
PAIPA 3,131,CARBON,0.0
PAIPA 3,132,CARBON,0.0
PAIPA 3,133,CARBON,0.0
PAIPA 3,134,CARBON,0.0
PAIPA 3,135,CARBON,0.0
PAIPA 3,136,CARBON,0.0
PAIPA 3,137,CARBON,0.0
PAIPA 3,138,CARBON,0.0
PAIPA 3,139,CARBON,0.0
PAIPA 3,140,CARBON,0.0
PAIPA 3,141,CARBON,0.0
PAIPA 3,142,CARBON,0.0
PAIPA 3,143,CARBON,0.0
PAIPA 3,144,CARBON,0.0
PAIPA 3,145,CARBON,800.583
PAIPA 3,146,CARBON,800.583
PAIPA 3,147,CARBON,800.583
PAIPA 3,148,CARBON,800.583
PAIPA 3,149,CARBON,800.583
PAIPA 3,150,CARBON,800.583
PAIPA 3,151,CARBON,800.583
PAIPA 3,152,CARBON,800.583
PAIPA 3,153,CARBON,800.583
PAIPA 3,154,CARBON,800.583
PAIPA 3,155,CARBON,800.583
PAIPA 3,156,CARBON,800.583
PAIPA 3,157,CARBON,800.583
PAIPA 3,158,CARBON,800.583
PAIPA 3,159,CARBON,800.583
PAIPA 3,160,CARBON,800.583
PAIPA 3,161,CARBON,800.583
PAIPA 3,162,CARBON,800.583
PAIPA 3,163,CARBON,800.583
PAIPA 3,164,CARBON,800.583
PAIPA 3,165,CARBON,800.583
PAIPA 3,166,CARBON,800.583
PAIPA 3,167,CARBON,800.583
PAIPA 3,168,CARBON,800.583
PAIPA 3,169,CARBON,0.0
PAIPA 3,170,CARBON,0.0
PAIPA 3,171,CARBON,0.0
PAIPA 3,172,CARBON,0.0
PAIPA 3,173,CARBON,0.0
PAIPA 3,174,CARBON,0.0
PAIPA 3,175,CARBON,0.0
PAIPA 3,176,CARBON,0.0
PAIPA 3,177,CARBON,0.0
PAIPA 3,178,CARBON,0.0
PAIPA 3,179,CARBON,0.0
PAIPA 3,180,CARBON,0.0
PAIPA 3,181,CARBON,0.0
PAIPA 3,182,CARBON,0.0
PAIPA 3,183,CARBON,0.0
PAIPA 3,184,CARBON,0.0
PAIPA 3,185,CARBON,0.0
PAIPA 3,186,CARBON,0.0
PAIPA 3,187,CARBON,0.0
PAIPA 3,188,CARBON,0.0
PAIPA 3,189,CARBON,0.0
PAIPA 3,190,CARBON,0.0
PAIPA 3,191,CARBON,0.0
PAIPA 3,192,CARBON,0.0
PAIPA 3,193,CARBON,800.583
PAIPA 3,194,CARBON,800.583
PAIPA 3,195,CARBON,800.583
PAIPA 3,196,CARBON,800.583
PAIPA 3,197,CARBON,800.583
PAIPA 3,198,CARBON,800.583
PAIPA 3,199,CARBON,800.583
PAIPA 3,200,CARBON,800.583
PAIPA 3,201,CARBON,800.583
PAIPA 3,202,CARBON,800.583
PAIPA 3,203,CARBON,800.583
PAIPA 3,204,CARBON,800.583
PAIPA 3,205,CARBON,800.583
PAIPA 3,206,CARBON,800.583
PAIPA 3,207,CARBON,800.583
PAIPA 3,208,CARBON,800.583
PAIPA 3,209,CARBON,800.583
PAIPA 3,210,CARBON,800.583
PAIPA 3,211,CARBON,800.583
PAIPA 3,212,CARBON,800.583
PAIPA 3,213,CARBON,800.583
PAIPA 3,214,CARBON,800.583
PAIPA 3,215,CARBON,800.583
PAIPA 3,216,CARBON,800.583
PAIPA 3,217,CARBON,800.583
PAIPA 3,218,CARBON,800.583
PAIPA 3,219,CARBON,800.583
PAIPA 3,220,CARBON,800.583
PAIPA 3,221,CARBON,800.583
PAIPA 3,222,CARBON,800.583
PAIPA 3,223,CARBON,800.583
PAIPA 3,224,CARBON,800.583
PAIPA 3,225,CARBON,800.583
PAIPA 3,226,CARBON,800.583
PAIPA 3,227,CARBON,800.583
PAIPA 3,228,CARBON,800.583
PAIPA 3,229,CARBON,800.583
PAIPA 3,230,CARBON,800.583
PAIPA 3,231,CARBON,800.583
PAIPA 3,232,CARBON,800.583
PAIPA 3,233,CARBON,800.583
PAIPA 3,234,CARBON,800.583
PAIPA 3,235,CARBON,800.583
PAIPA 3,236,CARBON,800.583
PAIPA 3,237,CARBON,800.583
PAIPA 3,238,CARBON,800.583
PAIPA 3,239,CARBON,800.583
PAIPA 3,240,CARBON,800.583
PAIPA 3,241,CARBON,800.583
PAIPA 3,242,CARBON,800.583
PAIPA 3,243,CARBON,800.583
PAIPA 3,244,CARBON,800.583
PAIPA 3,245,CARBON,800.583
PAIPA 3,246,CARBON,800.583
PAIPA 3,247,CARBON,800.583
PAIPA 3,248,CARBON,800.583
PAIPA 3,249,CARBON,800.583
PAIPA 3,250,CARBON,800.583
PAIPA 3,251,CARBON,800.583
PAIPA 3,252,CARBON,800.583
PAIPA 3,253,CARBON,800.583
PAIPA 3,254,CARBON,800.583
PAIPA 3,255,CARBON,800.583
PAIPA 3,256,CARBON,800.583
PAIPA 3,257,CARBON,800.583
PAIPA 3,258,CARBON,800.583
PAIPA 3,259,CARBON,800.583
PAIPA 3,260,CARBON,800.583
PAIPA 3,261,CARBON,800.583
PAIPA 3,262,CARBON,800.583
PAIPA 3,263,CARBON,800.583
PAIPA 3,264,CARBON,800.583
PAIPA 3,265,CARBON,800.583
PAIPA 3,266,CARBON,800.583
PAIPA 3,267,CARBON,800.583
PAIPA 3,268,CARBON,800.583
PAIPA 3,269,CARBON,800.583
PAIPA 3,270,CARBON,800.583
PAIPA 3,271,CARBON,800.583
PAIPA 3,272,CARBON,800.583
PAIPA 3,273,CARBON,800.583
PAIPA 3,274,CARBON,800.583
PAIPA 3,275,CARBON,800.583
PAIPA 3,276,CARBON,800.583
PAIPA 3,277,CARBON,800.583
PAIPA 3,278,CARBON,800.583
PAIPA 3,279,CARBON,800.583
PAIPA 3,280,CARBON,800.583
PAIPA 3,281,CARBON,800.583
PAIPA 3,282,CARBON,800.583
PAIPA 3,283,CARBON,800.583
PAIPA 3,284,CARBON,800.583
PAIPA 3,285,CARBON,800.583
PAIPA 3,286,CARBON,800.583
PAIPA 3,287,CARBON,800.583
PAIPA 3,288,CARBON,800.583
PAIPA 3,289,CARBON,800.583
PAIPA 3,290,CARBON,800.583
PAIPA 3,291,CARBON,800.583
PAIPA 3,292,CARBON,800.583
PAIPA 3,293,CARBON,800.583
PAIPA 3,294,CARBON,800.583
PAIPA 3,295,CARBON,800.583
PAIPA 3,296,CARBON,800.583
PAIPA 3,297,CARBON,800.583
PAIPA 3,298,CARBON,800.583
PAIPA 3,299,CARBON,800.583
PAIPA 3,300,CARBON,800.583
PAIPA 3,301,CARBON,800.583
PAIPA 3,302,CARBON,800.583
PAIPA 3,303,CARBON,800.583
PAIPA 3,304,CARBON,800.583
PAIPA 3,305,CARBON,800.583
PAIPA 3,306,CARBON,800.583
PAIPA 3,307,CARBON,800.583
PAIPA 3,308,CARBON,800.583
PAIPA 3,309,CARBON,800.583
PAIPA 3,310,CARBON,800.583
PAIPA 3,311,CARBON,800.583
PAIPA 3,312,CARBON,800.583
PAIPA 3,313,CARBON,800.583
PAIPA 3,314,CARBON,800.583
PAIPA 3,315,CARBON,800.583
PAIPA 3,316,CARBON,800.583
PAIPA 3,317,CARBON,800.583
PAIPA 3,318,CARBON,800.583
PAIPA 3,319,CARBON,800.583
PAIPA 3,320,CARBON,800.583
PAIPA 3,321,CARBON,800.583
PAIPA 3,322,CARBON,800.583
PAIPA 3,323,CARBON,800.583
PAIPA 3,324,CARBON,800.583
PAIPA 3,325,CARBON,800.583
PAIPA 3,326,CARBON,800.583
PAIPA 3,327,CARBON,800.583
PAIPA 3,328,CARBON,800.583
PAIPA 3,329,CARBON,800.583
PAIPA 3,330,CARBON,800.583
PAIPA 3,331,CARBON,800.583
PAIPA 3,332,CARBON,800.583
PAIPA 3,333,CARBON,800.583
PAIPA 3,334,CARBON,800.583
PAIPA 3,335,CARBON,800.583
PAIPA 3,336,CARBON,800.583
PAIPA 3,337,CARBON,800.583
PAIPA 3,338,CARBON,800.583
PAIPA 3,339,CARBON,800.583
PAIPA 3,340,CARBON,800.583
PAIPA 3,341,CARBON,800.583
PAIPA 3,342,CARBON,800.583
PAIPA 3,343,CARBON,800.583
PAIPA 3,344,CARBON,800.583
PAIPA 3,345,CARBON,800.583
PAIPA 3,346,CARBON,800.583
PAIPA 3,347,CARBON,800.583
PAIPA 3,348,CARBON,800.583
PAIPA 3,349,CARBON,800.583
PAIPA 3,350,CARBON,800.583
PAIPA 3,351,CARBON,800.583
PAIPA 3,352,CARBON,800.583
PAIPA 3,353,CARBON,800.583
PAIPA 3,354,CARBON,800.583
PAIPA 3,355,CARBON,800.583
PAIPA 3,356,CARBON,800.583
PAIPA 3,357,CARBON,800.583
PAIPA 3,358,CARBON,800.583
PAIPA 3,359,CARBON,800.583
PAIPA 3,360,CARBON,800.583
PAIPA 3,361,CARBON,800.583
PAIPA 3,362,CARBON,800.583
PAIPA 3,363,CARBON,800.583
PAIPA 3,364,CARBON,800.583
PAIPA 3,365,CARBON,800.583
PAIPA 3,366,CARBON,800.583
PAIPA 3,367,CARBON,800.583
PAIPA 3,368,CARBON,800.583
PAIPA 3,369,CARBON,800.583
PAIPA 3,370,CARBON,800.583
PAIPA 3,371,CARBON,800.583
PAIPA 3,372,CARBON,800.583
PAIPA 3,373,CARBON,800.583
PAIPA 3,374,CARBON,800.583
PAIPA 3,375,CARBON,800.583
PAIPA 3,376,CARBON,800.583
PAIPA 3,377,CARBON,800.583
PAIPA 3,378,CARBON,800.583
PAIPA 3,379,CARBON,800.583
PAIPA 3,380,CARBON,800.583
PAIPA 3,381,CARBON,800.583
PAIPA 3,382,CARBON,800.583
PAIPA 3,383,CARBON,800.583
PAIPA 3,384,CARBON,800.583
PAIPA 4,1,CARBON,1534.3515
PAIPA 4,2,CARBON,1534.3515
PAIPA 4,3,CARBON,1534.3515
PAIPA 4,4,CARBON,1534.3515
PAIPA 4,5,CARBON,1534.3515
PAIPA 4,6,CARBON,1534.3515
PAIPA 4,7,CARBON,1534.3515
PAIPA 4,8,CARBON,1534.3515
PAIPA 4,9,CARBON,1534.3515
PAIPA 4,10,CARBON,1534.3515
PAIPA 4,11,CARBON,1534.3515
PAIPA 4,12,CARBON,1534.3515
PAIPA 4,13,CARBON,1534.3515
PAIPA 4,14,CARBON,1534.3515
PAIPA 4,15,CARBON,1534.3515
PAIPA 4,16,CARBON,1534.3515
PAIPA 4,17,CARBON,1534.3515
PAIPA 4,18,CARBON,1534.3515
PAIPA 4,19,CARBON,1534.3515
PAIPA 4,20,CARBON,1534.3515
PAIPA 4,21,CARBON,1534.3515
PAIPA 4,22,CARBON,1534.3515
PAIPA 4,23,CARBON,1534.3515
PAIPA 4,24,CARBON,1534.3515
PAIPA 4,25,CARBON,1534.3515
PAIPA 4,26,CARBON,1534.3515
PAIPA 4,27,CARBON,1534.3515
PAIPA 4,28,CARBON,1534.3515
PAIPA 4,29,CARBON,1534.3515
PAIPA 4,30,CARBON,1534.3515
PAIPA 4,31,CARBON,1534.3515
PAIPA 4,32,CARBON,1534.3515
PAIPA 4,33,CARBON,1534.3515
PAIPA 4,34,CARBON,1534.3515
PAIPA 4,35,CARBON,1534.3515
PAIPA 4,36,CARBON,1534.3515
PAIPA 4,37,CARBON,1534.3515
PAIPA 4,38,CARBON,1534.3515
PAIPA 4,39,CARBON,1534.3515
PAIPA 4,40,CARBON,1534.3515
PAIPA 4,41,CARBON,1534.3515
PAIPA 4,42,CARBON,1534.3515
PAIPA 4,43,CARBON,1534.3515
PAIPA 4,44,CARBON,1534.3515
PAIPA 4,45,CARBON,1534.3515
PAIPA 4,46,CARBON,1534.3515
PAIPA 4,47,CARBON,1534.3515
PAIPA 4,48,CARBON,1534.3515
PAIPA 4,49,CARBON,1534.3515
PAIPA 4,50,CARBON,1534.3515
PAIPA 4,51,CARBON,1534.3515
PAIPA 4,52,CARBON,1534.3515
PAIPA 4,53,CARBON,1534.3515
PAIPA 4,54,CARBON,1534.3515
PAIPA 4,55,CARBON,1534.3515
PAIPA 4,56,CARBON,1534.3515
PAIPA 4,57,CARBON,1534.3515
PAIPA 4,58,CARBON,1534.3515
PAIPA 4,59,CARBON,1534.3515
PAIPA 4,60,CARBON,1534.3515
PAIPA 4,61,CARBON,1534.3515
PAIPA 4,62,CARBON,1534.3515
PAIPA 4,63,CARBON,1534.3515
PAIPA 4,64,CARBON,1534.3515
PAIPA 4,65,CARBON,1534.3515
PAIPA 4,66,CARBON,1534.3515
PAIPA 4,67,CARBON,1534.3515
PAIPA 4,68,CARBON,1534.3515
PAIPA 4,69,CARBON,1534.3515
PAIPA 4,70,CARBON,1534.3515
PAIPA 4,71,CARBON,1534.3515
PAIPA 4,72,CARBON,1534.3515
PAIPA 4,73,CARBON,1534.3515
PAIPA 4,74,CARBON,1534.3515
PAIPA 4,75,CARBON,1534.3515
PAIPA 4,76,CARBON,1534.3515
PAIPA 4,77,CARBON,1534.3515
PAIPA 4,78,CARBON,1534.3515
PAIPA 4,79,CARBON,1534.3515
PAIPA 4,80,CARBON,1534.3515
PAIPA 4,81,CARBON,1534.3515
PAIPA 4,82,CARBON,1534.3515
PAIPA 4,83,CARBON,1534.3515
PAIPA 4,84,CARBON,1534.3515
PAIPA 4,85,CARBON,1534.3515
PAIPA 4,86,CARBON,1534.3515
PAIPA 4,87,CARBON,1534.3515
PAIPA 4,88,CARBON,1534.3515
PAIPA 4,89,CARBON,1534.3515
PAIPA 4,90,CARBON,1534.3515
PAIPA 4,91,CARBON,1534.3515
PAIPA 4,92,CARBON,1534.3515
PAIPA 4,93,CARBON,1534.3515
PAIPA 4,94,CARBON,1534.3515
PAIPA 4,95,CARBON,1534.3515
PAIPA 4,96,CARBON,1534.3515
PAIPA 4,97,CARBON,1534.3515
PAIPA 4,98,CARBON,1534.3515
PAIPA 4,99,CARBON,1534.3515
PAIPA 4,100,CARBON,1534.3515
PAIPA 4,101,CARBON,1534.3515
PAIPA 4,102,CARBON,1534.3515
PAIPA 4,103,CARBON,1534.3515
PAIPA 4,104,CARBON,1534.3515
PAIPA 4,105,CARBON,1534.3515
PAIPA 4,106,CARBON,1534.3515
PAIPA 4,107,CARBON,1534.3515
PAIPA 4,108,CARBON,1534.3515
PAIPA 4,109,CARBON,1534.3515
PAIPA 4,110,CARBON,1534.3515
PAIPA 4,111,CARBON,1534.3515
PAIPA 4,112,CARBON,1534.3515
PAIPA 4,113,CARBON,1534.3515
PAIPA 4,114,CARBON,1534.3515
PAIPA 4,115,CARBON,1534.3515
PAIPA 4,116,CARBON,1534.3515
PAIPA 4,117,CARBON,1534.3515
PAIPA 4,118,CARBON,1534.3515
PAIPA 4,119,CARBON,1534.3515
PAIPA 4,120,CARBON,1534.3515
PAIPA 4,121,CARBON,1534.3515
PAIPA 4,122,CARBON,1534.3515
PAIPA 4,123,CARBON,1534.3515
PAIPA 4,124,CARBON,1534.3515
PAIPA 4,125,CARBON,1534.3515
PAIPA 4,126,CARBON,1534.3515
PAIPA 4,127,CARBON,1534.3515
PAIPA 4,128,CARBON,1534.3515
PAIPA 4,129,CARBON,1534.3515
PAIPA 4,130,CARBON,1534.3515
PAIPA 4,131,CARBON,1534.3515
PAIPA 4,132,CARBON,1534.3515
PAIPA 4,133,CARBON,1534.3515
PAIPA 4,134,CARBON,1534.3515
PAIPA 4,135,CARBON,1534.3515
PAIPA 4,136,CARBON,1534.3515
PAIPA 4,137,CARBON,1534.3515
PAIPA 4,138,CARBON,1534.3515
PAIPA 4,139,CARBON,1534.3515
PAIPA 4,140,CARBON,1534.3515
PAIPA 4,141,CARBON,1534.3515
PAIPA 4,142,CARBON,1534.3515
PAIPA 4,143,CARBON,1534.3515
PAIPA 4,144,CARBON,1534.3515
PAIPA 4,145,CARBON,1534.3515
PAIPA 4,146,CARBON,1534.3515
PAIPA 4,147,CARBON,1534.3515
PAIPA 4,148,CARBON,1534.3515
PAIPA 4,149,CARBON,1534.3515
PAIPA 4,150,CARBON,1534.3515
PAIPA 4,151,CARBON,1534.3515
PAIPA 4,152,CARBON,1534.3515
PAIPA 4,153,CARBON,1534.3515
PAIPA 4,154,CARBON,1534.3515
PAIPA 4,155,CARBON,1534.3515
PAIPA 4,156,CARBON,1534.3515
PAIPA 4,157,CARBON,1534.3515
PAIPA 4,158,CARBON,1534.3515
PAIPA 4,159,CARBON,1534.3515
PAIPA 4,160,CARBON,1534.3515
PAIPA 4,161,CARBON,1534.3515
PAIPA 4,162,CARBON,1534.3515
PAIPA 4,163,CARBON,1534.3515
PAIPA 4,164,CARBON,1534.3515
PAIPA 4,165,CARBON,1534.3515
PAIPA 4,166,CARBON,1534.3515
PAIPA 4,167,CARBON,1534.3515
PAIPA 4,168,CARBON,1534.3515
PAIPA 4,169,CARBON,1534.3515
PAIPA 4,170,CARBON,1534.3515
PAIPA 4,171,CARBON,1534.3515
PAIPA 4,172,CARBON,1534.3515
PAIPA 4,173,CARBON,1534.3515
PAIPA 4,174,CARBON,1534.3515
PAIPA 4,175,CARBON,1534.3515
PAIPA 4,176,CARBON,1534.3515
PAIPA 4,177,CARBON,1534.3515
PAIPA 4,178,CARBON,1534.3515
PAIPA 4,179,CARBON,1534.3515
PAIPA 4,180,CARBON,1534.3515
PAIPA 4,181,CARBON,1534.3515
PAIPA 4,182,CARBON,1534.3515
PAIPA 4,183,CARBON,1534.3515
PAIPA 4,184,CARBON,1534.3515
PAIPA 4,185,CARBON,1534.3515
PAIPA 4,186,CARBON,1534.3515
PAIPA 4,187,CARBON,1534.3515
PAIPA 4,188,CARBON,1534.3515
PAIPA 4,189,CARBON,1534.3515
PAIPA 4,190,CARBON,1534.3515
PAIPA 4,191,CARBON,1534.3515
PAIPA 4,192,CARBON,1534.3515
PAIPA 4,193,CARBON,1534.3515
PAIPA 4,194,CARBON,1534.3515
PAIPA 4,195,CARBON,1534.3515
PAIPA 4,196,CARBON,1534.3515
PAIPA 4,197,CARBON,1534.3515
PAIPA 4,198,CARBON,1534.3515
PAIPA 4,199,CARBON,1534.3515
PAIPA 4,200,CARBON,1534.3515
PAIPA 4,201,CARBON,1534.3515
PAIPA 4,202,CARBON,1534.3515
PAIPA 4,203,CARBON,1534.3515
PAIPA 4,204,CARBON,1534.3515
PAIPA 4,205,CARBON,1534.3515
PAIPA 4,206,CARBON,1534.3515
PAIPA 4,207,CARBON,1534.3515
PAIPA 4,208,CARBON,1534.3515
PAIPA 4,209,CARBON,1534.3515
PAIPA 4,210,CARBON,1534.3515
PAIPA 4,211,CARBON,1534.3515
PAIPA 4,212,CARBON,1534.3515
PAIPA 4,213,CARBON,1534.3515
PAIPA 4,214,CARBON,1534.3515
PAIPA 4,215,CARBON,1534.3515
PAIPA 4,216,CARBON,1534.3515
PAIPA 4,217,CARBON,1534.3515
PAIPA 4,218,CARBON,1534.3515
PAIPA 4,219,CARBON,1534.3515
PAIPA 4,220,CARBON,1534.3515
PAIPA 4,221,CARBON,1534.3515
PAIPA 4,222,CARBON,1534.3515
PAIPA 4,223,CARBON,1534.3515
PAIPA 4,224,CARBON,1534.3515
PAIPA 4,225,CARBON,1534.3515
PAIPA 4,226,CARBON,1534.3515
PAIPA 4,227,CARBON,1534.3515
PAIPA 4,228,CARBON,1534.3515
PAIPA 4,229,CARBON,1534.3515
PAIPA 4,230,CARBON,1534.3515
PAIPA 4,231,CARBON,1534.3515
PAIPA 4,232,CARBON,1534.3515
PAIPA 4,233,CARBON,1534.3515
PAIPA 4,234,CARBON,1534.3515
PAIPA 4,235,CARBON,1534.3515
PAIPA 4,236,CARBON,1534.3515
PAIPA 4,237,CARBON,1534.3515
PAIPA 4,238,CARBON,1534.3515
PAIPA 4,239,CARBON,1534.3515
PAIPA 4,240,CARBON,1534.3515
PAIPA 4,241,CARBON,1534.3515
PAIPA 4,242,CARBON,1534.3515
PAIPA 4,243,CARBON,1534.3515
PAIPA 4,244,CARBON,1534.3515
PAIPA 4,245,CARBON,1534.3515
PAIPA 4,246,CARBON,1534.3515
PAIPA 4,247,CARBON,1534.3515
PAIPA 4,248,CARBON,1534.3515
PAIPA 4,249,CARBON,1534.3515
PAIPA 4,250,CARBON,1534.3515
PAIPA 4,251,CARBON,1534.3515
PAIPA 4,252,CARBON,1534.3515
PAIPA 4,253,CARBON,1534.3515
PAIPA 4,254,CARBON,1534.3515
PAIPA 4,255,CARBON,1534.3515
PAIPA 4,256,CARBON,1534.3515
PAIPA 4,257,CARBON,1534.3515
PAIPA 4,258,CARBON,1534.3515
PAIPA 4,259,CARBON,1534.3515
PAIPA 4,260,CARBON,1534.3515
PAIPA 4,261,CARBON,1534.3515
PAIPA 4,262,CARBON,1534.3515
PAIPA 4,263,CARBON,1534.3515
PAIPA 4,264,CARBON,1534.3515
PAIPA 4,265,CARBON,1534.3515
PAIPA 4,266,CARBON,1534.3515
PAIPA 4,267,CARBON,1534.3515
PAIPA 4,268,CARBON,1534.3515
PAIPA 4,269,CARBON,1534.3515
PAIPA 4,270,CARBON,1534.3515
PAIPA 4,271,CARBON,1534.3515
PAIPA 4,272,CARBON,1534.3515
PAIPA 4,273,CARBON,1534.3515
PAIPA 4,274,CARBON,1534.3515
PAIPA 4,275,CARBON,1534.3515
PAIPA 4,276,CARBON,1534.3515
PAIPA 4,277,CARBON,1534.3515
PAIPA 4,278,CARBON,1534.3515
PAIPA 4,279,CARBON,1534.3515
PAIPA 4,280,CARBON,1534.3515
PAIPA 4,281,CARBON,1534.3515
PAIPA 4,282,CARBON,1534.3515
PAIPA 4,283,CARBON,1534.3515
PAIPA 4,284,CARBON,1534.3515
PAIPA 4,285,CARBON,1534.3515
PAIPA 4,286,CARBON,1534.3515
PAIPA 4,287,CARBON,1534.3515
PAIPA 4,288,CARBON,1534.3515
PAIPA 4,289,CARBON,1534.3515
PAIPA 4,290,CARBON,1534.3515
PAIPA 4,291,CARBON,1534.3515
PAIPA 4,292,CARBON,1534.3515
PAIPA 4,293,CARBON,1534.3515
PAIPA 4,294,CARBON,1534.3515
PAIPA 4,295,CARBON,1534.3515
PAIPA 4,296,CARBON,1534.3515
PAIPA 4,297,CARBON,1534.3515
PAIPA 4,298,CARBON,1534.3515
PAIPA 4,299,CARBON,1534.3515
PAIPA 4,300,CARBON,1534.3515
PAIPA 4,301,CARBON,1534.3515
PAIPA 4,302,CARBON,1534.3515
PAIPA 4,303,CARBON,1534.3515
PAIPA 4,304,CARBON,1534.3515
PAIPA 4,305,CARBON,1534.3515
PAIPA 4,306,CARBON,1534.3515
PAIPA 4,307,CARBON,1534.3515
PAIPA 4,308,CARBON,1534.3515
PAIPA 4,309,CARBON,1534.3515
PAIPA 4,310,CARBON,1534.3515
PAIPA 4,311,CARBON,1534.3515
PAIPA 4,312,CARBON,1534.3515
PAIPA 4,313,CARBON,1534.3515
PAIPA 4,314,CARBON,1534.3515
PAIPA 4,315,CARBON,1534.3515
PAIPA 4,316,CARBON,1534.3515
PAIPA 4,317,CARBON,1534.3515
PAIPA 4,318,CARBON,1534.3515
PAIPA 4,319,CARBON,1534.3515
PAIPA 4,320,CARBON,1534.3515
PAIPA 4,321,CARBON,1534.3515
PAIPA 4,322,CARBON,1534.3515
PAIPA 4,323,CARBON,1534.3515
PAIPA 4,324,CARBON,1534.3515
PAIPA 4,325,CARBON,1534.3515
PAIPA 4,326,CARBON,1534.3515
PAIPA 4,327,CARBON,1534.3515
PAIPA 4,328,CARBON,1534.3515
PAIPA 4,329,CARBON,1534.3515
PAIPA 4,330,CARBON,1534.3515
PAIPA 4,331,CARBON,1534.3515
PAIPA 4,332,CARBON,1534.3515
PAIPA 4,333,CARBON,1534.3515
PAIPA 4,334,CARBON,1534.3515
PAIPA 4,335,CARBON,1534.3515
PAIPA 4,336,CARBON,1534.3515
PAIPA 4,337,CARBON,1534.3515
PAIPA 4,338,CARBON,1534.3515
PAIPA 4,339,CARBON,1534.3515
PAIPA 4,340,CARBON,1534.3515
PAIPA 4,341,CARBON,1534.3515
PAIPA 4,342,CARBON,1534.3515
PAIPA 4,343,CARBON,1534.3515
PAIPA 4,344,CARBON,1534.3515
PAIPA 4,345,CARBON,1534.3515
PAIPA 4,346,CARBON,1534.3515
PAIPA 4,347,CARBON,1534.3515
PAIPA 4,348,CARBON,1534.3515
PAIPA 4,349,CARBON,1534.3515
PAIPA 4,350,CARBON,1534.3515
PAIPA 4,351,CARBON,1534.3515
PAIPA 4,352,CARBON,1534.3515
PAIPA 4,353,CARBON,1534.3515
PAIPA 4,354,CARBON,1534.3515
PAIPA 4,355,CARBON,1534.3515
PAIPA 4,356,CARBON,1534.3515
PAIPA 4,357,CARBON,1534.3515
PAIPA 4,358,CARBON,1534.3515
PAIPA 4,359,CARBON,1534.3515
PAIPA 4,360,CARBON,1534.3515
PAIPA 4,361,CARBON,1534.3515
PAIPA 4,362,CARBON,1534.3515
PAIPA 4,363,CARBON,1534.3515
PAIPA 4,364,CARBON,1534.3515
PAIPA 4,365,CARBON,1534.3515
PAIPA 4,366,CARBON,1534.3515
PAIPA 4,367,CARBON,1534.3515
PAIPA 4,368,CARBON,1534.3515
PAIPA 4,369,CARBON,1534.3515
PAIPA 4,370,CARBON,1534.3515
PAIPA 4,371,CARBON,1534.3515
PAIPA 4,372,CARBON,1534.3515
PAIPA 4,373,CARBON,1534.3515
PAIPA 4,374,CARBON,1534.3515
PAIPA 4,375,CARBON,1534.3515
PAIPA 4,376,CARBON,1534.3515
PAIPA 4,377,CARBON,1534.3515
PAIPA 4,378,CARBON,1534.3515
PAIPA 4,379,CARBON,1534.3515
PAIPA 4,380,CARBON,1534.3515
PAIPA 4,381,CARBON,1534.3515
PAIPA 4,382,CARBON,1534.3515
PAIPA 4,383,CARBON,1534.3515
PAIPA 4,384,CARBON,1534.3515
PROELECTRIC1,1,GASNACIO,0.0
PROELECTRIC1,2,GASNACIO,0.0
PROELECTRIC1,3,GASNACIO,0.0
PROELECTRIC1,4,GASNACIO,0.0
PROELECTRIC1,5,GASNACIO,0.0
PROELECTRIC1,6,GASNACIO,0.0
PROELECTRIC1,7,GASNACIO,0.0
PROELECTRIC1,8,GASNACIO,0.0
PROELECTRIC1,9,GASNACIO,0.0
PROELECTRIC1,10,GASNACIO,0.0
PROELECTRIC1,11,GASNACIO,0.0
PROELECTRIC1,12,GASNACIO,0.0
PROELECTRIC1,13,GASNACIO,0.0
PROELECTRIC1,14,GASNACIO,0.0
PROELECTRIC1,15,GASNACIO,0.0
PROELECTRIC1,16,GASNACIO,0.0
PROELECTRIC1,17,GASNACIO,0.0
PROELECTRIC1,18,GASNACIO,0.0
PROELECTRIC1,19,GASNACIO,0.0
PROELECTRIC1,20,GASNACIO,0.0
PROELECTRIC1,21,GASNACIO,0.0
PROELECTRIC1,22,GASNACIO,0.0
PROELECTRIC1,23,GASNACIO,0.0
PROELECTRIC1,24,GASNACIO,0.0
PROELECTRIC1,25,GASNACIO,0.0
PROELECTRIC1,26,GASNACIO,0.0
PROELECTRIC1,27,GASNACIO,0.0
PROELECTRIC1,28,GASNACIO,0.0
PROELECTRIC1,29,GASNACIO,0.0
PROELECTRIC1,30,GASNACIO,0.0
PROELECTRIC1,31,GASNACIO,0.0
PROELECTRIC1,32,GASNACIO,0.0
PROELECTRIC1,33,GASNACIO,0.0
PROELECTRIC1,34,GASNACIO,0.0
PROELECTRIC1,35,GASNACIO,0.0
PROELECTRIC1,36,GASNACIO,0.0
PROELECTRIC1,37,GASNACIO,0.0
PROELECTRIC1,38,GASNACIO,0.0
PROELECTRIC1,39,GASNACIO,0.0
PROELECTRIC1,40,GASNACIO,0.0
PROELECTRIC1,41,GASNACIO,0.0
PROELECTRIC1,42,GASNACIO,0.0
PROELECTRIC1,43,GASNACIO,0.0
PROELECTRIC1,44,GASNACIO,0.0
PROELECTRIC1,45,GASNACIO,0.0
PROELECTRIC1,46,GASNACIO,0.0
PROELECTRIC1,47,GASNACIO,0.0
PROELECTRIC1,48,GASNACIO,0.0
PROELECTRIC1,49,GASNACIO,0.0
PROELECTRIC1,50,GASNACIO,0.0
PROELECTRIC1,51,GASNACIO,0.0
PROELECTRIC1,52,GASNACIO,0.0
PROELECTRIC1,53,GASNACIO,0.0
PROELECTRIC1,54,GASNACIO,0.0
PROELECTRIC1,55,GASNACIO,0.0
PROELECTRIC1,56,GASNACIO,0.0
PROELECTRIC1,57,GASNACIO,0.0
PROELECTRIC1,58,GASNACIO,0.0
PROELECTRIC1,59,GASNACIO,0.0
PROELECTRIC1,60,GASNACIO,0.0
PROELECTRIC1,61,GASNACIO,0.0
PROELECTRIC1,62,GASNACIO,0.0
PROELECTRIC1,63,GASNACIO,0.0
PROELECTRIC1,64,GASNACIO,0.0
PROELECTRIC1,65,GASNACIO,0.0
PROELECTRIC1,66,GASNACIO,0.0
PROELECTRIC1,67,GASNACIO,0.0
PROELECTRIC1,68,GASNACIO,0.0
PROELECTRIC1,69,GASNACIO,0.0
PROELECTRIC1,70,GASNACIO,0.0
PROELECTRIC1,71,GASNACIO,0.0
PROELECTRIC1,72,GASNACIO,0.0
PROELECTRIC1,73,GASNACIO,0.0
PROELECTRIC1,74,GASNACIO,0.0
PROELECTRIC1,75,GASNACIO,0.0
PROELECTRIC1,76,GASNACIO,0.0
PROELECTRIC1,77,GASNACIO,0.0
PROELECTRIC1,78,GASNACIO,0.0
PROELECTRIC1,79,GASNACIO,0.0
PROELECTRIC1,80,GASNACIO,0.0
PROELECTRIC1,81,GASNACIO,0.0
PROELECTRIC1,82,GASNACIO,0.0
PROELECTRIC1,83,GASNACIO,0.0
PROELECTRIC1,84,GASNACIO,0.0
PROELECTRIC1,85,GASNACIO,0.0
PROELECTRIC1,86,GASNACIO,0.0
PROELECTRIC1,87,GASNACIO,0.0
PROELECTRIC1,88,GASNACIO,0.0
PROELECTRIC1,89,GASNACIO,0.0
PROELECTRIC1,90,GASNACIO,0.0
PROELECTRIC1,91,GASNACIO,0.0
PROELECTRIC1,92,GASNACIO,0.0
PROELECTRIC1,93,GASNACIO,0.0
PROELECTRIC1,94,GASNACIO,0.0
PROELECTRIC1,95,GASNACIO,0.0
PROELECTRIC1,96,GASNACIO,0.0
PROELECTRIC1,97,GASNACIO,0.0
PROELECTRIC1,98,GASNACIO,0.0
PROELECTRIC1,99,GASNACIO,0.0
PROELECTRIC1,100,GASNACIO,0.0
PROELECTRIC1,101,GASNACIO,0.0
PROELECTRIC1,102,GASNACIO,0.0
PROELECTRIC1,103,GASNACIO,0.0
PROELECTRIC1,104,GASNACIO,0.0
PROELECTRIC1,105,GASNACIO,0.0
PROELECTRIC1,106,GASNACIO,0.0
PROELECTRIC1,107,GASNACIO,0.0
PROELECTRIC1,108,GASNACIO,0.0
PROELECTRIC1,109,GASNACIO,0.0
PROELECTRIC1,110,GASNACIO,0.0
PROELECTRIC1,111,GASNACIO,0.0
PROELECTRIC1,112,GASNACIO,0.0
PROELECTRIC1,113,GASNACIO,0.0
PROELECTRIC1,114,GASNACIO,0.0
PROELECTRIC1,115,GASNACIO,0.0
PROELECTRIC1,116,GASNACIO,0.0
PROELECTRIC1,117,GASNACIO,0.0
PROELECTRIC1,118,GASNACIO,0.0
PROELECTRIC1,119,GASNACIO,0.0
PROELECTRIC1,120,GASNACIO,0.0
PROELECTRIC1,121,GASNACIO,0.0
PROELECTRIC1,122,GASNACIO,0.0
PROELECTRIC1,123,GASNACIO,0.0
PROELECTRIC1,124,GASNACIO,0.0
PROELECTRIC1,125,GASNACIO,0.0
PROELECTRIC1,126,GASNACIO,0.0
PROELECTRIC1,127,GASNACIO,0.0
PROELECTRIC1,128,GASNACIO,0.0
PROELECTRIC1,129,GASNACIO,0.0
PROELECTRIC1,130,GASNACIO,0.0
PROELECTRIC1,131,GASNACIO,0.0
PROELECTRIC1,132,GASNACIO,0.0
PROELECTRIC1,133,GASNACIO,0.0
PROELECTRIC1,134,GASNACIO,0.0
PROELECTRIC1,135,GASNACIO,0.0
PROELECTRIC1,136,GASNACIO,0.0
PROELECTRIC1,137,GASNACIO,0.0
PROELECTRIC1,138,GASNACIO,0.0
PROELECTRIC1,139,GASNACIO,0.0
PROELECTRIC1,140,GASNACIO,0.0
PROELECTRIC1,141,GASNACIO,0.0
PROELECTRIC1,142,GASNACIO,0.0
PROELECTRIC1,143,GASNACIO,0.0
PROELECTRIC1,144,GASNACIO,0.0
PROELECTRIC1,145,GASNACIO,0.0
PROELECTRIC1,146,GASNACIO,0.0
PROELECTRIC1,147,GASNACIO,0.0
PROELECTRIC1,148,GASNACIO,0.0
PROELECTRIC1,149,GASNACIO,0.0
PROELECTRIC1,150,GASNACIO,0.0
PROELECTRIC1,151,GASNACIO,0.0
PROELECTRIC1,152,GASNACIO,0.0
PROELECTRIC1,153,GASNACIO,0.0
PROELECTRIC1,154,GASNACIO,0.0
PROELECTRIC1,155,GASNACIO,0.0
PROELECTRIC1,156,GASNACIO,0.0
PROELECTRIC1,157,GASNACIO,0.0
PROELECTRIC1,158,GASNACIO,0.0
PROELECTRIC1,159,GASNACIO,0.0
PROELECTRIC1,160,GASNACIO,0.0
PROELECTRIC1,161,GASNACIO,0.0
PROELECTRIC1,162,GASNACIO,0.0
PROELECTRIC1,163,GASNACIO,0.0
PROELECTRIC1,164,GASNACIO,0.0
PROELECTRIC1,165,GASNACIO,0.0
PROELECTRIC1,166,GASNACIO,0.0
PROELECTRIC1,167,GASNACIO,0.0
PROELECTRIC1,168,GASNACIO,0.0
PROELECTRIC1,169,GASNACIO,0.0
PROELECTRIC1,170,GASNACIO,0.0
PROELECTRIC1,171,GASNACIO,0.0
PROELECTRIC1,172,GASNACIO,0.0
PROELECTRIC1,173,GASNACIO,0.0
PROELECTRIC1,174,GASNACIO,0.0
PROELECTRIC1,175,GASNACIO,0.0
PROELECTRIC1,176,GASNACIO,0.0
PROELECTRIC1,177,GASNACIO,0.0
PROELECTRIC1,178,GASNACIO,0.0
PROELECTRIC1,179,GASNACIO,0.0
PROELECTRIC1,180,GASNACIO,0.0
PROELECTRIC1,181,GASNACIO,0.0
PROELECTRIC1,182,GASNACIO,0.0
PROELECTRIC1,183,GASNACIO,0.0
PROELECTRIC1,184,GASNACIO,0.0
PROELECTRIC1,185,GASNACIO,0.0
PROELECTRIC1,186,GASNACIO,0.0
PROELECTRIC1,187,GASNACIO,0.0
PROELECTRIC1,188,GASNACIO,0.0
PROELECTRIC1,189,GASNACIO,0.0
PROELECTRIC1,190,GASNACIO,0.0
PROELECTRIC1,191,GASNACIO,0.0
PROELECTRIC1,192,GASNACIO,0.0
PROELECTRIC1,193,GASNACIO,0.0
PROELECTRIC1,194,GASNACIO,0.0
PROELECTRIC1,195,GASNACIO,0.0
PROELECTRIC1,196,GASNACIO,0.0
PROELECTRIC1,197,GASNACIO,0.0
PROELECTRIC1,198,GASNACIO,0.0
PROELECTRIC1,199,GASNACIO,0.0
PROELECTRIC1,200,GASNACIO,0.0
PROELECTRIC1,201,GASNACIO,0.0
PROELECTRIC1,202,GASNACIO,0.0
PROELECTRIC1,203,GASNACIO,0.0
PROELECTRIC1,204,GASNACIO,0.0
PROELECTRIC1,205,GASNACIO,0.0
PROELECTRIC1,206,GASNACIO,0.0
PROELECTRIC1,207,GASNACIO,0.0
PROELECTRIC1,208,GASNACIO,0.0
PROELECTRIC1,209,GASNACIO,0.0
PROELECTRIC1,210,GASNACIO,0.0
PROELECTRIC1,211,GASNACIO,0.0
PROELECTRIC1,212,GASNACIO,0.0
PROELECTRIC1,213,GASNACIO,0.0
PROELECTRIC1,214,GASNACIO,0.0
PROELECTRIC1,215,GASNACIO,0.0
PROELECTRIC1,216,GASNACIO,0.0
PROELECTRIC1,217,GASNACIO,0.0
PROELECTRIC1,218,GASNACIO,0.0
PROELECTRIC1,219,GASNACIO,0.0
PROELECTRIC1,220,GASNACIO,0.0
PROELECTRIC1,221,GASNACIO,0.0
PROELECTRIC1,222,GASNACIO,0.0
PROELECTRIC1,223,GASNACIO,0.0
PROELECTRIC1,224,GASNACIO,0.0
PROELECTRIC1,225,GASNACIO,0.0
PROELECTRIC1,226,GASNACIO,0.0
PROELECTRIC1,227,GASNACIO,0.0
PROELECTRIC1,228,GASNACIO,0.0
PROELECTRIC1,229,GASNACIO,0.0
PROELECTRIC1,230,GASNACIO,0.0
PROELECTRIC1,231,GASNACIO,0.0
PROELECTRIC1,232,GASNACIO,0.0
PROELECTRIC1,233,GASNACIO,0.0
PROELECTRIC1,234,GASNACIO,0.0
PROELECTRIC1,235,GASNACIO,0.0
PROELECTRIC1,236,GASNACIO,0.0
PROELECTRIC1,237,GASNACIO,0.0
PROELECTRIC1,238,GASNACIO,0.0
PROELECTRIC1,239,GASNACIO,0.0
PROELECTRIC1,240,GASNACIO,0.0
PROELECTRIC1,241,GASNACIO,0.0
PROELECTRIC1,242,GASNACIO,0.0
PROELECTRIC1,243,GASNACIO,0.0
PROELECTRIC1,244,GASNACIO,0.0
PROELECTRIC1,245,GASNACIO,0.0
PROELECTRIC1,246,GASNACIO,0.0
PROELECTRIC1,247,GASNACIO,0.0
PROELECTRIC1,248,GASNACIO,0.0
PROELECTRIC1,249,GASNACIO,0.0
PROELECTRIC1,250,GASNACIO,0.0
PROELECTRIC1,251,GASNACIO,0.0
PROELECTRIC1,252,GASNACIO,0.0
PROELECTRIC1,253,GASNACIO,0.0
PROELECTRIC1,254,GASNACIO,0.0
PROELECTRIC1,255,GASNACIO,0.0
PROELECTRIC1,256,GASNACIO,0.0
PROELECTRIC1,257,GASNACIO,0.0
PROELECTRIC1,258,GASNACIO,0.0
PROELECTRIC1,259,GASNACIO,0.0
PROELECTRIC1,260,GASNACIO,0.0
PROELECTRIC1,261,GASNACIO,0.0
PROELECTRIC1,262,GASNACIO,0.0
PROELECTRIC1,263,GASNACIO,0.0
PROELECTRIC1,264,GASNACIO,0.0
PROELECTRIC1,265,GASNACIO,0.0
PROELECTRIC1,266,GASNACIO,0.0
PROELECTRIC1,267,GASNACIO,0.0
PROELECTRIC1,268,GASNACIO,0.0
PROELECTRIC1,269,GASNACIO,0.0
PROELECTRIC1,270,GASNACIO,0.0
PROELECTRIC1,271,GASNACIO,0.0
PROELECTRIC1,272,GASNACIO,0.0
PROELECTRIC1,273,GASNACIO,0.0
PROELECTRIC1,274,GASNACIO,0.0
PROELECTRIC1,275,GASNACIO,0.0
PROELECTRIC1,276,GASNACIO,0.0
PROELECTRIC1,277,GASNACIO,0.0
PROELECTRIC1,278,GASNACIO,0.0
PROELECTRIC1,279,GASNACIO,0.0
PROELECTRIC1,280,GASNACIO,0.0
PROELECTRIC1,281,GASNACIO,0.0
PROELECTRIC1,282,GASNACIO,0.0
PROELECTRIC1,283,GASNACIO,0.0
PROELECTRIC1,284,GASNACIO,0.0
PROELECTRIC1,285,GASNACIO,0.0
PROELECTRIC1,286,GASNACIO,0.0
PROELECTRIC1,287,GASNACIO,0.0
PROELECTRIC1,288,GASNACIO,0.0
PROELECTRIC1,289,GASNACIO,0.0
PROELECTRIC1,290,GASNACIO,0.0
PROELECTRIC1,291,GASNACIO,0.0
PROELECTRIC1,292,GASNACIO,0.0
PROELECTRIC1,293,GASNACIO,0.0
PROELECTRIC1,294,GASNACIO,0.0
PROELECTRIC1,295,GASNACIO,0.0
PROELECTRIC1,296,GASNACIO,0.0
PROELECTRIC1,297,GASNACIO,0.0
PROELECTRIC1,298,GASNACIO,0.0
PROELECTRIC1,299,GASNACIO,0.0
PROELECTRIC1,300,GASNACIO,0.0
PROELECTRIC1,301,GASNACIO,0.0
PROELECTRIC1,302,GASNACIO,0.0
PROELECTRIC1,303,GASNACIO,0.0
PROELECTRIC1,304,GASNACIO,0.0
PROELECTRIC1,305,GASNACIO,0.0
PROELECTRIC1,306,GASNACIO,0.0
PROELECTRIC1,307,GASNACIO,0.0
PROELECTRIC1,308,GASNACIO,0.0
PROELECTRIC1,309,GASNACIO,0.0
PROELECTRIC1,310,GASNACIO,0.0
PROELECTRIC1,311,GASNACIO,0.0
PROELECTRIC1,312,GASNACIO,0.0
PROELECTRIC1,313,GASNACIO,0.0
PROELECTRIC1,314,GASNACIO,0.0
PROELECTRIC1,315,GASNACIO,0.0
PROELECTRIC1,316,GASNACIO,0.0
PROELECTRIC1,317,GASNACIO,0.0
PROELECTRIC1,318,GASNACIO,0.0
PROELECTRIC1,319,GASNACIO,0.0
PROELECTRIC1,320,GASNACIO,0.0
PROELECTRIC1,321,GASNACIO,0.0
PROELECTRIC1,322,GASNACIO,0.0
PROELECTRIC1,323,GASNACIO,0.0
PROELECTRIC1,324,GASNACIO,0.0
PROELECTRIC1,325,GASNACIO,0.0
PROELECTRIC1,326,GASNACIO,0.0
PROELECTRIC1,327,GASNACIO,0.0
PROELECTRIC1,328,GASNACIO,0.0
PROELECTRIC1,329,GASNACIO,0.0
PROELECTRIC1,330,GASNACIO,0.0
PROELECTRIC1,331,GASNACIO,0.0
PROELECTRIC1,332,GASNACIO,0.0
PROELECTRIC1,333,GASNACIO,0.0
PROELECTRIC1,334,GASNACIO,0.0
PROELECTRIC1,335,GASNACIO,0.0
PROELECTRIC1,336,GASNACIO,0.0
PROELECTRIC1,337,GASNACIO,0.0
PROELECTRIC1,338,GASNACIO,0.0
PROELECTRIC1,339,GASNACIO,0.0
PROELECTRIC1,340,GASNACIO,0.0
PROELECTRIC1,341,GASNACIO,0.0
PROELECTRIC1,342,GASNACIO,0.0
PROELECTRIC1,343,GASNACIO,0.0
PROELECTRIC1,344,GASNACIO,0.0
PROELECTRIC1,345,GASNACIO,0.0
PROELECTRIC1,346,GASNACIO,0.0
PROELECTRIC1,347,GASNACIO,0.0
PROELECTRIC1,348,GASNACIO,0.0
PROELECTRIC1,349,GASNACIO,0.0
PROELECTRIC1,350,GASNACIO,0.0
PROELECTRIC1,351,GASNACIO,0.0
PROELECTRIC1,352,GASNACIO,0.0
PROELECTRIC1,353,GASNACIO,0.0
PROELECTRIC1,354,GASNACIO,0.0
PROELECTRIC1,355,GASNACIO,0.0
PROELECTRIC1,356,GASNACIO,0.0
PROELECTRIC1,357,GASNACIO,0.0
PROELECTRIC1,358,GASNACIO,0.0
PROELECTRIC1,359,GASNACIO,0.0
PROELECTRIC1,360,GASNACIO,0.0
PROELECTRIC1,361,GASNACIO,0.0
PROELECTRIC1,362,GASNACIO,0.0
PROELECTRIC1,363,GASNACIO,0.0
PROELECTRIC1,364,GASNACIO,0.0
PROELECTRIC1,365,GASNACIO,0.0
PROELECTRIC1,366,GASNACIO,0.0
PROELECTRIC1,367,GASNACIO,0.0
PROELECTRIC1,368,GASNACIO,0.0
PROELECTRIC1,369,GASNACIO,0.0
PROELECTRIC1,370,GASNACIO,0.0
PROELECTRIC1,371,GASNACIO,0.0
PROELECTRIC1,372,GASNACIO,0.0
PROELECTRIC1,373,GASNACIO,0.0
PROELECTRIC1,374,GASNACIO,0.0
PROELECTRIC1,375,GASNACIO,0.0
PROELECTRIC1,376,GASNACIO,0.0
PROELECTRIC1,377,GASNACIO,0.0
PROELECTRIC1,378,GASNACIO,0.0
PROELECTRIC1,379,GASNACIO,0.0
PROELECTRIC1,380,GASNACIO,0.0
PROELECTRIC1,381,GASNACIO,0.0
PROELECTRIC1,382,GASNACIO,0.0
PROELECTRIC1,383,GASNACIO,0.0
PROELECTRIC1,384,GASNACIO,0.0
PROELECTRIC2,1,GASNACIO,0.0
PROELECTRIC2,2,GASNACIO,0.0
PROELECTRIC2,3,GASNACIO,0.0
PROELECTRIC2,4,GASNACIO,0.0
PROELECTRIC2,5,GASNACIO,0.0
PROELECTRIC2,6,GASNACIO,0.0
PROELECTRIC2,7,GASNACIO,0.0
PROELECTRIC2,8,GASNACIO,0.0
PROELECTRIC2,9,GASNACIO,0.0
PROELECTRIC2,10,GASNACIO,0.0
PROELECTRIC2,11,GASNACIO,0.0
PROELECTRIC2,12,GASNACIO,0.0
PROELECTRIC2,13,GASNACIO,0.0
PROELECTRIC2,14,GASNACIO,0.0
PROELECTRIC2,15,GASNACIO,0.0
PROELECTRIC2,16,GASNACIO,0.0
PROELECTRIC2,17,GASNACIO,0.0
PROELECTRIC2,18,GASNACIO,0.0
PROELECTRIC2,19,GASNACIO,0.0
PROELECTRIC2,20,GASNACIO,0.0
PROELECTRIC2,21,GASNACIO,0.0
PROELECTRIC2,22,GASNACIO,0.0
PROELECTRIC2,23,GASNACIO,0.0
PROELECTRIC2,24,GASNACIO,0.0
PROELECTRIC2,25,GASNACIO,0.0
PROELECTRIC2,26,GASNACIO,0.0
PROELECTRIC2,27,GASNACIO,0.0
PROELECTRIC2,28,GASNACIO,0.0
PROELECTRIC2,29,GASNACIO,0.0
PROELECTRIC2,30,GASNACIO,0.0
PROELECTRIC2,31,GASNACIO,0.0
PROELECTRIC2,32,GASNACIO,0.0
PROELECTRIC2,33,GASNACIO,0.0
PROELECTRIC2,34,GASNACIO,0.0
PROELECTRIC2,35,GASNACIO,0.0
PROELECTRIC2,36,GASNACIO,0.0
PROELECTRIC2,37,GASNACIO,0.0
PROELECTRIC2,38,GASNACIO,0.0
PROELECTRIC2,39,GASNACIO,0.0
PROELECTRIC2,40,GASNACIO,0.0
PROELECTRIC2,41,GASNACIO,0.0
PROELECTRIC2,42,GASNACIO,0.0
PROELECTRIC2,43,GASNACIO,0.0
PROELECTRIC2,44,GASNACIO,0.0
PROELECTRIC2,45,GASNACIO,0.0
PROELECTRIC2,46,GASNACIO,0.0
PROELECTRIC2,47,GASNACIO,0.0
PROELECTRIC2,48,GASNACIO,0.0
PROELECTRIC2,49,GASNACIO,0.0
PROELECTRIC2,50,GASNACIO,0.0
PROELECTRIC2,51,GASNACIO,0.0
PROELECTRIC2,52,GASNACIO,0.0
PROELECTRIC2,53,GASNACIO,0.0
PROELECTRIC2,54,GASNACIO,0.0
PROELECTRIC2,55,GASNACIO,0.0
PROELECTRIC2,56,GASNACIO,0.0
PROELECTRIC2,57,GASNACIO,0.0
PROELECTRIC2,58,GASNACIO,0.0
PROELECTRIC2,59,GASNACIO,0.0
PROELECTRIC2,60,GASNACIO,0.0
PROELECTRIC2,61,GASNACIO,0.0
PROELECTRIC2,62,GASNACIO,0.0
PROELECTRIC2,63,GASNACIO,0.0
PROELECTRIC2,64,GASNACIO,0.0
PROELECTRIC2,65,GASNACIO,0.0
PROELECTRIC2,66,GASNACIO,0.0
PROELECTRIC2,67,GASNACIO,0.0
PROELECTRIC2,68,GASNACIO,0.0
PROELECTRIC2,69,GASNACIO,0.0
PROELECTRIC2,70,GASNACIO,0.0
PROELECTRIC2,71,GASNACIO,0.0
PROELECTRIC2,72,GASNACIO,0.0
PROELECTRIC2,73,GASNACIO,0.0
PROELECTRIC2,74,GASNACIO,0.0
PROELECTRIC2,75,GASNACIO,0.0
PROELECTRIC2,76,GASNACIO,0.0
PROELECTRIC2,77,GASNACIO,0.0
PROELECTRIC2,78,GASNACIO,0.0
PROELECTRIC2,79,GASNACIO,0.0
PROELECTRIC2,80,GASNACIO,0.0
PROELECTRIC2,81,GASNACIO,0.0
PROELECTRIC2,82,GASNACIO,0.0
PROELECTRIC2,83,GASNACIO,0.0
PROELECTRIC2,84,GASNACIO,0.0
PROELECTRIC2,85,GASNACIO,0.0
PROELECTRIC2,86,GASNACIO,0.0
PROELECTRIC2,87,GASNACIO,0.0
PROELECTRIC2,88,GASNACIO,0.0
PROELECTRIC2,89,GASNACIO,0.0
PROELECTRIC2,90,GASNACIO,0.0
PROELECTRIC2,91,GASNACIO,0.0
PROELECTRIC2,92,GASNACIO,0.0
PROELECTRIC2,93,GASNACIO,0.0
PROELECTRIC2,94,GASNACIO,0.0
PROELECTRIC2,95,GASNACIO,0.0
PROELECTRIC2,96,GASNACIO,0.0
PROELECTRIC2,97,GASNACIO,0.0
PROELECTRIC2,98,GASNACIO,0.0
PROELECTRIC2,99,GASNACIO,0.0
PROELECTRIC2,100,GASNACIO,0.0
PROELECTRIC2,101,GASNACIO,0.0
PROELECTRIC2,102,GASNACIO,0.0
PROELECTRIC2,103,GASNACIO,0.0
PROELECTRIC2,104,GASNACIO,0.0
PROELECTRIC2,105,GASNACIO,0.0
PROELECTRIC2,106,GASNACIO,0.0
PROELECTRIC2,107,GASNACIO,0.0
PROELECTRIC2,108,GASNACIO,0.0
PROELECTRIC2,109,GASNACIO,0.0
PROELECTRIC2,110,GASNACIO,0.0
PROELECTRIC2,111,GASNACIO,0.0
PROELECTRIC2,112,GASNACIO,0.0
PROELECTRIC2,113,GASNACIO,0.0
PROELECTRIC2,114,GASNACIO,0.0
PROELECTRIC2,115,GASNACIO,0.0
PROELECTRIC2,116,GASNACIO,0.0
PROELECTRIC2,117,GASNACIO,0.0
PROELECTRIC2,118,GASNACIO,0.0
PROELECTRIC2,119,GASNACIO,0.0
PROELECTRIC2,120,GASNACIO,0.0
PROELECTRIC2,121,GASNACIO,0.0
PROELECTRIC2,122,GASNACIO,0.0
PROELECTRIC2,123,GASNACIO,0.0
PROELECTRIC2,124,GASNACIO,0.0
PROELECTRIC2,125,GASNACIO,0.0
PROELECTRIC2,126,GASNACIO,0.0
PROELECTRIC2,127,GASNACIO,0.0
PROELECTRIC2,128,GASNACIO,0.0
PROELECTRIC2,129,GASNACIO,0.0
PROELECTRIC2,130,GASNACIO,0.0
PROELECTRIC2,131,GASNACIO,0.0
PROELECTRIC2,132,GASNACIO,0.0
PROELECTRIC2,133,GASNACIO,0.0
PROELECTRIC2,134,GASNACIO,0.0
PROELECTRIC2,135,GASNACIO,0.0
PROELECTRIC2,136,GASNACIO,0.0
PROELECTRIC2,137,GASNACIO,0.0
PROELECTRIC2,138,GASNACIO,0.0
PROELECTRIC2,139,GASNACIO,0.0
PROELECTRIC2,140,GASNACIO,0.0
PROELECTRIC2,141,GASNACIO,0.0
PROELECTRIC2,142,GASNACIO,0.0
PROELECTRIC2,143,GASNACIO,0.0
PROELECTRIC2,144,GASNACIO,0.0
PROELECTRIC2,145,GASNACIO,0.0
PROELECTRIC2,146,GASNACIO,0.0
PROELECTRIC2,147,GASNACIO,0.0
PROELECTRIC2,148,GASNACIO,0.0
PROELECTRIC2,149,GASNACIO,0.0
PROELECTRIC2,150,GASNACIO,0.0
PROELECTRIC2,151,GASNACIO,0.0
PROELECTRIC2,152,GASNACIO,0.0
PROELECTRIC2,153,GASNACIO,0.0
PROELECTRIC2,154,GASNACIO,0.0
PROELECTRIC2,155,GASNACIO,0.0
PROELECTRIC2,156,GASNACIO,0.0
PROELECTRIC2,157,GASNACIO,0.0
PROELECTRIC2,158,GASNACIO,0.0
PROELECTRIC2,159,GASNACIO,0.0
PROELECTRIC2,160,GASNACIO,0.0
PROELECTRIC2,161,GASNACIO,0.0
PROELECTRIC2,162,GASNACIO,0.0
PROELECTRIC2,163,GASNACIO,0.0
PROELECTRIC2,164,GASNACIO,0.0
PROELECTRIC2,165,GASNACIO,0.0
PROELECTRIC2,166,GASNACIO,0.0
PROELECTRIC2,167,GASNACIO,0.0
PROELECTRIC2,168,GASNACIO,0.0
PROELECTRIC2,169,GASNACIO,0.0
PROELECTRIC2,170,GASNACIO,0.0
PROELECTRIC2,171,GASNACIO,0.0
PROELECTRIC2,172,GASNACIO,0.0
PROELECTRIC2,173,GASNACIO,0.0
PROELECTRIC2,174,GASNACIO,0.0
PROELECTRIC2,175,GASNACIO,0.0
PROELECTRIC2,176,GASNACIO,0.0
PROELECTRIC2,177,GASNACIO,0.0
PROELECTRIC2,178,GASNACIO,0.0
PROELECTRIC2,179,GASNACIO,0.0
PROELECTRIC2,180,GASNACIO,0.0
PROELECTRIC2,181,GASNACIO,0.0
PROELECTRIC2,182,GASNACIO,0.0
PROELECTRIC2,183,GASNACIO,0.0
PROELECTRIC2,184,GASNACIO,0.0
PROELECTRIC2,185,GASNACIO,0.0
PROELECTRIC2,186,GASNACIO,0.0
PROELECTRIC2,187,GASNACIO,0.0
PROELECTRIC2,188,GASNACIO,0.0
PROELECTRIC2,189,GASNACIO,0.0
PROELECTRIC2,190,GASNACIO,0.0
PROELECTRIC2,191,GASNACIO,0.0
PROELECTRIC2,192,GASNACIO,0.0
PROELECTRIC2,193,GASNACIO,0.0
PROELECTRIC2,194,GASNACIO,0.0
PROELECTRIC2,195,GASNACIO,0.0
PROELECTRIC2,196,GASNACIO,0.0
PROELECTRIC2,197,GASNACIO,0.0
PROELECTRIC2,198,GASNACIO,0.0
PROELECTRIC2,199,GASNACIO,0.0
PROELECTRIC2,200,GASNACIO,0.0
PROELECTRIC2,201,GASNACIO,0.0
PROELECTRIC2,202,GASNACIO,0.0
PROELECTRIC2,203,GASNACIO,0.0
PROELECTRIC2,204,GASNACIO,0.0
PROELECTRIC2,205,GASNACIO,0.0
PROELECTRIC2,206,GASNACIO,0.0
PROELECTRIC2,207,GASNACIO,0.0
PROELECTRIC2,208,GASNACIO,0.0
PROELECTRIC2,209,GASNACIO,0.0
PROELECTRIC2,210,GASNACIO,0.0
PROELECTRIC2,211,GASNACIO,0.0
PROELECTRIC2,212,GASNACIO,0.0
PROELECTRIC2,213,GASNACIO,0.0
PROELECTRIC2,214,GASNACIO,0.0
PROELECTRIC2,215,GASNACIO,0.0
PROELECTRIC2,216,GASNACIO,0.0
PROELECTRIC2,217,GASNACIO,0.0
PROELECTRIC2,218,GASNACIO,0.0
PROELECTRIC2,219,GASNACIO,0.0
PROELECTRIC2,220,GASNACIO,0.0
PROELECTRIC2,221,GASNACIO,0.0
PROELECTRIC2,222,GASNACIO,0.0
PROELECTRIC2,223,GASNACIO,0.0
PROELECTRIC2,224,GASNACIO,0.0
PROELECTRIC2,225,GASNACIO,0.0
PROELECTRIC2,226,GASNACIO,0.0
PROELECTRIC2,227,GASNACIO,0.0
PROELECTRIC2,228,GASNACIO,0.0
PROELECTRIC2,229,GASNACIO,0.0
PROELECTRIC2,230,GASNACIO,0.0
PROELECTRIC2,231,GASNACIO,0.0
PROELECTRIC2,232,GASNACIO,0.0
PROELECTRIC2,233,GASNACIO,0.0
PROELECTRIC2,234,GASNACIO,0.0
PROELECTRIC2,235,GASNACIO,0.0
PROELECTRIC2,236,GASNACIO,0.0
PROELECTRIC2,237,GASNACIO,0.0
PROELECTRIC2,238,GASNACIO,0.0
PROELECTRIC2,239,GASNACIO,0.0
PROELECTRIC2,240,GASNACIO,0.0
PROELECTRIC2,241,GASNACIO,0.0
PROELECTRIC2,242,GASNACIO,0.0
PROELECTRIC2,243,GASNACIO,0.0
PROELECTRIC2,244,GASNACIO,0.0
PROELECTRIC2,245,GASNACIO,0.0
PROELECTRIC2,246,GASNACIO,0.0
PROELECTRIC2,247,GASNACIO,0.0
PROELECTRIC2,248,GASNACIO,0.0
PROELECTRIC2,249,GASNACIO,0.0
PROELECTRIC2,250,GASNACIO,0.0
PROELECTRIC2,251,GASNACIO,0.0
PROELECTRIC2,252,GASNACIO,0.0
PROELECTRIC2,253,GASNACIO,0.0
PROELECTRIC2,254,GASNACIO,0.0
PROELECTRIC2,255,GASNACIO,0.0
PROELECTRIC2,256,GASNACIO,0.0
PROELECTRIC2,257,GASNACIO,0.0
PROELECTRIC2,258,GASNACIO,0.0
PROELECTRIC2,259,GASNACIO,0.0
PROELECTRIC2,260,GASNACIO,0.0
PROELECTRIC2,261,GASNACIO,0.0
PROELECTRIC2,262,GASNACIO,0.0
PROELECTRIC2,263,GASNACIO,0.0
PROELECTRIC2,264,GASNACIO,0.0
PROELECTRIC2,265,GASNACIO,0.0
PROELECTRIC2,266,GASNACIO,0.0
PROELECTRIC2,267,GASNACIO,0.0
PROELECTRIC2,268,GASNACIO,0.0
PROELECTRIC2,269,GASNACIO,0.0
PROELECTRIC2,270,GASNACIO,0.0
PROELECTRIC2,271,GASNACIO,0.0
PROELECTRIC2,272,GASNACIO,0.0
PROELECTRIC2,273,GASNACIO,0.0
PROELECTRIC2,274,GASNACIO,0.0
PROELECTRIC2,275,GASNACIO,0.0
PROELECTRIC2,276,GASNACIO,0.0
PROELECTRIC2,277,GASNACIO,0.0
PROELECTRIC2,278,GASNACIO,0.0
PROELECTRIC2,279,GASNACIO,0.0
PROELECTRIC2,280,GASNACIO,0.0
PROELECTRIC2,281,GASNACIO,0.0
PROELECTRIC2,282,GASNACIO,0.0
PROELECTRIC2,283,GASNACIO,0.0
PROELECTRIC2,284,GASNACIO,0.0
PROELECTRIC2,285,GASNACIO,0.0
PROELECTRIC2,286,GASNACIO,0.0
PROELECTRIC2,287,GASNACIO,0.0
PROELECTRIC2,288,GASNACIO,0.0
PROELECTRIC2,289,GASNACIO,0.0
PROELECTRIC2,290,GASNACIO,0.0
PROELECTRIC2,291,GASNACIO,0.0
PROELECTRIC2,292,GASNACIO,0.0
PROELECTRIC2,293,GASNACIO,0.0
PROELECTRIC2,294,GASNACIO,0.0
PROELECTRIC2,295,GASNACIO,0.0
PROELECTRIC2,296,GASNACIO,0.0
PROELECTRIC2,297,GASNACIO,0.0
PROELECTRIC2,298,GASNACIO,0.0
PROELECTRIC2,299,GASNACIO,0.0
PROELECTRIC2,300,GASNACIO,0.0
PROELECTRIC2,301,GASNACIO,0.0
PROELECTRIC2,302,GASNACIO,0.0
PROELECTRIC2,303,GASNACIO,0.0
PROELECTRIC2,304,GASNACIO,0.0
PROELECTRIC2,305,GASNACIO,0.0
PROELECTRIC2,306,GASNACIO,0.0
PROELECTRIC2,307,GASNACIO,0.0
PROELECTRIC2,308,GASNACIO,0.0
PROELECTRIC2,309,GASNACIO,0.0
PROELECTRIC2,310,GASNACIO,0.0
PROELECTRIC2,311,GASNACIO,0.0
PROELECTRIC2,312,GASNACIO,0.0
PROELECTRIC2,313,GASNACIO,0.0
PROELECTRIC2,314,GASNACIO,0.0
PROELECTRIC2,315,GASNACIO,0.0
PROELECTRIC2,316,GASNACIO,0.0
PROELECTRIC2,317,GASNACIO,0.0
PROELECTRIC2,318,GASNACIO,0.0
PROELECTRIC2,319,GASNACIO,0.0
PROELECTRIC2,320,GASNACIO,0.0
PROELECTRIC2,321,GASNACIO,0.0
PROELECTRIC2,322,GASNACIO,0.0
PROELECTRIC2,323,GASNACIO,0.0
PROELECTRIC2,324,GASNACIO,0.0
PROELECTRIC2,325,GASNACIO,0.0
PROELECTRIC2,326,GASNACIO,0.0
PROELECTRIC2,327,GASNACIO,0.0
PROELECTRIC2,328,GASNACIO,0.0
PROELECTRIC2,329,GASNACIO,0.0
PROELECTRIC2,330,GASNACIO,0.0
PROELECTRIC2,331,GASNACIO,0.0
PROELECTRIC2,332,GASNACIO,0.0
PROELECTRIC2,333,GASNACIO,0.0
PROELECTRIC2,334,GASNACIO,0.0
PROELECTRIC2,335,GASNACIO,0.0
PROELECTRIC2,336,GASNACIO,0.0
PROELECTRIC2,337,GASNACIO,0.0
PROELECTRIC2,338,GASNACIO,0.0
PROELECTRIC2,339,GASNACIO,0.0
PROELECTRIC2,340,GASNACIO,0.0
PROELECTRIC2,341,GASNACIO,0.0
PROELECTRIC2,342,GASNACIO,0.0
PROELECTRIC2,343,GASNACIO,0.0
PROELECTRIC2,344,GASNACIO,0.0
PROELECTRIC2,345,GASNACIO,0.0
PROELECTRIC2,346,GASNACIO,0.0
PROELECTRIC2,347,GASNACIO,0.0
PROELECTRIC2,348,GASNACIO,0.0
PROELECTRIC2,349,GASNACIO,0.0
PROELECTRIC2,350,GASNACIO,0.0
PROELECTRIC2,351,GASNACIO,0.0
PROELECTRIC2,352,GASNACIO,0.0
PROELECTRIC2,353,GASNACIO,0.0
PROELECTRIC2,354,GASNACIO,0.0
PROELECTRIC2,355,GASNACIO,0.0
PROELECTRIC2,356,GASNACIO,0.0
PROELECTRIC2,357,GASNACIO,0.0
PROELECTRIC2,358,GASNACIO,0.0
PROELECTRIC2,359,GASNACIO,0.0
PROELECTRIC2,360,GASNACIO,0.0
PROELECTRIC2,361,GASNACIO,0.0
PROELECTRIC2,362,GASNACIO,0.0
PROELECTRIC2,363,GASNACIO,0.0
PROELECTRIC2,364,GASNACIO,0.0
PROELECTRIC2,365,GASNACIO,0.0
PROELECTRIC2,366,GASNACIO,0.0
PROELECTRIC2,367,GASNACIO,0.0
PROELECTRIC2,368,GASNACIO,0.0
PROELECTRIC2,369,GASNACIO,0.0
PROELECTRIC2,370,GASNACIO,0.0
PROELECTRIC2,371,GASNACIO,0.0
PROELECTRIC2,372,GASNACIO,0.0
PROELECTRIC2,373,GASNACIO,0.0
PROELECTRIC2,374,GASNACIO,0.0
PROELECTRIC2,375,GASNACIO,0.0
PROELECTRIC2,376,GASNACIO,0.0
PROELECTRIC2,377,GASNACIO,0.0
PROELECTRIC2,378,GASNACIO,0.0
PROELECTRIC2,379,GASNACIO,0.0
PROELECTRIC2,380,GASNACIO,0.0
PROELECTRIC2,381,GASNACIO,0.0
PROELECTRIC2,382,GASNACIO,0.0
PROELECTRIC2,383,GASNACIO,0.0
PROELECTRIC2,384,GASNACIO,0.0
T_AutArCairo,1,CARBON,0.0
T_AutArCairo,2,CARBON,0.0
T_AutArCairo,3,CARBON,0.0
T_AutArCairo,4,CARBON,0.0
T_AutArCairo,5,CARBON,0.0
T_AutArCairo,6,CARBON,0.0
T_AutArCairo,7,CARBON,0.0
T_AutArCairo,8,CARBON,0.0
T_AutArCairo,9,CARBON,0.0
T_AutArCairo,10,CARBON,0.0
T_AutArCairo,11,CARBON,0.0
T_AutArCairo,12,CARBON,0.0
T_AutArCairo,13,CARBON,0.0
T_AutArCairo,14,CARBON,0.0
T_AutArCairo,15,CARBON,0.0
T_AutArCairo,16,CARBON,0.0
T_AutArCairo,17,CARBON,0.0
T_AutArCairo,18,CARBON,0.0
T_AutArCairo,19,CARBON,0.0
T_AutArCairo,20,CARBON,0.0
T_AutArCairo,21,CARBON,0.0
T_AutArCairo,22,CARBON,0.0
T_AutArCairo,23,CARBON,0.0
T_AutArCairo,24,CARBON,0.0
T_AutArCairo,25,CARBON,0.0
T_AutArCairo,26,CARBON,0.0
T_AutArCairo,27,CARBON,0.0
T_AutArCairo,28,CARBON,0.0
T_AutArCairo,29,CARBON,0.0
T_AutArCairo,30,CARBON,0.0
T_AutArCairo,31,CARBON,0.0
T_AutArCairo,32,CARBON,0.0
T_AutArCairo,33,CARBON,0.0
T_AutArCairo,34,CARBON,0.0
T_AutArCairo,35,CARBON,0.0
T_AutArCairo,36,CARBON,0.0
T_AutArCairo,37,CARBON,0.0
T_AutArCairo,38,CARBON,0.0
T_AutArCairo,39,CARBON,0.0
T_AutArCairo,40,CARBON,0.0
T_AutArCairo,41,CARBON,0.0
T_AutArCairo,42,CARBON,0.0
T_AutArCairo,43,CARBON,0.0
T_AutArCairo,44,CARBON,0.0
T_AutArCairo,45,CARBON,0.0
T_AutArCairo,46,CARBON,0.0
T_AutArCairo,47,CARBON,0.0
T_AutArCairo,48,CARBON,0.0
T_AutArCairo,49,CARBON,0.0
T_AutArCairo,50,CARBON,0.0
T_AutArCairo,51,CARBON,0.0
T_AutArCairo,52,CARBON,0.0
T_AutArCairo,53,CARBON,0.0
T_AutArCairo,54,CARBON,0.0
T_AutArCairo,55,CARBON,0.0
T_AutArCairo,56,CARBON,0.0
T_AutArCairo,57,CARBON,0.0
T_AutArCairo,58,CARBON,0.0
T_AutArCairo,59,CARBON,0.0
T_AutArCairo,60,CARBON,0.0
T_AutArCairo,61,CARBON,0.0
T_AutArCairo,62,CARBON,0.0
T_AutArCairo,63,CARBON,0.0
T_AutArCairo,64,CARBON,0.0
T_AutArCairo,65,CARBON,0.0
T_AutArCairo,66,CARBON,0.0
T_AutArCairo,67,CARBON,0.0
T_AutArCairo,68,CARBON,0.0
T_AutArCairo,69,CARBON,0.0
T_AutArCairo,70,CARBON,0.0
T_AutArCairo,71,CARBON,0.0
T_AutArCairo,72,CARBON,0.0
T_AutArCairo,73,CARBON,0.0
T_AutArCairo,74,CARBON,0.0
T_AutArCairo,75,CARBON,0.0
T_AutArCairo,76,CARBON,0.0
T_AutArCairo,77,CARBON,0.0
T_AutArCairo,78,CARBON,0.0
T_AutArCairo,79,CARBON,0.0
T_AutArCairo,80,CARBON,0.0
T_AutArCairo,81,CARBON,0.0
T_AutArCairo,82,CARBON,0.0
T_AutArCairo,83,CARBON,0.0
T_AutArCairo,84,CARBON,0.0
T_AutArCairo,85,CARBON,0.0
T_AutArCairo,86,CARBON,0.0
T_AutArCairo,87,CARBON,0.0
T_AutArCairo,88,CARBON,0.0
T_AutArCairo,89,CARBON,0.0
T_AutArCairo,90,CARBON,0.0
T_AutArCairo,91,CARBON,0.0
T_AutArCairo,92,CARBON,0.0
T_AutArCairo,93,CARBON,0.0
T_AutArCairo,94,CARBON,0.0
T_AutArCairo,95,CARBON,0.0
T_AutArCairo,96,CARBON,0.0
T_AutArCairo,97,CARBON,0.0
T_AutArCairo,98,CARBON,0.0
T_AutArCairo,99,CARBON,0.0
T_AutArCairo,100,CARBON,0.0
T_AutArCairo,101,CARBON,0.0
T_AutArCairo,102,CARBON,0.0
T_AutArCairo,103,CARBON,0.0
T_AutArCairo,104,CARBON,0.0
T_AutArCairo,105,CARBON,0.0
T_AutArCairo,106,CARBON,0.0
T_AutArCairo,107,CARBON,0.0
T_AutArCairo,108,CARBON,0.0
T_AutArCairo,109,CARBON,0.0
T_AutArCairo,110,CARBON,0.0
T_AutArCairo,111,CARBON,0.0
T_AutArCairo,112,CARBON,0.0
T_AutArCairo,113,CARBON,0.0
T_AutArCairo,114,CARBON,0.0
T_AutArCairo,115,CARBON,0.0
T_AutArCairo,116,CARBON,0.0
T_AutArCairo,117,CARBON,0.0
T_AutArCairo,118,CARBON,0.0
T_AutArCairo,119,CARBON,0.0
T_AutArCairo,120,CARBON,0.0
T_AutArCairo,121,CARBON,0.0
T_AutArCairo,122,CARBON,0.0
T_AutArCairo,123,CARBON,0.0
T_AutArCairo,124,CARBON,0.0
T_AutArCairo,125,CARBON,0.0
T_AutArCairo,126,CARBON,0.0
T_AutArCairo,127,CARBON,0.0
T_AutArCairo,128,CARBON,0.0
T_AutArCairo,129,CARBON,0.0
T_AutArCairo,130,CARBON,0.0
T_AutArCairo,131,CARBON,0.0
T_AutArCairo,132,CARBON,0.0
T_AutArCairo,133,CARBON,0.0
T_AutArCairo,134,CARBON,0.0
T_AutArCairo,135,CARBON,0.0
T_AutArCairo,136,CARBON,0.0
T_AutArCairo,137,CARBON,0.0
T_AutArCairo,138,CARBON,0.0
T_AutArCairo,139,CARBON,0.0
T_AutArCairo,140,CARBON,0.0
T_AutArCairo,141,CARBON,0.0
T_AutArCairo,142,CARBON,0.0
T_AutArCairo,143,CARBON,0.0
T_AutArCairo,144,CARBON,0.0
T_AutArCairo,145,CARBON,0.0
T_AutArCairo,146,CARBON,0.0
T_AutArCairo,147,CARBON,0.0
T_AutArCairo,148,CARBON,0.0
T_AutArCairo,149,CARBON,0.0
T_AutArCairo,150,CARBON,0.0
T_AutArCairo,151,CARBON,0.0
T_AutArCairo,152,CARBON,0.0
T_AutArCairo,153,CARBON,0.0
T_AutArCairo,154,CARBON,0.0
T_AutArCairo,155,CARBON,0.0
T_AutArCairo,156,CARBON,0.0
T_AutArCairo,157,CARBON,0.0
T_AutArCairo,158,CARBON,0.0
T_AutArCairo,159,CARBON,0.0
T_AutArCairo,160,CARBON,0.0
T_AutArCairo,161,CARBON,0.0
T_AutArCairo,162,CARBON,0.0
T_AutArCairo,163,CARBON,0.0
T_AutArCairo,164,CARBON,0.0
T_AutArCairo,165,CARBON,0.0
T_AutArCairo,166,CARBON,0.0
T_AutArCairo,167,CARBON,0.0
T_AutArCairo,168,CARBON,0.0
T_AutArCairo,169,CARBON,0.0
T_AutArCairo,170,CARBON,0.0
T_AutArCairo,171,CARBON,0.0
T_AutArCairo,172,CARBON,0.0
T_AutArCairo,173,CARBON,0.0
T_AutArCairo,174,CARBON,0.0
T_AutArCairo,175,CARBON,0.0
T_AutArCairo,176,CARBON,0.0
T_AutArCairo,177,CARBON,0.0
T_AutArCairo,178,CARBON,0.0
T_AutArCairo,179,CARBON,0.0
T_AutArCairo,180,CARBON,0.0
T_AutArCairo,181,CARBON,0.0
T_AutArCairo,182,CARBON,0.0
T_AutArCairo,183,CARBON,0.0
T_AutArCairo,184,CARBON,0.0
T_AutArCairo,185,CARBON,0.0
T_AutArCairo,186,CARBON,0.0
T_AutArCairo,187,CARBON,0.0
T_AutArCairo,188,CARBON,0.0
T_AutArCairo,189,CARBON,0.0
T_AutArCairo,190,CARBON,0.0
T_AutArCairo,191,CARBON,0.0
T_AutArCairo,192,CARBON,0.0
T_AutArCairo,193,CARBON,0.0
T_AutArCairo,194,CARBON,0.0
T_AutArCairo,195,CARBON,0.0
T_AutArCairo,196,CARBON,0.0
T_AutArCairo,197,CARBON,0.0
T_AutArCairo,198,CARBON,0.0
T_AutArCairo,199,CARBON,0.0
T_AutArCairo,200,CARBON,0.0
T_AutArCairo,201,CARBON,0.0
T_AutArCairo,202,CARBON,0.0
T_AutArCairo,203,CARBON,0.0
T_AutArCairo,204,CARBON,0.0
T_AutArCairo,205,CARBON,0.0
T_AutArCairo,206,CARBON,0.0
T_AutArCairo,207,CARBON,0.0
T_AutArCairo,208,CARBON,0.0
T_AutArCairo,209,CARBON,0.0
T_AutArCairo,210,CARBON,0.0
T_AutArCairo,211,CARBON,0.0
T_AutArCairo,212,CARBON,0.0
T_AutArCairo,213,CARBON,0.0
T_AutArCairo,214,CARBON,0.0
T_AutArCairo,215,CARBON,0.0
T_AutArCairo,216,CARBON,0.0
T_AutArCairo,217,CARBON,0.0
T_AutArCairo,218,CARBON,0.0
T_AutArCairo,219,CARBON,0.0
T_AutArCairo,220,CARBON,0.0
T_AutArCairo,221,CARBON,0.0
T_AutArCairo,222,CARBON,0.0
T_AutArCairo,223,CARBON,0.0
T_AutArCairo,224,CARBON,0.0
T_AutArCairo,225,CARBON,0.0
T_AutArCairo,226,CARBON,0.0
T_AutArCairo,227,CARBON,0.0
T_AutArCairo,228,CARBON,0.0
T_AutArCairo,229,CARBON,0.0
T_AutArCairo,230,CARBON,0.0
T_AutArCairo,231,CARBON,0.0
T_AutArCairo,232,CARBON,0.0
T_AutArCairo,233,CARBON,0.0
T_AutArCairo,234,CARBON,0.0
T_AutArCairo,235,CARBON,0.0
T_AutArCairo,236,CARBON,0.0
T_AutArCairo,237,CARBON,0.0
T_AutArCairo,238,CARBON,0.0
T_AutArCairo,239,CARBON,0.0
T_AutArCairo,240,CARBON,0.0
T_AutArCairo,241,CARBON,0.0
T_AutArCairo,242,CARBON,0.0
T_AutArCairo,243,CARBON,0.0
T_AutArCairo,244,CARBON,0.0
T_AutArCairo,245,CARBON,0.0
T_AutArCairo,246,CARBON,0.0
T_AutArCairo,247,CARBON,0.0
T_AutArCairo,248,CARBON,0.0
T_AutArCairo,249,CARBON,0.0
T_AutArCairo,250,CARBON,0.0
T_AutArCairo,251,CARBON,0.0
T_AutArCairo,252,CARBON,0.0
T_AutArCairo,253,CARBON,0.0
T_AutArCairo,254,CARBON,0.0
T_AutArCairo,255,CARBON,0.0
T_AutArCairo,256,CARBON,0.0
T_AutArCairo,257,CARBON,0.0
T_AutArCairo,258,CARBON,0.0
T_AutArCairo,259,CARBON,0.0
T_AutArCairo,260,CARBON,0.0
T_AutArCairo,261,CARBON,0.0
T_AutArCairo,262,CARBON,0.0
T_AutArCairo,263,CARBON,0.0
T_AutArCairo,264,CARBON,0.0
T_AutArCairo,265,CARBON,0.0
T_AutArCairo,266,CARBON,0.0
T_AutArCairo,267,CARBON,0.0
T_AutArCairo,268,CARBON,0.0
T_AutArCairo,269,CARBON,0.0
T_AutArCairo,270,CARBON,0.0
T_AutArCairo,271,CARBON,0.0
T_AutArCairo,272,CARBON,0.0
T_AutArCairo,273,CARBON,0.0
T_AutArCairo,274,CARBON,0.0
T_AutArCairo,275,CARBON,0.0
T_AutArCairo,276,CARBON,0.0
T_AutArCairo,277,CARBON,0.0
T_AutArCairo,278,CARBON,0.0
T_AutArCairo,279,CARBON,0.0
T_AutArCairo,280,CARBON,0.0
T_AutArCairo,281,CARBON,0.0
T_AutArCairo,282,CARBON,0.0
T_AutArCairo,283,CARBON,0.0
T_AutArCairo,284,CARBON,0.0
T_AutArCairo,285,CARBON,0.0
T_AutArCairo,286,CARBON,0.0
T_AutArCairo,287,CARBON,0.0
T_AutArCairo,288,CARBON,0.0
T_AutArCairo,289,CARBON,0.0
T_AutArCairo,290,CARBON,0.0
T_AutArCairo,291,CARBON,0.0
T_AutArCairo,292,CARBON,0.0
T_AutArCairo,293,CARBON,0.0
T_AutArCairo,294,CARBON,0.0
T_AutArCairo,295,CARBON,0.0
T_AutArCairo,296,CARBON,0.0
T_AutArCairo,297,CARBON,0.0
T_AutArCairo,298,CARBON,0.0
T_AutArCairo,299,CARBON,0.0
T_AutArCairo,300,CARBON,0.0
T_AutArCairo,301,CARBON,0.0
T_AutArCairo,302,CARBON,0.0
T_AutArCairo,303,CARBON,0.0
T_AutArCairo,304,CARBON,0.0
T_AutArCairo,305,CARBON,0.0
T_AutArCairo,306,CARBON,0.0
T_AutArCairo,307,CARBON,0.0
T_AutArCairo,308,CARBON,0.0
T_AutArCairo,309,CARBON,0.0
T_AutArCairo,310,CARBON,0.0
T_AutArCairo,311,CARBON,0.0
T_AutArCairo,312,CARBON,0.0
T_AutArCairo,313,CARBON,0.0
T_AutArCairo,314,CARBON,0.0
T_AutArCairo,315,CARBON,0.0
T_AutArCairo,316,CARBON,0.0
T_AutArCairo,317,CARBON,0.0
T_AutArCairo,318,CARBON,0.0
T_AutArCairo,319,CARBON,0.0
T_AutArCairo,320,CARBON,0.0
T_AutArCairo,321,CARBON,0.0
T_AutArCairo,322,CARBON,0.0
T_AutArCairo,323,CARBON,0.0
T_AutArCairo,324,CARBON,0.0
T_AutArCairo,325,CARBON,0.0
T_AutArCairo,326,CARBON,0.0
T_AutArCairo,327,CARBON,0.0
T_AutArCairo,328,CARBON,0.0
T_AutArCairo,329,CARBON,0.0
T_AutArCairo,330,CARBON,0.0
T_AutArCairo,331,CARBON,0.0
T_AutArCairo,332,CARBON,0.0
T_AutArCairo,333,CARBON,0.0
T_AutArCairo,334,CARBON,0.0
T_AutArCairo,335,CARBON,0.0
T_AutArCairo,336,CARBON,0.0
T_AutArCairo,337,CARBON,0.0
T_AutArCairo,338,CARBON,0.0
T_AutArCairo,339,CARBON,0.0
T_AutArCairo,340,CARBON,0.0
T_AutArCairo,341,CARBON,0.0
T_AutArCairo,342,CARBON,0.0
T_AutArCairo,343,CARBON,0.0
T_AutArCairo,344,CARBON,0.0
T_AutArCairo,345,CARBON,0.0
T_AutArCairo,346,CARBON,0.0
T_AutArCairo,347,CARBON,0.0
T_AutArCairo,348,CARBON,0.0
T_AutArCairo,349,CARBON,0.0
T_AutArCairo,350,CARBON,0.0
T_AutArCairo,351,CARBON,0.0
T_AutArCairo,352,CARBON,0.0
T_AutArCairo,353,CARBON,0.0
T_AutArCairo,354,CARBON,0.0
T_AutArCairo,355,CARBON,0.0
T_AutArCairo,356,CARBON,0.0
T_AutArCairo,357,CARBON,0.0
T_AutArCairo,358,CARBON,0.0
T_AutArCairo,359,CARBON,0.0
T_AutArCairo,360,CARBON,0.0
T_AutArCairo,361,CARBON,0.0
T_AutArCairo,362,CARBON,0.0
T_AutArCairo,363,CARBON,0.0
T_AutArCairo,364,CARBON,0.0
T_AutArCairo,365,CARBON,0.0
T_AutArCairo,366,CARBON,0.0
T_AutArCairo,367,CARBON,0.0
T_AutArCairo,368,CARBON,0.0
T_AutArCairo,369,CARBON,0.0
T_AutArCairo,370,CARBON,0.0
T_AutArCairo,371,CARBON,0.0
T_AutArCairo,372,CARBON,0.0
T_AutArCairo,373,CARBON,0.0
T_AutArCairo,374,CARBON,0.0
T_AutArCairo,375,CARBON,0.0
T_AutArCairo,376,CARBON,0.0
T_AutArCairo,377,CARBON,0.0
T_AutArCairo,378,CARBON,0.0
T_AutArCairo,379,CARBON,0.0
T_AutArCairo,380,CARBON,0.0
T_AutArCairo,381,CARBON,0.0
T_AutArCairo,382,CARBON,0.0
T_AutArCairo,383,CARBON,0.0
T_AutArCairo,384,CARBON,0.0
T_TermYopal1,1,CARBON,0.0
T_TermYopal1,2,CARBON,0.0
T_TermYopal1,3,CARBON,0.0
T_TermYopal1,4,CARBON,0.0
T_TermYopal1,5,CARBON,0.0
T_TermYopal1,6,CARBON,0.0
T_TermYopal1,7,CARBON,0.0
T_TermYopal1,8,CARBON,0.0
T_TermYopal1,9,CARBON,0.0
T_TermYopal1,10,CARBON,0.0
T_TermYopal1,11,CARBON,0.0
T_TermYopal1,12,CARBON,0.0
T_TermYopal1,13,CARBON,0.0
T_TermYopal1,14,CARBON,0.0
T_TermYopal1,15,CARBON,0.0
T_TermYopal1,16,CARBON,0.0
T_TermYopal1,17,CARBON,0.0
T_TermYopal1,18,CARBON,0.0
T_TermYopal1,19,CARBON,0.0
T_TermYopal1,20,CARBON,0.0
T_TermYopal1,21,CARBON,0.0
T_TermYopal1,22,CARBON,0.0
T_TermYopal1,23,CARBON,0.0
T_TermYopal1,24,CARBON,0.0
T_TermYopal1,25,CARBON,0.0
T_TermYopal1,26,CARBON,0.0
T_TermYopal1,27,CARBON,0.0
T_TermYopal1,28,CARBON,0.0
T_TermYopal1,29,CARBON,0.0
T_TermYopal1,30,CARBON,0.0
T_TermYopal1,31,CARBON,0.0
T_TermYopal1,32,CARBON,0.0
T_TermYopal1,33,CARBON,0.0
T_TermYopal1,34,CARBON,0.0
T_TermYopal1,35,CARBON,0.0
T_TermYopal1,36,CARBON,0.0
T_TermYopal1,37,CARBON,0.0
T_TermYopal1,38,CARBON,0.0
T_TermYopal1,39,CARBON,0.0
T_TermYopal1,40,CARBON,0.0
T_TermYopal1,41,CARBON,0.0
T_TermYopal1,42,CARBON,0.0
T_TermYopal1,43,CARBON,0.0
T_TermYopal1,44,CARBON,0.0
T_TermYopal1,45,CARBON,0.0
T_TermYopal1,46,CARBON,0.0
T_TermYopal1,47,CARBON,0.0
T_TermYopal1,48,CARBON,0.0
T_TermYopal1,49,CARBON,0.0
T_TermYopal1,50,CARBON,0.0
T_TermYopal1,51,CARBON,0.0
T_TermYopal1,52,CARBON,0.0
T_TermYopal1,53,CARBON,0.0
T_TermYopal1,54,CARBON,0.0
T_TermYopal1,55,CARBON,0.0
T_TermYopal1,56,CARBON,0.0
T_TermYopal1,57,CARBON,0.0
T_TermYopal1,58,CARBON,0.0
T_TermYopal1,59,CARBON,0.0
T_TermYopal1,60,CARBON,0.0
T_TermYopal1,61,CARBON,0.0
T_TermYopal1,62,CARBON,0.0
T_TermYopal1,63,CARBON,0.0
T_TermYopal1,64,CARBON,0.0
T_TermYopal1,65,CARBON,0.0
T_TermYopal1,66,CARBON,0.0
T_TermYopal1,67,CARBON,0.0
T_TermYopal1,68,CARBON,0.0
T_TermYopal1,69,CARBON,0.0
T_TermYopal1,70,CARBON,0.0
T_TermYopal1,71,CARBON,0.0
T_TermYopal1,72,CARBON,0.0
T_TermYopal1,73,CARBON,0.0
T_TermYopal1,74,CARBON,0.0
T_TermYopal1,75,CARBON,0.0
T_TermYopal1,76,CARBON,0.0
T_TermYopal1,77,CARBON,0.0
T_TermYopal1,78,CARBON,0.0
T_TermYopal1,79,CARBON,0.0
T_TermYopal1,80,CARBON,0.0
T_TermYopal1,81,CARBON,0.0
T_TermYopal1,82,CARBON,0.0
T_TermYopal1,83,CARBON,0.0
T_TermYopal1,84,CARBON,0.0
T_TermYopal1,85,CARBON,0.0
T_TermYopal1,86,CARBON,0.0
T_TermYopal1,87,CARBON,0.0
T_TermYopal1,88,CARBON,0.0
T_TermYopal1,89,CARBON,0.0
T_TermYopal1,90,CARBON,0.0
T_TermYopal1,91,CARBON,0.0
T_TermYopal1,92,CARBON,0.0
T_TermYopal1,93,CARBON,0.0
T_TermYopal1,94,CARBON,0.0
T_TermYopal1,95,CARBON,0.0
T_TermYopal1,96,CARBON,0.0
T_TermYopal1,97,CARBON,0.0
T_TermYopal1,98,CARBON,0.0
T_TermYopal1,99,CARBON,0.0
T_TermYopal1,100,CARBON,0.0
T_TermYopal1,101,CARBON,0.0
T_TermYopal1,102,CARBON,0.0
T_TermYopal1,103,CARBON,0.0
T_TermYopal1,104,CARBON,0.0
T_TermYopal1,105,CARBON,0.0
T_TermYopal1,106,CARBON,0.0
T_TermYopal1,107,CARBON,0.0
T_TermYopal1,108,CARBON,0.0
T_TermYopal1,109,CARBON,0.0
T_TermYopal1,110,CARBON,0.0
T_TermYopal1,111,CARBON,0.0
T_TermYopal1,112,CARBON,0.0
T_TermYopal1,113,CARBON,0.0
T_TermYopal1,114,CARBON,0.0
T_TermYopal1,115,CARBON,0.0
T_TermYopal1,116,CARBON,0.0
T_TermYopal1,117,CARBON,0.0
T_TermYopal1,118,CARBON,0.0
T_TermYopal1,119,CARBON,0.0
T_TermYopal1,120,CARBON,0.0
T_TermYopal1,121,CARBON,0.0
T_TermYopal1,122,CARBON,0.0
T_TermYopal1,123,CARBON,0.0
T_TermYopal1,124,CARBON,0.0
T_TermYopal1,125,CARBON,0.0
T_TermYopal1,126,CARBON,0.0
T_TermYopal1,127,CARBON,0.0
T_TermYopal1,128,CARBON,0.0
T_TermYopal1,129,CARBON,0.0
T_TermYopal1,130,CARBON,0.0
T_TermYopal1,131,CARBON,0.0
T_TermYopal1,132,CARBON,0.0
T_TermYopal1,133,CARBON,0.0
T_TermYopal1,134,CARBON,0.0
T_TermYopal1,135,CARBON,0.0
T_TermYopal1,136,CARBON,0.0
T_TermYopal1,137,CARBON,0.0
T_TermYopal1,138,CARBON,0.0
T_TermYopal1,139,CARBON,0.0
T_TermYopal1,140,CARBON,0.0
T_TermYopal1,141,CARBON,0.0
T_TermYopal1,142,CARBON,0.0
T_TermYopal1,143,CARBON,0.0
T_TermYopal1,144,CARBON,0.0
T_TermYopal1,145,CARBON,0.0
T_TermYopal1,146,CARBON,0.0
T_TermYopal1,147,CARBON,0.0
T_TermYopal1,148,CARBON,0.0
T_TermYopal1,149,CARBON,0.0
T_TermYopal1,150,CARBON,0.0
T_TermYopal1,151,CARBON,0.0
T_TermYopal1,152,CARBON,0.0
T_TermYopal1,153,CARBON,0.0
T_TermYopal1,154,CARBON,0.0
T_TermYopal1,155,CARBON,0.0
T_TermYopal1,156,CARBON,0.0
T_TermYopal1,157,CARBON,0.0
T_TermYopal1,158,CARBON,0.0
T_TermYopal1,159,CARBON,0.0
T_TermYopal1,160,CARBON,0.0
T_TermYopal1,161,CARBON,0.0
T_TermYopal1,162,CARBON,0.0
T_TermYopal1,163,CARBON,0.0
T_TermYopal1,164,CARBON,0.0
T_TermYopal1,165,CARBON,0.0
T_TermYopal1,166,CARBON,0.0
T_TermYopal1,167,CARBON,0.0
T_TermYopal1,168,CARBON,0.0
T_TermYopal1,169,CARBON,0.0
T_TermYopal1,170,CARBON,0.0
T_TermYopal1,171,CARBON,0.0
T_TermYopal1,172,CARBON,0.0
T_TermYopal1,173,CARBON,0.0
T_TermYopal1,174,CARBON,0.0
T_TermYopal1,175,CARBON,0.0
T_TermYopal1,176,CARBON,0.0
T_TermYopal1,177,CARBON,0.0
T_TermYopal1,178,CARBON,0.0
T_TermYopal1,179,CARBON,0.0
T_TermYopal1,180,CARBON,0.0
T_TermYopal1,181,CARBON,0.0
T_TermYopal1,182,CARBON,0.0
T_TermYopal1,183,CARBON,0.0
T_TermYopal1,184,CARBON,0.0
T_TermYopal1,185,CARBON,0.0
T_TermYopal1,186,CARBON,0.0
T_TermYopal1,187,CARBON,0.0
T_TermYopal1,188,CARBON,0.0
T_TermYopal1,189,CARBON,0.0
T_TermYopal1,190,CARBON,0.0
T_TermYopal1,191,CARBON,0.0
T_TermYopal1,192,CARBON,0.0
T_TermYopal1,193,CARBON,108.412
T_TermYopal1,194,CARBON,108.412
T_TermYopal1,195,CARBON,108.412
T_TermYopal1,196,CARBON,108.412
T_TermYopal1,197,CARBON,108.412
T_TermYopal1,198,CARBON,108.412
T_TermYopal1,199,CARBON,108.412
T_TermYopal1,200,CARBON,108.412
T_TermYopal1,201,CARBON,108.412
T_TermYopal1,202,CARBON,108.412
T_TermYopal1,203,CARBON,108.412
T_TermYopal1,204,CARBON,108.412
T_TermYopal1,205,CARBON,108.412
T_TermYopal1,206,CARBON,108.412
T_TermYopal1,207,CARBON,108.412
T_TermYopal1,208,CARBON,108.412
T_TermYopal1,209,CARBON,108.412
T_TermYopal1,210,CARBON,108.412
T_TermYopal1,211,CARBON,108.412
T_TermYopal1,212,CARBON,108.412
T_TermYopal1,213,CARBON,108.412
T_TermYopal1,214,CARBON,108.412
T_TermYopal1,215,CARBON,108.412
T_TermYopal1,216,CARBON,108.412
T_TermYopal1,217,CARBON,108.412
T_TermYopal1,218,CARBON,108.412
T_TermYopal1,219,CARBON,108.412
T_TermYopal1,220,CARBON,108.412
T_TermYopal1,221,CARBON,108.412
T_TermYopal1,222,CARBON,108.412
T_TermYopal1,223,CARBON,108.412
T_TermYopal1,224,CARBON,108.412
T_TermYopal1,225,CARBON,108.412
T_TermYopal1,226,CARBON,108.412
T_TermYopal1,227,CARBON,108.412
T_TermYopal1,228,CARBON,108.412
T_TermYopal1,229,CARBON,108.412
T_TermYopal1,230,CARBON,108.412
T_TermYopal1,231,CARBON,108.412
T_TermYopal1,232,CARBON,108.412
T_TermYopal1,233,CARBON,108.412
T_TermYopal1,234,CARBON,108.412
T_TermYopal1,235,CARBON,108.412
T_TermYopal1,236,CARBON,108.412
T_TermYopal1,237,CARBON,108.412
T_TermYopal1,238,CARBON,108.412
T_TermYopal1,239,CARBON,108.412
T_TermYopal1,240,CARBON,108.412
T_TermYopal1,241,CARBON,108.412
T_TermYopal1,242,CARBON,108.412
T_TermYopal1,243,CARBON,108.412
T_TermYopal1,244,CARBON,108.412
T_TermYopal1,245,CARBON,108.412
T_TermYopal1,246,CARBON,108.412
T_TermYopal1,247,CARBON,108.412
T_TermYopal1,248,CARBON,108.412
T_TermYopal1,249,CARBON,108.412
T_TermYopal1,250,CARBON,108.412
T_TermYopal1,251,CARBON,108.412
T_TermYopal1,252,CARBON,108.412
T_TermYopal1,253,CARBON,108.412
T_TermYopal1,254,CARBON,108.412
T_TermYopal1,255,CARBON,108.412
T_TermYopal1,256,CARBON,108.412
T_TermYopal1,257,CARBON,108.412
T_TermYopal1,258,CARBON,108.412
T_TermYopal1,259,CARBON,108.412
T_TermYopal1,260,CARBON,108.412
T_TermYopal1,261,CARBON,108.412
T_TermYopal1,262,CARBON,108.412
T_TermYopal1,263,CARBON,108.412
T_TermYopal1,264,CARBON,108.412
T_TermYopal1,265,CARBON,108.412
T_TermYopal1,266,CARBON,108.412
T_TermYopal1,267,CARBON,108.412
T_TermYopal1,268,CARBON,108.412
T_TermYopal1,269,CARBON,108.412
T_TermYopal1,270,CARBON,108.412
T_TermYopal1,271,CARBON,108.412
T_TermYopal1,272,CARBON,108.412
T_TermYopal1,273,CARBON,108.412
T_TermYopal1,274,CARBON,108.412
T_TermYopal1,275,CARBON,108.412
T_TermYopal1,276,CARBON,108.412
T_TermYopal1,277,CARBON,108.412
T_TermYopal1,278,CARBON,108.412
T_TermYopal1,279,CARBON,108.412
T_TermYopal1,280,CARBON,108.412
T_TermYopal1,281,CARBON,108.412
T_TermYopal1,282,CARBON,108.412
T_TermYopal1,283,CARBON,108.412
T_TermYopal1,284,CARBON,108.412
T_TermYopal1,285,CARBON,108.412
T_TermYopal1,286,CARBON,108.412
T_TermYopal1,287,CARBON,108.412
T_TermYopal1,288,CARBON,108.412
T_TermYopal1,289,CARBON,108.412
T_TermYopal1,290,CARBON,108.412
T_TermYopal1,291,CARBON,108.412
T_TermYopal1,292,CARBON,108.412
T_TermYopal1,293,CARBON,108.412
T_TermYopal1,294,CARBON,108.412
T_TermYopal1,295,CARBON,108.412
T_TermYopal1,296,CARBON,108.412
T_TermYopal1,297,CARBON,108.412
T_TermYopal1,298,CARBON,108.412
T_TermYopal1,299,CARBON,108.412
T_TermYopal1,300,CARBON,108.412
T_TermYopal1,301,CARBON,108.412
T_TermYopal1,302,CARBON,108.412
T_TermYopal1,303,CARBON,108.412
T_TermYopal1,304,CARBON,108.412
T_TermYopal1,305,CARBON,108.412
T_TermYopal1,306,CARBON,108.412
T_TermYopal1,307,CARBON,108.412
T_TermYopal1,308,CARBON,108.412
T_TermYopal1,309,CARBON,108.412
T_TermYopal1,310,CARBON,108.412
T_TermYopal1,311,CARBON,108.412
T_TermYopal1,312,CARBON,108.412
T_TermYopal1,313,CARBON,108.412
T_TermYopal1,314,CARBON,108.412
T_TermYopal1,315,CARBON,108.412
T_TermYopal1,316,CARBON,108.412
T_TermYopal1,317,CARBON,108.412
T_TermYopal1,318,CARBON,108.412
T_TermYopal1,319,CARBON,108.412
T_TermYopal1,320,CARBON,108.412
T_TermYopal1,321,CARBON,108.412
T_TermYopal1,322,CARBON,108.412
T_TermYopal1,323,CARBON,108.412
T_TermYopal1,324,CARBON,108.412
T_TermYopal1,325,CARBON,108.412
T_TermYopal1,326,CARBON,108.412
T_TermYopal1,327,CARBON,108.412
T_TermYopal1,328,CARBON,108.412
T_TermYopal1,329,CARBON,108.412
T_TermYopal1,330,CARBON,108.412
T_TermYopal1,331,CARBON,108.412
T_TermYopal1,332,CARBON,108.412
T_TermYopal1,333,CARBON,108.412
T_TermYopal1,334,CARBON,108.412
T_TermYopal1,335,CARBON,108.412
T_TermYopal1,336,CARBON,108.412
T_TermYopal1,337,CARBON,108.412
T_TermYopal1,338,CARBON,108.412
T_TermYopal1,339,CARBON,108.412
T_TermYopal1,340,CARBON,108.412
T_TermYopal1,341,CARBON,108.412
T_TermYopal1,342,CARBON,108.412
T_TermYopal1,343,CARBON,108.412
T_TermYopal1,344,CARBON,108.412
T_TermYopal1,345,CARBON,108.412
T_TermYopal1,346,CARBON,108.412
T_TermYopal1,347,CARBON,108.412
T_TermYopal1,348,CARBON,108.412
T_TermYopal1,349,CARBON,108.412
T_TermYopal1,350,CARBON,108.412
T_TermYopal1,351,CARBON,108.412
T_TermYopal1,352,CARBON,108.412
T_TermYopal1,353,CARBON,108.412
T_TermYopal1,354,CARBON,108.412
T_TermYopal1,355,CARBON,108.412
T_TermYopal1,356,CARBON,108.412
T_TermYopal1,357,CARBON,108.412
T_TermYopal1,358,CARBON,108.412
T_TermYopal1,359,CARBON,108.412
T_TermYopal1,360,CARBON,108.412
T_TermYopal1,361,CARBON,108.412
T_TermYopal1,362,CARBON,108.412
T_TermYopal1,363,CARBON,108.412
T_TermYopal1,364,CARBON,108.412
T_TermYopal1,365,CARBON,108.412
T_TermYopal1,366,CARBON,108.412
T_TermYopal1,367,CARBON,108.412
T_TermYopal1,368,CARBON,108.412
T_TermYopal1,369,CARBON,108.412
T_TermYopal1,370,CARBON,108.412
T_TermYopal1,371,CARBON,108.412
T_TermYopal1,372,CARBON,108.412
T_TermYopal1,373,CARBON,108.412
T_TermYopal1,374,CARBON,108.412
T_TermYopal1,375,CARBON,108.412
T_TermYopal1,376,CARBON,108.412
T_TermYopal1,377,CARBON,108.412
T_TermYopal1,378,CARBON,108.412
T_TermYopal1,379,CARBON,108.412
T_TermYopal1,380,CARBON,108.412
T_TermYopal1,381,CARBON,108.412
T_TermYopal1,382,CARBON,108.412
T_TermYopal1,383,CARBON,108.412
T_TermYopal1,384,CARBON,108.412
TASAJERO 1,1,CARBON,1524.171
TASAJERO 1,2,CARBON,1524.171
TASAJERO 1,3,CARBON,1524.171
TASAJERO 1,4,CARBON,1524.171
TASAJERO 1,5,CARBON,1524.171
TASAJERO 1,6,CARBON,1524.171
TASAJERO 1,7,CARBON,1524.171
TASAJERO 1,8,CARBON,1524.171
TASAJERO 1,9,CARBON,1524.171
TASAJERO 1,10,CARBON,1524.171
TASAJERO 1,11,CARBON,1524.171
TASAJERO 1,12,CARBON,1524.171
TASAJERO 1,13,CARBON,1524.171
TASAJERO 1,14,CARBON,1524.171
TASAJERO 1,15,CARBON,1524.171
TASAJERO 1,16,CARBON,1524.171
TASAJERO 1,17,CARBON,1524.171
TASAJERO 1,18,CARBON,1524.171
TASAJERO 1,19,CARBON,1524.171
TASAJERO 1,20,CARBON,1524.171
TASAJERO 1,21,CARBON,1524.171
TASAJERO 1,22,CARBON,1524.171
TASAJERO 1,23,CARBON,1524.171
TASAJERO 1,24,CARBON,1524.171
TASAJERO 1,25,CARBON,1524.171
TASAJERO 1,26,CARBON,1524.171
TASAJERO 1,27,CARBON,1524.171
TASAJERO 1,28,CARBON,1524.171
TASAJERO 1,29,CARBON,1524.171
TASAJERO 1,30,CARBON,1524.171
TASAJERO 1,31,CARBON,1524.171
TASAJERO 1,32,CARBON,1524.171
TASAJERO 1,33,CARBON,1524.171
TASAJERO 1,34,CARBON,1524.171
TASAJERO 1,35,CARBON,1524.171
TASAJERO 1,36,CARBON,1524.171
TASAJERO 1,37,CARBON,1524.171
TASAJERO 1,38,CARBON,1524.171
TASAJERO 1,39,CARBON,1524.171
TASAJERO 1,40,CARBON,1524.171
TASAJERO 1,41,CARBON,1524.171
TASAJERO 1,42,CARBON,1524.171
TASAJERO 1,43,CARBON,1524.171
TASAJERO 1,44,CARBON,1524.171
TASAJERO 1,45,CARBON,1524.171
TASAJERO 1,46,CARBON,1524.171
TASAJERO 1,47,CARBON,1524.171
TASAJERO 1,48,CARBON,1524.171
TASAJERO 1,49,CARBON,1524.171
TASAJERO 1,50,CARBON,1524.171
TASAJERO 1,51,CARBON,1524.171
TASAJERO 1,52,CARBON,1524.171
TASAJERO 1,53,CARBON,1524.171
TASAJERO 1,54,CARBON,1524.171
TASAJERO 1,55,CARBON,1524.171
TASAJERO 1,56,CARBON,1524.171
TASAJERO 1,57,CARBON,1524.171
TASAJERO 1,58,CARBON,1524.171
TASAJERO 1,59,CARBON,1524.171
TASAJERO 1,60,CARBON,1524.171
TASAJERO 1,61,CARBON,1524.171
TASAJERO 1,62,CARBON,1524.171
TASAJERO 1,63,CARBON,1524.171
TASAJERO 1,64,CARBON,1524.171
TASAJERO 1,65,CARBON,1524.171
TASAJERO 1,66,CARBON,1524.171
TASAJERO 1,67,CARBON,1524.171
TASAJERO 1,68,CARBON,1524.171
TASAJERO 1,69,CARBON,1524.171
TASAJERO 1,70,CARBON,1524.171
TASAJERO 1,71,CARBON,1524.171
TASAJERO 1,72,CARBON,1524.171
TASAJERO 1,73,CARBON,1524.171
TASAJERO 1,74,CARBON,1524.171
TASAJERO 1,75,CARBON,1524.171
TASAJERO 1,76,CARBON,1524.171
TASAJERO 1,77,CARBON,1524.171
TASAJERO 1,78,CARBON,1524.171
TASAJERO 1,79,CARBON,1524.171
TASAJERO 1,80,CARBON,1524.171
TASAJERO 1,81,CARBON,1524.171
TASAJERO 1,82,CARBON,1524.171
TASAJERO 1,83,CARBON,1524.171
TASAJERO 1,84,CARBON,1524.171
TASAJERO 1,85,CARBON,1524.171
TASAJERO 1,86,CARBON,1524.171
TASAJERO 1,87,CARBON,1524.171
TASAJERO 1,88,CARBON,1524.171
TASAJERO 1,89,CARBON,1524.171
TASAJERO 1,90,CARBON,1524.171
TASAJERO 1,91,CARBON,1524.171
TASAJERO 1,92,CARBON,1524.171
TASAJERO 1,93,CARBON,1524.171
TASAJERO 1,94,CARBON,1524.171
TASAJERO 1,95,CARBON,1524.171
TASAJERO 1,96,CARBON,1524.171
TASAJERO 1,97,CARBON,1524.171
TASAJERO 1,98,CARBON,1524.171
TASAJERO 1,99,CARBON,1524.171
TASAJERO 1,100,CARBON,1524.171
TASAJERO 1,101,CARBON,1524.171
TASAJERO 1,102,CARBON,1524.171
TASAJERO 1,103,CARBON,1524.171
TASAJERO 1,104,CARBON,1524.171
TASAJERO 1,105,CARBON,1524.171
TASAJERO 1,106,CARBON,1524.171
TASAJERO 1,107,CARBON,1524.171
TASAJERO 1,108,CARBON,1524.171
TASAJERO 1,109,CARBON,1524.171
TASAJERO 1,110,CARBON,1524.171
TASAJERO 1,111,CARBON,1524.171
TASAJERO 1,112,CARBON,1524.171
TASAJERO 1,113,CARBON,1524.171
TASAJERO 1,114,CARBON,1524.171
TASAJERO 1,115,CARBON,1524.171
TASAJERO 1,116,CARBON,1524.171
TASAJERO 1,117,CARBON,1524.171
TASAJERO 1,118,CARBON,1524.171
TASAJERO 1,119,CARBON,1524.171
TASAJERO 1,120,CARBON,1524.171
TASAJERO 1,121,CARBON,1524.171
TASAJERO 1,122,CARBON,1524.171
TASAJERO 1,123,CARBON,1524.171
TASAJERO 1,124,CARBON,1524.171
TASAJERO 1,125,CARBON,1524.171
TASAJERO 1,126,CARBON,1524.171
TASAJERO 1,127,CARBON,1524.171
TASAJERO 1,128,CARBON,1524.171
TASAJERO 1,129,CARBON,1524.171
TASAJERO 1,130,CARBON,1524.171
TASAJERO 1,131,CARBON,1524.171
TASAJERO 1,132,CARBON,1524.171
TASAJERO 1,133,CARBON,1524.171
TASAJERO 1,134,CARBON,1524.171
TASAJERO 1,135,CARBON,1524.171
TASAJERO 1,136,CARBON,1524.171
TASAJERO 1,137,CARBON,1524.171
TASAJERO 1,138,CARBON,1524.171
TASAJERO 1,139,CARBON,1524.171
TASAJERO 1,140,CARBON,1524.171
TASAJERO 1,141,CARBON,1524.171
TASAJERO 1,142,CARBON,1524.171
TASAJERO 1,143,CARBON,1524.171
TASAJERO 1,144,CARBON,1524.171
TASAJERO 1,145,CARBON,1524.171
TASAJERO 1,146,CARBON,1524.171
TASAJERO 1,147,CARBON,1524.171
TASAJERO 1,148,CARBON,1524.171
TASAJERO 1,149,CARBON,1524.171
TASAJERO 1,150,CARBON,1524.171
TASAJERO 1,151,CARBON,1524.171
TASAJERO 1,152,CARBON,1524.171
TASAJERO 1,153,CARBON,1524.171
TASAJERO 1,154,CARBON,1524.171
TASAJERO 1,155,CARBON,1524.171
TASAJERO 1,156,CARBON,1524.171
TASAJERO 1,157,CARBON,1524.171
TASAJERO 1,158,CARBON,1524.171
TASAJERO 1,159,CARBON,1524.171
TASAJERO 1,160,CARBON,1524.171
TASAJERO 1,161,CARBON,1524.171
TASAJERO 1,162,CARBON,1524.171
TASAJERO 1,163,CARBON,1524.171
TASAJERO 1,164,CARBON,1524.171
TASAJERO 1,165,CARBON,1524.171
TASAJERO 1,166,CARBON,1524.171
TASAJERO 1,167,CARBON,1524.171
TASAJERO 1,168,CARBON,1524.171
TASAJERO 1,169,CARBON,1524.171
TASAJERO 1,170,CARBON,1524.171
TASAJERO 1,171,CARBON,1524.171
TASAJERO 1,172,CARBON,1524.171
TASAJERO 1,173,CARBON,1524.171
TASAJERO 1,174,CARBON,1524.171
TASAJERO 1,175,CARBON,1524.171
TASAJERO 1,176,CARBON,1524.171
TASAJERO 1,177,CARBON,1524.171
TASAJERO 1,178,CARBON,1524.171
TASAJERO 1,179,CARBON,1524.171
TASAJERO 1,180,CARBON,1524.171
TASAJERO 1,181,CARBON,1524.171
TASAJERO 1,182,CARBON,1524.171
TASAJERO 1,183,CARBON,1524.171
TASAJERO 1,184,CARBON,1524.171
TASAJERO 1,185,CARBON,1524.171
TASAJERO 1,186,CARBON,1524.171
TASAJERO 1,187,CARBON,1524.171
TASAJERO 1,188,CARBON,1524.171
TASAJERO 1,189,CARBON,1524.171
TASAJERO 1,190,CARBON,1524.171
TASAJERO 1,191,CARBON,1524.171
TASAJERO 1,192,CARBON,1524.171
TASAJERO 1,193,CARBON,1524.171
TASAJERO 1,194,CARBON,1524.171
TASAJERO 1,195,CARBON,1524.171
TASAJERO 1,196,CARBON,1524.171
TASAJERO 1,197,CARBON,1524.171
TASAJERO 1,198,CARBON,1524.171
TASAJERO 1,199,CARBON,1524.171
TASAJERO 1,200,CARBON,1524.171
TASAJERO 1,201,CARBON,1524.171
TASAJERO 1,202,CARBON,1524.171
TASAJERO 1,203,CARBON,1524.171
TASAJERO 1,204,CARBON,1524.171
TASAJERO 1,205,CARBON,1524.171
TASAJERO 1,206,CARBON,1524.171
TASAJERO 1,207,CARBON,1524.171
TASAJERO 1,208,CARBON,1524.171
TASAJERO 1,209,CARBON,1524.171
TASAJERO 1,210,CARBON,1524.171
TASAJERO 1,211,CARBON,1524.171
TASAJERO 1,212,CARBON,1524.171
TASAJERO 1,213,CARBON,1524.171
TASAJERO 1,214,CARBON,1524.171
TASAJERO 1,215,CARBON,1524.171
TASAJERO 1,216,CARBON,1524.171
TASAJERO 1,217,CARBON,1524.171
TASAJERO 1,218,CARBON,1524.171
TASAJERO 1,219,CARBON,1524.171
TASAJERO 1,220,CARBON,1524.171
TASAJERO 1,221,CARBON,1524.171
TASAJERO 1,222,CARBON,1524.171
TASAJERO 1,223,CARBON,1524.171
TASAJERO 1,224,CARBON,1524.171
TASAJERO 1,225,CARBON,1524.171
TASAJERO 1,226,CARBON,1524.171
TASAJERO 1,227,CARBON,1524.171
TASAJERO 1,228,CARBON,1524.171
TASAJERO 1,229,CARBON,1524.171
TASAJERO 1,230,CARBON,1524.171
TASAJERO 1,231,CARBON,1524.171
TASAJERO 1,232,CARBON,1524.171
TASAJERO 1,233,CARBON,1524.171
TASAJERO 1,234,CARBON,1524.171
TASAJERO 1,235,CARBON,1524.171
TASAJERO 1,236,CARBON,1524.171
TASAJERO 1,237,CARBON,1524.171
TASAJERO 1,238,CARBON,1524.171
TASAJERO 1,239,CARBON,1524.171
TASAJERO 1,240,CARBON,1524.171
TASAJERO 1,241,CARBON,1524.171
TASAJERO 1,242,CARBON,1524.171
TASAJERO 1,243,CARBON,1524.171
TASAJERO 1,244,CARBON,1524.171
TASAJERO 1,245,CARBON,1524.171
TASAJERO 1,246,CARBON,1524.171
TASAJERO 1,247,CARBON,1524.171
TASAJERO 1,248,CARBON,1524.171
TASAJERO 1,249,CARBON,1524.171
TASAJERO 1,250,CARBON,1524.171
TASAJERO 1,251,CARBON,1524.171
TASAJERO 1,252,CARBON,1524.171
TASAJERO 1,253,CARBON,1524.171
TASAJERO 1,254,CARBON,1524.171
TASAJERO 1,255,CARBON,1524.171
TASAJERO 1,256,CARBON,1524.171
TASAJERO 1,257,CARBON,1524.171
TASAJERO 1,258,CARBON,1524.171
TASAJERO 1,259,CARBON,1524.171
TASAJERO 1,260,CARBON,1524.171
TASAJERO 1,261,CARBON,1524.171
TASAJERO 1,262,CARBON,1524.171
TASAJERO 1,263,CARBON,1524.171
TASAJERO 1,264,CARBON,1524.171
TASAJERO 1,265,CARBON,1524.171
TASAJERO 1,266,CARBON,1524.171
TASAJERO 1,267,CARBON,1524.171
TASAJERO 1,268,CARBON,1524.171
TASAJERO 1,269,CARBON,1524.171
TASAJERO 1,270,CARBON,1524.171
TASAJERO 1,271,CARBON,1524.171
TASAJERO 1,272,CARBON,1524.171
TASAJERO 1,273,CARBON,1524.171
TASAJERO 1,274,CARBON,1524.171
TASAJERO 1,275,CARBON,1524.171
TASAJERO 1,276,CARBON,1524.171
TASAJERO 1,277,CARBON,1524.171
TASAJERO 1,278,CARBON,1524.171
TASAJERO 1,279,CARBON,1524.171
TASAJERO 1,280,CARBON,1524.171
TASAJERO 1,281,CARBON,1524.171
TASAJERO 1,282,CARBON,1524.171
TASAJERO 1,283,CARBON,1524.171
TASAJERO 1,284,CARBON,1524.171
TASAJERO 1,285,CARBON,1524.171
TASAJERO 1,286,CARBON,1524.171
TASAJERO 1,287,CARBON,1524.171
TASAJERO 1,288,CARBON,1524.171
TASAJERO 1,289,CARBON,1524.171
TASAJERO 1,290,CARBON,1524.171
TASAJERO 1,291,CARBON,1524.171
TASAJERO 1,292,CARBON,1524.171
TASAJERO 1,293,CARBON,1524.171
TASAJERO 1,294,CARBON,1524.171
TASAJERO 1,295,CARBON,1524.171
TASAJERO 1,296,CARBON,1524.171
TASAJERO 1,297,CARBON,1524.171
TASAJERO 1,298,CARBON,1524.171
TASAJERO 1,299,CARBON,1524.171
TASAJERO 1,300,CARBON,1524.171
TASAJERO 1,301,CARBON,1524.171
TASAJERO 1,302,CARBON,1524.171
TASAJERO 1,303,CARBON,1524.171
TASAJERO 1,304,CARBON,1524.171
TASAJERO 1,305,CARBON,1524.171
TASAJERO 1,306,CARBON,1524.171
TASAJERO 1,307,CARBON,1524.171
TASAJERO 1,308,CARBON,1524.171
TASAJERO 1,309,CARBON,1524.171
TASAJERO 1,310,CARBON,1524.171
TASAJERO 1,311,CARBON,1524.171
TASAJERO 1,312,CARBON,1524.171
TASAJERO 1,313,CARBON,1524.171
TASAJERO 1,314,CARBON,1524.171
TASAJERO 1,315,CARBON,1524.171
TASAJERO 1,316,CARBON,1524.171
TASAJERO 1,317,CARBON,1524.171
TASAJERO 1,318,CARBON,1524.171
TASAJERO 1,319,CARBON,1524.171
TASAJERO 1,320,CARBON,1524.171
TASAJERO 1,321,CARBON,1524.171
TASAJERO 1,322,CARBON,1524.171
TASAJERO 1,323,CARBON,1524.171
TASAJERO 1,324,CARBON,1524.171
TASAJERO 1,325,CARBON,1524.171
TASAJERO 1,326,CARBON,1524.171
TASAJERO 1,327,CARBON,1524.171
TASAJERO 1,328,CARBON,1524.171
TASAJERO 1,329,CARBON,1524.171
TASAJERO 1,330,CARBON,1524.171
TASAJERO 1,331,CARBON,1524.171
TASAJERO 1,332,CARBON,1524.171
TASAJERO 1,333,CARBON,1524.171
TASAJERO 1,334,CARBON,1524.171
TASAJERO 1,335,CARBON,1524.171
TASAJERO 1,336,CARBON,1524.171
TASAJERO 1,337,CARBON,1524.171
TASAJERO 1,338,CARBON,1524.171
TASAJERO 1,339,CARBON,1524.171
TASAJERO 1,340,CARBON,1524.171
TASAJERO 1,341,CARBON,1524.171
TASAJERO 1,342,CARBON,1524.171
TASAJERO 1,343,CARBON,1524.171
TASAJERO 1,344,CARBON,1524.171
TASAJERO 1,345,CARBON,1524.171
TASAJERO 1,346,CARBON,1524.171
TASAJERO 1,347,CARBON,1524.171
TASAJERO 1,348,CARBON,1524.171
TASAJERO 1,349,CARBON,1524.171
TASAJERO 1,350,CARBON,1524.171
TASAJERO 1,351,CARBON,1524.171
TASAJERO 1,352,CARBON,1524.171
TASAJERO 1,353,CARBON,1524.171
TASAJERO 1,354,CARBON,1524.171
TASAJERO 1,355,CARBON,1524.171
TASAJERO 1,356,CARBON,1524.171
TASAJERO 1,357,CARBON,1524.171
TASAJERO 1,358,CARBON,1524.171
TASAJERO 1,359,CARBON,1524.171
TASAJERO 1,360,CARBON,1524.171
TASAJERO 1,361,CARBON,1524.171
TASAJERO 1,362,CARBON,1524.171
TASAJERO 1,363,CARBON,1524.171
TASAJERO 1,364,CARBON,1524.171
TASAJERO 1,365,CARBON,1524.171
TASAJERO 1,366,CARBON,1524.171
TASAJERO 1,367,CARBON,1524.171
TASAJERO 1,368,CARBON,1524.171
TASAJERO 1,369,CARBON,1524.171
TASAJERO 1,370,CARBON,1524.171
TASAJERO 1,371,CARBON,1524.171
TASAJERO 1,372,CARBON,1524.171
TASAJERO 1,373,CARBON,1524.171
TASAJERO 1,374,CARBON,1524.171
TASAJERO 1,375,CARBON,1524.171
TASAJERO 1,376,CARBON,1524.171
TASAJERO 1,377,CARBON,1524.171
TASAJERO 1,378,CARBON,1524.171
TASAJERO 1,379,CARBON,1524.171
TASAJERO 1,380,CARBON,1524.171
TASAJERO 1,381,CARBON,1524.171
TASAJERO 1,382,CARBON,1524.171
TASAJERO 1,383,CARBON,1524.171
TASAJERO 1,384,CARBON,1524.171
TASAJERO 2,1,CARBON,1725.534
TASAJERO 2,2,CARBON,1725.534
TASAJERO 2,3,CARBON,1725.534
TASAJERO 2,4,CARBON,1725.534
TASAJERO 2,5,CARBON,1725.534
TASAJERO 2,6,CARBON,1725.534
TASAJERO 2,7,CARBON,1725.534
TASAJERO 2,8,CARBON,1725.534
TASAJERO 2,9,CARBON,1725.534
TASAJERO 2,10,CARBON,1725.534
TASAJERO 2,11,CARBON,1725.534
TASAJERO 2,12,CARBON,1725.534
TASAJERO 2,13,CARBON,1725.534
TASAJERO 2,14,CARBON,1725.534
TASAJERO 2,15,CARBON,1725.534
TASAJERO 2,16,CARBON,1725.534
TASAJERO 2,17,CARBON,1725.534
TASAJERO 2,18,CARBON,1725.534
TASAJERO 2,19,CARBON,1725.534
TASAJERO 2,20,CARBON,1725.534
TASAJERO 2,21,CARBON,1725.534
TASAJERO 2,22,CARBON,1725.534
TASAJERO 2,23,CARBON,1725.534
TASAJERO 2,24,CARBON,1725.534
TASAJERO 2,25,CARBON,1725.534
TASAJERO 2,26,CARBON,1725.534
TASAJERO 2,27,CARBON,1725.534
TASAJERO 2,28,CARBON,1725.534
TASAJERO 2,29,CARBON,1725.534
TASAJERO 2,30,CARBON,1725.534
TASAJERO 2,31,CARBON,1725.534
TASAJERO 2,32,CARBON,1725.534
TASAJERO 2,33,CARBON,1725.534
TASAJERO 2,34,CARBON,1725.534
TASAJERO 2,35,CARBON,1725.534
TASAJERO 2,36,CARBON,1725.534
TASAJERO 2,37,CARBON,1725.534
TASAJERO 2,38,CARBON,1725.534
TASAJERO 2,39,CARBON,1725.534
TASAJERO 2,40,CARBON,1725.534
TASAJERO 2,41,CARBON,1725.534
TASAJERO 2,42,CARBON,1725.534
TASAJERO 2,43,CARBON,1725.534
TASAJERO 2,44,CARBON,1725.534
TASAJERO 2,45,CARBON,1725.534
TASAJERO 2,46,CARBON,1725.534
TASAJERO 2,47,CARBON,1725.534
TASAJERO 2,48,CARBON,1725.534
TASAJERO 2,49,CARBON,1725.534
TASAJERO 2,50,CARBON,1725.534
TASAJERO 2,51,CARBON,1725.534
TASAJERO 2,52,CARBON,1725.534
TASAJERO 2,53,CARBON,1725.534
TASAJERO 2,54,CARBON,1725.534
TASAJERO 2,55,CARBON,1725.534
TASAJERO 2,56,CARBON,1725.534
TASAJERO 2,57,CARBON,1725.534
TASAJERO 2,58,CARBON,1725.534
TASAJERO 2,59,CARBON,1725.534
TASAJERO 2,60,CARBON,1725.534
TASAJERO 2,61,CARBON,1725.534
TASAJERO 2,62,CARBON,1725.534
TASAJERO 2,63,CARBON,1725.534
TASAJERO 2,64,CARBON,1725.534
TASAJERO 2,65,CARBON,1725.534
TASAJERO 2,66,CARBON,1725.534
TASAJERO 2,67,CARBON,1725.534
TASAJERO 2,68,CARBON,1725.534
TASAJERO 2,69,CARBON,1725.534
TASAJERO 2,70,CARBON,1725.534
TASAJERO 2,71,CARBON,1725.534
TASAJERO 2,72,CARBON,1725.534
TASAJERO 2,73,CARBON,1725.534
TASAJERO 2,74,CARBON,588.735224444099
TASAJERO 2,75,CARBON,1725.534
TASAJERO 2,76,CARBON,0.0
TASAJERO 2,77,CARBON,1426.47382071221
TASAJERO 2,78,CARBON,0.0
TASAJERO 2,79,CARBON,1725.534
TASAJERO 2,80,CARBON,1725.534
TASAJERO 2,81,CARBON,1725.534
TASAJERO 2,82,CARBON,0.0
TASAJERO 2,83,CARBON,1622.2636504512
TASAJERO 2,84,CARBON,1725.534
TASAJERO 2,85,CARBON,1725.534
TASAJERO 2,86,CARBON,0.0
TASAJERO 2,87,CARBON,0.0
TASAJERO 2,88,CARBON,0.0
TASAJERO 2,89,CARBON,1725.534
TASAJERO 2,90,CARBON,0.0
TASAJERO 2,91,CARBON,1725.534
TASAJERO 2,92,CARBON,1725.534
TASAJERO 2,93,CARBON,1725.534
TASAJERO 2,94,CARBON,0.0
TASAJERO 2,95,CARBON,1725.534
TASAJERO 2,96,CARBON,1725.534
TASAJERO 2,97,CARBON,1725.534
TASAJERO 2,98,CARBON,1725.534
TASAJERO 2,99,CARBON,1725.534
TASAJERO 2,100,CARBON,1725.534
TASAJERO 2,101,CARBON,1725.534
TASAJERO 2,102,CARBON,1725.534
TASAJERO 2,103,CARBON,1725.534
TASAJERO 2,104,CARBON,1725.534
TASAJERO 2,105,CARBON,1725.534
TASAJERO 2,106,CARBON,1725.534
TASAJERO 2,107,CARBON,1725.534
TASAJERO 2,108,CARBON,1725.534
TASAJERO 2,109,CARBON,1725.534
TASAJERO 2,110,CARBON,1725.534
TASAJERO 2,111,CARBON,1725.534
TASAJERO 2,112,CARBON,1725.534
TASAJERO 2,113,CARBON,1725.534
TASAJERO 2,114,CARBON,1725.534
TASAJERO 2,115,CARBON,1725.534
TASAJERO 2,116,CARBON,1725.534
TASAJERO 2,117,CARBON,1725.534
TASAJERO 2,118,CARBON,1725.534
TASAJERO 2,119,CARBON,1725.534
TASAJERO 2,120,CARBON,1725.534
TASAJERO 2,121,CARBON,1725.534
TASAJERO 2,122,CARBON,1725.534
TASAJERO 2,123,CARBON,1725.534
TASAJERO 2,124,CARBON,1725.534
TASAJERO 2,125,CARBON,1725.534
TASAJERO 2,126,CARBON,1725.534
TASAJERO 2,127,CARBON,1725.534
TASAJERO 2,128,CARBON,1725.534
TASAJERO 2,129,CARBON,1725.534
TASAJERO 2,130,CARBON,1725.534
TASAJERO 2,131,CARBON,1725.534
TASAJERO 2,132,CARBON,1725.534
TASAJERO 2,133,CARBON,1725.534
TASAJERO 2,134,CARBON,1725.534
TASAJERO 2,135,CARBON,1725.534
TASAJERO 2,136,CARBON,1725.534
TASAJERO 2,137,CARBON,1725.534
TASAJERO 2,138,CARBON,1725.534
TASAJERO 2,139,CARBON,1725.534
TASAJERO 2,140,CARBON,1725.534
TASAJERO 2,141,CARBON,1725.534
TASAJERO 2,142,CARBON,1725.534
TASAJERO 2,143,CARBON,1725.534
TASAJERO 2,144,CARBON,1725.534
TASAJERO 2,145,CARBON,1725.534
TASAJERO 2,146,CARBON,1725.534
TASAJERO 2,147,CARBON,1725.534
TASAJERO 2,148,CARBON,1725.534
TASAJERO 2,149,CARBON,1725.534
TASAJERO 2,150,CARBON,1725.534
TASAJERO 2,151,CARBON,1725.534
TASAJERO 2,152,CARBON,1725.534
TASAJERO 2,153,CARBON,1725.534
TASAJERO 2,154,CARBON,1725.534
TASAJERO 2,155,CARBON,1725.534
TASAJERO 2,156,CARBON,1725.534
TASAJERO 2,157,CARBON,1725.534
TASAJERO 2,158,CARBON,1725.534
TASAJERO 2,159,CARBON,1725.534
TASAJERO 2,160,CARBON,1725.534
TASAJERO 2,161,CARBON,1725.534
TASAJERO 2,162,CARBON,1725.534
TASAJERO 2,163,CARBON,1725.534
TASAJERO 2,164,CARBON,1725.534
TASAJERO 2,165,CARBON,1725.534
TASAJERO 2,166,CARBON,1725.534
TASAJERO 2,167,CARBON,1725.534
TASAJERO 2,168,CARBON,1725.534
TASAJERO 2,169,CARBON,1725.534
TASAJERO 2,170,CARBON,1725.534
TASAJERO 2,171,CARBON,1725.534
TASAJERO 2,172,CARBON,1725.534
TASAJERO 2,173,CARBON,1725.534
TASAJERO 2,174,CARBON,1725.534
TASAJERO 2,175,CARBON,1725.534
TASAJERO 2,176,CARBON,1725.534
TASAJERO 2,177,CARBON,1725.534
TASAJERO 2,178,CARBON,1725.534
TASAJERO 2,179,CARBON,1725.534
TASAJERO 2,180,CARBON,1725.534
TASAJERO 2,181,CARBON,1725.534
TASAJERO 2,182,CARBON,1725.534
TASAJERO 2,183,CARBON,1725.534
TASAJERO 2,184,CARBON,1725.534
TASAJERO 2,185,CARBON,1725.534
TASAJERO 2,186,CARBON,1725.534
TASAJERO 2,187,CARBON,1725.534
TASAJERO 2,188,CARBON,1725.534
TASAJERO 2,189,CARBON,1725.534
TASAJERO 2,190,CARBON,1725.534
TASAJERO 2,191,CARBON,1725.534
TASAJERO 2,192,CARBON,1725.534
TASAJERO 2,193,CARBON,1725.534
TASAJERO 2,194,CARBON,1725.534
TASAJERO 2,195,CARBON,1725.534
TASAJERO 2,196,CARBON,1725.534
TASAJERO 2,197,CARBON,1725.534
TASAJERO 2,198,CARBON,1725.534
TASAJERO 2,199,CARBON,1725.534
TASAJERO 2,200,CARBON,1725.534
TASAJERO 2,201,CARBON,1725.534
TASAJERO 2,202,CARBON,1725.534
TASAJERO 2,203,CARBON,1725.534
TASAJERO 2,204,CARBON,1725.534
TASAJERO 2,205,CARBON,1725.534
TASAJERO 2,206,CARBON,1725.534
TASAJERO 2,207,CARBON,1725.534
TASAJERO 2,208,CARBON,1725.534
TASAJERO 2,209,CARBON,1725.534
TASAJERO 2,210,CARBON,1725.534
TASAJERO 2,211,CARBON,1725.534
TASAJERO 2,212,CARBON,1725.534
TASAJERO 2,213,CARBON,1725.534
TASAJERO 2,214,CARBON,1725.534
TASAJERO 2,215,CARBON,1725.534
TASAJERO 2,216,CARBON,1725.534
TASAJERO 2,217,CARBON,1725.534
TASAJERO 2,218,CARBON,1725.534
TASAJERO 2,219,CARBON,1725.534
TASAJERO 2,220,CARBON,1725.534
TASAJERO 2,221,CARBON,1725.534
TASAJERO 2,222,CARBON,1725.534
TASAJERO 2,223,CARBON,1725.534
TASAJERO 2,224,CARBON,1725.534
TASAJERO 2,225,CARBON,1725.534
TASAJERO 2,226,CARBON,1725.534
TASAJERO 2,227,CARBON,1725.534
TASAJERO 2,228,CARBON,1725.534
TASAJERO 2,229,CARBON,1725.534
TASAJERO 2,230,CARBON,1725.534
TASAJERO 2,231,CARBON,1725.534
TASAJERO 2,232,CARBON,1725.534
TASAJERO 2,233,CARBON,1725.534
TASAJERO 2,234,CARBON,1725.534
TASAJERO 2,235,CARBON,1725.534
TASAJERO 2,236,CARBON,1725.534
TASAJERO 2,237,CARBON,1725.534
TASAJERO 2,238,CARBON,1725.534
TASAJERO 2,239,CARBON,1725.534
TASAJERO 2,240,CARBON,1725.534
TASAJERO 2,241,CARBON,1725.534
TASAJERO 2,242,CARBON,1725.534
TASAJERO 2,243,CARBON,1725.534
TASAJERO 2,244,CARBON,1725.534
TASAJERO 2,245,CARBON,1725.534
TASAJERO 2,246,CARBON,1725.534
TASAJERO 2,247,CARBON,1725.534
TASAJERO 2,248,CARBON,1725.534
TASAJERO 2,249,CARBON,1725.534
TASAJERO 2,250,CARBON,1725.534
TASAJERO 2,251,CARBON,1725.534
TASAJERO 2,252,CARBON,1725.534
TASAJERO 2,253,CARBON,1725.534
TASAJERO 2,254,CARBON,1725.534
TASAJERO 2,255,CARBON,1725.534
TASAJERO 2,256,CARBON,1725.534
TASAJERO 2,257,CARBON,1725.534
TASAJERO 2,258,CARBON,1725.534
TASAJERO 2,259,CARBON,1725.534
TASAJERO 2,260,CARBON,1725.534
TASAJERO 2,261,CARBON,1725.534
TASAJERO 2,262,CARBON,1725.534
TASAJERO 2,263,CARBON,1725.534
TASAJERO 2,264,CARBON,1725.534
TASAJERO 2,265,CARBON,1725.534
TASAJERO 2,266,CARBON,1725.534
TASAJERO 2,267,CARBON,1725.534
TASAJERO 2,268,CARBON,1725.534
TASAJERO 2,269,CARBON,1725.534
TASAJERO 2,270,CARBON,1725.534
TASAJERO 2,271,CARBON,1725.534
TASAJERO 2,272,CARBON,1725.534
TASAJERO 2,273,CARBON,1725.534
TASAJERO 2,274,CARBON,1725.534
TASAJERO 2,275,CARBON,1725.534
TASAJERO 2,276,CARBON,1725.534
TASAJERO 2,277,CARBON,1725.534
TASAJERO 2,278,CARBON,1725.534
TASAJERO 2,279,CARBON,1725.534
TASAJERO 2,280,CARBON,1725.534
TASAJERO 2,281,CARBON,1725.534
TASAJERO 2,282,CARBON,1725.534
TASAJERO 2,283,CARBON,1725.534
TASAJERO 2,284,CARBON,1725.534
TASAJERO 2,285,CARBON,1725.534
TASAJERO 2,286,CARBON,1725.534
TASAJERO 2,287,CARBON,1725.534
TASAJERO 2,288,CARBON,1725.534
TASAJERO 2,289,CARBON,1725.534
TASAJERO 2,290,CARBON,1725.534
TASAJERO 2,291,CARBON,1725.534
TASAJERO 2,292,CARBON,1725.534
TASAJERO 2,293,CARBON,1725.534
TASAJERO 2,294,CARBON,1725.534
TASAJERO 2,295,CARBON,1725.534
TASAJERO 2,296,CARBON,1725.534
TASAJERO 2,297,CARBON,1725.534
TASAJERO 2,298,CARBON,1725.534
TASAJERO 2,299,CARBON,1725.534
TASAJERO 2,300,CARBON,1725.534
TASAJERO 2,301,CARBON,1725.534
TASAJERO 2,302,CARBON,1725.534
TASAJERO 2,303,CARBON,1725.534
TASAJERO 2,304,CARBON,1725.534
TASAJERO 2,305,CARBON,1725.534
TASAJERO 2,306,CARBON,1725.534
TASAJERO 2,307,CARBON,1725.534
TASAJERO 2,308,CARBON,1725.534
TASAJERO 2,309,CARBON,1725.534
TASAJERO 2,310,CARBON,1725.534
TASAJERO 2,311,CARBON,1725.534
TASAJERO 2,312,CARBON,1725.534
TASAJERO 2,313,CARBON,1725.534
TASAJERO 2,314,CARBON,1725.534
TASAJERO 2,315,CARBON,1725.534
TASAJERO 2,316,CARBON,1725.534
TASAJERO 2,317,CARBON,1725.534
TASAJERO 2,318,CARBON,1725.534
TASAJERO 2,319,CARBON,1725.534
TASAJERO 2,320,CARBON,1725.534
TASAJERO 2,321,CARBON,1725.534
TASAJERO 2,322,CARBON,1725.534
TASAJERO 2,323,CARBON,1725.534
TASAJERO 2,324,CARBON,1725.534
TASAJERO 2,325,CARBON,1725.534
TASAJERO 2,326,CARBON,1725.534
TASAJERO 2,327,CARBON,1725.534
TASAJERO 2,328,CARBON,1725.534
TASAJERO 2,329,CARBON,1725.534
TASAJERO 2,330,CARBON,1725.534
TASAJERO 2,331,CARBON,1725.534
TASAJERO 2,332,CARBON,1725.534
TASAJERO 2,333,CARBON,1725.534
TASAJERO 2,334,CARBON,1725.534
TASAJERO 2,335,CARBON,1725.534
TASAJERO 2,336,CARBON,1725.534
TASAJERO 2,337,CARBON,1725.534
TASAJERO 2,338,CARBON,1725.534
TASAJERO 2,339,CARBON,1725.534
TASAJERO 2,340,CARBON,1725.534
TASAJERO 2,341,CARBON,1725.534
TASAJERO 2,342,CARBON,1725.534
TASAJERO 2,343,CARBON,1725.534
TASAJERO 2,344,CARBON,1725.534
TASAJERO 2,345,CARBON,1725.534
TASAJERO 2,346,CARBON,1725.534
TASAJERO 2,347,CARBON,1725.534
TASAJERO 2,348,CARBON,1725.534
TASAJERO 2,349,CARBON,1725.534
TASAJERO 2,350,CARBON,1725.534
TASAJERO 2,351,CARBON,1725.534
TASAJERO 2,352,CARBON,1725.534
TASAJERO 2,353,CARBON,1725.534
TASAJERO 2,354,CARBON,1725.534
TASAJERO 2,355,CARBON,1725.534
TASAJERO 2,356,CARBON,1725.534
TASAJERO 2,357,CARBON,1725.534
TASAJERO 2,358,CARBON,1725.534
TASAJERO 2,359,CARBON,1725.534
TASAJERO 2,360,CARBON,1725.534
TASAJERO 2,361,CARBON,1725.534
TASAJERO 2,362,CARBON,1725.534
TASAJERO 2,363,CARBON,1725.534
TASAJERO 2,364,CARBON,1725.534
TASAJERO 2,365,CARBON,1725.534
TASAJERO 2,366,CARBON,1725.534
TASAJERO 2,367,CARBON,1725.534
TASAJERO 2,368,CARBON,1725.534
TASAJERO 2,369,CARBON,1725.534
TASAJERO 2,370,CARBON,1725.534
TASAJERO 2,371,CARBON,1725.534
TASAJERO 2,372,CARBON,1725.534
TASAJERO 2,373,CARBON,1725.534
TASAJERO 2,374,CARBON,1725.534
TASAJERO 2,375,CARBON,1725.534
TASAJERO 2,376,CARBON,1725.534
TASAJERO 2,377,CARBON,1725.534
TASAJERO 2,378,CARBON,1725.534
TASAJERO 2,379,CARBON,1725.534
TASAJERO 2,380,CARBON,1725.534
TASAJERO 2,381,CARBON,1725.534
TASAJERO 2,382,CARBON,1725.534
TASAJERO 2,383,CARBON,1725.534
TASAJERO 2,384,CARBON,1725.534
TC_GECELCA3,1,CARBON,1663.5176
TC_GECELCA3,2,CARBON,1663.5176
TC_GECELCA3,3,CARBON,1663.5176
TC_GECELCA3,4,CARBON,1663.5176
TC_GECELCA3,5,CARBON,1663.5176
TC_GECELCA3,6,CARBON,1663.5176
TC_GECELCA3,7,CARBON,1663.5176
TC_GECELCA3,8,CARBON,1663.5176
TC_GECELCA3,9,CARBON,1663.5176
TC_GECELCA3,10,CARBON,1663.5176
TC_GECELCA3,11,CARBON,1663.5176
TC_GECELCA3,12,CARBON,1663.5176
TC_GECELCA3,13,CARBON,1663.5176
TC_GECELCA3,14,CARBON,1663.5176
TC_GECELCA3,15,CARBON,1663.5176
TC_GECELCA3,16,CARBON,1663.5176
TC_GECELCA3,17,CARBON,1663.5176
TC_GECELCA3,18,CARBON,1663.5176
TC_GECELCA3,19,CARBON,1663.5176
TC_GECELCA3,20,CARBON,1663.5176
TC_GECELCA3,21,CARBON,1663.5176
TC_GECELCA3,22,CARBON,1663.5176
TC_GECELCA3,23,CARBON,1663.5176
TC_GECELCA3,24,CARBON,1663.5176
TC_GECELCA3,25,CARBON,1663.5176
TC_GECELCA3,26,CARBON,1663.5176
TC_GECELCA3,27,CARBON,1663.5176
TC_GECELCA3,28,CARBON,1663.5176
TC_GECELCA3,29,CARBON,1663.5176
TC_GECELCA3,30,CARBON,1663.5176
TC_GECELCA3,31,CARBON,1663.5176
TC_GECELCA3,32,CARBON,1663.5176
TC_GECELCA3,33,CARBON,1663.5176
TC_GECELCA3,34,CARBON,1663.5176
TC_GECELCA3,35,CARBON,1663.5176
TC_GECELCA3,36,CARBON,1663.5176
TC_GECELCA3,37,CARBON,1663.5176
TC_GECELCA3,38,CARBON,1663.5176
TC_GECELCA3,39,CARBON,1663.5176
TC_GECELCA3,40,CARBON,1663.5176
TC_GECELCA3,41,CARBON,1663.5176
TC_GECELCA3,42,CARBON,1663.5176
TC_GECELCA3,43,CARBON,1663.5176
TC_GECELCA3,44,CARBON,1663.5176
TC_GECELCA3,45,CARBON,1663.5176
TC_GECELCA3,46,CARBON,1663.5176
TC_GECELCA3,47,CARBON,1663.5176
TC_GECELCA3,48,CARBON,1663.5176
TC_GECELCA3,49,CARBON,1663.5176
TC_GECELCA3,50,CARBON,1663.5176
TC_GECELCA3,51,CARBON,1663.5176
TC_GECELCA3,52,CARBON,1663.5176
TC_GECELCA3,53,CARBON,1663.5176
TC_GECELCA3,54,CARBON,1663.5176
TC_GECELCA3,55,CARBON,1663.5176
TC_GECELCA3,56,CARBON,1663.5176
TC_GECELCA3,57,CARBON,1663.5176
TC_GECELCA3,58,CARBON,1663.5176
TC_GECELCA3,59,CARBON,1663.5176
TC_GECELCA3,60,CARBON,1663.5176
TC_GECELCA3,61,CARBON,1663.5176
TC_GECELCA3,62,CARBON,1663.5176
TC_GECELCA3,63,CARBON,1663.5176
TC_GECELCA3,64,CARBON,1663.5176
TC_GECELCA3,65,CARBON,1663.5176
TC_GECELCA3,66,CARBON,1663.5176
TC_GECELCA3,67,CARBON,1663.5176
TC_GECELCA3,68,CARBON,1663.5176
TC_GECELCA3,69,CARBON,1663.5176
TC_GECELCA3,70,CARBON,1663.5176
TC_GECELCA3,71,CARBON,1663.5176
TC_GECELCA3,72,CARBON,1663.5176
TC_GECELCA3,73,CARBON,1663.5176
TC_GECELCA3,74,CARBON,1663.5176
TC_GECELCA3,75,CARBON,1663.5176
TC_GECELCA3,76,CARBON,1663.5176
TC_GECELCA3,77,CARBON,1663.5176
TC_GECELCA3,78,CARBON,1663.5176
TC_GECELCA3,79,CARBON,1663.5176
TC_GECELCA3,80,CARBON,1663.5176
TC_GECELCA3,81,CARBON,1663.5176
TC_GECELCA3,82,CARBON,1663.5176
TC_GECELCA3,83,CARBON,1663.5176
TC_GECELCA3,84,CARBON,1663.5176
TC_GECELCA3,85,CARBON,1663.5176
TC_GECELCA3,86,CARBON,1663.5176
TC_GECELCA3,87,CARBON,1663.5176
TC_GECELCA3,88,CARBON,1663.5176
TC_GECELCA3,89,CARBON,1663.5176
TC_GECELCA3,90,CARBON,1663.5176
TC_GECELCA3,91,CARBON,1663.5176
TC_GECELCA3,92,CARBON,1663.5176
TC_GECELCA3,93,CARBON,1663.5176
TC_GECELCA3,94,CARBON,1663.5176
TC_GECELCA3,95,CARBON,1663.5176
TC_GECELCA3,96,CARBON,1663.5176
TC_GECELCA3,97,CARBON,1663.5176
TC_GECELCA3,98,CARBON,1663.5176
TC_GECELCA3,99,CARBON,1663.5176
TC_GECELCA3,100,CARBON,1663.5176
TC_GECELCA3,101,CARBON,1663.5176
TC_GECELCA3,102,CARBON,1663.5176
TC_GECELCA3,103,CARBON,1663.5176
TC_GECELCA3,104,CARBON,1663.5176
TC_GECELCA3,105,CARBON,1663.5176
TC_GECELCA3,106,CARBON,1663.5176
TC_GECELCA3,107,CARBON,1663.5176
TC_GECELCA3,108,CARBON,1663.5176
TC_GECELCA3,109,CARBON,1663.5176
TC_GECELCA3,110,CARBON,1663.5176
TC_GECELCA3,111,CARBON,1663.5176
TC_GECELCA3,112,CARBON,1663.5176
TC_GECELCA3,113,CARBON,1663.5176
TC_GECELCA3,114,CARBON,1663.5176
TC_GECELCA3,115,CARBON,1663.5176
TC_GECELCA3,116,CARBON,1663.5176
TC_GECELCA3,117,CARBON,1663.5176
TC_GECELCA3,118,CARBON,1663.5176
TC_GECELCA3,119,CARBON,1663.5176
TC_GECELCA3,120,CARBON,1663.5176
TC_GECELCA3,121,CARBON,1663.5176
TC_GECELCA3,122,CARBON,1663.5176
TC_GECELCA3,123,CARBON,1663.5176
TC_GECELCA3,124,CARBON,1663.5176
TC_GECELCA3,125,CARBON,1663.5176
TC_GECELCA3,126,CARBON,1663.5176
TC_GECELCA3,127,CARBON,1663.5176
TC_GECELCA3,128,CARBON,1663.5176
TC_GECELCA3,129,CARBON,1663.5176
TC_GECELCA3,130,CARBON,1663.5176
TC_GECELCA3,131,CARBON,1663.5176
TC_GECELCA3,132,CARBON,1663.5176
TC_GECELCA3,133,CARBON,1663.5176
TC_GECELCA3,134,CARBON,1663.5176
TC_GECELCA3,135,CARBON,1663.5176
TC_GECELCA3,136,CARBON,1663.5176
TC_GECELCA3,137,CARBON,1663.5176
TC_GECELCA3,138,CARBON,1663.5176
TC_GECELCA3,139,CARBON,1663.5176
TC_GECELCA3,140,CARBON,1663.5176
TC_GECELCA3,141,CARBON,1663.5176
TC_GECELCA3,142,CARBON,1663.5176
TC_GECELCA3,143,CARBON,1663.5176
TC_GECELCA3,144,CARBON,1663.5176
TC_GECELCA3,145,CARBON,1663.5176
TC_GECELCA3,146,CARBON,1663.5176
TC_GECELCA3,147,CARBON,1663.5176
TC_GECELCA3,148,CARBON,1663.5176
TC_GECELCA3,149,CARBON,1663.5176
TC_GECELCA3,150,CARBON,1663.5176
TC_GECELCA3,151,CARBON,1663.5176
TC_GECELCA3,152,CARBON,1663.5176
TC_GECELCA3,153,CARBON,1663.5176
TC_GECELCA3,154,CARBON,1663.5176
TC_GECELCA3,155,CARBON,1663.5176
TC_GECELCA3,156,CARBON,1663.5176
TC_GECELCA3,157,CARBON,1663.5176
TC_GECELCA3,158,CARBON,1663.5176
TC_GECELCA3,159,CARBON,1663.5176
TC_GECELCA3,160,CARBON,1663.5176
TC_GECELCA3,161,CARBON,1663.5176
TC_GECELCA3,162,CARBON,1663.5176
TC_GECELCA3,163,CARBON,1663.5176
TC_GECELCA3,164,CARBON,1663.5176
TC_GECELCA3,165,CARBON,1663.5176
TC_GECELCA3,166,CARBON,1663.5176
TC_GECELCA3,167,CARBON,1663.5176
TC_GECELCA3,168,CARBON,1663.5176
TC_GECELCA3,169,CARBON,1663.5176
TC_GECELCA3,170,CARBON,1663.5176
TC_GECELCA3,171,CARBON,1663.5176
TC_GECELCA3,172,CARBON,1663.5176
TC_GECELCA3,173,CARBON,1663.5176
TC_GECELCA3,174,CARBON,1663.5176
TC_GECELCA3,175,CARBON,1663.5176
TC_GECELCA3,176,CARBON,1663.5176
TC_GECELCA3,177,CARBON,1663.5176
TC_GECELCA3,178,CARBON,1663.5176
TC_GECELCA3,179,CARBON,1663.5176
TC_GECELCA3,180,CARBON,1663.5176
TC_GECELCA3,181,CARBON,1663.5176
TC_GECELCA3,182,CARBON,1663.5176
TC_GECELCA3,183,CARBON,1663.5176
TC_GECELCA3,184,CARBON,1663.5176
TC_GECELCA3,185,CARBON,1663.5176
TC_GECELCA3,186,CARBON,1663.5176
TC_GECELCA3,187,CARBON,1663.5176
TC_GECELCA3,188,CARBON,1663.5176
TC_GECELCA3,189,CARBON,1663.5176
TC_GECELCA3,190,CARBON,1663.5176
TC_GECELCA3,191,CARBON,1663.5176
TC_GECELCA3,192,CARBON,1663.5176
TC_GECELCA3,193,CARBON,1663.5176
TC_GECELCA3,194,CARBON,1663.5176
TC_GECELCA3,195,CARBON,1663.5176
TC_GECELCA3,196,CARBON,1663.5176
TC_GECELCA3,197,CARBON,1663.5176
TC_GECELCA3,198,CARBON,1663.5176
TC_GECELCA3,199,CARBON,1663.5176
TC_GECELCA3,200,CARBON,1663.5176
TC_GECELCA3,201,CARBON,1663.5176
TC_GECELCA3,202,CARBON,1258.89533411197
TC_GECELCA3,203,CARBON,578.013522216725
TC_GECELCA3,204,CARBON,825.874188452725
TC_GECELCA3,205,CARBON,1663.5176
TC_GECELCA3,206,CARBON,1663.5176
TC_GECELCA3,207,CARBON,1663.5176
TC_GECELCA3,208,CARBON,1663.5176
TC_GECELCA3,209,CARBON,1663.5176
TC_GECELCA3,210,CARBON,1663.5176
TC_GECELCA3,211,CARBON,1663.5176
TC_GECELCA3,212,CARBON,1663.5176
TC_GECELCA3,213,CARBON,1663.5176
TC_GECELCA3,214,CARBON,1663.5176
TC_GECELCA3,215,CARBON,1663.5176
TC_GECELCA3,216,CARBON,1663.5176
TC_GECELCA3,217,CARBON,1663.5176
TC_GECELCA3,218,CARBON,1663.5176
TC_GECELCA3,219,CARBON,1663.5176
TC_GECELCA3,220,CARBON,1663.5176
TC_GECELCA3,221,CARBON,1663.5176
TC_GECELCA3,222,CARBON,1663.5176
TC_GECELCA3,223,CARBON,1663.5176
TC_GECELCA3,224,CARBON,1663.5176
TC_GECELCA3,225,CARBON,1663.5176
TC_GECELCA3,226,CARBON,1663.5176
TC_GECELCA3,227,CARBON,1663.5176
TC_GECELCA3,228,CARBON,1663.5176
TC_GECELCA3,229,CARBON,1663.5176
TC_GECELCA3,230,CARBON,1663.5176
TC_GECELCA3,231,CARBON,1663.5176
TC_GECELCA3,232,CARBON,1663.5176
TC_GECELCA3,233,CARBON,1663.5176
TC_GECELCA3,234,CARBON,1663.5176
TC_GECELCA3,235,CARBON,1663.5176
TC_GECELCA3,236,CARBON,1663.5176
TC_GECELCA3,237,CARBON,1663.5176
TC_GECELCA3,238,CARBON,1663.5176
TC_GECELCA3,239,CARBON,1663.5176
TC_GECELCA3,240,CARBON,1663.5176
TC_GECELCA3,241,CARBON,1663.5176
TC_GECELCA3,242,CARBON,1663.5176
TC_GECELCA3,243,CARBON,1663.5176
TC_GECELCA3,244,CARBON,1663.5176
TC_GECELCA3,245,CARBON,1663.5176
TC_GECELCA3,246,CARBON,1663.5176
TC_GECELCA3,247,CARBON,1663.5176
TC_GECELCA3,248,CARBON,1663.5176
TC_GECELCA3,249,CARBON,1663.5176
TC_GECELCA3,250,CARBON,1663.5176
TC_GECELCA3,251,CARBON,1663.5176
TC_GECELCA3,252,CARBON,1663.5176
TC_GECELCA3,253,CARBON,1663.5176
TC_GECELCA3,254,CARBON,1663.5176
TC_GECELCA3,255,CARBON,1663.5176
TC_GECELCA3,256,CARBON,1663.5176
TC_GECELCA3,257,CARBON,1663.5176
TC_GECELCA3,258,CARBON,1663.5176
TC_GECELCA3,259,CARBON,1663.5176
TC_GECELCA3,260,CARBON,1663.5176
TC_GECELCA3,261,CARBON,1663.5176
TC_GECELCA3,262,CARBON,1663.5176
TC_GECELCA3,263,CARBON,1663.5176
TC_GECELCA3,264,CARBON,1663.5176
TC_GECELCA3,265,CARBON,1663.5176
TC_GECELCA3,266,CARBON,1663.5176
TC_GECELCA3,267,CARBON,1663.5176
TC_GECELCA3,268,CARBON,1663.5176
TC_GECELCA3,269,CARBON,1663.5176
TC_GECELCA3,270,CARBON,1663.5176
TC_GECELCA3,271,CARBON,1663.5176
TC_GECELCA3,272,CARBON,1663.5176
TC_GECELCA3,273,CARBON,1663.5176
TC_GECELCA3,274,CARBON,1663.5176
TC_GECELCA3,275,CARBON,1663.5176
TC_GECELCA3,276,CARBON,1663.5176
TC_GECELCA3,277,CARBON,1663.5176
TC_GECELCA3,278,CARBON,1663.5176
TC_GECELCA3,279,CARBON,1663.5176
TC_GECELCA3,280,CARBON,1663.5176
TC_GECELCA3,281,CARBON,1663.5176
TC_GECELCA3,282,CARBON,1663.5176
TC_GECELCA3,283,CARBON,1663.5176
TC_GECELCA3,284,CARBON,1663.5176
TC_GECELCA3,285,CARBON,1663.5176
TC_GECELCA3,286,CARBON,1663.5176
TC_GECELCA3,287,CARBON,1663.5176
TC_GECELCA3,288,CARBON,1663.5176
TC_GECELCA3,289,CARBON,1663.5176
TC_GECELCA3,290,CARBON,1663.5176
TC_GECELCA3,291,CARBON,1663.5176
TC_GECELCA3,292,CARBON,1663.5176
TC_GECELCA3,293,CARBON,1663.5176
TC_GECELCA3,294,CARBON,1663.5176
TC_GECELCA3,295,CARBON,1663.5176
TC_GECELCA3,296,CARBON,1663.5176
TC_GECELCA3,297,CARBON,1663.5176
TC_GECELCA3,298,CARBON,1663.5176
TC_GECELCA3,299,CARBON,1663.5176
TC_GECELCA3,300,CARBON,1663.5176
TC_GECELCA3,301,CARBON,1663.5176
TC_GECELCA3,302,CARBON,1663.5176
TC_GECELCA3,303,CARBON,1663.5176
TC_GECELCA3,304,CARBON,1663.5176
TC_GECELCA3,305,CARBON,1663.5176
TC_GECELCA3,306,CARBON,1663.5176
TC_GECELCA3,307,CARBON,1663.5176
TC_GECELCA3,308,CARBON,1663.5176
TC_GECELCA3,309,CARBON,1663.5176
TC_GECELCA3,310,CARBON,1663.5176
TC_GECELCA3,311,CARBON,1663.5176
TC_GECELCA3,312,CARBON,1663.5176
TC_GECELCA3,313,CARBON,1663.5176
TC_GECELCA3,314,CARBON,1663.5176
TC_GECELCA3,315,CARBON,1663.5176
TC_GECELCA3,316,CARBON,1663.5176
TC_GECELCA3,317,CARBON,1663.5176
TC_GECELCA3,318,CARBON,1663.5176
TC_GECELCA3,319,CARBON,1663.5176
TC_GECELCA3,320,CARBON,1663.5176
TC_GECELCA3,321,CARBON,1663.5176
TC_GECELCA3,322,CARBON,1663.5176
TC_GECELCA3,323,CARBON,1663.5176
TC_GECELCA3,324,CARBON,1663.5176
TC_GECELCA3,325,CARBON,1663.5176
TC_GECELCA3,326,CARBON,1663.5176
TC_GECELCA3,327,CARBON,1663.5176
TC_GECELCA3,328,CARBON,1663.5176
TC_GECELCA3,329,CARBON,1663.5176
TC_GECELCA3,330,CARBON,1663.5176
TC_GECELCA3,331,CARBON,1663.5176
TC_GECELCA3,332,CARBON,1663.5176
TC_GECELCA3,333,CARBON,1663.5176
TC_GECELCA3,334,CARBON,1663.5176
TC_GECELCA3,335,CARBON,1663.5176
TC_GECELCA3,336,CARBON,1663.5176
TC_GECELCA3,337,CARBON,1663.5176
TC_GECELCA3,338,CARBON,1663.5176
TC_GECELCA3,339,CARBON,1663.5176
TC_GECELCA3,340,CARBON,1663.5176
TC_GECELCA3,341,CARBON,1663.5176
TC_GECELCA3,342,CARBON,1663.5176
TC_GECELCA3,343,CARBON,1663.5176
TC_GECELCA3,344,CARBON,1663.5176
TC_GECELCA3,345,CARBON,1663.5176
TC_GECELCA3,346,CARBON,1663.5176
TC_GECELCA3,347,CARBON,1663.5176
TC_GECELCA3,348,CARBON,1663.5176
TC_GECELCA3,349,CARBON,1663.5176
TC_GECELCA3,350,CARBON,1663.5176
TC_GECELCA3,351,CARBON,1663.5176
TC_GECELCA3,352,CARBON,1663.5176
TC_GECELCA3,353,CARBON,1663.5176
TC_GECELCA3,354,CARBON,1663.5176
TC_GECELCA3,355,CARBON,1663.5176
TC_GECELCA3,356,CARBON,1663.5176
TC_GECELCA3,357,CARBON,1663.5176
TC_GECELCA3,358,CARBON,1663.5176
TC_GECELCA3,359,CARBON,1663.5176
TC_GECELCA3,360,CARBON,1663.5176
TC_GECELCA3,361,CARBON,1663.5176
TC_GECELCA3,362,CARBON,1663.5176
TC_GECELCA3,363,CARBON,1663.5176
TC_GECELCA3,364,CARBON,1663.5176
TC_GECELCA3,365,CARBON,1663.5176
TC_GECELCA3,366,CARBON,1663.5176
TC_GECELCA3,367,CARBON,1663.5176
TC_GECELCA3,368,CARBON,1663.5176
TC_GECELCA3,369,CARBON,1663.5176
TC_GECELCA3,370,CARBON,1663.5176
TC_GECELCA3,371,CARBON,1663.5176
TC_GECELCA3,372,CARBON,1663.5176
TC_GECELCA3,373,CARBON,1663.5176
TC_GECELCA3,374,CARBON,1663.5176
TC_GECELCA3,375,CARBON,1663.5176
TC_GECELCA3,376,CARBON,1663.5176
TC_GECELCA3,377,CARBON,1663.5176
TC_GECELCA3,378,CARBON,1663.5176
TC_GECELCA3,379,CARBON,1663.5176
TC_GECELCA3,380,CARBON,1663.5176
TC_GECELCA3,381,CARBON,1663.5176
TC_GECELCA3,382,CARBON,1663.5176
TC_GECELCA3,383,CARBON,1663.5176
TC_GECELCA3,384,CARBON,1663.5176
TC_GECELCA32,1,CARBON,2767.068
TC_GECELCA32,2,CARBON,1724.65289043357
TC_GECELCA32,3,CARBON,932.944319020614
TC_GECELCA32,4,CARBON,370.785010350716
TC_GECELCA32,5,CARBON,100.61371458833
TC_GECELCA32,6,CARBON,433.677836500119
TC_GECELCA32,7,CARBON,1117.28576670391
TC_GECELCA32,8,CARBON,1104.85585308923
TC_GECELCA32,9,CARBON,1827.67145716459
TC_GECELCA32,10,CARBON,2767.068
TC_GECELCA32,11,CARBON,2767.068
TC_GECELCA32,12,CARBON,2767.068
TC_GECELCA32,13,CARBON,2767.068
TC_GECELCA32,14,CARBON,2767.068
TC_GECELCA32,15,CARBON,2767.068
TC_GECELCA32,16,CARBON,2767.068
TC_GECELCA32,17,CARBON,2767.068
TC_GECELCA32,18,CARBON,2767.068
TC_GECELCA32,19,CARBON,2767.068
TC_GECELCA32,20,CARBON,2767.068
TC_GECELCA32,21,CARBON,2767.068
TC_GECELCA32,22,CARBON,2767.068
TC_GECELCA32,23,CARBON,2767.068
TC_GECELCA32,24,CARBON,2767.068
TC_GECELCA32,25,CARBON,1586.84035044864
TC_GECELCA32,26,CARBON,1061.28801987884
TC_GECELCA32,27,CARBON,306.778581926909
TC_GECELCA32,28,CARBON,0.0
TC_GECELCA32,29,CARBON,0.0
TC_GECELCA32,30,CARBON,0.0
TC_GECELCA32,31,CARBON,0.0
TC_GECELCA32,32,CARBON,0.0
TC_GECELCA32,33,CARBON,0.0
TC_GECELCA32,34,CARBON,0.0
TC_GECELCA32,35,CARBON,0.0
TC_GECELCA32,36,CARBON,0.0
TC_GECELCA32,37,CARBON,0.0
TC_GECELCA32,38,CARBON,566.662717468028
TC_GECELCA32,39,CARBON,992.884220181304
TC_GECELCA32,40,CARBON,1354.19127112683
TC_GECELCA32,41,CARBON,1787.0485070791
TC_GECELCA32,42,CARBON,2124.43120296945
TC_GECELCA32,43,CARBON,2364.51640551083
TC_GECELCA32,44,CARBON,2767.068
TC_GECELCA32,45,CARBON,2767.068
TC_GECELCA32,46,CARBON,2767.068
TC_GECELCA32,47,CARBON,2767.068
TC_GECELCA32,48,CARBON,2767.068
TC_GECELCA32,49,CARBON,2767.068
TC_GECELCA32,50,CARBON,2767.068
TC_GECELCA32,51,CARBON,2767.068
TC_GECELCA32,52,CARBON,2767.068
TC_GECELCA32,53,CARBON,2767.068
TC_GECELCA32,54,CARBON,2767.068
TC_GECELCA32,55,CARBON,2767.068
TC_GECELCA32,56,CARBON,2767.068
TC_GECELCA32,57,CARBON,2767.068
TC_GECELCA32,58,CARBON,2767.068
TC_GECELCA32,59,CARBON,2767.068
TC_GECELCA32,60,CARBON,2767.068
TC_GECELCA32,61,CARBON,2767.068
TC_GECELCA32,62,CARBON,2767.068
TC_GECELCA32,63,CARBON,2767.068
TC_GECELCA32,64,CARBON,2767.068
TC_GECELCA32,65,CARBON,2767.068
TC_GECELCA32,66,CARBON,2767.068
TC_GECELCA32,67,CARBON,2767.068
TC_GECELCA32,68,CARBON,2767.068
TC_GECELCA32,69,CARBON,2767.068
TC_GECELCA32,70,CARBON,2767.068
TC_GECELCA32,71,CARBON,2767.068
TC_GECELCA32,72,CARBON,2767.068
TC_GECELCA32,73,CARBON,228.086131599062
TC_GECELCA32,74,CARBON,1229.97975091728
TC_GECELCA32,75,CARBON,332.435860709624
TC_GECELCA32,76,CARBON,0.0
TC_GECELCA32,77,CARBON,0.0
TC_GECELCA32,78,CARBON,0.0
TC_GECELCA32,79,CARBON,0.0
TC_GECELCA32,80,CARBON,0.0
TC_GECELCA32,81,CARBON,0.0
TC_GECELCA32,82,CARBON,0.0
TC_GECELCA32,83,CARBON,0.0
TC_GECELCA32,84,CARBON,0.0
TC_GECELCA32,85,CARBON,428.741217292224
TC_GECELCA32,86,CARBON,967.561617748774
TC_GECELCA32,87,CARBON,1366.15797588283
TC_GECELCA32,88,CARBON,1544.89639412368
TC_GECELCA32,89,CARBON,1810.09246288469
TC_GECELCA32,90,CARBON,2046.17190394858
TC_GECELCA32,91,CARBON,2237.60107964926
TC_GECELCA32,92,CARBON,2767.068
TC_GECELCA32,93,CARBON,2767.068
TC_GECELCA32,94,CARBON,2767.068
TC_GECELCA32,95,CARBON,2767.068
TC_GECELCA32,96,CARBON,2692.73839570714
TC_GECELCA32,97,CARBON,2767.068
TC_GECELCA32,98,CARBON,2767.068
TC_GECELCA32,99,CARBON,2767.068
TC_GECELCA32,100,CARBON,2767.068
TC_GECELCA32,101,CARBON,2767.068
TC_GECELCA32,102,CARBON,2767.068
TC_GECELCA32,103,CARBON,2767.068
TC_GECELCA32,104,CARBON,2767.068
TC_GECELCA32,105,CARBON,2767.068
TC_GECELCA32,106,CARBON,2767.068
TC_GECELCA32,107,CARBON,2767.068
TC_GECELCA32,108,CARBON,2767.068
TC_GECELCA32,109,CARBON,2767.068
TC_GECELCA32,110,CARBON,2767.068
TC_GECELCA32,111,CARBON,2767.068
TC_GECELCA32,112,CARBON,2767.068
TC_GECELCA32,113,CARBON,2767.068
TC_GECELCA32,114,CARBON,2767.068
TC_GECELCA32,115,CARBON,2767.068
TC_GECELCA32,116,CARBON,2767.068
TC_GECELCA32,117,CARBON,2767.068
TC_GECELCA32,118,CARBON,2767.068
TC_GECELCA32,119,CARBON,2767.068
TC_GECELCA32,120,CARBON,2767.068
TC_GECELCA32,121,CARBON,0.0
TC_GECELCA32,122,CARBON,0.0
TC_GECELCA32,123,CARBON,0.0
TC_GECELCA32,124,CARBON,0.0
TC_GECELCA32,125,CARBON,0.0
TC_GECELCA32,126,CARBON,0.0
TC_GECELCA32,127,CARBON,0.0
TC_GECELCA32,128,CARBON,0.0
TC_GECELCA32,129,CARBON,0.0
TC_GECELCA32,130,CARBON,0.0
TC_GECELCA32,131,CARBON,0.0
TC_GECELCA32,132,CARBON,0.0
TC_GECELCA32,133,CARBON,0.0
TC_GECELCA32,134,CARBON,0.0
TC_GECELCA32,135,CARBON,0.0
TC_GECELCA32,136,CARBON,0.0
TC_GECELCA32,137,CARBON,0.0
TC_GECELCA32,138,CARBON,0.0
TC_GECELCA32,139,CARBON,0.0
TC_GECELCA32,140,CARBON,1588.82556045471
TC_GECELCA32,141,CARBON,2748.86798145648
TC_GECELCA32,142,CARBON,2489.3792795394
TC_GECELCA32,143,CARBON,1787.12293484452
TC_GECELCA32,144,CARBON,623.428975693851
TC_GECELCA32,145,CARBON,2767.068
TC_GECELCA32,146,CARBON,2767.068
TC_GECELCA32,147,CARBON,2767.068
TC_GECELCA32,148,CARBON,2767.068
TC_GECELCA32,149,CARBON,2767.068
TC_GECELCA32,150,CARBON,2767.068
TC_GECELCA32,151,CARBON,2767.068
TC_GECELCA32,152,CARBON,2767.068
TC_GECELCA32,153,CARBON,2767.068
TC_GECELCA32,154,CARBON,2767.068
TC_GECELCA32,155,CARBON,2767.068
TC_GECELCA32,156,CARBON,2767.068
TC_GECELCA32,157,CARBON,2767.068
TC_GECELCA32,158,CARBON,2767.068
TC_GECELCA32,159,CARBON,2767.068
TC_GECELCA32,160,CARBON,2767.068
TC_GECELCA32,161,CARBON,2767.068
TC_GECELCA32,162,CARBON,2767.068
TC_GECELCA32,163,CARBON,2767.068
TC_GECELCA32,164,CARBON,2767.068
TC_GECELCA32,165,CARBON,2767.068
TC_GECELCA32,166,CARBON,2767.068
TC_GECELCA32,167,CARBON,2767.068
TC_GECELCA32,168,CARBON,2767.068
TC_GECELCA32,169,CARBON,2767.068
TC_GECELCA32,170,CARBON,2487.47806114445
TC_GECELCA32,171,CARBON,1632.01522111837
TC_GECELCA32,172,CARBON,915.545055065773
TC_GECELCA32,173,CARBON,283.56615831388
TC_GECELCA32,174,CARBON,16.429696405456
TC_GECELCA32,175,CARBON,0.0
TC_GECELCA32,176,CARBON,0.0
TC_GECELCA32,177,CARBON,0.0
TC_GECELCA32,178,CARBON,0.0
TC_GECELCA32,179,CARBON,552.234151217414
TC_GECELCA32,180,CARBON,1306.52649053857
TC_GECELCA32,181,CARBON,2086.2768427573
TC_GECELCA32,182,CARBON,2661.37786160829
TC_GECELCA32,183,CARBON,2767.068
TC_GECELCA32,184,CARBON,2767.068
TC_GECELCA32,185,CARBON,2767.068
TC_GECELCA32,186,CARBON,2767.068
TC_GECELCA32,187,CARBON,2767.068
TC_GECELCA32,188,CARBON,2767.068
TC_GECELCA32,189,CARBON,2767.068
TC_GECELCA32,190,CARBON,2767.068
TC_GECELCA32,191,CARBON,2767.068
TC_GECELCA32,192,CARBON,2767.068
TC_GECELCA32,193,CARBON,2767.068
TC_GECELCA32,194,CARBON,2573.01794155854
TC_GECELCA32,195,CARBON,1732.92648323548
TC_GECELCA32,196,CARBON,1114.15594724803
TC_GECELCA32,197,CARBON,779.641975881881
TC_GECELCA32,198,CARBON,1061.07754706234
TC_GECELCA32,199,CARBON,1074.61769274885
TC_GECELCA32,200,CARBON,0.0
TC_GECELCA32,201,CARBON,0.0
TC_GECELCA32,202,CARBON,0.0
TC_GECELCA32,203,CARBON,0.0
TC_GECELCA32,204,CARBON,0.0
TC_GECELCA32,205,CARBON,0.0
TC_GECELCA32,206,CARBON,0.0
TC_GECELCA32,207,CARBON,292.938085395671
TC_GECELCA32,208,CARBON,2767.068
TC_GECELCA32,209,CARBON,2767.068
TC_GECELCA32,210,CARBON,2767.068
TC_GECELCA32,211,CARBON,2767.068
TC_GECELCA32,212,CARBON,2767.068
TC_GECELCA32,213,CARBON,2767.068
TC_GECELCA32,214,CARBON,2767.068
TC_GECELCA32,215,CARBON,2767.068
TC_GECELCA32,216,CARBON,2767.068
TC_GECELCA32,217,CARBON,2767.068
TC_GECELCA32,218,CARBON,2767.068
TC_GECELCA32,219,CARBON,2767.068
TC_GECELCA32,220,CARBON,2767.068
TC_GECELCA32,221,CARBON,2767.068
TC_GECELCA32,222,CARBON,2767.068
TC_GECELCA32,223,CARBON,2767.068
TC_GECELCA32,224,CARBON,2767.068
TC_GECELCA32,225,CARBON,2767.068
TC_GECELCA32,226,CARBON,2767.068
TC_GECELCA32,227,CARBON,2767.068
TC_GECELCA32,228,CARBON,2767.068
TC_GECELCA32,229,CARBON,2767.068
TC_GECELCA32,230,CARBON,2767.068
TC_GECELCA32,231,CARBON,2767.068
TC_GECELCA32,232,CARBON,2767.068
TC_GECELCA32,233,CARBON,2767.068
TC_GECELCA32,234,CARBON,2767.068
TC_GECELCA32,235,CARBON,2767.068
TC_GECELCA32,236,CARBON,2767.068
TC_GECELCA32,237,CARBON,2767.068
TC_GECELCA32,238,CARBON,2767.068
TC_GECELCA32,239,CARBON,2767.068
TC_GECELCA32,240,CARBON,2767.068
TC_GECELCA32,241,CARBON,2767.068
TC_GECELCA32,242,CARBON,2767.068
TC_GECELCA32,243,CARBON,2767.068
TC_GECELCA32,244,CARBON,2767.068
TC_GECELCA32,245,CARBON,2767.068
TC_GECELCA32,246,CARBON,2767.068
TC_GECELCA32,247,CARBON,2767.068
TC_GECELCA32,248,CARBON,2767.068
TC_GECELCA32,249,CARBON,2767.068
TC_GECELCA32,250,CARBON,2767.068
TC_GECELCA32,251,CARBON,2767.068
TC_GECELCA32,252,CARBON,2767.068
TC_GECELCA32,253,CARBON,2767.068
TC_GECELCA32,254,CARBON,2767.068
TC_GECELCA32,255,CARBON,2767.068
TC_GECELCA32,256,CARBON,2767.068
TC_GECELCA32,257,CARBON,2767.068
TC_GECELCA32,258,CARBON,2767.068
TC_GECELCA32,259,CARBON,2767.068
TC_GECELCA32,260,CARBON,2767.068
TC_GECELCA32,261,CARBON,2767.068
TC_GECELCA32,262,CARBON,2767.068
TC_GECELCA32,263,CARBON,2767.068
TC_GECELCA32,264,CARBON,2767.068
TC_GECELCA32,265,CARBON,2767.068
TC_GECELCA32,266,CARBON,2767.068
TC_GECELCA32,267,CARBON,2767.068
TC_GECELCA32,268,CARBON,2767.068
TC_GECELCA32,269,CARBON,2767.068
TC_GECELCA32,270,CARBON,2767.068
TC_GECELCA32,271,CARBON,2767.068
TC_GECELCA32,272,CARBON,2767.068
TC_GECELCA32,273,CARBON,2767.068
TC_GECELCA32,274,CARBON,2767.068
TC_GECELCA32,275,CARBON,2767.068
TC_GECELCA32,276,CARBON,2767.068
TC_GECELCA32,277,CARBON,2767.068
TC_GECELCA32,278,CARBON,2767.068
TC_GECELCA32,279,CARBON,2767.068
TC_GECELCA32,280,CARBON,2767.068
TC_GECELCA32,281,CARBON,2767.068
TC_GECELCA32,282,CARBON,2767.068
TC_GECELCA32,283,CARBON,2767.068
TC_GECELCA32,284,CARBON,2767.068
TC_GECELCA32,285,CARBON,2767.068
TC_GECELCA32,286,CARBON,2767.068
TC_GECELCA32,287,CARBON,2767.068
TC_GECELCA32,288,CARBON,2767.068
TC_GECELCA32,289,CARBON,2767.068
TC_GECELCA32,290,CARBON,2767.068
TC_GECELCA32,291,CARBON,2767.068
TC_GECELCA32,292,CARBON,2767.068
TC_GECELCA32,293,CARBON,2767.068
TC_GECELCA32,294,CARBON,2767.068
TC_GECELCA32,295,CARBON,2767.068
TC_GECELCA32,296,CARBON,2767.068
TC_GECELCA32,297,CARBON,2767.068
TC_GECELCA32,298,CARBON,2767.068
TC_GECELCA32,299,CARBON,2767.068
TC_GECELCA32,300,CARBON,2767.068
TC_GECELCA32,301,CARBON,2767.068
TC_GECELCA32,302,CARBON,2767.068
TC_GECELCA32,303,CARBON,2767.068
TC_GECELCA32,304,CARBON,2767.068
TC_GECELCA32,305,CARBON,2767.068
TC_GECELCA32,306,CARBON,2767.068
TC_GECELCA32,307,CARBON,2767.068
TC_GECELCA32,308,CARBON,2767.068
TC_GECELCA32,309,CARBON,2767.068
TC_GECELCA32,310,CARBON,2767.068
TC_GECELCA32,311,CARBON,2767.068
TC_GECELCA32,312,CARBON,2767.068
TC_GECELCA32,313,CARBON,2767.068
TC_GECELCA32,314,CARBON,2767.068
TC_GECELCA32,315,CARBON,2767.068
TC_GECELCA32,316,CARBON,2767.068
TC_GECELCA32,317,CARBON,2767.068
TC_GECELCA32,318,CARBON,2767.068
TC_GECELCA32,319,CARBON,2767.068
TC_GECELCA32,320,CARBON,2767.068
TC_GECELCA32,321,CARBON,2767.068
TC_GECELCA32,322,CARBON,2767.068
TC_GECELCA32,323,CARBON,2767.068
TC_GECELCA32,324,CARBON,2767.068
TC_GECELCA32,325,CARBON,2767.068
TC_GECELCA32,326,CARBON,2767.068
TC_GECELCA32,327,CARBON,2767.068
TC_GECELCA32,328,CARBON,2767.068
TC_GECELCA32,329,CARBON,2767.068
TC_GECELCA32,330,CARBON,2767.068
TC_GECELCA32,331,CARBON,2767.068
TC_GECELCA32,332,CARBON,2767.068
TC_GECELCA32,333,CARBON,2767.068
TC_GECELCA32,334,CARBON,2767.068
TC_GECELCA32,335,CARBON,2767.068
TC_GECELCA32,336,CARBON,2767.068
TC_GECELCA32,337,CARBON,2767.068
TC_GECELCA32,338,CARBON,2767.068
TC_GECELCA32,339,CARBON,2767.068
TC_GECELCA32,340,CARBON,2767.068
TC_GECELCA32,341,CARBON,2767.068
TC_GECELCA32,342,CARBON,2767.068
TC_GECELCA32,343,CARBON,2767.068
TC_GECELCA32,344,CARBON,2767.068
TC_GECELCA32,345,CARBON,2767.068
TC_GECELCA32,346,CARBON,2767.068
TC_GECELCA32,347,CARBON,2767.068
TC_GECELCA32,348,CARBON,2767.068
TC_GECELCA32,349,CARBON,2767.068
TC_GECELCA32,350,CARBON,2767.068
TC_GECELCA32,351,CARBON,2767.068
TC_GECELCA32,352,CARBON,2767.068
TC_GECELCA32,353,CARBON,2767.068
TC_GECELCA32,354,CARBON,2767.068
TC_GECELCA32,355,CARBON,2767.068
TC_GECELCA32,356,CARBON,2767.068
TC_GECELCA32,357,CARBON,2767.068
TC_GECELCA32,358,CARBON,2767.068
TC_GECELCA32,359,CARBON,2767.068
TC_GECELCA32,360,CARBON,2767.068
TC_GECELCA32,361,CARBON,2767.068
TC_GECELCA32,362,CARBON,2767.068
TC_GECELCA32,363,CARBON,2767.068
TC_GECELCA32,364,CARBON,2767.068
TC_GECELCA32,365,CARBON,2767.068
TC_GECELCA32,366,CARBON,2767.068
TC_GECELCA32,367,CARBON,2767.068
TC_GECELCA32,368,CARBON,2767.068
TC_GECELCA32,369,CARBON,2767.068
TC_GECELCA32,370,CARBON,2767.068
TC_GECELCA32,371,CARBON,2767.068
TC_GECELCA32,372,CARBON,2767.068
TC_GECELCA32,373,CARBON,2767.068
TC_GECELCA32,374,CARBON,2767.068
TC_GECELCA32,375,CARBON,2767.068
TC_GECELCA32,376,CARBON,2767.068
TC_GECELCA32,377,CARBON,2767.068
TC_GECELCA32,378,CARBON,2767.068
TC_GECELCA32,379,CARBON,2767.068
TC_GECELCA32,380,CARBON,2767.068
TC_GECELCA32,381,CARBON,2767.068
TC_GECELCA32,382,CARBON,2767.068
TC_GECELCA32,383,CARBON,2767.068
TC_GECELCA32,384,CARBON,2767.068
TEBSAB,1,GASNACIO,0.0
TEBSAB,2,GASNACIO,0.0
TEBSAB,3,GASNACIO,0.0
TEBSAB,4,GASNACIO,0.0
TEBSAB,5,GASNACIO,0.0
TEBSAB,6,GASNACIO,0.0
TEBSAB,7,GASNACIO,0.0
TEBSAB,8,GASNACIO,0.0
TEBSAB,9,GASNACIO,0.0
TEBSAB,10,GASNACIO,0.0
TEBSAB,11,GASNACIO,0.0
TEBSAB,12,GASNACIO,0.0
TEBSAB,13,GASNACIO,0.0
TEBSAB,14,GASNACIO,0.0
TEBSAB,15,GASNACIO,0.0
TEBSAB,16,GASNACIO,0.0
TEBSAB,17,GASNACIO,0.0
TEBSAB,18,GASNACIO,0.0
TEBSAB,19,GASNACIO,0.0
TEBSAB,20,GASNACIO,0.0
TEBSAB,21,GASNACIO,0.0
TEBSAB,22,GASNACIO,0.0
TEBSAB,23,GASNACIO,0.0
TEBSAB,24,GASNACIO,0.0
TEBSAB,25,GASNACIO,0.0
TEBSAB,26,GASNACIO,0.0
TEBSAB,27,GASNACIO,0.0
TEBSAB,28,GASNACIO,0.0
TEBSAB,29,GASNACIO,0.0
TEBSAB,30,GASNACIO,0.0
TEBSAB,31,GASNACIO,0.0
TEBSAB,32,GASNACIO,0.0
TEBSAB,33,GASNACIO,0.0
TEBSAB,34,GASNACIO,0.0
TEBSAB,35,GASNACIO,0.0
TEBSAB,36,GASNACIO,0.0
TEBSAB,37,GASNACIO,0.0
TEBSAB,38,GASNACIO,0.0
TEBSAB,39,GASNACIO,0.0
TEBSAB,40,GASNACIO,0.0
TEBSAB,41,GASNACIO,0.0
TEBSAB,42,GASNACIO,0.0
TEBSAB,43,GASNACIO,0.0
TEBSAB,44,GASNACIO,0.0
TEBSAB,45,GASNACIO,0.0
TEBSAB,46,GASNACIO,0.0
TEBSAB,47,GASNACIO,0.0
TEBSAB,48,GASNACIO,0.0
TEBSAB,49,GASNACIO,0.0
TEBSAB,50,GASNACIO,0.0
TEBSAB,51,GASNACIO,0.0
TEBSAB,52,GASNACIO,0.0
TEBSAB,53,GASNACIO,0.0
TEBSAB,54,GASNACIO,0.0
TEBSAB,55,GASNACIO,0.0
TEBSAB,56,GASNACIO,0.0
TEBSAB,57,GASNACIO,0.0
TEBSAB,58,GASNACIO,0.0
TEBSAB,59,GASNACIO,0.0
TEBSAB,60,GASNACIO,0.0
TEBSAB,61,GASNACIO,0.0
TEBSAB,62,GASNACIO,0.0
TEBSAB,63,GASNACIO,0.0
TEBSAB,64,GASNACIO,0.0
TEBSAB,65,GASNACIO,0.0
TEBSAB,66,GASNACIO,0.0
TEBSAB,67,GASNACIO,0.0
TEBSAB,68,GASNACIO,0.0
TEBSAB,69,GASNACIO,0.0
TEBSAB,70,GASNACIO,0.0
TEBSAB,71,GASNACIO,0.0
TEBSAB,72,GASNACIO,0.0
TEBSAB,73,GASNACIO,0.0
TEBSAB,74,GASNACIO,0.0
TEBSAB,75,GASNACIO,0.0
TEBSAB,76,GASNACIO,0.0
TEBSAB,77,GASNACIO,0.0
TEBSAB,78,GASNACIO,0.0
TEBSAB,79,GASNACIO,0.0
TEBSAB,80,GASNACIO,0.0
TEBSAB,81,GASNACIO,0.0
TEBSAB,82,GASNACIO,0.0
TEBSAB,83,GASNACIO,0.0
TEBSAB,84,GASNACIO,0.0
TEBSAB,85,GASNACIO,0.0
TEBSAB,86,GASNACIO,0.0
TEBSAB,87,GASNACIO,0.0
TEBSAB,88,GASNACIO,0.0
TEBSAB,89,GASNACIO,0.0
TEBSAB,90,GASNACIO,0.0
TEBSAB,91,GASNACIO,0.0
TEBSAB,92,GASNACIO,0.0
TEBSAB,93,GASNACIO,0.0
TEBSAB,94,GASNACIO,0.0
TEBSAB,95,GASNACIO,0.0
TEBSAB,96,GASNACIO,0.0
TEBSAB,97,GASNACIO,0.0
TEBSAB,98,GASNACIO,0.0
TEBSAB,99,GASNACIO,0.0
TEBSAB,100,GASNACIO,0.0
TEBSAB,101,GASNACIO,0.0
TEBSAB,102,GASNACIO,0.0
TEBSAB,103,GASNACIO,0.0
TEBSAB,104,GASNACIO,0.0
TEBSAB,105,GASNACIO,0.0
TEBSAB,106,GASNACIO,0.0
TEBSAB,107,GASNACIO,0.0
TEBSAB,108,GASNACIO,0.0
TEBSAB,109,GASNACIO,0.0
TEBSAB,110,GASNACIO,0.0
TEBSAB,111,GASNACIO,0.0
TEBSAB,112,GASNACIO,0.0
TEBSAB,113,GASNACIO,0.0
TEBSAB,114,GASNACIO,0.0
TEBSAB,115,GASNACIO,0.0
TEBSAB,116,GASNACIO,0.0
TEBSAB,117,GASNACIO,0.0
TEBSAB,118,GASNACIO,0.0
TEBSAB,119,GASNACIO,0.0
TEBSAB,120,GASNACIO,0.0
TEBSAB,121,GASNACIO,0.0
TEBSAB,122,GASNACIO,0.0
TEBSAB,123,GASNACIO,0.0
TEBSAB,124,GASNACIO,0.0
TEBSAB,125,GASNACIO,0.0
TEBSAB,126,GASNACIO,0.0
TEBSAB,127,GASNACIO,0.0
TEBSAB,128,GASNACIO,0.0
TEBSAB,129,GASNACIO,0.0
TEBSAB,130,GASNACIO,0.0
TEBSAB,131,GASNACIO,0.0
TEBSAB,132,GASNACIO,0.0
TEBSAB,133,GASNACIO,0.0
TEBSAB,134,GASNACIO,0.0
TEBSAB,135,GASNACIO,0.0
TEBSAB,136,GASNACIO,0.0
TEBSAB,137,GASNACIO,0.0
TEBSAB,138,GASNACIO,0.0
TEBSAB,139,GASNACIO,0.0
TEBSAB,140,GASNACIO,0.0
TEBSAB,141,GASNACIO,0.0
TEBSAB,142,GASNACIO,0.0
TEBSAB,143,GASNACIO,0.0
TEBSAB,144,GASNACIO,0.0
TEBSAB,145,GASNACIO,0.0
TEBSAB,146,GASNACIO,0.0
TEBSAB,147,GASNACIO,0.0
TEBSAB,148,GASNACIO,0.0
TEBSAB,149,GASNACIO,0.0
TEBSAB,150,GASNACIO,0.0
TEBSAB,151,GASNACIO,0.0
TEBSAB,152,GASNACIO,0.0
TEBSAB,153,GASNACIO,0.0
TEBSAB,154,GASNACIO,0.0
TEBSAB,155,GASNACIO,0.0
TEBSAB,156,GASNACIO,0.0
TEBSAB,157,GASNACIO,0.0
TEBSAB,158,GASNACIO,0.0
TEBSAB,159,GASNACIO,0.0
TEBSAB,160,GASNACIO,0.0
TEBSAB,161,GASNACIO,0.0
TEBSAB,162,GASNACIO,0.0
TEBSAB,163,GASNACIO,0.0
TEBSAB,164,GASNACIO,229.628975933075
TEBSAB,165,GASNACIO,193.114433244579
TEBSAB,166,GASNACIO,0.0
TEBSAB,167,GASNACIO,0.0
TEBSAB,168,GASNACIO,0.0
TEBSAB,169,GASNACIO,0.0
TEBSAB,170,GASNACIO,0.0
TEBSAB,171,GASNACIO,0.0
TEBSAB,172,GASNACIO,0.0
TEBSAB,173,GASNACIO,0.0
TEBSAB,174,GASNACIO,0.0
TEBSAB,175,GASNACIO,0.0
TEBSAB,176,GASNACIO,0.0
TEBSAB,177,GASNACIO,0.0
TEBSAB,178,GASNACIO,0.0
TEBSAB,179,GASNACIO,0.0
TEBSAB,180,GASNACIO,0.0
TEBSAB,181,GASNACIO,0.0
TEBSAB,182,GASNACIO,0.0
TEBSAB,183,GASNACIO,0.0
TEBSAB,184,GASNACIO,0.0
TEBSAB,185,GASNACIO,0.0
TEBSAB,186,GASNACIO,0.0
TEBSAB,187,GASNACIO,0.0
TEBSAB,188,GASNACIO,0.0
TEBSAB,189,GASNACIO,0.0
TEBSAB,190,GASNACIO,0.0
TEBSAB,191,GASNACIO,0.0
TEBSAB,192,GASNACIO,0.0
TEBSAB,193,GASNACIO,0.0
TEBSAB,194,GASNACIO,0.0
TEBSAB,195,GASNACIO,0.0
TEBSAB,196,GASNACIO,0.0
TEBSAB,197,GASNACIO,0.0
TEBSAB,198,GASNACIO,0.0
TEBSAB,199,GASNACIO,0.0
TEBSAB,200,GASNACIO,0.0
TEBSAB,201,GASNACIO,0.0
TEBSAB,202,GASNACIO,0.0
TEBSAB,203,GASNACIO,0.0
TEBSAB,204,GASNACIO,0.0
TEBSAB,205,GASNACIO,0.0
TEBSAB,206,GASNACIO,0.0
TEBSAB,207,GASNACIO,0.0
TEBSAB,208,GASNACIO,0.0
TEBSAB,209,GASNACIO,0.0
TEBSAB,210,GASNACIO,15.0084736059942
TEBSAB,211,GASNACIO,0.0
TEBSAB,212,GASNACIO,339.389745082137
TEBSAB,213,GASNACIO,1534.85281217984
TEBSAB,214,GASNACIO,0.0
TEBSAB,215,GASNACIO,121.003673824948
TEBSAB,216,GASNACIO,0.0
TEBSAB,217,GASNACIO,0.0
TEBSAB,218,GASNACIO,0.0
TEBSAB,219,GASNACIO,0.0
TEBSAB,220,GASNACIO,0.0
TEBSAB,221,GASNACIO,0.0
TEBSAB,222,GASNACIO,0.0
TEBSAB,223,GASNACIO,0.0
TEBSAB,224,GASNACIO,0.0
TEBSAB,225,GASNACIO,0.0
TEBSAB,226,GASNACIO,0.0
TEBSAB,227,GASNACIO,0.0
TEBSAB,228,GASNACIO,0.0
TEBSAB,229,GASNACIO,0.0
TEBSAB,230,GASNACIO,0.0
TEBSAB,231,GASNACIO,0.0
TEBSAB,232,GASNACIO,0.0
TEBSAB,233,GASNACIO,0.0
TEBSAB,234,GASNACIO,0.0
TEBSAB,235,GASNACIO,183.438129622384
TEBSAB,236,GASNACIO,1752.52310701316
TEBSAB,237,GASNACIO,2208.04326469646
TEBSAB,238,GASNACIO,1660.00415911444
TEBSAB,239,GASNACIO,708.992583347846
TEBSAB,240,GASNACIO,0.0
TEBSAB,241,GASNACIO,0.0
TEBSAB,242,GASNACIO,0.0
TEBSAB,243,GASNACIO,0.0
TEBSAB,244,GASNACIO,0.0
TEBSAB,245,GASNACIO,0.0
TEBSAB,246,GASNACIO,0.0
TEBSAB,247,GASNACIO,0.0
TEBSAB,248,GASNACIO,0.0
TEBSAB,249,GASNACIO,0.0
TEBSAB,250,GASNACIO,0.0
TEBSAB,251,GASNACIO,0.0
TEBSAB,252,GASNACIO,0.0
TEBSAB,253,GASNACIO,0.0
TEBSAB,254,GASNACIO,0.0
TEBSAB,255,GASNACIO,0.0
TEBSAB,256,GASNACIO,0.0
TEBSAB,257,GASNACIO,0.0
TEBSAB,258,GASNACIO,0.0
TEBSAB,259,GASNACIO,0.0
TEBSAB,260,GASNACIO,0.0
TEBSAB,261,GASNACIO,0.0
TEBSAB,262,GASNACIO,0.0
TEBSAB,263,GASNACIO,0.0
TEBSAB,264,GASNACIO,0.0
TEBSAB,265,GASNACIO,0.0
TEBSAB,266,GASNACIO,0.0
TEBSAB,267,GASNACIO,0.0
TEBSAB,268,GASNACIO,0.0
TEBSAB,269,GASNACIO,0.0
TEBSAB,270,GASNACIO,0.0
TEBSAB,271,GASNACIO,0.0
TEBSAB,272,GASNACIO,0.0
TEBSAB,273,GASNACIO,0.0
TEBSAB,274,GASNACIO,0.0
TEBSAB,275,GASNACIO,0.0
TEBSAB,276,GASNACIO,0.0
TEBSAB,277,GASNACIO,0.0
TEBSAB,278,GASNACIO,0.0
TEBSAB,279,GASNACIO,0.0
TEBSAB,280,GASNACIO,0.0
TEBSAB,281,GASNACIO,0.0
TEBSAB,282,GASNACIO,0.0
TEBSAB,283,GASNACIO,0.0
TEBSAB,284,GASNACIO,1695.76603756845
TEBSAB,285,GASNACIO,208.111163504169
TEBSAB,286,GASNACIO,0.0
TEBSAB,287,GASNACIO,255.623706327403
TEBSAB,288,GASNACIO,0.0
TEBSAB,289,GASNACIO,0.0
TEBSAB,290,GASNACIO,0.0
TEBSAB,291,GASNACIO,0.0
TEBSAB,292,GASNACIO,0.0
TEBSAB,293,GASNACIO,0.0
TEBSAB,294,GASNACIO,0.0
TEBSAB,295,GASNACIO,0.0
TEBSAB,296,GASNACIO,0.0
TEBSAB,297,GASNACIO,0.0
TEBSAB,298,GASNACIO,0.0
TEBSAB,299,GASNACIO,0.0
TEBSAB,300,GASNACIO,0.0
TEBSAB,301,GASNACIO,0.0
TEBSAB,302,GASNACIO,0.0
TEBSAB,303,GASNACIO,0.0
TEBSAB,304,GASNACIO,0.0
TEBSAB,305,GASNACIO,0.0
TEBSAB,306,GASNACIO,0.0
TEBSAB,307,GASNACIO,0.0
TEBSAB,308,GASNACIO,0.0
TEBSAB,309,GASNACIO,0.0
TEBSAB,310,GASNACIO,0.0
TEBSAB,311,GASNACIO,0.0
TEBSAB,312,GASNACIO,0.0
TEBSAB,313,GASNACIO,0.0
TEBSAB,314,GASNACIO,0.0
TEBSAB,315,GASNACIO,0.0
TEBSAB,316,GASNACIO,0.0
TEBSAB,317,GASNACIO,0.0
TEBSAB,318,GASNACIO,0.0
TEBSAB,319,GASNACIO,0.0
TEBSAB,320,GASNACIO,0.0
TEBSAB,321,GASNACIO,0.0
TEBSAB,322,GASNACIO,0.0
TEBSAB,323,GASNACIO,0.0
TEBSAB,324,GASNACIO,0.0
TEBSAB,325,GASNACIO,0.0
TEBSAB,326,GASNACIO,0.0
TEBSAB,327,GASNACIO,0.0
TEBSAB,328,GASNACIO,0.0
TEBSAB,329,GASNACIO,0.0
TEBSAB,330,GASNACIO,0.0
TEBSAB,331,GASNACIO,0.0
TEBSAB,332,GASNACIO,227.739673421943
TEBSAB,333,GASNACIO,969.501944273844
TEBSAB,334,GASNACIO,541.24482406069
TEBSAB,335,GASNACIO,0.0
TEBSAB,336,GASNACIO,0.0
TEBSAB,337,GASNACIO,0.0
TEBSAB,338,GASNACIO,0.0
TEBSAB,339,GASNACIO,0.0
TEBSAB,340,GASNACIO,0.0
TEBSAB,341,GASNACIO,0.0
TEBSAB,342,GASNACIO,0.0
TEBSAB,343,GASNACIO,0.0
TEBSAB,344,GASNACIO,0.0
TEBSAB,345,GASNACIO,0.0
TEBSAB,346,GASNACIO,0.0
TEBSAB,347,GASNACIO,0.0
TEBSAB,348,GASNACIO,0.0
TEBSAB,349,GASNACIO,0.0
TEBSAB,350,GASNACIO,0.0
TEBSAB,351,GASNACIO,0.0
TEBSAB,352,GASNACIO,0.0
TEBSAB,353,GASNACIO,0.0
TEBSAB,354,GASNACIO,0.0
TEBSAB,355,GASNACIO,0.0
TEBSAB,356,GASNACIO,830.29503972133
TEBSAB,357,GASNACIO,836.017806725143
TEBSAB,358,GASNACIO,354.407559516496
TEBSAB,359,GASNACIO,0.0
TEBSAB,360,GASNACIO,0.0
TEBSAB,361,GASNACIO,2750.99312739824
TEBSAB,362,GASNACIO,494.536551241772
TEBSAB,363,GASNACIO,962.081335122328
TEBSAB,364,GASNACIO,0.0
TEBSAB,365,GASNACIO,42.0037628134218
TEBSAB,366,GASNACIO,0.0
TEBSAB,367,GASNACIO,819.786476141985
TEBSAB,368,GASNACIO,0.0
TEBSAB,369,GASNACIO,290.868915907871
TEBSAB,370,GASNACIO,0.0
TEBSAB,371,GASNACIO,0.0
TEBSAB,372,GASNACIO,117.484596940174
TEBSAB,373,GASNACIO,782.722206376334
TEBSAB,374,GASNACIO,1225.48493859528
TEBSAB,375,GASNACIO,2399.46832123124
TEBSAB,376,GASNACIO,4087.98486799098
TEBSAB,377,GASNACIO,5339.22085160988
TEBSAB,378,GASNACIO,5687.1318
TEBSAB,379,GASNACIO,5687.1318
TEBSAB,380,GASNACIO,4300.0912369644
TEBSAB,381,GASNACIO,5687.1318
TEBSAB,382,GASNACIO,5687.1318
TEBSAB,383,GASNACIO,5595.54253653427
TEBSAB,384,GASNACIO,4132.86736355909
TERMO YOPAL2,1,GASNACIO,0.0
TERMO YOPAL2,2,GASNACIO,0.0
TERMO YOPAL2,3,GASNACIO,0.0
TERMO YOPAL2,4,GASNACIO,0.0
TERMO YOPAL2,5,GASNACIO,0.0
TERMO YOPAL2,6,GASNACIO,0.0
TERMO YOPAL2,7,GASNACIO,0.0
TERMO YOPAL2,8,GASNACIO,0.0
TERMO YOPAL2,9,GASNACIO,0.0
TERMO YOPAL2,10,GASNACIO,0.0
TERMO YOPAL2,11,GASNACIO,0.0
TERMO YOPAL2,12,GASNACIO,0.0
TERMO YOPAL2,13,GASNACIO,0.0
TERMO YOPAL2,14,GASNACIO,0.0
TERMO YOPAL2,15,GASNACIO,0.0
TERMO YOPAL2,16,GASNACIO,0.0
TERMO YOPAL2,17,GASNACIO,0.0
TERMO YOPAL2,18,GASNACIO,0.0
TERMO YOPAL2,19,GASNACIO,0.0
TERMO YOPAL2,20,GASNACIO,0.0
TERMO YOPAL2,21,GASNACIO,0.0
TERMO YOPAL2,22,GASNACIO,0.0
TERMO YOPAL2,23,GASNACIO,0.0
TERMO YOPAL2,24,GASNACIO,0.0
TERMO YOPAL2,25,GASNACIO,0.0
TERMO YOPAL2,26,GASNACIO,0.0
TERMO YOPAL2,27,GASNACIO,0.0
TERMO YOPAL2,28,GASNACIO,0.0
TERMO YOPAL2,29,GASNACIO,0.0
TERMO YOPAL2,30,GASNACIO,0.0
TERMO YOPAL2,31,GASNACIO,0.0
TERMO YOPAL2,32,GASNACIO,0.0
TERMO YOPAL2,33,GASNACIO,0.0
TERMO YOPAL2,34,GASNACIO,0.0
TERMO YOPAL2,35,GASNACIO,0.0
TERMO YOPAL2,36,GASNACIO,0.0
TERMO YOPAL2,37,GASNACIO,0.0
TERMO YOPAL2,38,GASNACIO,0.0
TERMO YOPAL2,39,GASNACIO,0.0
TERMO YOPAL2,40,GASNACIO,0.0
TERMO YOPAL2,41,GASNACIO,0.0
TERMO YOPAL2,42,GASNACIO,0.0
TERMO YOPAL2,43,GASNACIO,0.0
TERMO YOPAL2,44,GASNACIO,0.0
TERMO YOPAL2,45,GASNACIO,0.0
TERMO YOPAL2,46,GASNACIO,0.0
TERMO YOPAL2,47,GASNACIO,0.0
TERMO YOPAL2,48,GASNACIO,0.0
TERMO YOPAL2,49,GASNACIO,0.0
TERMO YOPAL2,50,GASNACIO,0.0
TERMO YOPAL2,51,GASNACIO,0.0
TERMO YOPAL2,52,GASNACIO,0.0
TERMO YOPAL2,53,GASNACIO,0.0
TERMO YOPAL2,54,GASNACIO,0.0
TERMO YOPAL2,55,GASNACIO,0.0
TERMO YOPAL2,56,GASNACIO,0.0
TERMO YOPAL2,57,GASNACIO,0.0
TERMO YOPAL2,58,GASNACIO,0.0
TERMO YOPAL2,59,GASNACIO,0.0
TERMO YOPAL2,60,GASNACIO,0.0
TERMO YOPAL2,61,GASNACIO,0.0
TERMO YOPAL2,62,GASNACIO,0.0
TERMO YOPAL2,63,GASNACIO,0.0
TERMO YOPAL2,64,GASNACIO,0.0
TERMO YOPAL2,65,GASNACIO,0.0
TERMO YOPAL2,66,GASNACIO,0.0
TERMO YOPAL2,67,GASNACIO,0.0
TERMO YOPAL2,68,GASNACIO,0.0
TERMO YOPAL2,69,GASNACIO,0.0
TERMO YOPAL2,70,GASNACIO,0.0
TERMO YOPAL2,71,GASNACIO,0.0
TERMO YOPAL2,72,GASNACIO,0.0
TERMO YOPAL2,73,GASNACIO,0.0
TERMO YOPAL2,74,GASNACIO,0.0
TERMO YOPAL2,75,GASNACIO,0.0
TERMO YOPAL2,76,GASNACIO,0.0
TERMO YOPAL2,77,GASNACIO,0.0
TERMO YOPAL2,78,GASNACIO,0.0
TERMO YOPAL2,79,GASNACIO,0.0
TERMO YOPAL2,80,GASNACIO,0.0
TERMO YOPAL2,81,GASNACIO,0.0
TERMO YOPAL2,82,GASNACIO,0.0
TERMO YOPAL2,83,GASNACIO,0.0
TERMO YOPAL2,84,GASNACIO,0.0
TERMO YOPAL2,85,GASNACIO,0.0
TERMO YOPAL2,86,GASNACIO,0.0
TERMO YOPAL2,87,GASNACIO,0.0
TERMO YOPAL2,88,GASNACIO,0.0
TERMO YOPAL2,89,GASNACIO,0.0
TERMO YOPAL2,90,GASNACIO,0.0
TERMO YOPAL2,91,GASNACIO,0.0
TERMO YOPAL2,92,GASNACIO,0.0
TERMO YOPAL2,93,GASNACIO,0.0
TERMO YOPAL2,94,GASNACIO,0.0
TERMO YOPAL2,95,GASNACIO,0.0
TERMO YOPAL2,96,GASNACIO,0.0
TERMO YOPAL2,97,GASNACIO,0.0
TERMO YOPAL2,98,GASNACIO,0.0
TERMO YOPAL2,99,GASNACIO,0.0
TERMO YOPAL2,100,GASNACIO,0.0
TERMO YOPAL2,101,GASNACIO,0.0
TERMO YOPAL2,102,GASNACIO,0.0
TERMO YOPAL2,103,GASNACIO,0.0
TERMO YOPAL2,104,GASNACIO,0.0
TERMO YOPAL2,105,GASNACIO,0.0
TERMO YOPAL2,106,GASNACIO,0.0
TERMO YOPAL2,107,GASNACIO,0.0
TERMO YOPAL2,108,GASNACIO,0.0
TERMO YOPAL2,109,GASNACIO,0.0
TERMO YOPAL2,110,GASNACIO,0.0
TERMO YOPAL2,111,GASNACIO,0.0
TERMO YOPAL2,112,GASNACIO,0.0
TERMO YOPAL2,113,GASNACIO,0.0
TERMO YOPAL2,114,GASNACIO,0.0
TERMO YOPAL2,115,GASNACIO,0.0
TERMO YOPAL2,116,GASNACIO,0.0
TERMO YOPAL2,117,GASNACIO,0.0
TERMO YOPAL2,118,GASNACIO,0.0
TERMO YOPAL2,119,GASNACIO,0.0
TERMO YOPAL2,120,GASNACIO,0.0
TERMO YOPAL2,121,GASNACIO,0.0
TERMO YOPAL2,122,GASNACIO,0.0
TERMO YOPAL2,123,GASNACIO,0.0
TERMO YOPAL2,124,GASNACIO,0.0
TERMO YOPAL2,125,GASNACIO,0.0
TERMO YOPAL2,126,GASNACIO,0.0
TERMO YOPAL2,127,GASNACIO,0.0
TERMO YOPAL2,128,GASNACIO,0.0
TERMO YOPAL2,129,GASNACIO,0.0
TERMO YOPAL2,130,GASNACIO,0.0
TERMO YOPAL2,131,GASNACIO,0.0
TERMO YOPAL2,132,GASNACIO,0.0
TERMO YOPAL2,133,GASNACIO,0.0
TERMO YOPAL2,134,GASNACIO,0.0
TERMO YOPAL2,135,GASNACIO,0.0
TERMO YOPAL2,136,GASNACIO,0.0
TERMO YOPAL2,137,GASNACIO,0.0
TERMO YOPAL2,138,GASNACIO,0.0
TERMO YOPAL2,139,GASNACIO,0.0
TERMO YOPAL2,140,GASNACIO,0.0
TERMO YOPAL2,141,GASNACIO,0.0
TERMO YOPAL2,142,GASNACIO,0.0
TERMO YOPAL2,143,GASNACIO,0.0
TERMO YOPAL2,144,GASNACIO,0.0
TERMO YOPAL2,145,GASNACIO,0.0
TERMO YOPAL2,146,GASNACIO,0.0
TERMO YOPAL2,147,GASNACIO,0.0
TERMO YOPAL2,148,GASNACIO,0.0
TERMO YOPAL2,149,GASNACIO,0.0
TERMO YOPAL2,150,GASNACIO,0.0
TERMO YOPAL2,151,GASNACIO,0.0
TERMO YOPAL2,152,GASNACIO,0.0
TERMO YOPAL2,153,GASNACIO,0.0
TERMO YOPAL2,154,GASNACIO,0.0
TERMO YOPAL2,155,GASNACIO,0.0
TERMO YOPAL2,156,GASNACIO,0.0
TERMO YOPAL2,157,GASNACIO,0.0
TERMO YOPAL2,158,GASNACIO,0.0
TERMO YOPAL2,159,GASNACIO,0.0
TERMO YOPAL2,160,GASNACIO,0.0
TERMO YOPAL2,161,GASNACIO,0.0
TERMO YOPAL2,162,GASNACIO,0.0
TERMO YOPAL2,163,GASNACIO,0.0
TERMO YOPAL2,164,GASNACIO,0.0
TERMO YOPAL2,165,GASNACIO,0.0
TERMO YOPAL2,166,GASNACIO,0.0
TERMO YOPAL2,167,GASNACIO,0.0
TERMO YOPAL2,168,GASNACIO,0.0
TERMO YOPAL2,169,GASNACIO,0.0
TERMO YOPAL2,170,GASNACIO,0.0
TERMO YOPAL2,171,GASNACIO,0.0
TERMO YOPAL2,172,GASNACIO,0.0
TERMO YOPAL2,173,GASNACIO,0.0
TERMO YOPAL2,174,GASNACIO,0.0
TERMO YOPAL2,175,GASNACIO,0.0
TERMO YOPAL2,176,GASNACIO,0.0
TERMO YOPAL2,177,GASNACIO,0.0
TERMO YOPAL2,178,GASNACIO,0.0
TERMO YOPAL2,179,GASNACIO,0.0
TERMO YOPAL2,180,GASNACIO,0.0
TERMO YOPAL2,181,GASNACIO,0.0
TERMO YOPAL2,182,GASNACIO,0.0
TERMO YOPAL2,183,GASNACIO,0.0
TERMO YOPAL2,184,GASNACIO,0.0
TERMO YOPAL2,185,GASNACIO,0.0
TERMO YOPAL2,186,GASNACIO,0.0
TERMO YOPAL2,187,GASNACIO,0.0
TERMO YOPAL2,188,GASNACIO,0.0
TERMO YOPAL2,189,GASNACIO,0.0
TERMO YOPAL2,190,GASNACIO,0.0
TERMO YOPAL2,191,GASNACIO,0.0
TERMO YOPAL2,192,GASNACIO,0.0
TERMO YOPAL2,193,GASNACIO,0.0
TERMO YOPAL2,194,GASNACIO,0.0
TERMO YOPAL2,195,GASNACIO,0.0
TERMO YOPAL2,196,GASNACIO,0.0
TERMO YOPAL2,197,GASNACIO,0.0
TERMO YOPAL2,198,GASNACIO,0.0
TERMO YOPAL2,199,GASNACIO,0.0
TERMO YOPAL2,200,GASNACIO,0.0
TERMO YOPAL2,201,GASNACIO,0.0
TERMO YOPAL2,202,GASNACIO,0.0
TERMO YOPAL2,203,GASNACIO,0.0
TERMO YOPAL2,204,GASNACIO,0.0
TERMO YOPAL2,205,GASNACIO,0.0
TERMO YOPAL2,206,GASNACIO,0.0
TERMO YOPAL2,207,GASNACIO,0.0
TERMO YOPAL2,208,GASNACIO,0.0
TERMO YOPAL2,209,GASNACIO,0.0
TERMO YOPAL2,210,GASNACIO,0.0
TERMO YOPAL2,211,GASNACIO,0.0
TERMO YOPAL2,212,GASNACIO,0.0
TERMO YOPAL2,213,GASNACIO,0.0
TERMO YOPAL2,214,GASNACIO,0.0
TERMO YOPAL2,215,GASNACIO,0.0
TERMO YOPAL2,216,GASNACIO,0.0
TERMO YOPAL2,217,GASNACIO,0.0
TERMO YOPAL2,218,GASNACIO,0.0
TERMO YOPAL2,219,GASNACIO,0.0
TERMO YOPAL2,220,GASNACIO,0.0
TERMO YOPAL2,221,GASNACIO,0.0
TERMO YOPAL2,222,GASNACIO,0.0
TERMO YOPAL2,223,GASNACIO,0.0
TERMO YOPAL2,224,GASNACIO,0.0
TERMO YOPAL2,225,GASNACIO,0.0
TERMO YOPAL2,226,GASNACIO,0.0
TERMO YOPAL2,227,GASNACIO,0.0
TERMO YOPAL2,228,GASNACIO,0.0
TERMO YOPAL2,229,GASNACIO,0.0
TERMO YOPAL2,230,GASNACIO,0.0
TERMO YOPAL2,231,GASNACIO,0.0
TERMO YOPAL2,232,GASNACIO,0.0
TERMO YOPAL2,233,GASNACIO,0.0
TERMO YOPAL2,234,GASNACIO,0.0
TERMO YOPAL2,235,GASNACIO,0.0
TERMO YOPAL2,236,GASNACIO,0.0
TERMO YOPAL2,237,GASNACIO,0.0
TERMO YOPAL2,238,GASNACIO,0.0
TERMO YOPAL2,239,GASNACIO,0.0
TERMO YOPAL2,240,GASNACIO,0.0
TERMO YOPAL2,241,GASNACIO,0.0
TERMO YOPAL2,242,GASNACIO,0.0
TERMO YOPAL2,243,GASNACIO,0.0
TERMO YOPAL2,244,GASNACIO,0.0
TERMO YOPAL2,245,GASNACIO,0.0
TERMO YOPAL2,246,GASNACIO,0.0
TERMO YOPAL2,247,GASNACIO,0.0
TERMO YOPAL2,248,GASNACIO,0.0
TERMO YOPAL2,249,GASNACIO,0.0
TERMO YOPAL2,250,GASNACIO,0.0
TERMO YOPAL2,251,GASNACIO,0.0
TERMO YOPAL2,252,GASNACIO,0.0
TERMO YOPAL2,253,GASNACIO,0.0
TERMO YOPAL2,254,GASNACIO,0.0
TERMO YOPAL2,255,GASNACIO,0.0
TERMO YOPAL2,256,GASNACIO,0.0
TERMO YOPAL2,257,GASNACIO,0.0
TERMO YOPAL2,258,GASNACIO,0.0
TERMO YOPAL2,259,GASNACIO,0.0
TERMO YOPAL2,260,GASNACIO,0.0
TERMO YOPAL2,261,GASNACIO,0.0
TERMO YOPAL2,262,GASNACIO,0.0
TERMO YOPAL2,263,GASNACIO,0.0
TERMO YOPAL2,264,GASNACIO,0.0
TERMO YOPAL2,265,GASNACIO,0.0
TERMO YOPAL2,266,GASNACIO,0.0
TERMO YOPAL2,267,GASNACIO,0.0
TERMO YOPAL2,268,GASNACIO,0.0
TERMO YOPAL2,269,GASNACIO,0.0
TERMO YOPAL2,270,GASNACIO,0.0
TERMO YOPAL2,271,GASNACIO,0.0
TERMO YOPAL2,272,GASNACIO,0.0
TERMO YOPAL2,273,GASNACIO,0.0
TERMO YOPAL2,274,GASNACIO,0.0
TERMO YOPAL2,275,GASNACIO,0.0
TERMO YOPAL2,276,GASNACIO,0.0
TERMO YOPAL2,277,GASNACIO,0.0
TERMO YOPAL2,278,GASNACIO,0.0
TERMO YOPAL2,279,GASNACIO,0.0
TERMO YOPAL2,280,GASNACIO,0.0
TERMO YOPAL2,281,GASNACIO,0.0
TERMO YOPAL2,282,GASNACIO,0.0
TERMO YOPAL2,283,GASNACIO,0.0
TERMO YOPAL2,284,GASNACIO,0.0
TERMO YOPAL2,285,GASNACIO,0.0
TERMO YOPAL2,286,GASNACIO,0.0
TERMO YOPAL2,287,GASNACIO,0.0
TERMO YOPAL2,288,GASNACIO,0.0
TERMO YOPAL2,289,GASNACIO,0.0
TERMO YOPAL2,290,GASNACIO,0.0
TERMO YOPAL2,291,GASNACIO,0.0
TERMO YOPAL2,292,GASNACIO,0.0
TERMO YOPAL2,293,GASNACIO,0.0
TERMO YOPAL2,294,GASNACIO,0.0
TERMO YOPAL2,295,GASNACIO,0.0
TERMO YOPAL2,296,GASNACIO,0.0
TERMO YOPAL2,297,GASNACIO,0.0
TERMO YOPAL2,298,GASNACIO,0.0
TERMO YOPAL2,299,GASNACIO,0.0
TERMO YOPAL2,300,GASNACIO,0.0
TERMO YOPAL2,301,GASNACIO,0.0
TERMO YOPAL2,302,GASNACIO,0.0
TERMO YOPAL2,303,GASNACIO,0.0
TERMO YOPAL2,304,GASNACIO,0.0
TERMO YOPAL2,305,GASNACIO,0.0
TERMO YOPAL2,306,GASNACIO,0.0
TERMO YOPAL2,307,GASNACIO,0.0
TERMO YOPAL2,308,GASNACIO,0.0
TERMO YOPAL2,309,GASNACIO,0.0
TERMO YOPAL2,310,GASNACIO,0.0
TERMO YOPAL2,311,GASNACIO,0.0
TERMO YOPAL2,312,GASNACIO,0.0
TERMO YOPAL2,313,GASNACIO,0.0
TERMO YOPAL2,314,GASNACIO,0.0
TERMO YOPAL2,315,GASNACIO,0.0
TERMO YOPAL2,316,GASNACIO,0.0
TERMO YOPAL2,317,GASNACIO,0.0
TERMO YOPAL2,318,GASNACIO,0.0
TERMO YOPAL2,319,GASNACIO,0.0
TERMO YOPAL2,320,GASNACIO,0.0
TERMO YOPAL2,321,GASNACIO,0.0
TERMO YOPAL2,322,GASNACIO,0.0
TERMO YOPAL2,323,GASNACIO,0.0
TERMO YOPAL2,324,GASNACIO,0.0
TERMO YOPAL2,325,GASNACIO,0.0
TERMO YOPAL2,326,GASNACIO,0.0
TERMO YOPAL2,327,GASNACIO,0.0
TERMO YOPAL2,328,GASNACIO,0.0
TERMO YOPAL2,329,GASNACIO,0.0
TERMO YOPAL2,330,GASNACIO,0.0
TERMO YOPAL2,331,GASNACIO,0.0
TERMO YOPAL2,332,GASNACIO,0.0
TERMO YOPAL2,333,GASNACIO,0.0
TERMO YOPAL2,334,GASNACIO,0.0
TERMO YOPAL2,335,GASNACIO,0.0
TERMO YOPAL2,336,GASNACIO,0.0
TERMO YOPAL2,337,GASNACIO,0.0
TERMO YOPAL2,338,GASNACIO,0.0
TERMO YOPAL2,339,GASNACIO,0.0
TERMO YOPAL2,340,GASNACIO,0.0
TERMO YOPAL2,341,GASNACIO,0.0
TERMO YOPAL2,342,GASNACIO,0.0
TERMO YOPAL2,343,GASNACIO,0.0
TERMO YOPAL2,344,GASNACIO,0.0
TERMO YOPAL2,345,GASNACIO,0.0
TERMO YOPAL2,346,GASNACIO,0.0
TERMO YOPAL2,347,GASNACIO,0.0
TERMO YOPAL2,348,GASNACIO,0.0
TERMO YOPAL2,349,GASNACIO,0.0
TERMO YOPAL2,350,GASNACIO,0.0
TERMO YOPAL2,351,GASNACIO,0.0
TERMO YOPAL2,352,GASNACIO,0.0
TERMO YOPAL2,353,GASNACIO,0.0
TERMO YOPAL2,354,GASNACIO,0.0
TERMO YOPAL2,355,GASNACIO,0.0
TERMO YOPAL2,356,GASNACIO,0.0
TERMO YOPAL2,357,GASNACIO,0.0
TERMO YOPAL2,358,GASNACIO,0.0
TERMO YOPAL2,359,GASNACIO,0.0
TERMO YOPAL2,360,GASNACIO,0.0
TERMO YOPAL2,361,GASNACIO,0.0
TERMO YOPAL2,362,GASNACIO,0.0
TERMO YOPAL2,363,GASNACIO,0.0
TERMO YOPAL2,364,GASNACIO,0.0
TERMO YOPAL2,365,GASNACIO,0.0
TERMO YOPAL2,366,GASNACIO,0.0
TERMO YOPAL2,367,GASNACIO,0.0
TERMO YOPAL2,368,GASNACIO,0.0
TERMO YOPAL2,369,GASNACIO,0.0
TERMO YOPAL2,370,GASNACIO,0.0
TERMO YOPAL2,371,GASNACIO,0.0
TERMO YOPAL2,372,GASNACIO,0.0
TERMO YOPAL2,373,GASNACIO,0.0
TERMO YOPAL2,374,GASNACIO,0.0
TERMO YOPAL2,375,GASNACIO,0.0
TERMO YOPAL2,376,GASNACIO,0.0
TERMO YOPAL2,377,GASNACIO,0.0
TERMO YOPAL2,378,GASNACIO,0.0
TERMO YOPAL2,379,GASNACIO,0.0
TERMO YOPAL2,380,GASNACIO,0.0
TERMO YOPAL2,381,GASNACIO,0.0
TERMO YOPAL2,382,GASNACIO,0.0
TERMO YOPAL2,383,GASNACIO,0.0
TERMO YOPAL2,384,GASNACIO,0.0
TERMOCENTRO,1,GASNACIO,0.0
TERMOCENTRO,2,GASNACIO,0.0
TERMOCENTRO,3,GASNACIO,0.0
TERMOCENTRO,4,GASNACIO,0.0
TERMOCENTRO,5,GASNACIO,0.0
TERMOCENTRO,6,GASNACIO,0.0
TERMOCENTRO,7,GASNACIO,0.0
TERMOCENTRO,8,GASNACIO,0.0
TERMOCENTRO,9,GASNACIO,0.0
TERMOCENTRO,10,GASNACIO,0.0
TERMOCENTRO,11,GASNACIO,0.0
TERMOCENTRO,12,GASNACIO,0.0
TERMOCENTRO,13,GASNACIO,0.0
TERMOCENTRO,14,GASNACIO,0.0
TERMOCENTRO,15,GASNACIO,0.0
TERMOCENTRO,16,GASNACIO,0.0
TERMOCENTRO,17,GASNACIO,0.0
TERMOCENTRO,18,GASNACIO,0.0
TERMOCENTRO,19,GASNACIO,0.0
TERMOCENTRO,20,GASNACIO,0.0
TERMOCENTRO,21,GASNACIO,0.0
TERMOCENTRO,22,GASNACIO,0.0
TERMOCENTRO,23,GASNACIO,0.0
TERMOCENTRO,24,GASNACIO,0.0
TERMOCENTRO,25,GASNACIO,0.0
TERMOCENTRO,26,GASNACIO,0.0
TERMOCENTRO,27,GASNACIO,0.0
TERMOCENTRO,28,GASNACIO,0.0
TERMOCENTRO,29,GASNACIO,0.0
TERMOCENTRO,30,GASNACIO,0.0
TERMOCENTRO,31,GASNACIO,0.0
TERMOCENTRO,32,GASNACIO,0.0
TERMOCENTRO,33,GASNACIO,0.0
TERMOCENTRO,34,GASNACIO,0.0
TERMOCENTRO,35,GASNACIO,0.0
TERMOCENTRO,36,GASNACIO,0.0
TERMOCENTRO,37,GASNACIO,0.0
TERMOCENTRO,38,GASNACIO,0.0
TERMOCENTRO,39,GASNACIO,0.0
TERMOCENTRO,40,GASNACIO,0.0
TERMOCENTRO,41,GASNACIO,0.0
TERMOCENTRO,42,GASNACIO,0.0
TERMOCENTRO,43,GASNACIO,0.0
TERMOCENTRO,44,GASNACIO,0.0
TERMOCENTRO,45,GASNACIO,0.0
TERMOCENTRO,46,GASNACIO,0.0
TERMOCENTRO,47,GASNACIO,0.0
TERMOCENTRO,48,GASNACIO,0.0
TERMOCENTRO,49,GASNACIO,0.0
TERMOCENTRO,50,GASNACIO,0.0
TERMOCENTRO,51,GASNACIO,0.0
TERMOCENTRO,52,GASNACIO,0.0
TERMOCENTRO,53,GASNACIO,0.0
TERMOCENTRO,54,GASNACIO,0.0
TERMOCENTRO,55,GASNACIO,0.0
TERMOCENTRO,56,GASNACIO,0.0
TERMOCENTRO,57,GASNACIO,0.0
TERMOCENTRO,58,GASNACIO,0.0
TERMOCENTRO,59,GASNACIO,0.0
TERMOCENTRO,60,GASNACIO,0.0
TERMOCENTRO,61,GASNACIO,0.0
TERMOCENTRO,62,GASNACIO,0.0
TERMOCENTRO,63,GASNACIO,0.0
TERMOCENTRO,64,GASNACIO,0.0
TERMOCENTRO,65,GASNACIO,0.0
TERMOCENTRO,66,GASNACIO,0.0
TERMOCENTRO,67,GASNACIO,0.0
TERMOCENTRO,68,GASNACIO,0.0
TERMOCENTRO,69,GASNACIO,0.0
TERMOCENTRO,70,GASNACIO,0.0
TERMOCENTRO,71,GASNACIO,0.0
TERMOCENTRO,72,GASNACIO,0.0
TERMOCENTRO,73,GASNACIO,0.0
TERMOCENTRO,74,GASNACIO,0.0
TERMOCENTRO,75,GASNACIO,0.0
TERMOCENTRO,76,GASNACIO,0.0
TERMOCENTRO,77,GASNACIO,0.0
TERMOCENTRO,78,GASNACIO,0.0
TERMOCENTRO,79,GASNACIO,0.0
TERMOCENTRO,80,GASNACIO,0.0
TERMOCENTRO,81,GASNACIO,0.0
TERMOCENTRO,82,GASNACIO,0.0
TERMOCENTRO,83,GASNACIO,0.0
TERMOCENTRO,84,GASNACIO,0.0
TERMOCENTRO,85,GASNACIO,0.0
TERMOCENTRO,86,GASNACIO,0.0
TERMOCENTRO,87,GASNACIO,0.0
TERMOCENTRO,88,GASNACIO,0.0
TERMOCENTRO,89,GASNACIO,0.0
TERMOCENTRO,90,GASNACIO,0.0
TERMOCENTRO,91,GASNACIO,0.0
TERMOCENTRO,92,GASNACIO,0.0
TERMOCENTRO,93,GASNACIO,0.0
TERMOCENTRO,94,GASNACIO,0.0
TERMOCENTRO,95,GASNACIO,0.0
TERMOCENTRO,96,GASNACIO,0.0
TERMOCENTRO,97,GASNACIO,0.0
TERMOCENTRO,98,GASNACIO,0.0
TERMOCENTRO,99,GASNACIO,0.0
TERMOCENTRO,100,GASNACIO,0.0
TERMOCENTRO,101,GASNACIO,0.0
TERMOCENTRO,102,GASNACIO,0.0
TERMOCENTRO,103,GASNACIO,0.0
TERMOCENTRO,104,GASNACIO,0.0
TERMOCENTRO,105,GASNACIO,0.0
TERMOCENTRO,106,GASNACIO,0.0
TERMOCENTRO,107,GASNACIO,0.0
TERMOCENTRO,108,GASNACIO,0.0
TERMOCENTRO,109,GASNACIO,0.0
TERMOCENTRO,110,GASNACIO,0.0
TERMOCENTRO,111,GASNACIO,0.0
TERMOCENTRO,112,GASNACIO,0.0
TERMOCENTRO,113,GASNACIO,0.0
TERMOCENTRO,114,GASNACIO,0.0
TERMOCENTRO,115,GASNACIO,0.0
TERMOCENTRO,116,GASNACIO,0.0
TERMOCENTRO,117,GASNACIO,0.0
TERMOCENTRO,118,GASNACIO,0.0
TERMOCENTRO,119,GASNACIO,0.0
TERMOCENTRO,120,GASNACIO,0.0
TERMOCENTRO,121,GASNACIO,0.0
TERMOCENTRO,122,GASNACIO,0.0
TERMOCENTRO,123,GASNACIO,0.0
TERMOCENTRO,124,GASNACIO,0.0
TERMOCENTRO,125,GASNACIO,0.0
TERMOCENTRO,126,GASNACIO,0.0
TERMOCENTRO,127,GASNACIO,0.0
TERMOCENTRO,128,GASNACIO,0.0
TERMOCENTRO,129,GASNACIO,0.0
TERMOCENTRO,130,GASNACIO,0.0
TERMOCENTRO,131,GASNACIO,0.0
TERMOCENTRO,132,GASNACIO,0.0
TERMOCENTRO,133,GASNACIO,0.0
TERMOCENTRO,134,GASNACIO,0.0
TERMOCENTRO,135,GASNACIO,0.0
TERMOCENTRO,136,GASNACIO,0.0
TERMOCENTRO,137,GASNACIO,0.0
TERMOCENTRO,138,GASNACIO,0.0
TERMOCENTRO,139,GASNACIO,0.0
TERMOCENTRO,140,GASNACIO,0.0
TERMOCENTRO,141,GASNACIO,0.0
TERMOCENTRO,142,GASNACIO,0.0
TERMOCENTRO,143,GASNACIO,0.0
TERMOCENTRO,144,GASNACIO,0.0
TERMOCENTRO,145,GASNACIO,0.0
TERMOCENTRO,146,GASNACIO,0.0
TERMOCENTRO,147,GASNACIO,0.0
TERMOCENTRO,148,GASNACIO,0.0
TERMOCENTRO,149,GASNACIO,0.0
TERMOCENTRO,150,GASNACIO,0.0
TERMOCENTRO,151,GASNACIO,0.0
TERMOCENTRO,152,GASNACIO,0.0
TERMOCENTRO,153,GASNACIO,0.0
TERMOCENTRO,154,GASNACIO,0.0
TERMOCENTRO,155,GASNACIO,0.0
TERMOCENTRO,156,GASNACIO,0.0
TERMOCENTRO,157,GASNACIO,0.0
TERMOCENTRO,158,GASNACIO,0.0
TERMOCENTRO,159,GASNACIO,0.0
TERMOCENTRO,160,GASNACIO,0.0
TERMOCENTRO,161,GASNACIO,0.0
TERMOCENTRO,162,GASNACIO,0.0
TERMOCENTRO,163,GASNACIO,0.0
TERMOCENTRO,164,GASNACIO,0.0
TERMOCENTRO,165,GASNACIO,0.0
TERMOCENTRO,166,GASNACIO,0.0
TERMOCENTRO,167,GASNACIO,0.0
TERMOCENTRO,168,GASNACIO,0.0
TERMOCENTRO,169,GASNACIO,0.0
TERMOCENTRO,170,GASNACIO,0.0
TERMOCENTRO,171,GASNACIO,0.0
TERMOCENTRO,172,GASNACIO,0.0
TERMOCENTRO,173,GASNACIO,0.0
TERMOCENTRO,174,GASNACIO,0.0
TERMOCENTRO,175,GASNACIO,0.0
TERMOCENTRO,176,GASNACIO,0.0
TERMOCENTRO,177,GASNACIO,0.0
TERMOCENTRO,178,GASNACIO,0.0
TERMOCENTRO,179,GASNACIO,0.0
TERMOCENTRO,180,GASNACIO,0.0
TERMOCENTRO,181,GASNACIO,0.0
TERMOCENTRO,182,GASNACIO,0.0
TERMOCENTRO,183,GASNACIO,0.0
TERMOCENTRO,184,GASNACIO,0.0
TERMOCENTRO,185,GASNACIO,0.0
TERMOCENTRO,186,GASNACIO,0.0
TERMOCENTRO,187,GASNACIO,0.0
TERMOCENTRO,188,GASNACIO,0.0
TERMOCENTRO,189,GASNACIO,0.0
TERMOCENTRO,190,GASNACIO,0.0
TERMOCENTRO,191,GASNACIO,0.0
TERMOCENTRO,192,GASNACIO,0.0
TERMOCENTRO,193,GASNACIO,0.0
TERMOCENTRO,194,GASNACIO,0.0
TERMOCENTRO,195,GASNACIO,0.0
TERMOCENTRO,196,GASNACIO,0.0
TERMOCENTRO,197,GASNACIO,0.0
TERMOCENTRO,198,GASNACIO,0.0
TERMOCENTRO,199,GASNACIO,0.0
TERMOCENTRO,200,GASNACIO,0.0
TERMOCENTRO,201,GASNACIO,0.0
TERMOCENTRO,202,GASNACIO,0.0
TERMOCENTRO,203,GASNACIO,0.0
TERMOCENTRO,204,GASNACIO,0.0
TERMOCENTRO,205,GASNACIO,0.0
TERMOCENTRO,206,GASNACIO,0.0
TERMOCENTRO,207,GASNACIO,0.0
TERMOCENTRO,208,GASNACIO,0.0
TERMOCENTRO,209,GASNACIO,0.0
TERMOCENTRO,210,GASNACIO,0.0
TERMOCENTRO,211,GASNACIO,0.0
TERMOCENTRO,212,GASNACIO,0.0
TERMOCENTRO,213,GASNACIO,0.0
TERMOCENTRO,214,GASNACIO,0.0
TERMOCENTRO,215,GASNACIO,0.0
TERMOCENTRO,216,GASNACIO,0.0
TERMOCENTRO,217,GASNACIO,0.0
TERMOCENTRO,218,GASNACIO,0.0
TERMOCENTRO,219,GASNACIO,0.0
TERMOCENTRO,220,GASNACIO,0.0
TERMOCENTRO,221,GASNACIO,0.0
TERMOCENTRO,222,GASNACIO,0.0
TERMOCENTRO,223,GASNACIO,0.0
TERMOCENTRO,224,GASNACIO,0.0
TERMOCENTRO,225,GASNACIO,0.0
TERMOCENTRO,226,GASNACIO,0.0
TERMOCENTRO,227,GASNACIO,0.0
TERMOCENTRO,228,GASNACIO,0.0
TERMOCENTRO,229,GASNACIO,0.0
TERMOCENTRO,230,GASNACIO,0.0
TERMOCENTRO,231,GASNACIO,0.0
TERMOCENTRO,232,GASNACIO,0.0
TERMOCENTRO,233,GASNACIO,0.0
TERMOCENTRO,234,GASNACIO,0.0
TERMOCENTRO,235,GASNACIO,0.0
TERMOCENTRO,236,GASNACIO,0.0
TERMOCENTRO,237,GASNACIO,0.0
TERMOCENTRO,238,GASNACIO,0.0
TERMOCENTRO,239,GASNACIO,0.0
TERMOCENTRO,240,GASNACIO,0.0
TERMOCENTRO,241,GASNACIO,0.0
TERMOCENTRO,242,GASNACIO,0.0
TERMOCENTRO,243,GASNACIO,0.0
TERMOCENTRO,244,GASNACIO,0.0
TERMOCENTRO,245,GASNACIO,0.0
TERMOCENTRO,246,GASNACIO,0.0
TERMOCENTRO,247,GASNACIO,0.0
TERMOCENTRO,248,GASNACIO,0.0
TERMOCENTRO,249,GASNACIO,0.0
TERMOCENTRO,250,GASNACIO,0.0
TERMOCENTRO,251,GASNACIO,0.0
TERMOCENTRO,252,GASNACIO,0.0
TERMOCENTRO,253,GASNACIO,0.0
TERMOCENTRO,254,GASNACIO,0.0
TERMOCENTRO,255,GASNACIO,0.0
TERMOCENTRO,256,GASNACIO,0.0
TERMOCENTRO,257,GASNACIO,0.0
TERMOCENTRO,258,GASNACIO,0.0
TERMOCENTRO,259,GASNACIO,0.0
TERMOCENTRO,260,GASNACIO,0.0
TERMOCENTRO,261,GASNACIO,0.0
TERMOCENTRO,262,GASNACIO,0.0
TERMOCENTRO,263,GASNACIO,0.0
TERMOCENTRO,264,GASNACIO,0.0
TERMOCENTRO,265,GASNACIO,0.0
TERMOCENTRO,266,GASNACIO,0.0
TERMOCENTRO,267,GASNACIO,0.0
TERMOCENTRO,268,GASNACIO,0.0
TERMOCENTRO,269,GASNACIO,0.0
TERMOCENTRO,270,GASNACIO,0.0
TERMOCENTRO,271,GASNACIO,0.0
TERMOCENTRO,272,GASNACIO,0.0
TERMOCENTRO,273,GASNACIO,0.0
TERMOCENTRO,274,GASNACIO,0.0
TERMOCENTRO,275,GASNACIO,0.0
TERMOCENTRO,276,GASNACIO,0.0
TERMOCENTRO,277,GASNACIO,0.0
TERMOCENTRO,278,GASNACIO,0.0
TERMOCENTRO,279,GASNACIO,0.0
TERMOCENTRO,280,GASNACIO,0.0
TERMOCENTRO,281,GASNACIO,0.0
TERMOCENTRO,282,GASNACIO,0.0
TERMOCENTRO,283,GASNACIO,0.0
TERMOCENTRO,284,GASNACIO,0.0
TERMOCENTRO,285,GASNACIO,0.0
TERMOCENTRO,286,GASNACIO,0.0
TERMOCENTRO,287,GASNACIO,0.0
TERMOCENTRO,288,GASNACIO,0.0
TERMOCENTRO,289,GASNACIO,0.0
TERMOCENTRO,290,GASNACIO,0.0
TERMOCENTRO,291,GASNACIO,0.0
TERMOCENTRO,292,GASNACIO,0.0
TERMOCENTRO,293,GASNACIO,0.0
TERMOCENTRO,294,GASNACIO,0.0
TERMOCENTRO,295,GASNACIO,0.0
TERMOCENTRO,296,GASNACIO,0.0
TERMOCENTRO,297,GASNACIO,0.0
TERMOCENTRO,298,GASNACIO,0.0
TERMOCENTRO,299,GASNACIO,0.0
TERMOCENTRO,300,GASNACIO,0.0
TERMOCENTRO,301,GASNACIO,0.0
TERMOCENTRO,302,GASNACIO,0.0
TERMOCENTRO,303,GASNACIO,0.0
TERMOCENTRO,304,GASNACIO,0.0
TERMOCENTRO,305,GASNACIO,0.0
TERMOCENTRO,306,GASNACIO,0.0
TERMOCENTRO,307,GASNACIO,0.0
TERMOCENTRO,308,GASNACIO,0.0
TERMOCENTRO,309,GASNACIO,0.0
TERMOCENTRO,310,GASNACIO,0.0
TERMOCENTRO,311,GASNACIO,0.0
TERMOCENTRO,312,GASNACIO,0.0
TERMOCENTRO,313,GASNACIO,0.0
TERMOCENTRO,314,GASNACIO,0.0
TERMOCENTRO,315,GASNACIO,0.0
TERMOCENTRO,316,GASNACIO,0.0
TERMOCENTRO,317,GASNACIO,0.0
TERMOCENTRO,318,GASNACIO,0.0
TERMOCENTRO,319,GASNACIO,0.0
TERMOCENTRO,320,GASNACIO,0.0
TERMOCENTRO,321,GASNACIO,0.0
TERMOCENTRO,322,GASNACIO,0.0
TERMOCENTRO,323,GASNACIO,0.0
TERMOCENTRO,324,GASNACIO,0.0
TERMOCENTRO,325,GASNACIO,0.0
TERMOCENTRO,326,GASNACIO,0.0
TERMOCENTRO,327,GASNACIO,0.0
TERMOCENTRO,328,GASNACIO,0.0
TERMOCENTRO,329,GASNACIO,0.0
TERMOCENTRO,330,GASNACIO,0.0
TERMOCENTRO,331,GASNACIO,0.0
TERMOCENTRO,332,GASNACIO,0.0
TERMOCENTRO,333,GASNACIO,0.0
TERMOCENTRO,334,GASNACIO,0.0
TERMOCENTRO,335,GASNACIO,0.0
TERMOCENTRO,336,GASNACIO,0.0
TERMOCENTRO,337,GASNACIO,0.0
TERMOCENTRO,338,GASNACIO,0.0
TERMOCENTRO,339,GASNACIO,0.0
TERMOCENTRO,340,GASNACIO,0.0
TERMOCENTRO,341,GASNACIO,0.0
TERMOCENTRO,342,GASNACIO,0.0
TERMOCENTRO,343,GASNACIO,0.0
TERMOCENTRO,344,GASNACIO,0.0
TERMOCENTRO,345,GASNACIO,0.0
TERMOCENTRO,346,GASNACIO,0.0
TERMOCENTRO,347,GASNACIO,0.0
TERMOCENTRO,348,GASNACIO,0.0
TERMOCENTRO,349,GASNACIO,0.0
TERMOCENTRO,350,GASNACIO,0.0
TERMOCENTRO,351,GASNACIO,0.0
TERMOCENTRO,352,GASNACIO,0.0
TERMOCENTRO,353,GASNACIO,0.0
TERMOCENTRO,354,GASNACIO,0.0
TERMOCENTRO,355,GASNACIO,0.0
TERMOCENTRO,356,GASNACIO,0.0
TERMOCENTRO,357,GASNACIO,0.0
TERMOCENTRO,358,GASNACIO,0.0
TERMOCENTRO,359,GASNACIO,0.0
TERMOCENTRO,360,GASNACIO,0.0
TERMOCENTRO,361,GASNACIO,0.0
TERMOCENTRO,362,GASNACIO,0.0
TERMOCENTRO,363,GASNACIO,0.0
TERMOCENTRO,364,GASNACIO,0.0
TERMOCENTRO,365,GASNACIO,0.0
TERMOCENTRO,366,GASNACIO,0.0
TERMOCENTRO,367,GASNACIO,0.0
TERMOCENTRO,368,GASNACIO,0.0
TERMOCENTRO,369,GASNACIO,0.0
TERMOCENTRO,370,GASNACIO,0.0
TERMOCENTRO,371,GASNACIO,0.0
TERMOCENTRO,372,GASNACIO,0.0
TERMOCENTRO,373,GASNACIO,0.0
TERMOCENTRO,374,GASNACIO,0.0
TERMOCENTRO,375,GASNACIO,0.0
TERMOCENTRO,376,GASNACIO,0.0
TERMOCENTRO,377,GASNACIO,0.0
TERMOCENTRO,378,GASNACIO,0.0
TERMOCENTRO,379,GASNACIO,0.0
TERMOCENTRO,380,GASNACIO,0.0
TERMOCENTRO,381,GASNACIO,0.0
TERMOCENTRO,382,GASNACIO,0.0
TERMOCENTRO,383,GASNACIO,0.0
TERMOCENTRO,384,GASNACIO,0.0
TERMODORADA1,1,ACPM,0.0
TERMODORADA1,2,ACPM,0.0
TERMODORADA1,3,ACPM,0.0
TERMODORADA1,4,ACPM,0.0
TERMODORADA1,5,ACPM,0.0
TERMODORADA1,6,ACPM,0.0
TERMODORADA1,7,ACPM,0.0
TERMODORADA1,8,ACPM,0.0
TERMODORADA1,9,ACPM,0.0
TERMODORADA1,10,ACPM,0.0
TERMODORADA1,11,ACPM,0.0
TERMODORADA1,12,ACPM,0.0
TERMODORADA1,13,ACPM,0.0
TERMODORADA1,14,ACPM,0.0
TERMODORADA1,15,ACPM,0.0
TERMODORADA1,16,ACPM,0.0
TERMODORADA1,17,ACPM,0.0
TERMODORADA1,18,ACPM,0.0
TERMODORADA1,19,ACPM,0.0
TERMODORADA1,20,ACPM,0.0
TERMODORADA1,21,ACPM,0.0
TERMODORADA1,22,ACPM,0.0
TERMODORADA1,23,ACPM,0.0
TERMODORADA1,24,ACPM,0.0
TERMODORADA1,25,ACPM,0.0
TERMODORADA1,26,ACPM,0.0
TERMODORADA1,27,ACPM,0.0
TERMODORADA1,28,ACPM,0.0
TERMODORADA1,29,ACPM,0.0
TERMODORADA1,30,ACPM,0.0
TERMODORADA1,31,ACPM,0.0
TERMODORADA1,32,ACPM,0.0
TERMODORADA1,33,ACPM,0.0
TERMODORADA1,34,ACPM,0.0
TERMODORADA1,35,ACPM,0.0
TERMODORADA1,36,ACPM,0.0
TERMODORADA1,37,ACPM,0.0
TERMODORADA1,38,ACPM,0.0
TERMODORADA1,39,ACPM,0.0
TERMODORADA1,40,ACPM,0.0
TERMODORADA1,41,ACPM,0.0
TERMODORADA1,42,ACPM,0.0
TERMODORADA1,43,ACPM,0.0
TERMODORADA1,44,ACPM,0.0
TERMODORADA1,45,ACPM,0.0
TERMODORADA1,46,ACPM,0.0
TERMODORADA1,47,ACPM,0.0
TERMODORADA1,48,ACPM,0.0
TERMODORADA1,49,ACPM,0.0
TERMODORADA1,50,ACPM,0.0
TERMODORADA1,51,ACPM,0.0
TERMODORADA1,52,ACPM,0.0
TERMODORADA1,53,ACPM,0.0
TERMODORADA1,54,ACPM,0.0
TERMODORADA1,55,ACPM,0.0
TERMODORADA1,56,ACPM,0.0
TERMODORADA1,57,ACPM,0.0
TERMODORADA1,58,ACPM,0.0
TERMODORADA1,59,ACPM,0.0
TERMODORADA1,60,ACPM,0.0
TERMODORADA1,61,ACPM,0.0
TERMODORADA1,62,ACPM,0.0
TERMODORADA1,63,ACPM,0.0
TERMODORADA1,64,ACPM,0.0
TERMODORADA1,65,ACPM,0.0
TERMODORADA1,66,ACPM,0.0
TERMODORADA1,67,ACPM,0.0
TERMODORADA1,68,ACPM,0.0
TERMODORADA1,69,ACPM,0.0
TERMODORADA1,70,ACPM,0.0
TERMODORADA1,71,ACPM,0.0
TERMODORADA1,72,ACPM,0.0
TERMODORADA1,73,ACPM,0.0
TERMODORADA1,74,ACPM,0.0
TERMODORADA1,75,ACPM,0.0
TERMODORADA1,76,ACPM,0.0
TERMODORADA1,77,ACPM,0.0
TERMODORADA1,78,ACPM,0.0
TERMODORADA1,79,ACPM,0.0
TERMODORADA1,80,ACPM,0.0
TERMODORADA1,81,ACPM,0.0
TERMODORADA1,82,ACPM,0.0
TERMODORADA1,83,ACPM,0.0
TERMODORADA1,84,ACPM,0.0
TERMODORADA1,85,ACPM,0.0
TERMODORADA1,86,ACPM,0.0
TERMODORADA1,87,ACPM,0.0
TERMODORADA1,88,ACPM,0.0
TERMODORADA1,89,ACPM,0.0
TERMODORADA1,90,ACPM,0.0
TERMODORADA1,91,ACPM,0.0
TERMODORADA1,92,ACPM,0.0
TERMODORADA1,93,ACPM,0.0
TERMODORADA1,94,ACPM,0.0
TERMODORADA1,95,ACPM,0.0
TERMODORADA1,96,ACPM,0.0
TERMODORADA1,97,ACPM,0.0
TERMODORADA1,98,ACPM,0.0
TERMODORADA1,99,ACPM,0.0
TERMODORADA1,100,ACPM,0.0
TERMODORADA1,101,ACPM,0.0
TERMODORADA1,102,ACPM,0.0
TERMODORADA1,103,ACPM,0.0
TERMODORADA1,104,ACPM,0.0
TERMODORADA1,105,ACPM,0.0
TERMODORADA1,106,ACPM,0.0
TERMODORADA1,107,ACPM,0.0
TERMODORADA1,108,ACPM,0.0
TERMODORADA1,109,ACPM,0.0
TERMODORADA1,110,ACPM,0.0
TERMODORADA1,111,ACPM,0.0
TERMODORADA1,112,ACPM,0.0
TERMODORADA1,113,ACPM,0.0
TERMODORADA1,114,ACPM,0.0
TERMODORADA1,115,ACPM,0.0
TERMODORADA1,116,ACPM,0.0
TERMODORADA1,117,ACPM,0.0
TERMODORADA1,118,ACPM,0.0
TERMODORADA1,119,ACPM,0.0
TERMODORADA1,120,ACPM,0.0
TERMODORADA1,121,ACPM,0.0
TERMODORADA1,122,ACPM,0.0
TERMODORADA1,123,ACPM,0.0
TERMODORADA1,124,ACPM,0.0
TERMODORADA1,125,ACPM,0.0
TERMODORADA1,126,ACPM,0.0
TERMODORADA1,127,ACPM,0.0
TERMODORADA1,128,ACPM,0.0
TERMODORADA1,129,ACPM,0.0
TERMODORADA1,130,ACPM,0.0
TERMODORADA1,131,ACPM,0.0
TERMODORADA1,132,ACPM,0.0
TERMODORADA1,133,ACPM,0.0
TERMODORADA1,134,ACPM,0.0
TERMODORADA1,135,ACPM,0.0
TERMODORADA1,136,ACPM,0.0
TERMODORADA1,137,ACPM,0.0
TERMODORADA1,138,ACPM,0.0
TERMODORADA1,139,ACPM,0.0
TERMODORADA1,140,ACPM,0.0
TERMODORADA1,141,ACPM,0.0
TERMODORADA1,142,ACPM,0.0
TERMODORADA1,143,ACPM,0.0
TERMODORADA1,144,ACPM,0.0
TERMODORADA1,145,ACPM,0.0
TERMODORADA1,146,ACPM,0.0
TERMODORADA1,147,ACPM,0.0
TERMODORADA1,148,ACPM,0.0
TERMODORADA1,149,ACPM,0.0
TERMODORADA1,150,ACPM,0.0
TERMODORADA1,151,ACPM,0.0
TERMODORADA1,152,ACPM,0.0
TERMODORADA1,153,ACPM,0.0
TERMODORADA1,154,ACPM,0.0
TERMODORADA1,155,ACPM,0.0
TERMODORADA1,156,ACPM,0.0
TERMODORADA1,157,ACPM,0.0
TERMODORADA1,158,ACPM,0.0
TERMODORADA1,159,ACPM,0.0
TERMODORADA1,160,ACPM,0.0
TERMODORADA1,161,ACPM,0.0
TERMODORADA1,162,ACPM,0.0
TERMODORADA1,163,ACPM,0.0
TERMODORADA1,164,ACPM,0.0
TERMODORADA1,165,ACPM,0.0
TERMODORADA1,166,ACPM,0.0
TERMODORADA1,167,ACPM,0.0
TERMODORADA1,168,ACPM,0.0
TERMODORADA1,169,ACPM,0.0
TERMODORADA1,170,ACPM,0.0
TERMODORADA1,171,ACPM,0.0
TERMODORADA1,172,ACPM,0.0
TERMODORADA1,173,ACPM,0.0
TERMODORADA1,174,ACPM,0.0
TERMODORADA1,175,ACPM,0.0
TERMODORADA1,176,ACPM,0.0
TERMODORADA1,177,ACPM,0.0
TERMODORADA1,178,ACPM,0.0
TERMODORADA1,179,ACPM,0.0
TERMODORADA1,180,ACPM,0.0
TERMODORADA1,181,ACPM,0.0
TERMODORADA1,182,ACPM,0.0
TERMODORADA1,183,ACPM,0.0
TERMODORADA1,184,ACPM,0.0
TERMODORADA1,185,ACPM,0.0
TERMODORADA1,186,ACPM,0.0
TERMODORADA1,187,ACPM,0.0
TERMODORADA1,188,ACPM,0.0
TERMODORADA1,189,ACPM,0.0
TERMODORADA1,190,ACPM,0.0
TERMODORADA1,191,ACPM,0.0
TERMODORADA1,192,ACPM,0.0
TERMODORADA1,193,ACPM,0.0
TERMODORADA1,194,ACPM,0.0
TERMODORADA1,195,ACPM,0.0
TERMODORADA1,196,ACPM,0.0
TERMODORADA1,197,ACPM,0.0
TERMODORADA1,198,ACPM,0.0
TERMODORADA1,199,ACPM,0.0
TERMODORADA1,200,ACPM,0.0
TERMODORADA1,201,ACPM,0.0
TERMODORADA1,202,ACPM,0.0
TERMODORADA1,203,ACPM,0.0
TERMODORADA1,204,ACPM,0.0
TERMODORADA1,205,ACPM,0.0
TERMODORADA1,206,ACPM,0.0
TERMODORADA1,207,ACPM,0.0
TERMODORADA1,208,ACPM,0.0
TERMODORADA1,209,ACPM,0.0
TERMODORADA1,210,ACPM,0.0
TERMODORADA1,211,ACPM,0.0
TERMODORADA1,212,ACPM,0.0
TERMODORADA1,213,ACPM,0.0
TERMODORADA1,214,ACPM,0.0
TERMODORADA1,215,ACPM,0.0
TERMODORADA1,216,ACPM,0.0
TERMODORADA1,217,ACPM,0.0
TERMODORADA1,218,ACPM,0.0
TERMODORADA1,219,ACPM,0.0
TERMODORADA1,220,ACPM,0.0
TERMODORADA1,221,ACPM,0.0
TERMODORADA1,222,ACPM,0.0
TERMODORADA1,223,ACPM,0.0
TERMODORADA1,224,ACPM,0.0
TERMODORADA1,225,ACPM,0.0
TERMODORADA1,226,ACPM,0.0
TERMODORADA1,227,ACPM,0.0
TERMODORADA1,228,ACPM,0.0
TERMODORADA1,229,ACPM,0.0
TERMODORADA1,230,ACPM,0.0
TERMODORADA1,231,ACPM,0.0
TERMODORADA1,232,ACPM,0.0
TERMODORADA1,233,ACPM,0.0
TERMODORADA1,234,ACPM,0.0
TERMODORADA1,235,ACPM,0.0
TERMODORADA1,236,ACPM,0.0
TERMODORADA1,237,ACPM,0.0
TERMODORADA1,238,ACPM,0.0
TERMODORADA1,239,ACPM,0.0
TERMODORADA1,240,ACPM,0.0
TERMODORADA1,241,ACPM,0.0
TERMODORADA1,242,ACPM,0.0
TERMODORADA1,243,ACPM,0.0
TERMODORADA1,244,ACPM,0.0
TERMODORADA1,245,ACPM,0.0
TERMODORADA1,246,ACPM,0.0
TERMODORADA1,247,ACPM,0.0
TERMODORADA1,248,ACPM,0.0
TERMODORADA1,249,ACPM,0.0
TERMODORADA1,250,ACPM,0.0
TERMODORADA1,251,ACPM,0.0
TERMODORADA1,252,ACPM,0.0
TERMODORADA1,253,ACPM,0.0
TERMODORADA1,254,ACPM,0.0
TERMODORADA1,255,ACPM,0.0
TERMODORADA1,256,ACPM,0.0
TERMODORADA1,257,ACPM,0.0
TERMODORADA1,258,ACPM,0.0
TERMODORADA1,259,ACPM,0.0
TERMODORADA1,260,ACPM,0.0
TERMODORADA1,261,ACPM,0.0
TERMODORADA1,262,ACPM,0.0
TERMODORADA1,263,ACPM,0.0
TERMODORADA1,264,ACPM,0.0
TERMODORADA1,265,ACPM,0.0
TERMODORADA1,266,ACPM,0.0
TERMODORADA1,267,ACPM,0.0
TERMODORADA1,268,ACPM,0.0
TERMODORADA1,269,ACPM,0.0
TERMODORADA1,270,ACPM,0.0
TERMODORADA1,271,ACPM,0.0
TERMODORADA1,272,ACPM,0.0
TERMODORADA1,273,ACPM,0.0
TERMODORADA1,274,ACPM,0.0
TERMODORADA1,275,ACPM,0.0
TERMODORADA1,276,ACPM,0.0
TERMODORADA1,277,ACPM,0.0
TERMODORADA1,278,ACPM,0.0
TERMODORADA1,279,ACPM,0.0
TERMODORADA1,280,ACPM,0.0
TERMODORADA1,281,ACPM,0.0
TERMODORADA1,282,ACPM,0.0
TERMODORADA1,283,ACPM,0.0
TERMODORADA1,284,ACPM,0.0
TERMODORADA1,285,ACPM,0.0
TERMODORADA1,286,ACPM,0.0
TERMODORADA1,287,ACPM,0.0
TERMODORADA1,288,ACPM,0.0
TERMODORADA1,289,ACPM,0.0
TERMODORADA1,290,ACPM,0.0
TERMODORADA1,291,ACPM,0.0
TERMODORADA1,292,ACPM,0.0
TERMODORADA1,293,ACPM,0.0
TERMODORADA1,294,ACPM,0.0
TERMODORADA1,295,ACPM,0.0
TERMODORADA1,296,ACPM,0.0
TERMODORADA1,297,ACPM,0.0
TERMODORADA1,298,ACPM,0.0
TERMODORADA1,299,ACPM,0.0
TERMODORADA1,300,ACPM,0.0
TERMODORADA1,301,ACPM,0.0
TERMODORADA1,302,ACPM,0.0
TERMODORADA1,303,ACPM,0.0
TERMODORADA1,304,ACPM,0.0
TERMODORADA1,305,ACPM,0.0
TERMODORADA1,306,ACPM,0.0
TERMODORADA1,307,ACPM,0.0
TERMODORADA1,308,ACPM,0.0
TERMODORADA1,309,ACPM,0.0
TERMODORADA1,310,ACPM,0.0
TERMODORADA1,311,ACPM,0.0
TERMODORADA1,312,ACPM,0.0
TERMODORADA1,313,ACPM,0.0
TERMODORADA1,314,ACPM,0.0
TERMODORADA1,315,ACPM,0.0
TERMODORADA1,316,ACPM,0.0
TERMODORADA1,317,ACPM,0.0
TERMODORADA1,318,ACPM,0.0
TERMODORADA1,319,ACPM,0.0
TERMODORADA1,320,ACPM,0.0
TERMODORADA1,321,ACPM,0.0
TERMODORADA1,322,ACPM,0.0
TERMODORADA1,323,ACPM,0.0
TERMODORADA1,324,ACPM,0.0
TERMODORADA1,325,ACPM,0.0
TERMODORADA1,326,ACPM,0.0
TERMODORADA1,327,ACPM,0.0
TERMODORADA1,328,ACPM,0.0
TERMODORADA1,329,ACPM,0.0
TERMODORADA1,330,ACPM,0.0
TERMODORADA1,331,ACPM,0.0
TERMODORADA1,332,ACPM,0.0
TERMODORADA1,333,ACPM,0.0
TERMODORADA1,334,ACPM,0.0
TERMODORADA1,335,ACPM,0.0
TERMODORADA1,336,ACPM,0.0
TERMODORADA1,337,ACPM,0.0
TERMODORADA1,338,ACPM,0.0
TERMODORADA1,339,ACPM,0.0
TERMODORADA1,340,ACPM,0.0
TERMODORADA1,341,ACPM,0.0
TERMODORADA1,342,ACPM,0.0
TERMODORADA1,343,ACPM,0.0
TERMODORADA1,344,ACPM,0.0
TERMODORADA1,345,ACPM,0.0
TERMODORADA1,346,ACPM,0.0
TERMODORADA1,347,ACPM,0.0
TERMODORADA1,348,ACPM,0.0
TERMODORADA1,349,ACPM,0.0
TERMODORADA1,350,ACPM,0.0
TERMODORADA1,351,ACPM,0.0
TERMODORADA1,352,ACPM,0.0
TERMODORADA1,353,ACPM,0.0
TERMODORADA1,354,ACPM,0.0
TERMODORADA1,355,ACPM,0.0
TERMODORADA1,356,ACPM,0.0
TERMODORADA1,357,ACPM,0.0
TERMODORADA1,358,ACPM,0.0
TERMODORADA1,359,ACPM,0.0
TERMODORADA1,360,ACPM,0.0
TERMODORADA1,361,ACPM,0.0
TERMODORADA1,362,ACPM,0.0
TERMODORADA1,363,ACPM,0.0
TERMODORADA1,364,ACPM,0.0
TERMODORADA1,365,ACPM,0.0
TERMODORADA1,366,ACPM,0.0
TERMODORADA1,367,ACPM,0.0
TERMODORADA1,368,ACPM,0.0
TERMODORADA1,369,ACPM,0.0
TERMODORADA1,370,ACPM,0.0
TERMODORADA1,371,ACPM,0.0
TERMODORADA1,372,ACPM,0.0
TERMODORADA1,373,ACPM,0.0
TERMODORADA1,374,ACPM,0.0
TERMODORADA1,375,ACPM,0.0
TERMODORADA1,376,ACPM,0.0
TERMODORADA1,377,ACPM,0.0
TERMODORADA1,378,ACPM,0.0
TERMODORADA1,379,ACPM,0.0
TERMODORADA1,380,ACPM,0.0
TERMODORADA1,381,ACPM,0.0
TERMODORADA1,382,ACPM,0.0
TERMODORADA1,383,ACPM,0.0
TERMODORADA1,384,ACPM,0.0
TERMOEMCALI,1,ACPM,0.0
TERMOEMCALI,2,ACPM,0.0
TERMOEMCALI,3,ACPM,0.0
TERMOEMCALI,4,ACPM,0.0
TERMOEMCALI,5,ACPM,0.0
TERMOEMCALI,6,ACPM,0.0
TERMOEMCALI,7,ACPM,0.0
TERMOEMCALI,8,ACPM,0.0
TERMOEMCALI,9,ACPM,0.0
TERMOEMCALI,10,ACPM,0.0
TERMOEMCALI,11,ACPM,0.0
TERMOEMCALI,12,ACPM,0.0
TERMOEMCALI,13,ACPM,0.0
TERMOEMCALI,14,ACPM,0.0
TERMOEMCALI,15,ACPM,0.0
TERMOEMCALI,16,ACPM,0.0
TERMOEMCALI,17,ACPM,0.0
TERMOEMCALI,18,ACPM,0.0
TERMOEMCALI,19,ACPM,0.0
TERMOEMCALI,20,ACPM,0.0
TERMOEMCALI,21,ACPM,0.0
TERMOEMCALI,22,ACPM,0.0
TERMOEMCALI,23,ACPM,0.0
TERMOEMCALI,24,ACPM,0.0
TERMOEMCALI,25,ACPM,0.0
TERMOEMCALI,26,ACPM,0.0
TERMOEMCALI,27,ACPM,0.0
TERMOEMCALI,28,ACPM,0.0
TERMOEMCALI,29,ACPM,0.0
TERMOEMCALI,30,ACPM,0.0
TERMOEMCALI,31,ACPM,0.0
TERMOEMCALI,32,ACPM,0.0
TERMOEMCALI,33,ACPM,0.0
TERMOEMCALI,34,ACPM,0.0
TERMOEMCALI,35,ACPM,0.0
TERMOEMCALI,36,ACPM,0.0
TERMOEMCALI,37,ACPM,0.0
TERMOEMCALI,38,ACPM,0.0
TERMOEMCALI,39,ACPM,0.0
TERMOEMCALI,40,ACPM,0.0
TERMOEMCALI,41,ACPM,0.0
TERMOEMCALI,42,ACPM,0.0
TERMOEMCALI,43,ACPM,0.0
TERMOEMCALI,44,ACPM,0.0
TERMOEMCALI,45,ACPM,0.0
TERMOEMCALI,46,ACPM,0.0
TERMOEMCALI,47,ACPM,0.0
TERMOEMCALI,48,ACPM,0.0
TERMOEMCALI,49,ACPM,0.0
TERMOEMCALI,50,ACPM,0.0
TERMOEMCALI,51,ACPM,0.0
TERMOEMCALI,52,ACPM,0.0
TERMOEMCALI,53,ACPM,0.0
TERMOEMCALI,54,ACPM,0.0
TERMOEMCALI,55,ACPM,0.0
TERMOEMCALI,56,ACPM,0.0
TERMOEMCALI,57,ACPM,0.0
TERMOEMCALI,58,ACPM,0.0
TERMOEMCALI,59,ACPM,0.0
TERMOEMCALI,60,ACPM,0.0
TERMOEMCALI,61,ACPM,0.0
TERMOEMCALI,62,ACPM,0.0
TERMOEMCALI,63,ACPM,0.0
TERMOEMCALI,64,ACPM,0.0
TERMOEMCALI,65,ACPM,0.0
TERMOEMCALI,66,ACPM,0.0
TERMOEMCALI,67,ACPM,0.0
TERMOEMCALI,68,ACPM,0.0
TERMOEMCALI,69,ACPM,0.0
TERMOEMCALI,70,ACPM,0.0
TERMOEMCALI,71,ACPM,0.0
TERMOEMCALI,72,ACPM,0.0
TERMOEMCALI,73,ACPM,0.0
TERMOEMCALI,74,ACPM,0.0
TERMOEMCALI,75,ACPM,0.0
TERMOEMCALI,76,ACPM,0.0
TERMOEMCALI,77,ACPM,0.0
TERMOEMCALI,78,ACPM,0.0
TERMOEMCALI,79,ACPM,0.0
TERMOEMCALI,80,ACPM,0.0
TERMOEMCALI,81,ACPM,0.0
TERMOEMCALI,82,ACPM,0.0
TERMOEMCALI,83,ACPM,0.0
TERMOEMCALI,84,ACPM,0.0
TERMOEMCALI,85,ACPM,0.0
TERMOEMCALI,86,ACPM,0.0
TERMOEMCALI,87,ACPM,0.0
TERMOEMCALI,88,ACPM,0.0
TERMOEMCALI,89,ACPM,0.0
TERMOEMCALI,90,ACPM,0.0
TERMOEMCALI,91,ACPM,0.0
TERMOEMCALI,92,ACPM,0.0
TERMOEMCALI,93,ACPM,0.0
TERMOEMCALI,94,ACPM,0.0
TERMOEMCALI,95,ACPM,0.0
TERMOEMCALI,96,ACPM,0.0
TERMOEMCALI,97,ACPM,0.0
TERMOEMCALI,98,ACPM,0.0
TERMOEMCALI,99,ACPM,0.0
TERMOEMCALI,100,ACPM,0.0
TERMOEMCALI,101,ACPM,0.0
TERMOEMCALI,102,ACPM,0.0
TERMOEMCALI,103,ACPM,0.0
TERMOEMCALI,104,ACPM,0.0
TERMOEMCALI,105,ACPM,0.0
TERMOEMCALI,106,ACPM,0.0
TERMOEMCALI,107,ACPM,0.0
TERMOEMCALI,108,ACPM,0.0
TERMOEMCALI,109,ACPM,0.0
TERMOEMCALI,110,ACPM,0.0
TERMOEMCALI,111,ACPM,0.0
TERMOEMCALI,112,ACPM,0.0
TERMOEMCALI,113,ACPM,0.0
TERMOEMCALI,114,ACPM,0.0
TERMOEMCALI,115,ACPM,0.0
TERMOEMCALI,116,ACPM,0.0
TERMOEMCALI,117,ACPM,0.0
TERMOEMCALI,118,ACPM,0.0
TERMOEMCALI,119,ACPM,0.0
TERMOEMCALI,120,ACPM,0.0
TERMOEMCALI,121,ACPM,0.0
TERMOEMCALI,122,ACPM,0.0
TERMOEMCALI,123,ACPM,0.0
TERMOEMCALI,124,ACPM,0.0
TERMOEMCALI,125,ACPM,0.0
TERMOEMCALI,126,ACPM,0.0
TERMOEMCALI,127,ACPM,0.0
TERMOEMCALI,128,ACPM,0.0
TERMOEMCALI,129,ACPM,0.0
TERMOEMCALI,130,ACPM,0.0
TERMOEMCALI,131,ACPM,0.0
TERMOEMCALI,132,ACPM,0.0
TERMOEMCALI,133,ACPM,0.0
TERMOEMCALI,134,ACPM,0.0
TERMOEMCALI,135,ACPM,0.0
TERMOEMCALI,136,ACPM,0.0
TERMOEMCALI,137,ACPM,0.0
TERMOEMCALI,138,ACPM,0.0
TERMOEMCALI,139,ACPM,0.0
TERMOEMCALI,140,ACPM,0.0
TERMOEMCALI,141,ACPM,0.0
TERMOEMCALI,142,ACPM,0.0
TERMOEMCALI,143,ACPM,0.0
TERMOEMCALI,144,ACPM,0.0
TERMOEMCALI,145,ACPM,0.0
TERMOEMCALI,146,ACPM,0.0
TERMOEMCALI,147,ACPM,0.0
TERMOEMCALI,148,ACPM,0.0
TERMOEMCALI,149,ACPM,0.0
TERMOEMCALI,150,ACPM,0.0
TERMOEMCALI,151,ACPM,0.0
TERMOEMCALI,152,ACPM,0.0
TERMOEMCALI,153,ACPM,0.0
TERMOEMCALI,154,ACPM,0.0
TERMOEMCALI,155,ACPM,0.0
TERMOEMCALI,156,ACPM,0.0
TERMOEMCALI,157,ACPM,0.0
TERMOEMCALI,158,ACPM,0.0
TERMOEMCALI,159,ACPM,0.0
TERMOEMCALI,160,ACPM,0.0
TERMOEMCALI,161,ACPM,0.0
TERMOEMCALI,162,ACPM,0.0
TERMOEMCALI,163,ACPM,0.0
TERMOEMCALI,164,ACPM,0.0
TERMOEMCALI,165,ACPM,0.0
TERMOEMCALI,166,ACPM,0.0
TERMOEMCALI,167,ACPM,0.0
TERMOEMCALI,168,ACPM,0.0
TERMOEMCALI,169,ACPM,0.0
TERMOEMCALI,170,ACPM,0.0
TERMOEMCALI,171,ACPM,0.0
TERMOEMCALI,172,ACPM,0.0
TERMOEMCALI,173,ACPM,0.0
TERMOEMCALI,174,ACPM,0.0
TERMOEMCALI,175,ACPM,0.0
TERMOEMCALI,176,ACPM,0.0
TERMOEMCALI,177,ACPM,0.0
TERMOEMCALI,178,ACPM,0.0
TERMOEMCALI,179,ACPM,0.0
TERMOEMCALI,180,ACPM,0.0
TERMOEMCALI,181,ACPM,0.0
TERMOEMCALI,182,ACPM,0.0
TERMOEMCALI,183,ACPM,0.0
TERMOEMCALI,184,ACPM,0.0
TERMOEMCALI,185,ACPM,0.0
TERMOEMCALI,186,ACPM,0.0
TERMOEMCALI,187,ACPM,0.0
TERMOEMCALI,188,ACPM,0.0
TERMOEMCALI,189,ACPM,0.0
TERMOEMCALI,190,ACPM,0.0
TERMOEMCALI,191,ACPM,0.0
TERMOEMCALI,192,ACPM,0.0
TERMOEMCALI,193,ACPM,0.0
TERMOEMCALI,194,ACPM,0.0
TERMOEMCALI,195,ACPM,0.0
TERMOEMCALI,196,ACPM,0.0
TERMOEMCALI,197,ACPM,0.0
TERMOEMCALI,198,ACPM,0.0
TERMOEMCALI,199,ACPM,0.0
TERMOEMCALI,200,ACPM,0.0
TERMOEMCALI,201,ACPM,0.0
TERMOEMCALI,202,ACPM,0.0
TERMOEMCALI,203,ACPM,0.0
TERMOEMCALI,204,ACPM,0.0
TERMOEMCALI,205,ACPM,0.0
TERMOEMCALI,206,ACPM,0.0
TERMOEMCALI,207,ACPM,0.0
TERMOEMCALI,208,ACPM,0.0
TERMOEMCALI,209,ACPM,0.0
TERMOEMCALI,210,ACPM,0.0
TERMOEMCALI,211,ACPM,0.0
TERMOEMCALI,212,ACPM,0.0
TERMOEMCALI,213,ACPM,0.0
TERMOEMCALI,214,ACPM,0.0
TERMOEMCALI,215,ACPM,0.0
TERMOEMCALI,216,ACPM,0.0
TERMOEMCALI,217,ACPM,1588.9394
TERMOEMCALI,218,ACPM,1588.9394
TERMOEMCALI,219,ACPM,1588.9394
TERMOEMCALI,220,ACPM,1588.9394
TERMOEMCALI,221,ACPM,1588.9394
TERMOEMCALI,222,ACPM,1588.9394
TERMOEMCALI,223,ACPM,1588.9394
TERMOEMCALI,224,ACPM,1588.9394
TERMOEMCALI,225,ACPM,1588.9394
TERMOEMCALI,226,ACPM,1588.9394
TERMOEMCALI,227,ACPM,1588.9394
TERMOEMCALI,228,ACPM,1588.9394
TERMOEMCALI,229,ACPM,1588.9394
TERMOEMCALI,230,ACPM,1588.9394
TERMOEMCALI,231,ACPM,1588.9394
TERMOEMCALI,232,ACPM,1588.9394
TERMOEMCALI,233,ACPM,1588.9394
TERMOEMCALI,234,ACPM,1588.9394
TERMOEMCALI,235,ACPM,1588.9394
TERMOEMCALI,236,ACPM,1588.9394
TERMOEMCALI,237,ACPM,1588.9394
TERMOEMCALI,238,ACPM,1588.9394
TERMOEMCALI,239,ACPM,1588.9394
TERMOEMCALI,240,ACPM,1588.9394
TERMOEMCALI,241,ACPM,0.0
TERMOEMCALI,242,ACPM,0.0
TERMOEMCALI,243,ACPM,0.0
TERMOEMCALI,244,ACPM,0.0
TERMOEMCALI,245,ACPM,0.0
TERMOEMCALI,246,ACPM,0.0
TERMOEMCALI,247,ACPM,0.0
TERMOEMCALI,248,ACPM,0.0
TERMOEMCALI,249,ACPM,0.0
TERMOEMCALI,250,ACPM,0.0
TERMOEMCALI,251,ACPM,0.0
TERMOEMCALI,252,ACPM,0.0
TERMOEMCALI,253,ACPM,0.0
TERMOEMCALI,254,ACPM,0.0
TERMOEMCALI,255,ACPM,0.0
TERMOEMCALI,256,ACPM,0.0
TERMOEMCALI,257,ACPM,0.0
TERMOEMCALI,258,ACPM,0.0
TERMOEMCALI,259,ACPM,0.0
TERMOEMCALI,260,ACPM,0.0
TERMOEMCALI,261,ACPM,0.0
TERMOEMCALI,262,ACPM,0.0
TERMOEMCALI,263,ACPM,0.0
TERMOEMCALI,264,ACPM,0.0
TERMOEMCALI,265,ACPM,1588.9394
TERMOEMCALI,266,ACPM,0.0
TERMOEMCALI,267,ACPM,0.0
TERMOEMCALI,268,ACPM,0.0
TERMOEMCALI,269,ACPM,0.0
TERMOEMCALI,270,ACPM,0.0
TERMOEMCALI,271,ACPM,409.113212989568
TERMOEMCALI,272,ACPM,0.0
TERMOEMCALI,273,ACPM,0.0
TERMOEMCALI,274,ACPM,0.0
TERMOEMCALI,275,ACPM,0.0
TERMOEMCALI,276,ACPM,0.0
TERMOEMCALI,277,ACPM,0.0
TERMOEMCALI,278,ACPM,0.0
TERMOEMCALI,279,ACPM,396.755789555773
TERMOEMCALI,280,ACPM,0.0
TERMOEMCALI,281,ACPM,0.0
TERMOEMCALI,282,ACPM,0.0
TERMOEMCALI,283,ACPM,0.0
TERMOEMCALI,284,ACPM,0.0
TERMOEMCALI,285,ACPM,0.0
TERMOEMCALI,286,ACPM,1588.9394
TERMOEMCALI,287,ACPM,0.0
TERMOEMCALI,288,ACPM,1588.9394
TERMOEMCALI,289,ACPM,0.0
TERMOEMCALI,290,ACPM,0.0
TERMOEMCALI,291,ACPM,0.0
TERMOEMCALI,292,ACPM,0.0
TERMOEMCALI,293,ACPM,0.0
TERMOEMCALI,294,ACPM,0.0
TERMOEMCALI,295,ACPM,0.0
TERMOEMCALI,296,ACPM,0.0
TERMOEMCALI,297,ACPM,0.0
TERMOEMCALI,298,ACPM,0.0
TERMOEMCALI,299,ACPM,0.0
TERMOEMCALI,300,ACPM,0.0
TERMOEMCALI,301,ACPM,0.0
TERMOEMCALI,302,ACPM,0.0
TERMOEMCALI,303,ACPM,0.0
TERMOEMCALI,304,ACPM,0.0
TERMOEMCALI,305,ACPM,0.0
TERMOEMCALI,306,ACPM,0.0
TERMOEMCALI,307,ACPM,0.0
TERMOEMCALI,308,ACPM,0.0
TERMOEMCALI,309,ACPM,0.0
TERMOEMCALI,310,ACPM,0.0
TERMOEMCALI,311,ACPM,0.0
TERMOEMCALI,312,ACPM,0.0
TERMOEMCALI,313,ACPM,1588.9394
TERMOEMCALI,314,ACPM,1588.9394
TERMOEMCALI,315,ACPM,1588.9394
TERMOEMCALI,316,ACPM,1588.9394
TERMOEMCALI,317,ACPM,1588.9394
TERMOEMCALI,318,ACPM,1588.9394
TERMOEMCALI,319,ACPM,1588.9394
TERMOEMCALI,320,ACPM,1588.9394
TERMOEMCALI,321,ACPM,1588.9394
TERMOEMCALI,322,ACPM,1588.9394
TERMOEMCALI,323,ACPM,1588.9394
TERMOEMCALI,324,ACPM,1588.9394
TERMOEMCALI,325,ACPM,1588.9394
TERMOEMCALI,326,ACPM,1588.9394
TERMOEMCALI,327,ACPM,1588.9394
TERMOEMCALI,328,ACPM,1588.9394
TERMOEMCALI,329,ACPM,1588.9394
TERMOEMCALI,330,ACPM,1588.9394
TERMOEMCALI,331,ACPM,1588.9394
TERMOEMCALI,332,ACPM,1588.9394
TERMOEMCALI,333,ACPM,1588.9394
TERMOEMCALI,334,ACPM,1588.9394
TERMOEMCALI,335,ACPM,1588.9394
TERMOEMCALI,336,ACPM,1588.9394
TERMOEMCALI,337,ACPM,0.0
TERMOEMCALI,338,ACPM,0.0
TERMOEMCALI,339,ACPM,0.0
TERMOEMCALI,340,ACPM,0.0
TERMOEMCALI,341,ACPM,0.0
TERMOEMCALI,342,ACPM,0.0
TERMOEMCALI,343,ACPM,0.0
TERMOEMCALI,344,ACPM,0.0
TERMOEMCALI,345,ACPM,0.0
TERMOEMCALI,346,ACPM,0.0
TERMOEMCALI,347,ACPM,0.0
TERMOEMCALI,348,ACPM,0.0
TERMOEMCALI,349,ACPM,0.0
TERMOEMCALI,350,ACPM,0.0
TERMOEMCALI,351,ACPM,0.0
TERMOEMCALI,352,ACPM,0.0
TERMOEMCALI,353,ACPM,0.0
TERMOEMCALI,354,ACPM,0.0
TERMOEMCALI,355,ACPM,0.0
TERMOEMCALI,356,ACPM,0.0
TERMOEMCALI,357,ACPM,0.0
TERMOEMCALI,358,ACPM,0.0
TERMOEMCALI,359,ACPM,0.0
TERMOEMCALI,360,ACPM,0.0
TERMOEMCALI,361,ACPM,1588.9394
TERMOEMCALI,362,ACPM,1588.9394
TERMOEMCALI,363,ACPM,1588.9394
TERMOEMCALI,364,ACPM,1588.9394
TERMOEMCALI,365,ACPM,1588.9394
TERMOEMCALI,366,ACPM,1588.9394
TERMOEMCALI,367,ACPM,1588.9394
TERMOEMCALI,368,ACPM,1588.9394
TERMOEMCALI,369,ACPM,1588.9394
TERMOEMCALI,370,ACPM,1588.9394
TERMOEMCALI,371,ACPM,1588.9394
TERMOEMCALI,372,ACPM,1588.9394
TERMOEMCALI,373,ACPM,1588.9394
TERMOEMCALI,374,ACPM,1588.9394
TERMOEMCALI,375,ACPM,1588.9394
TERMOEMCALI,376,ACPM,1588.9394
TERMOEMCALI,377,ACPM,1588.9394
TERMOEMCALI,378,ACPM,1588.9394
TERMOEMCALI,379,ACPM,1588.9394
TERMOEMCALI,380,ACPM,1588.9394
TERMOEMCALI,381,ACPM,1588.9394
TERMOEMCALI,382,ACPM,1588.9394
TERMOEMCALI,383,ACPM,1588.9394
TERMOEMCALI,384,ACPM,1588.9394
TERMONORTE,1,ACPM,0.0
TERMONORTE,2,ACPM,0.0
TERMONORTE,3,ACPM,0.0
TERMONORTE,4,ACPM,0.0
TERMONORTE,5,ACPM,0.0
TERMONORTE,6,ACPM,0.0
TERMONORTE,7,ACPM,0.0
TERMONORTE,8,ACPM,0.0
TERMONORTE,9,ACPM,0.0
TERMONORTE,10,ACPM,0.0
TERMONORTE,11,ACPM,0.0
TERMONORTE,12,ACPM,0.0
TERMONORTE,13,ACPM,0.0
TERMONORTE,14,ACPM,0.0
TERMONORTE,15,ACPM,0.0
TERMONORTE,16,ACPM,0.0
TERMONORTE,17,ACPM,0.0
TERMONORTE,18,ACPM,0.0
TERMONORTE,19,ACPM,0.0
TERMONORTE,20,ACPM,0.0
TERMONORTE,21,ACPM,0.0
TERMONORTE,22,ACPM,0.0
TERMONORTE,23,ACPM,0.0
TERMONORTE,24,ACPM,0.0
TERMONORTE,25,ACPM,0.0
TERMONORTE,26,ACPM,0.0
TERMONORTE,27,ACPM,0.0
TERMONORTE,28,ACPM,0.0
TERMONORTE,29,ACPM,0.0
TERMONORTE,30,ACPM,0.0
TERMONORTE,31,ACPM,0.0
TERMONORTE,32,ACPM,0.0
TERMONORTE,33,ACPM,0.0
TERMONORTE,34,ACPM,0.0
TERMONORTE,35,ACPM,0.0
TERMONORTE,36,ACPM,0.0
TERMONORTE,37,ACPM,0.0
TERMONORTE,38,ACPM,0.0
TERMONORTE,39,ACPM,0.0
TERMONORTE,40,ACPM,0.0
TERMONORTE,41,ACPM,0.0
TERMONORTE,42,ACPM,0.0
TERMONORTE,43,ACPM,0.0
TERMONORTE,44,ACPM,0.0
TERMONORTE,45,ACPM,0.0
TERMONORTE,46,ACPM,0.0
TERMONORTE,47,ACPM,0.0
TERMONORTE,48,ACPM,0.0
TERMONORTE,49,ACPM,0.0
TERMONORTE,50,ACPM,0.0
TERMONORTE,51,ACPM,0.0
TERMONORTE,52,ACPM,0.0
TERMONORTE,53,ACPM,0.0
TERMONORTE,54,ACPM,0.0
TERMONORTE,55,ACPM,0.0
TERMONORTE,56,ACPM,0.0
TERMONORTE,57,ACPM,0.0
TERMONORTE,58,ACPM,0.0
TERMONORTE,59,ACPM,0.0
TERMONORTE,60,ACPM,0.0
TERMONORTE,61,ACPM,0.0
TERMONORTE,62,ACPM,0.0
TERMONORTE,63,ACPM,0.0
TERMONORTE,64,ACPM,0.0
TERMONORTE,65,ACPM,0.0
TERMONORTE,66,ACPM,0.0
TERMONORTE,67,ACPM,0.0
TERMONORTE,68,ACPM,0.0
TERMONORTE,69,ACPM,0.0
TERMONORTE,70,ACPM,0.0
TERMONORTE,71,ACPM,0.0
TERMONORTE,72,ACPM,0.0
TERMONORTE,73,ACPM,0.0
TERMONORTE,74,ACPM,0.0
TERMONORTE,75,ACPM,0.0
TERMONORTE,76,ACPM,0.0
TERMONORTE,77,ACPM,0.0
TERMONORTE,78,ACPM,0.0
TERMONORTE,79,ACPM,0.0
TERMONORTE,80,ACPM,0.0
TERMONORTE,81,ACPM,0.0
TERMONORTE,82,ACPM,0.0
TERMONORTE,83,ACPM,0.0
TERMONORTE,84,ACPM,0.0
TERMONORTE,85,ACPM,0.0
TERMONORTE,86,ACPM,0.0
TERMONORTE,87,ACPM,0.0
TERMONORTE,88,ACPM,0.0
TERMONORTE,89,ACPM,0.0
TERMONORTE,90,ACPM,0.0
TERMONORTE,91,ACPM,0.0
TERMONORTE,92,ACPM,0.0
TERMONORTE,93,ACPM,0.0
TERMONORTE,94,ACPM,0.0
TERMONORTE,95,ACPM,0.0
TERMONORTE,96,ACPM,0.0
TERMONORTE,97,ACPM,0.0
TERMONORTE,98,ACPM,0.0
TERMONORTE,99,ACPM,0.0
TERMONORTE,100,ACPM,0.0
TERMONORTE,101,ACPM,0.0
TERMONORTE,102,ACPM,0.0
TERMONORTE,103,ACPM,0.0
TERMONORTE,104,ACPM,0.0
TERMONORTE,105,ACPM,0.0
TERMONORTE,106,ACPM,0.0
TERMONORTE,107,ACPM,0.0
TERMONORTE,108,ACPM,0.0
TERMONORTE,109,ACPM,0.0
TERMONORTE,110,ACPM,0.0
TERMONORTE,111,ACPM,0.0
TERMONORTE,112,ACPM,0.0
TERMONORTE,113,ACPM,0.0
TERMONORTE,114,ACPM,0.0
TERMONORTE,115,ACPM,0.0
TERMONORTE,116,ACPM,0.0
TERMONORTE,117,ACPM,0.0
TERMONORTE,118,ACPM,0.0
TERMONORTE,119,ACPM,0.0
TERMONORTE,120,ACPM,0.0
TERMONORTE,121,ACPM,0.0
TERMONORTE,122,ACPM,0.0
TERMONORTE,123,ACPM,0.0
TERMONORTE,124,ACPM,0.0
TERMONORTE,125,ACPM,0.0
TERMONORTE,126,ACPM,0.0
TERMONORTE,127,ACPM,0.0
TERMONORTE,128,ACPM,0.0
TERMONORTE,129,ACPM,0.0
TERMONORTE,130,ACPM,0.0
TERMONORTE,131,ACPM,0.0
TERMONORTE,132,ACPM,0.0
TERMONORTE,133,ACPM,0.0
TERMONORTE,134,ACPM,0.0
TERMONORTE,135,ACPM,0.0
TERMONORTE,136,ACPM,0.0
TERMONORTE,137,ACPM,0.0
TERMONORTE,138,ACPM,0.0
TERMONORTE,139,ACPM,0.0
TERMONORTE,140,ACPM,0.0
TERMONORTE,141,ACPM,0.0
TERMONORTE,142,ACPM,0.0
TERMONORTE,143,ACPM,0.0
TERMONORTE,144,ACPM,0.0
TERMONORTE,145,ACPM,0.0
TERMONORTE,146,ACPM,0.0
TERMONORTE,147,ACPM,0.0
TERMONORTE,148,ACPM,0.0
TERMONORTE,149,ACPM,0.0
TERMONORTE,150,ACPM,0.0
TERMONORTE,151,ACPM,0.0
TERMONORTE,152,ACPM,0.0
TERMONORTE,153,ACPM,0.0
TERMONORTE,154,ACPM,0.0
TERMONORTE,155,ACPM,0.0
TERMONORTE,156,ACPM,0.0
TERMONORTE,157,ACPM,0.0
TERMONORTE,158,ACPM,0.0
TERMONORTE,159,ACPM,0.0
TERMONORTE,160,ACPM,0.0
TERMONORTE,161,ACPM,0.0
TERMONORTE,162,ACPM,0.0
TERMONORTE,163,ACPM,0.0
TERMONORTE,164,ACPM,0.0
TERMONORTE,165,ACPM,0.0
TERMONORTE,166,ACPM,0.0
TERMONORTE,167,ACPM,0.0
TERMONORTE,168,ACPM,0.0
TERMONORTE,169,ACPM,0.0
TERMONORTE,170,ACPM,0.0
TERMONORTE,171,ACPM,0.0
TERMONORTE,172,ACPM,0.0
TERMONORTE,173,ACPM,0.0
TERMONORTE,174,ACPM,0.0
TERMONORTE,175,ACPM,0.0
TERMONORTE,176,ACPM,0.0
TERMONORTE,177,ACPM,0.0
TERMONORTE,178,ACPM,0.0
TERMONORTE,179,ACPM,0.0
TERMONORTE,180,ACPM,0.0
TERMONORTE,181,ACPM,0.0
TERMONORTE,182,ACPM,0.0
TERMONORTE,183,ACPM,0.0
TERMONORTE,184,ACPM,0.0
TERMONORTE,185,ACPM,0.0
TERMONORTE,186,ACPM,0.0
TERMONORTE,187,ACPM,0.0
TERMONORTE,188,ACPM,0.0
TERMONORTE,189,ACPM,0.0
TERMONORTE,190,ACPM,0.0
TERMONORTE,191,ACPM,0.0
TERMONORTE,192,ACPM,0.0
TERMONORTE,193,ACPM,0.0
TERMONORTE,194,ACPM,0.0
TERMONORTE,195,ACPM,0.0
TERMONORTE,196,ACPM,0.0
TERMONORTE,197,ACPM,0.0
TERMONORTE,198,ACPM,0.0
TERMONORTE,199,ACPM,0.0
TERMONORTE,200,ACPM,0.0
TERMONORTE,201,ACPM,0.0
TERMONORTE,202,ACPM,0.0
TERMONORTE,203,ACPM,0.0
TERMONORTE,204,ACPM,0.0
TERMONORTE,205,ACPM,0.0
TERMONORTE,206,ACPM,0.0
TERMONORTE,207,ACPM,0.0
TERMONORTE,208,ACPM,0.0
TERMONORTE,209,ACPM,0.0
TERMONORTE,210,ACPM,0.0
TERMONORTE,211,ACPM,0.0
TERMONORTE,212,ACPM,0.0
TERMONORTE,213,ACPM,0.0
TERMONORTE,214,ACPM,0.0
TERMONORTE,215,ACPM,0.0
TERMONORTE,216,ACPM,0.0
TERMONORTE,217,ACPM,0.0
TERMONORTE,218,ACPM,0.0
TERMONORTE,219,ACPM,0.0
TERMONORTE,220,ACPM,0.0
TERMONORTE,221,ACPM,0.0
TERMONORTE,222,ACPM,0.0
TERMONORTE,223,ACPM,0.0
TERMONORTE,224,ACPM,0.0
TERMONORTE,225,ACPM,0.0
TERMONORTE,226,ACPM,0.0
TERMONORTE,227,ACPM,0.0
TERMONORTE,228,ACPM,0.0
TERMONORTE,229,ACPM,0.0
TERMONORTE,230,ACPM,0.0
TERMONORTE,231,ACPM,0.0
TERMONORTE,232,ACPM,0.0
TERMONORTE,233,ACPM,0.0
TERMONORTE,234,ACPM,0.0
TERMONORTE,235,ACPM,0.0
TERMONORTE,236,ACPM,0.0
TERMONORTE,237,ACPM,0.0
TERMONORTE,238,ACPM,0.0
TERMONORTE,239,ACPM,0.0
TERMONORTE,240,ACPM,0.0
TERMONORTE,241,ACPM,0.0
TERMONORTE,242,ACPM,0.0
TERMONORTE,243,ACPM,0.0
TERMONORTE,244,ACPM,0.0
TERMONORTE,245,ACPM,0.0
TERMONORTE,246,ACPM,0.0
TERMONORTE,247,ACPM,0.0
TERMONORTE,248,ACPM,0.0
TERMONORTE,249,ACPM,0.0
TERMONORTE,250,ACPM,0.0
TERMONORTE,251,ACPM,0.0
TERMONORTE,252,ACPM,0.0
TERMONORTE,253,ACPM,0.0
TERMONORTE,254,ACPM,0.0
TERMONORTE,255,ACPM,0.0
TERMONORTE,256,ACPM,0.0
TERMONORTE,257,ACPM,0.0
TERMONORTE,258,ACPM,0.0
TERMONORTE,259,ACPM,0.0
TERMONORTE,260,ACPM,0.0
TERMONORTE,261,ACPM,0.0
TERMONORTE,262,ACPM,0.0
TERMONORTE,263,ACPM,0.0
TERMONORTE,264,ACPM,0.0
TERMONORTE,265,ACPM,0.0
TERMONORTE,266,ACPM,0.0
TERMONORTE,267,ACPM,0.0
TERMONORTE,268,ACPM,0.0
TERMONORTE,269,ACPM,0.0
TERMONORTE,270,ACPM,0.0
TERMONORTE,271,ACPM,0.0
TERMONORTE,272,ACPM,0.0
TERMONORTE,273,ACPM,0.0
TERMONORTE,274,ACPM,0.0
TERMONORTE,275,ACPM,0.0
TERMONORTE,276,ACPM,0.0
TERMONORTE,277,ACPM,0.0
TERMONORTE,278,ACPM,0.0
TERMONORTE,279,ACPM,0.0
TERMONORTE,280,ACPM,0.0
TERMONORTE,281,ACPM,0.0
TERMONORTE,282,ACPM,0.0
TERMONORTE,283,ACPM,0.0
TERMONORTE,284,ACPM,0.0
TERMONORTE,285,ACPM,0.0
TERMONORTE,286,ACPM,0.0
TERMONORTE,287,ACPM,0.0
TERMONORTE,288,ACPM,0.0
TERMONORTE,289,ACPM,0.0
TERMONORTE,290,ACPM,0.0
TERMONORTE,291,ACPM,0.0
TERMONORTE,292,ACPM,0.0
TERMONORTE,293,ACPM,0.0
TERMONORTE,294,ACPM,0.0
TERMONORTE,295,ACPM,0.0
TERMONORTE,296,ACPM,0.0
TERMONORTE,297,ACPM,0.0
TERMONORTE,298,ACPM,0.0
TERMONORTE,299,ACPM,0.0
TERMONORTE,300,ACPM,0.0
TERMONORTE,301,ACPM,0.0
TERMONORTE,302,ACPM,0.0
TERMONORTE,303,ACPM,0.0
TERMONORTE,304,ACPM,0.0
TERMONORTE,305,ACPM,0.0
TERMONORTE,306,ACPM,0.0
TERMONORTE,307,ACPM,0.0
TERMONORTE,308,ACPM,0.0
TERMONORTE,309,ACPM,0.0
TERMONORTE,310,ACPM,0.0
TERMONORTE,311,ACPM,0.0
TERMONORTE,312,ACPM,0.0
TERMONORTE,313,ACPM,0.0
TERMONORTE,314,ACPM,0.0
TERMONORTE,315,ACPM,0.0
TERMONORTE,316,ACPM,0.0
TERMONORTE,317,ACPM,0.0
TERMONORTE,318,ACPM,0.0
TERMONORTE,319,ACPM,0.0
TERMONORTE,320,ACPM,0.0
TERMONORTE,321,ACPM,0.0
TERMONORTE,322,ACPM,0.0
TERMONORTE,323,ACPM,0.0
TERMONORTE,324,ACPM,0.0
TERMONORTE,325,ACPM,0.0
TERMONORTE,326,ACPM,0.0
TERMONORTE,327,ACPM,0.0
TERMONORTE,328,ACPM,0.0
TERMONORTE,329,ACPM,0.0
TERMONORTE,330,ACPM,0.0
TERMONORTE,331,ACPM,0.0
TERMONORTE,332,ACPM,0.0
TERMONORTE,333,ACPM,0.0
TERMONORTE,334,ACPM,0.0
TERMONORTE,335,ACPM,0.0
TERMONORTE,336,ACPM,0.0
TERMONORTE,337,ACPM,0.0
TERMONORTE,338,ACPM,0.0
TERMONORTE,339,ACPM,0.0
TERMONORTE,340,ACPM,0.0
TERMONORTE,341,ACPM,0.0
TERMONORTE,342,ACPM,0.0
TERMONORTE,343,ACPM,0.0
TERMONORTE,344,ACPM,0.0
TERMONORTE,345,ACPM,0.0
TERMONORTE,346,ACPM,0.0
TERMONORTE,347,ACPM,0.0
TERMONORTE,348,ACPM,0.0
TERMONORTE,349,ACPM,0.0
TERMONORTE,350,ACPM,0.0
TERMONORTE,351,ACPM,0.0
TERMONORTE,352,ACPM,0.0
TERMONORTE,353,ACPM,0.0
TERMONORTE,354,ACPM,0.0
TERMONORTE,355,ACPM,0.0
TERMONORTE,356,ACPM,0.0
TERMONORTE,357,ACPM,0.0
TERMONORTE,358,ACPM,0.0
TERMONORTE,359,ACPM,0.0
TERMONORTE,360,ACPM,0.0
TERMONORTE,361,ACPM,0.0
TERMONORTE,362,ACPM,0.0
TERMONORTE,363,ACPM,0.0
TERMONORTE,364,ACPM,0.0
TERMONORTE,365,ACPM,0.0
TERMONORTE,366,ACPM,0.0
TERMONORTE,367,ACPM,0.0
TERMONORTE,368,ACPM,0.0
TERMONORTE,369,ACPM,0.0
TERMONORTE,370,ACPM,0.0
TERMONORTE,371,ACPM,0.0
TERMONORTE,372,ACPM,0.0
TERMONORTE,373,ACPM,0.0
TERMONORTE,374,ACPM,0.0
TERMONORTE,375,ACPM,0.0
TERMONORTE,376,ACPM,0.0
TERMONORTE,377,ACPM,0.0
TERMONORTE,378,ACPM,0.0
TERMONORTE,379,ACPM,0.0
TERMONORTE,380,ACPM,0.0
TERMONORTE,381,ACPM,0.0
TERMONORTE,382,ACPM,0.0
TERMONORTE,383,ACPM,0.0
TERMONORTE,384,ACPM,0.0
TERMOSIERRA,1,ACPM,0.0
TERMOSIERRA,2,ACPM,0.0
TERMOSIERRA,3,ACPM,0.0
TERMOSIERRA,4,ACPM,0.0
TERMOSIERRA,5,ACPM,0.0
TERMOSIERRA,6,ACPM,0.0
TERMOSIERRA,7,ACPM,0.0
TERMOSIERRA,8,ACPM,0.0
TERMOSIERRA,9,ACPM,0.0
TERMOSIERRA,10,ACPM,0.0
TERMOSIERRA,11,ACPM,0.0
TERMOSIERRA,12,ACPM,0.0
TERMOSIERRA,13,ACPM,0.0
TERMOSIERRA,14,ACPM,0.0
TERMOSIERRA,15,ACPM,0.0
TERMOSIERRA,16,ACPM,0.0
TERMOSIERRA,17,ACPM,0.0
TERMOSIERRA,18,ACPM,0.0
TERMOSIERRA,19,ACPM,0.0
TERMOSIERRA,20,ACPM,0.0
TERMOSIERRA,21,ACPM,0.0
TERMOSIERRA,22,ACPM,0.0
TERMOSIERRA,23,ACPM,0.0
TERMOSIERRA,24,ACPM,0.0
TERMOSIERRA,25,ACPM,0.0
TERMOSIERRA,26,ACPM,0.0
TERMOSIERRA,27,ACPM,0.0
TERMOSIERRA,28,ACPM,0.0
TERMOSIERRA,29,ACPM,0.0
TERMOSIERRA,30,ACPM,0.0
TERMOSIERRA,31,ACPM,0.0
TERMOSIERRA,32,ACPM,0.0
TERMOSIERRA,33,ACPM,0.0
TERMOSIERRA,34,ACPM,0.0
TERMOSIERRA,35,ACPM,0.0
TERMOSIERRA,36,ACPM,0.0
TERMOSIERRA,37,ACPM,0.0
TERMOSIERRA,38,ACPM,0.0
TERMOSIERRA,39,ACPM,0.0
TERMOSIERRA,40,ACPM,0.0
TERMOSIERRA,41,ACPM,0.0
TERMOSIERRA,42,ACPM,0.0
TERMOSIERRA,43,ACPM,0.0
TERMOSIERRA,44,ACPM,0.0
TERMOSIERRA,45,ACPM,0.0
TERMOSIERRA,46,ACPM,0.0
TERMOSIERRA,47,ACPM,0.0
TERMOSIERRA,48,ACPM,0.0
TERMOSIERRA,49,ACPM,0.0
TERMOSIERRA,50,ACPM,0.0
TERMOSIERRA,51,ACPM,0.0
TERMOSIERRA,52,ACPM,0.0
TERMOSIERRA,53,ACPM,0.0
TERMOSIERRA,54,ACPM,0.0
TERMOSIERRA,55,ACPM,0.0
TERMOSIERRA,56,ACPM,0.0
TERMOSIERRA,57,ACPM,0.0
TERMOSIERRA,58,ACPM,0.0
TERMOSIERRA,59,ACPM,0.0
TERMOSIERRA,60,ACPM,0.0
TERMOSIERRA,61,ACPM,0.0
TERMOSIERRA,62,ACPM,0.0
TERMOSIERRA,63,ACPM,0.0
TERMOSIERRA,64,ACPM,0.0
TERMOSIERRA,65,ACPM,0.0
TERMOSIERRA,66,ACPM,0.0
TERMOSIERRA,67,ACPM,0.0
TERMOSIERRA,68,ACPM,0.0
TERMOSIERRA,69,ACPM,0.0
TERMOSIERRA,70,ACPM,0.0
TERMOSIERRA,71,ACPM,0.0
TERMOSIERRA,72,ACPM,0.0
TERMOSIERRA,73,ACPM,0.0
TERMOSIERRA,74,ACPM,0.0
TERMOSIERRA,75,ACPM,0.0
TERMOSIERRA,76,ACPM,0.0
TERMOSIERRA,77,ACPM,0.0
TERMOSIERRA,78,ACPM,0.0
TERMOSIERRA,79,ACPM,0.0
TERMOSIERRA,80,ACPM,0.0
TERMOSIERRA,81,ACPM,0.0
TERMOSIERRA,82,ACPM,0.0
TERMOSIERRA,83,ACPM,0.0
TERMOSIERRA,84,ACPM,0.0
TERMOSIERRA,85,ACPM,0.0
TERMOSIERRA,86,ACPM,0.0
TERMOSIERRA,87,ACPM,0.0
TERMOSIERRA,88,ACPM,0.0
TERMOSIERRA,89,ACPM,0.0
TERMOSIERRA,90,ACPM,0.0
TERMOSIERRA,91,ACPM,0.0
TERMOSIERRA,92,ACPM,0.0
TERMOSIERRA,93,ACPM,0.0
TERMOSIERRA,94,ACPM,0.0
TERMOSIERRA,95,ACPM,0.0
TERMOSIERRA,96,ACPM,0.0
TERMOSIERRA,97,ACPM,0.0
TERMOSIERRA,98,ACPM,0.0
TERMOSIERRA,99,ACPM,0.0
TERMOSIERRA,100,ACPM,0.0
TERMOSIERRA,101,ACPM,0.0
TERMOSIERRA,102,ACPM,0.0
TERMOSIERRA,103,ACPM,0.0
TERMOSIERRA,104,ACPM,0.0
TERMOSIERRA,105,ACPM,0.0
TERMOSIERRA,106,ACPM,0.0
TERMOSIERRA,107,ACPM,0.0
TERMOSIERRA,108,ACPM,0.0
TERMOSIERRA,109,ACPM,0.0
TERMOSIERRA,110,ACPM,0.0
TERMOSIERRA,111,ACPM,0.0
TERMOSIERRA,112,ACPM,0.0
TERMOSIERRA,113,ACPM,0.0
TERMOSIERRA,114,ACPM,0.0
TERMOSIERRA,115,ACPM,0.0
TERMOSIERRA,116,ACPM,0.0
TERMOSIERRA,117,ACPM,0.0
TERMOSIERRA,118,ACPM,0.0
TERMOSIERRA,119,ACPM,0.0
TERMOSIERRA,120,ACPM,0.0
TERMOSIERRA,121,ACPM,0.0
TERMOSIERRA,122,ACPM,0.0
TERMOSIERRA,123,ACPM,0.0
TERMOSIERRA,124,ACPM,0.0
TERMOSIERRA,125,ACPM,0.0
TERMOSIERRA,126,ACPM,0.0
TERMOSIERRA,127,ACPM,0.0
TERMOSIERRA,128,ACPM,0.0
TERMOSIERRA,129,ACPM,0.0
TERMOSIERRA,130,ACPM,0.0
TERMOSIERRA,131,ACPM,0.0
TERMOSIERRA,132,ACPM,0.0
TERMOSIERRA,133,ACPM,0.0
TERMOSIERRA,134,ACPM,0.0
TERMOSIERRA,135,ACPM,0.0
TERMOSIERRA,136,ACPM,0.0
TERMOSIERRA,137,ACPM,0.0
TERMOSIERRA,138,ACPM,0.0
TERMOSIERRA,139,ACPM,0.0
TERMOSIERRA,140,ACPM,0.0
TERMOSIERRA,141,ACPM,0.0
TERMOSIERRA,142,ACPM,0.0
TERMOSIERRA,143,ACPM,0.0
TERMOSIERRA,144,ACPM,0.0
TERMOSIERRA,145,ACPM,0.0
TERMOSIERRA,146,ACPM,0.0
TERMOSIERRA,147,ACPM,0.0
TERMOSIERRA,148,ACPM,0.0
TERMOSIERRA,149,ACPM,0.0
TERMOSIERRA,150,ACPM,0.0
TERMOSIERRA,151,ACPM,0.0
TERMOSIERRA,152,ACPM,0.0
TERMOSIERRA,153,ACPM,0.0
TERMOSIERRA,154,ACPM,0.0
TERMOSIERRA,155,ACPM,0.0
TERMOSIERRA,156,ACPM,0.0
TERMOSIERRA,157,ACPM,0.0
TERMOSIERRA,158,ACPM,0.0
TERMOSIERRA,159,ACPM,0.0
TERMOSIERRA,160,ACPM,0.0
TERMOSIERRA,161,ACPM,0.0
TERMOSIERRA,162,ACPM,0.0
TERMOSIERRA,163,ACPM,0.0
TERMOSIERRA,164,ACPM,0.0
TERMOSIERRA,165,ACPM,0.0
TERMOSIERRA,166,ACPM,0.0
TERMOSIERRA,167,ACPM,0.0
TERMOSIERRA,168,ACPM,0.0
TERMOSIERRA,169,ACPM,0.0
TERMOSIERRA,170,ACPM,0.0
TERMOSIERRA,171,ACPM,0.0
TERMOSIERRA,172,ACPM,0.0
TERMOSIERRA,173,ACPM,0.0
TERMOSIERRA,174,ACPM,0.0
TERMOSIERRA,175,ACPM,0.0
TERMOSIERRA,176,ACPM,0.0
TERMOSIERRA,177,ACPM,0.0
TERMOSIERRA,178,ACPM,0.0
TERMOSIERRA,179,ACPM,0.0
TERMOSIERRA,180,ACPM,0.0
TERMOSIERRA,181,ACPM,0.0
TERMOSIERRA,182,ACPM,0.0
TERMOSIERRA,183,ACPM,0.0
TERMOSIERRA,184,ACPM,0.0
TERMOSIERRA,185,ACPM,0.0
TERMOSIERRA,186,ACPM,0.0
TERMOSIERRA,187,ACPM,0.0
TERMOSIERRA,188,ACPM,0.0
TERMOSIERRA,189,ACPM,0.0
TERMOSIERRA,190,ACPM,0.0
TERMOSIERRA,191,ACPM,0.0
TERMOSIERRA,192,ACPM,0.0
TERMOSIERRA,193,ACPM,0.0
TERMOSIERRA,194,ACPM,0.0
TERMOSIERRA,195,ACPM,0.0
TERMOSIERRA,196,ACPM,0.0
TERMOSIERRA,197,ACPM,0.0
TERMOSIERRA,198,ACPM,0.0
TERMOSIERRA,199,ACPM,0.0
TERMOSIERRA,200,ACPM,0.0
TERMOSIERRA,201,ACPM,0.0
TERMOSIERRA,202,ACPM,0.0
TERMOSIERRA,203,ACPM,0.0
TERMOSIERRA,204,ACPM,0.0
TERMOSIERRA,205,ACPM,0.0
TERMOSIERRA,206,ACPM,0.0
TERMOSIERRA,207,ACPM,0.0
TERMOSIERRA,208,ACPM,0.0
TERMOSIERRA,209,ACPM,0.0
TERMOSIERRA,210,ACPM,0.0
TERMOSIERRA,211,ACPM,0.0
TERMOSIERRA,212,ACPM,0.0
TERMOSIERRA,213,ACPM,0.0
TERMOSIERRA,214,ACPM,0.0
TERMOSIERRA,215,ACPM,0.0
TERMOSIERRA,216,ACPM,0.0
TERMOSIERRA,217,ACPM,2714.3904
TERMOSIERRA,218,ACPM,2714.3904
TERMOSIERRA,219,ACPM,2714.3904
TERMOSIERRA,220,ACPM,2714.3904
TERMOSIERRA,221,ACPM,2714.3904
TERMOSIERRA,222,ACPM,2714.3904
TERMOSIERRA,223,ACPM,2714.3904
TERMOSIERRA,224,ACPM,2714.3904
TERMOSIERRA,225,ACPM,2714.3904
TERMOSIERRA,226,ACPM,2714.3904
TERMOSIERRA,227,ACPM,2714.3904
TERMOSIERRA,228,ACPM,2714.3904
TERMOSIERRA,229,ACPM,2714.3904
TERMOSIERRA,230,ACPM,2714.3904
TERMOSIERRA,231,ACPM,2714.3904
TERMOSIERRA,232,ACPM,2714.3904
TERMOSIERRA,233,ACPM,2714.3904
TERMOSIERRA,234,ACPM,2714.3904
TERMOSIERRA,235,ACPM,2714.3904
TERMOSIERRA,236,ACPM,2714.3904
TERMOSIERRA,237,ACPM,2714.3904
TERMOSIERRA,238,ACPM,2714.3904
TERMOSIERRA,239,ACPM,2714.3904
TERMOSIERRA,240,ACPM,2714.3904
TERMOSIERRA,241,ACPM,311.611116159389
TERMOSIERRA,242,ACPM,0.0
TERMOSIERRA,243,ACPM,1646.33738806827
TERMOSIERRA,244,ACPM,0.0
TERMOSIERRA,245,ACPM,2714.3904
TERMOSIERRA,246,ACPM,0.0
TERMOSIERRA,247,ACPM,2714.3904
TERMOSIERRA,248,ACPM,0.0
TERMOSIERRA,249,ACPM,0.0
TERMOSIERRA,250,ACPM,0.0
TERMOSIERRA,251,ACPM,2320.97923848943
TERMOSIERRA,252,ACPM,0.0
TERMOSIERRA,253,ACPM,0.0
TERMOSIERRA,254,ACPM,0.0
TERMOSIERRA,255,ACPM,0.0
TERMOSIERRA,256,ACPM,0.0
TERMOSIERRA,257,ACPM,62.8663315389734
TERMOSIERRA,258,ACPM,0.0
TERMOSIERRA,259,ACPM,0.0
TERMOSIERRA,260,ACPM,0.0
TERMOSIERRA,261,ACPM,2714.3904
TERMOSIERRA,262,ACPM,0.0
TERMOSIERRA,263,ACPM,2714.3904
TERMOSIERRA,264,ACPM,0.0
TERMOSIERRA,265,ACPM,2714.3904
TERMOSIERRA,266,ACPM,2714.3904
TERMOSIERRA,267,ACPM,2714.3904
TERMOSIERRA,268,ACPM,2714.3904
TERMOSIERRA,269,ACPM,2714.3904
TERMOSIERRA,270,ACPM,2714.3904
TERMOSIERRA,271,ACPM,2714.3904
TERMOSIERRA,272,ACPM,2714.3904
TERMOSIERRA,273,ACPM,2714.3904
TERMOSIERRA,274,ACPM,2714.3904
TERMOSIERRA,275,ACPM,2714.3904
TERMOSIERRA,276,ACPM,2714.3904
TERMOSIERRA,277,ACPM,2714.3904
TERMOSIERRA,278,ACPM,2714.3904
TERMOSIERRA,279,ACPM,2714.3904
TERMOSIERRA,280,ACPM,2714.3904
TERMOSIERRA,281,ACPM,2714.3904
TERMOSIERRA,282,ACPM,2714.3904
TERMOSIERRA,283,ACPM,2714.3904
TERMOSIERRA,284,ACPM,2714.3904
TERMOSIERRA,285,ACPM,2714.3904
TERMOSIERRA,286,ACPM,2714.3904
TERMOSIERRA,287,ACPM,2714.3904
TERMOSIERRA,288,ACPM,2714.3904
TERMOSIERRA,289,ACPM,0.0
TERMOSIERRA,290,ACPM,0.0
TERMOSIERRA,291,ACPM,0.0
TERMOSIERRA,292,ACPM,0.0
TERMOSIERRA,293,ACPM,0.0
TERMOSIERRA,294,ACPM,0.0
TERMOSIERRA,295,ACPM,0.0
TERMOSIERRA,296,ACPM,0.0
TERMOSIERRA,297,ACPM,0.0
TERMOSIERRA,298,ACPM,0.0
TERMOSIERRA,299,ACPM,0.0
TERMOSIERRA,300,ACPM,0.0
TERMOSIERRA,301,ACPM,0.0
TERMOSIERRA,302,ACPM,0.0
TERMOSIERRA,303,ACPM,0.0
TERMOSIERRA,304,ACPM,0.0
TERMOSIERRA,305,ACPM,0.0
TERMOSIERRA,306,ACPM,0.0
TERMOSIERRA,307,ACPM,0.0
TERMOSIERRA,308,ACPM,0.0
TERMOSIERRA,309,ACPM,0.0
TERMOSIERRA,310,ACPM,0.0
TERMOSIERRA,311,ACPM,546.393069681025
TERMOSIERRA,312,ACPM,0.0
TERMOSIERRA,313,ACPM,2714.3904
TERMOSIERRA,314,ACPM,2714.3904
TERMOSIERRA,315,ACPM,2714.3904
TERMOSIERRA,316,ACPM,2714.3904
TERMOSIERRA,317,ACPM,2714.3904
TERMOSIERRA,318,ACPM,2714.3904
TERMOSIERRA,319,ACPM,2714.3904
TERMOSIERRA,320,ACPM,2714.3904
TERMOSIERRA,321,ACPM,2714.3904
TERMOSIERRA,322,ACPM,2714.3904
TERMOSIERRA,323,ACPM,2714.3904
TERMOSIERRA,324,ACPM,2714.3904
TERMOSIERRA,325,ACPM,2714.3904
TERMOSIERRA,326,ACPM,2714.3904
TERMOSIERRA,327,ACPM,2714.3904
TERMOSIERRA,328,ACPM,2714.3904
TERMOSIERRA,329,ACPM,2714.3904
TERMOSIERRA,330,ACPM,2714.3904
TERMOSIERRA,331,ACPM,2714.3904
TERMOSIERRA,332,ACPM,2714.3904
TERMOSIERRA,333,ACPM,2714.3904
TERMOSIERRA,334,ACPM,2714.3904
TERMOSIERRA,335,ACPM,2714.3904
TERMOSIERRA,336,ACPM,2714.3904
TERMOSIERRA,337,ACPM,2714.3904
TERMOSIERRA,338,ACPM,2714.3904
TERMOSIERRA,339,ACPM,2714.3904
TERMOSIERRA,340,ACPM,2714.3904
TERMOSIERRA,341,ACPM,2714.3904
TERMOSIERRA,342,ACPM,2714.3904
TERMOSIERRA,343,ACPM,2714.3904
TERMOSIERRA,344,ACPM,2714.3904
TERMOSIERRA,345,ACPM,2714.3904
TERMOSIERRA,346,ACPM,2714.3904
TERMOSIERRA,347,ACPM,2714.3904
TERMOSIERRA,348,ACPM,2714.3904
TERMOSIERRA,349,ACPM,2714.3904
TERMOSIERRA,350,ACPM,2714.3904
TERMOSIERRA,351,ACPM,2714.3904
TERMOSIERRA,352,ACPM,2714.3904
TERMOSIERRA,353,ACPM,2714.3904
TERMOSIERRA,354,ACPM,2714.3904
TERMOSIERRA,355,ACPM,2714.3904
TERMOSIERRA,356,ACPM,2714.3904
TERMOSIERRA,357,ACPM,2714.3904
TERMOSIERRA,358,ACPM,2714.3904
TERMOSIERRA,359,ACPM,2714.3904
TERMOSIERRA,360,ACPM,2714.3904
TERMOSIERRA,361,ACPM,2714.3904
TERMOSIERRA,362,ACPM,2714.3904
TERMOSIERRA,363,ACPM,2714.3904
TERMOSIERRA,364,ACPM,2714.3904
TERMOSIERRA,365,ACPM,2714.3904
TERMOSIERRA,366,ACPM,2714.3904
TERMOSIERRA,367,ACPM,2714.3904
TERMOSIERRA,368,ACPM,2714.3904
TERMOSIERRA,369,ACPM,2714.3904
TERMOSIERRA,370,ACPM,2714.3904
TERMOSIERRA,371,ACPM,2714.3904
TERMOSIERRA,372,ACPM,2714.3904
TERMOSIERRA,373,ACPM,2714.3904
TERMOSIERRA,374,ACPM,2714.3904
TERMOSIERRA,375,ACPM,2714.3904
TERMOSIERRA,376,ACPM,2714.3904
TERMOSIERRA,377,ACPM,2714.3904
TERMOSIERRA,378,ACPM,2714.3904
TERMOSIERRA,379,ACPM,2714.3904
TERMOSIERRA,380,ACPM,2714.3904
TERMOSIERRA,381,ACPM,2714.3904
TERMOSIERRA,382,ACPM,2714.3904
TERMOSIERRA,383,ACPM,2714.3904
TERMOSIERRA,384,ACPM,2714.3904
TERMOVALLE,1,ACPM,0.0
TERMOVALLE,2,ACPM,0.0
TERMOVALLE,3,ACPM,0.0
TERMOVALLE,4,ACPM,0.0
TERMOVALLE,5,ACPM,0.0
TERMOVALLE,6,ACPM,0.0
TERMOVALLE,7,ACPM,0.0
TERMOVALLE,8,ACPM,0.0
TERMOVALLE,9,ACPM,0.0
TERMOVALLE,10,ACPM,0.0
TERMOVALLE,11,ACPM,0.0
TERMOVALLE,12,ACPM,0.0
TERMOVALLE,13,ACPM,0.0
TERMOVALLE,14,ACPM,0.0
TERMOVALLE,15,ACPM,0.0
TERMOVALLE,16,ACPM,0.0
TERMOVALLE,17,ACPM,0.0
TERMOVALLE,18,ACPM,0.0
TERMOVALLE,19,ACPM,0.0
TERMOVALLE,20,ACPM,0.0
TERMOVALLE,21,ACPM,0.0
TERMOVALLE,22,ACPM,0.0
TERMOVALLE,23,ACPM,0.0
TERMOVALLE,24,ACPM,0.0
TERMOVALLE,25,ACPM,0.0
TERMOVALLE,26,ACPM,0.0
TERMOVALLE,27,ACPM,0.0
TERMOVALLE,28,ACPM,0.0
TERMOVALLE,29,ACPM,0.0
TERMOVALLE,30,ACPM,0.0
TERMOVALLE,31,ACPM,0.0
TERMOVALLE,32,ACPM,0.0
TERMOVALLE,33,ACPM,0.0
TERMOVALLE,34,ACPM,0.0
TERMOVALLE,35,ACPM,0.0
TERMOVALLE,36,ACPM,0.0
TERMOVALLE,37,ACPM,0.0
TERMOVALLE,38,ACPM,0.0
TERMOVALLE,39,ACPM,0.0
TERMOVALLE,40,ACPM,0.0
TERMOVALLE,41,ACPM,0.0
TERMOVALLE,42,ACPM,0.0
TERMOVALLE,43,ACPM,0.0
TERMOVALLE,44,ACPM,0.0
TERMOVALLE,45,ACPM,0.0
TERMOVALLE,46,ACPM,0.0
TERMOVALLE,47,ACPM,0.0
TERMOVALLE,48,ACPM,0.0
TERMOVALLE,49,ACPM,0.0
TERMOVALLE,50,ACPM,0.0
TERMOVALLE,51,ACPM,0.0
TERMOVALLE,52,ACPM,0.0
TERMOVALLE,53,ACPM,0.0
TERMOVALLE,54,ACPM,0.0
TERMOVALLE,55,ACPM,0.0
TERMOVALLE,56,ACPM,0.0
TERMOVALLE,57,ACPM,0.0
TERMOVALLE,58,ACPM,0.0
TERMOVALLE,59,ACPM,0.0
TERMOVALLE,60,ACPM,0.0
TERMOVALLE,61,ACPM,0.0
TERMOVALLE,62,ACPM,0.0
TERMOVALLE,63,ACPM,0.0
TERMOVALLE,64,ACPM,0.0
TERMOVALLE,65,ACPM,0.0
TERMOVALLE,66,ACPM,0.0
TERMOVALLE,67,ACPM,0.0
TERMOVALLE,68,ACPM,0.0
TERMOVALLE,69,ACPM,0.0
TERMOVALLE,70,ACPM,0.0
TERMOVALLE,71,ACPM,0.0
TERMOVALLE,72,ACPM,0.0
TERMOVALLE,73,ACPM,0.0
TERMOVALLE,74,ACPM,0.0
TERMOVALLE,75,ACPM,0.0
TERMOVALLE,76,ACPM,0.0
TERMOVALLE,77,ACPM,0.0
TERMOVALLE,78,ACPM,0.0
TERMOVALLE,79,ACPM,0.0
TERMOVALLE,80,ACPM,0.0
TERMOVALLE,81,ACPM,0.0
TERMOVALLE,82,ACPM,0.0
TERMOVALLE,83,ACPM,0.0
TERMOVALLE,84,ACPM,0.0
TERMOVALLE,85,ACPM,0.0
TERMOVALLE,86,ACPM,0.0
TERMOVALLE,87,ACPM,0.0
TERMOVALLE,88,ACPM,0.0
TERMOVALLE,89,ACPM,0.0
TERMOVALLE,90,ACPM,0.0
TERMOVALLE,91,ACPM,0.0
TERMOVALLE,92,ACPM,0.0
TERMOVALLE,93,ACPM,0.0
TERMOVALLE,94,ACPM,0.0
TERMOVALLE,95,ACPM,0.0
TERMOVALLE,96,ACPM,0.0
TERMOVALLE,97,ACPM,0.0
TERMOVALLE,98,ACPM,0.0
TERMOVALLE,99,ACPM,0.0
TERMOVALLE,100,ACPM,0.0
TERMOVALLE,101,ACPM,0.0
TERMOVALLE,102,ACPM,0.0
TERMOVALLE,103,ACPM,0.0
TERMOVALLE,104,ACPM,0.0
TERMOVALLE,105,ACPM,0.0
TERMOVALLE,106,ACPM,0.0
TERMOVALLE,107,ACPM,0.0
TERMOVALLE,108,ACPM,0.0
TERMOVALLE,109,ACPM,0.0
TERMOVALLE,110,ACPM,0.0
TERMOVALLE,111,ACPM,0.0
TERMOVALLE,112,ACPM,0.0
TERMOVALLE,113,ACPM,0.0
TERMOVALLE,114,ACPM,0.0
TERMOVALLE,115,ACPM,0.0
TERMOVALLE,116,ACPM,0.0
TERMOVALLE,117,ACPM,0.0
TERMOVALLE,118,ACPM,0.0
TERMOVALLE,119,ACPM,0.0
TERMOVALLE,120,ACPM,0.0
TERMOVALLE,121,ACPM,0.0
TERMOVALLE,122,ACPM,0.0
TERMOVALLE,123,ACPM,0.0
TERMOVALLE,124,ACPM,0.0
TERMOVALLE,125,ACPM,0.0
TERMOVALLE,126,ACPM,0.0
TERMOVALLE,127,ACPM,0.0
TERMOVALLE,128,ACPM,0.0
TERMOVALLE,129,ACPM,0.0
TERMOVALLE,130,ACPM,0.0
TERMOVALLE,131,ACPM,0.0
TERMOVALLE,132,ACPM,0.0
TERMOVALLE,133,ACPM,0.0
TERMOVALLE,134,ACPM,0.0
TERMOVALLE,135,ACPM,0.0
TERMOVALLE,136,ACPM,0.0
TERMOVALLE,137,ACPM,0.0
TERMOVALLE,138,ACPM,0.0
TERMOVALLE,139,ACPM,0.0
TERMOVALLE,140,ACPM,0.0
TERMOVALLE,141,ACPM,0.0
TERMOVALLE,142,ACPM,0.0
TERMOVALLE,143,ACPM,0.0
TERMOVALLE,144,ACPM,0.0
TERMOVALLE,145,ACPM,0.0
TERMOVALLE,146,ACPM,0.0
TERMOVALLE,147,ACPM,0.0
TERMOVALLE,148,ACPM,0.0
TERMOVALLE,149,ACPM,0.0
TERMOVALLE,150,ACPM,0.0
TERMOVALLE,151,ACPM,0.0
TERMOVALLE,152,ACPM,0.0
TERMOVALLE,153,ACPM,0.0
TERMOVALLE,154,ACPM,0.0
TERMOVALLE,155,ACPM,0.0
TERMOVALLE,156,ACPM,0.0
TERMOVALLE,157,ACPM,0.0
TERMOVALLE,158,ACPM,0.0
TERMOVALLE,159,ACPM,0.0
TERMOVALLE,160,ACPM,0.0
TERMOVALLE,161,ACPM,0.0
TERMOVALLE,162,ACPM,0.0
TERMOVALLE,163,ACPM,0.0
TERMOVALLE,164,ACPM,0.0
TERMOVALLE,165,ACPM,0.0
TERMOVALLE,166,ACPM,0.0
TERMOVALLE,167,ACPM,0.0
TERMOVALLE,168,ACPM,0.0
TERMOVALLE,169,ACPM,0.0
TERMOVALLE,170,ACPM,0.0
TERMOVALLE,171,ACPM,0.0
TERMOVALLE,172,ACPM,0.0
TERMOVALLE,173,ACPM,0.0
TERMOVALLE,174,ACPM,0.0
TERMOVALLE,175,ACPM,0.0
TERMOVALLE,176,ACPM,0.0
TERMOVALLE,177,ACPM,0.0
TERMOVALLE,178,ACPM,0.0
TERMOVALLE,179,ACPM,0.0
TERMOVALLE,180,ACPM,0.0
TERMOVALLE,181,ACPM,0.0
TERMOVALLE,182,ACPM,0.0
TERMOVALLE,183,ACPM,0.0
TERMOVALLE,184,ACPM,0.0
TERMOVALLE,185,ACPM,0.0
TERMOVALLE,186,ACPM,0.0
TERMOVALLE,187,ACPM,0.0
TERMOVALLE,188,ACPM,0.0
TERMOVALLE,189,ACPM,0.0
TERMOVALLE,190,ACPM,0.0
TERMOVALLE,191,ACPM,0.0
TERMOVALLE,192,ACPM,0.0
TERMOVALLE,193,ACPM,0.0
TERMOVALLE,194,ACPM,0.0
TERMOVALLE,195,ACPM,0.0
TERMOVALLE,196,ACPM,0.0
TERMOVALLE,197,ACPM,0.0
TERMOVALLE,198,ACPM,0.0
TERMOVALLE,199,ACPM,0.0
TERMOVALLE,200,ACPM,0.0
TERMOVALLE,201,ACPM,0.0
TERMOVALLE,202,ACPM,0.0
TERMOVALLE,203,ACPM,0.0
TERMOVALLE,204,ACPM,0.0
TERMOVALLE,205,ACPM,0.0
TERMOVALLE,206,ACPM,0.0
TERMOVALLE,207,ACPM,0.0
TERMOVALLE,208,ACPM,0.0
TERMOVALLE,209,ACPM,0.0
TERMOVALLE,210,ACPM,0.0
TERMOVALLE,211,ACPM,0.0
TERMOVALLE,212,ACPM,0.0
TERMOVALLE,213,ACPM,0.0
TERMOVALLE,214,ACPM,0.0
TERMOVALLE,215,ACPM,0.0
TERMOVALLE,216,ACPM,0.0
TERMOVALLE,217,ACPM,1580.3093
TERMOVALLE,218,ACPM,1580.3093
TERMOVALLE,219,ACPM,1580.3093
TERMOVALLE,220,ACPM,1580.3093
TERMOVALLE,221,ACPM,1580.3093
TERMOVALLE,222,ACPM,1580.3093
TERMOVALLE,223,ACPM,1580.3093
TERMOVALLE,224,ACPM,1580.3093
TERMOVALLE,225,ACPM,1580.3093
TERMOVALLE,226,ACPM,1580.3093
TERMOVALLE,227,ACPM,1580.3093
TERMOVALLE,228,ACPM,1580.3093
TERMOVALLE,229,ACPM,1580.3093
TERMOVALLE,230,ACPM,1580.3093
TERMOVALLE,231,ACPM,1580.3093
TERMOVALLE,232,ACPM,1580.3093
TERMOVALLE,233,ACPM,1580.3093
TERMOVALLE,234,ACPM,1580.3093
TERMOVALLE,235,ACPM,1580.3093
TERMOVALLE,236,ACPM,1580.3093
TERMOVALLE,237,ACPM,1580.3093
TERMOVALLE,238,ACPM,1580.3093
TERMOVALLE,239,ACPM,1580.3093
TERMOVALLE,240,ACPM,1580.3093
TERMOVALLE,241,ACPM,0.0
TERMOVALLE,242,ACPM,0.0
TERMOVALLE,243,ACPM,0.0
TERMOVALLE,244,ACPM,0.0
TERMOVALLE,245,ACPM,0.0
TERMOVALLE,246,ACPM,0.0
TERMOVALLE,247,ACPM,0.0
TERMOVALLE,248,ACPM,0.0
TERMOVALLE,249,ACPM,0.0
TERMOVALLE,250,ACPM,0.0
TERMOVALLE,251,ACPM,0.0
TERMOVALLE,252,ACPM,0.0
TERMOVALLE,253,ACPM,0.0
TERMOVALLE,254,ACPM,0.0
TERMOVALLE,255,ACPM,0.0
TERMOVALLE,256,ACPM,0.0
TERMOVALLE,257,ACPM,0.0
TERMOVALLE,258,ACPM,0.0
TERMOVALLE,259,ACPM,0.0
TERMOVALLE,260,ACPM,0.0
TERMOVALLE,261,ACPM,0.0
TERMOVALLE,262,ACPM,0.0
TERMOVALLE,263,ACPM,0.0
TERMOVALLE,264,ACPM,0.0
TERMOVALLE,265,ACPM,1580.3093
TERMOVALLE,266,ACPM,1580.3093
TERMOVALLE,267,ACPM,1580.3093
TERMOVALLE,268,ACPM,1580.3093
TERMOVALLE,269,ACPM,1580.3093
TERMOVALLE,270,ACPM,1580.3093
TERMOVALLE,271,ACPM,1580.3093
TERMOVALLE,272,ACPM,1580.3093
TERMOVALLE,273,ACPM,1580.3093
TERMOVALLE,274,ACPM,1580.3093
TERMOVALLE,275,ACPM,1580.3093
TERMOVALLE,276,ACPM,1580.3093
TERMOVALLE,277,ACPM,1580.3093
TERMOVALLE,278,ACPM,1580.3093
TERMOVALLE,279,ACPM,1580.3093
TERMOVALLE,280,ACPM,1580.3093
TERMOVALLE,281,ACPM,1580.3093
TERMOVALLE,282,ACPM,1580.3093
TERMOVALLE,283,ACPM,1580.3093
TERMOVALLE,284,ACPM,1580.3093
TERMOVALLE,285,ACPM,1580.3093
TERMOVALLE,286,ACPM,1580.3093
TERMOVALLE,287,ACPM,1580.3093
TERMOVALLE,288,ACPM,1580.3093
TERMOVALLE,289,ACPM,0.0
TERMOVALLE,290,ACPM,0.0
TERMOVALLE,291,ACPM,0.0
TERMOVALLE,292,ACPM,0.0
TERMOVALLE,293,ACPM,0.0
TERMOVALLE,294,ACPM,0.0
TERMOVALLE,295,ACPM,0.0
TERMOVALLE,296,ACPM,0.0
TERMOVALLE,297,ACPM,0.0
TERMOVALLE,298,ACPM,0.0
TERMOVALLE,299,ACPM,0.0
TERMOVALLE,300,ACPM,0.0
TERMOVALLE,301,ACPM,0.0
TERMOVALLE,302,ACPM,0.0
TERMOVALLE,303,ACPM,0.0
TERMOVALLE,304,ACPM,0.0
TERMOVALLE,305,ACPM,0.0
TERMOVALLE,306,ACPM,0.0
TERMOVALLE,307,ACPM,0.0
TERMOVALLE,308,ACPM,0.0
TERMOVALLE,309,ACPM,0.0
TERMOVALLE,310,ACPM,0.0
TERMOVALLE,311,ACPM,0.0
TERMOVALLE,312,ACPM,0.0
TERMOVALLE,313,ACPM,1580.3093
TERMOVALLE,314,ACPM,1580.3093
TERMOVALLE,315,ACPM,1580.3093
TERMOVALLE,316,ACPM,1580.3093
TERMOVALLE,317,ACPM,1580.3093
TERMOVALLE,318,ACPM,1580.3093
TERMOVALLE,319,ACPM,1580.3093
TERMOVALLE,320,ACPM,1580.3093
TERMOVALLE,321,ACPM,1580.3093
TERMOVALLE,322,ACPM,1580.3093
TERMOVALLE,323,ACPM,1580.3093
TERMOVALLE,324,ACPM,1580.3093
TERMOVALLE,325,ACPM,1580.3093
TERMOVALLE,326,ACPM,1580.3093
TERMOVALLE,327,ACPM,1580.3093
TERMOVALLE,328,ACPM,1580.3093
TERMOVALLE,329,ACPM,1580.3093
TERMOVALLE,330,ACPM,1580.3093
TERMOVALLE,331,ACPM,1580.3093
TERMOVALLE,332,ACPM,1580.3093
TERMOVALLE,333,ACPM,1580.3093
TERMOVALLE,334,ACPM,1580.3093
TERMOVALLE,335,ACPM,1580.3093
TERMOVALLE,336,ACPM,1580.3093
TERMOVALLE,337,ACPM,0.0
TERMOVALLE,338,ACPM,0.0
TERMOVALLE,339,ACPM,0.0
TERMOVALLE,340,ACPM,0.0
TERMOVALLE,341,ACPM,0.0
TERMOVALLE,342,ACPM,0.0
TERMOVALLE,343,ACPM,0.0
TERMOVALLE,344,ACPM,1580.3093
TERMOVALLE,345,ACPM,198.09418957868
TERMOVALLE,346,ACPM,0.0
TERMOVALLE,347,ACPM,1058.80726044808
TERMOVALLE,348,ACPM,0.0
TERMOVALLE,349,ACPM,0.0
TERMOVALLE,350,ACPM,1268.55045726775
TERMOVALLE,351,ACPM,0.0
TERMOVALLE,352,ACPM,764.227627470787
TERMOVALLE,353,ACPM,0.0
TERMOVALLE,354,ACPM,0.0
TERMOVALLE,355,ACPM,0.0
TERMOVALLE,356,ACPM,1580.3093
TERMOVALLE,357,ACPM,1580.3093
TERMOVALLE,358,ACPM,0.0
TERMOVALLE,359,ACPM,0.0
TERMOVALLE,360,ACPM,1580.3093
TERMOVALLE,361,ACPM,1580.3093
TERMOVALLE,362,ACPM,1580.3093
TERMOVALLE,363,ACPM,1580.3093
TERMOVALLE,364,ACPM,1580.3093
TERMOVALLE,365,ACPM,1580.3093
TERMOVALLE,366,ACPM,1580.3093
TERMOVALLE,367,ACPM,1580.3093
TERMOVALLE,368,ACPM,1580.3093
TERMOVALLE,369,ACPM,1580.3093
TERMOVALLE,370,ACPM,1580.3093
TERMOVALLE,371,ACPM,1580.3093
TERMOVALLE,372,ACPM,1580.3093
TERMOVALLE,373,ACPM,1580.3093
TERMOVALLE,374,ACPM,1580.3093
TERMOVALLE,375,ACPM,1580.3093
TERMOVALLE,376,ACPM,1580.3093
TERMOVALLE,377,ACPM,1580.3093
TERMOVALLE,378,ACPM,1580.3093
TERMOVALLE,379,ACPM,1580.3093
TERMOVALLE,380,ACPM,1580.3093
TERMOVALLE,381,ACPM,1580.3093
TERMOVALLE,382,ACPM,1580.3093
TERMOVALLE,383,ACPM,1580.3093
TERMOVALLE,384,ACPM,1580.3093
TERMOYOPALG3,1,GASNACIO,424.66
TERMOYOPALG3,2,GASNACIO,424.66
TERMOYOPALG3,3,GASNACIO,424.66
TERMOYOPALG3,4,GASNACIO,424.66
TERMOYOPALG3,5,GASNACIO,424.66
TERMOYOPALG3,6,GASNACIO,424.66
TERMOYOPALG3,7,GASNACIO,424.66
TERMOYOPALG3,8,GASNACIO,424.66
TERMOYOPALG3,9,GASNACIO,424.66
TERMOYOPALG3,10,GASNACIO,424.66
TERMOYOPALG3,11,GASNACIO,424.66
TERMOYOPALG3,12,GASNACIO,424.66
TERMOYOPALG3,13,GASNACIO,424.66
TERMOYOPALG3,14,GASNACIO,424.66
TERMOYOPALG3,15,GASNACIO,424.66
TERMOYOPALG3,16,GASNACIO,424.66
TERMOYOPALG3,17,GASNACIO,424.66
TERMOYOPALG3,18,GASNACIO,424.66
TERMOYOPALG3,19,GASNACIO,424.66
TERMOYOPALG3,20,GASNACIO,424.66
TERMOYOPALG3,21,GASNACIO,424.66
TERMOYOPALG3,22,GASNACIO,424.66
TERMOYOPALG3,23,GASNACIO,424.66
TERMOYOPALG3,24,GASNACIO,424.66
TERMOYOPALG3,25,GASNACIO,424.66
TERMOYOPALG3,26,GASNACIO,424.66
TERMOYOPALG3,27,GASNACIO,424.66
TERMOYOPALG3,28,GASNACIO,424.66
TERMOYOPALG3,29,GASNACIO,424.66
TERMOYOPALG3,30,GASNACIO,424.66
TERMOYOPALG3,31,GASNACIO,424.66
TERMOYOPALG3,32,GASNACIO,424.66
TERMOYOPALG3,33,GASNACIO,424.66
TERMOYOPALG3,34,GASNACIO,424.66
TERMOYOPALG3,35,GASNACIO,424.66
TERMOYOPALG3,36,GASNACIO,424.66
TERMOYOPALG3,37,GASNACIO,424.66
TERMOYOPALG3,38,GASNACIO,424.66
TERMOYOPALG3,39,GASNACIO,424.66
TERMOYOPALG3,40,GASNACIO,424.66
TERMOYOPALG3,41,GASNACIO,424.66
TERMOYOPALG3,42,GASNACIO,424.66
TERMOYOPALG3,43,GASNACIO,424.66
TERMOYOPALG3,44,GASNACIO,424.66
TERMOYOPALG3,45,GASNACIO,424.66
TERMOYOPALG3,46,GASNACIO,424.66
TERMOYOPALG3,47,GASNACIO,424.66
TERMOYOPALG3,48,GASNACIO,424.66
TERMOYOPALG3,49,GASNACIO,424.66
TERMOYOPALG3,50,GASNACIO,424.66
TERMOYOPALG3,51,GASNACIO,424.66
TERMOYOPALG3,52,GASNACIO,424.66
TERMOYOPALG3,53,GASNACIO,424.66
TERMOYOPALG3,54,GASNACIO,424.66
TERMOYOPALG3,55,GASNACIO,424.66
TERMOYOPALG3,56,GASNACIO,424.66
TERMOYOPALG3,57,GASNACIO,424.66
TERMOYOPALG3,58,GASNACIO,424.66
TERMOYOPALG3,59,GASNACIO,424.66
TERMOYOPALG3,60,GASNACIO,424.66
TERMOYOPALG3,61,GASNACIO,424.66
TERMOYOPALG3,62,GASNACIO,424.66
TERMOYOPALG3,63,GASNACIO,424.66
TERMOYOPALG3,64,GASNACIO,424.66
TERMOYOPALG3,65,GASNACIO,424.66
TERMOYOPALG3,66,GASNACIO,424.66
TERMOYOPALG3,67,GASNACIO,424.66
TERMOYOPALG3,68,GASNACIO,424.66
TERMOYOPALG3,69,GASNACIO,424.66
TERMOYOPALG3,70,GASNACIO,424.66
TERMOYOPALG3,71,GASNACIO,424.66
TERMOYOPALG3,72,GASNACIO,424.66
TERMOYOPALG3,73,GASNACIO,0.0
TERMOYOPALG3,74,GASNACIO,0.0
TERMOYOPALG3,75,GASNACIO,0.0
TERMOYOPALG3,76,GASNACIO,0.0
TERMOYOPALG3,77,GASNACIO,0.0
TERMOYOPALG3,78,GASNACIO,0.0
TERMOYOPALG3,79,GASNACIO,0.0
TERMOYOPALG3,80,GASNACIO,0.0
TERMOYOPALG3,81,GASNACIO,0.0
TERMOYOPALG3,82,GASNACIO,0.0
TERMOYOPALG3,83,GASNACIO,0.0
TERMOYOPALG3,84,GASNACIO,0.0
TERMOYOPALG3,85,GASNACIO,0.0
TERMOYOPALG3,86,GASNACIO,0.0
TERMOYOPALG3,87,GASNACIO,0.0
TERMOYOPALG3,88,GASNACIO,0.0
TERMOYOPALG3,89,GASNACIO,0.0
TERMOYOPALG3,90,GASNACIO,0.0
TERMOYOPALG3,91,GASNACIO,0.0
TERMOYOPALG3,92,GASNACIO,0.0
TERMOYOPALG3,93,GASNACIO,0.0
TERMOYOPALG3,94,GASNACIO,0.0
TERMOYOPALG3,95,GASNACIO,0.0
TERMOYOPALG3,96,GASNACIO,0.0
TERMOYOPALG3,97,GASNACIO,424.66
TERMOYOPALG3,98,GASNACIO,424.66
TERMOYOPALG3,99,GASNACIO,424.66
TERMOYOPALG3,100,GASNACIO,424.66
TERMOYOPALG3,101,GASNACIO,424.66
TERMOYOPALG3,102,GASNACIO,424.66
TERMOYOPALG3,103,GASNACIO,424.66
TERMOYOPALG3,104,GASNACIO,424.66
TERMOYOPALG3,105,GASNACIO,424.66
TERMOYOPALG3,106,GASNACIO,424.66
TERMOYOPALG3,107,GASNACIO,424.66
TERMOYOPALG3,108,GASNACIO,424.66
TERMOYOPALG3,109,GASNACIO,424.66
TERMOYOPALG3,110,GASNACIO,424.66
TERMOYOPALG3,111,GASNACIO,424.66
TERMOYOPALG3,112,GASNACIO,424.66
TERMOYOPALG3,113,GASNACIO,424.66
TERMOYOPALG3,114,GASNACIO,424.66
TERMOYOPALG3,115,GASNACIO,424.66
TERMOYOPALG3,116,GASNACIO,424.66
TERMOYOPALG3,117,GASNACIO,424.66
TERMOYOPALG3,118,GASNACIO,424.66
TERMOYOPALG3,119,GASNACIO,424.66
TERMOYOPALG3,120,GASNACIO,424.66
TERMOYOPALG3,121,GASNACIO,424.66
TERMOYOPALG3,122,GASNACIO,424.66
TERMOYOPALG3,123,GASNACIO,424.66
TERMOYOPALG3,124,GASNACIO,424.66
TERMOYOPALG3,125,GASNACIO,424.66
TERMOYOPALG3,126,GASNACIO,424.66
TERMOYOPALG3,127,GASNACIO,424.66
TERMOYOPALG3,128,GASNACIO,424.66
TERMOYOPALG3,129,GASNACIO,424.66
TERMOYOPALG3,130,GASNACIO,424.66
TERMOYOPALG3,131,GASNACIO,424.66
TERMOYOPALG3,132,GASNACIO,424.66
TERMOYOPALG3,133,GASNACIO,424.66
TERMOYOPALG3,134,GASNACIO,424.66
TERMOYOPALG3,135,GASNACIO,424.66
TERMOYOPALG3,136,GASNACIO,424.66
TERMOYOPALG3,137,GASNACIO,424.66
TERMOYOPALG3,138,GASNACIO,424.66
TERMOYOPALG3,139,GASNACIO,424.66
TERMOYOPALG3,140,GASNACIO,424.66
TERMOYOPALG3,141,GASNACIO,424.66
TERMOYOPALG3,142,GASNACIO,424.66
TERMOYOPALG3,143,GASNACIO,424.66
TERMOYOPALG3,144,GASNACIO,424.66
TERMOYOPALG3,145,GASNACIO,424.66
TERMOYOPALG3,146,GASNACIO,424.66
TERMOYOPALG3,147,GASNACIO,424.66
TERMOYOPALG3,148,GASNACIO,424.66
TERMOYOPALG3,149,GASNACIO,424.66
TERMOYOPALG3,150,GASNACIO,424.66
TERMOYOPALG3,151,GASNACIO,424.66
TERMOYOPALG3,152,GASNACIO,424.66
TERMOYOPALG3,153,GASNACIO,424.66
TERMOYOPALG3,154,GASNACIO,424.66
TERMOYOPALG3,155,GASNACIO,424.66
TERMOYOPALG3,156,GASNACIO,424.66
TERMOYOPALG3,157,GASNACIO,424.66
TERMOYOPALG3,158,GASNACIO,424.66
TERMOYOPALG3,159,GASNACIO,424.66
TERMOYOPALG3,160,GASNACIO,424.66
TERMOYOPALG3,161,GASNACIO,424.66
TERMOYOPALG3,162,GASNACIO,424.66
TERMOYOPALG3,163,GASNACIO,424.66
TERMOYOPALG3,164,GASNACIO,424.66
TERMOYOPALG3,165,GASNACIO,424.66
TERMOYOPALG3,166,GASNACIO,424.66
TERMOYOPALG3,167,GASNACIO,424.66
TERMOYOPALG3,168,GASNACIO,424.66
TERMOYOPALG3,169,GASNACIO,424.66
TERMOYOPALG3,170,GASNACIO,424.66
TERMOYOPALG3,171,GASNACIO,424.66
TERMOYOPALG3,172,GASNACIO,424.66
TERMOYOPALG3,173,GASNACIO,424.66
TERMOYOPALG3,174,GASNACIO,424.66
TERMOYOPALG3,175,GASNACIO,424.66
TERMOYOPALG3,176,GASNACIO,424.66
TERMOYOPALG3,177,GASNACIO,424.66
TERMOYOPALG3,178,GASNACIO,424.66
TERMOYOPALG3,179,GASNACIO,424.66
TERMOYOPALG3,180,GASNACIO,424.66
TERMOYOPALG3,181,GASNACIO,424.66
TERMOYOPALG3,182,GASNACIO,424.66
TERMOYOPALG3,183,GASNACIO,424.66
TERMOYOPALG3,184,GASNACIO,424.66
TERMOYOPALG3,185,GASNACIO,424.66
TERMOYOPALG3,186,GASNACIO,424.66
TERMOYOPALG3,187,GASNACIO,424.66
TERMOYOPALG3,188,GASNACIO,424.66
TERMOYOPALG3,189,GASNACIO,424.66
TERMOYOPALG3,190,GASNACIO,424.66
TERMOYOPALG3,191,GASNACIO,424.66
TERMOYOPALG3,192,GASNACIO,424.66
TERMOYOPALG3,193,GASNACIO,424.66
TERMOYOPALG3,194,GASNACIO,424.66
TERMOYOPALG3,195,GASNACIO,424.66
TERMOYOPALG3,196,GASNACIO,424.66
TERMOYOPALG3,197,GASNACIO,424.66
TERMOYOPALG3,198,GASNACIO,424.66
TERMOYOPALG3,199,GASNACIO,424.66
TERMOYOPALG3,200,GASNACIO,424.66
TERMOYOPALG3,201,GASNACIO,424.66
TERMOYOPALG3,202,GASNACIO,424.66
TERMOYOPALG3,203,GASNACIO,424.66
TERMOYOPALG3,204,GASNACIO,424.66
TERMOYOPALG3,205,GASNACIO,424.66
TERMOYOPALG3,206,GASNACIO,424.66
TERMOYOPALG3,207,GASNACIO,424.66
TERMOYOPALG3,208,GASNACIO,424.66
TERMOYOPALG3,209,GASNACIO,424.66
TERMOYOPALG3,210,GASNACIO,424.66
TERMOYOPALG3,211,GASNACIO,424.66
TERMOYOPALG3,212,GASNACIO,424.66
TERMOYOPALG3,213,GASNACIO,424.66
TERMOYOPALG3,214,GASNACIO,424.66
TERMOYOPALG3,215,GASNACIO,424.66
TERMOYOPALG3,216,GASNACIO,424.66
TERMOYOPALG3,217,GASNACIO,424.66
TERMOYOPALG3,218,GASNACIO,424.66
TERMOYOPALG3,219,GASNACIO,424.66
TERMOYOPALG3,220,GASNACIO,424.66
TERMOYOPALG3,221,GASNACIO,424.66
TERMOYOPALG3,222,GASNACIO,424.66
TERMOYOPALG3,223,GASNACIO,424.66
TERMOYOPALG3,224,GASNACIO,424.66
TERMOYOPALG3,225,GASNACIO,424.66
TERMOYOPALG3,226,GASNACIO,424.66
TERMOYOPALG3,227,GASNACIO,424.66
TERMOYOPALG3,228,GASNACIO,424.66
TERMOYOPALG3,229,GASNACIO,424.66
TERMOYOPALG3,230,GASNACIO,424.66
TERMOYOPALG3,231,GASNACIO,424.66
TERMOYOPALG3,232,GASNACIO,424.66
TERMOYOPALG3,233,GASNACIO,424.66
TERMOYOPALG3,234,GASNACIO,424.66
TERMOYOPALG3,235,GASNACIO,424.66
TERMOYOPALG3,236,GASNACIO,424.66
TERMOYOPALG3,237,GASNACIO,424.66
TERMOYOPALG3,238,GASNACIO,424.66
TERMOYOPALG3,239,GASNACIO,424.66
TERMOYOPALG3,240,GASNACIO,424.66
TERMOYOPALG3,241,GASNACIO,424.66
TERMOYOPALG3,242,GASNACIO,424.66
TERMOYOPALG3,243,GASNACIO,424.66
TERMOYOPALG3,244,GASNACIO,424.66
TERMOYOPALG3,245,GASNACIO,424.66
TERMOYOPALG3,246,GASNACIO,424.66
TERMOYOPALG3,247,GASNACIO,424.66
TERMOYOPALG3,248,GASNACIO,424.66
TERMOYOPALG3,249,GASNACIO,424.66
TERMOYOPALG3,250,GASNACIO,424.66
TERMOYOPALG3,251,GASNACIO,424.66
TERMOYOPALG3,252,GASNACIO,424.66
TERMOYOPALG3,253,GASNACIO,424.66
TERMOYOPALG3,254,GASNACIO,424.66
TERMOYOPALG3,255,GASNACIO,424.66
TERMOYOPALG3,256,GASNACIO,424.66
TERMOYOPALG3,257,GASNACIO,424.66
TERMOYOPALG3,258,GASNACIO,424.66
TERMOYOPALG3,259,GASNACIO,424.66
TERMOYOPALG3,260,GASNACIO,424.66
TERMOYOPALG3,261,GASNACIO,424.66
TERMOYOPALG3,262,GASNACIO,424.66
TERMOYOPALG3,263,GASNACIO,424.66
TERMOYOPALG3,264,GASNACIO,424.66
TERMOYOPALG3,265,GASNACIO,424.66
TERMOYOPALG3,266,GASNACIO,424.66
TERMOYOPALG3,267,GASNACIO,424.66
TERMOYOPALG3,268,GASNACIO,424.66
TERMOYOPALG3,269,GASNACIO,424.66
TERMOYOPALG3,270,GASNACIO,424.66
TERMOYOPALG3,271,GASNACIO,424.66
TERMOYOPALG3,272,GASNACIO,424.66
TERMOYOPALG3,273,GASNACIO,424.66
TERMOYOPALG3,274,GASNACIO,424.66
TERMOYOPALG3,275,GASNACIO,424.66
TERMOYOPALG3,276,GASNACIO,424.66
TERMOYOPALG3,277,GASNACIO,424.66
TERMOYOPALG3,278,GASNACIO,424.66
TERMOYOPALG3,279,GASNACIO,424.66
TERMOYOPALG3,280,GASNACIO,424.66
TERMOYOPALG3,281,GASNACIO,424.66
TERMOYOPALG3,282,GASNACIO,424.66
TERMOYOPALG3,283,GASNACIO,424.66
TERMOYOPALG3,284,GASNACIO,424.66
TERMOYOPALG3,285,GASNACIO,424.66
TERMOYOPALG3,286,GASNACIO,424.66
TERMOYOPALG3,287,GASNACIO,424.66
TERMOYOPALG3,288,GASNACIO,424.66
TERMOYOPALG3,289,GASNACIO,424.66
TERMOYOPALG3,290,GASNACIO,424.66
TERMOYOPALG3,291,GASNACIO,424.66
TERMOYOPALG3,292,GASNACIO,424.66
TERMOYOPALG3,293,GASNACIO,424.66
TERMOYOPALG3,294,GASNACIO,424.66
TERMOYOPALG3,295,GASNACIO,424.66
TERMOYOPALG3,296,GASNACIO,424.66
TERMOYOPALG3,297,GASNACIO,424.66
TERMOYOPALG3,298,GASNACIO,424.66
TERMOYOPALG3,299,GASNACIO,424.66
TERMOYOPALG3,300,GASNACIO,424.66
TERMOYOPALG3,301,GASNACIO,424.66
TERMOYOPALG3,302,GASNACIO,424.66
TERMOYOPALG3,303,GASNACIO,424.66
TERMOYOPALG3,304,GASNACIO,424.66
TERMOYOPALG3,305,GASNACIO,424.66
TERMOYOPALG3,306,GASNACIO,424.66
TERMOYOPALG3,307,GASNACIO,424.66
TERMOYOPALG3,308,GASNACIO,424.66
TERMOYOPALG3,309,GASNACIO,424.66
TERMOYOPALG3,310,GASNACIO,424.66
TERMOYOPALG3,311,GASNACIO,424.66
TERMOYOPALG3,312,GASNACIO,424.66
TERMOYOPALG3,313,GASNACIO,424.66
TERMOYOPALG3,314,GASNACIO,424.66
TERMOYOPALG3,315,GASNACIO,424.66
TERMOYOPALG3,316,GASNACIO,424.66
TERMOYOPALG3,317,GASNACIO,424.66
TERMOYOPALG3,318,GASNACIO,424.66
TERMOYOPALG3,319,GASNACIO,424.66
TERMOYOPALG3,320,GASNACIO,424.66
TERMOYOPALG3,321,GASNACIO,424.66
TERMOYOPALG3,322,GASNACIO,424.66
TERMOYOPALG3,323,GASNACIO,424.66
TERMOYOPALG3,324,GASNACIO,424.66
TERMOYOPALG3,325,GASNACIO,424.66
TERMOYOPALG3,326,GASNACIO,424.66
TERMOYOPALG3,327,GASNACIO,424.66
TERMOYOPALG3,328,GASNACIO,424.66
TERMOYOPALG3,329,GASNACIO,424.66
TERMOYOPALG3,330,GASNACIO,424.66
TERMOYOPALG3,331,GASNACIO,424.66
TERMOYOPALG3,332,GASNACIO,424.66
TERMOYOPALG3,333,GASNACIO,424.66
TERMOYOPALG3,334,GASNACIO,424.66
TERMOYOPALG3,335,GASNACIO,424.66
TERMOYOPALG3,336,GASNACIO,424.66
TERMOYOPALG3,337,GASNACIO,424.66
TERMOYOPALG3,338,GASNACIO,424.66
TERMOYOPALG3,339,GASNACIO,424.66
TERMOYOPALG3,340,GASNACIO,424.66
TERMOYOPALG3,341,GASNACIO,424.66
TERMOYOPALG3,342,GASNACIO,424.66
TERMOYOPALG3,343,GASNACIO,424.66
TERMOYOPALG3,344,GASNACIO,424.66
TERMOYOPALG3,345,GASNACIO,424.66
TERMOYOPALG3,346,GASNACIO,424.66
TERMOYOPALG3,347,GASNACIO,424.66
TERMOYOPALG3,348,GASNACIO,424.66
TERMOYOPALG3,349,GASNACIO,424.66
TERMOYOPALG3,350,GASNACIO,424.66
TERMOYOPALG3,351,GASNACIO,424.66
TERMOYOPALG3,352,GASNACIO,424.66
TERMOYOPALG3,353,GASNACIO,424.66
TERMOYOPALG3,354,GASNACIO,424.66
TERMOYOPALG3,355,GASNACIO,424.66
TERMOYOPALG3,356,GASNACIO,424.66
TERMOYOPALG3,357,GASNACIO,424.66
TERMOYOPALG3,358,GASNACIO,424.66
TERMOYOPALG3,359,GASNACIO,424.66
TERMOYOPALG3,360,GASNACIO,424.66
TERMOYOPALG3,361,GASNACIO,424.66
TERMOYOPALG3,362,GASNACIO,424.66
TERMOYOPALG3,363,GASNACIO,424.66
TERMOYOPALG3,364,GASNACIO,424.66
TERMOYOPALG3,365,GASNACIO,424.66
TERMOYOPALG3,366,GASNACIO,424.66
TERMOYOPALG3,367,GASNACIO,424.66
TERMOYOPALG3,368,GASNACIO,424.66
TERMOYOPALG3,369,GASNACIO,424.66
TERMOYOPALG3,370,GASNACIO,424.66
TERMOYOPALG3,371,GASNACIO,424.66
TERMOYOPALG3,372,GASNACIO,424.66
TERMOYOPALG3,373,GASNACIO,424.66
TERMOYOPALG3,374,GASNACIO,424.66
TERMOYOPALG3,375,GASNACIO,424.66
TERMOYOPALG3,376,GASNACIO,424.66
TERMOYOPALG3,377,GASNACIO,424.66
TERMOYOPALG3,378,GASNACIO,424.66
TERMOYOPALG3,379,GASNACIO,424.66
TERMOYOPALG3,380,GASNACIO,424.66
TERMOYOPALG3,381,GASNACIO,424.66
TERMOYOPALG3,382,GASNACIO,424.66
TERMOYOPALG3,383,GASNACIO,424.66
TERMOYOPALG3,384,GASNACIO,424.66
TERMOYOPALG4,1,GASNACIO,419.685
TERMOYOPALG4,2,GASNACIO,419.685
TERMOYOPALG4,3,GASNACIO,419.685
TERMOYOPALG4,4,GASNACIO,419.685
TERMOYOPALG4,5,GASNACIO,419.685
TERMOYOPALG4,6,GASNACIO,419.685
TERMOYOPALG4,7,GASNACIO,419.685
TERMOYOPALG4,8,GASNACIO,419.685
TERMOYOPALG4,9,GASNACIO,419.685
TERMOYOPALG4,10,GASNACIO,419.685
TERMOYOPALG4,11,GASNACIO,419.685
TERMOYOPALG4,12,GASNACIO,419.685
TERMOYOPALG4,13,GASNACIO,419.685
TERMOYOPALG4,14,GASNACIO,419.685
TERMOYOPALG4,15,GASNACIO,419.685
TERMOYOPALG4,16,GASNACIO,419.685
TERMOYOPALG4,17,GASNACIO,419.685
TERMOYOPALG4,18,GASNACIO,419.685
TERMOYOPALG4,19,GASNACIO,419.685
TERMOYOPALG4,20,GASNACIO,419.685
TERMOYOPALG4,21,GASNACIO,419.685
TERMOYOPALG4,22,GASNACIO,419.685
TERMOYOPALG4,23,GASNACIO,419.685
TERMOYOPALG4,24,GASNACIO,419.685
TERMOYOPALG4,25,GASNACIO,419.685
TERMOYOPALG4,26,GASNACIO,419.685
TERMOYOPALG4,27,GASNACIO,419.685
TERMOYOPALG4,28,GASNACIO,419.685
TERMOYOPALG4,29,GASNACIO,419.685
TERMOYOPALG4,30,GASNACIO,419.685
TERMOYOPALG4,31,GASNACIO,419.685
TERMOYOPALG4,32,GASNACIO,419.685
TERMOYOPALG4,33,GASNACIO,419.685
TERMOYOPALG4,34,GASNACIO,419.685
TERMOYOPALG4,35,GASNACIO,419.685
TERMOYOPALG4,36,GASNACIO,419.685
TERMOYOPALG4,37,GASNACIO,419.685
TERMOYOPALG4,38,GASNACIO,419.685
TERMOYOPALG4,39,GASNACIO,419.685
TERMOYOPALG4,40,GASNACIO,419.685
TERMOYOPALG4,41,GASNACIO,419.685
TERMOYOPALG4,42,GASNACIO,419.685
TERMOYOPALG4,43,GASNACIO,419.685
TERMOYOPALG4,44,GASNACIO,419.685
TERMOYOPALG4,45,GASNACIO,419.685
TERMOYOPALG4,46,GASNACIO,419.685
TERMOYOPALG4,47,GASNACIO,419.685
TERMOYOPALG4,48,GASNACIO,419.685
TERMOYOPALG4,49,GASNACIO,419.685
TERMOYOPALG4,50,GASNACIO,419.685
TERMOYOPALG4,51,GASNACIO,419.685
TERMOYOPALG4,52,GASNACIO,419.685
TERMOYOPALG4,53,GASNACIO,419.685
TERMOYOPALG4,54,GASNACIO,419.685
TERMOYOPALG4,55,GASNACIO,419.685
TERMOYOPALG4,56,GASNACIO,419.685
TERMOYOPALG4,57,GASNACIO,419.685
TERMOYOPALG4,58,GASNACIO,419.685
TERMOYOPALG4,59,GASNACIO,419.685
TERMOYOPALG4,60,GASNACIO,419.685
TERMOYOPALG4,61,GASNACIO,419.685
TERMOYOPALG4,62,GASNACIO,419.685
TERMOYOPALG4,63,GASNACIO,419.685
TERMOYOPALG4,64,GASNACIO,419.685
TERMOYOPALG4,65,GASNACIO,419.685
TERMOYOPALG4,66,GASNACIO,419.685
TERMOYOPALG4,67,GASNACIO,419.685
TERMOYOPALG4,68,GASNACIO,419.685
TERMOYOPALG4,69,GASNACIO,419.685
TERMOYOPALG4,70,GASNACIO,419.685
TERMOYOPALG4,71,GASNACIO,419.685
TERMOYOPALG4,72,GASNACIO,419.685
TERMOYOPALG4,73,GASNACIO,419.685
TERMOYOPALG4,74,GASNACIO,419.685
TERMOYOPALG4,75,GASNACIO,419.685
TERMOYOPALG4,76,GASNACIO,419.685
TERMOYOPALG4,77,GASNACIO,419.685
TERMOYOPALG4,78,GASNACIO,419.685
TERMOYOPALG4,79,GASNACIO,419.685
TERMOYOPALG4,80,GASNACIO,419.685
TERMOYOPALG4,81,GASNACIO,419.685
TERMOYOPALG4,82,GASNACIO,419.685
TERMOYOPALG4,83,GASNACIO,419.685
TERMOYOPALG4,84,GASNACIO,419.685
TERMOYOPALG4,85,GASNACIO,419.685
TERMOYOPALG4,86,GASNACIO,419.685
TERMOYOPALG4,87,GASNACIO,419.685
TERMOYOPALG4,88,GASNACIO,419.685
TERMOYOPALG4,89,GASNACIO,419.685
TERMOYOPALG4,90,GASNACIO,419.685
TERMOYOPALG4,91,GASNACIO,419.685
TERMOYOPALG4,92,GASNACIO,419.685
TERMOYOPALG4,93,GASNACIO,419.685
TERMOYOPALG4,94,GASNACIO,419.685
TERMOYOPALG4,95,GASNACIO,419.685
TERMOYOPALG4,96,GASNACIO,419.685
TERMOYOPALG4,97,GASNACIO,419.685
TERMOYOPALG4,98,GASNACIO,419.685
TERMOYOPALG4,99,GASNACIO,419.685
TERMOYOPALG4,100,GASNACIO,419.685
TERMOYOPALG4,101,GASNACIO,419.685
TERMOYOPALG4,102,GASNACIO,419.685
TERMOYOPALG4,103,GASNACIO,419.685
TERMOYOPALG4,104,GASNACIO,419.685
TERMOYOPALG4,105,GASNACIO,419.685
TERMOYOPALG4,106,GASNACIO,419.685
TERMOYOPALG4,107,GASNACIO,419.685
TERMOYOPALG4,108,GASNACIO,419.685
TERMOYOPALG4,109,GASNACIO,419.685
TERMOYOPALG4,110,GASNACIO,419.685
TERMOYOPALG4,111,GASNACIO,419.685
TERMOYOPALG4,112,GASNACIO,419.685
TERMOYOPALG4,113,GASNACIO,419.685
TERMOYOPALG4,114,GASNACIO,419.685
TERMOYOPALG4,115,GASNACIO,419.685
TERMOYOPALG4,116,GASNACIO,419.685
TERMOYOPALG4,117,GASNACIO,419.685
TERMOYOPALG4,118,GASNACIO,419.685
TERMOYOPALG4,119,GASNACIO,419.685
TERMOYOPALG4,120,GASNACIO,419.685
TERMOYOPALG4,121,GASNACIO,419.685
TERMOYOPALG4,122,GASNACIO,419.685
TERMOYOPALG4,123,GASNACIO,419.685
TERMOYOPALG4,124,GASNACIO,419.685
TERMOYOPALG4,125,GASNACIO,419.685
TERMOYOPALG4,126,GASNACIO,419.685
TERMOYOPALG4,127,GASNACIO,419.685
TERMOYOPALG4,128,GASNACIO,419.685
TERMOYOPALG4,129,GASNACIO,419.685
TERMOYOPALG4,130,GASNACIO,419.685
TERMOYOPALG4,131,GASNACIO,419.685
TERMOYOPALG4,132,GASNACIO,419.685
TERMOYOPALG4,133,GASNACIO,419.685
TERMOYOPALG4,134,GASNACIO,419.685
TERMOYOPALG4,135,GASNACIO,419.685
TERMOYOPALG4,136,GASNACIO,419.685
TERMOYOPALG4,137,GASNACIO,419.685
TERMOYOPALG4,138,GASNACIO,419.685
TERMOYOPALG4,139,GASNACIO,419.685
TERMOYOPALG4,140,GASNACIO,419.685
TERMOYOPALG4,141,GASNACIO,419.685
TERMOYOPALG4,142,GASNACIO,419.685
TERMOYOPALG4,143,GASNACIO,419.685
TERMOYOPALG4,144,GASNACIO,419.685
TERMOYOPALG4,145,GASNACIO,419.685
TERMOYOPALG4,146,GASNACIO,419.685
TERMOYOPALG4,147,GASNACIO,419.685
TERMOYOPALG4,148,GASNACIO,419.685
TERMOYOPALG4,149,GASNACIO,419.685
TERMOYOPALG4,150,GASNACIO,419.685
TERMOYOPALG4,151,GASNACIO,419.685
TERMOYOPALG4,152,GASNACIO,419.685
TERMOYOPALG4,153,GASNACIO,419.685
TERMOYOPALG4,154,GASNACIO,419.685
TERMOYOPALG4,155,GASNACIO,419.685
TERMOYOPALG4,156,GASNACIO,419.685
TERMOYOPALG4,157,GASNACIO,419.685
TERMOYOPALG4,158,GASNACIO,419.685
TERMOYOPALG4,159,GASNACIO,419.685
TERMOYOPALG4,160,GASNACIO,419.685
TERMOYOPALG4,161,GASNACIO,419.685
TERMOYOPALG4,162,GASNACIO,419.685
TERMOYOPALG4,163,GASNACIO,419.685
TERMOYOPALG4,164,GASNACIO,419.685
TERMOYOPALG4,165,GASNACIO,419.685
TERMOYOPALG4,166,GASNACIO,419.685
TERMOYOPALG4,167,GASNACIO,419.685
TERMOYOPALG4,168,GASNACIO,419.685
TERMOYOPALG4,169,GASNACIO,419.685
TERMOYOPALG4,170,GASNACIO,419.685
TERMOYOPALG4,171,GASNACIO,419.685
TERMOYOPALG4,172,GASNACIO,419.685
TERMOYOPALG4,173,GASNACIO,419.685
TERMOYOPALG4,174,GASNACIO,419.685
TERMOYOPALG4,175,GASNACIO,419.685
TERMOYOPALG4,176,GASNACIO,419.685
TERMOYOPALG4,177,GASNACIO,419.685
TERMOYOPALG4,178,GASNACIO,419.685
TERMOYOPALG4,179,GASNACIO,419.685
TERMOYOPALG4,180,GASNACIO,419.685
TERMOYOPALG4,181,GASNACIO,419.685
TERMOYOPALG4,182,GASNACIO,419.685
TERMOYOPALG4,183,GASNACIO,419.685
TERMOYOPALG4,184,GASNACIO,419.685
TERMOYOPALG4,185,GASNACIO,419.685
TERMOYOPALG4,186,GASNACIO,419.685
TERMOYOPALG4,187,GASNACIO,419.685
TERMOYOPALG4,188,GASNACIO,419.685
TERMOYOPALG4,189,GASNACIO,419.685
TERMOYOPALG4,190,GASNACIO,419.685
TERMOYOPALG4,191,GASNACIO,419.685
TERMOYOPALG4,192,GASNACIO,419.685
TERMOYOPALG4,193,GASNACIO,419.685
TERMOYOPALG4,194,GASNACIO,419.685
TERMOYOPALG4,195,GASNACIO,419.685
TERMOYOPALG4,196,GASNACIO,419.685
TERMOYOPALG4,197,GASNACIO,419.685
TERMOYOPALG4,198,GASNACIO,419.685
TERMOYOPALG4,199,GASNACIO,419.685
TERMOYOPALG4,200,GASNACIO,419.685
TERMOYOPALG4,201,GASNACIO,419.685
TERMOYOPALG4,202,GASNACIO,419.685
TERMOYOPALG4,203,GASNACIO,419.685
TERMOYOPALG4,204,GASNACIO,419.685
TERMOYOPALG4,205,GASNACIO,419.685
TERMOYOPALG4,206,GASNACIO,419.685
TERMOYOPALG4,207,GASNACIO,419.685
TERMOYOPALG4,208,GASNACIO,419.685
TERMOYOPALG4,209,GASNACIO,419.685
TERMOYOPALG4,210,GASNACIO,419.685
TERMOYOPALG4,211,GASNACIO,419.685
TERMOYOPALG4,212,GASNACIO,419.685
TERMOYOPALG4,213,GASNACIO,419.685
TERMOYOPALG4,214,GASNACIO,419.685
TERMOYOPALG4,215,GASNACIO,419.685
TERMOYOPALG4,216,GASNACIO,419.685
TERMOYOPALG4,217,GASNACIO,419.685
TERMOYOPALG4,218,GASNACIO,419.685
TERMOYOPALG4,219,GASNACIO,419.685
TERMOYOPALG4,220,GASNACIO,419.685
TERMOYOPALG4,221,GASNACIO,419.685
TERMOYOPALG4,222,GASNACIO,419.685
TERMOYOPALG4,223,GASNACIO,419.685
TERMOYOPALG4,224,GASNACIO,419.685
TERMOYOPALG4,225,GASNACIO,419.685
TERMOYOPALG4,226,GASNACIO,419.685
TERMOYOPALG4,227,GASNACIO,419.685
TERMOYOPALG4,228,GASNACIO,419.685
TERMOYOPALG4,229,GASNACIO,419.685
TERMOYOPALG4,230,GASNACIO,419.685
TERMOYOPALG4,231,GASNACIO,419.685
TERMOYOPALG4,232,GASNACIO,419.685
TERMOYOPALG4,233,GASNACIO,419.685
TERMOYOPALG4,234,GASNACIO,419.685
TERMOYOPALG4,235,GASNACIO,419.685
TERMOYOPALG4,236,GASNACIO,419.685
TERMOYOPALG4,237,GASNACIO,419.685
TERMOYOPALG4,238,GASNACIO,419.685
TERMOYOPALG4,239,GASNACIO,419.685
TERMOYOPALG4,240,GASNACIO,419.685
TERMOYOPALG4,241,GASNACIO,419.685
TERMOYOPALG4,242,GASNACIO,419.685
TERMOYOPALG4,243,GASNACIO,419.685
TERMOYOPALG4,244,GASNACIO,419.685
TERMOYOPALG4,245,GASNACIO,419.685
TERMOYOPALG4,246,GASNACIO,419.685
TERMOYOPALG4,247,GASNACIO,419.685
TERMOYOPALG4,248,GASNACIO,419.685
TERMOYOPALG4,249,GASNACIO,419.685
TERMOYOPALG4,250,GASNACIO,419.685
TERMOYOPALG4,251,GASNACIO,419.685
TERMOYOPALG4,252,GASNACIO,419.685
TERMOYOPALG4,253,GASNACIO,419.685
TERMOYOPALG4,254,GASNACIO,419.685
TERMOYOPALG4,255,GASNACIO,419.685
TERMOYOPALG4,256,GASNACIO,419.685
TERMOYOPALG4,257,GASNACIO,419.685
TERMOYOPALG4,258,GASNACIO,419.685
TERMOYOPALG4,259,GASNACIO,419.685
TERMOYOPALG4,260,GASNACIO,419.685
TERMOYOPALG4,261,GASNACIO,419.685
TERMOYOPALG4,262,GASNACIO,419.685
TERMOYOPALG4,263,GASNACIO,419.685
TERMOYOPALG4,264,GASNACIO,419.685
TERMOYOPALG4,265,GASNACIO,419.685
TERMOYOPALG4,266,GASNACIO,419.685
TERMOYOPALG4,267,GASNACIO,419.685
TERMOYOPALG4,268,GASNACIO,419.685
TERMOYOPALG4,269,GASNACIO,419.685
TERMOYOPALG4,270,GASNACIO,419.685
TERMOYOPALG4,271,GASNACIO,419.685
TERMOYOPALG4,272,GASNACIO,419.685
TERMOYOPALG4,273,GASNACIO,419.685
TERMOYOPALG4,274,GASNACIO,419.685
TERMOYOPALG4,275,GASNACIO,419.685
TERMOYOPALG4,276,GASNACIO,419.685
TERMOYOPALG4,277,GASNACIO,419.685
TERMOYOPALG4,278,GASNACIO,419.685
TERMOYOPALG4,279,GASNACIO,419.685
TERMOYOPALG4,280,GASNACIO,419.685
TERMOYOPALG4,281,GASNACIO,419.685
TERMOYOPALG4,282,GASNACIO,419.685
TERMOYOPALG4,283,GASNACIO,419.685
TERMOYOPALG4,284,GASNACIO,419.685
TERMOYOPALG4,285,GASNACIO,419.685
TERMOYOPALG4,286,GASNACIO,419.685
TERMOYOPALG4,287,GASNACIO,419.685
TERMOYOPALG4,288,GASNACIO,419.685
TERMOYOPALG4,289,GASNACIO,419.685
TERMOYOPALG4,290,GASNACIO,419.685
TERMOYOPALG4,291,GASNACIO,419.685
TERMOYOPALG4,292,GASNACIO,419.685
TERMOYOPALG4,293,GASNACIO,419.685
TERMOYOPALG4,294,GASNACIO,419.685
TERMOYOPALG4,295,GASNACIO,419.685
TERMOYOPALG4,296,GASNACIO,419.685
TERMOYOPALG4,297,GASNACIO,419.685
TERMOYOPALG4,298,GASNACIO,419.685
TERMOYOPALG4,299,GASNACIO,419.685
TERMOYOPALG4,300,GASNACIO,419.685
TERMOYOPALG4,301,GASNACIO,419.685
TERMOYOPALG4,302,GASNACIO,419.685
TERMOYOPALG4,303,GASNACIO,419.685
TERMOYOPALG4,304,GASNACIO,419.685
TERMOYOPALG4,305,GASNACIO,419.685
TERMOYOPALG4,306,GASNACIO,419.685
TERMOYOPALG4,307,GASNACIO,419.685
TERMOYOPALG4,308,GASNACIO,419.685
TERMOYOPALG4,309,GASNACIO,419.685
TERMOYOPALG4,310,GASNACIO,419.685
TERMOYOPALG4,311,GASNACIO,419.685
TERMOYOPALG4,312,GASNACIO,419.685
TERMOYOPALG4,313,GASNACIO,419.685
TERMOYOPALG4,314,GASNACIO,419.685
TERMOYOPALG4,315,GASNACIO,419.685
TERMOYOPALG4,316,GASNACIO,419.685
TERMOYOPALG4,317,GASNACIO,419.685
TERMOYOPALG4,318,GASNACIO,419.685
TERMOYOPALG4,319,GASNACIO,419.685
TERMOYOPALG4,320,GASNACIO,419.685
TERMOYOPALG4,321,GASNACIO,419.685
TERMOYOPALG4,322,GASNACIO,419.685
TERMOYOPALG4,323,GASNACIO,419.685
TERMOYOPALG4,324,GASNACIO,419.685
TERMOYOPALG4,325,GASNACIO,419.685
TERMOYOPALG4,326,GASNACIO,419.685
TERMOYOPALG4,327,GASNACIO,419.685
TERMOYOPALG4,328,GASNACIO,419.685
TERMOYOPALG4,329,GASNACIO,419.685
TERMOYOPALG4,330,GASNACIO,419.685
TERMOYOPALG4,331,GASNACIO,419.685
TERMOYOPALG4,332,GASNACIO,419.685
TERMOYOPALG4,333,GASNACIO,419.685
TERMOYOPALG4,334,GASNACIO,419.685
TERMOYOPALG4,335,GASNACIO,419.685
TERMOYOPALG4,336,GASNACIO,419.685
TERMOYOPALG4,337,GASNACIO,419.685
TERMOYOPALG4,338,GASNACIO,419.685
TERMOYOPALG4,339,GASNACIO,419.685
TERMOYOPALG4,340,GASNACIO,419.685
TERMOYOPALG4,341,GASNACIO,419.685
TERMOYOPALG4,342,GASNACIO,419.685
TERMOYOPALG4,343,GASNACIO,419.685
TERMOYOPALG4,344,GASNACIO,419.685
TERMOYOPALG4,345,GASNACIO,419.685
TERMOYOPALG4,346,GASNACIO,419.685
TERMOYOPALG4,347,GASNACIO,419.685
TERMOYOPALG4,348,GASNACIO,419.685
TERMOYOPALG4,349,GASNACIO,419.685
TERMOYOPALG4,350,GASNACIO,419.685
TERMOYOPALG4,351,GASNACIO,419.685
TERMOYOPALG4,352,GASNACIO,419.685
TERMOYOPALG4,353,GASNACIO,419.685
TERMOYOPALG4,354,GASNACIO,419.685
TERMOYOPALG4,355,GASNACIO,419.685
TERMOYOPALG4,356,GASNACIO,419.685
TERMOYOPALG4,357,GASNACIO,419.685
TERMOYOPALG4,358,GASNACIO,419.685
TERMOYOPALG4,359,GASNACIO,419.685
TERMOYOPALG4,360,GASNACIO,419.685
TERMOYOPALG4,361,GASNACIO,419.685
TERMOYOPALG4,362,GASNACIO,419.685
TERMOYOPALG4,363,GASNACIO,419.685
TERMOYOPALG4,364,GASNACIO,419.685
TERMOYOPALG4,365,GASNACIO,419.685
TERMOYOPALG4,366,GASNACIO,419.685
TERMOYOPALG4,367,GASNACIO,419.685
TERMOYOPALG4,368,GASNACIO,419.685
TERMOYOPALG4,369,GASNACIO,419.685
TERMOYOPALG4,370,GASNACIO,419.685
TERMOYOPALG4,371,GASNACIO,419.685
TERMOYOPALG4,372,GASNACIO,419.685
TERMOYOPALG4,373,GASNACIO,419.685
TERMOYOPALG4,374,GASNACIO,419.685
TERMOYOPALG4,375,GASNACIO,419.685
TERMOYOPALG4,376,GASNACIO,419.685
TERMOYOPALG4,377,GASNACIO,419.685
TERMOYOPALG4,378,GASNACIO,419.685
TERMOYOPALG4,379,GASNACIO,419.685
TERMOYOPALG4,380,GASNACIO,419.685
TERMOYOPALG4,381,GASNACIO,419.685
TERMOYOPALG4,382,GASNACIO,419.685
TERMOYOPALG4,383,GASNACIO,419.685
TERMOYOPALG4,384,GASNACIO,419.685
TERMOYOPALG5,1,GASNACIO,402.925
TERMOYOPALG5,2,GASNACIO,402.925
TERMOYOPALG5,3,GASNACIO,402.925
TERMOYOPALG5,4,GASNACIO,402.925
TERMOYOPALG5,5,GASNACIO,402.925
TERMOYOPALG5,6,GASNACIO,402.925
TERMOYOPALG5,7,GASNACIO,402.925
TERMOYOPALG5,8,GASNACIO,402.925
TERMOYOPALG5,9,GASNACIO,402.925
TERMOYOPALG5,10,GASNACIO,402.925
TERMOYOPALG5,11,GASNACIO,402.925
TERMOYOPALG5,12,GASNACIO,402.925
TERMOYOPALG5,13,GASNACIO,402.925
TERMOYOPALG5,14,GASNACIO,402.925
TERMOYOPALG5,15,GASNACIO,402.925
TERMOYOPALG5,16,GASNACIO,402.925
TERMOYOPALG5,17,GASNACIO,402.925
TERMOYOPALG5,18,GASNACIO,402.925
TERMOYOPALG5,19,GASNACIO,402.925
TERMOYOPALG5,20,GASNACIO,402.925
TERMOYOPALG5,21,GASNACIO,402.925
TERMOYOPALG5,22,GASNACIO,402.925
TERMOYOPALG5,23,GASNACIO,402.925
TERMOYOPALG5,24,GASNACIO,402.925
TERMOYOPALG5,25,GASNACIO,402.925
TERMOYOPALG5,26,GASNACIO,402.925
TERMOYOPALG5,27,GASNACIO,402.925
TERMOYOPALG5,28,GASNACIO,402.925
TERMOYOPALG5,29,GASNACIO,402.925
TERMOYOPALG5,30,GASNACIO,402.925
TERMOYOPALG5,31,GASNACIO,402.925
TERMOYOPALG5,32,GASNACIO,402.925
TERMOYOPALG5,33,GASNACIO,402.925
TERMOYOPALG5,34,GASNACIO,402.925
TERMOYOPALG5,35,GASNACIO,402.925
TERMOYOPALG5,36,GASNACIO,402.925
TERMOYOPALG5,37,GASNACIO,402.925
TERMOYOPALG5,38,GASNACIO,402.925
TERMOYOPALG5,39,GASNACIO,402.925
TERMOYOPALG5,40,GASNACIO,402.925
TERMOYOPALG5,41,GASNACIO,402.925
TERMOYOPALG5,42,GASNACIO,402.925
TERMOYOPALG5,43,GASNACIO,402.925
TERMOYOPALG5,44,GASNACIO,402.925
TERMOYOPALG5,45,GASNACIO,402.925
TERMOYOPALG5,46,GASNACIO,402.925
TERMOYOPALG5,47,GASNACIO,402.925
TERMOYOPALG5,48,GASNACIO,402.925
TERMOYOPALG5,49,GASNACIO,402.925
TERMOYOPALG5,50,GASNACIO,402.925
TERMOYOPALG5,51,GASNACIO,402.925
TERMOYOPALG5,52,GASNACIO,402.925
TERMOYOPALG5,53,GASNACIO,402.925
TERMOYOPALG5,54,GASNACIO,402.925
TERMOYOPALG5,55,GASNACIO,402.925
TERMOYOPALG5,56,GASNACIO,402.925
TERMOYOPALG5,57,GASNACIO,402.925
TERMOYOPALG5,58,GASNACIO,402.925
TERMOYOPALG5,59,GASNACIO,402.925
TERMOYOPALG5,60,GASNACIO,402.925
TERMOYOPALG5,61,GASNACIO,402.925
TERMOYOPALG5,62,GASNACIO,402.925
TERMOYOPALG5,63,GASNACIO,402.925
TERMOYOPALG5,64,GASNACIO,402.925
TERMOYOPALG5,65,GASNACIO,402.925
TERMOYOPALG5,66,GASNACIO,402.925
TERMOYOPALG5,67,GASNACIO,402.925
TERMOYOPALG5,68,GASNACIO,402.925
TERMOYOPALG5,69,GASNACIO,402.925
TERMOYOPALG5,70,GASNACIO,402.925
TERMOYOPALG5,71,GASNACIO,402.925
TERMOYOPALG5,72,GASNACIO,402.925
TERMOYOPALG5,73,GASNACIO,402.925
TERMOYOPALG5,74,GASNACIO,402.925
TERMOYOPALG5,75,GASNACIO,402.925
TERMOYOPALG5,76,GASNACIO,402.925
TERMOYOPALG5,77,GASNACIO,402.925
TERMOYOPALG5,78,GASNACIO,402.925
TERMOYOPALG5,79,GASNACIO,402.925
TERMOYOPALG5,80,GASNACIO,402.925
TERMOYOPALG5,81,GASNACIO,402.925
TERMOYOPALG5,82,GASNACIO,402.925
TERMOYOPALG5,83,GASNACIO,402.925
TERMOYOPALG5,84,GASNACIO,402.925
TERMOYOPALG5,85,GASNACIO,402.925
TERMOYOPALG5,86,GASNACIO,402.925
TERMOYOPALG5,87,GASNACIO,402.925
TERMOYOPALG5,88,GASNACIO,402.925
TERMOYOPALG5,89,GASNACIO,402.925
TERMOYOPALG5,90,GASNACIO,402.925
TERMOYOPALG5,91,GASNACIO,402.925
TERMOYOPALG5,92,GASNACIO,402.925
TERMOYOPALG5,93,GASNACIO,402.925
TERMOYOPALG5,94,GASNACIO,402.925
TERMOYOPALG5,95,GASNACIO,402.925
TERMOYOPALG5,96,GASNACIO,402.925
TERMOYOPALG5,97,GASNACIO,402.925
TERMOYOPALG5,98,GASNACIO,402.925
TERMOYOPALG5,99,GASNACIO,402.925
TERMOYOPALG5,100,GASNACIO,402.925
TERMOYOPALG5,101,GASNACIO,402.925
TERMOYOPALG5,102,GASNACIO,402.925
TERMOYOPALG5,103,GASNACIO,402.925
TERMOYOPALG5,104,GASNACIO,402.925
TERMOYOPALG5,105,GASNACIO,402.925
TERMOYOPALG5,106,GASNACIO,402.925
TERMOYOPALG5,107,GASNACIO,402.925
TERMOYOPALG5,108,GASNACIO,402.925
TERMOYOPALG5,109,GASNACIO,402.925
TERMOYOPALG5,110,GASNACIO,402.925
TERMOYOPALG5,111,GASNACIO,402.925
TERMOYOPALG5,112,GASNACIO,402.925
TERMOYOPALG5,113,GASNACIO,402.925
TERMOYOPALG5,114,GASNACIO,402.925
TERMOYOPALG5,115,GASNACIO,402.925
TERMOYOPALG5,116,GASNACIO,402.925
TERMOYOPALG5,117,GASNACIO,402.925
TERMOYOPALG5,118,GASNACIO,402.925
TERMOYOPALG5,119,GASNACIO,402.925
TERMOYOPALG5,120,GASNACIO,402.925
TERMOYOPALG5,121,GASNACIO,402.925
TERMOYOPALG5,122,GASNACIO,402.925
TERMOYOPALG5,123,GASNACIO,402.925
TERMOYOPALG5,124,GASNACIO,402.925
TERMOYOPALG5,125,GASNACIO,402.925
TERMOYOPALG5,126,GASNACIO,402.925
TERMOYOPALG5,127,GASNACIO,402.925
TERMOYOPALG5,128,GASNACIO,402.925
TERMOYOPALG5,129,GASNACIO,402.925
TERMOYOPALG5,130,GASNACIO,402.925
TERMOYOPALG5,131,GASNACIO,402.925
TERMOYOPALG5,132,GASNACIO,402.925
TERMOYOPALG5,133,GASNACIO,402.925
TERMOYOPALG5,134,GASNACIO,402.925
TERMOYOPALG5,135,GASNACIO,402.925
TERMOYOPALG5,136,GASNACIO,402.925
TERMOYOPALG5,137,GASNACIO,402.925
TERMOYOPALG5,138,GASNACIO,402.925
TERMOYOPALG5,139,GASNACIO,402.925
TERMOYOPALG5,140,GASNACIO,402.925
TERMOYOPALG5,141,GASNACIO,402.925
TERMOYOPALG5,142,GASNACIO,402.925
TERMOYOPALG5,143,GASNACIO,402.925
TERMOYOPALG5,144,GASNACIO,402.925
TERMOYOPALG5,145,GASNACIO,402.925
TERMOYOPALG5,146,GASNACIO,402.925
TERMOYOPALG5,147,GASNACIO,402.925
TERMOYOPALG5,148,GASNACIO,402.925
TERMOYOPALG5,149,GASNACIO,402.925
TERMOYOPALG5,150,GASNACIO,402.925
TERMOYOPALG5,151,GASNACIO,402.925
TERMOYOPALG5,152,GASNACIO,402.925
TERMOYOPALG5,153,GASNACIO,402.925
TERMOYOPALG5,154,GASNACIO,402.925
TERMOYOPALG5,155,GASNACIO,402.925
TERMOYOPALG5,156,GASNACIO,402.925
TERMOYOPALG5,157,GASNACIO,402.925
TERMOYOPALG5,158,GASNACIO,402.925
TERMOYOPALG5,159,GASNACIO,402.925
TERMOYOPALG5,160,GASNACIO,402.925
TERMOYOPALG5,161,GASNACIO,402.925
TERMOYOPALG5,162,GASNACIO,402.925
TERMOYOPALG5,163,GASNACIO,402.925
TERMOYOPALG5,164,GASNACIO,402.925
TERMOYOPALG5,165,GASNACIO,402.925
TERMOYOPALG5,166,GASNACIO,402.925
TERMOYOPALG5,167,GASNACIO,402.925
TERMOYOPALG5,168,GASNACIO,402.925
TERMOYOPALG5,169,GASNACIO,402.925
TERMOYOPALG5,170,GASNACIO,402.925
TERMOYOPALG5,171,GASNACIO,402.925
TERMOYOPALG5,172,GASNACIO,402.925
TERMOYOPALG5,173,GASNACIO,402.925
TERMOYOPALG5,174,GASNACIO,402.925
TERMOYOPALG5,175,GASNACIO,402.925
TERMOYOPALG5,176,GASNACIO,402.925
TERMOYOPALG5,177,GASNACIO,402.925
TERMOYOPALG5,178,GASNACIO,402.925
TERMOYOPALG5,179,GASNACIO,402.925
TERMOYOPALG5,180,GASNACIO,402.925
TERMOYOPALG5,181,GASNACIO,402.925
TERMOYOPALG5,182,GASNACIO,402.925
TERMOYOPALG5,183,GASNACIO,402.925
TERMOYOPALG5,184,GASNACIO,402.925
TERMOYOPALG5,185,GASNACIO,402.925
TERMOYOPALG5,186,GASNACIO,402.925
TERMOYOPALG5,187,GASNACIO,402.925
TERMOYOPALG5,188,GASNACIO,402.925
TERMOYOPALG5,189,GASNACIO,402.925
TERMOYOPALG5,190,GASNACIO,402.925
TERMOYOPALG5,191,GASNACIO,402.925
TERMOYOPALG5,192,GASNACIO,402.925
TERMOYOPALG5,193,GASNACIO,402.925
TERMOYOPALG5,194,GASNACIO,402.925
TERMOYOPALG5,195,GASNACIO,402.925
TERMOYOPALG5,196,GASNACIO,402.925
TERMOYOPALG5,197,GASNACIO,402.925
TERMOYOPALG5,198,GASNACIO,402.925
TERMOYOPALG5,199,GASNACIO,402.925
TERMOYOPALG5,200,GASNACIO,402.925
TERMOYOPALG5,201,GASNACIO,402.925
TERMOYOPALG5,202,GASNACIO,402.925
TERMOYOPALG5,203,GASNACIO,402.925
TERMOYOPALG5,204,GASNACIO,402.925
TERMOYOPALG5,205,GASNACIO,402.925
TERMOYOPALG5,206,GASNACIO,402.925
TERMOYOPALG5,207,GASNACIO,402.925
TERMOYOPALG5,208,GASNACIO,402.925
TERMOYOPALG5,209,GASNACIO,402.925
TERMOYOPALG5,210,GASNACIO,402.925
TERMOYOPALG5,211,GASNACIO,402.925
TERMOYOPALG5,212,GASNACIO,402.925
TERMOYOPALG5,213,GASNACIO,402.925
TERMOYOPALG5,214,GASNACIO,402.925
TERMOYOPALG5,215,GASNACIO,402.925
TERMOYOPALG5,216,GASNACIO,402.925
TERMOYOPALG5,217,GASNACIO,402.925
TERMOYOPALG5,218,GASNACIO,402.925
TERMOYOPALG5,219,GASNACIO,402.925
TERMOYOPALG5,220,GASNACIO,402.925
TERMOYOPALG5,221,GASNACIO,402.925
TERMOYOPALG5,222,GASNACIO,402.925
TERMOYOPALG5,223,GASNACIO,402.925
TERMOYOPALG5,224,GASNACIO,402.925
TERMOYOPALG5,225,GASNACIO,402.925
TERMOYOPALG5,226,GASNACIO,402.925
TERMOYOPALG5,227,GASNACIO,402.925
TERMOYOPALG5,228,GASNACIO,402.925
TERMOYOPALG5,229,GASNACIO,402.925
TERMOYOPALG5,230,GASNACIO,402.925
TERMOYOPALG5,231,GASNACIO,402.925
TERMOYOPALG5,232,GASNACIO,402.925
TERMOYOPALG5,233,GASNACIO,402.925
TERMOYOPALG5,234,GASNACIO,402.925
TERMOYOPALG5,235,GASNACIO,402.925
TERMOYOPALG5,236,GASNACIO,402.925
TERMOYOPALG5,237,GASNACIO,402.925
TERMOYOPALG5,238,GASNACIO,402.925
TERMOYOPALG5,239,GASNACIO,402.925
TERMOYOPALG5,240,GASNACIO,402.925
TERMOYOPALG5,241,GASNACIO,402.925
TERMOYOPALG5,242,GASNACIO,402.925
TERMOYOPALG5,243,GASNACIO,402.925
TERMOYOPALG5,244,GASNACIO,402.925
TERMOYOPALG5,245,GASNACIO,402.925
TERMOYOPALG5,246,GASNACIO,402.925
TERMOYOPALG5,247,GASNACIO,402.925
TERMOYOPALG5,248,GASNACIO,402.925
TERMOYOPALG5,249,GASNACIO,402.925
TERMOYOPALG5,250,GASNACIO,402.925
TERMOYOPALG5,251,GASNACIO,402.925
TERMOYOPALG5,252,GASNACIO,402.925
TERMOYOPALG5,253,GASNACIO,402.925
TERMOYOPALG5,254,GASNACIO,402.925
TERMOYOPALG5,255,GASNACIO,402.925
TERMOYOPALG5,256,GASNACIO,402.925
TERMOYOPALG5,257,GASNACIO,402.925
TERMOYOPALG5,258,GASNACIO,402.925
TERMOYOPALG5,259,GASNACIO,402.925
TERMOYOPALG5,260,GASNACIO,402.925
TERMOYOPALG5,261,GASNACIO,402.925
TERMOYOPALG5,262,GASNACIO,402.925
TERMOYOPALG5,263,GASNACIO,402.925
TERMOYOPALG5,264,GASNACIO,402.925
TERMOYOPALG5,265,GASNACIO,402.925
TERMOYOPALG5,266,GASNACIO,402.925
TERMOYOPALG5,267,GASNACIO,402.925
TERMOYOPALG5,268,GASNACIO,402.925
TERMOYOPALG5,269,GASNACIO,402.925
TERMOYOPALG5,270,GASNACIO,402.925
TERMOYOPALG5,271,GASNACIO,402.925
TERMOYOPALG5,272,GASNACIO,402.925
TERMOYOPALG5,273,GASNACIO,402.925
TERMOYOPALG5,274,GASNACIO,402.925
TERMOYOPALG5,275,GASNACIO,402.925
TERMOYOPALG5,276,GASNACIO,402.925
TERMOYOPALG5,277,GASNACIO,402.925
TERMOYOPALG5,278,GASNACIO,402.925
TERMOYOPALG5,279,GASNACIO,402.925
TERMOYOPALG5,280,GASNACIO,402.925
TERMOYOPALG5,281,GASNACIO,402.925
TERMOYOPALG5,282,GASNACIO,402.925
TERMOYOPALG5,283,GASNACIO,402.925
TERMOYOPALG5,284,GASNACIO,402.925
TERMOYOPALG5,285,GASNACIO,402.925
TERMOYOPALG5,286,GASNACIO,402.925
TERMOYOPALG5,287,GASNACIO,402.925
TERMOYOPALG5,288,GASNACIO,402.925
TERMOYOPALG5,289,GASNACIO,402.925
TERMOYOPALG5,290,GASNACIO,402.925
TERMOYOPALG5,291,GASNACIO,402.925
TERMOYOPALG5,292,GASNACIO,402.925
TERMOYOPALG5,293,GASNACIO,402.925
TERMOYOPALG5,294,GASNACIO,402.925
TERMOYOPALG5,295,GASNACIO,402.925
TERMOYOPALG5,296,GASNACIO,402.925
TERMOYOPALG5,297,GASNACIO,402.925
TERMOYOPALG5,298,GASNACIO,402.925
TERMOYOPALG5,299,GASNACIO,402.925
TERMOYOPALG5,300,GASNACIO,402.925
TERMOYOPALG5,301,GASNACIO,402.925
TERMOYOPALG5,302,GASNACIO,402.925
TERMOYOPALG5,303,GASNACIO,402.925
TERMOYOPALG5,304,GASNACIO,402.925
TERMOYOPALG5,305,GASNACIO,402.925
TERMOYOPALG5,306,GASNACIO,402.925
TERMOYOPALG5,307,GASNACIO,402.925
TERMOYOPALG5,308,GASNACIO,402.925
TERMOYOPALG5,309,GASNACIO,402.925
TERMOYOPALG5,310,GASNACIO,402.925
TERMOYOPALG5,311,GASNACIO,402.925
TERMOYOPALG5,312,GASNACIO,402.925
TERMOYOPALG5,313,GASNACIO,402.925
TERMOYOPALG5,314,GASNACIO,402.925
TERMOYOPALG5,315,GASNACIO,402.925
TERMOYOPALG5,316,GASNACIO,402.925
TERMOYOPALG5,317,GASNACIO,402.925
TERMOYOPALG5,318,GASNACIO,402.925
TERMOYOPALG5,319,GASNACIO,402.925
TERMOYOPALG5,320,GASNACIO,402.925
TERMOYOPALG5,321,GASNACIO,402.925
TERMOYOPALG5,322,GASNACIO,402.925
TERMOYOPALG5,323,GASNACIO,402.925
TERMOYOPALG5,324,GASNACIO,402.925
TERMOYOPALG5,325,GASNACIO,402.925
TERMOYOPALG5,326,GASNACIO,402.925
TERMOYOPALG5,327,GASNACIO,402.925
TERMOYOPALG5,328,GASNACIO,402.925
TERMOYOPALG5,329,GASNACIO,402.925
TERMOYOPALG5,330,GASNACIO,402.925
TERMOYOPALG5,331,GASNACIO,402.925
TERMOYOPALG5,332,GASNACIO,402.925
TERMOYOPALG5,333,GASNACIO,402.925
TERMOYOPALG5,334,GASNACIO,402.925
TERMOYOPALG5,335,GASNACIO,402.925
TERMOYOPALG5,336,GASNACIO,402.925
TERMOYOPALG5,337,GASNACIO,402.925
TERMOYOPALG5,338,GASNACIO,402.925
TERMOYOPALG5,339,GASNACIO,402.925
TERMOYOPALG5,340,GASNACIO,402.925
TERMOYOPALG5,341,GASNACIO,402.925
TERMOYOPALG5,342,GASNACIO,402.925
TERMOYOPALG5,343,GASNACIO,402.925
TERMOYOPALG5,344,GASNACIO,402.925
TERMOYOPALG5,345,GASNACIO,402.925
TERMOYOPALG5,346,GASNACIO,402.925
TERMOYOPALG5,347,GASNACIO,402.925
TERMOYOPALG5,348,GASNACIO,402.925
TERMOYOPALG5,349,GASNACIO,402.925
TERMOYOPALG5,350,GASNACIO,402.925
TERMOYOPALG5,351,GASNACIO,402.925
TERMOYOPALG5,352,GASNACIO,402.925
TERMOYOPALG5,353,GASNACIO,402.925
TERMOYOPALG5,354,GASNACIO,402.925
TERMOYOPALG5,355,GASNACIO,402.925
TERMOYOPALG5,356,GASNACIO,402.925
TERMOYOPALG5,357,GASNACIO,402.925
TERMOYOPALG5,358,GASNACIO,402.925
TERMOYOPALG5,359,GASNACIO,402.925
TERMOYOPALG5,360,GASNACIO,402.925
TERMOYOPALG5,361,GASNACIO,402.925
TERMOYOPALG5,362,GASNACIO,402.925
TERMOYOPALG5,363,GASNACIO,402.925
TERMOYOPALG5,364,GASNACIO,402.925
TERMOYOPALG5,365,GASNACIO,402.925
TERMOYOPALG5,366,GASNACIO,402.925
TERMOYOPALG5,367,GASNACIO,402.925
TERMOYOPALG5,368,GASNACIO,402.925
TERMOYOPALG5,369,GASNACIO,402.925
TERMOYOPALG5,370,GASNACIO,402.925
TERMOYOPALG5,371,GASNACIO,402.925
TERMOYOPALG5,372,GASNACIO,402.925
TERMOYOPALG5,373,GASNACIO,402.925
TERMOYOPALG5,374,GASNACIO,402.925
TERMOYOPALG5,375,GASNACIO,402.925
TERMOYOPALG5,376,GASNACIO,402.925
TERMOYOPALG5,377,GASNACIO,402.925
TERMOYOPALG5,378,GASNACIO,402.925
TERMOYOPALG5,379,GASNACIO,402.925
TERMOYOPALG5,380,GASNACIO,402.925
TERMOYOPALG5,381,GASNACIO,402.925
TERMOYOPALG5,382,GASNACIO,402.925
TERMOYOPALG5,383,GASNACIO,402.925
TERMOYOPALG5,384,GASNACIO,402.925
ZIPAEMG2,1,CARBON,0.0
ZIPAEMG2,2,CARBON,0.0
ZIPAEMG2,3,CARBON,0.0
ZIPAEMG2,4,CARBON,0.0
ZIPAEMG2,5,CARBON,0.0
ZIPAEMG2,6,CARBON,0.0
ZIPAEMG2,7,CARBON,0.0
ZIPAEMG2,8,CARBON,0.0
ZIPAEMG2,9,CARBON,0.0
ZIPAEMG2,10,CARBON,0.0
ZIPAEMG2,11,CARBON,0.0
ZIPAEMG2,12,CARBON,0.0
ZIPAEMG2,13,CARBON,0.0
ZIPAEMG2,14,CARBON,0.0
ZIPAEMG2,15,CARBON,0.0
ZIPAEMG2,16,CARBON,0.0
ZIPAEMG2,17,CARBON,0.0
ZIPAEMG2,18,CARBON,0.0
ZIPAEMG2,19,CARBON,0.0
ZIPAEMG2,20,CARBON,0.0
ZIPAEMG2,21,CARBON,0.0
ZIPAEMG2,22,CARBON,0.0
ZIPAEMG2,23,CARBON,0.0
ZIPAEMG2,24,CARBON,0.0
ZIPAEMG2,25,CARBON,0.0
ZIPAEMG2,26,CARBON,0.0
ZIPAEMG2,27,CARBON,0.0
ZIPAEMG2,28,CARBON,0.0
ZIPAEMG2,29,CARBON,0.0
ZIPAEMG2,30,CARBON,0.0
ZIPAEMG2,31,CARBON,0.0
ZIPAEMG2,32,CARBON,0.0
ZIPAEMG2,33,CARBON,0.0
ZIPAEMG2,34,CARBON,0.0
ZIPAEMG2,35,CARBON,0.0
ZIPAEMG2,36,CARBON,0.0
ZIPAEMG2,37,CARBON,0.0
ZIPAEMG2,38,CARBON,0.0
ZIPAEMG2,39,CARBON,0.0
ZIPAEMG2,40,CARBON,0.0
ZIPAEMG2,41,CARBON,0.0
ZIPAEMG2,42,CARBON,0.0
ZIPAEMG2,43,CARBON,0.0
ZIPAEMG2,44,CARBON,0.0
ZIPAEMG2,45,CARBON,0.0
ZIPAEMG2,46,CARBON,0.0
ZIPAEMG2,47,CARBON,0.0
ZIPAEMG2,48,CARBON,0.0
ZIPAEMG2,49,CARBON,411.8436
ZIPAEMG2,50,CARBON,411.8436
ZIPAEMG2,51,CARBON,411.8436
ZIPAEMG2,52,CARBON,411.8436
ZIPAEMG2,53,CARBON,411.8436
ZIPAEMG2,54,CARBON,411.8436
ZIPAEMG2,55,CARBON,411.8436
ZIPAEMG2,56,CARBON,411.8436
ZIPAEMG2,57,CARBON,411.8436
ZIPAEMG2,58,CARBON,411.8436
ZIPAEMG2,59,CARBON,411.8436
ZIPAEMG2,60,CARBON,411.8436
ZIPAEMG2,61,CARBON,411.8436
ZIPAEMG2,62,CARBON,411.8436
ZIPAEMG2,63,CARBON,411.8436
ZIPAEMG2,64,CARBON,411.8436
ZIPAEMG2,65,CARBON,411.8436
ZIPAEMG2,66,CARBON,411.8436
ZIPAEMG2,67,CARBON,411.8436
ZIPAEMG2,68,CARBON,411.8436
ZIPAEMG2,69,CARBON,411.8436
ZIPAEMG2,70,CARBON,411.8436
ZIPAEMG2,71,CARBON,411.8436
ZIPAEMG2,72,CARBON,411.8436
ZIPAEMG2,73,CARBON,0.0
ZIPAEMG2,74,CARBON,0.0
ZIPAEMG2,75,CARBON,0.0
ZIPAEMG2,76,CARBON,0.0
ZIPAEMG2,77,CARBON,0.0
ZIPAEMG2,78,CARBON,0.0
ZIPAEMG2,79,CARBON,0.0
ZIPAEMG2,80,CARBON,0.0
ZIPAEMG2,81,CARBON,0.0
ZIPAEMG2,82,CARBON,0.0
ZIPAEMG2,83,CARBON,0.0
ZIPAEMG2,84,CARBON,0.0
ZIPAEMG2,85,CARBON,0.0
ZIPAEMG2,86,CARBON,0.0
ZIPAEMG2,87,CARBON,0.0
ZIPAEMG2,88,CARBON,0.0
ZIPAEMG2,89,CARBON,0.0
ZIPAEMG2,90,CARBON,0.0
ZIPAEMG2,91,CARBON,0.0
ZIPAEMG2,92,CARBON,0.0
ZIPAEMG2,93,CARBON,0.0
ZIPAEMG2,94,CARBON,0.0
ZIPAEMG2,95,CARBON,0.0
ZIPAEMG2,96,CARBON,0.0
ZIPAEMG2,97,CARBON,411.8436
ZIPAEMG2,98,CARBON,0.0
ZIPAEMG2,99,CARBON,0.0
ZIPAEMG2,100,CARBON,0.0
ZIPAEMG2,101,CARBON,0.0
ZIPAEMG2,102,CARBON,0.0
ZIPAEMG2,103,CARBON,0.0
ZIPAEMG2,104,CARBON,0.0
ZIPAEMG2,105,CARBON,411.8436
ZIPAEMG2,106,CARBON,0.0
ZIPAEMG2,107,CARBON,411.8436
ZIPAEMG2,108,CARBON,0.0
ZIPAEMG2,109,CARBON,411.8436
ZIPAEMG2,110,CARBON,411.8436
ZIPAEMG2,111,CARBON,411.8436
ZIPAEMG2,112,CARBON,411.8436
ZIPAEMG2,113,CARBON,0.0
ZIPAEMG2,114,CARBON,411.8436
ZIPAEMG2,115,CARBON,411.8436
ZIPAEMG2,116,CARBON,411.8436
ZIPAEMG2,117,CARBON,0.0
ZIPAEMG2,118,CARBON,411.8436
ZIPAEMG2,119,CARBON,264.226603500037
ZIPAEMG2,120,CARBON,411.8436
ZIPAEMG2,121,CARBON,0.0
ZIPAEMG2,122,CARBON,0.0
ZIPAEMG2,123,CARBON,0.0
ZIPAEMG2,124,CARBON,0.0
ZIPAEMG2,125,CARBON,0.0
ZIPAEMG2,126,CARBON,0.0
ZIPAEMG2,127,CARBON,0.0
ZIPAEMG2,128,CARBON,0.0
ZIPAEMG2,129,CARBON,0.0
ZIPAEMG2,130,CARBON,0.0
ZIPAEMG2,131,CARBON,0.0
ZIPAEMG2,132,CARBON,0.0
ZIPAEMG2,133,CARBON,0.0
ZIPAEMG2,134,CARBON,0.0
ZIPAEMG2,135,CARBON,0.0
ZIPAEMG2,136,CARBON,0.0
ZIPAEMG2,137,CARBON,0.0
ZIPAEMG2,138,CARBON,0.0
ZIPAEMG2,139,CARBON,0.0
ZIPAEMG2,140,CARBON,0.0
ZIPAEMG2,141,CARBON,0.0
ZIPAEMG2,142,CARBON,0.0
ZIPAEMG2,143,CARBON,0.0
ZIPAEMG2,144,CARBON,0.0
ZIPAEMG2,145,CARBON,411.8436
ZIPAEMG2,146,CARBON,411.8436
ZIPAEMG2,147,CARBON,411.8436
ZIPAEMG2,148,CARBON,411.8436
ZIPAEMG2,149,CARBON,411.8436
ZIPAEMG2,150,CARBON,411.8436
ZIPAEMG2,151,CARBON,411.8436
ZIPAEMG2,152,CARBON,411.8436
ZIPAEMG2,153,CARBON,411.8436
ZIPAEMG2,154,CARBON,411.8436
ZIPAEMG2,155,CARBON,411.8436
ZIPAEMG2,156,CARBON,411.8436
ZIPAEMG2,157,CARBON,411.8436
ZIPAEMG2,158,CARBON,411.8436
ZIPAEMG2,159,CARBON,411.8436
ZIPAEMG2,160,CARBON,411.8436
ZIPAEMG2,161,CARBON,411.8436
ZIPAEMG2,162,CARBON,411.8436
ZIPAEMG2,163,CARBON,411.8436
ZIPAEMG2,164,CARBON,411.8436
ZIPAEMG2,165,CARBON,411.8436
ZIPAEMG2,166,CARBON,411.8436
ZIPAEMG2,167,CARBON,411.8436
ZIPAEMG2,168,CARBON,411.8436
ZIPAEMG2,169,CARBON,0.0
ZIPAEMG2,170,CARBON,0.0
ZIPAEMG2,171,CARBON,0.0
ZIPAEMG2,172,CARBON,0.0
ZIPAEMG2,173,CARBON,0.0
ZIPAEMG2,174,CARBON,0.0
ZIPAEMG2,175,CARBON,0.0
ZIPAEMG2,176,CARBON,0.0
ZIPAEMG2,177,CARBON,0.0
ZIPAEMG2,178,CARBON,0.0
ZIPAEMG2,179,CARBON,0.0
ZIPAEMG2,180,CARBON,0.0
ZIPAEMG2,181,CARBON,0.0
ZIPAEMG2,182,CARBON,0.0
ZIPAEMG2,183,CARBON,0.0
ZIPAEMG2,184,CARBON,0.0
ZIPAEMG2,185,CARBON,0.0
ZIPAEMG2,186,CARBON,0.0
ZIPAEMG2,187,CARBON,0.0
ZIPAEMG2,188,CARBON,0.0
ZIPAEMG2,189,CARBON,0.0
ZIPAEMG2,190,CARBON,0.0
ZIPAEMG2,191,CARBON,0.0
ZIPAEMG2,192,CARBON,0.0
ZIPAEMG2,193,CARBON,411.8436
ZIPAEMG2,194,CARBON,411.8436
ZIPAEMG2,195,CARBON,411.8436
ZIPAEMG2,196,CARBON,411.8436
ZIPAEMG2,197,CARBON,411.8436
ZIPAEMG2,198,CARBON,411.8436
ZIPAEMG2,199,CARBON,411.8436
ZIPAEMG2,200,CARBON,411.8436
ZIPAEMG2,201,CARBON,411.8436
ZIPAEMG2,202,CARBON,411.8436
ZIPAEMG2,203,CARBON,411.8436
ZIPAEMG2,204,CARBON,411.8436
ZIPAEMG2,205,CARBON,411.8436
ZIPAEMG2,206,CARBON,411.8436
ZIPAEMG2,207,CARBON,411.8436
ZIPAEMG2,208,CARBON,411.8436
ZIPAEMG2,209,CARBON,411.8436
ZIPAEMG2,210,CARBON,411.8436
ZIPAEMG2,211,CARBON,411.8436
ZIPAEMG2,212,CARBON,411.8436
ZIPAEMG2,213,CARBON,411.8436
ZIPAEMG2,214,CARBON,411.8436
ZIPAEMG2,215,CARBON,411.8436
ZIPAEMG2,216,CARBON,411.8436
ZIPAEMG2,217,CARBON,411.8436
ZIPAEMG2,218,CARBON,411.8436
ZIPAEMG2,219,CARBON,411.8436
ZIPAEMG2,220,CARBON,411.8436
ZIPAEMG2,221,CARBON,411.8436
ZIPAEMG2,222,CARBON,411.8436
ZIPAEMG2,223,CARBON,411.8436
ZIPAEMG2,224,CARBON,411.8436
ZIPAEMG2,225,CARBON,411.8436
ZIPAEMG2,226,CARBON,411.8436
ZIPAEMG2,227,CARBON,411.8436
ZIPAEMG2,228,CARBON,411.8436
ZIPAEMG2,229,CARBON,411.8436
ZIPAEMG2,230,CARBON,411.8436
ZIPAEMG2,231,CARBON,411.8436
ZIPAEMG2,232,CARBON,411.8436
ZIPAEMG2,233,CARBON,411.8436
ZIPAEMG2,234,CARBON,411.8436
ZIPAEMG2,235,CARBON,411.8436
ZIPAEMG2,236,CARBON,411.8436
ZIPAEMG2,237,CARBON,411.8436
ZIPAEMG2,238,CARBON,411.8436
ZIPAEMG2,239,CARBON,411.8436
ZIPAEMG2,240,CARBON,411.8436
ZIPAEMG2,241,CARBON,411.8436
ZIPAEMG2,242,CARBON,411.8436
ZIPAEMG2,243,CARBON,411.8436
ZIPAEMG2,244,CARBON,411.8436
ZIPAEMG2,245,CARBON,411.8436
ZIPAEMG2,246,CARBON,411.8436
ZIPAEMG2,247,CARBON,411.8436
ZIPAEMG2,248,CARBON,411.8436
ZIPAEMG2,249,CARBON,411.8436
ZIPAEMG2,250,CARBON,411.8436
ZIPAEMG2,251,CARBON,411.8436
ZIPAEMG2,252,CARBON,411.8436
ZIPAEMG2,253,CARBON,411.8436
ZIPAEMG2,254,CARBON,411.8436
ZIPAEMG2,255,CARBON,411.8436
ZIPAEMG2,256,CARBON,411.8436
ZIPAEMG2,257,CARBON,411.8436
ZIPAEMG2,258,CARBON,411.8436
ZIPAEMG2,259,CARBON,411.8436
ZIPAEMG2,260,CARBON,411.8436
ZIPAEMG2,261,CARBON,411.8436
ZIPAEMG2,262,CARBON,411.8436
ZIPAEMG2,263,CARBON,411.8436
ZIPAEMG2,264,CARBON,411.8436
ZIPAEMG2,265,CARBON,411.8436
ZIPAEMG2,266,CARBON,411.8436
ZIPAEMG2,267,CARBON,411.8436
ZIPAEMG2,268,CARBON,411.8436
ZIPAEMG2,269,CARBON,411.8436
ZIPAEMG2,270,CARBON,411.8436
ZIPAEMG2,271,CARBON,411.8436
ZIPAEMG2,272,CARBON,411.8436
ZIPAEMG2,273,CARBON,411.8436
ZIPAEMG2,274,CARBON,411.8436
ZIPAEMG2,275,CARBON,411.8436
ZIPAEMG2,276,CARBON,411.8436
ZIPAEMG2,277,CARBON,411.8436
ZIPAEMG2,278,CARBON,411.8436
ZIPAEMG2,279,CARBON,411.8436
ZIPAEMG2,280,CARBON,411.8436
ZIPAEMG2,281,CARBON,411.8436
ZIPAEMG2,282,CARBON,411.8436
ZIPAEMG2,283,CARBON,411.8436
ZIPAEMG2,284,CARBON,411.8436
ZIPAEMG2,285,CARBON,411.8436
ZIPAEMG2,286,CARBON,411.8436
ZIPAEMG2,287,CARBON,411.8436
ZIPAEMG2,288,CARBON,411.8436
ZIPAEMG2,289,CARBON,411.8436
ZIPAEMG2,290,CARBON,411.8436
ZIPAEMG2,291,CARBON,411.8436
ZIPAEMG2,292,CARBON,411.8436
ZIPAEMG2,293,CARBON,411.8436
ZIPAEMG2,294,CARBON,411.8436
ZIPAEMG2,295,CARBON,411.8436
ZIPAEMG2,296,CARBON,411.8436
ZIPAEMG2,297,CARBON,411.8436
ZIPAEMG2,298,CARBON,411.8436
ZIPAEMG2,299,CARBON,411.8436
ZIPAEMG2,300,CARBON,411.8436
ZIPAEMG2,301,CARBON,411.8436
ZIPAEMG2,302,CARBON,411.8436
ZIPAEMG2,303,CARBON,411.8436
ZIPAEMG2,304,CARBON,411.8436
ZIPAEMG2,305,CARBON,411.8436
ZIPAEMG2,306,CARBON,411.8436
ZIPAEMG2,307,CARBON,411.8436
ZIPAEMG2,308,CARBON,411.8436
ZIPAEMG2,309,CARBON,411.8436
ZIPAEMG2,310,CARBON,411.8436
ZIPAEMG2,311,CARBON,411.8436
ZIPAEMG2,312,CARBON,411.8436
ZIPAEMG2,313,CARBON,411.8436
ZIPAEMG2,314,CARBON,411.8436
ZIPAEMG2,315,CARBON,411.8436
ZIPAEMG2,316,CARBON,411.8436
ZIPAEMG2,317,CARBON,411.8436
ZIPAEMG2,318,CARBON,411.8436
ZIPAEMG2,319,CARBON,411.8436
ZIPAEMG2,320,CARBON,411.8436
ZIPAEMG2,321,CARBON,411.8436
ZIPAEMG2,322,CARBON,411.8436
ZIPAEMG2,323,CARBON,411.8436
ZIPAEMG2,324,CARBON,411.8436
ZIPAEMG2,325,CARBON,411.8436
ZIPAEMG2,326,CARBON,411.8436
ZIPAEMG2,327,CARBON,411.8436
ZIPAEMG2,328,CARBON,411.8436
ZIPAEMG2,329,CARBON,411.8436
ZIPAEMG2,330,CARBON,411.8436
ZIPAEMG2,331,CARBON,411.8436
ZIPAEMG2,332,CARBON,411.8436
ZIPAEMG2,333,CARBON,411.8436
ZIPAEMG2,334,CARBON,411.8436
ZIPAEMG2,335,CARBON,411.8436
ZIPAEMG2,336,CARBON,411.8436
ZIPAEMG2,337,CARBON,411.8436
ZIPAEMG2,338,CARBON,411.8436
ZIPAEMG2,339,CARBON,411.8436
ZIPAEMG2,340,CARBON,411.8436
ZIPAEMG2,341,CARBON,411.8436
ZIPAEMG2,342,CARBON,411.8436
ZIPAEMG2,343,CARBON,411.8436
ZIPAEMG2,344,CARBON,411.8436
ZIPAEMG2,345,CARBON,411.8436
ZIPAEMG2,346,CARBON,411.8436
ZIPAEMG2,347,CARBON,411.8436
ZIPAEMG2,348,CARBON,411.8436
ZIPAEMG2,349,CARBON,411.8436
ZIPAEMG2,350,CARBON,411.8436
ZIPAEMG2,351,CARBON,411.8436
ZIPAEMG2,352,CARBON,411.8436
ZIPAEMG2,353,CARBON,411.8436
ZIPAEMG2,354,CARBON,411.8436
ZIPAEMG2,355,CARBON,411.8436
ZIPAEMG2,356,CARBON,411.8436
ZIPAEMG2,357,CARBON,411.8436
ZIPAEMG2,358,CARBON,411.8436
ZIPAEMG2,359,CARBON,411.8436
ZIPAEMG2,360,CARBON,411.8436
ZIPAEMG2,361,CARBON,411.8436
ZIPAEMG2,362,CARBON,411.8436
ZIPAEMG2,363,CARBON,411.8436
ZIPAEMG2,364,CARBON,411.8436
ZIPAEMG2,365,CARBON,411.8436
ZIPAEMG2,366,CARBON,411.8436
ZIPAEMG2,367,CARBON,411.8436
ZIPAEMG2,368,CARBON,411.8436
ZIPAEMG2,369,CARBON,411.8436
ZIPAEMG2,370,CARBON,411.8436
ZIPAEMG2,371,CARBON,411.8436
ZIPAEMG2,372,CARBON,411.8436
ZIPAEMG2,373,CARBON,411.8436
ZIPAEMG2,374,CARBON,411.8436
ZIPAEMG2,375,CARBON,411.8436
ZIPAEMG2,376,CARBON,411.8436
ZIPAEMG2,377,CARBON,411.8436
ZIPAEMG2,378,CARBON,411.8436
ZIPAEMG2,379,CARBON,411.8436
ZIPAEMG2,380,CARBON,411.8436
ZIPAEMG2,381,CARBON,411.8436
ZIPAEMG2,382,CARBON,411.8436
ZIPAEMG2,383,CARBON,411.8436
ZIPAEMG2,384,CARBON,411.8436
ZIPAEMG3,1,CARBON,0.0
ZIPAEMG3,2,CARBON,0.0
ZIPAEMG3,3,CARBON,0.0
ZIPAEMG3,4,CARBON,0.0
ZIPAEMG3,5,CARBON,0.0
ZIPAEMG3,6,CARBON,0.0
ZIPAEMG3,7,CARBON,0.0
ZIPAEMG3,8,CARBON,0.0
ZIPAEMG3,9,CARBON,0.0
ZIPAEMG3,10,CARBON,0.0
ZIPAEMG3,11,CARBON,0.0
ZIPAEMG3,12,CARBON,0.0
ZIPAEMG3,13,CARBON,0.0
ZIPAEMG3,14,CARBON,0.0
ZIPAEMG3,15,CARBON,0.0
ZIPAEMG3,16,CARBON,0.0
ZIPAEMG3,17,CARBON,0.0
ZIPAEMG3,18,CARBON,0.0
ZIPAEMG3,19,CARBON,0.0
ZIPAEMG3,20,CARBON,0.0
ZIPAEMG3,21,CARBON,0.0
ZIPAEMG3,22,CARBON,0.0
ZIPAEMG3,23,CARBON,0.0
ZIPAEMG3,24,CARBON,0.0
ZIPAEMG3,25,CARBON,0.0
ZIPAEMG3,26,CARBON,0.0
ZIPAEMG3,27,CARBON,0.0
ZIPAEMG3,28,CARBON,0.0
ZIPAEMG3,29,CARBON,0.0
ZIPAEMG3,30,CARBON,0.0
ZIPAEMG3,31,CARBON,0.0
ZIPAEMG3,32,CARBON,0.0
ZIPAEMG3,33,CARBON,0.0
ZIPAEMG3,34,CARBON,0.0
ZIPAEMG3,35,CARBON,0.0
ZIPAEMG3,36,CARBON,0.0
ZIPAEMG3,37,CARBON,0.0
ZIPAEMG3,38,CARBON,0.0
ZIPAEMG3,39,CARBON,0.0
ZIPAEMG3,40,CARBON,0.0
ZIPAEMG3,41,CARBON,0.0
ZIPAEMG3,42,CARBON,0.0
ZIPAEMG3,43,CARBON,0.0
ZIPAEMG3,44,CARBON,0.0
ZIPAEMG3,45,CARBON,0.0
ZIPAEMG3,46,CARBON,0.0
ZIPAEMG3,47,CARBON,0.0
ZIPAEMG3,48,CARBON,0.0
ZIPAEMG3,49,CARBON,0.0
ZIPAEMG3,50,CARBON,0.0
ZIPAEMG3,51,CARBON,0.0
ZIPAEMG3,52,CARBON,0.0
ZIPAEMG3,53,CARBON,0.0
ZIPAEMG3,54,CARBON,0.0
ZIPAEMG3,55,CARBON,0.0
ZIPAEMG3,56,CARBON,0.0
ZIPAEMG3,57,CARBON,0.0
ZIPAEMG3,58,CARBON,0.0
ZIPAEMG3,59,CARBON,0.0
ZIPAEMG3,60,CARBON,0.0
ZIPAEMG3,61,CARBON,0.0
ZIPAEMG3,62,CARBON,0.0
ZIPAEMG3,63,CARBON,0.0
ZIPAEMG3,64,CARBON,0.0
ZIPAEMG3,65,CARBON,0.0
ZIPAEMG3,66,CARBON,0.0
ZIPAEMG3,67,CARBON,0.0
ZIPAEMG3,68,CARBON,0.0
ZIPAEMG3,69,CARBON,0.0
ZIPAEMG3,70,CARBON,0.0
ZIPAEMG3,71,CARBON,0.0
ZIPAEMG3,72,CARBON,0.0
ZIPAEMG3,73,CARBON,0.0
ZIPAEMG3,74,CARBON,0.0
ZIPAEMG3,75,CARBON,0.0
ZIPAEMG3,76,CARBON,0.0
ZIPAEMG3,77,CARBON,0.0
ZIPAEMG3,78,CARBON,0.0
ZIPAEMG3,79,CARBON,0.0
ZIPAEMG3,80,CARBON,0.0
ZIPAEMG3,81,CARBON,0.0
ZIPAEMG3,82,CARBON,0.0
ZIPAEMG3,83,CARBON,0.0
ZIPAEMG3,84,CARBON,0.0
ZIPAEMG3,85,CARBON,0.0
ZIPAEMG3,86,CARBON,0.0
ZIPAEMG3,87,CARBON,0.0
ZIPAEMG3,88,CARBON,0.0
ZIPAEMG3,89,CARBON,0.0
ZIPAEMG3,90,CARBON,0.0
ZIPAEMG3,91,CARBON,0.0
ZIPAEMG3,92,CARBON,0.0
ZIPAEMG3,93,CARBON,0.0
ZIPAEMG3,94,CARBON,0.0
ZIPAEMG3,95,CARBON,0.0
ZIPAEMG3,96,CARBON,0.0
ZIPAEMG3,97,CARBON,0.0
ZIPAEMG3,98,CARBON,0.0
ZIPAEMG3,99,CARBON,0.0
ZIPAEMG3,100,CARBON,0.0
ZIPAEMG3,101,CARBON,0.0
ZIPAEMG3,102,CARBON,0.0
ZIPAEMG3,103,CARBON,0.0
ZIPAEMG3,104,CARBON,0.0
ZIPAEMG3,105,CARBON,0.0
ZIPAEMG3,106,CARBON,0.0
ZIPAEMG3,107,CARBON,0.0
ZIPAEMG3,108,CARBON,0.0
ZIPAEMG3,109,CARBON,0.0
ZIPAEMG3,110,CARBON,0.0
ZIPAEMG3,111,CARBON,0.0
ZIPAEMG3,112,CARBON,0.0
ZIPAEMG3,113,CARBON,0.0
ZIPAEMG3,114,CARBON,0.0
ZIPAEMG3,115,CARBON,0.0
ZIPAEMG3,116,CARBON,0.0
ZIPAEMG3,117,CARBON,0.0
ZIPAEMG3,118,CARBON,0.0
ZIPAEMG3,119,CARBON,0.0
ZIPAEMG3,120,CARBON,0.0
ZIPAEMG3,121,CARBON,0.0
ZIPAEMG3,122,CARBON,0.0
ZIPAEMG3,123,CARBON,0.0
ZIPAEMG3,124,CARBON,0.0
ZIPAEMG3,125,CARBON,0.0
ZIPAEMG3,126,CARBON,0.0
ZIPAEMG3,127,CARBON,0.0
ZIPAEMG3,128,CARBON,0.0
ZIPAEMG3,129,CARBON,0.0
ZIPAEMG3,130,CARBON,0.0
ZIPAEMG3,131,CARBON,0.0
ZIPAEMG3,132,CARBON,0.0
ZIPAEMG3,133,CARBON,0.0
ZIPAEMG3,134,CARBON,0.0
ZIPAEMG3,135,CARBON,0.0
ZIPAEMG3,136,CARBON,0.0
ZIPAEMG3,137,CARBON,0.0
ZIPAEMG3,138,CARBON,0.0
ZIPAEMG3,139,CARBON,0.0
ZIPAEMG3,140,CARBON,0.0
ZIPAEMG3,141,CARBON,0.0
ZIPAEMG3,142,CARBON,0.0
ZIPAEMG3,143,CARBON,0.0
ZIPAEMG3,144,CARBON,0.0
ZIPAEMG3,145,CARBON,737.2512
ZIPAEMG3,146,CARBON,737.2512
ZIPAEMG3,147,CARBON,737.2512
ZIPAEMG3,148,CARBON,737.2512
ZIPAEMG3,149,CARBON,737.2512
ZIPAEMG3,150,CARBON,737.2512
ZIPAEMG3,151,CARBON,737.2512
ZIPAEMG3,152,CARBON,737.2512
ZIPAEMG3,153,CARBON,737.2512
ZIPAEMG3,154,CARBON,737.2512
ZIPAEMG3,155,CARBON,737.2512
ZIPAEMG3,156,CARBON,737.2512
ZIPAEMG3,157,CARBON,737.2512
ZIPAEMG3,158,CARBON,737.2512
ZIPAEMG3,159,CARBON,737.2512
ZIPAEMG3,160,CARBON,737.2512
ZIPAEMG3,161,CARBON,737.2512
ZIPAEMG3,162,CARBON,737.2512
ZIPAEMG3,163,CARBON,737.2512
ZIPAEMG3,164,CARBON,737.2512
ZIPAEMG3,165,CARBON,737.2512
ZIPAEMG3,166,CARBON,737.2512
ZIPAEMG3,167,CARBON,737.2512
ZIPAEMG3,168,CARBON,737.2512
ZIPAEMG3,169,CARBON,0.0
ZIPAEMG3,170,CARBON,0.0
ZIPAEMG3,171,CARBON,0.0
ZIPAEMG3,172,CARBON,0.0
ZIPAEMG3,173,CARBON,0.0
ZIPAEMG3,174,CARBON,0.0
ZIPAEMG3,175,CARBON,0.0
ZIPAEMG3,176,CARBON,0.0
ZIPAEMG3,177,CARBON,0.0
ZIPAEMG3,178,CARBON,0.0
ZIPAEMG3,179,CARBON,0.0
ZIPAEMG3,180,CARBON,0.0
ZIPAEMG3,181,CARBON,0.0
ZIPAEMG3,182,CARBON,0.0
ZIPAEMG3,183,CARBON,0.0
ZIPAEMG3,184,CARBON,0.0
ZIPAEMG3,185,CARBON,0.0
ZIPAEMG3,186,CARBON,0.0
ZIPAEMG3,187,CARBON,0.0
ZIPAEMG3,188,CARBON,0.0
ZIPAEMG3,189,CARBON,0.0
ZIPAEMG3,190,CARBON,0.0
ZIPAEMG3,191,CARBON,0.0
ZIPAEMG3,192,CARBON,0.0
ZIPAEMG3,193,CARBON,737.2512
ZIPAEMG3,194,CARBON,737.2512
ZIPAEMG3,195,CARBON,737.2512
ZIPAEMG3,196,CARBON,737.2512
ZIPAEMG3,197,CARBON,737.2512
ZIPAEMG3,198,CARBON,737.2512
ZIPAEMG3,199,CARBON,737.2512
ZIPAEMG3,200,CARBON,737.2512
ZIPAEMG3,201,CARBON,737.2512
ZIPAEMG3,202,CARBON,737.2512
ZIPAEMG3,203,CARBON,737.2512
ZIPAEMG3,204,CARBON,737.2512
ZIPAEMG3,205,CARBON,737.2512
ZIPAEMG3,206,CARBON,737.2512
ZIPAEMG3,207,CARBON,737.2512
ZIPAEMG3,208,CARBON,737.2512
ZIPAEMG3,209,CARBON,737.2512
ZIPAEMG3,210,CARBON,737.2512
ZIPAEMG3,211,CARBON,737.2512
ZIPAEMG3,212,CARBON,737.2512
ZIPAEMG3,213,CARBON,737.2512
ZIPAEMG3,214,CARBON,737.2512
ZIPAEMG3,215,CARBON,737.2512
ZIPAEMG3,216,CARBON,737.2512
ZIPAEMG3,217,CARBON,737.2512
ZIPAEMG3,218,CARBON,737.2512
ZIPAEMG3,219,CARBON,737.2512
ZIPAEMG3,220,CARBON,737.2512
ZIPAEMG3,221,CARBON,737.2512
ZIPAEMG3,222,CARBON,737.2512
ZIPAEMG3,223,CARBON,737.2512
ZIPAEMG3,224,CARBON,737.2512
ZIPAEMG3,225,CARBON,737.2512
ZIPAEMG3,226,CARBON,737.2512
ZIPAEMG3,227,CARBON,737.2512
ZIPAEMG3,228,CARBON,737.2512
ZIPAEMG3,229,CARBON,737.2512
ZIPAEMG3,230,CARBON,737.2512
ZIPAEMG3,231,CARBON,737.2512
ZIPAEMG3,232,CARBON,737.2512
ZIPAEMG3,233,CARBON,737.2512
ZIPAEMG3,234,CARBON,737.2512
ZIPAEMG3,235,CARBON,737.2512
ZIPAEMG3,236,CARBON,737.2512
ZIPAEMG3,237,CARBON,737.2512
ZIPAEMG3,238,CARBON,737.2512
ZIPAEMG3,239,CARBON,737.2512
ZIPAEMG3,240,CARBON,737.2512
ZIPAEMG3,241,CARBON,737.2512
ZIPAEMG3,242,CARBON,737.2512
ZIPAEMG3,243,CARBON,737.2512
ZIPAEMG3,244,CARBON,737.2512
ZIPAEMG3,245,CARBON,737.2512
ZIPAEMG3,246,CARBON,737.2512
ZIPAEMG3,247,CARBON,737.2512
ZIPAEMG3,248,CARBON,737.2512
ZIPAEMG3,249,CARBON,737.2512
ZIPAEMG3,250,CARBON,737.2512
ZIPAEMG3,251,CARBON,737.2512
ZIPAEMG3,252,CARBON,737.2512
ZIPAEMG3,253,CARBON,737.2512
ZIPAEMG3,254,CARBON,737.2512
ZIPAEMG3,255,CARBON,737.2512
ZIPAEMG3,256,CARBON,737.2512
ZIPAEMG3,257,CARBON,737.2512
ZIPAEMG3,258,CARBON,737.2512
ZIPAEMG3,259,CARBON,737.2512
ZIPAEMG3,260,CARBON,737.2512
ZIPAEMG3,261,CARBON,737.2512
ZIPAEMG3,262,CARBON,737.2512
ZIPAEMG3,263,CARBON,737.2512
ZIPAEMG3,264,CARBON,737.2512
ZIPAEMG3,265,CARBON,737.2512
ZIPAEMG3,266,CARBON,737.2512
ZIPAEMG3,267,CARBON,737.2512
ZIPAEMG3,268,CARBON,737.2512
ZIPAEMG3,269,CARBON,737.2512
ZIPAEMG3,270,CARBON,737.2512
ZIPAEMG3,271,CARBON,737.2512
ZIPAEMG3,272,CARBON,737.2512
ZIPAEMG3,273,CARBON,737.2512
ZIPAEMG3,274,CARBON,737.2512
ZIPAEMG3,275,CARBON,737.2512
ZIPAEMG3,276,CARBON,737.2512
ZIPAEMG3,277,CARBON,737.2512
ZIPAEMG3,278,CARBON,737.2512
ZIPAEMG3,279,CARBON,737.2512
ZIPAEMG3,280,CARBON,737.2512
ZIPAEMG3,281,CARBON,737.2512
ZIPAEMG3,282,CARBON,737.2512
ZIPAEMG3,283,CARBON,737.2512
ZIPAEMG3,284,CARBON,737.2512
ZIPAEMG3,285,CARBON,737.2512
ZIPAEMG3,286,CARBON,737.2512
ZIPAEMG3,287,CARBON,737.2512
ZIPAEMG3,288,CARBON,737.2512
ZIPAEMG3,289,CARBON,737.2512
ZIPAEMG3,290,CARBON,737.2512
ZIPAEMG3,291,CARBON,737.2512
ZIPAEMG3,292,CARBON,737.2512
ZIPAEMG3,293,CARBON,737.2512
ZIPAEMG3,294,CARBON,737.2512
ZIPAEMG3,295,CARBON,737.2512
ZIPAEMG3,296,CARBON,737.2512
ZIPAEMG3,297,CARBON,737.2512
ZIPAEMG3,298,CARBON,737.2512
ZIPAEMG3,299,CARBON,737.2512
ZIPAEMG3,300,CARBON,737.2512
ZIPAEMG3,301,CARBON,737.2512
ZIPAEMG3,302,CARBON,737.2512
ZIPAEMG3,303,CARBON,737.2512
ZIPAEMG3,304,CARBON,737.2512
ZIPAEMG3,305,CARBON,737.2512
ZIPAEMG3,306,CARBON,737.2512
ZIPAEMG3,307,CARBON,737.2512
ZIPAEMG3,308,CARBON,737.2512
ZIPAEMG3,309,CARBON,737.2512
ZIPAEMG3,310,CARBON,737.2512
ZIPAEMG3,311,CARBON,737.2512
ZIPAEMG3,312,CARBON,737.2512
ZIPAEMG3,313,CARBON,737.2512
ZIPAEMG3,314,CARBON,737.2512
ZIPAEMG3,315,CARBON,737.2512
ZIPAEMG3,316,CARBON,737.2512
ZIPAEMG3,317,CARBON,737.2512
ZIPAEMG3,318,CARBON,737.2512
ZIPAEMG3,319,CARBON,737.2512
ZIPAEMG3,320,CARBON,737.2512
ZIPAEMG3,321,CARBON,737.2512
ZIPAEMG3,322,CARBON,737.2512
ZIPAEMG3,323,CARBON,737.2512
ZIPAEMG3,324,CARBON,737.2512
ZIPAEMG3,325,CARBON,737.2512
ZIPAEMG3,326,CARBON,737.2512
ZIPAEMG3,327,CARBON,737.2512
ZIPAEMG3,328,CARBON,737.2512
ZIPAEMG3,329,CARBON,737.2512
ZIPAEMG3,330,CARBON,737.2512
ZIPAEMG3,331,CARBON,737.2512
ZIPAEMG3,332,CARBON,737.2512
ZIPAEMG3,333,CARBON,737.2512
ZIPAEMG3,334,CARBON,737.2512
ZIPAEMG3,335,CARBON,737.2512
ZIPAEMG3,336,CARBON,737.2512
ZIPAEMG3,337,CARBON,737.2512
ZIPAEMG3,338,CARBON,737.2512
ZIPAEMG3,339,CARBON,737.2512
ZIPAEMG3,340,CARBON,737.2512
ZIPAEMG3,341,CARBON,737.2512
ZIPAEMG3,342,CARBON,737.2512
ZIPAEMG3,343,CARBON,737.2512
ZIPAEMG3,344,CARBON,737.2512
ZIPAEMG3,345,CARBON,737.2512
ZIPAEMG3,346,CARBON,737.2512
ZIPAEMG3,347,CARBON,737.2512
ZIPAEMG3,348,CARBON,737.2512
ZIPAEMG3,349,CARBON,737.2512
ZIPAEMG3,350,CARBON,737.2512
ZIPAEMG3,351,CARBON,737.2512
ZIPAEMG3,352,CARBON,737.2512
ZIPAEMG3,353,CARBON,737.2512
ZIPAEMG3,354,CARBON,737.2512
ZIPAEMG3,355,CARBON,737.2512
ZIPAEMG3,356,CARBON,737.2512
ZIPAEMG3,357,CARBON,737.2512
ZIPAEMG3,358,CARBON,737.2512
ZIPAEMG3,359,CARBON,737.2512
ZIPAEMG3,360,CARBON,737.2512
ZIPAEMG3,361,CARBON,737.2512
ZIPAEMG3,362,CARBON,737.2512
ZIPAEMG3,363,CARBON,737.2512
ZIPAEMG3,364,CARBON,737.2512
ZIPAEMG3,365,CARBON,737.2512
ZIPAEMG3,366,CARBON,737.2512
ZIPAEMG3,367,CARBON,737.2512
ZIPAEMG3,368,CARBON,737.2512
ZIPAEMG3,369,CARBON,737.2512
ZIPAEMG3,370,CARBON,737.2512
ZIPAEMG3,371,CARBON,737.2512
ZIPAEMG3,372,CARBON,737.2512
ZIPAEMG3,373,CARBON,737.2512
ZIPAEMG3,374,CARBON,737.2512
ZIPAEMG3,375,CARBON,737.2512
ZIPAEMG3,376,CARBON,737.2512
ZIPAEMG3,377,CARBON,737.2512
ZIPAEMG3,378,CARBON,737.2512
ZIPAEMG3,379,CARBON,737.2512
ZIPAEMG3,380,CARBON,737.2512
ZIPAEMG3,381,CARBON,737.2512
ZIPAEMG3,382,CARBON,737.2512
ZIPAEMG3,383,CARBON,737.2512
ZIPAEMG3,384,CARBON,737.2512
ZIPAEMG4,1,CARBON,0.0
ZIPAEMG4,2,CARBON,0.0
ZIPAEMG4,3,CARBON,0.0
ZIPAEMG4,4,CARBON,0.0
ZIPAEMG4,5,CARBON,0.0
ZIPAEMG4,6,CARBON,0.0
ZIPAEMG4,7,CARBON,0.0
ZIPAEMG4,8,CARBON,0.0
ZIPAEMG4,9,CARBON,0.0
ZIPAEMG4,10,CARBON,0.0
ZIPAEMG4,11,CARBON,0.0
ZIPAEMG4,12,CARBON,0.0
ZIPAEMG4,13,CARBON,0.0
ZIPAEMG4,14,CARBON,0.0
ZIPAEMG4,15,CARBON,0.0
ZIPAEMG4,16,CARBON,0.0
ZIPAEMG4,17,CARBON,0.0
ZIPAEMG4,18,CARBON,0.0
ZIPAEMG4,19,CARBON,0.0
ZIPAEMG4,20,CARBON,0.0
ZIPAEMG4,21,CARBON,0.0
ZIPAEMG4,22,CARBON,0.0
ZIPAEMG4,23,CARBON,0.0
ZIPAEMG4,24,CARBON,0.0
ZIPAEMG4,25,CARBON,0.0
ZIPAEMG4,26,CARBON,0.0
ZIPAEMG4,27,CARBON,0.0
ZIPAEMG4,28,CARBON,0.0
ZIPAEMG4,29,CARBON,0.0
ZIPAEMG4,30,CARBON,0.0
ZIPAEMG4,31,CARBON,0.0
ZIPAEMG4,32,CARBON,0.0
ZIPAEMG4,33,CARBON,0.0
ZIPAEMG4,34,CARBON,0.0
ZIPAEMG4,35,CARBON,0.0
ZIPAEMG4,36,CARBON,0.0
ZIPAEMG4,37,CARBON,0.0
ZIPAEMG4,38,CARBON,0.0
ZIPAEMG4,39,CARBON,0.0
ZIPAEMG4,40,CARBON,0.0
ZIPAEMG4,41,CARBON,0.0
ZIPAEMG4,42,CARBON,0.0
ZIPAEMG4,43,CARBON,0.0
ZIPAEMG4,44,CARBON,0.0
ZIPAEMG4,45,CARBON,0.0
ZIPAEMG4,46,CARBON,0.0
ZIPAEMG4,47,CARBON,0.0
ZIPAEMG4,48,CARBON,0.0
ZIPAEMG4,49,CARBON,0.0
ZIPAEMG4,50,CARBON,0.0
ZIPAEMG4,51,CARBON,0.0
ZIPAEMG4,52,CARBON,0.0
ZIPAEMG4,53,CARBON,0.0
ZIPAEMG4,54,CARBON,0.0
ZIPAEMG4,55,CARBON,0.0
ZIPAEMG4,56,CARBON,0.0
ZIPAEMG4,57,CARBON,0.0
ZIPAEMG4,58,CARBON,0.0
ZIPAEMG4,59,CARBON,0.0
ZIPAEMG4,60,CARBON,0.0
ZIPAEMG4,61,CARBON,0.0
ZIPAEMG4,62,CARBON,0.0
ZIPAEMG4,63,CARBON,0.0
ZIPAEMG4,64,CARBON,0.0
ZIPAEMG4,65,CARBON,0.0
ZIPAEMG4,66,CARBON,0.0
ZIPAEMG4,67,CARBON,0.0
ZIPAEMG4,68,CARBON,0.0
ZIPAEMG4,69,CARBON,0.0
ZIPAEMG4,70,CARBON,0.0
ZIPAEMG4,71,CARBON,0.0
ZIPAEMG4,72,CARBON,0.0
ZIPAEMG4,73,CARBON,0.0
ZIPAEMG4,74,CARBON,0.0
ZIPAEMG4,75,CARBON,0.0
ZIPAEMG4,76,CARBON,0.0
ZIPAEMG4,77,CARBON,0.0
ZIPAEMG4,78,CARBON,0.0
ZIPAEMG4,79,CARBON,0.0
ZIPAEMG4,80,CARBON,0.0
ZIPAEMG4,81,CARBON,0.0
ZIPAEMG4,82,CARBON,0.0
ZIPAEMG4,83,CARBON,0.0
ZIPAEMG4,84,CARBON,0.0
ZIPAEMG4,85,CARBON,0.0
ZIPAEMG4,86,CARBON,0.0
ZIPAEMG4,87,CARBON,0.0
ZIPAEMG4,88,CARBON,0.0
ZIPAEMG4,89,CARBON,0.0
ZIPAEMG4,90,CARBON,0.0
ZIPAEMG4,91,CARBON,0.0
ZIPAEMG4,92,CARBON,0.0
ZIPAEMG4,93,CARBON,0.0
ZIPAEMG4,94,CARBON,0.0
ZIPAEMG4,95,CARBON,0.0
ZIPAEMG4,96,CARBON,0.0
ZIPAEMG4,97,CARBON,0.0
ZIPAEMG4,98,CARBON,0.0
ZIPAEMG4,99,CARBON,0.0
ZIPAEMG4,100,CARBON,0.0
ZIPAEMG4,101,CARBON,0.0
ZIPAEMG4,102,CARBON,0.0
ZIPAEMG4,103,CARBON,0.0
ZIPAEMG4,104,CARBON,0.0
ZIPAEMG4,105,CARBON,0.0
ZIPAEMG4,106,CARBON,0.0
ZIPAEMG4,107,CARBON,0.0
ZIPAEMG4,108,CARBON,0.0
ZIPAEMG4,109,CARBON,0.0
ZIPAEMG4,110,CARBON,0.0
ZIPAEMG4,111,CARBON,0.0
ZIPAEMG4,112,CARBON,0.0
ZIPAEMG4,113,CARBON,0.0
ZIPAEMG4,114,CARBON,0.0
ZIPAEMG4,115,CARBON,0.0
ZIPAEMG4,116,CARBON,0.0
ZIPAEMG4,117,CARBON,0.0
ZIPAEMG4,118,CARBON,0.0
ZIPAEMG4,119,CARBON,0.0
ZIPAEMG4,120,CARBON,0.0
ZIPAEMG4,121,CARBON,0.0
ZIPAEMG4,122,CARBON,0.0
ZIPAEMG4,123,CARBON,0.0
ZIPAEMG4,124,CARBON,0.0
ZIPAEMG4,125,CARBON,0.0
ZIPAEMG4,126,CARBON,0.0
ZIPAEMG4,127,CARBON,0.0
ZIPAEMG4,128,CARBON,0.0
ZIPAEMG4,129,CARBON,0.0
ZIPAEMG4,130,CARBON,0.0
ZIPAEMG4,131,CARBON,0.0
ZIPAEMG4,132,CARBON,0.0
ZIPAEMG4,133,CARBON,0.0
ZIPAEMG4,134,CARBON,0.0
ZIPAEMG4,135,CARBON,0.0
ZIPAEMG4,136,CARBON,0.0
ZIPAEMG4,137,CARBON,0.0
ZIPAEMG4,138,CARBON,0.0
ZIPAEMG4,139,CARBON,0.0
ZIPAEMG4,140,CARBON,0.0
ZIPAEMG4,141,CARBON,0.0
ZIPAEMG4,142,CARBON,0.0
ZIPAEMG4,143,CARBON,0.0
ZIPAEMG4,144,CARBON,0.0
ZIPAEMG4,145,CARBON,0.0
ZIPAEMG4,146,CARBON,0.0
ZIPAEMG4,147,CARBON,0.0
ZIPAEMG4,148,CARBON,0.0
ZIPAEMG4,149,CARBON,0.0
ZIPAEMG4,150,CARBON,0.0
ZIPAEMG4,151,CARBON,0.0
ZIPAEMG4,152,CARBON,0.0
ZIPAEMG4,153,CARBON,0.0
ZIPAEMG4,154,CARBON,0.0
ZIPAEMG4,155,CARBON,0.0
ZIPAEMG4,156,CARBON,0.0
ZIPAEMG4,157,CARBON,0.0
ZIPAEMG4,158,CARBON,0.0
ZIPAEMG4,159,CARBON,0.0
ZIPAEMG4,160,CARBON,0.0
ZIPAEMG4,161,CARBON,0.0
ZIPAEMG4,162,CARBON,0.0
ZIPAEMG4,163,CARBON,0.0
ZIPAEMG4,164,CARBON,0.0
ZIPAEMG4,165,CARBON,0.0
ZIPAEMG4,166,CARBON,0.0
ZIPAEMG4,167,CARBON,0.0
ZIPAEMG4,168,CARBON,0.0
ZIPAEMG4,169,CARBON,0.0
ZIPAEMG4,170,CARBON,0.0
ZIPAEMG4,171,CARBON,0.0
ZIPAEMG4,172,CARBON,0.0
ZIPAEMG4,173,CARBON,0.0
ZIPAEMG4,174,CARBON,0.0
ZIPAEMG4,175,CARBON,0.0
ZIPAEMG4,176,CARBON,0.0
ZIPAEMG4,177,CARBON,0.0
ZIPAEMG4,178,CARBON,0.0
ZIPAEMG4,179,CARBON,0.0
ZIPAEMG4,180,CARBON,0.0
ZIPAEMG4,181,CARBON,0.0
ZIPAEMG4,182,CARBON,0.0
ZIPAEMG4,183,CARBON,0.0
ZIPAEMG4,184,CARBON,0.0
ZIPAEMG4,185,CARBON,0.0
ZIPAEMG4,186,CARBON,0.0
ZIPAEMG4,187,CARBON,0.0
ZIPAEMG4,188,CARBON,0.0
ZIPAEMG4,189,CARBON,0.0
ZIPAEMG4,190,CARBON,0.0
ZIPAEMG4,191,CARBON,0.0
ZIPAEMG4,192,CARBON,0.0
ZIPAEMG4,193,CARBON,831.9936
ZIPAEMG4,194,CARBON,831.9936
ZIPAEMG4,195,CARBON,831.9936
ZIPAEMG4,196,CARBON,831.9936
ZIPAEMG4,197,CARBON,831.9936
ZIPAEMG4,198,CARBON,831.9936
ZIPAEMG4,199,CARBON,831.9936
ZIPAEMG4,200,CARBON,831.9936
ZIPAEMG4,201,CARBON,831.9936
ZIPAEMG4,202,CARBON,831.9936
ZIPAEMG4,203,CARBON,831.9936
ZIPAEMG4,204,CARBON,831.9936
ZIPAEMG4,205,CARBON,831.9936
ZIPAEMG4,206,CARBON,831.9936
ZIPAEMG4,207,CARBON,831.9936
ZIPAEMG4,208,CARBON,831.9936
ZIPAEMG4,209,CARBON,831.9936
ZIPAEMG4,210,CARBON,831.9936
ZIPAEMG4,211,CARBON,831.9936
ZIPAEMG4,212,CARBON,831.9936
ZIPAEMG4,213,CARBON,831.9936
ZIPAEMG4,214,CARBON,831.9936
ZIPAEMG4,215,CARBON,831.9936
ZIPAEMG4,216,CARBON,831.9936
ZIPAEMG4,217,CARBON,831.9936
ZIPAEMG4,218,CARBON,831.9936
ZIPAEMG4,219,CARBON,831.9936
ZIPAEMG4,220,CARBON,831.9936
ZIPAEMG4,221,CARBON,831.9936
ZIPAEMG4,222,CARBON,831.9936
ZIPAEMG4,223,CARBON,831.9936
ZIPAEMG4,224,CARBON,831.9936
ZIPAEMG4,225,CARBON,831.9936
ZIPAEMG4,226,CARBON,831.9936
ZIPAEMG4,227,CARBON,831.9936
ZIPAEMG4,228,CARBON,831.9936
ZIPAEMG4,229,CARBON,831.9936
ZIPAEMG4,230,CARBON,831.9936
ZIPAEMG4,231,CARBON,831.9936
ZIPAEMG4,232,CARBON,831.9936
ZIPAEMG4,233,CARBON,831.9936
ZIPAEMG4,234,CARBON,831.9936
ZIPAEMG4,235,CARBON,831.9936
ZIPAEMG4,236,CARBON,831.9936
ZIPAEMG4,237,CARBON,831.9936
ZIPAEMG4,238,CARBON,831.9936
ZIPAEMG4,239,CARBON,831.9936
ZIPAEMG4,240,CARBON,831.9936
ZIPAEMG4,241,CARBON,831.9936
ZIPAEMG4,242,CARBON,831.9936
ZIPAEMG4,243,CARBON,831.9936
ZIPAEMG4,244,CARBON,831.9936
ZIPAEMG4,245,CARBON,831.9936
ZIPAEMG4,246,CARBON,831.9936
ZIPAEMG4,247,CARBON,831.9936
ZIPAEMG4,248,CARBON,831.9936
ZIPAEMG4,249,CARBON,831.9936
ZIPAEMG4,250,CARBON,831.9936
ZIPAEMG4,251,CARBON,831.9936
ZIPAEMG4,252,CARBON,831.9936
ZIPAEMG4,253,CARBON,831.9936
ZIPAEMG4,254,CARBON,831.9936
ZIPAEMG4,255,CARBON,831.9936
ZIPAEMG4,256,CARBON,831.9936
ZIPAEMG4,257,CARBON,831.9936
ZIPAEMG4,258,CARBON,831.9936
ZIPAEMG4,259,CARBON,831.9936
ZIPAEMG4,260,CARBON,831.9936
ZIPAEMG4,261,CARBON,831.9936
ZIPAEMG4,262,CARBON,831.9936
ZIPAEMG4,263,CARBON,831.9936
ZIPAEMG4,264,CARBON,831.9936
ZIPAEMG4,265,CARBON,831.9936
ZIPAEMG4,266,CARBON,831.9936
ZIPAEMG4,267,CARBON,831.9936
ZIPAEMG4,268,CARBON,831.9936
ZIPAEMG4,269,CARBON,831.9936
ZIPAEMG4,270,CARBON,831.9936
ZIPAEMG4,271,CARBON,831.9936
ZIPAEMG4,272,CARBON,831.9936
ZIPAEMG4,273,CARBON,831.9936
ZIPAEMG4,274,CARBON,831.9936
ZIPAEMG4,275,CARBON,831.9936
ZIPAEMG4,276,CARBON,831.9936
ZIPAEMG4,277,CARBON,831.9936
ZIPAEMG4,278,CARBON,831.9936
ZIPAEMG4,279,CARBON,831.9936
ZIPAEMG4,280,CARBON,831.9936
ZIPAEMG4,281,CARBON,831.9936
ZIPAEMG4,282,CARBON,831.9936
ZIPAEMG4,283,CARBON,831.9936
ZIPAEMG4,284,CARBON,831.9936
ZIPAEMG4,285,CARBON,831.9936
ZIPAEMG4,286,CARBON,831.9936
ZIPAEMG4,287,CARBON,831.9936
ZIPAEMG4,288,CARBON,831.9936
ZIPAEMG4,289,CARBON,831.9936
ZIPAEMG4,290,CARBON,831.9936
ZIPAEMG4,291,CARBON,831.9936
ZIPAEMG4,292,CARBON,831.9936
ZIPAEMG4,293,CARBON,831.9936
ZIPAEMG4,294,CARBON,831.9936
ZIPAEMG4,295,CARBON,831.9936
ZIPAEMG4,296,CARBON,831.9936
ZIPAEMG4,297,CARBON,831.9936
ZIPAEMG4,298,CARBON,831.9936
ZIPAEMG4,299,CARBON,831.9936
ZIPAEMG4,300,CARBON,831.9936
ZIPAEMG4,301,CARBON,831.9936
ZIPAEMG4,302,CARBON,831.9936
ZIPAEMG4,303,CARBON,831.9936
ZIPAEMG4,304,CARBON,831.9936
ZIPAEMG4,305,CARBON,831.9936
ZIPAEMG4,306,CARBON,831.9936
ZIPAEMG4,307,CARBON,831.9936
ZIPAEMG4,308,CARBON,831.9936
ZIPAEMG4,309,CARBON,831.9936
ZIPAEMG4,310,CARBON,831.9936
ZIPAEMG4,311,CARBON,831.9936
ZIPAEMG4,312,CARBON,831.9936
ZIPAEMG4,313,CARBON,831.9936
ZIPAEMG4,314,CARBON,831.9936
ZIPAEMG4,315,CARBON,831.9936
ZIPAEMG4,316,CARBON,831.9936
ZIPAEMG4,317,CARBON,831.9936
ZIPAEMG4,318,CARBON,831.9936
ZIPAEMG4,319,CARBON,831.9936
ZIPAEMG4,320,CARBON,831.9936
ZIPAEMG4,321,CARBON,831.9936
ZIPAEMG4,322,CARBON,831.9936
ZIPAEMG4,323,CARBON,831.9936
ZIPAEMG4,324,CARBON,831.9936
ZIPAEMG4,325,CARBON,831.9936
ZIPAEMG4,326,CARBON,831.9936
ZIPAEMG4,327,CARBON,831.9936
ZIPAEMG4,328,CARBON,831.9936
ZIPAEMG4,329,CARBON,831.9936
ZIPAEMG4,330,CARBON,831.9936
ZIPAEMG4,331,CARBON,831.9936
ZIPAEMG4,332,CARBON,831.9936
ZIPAEMG4,333,CARBON,831.9936
ZIPAEMG4,334,CARBON,831.9936
ZIPAEMG4,335,CARBON,831.9936
ZIPAEMG4,336,CARBON,831.9936
ZIPAEMG4,337,CARBON,831.9936
ZIPAEMG4,338,CARBON,831.9936
ZIPAEMG4,339,CARBON,831.9936
ZIPAEMG4,340,CARBON,831.9936
ZIPAEMG4,341,CARBON,831.9936
ZIPAEMG4,342,CARBON,831.9936
ZIPAEMG4,343,CARBON,831.9936
ZIPAEMG4,344,CARBON,831.9936
ZIPAEMG4,345,CARBON,831.9936
ZIPAEMG4,346,CARBON,831.9936
ZIPAEMG4,347,CARBON,831.9936
ZIPAEMG4,348,CARBON,831.9936
ZIPAEMG4,349,CARBON,831.9936
ZIPAEMG4,350,CARBON,831.9936
ZIPAEMG4,351,CARBON,831.9936
ZIPAEMG4,352,CARBON,831.9936
ZIPAEMG4,353,CARBON,831.9936
ZIPAEMG4,354,CARBON,831.9936
ZIPAEMG4,355,CARBON,831.9936
ZIPAEMG4,356,CARBON,831.9936
ZIPAEMG4,357,CARBON,831.9936
ZIPAEMG4,358,CARBON,831.9936
ZIPAEMG4,359,CARBON,831.9936
ZIPAEMG4,360,CARBON,831.9936
ZIPAEMG4,361,CARBON,831.9936
ZIPAEMG4,362,CARBON,831.9936
ZIPAEMG4,363,CARBON,831.9936
ZIPAEMG4,364,CARBON,831.9936
ZIPAEMG4,365,CARBON,831.9936
ZIPAEMG4,366,CARBON,831.9936
ZIPAEMG4,367,CARBON,831.9936
ZIPAEMG4,368,CARBON,831.9936
ZIPAEMG4,369,CARBON,831.9936
ZIPAEMG4,370,CARBON,831.9936
ZIPAEMG4,371,CARBON,831.9936
ZIPAEMG4,372,CARBON,831.9936
ZIPAEMG4,373,CARBON,831.9936
ZIPAEMG4,374,CARBON,831.9936
ZIPAEMG4,375,CARBON,831.9936
ZIPAEMG4,376,CARBON,831.9936
ZIPAEMG4,377,CARBON,831.9936
ZIPAEMG4,378,CARBON,831.9936
ZIPAEMG4,379,CARBON,831.9936
ZIPAEMG4,380,CARBON,831.9936
ZIPAEMG4,381,CARBON,831.9936
ZIPAEMG4,382,CARBON,831.9936
ZIPAEMG4,383,CARBON,831.9936
ZIPAEMG4,384,CARBON,831.9936
ZIPAEMG5,1,CARBON,0.0
ZIPAEMG5,2,CARBON,0.0
ZIPAEMG5,3,CARBON,0.0
ZIPAEMG5,4,CARBON,0.0
ZIPAEMG5,5,CARBON,0.0
ZIPAEMG5,6,CARBON,0.0
ZIPAEMG5,7,CARBON,0.0
ZIPAEMG5,8,CARBON,0.0
ZIPAEMG5,9,CARBON,0.0
ZIPAEMG5,10,CARBON,0.0
ZIPAEMG5,11,CARBON,0.0
ZIPAEMG5,12,CARBON,0.0
ZIPAEMG5,13,CARBON,0.0
ZIPAEMG5,14,CARBON,0.0
ZIPAEMG5,15,CARBON,0.0
ZIPAEMG5,16,CARBON,0.0
ZIPAEMG5,17,CARBON,0.0
ZIPAEMG5,18,CARBON,0.0
ZIPAEMG5,19,CARBON,0.0
ZIPAEMG5,20,CARBON,0.0
ZIPAEMG5,21,CARBON,0.0
ZIPAEMG5,22,CARBON,0.0
ZIPAEMG5,23,CARBON,0.0
ZIPAEMG5,24,CARBON,0.0
ZIPAEMG5,25,CARBON,0.0
ZIPAEMG5,26,CARBON,0.0
ZIPAEMG5,27,CARBON,0.0
ZIPAEMG5,28,CARBON,0.0
ZIPAEMG5,29,CARBON,0.0
ZIPAEMG5,30,CARBON,0.0
ZIPAEMG5,31,CARBON,0.0
ZIPAEMG5,32,CARBON,0.0
ZIPAEMG5,33,CARBON,0.0
ZIPAEMG5,34,CARBON,0.0
ZIPAEMG5,35,CARBON,0.0
ZIPAEMG5,36,CARBON,0.0
ZIPAEMG5,37,CARBON,0.0
ZIPAEMG5,38,CARBON,0.0
ZIPAEMG5,39,CARBON,0.0
ZIPAEMG5,40,CARBON,0.0
ZIPAEMG5,41,CARBON,0.0
ZIPAEMG5,42,CARBON,0.0
ZIPAEMG5,43,CARBON,0.0
ZIPAEMG5,44,CARBON,0.0
ZIPAEMG5,45,CARBON,0.0
ZIPAEMG5,46,CARBON,0.0
ZIPAEMG5,47,CARBON,0.0
ZIPAEMG5,48,CARBON,0.0
ZIPAEMG5,49,CARBON,0.0
ZIPAEMG5,50,CARBON,0.0
ZIPAEMG5,51,CARBON,0.0
ZIPAEMG5,52,CARBON,0.0
ZIPAEMG5,53,CARBON,0.0
ZIPAEMG5,54,CARBON,0.0
ZIPAEMG5,55,CARBON,0.0
ZIPAEMG5,56,CARBON,0.0
ZIPAEMG5,57,CARBON,0.0
ZIPAEMG5,58,CARBON,247.807815564223
ZIPAEMG5,59,CARBON,0.0
ZIPAEMG5,60,CARBON,0.0
ZIPAEMG5,61,CARBON,0.0
ZIPAEMG5,62,CARBON,735.0714
ZIPAEMG5,63,CARBON,0.0
ZIPAEMG5,64,CARBON,0.0
ZIPAEMG5,65,CARBON,0.0
ZIPAEMG5,66,CARBON,0.0
ZIPAEMG5,67,CARBON,0.0
ZIPAEMG5,68,CARBON,735.0714
ZIPAEMG5,69,CARBON,0.0
ZIPAEMG5,70,CARBON,0.0
ZIPAEMG5,71,CARBON,0.0
ZIPAEMG5,72,CARBON,0.0
ZIPAEMG5,73,CARBON,0.0
ZIPAEMG5,74,CARBON,0.0
ZIPAEMG5,75,CARBON,0.0
ZIPAEMG5,76,CARBON,0.0
ZIPAEMG5,77,CARBON,0.0
ZIPAEMG5,78,CARBON,0.0
ZIPAEMG5,79,CARBON,0.0
ZIPAEMG5,80,CARBON,0.0
ZIPAEMG5,81,CARBON,0.0
ZIPAEMG5,82,CARBON,0.0
ZIPAEMG5,83,CARBON,0.0
ZIPAEMG5,84,CARBON,0.0
ZIPAEMG5,85,CARBON,0.0
ZIPAEMG5,86,CARBON,0.0
ZIPAEMG5,87,CARBON,0.0
ZIPAEMG5,88,CARBON,0.0
ZIPAEMG5,89,CARBON,0.0
ZIPAEMG5,90,CARBON,0.0
ZIPAEMG5,91,CARBON,0.0
ZIPAEMG5,92,CARBON,0.0
ZIPAEMG5,93,CARBON,0.0
ZIPAEMG5,94,CARBON,0.0
ZIPAEMG5,95,CARBON,0.0
ZIPAEMG5,96,CARBON,0.0
ZIPAEMG5,97,CARBON,0.0
ZIPAEMG5,98,CARBON,0.0
ZIPAEMG5,99,CARBON,0.0
ZIPAEMG5,100,CARBON,0.0
ZIPAEMG5,101,CARBON,0.0
ZIPAEMG5,102,CARBON,0.0
ZIPAEMG5,103,CARBON,0.0
ZIPAEMG5,104,CARBON,0.0
ZIPAEMG5,105,CARBON,0.0
ZIPAEMG5,106,CARBON,0.0
ZIPAEMG5,107,CARBON,0.0
ZIPAEMG5,108,CARBON,0.0
ZIPAEMG5,109,CARBON,0.0
ZIPAEMG5,110,CARBON,0.0
ZIPAEMG5,111,CARBON,0.0
ZIPAEMG5,112,CARBON,0.0
ZIPAEMG5,113,CARBON,0.0
ZIPAEMG5,114,CARBON,0.0
ZIPAEMG5,115,CARBON,0.0
ZIPAEMG5,116,CARBON,0.0
ZIPAEMG5,117,CARBON,0.0
ZIPAEMG5,118,CARBON,0.0
ZIPAEMG5,119,CARBON,0.0
ZIPAEMG5,120,CARBON,0.0
ZIPAEMG5,121,CARBON,0.0
ZIPAEMG5,122,CARBON,0.0
ZIPAEMG5,123,CARBON,0.0
ZIPAEMG5,124,CARBON,0.0
ZIPAEMG5,125,CARBON,0.0
ZIPAEMG5,126,CARBON,0.0
ZIPAEMG5,127,CARBON,0.0
ZIPAEMG5,128,CARBON,0.0
ZIPAEMG5,129,CARBON,0.0
ZIPAEMG5,130,CARBON,0.0
ZIPAEMG5,131,CARBON,0.0
ZIPAEMG5,132,CARBON,0.0
ZIPAEMG5,133,CARBON,0.0
ZIPAEMG5,134,CARBON,0.0
ZIPAEMG5,135,CARBON,0.0
ZIPAEMG5,136,CARBON,0.0
ZIPAEMG5,137,CARBON,0.0
ZIPAEMG5,138,CARBON,0.0
ZIPAEMG5,139,CARBON,0.0
ZIPAEMG5,140,CARBON,0.0
ZIPAEMG5,141,CARBON,0.0
ZIPAEMG5,142,CARBON,0.0
ZIPAEMG5,143,CARBON,0.0
ZIPAEMG5,144,CARBON,0.0
ZIPAEMG5,145,CARBON,735.0714
ZIPAEMG5,146,CARBON,735.0714
ZIPAEMG5,147,CARBON,735.0714
ZIPAEMG5,148,CARBON,735.0714
ZIPAEMG5,149,CARBON,735.0714
ZIPAEMG5,150,CARBON,735.0714
ZIPAEMG5,151,CARBON,735.0714
ZIPAEMG5,152,CARBON,735.0714
ZIPAEMG5,153,CARBON,735.0714
ZIPAEMG5,154,CARBON,735.0714
ZIPAEMG5,155,CARBON,735.0714
ZIPAEMG5,156,CARBON,735.0714
ZIPAEMG5,157,CARBON,735.0714
ZIPAEMG5,158,CARBON,735.0714
ZIPAEMG5,159,CARBON,735.0714
ZIPAEMG5,160,CARBON,735.0714
ZIPAEMG5,161,CARBON,735.0714
ZIPAEMG5,162,CARBON,735.0714
ZIPAEMG5,163,CARBON,735.0714
ZIPAEMG5,164,CARBON,735.0714
ZIPAEMG5,165,CARBON,735.0714
ZIPAEMG5,166,CARBON,735.0714
ZIPAEMG5,167,CARBON,735.0714
ZIPAEMG5,168,CARBON,735.0714
ZIPAEMG5,169,CARBON,0.0
ZIPAEMG5,170,CARBON,0.0
ZIPAEMG5,171,CARBON,0.0
ZIPAEMG5,172,CARBON,0.0
ZIPAEMG5,173,CARBON,0.0
ZIPAEMG5,174,CARBON,0.0
ZIPAEMG5,175,CARBON,0.0
ZIPAEMG5,176,CARBON,0.0
ZIPAEMG5,177,CARBON,0.0
ZIPAEMG5,178,CARBON,0.0
ZIPAEMG5,179,CARBON,0.0
ZIPAEMG5,180,CARBON,0.0
ZIPAEMG5,181,CARBON,0.0
ZIPAEMG5,182,CARBON,0.0
ZIPAEMG5,183,CARBON,0.0
ZIPAEMG5,184,CARBON,0.0
ZIPAEMG5,185,CARBON,0.0
ZIPAEMG5,186,CARBON,0.0
ZIPAEMG5,187,CARBON,0.0
ZIPAEMG5,188,CARBON,0.0
ZIPAEMG5,189,CARBON,0.0
ZIPAEMG5,190,CARBON,0.0
ZIPAEMG5,191,CARBON,0.0
ZIPAEMG5,192,CARBON,0.0
ZIPAEMG5,193,CARBON,735.0714
ZIPAEMG5,194,CARBON,735.0714
ZIPAEMG5,195,CARBON,735.0714
ZIPAEMG5,196,CARBON,735.0714
ZIPAEMG5,197,CARBON,735.0714
ZIPAEMG5,198,CARBON,735.0714
ZIPAEMG5,199,CARBON,735.0714
ZIPAEMG5,200,CARBON,735.0714
ZIPAEMG5,201,CARBON,735.0714
ZIPAEMG5,202,CARBON,735.0714
ZIPAEMG5,203,CARBON,735.0714
ZIPAEMG5,204,CARBON,735.0714
ZIPAEMG5,205,CARBON,735.0714
ZIPAEMG5,206,CARBON,735.0714
ZIPAEMG5,207,CARBON,735.0714
ZIPAEMG5,208,CARBON,735.0714
ZIPAEMG5,209,CARBON,735.0714
ZIPAEMG5,210,CARBON,735.0714
ZIPAEMG5,211,CARBON,735.0714
ZIPAEMG5,212,CARBON,735.0714
ZIPAEMG5,213,CARBON,735.0714
ZIPAEMG5,214,CARBON,735.0714
ZIPAEMG5,215,CARBON,735.0714
ZIPAEMG5,216,CARBON,735.0714
ZIPAEMG5,217,CARBON,735.0714
ZIPAEMG5,218,CARBON,735.0714
ZIPAEMG5,219,CARBON,735.0714
ZIPAEMG5,220,CARBON,735.0714
ZIPAEMG5,221,CARBON,735.0714
ZIPAEMG5,222,CARBON,735.0714
ZIPAEMG5,223,CARBON,735.0714
ZIPAEMG5,224,CARBON,735.0714
ZIPAEMG5,225,CARBON,735.0714
ZIPAEMG5,226,CARBON,735.0714
ZIPAEMG5,227,CARBON,735.0714
ZIPAEMG5,228,CARBON,735.0714
ZIPAEMG5,229,CARBON,735.0714
ZIPAEMG5,230,CARBON,735.0714
ZIPAEMG5,231,CARBON,735.0714
ZIPAEMG5,232,CARBON,735.0714
ZIPAEMG5,233,CARBON,735.0714
ZIPAEMG5,234,CARBON,735.0714
ZIPAEMG5,235,CARBON,735.0714
ZIPAEMG5,236,CARBON,735.0714
ZIPAEMG5,237,CARBON,735.0714
ZIPAEMG5,238,CARBON,735.0714
ZIPAEMG5,239,CARBON,735.0714
ZIPAEMG5,240,CARBON,735.0714
ZIPAEMG5,241,CARBON,735.0714
ZIPAEMG5,242,CARBON,735.0714
ZIPAEMG5,243,CARBON,735.0714
ZIPAEMG5,244,CARBON,735.0714
ZIPAEMG5,245,CARBON,735.0714
ZIPAEMG5,246,CARBON,735.0714
ZIPAEMG5,247,CARBON,735.0714
ZIPAEMG5,248,CARBON,735.0714
ZIPAEMG5,249,CARBON,735.0714
ZIPAEMG5,250,CARBON,735.0714
ZIPAEMG5,251,CARBON,735.0714
ZIPAEMG5,252,CARBON,735.0714
ZIPAEMG5,253,CARBON,735.0714
ZIPAEMG5,254,CARBON,735.0714
ZIPAEMG5,255,CARBON,735.0714
ZIPAEMG5,256,CARBON,735.0714
ZIPAEMG5,257,CARBON,735.0714
ZIPAEMG5,258,CARBON,735.0714
ZIPAEMG5,259,CARBON,735.0714
ZIPAEMG5,260,CARBON,735.0714
ZIPAEMG5,261,CARBON,735.0714
ZIPAEMG5,262,CARBON,735.0714
ZIPAEMG5,263,CARBON,735.0714
ZIPAEMG5,264,CARBON,735.0714
ZIPAEMG5,265,CARBON,735.0714
ZIPAEMG5,266,CARBON,735.0714
ZIPAEMG5,267,CARBON,735.0714
ZIPAEMG5,268,CARBON,735.0714
ZIPAEMG5,269,CARBON,735.0714
ZIPAEMG5,270,CARBON,735.0714
ZIPAEMG5,271,CARBON,735.0714
ZIPAEMG5,272,CARBON,735.0714
ZIPAEMG5,273,CARBON,735.0714
ZIPAEMG5,274,CARBON,735.0714
ZIPAEMG5,275,CARBON,735.0714
ZIPAEMG5,276,CARBON,735.0714
ZIPAEMG5,277,CARBON,735.0714
ZIPAEMG5,278,CARBON,735.0714
ZIPAEMG5,279,CARBON,735.0714
ZIPAEMG5,280,CARBON,735.0714
ZIPAEMG5,281,CARBON,735.0714
ZIPAEMG5,282,CARBON,735.0714
ZIPAEMG5,283,CARBON,735.0714
ZIPAEMG5,284,CARBON,735.0714
ZIPAEMG5,285,CARBON,735.0714
ZIPAEMG5,286,CARBON,735.0714
ZIPAEMG5,287,CARBON,735.0714
ZIPAEMG5,288,CARBON,735.0714
ZIPAEMG5,289,CARBON,735.0714
ZIPAEMG5,290,CARBON,735.0714
ZIPAEMG5,291,CARBON,735.0714
ZIPAEMG5,292,CARBON,735.0714
ZIPAEMG5,293,CARBON,735.0714
ZIPAEMG5,294,CARBON,735.0714
ZIPAEMG5,295,CARBON,735.0714
ZIPAEMG5,296,CARBON,735.0714
ZIPAEMG5,297,CARBON,735.0714
ZIPAEMG5,298,CARBON,735.0714
ZIPAEMG5,299,CARBON,735.0714
ZIPAEMG5,300,CARBON,735.0714
ZIPAEMG5,301,CARBON,735.0714
ZIPAEMG5,302,CARBON,735.0714
ZIPAEMG5,303,CARBON,735.0714
ZIPAEMG5,304,CARBON,735.0714
ZIPAEMG5,305,CARBON,735.0714
ZIPAEMG5,306,CARBON,735.0714
ZIPAEMG5,307,CARBON,735.0714
ZIPAEMG5,308,CARBON,735.0714
ZIPAEMG5,309,CARBON,735.0714
ZIPAEMG5,310,CARBON,735.0714
ZIPAEMG5,311,CARBON,735.0714
ZIPAEMG5,312,CARBON,735.0714
ZIPAEMG5,313,CARBON,735.0714
ZIPAEMG5,314,CARBON,735.0714
ZIPAEMG5,315,CARBON,735.0714
ZIPAEMG5,316,CARBON,735.0714
ZIPAEMG5,317,CARBON,735.0714
ZIPAEMG5,318,CARBON,735.0714
ZIPAEMG5,319,CARBON,735.0714
ZIPAEMG5,320,CARBON,735.0714
ZIPAEMG5,321,CARBON,735.0714
ZIPAEMG5,322,CARBON,735.0714
ZIPAEMG5,323,CARBON,735.0714
ZIPAEMG5,324,CARBON,735.0714
ZIPAEMG5,325,CARBON,735.0714
ZIPAEMG5,326,CARBON,735.0714
ZIPAEMG5,327,CARBON,735.0714
ZIPAEMG5,328,CARBON,735.0714
ZIPAEMG5,329,CARBON,735.0714
ZIPAEMG5,330,CARBON,735.0714
ZIPAEMG5,331,CARBON,735.0714
ZIPAEMG5,332,CARBON,735.0714
ZIPAEMG5,333,CARBON,735.0714
ZIPAEMG5,334,CARBON,735.0714
ZIPAEMG5,335,CARBON,735.0714
ZIPAEMG5,336,CARBON,735.0714
ZIPAEMG5,337,CARBON,735.0714
ZIPAEMG5,338,CARBON,735.0714
ZIPAEMG5,339,CARBON,735.0714
ZIPAEMG5,340,CARBON,735.0714
ZIPAEMG5,341,CARBON,735.0714
ZIPAEMG5,342,CARBON,735.0714
ZIPAEMG5,343,CARBON,735.0714
ZIPAEMG5,344,CARBON,735.0714
ZIPAEMG5,345,CARBON,735.0714
ZIPAEMG5,346,CARBON,735.0714
ZIPAEMG5,347,CARBON,735.0714
ZIPAEMG5,348,CARBON,735.0714
ZIPAEMG5,349,CARBON,735.0714
ZIPAEMG5,350,CARBON,735.0714
ZIPAEMG5,351,CARBON,735.0714
ZIPAEMG5,352,CARBON,735.0714
ZIPAEMG5,353,CARBON,735.0714
ZIPAEMG5,354,CARBON,735.0714
ZIPAEMG5,355,CARBON,735.0714
ZIPAEMG5,356,CARBON,735.0714
ZIPAEMG5,357,CARBON,735.0714
ZIPAEMG5,358,CARBON,735.0714
ZIPAEMG5,359,CARBON,735.0714
ZIPAEMG5,360,CARBON,735.0714
ZIPAEMG5,361,CARBON,735.0714
ZIPAEMG5,362,CARBON,735.0714
ZIPAEMG5,363,CARBON,735.0714
ZIPAEMG5,364,CARBON,735.0714
ZIPAEMG5,365,CARBON,735.0714
ZIPAEMG5,366,CARBON,735.0714
ZIPAEMG5,367,CARBON,735.0714
ZIPAEMG5,368,CARBON,735.0714
ZIPAEMG5,369,CARBON,735.0714
ZIPAEMG5,370,CARBON,735.0714
ZIPAEMG5,371,CARBON,735.0714
ZIPAEMG5,372,CARBON,735.0714
ZIPAEMG5,373,CARBON,735.0714
ZIPAEMG5,374,CARBON,735.0714
ZIPAEMG5,375,CARBON,735.0714
ZIPAEMG5,376,CARBON,735.0714
ZIPAEMG5,377,CARBON,735.0714
ZIPAEMG5,378,CARBON,735.0714
ZIPAEMG5,379,CARBON,735.0714
ZIPAEMG5,380,CARBON,735.0714
ZIPAEMG5,381,CARBON,735.0714
ZIPAEMG5,382,CARBON,735.0714
ZIPAEMG5,383,CARBON,735.0714
ZIPAEMG5,384,CARBON,735.0714
TermoCaribe3,193,GASIMPOR,0.0
TermoCaribe3,194,GASIMPOR,0.0
TermoCaribe3,195,GASIMPOR,0.0
TermoCaribe3,196,GASIMPOR,0.0
TermoCaribe3,197,GASIMPOR,0.0
TermoCaribe3,198,GASIMPOR,0.0
TermoCaribe3,199,GASIMPOR,0.0
TermoCaribe3,200,GASIMPOR,0.0
TermoCaribe3,201,GASIMPOR,0.0
TermoCaribe3,202,GASIMPOR,0.0
TermoCaribe3,203,GASIMPOR,0.0
TermoCaribe3,204,GASIMPOR,0.0
TermoCaribe3,205,GASIMPOR,0.0
TermoCaribe3,206,GASIMPOR,0.0
TermoCaribe3,207,GASIMPOR,0.0
TermoCaribe3,208,GASIMPOR,0.0
TermoCaribe3,209,GASIMPOR,0.0
TermoCaribe3,210,GASIMPOR,0.0
TermoCaribe3,211,GASIMPOR,0.0
TermoCaribe3,212,GASIMPOR,0.0
TermoCaribe3,213,GASIMPOR,0.0
TermoCaribe3,214,GASIMPOR,0.0
TermoCaribe3,215,GASIMPOR,0.0
TermoCaribe3,216,GASIMPOR,0.0
TermoCaribe3,217,GASIMPOR,0.0
TermoCaribe3,218,GASIMPOR,0.0
TermoCaribe3,219,GASIMPOR,0.0
TermoCaribe3,220,GASIMPOR,0.0
TermoCaribe3,221,GASIMPOR,0.0
TermoCaribe3,222,GASIMPOR,0.0
TermoCaribe3,223,GASIMPOR,0.0
TermoCaribe3,224,GASIMPOR,0.0
TermoCaribe3,225,GASIMPOR,0.0
TermoCaribe3,226,GASIMPOR,0.0
TermoCaribe3,227,GASIMPOR,0.0
TermoCaribe3,228,GASIMPOR,0.0
TermoCaribe3,229,GASIMPOR,0.0
TermoCaribe3,230,GASIMPOR,0.0
TermoCaribe3,231,GASIMPOR,0.0
TermoCaribe3,232,GASIMPOR,0.0
TermoCaribe3,233,GASIMPOR,0.0
TermoCaribe3,234,GASIMPOR,0.0
TermoCaribe3,235,GASIMPOR,0.0
TermoCaribe3,236,GASIMPOR,0.0
TermoCaribe3,237,GASIMPOR,0.0
TermoCaribe3,238,GASIMPOR,0.0
TermoCaribe3,239,GASIMPOR,0.0
TermoCaribe3,240,GASIMPOR,0.0
TermoCaribe3,241,GASIMPOR,0.0
TermoCaribe3,242,GASIMPOR,0.0
TermoCaribe3,243,GASIMPOR,0.0
TermoCaribe3,244,GASIMPOR,0.0
TermoCaribe3,245,GASIMPOR,0.0
TermoCaribe3,246,GASIMPOR,0.0
TermoCaribe3,247,GASIMPOR,0.0
TermoCaribe3,248,GASIMPOR,0.0
TermoCaribe3,249,GASIMPOR,0.0
TermoCaribe3,250,GASIMPOR,0.0
TermoCaribe3,251,GASIMPOR,0.0
TermoCaribe3,252,GASIMPOR,0.0
TermoCaribe3,253,GASIMPOR,0.0
TermoCaribe3,254,GASIMPOR,0.0
TermoCaribe3,255,GASIMPOR,0.0
TermoCaribe3,256,GASIMPOR,0.0
TermoCaribe3,257,GASIMPOR,0.0
TermoCaribe3,258,GASIMPOR,0.0
TermoCaribe3,259,GASIMPOR,0.0
TermoCaribe3,260,GASIMPOR,0.0
TermoCaribe3,261,GASIMPOR,0.0
TermoCaribe3,262,GASIMPOR,0.0
TermoCaribe3,263,GASIMPOR,0.0
TermoCaribe3,264,GASIMPOR,0.0
TermoCaribe3,265,GASIMPOR,0.0
TermoCaribe3,266,GASIMPOR,0.0
TermoCaribe3,267,GASIMPOR,0.0
TermoCaribe3,268,GASIMPOR,0.0
TermoCaribe3,269,GASIMPOR,0.0
TermoCaribe3,270,GASIMPOR,0.0
TermoCaribe3,271,GASIMPOR,0.0
TermoCaribe3,272,GASIMPOR,0.0
TermoCaribe3,273,GASIMPOR,0.0
TermoCaribe3,274,GASIMPOR,0.0
TermoCaribe3,275,GASIMPOR,0.0
TermoCaribe3,276,GASIMPOR,0.0
TermoCaribe3,277,GASIMPOR,0.0
TermoCaribe3,278,GASIMPOR,0.0
TermoCaribe3,279,GASIMPOR,0.0
TermoCaribe3,280,GASIMPOR,0.0
TermoCaribe3,281,GASIMPOR,0.0
TermoCaribe3,282,GASIMPOR,0.0
TermoCaribe3,283,GASIMPOR,0.0
TermoCaribe3,284,GASIMPOR,0.0
TermoCaribe3,285,GASIMPOR,0.0
TermoCaribe3,286,GASIMPOR,0.0
TermoCaribe3,287,GASIMPOR,0.0
TermoCaribe3,288,GASIMPOR,0.0
TermoCaribe3,289,GASIMPOR,0.0
TermoCaribe3,290,GASIMPOR,0.0
TermoCaribe3,291,GASIMPOR,0.0
TermoCaribe3,292,GASIMPOR,0.0
TermoCaribe3,293,GASIMPOR,0.0
TermoCaribe3,294,GASIMPOR,0.0
TermoCaribe3,295,GASIMPOR,0.0
TermoCaribe3,296,GASIMPOR,0.0
TermoCaribe3,297,GASIMPOR,0.0
TermoCaribe3,298,GASIMPOR,0.0
TermoCaribe3,299,GASIMPOR,0.0
TermoCaribe3,300,GASIMPOR,0.0
TermoCaribe3,301,GASIMPOR,0.0
TermoCaribe3,302,GASIMPOR,0.0
TermoCaribe3,303,GASIMPOR,0.0
TermoCaribe3,304,GASIMPOR,0.0
TermoCaribe3,305,GASIMPOR,0.0
TermoCaribe3,306,GASIMPOR,0.0
TermoCaribe3,307,GASIMPOR,0.0
TermoCaribe3,308,GASIMPOR,0.0
TermoCaribe3,309,GASIMPOR,0.0
TermoCaribe3,310,GASIMPOR,0.0
TermoCaribe3,311,GASIMPOR,0.0
TermoCaribe3,312,GASIMPOR,0.0
TermoCaribe3,313,GASIMPOR,0.0
TermoCaribe3,314,GASIMPOR,0.0
TermoCaribe3,315,GASIMPOR,0.0
TermoCaribe3,316,GASIMPOR,0.0
TermoCaribe3,317,GASIMPOR,0.0
TermoCaribe3,318,GASIMPOR,0.0
TermoCaribe3,319,GASIMPOR,0.0
TermoCaribe3,320,GASIMPOR,0.0
TermoCaribe3,321,GASIMPOR,0.0
TermoCaribe3,322,GASIMPOR,0.0
TermoCaribe3,323,GASIMPOR,0.0
TermoCaribe3,324,GASIMPOR,0.0
TermoCaribe3,325,GASIMPOR,0.0
TermoCaribe3,326,GASIMPOR,0.0
TermoCaribe3,327,GASIMPOR,0.0
TermoCaribe3,328,GASIMPOR,0.0
TermoCaribe3,329,GASIMPOR,0.0
TermoCaribe3,330,GASIMPOR,0.0
TermoCaribe3,331,GASIMPOR,0.0
TermoCaribe3,332,GASIMPOR,0.0
TermoCaribe3,333,GASIMPOR,0.0
TermoCaribe3,334,GASIMPOR,0.0
TermoCaribe3,335,GASIMPOR,0.0
TermoCaribe3,336,GASIMPOR,0.0
TermoCaribe3,337,GASIMPOR,0.0
TermoCaribe3,338,GASIMPOR,0.0
TermoCaribe3,339,GASIMPOR,0.0
TermoCaribe3,340,GASIMPOR,0.0
TermoCaribe3,341,GASIMPOR,0.0
TermoCaribe3,342,GASIMPOR,0.0
TermoCaribe3,343,GASIMPOR,0.0
TermoCaribe3,344,GASIMPOR,0.0
TermoCaribe3,345,GASIMPOR,0.0
TermoCaribe3,346,GASIMPOR,0.0
TermoCaribe3,347,GASIMPOR,0.0
TermoCaribe3,348,GASIMPOR,0.0
TermoCaribe3,349,GASIMPOR,0.0
TermoCaribe3,350,GASIMPOR,0.0
TermoCaribe3,351,GASIMPOR,0.0
TermoCaribe3,352,GASIMPOR,0.0
TermoCaribe3,353,GASIMPOR,0.0
TermoCaribe3,354,GASIMPOR,0.0
TermoCaribe3,355,GASIMPOR,0.0
TermoCaribe3,356,GASIMPOR,0.0
TermoCaribe3,357,GASIMPOR,0.0
TermoCaribe3,358,GASIMPOR,0.0
TermoCaribe3,359,GASIMPOR,0.0
TermoCaribe3,360,GASIMPOR,0.0
TermoCaribe3,361,GASIMPOR,0.0
TermoCaribe3,362,GASIMPOR,0.0
TermoCaribe3,363,GASIMPOR,0.0
TermoCaribe3,364,GASIMPOR,0.0
TermoCaribe3,365,GASIMPOR,0.0
TermoCaribe3,366,GASIMPOR,0.0
TermoCaribe3,367,GASIMPOR,0.0
TermoCaribe3,368,GASIMPOR,0.0
TermoCaribe3,369,GASIMPOR,0.0
TermoCaribe3,370,GASIMPOR,0.0
TermoCaribe3,371,GASIMPOR,0.0
TermoCaribe3,372,GASIMPOR,0.0
TermoCaribe3,373,GASIMPOR,0.0
TermoCaribe3,374,GASIMPOR,0.0
TermoCaribe3,375,GASIMPOR,0.0
TermoCaribe3,376,GASIMPOR,0.0
TermoCaribe3,377,GASIMPOR,0.0
TermoCaribe3,378,GASIMPOR,0.0
TermoCaribe3,379,GASIMPOR,0.0
TermoCaribe3,380,GASIMPOR,0.0
TermoCaribe3,381,GASIMPOR,0.0
TermoCaribe3,382,GASIMPOR,0.0
TermoCaribe3,383,GASIMPOR,0.0
TermoCaribe3,384,GASIMPOR,0.0
