generation_project,gen_dbid,gen_tech,gen_load_zone,gen_energy_source,period,Energy_GWh_typical_yr,VariableCost_per_yr,DispatchEmissions_tCO2_per_typical_yr,GenCapacity_MW,GenCapitalCosts,GenFixedOMCosts,LCOE_dollar_per_MWh,capacity_factor,Store_GWh_typical_yr,Discharge_GWh_typical_yr
AMOYA,AMOYA,RunOfRiver,Surocciden,Water,2023,425.2424072869027,591086.9461287947,0.0,80.0,8978400.293696908,3502400.0,30.73984865062237,0.606795672498434,,
AMOYA,AMOYA,RunOfRiver,Surocciden,Water,2024,425.24240728791347,591086.9461301997,0.0,80.0,8978400.293696908,3502400.0,30.739848650552602,0.6067956724998764,,
AMOYA,AMOYA,RunOfRiver,Surocciden,Water,2025,425.2424072867773,591086.9461286203,0.0,80.0,8978400.293696908,3502400.0,30.73984865063102,0.6067956724982551,,
AMOYA,AMOYA,RunOfRiver,Surocciden,Water,2026,425.242407286161,591086.9461277636,0.0,80.0,8978400.293696908,3502400.0,30.739848650673558,0.6067956724973758,,
AMOYA,AMOYA,RunOfRiver,Surocciden,Water,2027,425.242407286097,591086.9461276748,0.0,80.0,8978400.293696908,3502400.0,30.739848650677978,0.6067956724972844,,
AMOYA,AMOYA,RunOfRiver,Surocciden,Water,2028,425.2424072840045,591086.9461247661,0.0,80.0,8978400.293696908,3502400.0,30.7398486508224,0.6067956724942986,,
AMOYA,AMOYA,RunOfRiver,Surocciden,Water,2029,425.242407283877,591086.946124589,0.0,80.0,8978400.293696908,3502400.0,30.739848650831195,0.6067956724941166,,
AMOYA,AMOYA,RunOfRiver,Surocciden,Water,2030,425.2424072846244,591086.9461256278,0.0,80.0,8978400.293696908,3502400.0,30.739848650779614,0.6067956724951831,,
AMOYA,AMOYA,RunOfRiver,Surocciden,Water,2031,425.2424072855542,591086.9461269202,0.0,80.0,8978400.293696908,3502400.0,30.739848650715444,0.6067956724965098,,
AMOYA,AMOYA,RunOfRiver,Surocciden,Water,2032,425.2424072858495,591086.9461273308,0.0,80.0,8978400.293696908,3502400.0,30.73984865069506,0.6067956724969312,,
AMOYA,AMOYA,RunOfRiver,Surocciden,Water,2033,425.2424072838668,591086.9461245749,0.0,80.0,8978400.293696908,3502400.0,30.739848650831902,0.6067956724941019,,
AMOYA,AMOYA,RunOfRiver,Surocciden,Water,2034,425.24240728220695,591086.9461222676,0.0,80.0,8978400.293696908,3502400.0,30.739848650946467,0.6067956724917335,,
AMOYA,AMOYA,RunOfRiver,Surocciden,Water,2035,425.24240728584505,591086.9461273246,0.0,80.0,8978400.293696908,3502400.0,30.739848650695368,0.6067956724969249,,
BARRANQUILL3,BARRANQUILL3,Thermal,Caribe,GASIMPOR,2023,2.4358239668603927e-07,0.0017245633685371582,0.00015100995422981581,60.0,6771600.221509176,8593200.0,63078450792.311966,4.634368277892679e-10,,
BARRANQUILL3,BARRANQUILL3,Thermal,Caribe,GASIMPOR,2024,3.11085644150411e-07,0.0022024863605849096,0.00019285888275931716,60.0,6771600.221509176,8593200.0,49390900906.64141,5.918676639086966e-10,,
BARRANQUILL3,BARRANQUILL3,Thermal,Caribe,GASIMPOR,2025,3.301821650318345e-07,0.002337689728425388,0.0002046978529947954,60.0,6771600.221509176,8593200.0,46534313027.97796,6.2820046619451e-10,,
BARRANQUILL3,BARRANQUILL3,Thermal,Caribe,GASIMPOR,2026,3.367364205538803e-07,0.0023840938575214726,0.00020876119188898646,60.0,6771600.221509176,8593200.0,45628566695.04447,6.406705109472607e-10,,
BARRANQUILL3,BARRANQUILL3,Thermal,Caribe,GASIMPOR,2027,3.511439601284513e-07,0.002486099237709435,0.00021769320800066192,60.0,6771600.221509176,8593200.0,43756413233.975914,6.680821159217109e-10,,
BARRANQUILL3,BARRANQUILL3,Thermal,Caribe,GASIMPOR,2028,3.4844654410086207e-07,0.002467001532234103,0.00021602093333546906,60.0,6771600.221509176,8593200.0,44095143097.55545,6.629500458539992e-10,,
BARRANQUILL3,BARRANQUILL3,Thermal,Caribe,GASIMPOR,2029,3.6140024820237543e-07,0.002558713757272818,0.0002240516378941299,60.0,6771600.221509176,8593200.0,42514636612.71194,6.875956016026929e-10,,
BARRANQUILL3,BARRANQUILL3,Thermal,Caribe,GASIMPOR,2030,3.8863482627116965e-07,0.002751534569999881,0.0002409358316765646,60.0,6771600.221509176,8593200.0,39535314865.322784,7.394117699223165e-10,,
BARRANQUILL3,BARRANQUILL3,Thermal,Caribe,GASIMPOR,2031,4.082230581616466e-07,0.002890219251784458,0.0002530796402664629,60.0,6771600.221509176,8593200.0,37638246829.054184,7.766800954369225e-10,,
BARRANQUILL3,BARRANQUILL3,Thermal,Caribe,GASIMPOR,2032,4.2873253621597375e-07,0.003035426356409094,0.00026579457937699866,60.0,6771600.221509176,8593200.0,35837728482.553505,8.157011724048204e-10,,
BARRANQUILL3,BARRANQUILL3,Thermal,Caribe,GASIMPOR,2033,4.470980389063311e-07,0.003165454115456824,0.0002771803517415472,60.0,6771600.221509176,8593200.0,34365617577.43165,8.506431486041305e-10,,
BARRANQUILL3,BARRANQUILL3,Thermal,Caribe,GASIMPOR,2034,4.5306404189296135e-07,0.0032076934166021666,0.0002808790009469215,60.0,6771600.221509176,8593200.0,33913086901.62368,8.619939914249643e-10,,
BARRANQUILL3,BARRANQUILL3,Thermal,Caribe,GASIMPOR,2035,5.287077067821044e-07,0.0037432505640172986,0.00032777461626270474,60.0,6771600.221509176,8593200.0,29061048341.375324,1.0059126841364236e-09,,
BARRANQUILL4,BARRANQUILL4,Thermal,Caribe,GASIMPOR,2023,2.1094039585173193e-07,0.001493458002630262,0.00014523381256245087,60.0,6782400.22186246,8593200.0,72890733713.05933,4.0133256440588264e-10,,
BARRANQUILL4,BARRANQUILL4,Thermal,Caribe,GASIMPOR,2024,2.636610676587615e-07,0.0018667203590240309,0.00018153233251389027,60.0,6782400.22186246,8593200.0,58315777753.084015,5.016382565805962e-10,,
BARRANQUILL4,BARRANQUILL4,Thermal,Caribe,GASIMPOR,2025,2.787999573129015e-07,0.0019739036977753427,0.00019195555492965952,60.0,6782400.22186246,8593200.0,55149220150.63326,5.304413190884731e-10,,
BARRANQUILL4,BARRANQUILL4,Thermal,Caribe,GASIMPOR,2026,2.8510231608659833e-07,0.0020185243978931163,0.0001962947692804459,60.0,6782400.22186246,8593200.0,53930113353.448616,5.424321082317319e-10,,
BARRANQUILL4,BARRANQUILL4,Thermal,Caribe,GASIMPOR,2027,2.9739428402548216e-07,0.0021055515309004137,0.0002047578678749622,60.0,6782400.22186246,8593200.0,51701061687.69053,5.658186530165184e-10,,
BARRANQUILL4,BARRANQUILL4,Thermal,Caribe,GASIMPOR,2028,2.977821777225696e-07,0.0021082978182757925,0.0002050249351679266,60.0,6782400.22186246,8593200.0,51633715427.70945,5.665566547233058e-10,,
BARRANQUILL4,BARRANQUILL4,Thermal,Caribe,GASIMPOR,2029,3.0919411642358676e-07,0.002189094344278994,0.0002128821279999846,60.0,6782400.22186246,8593200.0,49727984483.98494,5.882688668637495e-10,,
BARRANQUILL4,BARRANQUILL4,Thermal,Caribe,GASIMPOR,2030,3.3021614798128084e-07,0.002337930327707468,0.00022735593126845896,60.0,6782400.22186246,8593200.0,46562229976.32446,6.282651217299862e-10,,
BARRANQUILL4,BARRANQUILL4,Thermal,Caribe,GASIMPOR,2031,3.454872397015268e-07,0.0024460496570868095,0.0002378701756528353,60.0,6782400.22186246,8593200.0,44504104515.09524,6.573197102388256e-10,,
BARRANQUILL4,BARRANQUILL4,Thermal,Caribe,GASIMPOR,2032,3.6141684325527736e-07,0.0025588312502473638,0.0002488378096490553,60.0,6782400.22186246,8593200.0,42542566876.33436,6.876271751432217e-10,,
BARRANQUILL4,BARRANQUILL4,Thermal,Caribe,GASIMPOR,2033,3.759908736458472e-07,0.0026620153854125975,0.0002588721228467571,60.0,6782400.22186246,8593200.0,40893546365.72121,7.153555434662235e-10,,
BARRANQUILL4,BARRANQUILL4,Thermal,Caribe,GASIMPOR,2034,3.820774958695018e-07,0.002705108670756072,0.00026306280120212553,60.0,6782400.22186246,8593200.0,40242098503.01963,7.269358749419743e-10,,
BARRANQUILL4,BARRANQUILL4,Thermal,Caribe,GASIMPOR,2035,4.3625375307536096e-07,0.003088676571773555,0.00030036350101640566,60.0,6782400.22186246,8593200.0,35244625671.55283,8.300109457293777e-10,,
BETANIA,BETANIA,Hidro,Surocciden,Water,2023,1386.9423584977064,1927849.878311812,0.0,540.0,61187402.001531474,23641200.0,62.5523125372097,0.2931976912095608,,
BETANIA,BETANIA,Hidro,Surocciden,Water,2024,1386.9423585040495,1927849.8783206288,0.0,540.0,61187402.001531474,23641200.0,62.552312536929996,0.29319769121090167,,
BETANIA,BETANIA,Hidro,Surocciden,Water,2025,1386.942358497548,1927849.8783115912,0.0,540.0,61187402.001531474,23641200.0,62.55231253721671,0.29319769120952727,,
BETANIA,BETANIA,Hidro,Surocciden,Water,2026,1386.9423584962587,1927849.8783097996,0.0,540.0,61187402.001531474,23641200.0,62.55231253727356,0.2931976912092547,,
BETANIA,BETANIA,Hidro,Surocciden,Water,2027,1386.9423584966773,1927849.8783103812,0.0,540.0,61187402.001531474,23641200.0,62.5523125372551,0.2931976912093432,,
BETANIA,BETANIA,Hidro,Surocciden,Water,2028,1386.9423584932495,1927849.8783056166,0.0,540.0,61187402.001531474,23641200.0,62.552312537406266,0.29319769120861855,,
BETANIA,BETANIA,Hidro,Surocciden,Water,2029,1386.94235849604,1927849.8783094953,0.0,540.0,61187402.001531474,23641200.0,62.55231253728319,0.2931976912092085,,
BETANIA,BETANIA,Hidro,Surocciden,Water,2030,1386.942358494876,1927849.8783078776,0.0,540.0,61187402.001531474,23641200.0,62.55231253733453,0.29319769120896244,,
BETANIA,BETANIA,Hidro,Surocciden,Water,2031,1386.9423584958784,1927849.8783092708,0.0,540.0,61187402.001531474,23641200.0,62.55231253729033,0.29319769120917427,,
BETANIA,BETANIA,Hidro,Surocciden,Water,2032,1386.942358498443,1927849.8783128355,0.0,540.0,61187402.001531474,23641200.0,62.552312537177244,0.2931976912097164,,
BETANIA,BETANIA,Hidro,Surocciden,Water,2033,1386.9423584942103,1927849.8783069523,0.0,540.0,61187402.001531474,23641200.0,62.55231253736389,0.29319769120882166,,
BETANIA,BETANIA,Hidro,Surocciden,Water,2034,1386.9423584935173,1927849.8783059889,0.0,540.0,61187402.001531474,23641200.0,62.55231253739444,0.29319769120867517,,
BETANIA,BETANIA,Hidro,Surocciden,Water,2035,1386.9423584950305,1927849.8783080922,0.0,540.0,61187402.001531474,23641200.0,62.552312537327715,0.2931976912089951,,
CALDERAS,CALDERAS,Hidro,Antioquia,Water,2023,86.7116862187046,120529.24384399939,0.0,19.9,2262033.073994486,871221.9999999999,37.52417303512904,0.49741679985948345,,
CALDERAS,CALDERAS,Hidro,Antioquia,Water,2024,86.71168621961505,120529.2438452649,0.0,19.9,2262033.073994486,871221.9999999999,37.524173034749644,0.49741679986470616,,
CALDERAS,CALDERAS,Hidro,Antioquia,Water,2025,86.71168622516709,120529.24385298224,0.0,19.9,2262033.073994486,871221.9999999999,37.52417303243601,0.49741679989655513,,
CALDERAS,CALDERAS,Hidro,Antioquia,Water,2026,86.71168622455033,120529.24385212496,0.0,19.9,2262033.073994486,871221.9999999999,37.52417303269303,0.4974167998930172,,
CALDERAS,CALDERAS,Hidro,Antioquia,Water,2027,86.711686209096,120529.24383064342,0.0,19.9,2262033.073994486,871221.9999999999,37.524173039133096,0.49741679980436426,,
CALDERAS,CALDERAS,Hidro,Antioquia,Water,2028,86.71168621213135,120529.24383486257,0.0,19.9,2262033.073994486,871221.9999999999,37.524173037868216,0.4974167998217764,,
CALDERAS,CALDERAS,Hidro,Antioquia,Water,2029,86.7116862295758,120529.24385911037,0.0,19.9,2262033.073994486,871221.9999999999,37.52417303059883,0.49741679992184545,,
CALDERAS,CALDERAS,Hidro,Antioquia,Water,2030,86.71168623541752,120529.24386723034,0.0,19.9,2262033.073994486,871221.9999999999,37.5241730281645,0.49741679995535615,,
CALDERAS,CALDERAS,Hidro,Antioquia,Water,2031,86.71168621728611,120529.2438420277,0.0,19.9,2262033.073994486,871221.9999999999,37.524173035720146,0.49741679985134635,,
CALDERAS,CALDERAS,Hidro,Antioquia,Water,2032,86.71168622600345,120529.24385414478,0.0,19.9,2262033.073994486,871221.9999999999,37.52417303208749,0.4974167999013529,,
CALDERAS,CALDERAS,Hidro,Antioquia,Water,2033,86.71168620979688,120529.24383161764,0.0,19.9,2262033.073994486,871221.9999999999,37.524173038841035,0.4974167998083848,,
CALDERAS,CALDERAS,Hidro,Antioquia,Water,2034,86.71168623212552,120529.24386265446,0.0,19.9,2262033.073994486,871221.9999999999,37.52417302953633,0.49741679993647175,,
CALDERAS,CALDERAS,Hidro,Antioquia,Water,2035,86.71168622850126,120529.24385761675,0.0,19.9,2262033.073994486,871221.9999999999,37.52417303104661,0.49741679991568144,,
CALIMA,CALIMA,Hidro,Surocciden,Water,2023,805.7234654179997,1119955.6169310194,0.0,132.0,15016320.491206313,5778960.0,27.1994512369923,0.696799731404801,,
CALIMA,CALIMA,Hidro,Surocciden,Water,2024,805.7234654189255,1119955.6169323062,0.0,132.0,15016320.491206313,5778960.0,27.199451236962638,0.6967997314056017,,
CALIMA,CALIMA,Hidro,Surocciden,Water,2025,805.7234654177712,1119955.616930702,0.0,132.0,15016320.491206313,5778960.0,27.19945123699961,0.6967997314046035,,
CALIMA,CALIMA,Hidro,Surocciden,Water,2026,805.7234654170825,1119955.6169297444,0.0,132.0,15016320.491206313,5778960.0,27.199451237021677,0.6967997314040079,,
CALIMA,CALIMA,Hidro,Surocciden,Water,2027,805.7234654170901,1119955.616929755,0.0,132.0,15016320.491206313,5778960.0,27.19945123702143,0.6967997314040144,,
CALIMA,CALIMA,Hidro,Surocciden,Water,2028,805.7234654149831,1119955.6169268265,0.0,132.0,15016320.491206313,5778960.0,27.199451237088923,0.6967997314021923,,
CALIMA,CALIMA,Hidro,Surocciden,Water,2029,805.7234654148231,1119955.616926604,0.0,132.0,15016320.491206313,5778960.0,27.19945123709405,0.6967997314020539,,
CALIMA,CALIMA,Hidro,Surocciden,Water,2030,805.7234654156305,1119955.6169277262,0.0,132.0,15016320.491206313,5778960.0,27.19945123706819,0.6967997314027521,,
CALIMA,CALIMA,Hidro,Surocciden,Water,2031,805.723465416535,1119955.6169289832,0.0,132.0,15016320.491206313,5778960.0,27.19945123703922,0.6967997314035342,,
CALIMA,CALIMA,Hidro,Surocciden,Water,2032,805.7234654169031,1119955.616929495,0.0,132.0,15016320.491206313,5778960.0,27.19945123702742,0.6967997314038525,,
CALIMA,CALIMA,Hidro,Surocciden,Water,2033,805.7234654149021,1119955.6169267138,0.0,132.0,15016320.491206313,5778960.0,27.19945123709152,0.6967997314021221,,
CALIMA,CALIMA,Hidro,Surocciden,Water,2034,805.723465413229,1119955.616924388,0.0,132.0,15016320.491206313,5778960.0,27.199451237145112,0.6967997314006753,,
CALIMA,CALIMA,Hidro,Surocciden,Water,2035,805.7234654168633,1119955.6169294398,0.0,132.0,15016320.491206313,5778960.0,27.199451237028697,0.6967997314038183,,
CANDELARIA,CANDELARIA,Thermal,Caribe,GASIMPOR,2023,5.614591233547056e-07,0.003975130593351316,0.00021492206074719453,555.0,63286652.070201084,79487100.0,254290554975.946,1.1548379681490508e-10,,
CANDELARIA,CANDELARIA,Thermal,Caribe,GASIMPOR,2024,9.0755315218513e-07,0.006425476317470719,0.00034740408623125027,555.0,63286652.070201084,79487100.0,157317234514.43918,1.866701946162182e-10,,
CANDELARIA,CANDELARIA,Thermal,Caribe,GASIMPOR,2025,1.004746466486166e-06,0.0071136049827220564,0.00038460890939917254,555.0,63286652.070201084,79487100.0,142099282594.7704,2.066614148023707e-10,,
CANDELARIA,CANDELARIA,Thermal,Caribe,GASIMPOR,2026,9.993789510962487e-07,0.00707560297376144,0.0003825542674480352,555.0,63286652.070201084,79487100.0,142862476661.7947,2.0555739666301544e-10,,
CANDELARIA,CANDELARIA,Thermal,Caribe,GASIMPOR,2027,1.0339867617779582e-06,0.007320626273387943,0.0003958018605145081,555.0,63286652.070201084,79487100.0,138080831742.97104,2.1267570895099716e-10,,
CANDELARIA,CANDELARIA,Thermal,Caribe,GASIMPOR,2028,9.151167422531566e-07,0.006479026535152348,0.0003502993680005703,555.0,63286652.070201084,79487100.0,156016981751.5844,1.8822591267702425e-10,,
CANDELARIA,CANDELARIA,Thermal,Caribe,GASIMPOR,2029,9.333023881898693e-07,0.006607780908384275,0.0003572606877799765,555.0,63286652.070201084,79487100.0,152976949254.0538,1.919664297564419e-10,,
CANDELARIA,CANDELARIA,Thermal,Caribe,GASIMPOR,2030,1.0942677773887548e-06,0.007747415863912385,0.00041887695104219627,555.0,63286652.070201084,79487100.0,130474235857.1946,2.2507461791697614e-10,,
CANDELARIA,CANDELARIA,Thermal,Caribe,GASIMPOR,2031,1.2109060305710313e-06,0.008573214696442899,0.0004635251412543461,555.0,63286652.070201084,79487100.0,117906549702.66023,2.4906537302460633e-10,,
CANDELARIA,CANDELARIA,Thermal,Caribe,GASIMPOR,2032,1.3448909695189868e-06,0.009521828064194425,0.0005148135040041119,555.0,63286652.070201084,79487100.0,106160094249.71255,2.766240835737765e-10,,
CANDELARIA,CANDELARIA,Thermal,Caribe,GASIMPOR,2033,1.4298568359364274e-06,0.010123386398429905,0.0005473377579417768,555.0,63286652.070201084,79487100.0,99851781305.65814,2.941002994644838e-10,,
CANDELARIA,CANDELARIA,Thermal,Caribe,GASIMPOR,2034,1.4061721622472085e-06,0.009955698908710234,0.0005382714543309334,555.0,63286652.070201084,79487100.0,101533621496.23953,2.8922871410736935e-10,,
CANDELARIA,CANDELARIA,Thermal,Caribe,GASIMPOR,2035,51.19760469723502,362479.04125642404,19598.033497263994,555.0,63286652.070201084,79487100.0,2795.7603086690447,0.010530586346051876,,
CARTAGENA1,CARTAGENA1,Thermal,Caribe,COMBUSTOLEO,2023,1.7487368783094868e-07,0.0016263252968278228,0.00020312016025784263,52.0,5948280.194577146,7447440.0,76602262823.8571,3.8389903369983455e-10,,
CARTAGENA1,CARTAGENA1,Thermal,Caribe,COMBUSTOLEO,2024,1.8453372302886093e-07,0.0017161636241684068,0.00021434053264109772,52.0,5948280.194577146,7447440.0,72592261058.96227,4.051056441624098e-10,,
CARTAGENA1,CARTAGENA1,Thermal,Caribe,COMBUSTOLEO,2025,1.9715146471328063e-07,0.00183350862183351,0.00022899635505109326,52.0,5948280.194577146,7447440.0,67946338698.99058,4.3280528783210523e-10,,
CARTAGENA1,CARTAGENA1,Thermal,Caribe,COMBUSTOLEO,2026,2.0746142775166661e-07,0.0019293912780904998,0.00024097163486925453,52.0,5948280.194577146,7447440.0,64569690576.60852,4.55438680522626e-10,,
CARTAGENA1,CARTAGENA1,Thermal,Caribe,COMBUSTOLEO,2027,2.1680127631876863e-07,0.0020162518697645487,0.00025182010247615775,52.0,5948280.194577146,7447440.0,61788013539.63119,4.759423874226567e-10,,
CARTAGENA1,CARTAGENA1,Thermal,Caribe,COMBUSTOLEO,2028,2.2209450992828177e-07,0.0020654789423330206,0.0002579683256444475,52.0,5948280.194577146,7447440.0,60315404468.88282,4.875625876542891e-10,,
CARTAGENA1,CARTAGENA1,Thermal,Caribe,COMBUSTOLEO,2029,2.308422145595487e-07,0.002146832595403803,0.0002681290032662798,52.0,5948280.194577146,7447440.0,58029768178.594475,5.067663649445659e-10,,
CARTAGENA1,CARTAGENA1,Thermal,Caribe,COMBUSTOLEO,2030,2.429831501875215e-07,0.0022597432967439504,0.00028223100352156095,52.0,5948280.194577146,7447440.0,55130243337.85607,5.334192794773478e-10,,
CARTAGENA1,CARTAGENA1,Thermal,Caribe,COMBUSTOLEO,2031,2.5383542961851075e-07,0.00236066949545215,0.0002948361973876407,52.0,5948280.194577146,7447440.0,52773248466.812706,5.572432157062494e-10,,
CARTAGENA1,CARTAGENA1,Thermal,Caribe,COMBUSTOLEO,2032,2.64840524572472e-07,0.0024630168785239903,0.00030761889030404057,52.0,5948280.194577146,7447440.0,50580326476.33767,5.814026268275201e-10,,
CARTAGENA1,CARTAGENA1,Thermal,Caribe,COMBUSTOLEO,2033,2.755630297646924e-07,0.0025627361768116395,0.0003200733481474343,52.0,5948280.194577146,7447440.0,48612182151.49797,6.049416705406839e-10,,
CARTAGENA1,CARTAGENA1,Thermal,Caribe,COMBUSTOLEO,2034,2.8403631728839463e-07,0.0026415377507820704,0.0003299152834384026,52.0,5948280.194577146,7447440.0,47161997892.04216,6.23543021795738e-10,,
CARTAGENA1,CARTAGENA1,Thermal,Caribe,COMBUSTOLEO,2035,3.16286749903318e-07,0.002941466774100858,0.00036737496718145153,52.0,5948280.194577146,7447440.0,42353086879.59073,6.943421801530514e-10,,
CARTAGENA2,CARTAGENA2,Thermal,Caribe,COMBUSTOLEO,2023,2.1018001781074354e-07,0.001954674165639915,0.00021099635699992045,60.0,6874200.224865375,8593200.0,73591202379.41772,3.9988587863535677e-10,,
CARTAGENA2,CARTAGENA2,Thermal,Caribe,COMBUSTOLEO,2024,2.2394903873965495e-07,0.002082726060278791,0.00022481885680611976,60.0,6874200.224865375,8593200.0,69066606911.98256,4.260826460039096e-10,,
CARTAGENA2,CARTAGENA2,Thermal,Caribe,COMBUSTOLEO,2025,2.4045698722083187e-07,0.0022362499811537373,0.00024139092215919765,60.0,6874200.224865375,8593200.0,64325018814.68145,4.57490462748919e-10,,
CARTAGENA2,CARTAGENA2,Thermal,Caribe,COMBUSTOLEO,2026,2.5301590890472193e-07,0.0023530479528139146,0.0002539986226949079,60.0,6874200.224865375,8593200.0,61132125225.54451,4.813849103971116e-10,,
CARTAGENA2,CARTAGENA2,Thermal,Caribe,COMBUSTOLEO,2027,2.6445182688583883e-07,0.0024594019900383013,0.0002654789577814635,60.0,6874200.224865375,8593200.0,58488536114.374794,5.031427452165883e-10,,
CARTAGENA2,CARTAGENA2,Thermal,Caribe,COMBUSTOLEO,2028,2.689955285845716e-07,0.0025016584158365157,0.00027004030721759407,60.0,6874200.224865375,8593200.0,57500584893.5668,5.117875353587738e-10,,
CARTAGENA2,CARTAGENA2,Thermal,Caribe,COMBUSTOLEO,2029,2.7938624050451483e-07,0.0025982920366919883,0.00028047137666263437,60.0,6874200.224865375,8593200.0,55362068652.817986,5.315567741714512e-10,,
CARTAGENA2,CARTAGENA2,Thermal,Caribe,COMBUSTOLEO,2030,2.9587098884889144e-07,0.002751600196294691,0.00029702015176958057,60.0,6874200.224865375,8593200.0,52277515574.58901,5.629204506257446e-10,,
CARTAGENA2,CARTAGENA2,Thermal,Caribe,COMBUSTOLEO,2031,3.103422308809876e-07,0.0028861827471931847,0.00031154760010572934,60.0,6874200.224865375,8593200.0,49839817751.65855,5.904532551008133e-10,,
CARTAGENA2,CARTAGENA2,Thermal,Caribe,COMBUSTOLEO,2032,3.250757292237457e-07,0.0030232042817808346,0.0003263383233560507,60.0,6874200.224865375,8593200.0,47580913729.928314,6.184850251593334e-10,,
CARTAGENA2,CARTAGENA2,Thermal,Caribe,COMBUSTOLEO,2033,3.391910771024664e-07,0.0031544770170529378,0.0003405084952459324,60.0,6874200.224865375,8593200.0,45600846461.380516,6.453407098600958e-10,,
CARTAGENA2,CARTAGENA2,Thermal,Caribe,COMBUSTOLEO,2034,3.490334744113017e-07,0.0032460113120251063,0.0003503891204259152,60.0,6874200.224865375,8593200.0,44314947883.43588,6.640667321371796e-10,,
CARTAGENA2,CARTAGENA2,Thermal,Caribe,COMBUSTOLEO,2035,3.962535891989074e-07,0.003685158379549839,0.000397792638139356,60.0,6874200.224865375,8593200.0,39034094958.78752,7.539071331790474e-10,,
CARTAGENA3,CARTAGENA3,Thermal,Caribe,COMBUSTOLEO,2023,2.1715107536629044e-07,0.0020195050009065014,0.00021267124868148388,66.0,7573500.247740526,9452520.0,78406336330.78049,3.7558993248631937e-10,,
CARTAGENA3,CARTAGENA3,Thermal,Caribe,COMBUSTOLEO,2024,2.318232067298399e-07,0.0021559558225875113,0.00022704069397500335,66.0,7573500.247740526,9452520.0,73443985570.1682,4.009672179497714e-10,,
CARTAGENA3,CARTAGENA3,Thermal,Caribe,COMBUSTOLEO,2025,2.491531600485163e-07,0.002317124388451202,0.00024401313035671545,66.0,7573500.247740526,9452520.0,68335558123.13301,4.3094153875833035e-10,,
CARTAGENA3,CARTAGENA3,Thermal,Caribe,COMBUSTOLEO,2026,2.6216003516550614e-07,0.002438088327039207,0.0002567516736400418,66.0,7573500.247740526,9452520.0,64945140243.93456,4.53438555357524e-10,,
CARTAGENA3,CARTAGENA3,Thermal,Caribe,COMBUSTOLEO,2027,2.740124644094651e-07,0.0025483159190080257,0.0002683595872686979,66.0,7573500.247740526,9452520.0,62135933440.0436,4.739388134936091e-10,,
CARTAGENA3,CARTAGENA3,Thermal,Caribe,COMBUSTOLEO,2028,2.783144043827491e-07,0.0025883239607595665,0.000272572778220333,66.0,7573500.247740526,9452520.0,61175490676.05566,4.813795564943078e-10,,
CARTAGENA3,CARTAGENA3,Thermal,Caribe,COMBUSTOLEO,2029,2.890188012289221e-07,0.0026878748514289753,0.0002830563433595694,66.0,7573500.247740526,9452520.0,58909732439.66457,4.998941490745158e-10,,
CARTAGENA3,CARTAGENA3,Thermal,Caribe,COMBUSTOLEO,2030,3.064454758939837e-07,0.002849942925814049,0.0003001235057262909,66.0,7573500.247740526,9452520.0,55559705036.9923,5.30035761543489e-10,,
CARTAGENA3,CARTAGENA3,Thermal,Caribe,COMBUSTOLEO,2031,3.2169529459200716e-07,0.0029917662397056666,0.00031505872066457414,66.0,7573500.247740526,9452520.0,52925922563.8525,5.564122294728225e-10,,
CARTAGENA3,CARTAGENA3,Thermal,Caribe,COMBUSTOLEO,2032,3.372352127975286e-07,0.003136287479017016,0.0003302780503575156,66.0,7573500.247740526,9452520.0,50487077282.463394,5.832904607678298e-10,,
CARTAGENA3,CARTAGENA3,Thermal,Caribe,COMBUSTOLEO,2033,3.5206904109871715e-07,0.00327424208221807,0.0003448058567808507,66.0,7573500.247740526,9452520.0,48359890429.10711,6.089474212998427e-10,,
CARTAGENA3,CARTAGENA3,Thermal,Caribe,COMBUSTOLEO,2034,3.621559151924822e-07,0.003368050011290085,0.00035468463866206135,66.0,7573500.247740526,9452520.0,47012956400.44818,6.263939310787361e-10,,
CARTAGENA3,CARTAGENA3,Thermal,Caribe,COMBUSTOLEO,2035,4.128041901268851e-07,0.0038390789681800315,0.0004042880396845675,66.0,7573500.247740526,9452520.0,41244785442.57571,7.139964544881781e-10,,
CHARQUITO,CHARQUITO,Hidro,Oriental,Water,2023,134.49137607143936,186943.01273930067,0.0,19.4,5382918.176083308,849331.9999999999,47.72940374565616,0.7913864335983579,,
CHARQUITO,CHARQUITO,Hidro,Oriental,Water,2024,134.491376054195,186943.01271533102,0.0,19.4,5382918.176083308,849331.9999999999,47.72940375159776,0.7913864334968871,,
CHARQUITO,CHARQUITO,Hidro,Oriental,Water,2025,134.49137608785597,186943.0127621198,0.0,19.4,5382918.176083308,849331.9999999999,47.72940373999977,0.791386433694958,,
CHARQUITO,CHARQUITO,Hidro,Oriental,Water,2026,134.4913760903732,186943.0127656187,0.0,19.4,5382918.176083308,849331.9999999999,47.729403739132444,0.7913864337097701,,
CHARQUITO,CHARQUITO,Hidro,Oriental,Water,2027,134.49137616099304,186943.01286378026,0.0,19.4,5382918.176083308,849331.9999999999,47.72940371480017,0.791386434125318,,
CHARQUITO,CHARQUITO,Hidro,Oriental,Water,2028,134.491376192033,186943.0129069258,0.0,19.4,5382918.176083308,849331.9999999999,47.72940370410526,0.7913864343079661,,
CHARQUITO,CHARQUITO,Hidro,Oriental,Water,2029,134.49137621257282,186943.0129354762,0.0,19.4,5382918.176083308,849331.9999999999,47.729403697028204,0.7913864344288284,,
CHARQUITO,CHARQUITO,Hidro,Oriental,Water,2030,134.49137614592217,186943.0128428318,0.0,19.4,5382918.176083308,849331.9999999999,47.72940371999288,0.7913864340366364,,
CHARQUITO,CHARQUITO,Hidro,Oriental,Water,2031,134.49137620385687,186943.01292336104,0.0,19.4,5382918.176083308,849331.9999999999,47.729403700031305,0.7913864343775412,,
CHARQUITO,CHARQUITO,Hidro,Oriental,Water,2032,134.49137618710012,186943.01290006912,0.0,19.4,5382918.176083308,849331.9999999999,47.729403705804906,0.7913864342789394,,
CHARQUITO,CHARQUITO,Hidro,Oriental,Water,2033,134.49137615505757,186943.01285553,0.0,19.4,5382918.176083308,849331.9999999999,47.72940371684525,0.7913864340903919,,
CHARQUITO,CHARQUITO,Hidro,Oriental,Water,2034,134.49137615237998,186943.01285180816,0.0,19.4,5382918.176083308,849331.9999999999,47.72940371776782,0.7913864340746362,,
CHARQUITO,CHARQUITO,Hidro,Oriental,Water,2035,134.49137618057512,186943.01289099938,0.0,19.4,5382918.176083308,849331.9999999999,47.729403708053106,0.7913864342405444,,
CHIVOR,CHIVOR,Hidro,Oriental,Water,2023,4429.103217882909,6156453.472857243,0.0,1000.0,115290003.77130853,43780000.0,37.304720417679334,0.5056053901692817,,
CHIVOR,CHIVOR,Hidro,Oriental,Water,2024,4429.103217880056,6156453.472853277,0.0,1000.0,115290003.77130853,43780000.0,37.30472041770246,0.5056053901689561,,
CHIVOR,CHIVOR,Hidro,Oriental,Water,2025,4429.10321789891,6156453.472879484,0.0,1000.0,115290003.77130853,43780000.0,37.30472041754958,0.5056053901711084,,
CHIVOR,CHIVOR,Hidro,Oriental,Water,2026,4429.103217879878,6156453.47285303,0.0,1000.0,115290003.77130853,43780000.0,37.30472041770391,0.5056053901689357,,
CHIVOR,CHIVOR,Hidro,Oriental,Water,2027,4429.103217884482,6156453.472859428,0.0,1000.0,115290003.77130853,43780000.0,37.30472041766658,0.5056053901694613,,
CHIVOR,CHIVOR,Hidro,Oriental,Water,2028,4429.1032178930955,6156453.472871401,0.0,1000.0,115290003.77130853,43780000.0,37.30472041759673,0.5056053901704446,,
CHIVOR,CHIVOR,Hidro,Oriental,Water,2029,4429.103217888899,6156453.472865569,0.0,1000.0,115290003.77130853,43780000.0,37.30472041763076,0.5056053901699655,,
CHIVOR,CHIVOR,Hidro,Oriental,Water,2030,4429.103217902583,6156453.47288459,0.0,1000.0,115290003.77130853,43780000.0,37.304720417519796,0.5056053901715276,,
CHIVOR,CHIVOR,Hidro,Oriental,Water,2031,4429.10321790026,6156453.472881361,0.0,1000.0,115290003.77130853,43780000.0,37.30472041753864,0.5056053901712624,,
CHIVOR,CHIVOR,Hidro,Oriental,Water,2032,4429.103217902981,6156453.472885143,0.0,1000.0,115290003.77130853,43780000.0,37.30472041751657,0.505605390171573,,
CHIVOR,CHIVOR,Hidro,Oriental,Water,2033,4429.10321789207,6156453.472869976,0.0,1000.0,115290003.77130853,43780000.0,37.30472041760505,0.5056053901703275,,
CHIVOR,CHIVOR,Hidro,Oriental,Water,2034,4429.103217909003,6156453.472893516,0.0,1000.0,115290003.77130853,43780000.0,37.304720417467735,0.5056053901722606,,
CHIVOR,CHIVOR,Hidro,Oriental,Water,2035,4429.103217898429,6156453.472878816,0.0,1000.0,115290003.77130853,43780000.0,37.30472041755349,0.5056053901710534,,
CUCUANA,CUCUANA,RunOfRiver,Surocciden,Water,2023,187.72158431134199,260933.00219276536,0.0,56.0,6511680.213006804,2451680.0,49.13815983941834,0.38266793931698867,,
CUCUANA,CUCUANA,RunOfRiver,Surocciden,Water,2024,187.7215843124635,260933.00219432425,0.0,56.0,6511680.213006804,2451680.0,49.13815983913308,0.38266793931927484,,
CUCUANA,CUCUANA,RunOfRiver,Surocciden,Water,2025,187.72158431136717,260933.0021928003,0.0,56.0,6511680.213006804,2451680.0,49.13815983941195,0.3826679393170399,,
CUCUANA,CUCUANA,RunOfRiver,Surocciden,Water,2026,187.72158431080283,260933.0021920159,0.0,56.0,6511680.213006804,2451680.0,49.138159839555485,0.3826679393158896,,
CUCUANA,CUCUANA,RunOfRiver,Surocciden,Water,2027,187.7215843107641,260933.00219196206,0.0,56.0,6511680.213006804,2451680.0,49.13815983956533,0.3826679393158106,,
CUCUANA,CUCUANA,RunOfRiver,Surocciden,Water,2028,187.72158430860114,260933.0021889555,0.0,56.0,6511680.213006804,2451680.0,49.1381598401155,0.3826679393114015,,
CUCUANA,CUCUANA,RunOfRiver,Surocciden,Water,2029,187.72158430840375,260933.0021886812,0.0,56.0,6511680.213006804,2451680.0,49.1381598401657,0.38266793931099913,,
CUCUANA,CUCUANA,RunOfRiver,Surocciden,Water,2030,187.7215843091494,260933.00218971763,0.0,56.0,6511680.213006804,2451680.0,49.13815983997605,0.382667939312519,,
CUCUANA,CUCUANA,RunOfRiver,Surocciden,Water,2031,187.72158431014321,260933.00219109905,0.0,56.0,6511680.213006804,2451680.0,49.13815983972325,0.38266793931454496,,
CUCUANA,CUCUANA,RunOfRiver,Surocciden,Water,2032,187.72158431039782,260933.00219145295,0.0,56.0,6511680.213006804,2451680.0,49.13815983965849,0.382667939315064,,
CUCUANA,CUCUANA,RunOfRiver,Surocciden,Water,2033,187.72158430841034,260933.00218869036,0.0,56.0,6511680.213006804,2451680.0,49.13815984016402,0.38266793931101256,,
CUCUANA,CUCUANA,RunOfRiver,Surocciden,Water,2034,187.7215843067321,260933.0021863576,0.0,56.0,6511680.213006804,2451680.0,49.138159840590895,0.38266793930759146,,
CUCUANA,CUCUANA,RunOfRiver,Surocciden,Water,2035,187.72158431028197,260933.00219129198,0.0,56.0,6511680.213006804,2451680.0,49.138159839687965,0.3826679393148278,,
C_LLERAS_R,C_LLERAS_R,RunOfRiver,Antioquia,Water,2023,467.1162261822017,649291.5543932603,0.0,78.0,8859240.289799007,3414840.0,27.666287574329356,0.6836380783605572,,
C_LLERAS_R,C_LLERAS_R,RunOfRiver,Antioquia,Water,2024,467.1162261834196,649291.5543949532,0.0,78.0,8859240.289799007,3414840.0,27.666287574260846,0.6836380783623398,,
C_LLERAS_R,C_LLERAS_R,RunOfRiver,Antioquia,Water,2025,467.1162261820188,649291.5543930061,0.0,78.0,8859240.289799007,3414840.0,27.66628757433964,0.6836380783602897,,
C_LLERAS_R,C_LLERAS_R,RunOfRiver,Antioquia,Water,2026,467.1162261814091,649291.5543921585,0.0,78.0,8859240.289799007,3414840.0,27.666287574373943,0.6836380783593973,,
C_LLERAS_R,C_LLERAS_R,RunOfRiver,Antioquia,Water,2027,467.11622618148346,649291.5543922619,0.0,78.0,8859240.289799007,3414840.0,27.666287574369754,0.6836380783595062,,
C_LLERAS_R,C_LLERAS_R,RunOfRiver,Antioquia,Water,2028,467.1162261791819,649291.5543890628,0.0,78.0,8859240.289799007,3414840.0,27.666287574499222,0.6836380783561378,,
C_LLERAS_R,C_LLERAS_R,RunOfRiver,Antioquia,Water,2029,467.11622617897575,649291.5543887763,0.0,78.0,8859240.289799007,3414840.0,27.666287574510818,0.6836380783558361,,
C_LLERAS_R,C_LLERAS_R,RunOfRiver,Antioquia,Water,2030,467.11622617937746,649291.5543893346,0.0,78.0,8859240.289799007,3414840.0,27.666287574488223,0.683638078356424,,
C_LLERAS_R,C_LLERAS_R,RunOfRiver,Antioquia,Water,2031,467.116226179307,649291.5543892367,0.0,78.0,8859240.289799007,3414840.0,27.666287574492188,0.6836380783563208,,
C_LLERAS_R,C_LLERAS_R,RunOfRiver,Antioquia,Water,2032,467.11622617925224,649291.5543891606,0.0,78.0,8859240.289799007,3414840.0,27.666287574495264,0.6836380783562408,,
C_LLERAS_R,C_LLERAS_R,RunOfRiver,Antioquia,Water,2033,467.11622617915714,649291.5543890283,0.0,78.0,8859240.289799007,3414840.0,27.666287574500615,0.6836380783561016,,
C_LLERAS_R,C_LLERAS_R,RunOfRiver,Antioquia,Water,2034,467.11622617755245,649291.5543867978,0.0,78.0,8859240.289799007,3414840.0,27.666287574590886,0.6836380783537529,,
C_LLERAS_R,C_LLERAS_R,RunOfRiver,Antioquia,Water,2035,467.11622618002946,649291.5543902408,0.0,78.0,8859240.289799007,3414840.0,27.666287574451548,0.6836380783573782,,
DARIO VALENC,DARIO VALENC,RunOfRiver,Oriental,Water,2023,786.5204503046735,1093263.425923496,0.0,150.0,17455500.570995543,6567000.0,31.932753925457348,0.598569596883313,,
DARIO VALENC,DARIO VALENC,RunOfRiver,Oriental,Water,2024,786.520450306102,1093263.4259254816,0.0,150.0,17455500.570995543,6567000.0,31.93275392540187,0.5985695968844003,,
DARIO VALENC,DARIO VALENC,RunOfRiver,Oriental,Water,2025,786.5204503046612,1093263.4259234788,0.0,150.0,17455500.570995543,6567000.0,31.93275392545782,0.5985695968833036,,
DARIO VALENC,DARIO VALENC,RunOfRiver,Oriental,Water,2026,786.5204503048287,1093263.425923712,0.0,150.0,17455500.570995543,6567000.0,31.932753925451316,0.5985695968834311,,
DARIO VALENC,DARIO VALENC,RunOfRiver,Oriental,Water,2027,786.5204503042064,1093263.4259228467,0.0,150.0,17455500.570995543,6567000.0,31.93275392547548,0.5985695968829576,,
DARIO VALENC,DARIO VALENC,RunOfRiver,Oriental,Water,2028,786.5204503026619,1093263.4259206997,0.0,150.0,17455500.570995543,6567000.0,31.932753925535458,0.5985695968817821,,
DARIO VALENC,DARIO VALENC,RunOfRiver,Oriental,Water,2029,786.5204503019165,1093263.4259196639,0.0,150.0,17455500.570995543,6567000.0,31.932753925564402,0.5985695968812149,,
DARIO VALENC,DARIO VALENC,RunOfRiver,Oriental,Water,2030,786.5204503027214,1093263.4259207826,0.0,150.0,17455500.570995543,6567000.0,31.93275392553314,0.5985695968818275,,
DARIO VALENC,DARIO VALENC,RunOfRiver,Oriental,Water,2031,786.5204503033553,1093263.4259216636,0.0,150.0,17455500.570995543,6567000.0,31.93275392550853,0.5985695968823099,,
DARIO VALENC,DARIO VALENC,RunOfRiver,Oriental,Water,2032,786.520450303702,1093263.4259221456,0.0,150.0,17455500.570995543,6567000.0,31.932753925495064,0.5985695968825737,,
DARIO VALENC,DARIO VALENC,RunOfRiver,Oriental,Water,2033,786.5204503017585,1093263.425919444,0.0,150.0,17455500.570995543,6567000.0,31.93275392557054,0.5985695968810946,,
DARIO VALENC,DARIO VALENC,RunOfRiver,Oriental,Water,2034,786.5204503001868,1093263.4259172594,0.0,150.0,17455500.570995543,6567000.0,31.93275392563158,0.5985695968798984,,
DARIO VALENC,DARIO VALENC,RunOfRiver,Oriental,Water,2035,786.5204503035332,1093263.425921911,0.0,150.0,17455500.570995543,6567000.0,31.932753925501626,0.5985695968824452,,
DST_Antioquia,DST_Antioquia,pv_solar,Antioquia,Solar,2024,23.226608326107733,0.0,0.0,13.3890311278803,1610228.534009727,212028.69694111243,78.45558875260069,0.19803070747308568,,
DST_Antioquia,DST_Antioquia,pv_solar,Antioquia,Solar,2025,50.99755204849364,0.0,0.0,29.3976553025198,3382783.823902105,445434.43740735634,75.0667062934551,0.1980307035303318,,
DST_Antioquia,DST_Antioquia,pv_solar,Antioquia,Solar,2026,81.04066401372543,0.0,0.0,46.716076000538905,5159116.108662678,679337.0273548022,72.04350071747501,0.19803070260135466,,
DST_Antioquia,DST_Antioquia,pv_solar,Antioquia,Solar,2027,113.35594416447515,0.0,0.0,65.3442932219376,6923747.81042361,911705.4089745296,69.12256147793356,0.19803070224561162,,
DST_Antioquia,DST_Antioquia,pv_solar,Antioquia,Solar,2028,145.67122409444227,0.0,0.0,83.9725104433363,8555688.108625574,1126600.522840585,66.4667211500117,0.1980307017475627,,
DST_Antioquia,DST_Antioquia,pv_solar,Antioquia,Solar,2029,176.72418855771718,0.0,0.0,101.87306292952411,10005220.478693876,1317474.1140008057,64.06986324340512,0.1980307016149075,,
DST_Antioquia,DST_Antioquia,pv_solar,Antioquia,Solar,2030,204.24266940570305,0.0,0.0,117.7361541571215,11191559.720249766,1473693.8364101849,62.010810931490404,0.19803070167141887,,
DST_Antioquia,DST_Antioquia,pv_solar,Antioquia,Solar,2031,231.7611498735331,0.0,0.0,133.5992453847189,12290630.70065695,1618412.8176795559,60.01456036064009,0.1980307013896823,,
DST_Antioquia,DST_Antioquia,pv_solar,Antioquia,Solar,2032,254.73529440794368,0.0,0.0,146.8427435655571,13143401.6930585,1730704.438754883,58.39044081576451,0.19803070142702558,,
DST_Antioquia,DST_Antioquia,pv_solar,Antioquia,Solar,2033,274.6798811774215,0.0,0.0,158.3398463818891,13833060.601752218,1821520.0539010894,56.99209053298549,0.19803070127853092,,
DST_Antioquia,DST_Antioquia,pv_solar,Antioquia,Solar,2034,294.87693128000205,0.0,0.0,169.98248214526328,14483657.512941236,1907186.5678479967,55.58537254725163,0.1980307012892797,,
DST_Antioquia,DST_Antioquia,pv_solar,Antioquia,Solar,2035,312.0444239451749,0.0,0.0,179.87872254413136,15001800.82723585,1975411.2491577934,54.40639464647661,0.19803070134680967,,
DST_Caribe,DST_Caribe,pv_solar,Caribe,Solar,2024,50.38771148722503,0.0,0.0,25.8854601805687,3113108.499085487,409922.1474194859,69.91844921153402,0.22221053128466697,,
DST_Caribe,DST_Caribe,pv_solar,Caribe,Solar,2025,110.6338878676107,0.0,0.0,56.8354669182051,6540048.726210754,861173.2456542247,66.89832667474907,0.22221053048564102,,
DST_Caribe,DST_Caribe,pv_solar,Caribe,Solar,2026,175.80929664019618,0.0,0.0,90.3177469343754,9974291.143414533,1313384.9195526207,64.20409090236014,0.2222105299588991,,
DST_Caribe,DST_Caribe,pv_solar,Caribe,Solar,2027,245.9139379177265,0.0,0.0,126.3323002290796,13385912.433485672,1762630.457350761,61.600993498402524,0.22221052962150073,,
DST_Caribe,DST_Caribe,pv_solar,Caribe,Solar,2028,316.0185792553243,0.0,0.0,162.3468535237838,16540997.010009471,2178094.344158469,59.234148189255734,0.22221052947603415,,
DST_Caribe,DST_Caribe,pv_solar,Caribe,Solar,2029,383.3847582085999,0.0,0.0,196.9545883304136,19343426.258808196,2547116.620401562,57.09810421649338,0.2222105294837037,,
DST_Caribe,DST_Caribe,pv_solar,Caribe,Solar,2030,443.0832419764745,0.0,0.0,227.6232313704352,21637015.45914958,2849141.417059695,55.26310759798351,0.22221052947852724,,
DST_Caribe,DST_Caribe,pv_solar,Caribe,Solar,2031,502.78172577067755,0.0,0.0,258.2918744104568,23761886.021270134,3128931.4475138118,53.4840788566151,0.22221052948621625,,
DST_Caribe,DST_Caribe,pv_solar,Caribe,Solar,2032,552.6217443356973,0.0,0.0,283.8959708934106,25410576.60657979,3346028.581592777,52.03668781209593,0.22221052948514586,,
DST_Caribe,DST_Caribe,pv_solar,Caribe,Solar,2033,595.8894527541008,0.0,0.0,306.1237030049859,26743917.163387652,3521605.43754211,50.790498910574115,0.22221052948205952,,
DST_Caribe,DST_Caribe,pv_solar,Caribe,Solar,2034,639.7048537184824,0.0,0.0,328.632798814176,28001737.858353086,3687227.364506131,49.53685287622457,0.22221052949129247,,
DST_Caribe,DST_Caribe,pv_solar,Caribe,Solar,2035,676.9479445153816,0.0,0.0,347.76553025198757,29003481.599322673,3819128.415038404,48.486165413883285,0.22221052949070838,,
DST_Nordeste,DST_Nordeste,pv_solar,Nordeste,Solar,2024,18.890784073674585,0.0,0.0,9.58307505726991,1152506.1636940027,151757.5766069263,69.0423295938519,0.2250302942744054,,
DST_Nordeste,DST_Nordeste,pv_solar,Nordeste,Solar,2025,41.477589582808186,0.0,0.0,21.04109958226651,2421196.1998854913,318815.5741813767,66.06005319080934,0.22503028594390959,,
DST_Nordeste,DST_Nordeste,pv_solar,Nordeste,Solar,2026,65.91240645846725,0.0,0.0,33.43659884112651,3692589.5851817196,486229.1871715399,63.39957827190574,0.2250302833838382,,
DST_Nordeste,DST_Nordeste,pv_solar,Nordeste,Solar,2027,92.1952347016522,0.0,0.0,46.76957283384991,4955608.386534689,652544.7047567716,60.829099350304695,0.22503028216251375,,
DST_Nordeste,DST_Nordeste,pv_solar,Nordeste,Solar,2028,118.47806291594819,0.0,0.0,60.1025468265733,6123654.544414434,806353.8927368287,58.49191206027409,0.2250302814281894,,
DST_Nordeste,DST_Nordeste,pv_solar,Nordeste,Solar,2029,143.7342181787664,0.0,0.0,72.9147015227059,7161143.916694805,942969.8982616905,56.3826339868296,0.22503028101571895,,
DST_Nordeste,DST_Nordeste,pv_solar,Nordeste,Solar,2030,166.11568910905387,0.0,0.0,84.2685621883844,8010255.244215826,1054782.7180972924,54.5706309315671,0.22503028076358897,,
DST_Nordeste,DST_Nordeste,pv_solar,Nordeste,Solar,2031,188.49716003411146,0.0,0.0,95.62242285406289,8796905.121859115,1158363.9889502772,52.813894432191084,0.22503028056508959,,
DST_Nordeste,DST_Nordeste,pv_solar,Nordeste,Solar,2032,207.18260823873993,0.0,0.0,105.10133405201465,9407268.063642815,1238735.6769977103,51.384640009807,0.22503028043345638,,
DST_Nordeste,DST_Nordeste,pv_solar,Nordeste,Solar,2033,223.4040412928805,0.0,0.0,113.3302789381486,9900885.041809708,1303736.1126532822,50.154066549646,0.225030280334393,,
DST_Nordeste,DST_Nordeste,pv_solar,Nordeste,Solar,2034,239.8308089226342,0.0,0.0,121.66338768360069,10366543.756947774,1365051.1268023187,48.91612940160047,0.22503028022895777,,
DST_Nordeste,DST_Nordeste,pv_solar,Nordeste,Solar,2035,253.79356145892172,0.0,0.0,128.74653011723498,10737400.036530863,1413882.3107397933,47.87860762668491,0.22503028019528623,,
DST_Oriental,DST_Oriental,pv_solar,Oriental,Solar,2024,28.45785855927286,0.0,0.0,15.2858105376634,1838344.2429944454,242066.0956744376,73.10495040713424,0.2125248106915996,,
DST_Oriental,DST_Oriental,pv_solar,Oriental,Solar,2025,62.48355740123632,0.0,0.0,33.5623231370435,3862011.532288244,508537.64937339944,69.94718872352755,0.2125248052177616,,
DST_Oriental,DST_Oriental,pv_solar,Oriental,Solar,2026,99.29317706407552,0.0,0.0,53.334186767282,5889990.890723234,775576.4395634006,67.13016470391752,0.21252480353456085,,
DST_Oriental,DST_Oriental,pv_solar,Oriental,Solar,2027,138.88671754907546,0.0,0.0,74.60140142837889,7904612.083566969,1040863.6752459233,64.40843240212672,0.21252480273124408,,
DST_Oriental,DST_Oriental,pv_solar,Oriental,Solar,2028,178.48025800839372,0.0,0.0,95.8686160894758,9767743.924014216,1286202.2635763371,61.93371923000414,0.21252480225375786,,
DST_Oriental,DST_Oriental,pv_solar,Oriental,Solar,2029,216.52717581516248,0.0,0.0,116.30508017787359,11422626.713175533,1504116.280150923,59.70032604295969,0.2125248019806909,,
DST_Oriental,DST_Oriental,pv_solar,Oriental,Solar,2030,250.24355014702152,0.0,0.0,134.4154426627139,12777030.680618504,1682467.1299016303,57.78170027569135,0.2125248018210868,,
DST_Oriental,DST_Oriental,pv_solar,Oriental,Solar,2031,283.9599244803221,0.0,0.0,152.5258051475542,14031803.383250035,1847687.9668508284,55.921593088046066,0.21252480170046323,,
DST_Oriental,DST_Oriental,pv_solar,Oriental,Solar,2032,312.10845717431783,0.0,0.0,167.6454655706778,15005383.599575136,1975887.5675784934,54.408237831470565,0.21252480161544213,,
DST_Oriental,DST_Oriental,pv_solar,Oriental,Solar,2033,336.54509542158223,0.0,0.0,180.7713246193235,15792744.187000463,2079568.7282037458,53.10525441714127,0.21252480153703396,,
DST_Oriental,DST_Oriental,pv_solar,Oriental,Solar,2034,361.29105821338595,0.0,0.0,194.06333378250912,16535508.993941262,2177371.3316264655,51.79447401246094,0.21252480147418543,,
DST_Oriental,DST_Oriental,pv_solar,Oriental,Solar,2035,382.3251266523912,0.0,0.0,205.36154157121683,17127055.944427613,2255261.1761218165,50.6959019153658,0.21252480146383315,,
DST_Surocciden,DST_Surocciden,pv_solar,Surocciden,Solar,2024,50.74827030096808,0.0,0.0,27.8566230966177,3350169.9221480247,441137.4833580379,74.70811089759918,0.20796424322910115,,
DST_Surocciden,DST_Surocciden,pv_solar,Surocciden,Solar,2025,111.42554840713167,0.0,0.0,61.163455059965,7038069.678063013,926751.0933836414,71.4811000287334,0.207964240240038,,
DST_Surocciden,DST_Surocciden,pv_solar,Surocciden,Solar,2026,177.06733109258053,0.0,0.0,97.195391456677,10733827.68163432,1413398.4263576337,68.60229966215911,0.20796423932144553,,
DST_Surocciden,DST_Surocciden,pv_solar,Surocciden,Solar,2027,247.67361835850303,0.0,0.0,135.9524322867538,14405241.972242486,1896853.7536720117,65.82088085908896,0.207964238883328,,
DST_Surocciden,DST_Surocciden,pv_solar,Surocciden,Solar,2028,318.2799055977724,0.0,0.0,174.7094731168306,17800584.426001575,2343954.976687778,63.29189825809204,0.20796423862217675,,
DST_Surocciden,DST_Surocciden,pv_solar,Surocciden,Solar,2029,386.12813476443785,0.0,0.0,211.9525670394825,20816417.0515048,2741078.087185015,61.00952771302548,0.20796423847342546,,
DST_Surocciden,DST_Surocciden,pv_solar,Surocciden,Solar,2030,446.2538012746986,0.0,0.0,244.9566096213448,23284661.751297466,3066101.898531195,59.04882731432024,0.20796423838545292,,
DST_Surocciden,DST_Surocciden,pv_solar,Surocciden,Solar,2031,506.3794677880436,0.0,0.0,277.9606522032071,25571339.98553352,3367197.7790055247,57.147928787373175,0.20796423831963814,,
DST_Surocciden,DST_Surocciden,pv_solar,Surocciden,Solar,2032,556.5761251457635,0.0,0.0,305.5144859183398,27345577.41139118,3600826.735076135,55.60138631236232,0.20796423827310492,,
DST_Surocciden,DST_Surocciden,pv_solar,Surocciden,Solar,2033,600.1534430411748,0.0,0.0,329.4348470556528,28780451.085312277,3789773.6676997705,54.26982904233292,0.2079642382284438,,
DST_Surocciden,DST_Surocciden,pv_solar,Surocciden,Solar,2034,644.2823725623784,0.0,0.0,353.6579975744508,30134054.103313874,3968007.6092170863,52.930303799719816,0.2079642381915893,,
DST_Surocciden,DST_Surocciden,pv_solar,Surocciden,Solar,2035,681.7919627195788,0.0,0.0,374.2476755154291,31212080.0544435,4109952.848942191,51.80764050443002,0.20796423818358975,,
EL QUIMBO,EL QUIMBO,Hidro,Surocciden,Water,2023,1403.024808121826,1950204.4832893377,0.0,400.0,46728001.52854285,17512000.0,47.17678948274507,0.4004066233224388,,
EL QUIMBO,EL QUIMBO,Hidro,Surocciden,Water,2024,1403.0248081280884,1950204.4832980428,0.0,400.0,46728001.52854285,17512000.0,47.176789482540705,0.400406623324226,,
EL QUIMBO,EL QUIMBO,Hidro,Surocciden,Water,2025,1403.0248081257066,1950204.483294732,0.0,400.0,46728001.52854285,17512000.0,47.17678948261843,0.4004066233235464,,
EL QUIMBO,EL QUIMBO,Hidro,Surocciden,Water,2026,1403.0248081252307,1950204.4832940705,0.0,400.0,46728001.52854285,17512000.0,47.176789482633964,0.4004066233234105,,
EL QUIMBO,EL QUIMBO,Hidro,Surocciden,Water,2027,1403.024808123003,1950204.4832909736,0.0,400.0,46728001.52854285,17512000.0,47.17678948270665,0.40040662332277477,,
EL QUIMBO,EL QUIMBO,Hidro,Surocciden,Water,2028,1403.0248081206264,1950204.4832876704,0.0,400.0,46728001.52854285,17512000.0,47.176789482784216,0.4004066233220965,,
EL QUIMBO,EL QUIMBO,Hidro,Surocciden,Water,2029,1403.0248081225816,1950204.4832903882,0.0,400.0,46728001.52854285,17512000.0,47.176789482720416,0.4004066233226545,,
EL QUIMBO,EL QUIMBO,Hidro,Surocciden,Water,2030,1403.024808123488,1950204.483291648,0.0,400.0,46728001.52854285,17512000.0,47.176789482690836,0.4004066233229131,,
EL QUIMBO,EL QUIMBO,Hidro,Surocciden,Water,2031,1403.024808123967,1950204.483292314,0.0,400.0,46728001.52854285,17512000.0,47.176789482675204,0.4004066233230498,,
EL QUIMBO,EL QUIMBO,Hidro,Surocciden,Water,2032,1403.0248081238244,1950204.483292116,0.0,400.0,46728001.52854285,17512000.0,47.17678948267986,0.4004066233230092,,
EL QUIMBO,EL QUIMBO,Hidro,Surocciden,Water,2033,1403.0248081207276,1950204.483287811,0.0,400.0,46728001.52854285,17512000.0,47.17678948278092,0.40040662332212534,,
EL QUIMBO,EL QUIMBO,Hidro,Surocciden,Water,2034,1403.024808120121,1950204.4832869682,0.0,400.0,46728001.52854285,17512000.0,47.176789482800714,0.40040662332195226,,
EL QUIMBO,EL QUIMBO,Hidro,Surocciden,Water,2035,1403.0248081246252,1950204.4832932288,0.0,400.0,46728001.52854285,17512000.0,47.176789482653724,0.4004066233232377,,
ELTESORITO,ELTESORITO,Thermal,Caribe,GASNACIO,2023,2.9561334142579133e-06,0.020929424572946026,0.001310984272875051,200.0,55368001.81117018,28644000.0,28419556920.83992,1.6872907615627354e-09,,
ELTESORITO,ELTESORITO,Thermal,Caribe,GASNACIO,2024,3.48287298852129e-06,0.02465874075873073,0.0015445824232256284,200.0,55368001.81117018,28644000.0,24121465845.21234,1.9879412034938865e-09,,
ELTESORITO,ELTESORITO,Thermal,Caribe,GASNACIO,2025,4.3186777455116374e-06,0.030576238438222395,0.0019152446153728538,200.0,55368001.81117018,28644000.0,19453176826.879326,2.4649987131915737e-09,,
ELTESORITO,ELTESORITO,Thermal,Caribe,GASNACIO,2026,4.359457615013774e-06,0.030864959914297524,0.0019333296474317394,200.0,55368001.81117018,28644000.0,19271205104.208744,2.4882748944142545e-09,,
ELTESORITO,ELTESORITO,Thermal,Caribe,GASNACIO,2027,4.21640889048396e-06,0.029852174944626435,0.0018698904849064925,200.0,55368001.81117018,28644000.0,19925012972.68147,2.4066260790433556e-09,,
ELTESORITO,ELTESORITO,Thermal,Caribe,GASNACIO,2028,2.4809024205366633e-06,0.017564789137399575,0.0011002291169181473,200.0,55368001.81117018,28644000.0,33863484969.538498,1.4160401943702413e-09,,
ELTESORITO,ELTESORITO,Thermal,Caribe,GASNACIO,2029,2.3017917530770145e-06,0.016296685611785267,0.0010207972255795428,200.0,55368001.81117018,28644000.0,36498524123.72248,1.313808078240305e-09,,
ELTESORITO,ELTESORITO,Thermal,Caribe,GASNACIO,2030,3.804296053081483e-06,0.026934416055816895,0.001687126931042944,200.0,55368001.81117018,28644000.0,22083455300.50292,2.171401856781668e-09,,
ELTESORITO,ELTESORITO,Thermal,Caribe,GASNACIO,2031,5.344787772336728e-06,0.03784109742814403,0.0023703032744032287,200.0,55368001.81117018,28644000.0,15718491627.270254,3.05067795224699e-09,,
ELTESORITO,ELTESORITO,Thermal,Caribe,GASNACIO,2032,61.358471545555254,434417.9785425312,27211.218145939918,200.0,55368001.81117018,28644000.0,1376.2797159478778,0.03502195864472331,,
ELTESORITO,ELTESORITO,Thermal,Caribe,GASNACIO,2033,18.340018614388423,129847.33178987003,8133.420451097811,200.0,55368001.81117018,28644000.0,4587.882428698718,0.01046804715433129,,
ELTESORITO,ELTESORITO,Thermal,Caribe,GASNACIO,2034,314.54900586677485,2227006.9615367656,139496.00439239378,200.0,55368001.81117018,28644000.0,274.1671636668053,0.17953710380523674,,
ELTESORITO,ELTESORITO,Thermal,Caribe,GASNACIO,2035,458.73391266172314,3247836.101645,203439.04034687337,200.0,55368001.81117018,28644000.0,190.21885128680645,0.26183442503523,,
ESCUELAMINAS,ESCUELAMINAS,RunOfRiver,Antioquia,Water,2023,261.72346067984057,363795.6103449783,0.0,55.0,15260850.499205254,2407900.0,68.89923456884507,0.5432201342462443,,
ESCUELAMINAS,ESCUELAMINAS,RunOfRiver,Antioquia,Water,2024,261.7234606810264,363795.6103466266,0.0,55.0,15260850.499205254,2407900.0,68.89923456853919,0.5432201342487055,,
ESCUELAMINAS,ESCUELAMINAS,RunOfRiver,Antioquia,Water,2025,261.7234606799071,363795.61034507083,0.0,55.0,15260850.499205254,2407900.0,68.8992345688279,0.5432201342463824,,
ESCUELAMINAS,ESCUELAMINAS,RunOfRiver,Antioquia,Water,2026,261.7234606793124,363795.61034424417,0.0,55.0,15260850.499205254,2407900.0,68.89923456898131,0.543220134245148,,
ESCUELAMINAS,ESCUELAMINAS,RunOfRiver,Antioquia,Water,2027,261.72346067929976,363795.61034422665,0.0,55.0,15260850.499205254,2407900.0,68.89923456898457,0.5432201342451218,,
ESCUELAMINAS,ESCUELAMINAS,RunOfRiver,Antioquia,Water,2028,261.7234606770678,363795.61034112424,0.0,55.0,15260850.499205254,2407900.0,68.89923456956026,0.5432201342404893,,
ESCUELAMINAS,ESCUELAMINAS,RunOfRiver,Antioquia,Water,2029,261.7234606768876,363795.6103408737,0.0,55.0,15260850.499205254,2407900.0,68.89923456960675,0.5432201342401154,,
ESCUELAMINAS,ESCUELAMINAS,RunOfRiver,Antioquia,Water,2030,261.7234606772699,363795.61034140503,0.0,55.0,15260850.499205254,2407900.0,68.89923456950814,0.5432201342409086,,
ESCUELAMINAS,ESCUELAMINAS,RunOfRiver,Antioquia,Water,2031,261.7234606772013,363795.6103413097,0.0,55.0,15260850.499205254,2407900.0,68.89923456952585,0.5432201342407663,,
ESCUELAMINAS,ESCUELAMINAS,RunOfRiver,Antioquia,Water,2032,261.72346067719974,363795.6103413076,0.0,55.0,15260850.499205254,2407900.0,68.89923456952624,0.5432201342407632,,
ESCUELAMINAS,ESCUELAMINAS,RunOfRiver,Antioquia,Water,2033,261.7234606770717,363795.61034112965,0.0,55.0,15260850.499205254,2407900.0,68.89923456955925,0.5432201342404975,,
ESCUELAMINAS,ESCUELAMINAS,RunOfRiver,Antioquia,Water,2034,261.72346067547767,363795.610338914,0.0,55.0,15260850.499205254,2407900.0,68.89923456997043,0.5432201342371888,,
ESCUELAMINAS,ESCUELAMINAS,RunOfRiver,Antioquia,Water,2035,261.7234606779157,363795.6103423028,0.0,55.0,15260850.499205254,2407900.0,68.89923456934156,0.5432201342422491,,
ESMERALDA,ESMERALDA,RunOfRiver,Surocciden,Water,2023,243.25588217543648,338125.67622385663,0.0,30.0,3520800.11517064,1313400.0,21.262901209781266,0.9256312107132284,,
ESMERALDA,ESMERALDA,RunOfRiver,Surocciden,Water,2024,243.25588217814973,338125.6762276281,0.0,30.0,3520800.11517064,1313400.0,21.2629012095596,0.9256312107235529,,
ESMERALDA,ESMERALDA,RunOfRiver,Surocciden,Water,2025,243.25588217711925,338125.67622619576,0.0,30.0,3520800.11517064,1313400.0,21.262901209643786,0.9256312107196316,,
ESMERALDA,ESMERALDA,RunOfRiver,Surocciden,Water,2026,243.25588217489098,338125.6762230985,0.0,30.0,3520800.11517064,1313400.0,21.262901209825827,0.9256312107111527,,
ESMERALDA,ESMERALDA,RunOfRiver,Surocciden,Water,2027,243.2558821753831,338125.6762237825,0.0,30.0,3520800.11517064,1313400.0,21.262901209785625,0.9256312107130252,,
ESMERALDA,ESMERALDA,RunOfRiver,Surocciden,Water,2028,243.25588216558674,338125.67621016555,0.0,30.0,3520800.11517064,1313400.0,21.26290121058594,0.9256312106757485,,
ESMERALDA,ESMERALDA,RunOfRiver,Surocciden,Water,2029,243.25588217041087,338125.67621687107,0.0,30.0,3520800.11517064,1313400.0,21.26290121019183,0.9256312106941051,,
ESMERALDA,ESMERALDA,RunOfRiver,Surocciden,Water,2030,243.25588217103564,338125.6762177395,0.0,30.0,3520800.11517064,1313400.0,21.262901210140793,0.9256312106964824,,
ESMERALDA,ESMERALDA,RunOfRiver,Surocciden,Water,2031,243.2558821751939,338125.6762235195,0.0,30.0,3520800.11517064,1313400.0,21.26290120980108,0.9256312107123054,,
ESMERALDA,ESMERALDA,RunOfRiver,Surocciden,Water,2032,243.255882175226,338125.6762235641,0.0,30.0,3520800.11517064,1313400.0,21.262901209798457,0.9256312107124275,,
ESMERALDA,ESMERALDA,RunOfRiver,Surocciden,Water,2033,243.25588217375878,338125.67622152466,0.0,30.0,3520800.11517064,1313400.0,21.262901209918322,0.9256312107068445,,
ESMERALDA,ESMERALDA,RunOfRiver,Surocciden,Water,2034,243.25588216849042,338125.6762142017,0.0,30.0,3520800.11517064,1313400.0,21.262901210348723,0.9256312106867974,,
ESMERALDA,ESMERALDA,RunOfRiver,Surocciden,Water,2035,243.25588217632423,338125.67622509063,0.0,30.0,3520800.11517064,1313400.0,21.262901209708737,0.9256312107166065,,
E_Apoto,E_Apoto,Eolica,Caribe,Wind,2027,499.3183441903417,0.0,0.0,75.0,11596500.37933888,2067750.0,27.365808883901177,0.759997479741768,,
E_Apoto,E_Apoto,Eolica,Caribe,Wind,2028,499.3183439242855,0.0,0.0,75.0,11596500.37933888,2067750.0,27.365808898482744,0.7599974793368118,,
E_Apoto,E_Apoto,Eolica,Caribe,Wind,2029,499.3183439587553,0.0,0.0,75.0,11596500.37933888,2067750.0,27.36580889659358,0.7599974793892773,,
E_Apoto,E_Apoto,Eolica,Caribe,Wind,2030,499.318343924809,0.0,0.0,75.0,11596500.37933888,2067750.0,27.365808898454052,0.7599974793376086,,
E_Apoto,E_Apoto,Eolica,Caribe,Wind,2031,499.31834396877866,0.0,0.0,75.0,11596500.37933888,2067750.0,27.365808896044236,0.7599974794045335,,
E_Apoto,E_Apoto,Eolica,Caribe,Wind,2032,499.31834395585525,0.0,0.0,75.0,11596500.37933888,2067750.0,27.365808896752522,0.7599974793848632,,
E_Apoto,E_Apoto,Eolica,Caribe,Wind,2033,499.31834397975365,0.0,0.0,75.0,11596500.37933888,2067750.0,27.365808895442736,0.7599974794212383,,
E_Apoto,E_Apoto,Eolica,Caribe,Wind,2034,499.31834395530416,0.0,0.0,75.0,11596500.37933888,2067750.0,27.365808896782724,0.7599974793840244,,
E_Apoto,E_Apoto,Eolica,Caribe,Wind,2035,499.3183439496137,0.0,0.0,75.0,11596500.37933888,2067750.0,27.3658088970946,0.7599974793753631,,
E_Camelia,E_Camelia,Eolica,Caribe,Wind,2028,1587.122497613521,0.0,0.0,250.0,38655001.26446293,6892500.0,28.698163710079402,0.7247134692299181,,
E_Camelia,E_Camelia,Eolica,Caribe,Wind,2029,1587.122497637864,0.0,0.0,250.0,38655001.26446293,6892500.0,28.698163709639235,0.7247134692410336,,
E_Camelia,E_Camelia,Eolica,Caribe,Wind,2030,1587.122497640694,0.0,0.0,250.0,38655001.26446293,6892500.0,28.698163709588066,0.7247134692423259,,
E_Camelia,E_Camelia,Eolica,Caribe,Wind,2031,1587.1224976168373,0.0,0.0,250.0,38655001.26446293,6892500.0,28.69816371001944,0.7247134692314324,,
E_Camelia,E_Camelia,Eolica,Caribe,Wind,2032,1587.1224976412507,0.0,0.0,250.0,38655001.26446293,6892500.0,28.698163709577997,0.7247134692425801,,
E_Camelia,E_Camelia,Eolica,Caribe,Wind,2033,1587.1224976225503,0.0,0.0,250.0,38655001.26446293,6892500.0,28.698163709916138,0.7247134692340411,,
E_Camelia,E_Camelia,Eolica,Caribe,Wind,2034,1587.1224976178469,0.0,0.0,250.0,38655001.26446293,6892500.0,28.698163710001186,0.7247134692318933,,
E_Camelia,E_Camelia,Eolica,Caribe,Wind,2035,1587.1224976378605,0.0,0.0,250.0,38655001.26446293,6892500.0,28.6981637096393,0.7247134692410321,,
E_CasaElec,E_CasaElec,Eolica,Caribe,Wind,2027,1198.3640258991045,0.0,0.0,180.0,27831600.91041331,4962600.0,27.365808887502766,0.7599974796417455,,
E_CasaElec,E_CasaElec,Eolica,Caribe,Wind,2028,1198.3640255728944,0.0,0.0,180.0,27831600.91041331,4962600.0,27.365808894952092,0.7599974794348643,,
E_CasaElec,E_CasaElec,Eolica,Caribe,Wind,2029,1198.3640255696573,0.0,0.0,180.0,27831600.91041331,4962600.0,27.365808895026014,0.7599974794328115,,
E_CasaElec,E_CasaElec,Eolica,Caribe,Wind,2030,1198.3640255919738,0.0,0.0,180.0,27831600.91041331,4962600.0,27.36580889451639,0.7599974794469645,,
E_CasaElec,E_CasaElec,Eolica,Caribe,Wind,2031,1198.364025593668,0.0,0.0,180.0,27831600.91041331,4962600.0,27.365808894477706,0.7599974794480389,,
E_CasaElec,E_CasaElec,Eolica,Caribe,Wind,2032,1198.3640255739297,0.0,0.0,180.0,27831600.91041331,4962600.0,27.36580889492845,0.759997479435521,,
E_CasaElec,E_CasaElec,Eolica,Caribe,Wind,2033,1198.364025593734,0.0,0.0,180.0,27831600.91041331,4962600.0,27.365808894476203,0.7599974794480807,,
E_CasaElec,E_CasaElec,Eolica,Caribe,Wind,2034,1198.364025580648,0.0,0.0,180.0,27831600.91041331,4962600.0,27.36580889477503,0.7599974794397817,,
E_CasaElec,E_CasaElec,Eolica,Caribe,Wind,2035,1198.3640256054719,0.0,0.0,180.0,27831600.91041331,4962600.0,27.365808894208154,0.7599974794555249,,
E_GuajiraI,E_GuajiraI,Eolica,Caribe,Wind,2023,134.38791136397577,0.0,0.0,20.0,3092400.1011570347,551400.0,27.1140466740954,0.7670542886071676,,
E_GuajiraI,E_GuajiraI,Eolica,Caribe,Wind,2024,134.38791096336377,0.0,0.0,20.0,3092400.1011570347,551400.0,27.114046754922704,0.7670542863205693,,
E_GuajiraI,E_GuajiraI,Eolica,Caribe,Wind,2025,134.38791108393883,0.0,0.0,20.0,3092400.1011570347,551400.0,27.11404673059553,0.7670542870087832,,
E_GuajiraI,E_GuajiraI,Eolica,Caribe,Wind,2026,134.38791110274792,0.0,0.0,20.0,3092400.1011570347,551400.0,27.114046726800616,0.767054287116141,,
E_GuajiraI,E_GuajiraI,Eolica,Caribe,Wind,2027,134.3879103118338,0.0,0.0,20.0,3092400.1011570347,551400.0,27.114046886375114,0.7670542826017909,,
E_GuajiraI,E_GuajiraI,Eolica,Caribe,Wind,2028,134.38791007199427,0.0,0.0,20.0,3092400.1011570347,551400.0,27.11404693476503,0.7670542812328438,,
E_GuajiraI,E_GuajiraI,Eolica,Caribe,Wind,2029,134.38791005212562,0.0,0.0,20.0,3092400.1011570347,551400.0,27.11404693877372,0.7670542811194384,,
E_GuajiraI,E_GuajiraI,Eolica,Caribe,Wind,2030,134.3879100705872,0.0,0.0,20.0,3092400.1011570347,551400.0,27.114046935048922,0.7670542812248125,,
E_GuajiraI,E_GuajiraI,Eolica,Caribe,Wind,2031,134.3879100620129,0.0,0.0,20.0,3092400.1011570347,551400.0,27.114046936778866,0.7670542811758725,,
E_GuajiraI,E_GuajiraI,Eolica,Caribe,Wind,2032,134.387910046841,0.0,0.0,20.0,3092400.1011570347,551400.0,27.114046939839945,0.7670542810892749,,
E_GuajiraI,E_GuajiraI,Eolica,Caribe,Wind,2033,134.38791002159223,0.0,0.0,20.0,3092400.1011570347,551400.0,27.114046944934124,0.7670542809451609,,
E_GuajiraI,E_GuajiraI,Eolica,Caribe,Wind,2034,134.38791006457728,0.0,0.0,20.0,3092400.1011570347,551400.0,27.11404693626148,0.7670542811905093,,
E_GuajiraI,E_GuajiraI,Eolica,Caribe,Wind,2035,134.3879100510568,0.0,0.0,20.0,3092400.1011570347,551400.0,27.114046938989365,0.7670542811133377,,
E_ParqueAlph,E_ParqueAlph,Eolica,Caribe,Wind,2029,1424.5118472358195,0.0,0.0,212.0,32779441.072264567,5844840.0,27.11404692576807,0.7670542814873671,,
E_ParqueAlph,E_ParqueAlph,Eolica,Caribe,Wind,2030,1424.5118472261674,0.0,0.0,212.0,32779441.072264567,5844840.0,27.114046925951786,0.7670542814821698,,
E_ParqueAlph,E_ParqueAlph,Eolica,Caribe,Wind,2031,1424.511847229226,0.0,0.0,212.0,32779441.072264567,5844840.0,27.11404692589357,0.7670542814838168,,
E_ParqueAlph,E_ParqueAlph,Eolica,Caribe,Wind,2032,1424.5118472128916,0.0,0.0,212.0,32779441.072264567,5844840.0,27.114046926204473,0.7670542814750212,,
E_ParqueAlph,E_ParqueAlph,Eolica,Caribe,Wind,2033,1424.511847220702,0.0,0.0,212.0,32779441.072264567,5844840.0,27.114046926055813,0.7670542814792268,,
E_ParqueAlph,E_ParqueAlph,Eolica,Caribe,Wind,2034,1424.511847203436,0.0,0.0,212.0,32779441.072264567,5844840.0,27.114046926384454,0.7670542814699297,,
E_ParqueAlph,E_ParqueAlph,Eolica,Caribe,Wind,2035,1424.5118472045472,0.0,0.0,212.0,32779441.072264567,5844840.0,27.114046926363304,0.7670542814705279,,
E_ParqueBeta,E_ParqueBeta,Eolica,Caribe,Wind,2029,1881.4307416161942,0.0,0.0,280.0,43293601.416198485,7719600.0,27.114046925998945,0.7670542814808357,,
E_ParqueBeta,E_ParqueBeta,Eolica,Caribe,Wind,2030,1881.430741623395,0.0,0.0,280.0,43293601.416198485,7719600.0,27.11404692589517,0.7670542814837714,,
E_ParqueBeta,E_ParqueBeta,Eolica,Caribe,Wind,2031,1881.4307416150136,0.0,0.0,280.0,43293601.416198485,7719600.0,27.114046926015956,0.7670542814803545,,
E_ParqueBeta,E_ParqueBeta,Eolica,Caribe,Wind,2032,1881.4307416274612,0.0,0.0,280.0,43293601.416198485,7719600.0,27.11404692583657,0.7670542814854292,,
E_ParqueBeta,E_ParqueBeta,Eolica,Caribe,Wind,2033,1881.4307416297383,0.0,0.0,280.0,43293601.416198485,7719600.0,27.114046925803756,0.7670542814863577,,
E_ParqueBeta,E_ParqueBeta,Eolica,Caribe,Wind,2034,1881.4307415952542,0.0,0.0,280.0,43293601.416198485,7719600.0,27.114046926300716,0.7670542814722985,,
E_ParqueBeta,E_ParqueBeta,Eolica,Caribe,Wind,2035,1881.4307416190497,0.0,0.0,280.0,43293601.416198485,7719600.0,27.114046925957787,0.7670542814819999,,
E_Wesp01,E_Wesp01,Eolica,Caribe,Wind,2023,79.89093596983943,0.0,0.0,12.0,2303434.1467522476,330840.0,32.97337945504536,0.7599974882975591,,
E_Wesp01,E_Wesp01,Eolica,Caribe,Wind,2024,79.89093596286156,0.0,0.0,12.0,2303434.1467522476,330840.0,32.97337945792533,0.7599974882311792,,
E_Wesp01,E_Wesp01,Eolica,Caribe,Wind,2025,79.89093571455024,0.0,0.0,12.0,2303434.1467522476,330840.0,32.97337956041084,0.759997485869009,,
E_Wesp01,E_Wesp01,Eolica,Caribe,Wind,2026,79.89093575563152,0.0,0.0,12.0,2303434.1467522476,330840.0,32.97337954345537,0.7599974862598127,,
E_Wesp01,E_Wesp01,Eolica,Caribe,Wind,2027,79.89093525160771,0.0,0.0,12.0,2303434.1467522476,330840.0,32.973379751481076,0.7599974814650657,,
E_Wesp01,E_Wesp01,Eolica,Caribe,Wind,2028,79.89093497848414,0.0,0.0,12.0,2303434.1467522476,330840.0,32.97337986420735,0.759997478866858,,
E_Wesp01,E_Wesp01,Eolica,Caribe,Wind,2029,79.89093497365948,0.0,0.0,12.0,2303434.1467522476,330840.0,32.97337986619863,0.7599974788209615,,
E_Wesp01,E_Wesp01,Eolica,Caribe,Wind,2030,79.89093498328594,0.0,0.0,12.0,2303434.1467522476,330840.0,32.97337986222551,0.7599974789125373,,
E_Wesp01,E_Wesp01,Eolica,Caribe,Wind,2031,79.89093497365792,0.0,0.0,12.0,2303434.1467522476,330840.0,32.973379866199274,0.7599974788209466,,
E_Wesp01,E_Wesp01,Eolica,Caribe,Wind,2032,79.8909349855345,0.0,0.0,12.0,2303434.1467522476,330840.0,32.97337986129745,0.7599974789339278,,
E_Wesp01,E_Wesp01,Eolica,Caribe,Wind,2033,79.89093497860773,0.0,0.0,12.0,2303434.1467522476,330840.0,32.973379864156335,0.7599974788680339,,
E_Wesp01,E_Wesp01,Eolica,Caribe,Wind,2034,79.89093499071501,0.0,0.0,12.0,2303434.1467522476,330840.0,32.9733798591593,0.7599974789832097,,
E_Wesp01,E_Wesp01,Eolica,Caribe,Wind,2035,79.89093499211819,0.0,0.0,12.0,2303434.1467522476,330840.0,32.973379858580174,0.7599974789965579,,
E_Windpeshi,E_Windpeshi,Eolica,Caribe,Wind,2028,1343.879101120874,0.0,0.0,200.0,30924001.011570346,5514000.0,27.114046926675858,0.767054281461686,,
E_Windpeshi,E_Windpeshi,Eolica,Caribe,Wind,2029,1343.8791011455662,0.0,0.0,200.0,30924001.011570346,5514000.0,27.11404692617767,0.7670542814757796,,
E_Windpeshi,E_Windpeshi,Eolica,Caribe,Wind,2030,1343.8791011505068,0.0,0.0,200.0,30924001.011570346,5514000.0,27.114046926077986,0.7670542814785997,,
E_Windpeshi,E_Windpeshi,Eolica,Caribe,Wind,2031,1343.8791011371873,0.0,0.0,200.0,30924001.011570346,5514000.0,27.11404692634672,0.7670542814709972,,
E_Windpeshi,E_Windpeshi,Eolica,Caribe,Wind,2032,1343.879101155046,0.0,0.0,200.0,30924001.011570346,5514000.0,27.114046925986404,0.7670542814811906,,
E_Windpeshi,E_Windpeshi,Eolica,Caribe,Wind,2033,1343.8791011585522,0.0,0.0,200.0,30924001.011570346,5514000.0,27.114046925915666,0.7670542814831918,,
E_Windpeshi,E_Windpeshi,Eolica,Caribe,Wind,2034,1343.8791011387254,0.0,0.0,200.0,30924001.011570346,5514000.0,27.11404692631569,0.767054281471875,,
E_Windpeshi,E_Windpeshi,Eolica,Caribe,Wind,2035,1343.8791011342166,0.0,0.0,200.0,30924001.011570346,5514000.0,27.114046926406658,0.7670542814693015,,
FLORES 1,FLORES 1,Thermal,Caribe,GASIMPOR,2023,4.452778071896116e-07,0.0031525668749024503,0.00019091419566596757,160.0,18820800.61565655,22915200.0,93730250969.00186,3.176924994218119e-10,,
FLORES 1,FLORES 1,Thermal,Caribe,GASIMPOR,2024,6.5495690627394e-07,0.0046370948964194955,0.0002808147384356706,160.0,18820800.61565655,22915200.0,63723277395.04328,4.672923132662243e-10,,
FLORES 1,FLORES 1,Thermal,Caribe,GASIMPOR,2025,7.126522973344711e-07,0.005045578265128055,0.00030555181043904654,160.0,18820800.61565655,22915200.0,58564324814.22853,5.084562623676306e-10,,
FLORES 1,FLORES 1,Thermal,Caribe,GASIMPOR,2026,7.146572971706982e-07,0.005059773663968543,0.0003064114601338284,160.0,18820800.61565655,22915200.0,58400020241.79646,5.098867702416511e-10,,
FLORES 1,FLORES 1,Thermal,Caribe,GASIMPOR,2027,7.421259632859984e-07,0.005254251820064868,0.00031818873313676165,160.0,18820800.61565655,22915200.0,56238432133.69253,5.294848482348731e-10,,
FLORES 1,FLORES 1,Thermal,Caribe,GASIMPOR,2028,6.894770211664854e-07,0.004881497309858716,0.00029561534125619414,160.0,18820800.61565655,22915200.0,60532837700.56234,4.919213906724353e-10,,
FLORES 1,FLORES 1,Thermal,Caribe,GASIMPOR,2029,7.083218729896311e-07,0.005014918860766589,0.0003036951280099234,160.0,18820800.61565655,22915200.0,58922365964.09953,5.053666331261637e-10,,
FLORES 1,FLORES 1,Thermal,Caribe,GASIMPOR,2030,8.00068304390341e-07,0.005664483595083614,0.00034303168571227184,160.0,18820800.61565655,22915200.0,52165546856.80772,5.708249888629715e-10,,
FLORES 1,FLORES 1,Thermal,Caribe,GASIMPOR,2031,8.652258070875095e-07,0.006125798714179567,0.00037096816046619096,160.0,18820800.61565655,22915200.0,48237119466.27264,6.173129331389193e-10,,
FLORES 1,FLORES 1,Thermal,Caribe,GASIMPOR,2032,9.364410088487452e-07,0.006630002342649115,0.0004015018918669261,160.0,18820800.61565655,22915200.0,44568745097.56524,6.68122865902358e-10,,
FLORES 1,FLORES 1,Thermal,Caribe,GASIMPOR,2033,9.898533438966044e-07,0.007008161674787959,0.00042440259075570086,160.0,18820800.61565655,22915200.0,42163822428.85495,7.062309816613899e-10,,
FLORES 1,FLORES 1,Thermal,Caribe,GASIMPOR,2034,9.84773624002845e-07,0.0069721972579401435,0.0004222246456120919,160.0,18820800.61565655,22915200.0,42381314451.72436,7.026067522851347e-10,,
FLORES 1,FLORES 1,Thermal,Caribe,GASIMPOR,2035,1.4728778895365302e-06,0.010427975457918633,0.0006315008137724558,160.0,18820800.61565655,22915200.0,28336361705.597725,1.050854658630515e-09,,
FLORES4,FLORES4,Thermal,Caribe,GASNACIO,2023,840.9475271991057,5953908.492569669,347638.79370032204,445.0,123193804.02985366,63732900.0,229.36105557601124,0.2157271374478235,,
FLORES4,FLORES4,Thermal,Caribe,GASNACIO,2024,683.0426983092168,4835942.304029254,282362.6112284281,445.0,123193804.02985366,63732900.0,280.74767039976615,0.1752200241930164,,
FLORES4,FLORES4,Thermal,Caribe,GASNACIO,2025,974.3404813753872,6898330.608137742,402782.0269914825,445.0,123193804.02985366,63732900.0,198.92946905417122,0.24994625246918756,,
FLORES4,FLORES4,Thermal,Caribe,GASNACIO,2026,1220.4789884246336,8640991.238046406,504533.07673746627,445.0,123193804.02985366,63732900.0,160.2384777802151,0.3130878324418022,,
FLORES4,FLORES4,Thermal,Caribe,GASNACIO,2027,891.8907546048788,6314586.542602543,368698.18391165807,445.0,123193804.02985366,63732900.0,216.66475358640196,0.22879553501741282,,
FLORES4,FLORES4,Thermal,Caribe,GASNACIO,2028,255.94699860144,1812104.7500981952,105805.77618365012,445.0,123193804.02985366,63732900.0,737.4136434936494,0.06565773911072802,,
FLORES4,FLORES4,Thermal,Caribe,GASNACIO,2029,18.658221910645235,132100.21112736827,7713.111160708486,445.0,123193804.02985366,63732900.0,10025.54290204131,0.004786368557448369,,
FLORES4,FLORES4,Thermal,Caribe,GASNACIO,2030,211.70994429799106,1498906.405629777,87518.64684737996,445.0,123193804.02985366,63732900.0,890.0177601967818,0.05430966710225001,,
FLORES4,FLORES4,Thermal,Caribe,GASNACIO,2031,472.4022017297483,3344607.5882466184,195286.0627317396,445.0,123193804.02985366,63732900.0,402.7739729438234,0.12118470107479046,,
FLORES4,FLORES4,Thermal,Caribe,GASNACIO,2032,1211.5113112042043,8577500.083325766,500825.93403191934,445.0,123193804.02985366,63732900.0,161.37216574466345,0.310787366272691,,
FLORES4,FLORES4,Thermal,Caribe,GASNACIO,2033,1565.251770352161,11081982.5340933,647058.4901948175,445.0,123193804.02985366,63732900.0,126.50277119277597,0.4015319302119339,,
FLORES4,FLORES4,Thermal,Caribe,GASNACIO,2034,2822.285559487528,19981781.7611717,1166702.9340652134,445.0,123193804.02985366,63732900.0,73.31238509706151,0.7239971164864624,,
FLORES4,FLORES4,Thermal,Caribe,GASNACIO,2035,3611.4365668569008,25568970.893346854,1492929.5955110341,445.0,123193804.02985366,63732900.0,58.839653137847954,0.9264369624074957,,
GUAJIRA1,GUAJIRA1,Thermal,Caribe,CARBON,2023,1245.371000683676,10450042.600429818,1176135.4716603677,145.0,17108550.55964629,20766900.0,38.80409382709786,0.9804526851548383,,
GUAJIRA1,GUAJIRA1,Thermal,Caribe,CARBON,2024,1130.3414605593089,9484817.302950121,1067500.9182985367,145.0,17108550.55964629,20766900.0,41.899080512504504,0.8898925055576353,,
GUAJIRA1,GUAJIRA1,Thermal,Caribe,CARBON,2025,1156.528778434993,9704557.916182376,1092232.3705680445,145.0,17108550.55964629,20766900.0,41.14035842688983,0.9105091941702038,,
GUAJIRA1,GUAJIRA1,Thermal,Caribe,CARBON,2026,1192.912194245223,10009855.088637274,1126593.0758446958,145.0,17108550.55964629,20766900.0,40.14151743882664,0.9391530422336818,,
GUAJIRA1,GUAJIRA1,Thermal,Caribe,CARBON,2027,1135.5328058018877,9528378.441686053,1072403.6543362956,145.0,17108550.55964629,20766900.0,41.74589123196385,0.8939795353502501,,
GUAJIRA1,GUAJIRA1,Thermal,Caribe,CARBON,2028,1055.541940143643,8857166.446774475,996859.8248607153,145.0,17108550.55964629,20766900.0,44.273576661540496,0.8310045190864767,,
GUAJIRA1,GUAJIRA1,Thermal,Caribe,CARBON,2029,1010.4001570886786,8478376.86862887,954227.6676354434,145.0,17108550.55964629,20766900.0,45.87670251540439,0.7954654047304979,,
GUAJIRA1,GUAJIRA1,Thermal,Caribe,CARBON,2030,1115.2544133353917,9358220.259885782,1053252.6249040999,145.0,17108550.55964629,20766900.0,42.352372924730524,0.8780148113174236,,
GUAJIRA1,GUAJIRA1,Thermal,Caribe,CARBON,2031,1052.947127199531,8835393.091050573,994409.268725862,145.0,17108550.55964629,20766900.0,44.36200303326842,0.8289616809947495,,
GUAJIRA1,GUAJIRA1,Thermal,Caribe,CARBON,2032,1182.8595203645878,9925502.016144663,1117099.2733315825,145.0,17108550.55964629,20766900.0,40.41135211141343,0.9312387973268678,,
GUAJIRA1,GUAJIRA1,Thermal,Caribe,CARBON,2033,1221.60802053396,10250644.866950093,1153693.5777579888,145.0,17108550.55964629,20766900.0,39.39569372306566,0.9617446233144068,,
GUAJIRA1,GUAJIRA1,Thermal,Caribe,CARBON,2034,1242.110790405185,10422685.823792264,1173056.5104901618,145.0,17108550.55964629,20766900.0,38.88391982142219,0.9778859946505941,,
GUAJIRA1,GUAJIRA1,Thermal,Caribe,CARBON,2035,1270.1999996225832,10658385.412728455,1199584.1197835654,145.0,17108550.55964629,20766900.0,38.20960162714194,0.9999999997028679,,
GUAJIRA2,GUAJIRA2,Thermal,Caribe,CARBON,2023,1034.7774682163322,8682929.519708805,983129.6552227186,130.0,15362100.502517294,18618600.0,41.229763241526996,0.908656013537348,,
GUAJIRA2,GUAJIRA2,Thermal,Caribe,CARBON,2024,884.7418921372697,7423964.792936211,840582.6548169143,130.0,15362100.502517294,18618600.0,46.798581217209374,0.776907176095249,,
GUAJIRA2,GUAJIRA2,Thermal,Caribe,CARBON,2025,951.0525827923725,7980384.961568158,903583.6462800396,130.0,15362100.502517294,18618600.0,44.12067873353972,0.835135741826811,,
GUAJIRA2,GUAJIRA2,Thermal,Caribe,CARBON,2026,1007.3661519327461,8452918.203610968,957086.4925574788,130.0,15362100.502517294,18618600.0,42.12333184385297,0.8845856620413995,,
GUAJIRA2,GUAJIRA2,Thermal,Caribe,CARBON,2027,970.6232214423251,8144604.304637292,922177.4752136957,130.0,15362100.502517294,18618600.0,43.400264774788,0.8523210585197795,,
GUAJIRA2,GUAJIRA2,Thermal,Caribe,CARBON,2028,883.6779854110665,7415037.43666599,839571.8498032293,130.0,15362100.502517294,18618600.0,46.844822008242005,0.7759729411758574,,
GUAJIRA2,GUAJIRA2,Thermal,Caribe,CARBON,2029,770.0973502892645,6461970.0575836785,731660.2513416266,130.0,15362100.502517294,18618600.0,52.516309197674644,0.6762358186593469,,
GUAJIRA2,GUAJIRA2,Thermal,Caribe,CARBON,2030,867.6252884353964,7280337.522218446,824320.3750390089,130.0,15362100.502517294,18618600.0,47.55628792141649,0.7618767899854199,,
GUAJIRA2,GUAJIRA2,Thermal,Caribe,CARBON,2031,906.8626240031683,7609582.243659268,861599.296713922,130.0,15362100.502517294,18618600.0,45.86172331436968,0.7963317737997612,,
GUAJIRA2,GUAJIRA2,Thermal,Caribe,CARBON,2032,1015.9285516140635,8524766.224307252,965221.5257459023,130.0,15362100.502517294,18618600.0,41.83903155324624,0.8921044534721315,,
GUAJIRA2,GUAJIRA2,Thermal,Caribe,CARBON,2033,1074.4333848046383,9015686.599710982,1020806.265702269,130.0,15362100.502517294,18618600.0,40.01773186715174,0.9434785605941677,,
GUAJIRA2,GUAJIRA2,Thermal,Caribe,CARBON,2034,1065.4469378370318,8940280.352426887,1012268.3502757098,130.0,15362100.502517294,18618600.0,40.28448468966296,0.9355874058983417,,
GUAJIRA2,GUAJIRA2,Thermal,Caribe,CARBON,2035,1138.7999996560727,9555793.81826167,1081960.214073239,130.0,15362100.502517294,18618600.0,38.23014957317119,0.9999999996979914,,
GUATAPE,GUATAPE,Hidro,Antioquia,Water,2023,3775.023600526393,5247282.804731686,0.0,560.0,66376802.17128452,24516800.0,25.467624881235242,0.7695335128274609,,
GUATAPE,GUATAPE,Hidro,Antioquia,Water,2024,3775.023600529362,5247282.804735812,0.0,560.0,66376802.17128452,24516800.0,25.467624881216306,0.769533512828066,,
GUATAPE,GUATAPE,Hidro,Antioquia,Water,2025,3775.023600526712,5247282.804732129,0.0,560.0,66376802.17128452,24516800.0,25.46762488123321,0.7695335128275259,,
GUATAPE,GUATAPE,Hidro,Antioquia,Water,2026,3775.0236005264896,5247282.80473182,0.0,560.0,66376802.17128452,24516800.0,25.467624881234624,0.7695335128274806,,
GUATAPE,GUATAPE,Hidro,Antioquia,Water,2027,3775.023600527132,5247282.804732714,0.0,560.0,66376802.17128452,24516800.0,25.467624881230524,0.7695335128276116,,
GUATAPE,GUATAPE,Hidro,Antioquia,Water,2028,3775.023600526005,5247282.804731146,0.0,560.0,66376802.17128452,24516800.0,25.467624881237715,0.7695335128273818,,
GUATAPE,GUATAPE,Hidro,Antioquia,Water,2029,3775.0236005249517,5247282.804729681,0.0,560.0,66376802.17128452,24516800.0,25.467624881244436,0.7695335128271671,,
GUATAPE,GUATAPE,Hidro,Antioquia,Water,2030,3775.0236005254583,5247282.804730387,0.0,560.0,66376802.17128452,24516800.0,25.467624881241203,0.7695335128272703,,
GUATAPE,GUATAPE,Hidro,Antioquia,Water,2031,3775.0236005240354,5247282.804728409,0.0,560.0,66376802.17128452,24516800.0,25.467624881250277,0.7695335128269802,,
GUATAPE,GUATAPE,Hidro,Antioquia,Water,2032,3775.023600526429,5247282.804731736,0.0,560.0,66376802.17128452,24516800.0,25.46762488123501,0.7695335128274683,,
GUATAPE,GUATAPE,Hidro,Antioquia,Water,2033,3775.023600525905,5247282.804731008,0.0,560.0,66376802.17128452,24516800.0,25.467624881238354,0.7695335128273614,,
GUATAPE,GUATAPE,Hidro,Antioquia,Water,2034,3775.023600521794,5247282.804725293,0.0,560.0,66376802.17128452,24516800.0,25.467624881264573,0.7695335128265234,,
GUATAPE,GUATAPE,Hidro,Antioquia,Water,2035,3775.0236005230026,5247282.804726973,0.0,560.0,66376802.17128452,24516800.0,25.467624881256867,0.7695335128267697,,
GUAVIO,GUAVIO,Hidro,Oriental,Water,2023,4628.717379939946,6433917.158116523,0.0,1250.0,148275004.85029727,54725000.0,45.24664282076583,0.4227139159762507,,
GUAVIO,GUAVIO,Hidro,Oriental,Water,2024,4628.717379932501,6433917.158106174,0.0,1250.0,148275004.85029727,54725000.0,45.24664282083637,0.42271391597557084,,
GUAVIO,GUAVIO,Hidro,Oriental,Water,2025,4628.717379948626,6433917.15812859,0.0,1250.0,148275004.85029727,54725000.0,45.24664282068359,0.42271391597704344,,
GUAVIO,GUAVIO,Hidro,Oriental,Water,2026,4628.717379928975,6433917.158101276,0.0,1250.0,148275004.85029727,54725000.0,45.24664282086979,0.4227139159752487,,
GUAVIO,GUAVIO,Hidro,Oriental,Water,2027,4628.717379935637,6433917.158110536,0.0,1250.0,148275004.85029727,54725000.0,45.246642820806656,0.42271391597585717,,
GUAVIO,GUAVIO,Hidro,Oriental,Water,2028,4628.717379955724,6433917.158138456,0.0,1250.0,148275004.85029727,54725000.0,45.24664282061634,0.4227139159776916,,
GUAVIO,GUAVIO,Hidro,Oriental,Water,2029,4628.717379927273,6433917.158098908,0.0,1250.0,148275004.85029727,54725000.0,45.24664282088591,0.4227139159750934,,
GUAVIO,GUAVIO,Hidro,Oriental,Water,2030,4628.717379934563,6433917.158109041,0.0,1250.0,148275004.85029727,54725000.0,45.246642820816845,0.422713915975759,,
GUAVIO,GUAVIO,Hidro,Oriental,Water,2031,4628.717379931674,6433917.158105027,0.0,1250.0,148275004.85029727,54725000.0,45.2466428208442,0.4227139159754953,,
GUAVIO,GUAVIO,Hidro,Oriental,Water,2032,4628.717379946483,6433917.15812561,0.0,1250.0,148275004.85029727,54725000.0,45.246642820703904,0.4227139159768476,,
GUAVIO,GUAVIO,Hidro,Oriental,Water,2033,4628.717379944896,6433917.158123405,0.0,1250.0,148275004.85029727,54725000.0,45.24664282071894,0.4227139159767027,,
GUAVIO,GUAVIO,Hidro,Oriental,Water,2034,4628.717379935545,6433917.158110406,0.0,1250.0,148275004.85029727,54725000.0,45.24664282080754,0.4227139159758488,,
GUAVIO,GUAVIO,Hidro,Oriental,Water,2035,4628.717379958343,6433917.158142097,0.0,1250.0,148275004.85029727,54725000.0,45.24664282059152,0.4227139159779308,,
H_ALBAN,H_ALBAN,Hidro,Surocciden,Water,2023,1489.4117547266178,2070282.3390699986,0.0,427.0,52380091.71343117,18694060.0,49.10961244959884,0.39818307474004083,,
H_ALBAN,H_ALBAN,Hidro,Surocciden,Water,2024,1489.4117547276596,2070282.3390714466,0.0,427.0,52380091.71343117,18694060.0,49.109612449565475,0.39818307474031933,,
H_ALBAN,H_ALBAN,Hidro,Surocciden,Water,2025,1489.4117547270607,2070282.3390706142,0.0,427.0,52380091.71343117,18694060.0,49.10961244958467,0.39818307474015924,,
H_ALBAN,H_ALBAN,Hidro,Surocciden,Water,2026,1489.4117547263836,2070282.3390696729,0.0,427.0,52380091.71343117,18694060.0,49.10961244960636,0.3981830747399782,,
H_ALBAN,H_ALBAN,Hidro,Surocciden,Water,2027,1489.4117547283956,2070282.3390724696,0.0,427.0,52380091.71343117,18694060.0,49.109612449541885,0.3981830747405161,,
H_ALBAN,H_ALBAN,Hidro,Surocciden,Water,2028,1489.4117547260191,2070282.3390691662,0.0,427.0,52380091.71343117,18694060.0,49.109612449618034,0.3981830747398808,,
H_ALBAN,H_ALBAN,Hidro,Surocciden,Water,2029,1489.4117547257727,2070282.3390688237,0.0,427.0,52380091.71343117,18694060.0,49.109612449625935,0.39818307473981485,,
H_ALBAN,H_ALBAN,Hidro,Surocciden,Water,2030,1489.4117547275807,2070282.3390713371,0.0,427.0,52380091.71343117,18694060.0,49.10961244956799,0.3981830747402983,,
H_ALBAN,H_ALBAN,Hidro,Surocciden,Water,2031,1489.41175472932,2070282.3390737544,0.0,427.0,52380091.71343117,18694060.0,49.10961244951228,0.3981830747407632,,
H_ALBAN,H_ALBAN,Hidro,Surocciden,Water,2032,1489.4117547291562,2070282.3390735267,0.0,427.0,52380091.71343117,18694060.0,49.10961244951752,0.3981830747407194,,
H_ALBAN,H_ALBAN,Hidro,Surocciden,Water,2033,1489.4117547295882,2070282.3390741271,0.0,427.0,52380091.71343117,18694060.0,49.10961244950367,0.398183074740835,,
H_ALBAN,H_ALBAN,Hidro,Surocciden,Water,2034,1489.411754727984,2070282.3390718978,0.0,427.0,52380091.71343117,18694060.0,49.10961244955508,0.3981830747404061,,
H_ALBAN,H_ALBAN,Hidro,Surocciden,Water,2035,1489.4117547316355,2070282.339076973,0.0,427.0,52380091.71343117,18694060.0,49.10961244943808,0.3981830747413823,,
H_AguaFresca,H_AguaFresca,Hidro,Antioquia,Water,2023,59.974332965888195,83364.3228225846,0.0,7.29,815532.3266772827,319156.2,20.30956893164053,0.9391474680065922,,
H_AguaFresca,H_AguaFresca,Hidro,Antioquia,Water,2024,59.974332973593405,83364.32283329483,0.0,7.29,815532.3266772827,319156.2,20.309568929209835,0.9391474681272493,,
H_AguaFresca,H_AguaFresca,Hidro,Antioquia,Water,2025,59.97433298116714,83364.32284382232,0.0,7.29,815532.3266772827,319156.2,20.309568926820617,0.9391474682458476,,
H_AguaFresca,H_AguaFresca,Hidro,Antioquia,Water,2026,59.97433298415264,83364.32284797216,0.0,7.29,815532.3266772827,319156.2,20.30956892587881,0.939147468292598,,
H_AguaFresca,H_AguaFresca,Hidro,Antioquia,Water,2027,59.974332991038835,83364.32285754397,0.0,7.29,815532.3266772827,319156.2,20.309568923706482,0.93914746840043,,
H_AguaFresca,H_AguaFresca,Hidro,Antioquia,Water,2028,59.974332984788774,83364.32284885639,0.0,7.29,815532.3266772827,319156.2,20.309568925678136,0.9391474683025594,,
H_AguaFresca,H_AguaFresca,Hidro,Antioquia,Water,2029,59.97433296522889,83364.32282166815,0.0,7.29,815532.3266772827,319156.2,20.309568931848514,0.939147467996268,,
H_AguaFresca,H_AguaFresca,Hidro,Antioquia,Water,2030,59.97433297305358,83364.32283254447,0.0,7.29,815532.3266772827,319156.2,20.309568929380134,0.939147468118796,,
H_AguaFresca,H_AguaFresca,Hidro,Antioquia,Water,2031,59.97433296561768,83364.32282220856,0.0,7.29,815532.3266772827,319156.2,20.309568931725867,0.9391474680023563,,
H_AguaFresca,H_AguaFresca,Hidro,Antioquia,Water,2032,59.97433296775204,83364.32282517533,0.0,7.29,815532.3266772827,319156.2,20.30956893105256,0.9391474680357784,,
H_AguaFresca,H_AguaFresca,Hidro,Antioquia,Water,2033,59.97433296837454,83364.3228260406,0.0,7.29,815532.3266772827,319156.2,20.309568930856187,0.9391474680455263,,
H_AguaFresca,H_AguaFresca,Hidro,Antioquia,Water,2034,59.974332961587606,83364.32281660676,0.0,7.29,815532.3266772827,319156.2,20.3095689329972,0.9391474679392486,,
H_AguaFresca,H_AguaFresca,Hidro,Antioquia,Water,2035,59.97433295978968,83364.32281410764,0.0,7.29,815532.3266772827,319156.2,20.309568933564375,0.9391474679110946,,
H_Alejandria,H_Alejandria,Hidro,Antioquia,Water,2023,94.56387161883181,131443.7815501762,0.0,15.0,1679400.0549356886,656700.0,26.093938353455364,0.7196641675710181,,
H_Alejandria,H_Alejandria,Hidro,Antioquia,Water,2024,94.56387164999686,131443.7815934956,0.0,15.0,1679400.0549356886,656700.0,26.093938345313784,0.7196641678081952,,
H_Alejandria,H_Alejandria,Hidro,Antioquia,Water,2025,94.56387162632709,131443.78156059462,0.0,15.0,1679400.0549356886,656700.0,26.093938351497293,0.71966416762806,,
H_Alejandria,H_Alejandria,Hidro,Antioquia,Water,2026,94.56387164959833,131443.78159294164,0.0,15.0,1679400.0549356886,656700.0,26.0939383454179,0.7196641678051621,,
H_Alejandria,H_Alejandria,Hidro,Antioquia,Water,2027,94.56387163188703,131443.78156832297,0.0,15.0,1679400.0549356886,656700.0,26.09393835004481,0.719664167670373,,
H_Alejandria,H_Alejandria,Hidro,Antioquia,Water,2028,94.56387163313127,131443.78157005247,0.0,15.0,1679400.0549356886,656700.0,26.09393834971976,0.7196641676798421,,
H_Alejandria,H_Alejandria,Hidro,Antioquia,Water,2029,94.5638716375791,131443.78157623493,0.0,15.0,1679400.0549356886,656700.0,26.09393834855781,0.7196641677136916,,
H_Alejandria,H_Alejandria,Hidro,Antioquia,Water,2030,94.56387163293016,131443.78156977292,0.0,15.0,1679400.0549356886,656700.0,26.093938349772305,0.7196641676783115,,
H_Alejandria,H_Alejandria,Hidro,Antioquia,Water,2031,94.56387165034056,131443.78159397337,0.0,15.0,1679400.0549356886,656700.0,26.093938345223997,0.7196641678108108,,
H_Alejandria,H_Alejandria,Hidro,Antioquia,Water,2032,94.56387163371481,131443.7815708636,0.0,15.0,1679400.0549356886,656700.0,26.09393834956732,0.719664167684283,,
H_Alejandria,H_Alejandria,Hidro,Antioquia,Water,2033,94.56387164592424,131443.78158783467,0.0,15.0,1679400.0549356886,656700.0,26.093938346377715,0.7196641677772011,,
H_Alejandria,H_Alejandria,Hidro,Antioquia,Water,2034,94.56387162069765,131443.78155276974,0.0,15.0,1679400.0549356886,656700.0,26.093938352967932,0.7196641675852179,,
H_Alejandria,H_Alejandria,Hidro,Antioquia,Water,2035,94.5638716278687,131443.78156273748,0.0,15.0,1679400.0549356886,656700.0,26.093938351094565,0.7196641676397921,,
H_Amaime,H_Amaime,Hidro,Surocciden,Water,2023,75.891370889901,105489.00553696239,0.0,19.17,2149723.8703206843,839262.6000000001,40.77506361489952,0.4519248045599037,,
H_Amaime,H_Amaime,Hidro,Surocciden,Water,2024,75.89137089083837,105489.00553826534,0.0,19.17,2149723.8703206843,839262.6000000001,40.77506361441306,0.4519248045654856,,
H_Amaime,H_Amaime,Hidro,Surocciden,Water,2025,75.89137089074381,105489.0055381339,0.0,19.17,2149723.8703206843,839262.6000000001,40.77506361446213,0.4519248045649225,,
H_Amaime,H_Amaime,Hidro,Surocciden,Water,2026,75.89137089084198,105489.00553827034,0.0,19.17,2149723.8703206843,839262.6000000001,40.77506361441118,0.45192480456550715,,
H_Amaime,H_Amaime,Hidro,Surocciden,Water,2027,75.8913708904442,105489.00553771743,0.0,19.17,2149723.8703206843,839262.6000000001,40.77506361461762,0.45192480456313827,,
H_Amaime,H_Amaime,Hidro,Surocciden,Water,2028,75.89137091821401,105489.00557631746,0.0,19.17,2149723.8703206843,839262.6000000001,40.775063600206025,0.4519248047285045,,
H_Amaime,H_Amaime,Hidro,Surocciden,Water,2029,75.89137088990103,105489.00553696239,0.0,19.17,2149723.8703206843,839262.6000000001,40.7750636148995,0.4519248045599038,,
H_Amaime,H_Amaime,Hidro,Surocciden,Water,2030,75.89137088990101,105489.00553696239,0.0,19.17,2149723.8703206843,839262.6000000001,40.7750636148995,0.4519248045599038,,
H_Amaime,H_Amaime,Hidro,Surocciden,Water,2031,75.89137088990103,105489.00553696242,0.0,19.17,2149723.8703206843,839262.6000000001,40.7750636148995,0.4519248045599038,,
H_Amaime,H_Amaime,Hidro,Surocciden,Water,2032,75.891370889901,105489.00553696239,0.0,19.17,2149723.8703206843,839262.6000000001,40.77506361489952,0.4519248045599037,,
H_Amaime,H_Amaime,Hidro,Surocciden,Water,2033,75.89137089056362,105489.00553788344,0.0,19.17,2149723.8703206843,839262.6000000001,40.77506361455564,0.4519248045638495,,
H_Amaime,H_Amaime,Hidro,Surocciden,Water,2034,75.89137089054812,105489.0055378619,0.0,19.17,2149723.8703206843,839262.6000000001,40.775063614563685,0.45192480456375717,,
H_Amaime,H_Amaime,Hidro,Surocciden,Water,2035,75.8913711325166,105489.00587419805,0.0,19.17,2149723.8703206843,839262.6000000001,40.7750634889902,0.45192480600465296,,
H_Amalfi,H_Amalfi,Hidro,Antioquia,Water,2023,3.382254122278956,4701.333229967748,0.0,0.81,224750.70735193192,35461.8,78.3246412021227,0.47666922068309303,,
H_Amalfi,H_Amalfi,Hidro,Antioquia,Water,2024,3.382254148808549,4701.3332668438825,0.0,0.81,224750.70735193192,35461.8,78.32464059866577,0.47666922442197246,,
H_Amalfi,H_Amalfi,Hidro,Antioquia,Water,2025,3.3822541380155546,4701.333251841621,0.0,0.81,224750.70735193192,35461.8,78.32464084416925,0.47666922290088976,,
H_Amalfi,H_Amalfi,Hidro,Antioquia,Water,2026,3.382254122332572,4701.333230042275,0.0,0.81,224750.70735193192,35461.8,78.32464120090312,0.47666922069064926,,
H_Amalfi,H_Amalfi,Hidro,Antioquia,Water,2027,3.382254124118263,4701.333232524385,0.0,0.81,224750.70735193192,35461.8,78.32464116028481,0.476669220942311,,
H_Amalfi,H_Amalfi,Hidro,Antioquia,Water,2028,3.3822541285456973,4701.333238678519,0.0,0.81,224750.70735193192,35461.8,78.32464105957591,0.47666922156628,,
H_Amalfi,H_Amalfi,Hidro,Antioquia,Water,2029,3.3822541159186867,4701.333221126974,0.0,0.81,224750.70735193192,35461.8,78.32464134679695,0.476669219786725,,
H_Amalfi,H_Amalfi,Hidro,Antioquia,Water,2030,3.382254144551391,4701.333260926433,0.0,0.81,224750.70735193192,35461.8,78.32464069550146,0.47666922382200094,,
H_Amalfi,H_Amalfi,Hidro,Antioquia,Water,2031,3.382254135104205,4701.333247794844,0.0,0.81,224750.70735193192,35461.8,78.32464091039243,0.47666922249058624,,
H_Amalfi,H_Amalfi,Hidro,Antioquia,Water,2032,3.382254114729105,4701.333219473456,0.0,0.81,224750.70735193192,35461.8,78.32464137385584,0.4766692196190743,,
H_Amalfi,H_Amalfi,Hidro,Antioquia,Water,2033,3.382254122900985,4701.333230832368,0.0,0.81,224750.70735193192,35461.8,78.32464118797368,0.4766692207707571,,
H_Amalfi,H_Amalfi,Hidro,Antioquia,Water,2034,3.382254124521691,4701.33323308515,0.0,0.81,224750.70735193192,35461.8,78.32464115110821,0.4766692209991671,,
H_Amalfi,H_Amalfi,Hidro,Antioquia,Water,2035,3.382254151826754,4701.333271039188,0.0,0.81,224750.70735193192,35461.8,78.32464053001199,0.47666922484733537,,
H_America,H_America,Hidro,Antioquia,Water,2023,0.10935019635167234,151.99677292882456,0.0,0.41,113762.70372134825,17949.8,1205.8917577998513,0.030446095431471303,,
H_America,H_America,Hidro,Antioquia,Water,2024,0.10935018937158969,151.99676322650964,0.0,0.41,113762.70372134825,17949.8,1205.8918346860635,0.030446093488024746,,
H_America,H_America,Hidro,Antioquia,Water,2025,0.10935018058355457,151.99675101114082,0.0,0.41,113762.70372134825,17949.8,1205.8919314870413,0.03044609104119461,,
H_America,H_America,Hidro,Antioquia,Water,2026,0.10935019676833906,151.99677350799126,0.0,0.41,113762.70372134825,17949.8,1205.891753210232,0.03044609554748275,,
H_America,H_America,Hidro,Antioquia,Water,2027,0.10935018064178917,151.99675109208692,0.0,0.41,113762.70372134825,17949.8,1205.891930845582,0.030446091057408718,,
H_America,H_America,Hidro,Antioquia,Water,2028,0.10935018635068791,151.99675902745616,0.0,0.41,113762.70372134825,17949.8,1205.89186796156,0.030446092646922787,,
H_America,H_America,Hidro,Antioquia,Water,2029,0.10935019099220676,151.99676547916738,0.0,0.41,113762.70372134825,17949.8,1205.8918168348257,0.03044609393924901,,
H_America,H_America,Hidro,Antioquia,Water,2030,0.10935018865537506,151.99676223097134,0.0,0.41,113762.70372134825,17949.8,1205.8918425752297,0.030446093288610938,,
H_America,H_America,Hidro,Antioquia,Water,2031,0.10935019515641432,151.99677126741585,0.0,0.41,113762.70372134825,17949.8,1205.8917709657208,0.030446095098678672,,
H_America,H_America,Hidro,Antioquia,Water,2032,0.10935018825098453,151.99676166886846,0.0,0.41,113762.70372134825,17949.8,1205.8918470296267,0.030446093176017517,,
H_America,H_America,Hidro,Antioquia,Water,2033,0.10935018955207541,151.9967634773848,0.0,0.41,113762.70372134825,17949.8,1205.8918326979972,0.030446093538276927,,
H_America,H_America,Hidro,Antioquia,Water,2034,0.10935021396127946,151.99679740617842,0.0,0.41,113762.70372134825,17949.8,1205.8915638285553,0.030446100334469164,,
H_America,H_America,Hidro,Antioquia,Water,2035,0.10935018785655293,151.99676112060854,0.0,0.41,113762.70372134825,17949.8,1205.8918513743254,0.030446093066196934,,
H_Asnazu,H_Asnazu,Hidro,Surocciden,Water,2023,3.786091970946572,5262.667839615735,0.0,0.45,124861.50408440662,19701.0,39.57251252049329,0.9604495106409363,,
H_Asnazu,H_Asnazu,Hidro,Surocciden,Water,2024,3.7860919709465763,5262.66783961574,0.0,0.45,124861.50408440662,19701.0,39.572512520493255,0.9604495106409375,,
H_Asnazu,H_Asnazu,Hidro,Surocciden,Water,2025,3.786091971880727,5262.6678409142105,0.0,0.45,124861.50408440662,19701.0,39.572512511072404,0.9604495108779112,,
H_Asnazu,H_Asnazu,Hidro,Surocciden,Water,2026,3.7860919709465772,5262.667839615742,0.0,0.45,124861.50408440662,19701.0,39.57251252049325,0.9604495106409376,,
H_Asnazu,H_Asnazu,Hidro,Surocciden,Water,2027,3.786091970946578,5262.667839615744,0.0,0.45,124861.50408440662,19701.0,39.57251252049324,0.9604495106409379,,
H_Asnazu,H_Asnazu,Hidro,Surocciden,Water,2028,3.7860919995242566,5262.667879338716,0.0,0.45,124861.50408440662,19701.0,39.57251223228905,0.9604495178904758,,
H_Asnazu,H_Asnazu,Hidro,Surocciden,Water,2029,3.7860919711303485,5262.667839871185,0.0,0.45,124861.50408440662,19701.0,39.572512518639925,0.9604495106875566,,
H_Asnazu,H_Asnazu,Hidro,Surocciden,Water,2030,3.7860919709465772,5262.667839615742,0.0,0.45,124861.50408440662,19701.0,39.57251252049325,0.9604495106409376,,
H_Asnazu,H_Asnazu,Hidro,Surocciden,Water,2031,3.786091970946581,5262.667839615748,0.0,0.45,124861.50408440662,19701.0,39.57251252049321,0.9604495106409385,,
H_Asnazu,H_Asnazu,Hidro,Surocciden,Water,2032,3.7860919709465795,5262.667839615746,0.0,0.45,124861.50408440662,19701.0,39.57251252049323,0.9604495106409382,,
H_Asnazu,H_Asnazu,Hidro,Surocciden,Water,2033,3.7860919709465763,5262.66783961574,0.0,0.45,124861.50408440662,19701.0,39.572512520493255,0.9604495106409375,,
H_Asnazu,H_Asnazu,Hidro,Surocciden,Water,2034,3.786091970946579,5262.667839615745,0.0,0.45,124861.50408440662,19701.0,39.57251252049323,0.9604495106409381,,
H_Asnazu,H_Asnazu,Hidro,Surocciden,Water,2035,3.786091970946579,5262.667839615746,0.0,0.45,124861.50408440662,19701.0,39.57251252049323,0.9604495106409381,,
H_AuresBajo,H_AuresBajo,Hidro,Antioquia,Water,2023,123.17576861003394,171214.31836794715,0.0,19.4,5382918.176083308,849331.9999999999,51.98639770395252,0.7248021031047517,,
H_AuresBajo,H_AuresBajo,Hidro,Antioquia,Water,2024,123.17576861001338,171214.3183679186,0.0,19.4,5382918.176083308,849331.9999999999,51.98639770396097,0.7248021031046307,,
H_AuresBajo,H_AuresBajo,Hidro,Antioquia,Water,2025,123.1757686251305,171214.3183889314,0.0,19.4,5382918.176083308,849331.9999999999,51.986397697751364,0.7248021031935843,,
H_AuresBajo,H_AuresBajo,Hidro,Antioquia,Water,2026,123.17576860452746,171214.31836029317,0.0,19.4,5382918.176083308,849331.9999999999,51.98639770621439,0.7248021030723499,,
H_AuresBajo,H_AuresBajo,Hidro,Antioquia,Water,2027,123.17576861759328,171214.31837845463,0.0,19.4,5382918.176083308,849331.9999999999,51.986397700847405,0.7248021031492331,,
H_AuresBajo,H_AuresBajo,Hidro,Antioquia,Water,2028,123.17576860959872,171214.31836734223,0.0,19.4,5382918.176083308,849331.9999999999,51.98639770413129,0.7248021031021907,,
H_AuresBajo,H_AuresBajo,Hidro,Antioquia,Water,2029,123.17576859545355,171214.31834768044,0.0,19.4,5382918.176083308,849331.9999999999,51.98639770994165,0.7248021030189564,,
H_AuresBajo,H_AuresBajo,Hidro,Antioquia,Water,2030,123.17576860748734,171214.3183644074,0.0,19.4,5382918.176083308,849331.9999999999,51.98639770499857,0.7248021030897669,,
H_AuresBajo,H_AuresBajo,Hidro,Antioquia,Water,2031,123.17576862275824,171214.31838563393,0.0,19.4,5382918.176083308,849331.9999999999,51.9863976987258,0.7248021031796252,,
H_AuresBajo,H_AuresBajo,Hidro,Antioquia,Water,2032,123.17576862402163,171214.31838739006,0.0,19.4,5382918.176083308,849331.9999999999,51.986397698206844,0.7248021031870594,,
H_AuresBajo,H_AuresBajo,Hidro,Antioquia,Water,2033,123.17576863706833,171214.31840552494,0.0,19.4,5382918.176083308,849331.9999999999,51.98639769284771,0.72480210326383,,
H_AuresBajo,H_AuresBajo,Hidro,Antioquia,Water,2034,123.17576862717124,171214.31839176803,0.0,19.4,5382918.176083308,849331.9999999999,51.98639769691311,0.7248021032055926,,
H_AuresBajo,H_AuresBajo,Hidro,Antioquia,Water,2035,123.17576863297829,171214.3183998398,0.0,19.4,5382918.176083308,849331.9999999999,51.98639769452777,0.724802103239763,,
H_AutCemNare,H_AutCemNare,Hidro,Antioquia,Water,2023,52.573360095941844,73076.97053335916,0.0,9.0,2497230.0816881326,394020.0,56.38458426115148,0.6668361250119461,,
H_AutCemNare,H_AutCemNare,Hidro,Antioquia,Water,2024,52.57336010029021,73076.97053940338,0.0,9.0,2497230.0816881326,394020.0,56.384584256602864,0.6668361250671003,,
H_AutCemNare,H_AutCemNare,Hidro,Antioquia,Water,2025,52.573360099593586,73076.97053843508,0.0,9.0,2497230.0816881326,394020.0,56.38458425733156,0.6668361250582645,,
H_AutCemNare,H_AutCemNare,Hidro,Antioquia,Water,2026,52.57336008623439,73076.97051986579,0.0,9.0,2497230.0816881326,394020.0,56.384584271306004,0.6668361248888176,,
H_AutCemNare,H_AutCemNare,Hidro,Antioquia,Water,2027,52.57336009895221,73076.97053754356,0.0,9.0,2497230.0816881326,394020.0,56.38458425800248,0.6668361250501293,,
H_AutCemNare,H_AutCemNare,Hidro,Antioquia,Water,2028,52.57336009007252,73076.9705252008,0.0,9.0,2497230.0816881326,394020.0,56.38458426729111,0.6668361249375001,,
H_AutCemNare,H_AutCemNare,Hidro,Antioquia,Water,2029,52.57336009818045,73076.97053647082,0.0,9.0,2497230.0816881326,394020.0,56.38458425880978,0.6668361250403404,,
H_AutCemNare,H_AutCemNare,Hidro,Antioquia,Water,2030,52.57336009653783,73076.97053418758,0.0,9.0,2497230.0816881326,394020.0,56.384584260528044,0.6668361250195056,,
H_AutCemNare,H_AutCemNare,Hidro,Antioquia,Water,2031,52.573360095583794,73076.97053286145,0.0,9.0,2497230.0816881326,394020.0,56.384584261526015,0.6668361250074047,,
H_AutCemNare,H_AutCemNare,Hidro,Antioquia,Water,2032,52.57336010723499,73076.97054905663,0.0,9.0,2497230.0816881326,394020.0,56.38458424933823,0.6668361251551875,,
H_AutCemNare,H_AutCemNare,Hidro,Antioquia,Water,2033,52.5733600912866,73076.97052688837,0.0,9.0,2497230.0816881326,394020.0,56.384584266021115,0.6668361249528995,,
H_AutCemNare,H_AutCemNare,Hidro,Antioquia,Water,2034,52.5733600992661,73076.97053797988,0.0,9.0,2497230.0816881326,394020.0,56.38458425767414,0.6668361250541106,,
H_AutCemNare,H_AutCemNare,Hidro,Antioquia,Water,2035,52.57336009270845,73076.97052886474,0.0,9.0,2497230.0816881326,394020.0,56.384584264533785,0.666836124970934,,
H_AutGold,H_AutGold,Hidro,Antioquia,Water,2023,1.1774369248070846,1636.6373254818475,0.0,1.0,277470.00907645916,43780.0,274.2284020478158,0.13441060785469,,
H_AutGold,H_AutGold,Hidro,Antioquia,Water,2024,1.177436917019333,1636.637314656873,0.0,1.0,277470.00907645916,43780.0,274.22840385241153,0.13441060696567728,,
H_AutGold,H_AutGold,Hidro,Antioquia,Water,2025,1.1774369104783025,1636.6373055648405,0.0,1.0,277470.00907645916,43780.0,274.22840536811424,0.13441060621898426,,
H_AutGold,H_AutGold,Hidro,Antioquia,Water,2026,1.1774369242789777,1636.637324747779,0.0,1.0,277470.00907645916,43780.0,274.2284021701899,0.13441060779440384,,
H_AutGold,H_AutGold,Hidro,Antioquia,Water,2027,1.1774369152347357,1636.6373121762824,0.0,1.0,277470.00907645916,43780.0,274.2284042659425,0.13441060676195613,,
H_AutGold,H_AutGold,Hidro,Antioquia,Water,2028,1.1774369358623566,1636.6373408486756,0.0,1.0,277470.00907645916,43780.0,274.22839948606264,0.13441060911670735,,
H_AutGold,H_AutGold,Hidro,Antioquia,Water,2029,1.177436911119938,1636.6373064567138,0.0,1.0,277470.00907645916,43780.0,274.22840521943294,0.13441060629223034,,
H_AutGold,H_AutGold,Hidro,Antioquia,Water,2030,1.1774369441428825,1636.6373523586067,0.0,1.0,277470.00907645916,43780.0,274.22839756728007,0.13441061006197286,,
H_AutGold,H_AutGold,Hidro,Antioquia,Water,2031,1.177436931915213,1636.637335362146,0.0,1.0,277470.00907645916,43780.0,274.2284004007039,0.13441060866612017,,
H_AutGold,H_AutGold,Hidro,Antioquia,Water,2032,1.1774369212790687,1636.6373205779055,0.0,1.0,277470.00907645916,43780.0,274.2284028653358,0.13441060745194844,,
H_AutGold,H_AutGold,Hidro,Antioquia,Water,2033,1.177436929118014,1636.6373314740392,0.0,1.0,277470.00907645916,43780.0,274.2284010488773,0.1344106083468052,,
H_AutGold,H_AutGold,Hidro,Antioquia,Water,2034,1.177436919426024,1636.637318002173,0.0,1.0,277470.00907645916,43780.0,274.22840329472757,0.13441060724041365,,
H_AutGold,H_AutGold,Hidro,Antioquia,Water,2035,1.1774369224947696,1636.6373222677298,0.0,1.0,277470.00907645916,43780.0,274.2284025836308,0.1344106075907271,,
H_Ayura,H_Ayura,Hidro,Antioquia,Water,2023,102.67973270176662,142724.82845545557,0.0,16.7,4633749.151576867,731126.0,53.63862794646293,0.7018820762705179,,
H_Ayura,H_Ayura,Hidro,Antioquia,Water,2024,102.67973269513041,142724.82844623126,0.0,16.7,4633749.151576867,731126.0,53.638627949839766,0.7018820762251552,,
H_Ayura,H_Ayura,Hidro,Antioquia,Water,2025,102.67973270067004,142724.82845393132,0.0,16.7,4633749.151576867,731126.0,53.63862794702092,0.7018820762630221,,
H_Ayura,H_Ayura,Hidro,Antioquia,Water,2026,102.67973270085986,142724.82845419517,0.0,16.7,4633749.151576867,731126.0,53.63862794692434,0.7018820762643196,,
H_Ayura,H_Ayura,Hidro,Antioquia,Water,2027,102.67973269927546,142724.8284519929,0.0,16.7,4633749.151576867,731126.0,53.638627947730555,0.7018820762534892,,
H_Ayura,H_Ayura,Hidro,Antioquia,Water,2028,102.67973270199886,142724.8284557784,0.0,16.7,4633749.151576867,731126.0,53.63862794634476,0.7018820762721053,,
H_Ayura,H_Ayura,Hidro,Antioquia,Water,2029,102.67973270403357,142724.82845860661,0.0,16.7,4633749.151576867,731126.0,53.638627945309395,0.701882076286014,,
H_Ayura,H_Ayura,Hidro,Antioquia,Water,2030,102.67973270411365,142724.82845871797,0.0,16.7,4633749.151576867,731126.0,53.638627945268645,0.7018820762865613,,
H_Ayura,H_Ayura,Hidro,Antioquia,Water,2031,102.67973267676376,142724.8284207016,0.0,16.7,4633749.151576867,731126.0,53.638627959185655,0.7018820760996072,,
H_Ayura,H_Ayura,Hidro,Antioquia,Water,2032,102.67973270304223,142724.8284572287,0.0,16.7,4633749.151576867,731126.0,53.63862794581384,0.7018820762792375,,
H_Ayura,H_Ayura,Hidro,Antioquia,Water,2033,102.6797327077316,142724.82846374693,0.0,16.7,4633749.151576867,731126.0,53.63862794342766,0.7018820763112923,,
H_Ayura,H_Ayura,Hidro,Antioquia,Water,2034,102.67973268281003,142724.82842910592,0.0,16.7,4633749.151576867,731126.0,53.638627956109005,0.7018820761409373,,
H_Ayura,H_Ayura,Hidro,Antioquia,Water,2035,102.67973271364775,142724.82847197034,0.0,16.7,4633749.151576867,731126.0,53.638627940417216,0.701882076351733,,
H_Barrancas,H_Barrancas,Hidro,Antioquia,Water,2023,19.969484782994886,27757.58384836289,0.0,4.7,1304109.0426593581,205766.0,76.99911355835779,0.48502586182344504,,
H_Barrancas,H_Barrancas,Hidro,Antioquia,Water,2024,19.969484799397875,27757.583871163042,0.0,4.7,1304109.0426593581,205766.0,76.99911349625226,0.4850258622218466,,
H_Barrancas,H_Barrancas,Hidro,Antioquia,Water,2025,19.969484794946737,27757.583864975964,0.0,4.7,1304109.0426593581,205766.0,76.9991135131053,0.4850258621137359,,
H_Barrancas,H_Barrancas,Hidro,Antioquia,Water,2026,19.969484781385095,27757.583846125282,0.0,4.7,1304109.0426593581,205766.0,76.99911356445283,0.4850258617843459,,
H_Barrancas,H_Barrancas,Hidro,Antioquia,Water,2027,19.96948479943537,27757.583871215164,0.0,4.7,1304109.0426593581,205766.0,76.99911349611028,0.4850258622227573,,
H_Barrancas,H_Barrancas,Hidro,Antioquia,Water,2028,19.96948480035724,27757.583872496558,0.0,4.7,1304109.0426593581,205766.0,76.99911349261987,0.4850258622451481,,
H_Barrancas,H_Barrancas,Hidro,Antioquia,Water,2029,19.96948477535419,27757.58383774232,0.0,4.7,1304109.0426593581,205766.0,76.99911358728723,0.48502586163786515,,
H_Barrancas,H_Barrancas,Hidro,Antioquia,Water,2030,19.96948479421601,27757.583863960255,0.0,4.7,1304109.0426593581,205766.0,76.999113515872,0.4850258620959878,,
H_Barrancas,H_Barrancas,Hidro,Antioquia,Water,2031,19.969484773843245,27757.583835642108,0.0,4.7,1304109.0426593581,205766.0,76.99911359300803,0.4850258616011668,,
H_Barrancas,H_Barrancas,Hidro,Antioquia,Water,2032,19.969484779709035,27757.583843795554,0.0,4.7,1304109.0426593581,205766.0,76.99911357079878,0.4850258617436371,,
H_Barrancas,H_Barrancas,Hidro,Antioquia,Water,2033,19.969484781889392,27757.583846826255,0.0,4.7,1304109.0426593581,205766.0,76.99911356254346,0.48502586179659446,,
H_Barrancas,H_Barrancas,Hidro,Antioquia,Water,2034,19.96948480595374,27757.5838802757,0.0,4.7,1304109.0426593581,205766.0,76.99911347143022,0.48502586238107775,,
H_Barrancas,H_Barrancas,Hidro,Antioquia,Water,2035,19.969484786118848,27757.583852705196,0.0,4.7,1304109.0426593581,205766.0,76.99911354652974,0.4850258618993209,,
H_Barroso,H_Barroso,Hidro,Antioquia,Water,2023,130.2018542165133,180980.5773609535,0.0,19.9,2253078.073701555,871221.9999999999,25.38581858877479,0.746895747094567,,
H_Barroso,H_Barroso,Hidro,Antioquia,Water,2024,130.20185420134774,180980.5773398733,0.0,19.9,2253078.073701555,871221.9999999999,25.385818591569755,0.7468957470075706,,
H_Barroso,H_Barroso,Hidro,Antioquia,Water,2025,130.2018542216152,180980.5773680451,0.0,19.9,2253078.073701555,871221.9999999999,25.38581858783452,0.7468957471238338,,
H_Barroso,H_Barroso,Hidro,Antioquia,Water,2026,130.20185420176279,180980.57734045028,0.0,19.9,2253078.073701555,871221.9999999999,25.385818591493262,0.7468957470099514,,
H_Barroso,H_Barroso,Hidro,Antioquia,Water,2027,130.20185421433865,180980.5773579307,0.0,19.9,2253078.073701555,871221.9999999999,25.385818589175567,0.7468957470820922,,
H_Barroso,H_Barroso,Hidro,Antioquia,Water,2028,130.2018542150049,180980.57735885674,0.0,19.9,2253078.073701555,871221.9999999999,25.385818589052786,0.746895747085914,,
H_Barroso,H_Barroso,Hidro,Antioquia,Water,2029,130.20185424255638,180980.5773971533,0.0,19.9,2253078.073701555,871221.9999999999,25.385818583975123,0.7468957472439616,,
H_Barroso,H_Barroso,Hidro,Antioquia,Water,2030,130.20185421778592,180980.5773627224,0.0,19.9,2253078.073701555,871221.9999999999,25.385818588540246,0.7468957471018672,,
H_Barroso,H_Barroso,Hidro,Antioquia,Water,2031,130.20185420782659,180980.57734887893,0.0,19.9,2253078.073701555,871221.9999999999,25.385818590375724,0.746895747044736,,
H_Barroso,H_Barroso,Hidro,Antioquia,Water,2032,130.20185422458064,180980.57737216708,0.0,19.9,2253078.073701555,871221.9999999999,25.385818587288,0.7468957471408448,,
H_Barroso,H_Barroso,Hidro,Antioquia,Water,2033,130.20185420035614,180980.57733849506,0.0,19.9,2253078.073701555,871221.9999999999,25.385818591752507,0.7468957470018823,,
H_Barroso,H_Barroso,Hidro,Antioquia,Water,2034,130.20185419378709,180980.57732936408,0.0,19.9,2253078.073701555,871221.9999999999,25.38581859296316,0.7468957469641992,,
H_Barroso,H_Barroso,Hidro,Antioquia,Water,2035,130.20185419379865,180980.57732938012,0.0,19.9,2253078.073701555,871221.9999999999,25.38581859296103,0.7468957469642656,,
H_Bayona,H_Bayona,Hidro,Surocciden,Water,2023,3.9527153884427295,5494.274389935394,0.0,0.6,166482.0054458755,26268.0,50.1539474396395,0.752038696431265,,
H_Bayona,H_Bayona,Hidro,Surocciden,Water,2024,3.952715358484867,5494.274348293964,0.0,0.6,166482.0054458755,26268.0,50.15394780922433,0.7520386907315195,,
H_Bayona,H_Bayona,Hidro,Surocciden,Water,2025,3.952715372687339,5494.2743680354015,0.0,0.6,166482.0054458755,26268.0,50.15394763401095,0.7520386934336641,,
H_Bayona,H_Bayona,Hidro,Surocciden,Water,2026,3.9527153584848653,5494.274348293962,0.0,0.6,166482.0054458755,26268.0,50.15394780922435,0.7520386907315191,,
H_Bayona,H_Bayona,Hidro,Surocciden,Water,2027,3.9527153602632223,5494.274350765879,0.0,0.6,166482.0054458755,26268.0,50.15394778728508,0.7520386910698672,,
H_Bayona,H_Bayona,Hidro,Surocciden,Water,2028,3.952715388426168,5494.274389912374,0.0,0.6,166482.0054458755,26268.0,50.153947439843826,0.7520386964281139,,
H_Bayona,H_Bayona,Hidro,Surocciden,Water,2029,3.952715358626465,5494.274348490785,0.0,0.6,166482.0054458755,26268.0,50.15394780747746,0.7520386907584596,,
H_Bayona,H_Bayona,Hidro,Surocciden,Water,2030,3.952715372471488,5494.274367735367,0.0,0.6,166482.0054458755,26268.0,50.15394763667387,0.7520386933925965,,
H_Bayona,H_Bayona,Hidro,Surocciden,Water,2031,3.9527153735249425,5494.274369199669,0.0,0.6,166482.0054458755,26268.0,50.15394762367759,0.7520386935930256,,
H_Bayona,H_Bayona,Hidro,Surocciden,Water,2032,3.9527153584848644,5494.274348293961,0.0,0.6,166482.0054458755,26268.0,50.15394780922436,0.752038690731519,,
H_Bayona,H_Bayona,Hidro,Surocciden,Water,2033,3.952715358484867,5494.274348293964,0.0,0.6,166482.0054458755,26268.0,50.15394780922433,0.7520386907315195,,
H_Bayona,H_Bayona,Hidro,Surocciden,Water,2034,3.952715358484866,5494.274348293964,0.0,0.6,166482.0054458755,26268.0,50.15394780922434,0.7520386907315193,,
H_Bayona,H_Bayona,Hidro,Surocciden,Water,2035,3.952715358484869,5494.274348293968,0.0,0.6,166482.0054458755,26268.0,50.153947809224306,0.7520386907315199,,
H_Bello,H_Bello,Hidro,Antioquia,Water,2023,1.9168540677242212,0.0,0.0,0.35,97114.5031767607,15322.999999999998,58.65730994861376,0.6251970214364713,,
H_Bello,H_Bello,Hidro,Antioquia,Water,2024,1.9168533003786665,0.0,0.0,0.35,97114.5031767607,15322.999999999998,58.65733343002781,0.625196771160687,,
H_Bello,H_Bello,Hidro,Antioquia,Water,2025,1.9168533588038363,0.0,0.0,0.35,97114.5031767607,15322.999999999998,58.657331642168224,0.6251967902165154,,
H_Bello,H_Bello,Hidro,Antioquia,Water,2026,1.9168533160925072,0.0,0.0,0.35,97114.5031767607,15322.999999999998,58.65733294917099,0.6251967762858796,,
H_Bello,H_Bello,Hidro,Antioquia,Water,2027,1.9168532303466916,0.0,0.0,0.35,97114.5031767607,15322.999999999998,58.6573355730656,0.6251967483192078,,
H_Bello,H_Bello,Hidro,Antioquia,Water,2028,1.9168533208333909,0.0,0.0,0.35,97114.5031767607,15322.999999999998,58.657332804095944,0.6251967778321561,,
H_Bello,H_Bello,Hidro,Antioquia,Water,2029,1.9168532886680705,0.0,0.0,0.35,97114.5031767607,15322.999999999998,58.65733378838196,0.625196767341184,,
H_Bello,H_Bello,Hidro,Antioquia,Water,2030,1.9168531274231593,0.0,0.0,0.35,97114.5031767607,15322.999999999998,58.657338722613204,0.6251967147498888,,
H_Bello,H_Bello,Hidro,Antioquia,Water,2031,1.916853337700956,0.0,0.0,0.35,97114.5031767607,15322.999999999998,58.65733228793419,0.625196783333645,,
H_Bello,H_Bello,Hidro,Antioquia,Water,2032,1.9168532237484839,0.0,0.0,0.35,97114.5031767607,15322.999999999998,58.65733577497635,0.6251967461671506,,
H_Bello,H_Bello,Hidro,Antioquia,Water,2033,1.9168533677998392,0.0,0.0,0.35,97114.5031767607,15322.999999999998,58.657331366882936,0.6251967931506324,,
H_Bello,H_Bello,Hidro,Antioquia,Water,2034,1.9168532747822538,0.0,0.0,0.35,97114.5031767607,15322.999999999998,58.65733421329972,0.6251967628122157,,
H_Bello,H_Bello,Hidro,Antioquia,Water,2035,1.9168531927140848,0.0,0.0,0.35,97114.5031767607,15322.999999999998,58.65733672465532,0.6251967360450373,,
H_Belmonte,H_Belmonte,Hidro,Surocciden,Water,2023,18.181276961991827,25271.97497716864,0.0,3.4,943398.030859961,148852.0,61.46553997133,0.6104377169618528,,
H_Belmonte,H_Belmonte,Hidro,Surocciden,Water,2024,18.181276950619477,25271.97496136107,0.0,3.4,943398.030859961,148852.0,61.465540008907126,0.6104377165800253,,
H_Belmonte,H_Belmonte,Hidro,Surocciden,Water,2025,18.18127696545441,25271.974981981628,0.0,3.4,943398.030859961,148852.0,61.46553995988873,0.6104377170781093,,
H_Belmonte,H_Belmonte,Hidro,Surocciden,Water,2026,18.181276965341613,25271.974981824846,0.0,3.4,943398.030859961,148852.0,61.46553996026145,0.6104377170743222,,
H_Belmonte,H_Belmonte,Hidro,Surocciden,Water,2027,18.181276951613,25271.974962742068,0.0,3.4,943398.030859961,148852.0,61.46554000562427,0.6104377166133829,,
H_Belmonte,H_Belmonte,Hidro,Surocciden,Water,2028,18.181276950081298,25271.974960613,0.0,3.4,943398.030859961,148852.0,61.4655400106854,0.6104377165619559,,
H_Belmonte,H_Belmonte,Hidro,Surocciden,Water,2029,18.18127696430613,25271.974980385516,0.0,3.4,943398.030859961,148852.0,61.46553996368296,0.6104377170395556,,
H_Belmonte,H_Belmonte,Hidro,Surocciden,Water,2030,18.181276950165824,25271.97496073049,0.0,3.4,943398.030859961,148852.0,61.4655400104061,0.6104377165647938,,
H_Belmonte,H_Belmonte,Hidro,Surocciden,Water,2031,18.181276974943852,25271.974995171953,0.0,3.4,943398.030859961,148852.0,61.465539928533225,0.610437717396718,,
H_Belmonte,H_Belmonte,Hidro,Surocciden,Water,2032,18.181276950165824,25271.97496073049,0.0,3.4,943398.030859961,148852.0,61.4655400104061,0.6104377165647938,,
H_Belmonte,H_Belmonte,Hidro,Surocciden,Water,2033,18.18127695016582,25271.97496073049,0.0,3.4,943398.030859961,148852.0,61.465540010406116,0.6104377165647936,,
H_Belmonte,H_Belmonte,Hidro,Surocciden,Water,2034,18.181276950165824,25271.97496073049,0.0,3.4,943398.030859961,148852.0,61.4655400104061,0.6104377165647938,,
H_Belmonte,H_Belmonte,Hidro,Surocciden,Water,2035,18.18127695016582,25271.974960730488,0.0,3.4,943398.030859961,148852.0,61.465540010406116,0.6104377165647936,,
H_CampestreC,H_CampestreC,Hidro,Surocciden,Water,2023,5.6948422014809434,7915.830660058509,0.0,0.7,194229.0063535214,30645.999999999996,40.87748681658689,0.9287087738879554,,
H_CampestreC,H_CampestreC,Hidro,Surocciden,Water,2024,5.69484220586882,7915.830666157659,0.0,0.7,194229.0063535214,30645.999999999996,40.87748678616177,0.9287087746035256,,
H_CampestreC,H_CampestreC,Hidro,Surocciden,Water,2025,5.694842191374221,7915.830646010167,0.0,0.7,194229.0063535214,30645.999999999996,40.877486886665935,0.9287087722397619,,
H_CampestreC,H_CampestreC,Hidro,Surocciden,Water,2026,5.69484218905105,7915.830642780958,0.0,0.7,194229.0063535214,30645.999999999996,40.877486902774564,0.9287087718609017,,
H_CampestreC,H_CampestreC,Hidro,Surocciden,Water,2027,5.694842189588791,7915.830643528418,0.0,0.7,194229.0063535214,30645.999999999996,40.87748689904592,0.928708771948596,,
H_CampestreC,H_CampestreC,Hidro,Surocciden,Water,2028,5.69484218934646,7915.830643191577,0.0,0.7,194229.0063535214,30645.999999999996,40.877486900726225,0.9287087719090769,,
H_CampestreC,H_CampestreC,Hidro,Surocciden,Water,2029,5.694842188191341,7915.830641585963,0.0,0.7,194229.0063535214,30645.999999999996,40.87748690873571,0.9287087717207012,,
H_CampestreC,H_CampestreC,Hidro,Surocciden,Water,2030,5.694842174914923,7915.830623131741,0.0,0.7,194229.0063535214,30645.999999999996,40.87748700079311,0.9287087695555972,,
H_CampestreC,H_CampestreC,Hidro,Surocciden,Water,2031,5.694842188950205,7915.830642640785,0.0,0.7,194229.0063535214,30645.999999999996,40.87748690347382,0.928708771844456,,
H_CampestreC,H_CampestreC,Hidro,Surocciden,Water,2032,5.694842174914923,7915.830623131743,0.0,0.7,194229.0063535214,30645.999999999996,40.87748700079311,0.9287087695555972,,
H_CampestreC,H_CampestreC,Hidro,Surocciden,Water,2033,5.694842174914923,7915.830623131742,0.0,0.7,194229.0063535214,30645.999999999996,40.87748700079311,0.9287087695555972,,
H_CampestreC,H_CampestreC,Hidro,Surocciden,Water,2034,5.694842174914926,7915.8306231317465,0.0,0.7,194229.0063535214,30645.999999999996,40.877487000793096,0.9287087695555977,,
H_CampestreC,H_CampestreC,Hidro,Surocciden,Water,2035,5.694842174914924,7915.830623131743,0.0,0.7,194229.0063535214,30645.999999999996,40.8774870007931,0.9287087695555974,,
H_Cantayus,H_Cantayus,Hidro,Antioquia,Water,2023,23.505064728768225,32672.03997298783,0.0,4.32,1198670.4392103036,189129.6,60.43259593515405,0.6211172609284685,,
H_Cantayus,H_Cantayus,Hidro,Antioquia,Water,2024,23.505064738141183,32672.039986016243,0.0,4.32,1198670.4392103036,189129.6,60.43259591161003,0.6211172611761473,,
H_Cantayus,H_Cantayus,Hidro,Antioquia,Water,2025,23.505064736518126,32672.03998376019,0.0,4.32,1198670.4392103036,189129.6,60.432595915687,0.6211172611332583,,
H_Cantayus,H_Cantayus,Hidro,Antioquia,Water,2026,23.505064765726395,32672.040024359685,0.0,4.32,1198670.4392103036,189129.6,60.43259584231848,0.6211172619050817,,
H_Cantayus,H_Cantayus,Hidro,Antioquia,Water,2027,23.505064738637337,32672.039986705902,0.0,4.32,1198670.4392103036,189129.6,60.43259591036373,0.621117261189258,,
H_Cantayus,H_Cantayus,Hidro,Antioquia,Water,2028,23.50506475785138,32672.04001341341,0.0,4.32,1198670.4392103036,189129.6,60.4325958620998,0.6211172616969858,,
H_Cantayus,H_Cantayus,Hidro,Antioquia,Water,2029,23.50506475672725,32672.040011850877,0.0,4.32,1198670.4392103036,189129.6,60.43259586492351,0.6211172616672809,,
H_Cantayus,H_Cantayus,Hidro,Antioquia,Water,2030,23.5050647427828,32672.03999246809,0.0,4.32,1198670.4392103036,189129.6,60.43259589995071,0.6211172612988012,,
H_Cantayus,H_Cantayus,Hidro,Antioquia,Water,2031,23.505064761892605,32672.040019030715,0.0,4.32,1198670.4392103036,189129.6,60.432595851948605,0.6211172618037745,,
H_Cantayus,H_Cantayus,Hidro,Antioquia,Water,2032,23.505064747471174,32672.039998984932,0.0,4.32,1198670.4392103036,189129.6,60.43259588817393,0.6211172614226907,,
H_Cantayus,H_Cantayus,Hidro,Antioquia,Water,2033,23.505064755370093,32672.040009964425,0.0,4.32,1198670.4392103036,189129.6,60.43259586833258,0.6211172616314182,,
H_Cantayus,H_Cantayus,Hidro,Antioquia,Water,2034,23.505064736244346,32672.039983379636,0.0,4.32,1198670.4392103036,189129.6,60.432595916374716,0.6211172611260237,,
H_Cantayus,H_Cantayus,Hidro,Antioquia,Water,2035,23.505064744685185,32672.039995112405,0.0,4.32,1198670.4392103036,189129.6,60.43259589517208,0.6211172613490715,,
H_Caracoli,H_Caracoli,RunOfRiver,Antioquia,Water,2023,20.514696192101038,28515.42770702044,0.0,3.75,1040512.5340367218,164175.0,60.113147676960175,0.6244960789071852,,
H_Caracoli,H_Caracoli,RunOfRiver,Antioquia,Water,2024,20.514696179025588,28515.427688845564,0.0,3.75,1040512.5340367218,164175.0,60.113147714388546,0.6244960785091502,,
H_Caracoli,H_Caracoli,RunOfRiver,Antioquia,Water,2025,20.51469620397608,28515.42772352675,0.0,3.75,1040512.5340367218,164175.0,60.11314764296797,0.6244960792686781,,
H_Caracoli,H_Caracoli,RunOfRiver,Antioquia,Water,2026,20.514696191637178,28515.427706375674,0.0,3.75,1040512.5340367218,164175.0,60.11314767828797,0.6244960788930647,,
H_Caracoli,H_Caracoli,RunOfRiver,Antioquia,Water,2027,20.51469619759191,28515.427714652753,0.0,3.75,1040512.5340367218,164175.0,60.113147661242586,0.6244960790743351,,
H_Caracoli,H_Caracoli,RunOfRiver,Antioquia,Water,2028,20.514696188744054,28515.42770235423,0.0,3.75,1040512.5340367218,164175.0,60.11314768656951,0.6244960788049939,,
H_Caracoli,H_Caracoli,RunOfRiver,Antioquia,Water,2029,20.514696221232978,28515.427747513833,0.0,3.75,1040512.5340367218,164175.0,60.11314759357024,0.6244960797940023,,
H_Caracoli,H_Caracoli,RunOfRiver,Antioquia,Water,2030,20.51469618687076,28515.427699750355,0.0,3.75,1040512.5340367218,164175.0,60.11314769193179,0.6244960787479683,,
H_Caracoli,H_Caracoli,RunOfRiver,Antioquia,Water,2031,20.514696196945284,28515.427713753936,0.0,3.75,1040512.5340367218,164175.0,60.11314766309357,0.6244960790546508,,
H_Caracoli,H_Caracoli,RunOfRiver,Antioquia,Water,2032,20.514696182900554,28515.42769423177,0.0,3.75,1040512.5340367218,164175.0,60.11314770329646,0.6244960786271097,,
H_Caracoli,H_Caracoli,RunOfRiver,Antioquia,Water,2033,20.514696205489106,28515.427725629852,0.0,3.75,1040512.5340367218,164175.0,60.113147638636946,0.6244960793147367,,
H_Caracoli,H_Caracoli,RunOfRiver,Antioquia,Water,2034,20.514696188667344,28515.42770224761,0.0,3.75,1040512.5340367218,164175.0,60.11314768678909,0.6244960788026588,,
H_Caracoli,H_Caracoli,RunOfRiver,Antioquia,Water,2035,20.514696182571768,28515.427693774756,0.0,3.75,1040512.5340367218,164175.0,60.11314770423761,0.624496078617101,,
H_Caruquia,H_Caruquia,Hidro,Antioquia,Water,2023,57.01063912943685,79244.78838991722,0.0,9.5,1091835.0357155579,415910.0,27.836730974062164,0.6850593502696087,,
H_Caruquia,H_Caruquia,Hidro,Antioquia,Water,2024,57.01063911683305,79244.78837239792,0.0,9.5,1091835.0357155579,415910.0,27.836730979908957,0.6850593501181571,,
H_Caruquia,H_Caruquia,Hidro,Antioquia,Water,2025,57.01063910835578,79244.78836061453,0.0,9.5,1091835.0357155579,415910.0,27.836730983841484,0.6850593500162914,,
H_Caruquia,H_Caruquia,Hidro,Antioquia,Water,2026,57.01063911462122,79244.7883693235,0.0,9.5,1091835.0357155579,415910.0,27.836730980935005,0.685059350091579,,
H_Caruquia,H_Caruquia,Hidro,Antioquia,Water,2027,57.010639115052406,79244.78836992283,0.0,9.5,1091835.0357155579,415910.0,27.836730980734977,0.6850593500967603,,
H_Caruquia,H_Caruquia,Hidro,Antioquia,Water,2028,57.01063911447714,79244.7883691232,0.0,9.5,1091835.0357155579,415910.0,27.836730981001843,0.6850593500898476,,
H_Caruquia,H_Caruquia,Hidro,Antioquia,Water,2029,57.01063911611608,79244.78837140134,0.0,9.5,1091835.0357155579,415910.0,27.836730980241548,0.6850593501095418,,
H_Caruquia,H_Caruquia,Hidro,Antioquia,Water,2030,57.01063910927021,79244.78836188558,0.0,9.5,1091835.0357155579,415910.0,27.836730983417286,0.6850593500272795,,
H_Caruquia,H_Caruquia,Hidro,Antioquia,Water,2031,57.010639140329054,79244.78840505736,0.0,9.5,1091835.0357155579,415910.0,27.836730969009363,0.6850593504004931,,
H_Caruquia,H_Caruquia,Hidro,Antioquia,Water,2032,57.01063911317938,79244.78836731933,0.0,9.5,1091835.0357155579,415910.0,27.83673098160386,0.6850593500742533,,
H_Caruquia,H_Caruquia,Hidro,Antioquia,Water,2033,57.01063911265365,79244.78836658856,0.0,9.5,1091835.0357155579,415910.0,27.83673098184774,0.685059350067936,,
H_Caruquia,H_Caruquia,Hidro,Antioquia,Water,2034,57.010639128849306,79244.78838910053,0.0,9.5,1091835.0357155579,415910.0,27.83673097433472,0.6850593502625486,,
H_Caruquia,H_Caruquia,Hidro,Antioquia,Water,2035,57.01063913846709,79244.78840246925,0.0,9.5,1091835.0357155579,415910.0,27.83673096987311,0.6850593503781193,,
H_Cascada,H_Cascada,Hidro,Nordeste,Water,2023,16.285515589422094,22636.86666929671,0.0,3.0,832410.0272293775,131340.0,60.56835526529849,0.6196923740267157,,
H_Cascada,H_Cascada,Hidro,Nordeste,Water,2024,16.285515752538988,22636.866896029194,0.0,3.0,832410.0272293775,131340.0,60.568354672563835,0.6196923802335991,,
H_Cascada,H_Cascada,Hidro,Nordeste,Water,2025,16.285515809245652,22636.866974851448,0.0,3.0,832410.0272293775,131340.0,60.568354466502996,0.6196923823913869,,
H_Cascada,H_Cascada,Hidro,Nordeste,Water,2026,16.285515645690335,22636.866747509564,0.0,3.0,832410.0272293775,131340.0,60.568355060830775,0.6196923761678209,,
H_Cascada,H_Cascada,Hidro,Nordeste,Water,2027,16.285515696250652,22636.866817788403,0.0,3.0,832410.0272293775,131340.0,60.56835487710456,0.6196923780917294,,
H_Cascada,H_Cascada,Hidro,Nordeste,Water,2028,16.28551557888699,22636.866654652913,0.0,3.0,832410.0272293775,131340.0,60.56835530358097,0.6196923736258366,,
H_Cascada,H_Cascada,Hidro,Nordeste,Water,2029,16.285515752242766,22636.866895617444,0.0,3.0,832410.0272293775,131340.0,60.56835467364025,0.6196923802223273,,
H_Cascada,H_Cascada,Hidro,Nordeste,Water,2030,16.285515455310534,22636.86648288164,0.0,3.0,832410.0272293775,131340.0,60.56835575263347,0.6196923689235362,,
H_Cascada,H_Cascada,Hidro,Nordeste,Water,2031,16.28551564389462,22636.866745013518,0.0,3.0,832410.0272293775,131340.0,60.56835506735606,0.6196923760994907,,
H_Cascada,H_Cascada,Hidro,Nordeste,Water,2032,16.28551560453003,22636.866690296745,0.0,3.0,832410.0272293775,131340.0,60.568355210399226,0.6196923746015992,,
H_Cascada,H_Cascada,Hidro,Nordeste,Water,2033,16.285515638760607,22636.86673787724,0.0,3.0,832410.0272293775,131340.0,60.56835508601205,0.6196923759041325,,
H_Cascada,H_Cascada,Hidro,Nordeste,Water,2034,16.285515606617203,22636.86669319791,0.0,3.0,832410.0272293775,131340.0,60.56835520281485,0.6196923746810198,,
H_Cascada,H_Cascada,Hidro,Nordeste,Water,2035,16.285515720824787,22636.86685194645,0.0,3.0,832410.0272293775,131340.0,60.56835478780699,0.6196923790268183,,
H_CascadaAbe,H_CascadaAbe,Hidro,Antioquia,Water,2023,18.39019578601911,25562.372142566557,0.0,3.0,832410.0272293775,131340.0,53.79564257407499,0.699779139498444,,
H_CascadaAbe,H_CascadaAbe,Hidro,Antioquia,Water,2024,18.39019578006215,25562.372134286386,0.0,3.0,832410.0272293775,131340.0,53.79564259105025,0.699779139271771,,
H_CascadaAbe,H_CascadaAbe,Hidro,Antioquia,Water,2025,18.39019577373396,25562.3721254902,0.0,3.0,832410.0272293775,131340.0,53.79564260908338,0.6997791390309726,,
H_CascadaAbe,H_CascadaAbe,Hidro,Antioquia,Water,2026,18.3901957797721,25562.37213388322,0.0,3.0,832410.0272293775,131340.0,53.795642591876785,0.6997791392607343,,
H_CascadaAbe,H_CascadaAbe,Hidro,Antioquia,Water,2027,18.39019577933625,25562.372133277386,0.0,3.0,832410.0272293775,131340.0,53.795642593118814,0.6997791392441494,,
H_CascadaAbe,H_CascadaAbe,Hidro,Antioquia,Water,2028,18.390195785996458,25562.372142535074,0.0,3.0,832410.0272293775,131340.0,53.79564257413954,0.6997791394975819,,
H_CascadaAbe,H_CascadaAbe,Hidro,Antioquia,Water,2029,18.390195772124013,25562.372123252382,0.0,3.0,832410.0272293775,131340.0,53.79564261367116,0.6997791389697112,,
H_CascadaAbe,H_CascadaAbe,Hidro,Antioquia,Water,2030,18.390195769975318,25562.37212026569,0.0,3.0,832410.0272293775,131340.0,53.7956426197942,0.6997791388879495,,
H_CascadaAbe,H_CascadaAbe,Hidro,Antioquia,Water,2031,18.390195784113217,25562.372139917366,0.0,3.0,832410.0272293775,131340.0,53.795642579506115,0.6997791394259214,,
H_CascadaAbe,H_CascadaAbe,Hidro,Antioquia,Water,2032,18.390195788183764,25562.372145575428,0.0,3.0,832410.0272293775,131340.0,53.79564256790649,0.6997791395808127,,
H_CascadaAbe,H_CascadaAbe,Hidro,Antioquia,Water,2033,18.39019577883523,25562.37213258097,0.0,3.0,832410.0272293775,131340.0,53.79564259454654,0.6997791392250847,,
H_CascadaAbe,H_CascadaAbe,Hidro,Antioquia,Water,2034,18.39019578734041,25562.37214440317,0.0,3.0,832410.0272293775,131340.0,53.795642570309745,0.6997791395487217,,
H_CascadaAbe,H_CascadaAbe,Hidro,Antioquia,Water,2035,18.390195788580648,25562.372146127098,0.0,3.0,832410.0272293775,131340.0,53.7956425667755,0.6997791395959149,,
H_CascadaAnt,H_CascadaAnt,Hidro,Antioquia,Water,2023,15.74444653552908,21884.78068438542,0.0,2.3,638181.020875856,100693.99999999999,48.31924703377175,0.7814396731948123,,
H_CascadaAnt,H_CascadaAnt,Hidro,Antioquia,Water,2024,15.744446514255092,21884.780654814575,0.0,2.3,638181.020875856,100693.99999999999,48.319247097182824,0.7814396721389265,,
H_CascadaAnt,H_CascadaAnt,Hidro,Antioquia,Water,2025,15.744446521109996,21884.780664342892,0.0,2.3,638181.020875856,100693.99999999999,48.319247076750514,0.781439672479154,,
H_CascadaAnt,H_CascadaAnt,Hidro,Antioquia,Water,2026,15.744446520073886,21884.7806629027,0.0,2.3,638181.020875856,100693.99999999999,48.31924707983883,0.781439672427729,,
H_CascadaAnt,H_CascadaAnt,Hidro,Antioquia,Water,2027,15.744446517007855,21884.780658640913,0.0,2.3,638181.020875856,100693.99999999999,48.319247088977704,0.7814396722755536,,
H_CascadaAnt,H_CascadaAnt,Hidro,Antioquia,Water,2028,15.744446529997115,21884.78067669599,0.0,2.3,638181.020875856,100693.99999999999,48.319247050260806,0.7814396729202457,,
H_CascadaAnt,H_CascadaAnt,Hidro,Antioquia,Water,2029,15.744446512269189,21884.78065205417,0.0,2.3,638181.020875856,100693.99999999999,48.31924710310218,0.7814396720403607,,
H_CascadaAnt,H_CascadaAnt,Hidro,Antioquia,Water,2030,15.74444651800747,21884.78066003038,0.0,2.3,638181.020875856,100693.99999999999,48.31924708599817,0.7814396723251671,,
H_CascadaAnt,H_CascadaAnt,Hidro,Antioquia,Water,2031,15.744446511154418,21884.78065050464,0.0,2.3,638181.020875856,100693.99999999999,48.31924710642496,0.7814396719850315,,
H_CascadaAnt,H_CascadaAnt,Hidro,Antioquia,Water,2032,15.744446532018763,21884.780679506075,0.0,2.3,638181.020875856,100693.99999999999,48.3192470442349,0.7814396730205857,,
H_CascadaAnt,H_CascadaAnt,Hidro,Antioquia,Water,2033,15.744446513163552,21884.780653297334,0.0,2.3,638181.020875856,100693.99999999999,48.319247100436364,0.7814396720847503,,
H_CascadaAnt,H_CascadaAnt,Hidro,Antioquia,Water,2034,15.744446509285435,21884.78064790675,0.0,2.3,638181.020875856,100693.99999999999,48.31924711199581,0.7814396718922688,,
H_CascadaAnt,H_CascadaAnt,Hidro,Antioquia,Water,2035,15.744446513087535,21884.780653191676,0.0,2.3,638181.020875856,100693.99999999999,48.319247100662956,0.7814396720809774,,
H_CascadaGra,H_CascadaGra,Hidro,Antioquia,Water,2023,2.0828193134887028,2895.1188457492963,0.0,2.09,579912.3189697996,91500.2,323.7475442294079,0.11376304393003772,,
H_CascadaGra,H_CascadaGra,Hidro,Antioquia,Water,2024,2.0828193069070062,2895.118836600738,0.0,2.09,579912.3189697996,91500.2,323.7475452480558,0.11376304357054717,,
H_CascadaGra,H_CascadaGra,Hidro,Antioquia,Water,2025,2.08281930690701,2895.1188366007427,0.0,2.09,579912.3189697996,91500.2,323.7475452480553,0.11376304357054737,,
H_CascadaGra,H_CascadaGra,Hidro,Antioquia,Water,2026,2.082819313547935,2895.118845831629,0.0,2.09,579912.3189697996,91500.2,323.7475442202405,0.11376304393327297,,
H_CascadaGra,H_CascadaGra,Hidro,Antioquia,Water,2027,2.082819313467378,2895.118845719655,0.0,2.09,579912.3189697996,91500.2,323.7475442327083,0.11376304392887296,,
H_CascadaGra,H_CascadaGra,Hidro,Antioquia,Water,2028,2.0828193056222117,2895.1188348148735,0.0,2.09,579912.3189697996,91500.2,323.74754544690325,0.11376304350037203,,
H_CascadaGra,H_CascadaGra,Hidro,Antioquia,Water,2029,2.0828193174655807,2895.118851277157,0.0,2.09,579912.3189697996,91500.2,323.7475436139073,0.11376304414725374,,
H_CascadaGra,H_CascadaGra,Hidro,Antioquia,Water,2030,2.08281930690701,2895.1188366007427,0.0,2.09,579912.3189697996,91500.2,323.7475452480553,0.11376304357054737,,
H_CascadaGra,H_CascadaGra,Hidro,Antioquia,Water,2031,2.0828193059653337,2895.1188352918143,0.0,2.09,579912.3189697996,91500.2,323.7475453937983,0.11376304351911326,,
H_CascadaGra,H_CascadaGra,Hidro,Antioquia,Water,2032,2.0828193069070124,2895.1188366007473,0.0,2.09,579912.3189697996,91500.2,323.74754524805485,0.11376304357054753,,
H_CascadaGra,H_CascadaGra,Hidro,Antioquia,Water,2033,2.0828193058798226,2895.1188351729525,0.0,2.09,579912.3189697996,91500.2,323.7475454070329,0.11376304351444268,,
H_CascadaGra,H_CascadaGra,Hidro,Antioquia,Water,2034,2.082819306907009,2895.118836600742,0.0,2.09,579912.3189697996,91500.2,323.7475452480554,0.11376304357054733,,
H_CascadaGra,H_CascadaGra,Hidro,Antioquia,Water,2035,2.0828193061911873,2895.11883560575,0.0,2.09,579912.3189697996,91500.2,323.74754535884296,0.11376304353144935,,
H_Cauya,H_Cauya,Hidro,Surocciden,Water,2023,3.69778590932701,5139.922413964543,0.0,1.51,418979.7137054533,66107.8,132.5732338594579,0.27955078089199925,,
H_Cauya,H_Cauya,Hidro,Surocciden,Water,2024,3.697785880495803,5139.922373889165,0.0,1.51,418979.7137054533,66107.8,132.57323488227834,0.2795507787123743,,
H_Cauya,H_Cauya,Hidro,Surocciden,Water,2025,3.6977858800879835,5139.922373322297,0.0,1.51,418979.7137054533,66107.8,132.5732348967462,0.2795507786815433,,
H_Cauya,H_Cauya,Hidro,Surocciden,Water,2026,3.6977858800443606,5139.92237326166,0.0,1.51,418979.7137054533,66107.8,132.57323489829378,0.27955077867824546,,
H_Cauya,H_Cauya,Hidro,Surocciden,Water,2027,3.697785880997124,5139.922374586002,0.0,1.51,418979.7137054533,66107.8,132.57323486449337,0.2795507787502739,,
H_Cauya,H_Cauya,Hidro,Surocciden,Water,2028,3.6977858944291038,5139.922393256455,0.0,1.51,418979.7137054533,66107.8,132.57323438797835,0.2795507797657249,,
H_Cauya,H_Cauya,Hidro,Surocciden,Water,2029,3.697785880044357,5139.922373261656,0.0,1.51,418979.7137054533,66107.8,132.5732348982939,0.2795507786782452,,
H_Cauya,H_Cauya,Hidro,Surocciden,Water,2030,3.697785880044356,5139.922373261654,0.0,1.51,418979.7137054533,66107.8,132.57323489829395,0.2795507786782451,,
H_Cauya,H_Cauya,Hidro,Surocciden,Water,2031,3.6977858800443557,5139.922373261654,0.0,1.51,418979.7137054533,66107.8,132.57323489829395,0.2795507786782451,,
H_Cauya,H_Cauya,Hidro,Surocciden,Water,2032,3.6977858830902166,5139.922377495401,0.0,1.51,418979.7137054533,66107.8,132.5732347902385,0.27955077890851066,,
H_Cauya,H_Cauya,Hidro,Surocciden,Water,2033,3.697785893366058,5139.922391778821,0.0,1.51,418979.7137054533,66107.8,132.57323442569114,0.27955077968535924,,
H_Cauya,H_Cauya,Hidro,Surocciden,Water,2034,3.6977858800443544,5139.922373261652,0.0,1.51,418979.7137054533,66107.8,132.57323489829398,0.279550778678245,,
H_Cauya,H_Cauya,Hidro,Surocciden,Water,2035,3.6977858800443553,5139.922373261654,0.0,1.51,418979.7137054533,66107.8,132.57323489829398,0.27955077867824507,,
H_Chorrera,H_Chorrera,Hidro,Antioquia,Water,2023,58.79945857109794,81731.24741382612,0.0,15.0,4162050.136146887,656700.0,83.3422875422441,0.4474844640113997,,
H_Chorrera,H_Chorrera,Hidro,Antioquia,Water,2024,58.7994585617312,81731.24740080634,0.0,15.0,4162050.136146887,656700.0,83.34228755529908,0.4474844639401156,,
H_Chorrera,H_Chorrera,Hidro,Antioquia,Water,2025,58.79945855938461,81731.24739754459,0.0,15.0,4162050.136146887,656700.0,83.34228755856965,0.4474844639222572,,
H_Chorrera,H_Chorrera,Hidro,Antioquia,Water,2026,58.79945855309249,81731.24738879854,0.0,15.0,4162050.136146887,656700.0,83.34228756733935,0.44748446387437196,,
H_Chorrera,H_Chorrera,Hidro,Antioquia,Water,2027,58.79945855418771,81731.2473903209,0.0,15.0,4162050.136146887,656700.0,83.34228756581287,0.44748446388270696,,
H_Chorrera,H_Chorrera,Hidro,Antioquia,Water,2028,58.79945854091838,81731.24737187654,0.0,15.0,4162050.136146887,656700.0,83.34228758430713,0.44748446378172274,,
H_Chorrera,H_Chorrera,Hidro,Antioquia,Water,2029,58.7994585428889,81731.24737461554,0.0,15.0,4162050.136146887,656700.0,83.34228758156071,0.4474844637967191,,
H_Chorrera,H_Chorrera,Hidro,Antioquia,Water,2030,58.79945855311236,81731.24738882617,0.0,15.0,4162050.136146887,656700.0,83.34228756731166,0.4474844638745232,,
H_Chorrera,H_Chorrera,Hidro,Antioquia,Water,2031,58.79945854817973,81731.2473819698,0.0,15.0,4162050.136146887,656700.0,83.34228757418656,0.44748446383698415,,
H_Chorrera,H_Chorrera,Hidro,Antioquia,Water,2032,58.799458559938145,81731.24739831401,0.0,15.0,4162050.136146887,656700.0,83.34228755779816,0.44748446392646984,,
H_Chorrera,H_Chorrera,Hidro,Antioquia,Water,2033,58.7994585562554,81731.247393195,0.0,15.0,4162050.136146887,656700.0,83.342287562931,0.4474844638984429,,
H_Chorrera,H_Chorrera,Hidro,Antioquia,Water,2034,58.799458538025554,81731.24736785551,0.0,15.0,4162050.136146887,656700.0,83.34228758833903,0.4474844637597073,,
H_Chorrera,H_Chorrera,Hidro,Antioquia,Water,2035,58.79945854214885,81731.24737358687,0.0,15.0,4162050.136146887,656700.0,83.34228758259215,0.447484463791087,,
H_Coconuco,H_Coconuco,Hidro,Surocciden,Water,2023,23.748255938553825,33010.075754589816,0.0,4.5,1248615.0408440663,197010.0,62.26289292251493,0.602441804630995,,
H_Coconuco,H_Coconuco,Hidro,Surocciden,Water,2024,23.748255967286532,33010.075794528275,0.0,4.5,1248615.0408440663,197010.0,62.262892848865604,0.6024418053598815,,
H_Coconuco,H_Coconuco,Hidro,Surocciden,Water,2025,23.748255938030077,33010.075753861805,0.0,4.5,1248615.0408440663,197010.0,62.26289292385743,0.6024418046177086,,
H_Coconuco,H_Coconuco,Hidro,Surocciden,Water,2026,23.74825593878368,33010.07575490931,0.0,4.5,1248615.0408440663,197010.0,62.26289292192576,0.6024418046368258,,
H_Coconuco,H_Coconuco,Hidro,Surocciden,Water,2027,23.74825595352534,33010.075775400226,0.0,4.5,1248615.0408440663,197010.0,62.26289288413908,0.6024418050107898,,
H_Coconuco,H_Coconuco,Hidro,Surocciden,Water,2028,23.748255938030077,33010.075753861805,0.0,4.5,1248615.0408440663,197010.0,62.26289292385743,0.6024418046177086,,
H_Coconuco,H_Coconuco,Hidro,Surocciden,Water,2029,23.748255938030084,33010.07575386182,0.0,4.5,1248615.0408440663,197010.0,62.262892923857414,0.6024418046177087,,
H_Coconuco,H_Coconuco,Hidro,Surocciden,Water,2030,23.74825593757585,33010.07575323043,0.0,4.5,1248615.0408440663,197010.0,62.26289292502173,0.6024418046061858,,
H_Coconuco,H_Coconuco,Hidro,Surocciden,Water,2031,23.74825593803008,33010.07575386181,0.0,4.5,1248615.0408440663,197010.0,62.26289292385742,0.6024418046177087,,
H_Coconuco,H_Coconuco,Hidro,Surocciden,Water,2032,23.74825593803008,33010.075753861805,0.0,4.5,1248615.0408440663,197010.0,62.26289292385742,0.6024418046177087,,
H_Coconuco,H_Coconuco,Hidro,Surocciden,Water,2033,23.748255964309276,33010.07579038989,0.0,4.5,1248615.0408440663,197010.0,62.26289285649708,0.602441805284355,,
H_Coconuco,H_Coconuco,Hidro,Surocciden,Water,2034,23.748255938030084,33010.07575386181,0.0,4.5,1248615.0408440663,197010.0,62.262892923857414,0.6024418046177087,,
H_Coconuco,H_Coconuco,Hidro,Surocciden,Water,2035,23.74825593803008,33010.07575386181,0.0,4.5,1248615.0408440663,197010.0,62.26289292385742,0.6024418046177087,,
H_Cocuyo,H_Cocuyo,Hidro,Surocciden,Water,2023,3.3987621848486427,4724.279436939613,0.0,0.7,194229.0063535214,30645.999999999996,67.55379555945183,0.5542665011168693,,
H_Cocuyo,H_Cocuyo,Hidro,Surocciden,Water,2024,3.398762199948532,4724.279457928458,0.0,0.7,194229.0063535214,30645.999999999996,67.55379526550188,0.554266503579343,,
H_Cocuyo,H_Cocuyo,Hidro,Surocciden,Water,2025,3.398762198690229,4724.279456179418,0.0,0.7,194229.0063535214,30645.999999999996,67.55379528999728,0.5542665033741403,,
H_Cocuyo,H_Cocuyo,Hidro,Surocciden,Water,2026,3.398762232411323,4724.279503051739,0.0,0.7,194229.0063535214,30645.999999999996,67.55379463354785,0.5542665088733403,,
H_Cocuyo,H_Cocuyo,Hidro,Surocciden,Water,2027,3.39876224350264,4724.279518468667,0.0,0.7,194229.0063535214,30645.999999999996,67.55379441763289,0.5542665106821004,,
H_Cocuyo,H_Cocuyo,Hidro,Surocciden,Water,2028,3.398762212119193,4724.279474845678,0.0,0.7,194229.0063535214,30645.999999999996,67.55379502857528,0.5542665055641214,,
H_Cocuyo,H_Cocuyo,Hidro,Surocciden,Water,2029,3.398762212629834,4724.279475555469,0.0,0.7,194229.0063535214,30645.999999999996,67.55379501863463,0.5542665056473961,,
H_Cocuyo,H_Cocuyo,Hidro,Surocciden,Water,2030,3.398762224089258,4724.279491484068,0.0,0.7,194229.0063535214,30645.999999999996,67.55379479555371,0.5542665075161868,,
H_Cocuyo,H_Cocuyo,Hidro,Surocciden,Water,2031,3.3987621977828506,4724.279454918162,0.0,0.7,194229.0063535214,30645.999999999996,67.55379530766125,0.5542665032261661,,
H_Cocuyo,H_Cocuyo,Hidro,Surocciden,Water,2032,3.3987622117858196,4724.279474382289,0.0,0.7,194229.0063535214,30645.999999999996,67.55379503506508,0.5542665055097552,,
H_Cocuyo,H_Cocuyo,Hidro,Surocciden,Water,2033,3.398762184684965,4724.279436712101,0.0,0.7,194229.0063535214,30645.999999999996,67.55379556263814,0.5542665010901768,,
H_Cocuyo,H_Cocuyo,Hidro,Surocciden,Water,2034,3.3987621987588845,4724.2794562748495,0.0,0.7,194229.0063535214,30645.999999999996,67.55379528866077,0.5542665033853367,,
H_Cocuyo,H_Cocuyo,Hidro,Surocciden,Water,2035,3.3987621842777873,4724.279436146124,0.0,0.7,194229.0063535214,30645.999999999996,67.55379557056467,0.5542665010237747,,
H_Coello,H_Coello,Hidro,Surocciden,Water,2023,7.881113529371429,10954.747805826286,0.0,1.2,332964.010891751,52536.0,50.30440904322275,0.7497254118504022,,
H_Coello,H_Coello,Hidro,Surocciden,Water,2024,7.881113528604366,10954.747804760067,0.0,1.2,332964.010891751,52536.0,50.304409047983555,0.7497254117774319,,
H_Coello,H_Coello,Hidro,Surocciden,Water,2025,7.88111352860437,10954.747804760073,0.0,1.2,332964.010891751,52536.0,50.304409047983526,0.7497254117774323,,
H_Coello,H_Coello,Hidro,Surocciden,Water,2026,7.881113544440193,10954.747826771869,0.0,1.2,332964.010891751,52536.0,50.30440894969793,0.7497254132838843,,
H_Coello,H_Coello,Hidro,Surocciden,Water,2027,7.8811135454263255,10954.74782814259,0.0,1.2,332964.010891751,52536.0,50.304408943577464,0.7497254133776945,,
H_Coello,H_Coello,Hidro,Surocciden,Water,2028,7.881113528531107,10954.747804658236,0.0,1.2,332964.010891751,52536.0,50.30440904843824,0.7497254117704628,,
H_Coello,H_Coello,Hidro,Surocciden,Water,2029,7.8811135286043665,10954.747804760067,0.0,1.2,332964.010891751,52536.0,50.30440904798355,0.749725411777432,,
H_Coello,H_Coello,Hidro,Surocciden,Water,2030,7.881113528604369,10954.747804760073,0.0,1.2,332964.010891751,52536.0,50.30440904798353,0.7497254117774322,,
H_Coello,H_Coello,Hidro,Surocciden,Water,2031,7.881113528604367,10954.74780476007,0.0,1.2,332964.010891751,52536.0,50.30440904798354,0.749725411777432,,
H_Coello,H_Coello,Hidro,Surocciden,Water,2032,7.881113528604369,10954.74780476007,0.0,1.2,332964.010891751,52536.0,50.30440904798353,0.7497254117774322,,
H_Coello,H_Coello,Hidro,Surocciden,Water,2033,7.88111354397175,10954.747826120732,0.0,1.2,332964.010891751,52536.0,50.30440895260534,0.7497254132393215,,
H_Coello,H_Coello,Hidro,Surocciden,Water,2034,7.881113528604367,10954.747804760067,0.0,1.2,332964.010891751,52536.0,50.30440904798354,0.749725411777432,,
H_Coello,H_Coello,Hidro,Surocciden,Water,2035,7.881113528604369,10954.747804760073,0.0,1.2,332964.010891751,52536.0,50.30440904798353,0.7497254117774322,,
H_Currucucue,H_Currucucue,Hidro,Surocciden,Water,2023,3.7268534169698064,5180.32624958803,0.0,1.25,346837.51134557393,54725.0,109.13840499953778,0.34035191022555306,,
H_Currucucue,H_Currucucue,Hidro,Surocciden,Water,2024,3.7268534161985065,5180.326248515924,0.0,1.25,346837.51134557393,54725.0,109.1384050218371,0.3403519101551147,,
H_Currucucue,H_Currucucue,Hidro,Surocciden,Water,2025,3.72685343972707,5180.326281220627,0.0,1.25,346837.51134557393,54725.0,109.13840434159432,0.340351912303842,,
H_Currucucue,H_Currucucue,Hidro,Surocciden,Water,2026,3.7268534453281412,5180.326289006116,0.0,1.25,346837.51134557393,54725.0,109.13840417965972,0.34035191281535526,,
H_Currucucue,H_Currucucue,Hidro,Surocciden,Water,2027,3.726853445761109,5180.326289607941,0.0,1.25,346837.51134557393,54725.0,109.13840416714204,0.34035191285489574,,
H_Currucucue,H_Currucucue,Hidro,Surocciden,Water,2028,3.726853416362805,5180.326248744297,0.0,1.25,346837.51134557393,54725.0,109.13840501708701,0.3403519101701191,,
H_Currucucue,H_Currucucue,Hidro,Surocciden,Water,2029,3.726853416198507,5180.326248515925,0.0,1.25,346837.51134557393,54725.0,109.13840502183709,0.34035191015511473,,
H_Currucucue,H_Currucucue,Hidro,Surocciden,Water,2030,3.7268534270611458,5180.326263614992,0.0,1.25,346837.51134557393,54725.0,109.13840470778342,0.34035191114713653,,
H_Currucucue,H_Currucucue,Hidro,Surocciden,Water,2031,3.7268534161985114,5180.32624851593,0.0,1.25,346837.51134557393,54725.0,109.13840502183697,0.3403519101551151,,
H_Currucucue,H_Currucucue,Hidro,Surocciden,Water,2032,3.726853416198508,5180.326248515925,0.0,1.25,346837.51134557393,54725.0,109.13840502183706,0.3403519101551148,,
H_Currucucue,H_Currucucue,Hidro,Surocciden,Water,2033,3.7268534161985105,5180.3262485159285,0.0,1.25,346837.51134557393,54725.0,109.13840502183699,0.340351910155115,,
H_Currucucue,H_Currucucue,Hidro,Surocciden,Water,2034,3.726853430482298,5180.326268370392,0.0,1.25,346837.51134557393,54725.0,109.13840460887326,0.3403519114595705,,
H_Currucucue,H_Currucucue,Hidro,Surocciden,Water,2035,3.726853416198513,5180.326248515932,0.0,1.25,346837.51134557393,54725.0,109.13840502183693,0.34035191015511523,,
H_ElBosque,H_ElBosque,Hidro,Surocciden,Water,2023,14.623292649468041,20326.376782760577,0.0,2.28,632631.6206943268,99818.4,51.47790005450459,0.7321603705773871,,
H_ElBosque,H_ElBosque,Hidro,Surocciden,Water,2024,14.623292652225823,20326.376786593893,0.0,2.28,632631.6206943268,99818.4,51.477900045058604,0.732160370715464,,
H_ElBosque,H_ElBosque,Hidro,Surocciden,Water,2025,14.623292622149702,20326.376744788082,0.0,2.28,632631.6206943268,99818.4,51.47790014807574,0.73216036920961,,
H_ElBosque,H_ElBosque,Hidro,Surocciden,Water,2026,14.623292622962538,20326.37674591792,0.0,2.28,632631.6206943268,99818.4,51.4779001452916,0.7321603692503073,,
H_ElBosque,H_ElBosque,Hidro,Surocciden,Water,2027,14.623292636157654,20326.376764259134,0.0,2.28,632631.6206943268,99818.4,51.47790010009551,0.7321603699109615,,
H_ElBosque,H_ElBosque,Hidro,Surocciden,Water,2028,14.623292679581155,20326.376824617804,0.0,2.28,632631.6206943268,99818.4,51.47789995136075,0.7321603720850933,,
H_ElBosque,H_ElBosque,Hidro,Surocciden,Water,2029,14.62329263581134,20326.376763777764,0.0,2.28,632631.6206943268,99818.4,51.47790010128171,0.7321603698936222,,
H_ElBosque,H_ElBosque,Hidro,Surocciden,Water,2030,14.62329262179888,20326.37674430044,0.0,2.28,632631.6206943268,99818.4,51.477900149277374,0.7321603691920452,,
H_ElBosque,H_ElBosque,Hidro,Surocciden,Water,2031,14.623292635655405,20326.37676356101,0.0,2.28,632631.6206943268,99818.4,51.47790010181582,0.7321603698858149,,
H_ElBosque,H_ElBosque,Hidro,Surocciden,Water,2032,14.623292637114346,20326.37676558894,0.0,2.28,632631.6206943268,99818.4,51.47790009681864,0.7321603699588612,,
H_ElBosque,H_ElBosque,Hidro,Surocciden,Water,2033,14.623292621041951,20326.376743248307,0.0,2.28,632631.6206943268,99818.4,51.47790015187002,0.7321603691541471,,
H_ElBosque,H_ElBosque,Hidro,Surocciden,Water,2034,14.623292621798878,20326.376744300436,0.0,2.28,632631.6206943268,99818.4,51.47790014927738,0.7321603691920451,,
H_ElBosque,H_ElBosque,Hidro,Surocciden,Water,2035,14.623292621798878,20326.37674430044,0.0,2.28,632631.6206943268,99818.4,51.47790014927738,0.7321603691920451,,
H_ElEden,H_ElEden,Hidro,Surocciden,Water,2023,77.68450735789548,107981.46522747472,0.0,19.9,5521653.180621536,871221.9999999999,83.68279425264701,0.4456328867963992,,
H_ElEden,H_ElEden,Hidro,Surocciden,Water,2024,77.68450734173729,107981.46520501483,0.0,19.9,5521653.180621536,871221.9999999999,83.68279426976372,0.4456328867037085,,
H_ElEden,H_ElEden,Hidro,Surocciden,Water,2025,77.68450735318794,107981.4652209312,0.0,19.9,5521653.180621536,871221.9999999999,83.6827942576338,0.4456328867693945,,
H_ElEden,H_ElEden,Hidro,Surocciden,Water,2026,77.68450735075652,107981.46521755155,0.0,19.9,5521653.180621536,871221.9999999999,83.68279426020946,0.4456328867554468,,
H_ElEden,H_ElEden,Hidro,Surocciden,Water,2027,77.68450735336432,107981.46522117639,0.0,19.9,5521653.180621536,871221.9999999999,83.68279425744694,0.4456328867704064,,
H_ElEden,H_ElEden,Hidro,Surocciden,Water,2028,77.68450734275388,107981.46520642788,0.0,19.9,5521653.180621536,871221.9999999999,83.68279426868683,0.44563288670954004,,
H_ElEden,H_ElEden,Hidro,Surocciden,Water,2029,77.6845073714914,107981.46524637303,0.0,19.9,5521653.180621536,871221.9999999999,83.68279423824458,0.4456328868743913,,
H_ElEden,H_ElEden,Hidro,Surocciden,Water,2030,77.68450734075776,107981.46520365326,0.0,19.9,5521653.180621536,871221.9999999999,83.68279427080137,0.4456328866980895,,
H_ElEden,H_ElEden,Hidro,Surocciden,Water,2031,77.68450732719016,107981.4651847943,0.0,19.9,5521653.180621536,871221.9999999999,83.6827942851738,0.44563288662025974,,
H_ElEden,H_ElEden,Hidro,Surocciden,Water,2032,77.68450733818027,107981.46520007057,0.0,19.9,5521653.180621536,871221.9999999999,83.68279427353175,0.44563288668330375,,
H_ElEden,H_ElEden,Hidro,Surocciden,Water,2033,77.68450733784786,107981.46519960853,0.0,19.9,5521653.180621536,871221.9999999999,83.68279427388389,0.445632886681397,,
H_ElEden,H_ElEden,Hidro,Surocciden,Water,2034,77.68450732719015,107981.4651847943,0.0,19.9,5521653.180621536,871221.9999999999,83.68279428517381,0.4456328866202596,,
H_ElEden,H_ElEden,Hidro,Surocciden,Water,2035,77.68450732719015,107981.4651847943,0.0,19.9,5521653.180621536,871221.9999999999,83.68279428517381,0.4456328866202596,,
H_ElLimonar,H_ElLimonar,Hidro,Oriental,Water,2023,132.72106087693345,184482.27461893752,0.0,18.0,4994460.163376265,788040.0,44.95882114390368,0.8417114464544231,,
H_ElLimonar,H_ElLimonar,Hidro,Oriental,Water,2024,132.72106076183297,184482.27445894782,0.0,18.0,4994460.163376265,788040.0,44.95882118168812,0.8417114457244605,,
H_ElLimonar,H_ElLimonar,Hidro,Oriental,Water,2025,132.72106066470553,184482.2743239407,0.0,18.0,4994460.163376265,788040.0,44.9588212135725,0.8417114451084823,,
H_ElLimonar,H_ElLimonar,Hidro,Oriental,Water,2026,132.72106102892874,184482.27483021092,0.0,18.0,4994460.163376265,788040.0,44.95882109400763,0.8417114474183709,,
H_ElLimonar,H_ElLimonar,Hidro,Oriental,Water,2027,132.7210608110167,184482.2745273132,0.0,18.0,4994460.163376265,788040.0,44.9588211655424,0.8417114460363817,,
H_ElLimonar,H_ElLimonar,Hidro,Oriental,Water,2028,132.72106095986862,184482.27473421735,0.0,18.0,4994460.163376265,788040.0,44.95882111667825,0.8417114469803945,,
H_ElLimonar,H_ElLimonar,Hidro,Oriental,Water,2029,132.72106089030493,184482.27463752383,0.0,18.0,4994460.163376265,788040.0,44.95882113951418,0.8417114465392243,,
H_ElLimonar,H_ElLimonar,Hidro,Oriental,Water,2030,132.72106073028158,184482.27441509138,0.0,18.0,4994460.163376265,788040.0,44.95882119204562,0.841711445524363,,
H_ElLimonar,H_ElLimonar,Hidro,Oriental,Water,2031,132.72106071427424,184482.27439284115,0.0,18.0,4994460.163376265,788040.0,44.9588211973004,0.841711445422845,,
H_ElLimonar,H_ElLimonar,Hidro,Oriental,Water,2032,132.72106064449827,184482.2742958526,0.0,18.0,4994460.163376265,788040.0,44.95882122020601,0.8417114449803287,,
H_ElLimonar,H_ElLimonar,Hidro,Oriental,Water,2033,132.72106065641992,184482.27431242366,0.0,18.0,4994460.163376265,788040.0,44.95882121629244,0.8417114450559354,,
H_ElLimonar,H_ElLimonar,Hidro,Oriental,Water,2034,132.7210605732373,184482.27419679984,0.0,18.0,4994460.163376265,788040.0,44.958821243599104,0.8417114445283947,,
H_ElLimonar,H_ElLimonar,Hidro,Oriental,Water,2035,132.72106074378928,184482.2744338671,0.0,18.0,4994460.163376265,788040.0,44.95882118761139,0.8417114456100282,,
H_ElMolino,H_ElMolino,Hidro,Antioquia,Water,2023,115.54355817672267,160605.54586564447,0.0,19.9,5521653.180621536,871221.9999999999,56.718702711783386,0.662809241279013,,
H_ElMolino,H_ElMolino,Hidro,Antioquia,Water,2024,115.54355818745107,160605.54588055698,0.0,19.9,5521653.180621536,871221.9999999999,56.71870270664603,0.6628092413405559,,
H_ElMolino,H_ElMolino,Hidro,Antioquia,Water,2025,115.54355817860392,160605.5458682594,0.0,19.9,5521653.180621536,871221.9999999999,56.71870271088253,0.6628092412898046,,
H_ElMolino,H_ElMolino,Hidro,Antioquia,Water,2026,115.54355817386019,160605.54586166565,0.0,19.9,5521653.180621536,871221.9999999999,56.7187027131541,0.6628092412625924,,
H_ElMolino,H_ElMolino,Hidro,Antioquia,Water,2027,115.54355818135183,160605.545872079,0.0,19.9,5521653.180621536,871221.9999999999,56.718702709566685,0.6628092413055678,,
H_ElMolino,H_ElMolino,Hidro,Antioquia,Water,2028,115.54355818598191,160605.54587851488,0.0,19.9,5521653.180621536,871221.9999999999,56.71870270734954,0.662809241332128,,
H_ElMolino,H_ElMolino,Hidro,Antioquia,Water,2029,115.54355817362405,160605.54586133742,0.0,19.9,5521653.180621536,871221.9999999999,56.71870271326717,0.6628092412612379,,
H_ElMolino,H_ElMolino,Hidro,Antioquia,Water,2030,115.54355817719494,160605.54586630096,0.0,19.9,5521653.180621536,871221.9999999999,56.718702711557235,0.662809241281722,,
H_ElMolino,H_ElMolino,Hidro,Antioquia,Water,2031,115.54355819986571,160605.54589781337,0.0,19.9,5521653.180621536,871221.9999999999,56.7187027007012,0.6628092414117718,,
H_ElMolino,H_ElMolino,Hidro,Antioquia,Water,2032,115.54355818699639,160605.54587992496,0.0,19.9,5521653.180621536,871221.9999999999,56.718702706863745,0.6628092413379476,,
H_ElMolino,H_ElMolino,Hidro,Antioquia,Water,2033,115.54355818306865,160605.54587446537,0.0,19.9,5521653.180621536,871221.9999999999,56.718702708744566,0.6628092413154163,,
H_ElMolino,H_ElMolino,Hidro,Antioquia,Water,2034,115.54355817804793,160605.5458674866,0.0,19.9,5521653.180621536,871221.9999999999,56.71870271114878,0.6628092412866152,,
H_ElMolino,H_ElMolino,Hidro,Antioquia,Water,2035,115.54355816290703,160605.54584644077,0.0,19.9,5521653.180621536,871221.9999999999,56.71870271839908,0.6628092411997604,,
H_ElPopal,H_ElPopal,Hidro,Antioquia,Water,2023,148.36126057184157,206222.15219485975,0.0,19.9,2330091.0762207652,871221.9999999999,22.967823374388093,0.8510661789073309,,
H_ElPopal,H_ElPopal,Hidro,Antioquia,Water,2024,148.3612605426552,206222.15215429073,0.0,19.9,2330091.0762207652,871221.9999999999,22.96782337863299,0.8510661787399049,,
H_ElPopal,H_ElPopal,Hidro,Antioquia,Water,2025,148.36126055011295,206222.152164657,0.0,19.9,2330091.0762207652,871221.9999999999,22.967823377548324,0.851066178782686,,
H_ElPopal,H_ElPopal,Hidro,Antioquia,Water,2026,148.3612605429658,206222.15215472243,0.0,19.9,2330091.0762207652,871221.9999999999,22.967823378587816,0.8510661787416866,,
H_ElPopal,H_ElPopal,Hidro,Antioquia,Water,2027,148.3612605622186,206222.15218148386,0.0,19.9,2330091.0762207652,871221.9999999999,22.967823375787663,0.8510661788521292,,
H_ElPopal,H_ElPopal,Hidro,Antioquia,Water,2028,148.36126054904224,206222.1521631687,0.0,19.9,2330091.0762207652,871221.9999999999,22.967823377704054,0.8510661787765437,,
H_ElPopal,H_ElPopal,Hidro,Antioquia,Water,2029,148.36126056689847,206222.1521879888,0.0,19.9,2330091.0762207652,871221.9999999999,22.967823375107017,0.8510661788789751,,
H_ElPopal,H_ElPopal,Hidro,Antioquia,Water,2030,148.36126054582792,206222.1521587008,0.0,19.9,2330091.0762207652,871221.9999999999,22.967823378171545,0.851066178758105,,
H_ElPopal,H_ElPopal,Hidro,Antioquia,Water,2031,148.36126055563875,206222.1521723378,0.0,19.9,2330091.0762207652,871221.9999999999,22.967823376744644,0.8510661788143844,,
H_ElPopal,H_ElPopal,Hidro,Antioquia,Water,2032,148.36126056125053,206222.15218013825,0.0,19.9,2330091.0762207652,871221.9999999999,22.96782337592846,0.8510661788465759,,
H_ElPopal,H_ElPopal,Hidro,Antioquia,Water,2033,148.36126056229972,206222.15218159658,0.0,19.9,2330091.0762207652,871221.9999999999,22.96782337577587,0.8510661788525946,,
H_ElPopal,H_ElPopal,Hidro,Antioquia,Water,2034,148.36126055162083,206222.15216675296,0.0,19.9,2330091.0762207652,871221.9999999999,22.96782337732902,0.8510661787913357,,
H_ElPopal,H_ElPopal,Hidro,Antioquia,Water,2035,148.36126056789774,206222.15218937784,0.0,19.9,2330091.0762207652,871221.9999999999,22.967823374961682,0.8510661788847075,,
H_Florida,H_Florida,RunOfRiver,Surocciden,Water,2023,98.92597856410542,137507.11020410652,0.0,19.9,5521653.180621536,871221.9999999999,66.01281468844772,0.5674834134376529,,
H_Florida,H_Florida,RunOfRiver,Surocciden,Water,2024,98.92597853869276,137507.1101687829,0.0,19.9,5521653.180621536,871221.9999999999,66.0128147050484,0.5674834132918746,,
H_Florida,H_Florida,RunOfRiver,Surocciden,Water,2025,98.92597855223909,137507.11018761236,0.0,19.9,5521653.180621536,871221.9999999999,66.01281469619934,0.5674834133695824,,
H_Florida,H_Florida,RunOfRiver,Surocciden,Water,2026,98.92597858132785,137507.11022804567,0.0,19.9,5521653.180621536,871221.9999999999,66.01281467719727,0.5674834135364485,,
H_Florida,H_Florida,RunOfRiver,Surocciden,Water,2027,98.92597858086941,137507.11022740847,0.0,19.9,5521653.180621536,871221.9999999999,66.01281467749675,0.5674834135338186,,
H_Florida,H_Florida,RunOfRiver,Surocciden,Water,2028,98.92597858100652,137507.11022759904,0.0,19.9,5521653.180621536,871221.9999999999,66.01281467740718,0.5674834135346051,,
H_Florida,H_Florida,RunOfRiver,Surocciden,Water,2029,98.9259785367444,137507.11016607468,0.0,19.9,5521653.180621536,871221.9999999999,66.01281470632115,0.567483413280698,,
H_Florida,H_Florida,RunOfRiver,Surocciden,Water,2030,98.92597866745496,137507.11034776238,0.0,19.9,5521653.180621536,871221.9999999999,66.01281462093525,0.5674834140305118,,
H_Florida,H_Florida,RunOfRiver,Surocciden,Water,2031,98.9259785367444,137507.11016607468,0.0,19.9,5521653.180621536,871221.9999999999,66.01281470632115,0.567483413280698,,
H_Florida,H_Florida,RunOfRiver,Surocciden,Water,2032,98.92597860836608,137507.11026562884,0.0,19.9,5521653.180621536,871221.9999999999,66.01281465953471,0.5674834136915516,,
H_Florida,H_Florida,RunOfRiver,Surocciden,Water,2033,98.92597859163578,137507.11024237372,0.0,19.9,5521653.180621536,871221.9999999999,66.01281467046367,0.5674834135955793,,
H_Florida,H_Florida,RunOfRiver,Surocciden,Water,2034,98.92597853674438,137507.11016607465,0.0,19.9,5521653.180621536,871221.9999999999,66.01281470632117,0.5674834132806978,,
H_Florida,H_Florida,RunOfRiver,Surocciden,Water,2035,98.92597857800895,137507.11022343242,0.0,19.9,5521653.180621536,871221.9999999999,66.01281467936532,0.5674834135174098,,
H_Frisolera,H_Frisolera,Hidro,Surocciden,Water,2023,2.7531937894669296,3826.939367359032,0.0,0.47,130410.9042659358,20576.6,56.230856042745124,0.6687053797403403,,
H_Frisolera,H_Frisolera,Hidro,Surocciden,Water,2024,2.753193789466929,3826.939367359031,0.0,0.47,130410.9042659358,20576.6,56.23085604274513,0.6687053797403402,,
H_Frisolera,H_Frisolera,Hidro,Surocciden,Water,2025,2.753193789466929,3826.9393673590307,0.0,0.47,130410.9042659358,20576.6,56.23085604274513,0.6687053797403402,,
H_Frisolera,H_Frisolera,Hidro,Surocciden,Water,2026,2.753193865997489,3826.9394737365083,0.0,0.47,130410.9042659358,20576.6,56.23085451833326,0.6687053983283515,,
H_Frisolera,H_Frisolera,Hidro,Surocciden,Water,2027,2.7531938467637813,3826.939447001656,0.0,0.47,130410.9042659358,20576.6,56.23085490144938,0.6687053936568009,,
H_Frisolera,H_Frisolera,Hidro,Surocciden,Water,2028,2.7531937894669243,3826.939367359025,0.0,0.47,130410.9042659358,20576.6,56.23085604274524,0.6687053797403391,,
H_Frisolera,H_Frisolera,Hidro,Surocciden,Water,2029,2.753193789466928,3826.93936735903,0.0,0.47,130410.9042659358,20576.6,56.23085604274516,0.6687053797403398,,
H_Frisolera,H_Frisolera,Hidro,Surocciden,Water,2030,2.753193789466929,3826.939367359031,0.0,0.47,130410.9042659358,20576.6,56.23085604274513,0.6687053797403402,,
H_Frisolera,H_Frisolera,Hidro,Surocciden,Water,2031,2.7531940026678496,3826.93966370831,0.0,0.47,130410.9042659358,20576.6,56.230851795997175,0.6687054315233287,,
H_Frisolera,H_Frisolera,Hidro,Surocciden,Water,2032,2.753193830668944,3826.9394246298325,0.0,0.47,130410.9042659358,20576.6,56.23085522204238,0.6687053897476304,,
H_Frisolera,H_Frisolera,Hidro,Surocciden,Water,2033,2.7531937894669296,3826.939367359031,0.0,0.47,130410.9042659358,20576.6,56.230856042745124,0.6687053797403403,,
H_Frisolera,H_Frisolera,Hidro,Surocciden,Water,2034,2.753193789466929,3826.939367359031,0.0,0.47,130410.9042659358,20576.6,56.23085604274513,0.6687053797403402,,
H_Frisolera,H_Frisolera,Hidro,Surocciden,Water,2035,2.753193789466929,3826.939367359031,0.0,0.47,130410.9042659358,20576.6,56.23085604274513,0.6687053797403402,,
H_GUATRON,H_GUATRON,Hidro,Antioquia,Water,2023,3738.63316330584,5196700.096995117,0.0,512.0,58014721.89774836,22415360.0,22.903231810801422,0.8335636868814745,,
H_GUATRON,H_GUATRON,Hidro,Antioquia,Water,2024,3738.633163308375,5196700.096998641,0.0,512.0,58014721.89774836,22415360.0,22.90323181078684,0.8335636868820397,,
H_GUATRON,H_GUATRON,Hidro,Antioquia,Water,2025,3738.6331633073696,5196700.096997243,0.0,512.0,58014721.89774836,22415360.0,22.903231810792622,0.8335636868818156,,
H_GUATRON,H_GUATRON,Hidro,Antioquia,Water,2026,3738.633163306015,5196700.09699536,0.0,512.0,58014721.89774836,22415360.0,22.903231810800413,0.8335636868815136,,
H_GUATRON,H_GUATRON,Hidro,Antioquia,Water,2027,3738.633163306824,5196700.096996484,0.0,512.0,58014721.89774836,22415360.0,22.903231810795763,0.8335636868816939,,
H_GUATRON,H_GUATRON,Hidro,Antioquia,Water,2028,3738.6331633027044,5196700.096990758,0.0,512.0,58014721.89774836,22415360.0,22.90323181081947,0.8335636868807754,,
H_GUATRON,H_GUATRON,Hidro,Antioquia,Water,2029,3738.6331633035297,5196700.096991906,0.0,512.0,58014721.89774836,22415360.0,22.90323181081472,0.8335636868809595,,
H_GUATRON,H_GUATRON,Hidro,Antioquia,Water,2030,3738.6331633044156,5196700.096993137,0.0,512.0,58014721.89774836,22415360.0,22.90323181080962,0.833563686881157,,
H_GUATRON,H_GUATRON,Hidro,Antioquia,Water,2031,3738.6331633042996,5196700.096992976,0.0,512.0,58014721.89774836,22415360.0,22.903231810810286,0.8335636868811311,,
H_GUATRON,H_GUATRON,Hidro,Antioquia,Water,2032,3738.6331633048603,5196700.096993756,0.0,512.0,58014721.89774836,22415360.0,22.903231810807064,0.8335636868812561,,
H_GUATRON,H_GUATRON,Hidro,Antioquia,Water,2033,3738.633163304088,5196700.096992682,0.0,512.0,58014721.89774836,22415360.0,22.903231810811505,0.833563686881084,,
H_GUATRON,H_GUATRON,Hidro,Antioquia,Water,2034,3738.63316330217,5196700.096990017,0.0,512.0,58014721.89774836,22415360.0,22.903231810822543,0.8335636868806563,,
H_GUATRON,H_GUATRON,Hidro,Antioquia,Water,2035,3738.6331633050563,5196700.096994028,0.0,512.0,58014721.89774836,22415360.0,22.903231810805934,0.8335636868812998,,
H_Guacaica,H_Guacaica,Hidro,Surocciden,Water,2023,6.545131346473205,9097.732571597755,0.0,0.86,238624.20780575488,37650.8,43.60076601535637,0.8687919914082517,,
H_Guacaica,H_Guacaica,Hidro,Surocciden,Water,2024,6.545131393976895,9097.732637627883,0.0,0.86,238624.20780575488,37650.8,43.60076570899627,0.8687919977138279,,
H_Guacaica,H_Guacaica,Hidro,Surocciden,Water,2025,6.545131470515832,9097.732744017005,0.0,0.86,238624.20780575488,37650.8,43.600765215382495,0.8687920078735041,,
H_Guacaica,H_Guacaica,Hidro,Surocciden,Water,2026,6.545131376552382,9097.73261340781,0.0,0.86,238624.20780575488,37650.8,43.60076582137019,0.8687919954009213,,
H_Guacaica,H_Guacaica,Hidro,Surocciden,Water,2027,6.545131376865276,9097.732613842734,0.0,0.86,238624.20780575488,37650.8,43.600765819352276,0.8687919954424544,,
H_Guacaica,H_Guacaica,Hidro,Surocciden,Water,2028,6.545131374416022,9097.73261043827,0.0,0.86,238624.20780575488,37650.8,43.60076583514797,0.8687919951173437,,
H_Guacaica,H_Guacaica,Hidro,Surocciden,Water,2029,6.545131346473205,9097.732571597753,0.0,0.86,238624.20780575488,37650.8,43.60076601535637,0.8687919914082517,,
H_Guacaica,H_Guacaica,Hidro,Surocciden,Water,2030,6.545131346473207,9097.732571597757,0.0,0.86,238624.20780575488,37650.8,43.600766015356356,0.8687919914082519,,
H_Guacaica,H_Guacaica,Hidro,Surocciden,Water,2031,6.545131346473205,9097.732571597753,0.0,0.86,238624.20780575488,37650.8,43.60076601535637,0.8687919914082517,,
H_Guacaica,H_Guacaica,Hidro,Surocciden,Water,2032,6.545131346473207,9097.732571597757,0.0,0.86,238624.20780575488,37650.8,43.600766015356356,0.8687919914082519,,
H_Guacaica,H_Guacaica,Hidro,Surocciden,Water,2033,6.545131346473206,9097.732571597755,0.0,0.86,238624.20780575488,37650.8,43.60076601535636,0.8687919914082518,,
H_Guacaica,H_Guacaica,Hidro,Surocciden,Water,2034,6.545131346473205,9097.732571597753,0.0,0.86,238624.20780575488,37650.8,43.60076601535637,0.8687919914082517,,
H_Guacaica,H_Guacaica,Hidro,Surocciden,Water,2035,6.545131346473208,9097.73257159776,0.0,0.86,238624.20780575488,37650.8,43.600766015356356,0.8687919914082519,,
H_Guanaquita,H_Guanaquita,Hidro,Antioquia,Water,2023,66.01907545392919,91766.51488096156,0.0,9.5,1124325.0367783543,415910.0,24.72015156889304,0.7933078040606727,,
H_Guanaquita,H_Guanaquita,Hidro,Antioquia,Water,2024,66.01907545488886,91766.51488229554,0.0,9.5,1124325.0367783543,415910.0,24.72015156855391,0.7933078040722045,,
H_Guanaquita,H_Guanaquita,Hidro,Antioquia,Water,2025,66.0190754698183,91766.51490304744,0.0,9.5,1124325.0367783543,415910.0,24.72015156327807,0.7933078042516016,,
H_Guanaquita,H_Guanaquita,Hidro,Antioquia,Water,2026,66.01907546714851,91766.51489933644,0.0,9.5,1124325.0367783543,415910.0,24.72015156422154,0.7933078042195204,,
H_Guanaquita,H_Guanaquita,Hidro,Antioquia,Water,2027,66.01907544823122,91766.51487304138,0.0,9.5,1124325.0367783543,415910.0,24.72015157090662,0.7933078039922039,,
H_Guanaquita,H_Guanaquita,Hidro,Antioquia,Water,2028,66.01907546115557,91766.51489100623,0.0,9.5,1124325.0367783543,415910.0,24.720151566339354,0.7933078041475072,,
H_Guanaquita,H_Guanaquita,Hidro,Antioquia,Water,2029,66.01907545216368,91766.51487850751,0.0,9.5,1124325.0367783543,415910.0,24.72015156951695,0.7933078040394576,,
H_Guanaquita,H_Guanaquita,Hidro,Antioquia,Water,2030,66.01907547219801,91766.51490635521,0.0,9.5,1124325.0367783543,415910.0,24.720151562437117,0.793307804280197,,
H_Guanaquita,H_Guanaquita,Hidro,Antioquia,Water,2031,66.0190754490317,91766.51487415406,0.0,9.5,1124325.0367783543,415910.0,24.72015157062374,0.7933078040018228,,
H_Guanaquita,H_Guanaquita,Hidro,Antioquia,Water,2032,66.01907544737718,91766.51487185428,0.0,9.5,1124325.0367783543,415910.0,24.720151571208426,0.7933078039819415,,
H_Guanaquita,H_Guanaquita,Hidro,Antioquia,Water,2033,66.01907545345767,91766.51488030615,0.0,9.5,1124325.0367783543,415910.0,24.72015156905967,0.7933078040550067,,
H_Guanaquita,H_Guanaquita,Hidro,Antioquia,Water,2034,66.01907545215869,91766.51487850057,0.0,9.5,1124325.0367783543,415910.0,24.72015156951871,0.7933078040393977,,
H_Guanaquita,H_Guanaquita,Hidro,Antioquia,Water,2035,66.0190754624682,91766.51489283078,0.0,9.5,1124325.0367783543,415910.0,24.720151565875483,0.7933078041632803,,
H_Guaviomeno,H_Guaviomeno,Hidro,Oriental,Water,2023,54.84440298046459,76233.72014284576,0.0,9.9,2746953.089856946,433422.0,59.37905479907924,0.6324016763579237,,
H_Guaviomeno,H_Guaviomeno,Hidro,Oriental,Water,2024,54.844402952449244,76233.72010390443,0.0,9.9,2746953.089856946,433422.0,59.37905482870092,0.6324016760348834,,
H_Guaviomeno,H_Guaviomeno,Hidro,Oriental,Water,2025,54.84440291880753,76233.72005714246,0.0,9.9,2746953.089856946,433422.0,59.37905486427158,0.6324016756469664,,
H_Guaviomeno,H_Guaviomeno,Hidro,Oriental,Water,2026,54.84440297755576,76233.72013880248,0.0,9.9,2746953.089856946,433422.0,59.37905480215486,0.6324016763243825,,
H_Guaviomeno,H_Guaviomeno,Hidro,Oriental,Water,2027,54.84440294757276,76233.72009712612,0.0,9.9,2746953.089856946,433422.0,59.37905483385701,0.6324016759786535,,
H_Guaviomeno,H_Guaviomeno,Hidro,Oriental,Water,2028,54.8444030323208,76233.7202149259,0.0,9.9,2746953.089856946,433422.0,59.379054744249714,0.632401676955869,,
H_Guaviomeno,H_Guaviomeno,Hidro,Oriental,Water,2029,54.844403157605875,76233.72038907214,0.0,9.9,2746953.089856946,433422.0,59.379054611781086,0.6324016784005104,,
H_Guaviomeno,H_Guaviomeno,Hidro,Oriental,Water,2030,54.844403083997705,76233.7202867568,0.0,9.9,2746953.089856946,433422.0,59.379054689609774,0.6324016775517468,,
H_Guaviomeno,H_Guaviomeno,Hidro,Oriental,Water,2031,54.844403001919616,76233.72017266825,0.0,9.9,2746953.089856946,433422.0,59.379054776394035,0.6324016766053181,,
H_Guaviomeno,H_Guaviomeno,Hidro,Oriental,Water,2032,54.844402989300555,76233.72015512775,0.0,9.9,2746953.089856946,433422.0,59.37905478973664,0.6324016764598098,,
H_Guaviomeno,H_Guaviomeno,Hidro,Oriental,Water,2033,54.84440295023067,76233.72010082063,0.0,9.9,2746953.089856946,433422.0,59.3790548310467,0.6324016760093014,,
H_Guaviomeno,H_Guaviomeno,Hidro,Oriental,Water,2034,54.8444030407088,76233.72022658521,0.0,9.9,2746953.089856946,433422.0,59.37905473538077,0.6324016770525897,,
H_Guaviomeno,H_Guaviomeno,Hidro,Oriental,Water,2035,54.84440295962307,76233.72011387604,0.0,9.9,2746953.089856946,433422.0,59.37905482111577,0.6324016761176036,,
H_Herradura,H_Herradura,RunOfRiver,Antioquia,Water,2023,105.60047848370621,146784.6650923516,0.0,19.8,5493906.179713892,866844.0,61.62410377534732,0.6088307647462421,,
H_Herradura,H_Herradura,RunOfRiver,Antioquia,Water,2024,105.60047847570837,146784.66508123462,0.0,19.8,5493906.179713892,866844.0,61.62410377990926,0.6088307647001312,,
H_Herradura,H_Herradura,RunOfRiver,Antioquia,Water,2025,105.60047850071975,146784.66511600045,0.0,19.8,5493906.179713892,866844.0,61.62410376564288,0.6088307648443321,,
H_Herradura,H_Herradura,RunOfRiver,Antioquia,Water,2026,105.60047849349777,146784.66510596187,0.0,19.8,5493906.179713892,866844.0,61.62410376976225,0.6088307648026945,,
H_Herradura,H_Herradura,RunOfRiver,Antioquia,Water,2027,105.60047848073339,146784.6650882194,0.0,19.8,5493906.179713892,866844.0,61.624103777043004,0.6088307647291025,,
H_Herradura,H_Herradura,RunOfRiver,Antioquia,Water,2028,105.6004784737058,146784.66507845104,0.0,19.8,5493906.179713892,866844.0,61.62410378105151,0.6088307646885855,,
H_Herradura,H_Herradura,RunOfRiver,Antioquia,Water,2029,105.60047846615086,146784.66506794968,0.0,19.8,5493906.179713892,866844.0,61.62410378536082,0.608830764645028,,
H_Herradura,H_Herradura,RunOfRiver,Antioquia,Water,2030,105.60047848028191,146784.66508759186,0.0,19.8,5493906.179713892,866844.0,61.62410377730053,0.6088307647264994,,
H_Herradura,H_Herradura,RunOfRiver,Antioquia,Water,2031,105.60047847979972,146784.6650869216,0.0,19.8,5493906.179713892,866844.0,61.62410377757557,0.6088307647237194,,
H_Herradura,H_Herradura,RunOfRiver,Antioquia,Water,2032,105.60047850686968,146784.66512454883,0.0,19.8,5493906.179713892,866844.0,61.624103762134965,0.608830764879789,,
H_Herradura,H_Herradura,RunOfRiver,Antioquia,Water,2033,105.60047850629377,146784.6651237483,0.0,19.8,5493906.179713892,866844.0,61.62410376246346,0.6088307648764687,,
H_Herradura,H_Herradura,RunOfRiver,Antioquia,Water,2034,105.6004785280319,146784.6651539643,0.0,19.8,5493906.179713892,866844.0,61.624103750064116,0.6088307650017981,,
H_Herradura,H_Herradura,RunOfRiver,Antioquia,Water,2035,105.60047853129547,146784.66515850066,0.0,19.8,5493906.179713892,866844.0,61.6241037482026,0.608830765020614,,
H_Inza,H_Inza,Hidro,Surocciden,Water,2023,2.889008111932454,4015.7212755861115,0.0,0.75,208102.50680734438,32835.0,84.78800286894368,0.43972726209017554,,
H_Inza,H_Inza,Hidro,Surocciden,Water,2024,2.889007939935918,4015.721036510926,0.0,0.75,208102.50680734438,32835.0,84.78800783402787,0.43972723591109847,,
H_Inza,H_Inza,Hidro,Surocciden,Water,2025,2.8890078304003097,4015.7208842564305,0.0,0.75,208102.50680734438,32835.0,84.7880109960309,0.43972721923901203,,
H_Inza,H_Inza,Hidro,Surocciden,Water,2026,2.889007830400309,4015.7208842564296,0.0,0.75,208102.50680734438,32835.0,84.78801099603093,0.43972721923901187,,
H_Inza,H_Inza,Hidro,Surocciden,Water,2027,2.8890078304003084,4015.7208842564287,0.0,0.75,208102.50680734438,32835.0,84.78801099603093,0.4397272192390118,,
H_Inza,H_Inza,Hidro,Surocciden,Water,2028,2.8890078304003097,4015.72088425643,0.0,0.75,208102.50680734438,32835.0,84.7880109960309,0.43972721923901203,,
H_Inza,H_Inza,Hidro,Surocciden,Water,2029,2.8890078304003097,4015.7208842564296,0.0,0.75,208102.50680734438,32835.0,84.7880109960309,0.43972721923901203,,
H_Inza,H_Inza,Hidro,Surocciden,Water,2030,2.8890078304003093,4015.7208842564296,0.0,0.75,208102.50680734438,32835.0,84.78801099603092,0.439727219239012,,
H_Inza,H_Inza,Hidro,Surocciden,Water,2031,2.8890078304003097,4015.7208842564296,0.0,0.75,208102.50680734438,32835.0,84.7880109960309,0.43972721923901203,,
H_Inza,H_Inza,Hidro,Surocciden,Water,2032,2.88900783040031,4015.7208842564314,0.0,0.75,208102.50680734438,32835.0,84.78801099603089,0.4397272192390121,,
H_Inza,H_Inza,Hidro,Surocciden,Water,2033,2.8890078304003115,4015.7208842564323,0.0,0.75,208102.50680734438,32835.0,84.78801099603083,0.4397272192390123,,
H_Inza,H_Inza,Hidro,Surocciden,Water,2034,2.889007830400309,4015.720884256429,0.0,0.75,208102.50680734438,32835.0,84.78801099603093,0.43972721923901187,,
H_Inza,H_Inza,Hidro,Surocciden,Water,2035,2.8890078304003097,4015.7208842564305,0.0,0.75,208102.50680734438,32835.0,84.7880109960309,0.43972721923901203,,
H_IquiraI,H_IquiraI,Hidro,Surocciden,Water,2023,16.758472516859126,23294.276798434177,0.0,4.32,1198670.4392103036,189129.6,84.20184563892492,0.4428397312293654,,
H_IquiraI,H_IquiraI,Hidro,Surocciden,Water,2024,16.758472516859126,23294.27679843418,0.0,4.32,1198670.4392103036,189129.6,84.20184563892492,0.4428397312293654,,
H_IquiraI,H_IquiraI,Hidro,Surocciden,Water,2025,16.758472516859122,23294.276798434177,0.0,4.32,1198670.4392103036,189129.6,84.20184563892495,0.4428397312293653,,
H_IquiraI,H_IquiraI,Hidro,Surocciden,Water,2026,16.75847251685913,23294.276798434184,0.0,4.32,1198670.4392103036,189129.6,84.20184563892491,0.4428397312293655,,
H_IquiraI,H_IquiraI,Hidro,Surocciden,Water,2027,16.75847251685913,23294.276798434184,0.0,4.32,1198670.4392103036,189129.6,84.20184563892491,0.4428397312293655,,
H_IquiraI,H_IquiraI,Hidro,Surocciden,Water,2028,16.75847251685913,23294.276798434184,0.0,4.32,1198670.4392103036,189129.6,84.20184563892491,0.4428397312293655,,
H_IquiraI,H_IquiraI,Hidro,Surocciden,Water,2029,16.758472516859126,23294.27679843418,0.0,4.32,1198670.4392103036,189129.6,84.20184563892492,0.4428397312293654,,
H_IquiraI,H_IquiraI,Hidro,Surocciden,Water,2030,16.758472516859126,23294.27679843418,0.0,4.32,1198670.4392103036,189129.6,84.20184563892492,0.4428397312293654,,
H_IquiraI,H_IquiraI,Hidro,Surocciden,Water,2031,16.758472516859126,23294.27679843418,0.0,4.32,1198670.4392103036,189129.6,84.20184563892492,0.4428397312293654,,
H_IquiraI,H_IquiraI,Hidro,Surocciden,Water,2032,16.758472516859126,23294.27679843418,0.0,4.32,1198670.4392103036,189129.6,84.20184563892492,0.4428397312293654,,
H_IquiraI,H_IquiraI,Hidro,Surocciden,Water,2033,16.75847251685913,23294.276798434184,0.0,4.32,1198670.4392103036,189129.6,84.20184563892491,0.4428397312293655,,
H_IquiraI,H_IquiraI,Hidro,Surocciden,Water,2034,16.75847251685913,23294.276798434184,0.0,4.32,1198670.4392103036,189129.6,84.20184563892491,0.4428397312293655,,
H_IquiraI,H_IquiraI,Hidro,Surocciden,Water,2035,16.75847251685913,23294.276798434184,0.0,4.32,1198670.4392103036,189129.6,84.20184563892491,0.4428397312293655,,
H_IquiraII,H_IquiraII,Hidro,Surocciden,Water,2023,7.571213060771888,10523.986154472923,0.0,1.38,382908.6125255136,60416.399999999994,59.94402680747125,0.6262998031874037,,
H_IquiraII,H_IquiraII,Hidro,Surocciden,Water,2024,7.571213060771888,10523.986154472923,0.0,1.38,382908.6125255136,60416.399999999994,59.94402680747125,0.6262998031874037,,
H_IquiraII,H_IquiraII,Hidro,Surocciden,Water,2025,7.571213076458446,10523.98617627724,0.0,1.38,382908.6125255136,60416.399999999994,59.94402668615501,0.6262998044850147,,
H_IquiraII,H_IquiraII,Hidro,Surocciden,Water,2026,7.571213060771885,10523.986154472921,0.0,1.38,382908.6125255136,60416.399999999994,59.94402680747129,0.6262998031874035,,
H_IquiraII,H_IquiraII,Hidro,Surocciden,Water,2027,7.571213060771889,10523.986154472925,0.0,1.38,382908.6125255136,60416.399999999994,59.944026807471246,0.6262998031874039,,
H_IquiraII,H_IquiraII,Hidro,Surocciden,Water,2028,7.571213060771892,10523.986154472928,0.0,1.38,382908.6125255136,60416.399999999994,59.944026807471225,0.6262998031874041,,
H_IquiraII,H_IquiraII,Hidro,Surocciden,Water,2029,7.571213060771889,10523.986154472923,0.0,1.38,382908.6125255136,60416.399999999994,59.944026807471246,0.6262998031874039,,
H_IquiraII,H_IquiraII,Hidro,Surocciden,Water,2030,7.571213060771886,10523.986154472921,0.0,1.38,382908.6125255136,60416.399999999994,59.944026807471275,0.6262998031874036,,
H_IquiraII,H_IquiraII,Hidro,Surocciden,Water,2031,7.571213088509128,10523.986193027687,0.0,1.38,382908.6125255136,60416.399999999994,59.9440265929578,0.6262998054818615,,
H_IquiraII,H_IquiraII,Hidro,Surocciden,Water,2032,7.571213124792289,10523.98624346128,0.0,1.38,382908.6125255136,60416.399999999994,59.94402631235214,0.626299808483248,,
H_IquiraII,H_IquiraII,Hidro,Surocciden,Water,2033,7.571213089553203,10523.986194478952,0.0,1.38,382908.6125255136,60416.399999999994,59.944026584883154,0.6262998055682286,,
H_IquiraII,H_IquiraII,Hidro,Surocciden,Water,2034,7.571213124150477,10523.986242569163,0.0,1.38,382908.6125255136,60416.399999999994,59.94402631731578,0.6262998084301565,,
H_IquiraII,H_IquiraII,Hidro,Surocciden,Water,2035,7.571213060771894,10523.986154472932,0.0,1.38,382908.6125255136,60416.399999999994,59.944026807471204,0.6262998031874044,,
H_JuanGarcia,H_JuanGarcia,Hidro,Antioquia,Water,2023,22.97607604523843,31936.74570288141,0.0,4.52,1254164.4410255952,197885.59999999998,64.58834762761933,0.5802742768123011,,
H_JuanGarcia,H_JuanGarcia,Hidro,Antioquia,Water,2024,22.97607603892355,31936.74569410373,0.0,4.52,1254164.4410255952,197885.59999999998,64.58834764498913,0.5802742766528152,,
H_JuanGarcia,H_JuanGarcia,Hidro,Antioquia,Water,2025,22.976076038950318,31936.74569414094,0.0,4.52,1254164.4410255952,197885.59999999998,64.5883476449155,0.5802742766534912,,
H_JuanGarcia,H_JuanGarcia,Hidro,Antioquia,Water,2026,22.976076034266796,31936.745687630842,0.0,4.52,1254164.4410255952,197885.59999999998,64.58834765779807,0.5802742765352061,,
H_JuanGarcia,H_JuanGarcia,Hidro,Antioquia,Water,2027,22.976076053337756,31936.745714139477,0.0,4.52,1254164.4410255952,197885.59999999998,64.58834760534118,0.5802742770168544,,
H_JuanGarcia,H_JuanGarcia,Hidro,Antioquia,Water,2028,22.976076053385917,31936.745714206423,0.0,4.52,1254164.4410255952,197885.59999999998,64.58834760520872,0.5802742770180708,,
H_JuanGarcia,H_JuanGarcia,Hidro,Antioquia,Water,2029,22.976076045232674,31936.745702873413,0.0,4.52,1254164.4410255952,197885.59999999998,64.58834762763516,0.5802742768121557,,
H_JuanGarcia,H_JuanGarcia,Hidro,Antioquia,Water,2030,22.976076048152134,31936.745706931466,0.0,4.52,1254164.4410255952,197885.59999999998,64.58834761960485,0.5802742768858884,,
H_JuanGarcia,H_JuanGarcia,Hidro,Antioquia,Water,2031,22.97607604168651,31936.745697944247,0.0,4.52,1254164.4410255952,197885.59999999998,64.58834763738928,0.5802742767225955,,
H_JuanGarcia,H_JuanGarcia,Hidro,Antioquia,Water,2032,22.976076034332383,31936.74568772201,0.0,4.52,1254164.4410255952,197885.59999999998,64.58834765761766,0.5802742765368625,,
H_JuanGarcia,H_JuanGarcia,Hidro,Antioquia,Water,2033,22.97607604534924,31936.74570303544,0.0,4.52,1254164.4410255952,197885.59999999998,64.58834762731452,0.5802742768150998,,
H_JuanGarcia,H_JuanGarcia,Hidro,Antioquia,Water,2034,22.97607603086749,31936.745682905803,0.0,4.52,1254164.4410255952,197885.59999999998,64.58834766714826,0.5802742764493546,,
H_JuanGarcia,H_JuanGarcia,Hidro,Antioquia,Water,2035,22.976076021340027,31936.74566966264,0.0,4.52,1254164.4410255952,197885.59999999998,64.58834769335463,0.5802742762087331,,
H_LAGUNETA,H_LAGUNETA,Hidro,Oriental,Water,2023,125.28170375894723,174141.5682249366,0.0,18.0,4994460.163376265,788040.0,47.54598279619738,0.7945313531135667,,
H_LAGUNETA,H_LAGUNETA,Hidro,Oriental,Water,2024,125.28170376989338,174141.5682401518,0.0,18.0,4994460.163376265,788040.0,47.54598279216463,0.7945313531829867,,
H_LAGUNETA,H_LAGUNETA,Hidro,Oriental,Water,2025,125.28170367072579,174141.5681023088,0.0,18.0,4994460.163376265,788040.0,47.54598282869971,0.79453135255407,,
H_LAGUNETA,H_LAGUNETA,Hidro,Oriental,Water,2026,125.28170382370888,174141.56831495528,0.0,18.0,4994460.163376265,788040.0,47.54598277233805,0.7945313535242824,,
H_LAGUNETA,H_LAGUNETA,Hidro,Oriental,Water,2027,125.28170392295064,174141.56845290132,0.0,18.0,4994460.163376265,788040.0,47.545982735775645,0.7945313541536696,,
H_LAGUNETA,H_LAGUNETA,Hidro,Oriental,Water,2028,125.28170373661091,174141.56819388914,0.0,18.0,4994460.163376265,788040.0,47.54598280442647,0.7945313529719108,,
H_LAGUNETA,H_LAGUNETA,Hidro,Oriental,Water,2029,125.28170371771259,174141.5681676205,0.0,18.0,4994460.163376265,788040.0,47.545982811388946,0.7945313528520583,,
H_LAGUNETA,H_LAGUNETA,Hidro,Oriental,Water,2030,125.28170407499155,174141.5686642382,0.0,18.0,4994460.163376265,788040.0,47.545982679761096,0.7945313551179066,,
H_LAGUNETA,H_LAGUNETA,Hidro,Oriental,Water,2031,125.28170407436936,174141.56866337336,0.0,18.0,4994460.163376265,788040.0,47.545982679990324,0.7945313551139608,,
H_LAGUNETA,H_LAGUNETA,Hidro,Oriental,Water,2032,125.2817040101813,174141.56857415196,0.0,18.0,4994460.163376265,788040.0,47.54598270363833,0.7945313547068829,,
H_LAGUNETA,H_LAGUNETA,Hidro,Oriental,Water,2033,125.28170405120436,174141.568631174,0.0,18.0,4994460.163376265,788040.0,47.54598268852472,0.7945313549670493,,
H_LAGUNETA,H_LAGUNETA,Hidro,Oriental,Water,2034,125.28170390849208,174141.56843280396,0.0,18.0,4994460.163376265,788040.0,47.54598274110243,0.7945313540619741,,
H_LAGUNETA,H_LAGUNETA,Hidro,Oriental,Water,2035,125.28170384637079,174141.56834645537,0.0,18.0,4994460.163376265,788040.0,47.54598276398901,0.7945313536680033,,
H_LaPita,H_LaPita,Hidro,Surocciden,Water,2023,8.093075889282037,11249.375486102032,0.0,1.42,394007.41288857197,62167.6,57.756086161715295,0.6506106413018551,,
H_LaPita,H_LaPita,Hidro,Surocciden,Water,2024,8.093075915688267,11249.375522806691,0.0,1.42,394007.41288857197,62167.6,57.756085977803046,0.6506106434246789,,
H_LaPita,H_LaPita,Hidro,Surocciden,Water,2025,8.093075905581955,11249.375508758914,0.0,1.42,394007.41288857197,62167.6,57.75608604819077,0.6506106426122222,,
H_LaPita,H_LaPita,Hidro,Surocciden,Water,2026,8.093075890188205,11249.375487361605,0.0,1.42,394007.41288857197,62167.6,57.75608615540409,0.6506106413747028,,
H_LaPita,H_LaPita,Hidro,Surocciden,Water,2027,8.09307591752232,11249.375525356023,0.0,1.42,394007.41288857197,62167.6,57.75608596502936,0.6506106435721203,,
H_LaPita,H_LaPita,Hidro,Surocciden,Water,2028,8.093075889282025,11249.375486102013,0.0,1.42,394007.41288857197,62167.6,57.75608616171538,0.6506106413018541,,
H_LaPita,H_LaPita,Hidro,Surocciden,Water,2029,8.093076083007945,11249.375755381043,0.0,1.42,394007.41288857197,62167.6,57.75608481246674,0.6506106568756789,,
H_LaPita,H_LaPita,Hidro,Surocciden,Water,2030,8.093076015840605,11249.375662018441,0.0,1.42,394007.41288857197,62167.6,57.75608528026908,0.6506106514760277,,
H_LaPita,H_LaPita,Hidro,Surocciden,Water,2031,8.093075917050768,11249.375524700568,0.0,1.42,394007.41288857197,62167.6,57.75608596831359,0.6506106435342117,,
H_LaPita,H_LaPita,Hidro,Surocciden,Water,2032,8.093075996958227,11249.375635771936,0.0,1.42,394007.41288857197,62167.6,57.75608541177974,0.6506106499580541,,
H_LaPita,H_LaPita,Hidro,Surocciden,Water,2033,8.09307614056223,11249.3758353815,0.0,1.42,394007.41288857197,62167.6,57.75608441161672,0.6506106615025267,,
H_LaPita,H_LaPita,Hidro,Surocciden,Water,2034,8.093075931174209,11249.375544332146,0.0,1.42,394007.41288857197,62167.6,57.75608586994765,0.6506106446696096,,
H_LaPita,H_LaPita,Hidro,Surocciden,Water,2035,8.09307588928204,11249.375486102035,0.0,1.42,394007.41288857197,62167.6,57.756086161715274,0.6506106413018554,,
H_LaRebusca,H_LaRebusca,Hidro,Antioquia,Water,2023,5.618062476031765,7809.1068416841545,0.0,0.7,194229.0063535214,30645.999999999996,41.41714589111485,0.9161876184004835,,
H_LaRebusca,H_LaRebusca,Hidro,Antioquia,Water,2024,5.6180624758179505,7809.106841386951,0.0,0.7,194229.0063535214,30645.999999999996,41.417145892638224,0.9161876183656147,,
H_LaRebusca,H_LaRebusca,Hidro,Antioquia,Water,2025,5.618062495134234,7809.106868236586,0.0,0.7,194229.0063535214,30645.999999999996,41.41714575501503,0.9161876215156937,,
H_LaRebusca,H_LaRebusca,Hidro,Antioquia,Water,2026,5.618062466309681,7809.106828170455,0.0,0.7,194229.0063535214,30645.999999999996,41.41714596038202,0.9161876168150164,,
H_LaRebusca,H_LaRebusca,Hidro,Antioquia,Water,2027,5.618062468017447,7809.106830544251,0.0,0.7,194229.0063535214,30645.999999999996,41.41714594821466,0.916187617093517,,
H_LaRebusca,H_LaRebusca,Hidro,Antioquia,Water,2028,5.618062466934324,7809.10682903871,0.0,0.7,194229.0063535214,30645.999999999996,41.41714595593161,0.9161876169168824,,
H_LaRebusca,H_LaRebusca,Hidro,Antioquia,Water,2029,5.618062473834447,7809.106838629881,0.0,0.7,194229.0063535214,30645.999999999996,41.41714590677013,0.9161876180421472,,
H_LaRebusca,H_LaRebusca,Hidro,Antioquia,Water,2030,5.618062460478233,7809.106820064743,0.0,0.7,194229.0063535214,30645.999999999996,41.417146001929474,0.9161876158640301,,
H_LaRebusca,H_LaRebusca,Hidro,Antioquia,Water,2031,5.618062475622984,7809.106841115947,0.0,0.7,194229.0063535214,30645.999999999996,41.41714589402731,0.9161876183338198,,
H_LaRebusca,H_LaRebusca,Hidro,Antioquia,Water,2032,5.618062462252034,7809.106822530328,0.0,0.7,194229.0063535214,30645.999999999996,41.417145989291626,0.9161876161532998,,
H_LaRebusca,H_LaRebusca,Hidro,Antioquia,Water,2033,5.618062462252023,7809.1068225303125,0.0,0.7,194229.0063535214,30645.999999999996,41.41714598929171,0.9161876161532979,,
H_LaRebusca,H_LaRebusca,Hidro,Antioquia,Water,2034,5.618062462252032,7809.106822530324,0.0,0.7,194229.0063535214,30645.999999999996,41.41714598929165,0.9161876161532995,,
H_LaRebusca,H_LaRebusca,Hidro,Antioquia,Water,2035,5.618062469263105,7809.106832275714,0.0,0.7,194229.0063535214,30645.999999999996,41.41714593933969,0.9161876172966575,,
H_La_Vuelta,H_La_Vuelta,Hidro,Antioquia,Water,2023,59.338212461864615,82480.11532199179,0.0,11.6,3218652.105286926,507848.0,64.1910172649179,0.5839455642995651,,
H_La_Vuelta,H_La_Vuelta,Hidro,Antioquia,Water,2024,59.33821246909545,82480.11533204268,0.0,11.6,3218652.105286926,507848.0,64.19101725726509,0.5839455643707235,,
H_La_Vuelta,H_La_Vuelta,Hidro,Antioquia,Water,2025,59.33821245015703,82480.11530571825,0.0,11.6,3218652.105286926,507848.0,64.1910172773087,0.5839455641843511,,
H_La_Vuelta,H_La_Vuelta,Hidro,Antioquia,Water,2026,59.33821245645095,82480.11531446679,0.0,11.6,3218652.105286926,507848.0,64.19101727064749,0.5839455642462893,,
H_La_Vuelta,H_La_Vuelta,Hidro,Antioquia,Water,2027,59.33821245796378,82480.11531656966,0.0,11.6,3218652.105286926,507848.0,64.19101726904638,0.583945564261177,,
H_La_Vuelta,H_La_Vuelta,Hidro,Antioquia,Water,2028,59.33821245690224,82480.11531509411,0.0,11.6,3218652.105286926,507848.0,64.19101727016987,0.5839455642507305,,
H_La_Vuelta,H_La_Vuelta,Hidro,Antioquia,Water,2029,59.33821247759603,82480.11534385847,0.0,11.6,3218652.105286926,507848.0,64.19101724826844,0.5839455644543775,,
H_La_Vuelta,H_La_Vuelta,Hidro,Antioquia,Water,2030,59.33821244905123,82480.1153041812,0.0,11.6,3218652.105286926,507848.0,64.19101727847904,0.5839455641734689,,
H_La_Vuelta,H_La_Vuelta,Hidro,Antioquia,Water,2031,59.338212450598775,82480.11530633229,0.0,11.6,3218652.105286926,507848.0,64.19101727684118,0.5839455641886983,,
H_La_Vuelta,H_La_Vuelta,Hidro,Antioquia,Water,2032,59.33821244718754,82480.11530159066,0.0,11.6,3218652.105286926,507848.0,64.19101728045149,0.5839455641551283,,
H_La_Vuelta,H_La_Vuelta,Hidro,Antioquia,Water,2033,59.33821244195756,82480.115294321,0.0,11.6,3218652.105286926,507848.0,64.19101728598667,0.5839455641036603,,
H_La_Vuelta,H_La_Vuelta,Hidro,Antioquia,Water,2034,59.338212444200636,82480.11529743887,0.0,11.6,3218652.105286926,507848.0,64.1910172836127,0.5839455641257344,,
H_La_Vuelta,H_La_Vuelta,Hidro,Antioquia,Water,2035,59.33821244302022,82480.11529579811,0.0,11.6,3218652.105286926,507848.0,64.191017284862,0.5839455641141179,,
H_LasPalmas,H_LasPalmas,Hidro,Antioquia,Water,2023,16.413207972856142,22814.35908227004,0.0,2.8,776916.0254140856,122583.99999999999,56.193425808145605,0.6691620993499732,,
H_LasPalmas,H_LasPalmas,Hidro,Antioquia,Water,2024,16.413207980898612,22814.35909344907,0.0,2.8,776916.0254140856,122583.99999999999,56.193425781291936,0.6691620996778624,,
H_LasPalmas,H_LasPalmas,Hidro,Antioquia,Water,2025,16.413207971391948,22814.359080234804,0.0,2.8,776916.0254140856,122583.99999999999,56.19342581303453,0.6691620992902784,,
H_LasPalmas,H_LasPalmas,Hidro,Antioquia,Water,2026,16.413207979024826,22814.359090844508,0.0,2.8,776916.0254140856,122583.99999999999,56.193425787548485,0.6691620996014686,,
H_LasPalmas,H_LasPalmas,Hidro,Antioquia,Water,2027,16.41320796741953,22814.35907471315,0.0,2.8,776916.0254140856,122583.99999999999,56.193425826298366,0.6691620991283239,,
H_LasPalmas,H_LasPalmas,Hidro,Antioquia,Water,2028,16.41320798743693,22814.359102537328,0.0,2.8,776916.0254140856,122583.99999999999,56.1934257594606,0.6691620999444279,,
H_LasPalmas,H_LasPalmas,Hidro,Antioquia,Water,2029,16.413207978247314,22814.359089763762,0.0,2.8,776916.0254140856,122583.99999999999,56.193425790144566,0.6691620995697698,,
H_LasPalmas,H_LasPalmas,Hidro,Antioquia,Water,2030,16.413207966872417,22814.359073952663,0.0,2.8,776916.0254140856,122583.99999999999,56.193425828125164,0.6691620991060182,,
H_LasPalmas,H_LasPalmas,Hidro,Antioquia,Water,2031,16.413207972108204,22814.359081230403,0.0,2.8,776916.0254140856,122583.99999999999,56.19342581064296,0.6691620993194799,,
H_LasPalmas,H_LasPalmas,Hidro,Antioquia,Water,2032,16.413207966461552,22814.359073381558,0.0,2.8,776916.0254140856,122583.99999999999,56.19342582949704,0.6691620990892674,,
H_LasPalmas,H_LasPalmas,Hidro,Antioquia,Water,2033,16.413207966010923,22814.359072755182,0.0,2.8,776916.0254140856,122583.99999999999,56.19342583100168,0.6691620990708953,,
H_LasPalmas,H_LasPalmas,Hidro,Antioquia,Water,2034,16.4132079593892,22814.35906355099,0.0,2.8,776916.0254140856,122583.99999999999,56.1934258531115,0.6691620988009295,,
H_LasPalmas,H_LasPalmas,Hidro,Antioquia,Water,2035,16.413207966537634,22814.359073487314,0.0,2.8,776916.0254140856,122583.99999999999,56.193425829243004,0.6691620990923691,,
H_Libertad,H_Libertad,Hidro,Nordeste,Water,2023,3.835991327592187,5332.027945353139,0.0,1.2,332964.010891751,52536.0,101.88553765120876,0.36491546114841955,,
H_Libertad,H_Libertad,Hidro,Nordeste,Water,2024,3.835991467081473,5332.028139243247,0.0,1.2,332964.010891751,52536.0,101.88553399685999,0.3649154744179483,,
H_Libertad,H_Libertad,Hidro,Nordeste,Water,2025,3.8359914650480933,5332.028136416849,0.0,1.2,332964.010891751,52536.0,101.88553405013059,0.36491547422451415,,
H_Libertad,H_Libertad,Hidro,Nordeste,Water,2026,3.835991505379388,5332.028192477348,0.0,1.2,332964.010891751,52536.0,101.88553299352893,0.36491547806120506,,
H_Libertad,H_Libertad,Hidro,Nordeste,Water,2027,3.835991440642501,5332.028102493076,0.0,1.2,332964.010891751,52536.0,101.88553468950977,0.36491547190282536,,
H_Libertad,H_Libertad,Hidro,Nordeste,Water,2028,3.83599156326224,5332.028272934512,0.0,1.2,332964.010891751,52536.0,101.88553147711055,0.36491548356756465,,
H_Libertad,H_Libertad,Hidro,Nordeste,Water,2029,3.835991458242792,5332.02812695748,0.0,1.2,332964.010891751,52536.0,101.88553422841628,0.3649154735771301,,
H_Libertad,H_Libertad,Hidro,Nordeste,Water,2030,3.8359915784404266,5332.028294032192,0.0,1.2,332964.010891751,52536.0,101.88553107947156,0.36491548501145604,,
H_Libertad,H_Libertad,Hidro,Nordeste,Water,2031,3.8359915161463,5332.028207443356,0.0,1.2,332964.010891751,52536.0,101.88553271145673,0.3649154790854547,,
H_Libertad,H_Libertad,Hidro,Nordeste,Water,2032,3.8359915034733767,5332.028189827994,0.0,1.2,332964.010891751,52536.0,101.8855330434627,0.3649154778798874,,
H_Libertad,H_Libertad,Hidro,Nordeste,Water,2033,3.8359916075470553,5332.0283344904055,0.0,1.2,332964.010891751,52536.0,101.8855303169344,0.36491548778035143,,
H_Libertad,H_Libertad,Hidro,Nordeste,Water,2034,3.8359915587838156,5332.0282667095025,0.0,1.2,332964.010891751,52536.0,101.8855315944366,0.3649154831415349,,
H_Libertad,H_Libertad,Hidro,Nordeste,Water,2035,3.835991525669886,5332.028220681143,0.0,1.2,332964.010891751,52536.0,101.88553246195724,0.3649154799914275,,
H_LuzMaI,H_LuzMaI,Hidro,Antioquia,Water,2023,139.65120639101846,194115.17688351564,0.0,19.6,5438412.1778986,858088.0000000001,46.47733107731716,0.8133631907034434,,
H_LuzMaI,H_LuzMaI,Hidro,Antioquia,Water,2024,139.65120637842386,194115.17686600913,0.0,19.6,5438412.1778986,858088.0000000001,46.47733108138341,0.8133631906300894,,
H_LuzMaI,H_LuzMaI,Hidro,Antioquia,Water,2025,139.65120637780325,194115.1768651465,0.0,19.6,5438412.1778986,858088.0000000001,46.47733108158378,0.8133631906264748,,
H_LuzMaI,H_LuzMaI,Hidro,Antioquia,Water,2026,139.65120639713422,194115.17689201655,0.0,19.6,5438412.1778986,858088.0000000001,46.47733107534265,0.8133631907390632,,
H_LuzMaI,H_LuzMaI,Hidro,Antioquia,Water,2027,139.6512063920165,194115.17688490293,0.0,19.6,5438412.1778986,858088.0000000001,46.477331076994936,0.8133631907092562,,
H_LuzMaI,H_LuzMaI,Hidro,Antioquia,Water,2028,139.65120640622837,194115.17690465745,0.0,19.6,5438412.1778986,858088.0000000001,46.47733107240655,0.8133631907920296,,
H_LuzMaI,H_LuzMaI,Hidro,Antioquia,Water,2029,139.65120637415737,194115.1768600787,0.0,19.6,5438412.1778986,858088.0000000001,46.47733108276088,0.8133631906052402,,
H_LuzMaI,H_LuzMaI,Hidro,Antioquia,Water,2030,139.65120638377647,194115.17687344927,0.0,19.6,5438412.1778986,858088.0000000001,46.477331079655286,0.8133631906612643,,
H_LuzMaI,H_LuzMaI,Hidro,Antioquia,Water,2031,139.65120639124467,194115.17688383008,0.0,19.6,5438412.1778986,858088.0000000001,46.47733107724413,0.8133631907047609,,
H_LuzMaI,H_LuzMaI,Hidro,Antioquia,Water,2032,139.65120640889455,194115.17690836344,0.0,19.6,5438412.1778986,858088.0000000001,46.47733107154574,0.8133631908075583,,
H_LuzMaI,H_LuzMaI,Hidro,Antioquia,Water,2033,139.65120638391872,194115.17687364697,0.0,19.6,5438412.1778986,858088.0000000001,46.47733107960936,0.8133631906620928,,
H_LuzMaI,H_LuzMaI,Hidro,Antioquia,Water,2034,139.6512063815481,194115.17687035183,0.0,19.6,5438412.1778986,858088.0000000001,46.47733108037474,0.8133631906482856,,
H_LuzMaI,H_LuzMaI,Hidro,Antioquia,Water,2035,139.6512063777521,194115.17686507537,0.0,19.6,5438412.1778986,858088.0000000001,46.4773310816003,0.8133631906261768,,
H_LuzMaII,H_LuzMaII,Hidro,Antioquia,Water,2023,135.57089809567844,188443.548352993,0.0,19.6,5438412.1778986,858088.0000000001,47.83433478234302,0.7895984652856118,,
H_LuzMaII,H_LuzMaII,Hidro,Antioquia,Water,2024,135.57089813809614,188443.54841195358,0.0,19.6,5438412.1778986,858088.0000000001,47.83433476781142,0.789598465532663,,
H_LuzMaII,H_LuzMaII,Hidro,Antioquia,Water,2025,135.57089811777564,188443.5483837081,0.0,19.6,5438412.1778986,858088.0000000001,47.834334774772884,0.7895984654143114,,
H_LuzMaII,H_LuzMaII,Hidro,Antioquia,Water,2026,135.570898117181,188443.5483828816,0.0,19.6,5438412.1778986,858088.0000000001,47.834334774976604,0.7895984654108481,,
H_LuzMaII,H_LuzMaII,Hidro,Antioquia,Water,2027,135.57089811817352,188443.54838426114,0.0,19.6,5438412.1778986,858088.0000000001,47.83433477463658,0.7895984654166287,,
H_LuzMaII,H_LuzMaII,Hidro,Antioquia,Water,2028,135.570898108388,188443.54837065935,0.0,19.6,5438412.1778986,858088.0000000001,47.834334777988936,0.7895984653596354,,
H_LuzMaII,H_LuzMaII,Hidro,Antioquia,Water,2029,135.57089810024235,188443.54835933683,0.0,19.6,5438412.1778986,858088.0000000001,47.834334780779514,0.7895984653121931,,
H_LuzMaII,H_LuzMaII,Hidro,Antioquia,Water,2030,135.5708981028697,188443.54836298886,0.0,19.6,5438412.1778986,858088.0000000001,47.83433477987941,0.7895984653274956,,
H_LuzMaII,H_LuzMaII,Hidro,Antioquia,Water,2031,135.57089811389017,188443.5483783073,0.0,19.6,5438412.1778986,858088.0000000001,47.83433477610399,0.7895984653916814,,
H_LuzMaII,H_LuzMaII,Hidro,Antioquia,Water,2032,135.5708981082149,188443.54837041866,0.0,19.6,5438412.1778986,858088.0000000001,47.834334778048245,0.7895984653586272,,
H_LuzMaII,H_LuzMaII,Hidro,Antioquia,Water,2033,135.5708981148643,188443.54837966134,0.0,19.6,5438412.1778986,858088.0000000001,47.83433477577027,0.7895984653973549,,
H_LuzMaII,H_LuzMaII,Hidro,Antioquia,Water,2034,135.57089810637063,188443.54836785514,0.0,19.6,5438412.1778986,858088.0000000001,47.83433477868005,0.7895984653478858,,
H_LuzMaII,H_LuzMaII,Hidro,Antioquia,Water,2035,135.5708981264506,188443.5483957663,0.0,19.6,5438412.1778986,858088.0000000001,47.83433477180099,0.7895984654648365,,
H_Magallo,H_Magallo,Hidro,Antioquia,Water,2023,31.46598728508075,43737.72232626224,0.0,5.7,1581579.0517358172,249546.0,59.58378985778796,0.6301767861307527,,
H_Magallo,H_Magallo,Hidro,Antioquia,Water,2024,31.4659873122533,43737.72236403209,0.0,5.7,1581579.0517358172,249546.0,59.583789807534544,0.6301767866749437,,
H_Magallo,H_Magallo,Hidro,Antioquia,Water,2025,31.465987268906606,43737.722303780174,0.0,5.7,1581579.0517358172,249546.0,59.58378988770073,0.6301767858068292,,
H_Magallo,H_Magallo,Hidro,Antioquia,Water,2026,31.46598728339479,43737.72232391876,0.0,5.7,1581579.0517358172,249546.0,59.583789860906016,0.6301767860969875,,
H_Magallo,H_Magallo,Hidro,Antioquia,Water,2027,31.465987261395888,43737.72229334028,0.0,5.7,1581579.0517358172,249546.0,59.5837899015912,0.6301767856564102,,
H_Magallo,H_Magallo,Hidro,Antioquia,Water,2028,31.465987268575507,43737.722303319955,0.0,5.7,1581579.0517358172,249546.0,59.58378988831307,0.6301767858001982,,
H_Magallo,H_Magallo,Hidro,Antioquia,Water,2029,31.465987269401673,43737.72230446832,0.0,5.7,1581579.0517358172,249546.0,59.58378988678514,0.6301767858167441,,
H_Magallo,H_Magallo,Hidro,Antioquia,Water,2030,31.46598726689415,43737.72230098287,0.0,5.7,1581579.0517358172,249546.0,59.583789891422605,0.6301767857665254,,
H_Magallo,H_Magallo,Hidro,Antioquia,Water,2031,31.46598726135015,43737.7222932767,0.0,5.7,1581579.0517358172,249546.0,59.583789901675786,0.6301767856554944,,
H_Magallo,H_Magallo,Hidro,Antioquia,Water,2032,31.465987273999026,43737.72231085865,0.0,5.7,1581579.0517358172,249546.0,59.58378987828271,0.6301767859088164,,
H_Magallo,H_Magallo,Hidro,Antioquia,Water,2033,31.465987265326913,43737.72229880441,0.0,5.7,1581579.0517358172,249546.0,59.583789894321086,0.6301767857351379,,
H_Magallo,H_Magallo,Hidro,Antioquia,Water,2034,31.465987261758823,43737.72229384476,0.0,5.7,1581579.0517358172,249546.0,59.583789900919975,0.630176785663679,,
H_Magallo,H_Magallo,Hidro,Antioquia,Water,2035,31.465987269035775,43737.722303959716,0.0,5.7,1581579.0517358172,249546.0,59.58378988746185,0.6301767858094162,,
H_Mirolindo,H_Mirolindo,Hidro,Surocciden,Water,2023,21.123427549340395,29361.564293583142,0.0,3.75,1040512.5340367218,164175.0,58.42087395370831,0.6430267138307577,,
H_Mirolindo,H_Mirolindo,Hidro,Surocciden,Water,2024,21.12342754934039,29361.564293583142,0.0,3.75,1040512.5340367218,164175.0,58.42087395370832,0.6430267138307576,,
H_Mirolindo,H_Mirolindo,Hidro,Surocciden,Water,2025,21.123427549340395,29361.564293583146,0.0,3.75,1040512.5340367218,164175.0,58.42087395370831,0.6430267138307577,,
H_Mirolindo,H_Mirolindo,Hidro,Surocciden,Water,2026,21.1234275493404,29361.56429358315,0.0,3.75,1040512.5340367218,164175.0,58.42087395370831,0.6430267138307577,,
H_Mirolindo,H_Mirolindo,Hidro,Surocciden,Water,2027,21.12342754934039,29361.564293583142,0.0,3.75,1040512.5340367218,164175.0,58.42087395370832,0.6430267138307576,,
H_Mirolindo,H_Mirolindo,Hidro,Surocciden,Water,2028,21.12342754934039,29361.564293583142,0.0,3.75,1040512.5340367218,164175.0,58.42087395370832,0.6430267138307576,,
H_Mirolindo,H_Mirolindo,Hidro,Surocciden,Water,2029,21.12342754934039,29361.564293583142,0.0,3.75,1040512.5340367218,164175.0,58.42087395370832,0.6430267138307576,,
H_Mirolindo,H_Mirolindo,Hidro,Surocciden,Water,2030,21.12342754934039,29361.564293583142,0.0,3.75,1040512.5340367218,164175.0,58.42087395370832,0.6430267138307576,,
H_Mirolindo,H_Mirolindo,Hidro,Surocciden,Water,2031,21.12342754934039,29361.564293583142,0.0,3.75,1040512.5340367218,164175.0,58.42087395370832,0.6430267138307576,,
H_Mirolindo,H_Mirolindo,Hidro,Surocciden,Water,2032,21.12342754934039,29361.564293583142,0.0,3.75,1040512.5340367218,164175.0,58.42087395370832,0.6430267138307576,,
H_Mirolindo,H_Mirolindo,Hidro,Surocciden,Water,2033,21.12342754934039,29361.564293583135,0.0,3.75,1040512.5340367218,164175.0,58.42087395370832,0.6430267138307576,,
H_Mirolindo,H_Mirolindo,Hidro,Surocciden,Water,2034,21.12342754934039,29361.564293583142,0.0,3.75,1040512.5340367218,164175.0,58.42087395370832,0.6430267138307576,,
H_Mirolindo,H_Mirolindo,Hidro,Surocciden,Water,2035,21.123427549340395,29361.564293583146,0.0,3.75,1040512.5340367218,164175.0,58.42087395370831,0.6430267138307577,,
H_Mondomo,H_Mondomo,Hidro,Surocciden,Water,2023,3.347719485559421,4653.330084927594,0.0,0.75,208102.50680734438,32835.0,73.36063787651327,0.5095463448340061,,
H_Mondomo,H_Mondomo,Hidro,Surocciden,Water,2024,3.3477194855594195,4653.330084927593,0.0,0.75,208102.50680734438,32835.0,73.36063787651331,0.5095463448340058,,
H_Mondomo,H_Mondomo,Hidro,Surocciden,Water,2025,3.3477194855594186,4653.330084927591,0.0,0.75,208102.50680734438,32835.0,73.36063787651332,0.5095463448340057,,
H_Mondomo,H_Mondomo,Hidro,Surocciden,Water,2026,3.3477194855594186,4653.330084927591,0.0,0.75,208102.50680734438,32835.0,73.36063787651332,0.5095463448340057,,
H_Mondomo,H_Mondomo,Hidro,Surocciden,Water,2027,3.347719485559418,4653.330084927591,0.0,0.75,208102.50680734438,32835.0,73.36063787651334,0.5095463448340057,,
H_Mondomo,H_Mondomo,Hidro,Surocciden,Water,2028,3.347719485559418,4653.330084927591,0.0,0.75,208102.50680734438,32835.0,73.36063787651334,0.5095463448340057,,
H_Mondomo,H_Mondomo,Hidro,Surocciden,Water,2029,3.347719485559421,4653.330084927595,0.0,0.75,208102.50680734438,32835.0,73.36063787651327,0.5095463448340061,,
H_Mondomo,H_Mondomo,Hidro,Surocciden,Water,2030,3.34771948555942,4653.330084927593,0.0,0.75,208102.50680734438,32835.0,73.3606378765133,0.509546344834006,,
H_Mondomo,H_Mondomo,Hidro,Surocciden,Water,2031,3.347719485559419,4653.330084927592,0.0,0.75,208102.50680734438,32835.0,73.36063787651331,0.5095463448340058,,
H_Mondomo,H_Mondomo,Hidro,Surocciden,Water,2032,3.347719485559415,4653.3300849275865,0.0,0.75,208102.50680734438,32835.0,73.36063787651341,0.5095463448340052,,
H_Mondomo,H_Mondomo,Hidro,Surocciden,Water,2033,3.347719485559418,4653.33008492759,0.0,0.75,208102.50680734438,32835.0,73.36063787651334,0.5095463448340057,,
H_Mondomo,H_Mondomo,Hidro,Surocciden,Water,2034,3.3477194855594172,4653.33008492759,0.0,0.75,208102.50680734438,32835.0,73.36063787651335,0.5095463448340055,,
H_Mondomo,H_Mondomo,Hidro,Surocciden,Water,2035,3.3477194855594137,4653.330084927586,0.0,0.75,208102.50680734438,32835.0,73.36063787651342,0.5095463448340051,,
H_Montanitas,H_Montanitas,RunOfRiver,Antioquia,Water,2023,128.95306904315407,179244.76596998412,0.0,19.9,2412477.078915735,871221.9999999999,26.854295679669686,0.739732159904282,,
H_Montanitas,H_Montanitas,RunOfRiver,Antioquia,Water,2024,128.95306902339524,179244.76594251936,0.0,19.9,2412477.078915735,871221.9999999999,26.85429568357145,0.7397321597909366,,
H_Montanitas,H_Montanitas,RunOfRiver,Antioquia,Water,2025,128.95306903661566,179244.76596089575,0.0,19.9,2412477.078915735,871221.9999999999,26.85429568096082,0.7397321598667748,,
H_Montanitas,H_Montanitas,RunOfRiver,Antioquia,Water,2026,128.95306903098276,179244.765953066,0.0,19.9,2412477.078915735,871221.9999999999,26.854295682073143,0.7397321598344619,,
H_Montanitas,H_Montanitas,RunOfRiver,Antioquia,Water,2027,128.9530690357871,179244.76595974405,0.0,19.9,2412477.078915735,871221.9999999999,26.854295681124434,0.7397321598620218,,
H_Montanitas,H_Montanitas,RunOfRiver,Antioquia,Water,2028,128.95306902146427,179244.76593983528,0.0,19.9,2412477.078915735,871221.9999999999,26.85429568395276,0.7397321597798596,,
H_Montanitas,H_Montanitas,RunOfRiver,Antioquia,Water,2029,128.9530690410253,179244.7659670251,0.0,19.9,2412477.078915735,871221.9999999999,26.854295680090054,0.7397321598920703,,
H_Montanitas,H_Montanitas,RunOfRiver,Antioquia,Water,2030,128.95306903119607,179244.76595336254,0.0,19.9,2412477.078915735,871221.9999999999,26.854295682031026,0.7397321598356855,,
H_Montanitas,H_Montanitas,RunOfRiver,Antioquia,Water,2031,128.95306903985968,179244.76596540495,0.0,19.9,2412477.078915735,871221.9999999999,26.854295680320227,0.7397321598853839,,
H_Montanitas,H_Montanitas,RunOfRiver,Antioquia,Water,2032,128.95306902627235,179244.76594651854,0.0,19.9,2412477.078915735,871221.9999999999,26.85429568300331,0.739732159807441,,
H_Montanitas,H_Montanitas,RunOfRiver,Antioquia,Water,2033,128.9530690407228,179244.76596660467,0.0,19.9,2412477.078915735,871221.9999999999,26.854295680149786,0.7397321598903351,,
H_Montanitas,H_Montanitas,RunOfRiver,Antioquia,Water,2034,128.9530690460209,179244.765973969,0.0,19.9,2412477.078915735,871221.9999999999,26.854295679103576,0.7397321599207274,,
H_Montanitas,H_Montanitas,RunOfRiver,Antioquia,Water,2035,128.95306902850325,179244.76594961953,0.0,19.9,2412477.078915735,871221.9999999999,26.854295682562775,0.7397321598202383,,
H_MorroAzul,H_MorroAzul,Hidro,Surocciden,Water,2023,110.89835400488478,154148.71206678986,0.0,19.9,2414268.078974321,871221.9999999999,31.016139255679157,0.6361622840508752,,
H_MorroAzul,H_MorroAzul,Hidro,Surocciden,Water,2024,110.89835406461461,154148.7121498143,0.0,19.9,2414268.078974321,871221.9999999999,31.016139239722524,0.6361622843935121,,
H_MorroAzul,H_MorroAzul,Hidro,Surocciden,Water,2025,110.89835399144113,154148.71204810316,0.0,19.9,2414268.078974321,871221.9999999999,31.016139259270588,0.6361622839737564,,
H_MorroAzul,H_MorroAzul,Hidro,Surocciden,Water,2026,110.89835399030427,154148.71204652294,0.0,19.9,2414268.078974321,871221.9999999999,31.016139259574295,0.6361622839672348,,
H_MorroAzul,H_MorroAzul,Hidro,Surocciden,Water,2027,110.89835398948296,154148.7120453813,0.0,19.9,2414268.078974321,871221.9999999999,31.016139259793707,0.6361622839625235,,
H_MorroAzul,H_MorroAzul,Hidro,Surocciden,Water,2028,110.89835398948296,154148.7120453813,0.0,19.9,2414268.078974321,871221.9999999999,31.016139259793707,0.6361622839625235,,
H_MorroAzul,H_MorroAzul,Hidro,Surocciden,Water,2029,110.89835398948296,154148.7120453813,0.0,19.9,2414268.078974321,871221.9999999999,31.016139259793707,0.6361622839625235,,
H_MorroAzul,H_MorroAzul,Hidro,Surocciden,Water,2030,110.89835398948297,154148.7120453813,0.0,19.9,2414268.078974321,871221.9999999999,31.0161392597937,0.6361622839625236,,
H_MorroAzul,H_MorroAzul,Hidro,Surocciden,Water,2031,110.89835398948296,154148.7120453813,0.0,19.9,2414268.078974321,871221.9999999999,31.016139259793707,0.6361622839625235,,
H_MorroAzul,H_MorroAzul,Hidro,Surocciden,Water,2032,110.89835398948296,154148.7120453813,0.0,19.9,2414268.078974321,871221.9999999999,31.016139259793707,0.6361622839625235,,
H_MorroAzul,H_MorroAzul,Hidro,Surocciden,Water,2033,110.89835398948296,154148.7120453813,0.0,19.9,2414268.078974321,871221.9999999999,31.016139259793707,0.6361622839625235,,
H_MorroAzul,H_MorroAzul,Hidro,Surocciden,Water,2034,110.89835398948297,154148.7120453813,0.0,19.9,2414268.078974321,871221.9999999999,31.0161392597937,0.6361622839625236,,
H_MorroAzul,H_MorroAzul,Hidro,Surocciden,Water,2035,110.89835398948296,154148.7120453813,0.0,19.9,2414268.078974321,871221.9999999999,31.016139259793707,0.6361622839625235,,
H_Municipal,H_Municipal,Hidro,Surocciden,Water,2023,7.834011943002853,10889.276600773966,0.0,1.4,388458.0127070428,61291.99999999999,58.79992175902265,0.6387811434281516,,
H_Municipal,H_Municipal,Hidro,Surocciden,Water,2024,7.834011956413292,10889.276619414475,0.0,1.4,388458.0127070428,61291.99999999999,58.799921660747046,0.6387811445216317,,
H_Municipal,H_Municipal,Hidro,Surocciden,Water,2025,7.834011998502085,10889.276677917896,0.0,1.4,388458.0127070428,61291.99999999999,58.79992135230812,0.6387811479535294,,
H_Municipal,H_Municipal,Hidro,Surocciden,Water,2026,7.834011984378856,10889.276658286608,0.0,1.4,388458.0127070428,61291.99999999999,58.79992145580725,0.6387811468019289,,
H_Municipal,H_Municipal,Hidro,Surocciden,Water,2027,7.834012048054496,10889.27674679575,0.0,1.4,388458.0127070428,61291.99999999999,58.79992098917362,0.6387811519940064,,
H_Municipal,H_Municipal,Hidro,Surocciden,Water,2028,7.8340121169626595,10889.276842578096,0.0,1.4,388458.0127070428,61291.99999999999,58.79992048419454,0.6387811576127411,,
H_Municipal,H_Municipal,Hidro,Surocciden,Water,2029,7.834012193667343,10889.276949197607,0.0,1.4,388458.0127070428,61291.99999999999,58.7999199220803,0.6387811638672001,,
H_Municipal,H_Municipal,Hidro,Surocciden,Water,2030,7.834012283794367,10889.27707447417,0.0,1.4,388458.0127070428,61291.99999999999,58.79991926160326,0.6387811712161094,,
H_Municipal,H_Municipal,Hidro,Surocciden,Water,2031,7.834012353405497,10889.27717123364,0.0,1.4,388458.0127070428,61291.99999999999,58.79991875147267,0.6387811768921637,,
H_Municipal,H_Municipal,Hidro,Surocciden,Water,2032,7.834012321184957,10889.277126447088,0.0,1.4,388458.0127070428,61291.99999999999,58.79991898759415,0.6387811742649181,,
H_Municipal,H_Municipal,Hidro,Surocciden,Water,2033,7.83401217656726,10889.27692542849,0.0,1.4,388458.0127070428,61291.99999999999,58.79992004739468,0.6387811624728684,,
H_Municipal,H_Municipal,Hidro,Surocciden,Water,2034,7.834012021757292,10889.276710242635,0.0,1.4,388458.0127070428,61291.99999999999,58.79992118188718,0.6387811498497464,,
H_Municipal,H_Municipal,Hidro,Surocciden,Water,2035,7.8340122345844385,10889.277006072369,0.0,1.4,388458.0127070428,61291.99999999999,58.799919622227925,0.6387811672035582,,
H_Naveta,H_Naveta,Hidro,Oriental,Water,2023,27.85928322054178,38724.40367655307,0.0,4.8,1331856.043567004,210144.0,56.739595011476275,0.6625590568051221,,
H_Naveta,H_Naveta,Hidro,Oriental,Water,2024,27.85928331717601,38724.40381087465,0.0,4.8,1331856.043567004,210144.0,56.73959481948764,0.6625590591033107,,
H_Naveta,H_Naveta,Hidro,Oriental,Water,2025,27.859283280254473,38724.40375955371,0.0,4.8,1331856.043567004,210144.0,56.73959489284173,0.6625590582252299,,
H_Naveta,H_Naveta,Hidro,Oriental,Water,2026,27.859282645321766,38724.40287699725,0.0,4.8,1331856.043567004,210144.0,56.73959615429804,0.662559043125042,,
H_Naveta,H_Naveta,Hidro,Oriental,Water,2027,27.859282728475947,38724.402992581556,0.0,4.8,1331856.043567004,210144.0,56.73959598909098,0.6625590451026433,,
H_Naveta,H_Naveta,Hidro,Oriental,Water,2028,27.859282642387846,38724.402872919105,0.0,4.8,1331856.043567004,210144.0,56.73959616012703,0.6625590430552664,,
H_Naveta,H_Naveta,Hidro,Oriental,Water,2029,27.85928264181517,38724.402872123086,0.0,4.8,1331856.043567004,210144.0,56.73959616126479,0.6625590430416468,,
H_Naveta,H_Naveta,Hidro,Oriental,Water,2030,27.859282644570904,38724.40287595354,0.0,4.8,1331856.043567004,210144.0,56.739596155789826,0.6625590431071846,,
H_Naveta,H_Naveta,Hidro,Oriental,Water,2031,27.859282665579045,38724.402905154864,0.0,4.8,1331856.043567004,210144.0,56.73959611405178,0.6625590436068074,,
H_Naveta,H_Naveta,Hidro,Oriental,Water,2032,27.859282644815124,38724.402876293025,0.0,4.8,1331856.043567004,210144.0,56.73959615530462,0.6625590431129929,,
H_Naveta,H_Naveta,Hidro,Oriental,Water,2033,27.859282660807168,38724.40289852196,0.0,4.8,1331856.043567004,210144.0,56.73959612353233,0.662559043493321,,
H_Naveta,H_Naveta,Hidro,Oriental,Water,2034,27.859282625705873,38724.40284973116,0.0,4.8,1331856.043567004,210144.0,56.73959619327004,0.6625590426585299,,
H_Naveta,H_Naveta,Hidro,Oriental,Water,2035,27.85928262730954,38724.40285196026,0.0,4.8,1331856.043567004,210144.0,56.73959619008394,0.662559042696669,,
H_Nima,H_Nima,Hidro,Surocciden,Water,2023,29.870836493377922,41520.46272579531,0.0,6.7,1859049.0608122763,293326.0,73.44606917936287,0.5089422151805684,,
H_Nima,H_Nima,Hidro,Surocciden,Water,2024,29.870836493377922,41520.46272579531,0.0,6.7,1859049.0608122763,293326.0,73.44606917936287,0.5089422151805684,,
H_Nima,H_Nima,Hidro,Surocciden,Water,2025,29.870836493377922,41520.46272579531,0.0,6.7,1859049.0608122763,293326.0,73.44606917936287,0.5089422151805684,,
H_Nima,H_Nima,Hidro,Surocciden,Water,2026,29.870836493377926,41520.46272579532,0.0,6.7,1859049.0608122763,293326.0,73.44606917936285,0.5089422151805684,,
H_Nima,H_Nima,Hidro,Surocciden,Water,2027,29.870836493377922,41520.46272579531,0.0,6.7,1859049.0608122763,293326.0,73.44606917936287,0.5089422151805684,,
H_Nima,H_Nima,Hidro,Surocciden,Water,2028,29.870836493377922,41520.46272579531,0.0,6.7,1859049.0608122763,293326.0,73.44606917936287,0.5089422151805684,,
H_Nima,H_Nima,Hidro,Surocciden,Water,2029,29.870836493377926,41520.46272579531,0.0,6.7,1859049.0608122763,293326.0,73.44606917936285,0.5089422151805684,,
H_Nima,H_Nima,Hidro,Surocciden,Water,2030,29.870836493377926,41520.46272579531,0.0,6.7,1859049.0608122763,293326.0,73.44606917936285,0.5089422151805684,,
H_Nima,H_Nima,Hidro,Surocciden,Water,2031,29.870836493377922,41520.46272579531,0.0,6.7,1859049.0608122763,293326.0,73.44606917936287,0.5089422151805684,,
H_Nima,H_Nima,Hidro,Surocciden,Water,2032,29.870836493377922,41520.46272579531,0.0,6.7,1859049.0608122763,293326.0,73.44606917936287,0.5089422151805684,,
H_Nima,H_Nima,Hidro,Surocciden,Water,2033,29.870836493377922,41520.46272579531,0.0,6.7,1859049.0608122763,293326.0,73.44606917936287,0.5089422151805684,,
H_Nima,H_Nima,Hidro,Surocciden,Water,2034,29.870836493377926,41520.46272579531,0.0,6.7,1859049.0608122763,293326.0,73.44606917936285,0.5089422151805684,,
H_Nima,H_Nima,Hidro,Surocciden,Water,2035,29.870836493377922,41520.46272579532,0.0,6.7,1859049.0608122763,293326.0,73.44606917936287,0.5089422151805684,,
H_Niquia,H_Niquia,Hidro,Antioquia,Water,2023,110.84476204902553,154074.21924814547,0.0,19.0,5271930.172452724,831820.0,56.4557519545497,0.6659742973385335,,
H_Niquia,H_Niquia,Hidro,Antioquia,Water,2024,110.84476206305577,154074.21926764748,0.0,19.0,5271930.172452724,831820.0,56.45575194757972,0.6659742974228294,,
H_Niquia,H_Niquia,Hidro,Antioquia,Water,2025,110.84476206406171,154074.21926904577,0.0,19.0,5271930.172452724,831820.0,56.45575194707998,0.6659742974288734,,
H_Niquia,H_Niquia,Hidro,Antioquia,Water,2026,110.84476205714886,154074.21925943688,0.0,19.0,5271930.172452724,831820.0,56.45575195051418,0.6659742973873397,,
H_Niquia,H_Niquia,Hidro,Antioquia,Water,2027,110.84476205679346,154074.21925894287,0.0,19.0,5271930.172452724,831820.0,56.455751950690725,0.6659742973852044,,
H_Niquia,H_Niquia,Hidro,Antioquia,Water,2028,110.84476205742976,154074.21925982734,0.0,19.0,5271930.172452724,831820.0,56.45575195037462,0.6659742973890275,,
H_Niquia,H_Niquia,Hidro,Antioquia,Water,2029,110.84476206892523,154074.21927580604,0.0,19.0,5271930.172452724,831820.0,56.45575194466387,0.6659742974580943,,
H_Niquia,H_Niquia,Hidro,Antioquia,Water,2030,110.84476204870035,154074.21924769343,0.0,19.0,5271930.172452724,831820.0,56.45575195471124,0.6659742973365796,,
H_Niquia,H_Niquia,Hidro,Antioquia,Water,2031,110.84476204869624,154074.21924768772,0.0,19.0,5271930.172452724,831820.0,56.45575195471328,0.665974297336555,,
H_Niquia,H_Niquia,Hidro,Antioquia,Water,2032,110.84476205632092,154074.21925828606,0.0,19.0,5271930.172452724,831820.0,56.455751950925475,0.6659742973823654,,
H_Niquia,H_Niquia,Hidro,Antioquia,Water,2033,110.8447620601193,154074.21926356578,0.0,19.0,5271930.172452724,831820.0,56.45575194903851,0.6659742974051867,,
H_Niquia,H_Niquia,Hidro,Antioquia,Water,2034,110.8447620566715,154074.21925877334,0.0,19.0,5271930.172452724,831820.0,56.455751950751306,0.6659742973844718,,
H_Niquia,H_Niquia,Hidro,Antioquia,Water,2035,110.84476204961503,154074.21924896486,0.0,19.0,5271930.172452724,831820.0,56.45575195425684,0.6659742973420752,,
H_Nuevoliba,H_Nuevoliba,Hidro,Surocciden,Water,2023,23.558997886941924,32747.00706284927,0.0,5.1,1415097.0462899415,223277.99999999997,70.93349476800309,0.5273300628288549,,
H_Nuevoliba,H_Nuevoliba,Hidro,Surocciden,Water,2024,23.558997886941924,32747.00706284927,0.0,5.1,1415097.0462899415,223277.99999999997,70.93349476800309,0.5273300628288549,,
H_Nuevoliba,H_Nuevoliba,Hidro,Surocciden,Water,2025,23.558997886941924,32747.00706284927,0.0,5.1,1415097.0462899415,223277.99999999997,70.93349476800309,0.5273300628288549,,
H_Nuevoliba,H_Nuevoliba,Hidro,Surocciden,Water,2026,23.558997886941924,32747.00706284927,0.0,5.1,1415097.0462899415,223277.99999999997,70.93349476800309,0.5273300628288549,,
H_Nuevoliba,H_Nuevoliba,Hidro,Surocciden,Water,2027,23.558997886941924,32747.00706284927,0.0,5.1,1415097.0462899415,223277.99999999997,70.93349476800309,0.5273300628288549,,
H_Nuevoliba,H_Nuevoliba,Hidro,Surocciden,Water,2028,23.558997886941924,32747.00706284927,0.0,5.1,1415097.0462899415,223277.99999999997,70.93349476800309,0.5273300628288549,,
H_Nuevoliba,H_Nuevoliba,Hidro,Surocciden,Water,2029,23.558997886941928,32747.007062849276,0.0,5.1,1415097.0462899415,223277.99999999997,70.93349476800309,0.527330062828855,,
H_Nuevoliba,H_Nuevoliba,Hidro,Surocciden,Water,2030,23.558997886941924,32747.00706284927,0.0,5.1,1415097.0462899415,223277.99999999997,70.93349476800309,0.5273300628288549,,
H_Nuevoliba,H_Nuevoliba,Hidro,Surocciden,Water,2031,23.558997886941924,32747.00706284927,0.0,5.1,1415097.0462899415,223277.99999999997,70.93349476800309,0.5273300628288549,,
H_Nuevoliba,H_Nuevoliba,Hidro,Surocciden,Water,2032,23.558997886941924,32747.00706284927,0.0,5.1,1415097.0462899415,223277.99999999997,70.93349476800309,0.5273300628288549,,
H_Nuevoliba,H_Nuevoliba,Hidro,Surocciden,Water,2033,23.558997886941924,32747.007062849272,0.0,5.1,1415097.0462899415,223277.99999999997,70.93349476800309,0.5273300628288549,,
H_Nuevoliba,H_Nuevoliba,Hidro,Surocciden,Water,2034,23.558997886941924,32747.00706284927,0.0,5.1,1415097.0462899415,223277.99999999997,70.93349476800309,0.5273300628288549,,
H_Nuevoliba,H_Nuevoliba,Hidro,Surocciden,Water,2035,23.558997886941924,32747.00706284927,0.0,5.1,1415097.0462899415,223277.99999999997,70.93349476800309,0.5273300628288549,,
H_Oibita,H_Oibita,Hidro,Nordeste,Water,2023,97.51561646982105,135546.70689305125,0.0,19.9,5521653.180621536,871221.9999999999,66.9474503043827,0.5593929491625997,,
H_Oibita,H_Oibita,Hidro,Nordeste,Water,2024,97.51561639127877,135546.7067838775,0.0,19.9,5521653.180621536,871221.9999999999,66.94745035718482,0.5593929487120464,,
H_Oibita,H_Oibita,Hidro,Nordeste,Water,2025,97.51561645103413,135546.70686693746,0.0,19.9,5521653.180621536,871221.9999999999,66.9474503170127,0.5593929490548296,,
H_Oibita,H_Oibita,Hidro,Nordeste,Water,2026,97.51561639035963,135546.70678259985,0.0,19.9,5521653.180621536,871221.9999999999,66.94745035780274,0.5593929487067737,,
H_Oibita,H_Oibita,Hidro,Nordeste,Water,2027,97.51561640787415,135546.70680694503,0.0,19.9,5521653.180621536,871221.9999999999,66.94745034602813,0.5593929488072447,,
H_Oibita,H_Oibita,Hidro,Nordeste,Water,2028,97.51561638564603,135546.70677604797,0.0,19.9,5521653.180621536,871221.9999999999,66.94745036097157,0.5593929486797344,,
H_Oibita,H_Oibita,Hidro,Nordeste,Water,2029,97.51561644613564,135546.70686012853,0.0,19.9,5521653.180621536,871221.9999999999,66.94745032030585,0.5593929490267296,,
H_Oibita,H_Oibita,Hidro,Nordeste,Water,2030,97.51561644724286,135546.70686166757,0.0,19.9,5521653.180621536,871221.9999999999,66.94745031956148,0.5593929490330812,,
H_Oibita,H_Oibita,Hidro,Nordeste,Water,2031,97.51561636606661,135546.7067488326,0.0,19.9,5521653.180621536,871221.9999999999,66.94745037413436,0.5593929485674182,,
H_Oibita,H_Oibita,Hidro,Nordeste,Water,2032,97.51561632668155,135546.70669408736,0.0,19.9,5521653.180621536,871221.9999999999,66.947450400612,0.5593929483414879,,
H_Oibita,H_Oibita,Hidro,Nordeste,Water,2033,97.51561632645826,135546.70669377694,0.0,19.9,5521653.180621536,871221.9999999999,66.94745040076212,0.559392948340207,,
H_Oibita,H_Oibita,Hidro,Nordeste,Water,2034,97.51561636525838,135546.70674770916,0.0,19.9,5521653.180621536,871221.9999999999,66.94745037467771,0.5593929485627818,,
H_Oibita,H_Oibita,Hidro,Nordeste,Water,2035,97.51561630600614,135546.70666534855,0.0,19.9,5521653.180621536,871221.9999999999,66.9474504145116,0.5593929482228845,,
H_Ovejas,H_Ovejas,Hidro,Surocciden,Water,2023,6.345266110776954,8819.919893979964,0.0,0.8199999999999998,227525.40744269648,35899.59999999999,42.905202490134975,0.8833481054094212,,
H_Ovejas,H_Ovejas,Hidro,Surocciden,Water,2024,6.345266110776955,8819.919893979966,0.0,0.8199999999999998,227525.40744269648,35899.59999999999,42.90520249013497,0.8833481054094214,,
H_Ovejas,H_Ovejas,Hidro,Surocciden,Water,2025,6.345266110776954,8819.919893979966,0.0,0.8199999999999998,227525.40744269648,35899.59999999999,42.905202490134975,0.8833481054094212,,
H_Ovejas,H_Ovejas,Hidro,Surocciden,Water,2026,6.345266110776953,8819.919893979964,0.0,0.8199999999999998,227525.40744269648,35899.59999999999,42.90520249013499,0.883348105409421,,
H_Ovejas,H_Ovejas,Hidro,Surocciden,Water,2027,6.345266110776956,8819.919893979968,0.0,0.8199999999999998,227525.40744269648,35899.59999999999,42.90520249013497,0.8833481054094214,,
H_Ovejas,H_Ovejas,Hidro,Surocciden,Water,2028,6.345266110776954,8819.919893979966,0.0,0.8199999999999998,227525.40744269648,35899.59999999999,42.905202490134975,0.8833481054094212,,
H_Ovejas,H_Ovejas,Hidro,Surocciden,Water,2029,6.345266110776953,8819.919893979964,0.0,0.8199999999999998,227525.40744269648,35899.59999999999,42.90520249013499,0.883348105409421,,
H_Ovejas,H_Ovejas,Hidro,Surocciden,Water,2030,6.345266110776954,8819.919893979964,0.0,0.8199999999999998,227525.40744269648,35899.59999999999,42.905202490134975,0.8833481054094212,,
H_Ovejas,H_Ovejas,Hidro,Surocciden,Water,2031,6.345266110776954,8819.919893979966,0.0,0.8199999999999998,227525.40744269648,35899.59999999999,42.905202490134975,0.8833481054094212,,
H_Ovejas,H_Ovejas,Hidro,Surocciden,Water,2032,6.345266110776954,8819.919893979966,0.0,0.8199999999999998,227525.40744269648,35899.59999999999,42.905202490134975,0.8833481054094212,,
H_Ovejas,H_Ovejas,Hidro,Surocciden,Water,2033,6.345266110776954,8819.919893979966,0.0,0.8199999999999998,227525.40744269648,35899.59999999999,42.905202490134975,0.8833481054094212,,
H_Ovejas,H_Ovejas,Hidro,Surocciden,Water,2034,6.345266110776954,8819.919893979966,0.0,0.8199999999999998,227525.40744269648,35899.59999999999,42.905202490134975,0.8833481054094212,,
H_Ovejas,H_Ovejas,Hidro,Surocciden,Water,2035,6.345266110776954,8819.919893979964,0.0,0.8199999999999998,227525.40744269648,35899.59999999999,42.905202490134975,0.8833481054094212,,
H_PAGUA,H_PAGUA,Hidro,Surocciden,Water,2023,3556.5796590474265,4943645.726075921,0.0,600.0,71118002.32637627,26268000.0,28.771926362492767,0.6766704069724935,,
H_PAGUA,H_PAGUA,Hidro,Surocciden,Water,2024,3556.5796590526206,4943645.726083143,0.0,600.0,71118002.32637627,26268000.0,28.77192636245278,0.6766704069734817,,
H_PAGUA,H_PAGUA,Hidro,Surocciden,Water,2025,3556.5796590462787,4943645.726074327,0.0,600.0,71118002.32637627,26268000.0,28.771926362501606,0.6766704069722751,,
H_PAGUA,H_PAGUA,Hidro,Surocciden,Water,2026,3556.5796590480327,4943645.726076765,0.0,600.0,71118002.32637627,26268000.0,28.771926362488106,0.6766704069726088,,
H_PAGUA,H_PAGUA,Hidro,Surocciden,Water,2027,3556.5796590486157,4943645.726077576,0.0,600.0,71118002.32637627,26268000.0,28.771926362483615,0.6766704069727197,,
H_PAGUA,H_PAGUA,Hidro,Surocciden,Water,2028,3556.5796590429572,4943645.72606971,0.0,600.0,71118002.32637627,26268000.0,28.771926362527175,0.6766704069716432,,
H_PAGUA,H_PAGUA,Hidro,Surocciden,Water,2029,3556.57965904716,4943645.726075552,0.0,600.0,71118002.32637627,26268000.0,28.771926362494817,0.6766704069724429,,
H_PAGUA,H_PAGUA,Hidro,Surocciden,Water,2030,3556.5796590505734,4943645.726080297,0.0,600.0,71118002.32637627,26268000.0,28.771926362468545,0.6766704069730921,,
H_PAGUA,H_PAGUA,Hidro,Surocciden,Water,2031,3556.579659055021,4943645.726086479,0.0,600.0,71118002.32637627,26268000.0,28.771926362434304,0.6766704069739383,,
H_PAGUA,H_PAGUA,Hidro,Surocciden,Water,2032,3556.579659055188,4943645.7260867115,0.0,600.0,71118002.32637627,26268000.0,28.77192636243301,0.6766704069739703,,
H_PAGUA,H_PAGUA,Hidro,Surocciden,Water,2033,3556.5796590536397,4943645.726084558,0.0,600.0,71118002.32637627,26268000.0,28.771926362444937,0.6766704069736755,,
H_PAGUA,H_PAGUA,Hidro,Surocciden,Water,2034,3556.579659053737,4943645.726084694,0.0,600.0,71118002.32637627,26268000.0,28.771926362444187,0.6766704069736941,,
H_PAGUA,H_PAGUA,Hidro,Surocciden,Water,2035,3556.5796590573354,4943645.7260896955,0.0,600.0,71118002.32637627,26268000.0,28.771926362416483,0.6766704069743787,,
H_Pajarito,H_Pajarito,Hidro,Antioquia,Water,2023,68.36810219417109,95031.6620498978,0.0,13.2,3662604.1198092606,577896.0,63.41454044674062,0.5912558997005247,,
H_Pajarito,H_Pajarito,Hidro,Antioquia,Water,2024,68.36810220288848,95031.66206201496,0.0,13.2,3662604.1198092606,577896.0,63.414540438832084,0.5912558997759139,,
H_Pajarito,H_Pajarito,Hidro,Antioquia,Water,2025,68.36810219580045,95031.66205216259,0.0,13.2,3662604.1198092606,577896.0,63.414540445262446,0.5912558997146156,,
H_Pajarito,H_Pajarito,Hidro,Antioquia,Water,2026,68.36810219393925,95031.66204957553,0.0,13.2,3662604.1198092606,577896.0,63.414540446950944,0.5912558996985198,,
H_Pajarito,H_Pajarito,Hidro,Antioquia,Water,2027,68.36810219417754,95031.66204990676,0.0,13.2,3662604.1198092606,577896.0,63.414540446734755,0.5912558997005806,,
H_Pajarito,H_Pajarito,Hidro,Antioquia,Water,2028,68.36810220008324,95031.6620581157,0.0,13.2,3662604.1198092606,577896.0,63.41454044137703,0.5912558997516538,,
H_Pajarito,H_Pajarito,Hidro,Antioquia,Water,2029,68.36810218597294,95031.66203850237,0.0,13.2,3662604.1198092606,577896.0,63.414540454178095,0.5912558996296261,,
H_Pajarito,H_Pajarito,Hidro,Antioquia,Water,2030,68.368102216821,95031.66208138119,0.0,13.2,3662604.1198092606,577896.0,63.41454042619228,0.591255899896404,,
H_Pajarito,H_Pajarito,Hidro,Antioquia,Water,2031,68.36810219240459,95031.6620474424,0.0,13.2,3662604.1198092606,577896.0,63.4145404483432,0.5912558996852478,,
H_Pajarito,H_Pajarito,Hidro,Antioquia,Water,2032,68.36810218751094,95031.6620406402,0.0,13.2,3662604.1198092606,577896.0,63.4145404527828,0.591255899642927,,
H_Pajarito,H_Pajarito,Hidro,Antioquia,Water,2033,68.36810219297053,95031.66204822905,0.0,13.2,3662604.1198092606,577896.0,63.41454044782978,0.5912558996901421,,
H_Pajarito,H_Pajarito,Hidro,Antioquia,Water,2034,68.36810221594187,95031.66208015919,0.0,13.2,3662604.1198092606,577896.0,63.41454042698984,0.5912558998888012,,
H_Pajarito,H_Pajarito,Hidro,Antioquia,Water,2035,68.36810220380315,95031.66206328638,0.0,13.2,3662604.1198092606,577896.0,63.41454043800227,0.591255899783824,,
H_PalmasSanGil,H_PalmasSanGil,Hidro,Nordeste,Water,2023,58.74217093084134,81651.61759386947,0.0,15.0,4162050.136146887,656700.0,83.42221058717978,0.4470484850140132,,
H_PalmasSanGil,H_PalmasSanGil,Hidro,Nordeste,Water,2024,58.74217091925325,81651.617577762,0.0,15.0,4162050.136146887,656700.0,83.4222106033623,0.4470484849258237,,
H_PalmasSanGil,H_PalmasSanGil,Hidro,Nordeste,Water,2025,58.74217089436994,81651.61754317422,0.0,15.0,4162050.136146887,656700.0,83.42221063811132,0.44704848473645303,,
H_PalmasSanGil,H_PalmasSanGil,Hidro,Nordeste,Water,2026,58.742170737513334,81651.61732514354,0.0,15.0,4162050.136146887,656700.0,83.42221085715829,0.44704848354271937,,
H_PalmasSanGil,H_PalmasSanGil,Hidro,Nordeste,Water,2027,58.742170976115744,81651.61765680088,0.0,15.0,4162050.136146887,656700.0,83.42221052395502,0.4470484853585672,,
H_PalmasSanGil,H_PalmasSanGil,Hidro,Nordeste,Water,2028,58.74217086652274,81651.6175044666,0.0,15.0,4162050.136146887,656700.0,83.42221067699934,0.4470484845245261,,
H_PalmasSanGil,H_PalmasSanGil,Hidro,Nordeste,Water,2029,58.742170810753024,81651.6174269467,0.0,15.0,4162050.136146887,656700.0,83.4222107548806,0.447048484100099,,
H_PalmasSanGil,H_PalmasSanGil,Hidro,Nordeste,Water,2030,58.74217092379641,81651.617584077,0.0,15.0,4162050.136146887,656700.0,83.42221059701787,0.44704848496039873,,
H_PalmasSanGil,H_PalmasSanGil,Hidro,Nordeste,Water,2031,58.74217078456691,81651.617390548,0.0,15.0,4162050.136146887,656700.0,83.42221079144896,0.4470484839008135,,
H_PalmasSanGil,H_PalmasSanGil,Hidro,Nordeste,Water,2032,58.7421708037168,81651.61741716636,0.0,15.0,4162050.136146887,656700.0,83.42221076470652,0.44704848404655095,,
H_PalmasSanGil,H_PalmasSanGil,Hidro,Nordeste,Water,2033,58.74217082573581,81651.61744777276,0.0,15.0,4162050.136146887,656700.0,83.42221073395746,0.4470484842141233,,
H_PalmasSanGil,H_PalmasSanGil,Hidro,Nordeste,Water,2034,58.742170865966614,81651.61750369359,0.0,15.0,4162050.136146887,656700.0,83.42221067777598,0.4470484845202938,,
H_PalmasSanGil,H_PalmasSanGil,Hidro,Nordeste,Water,2035,58.742170839683666,81651.61746716028,0.0,15.0,4162050.136146887,656700.0,83.42221071447956,0.4470484843202714,,
H_Pastales,H_Pastales,Hidro,Surocciden,Water,2023,4.901673406568261,6813.326035129881,0.0,0.7,194229.0063535214,30645.999999999996,47.26719084918796,0.7993596553438127,,
H_Pastales,H_Pastales,Hidro,Surocciden,Water,2024,4.901673406568261,6813.326035129881,0.0,0.7,194229.0063535214,30645.999999999996,47.26719084918796,0.7993596553438127,,
H_Pastales,H_Pastales,Hidro,Surocciden,Water,2025,4.901673406568258,6813.326035129878,0.0,0.7,194229.0063535214,30645.999999999996,47.26719084918799,0.7993596553438123,,
H_Pastales,H_Pastales,Hidro,Surocciden,Water,2026,4.901673406568259,6813.326035129878,0.0,0.7,194229.0063535214,30645.999999999996,47.26719084918798,0.7993596553438124,,
H_Pastales,H_Pastales,Hidro,Surocciden,Water,2027,4.901673406568263,6813.326035129885,0.0,0.7,194229.0063535214,30645.999999999996,47.26719084918794,0.7993596553438131,,
H_Pastales,H_Pastales,Hidro,Surocciden,Water,2028,4.901673406568261,6813.32603512988,0.0,0.7,194229.0063535214,30645.999999999996,47.26719084918796,0.7993596553438127,,
H_Pastales,H_Pastales,Hidro,Surocciden,Water,2029,4.901673406568264,6813.326035129887,0.0,0.7,194229.0063535214,30645.999999999996,47.267190849187934,0.7993596553438134,,
H_Pastales,H_Pastales,Hidro,Surocciden,Water,2030,4.901673406568264,6813.326035129887,0.0,0.7,194229.0063535214,30645.999999999996,47.267190849187934,0.7993596553438134,,
H_Pastales,H_Pastales,Hidro,Surocciden,Water,2031,4.901673406568259,6813.3260351298795,0.0,0.7,194229.0063535214,30645.999999999996,47.26719084918798,0.7993596553438124,,
H_Pastales,H_Pastales,Hidro,Surocciden,Water,2032,4.901673406568261,6813.326035129881,0.0,0.7,194229.0063535214,30645.999999999996,47.26719084918796,0.7993596553438127,,
H_Pastales,H_Pastales,Hidro,Surocciden,Water,2033,4.901673406568261,6813.326035129881,0.0,0.7,194229.0063535214,30645.999999999996,47.26719084918796,0.7993596553438127,,
H_Pastales,H_Pastales,Hidro,Surocciden,Water,2034,4.901673406568262,6813.326035129882,0.0,0.7,194229.0063535214,30645.999999999996,47.267190849187955,0.799359655343813,,
H_Pastales,H_Pastales,Hidro,Surocciden,Water,2035,4.901673406568261,6813.32603512988,0.0,0.7,194229.0063535214,30645.999999999996,47.26719084918796,0.7993596553438127,,
H_PaticoCab,H_PaticoCab,Hidro,Surocciden,Water,2023,7.704146303988026,10708.763362543354,0.0,1.48,410655.61343315954,64794.4,63.103523429201296,0.5942356460560922,,
H_PaticoCab,H_PaticoCab,Hidro,Surocciden,Water,2024,7.704146305751493,10708.763364994575,0.0,1.48,410655.61343315954,64794.4,63.10352341507516,0.5942356461921119,,
H_PaticoCab,H_PaticoCab,Hidro,Surocciden,Water,2025,7.704146289478751,10708.763342375465,0.0,1.48,410655.61343315954,64794.4,63.10352354542682,0.5942356449369639,,
H_PaticoCab,H_PaticoCab,Hidro,Surocciden,Water,2026,7.704146411844049,10708.763512463227,0.0,1.48,410655.61343315954,64794.4,63.1035225652282,0.5942356543752351,,
H_PaticoCab,H_PaticoCab,Hidro,Surocciden,Water,2027,7.7041462490851504,10708.763286228357,0.0,1.48,410655.61343315954,64794.4,63.10352386899692,0.5942356418213277,,
H_PaticoCab,H_PaticoCab,Hidro,Surocciden,Water,2028,7.704146234646577,10708.763266158741,0.0,1.48,410655.61343315954,64794.4,63.1035239846561,0.5942356407076527,,
H_PaticoCab,H_PaticoCab,Hidro,Surocciden,Water,2029,7.704146234396897,10708.763265811687,0.0,1.48,410655.61343315954,64794.4,63.10352398665615,0.5942356406883944,,
H_PaticoCab,H_PaticoCab,Hidro,Surocciden,Water,2030,7.704146234646574,10708.763266158738,0.0,1.48,410655.61343315954,64794.4,63.10352398465613,0.5942356407076524,,
H_PaticoCab,H_PaticoCab,Hidro,Surocciden,Water,2031,7.7041462342229305,10708.763265569873,0.0,1.48,410655.61343315954,64794.4,63.103523988049695,0.594235640674976,,
H_PaticoCab,H_PaticoCab,Hidro,Surocciden,Water,2032,7.704146234646578,10708.763266158745,0.0,1.48,410655.61343315954,64794.4,63.10352398465609,0.5942356407076528,,
H_PaticoCab,H_PaticoCab,Hidro,Surocciden,Water,2033,7.704146234646572,10708.763266158734,0.0,1.48,410655.61343315954,64794.4,63.10352398465615,0.5942356407076523,,
H_PaticoCab,H_PaticoCab,Hidro,Surocciden,Water,2034,7.704146234646577,10708.763266158741,0.0,1.48,410655.61343315954,64794.4,63.1035239846561,0.5942356407076527,,
H_PaticoCab,H_PaticoCab,Hidro,Surocciden,Water,2035,7.704146234646577,10708.763266158741,0.0,1.48,410655.61343315954,64794.4,63.1035239846561,0.5942356407076527,,
H_Pocune,H_Pocune,Hidro,Antioquia,Water,2023,6.3424562871164305,8816.014239091837,0.0,1.0,277470.00907645916,43780.0,52.04072497685499,0.7240246903100946,,
H_Pocune,H_Pocune,Hidro,Antioquia,Water,2024,6.342456285865179,8816.014237352598,0.0,1.0,277470.00907645916,43780.0,52.04072498684746,0.7240246901672577,,
H_Pocune,H_Pocune,Hidro,Antioquia,Water,2025,6.342456278769548,8816.014227489672,0.0,1.0,277470.00907645916,43780.0,52.040725043513014,0.7240246893572543,,
H_Pocune,H_Pocune,Hidro,Antioquia,Water,2026,6.342456292543212,8816.014246635064,0.0,1.0,277470.00907645916,43780.0,52.04072493351683,0.7240246909295902,,
H_Pocune,H_Pocune,Hidro,Antioquia,Water,2027,6.342456280832223,8816.01423035679,0.0,1.0,277470.00907645916,43780.0,52.04072502704054,0.7240246895927194,,
H_Pocune,H_Pocune,Hidro,Antioquia,Water,2028,6.3424562653229986,8816.014208798968,0.0,1.0,277470.00907645916,43780.0,52.04072515089689,0.7240246878222599,,
H_Pocune,H_Pocune,Hidro,Antioquia,Water,2029,6.34245628050336,8816.01422989967,0.0,1.0,277470.00907645916,43780.0,52.04072502966684,0.724024689555178,,
H_Pocune,H_Pocune,Hidro,Antioquia,Water,2030,6.342456292270189,8816.01424625556,0.0,1.0,277470.00907645916,43780.0,52.040724935697185,0.7240246908984233,,
H_Pocune,H_Pocune,Hidro,Antioquia,Water,2031,6.3424562779773,8816.014226388446,0.0,1.0,277470.00907645916,43780.0,52.04072504983989,0.724024689266815,,
H_Pocune,H_Pocune,Hidro,Antioquia,Water,2032,6.3424562709858865,8816.01421667038,0.0,1.0,277470.00907645916,43780.0,52.04072510567318,0.7240246884687084,,
H_Pocune,H_Pocune,Hidro,Antioquia,Water,2033,6.3424562710706525,8816.014216788208,0.0,1.0,277470.00907645916,43780.0,52.04072510499625,0.7240246884783849,,
H_Pocune,H_Pocune,Hidro,Antioquia,Water,2034,6.342456283845364,8816.014234545055,0.0,1.0,277470.00907645916,43780.0,52.04072500297765,0.7240246899366853,,
H_Pocune,H_Pocune,Hidro,Antioquia,Water,2035,6.34245629616869,8816.014251674478,0.0,1.0,277470.00907645916,43780.0,52.04072490456383,0.7240246913434576,,
H_Porce3Meno,H_Porce3Meno,Hidro,Antioquia,Water,2023,13.718041245484702,19068.077331223736,0.0,1.8,499446.0163376265,78804.0,43.5425206106198,0.8699924686380455,,
H_Porce3Meno,H_Porce3Meno,Hidro,Antioquia,Water,2024,13.718041244938703,19068.077330464796,0.0,1.8,499446.0163376265,78804.0,43.542520612297544,0.8699924686034183,,
H_Porce3Meno,H_Porce3Meno,Hidro,Antioquia,Water,2025,13.718041252081433,19068.07734039319,0.0,1.8,499446.0163376265,78804.0,43.542520590349504,0.8699924690564074,,
H_Porce3Meno,H_Porce3Meno,Hidro,Antioquia,Water,2026,13.718041237058763,19068.077319511678,0.0,1.8,499446.0163376265,78804.0,43.54252063651086,0.8699924681036758,,
H_Porce3Meno,H_Porce3Meno,Hidro,Antioquia,Water,2027,13.718041250474345,19068.07733815934,0.0,1.8,499446.0163376265,78804.0,43.542520595287726,0.8699924689544863,,
H_Porce3Meno,H_Porce3Meno,Hidro,Antioquia,Water,2028,13.718041248104146,19068.077334864764,0.0,1.8,499446.0163376265,78804.0,43.54252060257083,0.8699924688041694,,
H_Porce3Meno,H_Porce3Meno,Hidro,Antioquia,Water,2029,13.718041245840325,19068.077331718054,0.0,1.8,499446.0163376265,78804.0,43.54252060952705,0.8699924686605989,,
H_Porce3Meno,H_Porce3Meno,Hidro,Antioquia,Water,2030,13.718041249190772,19068.077336375176,0.0,1.8,499446.0163376265,78804.0,43.542520599231864,0.8699924688730827,,
H_Porce3Meno,H_Porce3Meno,Hidro,Antioquia,Water,2031,13.718041242286734,19068.077326778555,0.0,1.8,499446.0163376265,78804.0,43.54252062044646,0.8699924684352315,,
H_Porce3Meno,H_Porce3Meno,Hidro,Antioquia,Water,2032,13.718041257194958,19068.077347500985,0.0,1.8,499446.0163376265,78804.0,43.54252057463676,0.869992469380705,,
H_Porce3Meno,H_Porce3Meno,Hidro,Antioquia,Water,2033,13.718041245140757,19068.077330745647,0.0,1.8,499446.0163376265,78804.0,43.54252061167667,0.8699924686162325,,
H_Porce3Meno,H_Porce3Meno,Hidro,Antioquia,Water,2034,13.718041248696764,19068.077335688497,0.0,1.8,499446.0163376265,78804.0,43.54252060074985,0.869992468841753,,
H_Porce3Meno,H_Porce3Meno,Hidro,Antioquia,Water,2035,13.718041244643416,19068.07733005435,0.0,1.8,499446.0163376265,78804.0,43.54252061320489,0.8699924685846914,,
H_ProvidencI,H_ProvidencI,Hidro,Caribe,Water,2023,34.92488743983616,48545.59354137226,0.0,4.9,604611.0197777312,214522.00000000003,24.84413485408713,0.8136447544459079,,
H_ProvidencI,H_ProvidencI,Hidro,Caribe,Water,2024,34.92488746832275,48545.59358096862,0.0,4.9,604611.0197777312,214522.00000000003,24.844134834956694,0.8136447551095596,,
H_ProvidencI,H_ProvidencI,Hidro,Caribe,Water,2025,34.924887462990355,48545.593573556594,0.0,4.9,604611.0197777312,214522.00000000003,24.844134838537713,0.813644754985331,,
H_ProvidencI,H_ProvidencI,Hidro,Caribe,Water,2026,34.92488743360941,48545.59353271707,0.0,4.9,604611.0197777312,214522.00000000003,24.84413485826876,0.8136447543008435,,
H_ProvidencI,H_ProvidencI,Hidro,Caribe,Water,2027,34.92488741308642,48545.59350419011,0.0,4.9,604611.0197777312,214522.00000000003,24.844134872051175,0.8136447538227193,,
H_ProvidencI,H_ProvidencI,Hidro,Caribe,Water,2028,34.9248873588608,48545.59342881651,0.0,4.9,604611.0197777312,214522.00000000003,24.844134908466888,0.8136447525594258,,
H_ProvidencI,H_ProvidencI,Hidro,Caribe,Water,2029,34.92488733220858,48545.593391769915,0.0,4.9,604611.0197777312,214522.00000000003,24.84413492636544,0.8136447519385092,,
H_ProvidencI,H_ProvidencI,Hidro,Caribe,Water,2030,34.924887339277056,48545.5934015951,0.0,4.9,604611.0197777312,214522.00000000003,24.84413492161854,0.8136447521031834,,
H_ProvidencI,H_ProvidencI,Hidro,Caribe,Water,2031,34.92488733650891,48545.593397747376,0.0,4.9,604611.0197777312,214522.00000000003,24.84413492347751,0.813644752038694,,
H_ProvidencI,H_ProvidencI,Hidro,Caribe,Water,2032,34.92488733365885,48545.5933937858,0.0,4.9,604611.0197777312,214522.00000000003,24.844134925391494,0.8136447519722962,,
H_ProvidencI,H_ProvidencI,Hidro,Caribe,Water,2033,34.92488733023773,48545.593389030444,0.0,4.9,604611.0197777312,214522.00000000003,24.84413492768898,0.8136447518925944,,
H_ProvidencI,H_ProvidencI,Hidro,Caribe,Water,2034,34.92488729710794,48545.59334298002,0.0,4.9,604611.0197777312,214522.00000000003,24.8441349499376,0.81364475112077,,
H_ProvidencI,H_ProvidencI,Hidro,Caribe,Water,2035,34.924887340043,48545.59340265977,0.0,4.9,604611.0197777312,214522.00000000003,24.84413492110416,0.8136447521210276,,
H_Puente_Gui,H_Puente_Gui,Hidro,Nordeste,Water,2023,21.874295133933813,30405.270236167995,0.0,4.2,1165374.0381211285,183876.0,63.07198928741815,0.5945394415615842,,
H_Puente_Gui,H_Puente_Gui,Hidro,Nordeste,Water,2024,21.87429488577918,30405.269891233052,0.0,4.2,1165374.0381211285,183876.0,63.071989987174256,0.5945394348167855,,
H_Puente_Gui,H_Puente_Gui,Hidro,Nordeste,Water,2025,21.874294767660956,30405.269727048726,0.0,4.2,1165374.0381211285,183876.0,63.07199032024864,0.5945394316063533,,
H_Puente_Gui,H_Puente_Gui,Hidro,Nordeste,Water,2026,21.874295097990526,30405.270186206828,0.0,4.2,1165374.0381211285,183876.0,63.07198938877243,0.5945394405846521,,
H_Puente_Gui,H_Puente_Gui,Hidro,Nordeste,Water,2027,21.87429491153765,30405.26992703733,0.0,4.2,1165374.0381211285,183876.0,63.07198991453952,0.5945394355168963,,
H_Puente_Gui,H_Puente_Gui,Hidro,Nordeste,Water,2028,21.874294992729894,30405.270039894553,0.0,4.2,1165374.0381211285,183876.0,63.07198968559047,0.5945394377236869,,
H_Puente_Gui,H_Puente_Gui,Hidro,Nordeste,Water,2029,21.874294910811063,30405.269926027373,0.0,4.2,1165374.0381211285,183876.0,63.07198991658838,0.5945394354971477,,
H_Puente_Gui,H_Puente_Gui,Hidro,Nordeste,Water,2030,21.874294984924628,30405.270029045227,0.0,4.2,1165374.0381211285,183876.0,63.07198970760005,0.5945394375115413,,
H_Puente_Gui,H_Puente_Gui,Hidro,Nordeste,Water,2031,21.874295078310777,30405.270158851978,0.0,4.2,1165374.0381211285,183876.0,63.07198944426615,0.59453944004976,,
H_Puente_Gui,H_Puente_Gui,Hidro,Nordeste,Water,2032,21.874295090437137,30405.270175707614,0.0,4.2,1165374.0381211285,183876.0,63.07198941007177,0.5945394403793522,,
H_Puente_Gui,H_Puente_Gui,Hidro,Nordeste,Water,2033,21.8742948875736,30405.2698937273,0.0,4.2,1165374.0381211285,183876.0,63.07198998211428,0.5945394348655576,,
H_Puente_Gui,H_Puente_Gui,Hidro,Nordeste,Water,2034,21.874294914473733,30405.26993111848,0.0,4.2,1165374.0381211285,183876.0,63.07198990626024,0.5945394355966983,,
H_Puente_Gui,H_Puente_Gui,Hidro,Nordeste,Water,2035,21.874294991915942,30405.270038763156,0.0,4.2,1165374.0381211285,183876.0,63.07198968788567,0.5945394377015639,,
H_Remedios,H_Remedios,Hidro,Antioquia,Water,2023,4.632867986722589,6439.686501544398,0.0,0.75,208102.50680734438,32835.0,53.39612395989937,0.7051549447066344,,
H_Remedios,H_Remedios,Hidro,Antioquia,Water,2024,4.632867963033325,6439.686468616323,0.0,0.75,208102.50680734438,32835.0,53.396124225822504,0.7051549411009627,,
H_Remedios,H_Remedios,Hidro,Antioquia,Water,2025,4.632867964260141,6439.686470321596,0.0,0.75,208102.50680734438,32835.0,53.39612421205092,0.7051549412876925,,
H_Remedios,H_Remedios,Hidro,Antioquia,Water,2026,4.632867968556055,6439.686476292916,0.0,0.75,208102.50680734438,32835.0,53.39612416382727,0.7051549419415607,,
H_Remedios,H_Remedios,Hidro,Antioquia,Water,2027,4.632867956035042,6439.686458888708,0.0,0.75,208102.50680734438,32835.0,53.39612430438153,0.7051549400357748,,
H_Remedios,H_Remedios,Hidro,Antioquia,Water,2028,4.632867970364927,6439.686478807247,0.0,0.75,208102.50680734438,32835.0,53.396124143521824,0.7051549422168838,,
H_Remedios,H_Remedios,Hidro,Antioquia,Water,2029,4.632867982296192,6439.6864953917075,0.0,0.75,208102.50680734438,32835.0,53.39612400958776,0.7051549440329058,,
H_Remedios,H_Remedios,Hidro,Antioquia,Water,2030,4.63286795342304,6439.6864552580255,0.0,0.75,208102.50680734438,32835.0,53.396124333702474,0.7051549396382101,,
H_Remedios,H_Remedios,Hidro,Antioquia,Water,2031,4.632867976223409,6439.686486950539,0.0,0.75,208102.50680734438,32835.0,53.3961240777576,0.7051549431085857,,
H_Remedios,H_Remedios,Hidro,Antioquia,Water,2032,4.63286795640663,6439.686459405215,0.0,0.75,208102.50680734438,32835.0,53.39612430021027,0.7051549400923333,,
H_Remedios,H_Remedios,Hidro,Antioquia,Water,2033,4.632867961373856,6439.6864663096585,0.0,0.75,208102.50680734438,32835.0,53.39612424445083,0.7051549408483798,,
H_Remedios,H_Remedios,Hidro,Antioquia,Water,2034,4.632867964532785,6439.686470700571,0.0,0.75,208102.50680734438,32835.0,53.39612420899036,0.705154941329191,,
H_Remedios,H_Remedios,Hidro,Antioquia,Water,2035,4.632867984972772,6439.686499112152,0.0,0.75,208102.50680734438,32835.0,53.39612397954189,0.7051549444402999,,
H_RioBobo,H_RioBobo,Hidro,Surocciden,Water,2023,24.328798929818163,33817.03051244724,0.0,4.0,1109880.0363058366,175120.0,54.20806307054883,0.6943150379514315,,
H_RioBobo,H_RioBobo,Hidro,Surocciden,Water,2024,24.32879892981817,33817.03051244725,0.0,4.0,1109880.0363058366,175120.0,54.20806307054881,0.6943150379514317,,
H_RioBobo,H_RioBobo,Hidro,Surocciden,Water,2025,24.328798929818166,33817.03051244725,0.0,4.0,1109880.0363058366,175120.0,54.20806307054882,0.6943150379514316,,
H_RioBobo,H_RioBobo,Hidro,Surocciden,Water,2026,24.328798929818166,33817.03051244725,0.0,4.0,1109880.0363058366,175120.0,54.20806307054882,0.6943150379514316,,
H_RioBobo,H_RioBobo,Hidro,Surocciden,Water,2027,24.328798929818166,33817.03051244725,0.0,4.0,1109880.0363058366,175120.0,54.20806307054882,0.6943150379514316,,
H_RioBobo,H_RioBobo,Hidro,Surocciden,Water,2028,24.32879892981817,33817.03051244725,0.0,4.0,1109880.0363058366,175120.0,54.20806307054881,0.6943150379514317,,
H_RioBobo,H_RioBobo,Hidro,Surocciden,Water,2029,24.328798929818163,33817.03051244725,0.0,4.0,1109880.0363058366,175120.0,54.20806307054883,0.6943150379514315,,
H_RioBobo,H_RioBobo,Hidro,Surocciden,Water,2030,24.328798929818163,33817.03051244725,0.0,4.0,1109880.0363058366,175120.0,54.20806307054883,0.6943150379514315,,
H_RioBobo,H_RioBobo,Hidro,Surocciden,Water,2031,24.328798929818166,33817.03051244725,0.0,4.0,1109880.0363058366,175120.0,54.20806307054882,0.6943150379514316,,
H_RioBobo,H_RioBobo,Hidro,Surocciden,Water,2032,24.32879892981817,33817.03051244725,0.0,4.0,1109880.0363058366,175120.0,54.20806307054881,0.6943150379514317,,
H_RioBobo,H_RioBobo,Hidro,Surocciden,Water,2033,24.328798929818166,33817.03051244725,0.0,4.0,1109880.0363058366,175120.0,54.20806307054882,0.6943150379514316,,
H_RioBobo,H_RioBobo,Hidro,Surocciden,Water,2034,24.328798929818163,33817.03051244725,0.0,4.0,1109880.0363058366,175120.0,54.20806307054883,0.6943150379514315,,
H_RioBobo,H_RioBobo,Hidro,Surocciden,Water,2035,24.328798929818166,33817.03051244725,0.0,4.0,1109880.0363058366,175120.0,54.20806307054882,0.6943150379514316,,
H_RioCali,H_RioCali,Hidro,Surocciden,Water,2023,9.408797828274693,13078.228981301821,0.0,1.8,499446.0163376265,78804.0,62.848437825064956,0.5967020439037729,,
H_RioCali,H_RioCali,Hidro,Surocciden,Water,2024,9.40879782827469,13078.228981301818,0.0,1.8,499446.0163376265,78804.0,62.848437825064984,0.5967020439037727,,
H_RioCali,H_RioCali,Hidro,Surocciden,Water,2025,9.408797828274693,13078.228981301825,0.0,1.8,499446.0163376265,78804.0,62.848437825064956,0.5967020439037729,,
H_RioCali,H_RioCali,Hidro,Surocciden,Water,2026,9.408797828274697,13078.228981301825,0.0,1.8,499446.0163376265,78804.0,62.848437825064934,0.5967020439037731,,
H_RioCali,H_RioCali,Hidro,Surocciden,Water,2027,9.408797828274697,13078.228981301829,0.0,1.8,499446.0163376265,78804.0,62.848437825064934,0.5967020439037731,,
H_RioCali,H_RioCali,Hidro,Surocciden,Water,2028,9.408797828274695,13078.228981301823,0.0,1.8,499446.0163376265,78804.0,62.84843782506494,0.596702043903773,,
H_RioCali,H_RioCali,Hidro,Surocciden,Water,2029,9.408797828274693,13078.228981301825,0.0,1.8,499446.0163376265,78804.0,62.848437825064956,0.5967020439037729,,
H_RioCali,H_RioCali,Hidro,Surocciden,Water,2030,9.408797828274697,13078.228981301829,0.0,1.8,499446.0163376265,78804.0,62.848437825064934,0.5967020439037731,,
H_RioCali,H_RioCali,Hidro,Surocciden,Water,2031,9.408797828274695,13078.228981301825,0.0,1.8,499446.0163376265,78804.0,62.84843782506494,0.596702043903773,,
H_RioCali,H_RioCali,Hidro,Surocciden,Water,2032,9.408797828274697,13078.228981301827,0.0,1.8,499446.0163376265,78804.0,62.848437825064934,0.5967020439037731,,
H_RioCali,H_RioCali,Hidro,Surocciden,Water,2033,9.408797828274697,13078.228981301825,0.0,1.8,499446.0163376265,78804.0,62.848437825064934,0.5967020439037731,,
H_RioCali,H_RioCali,Hidro,Surocciden,Water,2034,9.408797828274697,13078.228981301829,0.0,1.8,499446.0163376265,78804.0,62.848437825064934,0.5967020439037731,,
H_RioCali,H_RioCali,Hidro,Surocciden,Water,2035,9.408797828274697,13078.228981301825,0.0,1.8,499446.0163376265,78804.0,62.848437825064934,0.5967020439037731,,
H_RioFrioI,H_RioFrioI,Hidro,Surocciden,Water,2023,7.751756346618755,10774.94132180007,0.0,1.67,463374.9151576868,73112.59999999999,70.5985110997713,0.5298824506205914,,
H_RioFrioI,H_RioFrioI,Hidro,Surocciden,Water,2024,7.7517563609606395,10774.941341735286,0.0,1.67,463374.9151576868,73112.59999999999,70.59851097172543,0.5298824516009514,,
H_RioFrioI,H_RioFrioI,Hidro,Surocciden,Water,2025,7.7517564071176395,10774.941405893518,0.0,1.67,463374.9151576868,73112.59999999999,70.5985105596308,0.5298824547560794,,
H_RioFrioI,H_RioFrioI,Hidro,Surocciden,Water,2026,7.751756346618756,10774.94132180007,0.0,1.67,463374.9151576868,73112.59999999999,70.5985110997713,0.5298824506205914,,
H_RioFrioI,H_RioFrioI,Hidro,Surocciden,Water,2027,7.751756347512783,10774.94132304277,0.0,1.67,463374.9151576868,73112.59999999999,70.5985110917893,0.5298824506817039,,
H_RioFrioI,H_RioFrioI,Hidro,Surocciden,Water,2028,7.7517563577304305,10774.941337245298,0.0,1.67,463374.9151576868,73112.59999999999,70.59851100056507,0.5298824513801459,,
H_RioFrioI,H_RioFrioI,Hidro,Surocciden,Water,2029,7.751756360767411,10774.941341466701,0.0,1.67,463374.9151576868,73112.59999999999,70.5985109734506,0.529882451587743,,
H_RioFrioI,H_RioFrioI,Hidro,Surocciden,Water,2030,7.751756346618755,10774.94132180007,0.0,1.67,463374.9151576868,73112.59999999999,70.5985110997713,0.5298824506205914,,
H_RioFrioI,H_RioFrioI,Hidro,Surocciden,Water,2031,7.751756346618757,10774.941321800072,0.0,1.67,463374.9151576868,73112.59999999999,70.59851109977129,0.5298824506205915,,
H_RioFrioI,H_RioFrioI,Hidro,Surocciden,Water,2032,7.751756346618758,10774.941321800074,0.0,1.67,463374.9151576868,73112.59999999999,70.59851109977129,0.5298824506205915,,
H_RioFrioI,H_RioFrioI,Hidro,Surocciden,Water,2033,7.751756346618755,10774.94132180007,0.0,1.67,463374.9151576868,73112.59999999999,70.5985110997713,0.5298824506205914,,
H_RioFrioI,H_RioFrioI,Hidro,Surocciden,Water,2034,7.751756346618757,10774.941321800074,0.0,1.67,463374.9151576868,73112.59999999999,70.59851109977129,0.5298824506205915,,
H_RioFrioI,H_RioFrioI,Hidro,Surocciden,Water,2035,7.751756346618754,10774.941321800068,0.0,1.67,463374.9151576868,73112.59999999999,70.59851109977133,0.5298824506205911,,
H_RioFrioII,H_RioFrioII,RunOfRiver,Surocciden,Water,2023,49.08409133019082,68226.88694896523,0.0,10.0,2774700.0907645915,437800.0,66.83890622817,0.5603206772852832,,
H_RioFrioII,H_RioFrioII,RunOfRiver,Surocciden,Water,2024,49.084091330190816,68226.88694896523,0.0,10.0,2774700.0907645915,437800.0,66.83890622817002,0.5603206772852831,,
H_RioFrioII,H_RioFrioII,RunOfRiver,Surocciden,Water,2025,49.08409133019082,68226.88694896523,0.0,10.0,2774700.0907645915,437800.0,66.83890622817,0.5603206772852832,,
H_RioFrioII,H_RioFrioII,RunOfRiver,Surocciden,Water,2026,49.08409133019082,68226.88694896523,0.0,10.0,2774700.0907645915,437800.0,66.83890622817,0.5603206772852832,,
H_RioFrioII,H_RioFrioII,RunOfRiver,Surocciden,Water,2027,49.084091330190816,68226.88694896523,0.0,10.0,2774700.0907645915,437800.0,66.83890622817002,0.5603206772852831,,
H_RioFrioII,H_RioFrioII,RunOfRiver,Surocciden,Water,2028,49.084091330190816,68226.88694896523,0.0,10.0,2774700.0907645915,437800.0,66.83890622817002,0.5603206772852831,,
H_RioFrioII,H_RioFrioII,RunOfRiver,Surocciden,Water,2029,49.084091330190816,68226.88694896523,0.0,10.0,2774700.0907645915,437800.0,66.83890622817002,0.5603206772852831,,
H_RioFrioII,H_RioFrioII,RunOfRiver,Surocciden,Water,2030,49.08409133019082,68226.88694896523,0.0,10.0,2774700.0907645915,437800.0,66.83890622817,0.5603206772852832,,
H_RioFrioII,H_RioFrioII,RunOfRiver,Surocciden,Water,2031,49.08409133019083,68226.88694896523,0.0,10.0,2774700.0907645915,437800.0,66.83890622816999,0.5603206772852833,,
H_RioFrioII,H_RioFrioII,RunOfRiver,Surocciden,Water,2032,49.084091330190816,68226.88694896523,0.0,10.0,2774700.0907645915,437800.0,66.83890622817002,0.5603206772852831,,
H_RioFrioII,H_RioFrioII,RunOfRiver,Surocciden,Water,2033,49.084091330190816,68226.88694896523,0.0,10.0,2774700.0907645915,437800.0,66.83890622817002,0.5603206772852831,,
H_RioFrioII,H_RioFrioII,RunOfRiver,Surocciden,Water,2034,49.08409133019082,68226.88694896523,0.0,10.0,2774700.0907645915,437800.0,66.83890622817,0.5603206772852832,,
H_RioFrioII,H_RioFrioII,RunOfRiver,Surocciden,Water,2035,49.084091330190816,68226.88694896523,0.0,10.0,2774700.0907645915,437800.0,66.83890622817002,0.5603206772852831,,
H_RioFrioTam,H_RioFrioTam,Hidro,Antioquia,Water,2023,5.664426527844579,7873.552873703964,0.0,1.0,277470.00907645916,43780.0,58.103598013372206,0.6466240328589701,,
H_RioFrioTam,H_RioFrioTam,Hidro,Antioquia,Water,2024,5.664426542948836,7873.552894698882,0.0,1.0,277470.00907645916,43780.0,58.10359786214476,0.6466240345832003,,
H_RioFrioTam,H_RioFrioTam,Hidro,Antioquia,Water,2025,5.664426543050476,7873.552894840161,0.0,1.0,277470.00907645916,43780.0,58.103597861127106,0.6466240345948031,,
H_RioFrioTam,H_RioFrioTam,Hidro,Antioquia,Water,2026,5.664426550115347,7873.55290466033,0.0,1.0,277470.00907645916,43780.0,58.10359779039194,0.6466240354012952,,
H_RioFrioTam,H_RioFrioTam,Hidro,Antioquia,Water,2027,5.664426536435327,7873.552885645104,0.0,1.0,277470.00907645916,43780.0,58.10359792735959,0.6466240338396491,,
H_RioFrioTam,H_RioFrioTam,Hidro,Antioquia,Water,2028,5.66442655210978,7873.552907432593,0.0,1.0,277470.00907645916,43780.0,58.1035977704232,0.6466240356289701,,
H_RioFrioTam,H_RioFrioTam,Hidro,Antioquia,Water,2029,5.664426535422553,7873.552884237348,0.0,1.0,277470.00907645916,43780.0,58.103597937499714,0.6466240337240357,,
H_RioFrioTam,H_RioFrioTam,Hidro,Antioquia,Water,2030,5.664426534145749,7873.55288246259,0.0,1.0,277470.00907645916,43780.0,58.10359795028339,0.6466240335782817,,
H_RioFrioTam,H_RioFrioTam,Hidro,Antioquia,Water,2031,5.664426543394356,7873.552895318154,0.0,1.0,277470.00907645916,43780.0,58.103597857684115,0.6466240346340587,,
H_RioFrioTam,H_RioFrioTam,Hidro,Antioquia,Water,2032,5.664426539686309,7873.552890163967,0.0,1.0,277470.00907645916,43780.0,58.10359789480997,0.6466240342107656,,
H_RioFrioTam,H_RioFrioTam,Hidro,Antioquia,Water,2033,5.664426541278498,7873.552892377112,0.0,1.0,277470.00907645916,43780.0,58.10359787886859,0.6466240343925225,,
H_RioFrioTam,H_RioFrioTam,Hidro,Antioquia,Water,2034,5.664426538143402,7873.552888019327,0.0,1.0,277470.00907645916,43780.0,58.103597910257925,0.6466240340346348,,
H_RioFrioTam,H_RioFrioTam,Hidro,Antioquia,Water,2035,5.664426535086339,7873.55288377001,0.0,1.0,277470.00907645916,43780.0,58.10359794086597,0.6466240336856551,,
H_RioGrande,H_RioGrande,Hidro,Surocciden,Water,2023,2.7156000000000167,3774.684000000021,0.0,0.31,86015.70281370234,13571.8,38.06237546534899,1.000000000000006,,
H_RioGrande,H_RioGrande,Hidro,Surocciden,Water,2024,2.7156000113346495,3774.6840157551605,0.0,0.31,86015.70281370234,13571.8,38.062375312282306,1.0000000041739023,,
H_RioGrande,H_RioGrande,Hidro,Surocciden,Water,2025,2.7156000289296993,3774.6840402122803,0.0,0.31,86015.70281370234,13571.8,38.06237507467284,1.0000000106531517,,
H_RioGrande,H_RioGrande,Hidro,Surocciden,Water,2026,2.7156000125689426,3774.6840174708277,0.0,0.31,86015.70281370234,13571.8,38.062375295614,1.0000000046284216,,
H_RioGrande,H_RioGrande,Hidro,Surocciden,Water,2027,2.715600000000018,3774.684000000023,0.0,0.31,86015.70281370234,13571.8,38.06237546534898,1.0000000000000064,,
H_RioGrande,H_RioGrande,Hidro,Surocciden,Water,2028,2.715600000000016,3774.68400000002,0.0,0.31,86015.70281370234,13571.8,38.06237546534901,1.0000000000000056,,
H_RioGrande,H_RioGrande,Hidro,Surocciden,Water,2029,2.7156000139224172,3774.684019352158,0.0,0.31,86015.70281370234,13571.8,38.06237527733622,1.000000005126829,,
H_RioGrande,H_RioGrande,Hidro,Surocciden,Water,2030,2.7156000137208096,3774.684019071924,0.0,0.31,86015.70281370234,13571.8,38.062375280058795,1.0000000050525883,,
H_RioGrande,H_RioGrande,Hidro,Surocciden,Water,2031,2.715600000000018,3774.684000000023,0.0,0.31,86015.70281370234,13571.8,38.06237546534898,1.0000000000000064,,
H_RioGrande,H_RioGrande,Hidro,Surocciden,Water,2032,2.715600000000019,3774.684000000024,0.0,0.31,86015.70281370234,13571.8,38.062375465348964,1.0000000000000069,,
H_RioGrande,H_RioGrande,Hidro,Surocciden,Water,2033,2.7156000000000184,3774.6840000000234,0.0,0.31,86015.70281370234,13571.8,38.06237546534897,1.0000000000000067,,
H_RioGrande,H_RioGrande,Hidro,Surocciden,Water,2034,2.715600000000017,3774.6840000000225,0.0,0.31,86015.70281370234,13571.8,38.06237546534899,1.000000000000006,,
H_RioGrande,H_RioGrande,Hidro,Surocciden,Water,2035,2.7156000000000207,3774.684000000026,0.0,0.31,86015.70281370234,13571.8,38.062375465348936,1.0000000000000075,,
H_RioMayo,H_RioMayo,RunOfRiver,Surocciden,Water,2023,117.96315302202174,163968.78270061017,0.0,19.8,5493906.179713892,866844.0,55.31150020376657,0.6801067352867817,,
H_RioMayo,H_RioMayo,RunOfRiver,Surocciden,Water,2024,117.96315302011712,163968.78269796277,0.0,19.8,5493906.179713892,866844.0,55.31150020463718,0.6801067352758007,,
H_RioMayo,H_RioMayo,RunOfRiver,Surocciden,Water,2025,117.96315302270555,163968.7827015607,0.0,19.8,5493906.179713892,866844.0,55.31150020345399,0.6801067352907242,,
H_RioMayo,H_RioMayo,RunOfRiver,Surocciden,Water,2026,117.96315308016497,163968.7827814293,0.0,19.8,5493906.179713892,866844.0,55.311500177189025,0.6801067356220016,,
H_RioMayo,H_RioMayo,RunOfRiver,Surocciden,Water,2027,117.96315303180349,163968.78271420684,0.0,19.8,5493906.179713892,866844.0,55.31150019929529,0.6801067353431776,,
H_RioMayo,H_RioMayo,RunOfRiver,Surocciden,Water,2028,117.96315307389551,163968.78277271474,0.0,19.8,5493906.179713892,866844.0,55.311500180054814,0.6801067355858557,,
H_RioMayo,H_RioMayo,RunOfRiver,Surocciden,Water,2029,117.96315300527331,163968.78267732987,0.0,19.8,5493906.179713892,866844.0,55.31150021142235,0.68010673519022,,
H_RioMayo,H_RioMayo,RunOfRiver,Surocciden,Water,2030,117.9631530052733,163968.78267732987,0.0,19.8,5493906.179713892,866844.0,55.311500211422356,0.6801067351902199,,
H_RioMayo,H_RioMayo,RunOfRiver,Surocciden,Water,2031,117.9631530052733,163968.78267732987,0.0,19.8,5493906.179713892,866844.0,55.311500211422356,0.6801067351902199,,
H_RioMayo,H_RioMayo,RunOfRiver,Surocciden,Water,2032,117.9631530052733,163968.78267732987,0.0,19.8,5493906.179713892,866844.0,55.311500211422356,0.6801067351902199,,
H_RioMayo,H_RioMayo,RunOfRiver,Surocciden,Water,2033,117.9631530052733,163968.78267732987,0.0,19.8,5493906.179713892,866844.0,55.311500211422356,0.6801067351902199,,
H_RioMayo,H_RioMayo,RunOfRiver,Surocciden,Water,2034,117.9631530052733,163968.78267732987,0.0,19.8,5493906.179713892,866844.0,55.311500211422356,0.6801067351902199,,
H_RioMayo,H_RioMayo,RunOfRiver,Surocciden,Water,2035,117.9631530052733,163968.78267732987,0.0,19.8,5493906.179713892,866844.0,55.311500211422356,0.6801067351902199,,
H_RioMulato2,H_RioMulato2,Hidro,Antioquia,Water,2023,40.44999189239827,56225.48873043359,0.0,7.34,2036629.8666212102,321345.2,59.68358564258061,0.6290979541076959,,
H_RioMulato2,H_RioMulato2,Hidro,Antioquia,Water,2024,40.4499918847959,56225.4887198663,0.0,7.34,2036629.8666212102,321345.2,59.6835856535366,0.6290979539894599,,
H_RioMulato2,H_RioMulato2,Hidro,Antioquia,Water,2025,40.44999187102467,56225.488700724294,0.0,7.34,2036629.8666212102,321345.2,59.683585673382694,0.6290979537752831,,
H_RioMulato2,H_RioMulato2,Hidro,Antioquia,Water,2026,40.44999188400963,56225.48871877337,0.0,7.34,2036629.8666212102,321345.2,59.68358565466972,0.6290979539772314,,
H_RioMulato2,H_RioMulato2,Hidro,Antioquia,Water,2027,40.44999188397763,56225.48871872891,0.0,7.34,2036629.8666212102,321345.2,59.68358565471584,0.6290979539767337,,
H_RioMulato2,H_RioMulato2,Hidro,Antioquia,Water,2028,40.44999189171187,56225.48872947949,0.0,7.34,2036629.8666212102,321345.2,59.68358564356982,0.6290979540970205,,
H_RioMulato2,H_RioMulato2,Hidro,Antioquia,Water,2029,40.44999190239442,56225.48874432824,0.0,7.34,2036629.8666212102,321345.2,59.683585628174896,0.6290979542631608,,
H_RioMulato2,H_RioMulato2,Hidro,Antioquia,Water,2030,40.44999189115937,56225.48872871151,0.0,7.34,2036629.8666212102,321345.2,59.68358564436603,0.6290979540884278,,
H_RioMulato2,H_RioMulato2,Hidro,Antioquia,Water,2031,40.44999188430955,56225.48871919026,0.0,7.34,2036629.8666212102,321345.2,59.68358565423751,0.6290979539818958,,
H_RioMulato2,H_RioMulato2,Hidro,Antioquia,Water,2032,40.449991917006145,56225.48876463854,0.0,7.34,2036629.8666212102,321345.2,59.68358560711754,0.6290979544904094,,
H_RioMulato2,H_RioMulato2,Hidro,Antioquia,Water,2033,40.44999194582252,56225.48880469329,0.0,7.34,2036629.8666212102,321345.2,59.68358556558948,0.6290979549385756,,
H_RioMulato2,H_RioMulato2,Hidro,Antioquia,Water,2034,40.449991902453945,56225.48874441098,0.0,7.34,2036629.8666212102,321345.2,59.68358562808911,0.6290979542640865,,
H_RioMulato2,H_RioMulato2,Hidro,Antioquia,Water,2035,40.449991918137236,56225.488766210765,0.0,7.34,2036629.8666212102,321345.2,59.683585605487494,0.6290979545080008,,
H_RioNegro,H_RioNegro,Hidro,Surocciden,Water,2023,59.20623481079218,82296.66638700111,0.0,10.2,2830194.092579883,446555.99999999994,56.73467954348945,0.6626179023501676,,
H_RioNegro,H_RioNegro,Hidro,Surocciden,Water,2024,59.20623495677429,82296.66658991625,0.0,10.2,2830194.092579883,446555.99999999994,56.73467940702861,0.6626179039839543,,
H_RioNegro,H_RioNegro,Hidro,Surocciden,Water,2025,59.20623504816441,82296.6667169485,0.0,10.2,2830194.092579883,446555.99999999994,56.73467932159914,0.6626179050067642,,
H_RioNegro,H_RioNegro,Hidro,Surocciden,Water,2026,59.20623479285308,82296.6663620658,0.0,10.2,2830194.092579883,446555.99999999994,56.73467956025853,0.6626179021493986,,
H_RioNegro,H_RioNegro,Hidro,Surocciden,Water,2027,59.206234967966886,82296.66660547396,0.0,10.2,2830194.092579883,446555.99999999994,56.734679396566015,0.6626179041092183,,
H_RioNegro,H_RioNegro,Hidro,Surocciden,Water,2028,59.206235039438866,82296.66670482,0.0,10.2,2830194.092579883,446555.99999999994,56.734679329755586,0.6626179049091107,,
H_RioNegro,H_RioNegro,Hidro,Surocciden,Water,2029,59.20623494896549,82296.666579062,0.0,10.2,2830194.092579883,446555.99999999994,56.7346794143281,0.6626179038965605,,
H_RioNegro,H_RioNegro,Hidro,Surocciden,Water,2030,59.206234884115176,82296.66648892008,0.0,10.2,2830194.092579883,446555.99999999994,56.734679474948734,0.6626179031707758,,
H_RioNegro,H_RioNegro,Hidro,Surocciden,Water,2031,59.206234936423606,82296.66656162881,0.0,10.2,2830194.092579883,446555.99999999994,56.73467942605197,0.6626179037561957,,
H_RioNegro,H_RioNegro,Hidro,Surocciden,Water,2032,59.20623496819557,82296.66660579183,0.0,10.2,2830194.092579883,446555.99999999994,56.73467939635225,0.6626179041117777,,
H_RioNegro,H_RioNegro,Hidro,Surocciden,Water,2033,59.20623490214452,82296.66651398086,0.0,10.2,2830194.092579883,446555.99999999994,56.7346794580953,0.6626179033725548,,
H_RioNegro,H_RioNegro,Hidro,Surocciden,Water,2034,59.206234872667956,82296.66647300846,0.0,10.2,2830194.092579883,446555.99999999994,56.73467948564934,0.6626179030426622,,
H_RioNegro,H_RioNegro,Hidro,Surocciden,Water,2035,59.206234948575826,82296.66657852041,0.0,10.2,2830194.092579883,446555.99999999994,56.73467941469235,0.6626179038921995,,
H_RioPalo,H_RioPalo,Hidro,Surocciden,Water,2023,5.9560683260131295,8278.934973158248,0.0,1.44,399556.8130701012,63043.2,79.05868809239404,0.47216421914741313,,
H_RioPalo,H_RioPalo,Hidro,Surocciden,Water,2024,5.95606820128944,8278.934799792321,0.0,1.44,399556.8130701012,63043.2,79.05868971882357,0.4721642092600076,,
H_RioPalo,H_RioPalo,Hidro,Surocciden,Water,2025,5.95606817287589,8278.934760297487,0.0,1.44,399556.8130701012,63043.2,79.05869008934371,0.47216420700753814,,
H_RioPalo,H_RioPalo,Hidro,Surocciden,Water,2026,5.9560682669688845,8278.934891086748,0.0,1.44,399556.8130701012,63043.2,79.05868886234643,0.47216421446671136,,
H_RioPalo,H_RioPalo,Hidro,Surocciden,Water,2027,5.956068263874519,8278.93488678558,0.0,1.44,399556.8130701012,63043.2,79.05868890269777,0.4721642142214071,,
H_RioPalo,H_RioPalo,Hidro,Surocciden,Water,2028,5.956068051016511,8278.934590912952,0.0,1.44,399556.8130701012,63043.2,79.058691678422,0.4721641973471992,,
H_RioPalo,H_RioPalo,Hidro,Surocciden,Water,2029,5.956068222286129,8278.934828977719,0.0,1.44,399556.8130701012,63043.2,79.05868944502126,0.4721642109245092,,
H_RioPalo,H_RioPalo,Hidro,Surocciden,Water,2030,5.95606804573481,8278.934583571385,0.0,1.44,399556.8130701012,63043.2,79.05869174729676,0.47216419692849515,,
H_RioPalo,H_RioPalo,Hidro,Surocciden,Water,2031,5.956067848103763,8278.93430886423,0.0,1.44,399556.8130701012,63043.2,79.05869432445762,0.47216418126139664,,
H_RioPalo,H_RioPalo,Hidro,Surocciden,Water,2032,5.956067872990816,8278.934343457233,0.0,1.44,399556.8130701012,63043.2,79.05869399992389,0.4721641832343048,,
H_RioPalo,H_RioPalo,Hidro,Surocciden,Water,2033,5.956067829894835,8278.934283553821,0.0,1.44,399556.8130701012,63043.2,79.05869456190683,0.4721641798178934,,
H_RioPalo,H_RioPalo,Hidro,Surocciden,Water,2034,5.956068547437551,8278.935280938196,0.0,1.44,399556.8130701012,63043.2,79.05868520496179,0.47216423670071905,,
H_RioPalo,H_RioPalo,Hidro,Surocciden,Water,2035,5.956068317490353,8278.934961311592,0.0,1.44,399556.8130701012,63043.2,79.05868820353326,0.4721642184717745,,
H_RioPiedras,H_RioPiedras,RunOfRiver,Antioquia,Water,2023,142.70908348516429,198365.62604437832,0.0,19.9,5521653.180621536,871221.9999999999,46.18655411203118,0.8186427771572717,,
H_RioPiedras,H_RioPiedras,RunOfRiver,Antioquia,Water,2024,142.7090834837033,198365.62604234758,0.0,19.9,5521653.180621536,871221.9999999999,46.18655411248978,0.8186427771488909,,
H_RioPiedras,H_RioPiedras,RunOfRiver,Antioquia,Water,2025,142.70908348654916,198365.6260463033,0.0,19.9,5521653.180621536,871221.9999999999,46.186554111596465,0.818642777165216,,
H_RioPiedras,H_RioPiedras,RunOfRiver,Antioquia,Water,2026,142.7090834987816,198365.6260633064,0.0,19.9,5521653.180621536,871221.9999999999,46.186554107756685,0.8186427772353868,,
H_RioPiedras,H_RioPiedras,RunOfRiver,Antioquia,Water,2027,142.70908349314823,198365.62605547605,0.0,19.9,5521653.180621536,871221.9999999999,46.186554109525005,0.8186427772030714,,
H_RioPiedras,H_RioPiedras,RunOfRiver,Antioquia,Water,2028,142.70908348377338,198365.62604244502,0.0,19.9,5521653.180621536,871221.9999999999,46.18655411246779,0.818642777149293,,
H_RioPiedras,H_RioPiedras,RunOfRiver,Antioquia,Water,2029,142.7090834911293,198365.62605266972,0.0,19.9,5521653.180621536,871221.9999999999,46.18655411015875,0.8186427771914899,,
H_RioPiedras,H_RioPiedras,RunOfRiver,Antioquia,Water,2030,142.70908349361923,198365.62605613074,0.0,19.9,5521653.180621536,871221.9999999999,46.18655410937716,0.8186427772057733,,
H_RioPiedras,H_RioPiedras,RunOfRiver,Antioquia,Water,2031,142.7090834897459,198365.6260507468,0.0,19.9,5521653.180621536,871221.9999999999,46.18655411059301,0.8186427771835539,,
H_RioPiedras,H_RioPiedras,RunOfRiver,Antioquia,Water,2032,142.70908348428728,198365.6260431593,0.0,19.9,5521653.180621536,871221.9999999999,46.18655411230647,0.818642777152241,,
H_RioPiedras,H_RioPiedras,RunOfRiver,Antioquia,Water,2033,142.70908347849752,198365.62603511155,0.0,19.9,5521653.180621536,871221.9999999999,46.18655411412389,0.8186427771190283,,
H_RioPiedras,H_RioPiedras,RunOfRiver,Antioquia,Water,2034,142.70908347778493,198365.62603412103,0.0,19.9,5521653.180621536,871221.9999999999,46.18655411434756,0.8186427771149407,,
H_RioPiedras,H_RioPiedras,RunOfRiver,Antioquia,Water,2035,142.7090834796592,198365.62603672626,0.0,19.9,5521653.180621536,871221.9999999999,46.18655411375923,0.8186427771256922,,
H_RioSapuye,H_RioSapuye,Hidro,Surocciden,Water,2023,10.198051388435555,14175.291429925419,0.0,1.65,457825.5149761576,72237.0,53.36684290718921,0.7055521923644358,,
H_RioSapuye,H_RioSapuye,Hidro,Surocciden,Water,2024,10.198051388435553,14175.291429925419,0.0,1.65,457825.5149761576,72237.0,53.366842907189216,0.7055521923644356,,
H_RioSapuye,H_RioSapuye,Hidro,Surocciden,Water,2025,10.198051388435555,14175.291429925419,0.0,1.65,457825.5149761576,72237.0,53.36684290718921,0.7055521923644358,,
H_RioSapuye,H_RioSapuye,Hidro,Surocciden,Water,2026,10.198051388435555,14175.291429925419,0.0,1.65,457825.5149761576,72237.0,53.36684290718921,0.7055521923644358,,
H_RioSapuye,H_RioSapuye,Hidro,Surocciden,Water,2027,10.198051388435557,14175.29142992542,0.0,1.65,457825.5149761576,72237.0,53.366842907189195,0.7055521923644359,,
H_RioSapuye,H_RioSapuye,Hidro,Surocciden,Water,2028,10.198051388435557,14175.29142992542,0.0,1.65,457825.5149761576,72237.0,53.366842907189195,0.7055521923644359,,
H_RioSapuye,H_RioSapuye,Hidro,Surocciden,Water,2029,10.198051388435555,14175.291429925419,0.0,1.65,457825.5149761576,72237.0,53.36684290718921,0.7055521923644358,,
H_RioSapuye,H_RioSapuye,Hidro,Surocciden,Water,2030,10.198051388435555,14175.291429925419,0.0,1.65,457825.5149761576,72237.0,53.36684290718921,0.7055521923644358,,
H_RioSapuye,H_RioSapuye,Hidro,Surocciden,Water,2031,10.198051388435553,14175.291429925419,0.0,1.65,457825.5149761576,72237.0,53.366842907189216,0.7055521923644356,,
H_RioSapuye,H_RioSapuye,Hidro,Surocciden,Water,2032,10.198051388435555,14175.29142992542,0.0,1.65,457825.5149761576,72237.0,53.36684290718921,0.7055521923644358,,
H_RioSapuye,H_RioSapuye,Hidro,Surocciden,Water,2033,10.198051388435555,14175.29142992542,0.0,1.65,457825.5149761576,72237.0,53.36684290718921,0.7055521923644358,,
H_RioSapuye,H_RioSapuye,Hidro,Surocciden,Water,2034,10.198051388435555,14175.291429925419,0.0,1.65,457825.5149761576,72237.0,53.36684290718921,0.7055521923644358,,
H_RioSapuye,H_RioSapuye,Hidro,Surocciden,Water,2035,10.198051388435555,14175.291429925419,0.0,1.65,457825.5149761576,72237.0,53.36684290718921,0.7055521923644358,,
H_Rio_Recio,H_Rio_Recio,Hidro,Surocciden,Water,2023,4.35913419130593,6059.196525915242,0.0,0.9840000000000002,273030.48893123586,43079.52000000001,73.90669599015811,0.5057094089108299,,
H_Rio_Recio,H_Rio_Recio,Hidro,Surocciden,Water,2024,4.35913419130593,6059.196525915244,0.0,0.9840000000000002,273030.48893123586,43079.52000000001,73.90669599015811,0.5057094089108299,,
H_Rio_Recio,H_Rio_Recio,Hidro,Surocciden,Water,2025,4.359134191305932,6059.196525915244,0.0,0.9840000000000002,273030.48893123586,43079.52000000001,73.90669599015807,0.5057094089108302,,
H_Rio_Recio,H_Rio_Recio,Hidro,Surocciden,Water,2026,4.35913419130593,6059.196525915242,0.0,0.9840000000000002,273030.48893123586,43079.52000000001,73.90669599015811,0.5057094089108299,,
H_Rio_Recio,H_Rio_Recio,Hidro,Surocciden,Water,2027,4.35913419130593,6059.196525915242,0.0,0.9840000000000002,273030.48893123586,43079.52000000001,73.90669599015811,0.5057094089108299,,
H_Rio_Recio,H_Rio_Recio,Hidro,Surocciden,Water,2028,4.35913419130593,6059.196525915242,0.0,0.9840000000000002,273030.48893123586,43079.52000000001,73.90669599015811,0.5057094089108299,,
H_Rio_Recio,H_Rio_Recio,Hidro,Surocciden,Water,2029,4.35913419130593,6059.196525915242,0.0,0.9840000000000002,273030.48893123586,43079.52000000001,73.90669599015811,0.5057094089108299,,
H_Rio_Recio,H_Rio_Recio,Hidro,Surocciden,Water,2030,4.35913419130593,6059.196525915242,0.0,0.9840000000000002,273030.48893123586,43079.52000000001,73.90669599015811,0.5057094089108299,,
H_Rio_Recio,H_Rio_Recio,Hidro,Surocciden,Water,2031,4.35913419130593,6059.196525915243,0.0,0.9840000000000002,273030.48893123586,43079.52000000001,73.90669599015811,0.5057094089108299,,
H_Rio_Recio,H_Rio_Recio,Hidro,Surocciden,Water,2032,4.35913419130593,6059.196525915242,0.0,0.9840000000000002,273030.48893123586,43079.52000000001,73.90669599015811,0.5057094089108299,,
H_Rio_Recio,H_Rio_Recio,Hidro,Surocciden,Water,2033,4.35913419130593,6059.196525915243,0.0,0.9840000000000002,273030.48893123586,43079.52000000001,73.90669599015811,0.5057094089108299,,
H_Rio_Recio,H_Rio_Recio,Hidro,Surocciden,Water,2034,4.35913419130593,6059.196525915244,0.0,0.9840000000000002,273030.48893123586,43079.52000000001,73.90669599015811,0.5057094089108299,,
H_Rio_Recio,H_Rio_Recio,Hidro,Surocciden,Water,2035,4.359134191305929,6059.196525915241,0.0,0.9840000000000002,273030.48893123586,43079.52000000001,73.90669599015813,0.5057094089108298,,
H_Rumor,H_Rumor,Hidro,Surocciden,Water,2023,12.631378257754655,17557.615778278967,0.0,2.5,693675.0226911479,109450.0,64.97174114515916,0.5767752629111713,,
H_Rumor,H_Rumor,Hidro,Surocciden,Water,2024,12.631378257754655,17557.61577827897,0.0,2.5,693675.0226911479,109450.0,64.97174114515916,0.5767752629111713,,
H_Rumor,H_Rumor,Hidro,Surocciden,Water,2025,12.631378257754655,17557.61577827897,0.0,2.5,693675.0226911479,109450.0,64.97174114515916,0.5767752629111713,,
H_Rumor,H_Rumor,Hidro,Surocciden,Water,2026,12.631378257754657,17557.615778278967,0.0,2.5,693675.0226911479,109450.0,64.97174114515914,0.5767752629111714,,
H_Rumor,H_Rumor,Hidro,Surocciden,Water,2027,12.631378257754655,17557.61577827897,0.0,2.5,693675.0226911479,109450.0,64.97174114515916,0.5767752629111713,,
H_Rumor,H_Rumor,Hidro,Surocciden,Water,2028,12.631378257754657,17557.61577827897,0.0,2.5,693675.0226911479,109450.0,64.97174114515914,0.5767752629111714,,
H_Rumor,H_Rumor,Hidro,Surocciden,Water,2029,12.631378257754655,17557.615778278967,0.0,2.5,693675.0226911479,109450.0,64.97174114515916,0.5767752629111713,,
H_Rumor,H_Rumor,Hidro,Surocciden,Water,2030,12.631378257754655,17557.61577827897,0.0,2.5,693675.0226911479,109450.0,64.97174114515916,0.5767752629111713,,
H_Rumor,H_Rumor,Hidro,Surocciden,Water,2031,12.631378257754655,17557.61577827897,0.0,2.5,693675.0226911479,109450.0,64.97174114515916,0.5767752629111713,,
H_Rumor,H_Rumor,Hidro,Surocciden,Water,2032,12.631378257754655,17557.61577827897,0.0,2.5,693675.0226911479,109450.0,64.97174114515916,0.5767752629111713,,
H_Rumor,H_Rumor,Hidro,Surocciden,Water,2033,12.631378257754655,17557.61577827897,0.0,2.5,693675.0226911479,109450.0,64.97174114515916,0.5767752629111713,,
H_Rumor,H_Rumor,Hidro,Surocciden,Water,2034,12.631378257754655,17557.615778278974,0.0,2.5,693675.0226911479,109450.0,64.97174114515916,0.5767752629111713,,
H_Rumor,H_Rumor,Hidro,Surocciden,Water,2035,12.631378257754655,17557.61577827897,0.0,2.5,693675.0226911479,109450.0,64.97174114515916,0.5767752629111713,,
H_SBartolome,H_SBartolome,Hidro,Nordeste,Water,2023,97.6335447198563,135710.62716060027,0.0,19.9,5521653.180621536,871221.9999999999,66.86826568178857,0.5600694380570449,,
H_SBartolome,H_SBartolome,Hidro,Nordeste,Water,2024,97.63354477938384,135710.62724334354,0.0,19.9,5521653.180621536,871221.9999999999,66.86826564186623,0.5600694383985213,,
H_SBartolome,H_SBartolome,Hidro,Nordeste,Water,2025,97.63354478242329,135710.62724756834,0.0,19.9,5521653.180621536,871221.9999999999,66.86826563982781,0.5600694384159569,,
H_SBartolome,H_SBartolome,Hidro,Nordeste,Water,2026,97.63354477917932,135710.62724305925,0.0,19.9,5521653.180621536,871221.9999999999,66.8682656420034,0.560069438397348,,
H_SBartolome,H_SBartolome,Hidro,Nordeste,Water,2027,97.63354472333607,135710.62716543715,0.0,19.9,5521653.180621536,871221.9999999999,66.86826567945484,0.5600694380770064,,
H_SBartolome,H_SBartolome,Hidro,Nordeste,Water,2028,97.63354471945728,135710.6271600456,0.0,19.9,5521653.180621536,871221.9999999999,66.86826568205618,0.5600694380547558,,
H_SBartolome,H_SBartolome,Hidro,Nordeste,Water,2029,97.6335447227031,135710.62716455729,0.0,19.9,5521653.180621536,871221.9999999999,66.86826567987934,0.5600694380733754,,
H_SBartolome,H_SBartolome,Hidro,Nordeste,Water,2030,97.63354471852273,135710.6271587466,0.0,19.9,5521653.180621536,871221.9999999999,66.86826568268293,0.5600694380493948,,
H_SBartolome,H_SBartolome,Hidro,Nordeste,Water,2031,97.63354471712796,135710.62715680784,0.0,19.9,5521653.180621536,871221.9999999999,66.86826568361833,0.5600694380413939,,
H_SBartolome,H_SBartolome,Hidro,Nordeste,Water,2032,97.6335447783773,135710.62724194446,0.0,19.9,5521653.180621536,871221.9999999999,66.86826564254127,0.5600694383927473,,
H_SBartolome,H_SBartolome,Hidro,Nordeste,Water,2033,97.6335448172185,135710.62729593372,0.0,19.9,5521653.180621536,871221.9999999999,66.86826561649228,0.5600694386155578,,
H_SBartolome,H_SBartolome,Hidro,Nordeste,Water,2034,97.63354475634338,135710.6272113173,0.0,19.9,5521653.180621536,871221.9999999999,66.86826565731839,0.560069438266351,,
H_SBartolome,H_SBartolome,Hidro,Nordeste,Water,2035,97.63354473863305,135710.62718669995,0.0,19.9,5521653.180621536,871221.9999999999,66.86826566919588,0.5600694381647566,,
H_SFrancisPu,H_SFrancisPu,Hidro,Surocciden,Water,2023,2.422750729436289,3367.6235139164405,0.0,0.468,129855.96424778289,20489.04,63.445498496440145,0.5909609358379894,,
H_SFrancisPu,H_SFrancisPu,Hidro,Surocciden,Water,2024,2.4227507294362898,3367.623513916443,0.0,0.468,129855.96424778289,20489.04,63.44549849644012,0.5909609358379896,,
H_SFrancisPu,H_SFrancisPu,Hidro,Surocciden,Water,2025,2.42275072943629,3367.623513916443,0.0,0.468,129855.96424778289,20489.04,63.44549849644011,0.5909609358379897,,
H_SFrancisPu,H_SFrancisPu,Hidro,Surocciden,Water,2026,2.4227507294362898,3367.623513916442,0.0,0.468,129855.96424778289,20489.04,63.44549849644012,0.5909609358379896,,
H_SFrancisPu,H_SFrancisPu,Hidro,Surocciden,Water,2027,2.4227507294362907,3367.6235139164437,0.0,0.468,129855.96424778289,20489.04,63.4454984964401,0.5909609358379899,,
H_SFrancisPu,H_SFrancisPu,Hidro,Surocciden,Water,2028,2.422750729436289,3367.623513916441,0.0,0.468,129855.96424778289,20489.04,63.445498496440145,0.5909609358379894,,
H_SFrancisPu,H_SFrancisPu,Hidro,Surocciden,Water,2029,2.422750729436289,3367.623513916441,0.0,0.468,129855.96424778289,20489.04,63.445498496440145,0.5909609358379894,,
H_SFrancisPu,H_SFrancisPu,Hidro,Surocciden,Water,2030,2.4227507294362898,3367.623513916443,0.0,0.468,129855.96424778289,20489.04,63.44549849644012,0.5909609358379896,,
H_SFrancisPu,H_SFrancisPu,Hidro,Surocciden,Water,2031,2.422750729436287,3367.623513916439,0.0,0.468,129855.96424778289,20489.04,63.445498496440194,0.5909609358379889,,
H_SFrancisPu,H_SFrancisPu,Hidro,Surocciden,Water,2032,2.4227507294362898,3367.6235139164423,0.0,0.468,129855.96424778289,20489.04,63.44549849644012,0.5909609358379896,,
H_SFrancisPu,H_SFrancisPu,Hidro,Surocciden,Water,2033,2.4227507294362898,3367.6235139164423,0.0,0.468,129855.96424778289,20489.04,63.44549849644012,0.5909609358379896,,
H_SFrancisPu,H_SFrancisPu,Hidro,Surocciden,Water,2034,2.42275072943629,3367.623513916443,0.0,0.468,129855.96424778289,20489.04,63.44549849644011,0.5909609358379897,,
H_SFrancisPu,H_SFrancisPu,Hidro,Surocciden,Water,2035,2.422750729436288,3367.6235139164405,0.0,0.468,129855.96424778289,20489.04,63.44549849644017,0.5909609358379891,,
H_Sajandi,H_Sajandi,Hidro,Surocciden,Water,2023,20.75400989700367,28848.073756835103,0.0,3.2,887904.0290446694,140096.0,50.92259799654839,0.74036850374585,,
H_Sajandi,H_Sajandi,Hidro,Surocciden,Water,2024,20.75400989700367,28848.0737568351,0.0,3.2,887904.0290446694,140096.0,50.92259799654839,0.74036850374585,,
H_Sajandi,H_Sajandi,Hidro,Surocciden,Water,2025,20.754009897003673,28848.073756835107,0.0,3.2,887904.0290446694,140096.0,50.92259799654839,0.74036850374585,,
H_Sajandi,H_Sajandi,Hidro,Surocciden,Water,2026,20.754009897003673,28848.073756835103,0.0,3.2,887904.0290446694,140096.0,50.92259799654839,0.74036850374585,,
H_Sajandi,H_Sajandi,Hidro,Surocciden,Water,2027,20.754009897003673,28848.073756835103,0.0,3.2,887904.0290446694,140096.0,50.92259799654839,0.74036850374585,,
H_Sajandi,H_Sajandi,Hidro,Surocciden,Water,2028,20.754009897003677,28848.073756835103,0.0,3.2,887904.0290446694,140096.0,50.92259799654837,0.7403685037458502,,
H_Sajandi,H_Sajandi,Hidro,Surocciden,Water,2029,20.754009897003673,28848.073756835103,0.0,3.2,887904.0290446694,140096.0,50.92259799654839,0.74036850374585,,
H_Sajandi,H_Sajandi,Hidro,Surocciden,Water,2030,20.754009897003673,28848.073756835103,0.0,3.2,887904.0290446694,140096.0,50.92259799654839,0.74036850374585,,
H_Sajandi,H_Sajandi,Hidro,Surocciden,Water,2031,20.754009897003677,28848.073756835107,0.0,3.2,887904.0290446694,140096.0,50.92259799654837,0.7403685037458502,,
H_Sajandi,H_Sajandi,Hidro,Surocciden,Water,2032,20.754009897003673,28848.073756835103,0.0,3.2,887904.0290446694,140096.0,50.92259799654839,0.74036850374585,,
H_Sajandi,H_Sajandi,Hidro,Surocciden,Water,2033,20.754009897003673,28848.073756835103,0.0,3.2,887904.0290446694,140096.0,50.92259799654839,0.74036850374585,,
H_Sajandi,H_Sajandi,Hidro,Surocciden,Water,2034,20.754009897003677,28848.073756835103,0.0,3.2,887904.0290446694,140096.0,50.92259799654837,0.7403685037458502,,
H_Sajandi,H_Sajandi,Hidro,Surocciden,Water,2035,20.754009897003673,28848.0737568351,0.0,3.2,887904.0290446694,140096.0,50.92259799654839,0.74036850374585,,
H_SanAndres2,H_SanAndres2,Hidro,Antioquia,Water,2023,137.16337679426582,190657.09374402947,0.0,19.9,5521653.180621536,871221.9999999999,47.99774129387571,0.7868301369534074,,
H_SanAndres2,H_SanAndres2,Hidro,Antioquia,Water,2024,137.16337678764182,190657.09373482206,0.0,19.9,5521653.180621536,871221.9999999999,47.997741296126534,0.7868301369154092,,
H_SanAndres2,H_SanAndres2,Hidro,Antioquia,Water,2025,137.16337680855025,190657.09376388483,0.0,19.9,5521653.180621536,871221.9999999999,47.997741289021896,0.7868301370353494,,
H_SanAndres2,H_SanAndres2,Hidro,Antioquia,Water,2026,137.1633767819227,190657.09372687252,0.0,19.9,5521653.180621536,871221.9999999999,47.99774129806987,0.7868301368826018,,
H_SanAndres2,H_SanAndres2,Hidro,Antioquia,Water,2027,137.16337679691947,190657.09374771806,0.0,19.9,5521653.180621536,871221.9999999999,47.997741292974005,0.78683013696863,,
H_SanAndres2,H_SanAndres2,Hidro,Antioquia,Water,2028,137.16337679501922,190657.0937450767,0.0,19.9,5521653.180621536,871221.9999999999,47.997741293619704,0.7868301369577293,,
H_SanAndres2,H_SanAndres2,Hidro,Antioquia,Water,2029,137.1633767983124,190657.09374965422,0.0,19.9,5521653.180621536,871221.9999999999,47.99774129250069,0.7868301369766205,,
H_SanAndres2,H_SanAndres2,Hidro,Antioquia,Water,2030,137.16337679552595,190657.09374578102,0.0,19.9,5521653.180621536,871221.9999999999,47.99774129344752,0.7868301369606361,,
H_SanAndres2,H_SanAndres2,Hidro,Antioquia,Water,2031,137.1633767819227,190657.09372687252,0.0,19.9,5521653.180621536,871221.9999999999,47.99774129806987,0.7868301368826018,,
H_SanAndres2,H_SanAndres2,Hidro,Antioquia,Water,2032,137.1633767877145,190657.09373492317,0.0,19.9,5521653.180621536,871221.9999999999,47.997741296101836,0.786830136915826,,
H_SanAndres2,H_SanAndres2,Hidro,Antioquia,Water,2033,137.1633767863498,190657.09373302624,0.0,19.9,5521653.180621536,871221.9999999999,47.99774129656555,0.7868301369079976,,
H_SanAndres2,H_SanAndres2,Hidro,Antioquia,Water,2034,137.1633767946018,190657.09374449647,0.0,19.9,5521653.180621536,871221.9999999999,47.99774129376155,0.7868301369553348,,
H_SanAndres2,H_SanAndres2,Hidro,Antioquia,Water,2035,137.16337678807054,190657.09373541805,0.0,19.9,5521653.180621536,871221.9999999999,47.99774129598085,0.7868301369178686,,
H_SanCancio,H_SanCancio,Hidro,Surocciden,Water,2023,9.754271747649188,13558.437729232372,0.0,2.0,554940.0181529183,87560.0,67.25857889291048,0.5567506705279216,,
H_SanCancio,H_SanCancio,Hidro,Surocciden,Water,2024,9.754271747649188,13558.43772923237,0.0,2.0,554940.0181529183,87560.0,67.25857889291048,0.5567506705279216,,
H_SanCancio,H_SanCancio,Hidro,Surocciden,Water,2025,9.754271747649188,13558.43772923237,0.0,2.0,554940.0181529183,87560.0,67.25857889291048,0.5567506705279216,,
H_SanCancio,H_SanCancio,Hidro,Surocciden,Water,2026,9.754271747649188,13558.43772923237,0.0,2.0,554940.0181529183,87560.0,67.25857889291048,0.5567506705279216,,
H_SanCancio,H_SanCancio,Hidro,Surocciden,Water,2027,9.754271747649192,13558.437729232375,0.0,2.0,554940.0181529183,87560.0,67.25857889291046,0.5567506705279217,,
H_SanCancio,H_SanCancio,Hidro,Surocciden,Water,2028,9.754271747649188,13558.437729232372,0.0,2.0,554940.0181529183,87560.0,67.25857889291048,0.5567506705279216,,
H_SanCancio,H_SanCancio,Hidro,Surocciden,Water,2029,9.754271747649188,13558.437729232372,0.0,2.0,554940.0181529183,87560.0,67.25857889291048,0.5567506705279216,,
H_SanCancio,H_SanCancio,Hidro,Surocciden,Water,2030,9.754271747649188,13558.437729232372,0.0,2.0,554940.0181529183,87560.0,67.25857889291048,0.5567506705279216,,
H_SanCancio,H_SanCancio,Hidro,Surocciden,Water,2031,9.754271747649192,13558.437729232375,0.0,2.0,554940.0181529183,87560.0,67.25857889291046,0.5567506705279217,,
H_SanCancio,H_SanCancio,Hidro,Surocciden,Water,2032,9.754271747649188,13558.43772923237,0.0,2.0,554940.0181529183,87560.0,67.25857889291048,0.5567506705279216,,
H_SanCancio,H_SanCancio,Hidro,Surocciden,Water,2033,9.75427174764919,13558.437729232372,0.0,2.0,554940.0181529183,87560.0,67.25857889291048,0.5567506705279216,,
H_SanCancio,H_SanCancio,Hidro,Surocciden,Water,2034,9.754271747649188,13558.43772923237,0.0,2.0,554940.0181529183,87560.0,67.25857889291048,0.5567506705279216,,
H_SanCancio,H_SanCancio,Hidro,Surocciden,Water,2035,9.75427174764919,13558.437729232373,0.0,2.0,554940.0181529183,87560.0,67.25857889291048,0.5567506705279216,,
H_SanJosMoII,H_SanJosMoII,Hidro,Antioquia,Water,2023,5.965889911040122,8292.586976345769,0.0,1.1,305217.0099841051,48158.00000000001,60.62257305337972,0.6191251464342176,,
H_SanJosMoII,H_SanJosMoII,Hidro,Antioquia,Water,2024,5.965889930860092,8292.587003895525,0.0,1.1,305217.0099841051,48158.00000000001,60.62257285659638,0.6191251484910845,,
H_SanJosMoII,H_SanJosMoII,Hidro,Antioquia,Water,2025,5.965889895962016,8292.586955387202,0.0,1.1,305217.0099841051,48158.00000000001,60.622573203083306,0.6191251448694494,,
H_SanJosMoII,H_SanJosMoII,Hidro,Antioquia,Water,2026,5.965889909534423,8292.586974252848,0.0,1.1,305217.0099841051,48158.00000000001,60.622573068329125,0.6191251462779598,,
H_SanJosMoII,H_SanJosMoII,Hidro,Antioquia,Water,2027,5.9658899085888795,8292.586972938541,0.0,1.1,305217.0099841051,48158.00000000001,60.622573077716986,0.6191251461798337,,
H_SanJosMoII,H_SanJosMoII,Hidro,Antioquia,Water,2028,5.965889910037506,8292.586974952133,0.0,1.1,305217.0099841051,48158.00000000001,60.62257306333425,0.6191251463301685,,
H_SanJosMoII,H_SanJosMoII,Hidro,Antioquia,Water,2029,5.965889896266425,8292.58695581033,0.0,1.1,305217.0099841051,48158.00000000001,60.622573200060955,0.6191251449010402,,
H_SanJosMoII,H_SanJosMoII,Hidro,Antioquia,Water,2030,5.965889902960901,8292.586965115654,0.0,1.1,305217.0099841051,48158.00000000001,60.62257313359459,0.6191251455957761,,
H_SanJosMoII,H_SanJosMoII,Hidro,Antioquia,Water,2031,5.965889916445492,8292.586983859233,0.0,1.1,305217.0099841051,48158.00000000001,60.62257299971231,0.6191251469951733,,
H_SanJosMoII,H_SanJosMoII,Hidro,Antioquia,Water,2032,5.965889903085616,8292.586965289005,0.0,1.1,305217.0099841051,48158.00000000001,60.622573132356365,0.6191251456087188,,
H_SanJosMoII,H_SanJosMoII,Hidro,Antioquia,Water,2033,5.96588991866148,8292.586986939456,0.0,1.1,305217.0099841051,48158.00000000001,60.62257297771078,0.619125147225143,,
H_SanJosMoII,H_SanJosMoII,Hidro,Antioquia,Water,2034,5.965889904458276,8292.586967197003,0.0,1.1,305217.0099841051,48158.00000000001,60.62257311872785,0.6191251457511701,,
H_SanJosMoII,H_SanJosMoII,Hidro,Antioquia,Water,2035,5.965889895277863,8292.586954436229,0.0,1.1,305217.0099841051,48158.00000000001,60.62257320987594,0.6191251447984497,,
H_SanJose,H_SanJose,Hidro,Surocciden,Water,2023,2.273113957934759,3159.6284015293145,0.0,0.38,105438.60344905448,16636.4,55.09386426203019,0.6828628808984495,,
H_SanJose,H_SanJose,Hidro,Surocciden,Water,2024,2.2731139579347635,3159.6284015293204,0.0,0.38,105438.60344905448,16636.4,55.093864262030074,0.6828628808984508,,
H_SanJose,H_SanJose,Hidro,Surocciden,Water,2025,2.273113957934764,3159.6284015293213,0.0,0.38,105438.60344905448,16636.4,55.093864262030074,0.6828628808984508,,
H_SanJose,H_SanJose,Hidro,Surocciden,Water,2026,2.273113957934764,3159.6284015293213,0.0,0.38,105438.60344905448,16636.4,55.093864262030074,0.6828628808984508,,
H_SanJose,H_SanJose,Hidro,Surocciden,Water,2027,2.273113959624773,3159.6284038784333,0.0,0.38,105438.60344905448,16636.4,55.093864222102454,0.6828628814061442,,
H_SanJose,H_SanJose,Hidro,Surocciden,Water,2028,2.273113969053821,3159.6284169848113,0.0,0.38,105438.60344905448,16636.4,55.09386399933477,0.6828628842387109,,
H_SanJose,H_SanJose,Hidro,Surocciden,Water,2029,2.273113957934763,3159.6284015293204,0.0,0.38,105438.60344905448,16636.4,55.09386426203009,0.6828628808984507,,
H_SanJose,H_SanJose,Hidro,Surocciden,Water,2030,2.2731139579347603,3159.6284015293168,0.0,0.38,105438.60344905448,16636.4,55.09386426203015,0.6828628808984499,,
H_SanJose,H_SanJose,Hidro,Surocciden,Water,2031,2.273113957934761,3159.6284015293177,0.0,0.38,105438.60344905448,16636.4,55.09386426203013,0.6828628808984502,,
H_SanJose,H_SanJose,Hidro,Surocciden,Water,2032,2.2731139579347626,3159.62840152932,0.0,0.38,105438.60344905448,16636.4,55.093864262030095,0.6828628808984505,,
H_SanJose,H_SanJose,Hidro,Surocciden,Water,2033,2.273113957934762,3159.6284015293186,0.0,0.38,105438.60344905448,16636.4,55.09386426203011,0.6828628808984504,,
H_SanJose,H_SanJose,Hidro,Surocciden,Water,2034,2.273113957934762,3159.6284015293186,0.0,0.38,105438.60344905448,16636.4,55.09386426203011,0.6828628808984504,,
H_SanJose,H_SanJose,Hidro,Surocciden,Water,2035,2.2731139579347612,3159.6284015293177,0.0,0.38,105438.60344905448,16636.4,55.09386426203013,0.6828628808984502,,
H_SanMatias,H_SanMatias,Hidro,Antioquia,Water,2023,114.04194263737703,158518.30026595405,0.0,19.9,5521653.180621536,871221.9999999999,57.44722800556962,0.6541953066552914,,
H_SanMatias,H_SanMatias,Hidro,Antioquia,Water,2024,114.04194263673038,158518.3002650552,0.0,19.9,5521653.180621536,871221.9999999999,57.44722800588748,0.654195306651582,,
H_SanMatias,H_SanMatias,Hidro,Antioquia,Water,2025,114.0419426440757,158518.30027526524,0.0,19.9,5521653.180621536,871221.9999999999,57.447228002276894,0.6541953066937181,,
H_SanMatias,H_SanMatias,Hidro,Antioquia,Water,2026,114.04194263140596,158518.30025765428,0.0,19.9,5521653.180621536,871221.9999999999,57.4472280085047,0.6541953066210386,,
H_SanMatias,H_SanMatias,Hidro,Antioquia,Water,2027,114.04194267274033,158518.30031510908,0.0,19.9,5521653.180621536,871221.9999999999,57.447227988186825,0.654195306858151,,
H_SanMatias,H_SanMatias,Hidro,Antioquia,Water,2028,114.04194262142553,158518.30024378147,0.0,19.9,5521653.180621536,871221.9999999999,57.44722801341057,0.6541953065637865,,
H_SanMatias,H_SanMatias,Hidro,Antioquia,Water,2029,114.04194266018638,158518.30029765907,0.0,19.9,5521653.180621536,871221.9999999999,57.4472279943577,0.654195306786136,,
H_SanMatias,H_SanMatias,Hidro,Antioquia,Water,2030,114.04194262454128,158518.30024811235,0.0,19.9,5521653.180621536,871221.9999999999,57.447228011879034,0.6541953065816598,,
H_SanMatias,H_SanMatias,Hidro,Antioquia,Water,2031,114.04194262405971,158518.30024744297,0.0,19.9,5521653.180621536,871221.9999999999,57.447228012115744,0.6541953065788974,,
H_SanMatias,H_SanMatias,Hidro,Antioquia,Water,2032,114.04194262426708,158518.3002477312,0.0,19.9,5521653.180621536,871221.9999999999,57.44722801201382,0.6541953065800868,,
H_SanMatias,H_SanMatias,Hidro,Antioquia,Water,2033,114.04194261852764,158518.3002397534,0.0,19.9,5521653.180621536,871221.9999999999,57.44722801483503,0.6541953065471628,,
H_SanMatias,H_SanMatias,Hidro,Antioquia,Water,2034,114.0419426249859,158518.30024873037,0.0,19.9,5521653.180621536,871221.9999999999,57.44722801166048,0.6541953065842103,,
H_SanMatias,H_SanMatias,Hidro,Antioquia,Water,2035,114.04194263194994,158518.3002584104,0.0,19.9,5521653.180621536,871221.9999999999,57.44722800823732,0.6541953066241591,,
H_SantaAna,H_SantaAna,Hidro,Oriental,Water,2023,38.10185957647026,52961.584811293666,0.0,8.0,2219760.0726116733,350240.0,68.84077802446083,0.5436909186140162,,
H_SantaAna,H_SantaAna,Hidro,Oriental,Water,2024,38.10185952026265,52961.58473316507,0.0,8.0,2219760.0726116733,350240.0,68.84077812396377,0.543690917811967,,
H_SantaAna,H_SantaAna,Hidro,Oriental,Water,2025,38.1018595541269,52961.58478023637,0.0,8.0,2219760.0726116733,350240.0,68.84077806401474,0.5436909182951896,,
H_SantaAna,H_SantaAna,Hidro,Oriental,Water,2026,38.10185955608729,52961.58478296132,0.0,8.0,2219760.0726116733,350240.0,68.84077806054431,0.5436909183231633,,
H_SantaAna,H_SantaAna,Hidro,Oriental,Water,2027,38.101859519828196,52961.58473256119,0.0,8.0,2219760.0726116733,350240.0,68.8407781247329,0.5436909178057675,,
H_SantaAna,H_SantaAna,Hidro,Oriental,Water,2028,38.10185953781313,52961.584757560246,0.0,8.0,2219760.0726116733,350240.0,68.84077809289461,0.5436909180624019,,
H_SantaAna,H_SantaAna,Hidro,Oriental,Water,2029,38.10185951845668,52961.58473065478,0.0,8.0,2219760.0726116733,350240.0,68.84077812716086,0.5436909177861968,,
H_SantaAna,H_SantaAna,Hidro,Oriental,Water,2030,38.101859519378095,52961.58473193554,0.0,8.0,2219760.0726116733,350240.0,68.8407781255297,0.5436909177993449,,
H_SantaAna,H_SantaAna,Hidro,Oriental,Water,2031,38.10185950152804,52961.58470712396,0.0,8.0,2219760.0726116733,350240.0,68.84077815712921,0.5436909175446352,,
H_SantaAna,H_SantaAna,Hidro,Oriental,Water,2032,38.10185950152804,52961.58470712396,0.0,8.0,2219760.0726116733,350240.0,68.84077815712921,0.5436909175446352,,
H_SantaAna,H_SantaAna,Hidro,Oriental,Water,2033,38.10185950152804,52961.58470712396,0.0,8.0,2219760.0726116733,350240.0,68.84077815712921,0.5436909175446352,,
H_SantaAna,H_SantaAna,Hidro,Oriental,Water,2034,38.10185950152804,52961.58470712396,0.0,8.0,2219760.0726116733,350240.0,68.84077815712921,0.5436909175446352,,
H_SantaAna,H_SantaAna,Hidro,Oriental,Water,2035,38.10185950152804,52961.58470712397,0.0,8.0,2219760.0726116733,350240.0,68.84077815712921,0.5436909175446352,,
H_SantaRita,H_SantaRita,Hidro,Antioquia,Water,2023,6.3338988941212335,8804.119462828512,0.0,1.3,360711.01179939695,56914.0,67.32490341107479,0.5561906299720085,,
H_SantaRita,H_SantaRita,Hidro,Antioquia,Water,2024,6.333898903057378,8804.119475249754,0.0,1.3,360711.01179939695,56914.0,67.32490331805093,0.5561906307567067,,
H_SantaRita,H_SantaRita,Hidro,Antioquia,Water,2025,6.333898909236488,8804.119483838718,0.0,1.3,360711.01179939695,56914.0,67.32490325372734,0.5561906312993051,,
H_SantaRita,H_SantaRita,Hidro,Antioquia,Water,2026,6.333898892344163,8804.119460358383,0.0,1.3,360711.01179939695,56914.0,67.32490342957382,0.5561906298159608,,
H_SantaRita,H_SantaRita,Hidro,Antioquia,Water,2027,6.333898892423835,8804.11946046913,0.0,1.3,360711.01179939695,56914.0,67.32490342874445,0.556190629822957,,
H_SantaRita,H_SantaRita,Hidro,Antioquia,Water,2028,6.333898885860654,8804.119451346307,0.0,1.3,360711.01179939695,56914.0,67.32490349706615,0.5561906292466325,,
H_SantaRita,H_SantaRita,Hidro,Antioquia,Water,2029,6.333898876360104,8804.119438140546,0.0,1.3,360711.01179939695,56914.0,67.3249035959654,0.5561906284123729,,
H_SantaRita,H_SantaRita,Hidro,Antioquia,Water,2030,6.3338988888450025,8804.11945549455,0.0,1.3,360711.01179939695,56914.0,67.32490346599954,0.5561906295086935,,
H_SantaRita,H_SantaRita,Hidro,Antioquia,Water,2031,6.333898890270415,8804.119457475877,0.0,1.3,360711.01179939695,56914.0,67.32490345116122,0.5561906296338613,,
H_SantaRita,H_SantaRita,Hidro,Antioquia,Water,2032,6.333898887430658,8804.119453528612,0.0,1.3,360711.01179939695,56914.0,67.32490348072263,0.5561906293844975,,
H_SantaRita,H_SantaRita,Hidro,Antioquia,Water,2033,6.3338989034284525,8804.119475765548,0.0,1.3,360711.01179939695,56914.0,67.32490331418809,0.5561906307892914,,
H_SantaRita,H_SantaRita,Hidro,Antioquia,Water,2034,6.333898878303133,8804.119440841354,0.0,1.3,360711.01179939695,56914.0,67.32490357573876,0.5561906285829936,,
H_SantaRita,H_SantaRita,Hidro,Antioquia,Water,2035,6.333898873981186,8804.119434833849,0.0,1.3,360711.01179939695,56914.0,67.32490362072956,0.556190628203476,,
H_Santiago,H_Santiago,Hidro,Antioquia,Water,2023,10.873027374232716,15113.508050183471,0.0,2.8,776916.0254140856,122583.99999999999,84.11765205629412,0.44329041806232533,,
H_Santiago,H_Santiago,Hidro,Antioquia,Water,2024,10.87302736601566,15113.508038761762,0.0,2.8,776916.0254140856,122583.99999999999,84.11765211881378,0.4432904177273181,,
H_Santiago,H_Santiago,Hidro,Antioquia,Water,2025,10.87302735916122,15113.508029234094,0.0,2.8,776916.0254140856,122583.99999999999,84.11765217096591,0.44329041744786446,,
H_Santiago,H_Santiago,Hidro,Antioquia,Water,2026,10.873027366064605,15113.508038829797,0.0,2.8,776916.0254140856,122583.99999999999,84.11765211844137,0.4432904177293136,,
H_Santiago,H_Santiago,Hidro,Antioquia,Water,2027,10.873027356795838,15113.508025946212,0.0,2.8,776916.0254140856,122583.99999999999,84.11765218896299,0.44329041735142843,,
H_Santiago,H_Santiago,Hidro,Antioquia,Water,2028,10.873027347425312,15113.508012921182,0.0,2.8,776916.0254140856,122583.99999999999,84.11765226025882,0.4432904169693946,,
H_Santiago,H_Santiago,Hidro,Antioquia,Water,2029,10.873027363743244,15113.508035603109,0.0,2.8,776916.0254140856,122583.99999999999,84.11765213610352,0.44329041763467225,,
H_Santiago,H_Santiago,Hidro,Antioquia,Water,2030,10.873027370886247,15113.508045531882,0.0,2.8,776916.0254140856,122583.99999999999,84.11765208175582,0.4432904179258906,,
H_Santiago,H_Santiago,Hidro,Antioquia,Water,2031,10.873027354190244,15113.508022324437,0.0,2.8,776916.0254140856,122583.99999999999,84.11765220878769,0.4432904172451991,,
H_Santiago,H_Santiago,Hidro,Antioquia,Water,2032,10.873027356807047,15113.508025961792,0.0,2.8,776916.0254140856,122583.99999999999,84.11765218887771,0.4432904173518854,,
H_Santiago,H_Santiago,Hidro,Antioquia,Water,2033,10.873027351550874,15113.50801865571,0.0,2.8,776916.0254140856,122583.99999999999,84.11765222886939,0.44329041713759265,,
H_Santiago,H_Santiago,Hidro,Antioquia,Water,2034,10.873027367329627,15113.508040588178,0.0,2.8,776916.0254140856,122583.99999999999,84.11765210881644,0.4432904177808882,,
H_Santiago,H_Santiago,Hidro,Antioquia,Water,2035,10.873027352999369,15113.50802066912,0.0,2.8,776916.0254140856,122583.99999999999,84.11765221784849,0.4432904171966474,,
H_Silvia,H_Silvia,Hidro,Surocciden,Water,2023,2.708251315516039,3764.469328567293,0.0,0.38,105438.60344905448,16636.4,46.46521246261961,0.8135818659925613,,
H_Silvia,H_Silvia,Hidro,Surocciden,Water,2024,2.7082513155160437,3764.4693285673,0.0,0.38,105438.60344905448,16636.4,46.465212462619526,0.8135818659925628,,
H_Silvia,H_Silvia,Hidro,Surocciden,Water,2025,2.708251315516042,3764.469328567298,0.0,0.38,105438.60344905448,16636.4,46.465212462619554,0.8135818659925622,,
H_Silvia,H_Silvia,Hidro,Surocciden,Water,2026,2.7082513155160433,3764.4693285672993,0.0,0.38,105438.60344905448,16636.4,46.46521246261953,0.8135818659925627,,
H_Silvia,H_Silvia,Hidro,Surocciden,Water,2027,2.7082513155160406,3764.4693285672956,0.0,0.38,105438.60344905448,16636.4,46.465212462619576,0.8135818659925618,,
H_Silvia,H_Silvia,Hidro,Surocciden,Water,2028,2.7082513155160437,3764.4693285673,0.0,0.38,105438.60344905448,16636.4,46.465212462619526,0.8135818659925628,,
H_Silvia,H_Silvia,Hidro,Surocciden,Water,2029,2.7082513155160424,3764.4693285672984,0.0,0.38,105438.60344905448,16636.4,46.46521246261955,0.8135818659925623,,
H_Silvia,H_Silvia,Hidro,Surocciden,Water,2030,2.708251315516044,3764.469328567301,0.0,0.38,105438.60344905448,16636.4,46.46521246261952,0.813581865992563,,
H_Silvia,H_Silvia,Hidro,Surocciden,Water,2031,2.708251315516044,3764.4693285673006,0.0,0.38,105438.60344905448,16636.4,46.46521246261952,0.813581865992563,,
H_Silvia,H_Silvia,Hidro,Surocciden,Water,2032,2.708251315516044,3764.4693285673015,0.0,0.38,105438.60344905448,16636.4,46.46521246261952,0.813581865992563,,
H_Silvia,H_Silvia,Hidro,Surocciden,Water,2033,2.7082513155160424,3764.4693285672975,0.0,0.38,105438.60344905448,16636.4,46.46521246261955,0.8135818659925623,,
H_Silvia,H_Silvia,Hidro,Surocciden,Water,2034,2.708251315516045,3764.469328567302,0.0,0.38,105438.60344905448,16636.4,46.4652124626195,0.8135818659925632,,
H_Silvia,H_Silvia,Hidro,Surocciden,Water,2035,2.708251315516045,3764.4693285673025,0.0,0.38,105438.60344905448,16636.4,46.4652124626195,0.8135818659925632,,
H_Suba,H_Suba,Hidro,Oriental,Water,2023,15.662002220769763,21770.183086869965,0.0,2.6,721422.0235987939,113828.0,54.719709179273934,0.6876537680352018,,
H_Suba,H_Suba,Hidro,Oriental,Water,2024,15.662002306721561,21770.183206342965,0.0,2.6,721422.0235987939,113828.0,54.71970888660481,0.68765377180899,,
H_Suba,H_Suba,Hidro,Oriental,Water,2025,15.662002277223607,21770.18316534081,0.0,2.6,721422.0235987939,113828.0,54.71970898704646,0.6876537705138568,,
H_Suba,H_Suba,Hidro,Oriental,Water,2026,15.66200223833815,21770.183111290025,0.0,2.6,721422.0235987939,113828.0,54.7197091194529,0.6876537688065573,,
H_Suba,H_Suba,Hidro,Oriental,Water,2027,15.662002308703354,21770.18320909766,0.0,2.6,721422.0235987939,113828.0,54.71970887985674,0.6876537718960023,,
H_Suba,H_Suba,Hidro,Oriental,Water,2028,15.662002201758707,21770.1830604446,0.0,2.6,721422.0235987939,113828.0,54.71970924400729,0.6876537672005051,,
H_Suba,H_Suba,Hidro,Oriental,Water,2029,15.662002252182308,21770.183130533405,0.0,2.6,721422.0235987939,113828.0,54.71970907231303,0.6876537694143969,,
H_Suba,H_Suba,Hidro,Oriental,Water,2030,15.662002289096291,21770.183181843844,0.0,2.6,721422.0235987939,113828.0,54.71970894661952,0.6876537710351374,,
H_Suba,H_Suba,Hidro,Oriental,Water,2031,15.662002254841795,21770.183134230094,0.0,2.6,721422.0235987939,113828.0,54.719709063257376,0.687653769531164,,
H_Suba,H_Suba,Hidro,Oriental,Water,2032,15.662002380802882,21770.183309316002,0.0,2.6,721422.0235987939,113828.0,54.71970863435512,0.6876537750615945,,
H_Suba,H_Suba,Hidro,Oriental,Water,2033,15.662002242692576,21770.18311734268,0.0,2.6,721422.0235987939,113828.0,54.71970910462592,0.6876537689977421,,
H_Suba,H_Suba,Hidro,Oriental,Water,2034,15.662002325695285,21770.183232716445,0.0,2.6,721422.0235987939,113828.0,54.719708821998566,0.6876537726420477,,
H_Suba,H_Suba,Hidro,Oriental,Water,2035,15.662002327302025,21770.183234949815,0.0,2.6,721422.0235987939,113828.0,54.71970881652756,0.6876537727125932,,
H_Sueva2,H_Sueva2,Hidro,Oriental,Water,2023,34.21161078176898,47554.13898665889,0.0,6.0,1664820.054458755,262680.0,57.730523302279,0.6509058367916473,,
H_Sueva2,H_Sueva2,Hidro,Oriental,Water,2024,34.211610855863505,47554.13908965026,0.0,6.0,1664820.054458755,262680.0,57.730523180258324,0.6509058382013603,,
H_Sueva2,H_Sueva2,Hidro,Oriental,Water,2025,34.21161090014963,47554.139151207986,0.0,6.0,1664820.054458755,262680.0,57.730523107326846,0.6509058390439426,,
H_Sueva2,H_Sueva2,Hidro,Oriental,Water,2026,34.211610887874,47554.13913414486,0.0,6.0,1664820.054458755,262680.0,57.73052312754264,0.6509058388103881,,
H_Sueva2,H_Sueva2,Hidro,Oriental,Water,2027,34.211610873103695,47554.139113614125,0.0,6.0,1664820.054458755,262680.0,57.730523151866755,0.65090583852937,,
H_Sueva2,H_Sueva2,Hidro,Oriental,Water,2028,34.21161094189089,47554.13920922833,0.0,6.0,1664820.054458755,262680.0,57.730523038586306,0.6509058398381066,,
H_Sueva2,H_Sueva2,Hidro,Oriental,Water,2029,34.21161087487512,47554.1391160764,0.0,6.0,1664820.054458755,262680.0,57.73052314894952,0.6509058385630729,,
H_Sueva2,H_Sueva2,Hidro,Oriental,Water,2030,34.21161083719822,47554.13906370552,0.0,6.0,1664820.054458755,262680.0,57.73052321099677,0.6509058378462369,,
H_Sueva2,H_Sueva2,Hidro,Oriental,Water,2031,34.21161096411876,47554.13924012506,0.0,6.0,1664820.054458755,262680.0,57.73052300198089,0.6509058402610114,,
H_Sueva2,H_Sueva2,Hidro,Oriental,Water,2032,34.21161080777347,47554.13902280512,0.0,6.0,1664820.054458755,262680.0,57.73052325945417,0.6509058372864053,,
H_Sueva2,H_Sueva2,Hidro,Oriental,Water,2033,34.21161102157084,47554.13931998346,0.0,6.0,1664820.054458755,262680.0,57.73052290736741,0.6509058413540874,,
H_Sueva2,H_Sueva2,Hidro,Oriental,Water,2034,34.21161108104128,47554.13940264737,0.0,6.0,1664820.054458755,262680.0,57.730522809430006,0.6509058424855647,,
H_Sueva2,H_Sueva2,Hidro,Oriental,Water,2035,34.21161108702596,47554.13941096609,0.0,6.0,1664820.054458755,262680.0,57.7305227995743,0.6509058425994283,,
H_TuluaAlto,H_TuluaAlto,Hidro,Surocciden,Water,2023,87.80691344875774,122051.60969377324,0.0,19.9,2534265.0828996026,871221.9999999999,40.173814954240164,0.5036995103873118,,
H_TuluaAlto,H_TuluaAlto,Hidro,Surocciden,Water,2024,87.8069135171384,122051.60978882239,0.0,19.9,2534265.0828996026,871221.9999999999,40.17381492403682,0.5036995107795736,,
H_TuluaAlto,H_TuluaAlto,Hidro,Surocciden,Water,2025,87.80691342341638,122051.60965854875,0.0,19.9,2534265.0828996026,871221.9999999999,40.173814965433294,0.5036995102419425,,
H_TuluaAlto,H_TuluaAlto,Hidro,Surocciden,Water,2026,87.80691340809446,122051.6096372513,0.0,19.9,2534265.0828996026,871221.9999999999,40.1738149722009,0.5036995101540491,,
H_TuluaAlto,H_TuluaAlto,Hidro,Surocciden,Water,2027,87.80691340809449,122051.6096372513,0.0,19.9,2534265.0828996026,871221.9999999999,40.173814972200894,0.5036995101540492,,
H_TuluaAlto,H_TuluaAlto,Hidro,Surocciden,Water,2028,87.80691340809449,122051.60963725131,0.0,19.9,2534265.0828996026,871221.9999999999,40.173814972200894,0.5036995101540492,,
H_TuluaAlto,H_TuluaAlto,Hidro,Surocciden,Water,2029,87.80691340809446,122051.6096372513,0.0,19.9,2534265.0828996026,871221.9999999999,40.1738149722009,0.5036995101540491,,
H_TuluaAlto,H_TuluaAlto,Hidro,Surocciden,Water,2030,87.80691340809447,122051.6096372513,0.0,19.9,2534265.0828996026,871221.9999999999,40.1738149722009,0.5036995101540492,,
H_TuluaAlto,H_TuluaAlto,Hidro,Surocciden,Water,2031,87.80691340809446,122051.60963725131,0.0,19.9,2534265.0828996026,871221.9999999999,40.1738149722009,0.5036995101540491,,
H_TuluaAlto,H_TuluaAlto,Hidro,Surocciden,Water,2032,87.80691340809446,122051.6096372513,0.0,19.9,2534265.0828996026,871221.9999999999,40.1738149722009,0.5036995101540491,,
H_TuluaAlto,H_TuluaAlto,Hidro,Surocciden,Water,2033,87.80691340809446,122051.6096372513,0.0,19.9,2534265.0828996026,871221.9999999999,40.1738149722009,0.5036995101540491,,
H_TuluaAlto,H_TuluaAlto,Hidro,Surocciden,Water,2034,87.80691340809446,122051.6096372513,0.0,19.9,2534265.0828996026,871221.9999999999,40.1738149722009,0.5036995101540491,,
H_TuluaAlto,H_TuluaAlto,Hidro,Surocciden,Water,2035,87.80691340809446,122051.6096372513,0.0,19.9,2534265.0828996026,871221.9999999999,40.1738149722009,0.5036995101540491,,
H_TuluaBajo,H_TuluaBajo,Hidro,Surocciden,Water,2023,88.2099555895868,122611.83826952563,0.0,19.9,2536056.082958189,871221.9999999999,40.01691076289827,0.5060115393725866,,
H_TuluaBajo,H_TuluaBajo,Hidro,Surocciden,Water,2024,88.20995556131199,122611.83823022366,0.0,19.9,2536056.082958189,871221.9999999999,40.01691077527974,0.5060115392103898,,
H_TuluaBajo,H_TuluaBajo,Hidro,Surocciden,Water,2025,88.20995557618583,122611.83825089829,0.0,19.9,2536056.082958189,871221.9999999999,40.016910768766515,0.5060115392957127,,
H_TuluaBajo,H_TuluaBajo,Hidro,Surocciden,Water,2026,88.20995553115117,122611.8381883001,0.0,19.9,2536056.082958189,871221.9999999999,40.01691078848708,0.5060115390373738,,
H_TuluaBajo,H_TuluaBajo,Hidro,Surocciden,Water,2027,88.20995548933685,122611.8381301782,0.0,19.9,2536056.082958189,871221.9999999999,40.01691080679747,0.5060115387975083,,
H_TuluaBajo,H_TuluaBajo,Hidro,Surocciden,Water,2028,88.2099555036631,122611.83815009167,0.0,19.9,2536056.082958189,871221.9999999999,40.01691080052404,0.5060115388796901,,
H_TuluaBajo,H_TuluaBajo,Hidro,Surocciden,Water,2029,88.20995548933685,122611.83813017819,0.0,19.9,2536056.082958189,871221.9999999999,40.01691080679747,0.5060115387975083,,
H_TuluaBajo,H_TuluaBajo,Hidro,Surocciden,Water,2030,88.20995548933683,122611.8381301782,0.0,19.9,2536056.082958189,871221.9999999999,40.016910806797476,0.5060115387975082,,
H_TuluaBajo,H_TuluaBajo,Hidro,Surocciden,Water,2031,88.20995548933685,122611.8381301782,0.0,19.9,2536056.082958189,871221.9999999999,40.01691080679747,0.5060115387975083,,
H_TuluaBajo,H_TuluaBajo,Hidro,Surocciden,Water,2032,88.20995548933685,122611.83813017819,0.0,19.9,2536056.082958189,871221.9999999999,40.01691080679747,0.5060115387975083,,
H_TuluaBajo,H_TuluaBajo,Hidro,Surocciden,Water,2033,88.20995548933685,122611.83813017819,0.0,19.9,2536056.082958189,871221.9999999999,40.01691080679747,0.5060115387975083,,
H_TuluaBajo,H_TuluaBajo,Hidro,Surocciden,Water,2034,88.20995548933685,122611.83813017819,0.0,19.9,2536056.082958189,871221.9999999999,40.01691080679747,0.5060115387975083,,
H_TuluaBajo,H_TuluaBajo,Hidro,Surocciden,Water,2035,88.20995548933683,122611.83813017819,0.0,19.9,2536056.082958189,871221.9999999999,40.016910806797476,0.5060115387975082,,
H_Tunjita,H_Tunjita,Hidro,Oriental,Water,2023,108.76847367362714,151188.1784063417,0.0,19.7,2514114.0822404334,862466.0,32.433738761769035,0.6302788034769669,,
H_Tunjita,H_Tunjita,Hidro,Oriental,Water,2024,108.76847374527877,151188.17850593745,0.0,19.7,2514114.0822404334,862466.0,32.433738741318855,0.6302788038921653,,
H_Tunjita,H_Tunjita,Hidro,Oriental,Water,2025,108.76847380087065,151188.1785832102,0.0,19.7,2514114.0822404334,862466.0,32.433738725452315,0.6302788042143026,,
H_Tunjita,H_Tunjita,Hidro,Oriental,Water,2026,108.7684739252289,151188.17875606817,0.0,19.7,2514114.0822404334,862466.0,32.43373868995908,0.6302788049349192,,
H_Tunjita,H_Tunjita,Hidro,Oriental,Water,2027,108.76847388660993,151188.17870238778,0.0,19.7,2514114.0822404334,862466.0,32.433738700981365,0.6302788047111345,,
H_Tunjita,H_Tunjita,Hidro,Oriental,Water,2028,108.76847379681476,151188.1785775725,0.0,19.7,2514114.0822404334,862466.0,32.43373872660991,0.6302788041908001,,
H_Tunjita,H_Tunjita,Hidro,Oriental,Water,2029,108.76847383365555,151188.17862878117,0.0,19.7,2514114.0822404334,862466.0,32.433738716095135,0.6302788044042806,,
H_Tunjita,H_Tunjita,Hidro,Oriental,Water,2030,108.76847387391204,151188.17868473774,0.0,19.7,2514114.0822404334,862466.0,32.43373870460548,0.6302788046375543,,
H_Tunjita,H_Tunjita,Hidro,Oriental,Water,2031,108.76847382349455,151188.17861465743,0.0,19.7,2514114.0822404334,862466.0,32.4337387189952,0.630278804345401,,
H_Tunjita,H_Tunjita,Hidro,Oriental,Water,2032,108.76847400391645,151188.17886544386,0.0,19.7,2514114.0822404334,862466.0,32.43373866750077,0.6302788053908887,,
H_Tunjita,H_Tunjita,Hidro,Oriental,Water,2033,108.76847399346484,151188.1788509161,0.0,19.7,2514114.0822404334,862466.0,32.43373867048378,0.6302788053303249,,
H_Tunjita,H_Tunjita,Hidro,Oriental,Water,2034,108.76847400534385,151188.1788674279,0.0,19.7,2514114.0822404334,862466.0,32.43373866709338,0.6302788053991599,,
H_Tunjita,H_Tunjita,Hidro,Oriental,Water,2035,108.76847398965435,151188.17884561955,0.0,19.7,2514114.0822404334,862466.0,32.43373867157134,0.6302788053082442,,
H_Union,H_Union,Hidro,Surocciden,Water,2023,4.752561425768036,6606.060381817569,0.0,0.7,194229.0063535214,30645.999999999996,48.7065912457787,0.7750426330345785,,
H_Union,H_Union,Hidro,Surocciden,Water,2024,4.752561381551944,6606.060320357201,0.0,0.7,194229.0063535214,30645.999999999996,48.70659168599496,0.7750426258238654,,
H_Union,H_Union,Hidro,Surocciden,Water,2025,4.752561413731919,6606.060365087365,0.0,0.7,194229.0063535214,30645.999999999996,48.70659136561051,0.7750426310717413,,
H_Union,H_Union,Hidro,Surocciden,Water,2026,4.75256145228348,6606.060418674037,0.0,0.7,194229.0063535214,30645.999999999996,48.706590981790434,0.7750426373586888,,
H_Union,H_Union,Hidro,Surocciden,Water,2027,4.75256139523213,6606.060339372659,0.0,0.7,194229.0063535214,30645.999999999996,48.70659154979476,0.7750426280548156,,
H_Union,H_Union,Hidro,Surocciden,Water,2028,4.752561392227791,6606.060335196627,0.0,0.7,194229.0063535214,30645.999999999996,48.70659157970602,0.7750426275648712,,
H_Union,H_Union,Hidro,Surocciden,Water,2029,4.752561409636954,6606.060359395366,0.0,0.7,194229.0063535214,30645.999999999996,48.70659140638006,0.7750426304039388,,
H_Union,H_Union,Hidro,Surocciden,Water,2030,4.752561395358852,6606.060339548802,0.0,0.7,194229.0063535214,30645.999999999996,48.706591548533105,0.7750426280754814,,
H_Union,H_Union,Hidro,Surocciden,Water,2031,4.752561410673357,6606.060360835963,0.0,0.7,194229.0063535214,30645.999999999996,48.70659139606161,0.7750426305729543,,
H_Union,H_Union,Hidro,Surocciden,Water,2032,4.752561409851396,6606.06035969344,0.0,0.7,194229.0063535214,30645.999999999996,48.706591404245074,0.77504263043891,,
H_Union,H_Union,Hidro,Surocciden,Water,2033,4.752561395324866,6606.060339501564,0.0,0.7,194229.0063535214,30645.999999999996,48.70659154887148,0.7750426280699388,,
H_Union,H_Union,Hidro,Surocciden,Water,2034,4.752561381551951,6606.060320357209,0.0,0.7,194229.0063535214,30645.999999999996,48.70659168599488,0.7750426258238666,,
H_Union,H_Union,Hidro,Surocciden,Water,2035,4.752561381551949,6606.060320357207,0.0,0.7,194229.0063535214,30645.999999999996,48.7065916859949,0.7750426258238663,,
H_Urrao,H_Urrao,Hidro,Antioquia,Water,2023,6.243898333144694,8679.018683071125,0.0,1.03,285794.10934875294,45093.4,54.38373751687977,0.6920133808955858,,
H_Urrao,H_Urrao,Hidro,Antioquia,Water,2024,6.243898350000538,8679.018706500745,0.0,1.03,285794.10934875294,45093.4,54.38373737381943,0.6920133827637248,,
H_Urrao,H_Urrao,Hidro,Antioquia,Water,2025,6.243898341653843,8679.01869489884,0.0,1.03,285794.10934875294,45093.4,54.38373744466019,0.6920133818386578,,
H_Urrao,H_Urrao,Hidro,Antioquia,Water,2026,6.243898339941694,8679.018692518954,0.0,1.03,285794.10934875294,45093.4,54.38373745919169,0.6920133816488997,,
H_Urrao,H_Urrao,Hidro,Antioquia,Water,2027,6.243898344818378,8679.018699297547,0.0,1.03,285794.10934875294,45093.4,54.383737417801896,0.6920133821893842,,
H_Urrao,H_Urrao,Hidro,Antioquia,Water,2028,6.243898351861035,8679.018709086838,0.0,1.03,285794.10934875294,45093.4,54.38373735802886,0.6920133829699243,,
H_Urrao,H_Urrao,Hidro,Antioquia,Water,2029,6.2438983410722875,8679.018694090479,0.0,1.03,285794.10934875294,45093.4,54.383737449596026,0.6920133817742038,,
H_Urrao,H_Urrao,Hidro,Antioquia,Water,2030,6.243898349039794,8679.018705165314,0.0,1.03,285794.10934875294,45093.4,54.38373738197353,0.6920133826572453,,
H_Urrao,H_Urrao,Hidro,Antioquia,Water,2031,6.243898356192227,8679.018715107195,0.0,1.03,285794.10934875294,45093.4,54.3837373212688,0.692013383449952,,
H_Urrao,H_Urrao,Hidro,Antioquia,Water,2032,6.243898352032113,8679.018709324637,0.0,1.03,285794.10934875294,45093.4,54.38373735657687,0.692013382988885,,
H_Urrao,H_Urrao,Hidro,Antioquia,Water,2033,6.243898336083518,8679.01868715609,0.0,1.03,285794.10934875294,45093.4,54.383737491937126,0.6920133812212967,,
H_Urrao,H_Urrao,Hidro,Antioquia,Water,2034,6.243898339506129,8679.01869191352,0.0,1.03,285794.10934875294,45093.4,54.383737462888455,0.6920133816006259,,
H_Urrao,H_Urrao,Hidro,Antioquia,Water,2035,6.243898356471282,8679.018715495084,0.0,1.03,285794.10934875294,45093.4,54.38373731890038,0.6920133834808797,,
H_Usaquen,H_Usaquen,Hidro,Oriental,Water,2023,8.599822380593249,11953.753109024616,0.0,1.8,499446.0163376265,78804.0,68.62976272376646,0.54539715757187,,
H_Usaquen,H_Usaquen,Hidro,Oriental,Water,2024,8.59982231887967,11953.753023242743,0.0,1.8,499446.0163376265,78804.0,68.62976320628879,0.5453971536580207,,
H_Usaquen,H_Usaquen,Hidro,Oriental,Water,2025,8.599822374353504,11953.753100351369,0.0,1.8,499446.0163376265,78804.0,68.62976277255339,0.545397157176148,,
H_Usaquen,H_Usaquen,Hidro,Oriental,Water,2026,8.599822305311427,11953.753004382883,0.0,1.8,499446.0163376265,78804.0,68.62976331237535,0.5453971527975282,,
H_Usaquen,H_Usaquen,Hidro,Oriental,Water,2027,8.599822403603309,11953.753141008598,0.0,1.8,499446.0163376265,78804.0,68.62976254385683,0.5453971590311584,,
H_Usaquen,H_Usaquen,Hidro,Oriental,Water,2028,8.599822406203588,11953.753144622986,0.0,1.8,499446.0163376265,78804.0,68.62976252352593,0.5453971591960671,,
H_Usaquen,H_Usaquen,Hidro,Oriental,Water,2029,8.599822368505366,11953.75309222246,0.0,1.8,499446.0163376265,78804.0,68.62976281827845,0.5453971568052616,,
H_Usaquen,H_Usaquen,Hidro,Oriental,Water,2030,8.59982230544372,11953.75300456677,0.0,1.8,499446.0163376265,78804.0,68.62976331134098,0.5453971528059182,,
H_Usaquen,H_Usaquen,Hidro,Oriental,Water,2031,8.599822369869901,11953.753094119162,0.0,1.8,499446.0163376265,78804.0,68.62976280760951,0.5453971568917998,,
H_Usaquen,H_Usaquen,Hidro,Oriental,Water,2032,8.599822384995058,11953.75311514313,0.0,1.8,499446.0163376265,78804.0,68.62976268934987,0.5453971578510309,,
H_Usaquen,H_Usaquen,Hidro,Oriental,Water,2033,8.599822338071434,11953.753049919294,0.0,1.8,499446.0163376265,78804.0,68.62976305623341,0.5453971548751543,,
H_Usaquen,H_Usaquen,Hidro,Oriental,Water,2034,8.59982231950432,11953.753024111,0.0,1.8,499446.0163376265,78804.0,68.62976320140484,0.5453971536976355,,
H_Usaquen,H_Usaquen,Hidro,Oriental,Water,2035,8.599822371198524,11953.753095965949,0.0,1.8,499446.0163376265,78804.0,68.62976279722136,0.5453971569760605,,
H_VentanaA,H_VentanaA,Hidro,Surocciden,Water,2023,16.484659716123257,22913.677005411322,0.0,2.5,693675.0226911479,109450.0,50.109539045481796,0.7527241879508335,,
H_VentanaA,H_VentanaA,Hidro,Surocciden,Water,2024,16.484659700847402,22913.67698417788,0.0,2.5,693675.0226911479,109450.0,50.10953909062878,0.7527241872533058,,
H_VentanaA,H_VentanaA,Hidro,Surocciden,Water,2025,16.484659700847395,22913.67698417788,0.0,2.5,693675.0226911479,109450.0,50.1095390906288,0.7527241872533056,,
H_VentanaA,H_VentanaA,Hidro,Surocciden,Water,2026,16.484659753069792,22913.67705676701,0.0,2.5,693675.0226911479,109450.0,50.109538936288274,0.7527241896378898,,
H_VentanaA,H_VentanaA,Hidro,Surocciden,Water,2027,16.484659731584017,22913.67702690178,0.0,2.5,693675.0226911479,109450.0,50.10953899978834,0.7527241886568042,,
H_VentanaA,H_VentanaA,Hidro,Surocciden,Water,2028,16.48465980748766,22913.677132407844,0.0,2.5,693675.0226911479,109450.0,50.10953877545914,0.752724192122724,,
H_VentanaA,H_VentanaA,Hidro,Surocciden,Water,2029,16.48465974372038,22913.67704377132,0.0,2.5,693675.0226911479,109450.0,50.10953896391997,0.7527241892109761,,
H_VentanaA,H_VentanaA,Hidro,Surocciden,Water,2030,16.484659803376715,22913.677126693634,0.0,2.5,693675.0226911479,109450.0,50.10953878760882,0.7527241919350096,,
H_VentanaA,H_VentanaA,Hidro,Surocciden,Water,2031,16.484659836557917,22913.6771728155,0.0,2.5,693675.0226911479,109450.0,50.10953868954354,0.752724193450133,,
H_VentanaA,H_VentanaA,Hidro,Surocciden,Water,2032,16.48465992388676,22913.677294202596,0.0,2.5,693675.0226911479,109450.0,50.10953843144777,0.7527241974377514,,
H_VentanaA,H_VentanaA,Hidro,Surocciden,Water,2033,16.484659928994223,22913.67730130197,0.0,2.5,693675.0226911479,109450.0,50.10953841635293,0.752724197670969,,
H_VentanaA,H_VentanaA,Hidro,Surocciden,Water,2034,16.484659828341417,22913.677161394568,0.0,2.5,693675.0226911479,109450.0,50.10953871382697,0.7527241930749504,,
H_VentanaA,H_VentanaA,Hidro,Surocciden,Water,2035,16.484659700847395,22913.67698417788,0.0,2.5,693675.0226911479,109450.0,50.1095390906288,0.7527241872533056,,
H_VentanaB,H_VentanaB,Hidro,Surocciden,Water,2023,11.323170576888506,15739.207101875021,0.0,2.5,693675.0226911479,109450.0,72.31757432537403,0.5170397523693381,,
H_VentanaB,H_VentanaB,Hidro,Surocciden,Water,2024,11.323170576888508,15739.207101875023,0.0,2.5,693675.0226911479,109450.0,72.31757432537403,0.5170397523693382,,
H_VentanaB,H_VentanaB,Hidro,Surocciden,Water,2025,11.323170576888504,15739.20710187502,0.0,2.5,693675.0226911479,109450.0,72.31757432537404,0.517039752369338,,
H_VentanaB,H_VentanaB,Hidro,Surocciden,Water,2026,11.323170646652356,15739.207198846774,0.0,2.5,693675.0226911479,109450.0,72.31757388837799,0.517039755554902,,
H_VentanaB,H_VentanaB,Hidro,Surocciden,Water,2027,11.323170667217056,15739.207227431705,0.0,2.5,693675.0226911479,109450.0,72.31757375956211,0.5170397564939294,,
H_VentanaB,H_VentanaB,Hidro,Surocciden,Water,2028,11.323170638561393,15739.207187600334,0.0,2.5,693675.0226911479,109450.0,72.31757393905924,0.5170397551854516,,
H_VentanaB,H_VentanaB,Hidro,Surocciden,Water,2029,11.323170592548419,15739.207123642302,0.0,2.5,693675.0226911479,109450.0,72.3175742272814,0.5170397530844026,,
H_VentanaB,H_VentanaB,Hidro,Surocciden,Water,2030,11.323170668133523,15739.207228705596,0.0,2.5,693675.0226911479,109450.0,72.31757375382142,0.5170397565357773,,
H_VentanaB,H_VentanaB,Hidro,Surocciden,Water,2031,11.323170663608483,15739.20722241579,0.0,2.5,693675.0226911479,109450.0,72.31757378216598,0.5170397563291543,,
H_VentanaB,H_VentanaB,Hidro,Surocciden,Water,2032,11.323170576888506,15739.207101875021,0.0,2.5,693675.0226911479,109450.0,72.31757432537403,0.5170397523693381,,
H_VentanaB,H_VentanaB,Hidro,Surocciden,Water,2033,11.323170716697147,15739.207296209033,0.0,2.5,693675.0226911479,109450.0,72.31757344962219,0.5170397587532942,,
H_VentanaB,H_VentanaB,Hidro,Surocciden,Water,2034,11.323170576888504,15739.20710187502,0.0,2.5,693675.0226911479,109450.0,72.31757432537404,0.517039752369338,,
H_VentanaB,H_VentanaB,Hidro,Surocciden,Water,2035,11.323170610095223,15739.20714803236,0.0,2.5,693675.0226911479,109450.0,72.31757411736942,0.5170397538856265,,
H_Violetas,H_Violetas,Hidro,Antioquia,Water,2023,3.8892749960656534,5406.092244531258,0.0,0.95,263596.5086226362,41591.0,79.8589971604889,0.467348593615195,,
H_Violetas,H_Violetas,Hidro,Antioquia,Water,2024,3.88927498869239,5406.0922342824215,0.0,0.95,263596.5086226362,41591.0,79.85899730924992,0.46734859272919843,,
H_Violetas,H_Violetas,Hidro,Antioquia,Water,2025,3.8892749979514,5406.092247152445,0.0,0.95,263596.5086226362,41591.0,79.85899712244256,0.4673485938417928,,
H_Violetas,H_Violetas,Hidro,Antioquia,Water,2026,3.8892749978457433,5406.092247005583,0.0,0.95,263596.5086226362,41591.0,79.85899712457427,0.46734859382909666,,
H_Violetas,H_Violetas,Hidro,Antioquia,Water,2027,3.889275009000009,5406.092262510012,0.0,0.95,263596.5086226362,41591.0,79.85899689952872,0.46734859516943145,,
H_Violetas,H_Violetas,Hidro,Antioquia,Water,2028,3.889274989816907,5406.092235845501,0.0,0.95,263596.5086226362,41591.0,79.85899728656197,0.46734859286432423,,
H_Violetas,H_Violetas,Hidro,Antioquia,Water,2029,3.889274983802396,5406.09222748533,0.0,0.95,263596.5086226362,41591.0,79.85899740790917,0.46734859214160007,,
H_Violetas,H_Violetas,Hidro,Antioquia,Water,2030,3.889274980810338,5406.09222332637,0.0,0.95,263596.5086226362,41591.0,79.85899746827616,0.46734859178206406,,
H_Violetas,H_Violetas,Hidro,Antioquia,Water,2031,3.889274980025382,5406.09222223528,0.0,0.95,263596.5086226362,41591.0,79.85899748411323,0.46734859168774107,,
H_Violetas,H_Violetas,Hidro,Antioquia,Water,2032,3.889274995018501,5406.092243075716,0.0,0.95,263596.5086226362,41591.0,79.85899718161598,0.4673485934893656,,
H_Violetas,H_Violetas,Hidro,Antioquia,Water,2033,3.889274988532787,5406.092234060574,0.0,0.95,263596.5086226362,41591.0,79.85899731247005,0.46734859271002,,
H_Violetas,H_Violetas,Hidro,Antioquia,Water,2034,3.8892750046808024,5406.092256506315,0.0,0.95,263596.5086226362,41591.0,79.8589969866719,0.4673485946504208,,
H_Violetas,H_Violetas,Hidro,Antioquia,Water,2035,3.889274995391154,5406.092243593703,0.0,0.95,263596.5086226362,41591.0,79.85899717409742,0.4673485935341448,,
H_Zeus,H_Zeus,Hidro,Antioquia,Water,2023,54.05871354571316,75141.61182854128,0.0,9.9,2746953.089856946,433422.0,60.22186782030163,0.6233420223434476,,
H_Zeus,H_Zeus,Hidro,Antioquia,Water,2024,54.058713547751445,75141.6118313745,0.0,9.9,2746953.089856946,433422.0,60.221867818083375,0.6233420223669507,,
H_Zeus,H_Zeus,Hidro,Antioquia,Water,2025,54.05871354740289,75141.61183089,0.0,9.9,2746953.089856946,433422.0,60.221867818462705,0.6233420223629316,,
H_Zeus,H_Zeus,Hidro,Antioquia,Water,2026,54.058713556211316,75141.61184313374,0.0,9.9,2746953.089856946,433422.0,60.22186780887653,0.6233420224645001,,
H_Zeus,H_Zeus,Hidro,Antioquia,Water,2027,54.05871356399476,75141.61185395272,0.0,9.9,2746953.089856946,433422.0,60.22186780040584,0.6233420225542496,,
H_Zeus,H_Zeus,Hidro,Antioquia,Water,2028,54.0587135376623,75141.61181735058,0.0,9.9,2746953.089856946,433422.0,60.22186782906334,0.6233420222506144,,
H_Zeus,H_Zeus,Hidro,Antioquia,Water,2029,54.058713537727016,75141.61181744054,0.0,9.9,2746953.089856946,433422.0,60.22186782899291,0.6233420222513607,,
H_Zeus,H_Zeus,Hidro,Antioquia,Water,2030,54.05871354919331,75141.61183337869,0.0,9.9,2746953.089856946,433422.0,60.2218678165142,0.6233420223835766,,
H_Zeus,H_Zeus,Hidro,Antioquia,Water,2031,54.058713558485856,75141.61184629533,0.0,9.9,2746953.089856946,433422.0,60.22186780640116,0.6233420224907273,,
H_Zeus,H_Zeus,Hidro,Antioquia,Water,2032,54.05871354208914,75141.61182350389,0.0,9.9,2746953.089856946,433422.0,60.22186782424564,0.6233420223016595,,
H_Zeus,H_Zeus,Hidro,Antioquia,Water,2033,54.058713533843864,75141.61181204296,0.0,9.9,2746953.089856946,433422.0,60.22186783321893,0.6233420222065847,,
H_Zeus,H_Zeus,Hidro,Antioquia,Water,2034,54.058713540586695,75141.6118214155,0.0,9.9,2746953.089856946,433422.0,60.221867825880736,0.6233420222843352,,
H_Zeus,H_Zeus,Hidro,Antioquia,Water,2035,54.058713548037744,75141.61183177246,0.0,9.9,2746953.089856946,433422.0,60.221867817771795,0.623342022370252,,
INSULA,INSULA,Hidro,Surocciden,Water,2023,118.39590417315158,164570.3068006807,0.0,19.0,2255490.073780455,831820.0,27.466156057436983,0.7113428513166999,,
INSULA,INSULA,Hidro,Surocciden,Water,2024,118.39590417315156,164570.3068006807,0.0,19.0,2255490.073780455,831820.0,27.466156057436987,0.7113428513166999,,
INSULA,INSULA,Hidro,Surocciden,Water,2025,118.39590417315158,164570.3068006807,0.0,19.0,2255490.073780455,831820.0,27.466156057436983,0.7113428513166999,,
INSULA,INSULA,Hidro,Surocciden,Water,2026,118.39590417415964,164570.3068020819,0.0,19.0,2255490.073780455,831820.0,27.46615605721496,0.7113428513227568,,
INSULA,INSULA,Hidro,Surocciden,Water,2027,118.3959041740599,164570.30680194325,0.0,19.0,2255490.073780455,831820.0,27.46615605723693,0.7113428513221574,,
INSULA,INSULA,Hidro,Surocciden,Water,2028,118.39590417315156,164570.3068006807,0.0,19.0,2255490.073780455,831820.0,27.466156057436987,0.7113428513166999,,
INSULA,INSULA,Hidro,Surocciden,Water,2029,118.39590417315156,164570.3068006807,0.0,19.0,2255490.073780455,831820.0,27.466156057436987,0.7113428513166999,,
INSULA,INSULA,Hidro,Surocciden,Water,2030,118.39590417315156,164570.30680068067,0.0,19.0,2255490.073780455,831820.0,27.466156057436987,0.7113428513166999,,
INSULA,INSULA,Hidro,Surocciden,Water,2031,118.39590417315156,164570.3068006807,0.0,19.0,2255490.073780455,831820.0,27.466156057436987,0.7113428513166999,,
INSULA,INSULA,Hidro,Surocciden,Water,2032,118.39590417315156,164570.3068006807,0.0,19.0,2255490.073780455,831820.0,27.466156057436987,0.7113428513166999,,
INSULA,INSULA,Hidro,Surocciden,Water,2033,118.39590417315158,164570.3068006807,0.0,19.0,2255490.073780455,831820.0,27.466156057436983,0.7113428513166999,,
INSULA,INSULA,Hidro,Surocciden,Water,2034,118.39590417315156,164570.30680068067,0.0,19.0,2255490.073780455,831820.0,27.466156057436987,0.7113428513166999,,
INSULA,INSULA,Hidro,Surocciden,Water,2035,118.39590417315156,164570.30680068067,0.0,19.0,2255490.073780455,831820.0,27.466156057436987,0.7113428513166999,,
ITUANGO,ITUANGO,Hidro,Antioquia,Water,2023,3711.6441561293286,5159185.377019767,0.0,1200.0,332964010.891751,52536000.0,105.2523301900169,0.35308639232584926,,
ITUANGO,ITUANGO,Hidro,Antioquia,Water,2024,3711.6441561262673,5159185.377015511,0.0,1200.0,332964010.891751,52536000.0,105.25233019010258,0.3530863923255581,,
ITUANGO,ITUANGO,Hidro,Antioquia,Water,2025,3711.644156127926,5159185.3770178165,0.0,1200.0,332964010.891751,52536000.0,105.25233019005616,0.35308639232571587,,
ITUANGO,ITUANGO,Hidro,Antioquia,Water,2026,3711.644156119959,5159185.377006742,0.0,1200.0,332964010.891751,52536000.0,105.2523301902791,0.353086392324958,,
ITUANGO,ITUANGO,Hidro,Antioquia,Water,2027,3711.6441561305655,5159185.377021486,0.0,1200.0,332964010.891751,52536000.0,105.2523301899823,0.35308639232596695,,
ITUANGO,ITUANGO,Hidro,Antioquia,Water,2028,3711.644156116436,5159185.377001846,0.0,1200.0,332964010.891751,52536000.0,105.25233019037766,0.35308639232462286,,
ITUANGO,ITUANGO,Hidro,Antioquia,Water,2029,3711.644156123084,5159185.377011086,0.0,1200.0,332964010.891751,52536000.0,105.25233019019164,0.35308639232525524,,
ITUANGO,ITUANGO,Hidro,Antioquia,Water,2030,3711.6441561274587,5159185.377017167,0.0,1200.0,332964010.891751,52536000.0,105.25233019006922,0.35308639232567146,,
ITUANGO,ITUANGO,Hidro,Antioquia,Water,2031,3711.6441561244937,5159185.377013046,0.0,1200.0,332964010.891751,52536000.0,105.2523301901522,0.35308639232538935,,
ITUANGO,ITUANGO,Hidro,Antioquia,Water,2032,3711.644156120622,5159185.377007664,0.0,1200.0,332964010.891751,52536000.0,105.25233019026054,0.3530863923250211,,
ITUANGO,ITUANGO,Hidro,Antioquia,Water,2033,3711.6441561194188,5159185.3770059915,0.0,1200.0,332964010.891751,52536000.0,105.25233019029422,0.3530863923249066,,
ITUANGO,ITUANGO,Hidro,Antioquia,Water,2034,3711.6441561178754,5159185.377003847,0.0,1200.0,332964010.891751,52536000.0,105.2523301903374,0.35308639232475975,,
ITUANGO,ITUANGO,Hidro,Antioquia,Water,2035,3711.644156132269,5159185.377023853,0.0,1200.0,332964010.891751,52536000.0,105.25233018993463,0.35308639232612904,,
JAGUAS,JAGUAS,Hidro,Antioquia,Water,2023,904.1852390302814,1256817.4822520912,0.0,170.0,20196000.6606414,7442600.0,31.957409716047994,0.6071617237646261,,
JAGUAS,JAGUAS,Hidro,Antioquia,Water,2024,904.1852390303932,1256817.4822522462,0.0,170.0,20196000.6606414,7442600.0,31.95740971604421,0.6071617237647011,,
JAGUAS,JAGUAS,Hidro,Antioquia,Water,2025,904.1852390283607,1256817.482249421,0.0,170.0,20196000.6606414,7442600.0,31.95740971611292,0.6071617237633363,,
JAGUAS,JAGUAS,Hidro,Antioquia,Water,2026,904.185239026093,1256817.482246269,0.0,170.0,20196000.6606414,7442600.0,31.957409716189588,0.6071617237618135,,
JAGUAS,JAGUAS,Hidro,Antioquia,Water,2027,904.185239025089,1256817.482244874,0.0,170.0,20196000.6606414,7442600.0,31.95740971622353,0.6071617237611394,,
JAGUAS,JAGUAS,Hidro,Antioquia,Water,2028,904.1852390209148,1256817.4822390715,0.0,170.0,20196000.6606414,7442600.0,31.957409716364644,0.6071617237583363,,
JAGUAS,JAGUAS,Hidro,Antioquia,Water,2029,904.18523901946,1256817.4822370494,0.0,170.0,20196000.6606414,7442600.0,31.95740971641382,0.6071617237573596,,
JAGUAS,JAGUAS,Hidro,Antioquia,Water,2030,904.1852390191652,1256817.4822366394,0.0,170.0,20196000.6606414,7442600.0,31.957409716423786,0.6071617237571616,,
JAGUAS,JAGUAS,Hidro,Antioquia,Water,2031,904.1852390178319,1256817.4822347863,0.0,170.0,20196000.6606414,7442600.0,31.957409716468867,0.6071617237562663,,
JAGUAS,JAGUAS,Hidro,Antioquia,Water,2032,904.1852390174246,1256817.48223422,0.0,170.0,20196000.6606414,7442600.0,31.957409716482637,0.6071617237559926,,
JAGUAS,JAGUAS,Hidro,Antioquia,Water,2033,904.1852390175941,1256817.4822344556,0.0,170.0,20196000.6606414,7442600.0,31.957409716476903,0.6071617237561066,,
JAGUAS,JAGUAS,Hidro,Antioquia,Water,2034,904.1852390159015,1256817.4822321031,0.0,170.0,20196000.6606414,7442600.0,31.95740971653413,0.60716172375497,,
JAGUAS,JAGUAS,Hidro,Antioquia,Water,2035,904.1852390180343,1256817.4822350675,0.0,170.0,20196000.6606414,7442600.0,31.95740971646202,0.6071617237564022,,
LA TASAJERA,LA TASAJERA,Hidro,Antioquia,Water,2023,2032.2233729340749,2824790.4883783637,0.0,306.0,36435421.191857144,13396680.0,25.91097631369664,0.7581338872974581,,
LA TASAJERA,LA TASAJERA,Hidro,Antioquia,Water,2024,2032.2233729337333,2824790.4883778887,0.0,306.0,36435421.191857144,13396680.0,25.910976313700765,0.7581338872973308,,
LA TASAJERA,LA TASAJERA,Hidro,Antioquia,Water,2025,2032.2233729321347,2824790.4883756666,0.0,306.0,36435421.191857144,13396680.0,25.91097631372005,0.7581338872967344,,
LA TASAJERA,LA TASAJERA,Hidro,Antioquia,Water,2026,2032.2233729310346,2824790.488374138,0.0,306.0,36435421.191857144,13396680.0,25.910976313733325,0.758133887296324,,
LA TASAJERA,LA TASAJERA,Hidro,Antioquia,Water,2027,2032.2233729291975,2824790.4883715846,0.0,306.0,36435421.191857144,13396680.0,25.91097631375549,0.7581338872956386,,
LA TASAJERA,LA TASAJERA,Hidro,Antioquia,Water,2028,2032.223372926538,2824790.4883678877,0.0,306.0,36435421.191857144,13396680.0,25.91097631378758,0.7581338872946466,,
LA TASAJERA,LA TASAJERA,Hidro,Antioquia,Water,2029,2032.2233729254842,2824790.4883664227,0.0,306.0,36435421.191857144,13396680.0,25.910976313800294,0.7581338872942534,,
LA TASAJERA,LA TASAJERA,Hidro,Antioquia,Water,2030,2032.22337292451,2824790.488365069,0.0,306.0,36435421.191857144,13396680.0,25.910976313812053,0.75813388729389,,
LA TASAJERA,LA TASAJERA,Hidro,Antioquia,Water,2031,2032.2233729232428,2824790.488363308,0.0,306.0,36435421.191857144,13396680.0,25.91097631382734,0.7581338872934171,,
LA TASAJERA,LA TASAJERA,Hidro,Antioquia,Water,2032,2032.2233729229713,2824790.48836293,0.0,306.0,36435421.191857144,13396680.0,25.910976313830616,0.7581338872933159,,
LA TASAJERA,LA TASAJERA,Hidro,Antioquia,Water,2033,2032.2233729204283,2824790.488359395,0.0,306.0,36435421.191857144,13396680.0,25.910976313861298,0.7581338872923672,,
LA TASAJERA,LA TASAJERA,Hidro,Antioquia,Water,2034,2032.2233729178013,2824790.4883557437,0.0,306.0,36435421.191857144,13396680.0,25.910976313892995,0.7581338872913872,,
LA TASAJERA,LA TASAJERA,Hidro,Antioquia,Water,2035,2032.2233729197644,2824790.4883584725,0.0,306.0,36435421.191857144,13396680.0,25.910976313869313,0.7581338872921195,,
MERILECTRICA,MERILECTRICA,Thermal,Nordeste,GASNACIO,2023,345.8729754327747,2448780.6660640454,183664.67190646852,164.0,19822680.648429547,23488080.0,132.30158053613994,0.24075131935124638,,
MERILECTRICA,MERILECTRICA,Thermal,Nordeste,GASNACIO,2024,285.7544027449751,2023141.1714344234,151740.64571051035,164.0,19822680.648429547,23488080.0,158.64638089346514,0.1989046683546157,,
MERILECTRICA,MERILECTRICA,Thermal,Nordeste,GASNACIO,2025,431.64231675578174,3056027.6026309347,229209.71026632667,164.0,19822680.648429547,23488080.0,107.41946850705622,0.300452665076694,,
MERILECTRICA,MERILECTRICA,Thermal,Nordeste,GASNACIO,2026,513.0857170203872,3632646.876504341,272457.5973550168,164.0,19822680.648429547,23488080.0,91.49232958100178,0.35714285904637705,,
MERILECTRICA,MERILECTRICA,Thermal,Nordeste,GASNACIO,2027,980.959764252087,6945195.130904775,520906.9978056854,164.0,19822680.648429547,23488080.0,51.231413979197164,0.6828152941948482,,
MERILECTRICA,MERILECTRICA,Thermal,Nordeste,GASNACIO,2028,1247.7865499302634,8834328.773506265,662596.7438349037,164.0,19822680.648429547,23488080.0,41.79007172729192,0.8685450425508568,,
MERILECTRICA,MERILECTRICA,Thermal,Nordeste,GASNACIO,2029,1436.63997721052,10171411.038650483,762881.2564263828,164.0,19822680.648429547,23488080.0,37.227261203551315,0.9999999841369582,,
MERILECTRICA,MERILECTRICA,Thermal,Nordeste,GASNACIO,2030,1436.6399900370343,10171411.129462201,762881.2632374887,164.0,19822680.648429547,23488080.0,37.22726093439252,0.9999999930650921,,
MERILECTRICA,MERILECTRICA,Thermal,Nordeste,GASNACIO,2031,1388.128228889941,9827947.860540781,737120.6594102099,164.0,19822680.648429547,23488080.0,38.28083559071795,0.9662324791805468,,
MERILECTRICA,MERILECTRICA,Thermal,Nordeste,GASNACIO,2032,1436.6399905949777,10171411.133412441,762881.2635337666,164.0,19822680.648429547,23488080.0,37.22726092268432,0.999999993453459,,
MERILECTRICA,MERILECTRICA,Thermal,Nordeste,GASNACIO,2033,1436.6399958924424,10171411.17091849,762881.2663468141,164.0,19822680.648429547,23488080.0,37.22726081151935,0.9999999971408579,,
MERILECTRICA,MERILECTRICA,Thermal,Nordeste,GASNACIO,2034,1378.315742559259,9758475.457319554,731910.0554876098,164.0,19822680.648429547,23488080.0,38.502960147005254,0.9594023155134612,,
MERILECTRICA,MERILECTRICA,Thermal,Nordeste,GASNACIO,2035,1436.639999939272,10171411.199570045,762881.2684957522,164.0,19822680.648429547,23488080.0,37.2272607265984,0.9999999999577289,,
MIEL I,MIEL I,Hidro,Surocciden,Water,2023,1233.1958313017499,1714142.2055094321,0.0,396.0,47900161.566885956,17336880.0,54.290796378805744,0.355494393507492,,
MIEL I,MIEL I,Hidro,Surocciden,Water,2024,1233.195831302791,1714142.2055108794,0.0,396.0,47900161.566885956,17336880.0,54.29079637876108,0.35549439350779216,,
MIEL I,MIEL I,Hidro,Surocciden,Water,2025,1233.1958313017794,1714142.205509473,0.0,396.0,47900161.566885956,17336880.0,54.29079637880448,0.35549439350750056,,
MIEL I,MIEL I,Hidro,Surocciden,Water,2026,1233.195831301272,1714142.2055087679,0.0,396.0,47900161.566885956,17336880.0,54.29079637882625,0.35549439350735423,,
MIEL I,MIEL I,Hidro,Surocciden,Water,2027,1233.1958313021687,1714142.2055100142,0.0,396.0,47900161.566885956,17336880.0,54.290796378787775,0.3554943935076128,,
MIEL I,MIEL I,Hidro,Surocciden,Water,2028,1233.195831300959,1714142.2055083334,0.0,396.0,47900161.566885956,17336880.0,54.29079637883968,0.3554943935072641,,
MIEL I,MIEL I,Hidro,Surocciden,Water,2029,1233.195831300262,1714142.205507364,0.0,396.0,47900161.566885956,17336880.0,54.29079637886958,0.35549439350706313,,
MIEL I,MIEL I,Hidro,Surocciden,Water,2030,1233.195831301541,1714142.2055091416,0.0,396.0,47900161.566885956,17336880.0,54.29079637881472,0.35549439350743184,,
MIEL I,MIEL I,Hidro,Surocciden,Water,2031,1233.1958313032994,1714142.2055115858,0.0,396.0,47900161.566885956,17336880.0,54.29079637873928,0.35549439350793877,,
MIEL I,MIEL I,Hidro,Surocciden,Water,2032,1233.1958313035302,1714142.2055119069,0.0,396.0,47900161.566885956,17336880.0,54.29079637872938,0.35549439350800527,,
MIEL I,MIEL I,Hidro,Surocciden,Water,2033,1233.1958313015816,1714142.2055091984,0.0,396.0,47900161.566885956,17336880.0,54.29079637881297,0.3554943935074435,,
MIEL I,MIEL I,Hidro,Surocciden,Water,2034,1233.1958313013697,1714142.2055089038,0.0,396.0,47900161.566885956,17336880.0,54.29079637882206,0.35549439350738243,,
MIEL I,MIEL I,Hidro,Surocciden,Water,2035,1233.1958313046691,1714142.20551349,0.0,396.0,47900161.566885956,17336880.0,54.290796378680525,0.35549439350833356,,
PAIPA 1,PAIPA 1,Thermal,Nordeste,CARBON,2023,2.7804910380190292e-06,0.02333140066812304,0.0032151248848724936,36.0,9966240.326010633,5155920.0,5438665380.527847,8.816879242830507e-09,,
PAIPA 1,PAIPA 1,Thermal,Nordeste,CARBON,2024,45.0514290408552,378031.40785254096,52093.66569709101,36.0,9966240.326010633,5155920.0,344.05549532750047,0.1428571443456849,,
PAIPA 1,PAIPA 1,Thermal,Nordeste,CARBON,2025,180.2057128311733,1512125.6034489153,208374.65893523456,36.0,9966240.326010633,5155920.0,92.30720640384732,0.5714285668162521,,
PAIPA 1,PAIPA 1,Thermal,Nordeste,CARBON,2026,274.1351941185178,2300298.027851098,316986.77405475103,36.0,9966240.326010633,5155920.0,63.554256175985266,0.8692769980927122,,
PAIPA 1,PAIPA 1,Thermal,Nordeste,CARBON,2027,315.36000038924794,2646219.830660941,364655.6565300934,36.0,9966240.326010633,5155920.0,56.3431637961064,1.000000001234297,,
PAIPA 1,PAIPA 1,Thermal,Nordeste,CARBON,2028,315.35999959540345,2646219.8239997067,364655.65561215876,36.0,9966240.326010633,5155920.0,56.343163916814405,0.9999999987170326,,
PAIPA 1,PAIPA 1,Thermal,Nordeste,CARBON,2029,315.36000029475133,2646219.8298680102,364655.6564208255,36.0,9966240.326010633,5155920.0,56.34316381047508,1.0000000009346501,,
PAIPA 1,PAIPA 1,Thermal,Nordeste,CARBON,2030,315.3600005464329,2646219.831979898,364655.6567118489,36.0,9966240.326010633,5155920.0,56.34316377220564,1.000000001732727,,
PAIPA 1,PAIPA 1,Thermal,Nordeste,CARBON,2031,315.36000062880703,2646219.8326711077,364655.6568070993,36.0,9966240.326010633,5155920.0,56.34316375968026,1.0000000019939337,,
PAIPA 1,PAIPA 1,Thermal,Nordeste,CARBON,2032,315.36000075556655,2646219.8337347605,364655.65695367334,36.0,9966240.326010633,5155920.0,56.34316374040584,1.0000000023958855,,
PAIPA 1,PAIPA 1,Thermal,Nordeste,CARBON,2033,315.36000090746285,2646219.835009339,364655.6571293134,36.0,9966240.326010633,5155920.0,56.34316371730926,1.0000000028775455,,
PAIPA 1,PAIPA 1,Thermal,Nordeste,CARBON,2034,315.3600005674799,2646219.8321565054,364655.65673618583,36.0,9966240.326010633,5155920.0,56.343163769005336,1.0000000017994668,,
PAIPA 1,PAIPA 1,Thermal,Nordeste,CARBON,2035,315.3600012591891,2646219.8379607117,364655.6575360199,36.0,9966240.326010633,5155920.0,56.34316366382753,1.000000003992862,,
PAIPA 2,PAIPA 2,Thermal,Nordeste,CARBON,2023,283.16601804389006,2376076.6469817134,278010.04623754154,72.0,19932480.652021267,10311840.0,115.19884174077305,0.4489567764521341,,
PAIPA 2,PAIPA 2,Thermal,Nordeste,CARBON,2024,630.7199963653381,5292439.6242905995,619235.6574555191,72.0,19932480.652021267,10311840.0,56.343164131627695,0.9999999942372811,,
PAIPA 2,PAIPA 2,Thermal,Nordeste,CARBON,2025,630.7199992077733,5292439.648141781,619235.6602461985,72.0,19932480.652021267,10311840.0,56.34316391552449,0.9999999987439325,,
PAIPA 2,PAIPA 2,Thermal,Nordeste,CARBON,2026,630.7200005404652,5292439.659324542,619235.6615546242,72.0,19932480.652021267,10311840.0,56.34316381420327,1.0000000008569017,,
PAIPA 2,PAIPA 2,Thermal,Nordeste,CARBON,2027,630.7200008885341,5292439.662245225,619235.6618963552,72.0,19932480.652021267,10311840.0,56.34316378774047,1.0000000014087613,,
PAIPA 2,PAIPA 2,Thermal,Nordeste,CARBON,2028,630.7200005359748,5292439.659286862,619235.6615502157,72.0,19932480.652021267,10311840.0,56.34316381454467,1.0000000008497822,,
PAIPA 2,PAIPA 2,Thermal,Nordeste,CARBON,2029,630.7200007467763,5292439.66105572,619235.6617571788,72.0,19932480.652021267,10311840.0,56.343163798517956,1.000000001184006,,
PAIPA 2,PAIPA 2,Thermal,Nordeste,CARBON,2030,630.720000880449,5292439.662177382,619235.6618884176,72.0,19932480.652021267,10311840.0,56.34316378835516,1.0000000013959425,,
PAIPA 2,PAIPA 2,Thermal,Nordeste,CARBON,2031,630.7200009270375,5292439.662568312,619235.6619341577,72.0,19932480.652021267,10311840.0,56.34316378481314,1.0000000014698083,,
PAIPA 2,PAIPA 2,Thermal,Nordeste,CARBON,2032,630.7200009930691,5292439.663122389,619235.6619989868,72.0,19932480.652021267,10311840.0,56.34316377979294,1.0000000015745005,,
PAIPA 2,PAIPA 2,Thermal,Nordeste,CARBON,2033,630.7200010624731,5292439.663704768,619235.6620671274,72.0,19932480.652021267,10311840.0,56.343163774516334,1.0000000016845396,,
PAIPA 2,PAIPA 2,Thermal,Nordeste,CARBON,2034,630.72000086393,5292439.66203877,619235.6618721993,72.0,19932480.652021267,10311840.0,56.343163789611054,1.0000000013697516,,
PAIPA 2,PAIPA 2,Thermal,Nordeste,CARBON,2035,630.7200012665564,5292439.665417252,619235.6622674947,72.0,19932480.652021267,10311840.0,56.34316375900038,1.000000002008112,,
PAIPA 3,PAIPA 3,Thermal,Nordeste,CARBON,2023,130.53631592512784,1095344.3283743483,138842.5636191808,70.0,19378800.633909564,10025400.0,233.64796797067294,0.21287722753608582,,
PAIPA 3,PAIPA 3,Thermal,Nordeste,CARBON,2024,219.00000864687019,1837652.7304698217,232935.3514970852,70.0,19378800.633909564,10025400.0,142.65685904494998,0.35714287124408045,,
PAIPA 3,PAIPA 3,Thermal,Nordeste,CARBON,2025,600.3732926636166,5037797.155266093,638576.0659104,70.0,19378800.633909564,10025400.0,57.367638117895396,0.9790823428956563,,
PAIPA 3,PAIPA 3,Thermal,Nordeste,CARBON,2026,613.1999998389127,5145427.440804699,652218.9582686624,70.0,19378800.633909564,10025400.0,56.34316386789046,0.9999999997373004,,
PAIPA 3,PAIPA 3,Thermal,Nordeste,CARBON,2027,613.2000006475351,5145427.447589938,652218.9591287388,70.0,19378800.633909564,10025400.0,56.34316380465643,1.0000000010559933,,
PAIPA 3,PAIPA 3,Thermal,Nordeste,CARBON,2028,613.2000001627036,5145427.443521665,652218.9586130569,70.0,19378800.633909564,10025400.0,56.34316384257011,1.000000000265335,,
PAIPA 3,PAIPA 3,Thermal,Nordeste,CARBON,2029,613.2000005081682,5145427.446420494,652218.9589805036,70.0,19378800.633909564,10025400.0,56.34316381555489,1.0000000008287149,,
PAIPA 3,PAIPA 3,Thermal,Nordeste,CARBON,2030,613.2000006854497,5145427.447908083,652218.959169066,70.0,19378800.633909564,10025400.0,56.34316380169153,1.0000000011178238,,
PAIPA 3,PAIPA 3,Thermal,Nordeste,CARBON,2031,613.2000007465399,5145427.448420696,652218.9592340433,70.0,19378800.633909564,10025400.0,56.34316379691428,1.000000001217449,,
PAIPA 3,PAIPA 3,Thermal,Nordeste,CARBON,2032,613.2000008344805,5145427.449158615,652218.9593275799,70.0,19378800.633909564,10025400.0,56.34316379003735,1.0000000013608616,,
PAIPA 3,PAIPA 3,Thermal,Nordeste,CARBON,2033,613.2000009327678,5145427.4499833565,652218.9594321214,70.0,19378800.633909564,10025400.0,56.343163782351326,1.0000000015211477,,
PAIPA 3,PAIPA 3,Thermal,Nordeste,CARBON,2034,613.2000006814499,5145427.447874519,652218.9591648115,70.0,19378800.633909564,10025400.0,56.343163802004305,1.000000001111301,,
PAIPA 3,PAIPA 3,Thermal,Nordeste,CARBON,2035,613.2000011920857,5145427.452159319,652218.95970794,70.0,19378800.633909564,10025400.0,56.34316376207273,1.0000000019440405,,
PAIPA 4,PAIPA 4,Thermal,Nordeste,CARBON,2023,1444.8496984102242,12123889.902138561,1249529.5702352459,165.0,45678601.4942154,23631300.0,56.361427410723756,0.9996192738413061,,
PAIPA 4,PAIPA 4,Thermal,Nordeste,CARBON,2024,1445.3999996039029,12128507.538902108,1250005.4796774485,165.0,45678601.4942154,23631300.0,56.34316386843426,0.99999999972596,,
PAIPA 4,PAIPA 4,Thermal,Nordeste,CARBON,2025,1445.4000000408919,12128507.542568928,1250005.4800553636,165.0,45678601.4942154,23631300.0,56.343163853936865,1.0000000000282907,,
PAIPA 4,PAIPA 4,Thermal,Nordeste,CARBON,2026,1445.4000004859718,12128507.546303643,1250005.4804402762,165.0,45678601.4942154,23631300.0,56.34316383917106,1.0000000003362193,,
PAIPA 4,PAIPA 4,Thermal,Nordeste,CARBON,2027,1445.4000006431274,12128507.547622351,1250005.480576187,165.0,45678601.4942154,23631300.0,56.34316383395732,1.0000000004449476,,
PAIPA 4,PAIPA 4,Thermal,Nordeste,CARBON,2028,1445.400000390885,12128507.545505758,1250005.4803580437,165.0,45678601.4942154,23631300.0,56.34316384232563,1.0000000002704337,,
PAIPA 4,PAIPA 4,Thermal,Nordeste,CARBON,2029,1445.4000005094422,12128507.546500582,1250005.4804605737,165.0,45678601.4942154,23631300.0,56.34316383839241,1.0000000003524574,,
PAIPA 4,PAIPA 4,Thermal,Nordeste,CARBON,2030,1445.4000006045858,12128507.547298944,1250005.4805428553,165.0,45678601.4942154,23631300.0,56.34316383523596,1.0000000004182825,,
PAIPA 4,PAIPA 4,Thermal,Nordeste,CARBON,2031,1445.400000637695,12128507.54757677,1250005.480571489,165.0,45678601.4942154,23631300.0,56.34316383413755,1.000000000441189,,
PAIPA 4,PAIPA 4,Thermal,Nordeste,CARBON,2032,1445.400000684154,12128507.54796661,1250005.4806116675,165.0,45678601.4942154,23631300.0,56.34316383259625,1.0000000004733316,,
PAIPA 4,PAIPA 4,Thermal,Nordeste,CARBON,2033,1445.4000007284005,12128507.548337888,1250005.4806499325,165.0,45678601.4942154,23631300.0,56.343163831128344,1.0000000005039436,,
PAIPA 4,PAIPA 4,Thermal,Nordeste,CARBON,2034,1445.400000577752,12128507.54707378,1250005.480519649,165.0,45678601.4942154,23631300.0,56.343163836126195,1.0000000003997176,,
PAIPA 4,PAIPA 4,Thermal,Nordeste,CARBON,2035,1445.4000008811836,12128507.549619906,1250005.4807820618,165.0,45678601.4942154,23631300.0,56.343163826059666,1.0000000006096468,,
PLAYAS,PLAYAS,Hidro,Antioquia,Water,2023,1794.9428374702884,2494970.5440837005,0.0,207.0,25374060.830023497,9062460.0,20.575302234224225,0.9898654608509739,,
PLAYAS,PLAYAS,Hidro,Antioquia,Water,2024,1794.9428374721924,2494970.5440863473,0.0,207.0,25374060.830023497,9062460.0,20.575302234203875,0.989865460852024,,
PLAYAS,PLAYAS,Hidro,Antioquia,Water,2025,1794.942837469957,2494970.54408324,0.0,207.0,25374060.830023497,9062460.0,20.575302234227767,0.9898654608507912,,
PLAYAS,PLAYAS,Hidro,Antioquia,Water,2026,1794.9428374679117,2494970.544080397,0.0,207.0,25374060.830023497,9062460.0,20.57530223424963,0.9898654608496632,,
PLAYAS,PLAYAS,Hidro,Antioquia,Water,2027,1794.9428374664176,2494970.5440783203,0.0,207.0,25374060.830023497,9062460.0,20.5753022342656,0.9898654608488393,,
PLAYAS,PLAYAS,Hidro,Antioquia,Water,2028,1794.942837461117,2494970.544070952,0.0,207.0,25374060.830023497,9062460.0,20.575302234322255,0.9898654608459161,,
PLAYAS,PLAYAS,Hidro,Antioquia,Water,2029,1794.9428374601182,2494970.544069564,0.0,207.0,25374060.830023497,9062460.0,20.575302234332934,0.9898654608453652,,
PLAYAS,PLAYAS,Hidro,Antioquia,Water,2030,1794.942837459579,2494970.5440688147,0.0,207.0,25374060.830023497,9062460.0,20.575302234338697,0.989865460845068,,
PLAYAS,PLAYAS,Hidro,Antioquia,Water,2031,1794.9428374580532,2494970.5440666936,0.0,207.0,25374060.830023497,9062460.0,20.575302234355007,0.9898654608442264,,
PLAYAS,PLAYAS,Hidro,Antioquia,Water,2032,1794.9428374565496,2494970.5440646037,0.0,207.0,25374060.830023497,9062460.0,20.575302234371076,0.9898654608433972,,
PLAYAS,PLAYAS,Hidro,Antioquia,Water,2033,1794.942837454541,2494970.5440618116,0.0,207.0,25374060.830023497,9062460.0,20.575302234392545,0.9898654608422897,,
PLAYAS,PLAYAS,Hidro,Antioquia,Water,2034,1794.942837449767,2494970.544055176,0.0,207.0,25374060.830023497,9062460.0,20.575302234443573,0.9898654608396569,,
PLAYAS,PLAYAS,Hidro,Antioquia,Water,2035,1794.9428374522058,2494970.544058566,0.0,207.0,25374060.830023497,9062460.0,20.575302234417503,0.9898654608410019,,
PORCE II,PORCE II,Hidro,Antioquia,Water,2023,2357.4595263689134,3276868.7416527895,0.0,405.0,49681351.62515135,17730900.0,29.985295431851316,0.6644848994782436,,
PORCE II,PORCE II,Hidro,Antioquia,Water,2024,2357.459526367696,3276868.741651097,0.0,405.0,49681351.62515135,17730900.0,29.98529543186608,0.6644848994779006,,
PORCE II,PORCE II,Hidro,Antioquia,Water,2025,2357.4595263666015,3276868.7416495755,0.0,405.0,49681351.62515135,17730900.0,29.985295431879358,0.664484899477592,,
PORCE II,PORCE II,Hidro,Antioquia,Water,2026,2357.459526366364,3276868.741649246,0.0,405.0,49681351.62515135,17730900.0,29.985295431882232,0.6644848994775251,,
PORCE II,PORCE II,Hidro,Antioquia,Water,2027,2357.459526364374,3276868.7416464793,0.0,405.0,49681351.62515135,17730900.0,29.985295431906376,0.6644848994769641,,
PORCE II,PORCE II,Hidro,Antioquia,Water,2028,2357.4595263620326,3276868.7416432244,0.0,405.0,49681351.62515135,17730900.0,29.985295431934773,0.6644848994763042,,
PORCE II,PORCE II,Hidro,Antioquia,Water,2029,2357.459526362615,3276868.741644035,0.0,405.0,49681351.62515135,17730900.0,29.98529543192771,0.6644848994764684,,
PORCE II,PORCE II,Hidro,Antioquia,Water,2030,2357.459526363037,3276868.741644621,0.0,405.0,49681351.62515135,17730900.0,29.98529543192259,0.6644848994765873,,
PORCE II,PORCE II,Hidro,Antioquia,Water,2031,2357.4595263607575,3276868.741641453,0.0,405.0,49681351.62515135,17730900.0,29.985295431950238,0.6644848994759449,,
PORCE II,PORCE II,Hidro,Antioquia,Water,2032,2357.459526360987,3276868.741641772,0.0,405.0,49681351.62515135,17730900.0,29.985295431947456,0.6644848994760096,,
PORCE II,PORCE II,Hidro,Antioquia,Water,2033,2357.4595263607357,3276868.7416414227,0.0,405.0,49681351.62515135,17730900.0,29.985295431950505,0.6644848994759387,,
PORCE II,PORCE II,Hidro,Antioquia,Water,2034,2357.459526358884,3276868.741638848,0.0,405.0,49681351.62515135,17730900.0,29.985295431972972,0.6644848994754168,,
PORCE II,PORCE II,Hidro,Antioquia,Water,2035,2357.4595263589626,3276868.7416389575,0.0,405.0,49681351.62515135,17730900.0,29.985295431972016,0.6644848994754389,,
PORCE III,PORCE III,Hidro,Antioquia,Water,2023,5434.113833773396,7553418.22894502,0.0,700.0,85932002.81096439,30646000.0,22.842992406309925,0.886189470608838,,
PORCE III,PORCE III,Hidro,Antioquia,Water,2024,5434.113833775595,7553418.228948075,0.0,700.0,85932002.81096439,30646000.0,22.842992406301246,0.8861894706091966,,
PORCE III,PORCE III,Hidro,Antioquia,Water,2025,5434.113833774703,7553418.228946837,0.0,700.0,85932002.81096439,30646000.0,22.842992406304763,0.8861894706090513,,
PORCE III,PORCE III,Hidro,Antioquia,Water,2026,5434.11383377362,7553418.228945331,0.0,700.0,85932002.81096439,30646000.0,22.84299240630904,0.8861894706088747,,
PORCE III,PORCE III,Hidro,Antioquia,Water,2027,5434.1138337726,7553418.228943914,0.0,700.0,85932002.81096439,30646000.0,22.842992406313073,0.8861894706087082,,
PORCE III,PORCE III,Hidro,Antioquia,Water,2028,5434.113833769764,7553418.228939971,0.0,700.0,85932002.81096439,30646000.0,22.842992406324264,0.8861894706082457,,
PORCE III,PORCE III,Hidro,Antioquia,Water,2029,5434.113833770278,7553418.228940684,0.0,700.0,85932002.81096439,30646000.0,22.842992406322235,0.8861894706083295,,
PORCE III,PORCE III,Hidro,Antioquia,Water,2030,5434.11383377128,7553418.2289420795,0.0,700.0,85932002.81096439,30646000.0,22.84299240631828,0.8861894706084931,,
PORCE III,PORCE III,Hidro,Antioquia,Water,2031,5434.113833771324,7553418.228942138,0.0,700.0,85932002.81096439,30646000.0,22.842992406318103,0.8861894706085002,,
PORCE III,PORCE III,Hidro,Antioquia,Water,2032,5434.113833770356,7553418.228940794,0.0,700.0,85932002.81096439,30646000.0,22.84299240632193,0.8861894706083423,,
PORCE III,PORCE III,Hidro,Antioquia,Water,2033,5434.113833770988,7553418.228941673,0.0,700.0,85932002.81096439,30646000.0,22.842992406319432,0.8861894706084454,,
PORCE III,PORCE III,Hidro,Antioquia,Water,2034,5434.113833769445,7553418.228939526,0.0,700.0,85932002.81096439,30646000.0,22.842992406325525,0.8861894706081935,,
PORCE III,PORCE III,Hidro,Antioquia,Water,2035,5434.113833771069,7553418.228941786,0.0,700.0,85932002.81096439,30646000.0,22.842992406319116,0.8861894706084584,,
PRADO,PRADO,Hidro,Surocciden,Water,2023,379.19504002194043,527081.1056304972,0.0,51.0,6265350.204948979,2232780.0,23.800974058250535,0.8487667652026599,,
PRADO,PRADO,Hidro,Surocciden,Water,2024,379.1950401046641,527081.1057454831,0.0,51.0,6265350.204948979,2232780.0,23.800974053361447,0.8487667653878235,,
PRADO,PRADO,Hidro,Surocciden,Water,2025,379.1950400675569,527081.105693904,0.0,51.0,6265350.204948979,2232780.0,23.800974055554537,0.848766765304765,,
PRADO,PRADO,Hidro,Surocciden,Water,2026,379.19504001000246,527081.1056139034,0.0,51.0,6265350.204948979,2232780.0,23.80097405895609,0.8487667651759386,,
PRADO,PRADO,Hidro,Surocciden,Water,2027,379.1950400548329,527081.1056762177,0.0,51.0,6265350.204948979,2232780.0,23.800974056306544,0.8487667652762844,,
PRADO,PRADO,Hidro,Surocciden,Water,2028,379.1950400309304,527081.1056429932,0.0,51.0,6265350.204948979,2232780.0,23.800974057719216,0.8487667652227825,,
PRADO,PRADO,Hidro,Surocciden,Water,2029,379.1950400131692,527081.1056183052,0.0,51.0,6265350.204948979,2232780.0,23.800974058768926,0.8487667651830271,,
PRADO,PRADO,Hidro,Surocciden,Water,2030,379.1950400511236,527081.1056710618,0.0,51.0,6265350.204948979,2232780.0,23.800974056525767,0.8487667652679818,,
PRADO,PRADO,Hidro,Surocciden,Water,2031,379.1950401032109,527081.105743463,0.0,51.0,6265350.204948979,2232780.0,23.80097405344733,0.8487667653845707,,
PRADO,PRADO,Hidro,Surocciden,Water,2032,379.19504009595323,527081.1057333748,0.0,51.0,6265350.204948979,2232780.0,23.80097405387627,0.8487667653683256,,
PRADO,PRADO,Hidro,Surocciden,Water,2033,379.1950401092589,527081.10575187,0.0,51.0,6265350.204948979,2232780.0,23.800974053089888,0.8487667653981082,,
PRADO,PRADO,Hidro,Surocciden,Water,2034,379.19504006107474,527081.1056848938,0.0,51.0,6265350.204948979,2232780.0,23.80097405593764,0.8487667652902557,,
PRADO,PRADO,Hidro,Surocciden,Water,2035,379.19504003524946,527081.1056489968,0.0,51.0,6265350.204948979,2232780.0,23.80097405746395,0.8487667652324501,,
PRADO4,PRADO4,Hidro,Surocciden,Water,2023,43.544699435171225,60527.13221488798,0.0,5.0,614700.0201077574,218900.0,20.53354745630545,0.994171219981078,,
PRADO4,PRADO4,Hidro,Surocciden,Water,2024,43.544699435171225,60527.13221488798,0.0,5.0,614700.0201077574,218900.0,20.53354745630545,0.994171219981078,,
PRADO4,PRADO4,Hidro,Surocciden,Water,2025,43.544699435171225,60527.13221488798,0.0,5.0,614700.0201077574,218900.0,20.53354745630545,0.994171219981078,,
PRADO4,PRADO4,Hidro,Surocciden,Water,2026,43.544699435171225,60527.13221488797,0.0,5.0,614700.0201077574,218900.0,20.53354745630545,0.994171219981078,,
PRADO4,PRADO4,Hidro,Surocciden,Water,2027,43.544699435171225,60527.132214887984,0.0,5.0,614700.0201077574,218900.0,20.53354745630545,0.994171219981078,,
PRADO4,PRADO4,Hidro,Surocciden,Water,2028,43.54469943517122,60527.13221488798,0.0,5.0,614700.0201077574,218900.0,20.533547456305453,0.9941712199810778,,
PRADO4,PRADO4,Hidro,Surocciden,Water,2029,43.54469943517122,60527.13221488798,0.0,5.0,614700.0201077574,218900.0,20.533547456305453,0.9941712199810778,,
PRADO4,PRADO4,Hidro,Surocciden,Water,2030,43.544699435171225,60527.13221488797,0.0,5.0,614700.0201077574,218900.0,20.53354745630545,0.994171219981078,,
PRADO4,PRADO4,Hidro,Surocciden,Water,2031,43.54469943517122,60527.13221488797,0.0,5.0,614700.0201077574,218900.0,20.533547456305453,0.9941712199810778,,
PRADO4,PRADO4,Hidro,Surocciden,Water,2032,43.544699435171225,60527.13221488797,0.0,5.0,614700.0201077574,218900.0,20.53354745630545,0.994171219981078,,
PRADO4,PRADO4,Hidro,Surocciden,Water,2033,43.544699435171225,60527.132214887984,0.0,5.0,614700.0201077574,218900.0,20.53354745630545,0.994171219981078,,
PRADO4,PRADO4,Hidro,Surocciden,Water,2034,43.544699435171225,60527.13221488798,0.0,5.0,614700.0201077574,218900.0,20.53354745630545,0.994171219981078,,
PRADO4,PRADO4,Hidro,Surocciden,Water,2035,43.544699435171225,60527.13221488797,0.0,5.0,614700.0201077574,218900.0,20.53354745630545,0.994171219981078,,
PROELECTRIC1,PROELECTRIC1,Thermal,Caribe,GASNACIO,2023,1.521530404328627e-06,0.010772435262646677,0.0007425708937423922,45.0,5536350.181102298,6444900.0,7874473068.555894,3.859793009458718e-09,,
PROELECTRIC1,PROELECTRIC1,Thermal,Caribe,GASNACIO,2024,1.6493413092440923e-06,0.011677336469448171,0.0008049479961802363,45.0,5536350.181102298,6444900.0,7264263694.620459,4.184021586108808e-09,,
PROELECTRIC1,PROELECTRIC1,Thermal,Caribe,GASNACIO,2025,1.892925040569459e-06,0.01340190928723177,0.000923827111942104,45.0,5536350.181102298,6444900.0,6329490041.982761,4.801940742185334e-09,,
PROELECTRIC1,PROELECTRIC1,Thermal,Caribe,GASNACIO,2026,1.8471793469432857e-06,0.013078029776358462,0.0009015012875588297,45.0,5536350.181102298,6444900.0,6486240880.728184,4.6858938278622155e-09,,
PROELECTRIC1,PROELECTRIC1,Thermal,Caribe,GASNACIO,2027,1.8627873498392681e-06,0.013188534436862017,0.000909118650068991,45.0,5536350.181102298,6444900.0,6431893686.267863,4.725487949871303e-09,,
PROELECTRIC1,PROELECTRIC1,Thermal,Caribe,GASNACIO,2028,1.4444211205996731e-06,0.010226501533845685,0.0007049383169818176,45.0,5536350.181102298,6444900.0,8294845610.090916,3.6641834616937414e-09,,
PROELECTRIC1,PROELECTRIC1,Thermal,Caribe,GASNACIO,2029,1.4247409998939461e-06,0.010087166279249136,0.0006953335895443412,45.0,5536350.181102298,6444900.0,8409423321.2080765,3.614259258990223e-09,,
PROELECTRIC1,PROELECTRIC1,Thermal,Caribe,GASNACIO,2030,1.8262198722181932e-06,0.012929636695304808,0.0008912721814990987,45.0,5536350.181102298,6444900.0,6560683286.990559,4.632724181172484e-09,,
PROELECTRIC1,PROELECTRIC1,Thermal,Caribe,GASNACIO,2031,2.1501025977202473e-06,0.01522272639185935,0.0010493405870068443,45.0,5536350.181102298,6444900.0,5572408595.305515,5.454344489396872e-09,,
PROELECTRIC1,PROELECTRIC1,Thermal,Caribe,GASNACIO,2032,2.6064090557472436e-06,0.018453376114690483,0.0012720373490259017,45.0,5536350.181102298,6444900.0,4596841839.977691,6.611895118587628e-09,,
PROELECTRIC1,PROELECTRIC1,Thermal,Caribe,GASNACIO,2033,2.791352702848256e-06,0.01976277713616565,0.001362297634938739,45.0,5536350.181102298,6444900.0,4292273845.8094463,7.081057084850977e-09,,
PROELECTRIC1,PROELECTRIC1,Thermal,Caribe,GASNACIO,2034,2.7421141077897214e-06,0.019414167883151225,0.001338267127605322,45.0,5536350.181102298,6444900.0,4369347784.062109,6.9561494363006616e-09,,
PROELECTRIC1,PROELECTRIC1,Thermal,Caribe,GASNACIO,2035,14.07857476083758,99676.30930673004,6870.937191286169,45.0,5536350.181102298,6444900.0,858.1072086937794,0.035714294167523024,,
PROELECTRIC2,PROELECTRIC2,Thermal,Caribe,GASNACIO,2023,1.729185926241112e-06,0.012242636357787072,0.0008233887104399345,45.0,5544450.181367261,6444900.0,6933522885.923686,4.386570081788716e-09,,
PROELECTRIC2,PROELECTRIC2,Thermal,Caribe,GASNACIO,2024,1.8998675529189308e-06,0.013451062274666033,0.0009046624025012262,45.0,5544450.181367261,6444900.0,6310624220.303172,4.819552391981051e-09,,
PROELECTRIC2,PROELECTRIC2,Thermal,Caribe,GASNACIO,2025,2.2073825904239484e-06,0.015628268740201554,0.001051092237679539,45.0,5544450.181367261,6444900.0,5431478099.450293,5.599651421674145e-09,,
PROELECTRIC2,PROELECTRIC2,Thermal,Caribe,GASNACIO,2026,2.1542160687280764e-06,0.015251849766594777,0.0010257758659271375,45.0,5544450.181367261,6444900.0,5565528161.572965,5.464779474196032e-09,,
PROELECTRIC2,PROELECTRIC2,Thermal,Caribe,GASNACIO,2027,2.1592009098513734e-06,0.015287142441747724,0.0010281495042051112,45.0,5544450.181367261,6444900.0,5552679299.99144,5.4774249362033816e-09,,
PROELECTRIC2,PROELECTRIC2,Thermal,Caribe,GASNACIO,2028,1.6073655601748374e-06,0.01138014816603785,0.0007653813483636805,45.0,5544450.181367261,6444900.0,7459006519.61418,4.0775382044009055e-09,,
PROELECTRIC2,PROELECTRIC2,Thermal,Caribe,GASNACIO,2029,1.5711025888149115e-06,0.011123406328809572,0.0007481139621493618,45.0,5544450.181367261,6444900.0,7631169522.503478,3.985546902117989e-09,,
PROELECTRIC2,PROELECTRIC2,Thermal,Caribe,GASNACIO,2030,2.08060800591308e-06,0.014730704681864607,0.000990725818966039,45.0,5544450.181367261,6444900.0,5762426253.29917,5.27805176538072e-09,,
PROELECTRIC2,PROELECTRIC2,Thermal,Caribe,GASNACIO,2031,2.503035673395204e-06,0.017721492567638043,0.0011918737505469696,45.0,5544450.181367261,6444900.0,4789923821.91101,6.349659242504321e-09,,
PROELECTRIC2,PROELECTRIC2,Thermal,Caribe,GASNACIO,2032,3.1645898233667705e-06,0.022405295949436736,0.0015068868501593253,45.0,5544450.181367261,6444900.0,3788595322.9215746,8.027878801031887e-09,,
PROELECTRIC2,PROELECTRIC2,Thermal,Caribe,GASNACIO,2033,3.365974327944165e-06,0.023831098241844685,0.0016027803715037993,45.0,5544450.181367261,6444900.0,3561925623.03976,8.5387476609441e-09,,
PROELECTRIC2,PROELECTRIC2,Thermal,Caribe,GASNACIO,2034,3.32786833407861e-06,0.023561307805276557,0.001584635390867046,45.0,5544450.181367261,6444900.0,3602711706.5158987,8.44208100983919e-09,,
PROELECTRIC2,PROELECTRIC2,Thermal,Caribe,GASNACIO,2035,14.078575934898316,99676.31761908009,6703.813805069247,45.0,5544450.181367261,6444900.0,858.6824800241171,0.03571429714586077,,
RIOGRANDE 1,RIOGRANDE 1,Hidro,Antioquia,Water,2023,127.38923896733614,177071.04216459722,0.0,19.0,5271930.172452724,831820.0,49.3041740851265,0.7653763456340791,,
RIOGRANDE 1,RIOGRANDE 1,Hidro,Antioquia,Water,2024,127.38923895421092,177071.04214635317,0.0,19.0,5271930.172452724,831820.0,49.304174090063206,0.7653763455552205,,
RIOGRANDE 1,RIOGRANDE 1,Hidro,Antioquia,Water,2025,127.38923895951599,177071.04215372723,0.0,19.0,5271930.172452724,831820.0,49.304174088067846,0.7653763455870942,,
RIOGRANDE 1,RIOGRANDE 1,Hidro,Antioquia,Water,2026,127.3892389599647,177071.04215435093,0.0,19.0,5271930.172452724,831820.0,49.30417408789908,0.7653763455897902,,
RIOGRANDE 1,RIOGRANDE 1,Hidro,Antioquia,Water,2027,127.38923895358745,177071.04214548657,0.0,19.0,5271930.172452724,831820.0,49.30417409029771,0.7653763455514746,,
RIOGRANDE 1,RIOGRANDE 1,Hidro,Antioquia,Water,2028,127.38923895286071,177071.04214447638,0.0,19.0,5271930.172452724,831820.0,49.30417409057106,0.7653763455471081,,
RIOGRANDE 1,RIOGRANDE 1,Hidro,Antioquia,Water,2029,127.38923894246622,177071.04213002804,0.0,19.0,5271930.172452724,831820.0,49.30417409448067,0.7653763454846563,,
RIOGRANDE 1,RIOGRANDE 1,Hidro,Antioquia,Water,2030,127.38923897262873,177071.04217195394,0.0,19.0,5271930.172452724,831820.0,49.30417408313583,0.7653763456658779,,
RIOGRANDE 1,RIOGRANDE 1,Hidro,Antioquia,Water,2031,127.38923895441593,177071.0421466381,0.0,19.0,5271930.172452724,831820.0,49.3041740899861,0.7653763455564522,,
RIOGRANDE 1,RIOGRANDE 1,Hidro,Antioquia,Water,2032,127.38923895345644,177071.04214530444,0.0,19.0,5271930.172452724,831820.0,49.30417409034698,0.7653763455506875,,
RIOGRANDE 1,RIOGRANDE 1,Hidro,Antioquia,Water,2033,127.38923894994423,177071.04214042248,0.0,19.0,5271930.172452724,831820.0,49.30417409166801,0.7653763455295856,,
RIOGRANDE 1,RIOGRANDE 1,Hidro,Antioquia,Water,2034,127.3892389609367,177071.042155702,0.0,19.0,5271930.172452724,831820.0,49.30417408753348,0.7653763455956301,,
RIOGRANDE 1,RIOGRANDE 1,Hidro,Antioquia,Water,2035,127.38923894625918,177071.0421353003,0.0,19.0,5271930.172452724,831820.0,49.30417409305405,0.765376345507445,,
SALTO II,SALTO II,RunOfRiver,Oriental,Water,2023,275.4952429681992,382938.3877257969,0.0,35.0,4353300.142402961,1532300.0,22.75370878491845,0.89854938998108,,
SALTO II,SALTO II,RunOfRiver,Oriental,Water,2024,275.4952429833828,382938.38774690207,0.0,35.0,4353300.142402961,1532300.0,22.753708783741015,0.8985493900306026,,
SALTO II,SALTO II,RunOfRiver,Oriental,Water,2025,275.4952429842966,382938.38774817233,0.0,35.0,4353300.142402961,1532300.0,22.753708783670152,0.8985493900335831,,
SALTO II,SALTO II,RunOfRiver,Oriental,Water,2026,275.4952429694362,382938.3877275163,0.0,35.0,4353300.142402961,1532300.0,22.75370878482253,0.8985493899851147,,
SALTO II,SALTO II,RunOfRiver,Oriental,Water,2027,275.4952429679629,382938.3877254684,0.0,35.0,4353300.142402961,1532300.0,22.75370878493678,0.8985493899803092,,
SALTO II,SALTO II,RunOfRiver,Oriental,Water,2028,275.49524296125287,382938.3877161415,0.0,35.0,4353300.142402961,1532300.0,22.753708785457118,0.898549389958424,,
SALTO II,SALTO II,RunOfRiver,Oriental,Water,2029,275.4952429576333,382938.3877111103,0.0,35.0,4353300.142402961,1532300.0,22.7537087857378,0.8985493899466187,,
SALTO II,SALTO II,RunOfRiver,Oriental,Water,2030,275.4952429624231,382938.38771776797,0.0,35.0,4353300.142402961,1532300.0,22.753708785366367,0.8985493899622409,,
SALTO II,SALTO II,RunOfRiver,Oriental,Water,2031,275.4952429646404,382938.38772085006,0.0,35.0,4353300.142402961,1532300.0,22.75370878519443,0.8985493899694728,,
SALTO II,SALTO II,RunOfRiver,Oriental,Water,2032,275.4952429646755,382938.38772089896,0.0,35.0,4353300.142402961,1532300.0,22.7537087851917,0.8985493899695873,,
SALTO II,SALTO II,RunOfRiver,Oriental,Water,2033,275.4952429637732,382938.38771964476,0.0,35.0,4353300.142402961,1532300.0,22.753708785261676,0.8985493899666444,,
SALTO II,SALTO II,RunOfRiver,Oriental,Water,2034,275.49524294932036,382938.3876995552,0.0,35.0,4353300.142402961,1532300.0,22.753708786382443,0.8985493899195052,,
SALTO II,SALTO II,RunOfRiver,Oriental,Water,2035,275.4952429660532,382938.3877228138,0.0,35.0,4353300.142402961,1532300.0,22.753708785084868,0.8985493899740806,,
SALVAJINA,SALVAJINA,Hidro,Surocciden,Water,2023,1030.0909588107572,1431826.4327469524,0.0,315.0,39208051.28255402,13790700.0,52.84055475852465,0.37330251460852254,,
SALVAJINA,SALVAJINA,Hidro,Surocciden,Water,2024,1030.09095881096,1431826.4327472344,0.0,315.0,39208051.28255402,13790700.0,52.84055475851452,0.37330251460859604,,
SALVAJINA,SALVAJINA,Hidro,Surocciden,Water,2025,1030.0909588085933,1431826.4327439447,0.0,315.0,39208051.28255402,13790700.0,52.84055475863273,0.37330251460773833,,
SALVAJINA,SALVAJINA,Hidro,Surocciden,Water,2026,1030.0909588081413,1431826.432743316,0.0,315.0,39208051.28255402,13790700.0,52.84055475865531,0.3733025146075745,,
SALVAJINA,SALVAJINA,Hidro,Surocciden,Water,2027,1030.0909588081659,1431826.4327433505,0.0,315.0,39208051.28255402,13790700.0,52.84055475865408,0.3733025146075834,,
SALVAJINA,SALVAJINA,Hidro,Surocciden,Water,2028,1030.0909588059826,1431826.4327403158,0.0,315.0,39208051.28255402,13790700.0,52.840554758763126,0.3733025146067922,,
SALVAJINA,SALVAJINA,Hidro,Surocciden,Water,2029,1030.090958806561,1431826.4327411195,0.0,315.0,39208051.28255402,13790700.0,52.840554758734235,0.3733025146070018,,
SALVAJINA,SALVAJINA,Hidro,Surocciden,Water,2030,1030.0909588075158,1431826.432742447,0.0,315.0,39208051.28255402,13790700.0,52.84055475868655,0.3733025146073478,,
SALVAJINA,SALVAJINA,Hidro,Surocciden,Water,2031,1030.0909588082313,1431826.4327434418,0.0,315.0,39208051.28255402,13790700.0,52.84055475865082,0.3733025146076071,,
SALVAJINA,SALVAJINA,Hidro,Surocciden,Water,2032,1030.0909588085574,1431826.4327438944,0.0,315.0,39208051.28255402,13790700.0,52.840554758634525,0.3733025146077253,,
SALVAJINA,SALVAJINA,Hidro,Surocciden,Water,2033,1030.0909588060474,1431826.4327404057,0.0,315.0,39208051.28255402,13790700.0,52.84055475875989,0.3733025146068157,,
SALVAJINA,SALVAJINA,Hidro,Surocciden,Water,2034,1030.090958804343,1431826.4327380366,0.0,315.0,39208051.28255402,13790700.0,52.84055475884502,0.373302514606198,,
SALVAJINA,SALVAJINA,Hidro,Surocciden,Water,2035,1030.0909588082018,1431826.4327434003,0.0,315.0,39208051.28255402,13790700.0,52.84055475865228,0.37330251460759645,,
SAN CARLOS,SAN CARLOS,Hidro,Antioquia,Water,2023,8125.811523910269,11294878.018235274,0.0,1240.0,154454405.05243468,54287200.0,27.078708683214067,0.7480677864845953,,
SAN CARLOS,SAN CARLOS,Hidro,Antioquia,Water,2024,8125.811523901022,11294878.018222421,0.0,1240.0,154454405.05243468,54287200.0,27.078708683243303,0.748067786483744,,
SAN CARLOS,SAN CARLOS,Hidro,Antioquia,Water,2025,8125.81152390807,11294878.018232215,0.0,1240.0,154454405.05243468,54287200.0,27.078708683221024,0.7480677864843928,,
SAN CARLOS,SAN CARLOS,Hidro,Antioquia,Water,2026,8125.811523904108,11294878.01822671,0.0,1240.0,154454405.05243468,54287200.0,27.078708683233547,0.748067786484028,,
SAN CARLOS,SAN CARLOS,Hidro,Antioquia,Water,2027,8125.811523905552,11294878.018228717,0.0,1240.0,154454405.05243468,54287200.0,27.07870868322898,0.748067786484161,,
SAN CARLOS,SAN CARLOS,Hidro,Antioquia,Water,2028,8125.811523904819,11294878.018227696,0.0,1240.0,154454405.05243468,54287200.0,27.0787086832313,0.7480677864840934,,
SAN CARLOS,SAN CARLOS,Hidro,Antioquia,Water,2029,8125.811523914761,11294878.018241515,0.0,1240.0,154454405.05243468,54287200.0,27.07870868319987,0.7480677864850087,,
SAN CARLOS,SAN CARLOS,Hidro,Antioquia,Water,2030,8125.8115239058625,11294878.01822915,0.0,1240.0,154454405.05243468,54287200.0,27.078708683228005,0.7480677864841896,,
SAN CARLOS,SAN CARLOS,Hidro,Antioquia,Water,2031,8125.8115239041235,11294878.018226732,0.0,1240.0,154454405.05243468,54287200.0,27.0787086832335,0.7480677864840295,,
SAN CARLOS,SAN CARLOS,Hidro,Antioquia,Water,2032,8125.8115239012,11294878.01822267,0.0,1240.0,154454405.05243468,54287200.0,27.078708683242738,0.7480677864837604,,
SAN CARLOS,SAN CARLOS,Hidro,Antioquia,Water,2033,8125.811523896393,11294878.018215984,0.0,1240.0,154454405.05243468,54287200.0,27.07870868325794,0.7480677864833177,,
SAN CARLOS,SAN CARLOS,Hidro,Antioquia,Water,2034,8125.811523901035,11294878.018222438,0.0,1240.0,154454405.05243468,54287200.0,27.078708683243264,0.7480677864837452,,
SAN CARLOS,SAN CARLOS,Hidro,Antioquia,Water,2035,8125.811523899267,11294878.018219981,0.0,1240.0,154454405.05243468,54287200.0,27.078708683248852,0.7480677864835823,,
SANFRANCISCO,SANFRANCISCO,RunOfRiver,Surocciden,Water,2023,368.07455308767214,511623.62879186426,0.0,135.0,16827750.5504609,5910300.0,63.165665716953,0.3112418003447252,,
SANFRANCISCO,SANFRANCISCO,RunOfRiver,Surocciden,Water,2024,368.07455308927786,511623.62879409606,0.0,135.0,16827750.5504609,5910300.0,63.16566571668349,0.31124180034608306,,
SANFRANCISCO,SANFRANCISCO,RunOfRiver,Surocciden,Water,2025,368.07455308810336,511623.6287924637,0.0,135.0,16827750.5504609,5910300.0,63.16566571688062,0.31124180034508986,,
SANFRANCISCO,SANFRANCISCO,RunOfRiver,Surocciden,Water,2026,368.07455308730243,511623.62879135035,0.0,135.0,16827750.5504609,5910300.0,63.165665717015045,0.31124180034441257,,
SANFRANCISCO,SANFRANCISCO,RunOfRiver,Surocciden,Water,2027,368.0745530873399,511623.6287914024,0.0,135.0,16827750.5504609,5910300.0,63.16566571700875,0.3112418003444443,,
SANFRANCISCO,SANFRANCISCO,RunOfRiver,Surocciden,Water,2028,368.07455308526175,511623.62878851366,0.0,135.0,16827750.5504609,5910300.0,63.16566571735752,0.31124180034268706,,
SANFRANCISCO,SANFRANCISCO,RunOfRiver,Surocciden,Water,2029,368.07455308484566,511623.62878793536,0.0,135.0,16827750.5504609,5910300.0,63.16566571742737,0.3112418003423352,,
SANFRANCISCO,SANFRANCISCO,RunOfRiver,Surocciden,Water,2030,368.0745530858014,511623.62878926395,0.0,135.0,16827750.5504609,5910300.0,63.16566571726696,0.31124180034314336,,
SANFRANCISCO,SANFRANCISCO,RunOfRiver,Surocciden,Water,2031,368.0745530868031,511623.62879065634,0.0,135.0,16827750.5504609,5910300.0,63.16566571709885,0.3112418003439904,,
SANFRANCISCO,SANFRANCISCO,RunOfRiver,Surocciden,Water,2032,368.07455308687946,511623.62879076245,0.0,135.0,16827750.5504609,5910300.0,63.165665717086036,0.31124180034405496,,
SANFRANCISCO,SANFRANCISCO,RunOfRiver,Surocciden,Water,2033,368.07455308499425,511623.6287881419,0.0,135.0,16827750.5504609,5910300.0,63.16566571740243,0.31124180034246085,,
SANFRANCISCO,SANFRANCISCO,RunOfRiver,Surocciden,Water,2034,368.0745530833575,511623.6287858669,0.0,135.0,16827750.5504609,5910300.0,63.165665717677136,0.31124180034107685,,
SANFRANCISCO,SANFRANCISCO,RunOfRiver,Surocciden,Water,2035,368.0745530869232,511623.62879082304,0.0,135.0,16827750.5504609,5910300.0,63.16566571707868,0.31124180034409193,,
SNMIGUEL,SNMIGUEL,RunOfRiver,Antioquia,Water,2023,285.8379097032647,397314.6944875379,0.0,50.0,6241500.2041688105,2189000.0,30.88398913853211,0.6525979673590517,,
SNMIGUEL,SNMIGUEL,RunOfRiver,Antioquia,Water,2024,285.8379097045075,397314.6944892653,0.0,50.0,6241500.2041688105,2189000.0,30.883989138403873,0.6525979673618891,,
SNMIGUEL,SNMIGUEL,RunOfRiver,Antioquia,Water,2025,285.8379097034074,397314.6944877362,0.0,50.0,6241500.2041688105,2189000.0,30.883989138517386,0.6525979673593774,,
SNMIGUEL,SNMIGUEL,RunOfRiver,Antioquia,Water,2026,285.8379097028077,397314.69448690256,0.0,50.0,6241500.2041688105,2189000.0,30.88398913857927,0.6525979673580082,,
SNMIGUEL,SNMIGUEL,RunOfRiver,Antioquia,Water,2027,285.83790970280717,397314.694486902,0.0,50.0,6241500.2041688105,2189000.0,30.88398913857932,0.652597967358007,,
SNMIGUEL,SNMIGUEL,RunOfRiver,Antioquia,Water,2028,285.837909700421,397314.6944835852,0.0,50.0,6241500.2041688105,2189000.0,30.88398913882554,0.6525979673525591,,
SNMIGUEL,SNMIGUEL,RunOfRiver,Antioquia,Water,2029,285.8379097003009,397314.69448341813,0.0,50.0,6241500.2041688105,2189000.0,30.88398913883793,0.652597967352285,,
SNMIGUEL,SNMIGUEL,RunOfRiver,Antioquia,Water,2030,285.83790970071846,397314.6944839987,0.0,50.0,6241500.2041688105,2189000.0,30.88398913879484,0.6525979673532385,,
SNMIGUEL,SNMIGUEL,RunOfRiver,Antioquia,Water,2031,285.83790970064354,397314.6944838945,0.0,50.0,6241500.2041688105,2189000.0,30.883989138802573,0.6525979673530674,,
SNMIGUEL,SNMIGUEL,RunOfRiver,Antioquia,Water,2032,285.83790970065706,397314.69448391336,0.0,50.0,6241500.2041688105,2189000.0,30.88398913880118,0.6525979673530982,,
SNMIGUEL,SNMIGUEL,RunOfRiver,Antioquia,Water,2033,285.83790970053354,397314.69448374154,0.0,50.0,6241500.2041688105,2189000.0,30.88398913881392,0.6525979673528163,,
SNMIGUEL,SNMIGUEL,RunOfRiver,Antioquia,Water,2034,285.83790969880954,397314.6944813453,0.0,50.0,6241500.2041688105,2189000.0,30.88398913899181,0.6525979673488801,,
SNMIGUEL,SNMIGUEL,RunOfRiver,Antioquia,Water,2035,285.8379097013573,397314.6944848866,0.0,50.0,6241500.2041688105,2189000.0,30.88398913872892,0.6525979673546969,,
SOGAMOSO,SOGAMOSO,Hidro,Nordeste,Water,2023,5019.347159958597,6976892.55234245,0.0,819.0,102309483.34669629,35855820.0,28.916548561712943,0.6996151838970841,,
SOGAMOSO,SOGAMOSO,Hidro,Nordeste,Water,2024,5019.347159963981,6976892.5523499325,0.0,819.0,102309483.34669629,35855820.0,28.916548561683424,0.6996151838978344,,
SOGAMOSO,SOGAMOSO,Hidro,Nordeste,Water,2025,5019.347159971842,6976892.552360861,0.0,819.0,102309483.34669629,35855820.0,28.916548561640308,0.6996151838989303,,
SOGAMOSO,SOGAMOSO,Hidro,Nordeste,Water,2026,5019.347159959943,6976892.552344319,0.0,819.0,102309483.34669629,35855820.0,28.916548561705568,0.6996151838972716,,
SOGAMOSO,SOGAMOSO,Hidro,Nordeste,Water,2027,5019.347159958212,6976892.552341916,0.0,819.0,102309483.34669629,35855820.0,28.91654856171506,0.6996151838970304,,
SOGAMOSO,SOGAMOSO,Hidro,Nordeste,Water,2028,5019.347159954934,6976892.552337356,0.0,819.0,102309483.34669629,35855820.0,28.916548561733038,0.6996151838965734,,
SOGAMOSO,SOGAMOSO,Hidro,Nordeste,Water,2029,5019.347159959293,6976892.552343417,0.0,819.0,102309483.34669629,35855820.0,28.916548561709135,0.6996151838971811,,
SOGAMOSO,SOGAMOSO,Hidro,Nordeste,Water,2030,5019.34715996237,6976892.552347693,0.0,819.0,102309483.34669629,35855820.0,28.916548561692256,0.6996151838976099,,
SOGAMOSO,SOGAMOSO,Hidro,Nordeste,Water,2031,5019.3471599640325,6976892.552350003,0.0,819.0,102309483.34669629,35855820.0,28.91654856168314,0.6996151838978417,,
SOGAMOSO,SOGAMOSO,Hidro,Nordeste,Water,2032,5019.347159959259,6976892.552343371,0.0,819.0,102309483.34669629,35855820.0,28.916548561709316,0.6996151838971765,,
SOGAMOSO,SOGAMOSO,Hidro,Nordeste,Water,2033,5019.3471599614395,6976892.552346401,0.0,819.0,102309483.34669629,35855820.0,28.91654856169736,0.6996151838974803,,
SOGAMOSO,SOGAMOSO,Hidro,Nordeste,Water,2034,5019.347159957522,6976892.552340955,0.0,819.0,102309483.34669629,35855820.0,28.91654856171884,0.6996151838969343,,
SOGAMOSO,SOGAMOSO,Hidro,Nordeste,Water,2035,5019.347159958568,6976892.552342409,0.0,819.0,102309483.34669629,35855820.0,28.916548561713107,0.6996151838970801,,
S_Aurora,S_Aurora,pv_solar,Caribe,Solar,2023,19.270986107269366,19270.986107269367,0.0,9.9,1182357.038676668,158103.0,70.55845597185201,0.2222105311940104,,
S_Aurora,S_Aurora,pv_solar,Caribe,Solar,2024,19.27098602535695,19270.98602535695,0.0,9.9,1182357.038676668,158103.0,70.55845626751416,0.222210530249492,,
S_Aurora,S_Aurora,pv_solar,Caribe,Solar,2025,19.270985955891028,19270.985955891025,0.0,9.9,1182357.038676668,158103.0,70.5584565182508,0.22221052944849207,,
S_Aurora,S_Aurora,pv_solar,Caribe,Solar,2026,19.27098600306597,19270.986003065973,0.0,9.9,1182357.038676668,158103.0,70.55845634797325,0.22221052999245847,,
S_Aurora,S_Aurora,pv_solar,Caribe,Solar,2027,19.27098598848444,19270.98598848444,0.0,9.9,1182357.038676668,158103.0,70.55845640060517,0.22221052982432127,,
S_Aurora,S_Aurora,pv_solar,Caribe,Solar,2028,19.27098597349424,19270.98597349424,0.0,9.9,1182357.038676668,158103.0,70.55845645471216,0.22221052965147173,,
S_Aurora,S_Aurora,pv_solar,Caribe,Solar,2029,19.270986010490226,19270.986010490225,0.0,9.9,1182357.038676668,158103.0,70.55845632117547,0.2222105300780663,,
S_Aurora,S_Aurora,pv_solar,Caribe,Solar,2030,19.270986009618056,19270.986009618053,0.0,9.9,1182357.038676668,158103.0,70.55845632432356,0.22221053006800948,,
S_Aurora,S_Aurora,pv_solar,Caribe,Solar,2031,19.270985970711095,19270.985970711095,0.0,9.9,1182357.038676668,158103.0,70.5584564647579,0.2222105296193798,,
S_Aurora,S_Aurora,pv_solar,Caribe,Solar,2032,19.270985980465134,19270.985980465135,0.0,9.9,1182357.038676668,158103.0,70.55845642955077,0.22221052973185196,,
S_Aurora,S_Aurora,pv_solar,Caribe,Solar,2033,19.27098598632368,19270.98598632368,0.0,9.9,1182357.038676668,158103.0,70.55845640840441,0.2222105297994059,,
S_Aurora,S_Aurora,pv_solar,Caribe,Solar,2034,19.270985972077323,19270.985972077324,0.0,9.9,1182357.038676668,158103.0,70.55845645982652,0.22221052963513352,,
S_Aurora,S_Aurora,pv_solar,Caribe,Solar,2035,19.27098595126099,19270.985951260984,0.0,9.9,1182357.038676668,158103.0,70.55845653496287,0.22221052939510383,,
S_AutEncanto,S_AutEncanto,pv_solar,Caribe,Solar,2023,1.927098620565435,1927.098620565435,0.0,0.9900000000000002,118235.70386766682,15810.300000000003,70.55845561673227,0.2222105323284713,,
S_AutEncanto,S_AutEncanto,pv_solar,Caribe,Solar,2024,1.9270986484770445,1927.0986484770444,0.0,0.9900000000000002,118235.70386766682,15810.300000000003,70.55845460926521,0.22221053554691245,,
S_AutEncanto,S_AutEncanto,pv_solar,Caribe,Solar,2025,1.9270986546313411,1927.098654631341,0.0,0.9900000000000002,118235.70386766682,15810.300000000003,70.55845438712642,0.22221053625655418,,
S_AutEncanto,S_AutEncanto,pv_solar,Caribe,Solar,2026,1.9270986109974835,1927.0986109974838,0.0,0.9900000000000002,118235.70386766682,15810.300000000003,70.55845596208665,0.22221053122520673,,
S_AutEncanto,S_AutEncanto,pv_solar,Caribe,Solar,2027,1.927098621631828,1927.0986216318279,0.0,0.9900000000000002,118235.70386766682,15810.300000000003,70.55845557824094,0.22221053245143524,,
S_AutEncanto,S_AutEncanto,pv_solar,Caribe,Solar,2028,1.927098622475992,1927.098622475992,0.0,0.9900000000000002,118235.70386766682,15810.300000000003,70.55845554777089,0.2222105325487744,,
S_AutEncanto,S_AutEncanto,pv_solar,Caribe,Solar,2029,1.9270985817251218,1927.0985817251217,0.0,0.9900000000000002,118235.70386766682,15810.300000000003,70.55845701867,0.22221052784985945,,
S_AutEncanto,S_AutEncanto,pv_solar,Caribe,Solar,2030,1.9270986020500747,1927.0986020500745,0.0,0.9900000000000002,118235.70386766682,15810.300000000003,70.5584562850426,0.22221053019349593,,
S_AutEncanto,S_AutEncanto,pv_solar,Caribe,Solar,2031,1.9270986671472885,1927.0986671472888,0.0,0.9900000000000002,118235.70386766682,15810.300000000003,70.5584539353644,0.22221053769974722,,
S_AutEncanto,S_AutEncanto,pv_solar,Caribe,Solar,2032,1.9270986563424115,1927.0986563424117,0.0,0.9900000000000002,118235.70386766682,15810.300000000003,70.55845432536547,0.22221053645385486,,
S_AutEncanto,S_AutEncanto,pv_solar,Caribe,Solar,2033,1.9270986355166133,1927.0986355166133,0.0,0.9900000000000002,118235.70386766682,15810.300000000003,70.55845507707083,0.2222105340524667,,
S_AutEncanto,S_AutEncanto,pv_solar,Caribe,Solar,2034,1.9270985841414987,1927.0985841414986,0.0,0.9900000000000002,118235.70386766682,15810.300000000003,70.55845693145109,0.22221052812848785,,
S_AutEncanto,S_AutEncanto,pv_solar,Caribe,Solar,2035,1.92709862439466,1927.09862439466,0.0,0.9900000000000002,118235.70386766682,15810.300000000003,70.55845547851675,0.22221053277001282,,
S_AutGragas,S_AutGragas,pv_solar,Surocciden,Solar,2023,7.2870669232886485,7287.0669232886485,0.0,4.0,477720.0156269365,63880.0,75.32345844060298,0.20796423867832897,,
S_AutGragas,S_AutGragas,pv_solar,Surocciden,Solar,2024,7.287066914423158,7287.066914423158,0.0,4.0,477720.0156269365,63880.0,75.32345853102535,0.2079642384253184,,
S_AutGragas,S_AutGragas,pv_solar,Surocciden,Solar,2025,7.2870669214756845,7287.0669214756845,0.0,4.0,477720.0156269365,63880.0,75.32345845909406,0.20796423862658914,,
S_AutGragas,S_AutGragas,pv_solar,Surocciden,Solar,2026,7.287066932496264,7287.066932496264,0.0,4.0,477720.0156269365,63880.0,75.32345834669114,0.20796423894110339,,
S_AutGragas,S_AutGragas,pv_solar,Surocciden,Solar,2027,7.287066896288749,7287.0668962887485,0.0,4.0,477720.0156269365,63880.0,75.32345871598481,0.2079642379077839,,
S_AutGragas,S_AutGragas,pv_solar,Surocciden,Solar,2028,7.287066914200752,7287.066914200752,0.0,4.0,477720.0156269365,63880.0,75.32345853329376,0.2079642384189712,,
S_AutGragas,S_AutGragas,pv_solar,Surocciden,Solar,2029,7.287066938764415,7287.066938764416,0.0,4.0,477720.0156269365,63880.0,75.32345828275999,0.20796423911998896,,
S_AutGragas,S_AutGragas,pv_solar,Surocciden,Solar,2030,7.28706689683977,7287.0668968397695,0.0,4.0,477720.0156269365,63880.0,75.32345871036476,0.20796423792350935,,
S_AutGragas,S_AutGragas,pv_solar,Surocciden,Solar,2031,7.287066897604777,7287.066897604777,0.0,4.0,477720.0156269365,63880.0,75.32345870256216,0.20796423794534177,,
S_AutGragas,S_AutGragas,pv_solar,Surocciden,Solar,2032,7.287066934613866,7287.066934613866,0.0,4.0,477720.0156269365,63880.0,75.32345832509294,0.2079642390015372,,
S_AutGragas,S_AutGragas,pv_solar,Surocciden,Solar,2033,7.28706689637406,7287.06689637406,0.0,4.0,477720.0156269365,63880.0,75.32345871511471,0.20796423791021856,,
S_AutGragas,S_AutGragas,pv_solar,Surocciden,Solar,2034,7.287066896374066,7287.0668963740645,0.0,4.0,477720.0156269365,63880.0,75.32345871511464,0.20796423791021876,,
S_AutGragas,S_AutGragas,pv_solar,Surocciden,Solar,2035,7.287066896374066,7287.066896374065,0.0,4.0,477720.0156269365,63880.0,75.32345871511464,0.20796423791021876,,
S_AutJeans,S_AutJeans,pv_solar,Antioquia,Solar,2023,2.4113011989187374,2411.301198918737,0.0,1.39,166007.70543036042,22198.3,79.05163681532392,0.1980307150651044,,
S_AutJeans,S_AutJeans,pv_solar,Antioquia,Solar,2024,2.4113012602443304,2411.3012602443305,0.0,1.39,166007.70543036042,22198.3,79.05163483027002,0.19803072010153497,,
S_AutJeans,S_AutJeans,pv_solar,Antioquia,Solar,2025,2.4113012822679503,2411.3012822679502,0.0,1.39,166007.70543036042,22198.3,79.05163411738545,0.1980307219102485,,
S_AutJeans,S_AutJeans,pv_solar,Antioquia,Solar,2026,2.4113012977250223,2411.301297725023,0.0,1.39,166007.70543036042,22198.3,79.05163361705405,0.19803072317967724,,
S_AutJeans,S_AutJeans,pv_solar,Antioquia,Solar,2027,2.4113012142738817,2411.3012142738817,0.0,1.39,166007.70543036042,22198.3,79.0516363182918,0.19803071632616218,,
S_AutJeans,S_AutJeans,pv_solar,Antioquia,Solar,2028,2.41130123382473,2411.3012338247304,0.0,1.39,166007.70543036042,22198.3,79.05163568544855,0.19803071793179672,,
S_AutJeans,S_AutJeans,pv_solar,Antioquia,Solar,2029,2.4113013096255083,2411.301309625508,0.0,1.39,166007.70543036042,22198.3,79.05163323184613,0.1980307241570175,,
S_AutJeans,S_AutJeans,pv_solar,Antioquia,Solar,2030,2.4113012021919165,2411.301202191916,0.0,1.39,166007.70543036042,22198.3,79.05163670937407,0.19803071533391778,,
S_AutJeans,S_AutJeans,pv_solar,Antioquia,Solar,2031,2.4113013028688353,2411.3013028688356,0.0,1.39,166007.70543036042,22198.3,79.05163345055351,0.19803072360211846,,
S_AutJeans,S_AutJeans,pv_solar,Antioquia,Solar,2032,2.411301258772252,2411.3012587722524,0.0,1.39,166007.70543036042,22198.3,79.05163487791988,0.1980307199806389,,
S_AutJeans,S_AutJeans,pv_solar,Antioquia,Solar,2033,2.4113011361271663,2411.3011361271665,0.0,1.39,166007.70543036042,22198.3,79.05163884783028,0.1980307099082788,,
S_AutJeans,S_AutJeans,pv_solar,Antioquia,Solar,2034,2.411301288650541,2411.301288650541,0.0,1.39,166007.70543036042,22198.3,79.05163391078676,0.19803072243442568,,
S_AutJeans,S_AutJeans,pv_solar,Antioquia,Solar,2035,2.4113012772159315,2411.301277215932,0.0,1.39,166007.70543036042,22198.3,79.05163428091471,0.198030721495346,,
S_AutLevapan,S_AutLevapan,pv_solar,Surocciden,Solar,2023,9.090616031905034,9090.616031905036,0.0,4.99,595955.7194946033,79690.3,75.32345807185244,0.20796423971012876,,
S_AutLevapan,S_AutLevapan,pv_solar,Surocciden,Solar,2024,9.090616007675518,9090.616007675517,0.0,4.99,595955.7194946033,79690.3,75.32345826994917,0.20796423915583487,,
S_AutLevapan,S_AutLevapan,pv_solar,Surocciden,Solar,2025,9.0906159874311,9090.615987431102,0.0,4.99,595955.7194946033,79690.3,75.32345843546439,0.20796423869270725,,
S_AutLevapan,S_AutLevapan,pv_solar,Surocciden,Solar,2026,9.090616066718237,9090.616066718238,0.0,4.99,595955.7194946033,79690.3,75.32345778722512,0.20796424050654358,,
S_AutLevapan,S_AutLevapan,pv_solar,Surocciden,Solar,2027,9.090616077035431,9090.616077035433,0.0,4.99,595955.7194946033,79690.3,75.32345770287336,0.20796424074256797,,
S_AutLevapan,S_AutLevapan,pv_solar,Surocciden,Solar,2028,9.09061601849624,9090.61601849624,0.0,4.99,595955.7194946033,79690.3,75.32345818148065,0.20796423940337838,,
S_AutLevapan,S_AutLevapan,pv_solar,Surocciden,Solar,2029,9.09061623326848,9090.616233268482,0.0,4.99,595955.7194946033,79690.3,75.32345642553635,0.2079642443166808,,
S_AutLevapan,S_AutLevapan,pv_solar,Surocciden,Solar,2030,9.090616113049421,9090.616113049422,0.0,4.99,595955.7194946033,79690.3,75.3234574084286,0.207964241566453,,
S_AutLevapan,S_AutLevapan,pv_solar,Surocciden,Solar,2031,9.090616049546352,9090.616049546352,0.0,4.99,595955.7194946033,79690.3,75.3234579276198,0.20796424011370568,,
S_AutLevapan,S_AutLevapan,pv_solar,Surocciden,Solar,2032,9.090616225343776,9090.616225343778,0.0,4.99,595955.7194946033,79690.3,75.32345649032752,0.2079642441353889,,
S_AutLevapan,S_AutLevapan,pv_solar,Surocciden,Solar,2033,9.090616066349611,9090.616066349612,0.0,4.99,595955.7194946033,79690.3,75.32345779023896,0.20796424049811055,,
S_AutLevapan,S_AutLevapan,pv_solar,Surocciden,Solar,2034,9.090616111552691,9090.616111552692,0.0,4.99,595955.7194946033,79690.3,75.32345742066562,0.2079642415322126,,
S_AutLevapan,S_AutLevapan,pv_solar,Surocciden,Solar,2035,9.090615957754505,9090.615957754506,0.0,4.99,595955.7194946033,79690.3,75.3234586780956,0.2079642380138016,,
S_AutPintuco,S_AutPintuco,pv_solar,Antioquia,Solar,2023,2.445996200323595,2445.9962003235955,0.0,1.41,168396.3055084951,22517.699999999997,79.0516361731216,0.1980307166944845,,
S_AutPintuco,S_AutPintuco,pv_solar,Antioquia,Solar,2024,2.445996213294973,2445.996213294972,0.0,1.41,168396.3055084951,22517.699999999997,79.05163575920548,0.1980307177446624,,
S_AutPintuco,S_AutPintuco,pv_solar,Antioquia,Solar,2025,2.445996311752263,2445.996311752263,0.0,1.41,168396.3055084951,22517.699999999997,79.05163261743765,0.19803072571587993,,
S_AutPintuco,S_AutPintuco,pv_solar,Antioquia,Solar,2026,2.445996273209571,2445.996273209571,0.0,1.41,168396.3055084951,22517.699999999997,79.05163384733324,0.19803072259541846,,
S_AutPintuco,S_AutPintuco,pv_solar,Antioquia,Solar,2027,2.4459962903845494,2445.9962903845494,0.0,1.41,168396.3055084951,22517.699999999997,79.05163329928043,0.19803072398592483,,
S_AutPintuco,S_AutPintuco,pv_solar,Antioquia,Solar,2028,2.4459961322793267,2445.9961322793265,0.0,1.41,168396.3055084951,22517.699999999997,79.05163834441142,0.19803071118554083,,
S_AutPintuco,S_AutPintuco,pv_solar,Antioquia,Solar,2029,2.4459963109557536,2445.996310955754,0.0,1.41,168396.3055084951,22517.699999999997,79.0516326428542,0.19803072565139362,,
S_AutPintuco,S_AutPintuco,pv_solar,Antioquia,Solar,2030,2.4459963031489256,2445.996303148926,0.0,1.41,168396.3055084951,22517.699999999997,79.05163289196975,0.19803072501934366,,
S_AutPintuco,S_AutPintuco,pv_solar,Antioquia,Solar,2031,2.445996226977497,2445.9962269774974,0.0,1.41,168396.3055084951,22517.699999999997,79.05163532259671,0.1980307188524156,,
S_AutPintuco,S_AutPintuco,pv_solar,Antioquia,Solar,2032,2.445996307779511,2445.996307779511,0.0,1.41,168396.3055084951,22517.699999999997,79.05163274420798,0.19803072539424127,,
S_AutPintuco,S_AutPintuco,pv_solar,Antioquia,Solar,2033,2.445996228499569,2445.996228499569,0.0,1.41,168396.3055084951,22517.699999999997,79.05163527402746,0.19803071897564434,,
S_AutPintuco,S_AutPintuco,pv_solar,Antioquia,Solar,2034,2.4459963241458893,2445.9963241458895,0.0,1.41,168396.3055084951,22517.699999999997,79.05163222195756,0.19803072671928246,,
S_AutPintuco,S_AutPintuco,pv_solar,Antioquia,Solar,2035,2.445996210027584,2445.9962100275834,0.0,1.41,168396.3055084951,22517.699999999997,79.05163586346772,0.1980307174801308,,
S_AutSolla,S_AutSolla,pv_solar,Surocciden,Solar,2023,11.659307267167723,11659.307267167722,0.0,6.4,764352.0250030984,102208.0,75.32345723002831,0.20796424206563427,,
S_AutSolla,S_AutSolla,pv_solar,Surocciden,Solar,2024,11.659307077407519,11659.30707740752,0.0,6.4,764352.0250030984,102208.0,75.32345843967433,0.20796423868092745,,
S_AutSolla,S_AutSolla,pv_solar,Surocciden,Solar,2025,11.659307130094486,11659.307130094485,0.0,6.4,764352.0250030984,102208.0,75.3234581038158,0.20796423962069213,,
S_AutSolla,S_AutSolla,pv_solar,Surocciden,Solar,2026,11.659307088257934,11659.307088257934,0.0,6.4,764352.0250030984,102208.0,75.32345837050724,0.20796423887446366,,
S_AutSolla,S_AutSolla,pv_solar,Surocciden,Solar,2027,11.659307142125073,11659.307142125073,0.0,6.4,764352.0250030984,102208.0,75.32345802712558,0.2079642398352788,,
S_AutSolla,S_AutSolla,pv_solar,Surocciden,Solar,2028,11.659307075098043,11659.307075098042,0.0,6.4,764352.0250030984,102208.0,75.3234584543963,0.2079642386397339,,
S_AutSolla,S_AutSolla,pv_solar,Surocciden,Solar,2029,11.659307138927403,11659.307138927401,0.0,6.4,764352.0250030984,102208.0,75.32345804750946,0.20796423977824274,,
S_AutSolla,S_AutSolla,pv_solar,Surocciden,Solar,2030,11.659307183114937,11659.307183114937,0.0,6.4,764352.0250030984,102208.0,75.32345776583146,0.20796424056640508,,
S_AutSolla,S_AutSolla,pv_solar,Surocciden,Solar,2031,11.659307106329077,11659.307106329077,0.0,6.4,764352.0250030984,102208.0,75.32345825531087,0.20796423919679427,,
S_AutSolla,S_AutSolla,pv_solar,Surocciden,Solar,2032,11.659307092219393,11659.307092219391,0.0,6.4,764352.0250030984,102208.0,75.3234583452545,0.20796423894512325,,
S_AutSolla,S_AutSolla,pv_solar,Surocciden,Solar,2033,11.65930727501875,11659.30727501875,0.0,6.4,764352.0250030984,102208.0,75.32345717998112,0.20796424220567114,,
S_AutSolla,S_AutSolla,pv_solar,Surocciden,Solar,2034,11.659307084316335,11659.307084316333,0.0,6.4,764352.0250030984,102208.0,75.32345839563337,0.20796423880415832,,
S_AutSolla,S_AutSolla,pv_solar,Surocciden,Solar,2035,11.659307034198498,11659.3070341985,0.0,6.4,764352.0250030984,102208.0,75.3234587151147,0.2079642379102186,,
S_BSLI,S_BSLI,pv_solar,Oriental,Solar,2023,37.04817366750856,37048.173667508556,0.0,19.9,2376657.077744009,317803.0,73.72855342143531,0.21252480247991412,,
S_BSLI,S_BSLI,pv_solar,Oriental,Solar,2024,37.04817355447361,37048.173554473615,0.0,19.9,2376657.077744009,317803.0,73.72855364333203,0.2125248018314954,,
S_BSLI,S_BSLI,pv_solar,Oriental,Solar,2025,37.048173627772734,37048.17362777273,0.0,19.9,2376657.077744009,317803.0,73.72855349943994,0.2125248022519718,,
S_BSLI,S_BSLI,pv_solar,Oriental,Solar,2026,37.04817357344629,37048.17357344629,0.0,19.9,2376657.077744009,317803.0,73.72855360608713,0.21252480194033113,,
S_BSLI,S_BSLI,pv_solar,Oriental,Solar,2027,37.048173577854996,37048.17357785499,0.0,19.9,2376657.077744009,317803.0,73.72855359743247,0.21252480196562146,,
S_BSLI,S_BSLI,pv_solar,Oriental,Solar,2028,37.04817364460753,37048.17364460753,0.0,19.9,2376657.077744009,317803.0,73.72855346639187,0.21252480234854365,,
S_BSLI,S_BSLI,pv_solar,Oriental,Solar,2029,37.04817370022595,37048.17370022595,0.0,19.9,2376657.077744009,317803.0,73.72855335720843,0.21252480266759569,,
S_BSLI,S_BSLI,pv_solar,Oriental,Solar,2030,37.048173589384504,37048.1735893845,0.0,19.9,2376657.077744009,317803.0,73.72855357479914,0.21252480203175983,,
S_BSLI,S_BSLI,pv_solar,Oriental,Solar,2031,37.04817365831656,37048.173658316555,0.0,19.9,2376657.077744009,317803.0,73.72855343947995,0.21252480242718472,,
S_BSLI,S_BSLI,pv_solar,Oriental,Solar,2032,37.048173565233554,37048.173565233556,0.0,19.9,2376657.077744009,317803.0,73.72855362220939,0.21252480189321926,,
S_BSLI,S_BSLI,pv_solar,Oriental,Solar,2033,37.0481734945394,37048.1734945394,0.0,19.9,2376657.077744009,317803.0,73.72855376098772,0.2125248014876861,,
S_BSLI,S_BSLI,pv_solar,Oriental,Solar,2034,37.0481734845081,37048.173484508094,0.0,19.9,2376657.077744009,317803.0,73.72855378067996,0.21252480143014213,,
S_BSLI,S_BSLI,pv_solar,Oriental,Solar,2035,37.048173436034574,37048.17343603457,0.0,19.9,2376657.077744009,317803.0,73.7285538758374,0.21252480115207642,,
S_BSLII,S_BSLII,pv_solar,Oriental,Solar,2023,37.04817351505188,37048.17351505188,0.0,19.9,2376657.077744009,317803.0,73.72855372072007,0.21252480160535483,,
S_BSLII,S_BSLII,pv_solar,Oriental,Solar,2024,37.04817358840413,37048.173588404126,0.0,19.9,2376657.077744009,317803.0,73.72855357672367,0.21252480202613597,,
S_BSLII,S_BSLII,pv_solar,Oriental,Solar,2025,37.04817352538434,37048.17352538434,0.0,19.9,2376657.077744009,317803.0,73.7285537004366,0.21252480166462645,,
S_BSLII,S_BSLII,pv_solar,Oriental,Solar,2026,37.04817350119127,37048.17350119127,0.0,19.9,2376657.077744009,317803.0,73.72855374792955,0.21252480152584424,,
S_BSLII,S_BSLII,pv_solar,Oriental,Solar,2027,37.04817353818511,37048.17353818512,0.0,19.9,2376657.077744009,317803.0,73.72855367530767,0.21252480173805735,,
S_BSLII,S_BSLII,pv_solar,Oriental,Solar,2028,37.04817348006516,37048.17348006517,0.0,19.9,2376657.077744009,317803.0,73.72855378940181,0.21252480140465543,,
S_BSLII,S_BSLII,pv_solar,Oriental,Solar,2029,37.04817357986329,37048.17357986329,0.0,19.9,2376657.077744009,317803.0,73.72855359349005,0.2125248019771419,,
S_BSLII,S_BSLII,pv_solar,Oriental,Solar,2030,37.04817350647181,37048.17350647181,0.0,19.9,2376657.077744009,317803.0,73.72855373756343,0.21252480155613573,,
S_BSLII,S_BSLII,pv_solar,Oriental,Solar,2031,37.04817354361492,37048.173543614925,0.0,19.9,2376657.077744009,317803.0,73.72855366464852,0.21252480176920513,,
S_BSLII,S_BSLII,pv_solar,Oriental,Solar,2032,37.04817352559125,37048.17352559125,0.0,19.9,2376657.077744009,317803.0,73.72855370003043,0.21252480166581336,,
S_BSLII,S_BSLII,pv_solar,Oriental,Solar,2033,37.04817349469363,37048.173494693634,0.0,19.9,2376657.077744009,317803.0,73.72855376068496,0.21252480148857084,,
S_BSLII,S_BSLII,pv_solar,Oriental,Solar,2034,37.04817347338766,37048.17347338766,0.0,19.9,2376657.077744009,317803.0,73.72855380251028,0.21252480136635035,,
S_BSLII,S_BSLII,pv_solar,Oriental,Solar,2035,37.048173540696865,37048.173540696866,0.0,19.9,2376657.077744009,317803.0,73.7285536703769,0.21252480175246588,,
S_BSLIII,S_BSLIII,pv_solar,Oriental,Solar,2023,37.04817355332627,37048.17355332627,0.0,19.9,2376657.077744009,317803.0,73.72855364558436,0.21252480182491373,,
S_BSLIII,S_BSLIII,pv_solar,Oriental,Solar,2024,37.04817362092288,37048.17362092288,0.0,19.9,2376657.077744009,317803.0,73.72855351288675,0.21252480221267797,,
S_BSLIII,S_BSLIII,pv_solar,Oriental,Solar,2025,37.048173605884884,37048.17360588488,0.0,19.9,2376657.077744009,317803.0,73.72855354240755,0.21252480212641336,,
S_BSLIII,S_BSLIII,pv_solar,Oriental,Solar,2026,37.048173512770774,37048.17351277078,0.0,19.9,2376657.077744009,317803.0,73.72855372519807,0.21252480159226936,,
S_BSLIII,S_BSLIII,pv_solar,Oriental,Solar,2027,37.04817358514431,37048.17358514431,0.0,19.9,2376657.077744009,317803.0,73.72855358312296,0.21252480200743623,,
S_BSLIII,S_BSLIII,pv_solar,Oriental,Solar,2028,37.04817357452809,37048.17357452808,0.0,19.9,2376657.077744009,317803.0,73.72855360396348,0.21252480194653683,,
S_BSLIII,S_BSLIII,pv_solar,Oriental,Solar,2029,37.04817348532784,37048.17348532783,0.0,19.9,2376657.077744009,317803.0,73.72855377907077,0.21252480143484453,,
S_BSLIII,S_BSLIII,pv_solar,Oriental,Solar,2030,37.04817360124663,37048.173601246635,0.0,19.9,2376657.077744009,317803.0,73.72855355151282,0.21252480209980626,,
S_BSLIII,S_BSLIII,pv_solar,Oriental,Solar,2031,37.04817362754952,37048.17362754952,0.0,19.9,2376657.077744009,317803.0,73.72855349987813,0.21252480225069129,,
S_BSLIII,S_BSLIII,pv_solar,Oriental,Solar,2032,37.04817346811642,37048.17346811641,0.0,19.9,2376657.077744009,317803.0,73.72855381285818,0.2125248013361121,,
S_BSLIII,S_BSLIII,pv_solar,Oriental,Solar,2033,37.04817349877034,37048.17349877034,0.0,19.9,2376657.077744009,317803.0,73.72855375268205,0.21252480151195666,,
S_BSLIII,S_BSLIII,pv_solar,Oriental,Solar,2034,37.04817346212047,37048.17346212047,0.0,19.9,2376657.077744009,317803.0,73.72855382462869,0.21252480130171672,,
S_BSLIII,S_BSLIII,pv_solar,Oriental,Solar,2035,37.048173448141824,37048.173448141824,0.0,19.9,2376657.077744009,317803.0,73.7285538520699,0.21252480122152898,,
S_BSLlanos4,S_BSLlanos4,pv_solar,Oriental,Solar,2023,37.39646943190713,37396.46943190713,0.0,19.9,2376657.077744009,317803.0,73.05118875326403,0.21452278189983662,,
S_BSLlanos4,S_BSLlanos4,pv_solar,Oriental,Solar,2024,37.39646938033686,37396.469380336865,0.0,19.9,2376657.077744009,317803.0,73.05118885262365,0.21452278160400662,,
S_BSLlanos4,S_BSLlanos4,pv_solar,Oriental,Solar,2025,37.396469334563484,37396.46933456349,0.0,19.9,2376657.077744009,317803.0,73.0511889408145,0.21452278134143024,,
S_BSLlanos4,S_BSLlanos4,pv_solar,Oriental,Solar,2026,37.39646942500875,37396.469425008756,0.0,19.9,2376657.077744009,317803.0,73.05118876655501,0.21452278186026452,,
S_BSLlanos4,S_BSLlanos4,pv_solar,Oriental,Solar,2027,37.396469451404705,37396.4694514047,0.0,19.9,2376657.077744009,317803.0,73.05118871569834,0.21452278201168343,,
S_BSLlanos4,S_BSLlanos4,pv_solar,Oriental,Solar,2028,37.3964694658649,37396.4694658649,0.0,19.9,2376657.077744009,317803.0,73.05118868783815,0.21452278209463346,,
S_BSLlanos4,S_BSLlanos4,pv_solar,Oriental,Solar,2029,37.396469499343326,37396.46949934334,0.0,19.9,2376657.077744009,317803.0,73.05118862333579,0.21452278228668065,,
S_BSLlanos4,S_BSLlanos4,pv_solar,Oriental,Solar,2030,37.39646940313898,37396.46940313899,0.0,19.9,2376657.077744009,317803.0,73.05118880869117,0.21452278173480976,,
S_BSLlanos4,S_BSLlanos4,pv_solar,Oriental,Solar,2031,37.3964693184839,37396.469318483905,0.0,19.9,2376657.077744009,317803.0,73.05118897179477,0.21452278124919058,,
S_BSLlanos4,S_BSLlanos4,pv_solar,Oriental,Solar,2032,37.39646945861534,37396.46945861535,0.0,19.9,2376657.077744009,317803.0,73.05118870180574,0.2145227820530468,,
S_BSLlanos4,S_BSLlanos4,pv_solar,Oriental,Solar,2033,37.396469413223386,37396.46941322339,0.0,19.9,2376657.077744009,317803.0,73.0511887892617,0.21452278179265838,,
S_BSLlanos4,S_BSLlanos4,pv_solar,Oriental,Solar,2034,37.396469397702894,37396.469397702895,0.0,19.9,2376657.077744009,317803.0,73.05118881916478,0.21452278170362596,,
S_BSLlanos4,S_BSLlanos4,pv_solar,Oriental,Solar,2035,37.39646951182439,37396.4695118244,0.0,19.9,2376657.077744009,317803.0,73.0511885992887,0.2145227823582776,,
S_BSLlanos5,S_BSLlanos5,pv_solar,Oriental,Solar,2023,33.6380303686694,33638.030368669395,0.0,17.9,2137797.069930541,285863.0,73.0511885912306,0.21452278238226952,,
S_BSLlanos5,S_BSLlanos5,pv_solar,Oriental,Solar,2024,33.63803030703146,33638.03030703146,0.0,17.9,2137797.069930541,285863.0,73.05118872325636,0.21452278198918043,,
S_BSLlanos5,S_BSLlanos5,pv_solar,Oriental,Solar,2025,33.638030344274256,33638.03034427425,0.0,17.9,2137797.069930541,285863.0,73.05118864348393,0.21452278222669227,,
S_BSLlanos5,S_BSLlanos5,pv_solar,Oriental,Solar,2026,33.63803032210612,33638.03032210611,0.0,17.9,2137797.069930541,285863.0,73.05118869096711,0.21452278208531744,,
S_BSLlanos5,S_BSLlanos5,pv_solar,Oriental,Solar,2027,33.63803032667197,33638.030326671964,0.0,17.9,2137797.069930541,285863.0,73.05118868118726,0.2145227821144356,,
S_BSLlanos5,S_BSLlanos5,pv_solar,Oriental,Solar,2028,33.63803029430079,33638.0302943008,0.0,17.9,2137797.069930541,285863.0,73.0511887505249,0.21452278190799207,,
S_BSLlanos5,S_BSLlanos5,pv_solar,Oriental,Solar,2029,33.638030239817425,33638.030239817424,0.0,17.9,2137797.069930541,285863.0,73.05118886722587,0.21452278156053048,,
S_BSLlanos5,S_BSLlanos5,pv_solar,Oriental,Solar,2030,33.63803039425037,33638.03039425038,0.0,17.9,2137797.069930541,285863.0,73.05118853643727,0.21452278254540938,,
S_BSLlanos5,S_BSLlanos5,pv_solar,Oriental,Solar,2031,33.63803036310708,33638.030363107086,0.0,17.9,2137797.069930541,285863.0,73.05118860314484,0.21452278234679648,,
S_BSLlanos5,S_BSLlanos5,pv_solar,Oriental,Solar,2032,33.6380302905273,33638.0302905273,0.0,17.9,2137797.069930541,285863.0,73.05118875860755,0.21452278188392704,,
S_BSLlanos5,S_BSLlanos5,pv_solar,Oriental,Solar,2033,33.63803030105656,33638.03030105656,0.0,17.9,2137797.069930541,285863.0,73.05118873605433,0.21452278195107624,,
S_BSLlanos5,S_BSLlanos5,pv_solar,Oriental,Solar,2034,33.638030259118274,33638.03025911827,0.0,17.9,2137797.069930541,285863.0,73.05118882588431,0.2145227816836195,,
S_BSLlanos5,S_BSLlanos5,pv_solar,Oriental,Solar,2035,33.638030207936296,33638.030207936295,0.0,17.9,2137797.069930541,285863.0,73.05118893551386,0.21452278135721214,,
S_BayuncaI,S_BayuncaI,pv_solar,Caribe,Solar,2023,5.839692782147026,5839.692782147025,0.0,3.0,358290.0117202024,47910.0,70.55845570541446,0.22221053204516836,,
S_BayuncaI,S_BayuncaI,pv_solar,Caribe,Solar,2024,5.83969274713025,5839.69274713025,0.0,3.0,358290.0117202024,47910.0,70.5584561225105,0.2222105307127188,,
S_BayuncaI,S_BayuncaI,pv_solar,Caribe,Solar,2025,5.839692741600201,5839.692741600201,0.0,3.0,358290.0117202024,47910.0,70.55845618838072,0.2222105305022907,,
S_BayuncaI,S_BayuncaI,pv_solar,Caribe,Solar,2026,5.839692785928953,5839.6927859289535,0.0,3.0,358290.0117202024,47910.0,70.5584556603667,0.22221053218907735,,
S_BayuncaI,S_BayuncaI,pv_solar,Caribe,Solar,2027,5.839692710985977,5839.692710985976,0.0,3.0,358290.0117202024,47910.0,70.55845655303656,0.22221052933736588,,
S_BayuncaI,S_BayuncaI,pv_solar,Caribe,Solar,2028,5.8396927300985535,5839.6927300985535,0.0,3.0,358290.0117202024,47910.0,70.55845632538052,0.22221053006463287,,
S_BayuncaI,S_BayuncaI,pv_solar,Caribe,Solar,2029,5.839692751186721,5839.6927511867225,0.0,3.0,358290.0117202024,47910.0,70.55845607419259,0.22221053086707457,,
S_BayuncaI,S_BayuncaI,pv_solar,Caribe,Solar,2030,5.839692706224148,5839.692706224148,0.0,3.0,358290.0117202024,47910.0,70.55845660975625,0.22221052915616993,,
S_BayuncaI,S_BayuncaI,pv_solar,Caribe,Solar,2031,5.839692740999874,5839.692740999873,0.0,3.0,358290.0117202024,47910.0,70.55845619553139,0.22221053047944725,,
S_BayuncaI,S_BayuncaI,pv_solar,Caribe,Solar,2032,5.839692755664083,5839.692755664082,0.0,3.0,358290.0117202024,47910.0,70.55845602086129,0.22221053103744604,,
S_BayuncaI,S_BayuncaI,pv_solar,Caribe,Solar,2033,5.8396927784435455,5839.692778443547,0.0,3.0,358290.0117202024,47910.0,70.5584557495278,0.22221053190424445,,
S_BayuncaI,S_BayuncaI,pv_solar,Caribe,Solar,2034,5.839692704340091,5839.692704340091,0.0,3.0,358290.0117202024,47910.0,70.55845663219786,0.22221052908447828,,
S_BayuncaI,S_BayuncaI,pv_solar,Caribe,Solar,2035,5.8396927285236915,5839.692728523692,0.0,3.0,358290.0117202024,47910.0,70.55845634413922,0.2222105300047066,,
S_Belmonte,S_Belmonte,pv_solar,Surocciden,Solar,2023,9.218139727856126,9218.139727856123,0.0,5.06,604315.8197680747,80808.2,75.32345787704985,0.20796424025520527,,
S_Belmonte,S_Belmonte,pv_solar,Surocciden,Solar,2024,9.218139678158664,9218.139678158665,0.0,5.06,604315.8197680747,80808.2,75.32345827774753,0.2079642391340143,,
S_Belmonte,S_Belmonte,pv_solar,Surocciden,Solar,2025,9.218139718831452,9218.139718831451,0.0,5.06,604315.8197680747,80808.2,75.32345794981345,0.20796424005160563,,
S_Belmonte,S_Belmonte,pv_solar,Surocciden,Solar,2026,9.218139888348677,9218.139888348676,0.0,5.06,604315.8197680747,80808.2,75.32345658304028,0.20796424387596954,,
S_Belmonte,S_Belmonte,pv_solar,Surocciden,Solar,2027,9.218139929732388,9218.139929732388,0.0,5.06,604315.8197680747,80808.2,75.32345624937422,0.20796424480959957,,
S_Belmonte,S_Belmonte,pv_solar,Surocciden,Solar,2028,9.21813993737561,9218.13993737561,0.0,5.06,604315.8197680747,80808.2,75.3234561877489,0.20796424498203314,,
S_Belmonte,S_Belmonte,pv_solar,Surocciden,Solar,2029,9.218139634319979,9218.139634319978,0.0,5.06,604315.8197680747,80808.2,75.32345863120743,0.20796423814499923,,
S_Belmonte,S_Belmonte,pv_solar,Surocciden,Solar,2030,9.21813977469606,9218.139774696061,0.0,5.06,604315.8197680747,80808.2,75.3234574993917,0.2079642413119294,,
S_Belmonte,S_Belmonte,pv_solar,Surocciden,Solar,2031,9.218139760981373,9218.139760981372,0.0,5.06,604315.8197680747,80808.2,75.32345760996961,0.20796424100252162,,
S_Belmonte,S_Belmonte,pv_solar,Surocciden,Solar,2032,9.218139709971322,9218.139709971323,0.0,5.06,604315.8197680747,80808.2,75.32345802125039,0.20796423985171816,,
S_Belmonte,S_Belmonte,pv_solar,Surocciden,Solar,2033,9.218139660554922,9218.139660554923,0.0,5.06,604315.8197680747,80808.2,75.32345841968193,0.20796423873686812,,
S_Belmonte,S_Belmonte,pv_solar,Surocciden,Solar,2034,9.218139678578432,9218.139678578433,0.0,5.06,604315.8197680747,80808.2,75.32345827436308,0.20796423914348436,,
S_Belmonte,S_Belmonte,pv_solar,Surocciden,Solar,2035,9.218139623913185,9218.139623913186,0.0,5.06,604315.8197680747,80808.2,75.32345871511471,0.20796423791021856,,
S_Cabelleros,S_Cabelleros,pv_solar,Surocciden,Solar,2023,20.9503175104795,20950.317510479497,0.0,11.5,1373445.0449274424,183655.0,75.32345806446942,0.20796423973078712,,
S_Cabelleros,S_Cabelleros,pv_solar,Surocciden,Solar,2024,20.950317543506472,20950.317543506477,0.0,11.5,1373445.0449274424,183655.0,75.32345794730274,0.20796424005863082,,
S_Cabelleros,S_Cabelleros,pv_solar,Surocciden,Solar,2025,20.9503174121524,20950.317412152403,0.0,11.5,1373445.0449274424,183655.0,75.32345841329516,0.2079642387547389,,
S_Cabelleros,S_Cabelleros,pv_solar,Surocciden,Solar,2026,20.950317427720044,20950.317427720045,0.0,11.5,1373445.0449274424,183655.0,75.3234583580673,0.2079642389092718,,
S_Cabelleros,S_Cabelleros,pv_solar,Surocciden,Solar,2027,20.95031736772091,20950.317367720912,0.0,11.5,1373445.0449274424,183655.0,75.32345857092056,0.20796423831368777,,
S_Cabelleros,S_Cabelleros,pv_solar,Surocciden,Solar,2028,20.950317419167973,20950.317419167972,0.0,11.5,1373445.0449274424,183655.0,75.32345838840669,0.20796423882437926,,
S_Cabelleros,S_Cabelleros,pv_solar,Surocciden,Solar,2029,20.950317354590908,20950.31735459091,0.0,11.5,1373445.0449274424,183655.0,75.32345861750062,0.20796423818335225,,
S_Cabelleros,S_Cabelleros,pv_solar,Surocciden,Solar,2030,20.950317367169525,20950.317367169526,0.0,11.5,1373445.0449274424,183655.0,75.32345857287665,0.20796423830821442,,
S_Cabelleros,S_Cabelleros,pv_solar,Surocciden,Solar,2031,20.950317387273596,20950.317387273593,0.0,11.5,1373445.0449274424,183655.0,75.32345850155534,0.20796423850777837,,
S_Cabelleros,S_Cabelleros,pv_solar,Surocciden,Solar,2032,20.950317368020386,20950.317368020387,0.0,11.5,1373445.0449274424,183655.0,75.32345856985812,0.20796423831666053,,
S_Cabelleros,S_Cabelleros,pv_solar,Surocciden,Solar,2033,20.950317357615848,20950.317357615848,0.0,11.5,1373445.0449274424,183655.0,75.32345860676932,0.20796423821337945,,
S_Cabelleros,S_Cabelleros,pv_solar,Surocciden,Solar,2034,20.950317430726606,20950.31743072661,0.0,11.5,1373445.0449274424,183655.0,75.32345834740121,0.20796423893911656,,
S_Cabelleros,S_Cabelleros,pv_solar,Surocciden,Solar,2035,20.950317737823585,20950.317737823585,0.0,11.5,1373445.0449274424,183655.0,75.32345725794234,0.20796424198752808,,
S_CaracoliI,S_CaracoliI,pv_solar,Caribe,Solar,2024,97.32821196599323,97328.21196599325,0.0,50.0,5971500.195336706,798500.0,70.55845646997156,0.22221052960272425,,
S_CaracoliI,S_CaracoliI,pv_solar,Caribe,Solar,2025,97.32821199146817,97328.21199146818,0.0,50.0,5971500.195336706,798500.0,70.55845645176517,0.22221052966088617,,
S_CaracoliI,S_CaracoliI,pv_solar,Caribe,Solar,2026,97.32821194559362,97328.21194559363,0.0,50.0,5971500.195336706,798500.0,70.55845648455075,0.22221052955614976,,
S_CaracoliI,S_CaracoliI,pv_solar,Caribe,Solar,2027,97.32821195865817,97328.21195865817,0.0,50.0,5971500.195336706,798500.0,70.55845647521379,0.22221052958597748,,
S_CaracoliI,S_CaracoliI,pv_solar,Caribe,Solar,2028,97.32821190599887,97328.21190599888,0.0,50.0,5971500.195336706,798500.0,70.5584565128483,0.22221052946575082,,
S_CaracoliI,S_CaracoliI,pv_solar,Caribe,Solar,2029,97.32821192562461,97328.21192562461,0.0,50.0,5971500.195336706,798500.0,70.5584564988222,0.22221052951055842,,
S_CaracoliI,S_CaracoliI,pv_solar,Caribe,Solar,2030,97.32821194607214,97328.21194607214,0.0,50.0,5971500.195336706,798500.0,70.55845648420876,0.2222105295572423,,
S_CaracoliI,S_CaracoliI,pv_solar,Caribe,Solar,2031,97.32821200296219,97328.21200296219,0.0,50.0,5971500.195336706,798500.0,70.55845644355061,0.22221052968712823,,
S_CaracoliI,S_CaracoliI,pv_solar,Caribe,Solar,2032,97.32821198463117,97328.21198463117,0.0,50.0,5971500.195336706,798500.0,70.55845645665143,0.22221052964527657,,
S_CaracoliI,S_CaracoliI,pv_solar,Caribe,Solar,2033,97.32821195876716,97328.21195876716,0.0,50.0,5971500.195336706,798500.0,70.55845647513588,0.22221052958622636,,
S_CaracoliI,S_CaracoliI,pv_solar,Caribe,Solar,2034,97.32821193791733,97328.21193791734,0.0,50.0,5971500.195336706,798500.0,70.55845649003683,0.222210529538624,,
S_CaracoliI,S_CaracoliI,pv_solar,Caribe,Solar,2035,97.32821199365306,97328.21199365307,0.0,50.0,5971500.195336706,798500.0,70.55845645020366,0.2222105296658745,,
S_Carmelo,S_Carmelo,pv_solar,Surocciden,Solar,2023,18.03549058966953,18035.490589669527,0.0,9.9,1182357.038676668,158103.0,75.32345862798233,0.20796423815402335,,
S_Carmelo,S_Carmelo,pv_solar,Surocciden,Solar,2024,18.035490701216602,18035.4907012166,0.0,9.9,1182357.038676668,158103.0,75.32345816830177,0.20796423944025413,,
S_Carmelo,S_Carmelo,pv_solar,Surocciden,Solar,2025,18.03549075748952,18035.49075748952,0.0,9.9,1182357.038676668,158103.0,75.3234579364036,0.20796424008912773,,
S_Carmelo,S_Carmelo,pv_solar,Surocciden,Solar,2026,18.035490605750674,18035.490605750674,0.0,9.9,1182357.038676668,158103.0,75.32345856171264,0.2079642383394524,,
S_Carmelo,S_Carmelo,pv_solar,Surocciden,Solar,2027,18.0354906522725,18035.4906522725,0.0,9.9,1182357.038676668,158103.0,75.32345836999826,0.2079642388758878,,
S_Carmelo,S_Carmelo,pv_solar,Surocciden,Solar,2028,18.035490589476524,18035.490589476525,0.0,9.9,1182357.038676668,158103.0,75.32345862877769,0.20796423815179788,,
S_Carmelo,S_Carmelo,pv_solar,Surocciden,Solar,2029,18.03549057786736,18035.490577867356,0.0,9.9,1182357.038676668,158103.0,75.32345867661854,0.20796423801793454,,
S_Carmelo,S_Carmelo,pv_solar,Surocciden,Solar,2030,18.035490568157094,18035.490568157096,0.0,9.9,1182357.038676668,158103.0,75.32345871663414,0.20796423790596705,,
S_Carmelo,S_Carmelo,pv_solar,Surocciden,Solar,2031,18.035490567970953,18035.49056797095,0.0,9.9,1182357.038676668,158103.0,75.32345871740121,0.2079642379038207,,
S_Carmelo,S_Carmelo,pv_solar,Surocciden,Solar,2032,18.035490577028764,18035.490577028766,0.0,9.9,1182357.038676668,158103.0,75.3234586800744,0.2079642380082648,,
S_Carmelo,S_Carmelo,pv_solar,Surocciden,Solar,2033,18.03549057874352,18035.49057874352,0.0,9.9,1182357.038676668,158103.0,75.32345867300793,0.2079642380280374,,
S_Carmelo,S_Carmelo,pv_solar,Surocciden,Solar,2034,18.03549056852581,18035.490568525805,0.0,9.9,1182357.038676668,158103.0,75.32345871511467,0.2079642379102187,,
S_Carmelo,S_Carmelo,pv_solar,Surocciden,Solar,2035,18.03549056852581,18035.49056852581,0.0,9.9,1182357.038676668,158103.0,75.32345871511467,0.2079642379102187,,
S_Cauca,S_Cauca,pv_solar,Surocciden,Solar,2023,0.5465301071430713,546.5301071430713,0.0,0.3,35829.00117202024,4791.0,75.32344648743512,0.2079642721244563,,
S_Cauca,S_Cauca,pv_solar,Surocciden,Solar,2024,0.5465300889267594,546.5300889267594,0.0,0.3,35829.00117202024,4791.0,75.32344896469868,0.2079642651928308,,
S_Cauca,S_Cauca,pv_solar,Surocciden,Solar,2025,0.5465300714299336,546.5300714299335,0.0,0.3,35829.00117202024,4791.0,75.32345134411841,0.20796425853498232,,
S_Cauca,S_Cauca,pv_solar,Surocciden,Solar,2026,0.5465300691770083,546.5300691770084,0.0,0.3,35829.00117202024,4791.0,75.32345165049716,0.20796425767770477,,
S_Cauca,S_Cauca,pv_solar,Surocciden,Solar,2027,0.5465300184645949,546.5300184645951,0.0,0.3,35829.00117202024,4791.0,75.32345854695568,0.20796423838074385,,
S_Cauca,S_Cauca,pv_solar,Surocciden,Solar,2028,0.5465300192273636,546.5300192273635,0.0,0.3,35829.00117202024,4791.0,75.32345844322559,0.20796423867099068,,
S_Cauca,S_Cauca,pv_solar,Surocciden,Solar,2029,0.546530017228055,546.5300172280549,0.0,0.3,35829.00117202024,4791.0,75.32345871511464,0.20796423791021879,,
S_Cauca,S_Cauca,pv_solar,Surocciden,Solar,2030,0.5465300502234227,546.5300502234227,0.0,0.3,35829.00117202024,4791.0,75.32345422802405,0.2079642504655337,,
S_Cauca,S_Cauca,pv_solar,Surocciden,Solar,2031,0.5465300385343907,546.5300385343908,0.0,0.3,35829.00117202024,4791.0,75.32345581763335,0.20796424601765245,,
S_Cauca,S_Cauca,pv_solar,Surocciden,Solar,2032,0.5465300346713478,546.5300346713477,0.0,0.3,35829.00117202024,4791.0,75.32345634297448,0.20796424454769696,,
S_Cauca,S_Cauca,pv_solar,Surocciden,Solar,2033,0.5465300262860446,546.5300262860446,0.0,0.3,35829.00117202024,4791.0,75.32345748330471,0.2079642413569424,,
S_Cauca,S_Cauca,pv_solar,Surocciden,Solar,2034,0.5465300172280532,546.5300172280531,0.0,0.3,35829.00117202024,4791.0,75.3234587151149,0.20796423791021804,,
S_Cauca,S_Cauca,pv_solar,Surocciden,Solar,2035,0.5465300172280567,546.5300172280567,0.0,0.3,35829.00117202024,4791.0,75.3234587151144,0.20796423791021942,,
S_Cerrito,S_Cerrito,pv_solar,Surocciden,Solar,2023,20.95031748094906,20950.31748094906,0.0,11.5,1373445.0449274424,183655.0,75.32345816923176,0.2079642394376519,,
S_Cerrito,S_Cerrito,pv_solar,Surocciden,Solar,2024,20.950317488622858,20950.31748862286,0.0,11.5,1373445.0449274424,183655.0,75.32345814200815,0.20796423951382623,,
S_Cerrito,S_Cerrito,pv_solar,Surocciden,Solar,2025,20.950317507021076,20950.317507021075,0.0,11.5,1373445.0449274424,183655.0,75.32345807673855,0.20796423969645692,,
S_Cerrito,S_Cerrito,pv_solar,Surocciden,Solar,2026,20.950317327075425,20950.317327075427,0.0,11.5,1373445.0449274424,183655.0,75.3234587151147,0.2079642379102186,,
S_Cerrito,S_Cerrito,pv_solar,Surocciden,Solar,2027,20.95031732707543,20950.31732707543,0.0,11.5,1373445.0449274424,183655.0,75.32345871511468,0.20796423791021865,,
S_Cerrito,S_Cerrito,pv_solar,Surocciden,Solar,2028,20.95031734184088,20950.31734184088,0.0,11.5,1373445.0449274424,183655.0,75.32345866273269,0.20796423805678851,,
S_Cerrito,S_Cerrito,pv_solar,Surocciden,Solar,2029,20.95031732707543,20950.31732707543,0.0,11.5,1373445.0449274424,183655.0,75.32345871511468,0.20796423791021865,,
S_Cerrito,S_Cerrito,pv_solar,Surocciden,Solar,2030,20.950317327075428,20950.31732707543,0.0,11.5,1373445.0449274424,183655.0,75.32345871511468,0.20796423791021862,,
S_Cerrito,S_Cerrito,pv_solar,Surocciden,Solar,2031,20.95031732707543,20950.317327075427,0.0,11.5,1373445.0449274424,183655.0,75.32345871511468,0.20796423791021865,,
S_Cerrito,S_Cerrito,pv_solar,Surocciden,Solar,2032,20.95031732707543,20950.317327075434,0.0,11.5,1373445.0449274424,183655.0,75.32345871511468,0.20796423791021865,,
S_Cerrito,S_Cerrito,pv_solar,Surocciden,Solar,2033,20.950317328679773,20950.317328679772,0.0,11.5,1373445.0449274424,183655.0,75.32345870942311,0.20796423792614419,,
S_Cerrito,S_Cerrito,pv_solar,Surocciden,Solar,2034,20.950317327075428,20950.317327075427,0.0,11.5,1373445.0449274424,183655.0,75.32345871511468,0.20796423791021862,,
S_Cerrito,S_Cerrito,pv_solar,Surocciden,Solar,2035,20.95031732707543,20950.317327075427,0.0,11.5,1373445.0449274424,183655.0,75.32345871511468,0.20796423791021865,,
S_Cienaguero,S_Cienaguero,pv_solar,Caribe,Solar,2023,17.5190782649424,17519.0782649424,0.0,9.0,1074870.0351606072,143730.0,70.5584560290001,0.22221053101144592,,
S_Cienaguero,S_Cienaguero,pv_solar,Caribe,Solar,2024,17.519078207606025,17519.078207606028,0.0,9.0,1074870.0351606072,143730.0,70.55845625665076,0.2222105302841961,,
S_Cienaguero,S_Cienaguero,pv_solar,Caribe,Solar,2025,17.519078177047554,17519.07817704755,0.0,9.0,1074870.0351606072,143730.0,70.55845637798134,0.222210529896595,,
S_Cienaguero,S_Cienaguero,pv_solar,Caribe,Solar,2026,17.519078144505116,17519.078144505118,0.0,9.0,1074870.0351606072,143730.0,70.55845650718916,0.2222105294838294,,
S_Cienaguero,S_Cienaguero,pv_solar,Caribe,Solar,2027,17.519078200154386,17519.078200154385,0.0,9.0,1074870.0351606072,143730.0,70.55845628623705,0.22221053018968012,,
S_Cienaguero,S_Cienaguero,pv_solar,Caribe,Solar,2028,17.519078170492033,17519.078170492034,0.0,9.0,1074870.0351606072,143730.0,70.55845640400965,0.22221052981344533,,
S_Cienaguero,S_Cienaguero,pv_solar,Caribe,Solar,2029,17.519078191932188,17519.07819193219,0.0,9.0,1074870.0351606072,143730.0,70.55845631888279,0.2222105300853905,,
S_Cienaguero,S_Cienaguero,pv_solar,Caribe,Solar,2030,17.519078148289097,17519.0781482891,0.0,9.0,1074870.0351606072,143730.0,70.55845649216509,0.22221052953182513,,
S_Cienaguero,S_Cienaguero,pv_solar,Caribe,Solar,2031,17.51907813432821,17519.078134328207,0.0,9.0,1074870.0351606072,143730.0,70.55845654759595,0.2222105293547464,,
S_Cienaguero,S_Cienaguero,pv_solar,Caribe,Solar,2032,17.519078170354923,17519.078170354926,0.0,9.0,1074870.0351606072,143730.0,70.55845640455404,0.22221052981170622,,
S_Cienaguero,S_Cienaguero,pv_solar,Caribe,Solar,2033,17.519078165047812,17519.07816504781,0.0,9.0,1074870.0351606072,143730.0,70.5584564256256,0.2222105297443913,,
S_Cienaguero,S_Cienaguero,pv_solar,Caribe,Solar,2034,17.519078200944975,17519.078200944976,0.0,9.0,1074870.0351606072,143730.0,70.55845628309805,0.2222105301997079,,
S_Cienaguero,S_Cienaguero,pv_solar,Caribe,Solar,2035,17.519078168164043,17519.078168164044,0.0,9.0,1074870.0351606072,143730.0,70.55845641325278,0.2222105297839173,,
S_Dulima,S_Dulima,pv_solar,Surocciden,Solar,2023,39.89669134495387,39896.69134495387,0.0,21.9,2615517.085557477,349743.0,75.32345855247276,0.20796423836530653,,
S_Dulima,S_Dulima,pv_solar,Surocciden,Solar,2024,39.89669136504926,39896.69136504926,0.0,21.9,2615517.085557477,349743.0,75.32345851503709,0.20796423847005513,,
S_Dulima,S_Dulima,pv_solar,Surocciden,Solar,2025,39.89669134434274,39896.69134434274,0.0,21.9,2615517.085557477,349743.0,75.32345855361122,0.20796423836212097,,
S_Dulima,S_Dulima,pv_solar,Surocciden,Solar,2026,39.89669137466294,39896.69137466294,0.0,21.9,2615517.085557477,349743.0,75.32345849712777,0.20796423852016713,,
S_Dulima,S_Dulima,pv_solar,Surocciden,Solar,2027,39.896691275741205,39896.69127574121,0.0,21.9,2615517.085557477,349743.0,75.32345868140887,0.20796423800453076,,
S_Dulima,S_Dulima,pv_solar,Surocciden,Solar,2028,39.89669138848837,39896.69138848837,0.0,21.9,2615517.085557477,349743.0,75.32345847137242,0.20796423859223306,,
S_Dulima,S_Dulima,pv_solar,Surocciden,Solar,2029,39.896691271263435,39896.69127126344,0.0,21.9,2615517.085557477,349743.0,75.3234586897505,0.20796423798119007,,
S_Dulima,S_Dulima,pv_solar,Surocciden,Solar,2030,39.89669134813097,39896.69134813096,0.0,21.9,2615517.085557477,349743.0,75.32345854655412,0.2079642383818674,,
S_Dulima,S_Dulima,pv_solar,Surocciden,Solar,2031,39.896691629956315,39896.691629956316,0.0,21.9,2615517.085557477,349743.0,75.32345802154232,0.20796423985090132,,
S_Dulima,S_Dulima,pv_solar,Surocciden,Solar,2032,39.89669138836173,39896.69138836173,0.0,21.9,2615517.085557477,349743.0,75.32345847160833,0.20796423859157298,,
S_Dulima,S_Dulima,pv_solar,Surocciden,Solar,2033,39.89669126986594,39896.691269865936,0.0,21.9,2615517.085557477,349743.0,75.32345869235387,0.20796423797390556,,
S_Dulima,S_Dulima,pv_solar,Surocciden,Solar,2034,39.8966914402559,39896.691440255905,0.0,21.9,2615517.085557477,349743.0,75.3234583749348,0.20796423886207488,,
S_Dulima,S_Dulima,pv_solar,Surocciden,Solar,2035,39.89669125764799,39896.691257647995,0.0,21.9,2615517.085557477,349743.0,75.32345871511468,0.20796423791021862,,
S_El_Paso,S_El_Paso,pv_solar,Caribe,Solar,2023,132.3663683517159,132366.36835171588,0.0,68.0,8121240.26565792,1085960.0,70.55845642900097,0.2222105297336084,,
S_El_Paso,S_El_Paso,pv_solar,Caribe,Solar,2024,132.36636821569286,132366.36821569287,0.0,68.0,8121240.26565792,1085960.0,70.55845650048099,0.22221052950525927,,
S_El_Paso,S_El_Paso,pv_solar,Caribe,Solar,2025,132.36636824374085,132366.36824374087,0.0,68.0,8121240.26565792,1085960.0,70.55845648574179,0.2222105295523449,,
S_El_Paso,S_El_Paso,pv_solar,Caribe,Solar,2026,132.3663682048508,132366.36820485082,0.0,68.0,8121240.26565792,1085960.0,70.55845650617849,0.22221052948705808,,
S_El_Paso,S_El_Paso,pv_solar,Caribe,Solar,2027,132.36636820977876,132366.36820977874,0.0,68.0,8121240.26565792,1085960.0,70.55845650358884,0.22221052949533093,,
S_El_Paso,S_El_Paso,pv_solar,Caribe,Solar,2028,132.3663682430445,132366.36824304448,0.0,68.0,8121240.26565792,1085960.0,70.5584564861077,0.22221052955117593,,
S_El_Paso,S_El_Paso,pv_solar,Caribe,Solar,2029,132.36636826773483,132366.36826773483,0.0,68.0,8121240.26565792,1085960.0,70.55845647313296,0.2222105295926249,,
S_El_Paso,S_El_Paso,pv_solar,Caribe,Solar,2030,132.36636822016297,132366.36822016299,0.0,68.0,8121240.26565792,1085960.0,70.55845649813196,0.22221052951276343,,
S_El_Paso,S_El_Paso,pv_solar,Caribe,Solar,2031,132.36636826319003,132366.36826319003,0.0,68.0,8121240.26565792,1085960.0,70.55845647552125,0.2222105295849953,,
S_El_Paso,S_El_Paso,pv_solar,Caribe,Solar,2032,132.3663682379586,132366.3682379586,0.0,68.0,8121240.26565792,1085960.0,70.55845648878035,0.22221052954263798,,
S_El_Paso,S_El_Paso,pv_solar,Caribe,Solar,2033,132.36636819901537,132366.36819901536,0.0,68.0,8121240.26565792,1085960.0,70.558456509245,0.22221052947726183,,
S_El_Paso,S_El_Paso,pv_solar,Caribe,Solar,2034,132.36636827628487,132366.3682762849,0.0,68.0,8121240.26565792,1085960.0,70.55845646863992,0.2222105296069783,,
S_El_Paso,S_El_Paso,pv_solar,Caribe,Solar,2035,132.36636823260534,132366.36823260534,0.0,68.0,8121240.26565792,1085960.0,70.55845649159349,0.22221052953365114,,
S_Escobal6,S_Escobal6,pv_solar,Surocciden,Solar,2026,180.35490579882295,180354.90579882293,0.0,99.0,11823570.386766678,1581030.0,75.32345866831507,0.20796423804116845,,
S_Escobal6,S_Escobal6,pv_solar,Surocciden,Solar,2027,180.3549058980294,180354.9058980294,0.0,99.0,11823570.386766678,1581030.0,75.32345862743253,0.20796423815556175,,
S_Escobal6,S_Escobal6,pv_solar,Surocciden,Solar,2028,180.35490581025442,180354.9058102544,0.0,99.0,11823570.386766678,1581030.0,75.32345866360421,0.20796423805434988,,
S_Escobal6,S_Escobal6,pv_solar,Surocciden,Solar,2029,180.3549058785943,180354.90587859432,0.0,99.0,11823570.386766678,1581030.0,75.32345863544165,0.20796423813315149,,
S_Escobal6,S_Escobal6,pv_solar,Surocciden,Solar,2030,180.35490583866869,180354.9058386687,0.0,99.0,11823570.386766678,1581030.0,75.32345865189482,0.20796423808711392,,
S_Escobal6,S_Escobal6,pv_solar,Surocciden,Solar,2031,180.35490573501588,180354.9057350159,0.0,99.0,11823570.386766678,1581030.0,75.3234586946097,0.20796423796759356,,
S_Escobal6,S_Escobal6,pv_solar,Surocciden,Solar,2032,180.354905919271,180354.90591927103,0.0,99.0,11823570.386766678,1581030.0,75.32345861867896,0.20796423818005508,,
S_Escobal6,S_Escobal6,pv_solar,Surocciden,Solar,2033,180.3549058155854,180354.9058155854,0.0,99.0,11823570.386766678,1581030.0,75.32345866140734,0.20796423806049694,,
S_Escobal6,S_Escobal6,pv_solar,Surocciden,Solar,2034,180.3549057160634,180354.9057160634,0.0,99.0,11823570.386766678,1581030.0,75.32345870241993,0.20796423794573976,,
S_Escobal6,S_Escobal6,pv_solar,Surocciden,Solar,2035,180.35490570113762,180354.9057011376,0.0,99.0,11823570.386766678,1581030.0,75.32345870857078,0.20796423792852908,,
S_Espinal,S_Espinal,pv_solar,Antioquia,Solar,2023,18.03549086309875,18035.490863098752,0.0,9.9,1182357.038676668,158103.0,75.32345750119262,0.20796424130689023,,
S_Espinal,S_Espinal,pv_solar,Antioquia,Solar,2024,18.03549086509258,18035.490865092583,0.0,9.9,1182357.038676668,158103.0,75.32345749297615,0.20796424132988073,,
S_Espinal,S_Espinal,pv_solar,Antioquia,Solar,2025,18.03549072772027,18035.49072772027,0.0,9.9,1182357.038676668,158103.0,75.32345805908135,0.2079642397458635,,
S_Espinal,S_Espinal,pv_solar,Antioquia,Solar,2026,18.035490775804135,18035.490775804137,0.0,9.9,1182357.038676668,158103.0,75.32345786092986,0.2079642403003105,,
S_Espinal,S_Espinal,pv_solar,Antioquia,Solar,2027,18.03549085286403,18035.49085286403,0.0,9.9,1182357.038676668,158103.0,75.32345754336946,0.20796424118887535,,
S_Espinal,S_Espinal,pv_solar,Antioquia,Solar,2028,18.035490898308794,18035.490898308795,0.0,9.9,1182357.038676668,158103.0,75.32345735609358,0.20796424171289138,,
S_Espinal,S_Espinal,pv_solar,Antioquia,Solar,2029,18.035490685896512,18035.49068589651,0.0,9.9,1182357.038676668,158103.0,75.3234582314352,0.2079642392636007,,
S_Espinal,S_Espinal,pv_solar,Antioquia,Solar,2030,18.035490798617076,18035.490798617073,0.0,9.9,1182357.038676668,158103.0,75.32345776691875,0.20796424056336274,,
S_Espinal,S_Espinal,pv_solar,Antioquia,Solar,2031,18.03549075295608,18035.49075295608,0.0,9.9,1182357.038676668,158103.0,75.32345795508569,0.2079642400368534,,
S_Espinal,S_Espinal,pv_solar,Antioquia,Solar,2032,18.03549075407159,18035.490754071587,0.0,9.9,1182357.038676668,158103.0,75.32345795048874,0.20796424004971617,,
S_Espinal,S_Espinal,pv_solar,Antioquia,Solar,2033,18.035490817208007,18035.490817208007,0.0,9.9,1182357.038676668,158103.0,75.32345769030636,0.2079642407777317,,
S_Espinal,S_Espinal,pv_solar,Antioquia,Solar,2034,18.03549075260193,18035.49075260193,0.0,9.9,1182357.038676668,158103.0,75.32345795654513,0.20796424003276975,,
S_Espinal,S_Espinal,pv_solar,Antioquia,Solar,2035,18.03549085527712,18035.490855277123,0.0,9.9,1182357.038676668,158103.0,75.3234575334252,0.20796424121670032,,
S_Ferch2,S_Ferch2,pv_solar,Nordeste,Solar,2023,0.019713293957526086,19.713293957526083,0.0,0.01,1194.3000390673412,159.70000000000002,69.68461668479381,0.22503760225486397,,
S_Ferch2,S_Ferch2,pv_solar,Nordeste,Solar,2024,0.019713120495148,19.713120495147997,0.0,0.01,1194.3000390673412,159.70000000000002,69.68522106383928,0.22503562209073055,,
S_Ferch2,S_Ferch2,pv_solar,Nordeste,Solar,2025,0.01971312810768205,19.713128107682053,0.0,0.01,1194.3000390673412,159.70000000000002,69.68519453996232,0.2250357089918042,,
S_Ferch2,S_Ferch2,pv_solar,Nordeste,Solar,2026,0.019713075890508226,19.713075890508232,0.0,0.01,1194.3000390673412,159.70000000000002,69.6853764774115,0.225035112905345,,
S_Ferch2,S_Ferch2,pv_solar,Nordeste,Solar,2027,0.01971315882780896,19.713158827808964,0.0,0.01,1194.3000390673412,159.70000000000002,69.68508750395092,0.22503605967818444,,
S_Ferch2,S_Ferch2,pv_solar,Nordeste,Solar,2028,0.019713050881626625,19.71305088162663,0.0,0.01,1194.3000390673412,159.70000000000002,69.68546361483423,0.22503482741582898,,
S_Ferch2,S_Ferch2,pv_solar,Nordeste,Solar,2029,0.019713040929695762,19.713040929695765,0.0,0.01,1194.3000390673412,159.70000000000002,69.68549829000118,0.2250347138093123,,
S_Ferch2,S_Ferch2,pv_solar,Nordeste,Solar,2030,0.019713121634406215,19.713121634406214,0.0,0.01,1194.3000390673412,159.70000000000002,69.68521709439173,0.2250356350959613,,
S_Ferch2,S_Ferch2,pv_solar,Nordeste,Solar,2031,0.01971293942752525,19.71293942752525,0.0,0.01,1194.3000390673412,159.70000000000002,69.68585195248691,0.22503355510873568,,
S_Ferch2,S_Ferch2,pv_solar,Nordeste,Solar,2032,0.019712690380333967,19.712690380333967,0.0,0.01,1194.3000390673412,159.70000000000002,69.68671971930003,0.22503071210426898,,
S_Ferch2,S_Ferch2,pv_solar,Nordeste,Solar,2033,0.019712691219898368,19.712691219898367,0.0,0.01,1194.3000390673412,159.70000000000002,69.68671679392956,0.2250307216883375,,
S_Ferch2,S_Ferch2,pv_solar,Nordeste,Solar,2034,0.019712671275311296,19.712671275311298,0.0,0.01,1194.3000390673412,159.70000000000002,69.68678628873243,0.22503049401040282,,
S_Ferch2,S_Ferch2,pv_solar,Nordeste,Solar,2035,0.019712674676823364,19.71267467682336,0.0,0.01,1194.3000390673412,159.70000000000002,69.68677443651366,0.22503053284044935,,
S_Flandes,S_Flandes,pv_solar,Surocciden,Solar,2023,39.896691257647994,39896.69125764798,0.0,21.9,2615517.085557477,349743.0,75.32345871511467,0.20796423791021865,,
S_Flandes,S_Flandes,pv_solar,Surocciden,Solar,2024,39.89669125764799,39896.69125764798,0.0,21.9,2615517.085557477,349743.0,75.32345871511468,0.20796423791021862,,
S_Flandes,S_Flandes,pv_solar,Surocciden,Solar,2025,39.89669125764799,39896.69125764798,0.0,21.9,2615517.085557477,349743.0,75.32345871511468,0.20796423791021862,,
S_Flandes,S_Flandes,pv_solar,Surocciden,Solar,2026,39.89669125764799,39896.69125764798,0.0,21.9,2615517.085557477,349743.0,75.32345871511468,0.20796423791021862,,
S_Flandes,S_Flandes,pv_solar,Surocciden,Solar,2027,39.89669126650781,39896.691266507805,0.0,21.9,2615517.085557477,349743.0,75.32345869860976,0.207964237956401,,
S_Flandes,S_Flandes,pv_solar,Surocciden,Solar,2028,39.89669125930821,39896.69125930821,0.0,21.9,2615517.085557477,349743.0,75.32345871202185,0.20796423791887267,,
S_Flandes,S_Flandes,pv_solar,Surocciden,Solar,2029,39.89669129700593,39896.691297005935,0.0,21.9,2615517.085557477,349743.0,75.32345864179486,0.20796423811537457,,
S_Flandes,S_Flandes,pv_solar,Surocciden,Solar,2030,39.89669130137952,39896.69130137952,0.0,21.9,2615517.085557477,349743.0,75.3234586336473,0.20796423813817225,,
S_Flandes,S_Flandes,pv_solar,Surocciden,Solar,2031,39.89669130811049,39896.691308110494,0.0,21.9,2615517.085557477,349743.0,75.32345862110819,0.20796423817325788,,
S_Flandes,S_Flandes,pv_solar,Surocciden,Solar,2032,39.89669126919803,39896.691269198025,0.0,21.9,2615517.085557477,349743.0,75.32345869359813,0.20796423797042402,,
S_Flandes,S_Flandes,pv_solar,Surocciden,Solar,2033,39.896691363026335,39896.69136302633,0.0,21.9,2615517.085557477,349743.0,75.3234585188056,0.20796423845951048,,
S_Flandes,S_Flandes,pv_solar,Surocciden,Solar,2034,39.89669125764799,39896.69125764799,0.0,21.9,2615517.085557477,349743.0,75.32345871511468,0.20796423791021862,,
S_Flandes,S_Flandes,pv_solar,Surocciden,Solar,2035,39.89669125764799,39896.69125764799,0.0,21.9,2615517.085557477,349743.0,75.32345871511468,0.20796423791021862,,
S_Fundacion,S_Fundacion,pv_solar,Caribe,Solar,2023,194.6564238780967,194656.42387809668,0.0,100.0,11943000.390673412,1597000.0,70.55845648922852,0.22221052954120624,,
S_Fundacion,S_Fundacion,pv_solar,Caribe,Solar,2024,194.65642384107304,194656.42384107303,0.0,100.0,11943000.390673412,1597000.0,70.55845650245854,0.22221052949894177,,
S_Fundacion,S_Fundacion,pv_solar,Caribe,Solar,2025,194.65642383917117,194656.42383917118,0.0,100.0,11943000.390673412,1597000.0,70.55845650313816,0.22221052949677067,,
S_Fundacion,S_Fundacion,pv_solar,Caribe,Solar,2026,194.65642384335757,194656.42384335757,0.0,100.0,11943000.390673412,1597000.0,70.55845650164218,0.2222105295015497,,
S_Fundacion,S_Fundacion,pv_solar,Caribe,Solar,2027,194.65642384202863,194656.42384202863,0.0,100.0,11943000.390673412,1597000.0,70.55845650211707,0.22221052950003262,,
S_Fundacion,S_Fundacion,pv_solar,Caribe,Solar,2028,194.65642384107304,194656.42384107303,0.0,100.0,11943000.390673412,1597000.0,70.55845650245854,0.22221052949894177,,
S_Fundacion,S_Fundacion,pv_solar,Caribe,Solar,2029,194.656423841073,194656.42384107303,0.0,100.0,11943000.390673412,1597000.0,70.55845650245854,0.2222105294989417,,
S_Fundacion,S_Fundacion,pv_solar,Caribe,Solar,2030,194.65642384107304,194656.423841073,0.0,100.0,11943000.390673412,1597000.0,70.55845650245854,0.22221052949894177,,
S_Fundacion,S_Fundacion,pv_solar,Caribe,Solar,2031,194.65642384235375,194656.42384235375,0.0,100.0,11943000.390673412,1597000.0,70.5584565020009,0.22221052950040376,,
S_Fundacion,S_Fundacion,pv_solar,Caribe,Solar,2032,194.65642384107304,194656.42384107303,0.0,100.0,11943000.390673412,1597000.0,70.55845650245854,0.22221052949894177,,
S_Fundacion,S_Fundacion,pv_solar,Caribe,Solar,2033,194.65642384107304,194656.42384107306,0.0,100.0,11943000.390673412,1597000.0,70.55845650245854,0.22221052949894177,,
S_Fundacion,S_Fundacion,pv_solar,Caribe,Solar,2034,194.65642384107304,194656.42384107303,0.0,100.0,11943000.390673412,1597000.0,70.55845650245854,0.22221052949894177,,
S_Fundacion,S_Fundacion,pv_solar,Caribe,Solar,2035,194.65642385334849,194656.4238533485,0.0,100.0,11943000.390673412,1597000.0,70.55845649807203,0.22221052951295484,,
S_Girasoles,S_Girasoles,pv_solar,Nordeste,Solar,2023,18.727020019670217,18727.020019670217,0.0,9.5,1134585.037113974,151715.0,69.6868511788255,0.22503028141877207,,
S_Girasoles,S_Girasoles,pv_solar,Nordeste,Solar,2024,18.727019899075497,18727.019899075498,0.0,9.5,1134585.037113974,151715.0,69.68685162114208,0.22503027996966468,,
S_Girasoles,S_Girasoles,pv_solar,Nordeste,Solar,2025,18.72701993590814,18727.019935908138,0.0,9.5,1134585.037113974,151715.0,69.68685148604754,0.22503028041225828,,
S_Girasoles,S_Girasoles,pv_solar,Nordeste,Solar,2026,18.727019900154126,18727.019900154122,0.0,9.5,1134585.037113974,151715.0,69.68685161718592,0.2250302799826258,,
S_Girasoles,S_Girasoles,pv_solar,Nordeste,Solar,2027,18.727019862784804,18727.0198627848,0.0,9.5,1134585.037113974,151715.0,69.68685175424888,0.2250302795335833,,
S_Girasoles,S_Girasoles,pv_solar,Nordeste,Solar,2028,18.727019878965425,18727.019878965424,0.0,9.5,1134585.037113974,151715.0,69.68685169490169,0.22503027972801518,,
S_Girasoles,S_Girasoles,pv_solar,Nordeste,Solar,2029,18.72701993770099,18727.019937700996,0.0,9.5,1134585.037113974,151715.0,69.68685147947174,0.22503028043380185,,
S_Girasoles,S_Girasoles,pv_solar,Nordeste,Solar,2030,18.727019897954513,18727.019897954513,0.0,9.5,1134585.037113974,151715.0,69.68685162525364,0.2250302799561945,,
S_Girasoles,S_Girasoles,pv_solar,Nordeste,Solar,2031,18.727019981171775,18727.01998117178,0.0,9.5,1134585.037113974,151715.0,69.68685132002986,0.22503028095616165,,
S_Girasoles,S_Girasoles,pv_solar,Nordeste,Solar,2032,18.727019959573305,18727.019959573303,0.0,9.5,1134585.037113974,151715.0,69.68685139924861,0.22503028069662703,,
S_Girasoles,S_Girasoles,pv_solar,Nordeste,Solar,2033,18.727019916587516,18727.01991658752,0.0,9.5,1134585.037113974,151715.0,69.68685155691162,0.22503028018009508,,
S_Girasoles,S_Girasoles,pv_solar,Nordeste,Solar,2034,18.72701987347719,18727.01987347719,0.0,9.5,1134585.037113974,151715.0,69.68685171503141,0.22503027966206665,,
S_Girasoles,S_Girasoles,pv_solar,Nordeste,Solar,2035,18.727019860135954,18727.01986013595,0.0,9.5,1134585.037113974,151715.0,69.68685176396431,0.2250302795017538,,
S_Guayepo,S_Guayepo,pv_solar,Caribe,Solar,2024,720.2287682480261,720228.768248026,0.0,370.0,44189101.44549163,5908900.0,70.55845649897633,0.222210529510066,,
S_Guayepo,S_Guayepo,pv_solar,Caribe,Solar,2025,720.2287682120668,720228.7682120667,0.0,370.0,44189101.44549163,5908900.0,70.5584565024492,0.2222105294989716,,
S_Guayepo,S_Guayepo,pv_solar,Caribe,Solar,2026,720.2287682115061,720228.7682115063,0.0,370.0,44189101.44549163,5908900.0,70.55845650250338,0.22221052949879858,,
S_Guayepo,S_Guayepo,pv_solar,Caribe,Solar,2027,720.2287682277126,720228.7682277127,0.0,370.0,44189101.44549163,5908900.0,70.55845650093816,0.22221052950379871,,
S_Guayepo,S_Guayepo,pv_solar,Caribe,Solar,2028,720.2287682161639,720228.768216164,0.0,370.0,44189101.44549163,5908900.0,70.55845650205353,0.22221052950023562,,
S_Guayepo,S_Guayepo,pv_solar,Caribe,Solar,2029,720.2287682119702,720228.7682119703,0.0,370.0,44189101.44549163,5908900.0,70.55845650245854,0.2222105294989418,,
S_Guayepo,S_Guayepo,pv_solar,Caribe,Solar,2030,720.2287682094056,720228.7682094057,0.0,370.0,44189101.44549163,5908900.0,70.55845650270624,0.2222105294981505,,
S_Guayepo,S_Guayepo,pv_solar,Caribe,Solar,2031,720.2287682193289,720228.768219329,0.0,370.0,44189101.44549163,5908900.0,70.55845650174786,0.22221052950121215,,
S_Guayepo,S_Guayepo,pv_solar,Caribe,Solar,2032,720.2287682144458,720228.7682144459,0.0,370.0,44189101.44549163,5908900.0,70.55845650221946,0.22221052949970557,,
S_Guayepo,S_Guayepo,pv_solar,Caribe,Solar,2033,720.2287682137838,720228.7682137839,0.0,370.0,44189101.44549163,5908900.0,70.55845650228339,0.22221052949950132,,
S_Guayepo,S_Guayepo,pv_solar,Caribe,Solar,2034,720.228768208835,720228.768208835,0.0,370.0,44189101.44549163,5908900.0,70.55845650276133,0.22221052949797448,,
S_Guayepo,S_Guayepo,pv_solar,Caribe,Solar,2035,720.2287682216479,720228.7682216478,0.0,370.0,44189101.44549163,5908900.0,70.55845650152388,0.2222105295019276,,
S_Harinas,S_Harinas,pv_solar,Surocciden,Solar,2023,4.4633284740291135,4463.328474029114,0.0,2.45,292603.5095714986,39126.5,75.32345871511468,0.20796423791021865,,
S_Harinas,S_Harinas,pv_solar,Surocciden,Solar,2024,4.463328493041024,4463.328493041025,0.0,2.45,292603.5095714986,39126.5,75.32345839852788,0.2079642387960592,,
S_Harinas,S_Harinas,pv_solar,Surocciden,Solar,2025,4.463328474029113,4463.328474029113,0.0,2.45,292603.5095714986,39126.5,75.32345871511468,0.20796423791021862,,
S_Harinas,S_Harinas,pv_solar,Surocciden,Solar,2026,4.4633284740291135,4463.328474029115,0.0,2.45,292603.5095714986,39126.5,75.32345871511468,0.20796423791021865,,
S_Harinas,S_Harinas,pv_solar,Surocciden,Solar,2027,4.463328474029113,4463.328474029113,0.0,2.45,292603.5095714986,39126.5,75.32345871511468,0.20796423791021862,,
S_Harinas,S_Harinas,pv_solar,Surocciden,Solar,2028,4.4633284740291135,4463.328474029114,0.0,2.45,292603.5095714986,39126.5,75.32345871511468,0.20796423791021865,,
S_Harinas,S_Harinas,pv_solar,Surocciden,Solar,2029,4.463328486052063,4463.328486052063,0.0,2.45,292603.5095714986,39126.5,75.32345851490821,0.20796423847041573,,
S_Harinas,S_Harinas,pv_solar,Surocciden,Solar,2030,4.463328476182082,4463.328476182081,0.0,2.45,292603.5095714986,39126.5,75.32345867926338,0.207964238010534,,
S_Harinas,S_Harinas,pv_solar,Surocciden,Solar,2031,4.463328475412817,4463.328475412816,0.0,2.45,292603.5095714986,39126.5,75.3234586920732,0.2079642379746909,,
S_Harinas,S_Harinas,pv_solar,Surocciden,Solar,2032,4.463328475894936,4463.328475894936,0.0,2.45,292603.5095714986,39126.5,75.32345868404495,0.2079642379971547,,
S_Harinas,S_Harinas,pv_solar,Surocciden,Solar,2033,4.463328511222285,4463.328511222285,0.0,2.45,292603.5095714986,39126.5,75.32345809577305,0.2079642396431965,,
S_Harinas,S_Harinas,pv_solar,Surocciden,Solar,2034,4.4633284740291135,4463.328474029113,0.0,2.45,292603.5095714986,39126.5,75.32345871511467,0.20796423791021865,,
S_Harinas,S_Harinas,pv_solar,Surocciden,Solar,2035,4.4633284740291135,4463.328474029114,0.0,2.45,292603.5095714986,39126.5,75.32345871511468,0.20796423791021865,,
S_HeliosI,S_HeliosI,pv_solar,Caribe,Solar,2023,31.145027865260708,31145.02786526071,0.0,16.0,1910880.062507746,255520.0,70.55845638925106,0.22221052986059292,,
S_HeliosI,S_HeliosI,pv_solar,Caribe,Solar,2024,31.1450278335692,31145.027833569202,0.0,16.0,1910880.062507746,255520.0,70.55845646003002,0.2222105296344834,,
S_HeliosI,S_HeliosI,pv_solar,Caribe,Solar,2025,31.145027812622594,31145.02781262259,0.0,16.0,1910880.062507746,255520.0,70.55845650681158,0.22221052948503558,,
S_HeliosI,S_HeliosI,pv_solar,Caribe,Solar,2026,31.145027817310424,31145.027817310423,0.0,16.0,1910880.062507746,255520.0,70.5584564963419,0.22221052951848186,,
S_HeliosI,S_HeliosI,pv_solar,Caribe,Solar,2027,31.145027835183075,31145.027835183075,0.0,16.0,1910880.062507746,255520.0,70.55845645642562,0.2222105296459979,,
S_HeliosI,S_HeliosI,pv_solar,Caribe,Solar,2028,31.145027832652715,31145.02783265272,0.0,16.0,1910880.062507746,255520.0,70.55845646207686,0.22221052962794455,,
S_HeliosI,S_HeliosI,pv_solar,Caribe,Solar,2029,31.14502781377317,31145.02781377317,0.0,16.0,1910880.062507746,255520.0,70.55845650424192,0.2222105294932446,,
S_HeliosI,S_HeliosI,pv_solar,Caribe,Solar,2030,31.145027822506677,31145.02782250668,0.0,16.0,1910880.062507746,255520.0,70.55845648473674,0.22221052955555556,,
S_HeliosI,S_HeliosI,pv_solar,Caribe,Solar,2031,31.145027810591348,31145.027810591353,0.0,16.0,1910880.062507746,255520.0,70.55845651134811,0.22221052947054326,,
S_HeliosI,S_HeliosI,pv_solar,Caribe,Solar,2032,31.1450278100801,31145.027810080104,0.0,16.0,1910880.062507746,255520.0,70.55845651248991,0.22221052946689565,,
S_HeliosI,S_HeliosI,pv_solar,Caribe,Solar,2033,31.14502781622679,31145.02781622679,0.0,16.0,1910880.062507746,255520.0,70.55845649876207,0.22221052951075046,,
S_HeliosI,S_HeliosI,pv_solar,Caribe,Solar,2034,31.145027811436638,31145.02781143664,0.0,16.0,1910880.062507746,255520.0,70.55845650946026,0.22221052947657413,,
S_HeliosI,S_HeliosI,pv_solar,Caribe,Solar,2035,31.14502781457169,31145.027814571695,0.0,16.0,1910880.062507746,255520.0,70.55845650245853,0.22221052949894182,,
S_LaLoma,S_LaLoma,pv_solar,Caribe,Solar,2024,291.98463577311486,291984.63577311486,0.0,150.0,17914500.58601012,2395500.0,70.55845649971768,0.2222105295076977,,
S_LaLoma,S_LaLoma,pv_solar,Caribe,Solar,2025,291.98463576517014,291984.6357651701,0.0,150.0,17914500.58601012,2395500.0,70.55845650161031,0.2222105295016515,,
S_LaLoma,S_LaLoma,pv_solar,Caribe,Solar,2026,291.98463575949756,291984.63575949764,0.0,150.0,17914500.58601012,2395500.0,70.55845650296168,0.22221052949733447,,
S_LaLoma,S_LaLoma,pv_solar,Caribe,Solar,2027,291.9846357668931,291984.63576689316,0.0,150.0,17914500.58601012,2395500.0,70.55845650119987,0.22221052950296274,,
S_LaLoma,S_LaLoma,pv_solar,Caribe,Solar,2028,291.98463575980315,291984.6357598031,0.0,150.0,17914500.58601012,2395500.0,70.55845650288887,0.22221052949756706,,
S_LaLoma,S_LaLoma,pv_solar,Caribe,Solar,2029,291.98463580046894,291984.6358004689,0.0,150.0,17914500.58601012,2395500.0,70.5584564932012,0.22221052952851514,,
S_LaLoma,S_LaLoma,pv_solar,Caribe,Solar,2030,291.98463577992163,291984.6357799216,0.0,150.0,17914500.58601012,2395500.0,70.55845649809613,0.2222105295128779,,
S_LaLoma,S_LaLoma,pv_solar,Caribe,Solar,2031,291.9846357576529,291984.6357576529,0.0,150.0,17914500.58601012,2395500.0,70.55845650340113,0.2222105294959306,,
S_LaLoma,S_LaLoma,pv_solar,Caribe,Solar,2032,291.98463577782616,291984.6357778262,0.0,150.0,17914500.58601012,2395500.0,70.55845649859533,0.22221052951128314,,
S_LaLoma,S_LaLoma,pv_solar,Caribe,Solar,2033,291.98463575600493,291984.63575600495,0.0,150.0,17914500.58601012,2395500.0,70.5584565037937,0.22221052949467648,,
S_LaLoma,S_LaLoma,pv_solar,Caribe,Solar,2034,291.9846357659409,291984.6357659409,0.0,150.0,17914500.58601012,2395500.0,70.5584565014267,0.22221052950223807,,
S_LaLoma,S_LaLoma,pv_solar,Caribe,Solar,2035,291.9846357588172,291984.63575881725,0.0,150.0,17914500.58601012,2395500.0,70.55845650312376,0.2222105294968167,,
S_LaMata,S_LaMata,pv_solar,Nordeste,Solar,2024,157.7012197738166,157701.21977381659,0.0,80.0,9554400.31253873,1277600.0,69.68685180796035,0.22503027935761497,,
S_LaMata,S_LaMata,pv_solar,Nordeste,Solar,2025,157.70121976117355,157701.2197611736,0.0,80.0,9554400.31253873,1277600.0,69.68685181346706,0.22503027933957412,,
S_LaMata,S_LaMata,pv_solar,Nordeste,Solar,2026,157.70121977115184,157701.2197711519,0.0,80.0,9554400.31253873,1277600.0,69.68685180912101,0.2250302793538125,,
S_LaMata,S_LaMata,pv_solar,Nordeste,Solar,2027,157.70121979126776,157701.21979126777,0.0,80.0,9554400.31253873,1277600.0,69.68685180035949,0.22503027938251674,,
S_LaMata,S_LaMata,pv_solar,Nordeste,Solar,2028,157.70121983277167,157701.2198327717,0.0,80.0,9554400.31253873,1277600.0,69.68685178228246,0.22503027944174034,,
S_LaMata,S_LaMata,pv_solar,Nordeste,Solar,2029,157.70121980307795,157701.21980307798,0.0,80.0,9554400.31253873,1277600.0,69.68685179521557,0.22503027939936918,,
S_LaMata,S_LaMata,pv_solar,Nordeste,Solar,2030,157.7012197259279,157701.2197259279,0.0,80.0,9554400.31253873,1277600.0,69.68685182881832,0.2250302792892806,,
S_LaMata,S_LaMata,pv_solar,Nordeste,Solar,2031,157.70121978765326,157701.21978765327,0.0,80.0,9554400.31253873,1277600.0,69.68685180193381,0.22503027937735903,,
S_LaMata,S_LaMata,pv_solar,Nordeste,Solar,2032,157.70121979091937,157701.21979091936,0.0,80.0,9554400.31253873,1277600.0,69.68685180051125,0.22503027938201958,,
S_LaMata,S_LaMata,pv_solar,Nordeste,Solar,2033,157.70121988195228,157701.2198819523,0.0,80.0,9554400.31253873,1277600.0,69.68685176086181,0.22503027951191817,,
S_LaMata,S_LaMata,pv_solar,Nordeste,Solar,2034,157.7012199046505,157701.21990465047,0.0,80.0,9554400.31253873,1277600.0,69.68685175097559,0.22503027954430718,,
S_LaMata,S_LaMata,pv_solar,Nordeste,Solar,2035,157.70121985185466,157701.21985185466,0.0,80.0,9554400.31253873,1277600.0,69.68685177397084,0.22503027946897064,,
S_Lanceros,S_Lanceros,pv_solar,Oriental,Solar,2023,16.57807718925099,16578.07718925099,0.0,9.1,1086813.0355512805,145327.0,75.32345871511468,0.20796423791021865,,
S_Lanceros,S_Lanceros,pv_solar,Oriental,Solar,2024,16.57807718925099,16578.07718925099,0.0,9.1,1086813.0355512805,145327.0,75.32345871511468,0.20796423791021865,,
S_Lanceros,S_Lanceros,pv_solar,Oriental,Solar,2025,16.57807718925099,16578.07718925099,0.0,9.1,1086813.0355512805,145327.0,75.32345871511468,0.20796423791021865,,
S_Lanceros,S_Lanceros,pv_solar,Oriental,Solar,2026,16.578077212470347,16578.077212470344,0.0,9.1,1086813.0355512805,145327.0,75.32345861101679,0.2079642382014946,,
S_Lanceros,S_Lanceros,pv_solar,Oriental,Solar,2027,16.578077189250994,16578.077189250995,0.0,9.1,1086813.0355512805,145327.0,75.32345871511467,0.20796423791021867,,
S_Lanceros,S_Lanceros,pv_solar,Oriental,Solar,2028,16.57807718925099,16578.07718925099,0.0,9.1,1086813.0355512805,145327.0,75.32345871511468,0.20796423791021865,,
S_Lanceros,S_Lanceros,pv_solar,Oriental,Solar,2029,16.578077210425693,16578.07721042569,0.0,9.1,1086813.0355512805,145327.0,75.32345862018346,0.2079642381758454,,
S_Lanceros,S_Lanceros,pv_solar,Oriental,Solar,2030,16.57807718925099,16578.07718925099,0.0,9.1,1086813.0355512805,145327.0,75.32345871511468,0.20796423791021865,,
S_Lanceros,S_Lanceros,pv_solar,Oriental,Solar,2031,16.57807718925099,16578.07718925099,0.0,9.1,1086813.0355512805,145327.0,75.32345871511468,0.20796423791021865,,
S_Lanceros,S_Lanceros,pv_solar,Oriental,Solar,2032,16.57807718925099,16578.07718925099,0.0,9.1,1086813.0355512805,145327.0,75.32345871511468,0.20796423791021865,,
S_Lanceros,S_Lanceros,pv_solar,Oriental,Solar,2033,16.57807718925099,16578.07718925099,0.0,9.1,1086813.0355512805,145327.0,75.32345871511468,0.20796423791021865,,
S_Lanceros,S_Lanceros,pv_solar,Oriental,Solar,2034,16.57807718925099,16578.07718925099,0.0,9.1,1086813.0355512805,145327.0,75.32345871511468,0.20796423791021865,,
S_Lanceros,S_Lanceros,pv_solar,Oriental,Solar,2035,16.57807718925099,16578.07718925099,0.0,9.1,1086813.0355512805,145327.0,75.32345871511468,0.20796423791021865,,
S_Medin,S_Medin,pv_solar,Surocciden,Solar,2023,20.950317327075428,20950.31732707543,0.0,11.5,1373445.0449274424,183655.0,75.32345871511468,0.20796423791021862,,
S_Medin,S_Medin,pv_solar,Surocciden,Solar,2024,20.950317327777796,20950.317327777797,0.0,11.5,1373445.0449274424,183655.0,75.32345871262297,0.2079642379171907,,
S_Medin,S_Medin,pv_solar,Surocciden,Solar,2025,20.950317327959567,20950.31732795957,0.0,11.5,1373445.0449274424,183655.0,75.3234587119781,0.2079642379189951,,
S_Medin,S_Medin,pv_solar,Surocciden,Solar,2026,20.95031732707543,20950.317327075434,0.0,11.5,1373445.0449274424,183655.0,75.32345871511468,0.20796423791021865,,
S_Medin,S_Medin,pv_solar,Surocciden,Solar,2027,20.95031732707543,20950.31732707543,0.0,11.5,1373445.0449274424,183655.0,75.32345871511468,0.20796423791021865,,
S_Medin,S_Medin,pv_solar,Surocciden,Solar,2028,20.950317327075428,20950.31732707543,0.0,11.5,1373445.0449274424,183655.0,75.32345871511468,0.20796423791021862,,
S_Medin,S_Medin,pv_solar,Surocciden,Solar,2029,20.950317327075428,20950.31732707543,0.0,11.5,1373445.0449274424,183655.0,75.32345871511468,0.20796423791021862,,
S_Medin,S_Medin,pv_solar,Surocciden,Solar,2030,20.950317327075428,20950.317327075427,0.0,11.5,1373445.0449274424,183655.0,75.32345871511468,0.20796423791021862,,
S_Medin,S_Medin,pv_solar,Surocciden,Solar,2031,20.950317327075428,20950.31732707543,0.0,11.5,1373445.0449274424,183655.0,75.32345871511468,0.20796423791021862,,
S_Medin,S_Medin,pv_solar,Surocciden,Solar,2032,20.950317327075428,20950.317327075427,0.0,11.5,1373445.0449274424,183655.0,75.32345871511468,0.20796423791021862,,
S_Medin,S_Medin,pv_solar,Surocciden,Solar,2033,20.950317327075428,20950.31732707543,0.0,11.5,1373445.0449274424,183655.0,75.32345871511468,0.20796423791021862,,
S_Medin,S_Medin,pv_solar,Surocciden,Solar,2034,20.950317327075428,20950.31732707543,0.0,11.5,1373445.0449274424,183655.0,75.32345871511468,0.20796423791021862,,
S_Medin,S_Medin,pv_solar,Surocciden,Solar,2035,20.950317327075428,20950.31732707543,0.0,11.5,1373445.0449274424,183655.0,75.32345871511468,0.20796423791021862,,
S_Montelibano,S_Montelibano,pv_solar,Caribe,Solar,2023,19.270985991249066,19270.985991249065,0.0,9.9,1182357.038676668,158103.0,70.55845639062628,0.22221052985619968,,
S_Montelibano,S_Montelibano,pv_solar,Caribe,Solar,2024,19.270985960266234,19270.985960266233,0.0,9.9,1182357.038676668,158103.0,70.55845650245854,0.2222105294989418,,
S_Montelibano,S_Montelibano,pv_solar,Caribe,Solar,2025,19.270985952664763,19270.985952664763,0.0,9.9,1182357.038676668,158103.0,70.55845652989598,0.22221052941129052,,
S_Montelibano,S_Montelibano,pv_solar,Caribe,Solar,2026,19.270985978921118,19270.98597892112,0.0,9.9,1182357.038676668,158103.0,70.55845643512389,0.22221052971404817,,
S_Montelibano,S_Montelibano,pv_solar,Caribe,Solar,2027,19.27098599524046,19270.98599524046,0.0,9.9,1182357.038676668,158103.0,70.55845637621938,0.22221052990222376,,
S_Montelibano,S_Montelibano,pv_solar,Caribe,Solar,2028,19.270985955716725,19270.985955716726,0.0,9.9,1182357.038676668,158103.0,70.55845651887995,0.22221052944648217,,
S_Montelibano,S_Montelibano,pv_solar,Caribe,Solar,2029,19.27098597446386,19270.98597446386,0.0,9.9,1182357.038676668,158103.0,70.55845645121232,0.22221052966265228,,
S_Montelibano,S_Montelibano,pv_solar,Caribe,Solar,2030,19.27098599955555,19270.98599955555,0.0,9.9,1182357.038676668,158103.0,70.5584563606441,0.22221052995198035,,
S_Montelibano,S_Montelibano,pv_solar,Caribe,Solar,2031,19.27098595781608,19270.98595781608,0.0,9.9,1182357.038676668,158103.0,70.55845651130234,0.22221052947068948,,
S_Montelibano,S_Montelibano,pv_solar,Caribe,Solar,2032,19.270985955848516,19270.98595584852,0.0,9.9,1182357.038676668,158103.0,70.55845651840426,0.22221052944800182,,
S_Montelibano,S_Montelibano,pv_solar,Caribe,Solar,2033,19.270985960266245,19270.985960266244,0.0,9.9,1182357.038676668,158103.0,70.5584565024585,0.22221052949894193,,
S_Montelibano,S_Montelibano,pv_solar,Caribe,Solar,2034,19.270985959450567,19270.98595945057,0.0,9.9,1182357.038676668,158103.0,70.55845650540267,0.22221052948953648,,
S_Montelibano,S_Montelibano,pv_solar,Caribe,Solar,2035,19.27098595511605,19270.985955116048,0.0,9.9,1182357.038676668,158103.0,70.55845652104807,0.2222105294395559,,
S_Nabusimake,S_Nabusimake,pv_solar,Caribe,Solar,2024,194.65642383659127,194656.42383659128,0.0,100.0,11943000.390673412,1597000.0,70.55845650406005,0.2222105294938256,,
S_Nabusimake,S_Nabusimake,pv_solar,Caribe,Solar,2025,194.65642383756705,194656.42383756707,0.0,100.0,11943000.390673412,1597000.0,70.55845650371137,0.2222105294949395,,
S_Nabusimake,S_Nabusimake,pv_solar,Caribe,Solar,2026,194.6564238813805,194656.42388138053,0.0,100.0,11943000.390673412,1597000.0,70.55845648805509,0.22221052954495488,,
S_Nabusimake,S_Nabusimake,pv_solar,Caribe,Solar,2027,194.65642385704805,194656.42385704804,0.0,100.0,11943000.390673412,1597000.0,70.55845649675003,0.22221052951717812,,
S_Nabusimake,S_Nabusimake,pv_solar,Caribe,Solar,2028,194.65642388198015,194656.42388198015,0.0,100.0,11943000.390673412,1597000.0,70.5584564878408,0.2222105295456394,,
S_Nabusimake,S_Nabusimake,pv_solar,Caribe,Solar,2029,194.65642387246496,194656.42387246495,0.0,100.0,11943000.390673412,1597000.0,70.55845649124096,0.2222105295347773,,
S_Nabusimake,S_Nabusimake,pv_solar,Caribe,Solar,2030,194.65642385954942,194656.42385954945,0.0,100.0,11943000.390673412,1597000.0,70.55845649585619,0.22221052952003353,,
S_Nabusimake,S_Nabusimake,pv_solar,Caribe,Solar,2031,194.65642385910934,194656.42385910935,0.0,100.0,11943000.390673412,1597000.0,70.55845649601345,0.22221052951953116,,
S_Nabusimake,S_Nabusimake,pv_solar,Caribe,Solar,2032,194.65642383254755,194656.42383254753,0.0,100.0,11943000.390673412,1597000.0,70.55845650550502,0.2222105294892095,,
S_Nabusimake,S_Nabusimake,pv_solar,Caribe,Solar,2033,194.65642383757677,194656.42383757676,0.0,100.0,11943000.390673412,1597000.0,70.55845650370789,0.2222105294949506,,
S_Nabusimake,S_Nabusimake,pv_solar,Caribe,Solar,2034,194.6564238598109,194656.42385981086,0.0,100.0,11943000.390673412,1597000.0,70.55845649576275,0.22221052952033202,,
S_Nabusimake,S_Nabusimake,pv_solar,Caribe,Solar,2035,194.6564238367339,194656.4238367339,0.0,100.0,11943000.390673412,1597000.0,70.5584565040091,0.2222105294939884,,
S_Paila,S_Paila,pv_solar,Surocciden,Solar,2023,18.035490568525805,18035.490568525805,0.0,9.9,1182357.038676668,158103.0,75.32345871511468,0.20796423791021865,,
S_Paila,S_Paila,pv_solar,Surocciden,Solar,2024,18.035490568525805,18035.490568525805,0.0,9.9,1182357.038676668,158103.0,75.32345871511468,0.20796423791021865,,
S_Paila,S_Paila,pv_solar,Surocciden,Solar,2025,18.03549056852581,18035.490568525805,0.0,9.9,1182357.038676668,158103.0,75.32345871511467,0.2079642379102187,,
S_Paila,S_Paila,pv_solar,Surocciden,Solar,2026,18.035490568525805,18035.490568525805,0.0,9.9,1182357.038676668,158103.0,75.32345871511468,0.20796423791021865,,
S_Paila,S_Paila,pv_solar,Surocciden,Solar,2027,18.035490568525805,18035.490568525805,0.0,9.9,1182357.038676668,158103.0,75.32345871511468,0.20796423791021865,,
S_Paila,S_Paila,pv_solar,Surocciden,Solar,2028,18.035490568525805,18035.490568525805,0.0,9.9,1182357.038676668,158103.0,75.32345871511468,0.20796423791021865,,
S_Paila,S_Paila,pv_solar,Surocciden,Solar,2029,18.035490568525805,18035.490568525805,0.0,9.9,1182357.038676668,158103.0,75.32345871511468,0.20796423791021865,,
S_Paila,S_Paila,pv_solar,Surocciden,Solar,2030,18.035490568525805,18035.490568525805,0.0,9.9,1182357.038676668,158103.0,75.32345871511468,0.20796423791021865,,
S_Paila,S_Paila,pv_solar,Surocciden,Solar,2031,18.035490568525805,18035.490568525805,0.0,9.9,1182357.038676668,158103.0,75.32345871511468,0.20796423791021865,,
S_Paila,S_Paila,pv_solar,Surocciden,Solar,2032,18.035490568525805,18035.490568525805,0.0,9.9,1182357.038676668,158103.0,75.32345871511468,0.20796423791021865,,
S_Paila,S_Paila,pv_solar,Surocciden,Solar,2033,18.035490568525805,18035.490568525805,0.0,9.9,1182357.038676668,158103.0,75.32345871511468,0.20796423791021865,,
S_Paila,S_Paila,pv_solar,Surocciden,Solar,2034,18.035490568525805,18035.490568525805,0.0,9.9,1182357.038676668,158103.0,75.32345871511468,0.20796423791021865,,
S_Paila,S_Paila,pv_solar,Surocciden,Solar,2035,18.035490568525805,18035.490568525805,0.0,9.9,1182357.038676668,158103.0,75.32345871511468,0.20796423791021865,,
S_Palmira3,S_Palmira3,pv_solar,Surocciden,Solar,2023,13.481073758292014,13481.073758292016,0.0,7.4,883782.0289098326,118178.0,75.3234587151147,0.2079642379102186,,
S_Palmira3,S_Palmira3,pv_solar,Surocciden,Solar,2024,13.481073758292018,13481.07375829202,0.0,7.4,883782.0289098326,118178.0,75.32345871511467,0.20796423791021867,,
S_Palmira3,S_Palmira3,pv_solar,Surocciden,Solar,2025,13.481073758292018,13481.07375829202,0.0,7.4,883782.0289098326,118178.0,75.32345871511467,0.20796423791021867,,
S_Palmira3,S_Palmira3,pv_solar,Surocciden,Solar,2026,13.481073758292014,13481.073758292016,0.0,7.4,883782.0289098326,118178.0,75.3234587151147,0.2079642379102186,,
S_Palmira3,S_Palmira3,pv_solar,Surocciden,Solar,2027,13.481073758292014,13481.073758292016,0.0,7.4,883782.0289098326,118178.0,75.3234587151147,0.2079642379102186,,
S_Palmira3,S_Palmira3,pv_solar,Surocciden,Solar,2028,13.48107375829202,13481.07375829202,0.0,7.4,883782.0289098326,118178.0,75.32345871511467,0.2079642379102187,,
S_Palmira3,S_Palmira3,pv_solar,Surocciden,Solar,2029,13.48107375829202,13481.07375829202,0.0,7.4,883782.0289098326,118178.0,75.32345871511467,0.2079642379102187,,
S_Palmira3,S_Palmira3,pv_solar,Surocciden,Solar,2030,13.48107375829202,13481.073758292017,0.0,7.4,883782.0289098326,118178.0,75.32345871511467,0.2079642379102187,,
S_Palmira3,S_Palmira3,pv_solar,Surocciden,Solar,2031,13.481073758292016,13481.07375829202,0.0,7.4,883782.0289098326,118178.0,75.32345871511468,0.20796423791021865,,
S_Palmira3,S_Palmira3,pv_solar,Surocciden,Solar,2032,13.481073758292016,13481.073758292017,0.0,7.4,883782.0289098326,118178.0,75.32345871511468,0.20796423791021865,,
S_Palmira3,S_Palmira3,pv_solar,Surocciden,Solar,2033,13.481073758292016,13481.073758292016,0.0,7.4,883782.0289098326,118178.0,75.32345871511468,0.20796423791021865,,
S_Palmira3,S_Palmira3,pv_solar,Surocciden,Solar,2034,13.481073758292018,13481.07375829202,0.0,7.4,883782.0289098326,118178.0,75.32345871511467,0.20796423791021867,,
S_Palmira3,S_Palmira3,pv_solar,Surocciden,Solar,2035,13.481073758292016,13481.073758292016,0.0,7.4,883782.0289098326,118178.0,75.32345871511468,0.20796423791021865,,
S_Palmira3_Franca,S_Palmira3_Franca,pv_solar,Surocciden,Solar,2023,5.283123499871197,5283.123499871196,0.0,2.9,346347.01132952893,46313.0,75.32345871511464,0.20796423791021873,,
S_Palmira3_Franca,S_Palmira3_Franca,pv_solar,Surocciden,Solar,2024,5.283123499871197,5283.123499871197,0.0,2.9,346347.01132952893,46313.0,75.32345871511464,0.20796423791021873,,
S_Palmira3_Franca,S_Palmira3_Franca,pv_solar,Surocciden,Solar,2025,5.283123499871197,5283.123499871197,0.0,2.9,346347.01132952893,46313.0,75.32345871511464,0.20796423791021873,,
S_Palmira3_Franca,S_Palmira3_Franca,pv_solar,Surocciden,Solar,2026,5.283123499871195,5283.123499871195,0.0,2.9,346347.01132952893,46313.0,75.32345871511467,0.20796423791021865,,
S_Palmira3_Franca,S_Palmira3_Franca,pv_solar,Surocciden,Solar,2027,5.283123499871195,5283.123499871195,0.0,2.9,346347.01132952893,46313.0,75.32345871511467,0.20796423791021865,,
S_Palmira3_Franca,S_Palmira3_Franca,pv_solar,Surocciden,Solar,2028,5.283123499871196,5283.123499871197,0.0,2.9,346347.01132952893,46313.0,75.32345871511465,0.20796423791021867,,
S_Palmira3_Franca,S_Palmira3_Franca,pv_solar,Surocciden,Solar,2029,5.283123499871195,5283.123499871195,0.0,2.9,346347.01132952893,46313.0,75.32345871511467,0.20796423791021865,,
S_Palmira3_Franca,S_Palmira3_Franca,pv_solar,Surocciden,Solar,2030,5.283123499871195,5283.123499871195,0.0,2.9,346347.01132952893,46313.0,75.32345871511467,0.20796423791021865,,
S_Palmira3_Franca,S_Palmira3_Franca,pv_solar,Surocciden,Solar,2031,5.283123499871194,5283.123499871195,0.0,2.9,346347.01132952893,46313.0,75.32345871511468,0.2079642379102186,,
S_Palmira3_Franca,S_Palmira3_Franca,pv_solar,Surocciden,Solar,2032,5.283123499871197,5283.123499871196,0.0,2.9,346347.01132952893,46313.0,75.32345871511464,0.20796423791021873,,
S_Palmira3_Franca,S_Palmira3_Franca,pv_solar,Surocciden,Solar,2033,5.283123499871195,5283.123499871195,0.0,2.9,346347.01132952893,46313.0,75.32345871511467,0.20796423791021865,,
S_Palmira3_Franca,S_Palmira3_Franca,pv_solar,Surocciden,Solar,2034,5.283123499871197,5283.123499871197,0.0,2.9,346347.01132952893,46313.0,75.32345871511464,0.20796423791021873,,
S_Palmira3_Franca,S_Palmira3_Franca,pv_solar,Surocciden,Solar,2035,5.283123499871199,5283.123499871199,0.0,2.9,346347.01132952893,46313.0,75.32345871511461,0.20796423791021884,,
S_ParqueUrra,S_ParqueUrra,pv_solar,Caribe,Solar,2024,38.73662835108874,38736.62835108874,0.0,19.9,2376657.077744009,317803.0,70.5584564904002,0.2222105295374632,,
S_ParqueUrra,S_ParqueUrra,pv_solar,Caribe,Solar,2025,38.73662834008625,38736.628340086245,0.0,19.9,2376657.077744009,317803.0,70.55845651015711,0.22221052947434805,,
S_ParqueUrra,S_ParqueUrra,pv_solar,Caribe,Solar,2026,38.73662834405836,38736.62834405836,0.0,19.9,2376657.077744009,317803.0,70.5584565030245,0.2222105294971338,,
S_ParqueUrra,S_ParqueUrra,pv_solar,Caribe,Solar,2027,38.73662842064555,38736.62842064555,0.0,19.9,2376657.077744009,317803.0,70.55845636549866,0.222210529936472,,
S_ParqueUrra,S_ParqueUrra,pv_solar,Caribe,Solar,2028,38.73662840700857,38736.62840700857,0.0,19.9,2376657.077744009,317803.0,70.55845638998628,0.2222105298582442,,
S_ParqueUrra,S_ParqueUrra,pv_solar,Caribe,Solar,2029,38.73662835884328,38736.62835884327,0.0,19.9,2376657.077744009,317803.0,70.55845647647556,0.22221052958194665,,
S_ParqueUrra,S_ParqueUrra,pv_solar,Caribe,Solar,2030,38.736628342656005,38736.628342656004,0.0,19.9,2376657.077744009,317803.0,70.55845650554267,0.22221052948908926,,
S_ParqueUrra,S_ParqueUrra,pv_solar,Caribe,Solar,2031,38.73662833628644,38736.628336286434,0.0,19.9,2376657.077744009,317803.0,70.55845651698036,0.22221052945255057,,
S_ParqueUrra,S_ParqueUrra,pv_solar,Caribe,Solar,2032,38.73662834053471,38736.628340534706,0.0,19.9,2376657.077744009,317803.0,70.55845650935183,0.22221052947692058,,
S_ParqueUrra,S_ParqueUrra,pv_solar,Caribe,Solar,2033,38.73662837749506,38736.62837749506,0.0,19.9,2376657.077744009,317803.0,70.55845644298299,0.2222105296889416,,
S_ParqueUrra,S_ParqueUrra,pv_solar,Caribe,Solar,2034,38.7366283614742,38736.628361474206,0.0,19.9,2376657.077744009,317803.0,70.55845647175126,0.22221052959703885,,
S_ParqueUrra,S_ParqueUrra,pv_solar,Caribe,Solar,2035,38.736628415840784,38736.62841584079,0.0,19.9,2376657.077744009,317803.0,70.55845637412646,0.22221052990890972,,
S_PetaCesaII,S_PetaCesaII,pv_solar,Nordeste,Solar,2023,19.515526096366067,19515.526096366066,0.0,9.9,1182357.038676668,158103.0,69.68685128228603,0.22503028107981712,,
S_PetaCesaII,S_PetaCesaII,pv_solar,Nordeste,Solar,2024,19.515526121744156,19515.52612174415,0.0,9.9,1182357.038676668,158103.0,69.6868511929653,0.22503028137244765,,
S_PetaCesaII,S_PetaCesaII,pv_solar,Nordeste,Solar,2025,19.5155260817886,19515.5260817886,0.0,9.9,1182357.038676668,158103.0,69.68685133359288,0.2250302809117268,,
S_PetaCesaII,S_PetaCesaII,pv_solar,Nordeste,Solar,2026,19.515526180099954,19515.526180099954,0.0,9.9,1182357.038676668,158103.0,69.68685098757621,0.22503028204533865,,
S_PetaCesaII,S_PetaCesaII,pv_solar,Nordeste,Solar,2027,19.5155261475829,19515.5261475829,0.0,9.9,1182357.038676668,158103.0,69.68685110202324,0.22503028167038994,,
S_PetaCesaII,S_PetaCesaII,pv_solar,Nordeste,Solar,2028,19.51552615449338,19515.52615449338,0.0,9.9,1182357.038676668,158103.0,69.68685107770112,0.22503028175007347,,
S_PetaCesaII,S_PetaCesaII,pv_solar,Nordeste,Solar,2029,19.515526080813395,19515.526080813393,0.0,9.9,1182357.038676668,158103.0,69.68685133702523,0.22503028090048183,,
S_PetaCesaII,S_PetaCesaII,pv_solar,Nordeste,Solar,2030,19.51552621277817,19515.526212778168,0.0,9.9,1182357.038676668,158103.0,69.68685087256196,0.2250302824221457,,
S_PetaCesaII,S_PetaCesaII,pv_solar,Nordeste,Solar,2031,19.51552615582281,19515.526155822805,0.0,9.9,1182357.038676668,158103.0,69.68685107302207,0.22503028176540293,,
S_PetaCesaII,S_PetaCesaII,pv_solar,Nordeste,Solar,2032,19.515526206748035,19515.526206748033,0.0,9.9,1182357.038676668,158103.0,69.6868508937856,0.22503028235261327,,
S_PetaCesaII,S_PetaCesaII,pv_solar,Nordeste,Solar,2033,19.515526137863503,19515.526137863504,0.0,9.9,1182357.038676668,158103.0,69.68685113623164,0.2250302815583172,,
S_PetaCesaII,S_PetaCesaII,pv_solar,Nordeste,Solar,2034,19.515526196879804,19515.5261968798,0.0,9.9,1182357.038676668,158103.0,69.68685092851784,0.2250302822388243,,
S_PetaCesaII,S_PetaCesaII,pv_solar,Nordeste,Solar,2035,19.51552620621106,19515.526206211056,0.0,9.9,1182357.038676668,158103.0,69.68685089567555,0.22503028234642145,,
S_PortonSol,S_PortonSol,pv_solar,Antioquia,Solar,2023,168.06857823872315,168068.57823872316,0.0,102.0,12181860.39848688,1628940.0,83.1736016524763,0.18809716429259907,,
S_PortonSol,S_PortonSol,pv_solar,Antioquia,Solar,2024,168.06857823478057,168068.57823478058,0.0,102.0,12181860.39848688,1628940.0,83.17360165440392,0.18809716428818665,,
S_PortonSol,S_PortonSol,pv_solar,Antioquia,Solar,2025,168.06857817773874,168068.57817773873,0.0,102.0,12181860.39848688,1628940.0,83.17360168229334,0.1880971642243472,,
S_PortonSol,S_PortonSol,pv_solar,Antioquia,Solar,2026,168.06857821083895,168068.57821083895,0.0,102.0,12181860.39848688,1628940.0,83.17360166610969,0.18809716426139192,,
S_PortonSol,S_PortonSol,pv_solar,Antioquia,Solar,2027,168.06857819734665,168068.57819734665,0.0,102.0,12181860.39848688,1628940.0,83.17360167270645,0.18809716424629178,,
S_PortonSol,S_PortonSol,pv_solar,Antioquia,Solar,2028,168.06857820331237,168068.57820331235,0.0,102.0,12181860.39848688,1628940.0,83.17360166978965,0.18809716425296844,,
S_PortonSol,S_PortonSol,pv_solar,Antioquia,Solar,2029,168.06857822410095,168068.57822410093,0.0,102.0,12181860.39848688,1628940.0,83.17360165962549,0.18809716427623435,,
S_PortonSol,S_PortonSol,pv_solar,Antioquia,Solar,2030,168.06857820462028,168068.57820462028,0.0,102.0,12181860.39848688,1628940.0,83.17360166915017,0.18809716425443218,,
S_PortonSol,S_PortonSol,pv_solar,Antioquia,Solar,2031,168.0685782169305,168068.57821693047,0.0,102.0,12181860.39848688,1628940.0,83.17360166313135,0.1880971642682094,,
S_PortonSol,S_PortonSol,pv_solar,Antioquia,Solar,2032,168.0685782118553,168068.57821185532,0.0,102.0,12181860.39848688,1628940.0,83.17360166561275,0.1880971642625294,,
S_PortonSol,S_PortonSol,pv_solar,Antioquia,Solar,2033,168.0685782936243,168068.57829362433,0.0,102.0,12181860.39848688,1628940.0,83.17360162563351,0.18809716435404275,,
S_PortonSol,S_PortonSol,pv_solar,Antioquia,Solar,2034,168.06857807186736,168068.57807186738,0.0,102.0,12181860.39848688,1628940.0,83.17360173405692,0.18809716410585922,,
S_PortonSol,S_PortonSol,pv_solar,Antioquia,Solar,2035,168.06857815517998,168068.57815517997,0.0,102.0,12181860.39848688,1628940.0,83.17360169332296,0.18809716419910014,,
S_Salado,S_Salado,pv_solar,Surocciden,Solar,2023,0.18217667240935115,182.1766724093511,0.0,0.1,11943.000390673413,1597.0,75.32345871511485,0.20796423791021815,,
S_Salado,S_Salado,pv_solar,Surocciden,Solar,2024,0.18217667240935242,182.1766724093524,0.0,0.1,11943.000390673413,1597.0,75.32345871511433,0.2079642379102196,,
S_Salado,S_Salado,pv_solar,Surocciden,Solar,2025,0.18217667240935043,182.17667240935043,0.0,0.1,11943.000390673413,1597.0,75.32345871511514,0.20796423791021734,,
S_Salado,S_Salado,pv_solar,Surocciden,Solar,2026,0.18217667240935126,182.17667240935126,0.0,0.1,11943.000390673413,1597.0,75.3234587151148,0.20796423791021829,,
S_Salado,S_Salado,pv_solar,Surocciden,Solar,2027,0.18217667240934915,182.17667240934912,0.0,0.1,11943.000390673413,1597.0,75.32345871511566,0.2079642379102159,,
S_Salado,S_Salado,pv_solar,Surocciden,Solar,2028,0.1821766724093519,182.1766724093519,0.0,0.1,11943.000390673413,1597.0,75.32345871511454,0.207964237910219,,
S_Salado,S_Salado,pv_solar,Surocciden,Solar,2029,0.18217667240934984,182.17667240934983,0.0,0.1,11943.000390673413,1597.0,75.3234587151154,0.20796423791021665,,
S_Salado,S_Salado,pv_solar,Surocciden,Solar,2030,0.18217667240935279,182.1766724093528,0.0,0.1,11943.000390673413,1597.0,75.32345871511417,0.20796423791022,,
S_Salado,S_Salado,pv_solar,Surocciden,Solar,2031,0.1821766724093502,182.1766724093502,0.0,0.1,11943.000390673413,1597.0,75.32345871511524,0.20796423791021706,,
S_Salado,S_Salado,pv_solar,Surocciden,Solar,2032,0.18217667240935087,182.17667240935089,0.0,0.1,11943.000390673413,1597.0,75.32345871511497,0.20796423791021784,,
S_Salado,S_Salado,pv_solar,Surocciden,Solar,2033,0.18217667240935084,182.17667240935086,0.0,0.1,11943.000390673413,1597.0,75.32345871511498,0.2079642379102178,,
S_Salado,S_Salado,pv_solar,Surocciden,Solar,2034,0.18217667240935126,182.17667240935128,0.0,0.1,11943.000390673413,1597.0,75.3234587151148,0.20796423791021829,,
S_Salado,S_Salado,pv_solar,Surocciden,Solar,2035,0.18217667240934993,182.17667240934992,0.0,0.1,11943.000390673413,1597.0,75.32345871511535,0.20796423791021676,,
S_SalvadorI,S_SalvadorI,pv_solar,Antioquia,Solar,2023,0.017347746299071348,17.34774629907135,0.0,0.01,1194.3000390673412,159.70000000000002,79.050486543017,0.19803363355104275,,
S_SalvadorI,S_SalvadorI,pv_solar,Antioquia,Solar,2024,0.017347688394716787,17.34768839471679,0.0,0.01,1194.3000390673412,159.70000000000002,79.05074706551105,0.19803297254242902,,
S_SalvadorI,S_SalvadorI,pv_solar,Antioquia,Solar,2025,0.01734774686213564,17.34774686213564,0.0,0.01,1194.3000390673412,159.70000000000002,79.05048400969424,0.1980336399787173,,
S_SalvadorI,S_SalvadorI,pv_solar,Antioquia,Solar,2026,0.01734768029896614,17.34768029896614,0.0,0.01,1194.3000390673412,159.70000000000002,79.05078348994216,0.19803288012518422,,
S_SalvadorI,S_SalvadorI,pv_solar,Antioquia,Solar,2027,0.01734768284434149,17.34768284434149,0.0,0.01,1194.3000390673412,159.70000000000002,79.05077203777637,0.1980329091819804,,
S_SalvadorI,S_SalvadorI,pv_solar,Antioquia,Solar,2028,0.017347740061064515,17.347740061064513,0.0,0.01,1194.3000390673412,159.70000000000002,79.05051460888996,0.19803356234091907,,
S_SalvadorI,S_SalvadorI,pv_solar,Antioquia,Solar,2029,0.01734767352944984,17.34767352944984,0.0,0.01,1194.3000390673412,159.70000000000002,79.05081394740094,0.19803280284760083,,
S_SalvadorI,S_SalvadorI,pv_solar,Antioquia,Solar,2030,0.01734770003221499,17.34770003221499,0.0,0.01,1194.3000390673412,159.70000000000002,79.05069470609584,0.19803310539058205,,
S_SalvadorI,S_SalvadorI,pv_solar,Antioquia,Solar,2031,0.0173477074573063,17.3477074573063,0.0,0.01,1194.3000390673412,159.70000000000002,79.0506612991724,0.19803319015189835,,
S_SalvadorI,S_SalvadorI,pv_solar,Antioquia,Solar,2032,0.01734767445911902,17.347674459119023,0.0,0.01,1194.3000390673412,159.70000000000002,79.05080976462493,0.19803281346026275,,
S_SalvadorI,S_SalvadorI,pv_solar,Antioquia,Solar,2033,0.01734772999509262,17.347729995092617,0.0,0.01,1194.3000390673412,159.70000000000002,79.05055989748314,0.19803344743256407,,
S_SalvadorI,S_SalvadorI,pv_solar,Antioquia,Solar,2034,0.017347745671633205,17.347745671633206,0.0,0.01,1194.3000390673412,159.70000000000002,79.05048936596894,0.19803362638850688,,
S_SalvadorI,S_SalvadorI,pv_solar,Antioquia,Solar,2035,0.0173477186179939,17.347718617993902,0.0,0.01,1194.3000390673412,159.70000000000002,79.05061108513175,0.19803331755700795,,
S_SalvadorII,S_SalvadorII,pv_solar,Antioquia,Solar,2023,0.0,0.0,0.0,0.0,0.0,0.0,0.0,0.0,,
S_SalvadorII,S_SalvadorII,pv_solar,Antioquia,Solar,2024,0.0,0.0,0.0,0.0,0.0,0.0,0.0,0.0,,
S_SalvadorII,S_SalvadorII,pv_solar,Antioquia,Solar,2025,0.0,0.0,0.0,0.0,0.0,0.0,0.0,0.0,,
S_SalvadorII,S_SalvadorII,pv_solar,Antioquia,Solar,2026,0.0,0.0,0.0,0.0,0.0,0.0,0.0,0.0,,
S_SalvadorII,S_SalvadorII,pv_solar,Antioquia,Solar,2027,0.0,0.0,0.0,0.0,0.0,0.0,0.0,0.0,,
S_SalvadorII,S_SalvadorII,pv_solar,Antioquia,Solar,2028,0.0,0.0,0.0,0.0,0.0,0.0,0.0,0.0,,
S_SalvadorII,S_SalvadorII,pv_solar,Antioquia,Solar,2029,0.0,0.0,0.0,0.0,0.0,0.0,0.0,0.0,,
S_SalvadorII,S_SalvadorII,pv_solar,Antioquia,Solar,2030,0.0,0.0,0.0,0.0,0.0,0.0,0.0,0.0,,
S_SalvadorII,S_SalvadorII,pv_solar,Antioquia,Solar,2031,0.0,0.0,0.0,0.0,0.0,0.0,0.0,0.0,,
S_SalvadorII,S_SalvadorII,pv_solar,Antioquia,Solar,2032,0.0,0.0,0.0,0.0,0.0,0.0,0.0,0.0,,
S_SalvadorII,S_SalvadorII,pv_solar,Antioquia,Solar,2033,0.0,0.0,0.0,0.0,0.0,0.0,0.0,0.0,,
S_SalvadorII,S_SalvadorII,pv_solar,Antioquia,Solar,2034,0.0,0.0,0.0,0.0,0.0,0.0,0.0,0.0,,
S_SalvadorII,S_SalvadorII,pv_solar,Antioquia,Solar,2035,0.0,0.0,0.0,0.0,0.0,0.0,0.0,0.0,,
S_SanFelipe,S_SanFelipe,pv_solar,Oriental,Solar,2023,16.57807724570207,16578.07724570207,0.0,9.1,1086813.0355512805,145327.0,75.32345846203108,0.20796423861837104,,
S_SanFelipe,S_SanFelipe,pv_solar,Oriental,Solar,2024,16.578077235093534,16578.077235093533,0.0,9.1,1086813.0355512805,145327.0,75.32345850959167,0.2079642384852919,,
S_SanFelipe,S_SanFelipe,pv_solar,Oriental,Solar,2025,16.578077244514244,16578.077244514243,0.0,9.1,1086813.0355512805,145327.0,75.32345846735639,0.20796423860347032,,
S_SanFelipe,S_SanFelipe,pv_solar,Oriental,Solar,2026,16.57807726235243,16578.07726235243,0.0,9.1,1086813.0355512805,145327.0,75.32345838738355,0.20796423882724208,,
S_SanFelipe,S_SanFelipe,pv_solar,Oriental,Solar,2027,16.578077234926972,16578.077234926976,0.0,9.1,1086813.0355512805,145327.0,75.3234585103384,0.2079642384832025,,
S_SanFelipe,S_SanFelipe,pv_solar,Oriental,Solar,2028,16.578077210919204,16578.077210919204,0.0,9.1,1086813.0355512805,145327.0,75.32345861797094,0.20796423818203624,,
S_SanFelipe,S_SanFelipe,pv_solar,Oriental,Solar,2029,16.57807720880376,16578.07720880376,0.0,9.1,1086813.0355512805,145327.0,75.32345862745497,0.207964238155499,,
S_SanFelipe,S_SanFelipe,pv_solar,Oriental,Solar,2030,16.578077228424647,16578.077228424645,0.0,9.1,1086813.0355512805,145327.0,75.32345853948988,0.20796423840163383,,
S_SanFelipe,S_SanFelipe,pv_solar,Oriental,Solar,2031,16.57807718925099,16578.077189250995,0.0,9.1,1086813.0355512805,145327.0,75.32345871511468,0.20796423791021865,,
S_SanFelipe,S_SanFelipe,pv_solar,Oriental,Solar,2032,16.57807724321239,16578.077243212392,0.0,9.1,1086813.0355512805,145327.0,75.3234584731929,0.2079642385871392,,
S_SanFelipe,S_SanFelipe,pv_solar,Oriental,Solar,2033,16.578077299931255,16578.077299931258,0.0,9.1,1086813.0355512805,145327.0,75.32345821890877,0.20796423929865085,,
S_SanFelipe,S_SanFelipe,pv_solar,Oriental,Solar,2034,16.5780774427291,16578.0774427291,0.0,9.1,1086813.0355512805,145327.0,75.32345757871212,0.20796424108998315,,
S_SanFelipe,S_SanFelipe,pv_solar,Oriental,Solar,2035,16.578077423844913,16578.077423844912,0.0,9.1,1086813.0355512805,145327.0,75.32345766337441,0.20796424085308984,,
S_Sierpe,S_Sierpe,pv_solar,Caribe,Solar,2023,38.736628408664195,38736.6284086642,0.0,19.9,2376657.077744009,317803.0,70.55845638701331,0.22221052986774162,,
S_Sierpe,S_Sierpe,pv_solar,Caribe,Solar,2024,38.736628363017466,38736.62836301746,0.0,19.9,2376657.077744009,317803.0,70.55845646898007,0.2222105296058917,,
S_Sierpe,S_Sierpe,pv_solar,Caribe,Solar,2025,38.73662836433078,38736.628364330776,0.0,19.9,2376657.077744009,317803.0,70.55845646662178,0.22221052961342538,,
S_Sierpe,S_Sierpe,pv_solar,Caribe,Solar,2026,38.73662836889551,38736.628368895515,0.0,19.9,2376657.077744009,317803.0,70.558456458425,0.22221052963961072,,
S_Sierpe,S_Sierpe,pv_solar,Caribe,Solar,2027,38.736628352895345,38736.62835289534,0.0,19.9,2376657.077744009,317803.0,70.55845648715612,0.2222105295478267,,
S_Sierpe,S_Sierpe,pv_solar,Caribe,Solar,2028,38.736628360177015,38736.62836017701,0.0,19.9,2376657.077744009,317803.0,70.5584564740806,0.22221052958959758,,
S_Sierpe,S_Sierpe,pv_solar,Caribe,Solar,2029,38.73662834151607,38736.628341516065,0.0,19.9,2376657.077744009,317803.0,70.55845650758963,0.22221052948255007,,
S_Sierpe,S_Sierpe,pv_solar,Caribe,Solar,2030,38.736628361764375,38736.628361764364,0.0,19.9,2376657.077744009,317803.0,70.55845647123022,0.22221052959870338,,
S_Sierpe,S_Sierpe,pv_solar,Caribe,Solar,2031,38.736628334989646,38736.62833498965,0.0,19.9,2376657.077744009,317803.0,70.55845651930896,0.22221052944511166,,
S_Sierpe,S_Sierpe,pv_solar,Caribe,Solar,2032,38.73662837992515,38736.628379925154,0.0,19.9,2376657.077744009,317803.0,70.55845643861933,0.22221052970288172,,
S_Sierpe,S_Sierpe,pv_solar,Caribe,Solar,2033,38.73662836384806,38736.62836384806,0.0,19.9,2376657.077744009,317803.0,70.5584564674886,0.22221052961065632,,
S_Sierpe,S_Sierpe,pv_solar,Caribe,Solar,2034,38.73662835089564,38736.62835089564,0.0,19.9,2376657.077744009,317803.0,70.55845649074695,0.22221052953635548,,
S_Sierpe,S_Sierpe,pv_solar,Caribe,Solar,2035,38.73662836158722,38736.62836158722,0.0,19.9,2376657.077744009,317803.0,70.55845647154833,0.2222105295976872,,
S_Since,S_Since,pv_solar,Oriental,Solar,2023,36.01143848849636,36011.43848849636,0.0,18.5,2209455.0722745815,295445.0,70.55845635199375,0.22221052997961468,,
S_Since,S_Since,pv_solar,Oriental,Solar,2024,36.011438511198406,36011.4385111984,0.0,18.5,2209455.0722745815,295445.0,70.55845630814325,0.2222105301196989,,
S_Since,S_Since,pv_solar,Oriental,Solar,2025,36.011438463551876,36011.43846355187,0.0,18.5,2209455.0722745815,295445.0,70.55845640017566,0.22221052982569336,,
S_Since,S_Since,pv_solar,Oriental,Solar,2026,36.01143846867389,36011.438468673885,0.0,18.5,2209455.0722745815,295445.0,70.55845639028215,0.22221052985729903,,
S_Since,S_Since,pv_solar,Oriental,Solar,2027,36.011438479418,36011.438479418,0.0,18.5,2209455.0722745815,295445.0,70.55845636952918,0.22221052992359616,,
S_Since,S_Since,pv_solar,Oriental,Solar,2028,36.01143846773998,36011.43846773998,0.0,18.5,2209455.0722745815,295445.0,70.55845639208606,0.22221052985153628,,
S_Since,S_Since,pv_solar,Oriental,Solar,2029,36.01143843316241,36011.43843316241,0.0,18.5,2209455.0722745815,295445.0,70.5584564588749,0.22221052963817353,,
S_Since,S_Since,pv_solar,Oriental,Solar,2030,36.01143843529759,36011.43843529759,0.0,18.5,2209455.0722745815,295445.0,70.55845645475065,0.22221052965134877,,
S_Since,S_Since,pv_solar,Oriental,Solar,2031,36.01143841753536,36011.43841753536,0.0,18.5,2209455.0722745815,295445.0,70.55845648905957,0.22221052954174597,,
S_Since,S_Since,pv_solar,Oriental,Solar,2032,36.01143859371271,36011.43859371271,0.0,18.5,2209455.0722745815,295445.0,70.55845614876146,0.22221053062885784,,
S_Since,S_Since,pv_solar,Oriental,Solar,2033,36.01143861294183,36011.43861294182,0.0,18.5,2209455.0722745815,295445.0,70.55845611161915,0.22221053074751212,,
S_Since,S_Since,pv_solar,Oriental,Solar,2034,36.01143870693372,36011.438706933724,0.0,18.5,2209455.0722745815,295445.0,70.55845593006765,0.2222105313274942,,
S_Since,S_Since,pv_solar,Oriental,Solar,2035,36.01143858583539,36011.43858583539,0.0,18.5,2209455.0722745815,295445.0,70.55845616397701,0.22221053058025042,,
S_SolBolivar,S_SolBolivar,pv_solar,Caribe,Solar,2023,15.689307788765213,15689.307788765214,0.0,8.06,962605.8314882772,128718.20000000001,70.55845638197957,0.22221052988382237,,
S_SolBolivar,S_SolBolivar,pv_solar,Caribe,Solar,2024,15.689307758720261,15689.30775872026,0.0,8.06,962605.8314882772,128718.20000000001,70.55845651518369,0.22221052945829023,,
S_SolBolivar,S_SolBolivar,pv_solar,Caribe,Solar,2025,15.689307773570778,15689.307773570777,0.0,8.06,962605.8314882772,128718.20000000001,70.55845644934399,0.22221052966862082,,
S_SolBolivar,S_SolBolivar,pv_solar,Caribe,Solar,2026,15.689307780785835,15689.307780785837,0.0,8.06,962605.8314882772,128718.20000000001,70.5584564173561,0.222210529770809,,
S_SolBolivar,S_SolBolivar,pv_solar,Caribe,Solar,2027,15.689307756966477,15689.307756966478,0.0,8.06,962605.8314882772,128718.20000000001,70.55845652295908,0.22221052943345107,,
S_SolBolivar,S_SolBolivar,pv_solar,Caribe,Solar,2028,15.689307768850417,15689.307768850418,0.0,8.06,962605.8314882772,128718.20000000001,70.5584564702717,0.2222105296017655,,
S_SolBolivar,S_SolBolivar,pv_solar,Caribe,Solar,2029,15.689307776231528,15689.307776231528,0.0,8.06,962605.8314882772,128718.20000000001,70.55845643754758,0.22221052970630548,,
S_SolBolivar,S_SolBolivar,pv_solar,Caribe,Solar,2030,15.6893077808392,15689.3077808392,0.0,8.06,962605.8314882772,128718.20000000001,70.55845641711949,0.2222105297715648,,
S_SolBolivar,S_SolBolivar,pv_solar,Caribe,Solar,2031,15.689307753538092,15689.307753538094,0.0,8.06,962605.8314882772,128718.20000000001,70.5584565381588,0.22221052938489425,,
S_SolBolivar,S_SolBolivar,pv_solar,Caribe,Solar,2032,15.689307754452425,15689.307754452426,0.0,8.06,962605.8314882772,128718.20000000001,70.5584565341051,0.2222105293978441,,
S_SolBolivar,S_SolBolivar,pv_solar,Caribe,Solar,2033,15.689307763212488,15689.307763212488,0.0,8.06,962605.8314882772,128718.20000000001,70.55845649526742,0.22221052952191447,,
S_SolBolivar,S_SolBolivar,pv_solar,Caribe,Solar,2034,15.689307781011161,15689.307781011164,0.0,8.06,962605.8314882772,128718.20000000001,70.5584564163571,0.2222105297740003,,
S_SolBolivar,S_SolBolivar,pv_solar,Caribe,Solar,2035,15.68930776000919,15689.307760009187,0.0,8.06,962605.8314882772,128718.20000000001,70.55845650946922,0.22221052947654554,,
S_Sunnorte,S_Sunnorte,pv_solar,Nordeste,Solar,2024,68.99428381604167,68994.28381604166,0.0,35.0,4180050.1367356945,558950.0,69.68685164369866,0.22503027989576538,,
S_Sunnorte,S_Sunnorte,pv_solar,Nordeste,Solar,2025,68.99428379102116,68994.28379102115,0.0,35.0,4180050.1367356945,558950.0,69.68685166860769,0.22503027981415902,,
S_Sunnorte,S_Sunnorte,pv_solar,Nordeste,Solar,2026,68.99428377653996,68994.28377653995,0.0,35.0,4180050.1367356945,558950.0,69.68685168302437,0.2250302797669274,,
S_Sunnorte,S_Sunnorte,pv_solar,Nordeste,Solar,2027,68.99428375371292,68994.28375371291,0.0,35.0,4180050.1367356945,558950.0,69.68685170574969,0.22503027969247524,,
S_Sunnorte,S_Sunnorte,pv_solar,Nordeste,Solar,2028,68.99428372234911,68994.28372234912,0.0,35.0,4180050.1367356945,558950.0,69.68685173697375,0.22503027959017968,,
S_Sunnorte,S_Sunnorte,pv_solar,Nordeste,Solar,2029,68.99428378850087,68994.28378850088,0.0,35.0,4180050.1367356945,558950.0,69.68685167111677,0.22503027980593884,,
S_Sunnorte,S_Sunnorte,pv_solar,Nordeste,Solar,2030,68.99428373621654,68994.28373621653,0.0,35.0,4180050.1367356945,558950.0,69.6868517231681,0.22503027963540945,,
S_Sunnorte,S_Sunnorte,pv_solar,Nordeste,Solar,2031,68.99428376907204,68994.28376907205,0.0,35.0,4180050.1367356945,558950.0,69.68685169045901,0.22503027974257026,,
S_Sunnorte,S_Sunnorte,pv_solar,Nordeste,Solar,2032,68.99428383769367,68994.28383769366,0.0,35.0,4180050.1367356945,558950.0,69.68685162214315,0.22503027996638503,,
S_Sunnorte,S_Sunnorte,pv_solar,Nordeste,Solar,2033,68.99428388607339,68994.28388607339,0.0,35.0,4180050.1367356945,558950.0,69.686851573979,0.2250302801241793,,
S_Sunnorte,S_Sunnorte,pv_solar,Nordeste,Solar,2034,68.99428388276999,68994.28388276999,0.0,35.0,4180050.1367356945,558950.0,69.68685157726769,0.225030280113405,,
S_Sunnorte,S_Sunnorte,pv_solar,Nordeste,Solar,2035,68.99428387912678,68994.28387912677,0.0,35.0,4180050.1367356945,558950.0,69.68685158089465,0.2250302801015224,,
S_Tepuy,S_Tepuy,pv_solar,Surocciden,Solar,2024,151.2066380997618,151206.6380997618,0.0,83.0,9912690.324258933,1325510.0,75.32345871511468,0.20796423791021862,,
S_Tepuy,S_Tepuy,pv_solar,Surocciden,Solar,2025,151.2066380997618,151206.6380997618,0.0,83.0,9912690.324258933,1325510.0,75.32345871511468,0.20796423791021862,,
S_Tepuy,S_Tepuy,pv_solar,Surocciden,Solar,2026,151.2066380997618,151206.6380997618,0.0,83.0,9912690.324258933,1325510.0,75.32345871511468,0.20796423791021862,,
S_Tepuy,S_Tepuy,pv_solar,Surocciden,Solar,2027,151.2066380997618,151206.6380997618,0.0,83.0,9912690.324258933,1325510.0,75.32345871511468,0.20796423791021862,,
S_Tepuy,S_Tepuy,pv_solar,Surocciden,Solar,2028,151.2066380997618,151206.6380997618,0.0,83.0,9912690.324258933,1325510.0,75.32345871511468,0.20796423791021862,,
S_Tepuy,S_Tepuy,pv_solar,Surocciden,Solar,2029,151.2066380997618,151206.6380997618,0.0,83.0,9912690.324258933,1325510.0,75.32345871511468,0.20796423791021862,,
S_Tepuy,S_Tepuy,pv_solar,Surocciden,Solar,2030,151.2066380997618,151206.6380997618,0.0,83.0,9912690.324258933,1325510.0,75.32345871511468,0.20796423791021862,,
S_Tepuy,S_Tepuy,pv_solar,Surocciden,Solar,2031,151.2066380997618,151206.6380997618,0.0,83.0,9912690.324258933,1325510.0,75.32345871511468,0.20796423791021862,,
S_Tepuy,S_Tepuy,pv_solar,Surocciden,Solar,2032,151.2066380997618,151206.6380997618,0.0,83.0,9912690.324258933,1325510.0,75.32345871511468,0.20796423791021862,,
S_Tepuy,S_Tepuy,pv_solar,Surocciden,Solar,2033,151.2066380997618,151206.6380997618,0.0,83.0,9912690.324258933,1325510.0,75.32345871511468,0.20796423791021862,,
S_Tepuy,S_Tepuy,pv_solar,Surocciden,Solar,2034,151.20663809976182,151206.6380997618,0.0,83.0,9912690.324258933,1325510.0,75.32345871511467,0.20796423791021865,,
S_Tepuy,S_Tepuy,pv_solar,Surocciden,Solar,2035,151.2066380997618,151206.6380997618,0.0,83.0,9912690.324258933,1325510.0,75.32345871511468,0.20796423791021862,,
S_Termotasajero,S_Termotasajero,pv_solar,Nordeste,Solar,2023,7.88506122903603,7885.061229036029,0.0,4.0,477720.0156269365,63880.0,69.6868497143108,0.22503028621678162,,
S_Termotasajero,S_Termotasajero,pv_solar,Nordeste,Solar,2024,7.8850610916729345,7885.061091672935,0.0,4.0,477720.0156269365,63880.0,69.68685091088214,0.22503028229660196,,
S_Termotasajero,S_Termotasajero,pv_solar,Nordeste,Solar,2025,7.885061110354124,7885.061110354125,0.0,4.0,477720.0156269365,63880.0,69.6868507481501,0.22503028282974094,,
S_Termotasajero,S_Termotasajero,pv_solar,Nordeste,Solar,2026,7.885061096687936,7885.061096687938,0.0,4.0,477720.0156269365,63880.0,69.68685086719641,0.22503028243972414,,
S_Termotasajero,S_Termotasajero,pv_solar,Nordeste,Solar,2027,7.885061086014453,7885.061086014453,0.0,4.0,477720.0156269365,63880.0,69.68685096017325,0.2250302821351156,,
S_Termotasajero,S_Termotasajero,pv_solar,Nordeste,Solar,2028,7.885061130921391,7885.061130921391,0.0,4.0,477720.0156269365,63880.0,69.68685056898842,0.2250302834167063,,
S_Termotasajero,S_Termotasajero,pv_solar,Nordeste,Solar,2029,7.8850611170703235,7885.061117070323,0.0,4.0,477720.0156269365,63880.0,69.68685068964523,0.22503028302141329,,
S_Termotasajero,S_Termotasajero,pv_solar,Nordeste,Solar,2030,7.885061078026224,7885.061078026225,0.0,4.0,477720.0156269365,63880.0,69.68685102975878,0.22503028190714106,,
S_Termotasajero,S_Termotasajero,pv_solar,Nordeste,Solar,2031,7.885061138424257,7885.061138424258,0.0,4.0,477720.0156269365,63880.0,69.68685050363086,0.22503028363082922,,
S_Termotasajero,S_Termotasajero,pv_solar,Nordeste,Solar,2032,7.8850612866997185,7885.06128669972,0.0,4.0,477720.0156269365,63880.0,69.6868492120018,0.22503028786243484,,
S_Termotasajero,S_Termotasajero,pv_solar,Nordeste,Solar,2033,7.885061256057251,7885.061256057251,0.0,4.0,477720.0156269365,63880.0,69.68684947892865,0.2250302869879352,,
S_Termotasajero,S_Termotasajero,pv_solar,Nordeste,Solar,2034,7.885061217729325,7885.061217729323,0.0,4.0,477720.0156269365,63880.0,69.6868498128036,0.2250302858941017,,
S_Termotasajero,S_Termotasajero,pv_solar,Nordeste,Solar,2035,7.885061307918214,7885.061307918214,0.0,4.0,477720.0156269365,63880.0,69.68684902716727,0.2250302884679855,,
S_TierraLind,S_TierraLind,pv_solar,Caribe,Solar,2023,19.270986018140636,19270.986018140637,0.0,9.9,1182357.038676668,158103.0,70.55845629356136,0.22221053016628192,,
S_TierraLind,S_TierraLind,pv_solar,Caribe,Solar,2024,19.270985961974752,19270.985961974748,0.0,9.9,1182357.038676668,158103.0,70.55845649629165,0.22221052951864245,,
S_TierraLind,S_TierraLind,pv_solar,Caribe,Solar,2025,19.27098598117994,19270.98598117994,0.0,9.9,1182357.038676668,158103.0,70.5584564269707,0.22221052974009425,,
S_TierraLind,S_TierraLind,pv_solar,Caribe,Solar,2026,19.270985958524175,19270.98595852418,0.0,9.9,1182357.038676668,158103.0,70.55845650874649,0.22221052947885445,,
S_TierraLind,S_TierraLind,pv_solar,Caribe,Solar,2027,19.270985954920942,19270.985954920943,0.0,9.9,1182357.038676668,158103.0,70.55845652175232,0.22221052943730618,,
S_TierraLind,S_TierraLind,pv_solar,Caribe,Solar,2028,19.270985956053497,19270.985956053497,0.0,9.9,1182357.038676668,158103.0,70.55845651766437,0.22221052945036543,,
S_TierraLind,S_TierraLind,pv_solar,Caribe,Solar,2029,19.27098594481476,19270.985944814765,0.0,9.9,1182357.038676668,158103.0,70.55845655823049,0.22221052932077343,,
S_TierraLind,S_TierraLind,pv_solar,Caribe,Solar,2030,19.2709859818188,19270.985981818805,0.0,9.9,1182357.038676668,158103.0,70.55845642466473,0.22221052974746086,,
S_TierraLind,S_TierraLind,pv_solar,Caribe,Solar,2031,19.270985957874103,19270.985957874105,0.0,9.9,1182357.038676668,158103.0,70.55845651109293,0.22221052947135853,,
S_TierraLind,S_TierraLind,pv_solar,Caribe,Solar,2032,19.27098597887752,19270.985978877517,0.0,9.9,1182357.038676668,158103.0,70.55845643528126,0.2222105297135454,,
S_TierraLind,S_TierraLind,pv_solar,Caribe,Solar,2033,19.2709859624985,19270.985962498504,0.0,9.9,1182357.038676668,158103.0,70.55845649440118,0.2222105295246817,,
S_TierraLind,S_TierraLind,pv_solar,Caribe,Solar,2034,19.270985970121714,19270.985970121714,0.0,9.9,1182357.038676668,158103.0,70.55845646688527,0.2222105296125837,,
S_TierraLind,S_TierraLind,pv_solar,Caribe,Solar,2035,19.270985955620812,19270.98595562081,0.0,9.9,1182357.038676668,158103.0,70.55845651922614,0.22221052944537625,,
S_Tolua,S_Tolua,pv_solar,Caribe,Solar,2023,38.73662845090458,38736.62845090458,0.0,19.9,2376657.077744009,317803.0,70.55845631116323,0.22221053011005126,,
S_Tolua,S_Tolua,pv_solar,Caribe,Solar,2024,38.73662834533078,38736.628345330784,0.0,19.9,2376657.077744009,317803.0,70.55845650073964,0.22221052950443296,,
S_Tolua,S_Tolua,pv_solar,Caribe,Solar,2025,38.73662836782047,38736.62836782048,0.0,19.9,2376657.077744009,317803.0,70.55845646035542,0.22221052963344387,,
S_Tolua,S_Tolua,pv_solar,Caribe,Solar,2026,38.736628359700546,38736.62835970055,0.0,19.9,2376657.077744009,317803.0,70.55845647493618,0.22221052958686435,,
S_Tolua,S_Tolua,pv_solar,Caribe,Solar,2027,38.73662834176865,38736.62834176865,0.0,19.9,2376657.077744009,317803.0,70.55845650713607,0.22221052948399903,,
S_Tolua,S_Tolua,pv_solar,Caribe,Solar,2028,38.73662834186406,38736.62834186406,0.0,19.9,2376657.077744009,317803.0,70.55845650696473,0.22221052948454634,,
S_Tolua,S_Tolua,pv_solar,Caribe,Solar,2029,38.73662834076124,38736.62834076124,0.0,19.9,2376657.077744009,317803.0,70.55845650894504,0.2222105294782201,,
S_Tolua,S_Tolua,pv_solar,Caribe,Solar,2030,38.736628341189004,38736.628341189,0.0,19.9,2376657.077744009,317803.0,70.55845650817693,0.22221052948067394,,
S_Tolua,S_Tolua,pv_solar,Caribe,Solar,2031,38.736628362533494,38736.62836253349,0.0,19.9,2376657.077744009,317803.0,70.55845646984913,0.22221052960311538,,
S_Tolua,S_Tolua,pv_solar,Caribe,Solar,2032,38.736628338950425,38736.628338950424,0.0,19.9,2376657.077744009,317803.0,70.55845651219668,0.22221052946783243,,
S_Tolua,S_Tolua,pv_solar,Caribe,Solar,2033,38.73662836564423,38736.628365644225,0.0,19.9,2376657.077744009,317803.0,70.55845646426324,0.22221052962095997,,
S_Tolua,S_Tolua,pv_solar,Caribe,Solar,2034,38.73662840082534,38736.62840082534,0.0,19.9,2376657.077744009,317803.0,70.55845640108934,0.22221052982277445,,
S_Tolua,S_Tolua,pv_solar,Caribe,Solar,2035,38.73662833392726,38736.62833392726,0.0,19.9,2376657.077744009,317803.0,70.55845652121667,0.22221052943901728,,
S_Tucanes,S_Tucanes,pv_solar,Caribe,Solar,2023,19.270986014761622,19270.98601476162,0.0,9.9,1182357.038676668,158103.0,70.5584563057579,0.22221053012731906,,
S_Tucanes,S_Tucanes,pv_solar,Caribe,Solar,2024,19.270985959478843,19270.985959478843,0.0,9.9,1182357.038676668,158103.0,70.5584565053006,0.22221052948986256,,
S_Tucanes,S_Tucanes,pv_solar,Caribe,Solar,2025,19.27098598108966,19270.98598108966,0.0,9.9,1182357.038676668,158103.0,70.55845642729656,0.22221052973905325,,
S_Tucanes,S_Tucanes,pv_solar,Caribe,Solar,2026,19.270985997359233,19270.985997359232,0.0,9.9,1182357.038676668,158103.0,70.55845636857168,0.22221052992665496,,
S_Tucanes,S_Tucanes,pv_solar,Caribe,Solar,2027,19.270985972518837,19270.985972518833,0.0,9.9,1182357.038676668,158103.0,70.55845645823287,0.22221052964022453,,
S_Tucanes,S_Tucanes,pv_solar,Caribe,Solar,2028,19.270985960838235,19270.985960838232,0.0,9.9,1182357.038676668,158103.0,70.5584565003939,0.22221052950553746,,
S_Tucanes,S_Tucanes,pv_solar,Caribe,Solar,2029,19.270985980680585,19270.985980680587,0.0,9.9,1182357.038676668,158103.0,70.55845642877313,0.22221052973433628,,
S_Tucanes,S_Tucanes,pv_solar,Caribe,Solar,2030,19.27098598416571,19270.98598416571,0.0,9.9,1182357.038676668,158103.0,70.5584564161936,0.22221052977452266,,
S_Tucanes,S_Tucanes,pv_solar,Caribe,Solar,2031,19.27098598906395,19270.98598906395,0.0,9.9,1182357.038676668,158103.0,70.55845639851343,0.22221052983100345,,
S_Tucanes,S_Tucanes,pv_solar,Caribe,Solar,2032,19.27098595485392,19270.98595485392,0.0,9.9,1182357.038676668,158103.0,70.55845652199423,0.22221052943653333,,
S_Tucanes,S_Tucanes,pv_solar,Caribe,Solar,2033,19.27098595769154,19270.98595769154,0.0,9.9,1182357.038676668,158103.0,70.55845651175187,0.22221052946925346,,
S_Tucanes,S_Tucanes,pv_solar,Caribe,Solar,2034,19.270985981163964,19270.98598116396,0.0,9.9,1182357.038676668,158103.0,70.55845642702836,0.22221052973991007,,
S_Tucanes,S_Tucanes,pv_solar,Caribe,Solar,2035,19.270985960266238,19270.985960266236,0.0,9.9,1182357.038676668,158103.0,70.55845650245853,0.22221052949894185,,
S_Union,S_Union,pv_solar,Caribe,Solar,2024,194.65642385516475,194656.42385516473,0.0,100.0,11943000.390673412,1597000.0,70.55845649742302,0.2222105295150282,,
S_Union,S_Union,pv_solar,Caribe,Solar,2025,194.6564238572949,194656.4238572949,0.0,100.0,11943000.390673412,1597000.0,70.55845649666182,0.2222105295174599,,
S_Union,S_Union,pv_solar,Caribe,Solar,2026,194.6564238596223,194656.4238596223,0.0,100.0,11943000.390673412,1597000.0,70.55845649583016,0.22221052952011675,,
S_Union,S_Union,pv_solar,Caribe,Solar,2027,194.65642383857738,194656.42383857735,0.0,100.0,11943000.390673412,1597000.0,70.55845650335034,0.22221052949609285,,
S_Union,S_Union,pv_solar,Caribe,Solar,2028,194.6564238742838,194656.42387428382,0.0,100.0,11943000.390673412,1597000.0,70.55845649059101,0.22221052953685358,,
S_Union,S_Union,pv_solar,Caribe,Solar,2029,194.6564238280252,194656.42382802517,0.0,100.0,11943000.390673412,1597000.0,70.55845650712105,0.22221052948404696,,
S_Union,S_Union,pv_solar,Caribe,Solar,2030,194.65642386843297,194656.42386843293,0.0,100.0,11943000.390673412,1597000.0,70.55845649268176,0.22221052953017456,,
S_Union,S_Union,pv_solar,Caribe,Solar,2031,194.65642385966657,194656.42385966657,0.0,100.0,11943000.390673412,1597000.0,70.55845649581434,0.22221052952016726,,
S_Union,S_Union,pv_solar,Caribe,Solar,2032,194.65642383576773,194656.42383576772,0.0,100.0,11943000.390673412,1597000.0,70.55845650435434,0.22221052949288547,,
S_Union,S_Union,pv_solar,Caribe,Solar,2033,194.65642385990972,194656.42385990973,0.0,100.0,11943000.390673412,1597000.0,70.55845649572744,0.22221052952044484,,
S_Union,S_Union,pv_solar,Caribe,Solar,2034,194.65642383539506,194656.42383539502,0.0,100.0,11943000.390673412,1597000.0,70.55845650448751,0.22221052949246003,,
S_Union,S_Union,pv_solar,Caribe,Solar,2035,194.65642389300805,194656.42389300803,0.0,100.0,11943000.390673412,1597000.0,70.5584564839001,0.22221052955822834,,
S_Uruaco,S_Uruaco,pv_solar,Caribe,Solar,2023,1.9465642907478313,1946.5642907478314,0.0,1.0,119430.00390673413,15970.0,70.5584546322465,0.22221053547349667,,
S_Uruaco,S_Uruaco,pv_solar,Caribe,Solar,2024,1.9465642289335134,1946.5642289335137,0.0,1.0,119430.00390673413,15970.0,70.55845684111706,0.2222105284170677,,
S_Uruaco,S_Uruaco,pv_solar,Caribe,Solar,2025,1.9465642751492442,1946.5642751492444,0.0,1.0,119430.00390673413,15970.0,70.55845518964584,0.22221053369283605,,
S_Uruaco,S_Uruaco,pv_solar,Caribe,Solar,2026,1.9465642487360266,1946.5642487360267,0.0,1.0,119430.00390673413,15970.0,70.55845613349476,0.22221053067762858,,
S_Uruaco,S_Uruaco,pv_solar,Caribe,Solar,2027,1.9465642412662176,1946.5642412662176,0.0,1.0,119430.00390673413,15970.0,70.55845640042067,0.22221052982491063,,
S_Uruaco,S_Uruaco,pv_solar,Caribe,Solar,2028,1.9465642573214192,1946.5642573214188,0.0,1.0,119430.00390673413,15970.0,70.55845582670466,0.22221053165769622,,
S_Uruaco,S_Uruaco,pv_solar,Caribe,Solar,2029,1.9465642350092578,1946.5642350092576,0.0,1.0,119430.00390673413,15970.0,70.55845662400664,0.22221052911064582,,
S_Uruaco,S_Uruaco,pv_solar,Caribe,Solar,2030,1.9465642484040497,1946.5642484040495,0.0,1.0,119430.00390673413,15970.0,70.55845614535762,0.22221053063973167,,
S_Uruaco,S_Uruaco,pv_solar,Caribe,Solar,2031,1.9465642325061083,1946.564232506108,0.0,1.0,119430.00390673413,15970.0,70.55845671345409,0.22221052882489817,,
S_Uruaco,S_Uruaco,pv_solar,Caribe,Solar,2032,1.946564249756363,1946.5642497563629,0.0,1.0,119430.00390673413,15970.0,70.55845609703411,0.22221053079410533,,
S_Uruaco,S_Uruaco,pv_solar,Caribe,Solar,2033,1.946564249112651,1946.564249112651,0.0,1.0,119430.00390673413,15970.0,70.5584561200365,0.22221053072062222,,
S_Uruaco,S_Uruaco,pv_solar,Caribe,Solar,2034,1.9465642248037545,1946.5642248037543,0.0,1.0,119430.00390673413,15970.0,70.55845698868973,0.22221052794563403,,
S_Uruaco,S_Uruaco,pv_solar,Caribe,Solar,2035,1.9465642364443125,1946.5642364443127,0.0,1.0,119430.00390673413,15970.0,70.55845657272644,0.22221052927446483,,
S_Victoria_I,S_Victoria_I,pv_solar,Surocciden,Solar,2023,39.896691258425136,39896.69125842514,0.0,21.9,2615517.085557477,349743.0,75.32345871366695,0.20796423791426957,,
S_Victoria_I,S_Victoria_I,pv_solar,Surocciden,Solar,2024,39.89669127658115,39896.69127658114,0.0,21.9,2615517.085557477,349743.0,75.32345867984414,0.20796423800890904,,
S_Victoria_I,S_Victoria_I,pv_solar,Surocciden,Solar,2025,39.89669127453554,39896.69127453554,0.0,21.9,2615517.085557477,349743.0,75.32345868365489,0.20796423799824618,,
S_Victoria_I,S_Victoria_I,pv_solar,Surocciden,Solar,2026,39.89669125764799,39896.69125764798,0.0,21.9,2615517.085557477,349743.0,75.32345871511468,0.20796423791021862,,
S_Victoria_I,S_Victoria_I,pv_solar,Surocciden,Solar,2027,39.89669125764799,39896.691257647995,0.0,21.9,2615517.085557477,349743.0,75.32345871511468,0.20796423791021862,,
S_Victoria_I,S_Victoria_I,pv_solar,Surocciden,Solar,2028,39.896691289830926,39896.691289830924,0.0,21.9,2615517.085557477,349743.0,75.32345865516116,0.2079642380779744,,
S_Victoria_I,S_Victoria_I,pv_solar,Surocciden,Solar,2029,39.896691286242174,39896.69128624217,0.0,21.9,2615517.085557477,349743.0,75.32345866184663,0.20796423805926778,,
S_Victoria_I,S_Victoria_I,pv_solar,Surocciden,Solar,2030,39.89669130656648,39896.691306566485,0.0,21.9,2615517.085557477,349743.0,75.32345862398452,0.20796423816520965,,
S_Victoria_I,S_Victoria_I,pv_solar,Surocciden,Solar,2031,39.896691291161595,39896.691291161595,0.0,21.9,2615517.085557477,349743.0,75.32345865268225,0.20796423808491063,,
S_Victoria_I,S_Victoria_I,pv_solar,Surocciden,Solar,2032,39.89669125764799,39896.69125764799,0.0,21.9,2615517.085557477,349743.0,75.32345871511468,0.20796423791021862,,
S_Victoria_I,S_Victoria_I,pv_solar,Surocciden,Solar,2033,39.89669140278578,39896.69140278578,0.0,21.9,2615517.085557477,349743.0,75.32345844473781,0.2079642386667593,,
S_Victoria_I,S_Victoria_I,pv_solar,Surocciden,Solar,2034,39.89669152875475,39896.691528754745,0.0,21.9,2615517.085557477,349743.0,75.32345821007048,0.2079642393233812,,
S_Victoria_I,S_Victoria_I,pv_solar,Surocciden,Solar,2035,39.8966917261572,39896.691726157194,0.0,21.9,2615517.085557477,349743.0,75.3234578423299,0.207964240352355,,
S_Victoria_II,S_Victoria_II,pv_solar,Surocciden,Solar,2023,39.89669137116806,39896.69137116805,0.0,21.9,2615517.085557477,349743.0,75.32345850363839,0.2079642385019498,,
S_Victoria_II,S_Victoria_II,pv_solar,Surocciden,Solar,2024,39.89669127979779,39896.69127979779,0.0,21.9,2615517.085557477,349743.0,75.32345867385186,0.207964238025676,,
S_Victoria_II,S_Victoria_II,pv_solar,Surocciden,Solar,2025,39.89669139304269,39896.691393042696,0.0,21.9,2615517.085557477,349743.0,75.3234584628882,0.20796423861597277,,
S_Victoria_II,S_Victoria_II,pv_solar,Surocciden,Solar,2026,39.89669125764799,39896.69125764798,0.0,21.9,2615517.085557477,349743.0,75.32345871511468,0.20796423791021862,,
S_Victoria_II,S_Victoria_II,pv_solar,Surocciden,Solar,2027,39.89669125764799,39896.69125764798,0.0,21.9,2615517.085557477,349743.0,75.32345871511468,0.20796423791021862,,
S_Victoria_II,S_Victoria_II,pv_solar,Surocciden,Solar,2028,39.89669127526525,39896.69127526524,0.0,21.9,2615517.085557477,349743.0,75.32345868229552,0.20796423800204983,,
S_Victoria_II,S_Victoria_II,pv_solar,Surocciden,Solar,2029,39.89669136759987,39896.69136759987,0.0,21.9,2615517.085557477,349743.0,75.32345851028555,0.20796423848335038,,
S_Victoria_II,S_Victoria_II,pv_solar,Surocciden,Solar,2030,39.89669126802637,39896.69126802638,0.0,21.9,2615517.085557477,349743.0,75.32345869578081,0.20796423796431668,,
S_Victoria_II,S_Victoria_II,pv_solar,Surocciden,Solar,2031,39.89669125764799,39896.69125764799,0.0,21.9,2615517.085557477,349743.0,75.32345871511468,0.20796423791021862,,
S_Victoria_II,S_Victoria_II,pv_solar,Surocciden,Solar,2032,39.89669125764799,39896.691257647995,0.0,21.9,2615517.085557477,349743.0,75.32345871511468,0.20796423791021862,,
S_Victoria_II,S_Victoria_II,pv_solar,Surocciden,Solar,2033,39.89669125764799,39896.69125764798,0.0,21.9,2615517.085557477,349743.0,75.32345871511468,0.20796423791021862,,
S_Victoria_II,S_Victoria_II,pv_solar,Surocciden,Solar,2034,39.89669125764799,39896.69125764798,0.0,21.9,2615517.085557477,349743.0,75.32345871511468,0.20796423791021862,,
S_Victoria_II,S_Victoria_II,pv_solar,Surocciden,Solar,2035,39.89669125764799,39896.69125764799,0.0,21.9,2615517.085557477,349743.0,75.32345871511468,0.20796423791021862,,
S_Yuma,S_Yuma,pv_solar,Oriental,Solar,2023,16.578077226610993,16578.077226610993,0.0,9.1,1086813.0355512805,145327.0,75.32345854762093,0.2079642383788824,,
S_Yuma,S_Yuma,pv_solar,Oriental,Solar,2024,16.578077312972397,16578.0773129724,0.0,9.1,1086813.0355512805,145327.0,75.32345816044223,0.2079642394622459,,
S_Yuma,S_Yuma,pv_solar,Oriental,Solar,2025,16.578077350445938,16578.07735044594,0.0,9.1,1086813.0355512805,145327.0,75.32345799243946,0.20796423993233396,,
S_Yuma,S_Yuma,pv_solar,Oriental,Solar,2026,16.57807740007223,16578.077400072238,0.0,9.1,1086813.0355512805,145327.0,75.323457769953,0.20796424055487264,,
S_Yuma,S_Yuma,pv_solar,Oriental,Solar,2027,16.578077294960785,16578.077294960785,0.0,9.1,1086813.0355512805,145327.0,75.32345824119257,0.20796423923629864,,
S_Yuma,S_Yuma,pv_solar,Oriental,Solar,2028,16.578077323561544,16578.077323561545,0.0,9.1,1086813.0355512805,145327.0,75.32345811296857,0.2079642395950818,,
S_Yuma,S_Yuma,pv_solar,Oriental,Solar,2029,16.578077290585192,16578.07729058519,0.0,9.1,1086813.0355512805,145327.0,75.32345826080939,0.20796423918140886,,
S_Yuma,S_Yuma,pv_solar,Oriental,Solar,2030,16.578077312853456,16578.077312853457,0.0,9.1,1086813.0355512805,145327.0,75.32345816097546,0.20796423946075385,,
S_Yuma,S_Yuma,pv_solar,Oriental,Solar,2031,16.578077367344797,16578.0773673448,0.0,9.1,1086813.0355512805,145327.0,75.32345791667784,0.20796424014432227,,
S_Yuma,S_Yuma,pv_solar,Oriental,Solar,2032,16.578077345584546,16578.07734558455,0.0,9.1,1086813.0355512805,145327.0,75.32345801423422,0.20796423987135007,,
S_Yuma,S_Yuma,pv_solar,Oriental,Solar,2033,16.57807735415213,16578.077354152127,0.0,9.1,1086813.0355512805,145327.0,75.32345797582373,0.20796423997882638,,
S_Yuma,S_Yuma,pv_solar,Oriental,Solar,2034,16.578077231087732,16578.077231087733,0.0,9.1,1086813.0355512805,145327.0,75.32345852755063,0.20796423843504103,,
S_Yuma,S_Yuma,pv_solar,Oriental,Solar,2035,16.578077361219677,16578.077361219675,0.0,9.1,1086813.0355512805,145327.0,75.32345794413821,0.20796424006748548,,
S_Yumbo,S_Yumbo,pv_solar,Surocciden,Solar,2023,17.853313913233634,17853.313913233633,0.0,9.8,1170414.0382859944,156506.0,75.32345864385574,0.207964238109608,,
S_Yumbo,S_Yumbo,pv_solar,Surocciden,Solar,2024,17.85331400874117,17853.31400874117,0.0,9.8,1170414.0382859944,156506.0,75.32345824625727,0.20796423922212706,,
S_Yumbo,S_Yumbo,pv_solar,Surocciden,Solar,2025,17.853313916449935,17853.313916449937,0.0,9.8,1170414.0382859944,156506.0,75.32345863046628,0.20796423814707304,,
S_Yumbo,S_Yumbo,pv_solar,Surocciden,Solar,2026,17.853313910780944,17853.31391078094,0.0,9.8,1170414.0382859944,156506.0,75.32345865406633,0.20796423808103784,,
S_Yumbo,S_Yumbo,pv_solar,Surocciden,Solar,2027,17.853313896116454,17853.313896116455,0.0,9.8,1170414.0382859944,156506.0,75.32345871511468,0.20796423791021865,,
S_Yumbo,S_Yumbo,pv_solar,Surocciden,Solar,2028,17.853313896116454,17853.313896116455,0.0,9.8,1170414.0382859944,156506.0,75.32345871511468,0.20796423791021865,,
S_Yumbo,S_Yumbo,pv_solar,Surocciden,Solar,2029,17.853313896116454,17853.313896116455,0.0,9.8,1170414.0382859944,156506.0,75.32345871511468,0.20796423791021865,,
S_Yumbo,S_Yumbo,pv_solar,Surocciden,Solar,2030,17.853313896116454,17853.313896116455,0.0,9.8,1170414.0382859944,156506.0,75.32345871511468,0.20796423791021865,,
S_Yumbo,S_Yumbo,pv_solar,Surocciden,Solar,2031,17.853313896116454,17853.313896116455,0.0,9.8,1170414.0382859944,156506.0,75.32345871511468,0.20796423791021865,,
S_Yumbo,S_Yumbo,pv_solar,Surocciden,Solar,2032,17.853313896116454,17853.31389611645,0.0,9.8,1170414.0382859944,156506.0,75.32345871511467,0.20796423791021865,,
S_Yumbo,S_Yumbo,pv_solar,Surocciden,Solar,2033,17.853313896116454,17853.313896116455,0.0,9.8,1170414.0382859944,156506.0,75.32345871511468,0.20796423791021865,,
S_Yumbo,S_Yumbo,pv_solar,Surocciden,Solar,2034,17.853313896116454,17853.313896116455,0.0,9.8,1170414.0382859944,156506.0,75.32345871511468,0.20796423791021865,,
S_Yumbo,S_Yumbo,pv_solar,Surocciden,Solar,2035,17.853313896116454,17853.313896116455,0.0,9.8,1170414.0382859944,156506.0,75.32345871511468,0.20796423791021865,,
TASAJERO 1,TASAJERO 1,Thermal,Nordeste,CARBON,2023,1445.399989389666,12128507.453193344,1241711.6211648933,165.0,20626650.674728606,23631300.0,39.010971732282684,0.99999999265924,,
TASAJERO 1,TASAJERO 1,Thermal,Nordeste,CARBON,2024,1445.399999661158,12128507.539382542,1241711.6299889083,165.0,20626650.674728606,23631300.0,39.01097151468777,0.9999999997655721,,
TASAJERO 1,TASAJERO 1,Thermal,Nordeste,CARBON,2025,1445.400000073795,12128507.542845024,1241711.6303433955,165.0,20626650.674728606,23631300.0,39.01097150594632,1.000000000051055,,
TASAJERO 1,TASAJERO 1,Thermal,Nordeste,CARBON,2026,1445.400000500875,12128507.546428695,1241711.6307102907,165.0,20626650.674728606,23631300.0,39.010971496898904,1.0000000003465301,,
TASAJERO 1,TASAJERO 1,Thermal,Nordeste,CARBON,2027,1445.4000006529186,12128507.547704512,1241711.630840908,165.0,20626650.674728606,23631300.0,39.010971493677964,1.0000000004517215,,
TASAJERO 1,TASAJERO 1,Thermal,Nordeste,CARBON,2028,1445.4000004045051,12128507.545620047,1241711.6306275015,165.0,20626650.674728606,23631300.0,39.01097149894044,1.0000000002798566,,
TASAJERO 1,TASAJERO 1,Thermal,Nordeste,CARBON,2029,1445.40000051984,12128507.546587836,1241711.6307265833,165.0,20626650.674728606,23631300.0,39.01097149649715,1.000000000359651,,
TASAJERO 1,TASAJERO 1,Thermal,Nordeste,CARBON,2030,1445.4000006134934,12128507.54737369,1241711.6308070389,165.0,20626650.674728606,23631300.0,39.01097149451316,1.0000000004244451,,
TASAJERO 1,TASAJERO 1,Thermal,Nordeste,CARBON,2031,1445.4000006459987,12128507.547646446,1241711.6308349634,165.0,20626650.674728606,23631300.0,39.010971493824556,1.000000000446934,,
TASAJERO 1,TASAJERO 1,Thermal,Nordeste,CARBON,2032,1445.4000006916583,12128507.54802958,1241711.6308741884,165.0,20626650.674728606,23631300.0,39.01097149285728,1.0000000004785237,,
TASAJERO 1,TASAJERO 1,Thermal,Nordeste,CARBON,2033,1445.400000735007,12128507.548393324,1241711.6309114285,165.0,20626650.674728606,23631300.0,39.010971491938975,1.0000000005085143,,
TASAJERO 1,TASAJERO 1,Thermal,Nordeste,CARBON,2034,1445.4000005862617,12128507.547145184,1241711.6307836445,165.0,20626650.674728606,23631300.0,39.01097149509005,1.000000000405605,,
TASAJERO 1,TASAJERO 1,Thermal,Nordeste,CARBON,2035,1445.400000885693,12128507.549657747,1241711.6310408795,165.0,20626650.674728606,23631300.0,39.01097148874678,1.0000000006127665,,
TASAJERO 2,TASAJERO 2,Thermal,Nordeste,CARBON,2023,1330.5326770822546,11164643.426850706,1255981.068439588,170.0,21267000.695675414,24347400.0,42.67391932608356,0.8934546582609819,,
TASAJERO 2,TASAJERO 2,Thermal,Nordeste,CARBON,2024,1489.1999981045399,12496038.05790339,1405758.037330745,170.0,21267000.695675414,24347400.0,39.021245519434615,0.9999999987271956,,
TASAJERO 2,TASAJERO 2,Thermal,Nordeste,CARBON,2025,1489.1999993340553,12496038.068220386,1405758.038491369,170.0,21267000.695675414,24347400.0,39.02124549414572,0.9999999995528168,,
TASAJERO 2,TASAJERO 2,Thermal,Nordeste,CARBON,2026,1489.2000001996994,12496038.075484099,1405758.03930851,170.0,21267000.695675414,24347400.0,39.02124547634099,1.000000000134098,,
TASAJERO 2,TASAJERO 2,Thermal,Nordeste,CARBON,2027,1489.2000004612337,12496038.077678662,1405758.0395553901,170.0,21267000.695675414,24347400.0,39.0212454709617,1.000000000309719,,
TASAJERO 2,TASAJERO 2,Thermal,Nordeste,CARBON,2028,1489.200000142828,12496038.075006885,1405758.039254825,170.0,21267000.695675414,24347400.0,39.021245477510725,1.000000000095909,,
TASAJERO 2,TASAJERO 2,Thermal,Nordeste,CARBON,2029,1489.2000003201674,12496038.07649496,1405758.039422228,170.0,21267000.695675414,24347400.0,39.021245473863175,1.0000000002149927,,
TASAJERO 2,TASAJERO 2,Thermal,Nordeste,CARBON,2030,1489.2000004403546,12496038.077503465,1405758.039535681,170.0,21267000.695675414,24347400.0,39.02124547139115,1.0000000002956986,,
TASAJERO 2,TASAJERO 2,Thermal,Nordeste,CARBON,2031,1489.2000004822232,12496038.07785479,1405758.0395752038,170.0,21267000.695675414,24347400.0,39.02124547052999,1.0000000003238134,,
TASAJERO 2,TASAJERO 2,Thermal,Nordeste,CARBON,2032,1489.2000005420725,12496038.078356989,1405758.0396316994,170.0,21267000.695675414,24347400.0,39.02124546929899,1.0000000003640024,,
TASAJERO 2,TASAJERO 2,Thermal,Nordeste,CARBON,2033,1489.2000006016874,12496038.078857224,1405758.039687974,170.0,21267000.695675414,24347400.0,39.02124546807283,1.000000000404034,,
TASAJERO 2,TASAJERO 2,Thermal,Nordeste,CARBON,2034,1489.2000004196618,12496038.077329827,1405758.0395161472,170.0,21267000.695675414,24347400.0,39.02124547181676,1.0000000002818035,,
TASAJERO 2,TASAJERO 2,Thermal,Nordeste,CARBON,2035,1489.2000007879742,12496038.080420375,1405758.039863823,170.0,21267000.695675414,24347400.0,39.02124546424125,1.0000000005291256,,
TC_GECELCA3,TC_GECELCA3,Thermal,Caribe,CARBON,2023,1433.549114994116,12029065.485925874,1352318.7746519123,164.0,20531160.671604987,23488080.0,39.097583453051705,0.9978485319872172,,
TC_GECELCA3,TC_GECELCA3,Thermal,Caribe,CARBON,2024,1387.55203528914,11643099.02119489,1308928.0642719232,164.0,20531160.671604987,23488080.0,40.11549713247395,0.9658314089049029,,
TC_GECELCA3,TC_GECELCA3,Thermal,Caribe,CARBON,2025,1399.4265793844443,11742739.603469964,1320129.7515755203,164.0,20531160.671604987,23488080.0,39.84630640615857,0.9740969062426523,,
TC_GECELCA3,TC_GECELCA3,Thermal,Caribe,CARBON,2026,1418.083901425612,11899295.208211932,1337729.8788520116,164.0,20531160.671604987,23488080.0,39.43245940779775,0.9870836823599592,,
TC_GECELCA3,TC_GECELCA3,Thermal,Caribe,CARBON,2027,1359.4064385618417,11406926.278571755,1282377.304008461,164.0,20531160.671604987,23488080.0,40.77232928866647,0.9462401426675028,,
TC_GECELCA3,TC_GECELCA3,Thermal,Caribe,CARBON,2028,1272.2041156099554,10675202.166477133,1200116.1960438557,164.0,20531160.671604987,23488080.0,42.99187698497501,0.885541343419336,,
TC_GECELCA3,TC_GECELCA3,Thermal,Caribe,CARBON,2029,1213.2657017268643,10180643.568644078,1144517.4566573533,164.0,20531160.671604987,23488080.0,44.67272433656151,0.8445161639150128,,
TC_GECELCA3,TC_GECELCA3,Thermal,Caribe,CARBON,2030,1339.134127597779,11236819.127315367,1263253.699218404,164.0,20531160.671604987,23488080.0,41.26252827119123,0.9321292234643187,,
TC_GECELCA3,TC_GECELCA3,Thermal,Caribe,CARBON,2031,1371.9592801875467,11512258.528698865,1294218.8539268556,164.0,20531160.671604987,23488080.0,40.47605493999261,0.9549777816206888,,
TC_GECELCA3,TC_GECELCA3,Thermal,Caribe,CARBON,2032,1393.4932148520609,11692952.100715164,1314532.5940243267,164.0,20531160.671604987,23488080.0,39.98023971593919,0.9699668774724778,,
TC_GECELCA3,TC_GECELCA3,Thermal,Caribe,CARBON,2033,1421.869819850506,11931063.258696625,1341301.272752461,164.0,20531160.671604987,23488080.0,39.34980766114311,0.989718941314808,,
TC_GECELCA3,TC_GECELCA3,Thermal,Caribe,CARBON,2034,1411.3681106646393,11842942.282449879,1331394.6303155604,164.0,20531160.671604987,23488080.0,39.580165182950275,0.9824090312567095,,
TC_GECELCA3,TC_GECELCA3,Thermal,Caribe,CARBON,2035,1436.6399995298284,12055001.431964021,1355234.5179244701,164.0,20531160.671604987,23488080.0,39.031519463415,0.999999999672728,,
TC_GECELCA32,TC_GECELCA32,Thermal,Caribe,CARBON,2023,1623.7058681121114,13624691.343402542,1547556.011344695,270.0,33801301.105691135,38669400.0,53.02400769740217,0.6864983376087059,,
TC_GECELCA32,TC_GECELCA32,Thermal,Caribe,CARBON,2024,1229.233700617202,10314632.77230792,1171584.115138696,270.0,33801301.105691135,38669400.0,67.34710725587192,0.5197165992800616,,
TC_GECELCA32,TC_GECELCA32,Thermal,Caribe,CARBON,2025,1364.9222378644445,11453209.946375143,1300909.0228152876,270.0,33801301.105691135,38669400.0,61.486221503265654,0.5770853364892796,,
TC_GECELCA32,TC_GECELCA32,Thermal,Caribe,CARBON,2026,1675.254111755778,14057238.224418664,1596686.7042193662,270.0,33801301.105691135,38669400.0,51.650635400872254,0.708292792049627,,
TC_GECELCA32,TC_GECELCA32,Thermal,Caribe,CARBON,2027,1476.6788769951304,12390971.978055187,1407424.409678711,270.0,33801301.105691135,38669400.0,57.467926443445805,0.6243357335511289,,
TC_GECELCA32,TC_GECELCA32,Thermal,Caribe,CARBON,2028,1476.3729930427821,12388405.272767305,1407132.8713166672,270.0,33801301.105691135,38669400.0,57.47809447771401,0.6242064066644605,,
TC_GECELCA32,TC_GECELCA32,Thermal,Caribe,CARBON,2029,896.1209874788317,7519448.01119679,854093.9885112592,270.0,33801301.105691135,38669400.0,89.26266679897113,0.3788774680698594,,
TC_GECELCA32,TC_GECELCA32,Thermal,Caribe,CARBON,2030,1332.2278349042763,11178867.679258103,1269747.9481206676,270.0,33801301.105691135,38669400.0,62.789236640562805,0.5632622335972756,,
TC_GECELCA32,TC_GECELCA32,Thermal,Caribe,CARBON,2031,1274.6508489720054,10695732.970431358,1214871.253736237,270.0,33801301.105691135,38669400.0,65.24644308925498,0.5389188436377494,,
TC_GECELCA32,TC_GECELCA32,Thermal,Caribe,CARBON,2032,1915.8311249283395,16075945.930762628,1825980.94416655,270.0,33801301.105691135,38669400.0,46.2183988370926,0.8100080859666577,,
TC_GECELCA32,TC_GECELCA32,Thermal,Caribe,CARBON,2033,2121.804315809702,17804289.22611404,2022294.2395634062,270.0,33801301.105691135,38669400.0,42.546331751312,0.8970929797943944,,
TC_GECELCA32,TC_GECELCA32,Thermal,Caribe,CARBON,2034,2167.7860348401364,18190126.79776557,2066119.4711493757,270.0,33801301.105691135,38669400.0,41.8218525474275,0.9165339230678741,,
TC_GECELCA32,TC_GECELCA32,Thermal,Caribe,CARBON,2035,2365.1999988871266,19846648.696122162,2254274.957179319,270.0,33801301.105691135,38669400.0,39.03151946780417,0.99999999952948,,
TEBSAB,TEBSAB,Thermal,Caribe,GASNACIO,2023,6.287057266290377e-06,0.044512365445335864,0.0026669583756572983,791.0,99167673.24392298,113287020.0,33792390348.909985,9.073332505369158e-10,,
TEBSAB,TEBSAB,Thermal,Caribe,GASNACIO,2024,17.99737468814068,127421.41279203602,7634.453947434838,791.0,99167673.24392298,113287020.0,11811.840245610678,0.0025973385934428815,,
TEBSAB,TEBSAB,Thermal,Caribe,GASNACIO,2025,44.83953640642301,317463.9177574749,19020.85063243911,791.0,99167673.24392298,113287020.0,4745.190834114022,0.006471135953914039,,
TEBSAB,TEBSAB,Thermal,Caribe,GASNACIO,2026,105.79289374491239,749013.6877139796,44877.15509938309,791.0,99167673.24392298,113287020.0,2015.2932714527433,0.015267780473378068,,
TEBSAB,TEBSAB,Thermal,Caribe,GASNACIO,2027,56.048423001847986,396822.83485308377,23775.640150222516,791.0,99167673.24392298,113287020.0,3797.6361274563974,0.0080887759846573,,
TEBSAB,TEBSAB,Thermal,Caribe,GASNACIO,2028,4.499008024852054e-06,0.03185297681595253,0.0019084711059277962,791.0,99167673.24392298,113287020.0,47222563752.32012,6.492862085522708e-10,,
TEBSAB,TEBSAB,Thermal,Caribe,GASNACIO,2029,3.6724489169273132e-06,0.02600093833184538,0.001557846220152516,791.0,99167673.24392298,113287020.0,57850959421.29041,5.299991509688494e-10,,
TEBSAB,TEBSAB,Thermal,Caribe,GASNACIO,2030,119.31346218414474,844739.3122637448,50612.55589428227,791.0,99167673.24392298,113287020.0,1787.7231005750796,0.017219036966117787,,
TEBSAB,TEBSAB,Thermal,Caribe,GASNACIO,2031,250.68937316583958,1774880.7620141443,106341.98085607745,791.0,99167673.24392298,113287020.0,854.5618479975094,0.036178898043318315,,
TEBSAB,TEBSAB,Thermal,Caribe,GASNACIO,2032,475.0312247998874,3363221.071583203,201507.39050390758,791.0,99167673.24392298,113287020.0,454.32363821225033,0.06855538402921671,,
TEBSAB,TEBSAB,Thermal,Caribe,GASNACIO,2033,1037.9019681699192,7348345.934643027,440276.146674137,791.0,99167673.24392298,113287020.0,211.77630057502805,0.149787559844183,,
TEBSAB,TEBSAB,Thermal,Caribe,GASNACIO,2034,1990.5824742741347,14093323.917860873,844401.5025386342,791.0,99167673.24392298,113287020.0,113.80991247016505,0.2872761596317785,,
TEBSAB,TEBSAB,Thermal,Caribe,GASNACIO,2035,3020.8856061597753,21387870.091611207,1281454.2365388854,791.0,99167673.24392298,113287020.0,77.40861251373256,0.43596707337682705,,
TEQUEND1-4,TEQUEND1-4,Hidro,Oriental,Water,2023,99.66392517875529,138532.85599846987,0.0,56.8,15760296.51554288,2486704.0,184.4753087796353,0.20030211986855118,,
TEQUEND1-4,TEQUEND1-4,Hidro,Oriental,Water,2024,99.66392512859827,138532.8559287516,0.0,56.8,15760296.51554288,2486704.0,184.4753088717751,0.2003021197677468,,
TEQUEND1-4,TEQUEND1-4,Hidro,Oriental,Water,2025,99.66392517597592,138532.8559946065,0.0,56.8,15760296.51554288,2486704.0,184.4753087847411,0.20030211986296528,,
TEQUEND1-4,TEQUEND1-4,Hidro,Oriental,Water,2026,99.66392522765399,138532.85606643904,0.0,56.8,15760296.51554288,2486704.0,184.47530868980706,0.2003021199668266,,
TEQUEND1-4,TEQUEND1-4,Hidro,Oriental,Water,2027,99.66392514492269,138532.85595144256,0.0,56.8,15760296.51554288,2486704.0,184.4753088417867,0.20030211980055523,,
TEQUEND1-4,TEQUEND1-4,Hidro,Oriental,Water,2028,99.66392521370315,138532.85604704736,0.0,56.8,15760296.51554288,2486704.0,184.47530871543512,0.20030211993878855,,
TEQUEND1-4,TEQUEND1-4,Hidro,Oriental,Water,2029,99.66392519629414,138532.85602284883,0.0,56.8,15760296.51554288,2486704.0,184.47530874741594,0.20030211990380034,,
TEQUEND1-4,TEQUEND1-4,Hidro,Oriental,Water,2030,99.66392518223157,138532.85600330186,0.0,56.8,15760296.51554288,2486704.0,184.47530877324928,0.20030211987553773,,
TEQUEND1-4,TEQUEND1-4,Hidro,Oriental,Water,2031,99.6639251408568,138532.85594579094,0.0,56.8,15760296.51554288,2486704.0,184.4753088492558,0.20030211979238374,,
TEQUEND1-4,TEQUEND1-4,Hidro,Oriental,Water,2032,99.66392517594888,138532.85599456893,0.0,56.8,15760296.51554288,2486704.0,184.47530878479074,0.2003021198629109,,
TEQUEND1-4,TEQUEND1-4,Hidro,Oriental,Water,2033,99.66392512444132,138532.85592297342,0.0,56.8,15760296.51554288,2486704.0,184.47530887941153,0.2003021197593923,,
TEQUEND1-4,TEQUEND1-4,Hidro,Oriental,Water,2034,99.66392515745781,138532.85596886638,0.0,56.8,15760296.51554288,2486704.0,184.47530881875932,0.20030211982574803,,
TEQUEND1-4,TEQUEND1-4,Hidro,Oriental,Water,2035,99.66392516025834,138532.85597275908,0.0,56.8,15760296.51554288,2486704.0,184.47530881361467,0.20030211983137647,,
TERMO YOPAL2,TERMO YOPAL2,Thermal,Nordeste,GASNACIO,2023,1.2832765033055951e-06,0.009085597643403614,0.0009103314558808251,28.0,3520440.115158864,4010160.0,5868259961.782491,5.231883982817983e-09,,
TERMO YOPAL2,TERMO YOPAL2,Thermal,Nordeste,GASNACIO,2024,1.922133826498074e-06,0.013608707491606363,0.0013635244471214996,28.0,3520440.115158864,4010160.0,3917833412.5088124,7.836488203270032e-09,,
TERMO YOPAL2,TERMO YOPAL2,Thermal,Nordeste,GASNACIO,2025,2.222095381564374e-06,0.01573243530147577,0.001576311355031365,28.0,3520440.115158864,4010160.0,3388963495.1627016,9.05942344082018e-09,,
TERMO YOPAL2,TERMO YOPAL2,Thermal,Nordeste,GASNACIO,2026,2.5778022746537228e-06,0.018250840104548357,0.0018286429242752227,28.0,3520440.115158864,4010160.0,2921325738.383597,1.0509630930584321e-08,,
TERMO YOPAL2,TERMO YOPAL2,Thermal,Nordeste,GASNACIO,2027,3.380434114124391e-06,0.02393347352800069,0.002398014380138029,28.0,3520440.115158864,4010160.0,2227702089.393608,1.3781939473762193e-08,,
TERMO YOPAL2,TERMO YOPAL2,Thermal,Nordeste,GASNACIO,2028,2.044285690713222e-06,0.014473542690249613,0.0014501766098495598,28.0,3520440.115158864,4010160.0,3683731762.0733757,8.334498086730356e-09,,
TERMO YOPAL2,TERMO YOPAL2,Thermal,Nordeste,GASNACIO,2029,2.9132480176995793e-06,0.02062579596531302,0.002066601626744538,28.0,3520440.115158864,4010160.0,2584949887.5592237,1.187723425350448e-08,,
TERMO YOPAL2,TERMO YOPAL2,Thermal,Nordeste,GASNACIO,2030,8.760005178606578,62020.83666453457,6214.177729603041,28.0,3520440.115158864,4010160.0,866.7370391932951,0.03571430682732622,,
TERMO YOPAL2,TERMO YOPAL2,Thermal,Nordeste,GASNACIO,2031,17.519997535621876,124041.58255220288,12428.346363817967,28.0,3520440.115158864,4010160.0,436.90883415637217,0.0714285613813677,,
TERMO YOPAL2,TERMO YOPAL2,Thermal,Nordeste,GASNACIO,2032,17.520011466496396,124041.68118279446,12428.356246110092,28.0,3520440.115158864,4010160.0,436.90849238196375,0.07142861817717054,,
TERMO YOPAL2,TERMO YOPAL2,Thermal,Nordeste,GASNACIO,2033,61.32001013465502,434145.6717533576,43499.225581327664,28.0,3520440.115158864,4010160.0,129.8882007589712,0.25000004131871745,,
TERMO YOPAL2,TERMO YOPAL2,Thermal,Nordeste,GASNACIO,2034,105.12000775129552,744249.6548791721,74570.09417061866,28.0,3520440.115158864,4010160.0,78.71812366695772,0.42857146017325304,,
TERMO YOPAL2,TERMO YOPAL2,Thermal,Nordeste,GASNACIO,2035,192.71998916533437,1364457.523290567,136711.82154609842,28.0,3520440.115158864,4010160.0,46.15534526010359,0.7857142415416435,,
TERMOCENTRO,TERMOCENTRO,Thermal,Antioquia,GASNACIO,2023,1.3296034274885118e-06,0.0092939279581447,0.0005783083515792732,272.0,34296481.12188921,38955840.0,55093360634.26781,5.580191661162502e-10,,
TERMOCENTRO,TERMOCENTRO,Thermal,Antioquia,GASNACIO,2024,1.4459383721741774e-06,0.0101071092214975,0.0006289080031004141,272.0,34296481.12188921,38955840.0,50660749131.272354,6.068435956277604e-10,,
TERMOCENTRO,TERMOCENTRO,Thermal,Antioquia,GASNACIO,2025,1.5507408658443008e-06,0.010839678652251664,0.0006744916381172469,272.0,34296481.12188921,38955840.0,47236983783.77787,6.508279889556056e-10,,
TERMOCENTRO,TERMOCENTRO,Thermal,Antioquia,GASNACIO,2026,1.703261515669952e-06,0.011905797994532966,0.0007408301897176142,272.0,34296481.12188921,38955840.0,43007089903.62077,7.148391400038409e-10,,
TERMOCENTRO,TERMOCENTRO,Thermal,Antioquia,GASNACIO,2027,1.950834841078408e-06,0.013636335539138074,0.0008485117124573713,272.0,34296481.12188921,38955840.0,37549217182.85089,8.187427985992511e-10,,
TERMOCENTRO,TERMOCENTRO,Thermal,Antioquia,GASNACIO,2028,1.5306936180502212e-06,0.010699548390171048,0.0006657721277837076,272.0,34296481.12188921,38955840.0,47855638952.68387,6.424143911371125e-10,,
TERMOCENTRO,TERMOCENTRO,Thermal,Antioquia,GASNACIO,2029,1.836993393952314e-06,0.012840583823726676,0.0007989966027127711,272.0,34296481.12188921,38955840.0,39876202808.2891,7.709648611470561e-10,,
TERMOCENTRO,TERMOCENTRO,Thermal,Antioquia,GASNACIO,2030,2.856282664215723e-06,0.019965415822867906,0.0012423344322353004,272.0,34296481.12188921,38955840.0,25646033587.494465,1.1987487678853255e-09,,
TERMOCENTRO,TERMOCENTRO,Thermal,Antioquia,GASNACIO,2031,3.6345151566919603e-06,0.025405260945276807,0.001580825098372855,272.0,34296481.12188921,38955840.0,20154633558.872482,1.525363935624815e-09,,
TERMOCENTRO,TERMOCENTRO,Thermal,Antioquia,GASNACIO,2032,6.870314225314326e-06,0.04802349643494713,0.002988229431672015,272.0,34296481.12188921,38955840.0,10662150051.30443,2.8833913448975644e-09,,
TERMOCENTRO,TERMOCENTRO,Thermal,Antioquia,GASNACIO,2033,6.29214662602598e-06,0.043982104915921603,0.0027367565906967484,272.0,34296481.12188921,38955840.0,11641864934.119678,2.640741096740691e-09,,
TERMOCENTRO,TERMOCENTRO,Thermal,Antioquia,GASNACIO,2034,6.180827880142004e-06,0.043203986882192624,0.0026883387248120044,272.0,34296481.12188921,38955840.0,11851538755.906954,2.594021907795294e-09,,
TERMOCENTRO,TERMOCENTRO,Thermal,Antioquia,GASNACIO,2035,355.40420060920803,2484275.3622583644,154582.3462465738,272.0,34296481.12188921,38955840.0,213.09989120647813,0.14915902859303987,,
TERMODORADA1,TERMODORADA1,Thermal,Surocciden,ACPM,2023,5.651844625433539e-07,0.005256215501653191,0.0004259874420014015,50.0,6313500.206524039,7161000.0,23840889310.977222,1.2903754852587986e-09,,
TERMODORADA1,TERMODORADA1,Thermal,Surocciden,ACPM,2024,7.202793297100855e-07,0.006698597766303795,0.0005428846147131074,50.0,6313500.206524039,7161000.0,18707325974.00256,1.644473355502478e-09,,
TERMODORADA1,TERMODORADA1,Thermal,Surocciden,ACPM,2025,7.868624172228231e-07,0.007317820480172255,0.000593069219934683,50.0,6313500.206524039,7161000.0,17124340823.64638,1.7964895370384085e-09,,
TERMODORADA1,TERMODORADA1,Thermal,Surocciden,ACPM,2026,8.868289057063058e-07,0.008247508823068645,0.0006684153618355226,50.0,6313500.206524039,7161000.0,15194024606.178032,2.0247235290098303e-09,,
TERMODORADA1,TERMODORADA1,Thermal,Surocciden,ACPM,2027,1.026232993888813e-06,0.009543966843165962,0.0007734861747559129,50.0,6313500.206524039,7161000.0,13130059446.839317,2.342997702942495e-09,,
TERMODORADA1,TERMODORADA1,Thermal,Surocciden,ACPM,2028,9.639885056867567e-07,0.008965093102886838,0.0007265716325751883,50.0,6313500.206524039,7161000.0,13977863984.892374,2.200886999284832e-09,,
TERMODORADA1,TERMODORADA1,Thermal,Surocciden,ACPM,2029,1.145260927744367e-06,0.010650926628022613,0.0008631991948939179,50.0,6313500.206524039,7161000.0,11765441298.790733,2.614750976585312e-09,,
TERMODORADA1,TERMODORADA1,Thermal,Surocciden,ACPM,2030,14.425865032487733,134160.54480213596,10872.976437096462,50.0,6313500.206524039,7161000.0,943.3514538420279,0.03293576491435555,,
TERMODORADA1,TERMODORADA1,Thermal,Surocciden,ACPM,2031,15.642858998794404,145478.58868878798,11790.241827417325,50.0,6313500.206524039,7161000.0,870.683472647968,0.03571428995158539,,
TERMODORADA1,TERMODORADA1,Thermal,Surocciden,ACPM,2032,15.642860093322769,145478.59886790178,11790.242652378678,50.0,6313500.206524039,7161000.0,870.6834123771072,0.03571429245050859,,
TERMODORADA1,TERMODORADA1,Thermal,Surocciden,ACPM,2033,8.503242076866217,79080.15131485583,6409.012598723145,50.0,6313500.206524039,7161000.0,1593.9309072139142,0.019413794696041584,,
TERMODORADA1,TERMODORADA1,Thermal,Surocciden,ACPM,2034,93.85715167975756,872871.5106217454,70741.44922115678,50.0,6313500.206524039,7161000.0,152.86391564597332,0.2142857344286702,,
TERMODORADA1,TERMODORADA1,Thermal,Surocciden,ACPM,2035,344.1428539451278,3200528.541689689,259385.28701839806,50.0,6313500.206524039,7161000.0,48.4537992204612,0.7857142784135337,,
TERMOEMCALI,TERMOEMCALI,Thermal,Surocciden,ACPM,2023,1.3245936048084257e-06,0.01231872052471836,0.000716884364533252,229.0,63396362.07378986,32797380.0,72621324560.91765,6.603026882855902e-10,,
TERMOEMCALI,TERMOEMCALI,Thermal,Surocciden,ACPM,2024,2.932874100213531e-06,0.027275729131985837,0.0015873031380758454,229.0,63396362.07378986,32797380.0,32798455990.34139,1.4620217444385606e-09,,
TERMOEMCALI,TERMOEMCALI,Thermal,Surocciden,ACPM,2025,1.4891883916309006e-05,0.13849452042167376,0.00805964840785273,229.0,63396362.07378986,32797380.0,6459474352.129269,7.4235229189393044e-09,,
TERMOEMCALI,TERMOEMCALI,Thermal,Surocciden,ACPM,2026,121.47784400681468,1129743.9492633766,65745.12113720337,229.0,63396362.07378986,32797380.0,801.162440927035,0.06055604275428937,,
TERMOEMCALI,TERMOEMCALI,Thermal,Surocciden,ACPM,2027,124.7832611443101,1160484.3286420843,67534.04859052101,229.0,63396362.07378986,32797380.0,780.1865852010643,0.0622037751711382,,
TERMOEMCALI,TERMOEMCALI,Thermal,Surocciden,ACPM,2028,4.146928709944534e-06,0.03856643700248417,0.0022443626046520495,229.0,63396362.07378986,32797380.0,23196381910.708786,2.067221346505819e-09,,
TERMOEMCALI,TERMOEMCALI,Thermal,Surocciden,ACPM,2029,71.64428918526804,666291.8894229927,38774.66306539026,229.0,63396362.07378986,32797380.0,1351.9574981438975,0.03571428744455146,,
TERMOEMCALI,TERMOEMCALI,Thermal,Surocciden,ACPM,2030,300.6687304790237,2796219.1934549203,162725.16415753678,229.0,63396362.07378986,32797380.0,329.2326445438292,0.14988172243774978,,
TERMOEMCALI,TERMOEMCALI,Thermal,Surocciden,ACPM,2031,716.4428582554441,6662918.581775631,387746.61247071554,229.0,63396362.07378986,32797380.0,143.5657561107162,0.3571428576974756,,
TERMOEMCALI,TERMOEMCALI,Thermal,Surocciden,ACPM,2032,723.0203526725187,6724089.279854424,391306.423486176,229.0,63396362.07378986,32797380.0,142.34430742264234,0.36042170279382196,,
TERMOEMCALI,TERMOEMCALI,Thermal,Surocciden,ACPM,2033,1781.1517374539421,16564711.158321664,963978.5567488382,229.0,63396362.07378986,32797380.0,63.30648358645373,0.8878944275557525,,
TERMOEMCALI,TERMOEMCALI,Thermal,Surocciden,ACPM,2034,2006.0383138170446,18656156.318498515,1085689.6006515739,229.0,63396362.07378986,32797380.0,57.25209613457212,0.9999991594469921,,
TERMOEMCALI,TERMOEMCALI,Thermal,Surocciden,ACPM,2035,2006.0399998175862,18656171.99830355,1085690.5131332756,229.0,63396362.07378986,32797380.0,57.25205583265387,0.9999999999090675,,
TERMONORTE,TERMONORTE,Thermal,Caribe,ACPM,2023,1.2166257262154255e-06,0.011314619253803459,0.0007677151657564578,88.0,11127600.364000458,12603360.0,19505555294.425102,1.5782297195613135e-09,,
TERMONORTE,TERMONORTE,Thermal,Caribe,ACPM,2024,2.363417328961334e-06,0.021979781159340413,0.0014913636029211812,88.0,11127600.364000458,12603360.0,10040952181.902397,3.0658693038622528e-09,,
TERMONORTE,TERMONORTE,Thermal,Caribe,ACPM,2025,3.369762166894015e-06,0.03133878815211434,0.0021263873225534614,88.0,11127600.364000458,12603360.0,7042325012.869558,4.371318709648732e-09,,
TERMONORTE,TERMONORTE,Thermal,Caribe,ACPM,2026,4.232279227830094e-06,0.03936019681881988,0.0026706528383453458,88.0,11127600.364000458,12603360.0,5607134861.828955,5.49019202447864e-09,,
TERMONORTE,TERMONORTE,Thermal,Caribe,ACPM,2027,5.263347433904409e-06,0.048949131135311005,0.00332127749774236,88.0,11127600.364000458,12603360.0,4508720108.4397545,6.827713047302314e-09,,
TERMONORTE,TERMONORTE,Thermal,Caribe,ACPM,2028,3.283089088124803e-06,0.03053272851956067,0.0020716948763885128,88.0,11127600.364000458,12603360.0,7228241378.027169,4.2588847656247436e-09,,
TERMONORTE,TERMONORTE,Thermal,Caribe,ACPM,2029,3.6650698711329617e-06,0.03408514980153655,0.0023127323900823215,88.0,11127600.364000458,12603360.0,6474899860.708466,4.754397404437735e-09,,
TERMONORTE,TERMONORTE,Thermal,Caribe,ACPM,2030,72.74878321654965,676563.6839139118,45905.937185307164,88.0,11127600.364000458,12603360.0,335.504223833697,0.09437108657190435,,
TERMONORTE,TERMONORTE,Thermal,Caribe,ACPM,2031,217.31798418538978,2021057.2529241252,137131.99438066466,88.0,11127600.364000458,12603360.0,118.49924760463468,0.28190896661658066,,
TERMONORTE,TERMONORTE,Thermal,Caribe,ACPM,2032,298.62419909488295,2777205.051582412,188437.84211285302,88.0,11127600.364000458,12603360.0,88.76764005036422,0.3873809141434243,,
TERMONORTE,TERMONORTE,Thermal,Caribe,ACPM,2033,490.50968039196454,4561740.02764527,309521.41852093744,88.0,11127600.364000458,12603360.0,57.68020800127152,0.6362983608239472,,
TERMONORTE,TERMONORTE,Thermal,Caribe,ACPM,2034,688.2857175674811,6401057.173377575,434322.05349943193,88.0,11127600.364000458,12603360.0,43.77835652884055,0.8928571471143122,,
TERMONORTE,TERMONORTE,Thermal,Caribe,ACPM,2035,770.879999658952,7169183.996828254,486440.6973847918,88.0,11127600.364000458,12603360.0,40.084247061150066,0.9999999995575859,,
TERMOSIERRA,TERMOSIERRA,Thermal,Antioquia,ACPM,2023,2.2098155546279334e-06,0.02055128465803978,0.001080525556410424,433.0,54791821.79232248,62014260.0,52857842170.69664,5.825913386029118e-10,,
TERMOSIERRA,TERMOSIERRA,Thermal,Antioquia,ACPM,2024,249.38450575983833,2319275.903566497,121940.6439971674,433.0,54791821.79232248,62014260.0,477.67746168885407,0.06574723068320158,,
TERMOSIERRA,TERMOSIERRA,Thermal,Antioquia,ACPM,2025,452.82188512267646,4211243.531640892,221414.68700964868,433.0,54791821.79232248,62014260.0,267.2514940199454,0.11938105316067057,,
TERMOSIERRA,TERMOSIERRA,Thermal,Antioquia,ACPM,2026,758.6047206689416,7055023.902221157,370932.21928849793,433.0,54791821.79232248,62014260.0,163.2748944474301,0.19999702633979283,,
TERMOSIERRA,TERMOSIERRA,Thermal,Antioquia,ACPM,2027,1121.5808436573088,10430701.846012974,548415.3474320772,433.0,54791821.79232248,62014260.0,113.44414837136054,0.29569132305601475,,
TERMOSIERRA,TERMOSIERRA,Thermal,Antioquia,ACPM,2028,1083.2894458324304,10074591.846241603,529692.1404866785,433.0,54791821.79232248,62014260.0,117.12536674911051,0.28559625576903996,,
TERMOSIERRA,TERMOSIERRA,Thermal,Antioquia,ACPM,2029,1151.8730680334638,10712419.532711212,563227.2273332778,433.0,54791821.79232248,62014260.0,110.70534146851767,0.3036775043061215,,
TERMOSIERRA,TERMOSIERRA,Thermal,Antioquia,ACPM,2030,1933.3901690057842,17980528.571753792,945362.8307341498,433.0,54791821.79232248,62014260.0,69.71516278754443,0.5097151046130806,,
TERMOSIERRA,TERMOSIERRA,Thermal,Antioquia,ACPM,2031,3793.079981290007,35275643.825997055,1854688.6633634418,433.0,54791821.79232248,62014260.0,40.094521172368566,0.9999999950673347,,
TERMOSIERRA,TERMOSIERRA,Thermal,Antioquia,ACPM,2032,3793.079995794041,35275643.960884586,1854688.6704554274,433.0,54791821.79232248,62014260.0,40.09452105461604,0.9999999988911492,,
TERMOSIERRA,TERMOSIERRA,Thermal,Antioquia,ACPM,2033,3793.079997628202,35275643.97794229,1854688.6713522705,433.0,54791821.79232248,62014260.0,40.09452103972521,0.9999999993747036,,
TERMOSIERRA,TERMOSIERRA,Thermal,Antioquia,ACPM,2034,3793.07999721772,35275643.97412479,1854688.6711515584,433.0,54791821.79232248,62014260.0,40.094521043057746,0.9999999992664851,,
TERMOSIERRA,TERMOSIERRA,Thermal,Antioquia,ACPM,2035,3793.079998959442,35275643.99032281,1854688.672003202,433.0,54791821.79232248,62014260.0,40.094521028917384,0.9999999997256692,,
TERMOVALLE,TERMOVALLE,Thermal,Surocciden,ACPM,2023,1.6471418133445703e-06,0.015318418864104504,0.0008424626349862594,241.0,66718442.18246007,34516020.0,61460683820.67172,7.802070015273924e-10,,
TERMOVALLE,TERMOVALLE,Thermal,Surocciden,ACPM,2024,64.46263717074018,599502.5256878838,32970.66635613619,241.0,66718442.18246007,34516020.0,1579.7362499834362,0.030534226288268136,,
TERMOVALLE,TERMOVALLE,Thermal,Surocciden,ACPM,2025,114.4492057693477,1064377.6136549336,58537.2666053248,241.0,66718442.18246007,34516020.0,893.8361704517231,0.054211526255398775,,
TERMOVALLE,TERMOVALLE,Thermal,Surocciden,ACPM,2026,150.79714524710965,1402413.45079812,77128.12540125202,241.0,66718442.18246007,34516020.0,680.6287709562954,0.07142857256063473,,
TERMOVALLE,TERMOVALLE,Thermal,Surocciden,ACPM,2027,172.5480010028133,1604696.409326164,88253.02254410832,241.0,66718442.18246007,34516020.0,596.0031874846786,0.08173137090642739,,
TERMOVALLE,TERMOVALLE,Thermal,Surocciden,ACPM,2028,398.9208455282036,3709963.863412293,204035.80550980294,241.0,66718442.18246007,34516020.0,263.07080019074317,0.18895812990403546,,
TERMOVALLE,TERMOVALLE,Thermal,Surocciden,ACPM,2029,263.88228354226794,2454105.2369430917,134967.71323399365,241.0,66718442.18246007,34516020.0,392.9349330600083,0.12499397655424879,,
TERMOVALLE,TERMOVALLE,Thermal,Surocciden,ACPM,2030,753.9857138576175,7012067.138875844,385640.6206753273,241.0,66718442.18246007,34516020.0,143.56575639545494,0.3571428569400791,,
TERMOVALLE,TERMOVALLE,Thermal,Surocciden,ACPM,2031,848.2136009591567,7888386.488920158,433835.3015544192,241.0,66718442.18246007,34516020.0,128.65019913378484,0.40177608563972245,,
TERMOVALLE,TERMOVALLE,Thermal,Surocciden,ACPM,2032,1645.8481581950082,15306387.871213574,841800.9699631059,241.0,66718442.18246007,34516020.0,70.80899259958663,0.7795942316996382,,
TERMOVALLE,TERMOVALLE,Thermal,Surocciden,ACPM,2033,2111.15999708422,19633787.972883247,1079793.7370126676,241.0,66718442.18246007,34516020.0,57.25205589452137,0.9999999986188729,,
TERMOVALLE,TERMOVALLE,Thermal,Surocciden,ACPM,2034,2111.159996162676,19633787.96431289,1079793.7365413262,241.0,66718442.18246007,34516020.0,57.252055915452935,0.9999999981823622,,
TERMOVALLE,TERMOVALLE,Thermal,Surocciden,ACPM,2035,2111.159999938916,19633787.99943192,1079793.7384727574,241.0,66718442.18246007,34516020.0,57.25205582968093,0.9999999999710659,,
TERMOYOPALG3,TERMOYOPALG3,Thermal,Nordeste,GASNACIO,2023,261.33880242959907,1850278.7212015614,130956.56029090917,50.0,13842000.452792546,7161000.0,87.44694228921652,0.596663932487669,,
TERMOYOPALG3,TERMOYOPALG3,Thermal,Nordeste,GASNACIO,2024,250.28571974452603,1772022.8957912445,125417.87382111831,50.0,13842000.452792546,7161000.0,90.99609586927663,0.5714285838916119,,
TERMOYOPALG3,TERMOYOPALG3,Thermal,Nordeste,GASNACIO,2025,156.4285765889685,1107514.322249897,78386.1720144402,50.0,13842000.452792546,7161000.0,141.3457518899504,0.3571428689245855,,
TERMOYOPALG3,TERMOYOPALG3,Thermal,Nordeste,GASNACIO,2026,250.28571414289408,1772022.85613169,125417.87101414727,50.0,13842000.452792546,7161000.0,90.99609774739854,0.5714285711024978,,
TERMOYOPALG3,TERMOYOPALG3,Thermal,Nordeste,GASNACIO,2027,344.14286149688166,2436531.459397922,172449.5749246536,50.0,13842000.452792546,7161000.0,68.10988846387232,0.7857142956549807,,
TERMOYOPALG3,TERMOYOPALG3,Thermal,Nordeste,GASNACIO,2028,422.357141551694,2990288.562185993,211642.65680298395,50.0,13842000.452792546,7161000.0,56.80805804971077,0.9642857113052372,,
TERMOYOPALG3,TERMOYOPALG3,Thermal,Nordeste,GASNACIO,2029,437.9999970468329,3101039.9790915768,219481.2729201715,50.0,13842000.452792546,7161000.0,55.032056151604976,0.9999999932576092,,
TERMOYOPALG3,TERMOYOPALG3,Thermal,Nordeste,GASNACIO,2030,437.9999980831916,3101039.9864289965,219481.2734394896,50.0,13842000.452792546,7161000.0,55.03205603814487,0.9999999956237248,,
TERMOYOPALG3,TERMOYOPALG3,Thermal,Nordeste,GASNACIO,2031,437.9999979165895,3101039.985249454,219481.2733560055,50.0,13842000.452792546,7161000.0,55.03205605638439,0.9999999952433548,,
TERMOYOPALG3,TERMOYOPALG3,Thermal,Nordeste,GASNACIO,2032,437.9999985593554,3101039.9898002353,219481.27367809467,50.0,13842000.452792546,7161000.0,55.032055986014655,0.9999999967108569,,
TERMOYOPALG3,TERMOYOPALG3,Thermal,Nordeste,GASNACIO,2033,437.9999993252158,3101039.9952225275,219481.27406186645,50.0,13842000.452792546,7161000.0,55.03205590216857,0.9999999984593967,,
TERMOYOPALG3,TERMOYOPALG3,Thermal,Nordeste,GASNACIO,2034,437.9999975947139,3101039.982970574,219481.27319471398,50.0,13842000.452792546,7161000.0,55.0320560916232,0.999999994508479,,
TERMOYOPALG3,TERMOYOPALG3,Thermal,Nordeste,GASNACIO,2035,438.0000007895127,3101040.0055897497,219481.27479562385,50.0,13842000.452792546,7161000.0,55.03205574185797,1.0000000018025401,,
TERMOYOPALG4,TERMOYOPALG4,Thermal,Nordeste,GASNACIO,2023,422.3571191113957,2990288.4033086817,209163.19809043402,50.0,13842000.452792546,7161000.0,56.80806069181719,0.9642856600716796,,
TERMOYOPALG4,TERMOYOPALG4,Thermal,Nordeste,GASNACIO,2024,302.1928471525214,2139525.3578398507,149654.44996750302,50.0,13842000.452792546,7161000.0,76.58197746471481,0.6899380071975372,,
TERMOYOPALG4,TERMOYOPALG4,Thermal,Nordeste,GASNACIO,2025,176.96015468429198,1252877.895164787,87635.67657203895,50.0,13842000.452792546,7161000.0,125.76773787106606,0.4040186180006666,,
TERMOYOPALG4,TERMOYOPALG4,Thermal,Nordeste,GASNACIO,2026,250.28571503838836,1772022.8624717896,123948.56917274551,50.0,13842000.452792546,7161000.0,90.99609744715613,0.5714285731470052,,
TERMOYOPALG4,TERMOYOPALG4,Thermal,Nordeste,GASNACIO,2027,413.57798337290274,2928132.122280151,204815.5216231909,50.0,13842000.452792546,7161000.0,57.86365217003146,0.9442419711710106,,
TERMOYOPALG4,TERMOYOPALG4,Thermal,Nordeste,GASNACIO,2028,422.3571424616432,2990288.5686284336,209163.20965413738,50.0,13842000.452792546,7161000.0,56.80805794257394,0.9642857133827468,,
TERMOYOPALG4,TERMOYOPALG4,Thermal,Nordeste,GASNACIO,2029,437.99999760019466,3101039.9830093775,216909.99421154847,50.0,13842000.452792546,7161000.0,55.032056091023165,0.9999999945209922,,
TERMOYOPALG4,TERMOYOPALG4,Thermal,Nordeste,GASNACIO,2030,437.99999848087384,3101039.989244587,216909.99464768576,50.0,13842000.452792546,7161000.0,55.032055994606786,0.9999999965316753,,
TERMOYOPALG4,TERMOYOPALG4,Thermal,Nordeste,GASNACIO,2031,437.9999984092401,3101039.98873742,216909.9946122107,50.0,13842000.452792546,7161000.0,55.03205600244921,0.9999999963681279,,
TERMOYOPALG4,TERMOYOPALG4,Thermal,Nordeste,GASNACIO,2032,437.9999989145846,3101039.9923152593,216909.99486247162,50.0,13842000.452792546,7161000.0,55.03205594712431,0.9999999975218824,,
TERMOYOPALG4,TERMOYOPALG4,Thermal,Nordeste,GASNACIO,2033,437.9999995423769,3101039.996760028,216909.9951733721,50.0,13842000.452792546,7161000.0,55.03205587839388,0.9999999989551982,,
TERMOYOPALG4,TERMOYOPALG4,Thermal,Nordeste,GASNACIO,2034,437.9999981490192,3101039.9868950555,216909.99448334193,50.0,13842000.452792546,7161000.0,55.03205603093809,0.9999999957740162,,
TERMOYOPALG4,TERMOYOPALG4,Thermal,Nordeste,GASNACIO,2035,438.0000008289195,3101040.0058687497,216909.9958105044,50.0,13842000.452792546,7161000.0,55.03205573754372,1.0000000018925101,,
TERMOYOPALG5,TERMOYOPALG5,Thermal,Nordeste,GASNACIO,2023,422.3571405014933,2990288.5547505724,200810.33598714572,50.0,13842000.452792546,7161000.0,56.80805817336073,0.9642857089075187,,
TERMOYOPALG5,TERMOYOPALG5,Thermal,Nordeste,GASNACIO,2024,437.9999967780788,3101039.9771887977,208247.75546813276,50.0,13842000.452792546,7161000.0,55.03205618102807,0.9999999926440153,,
TERMOYOPALG5,TERMOYOPALG5,Thermal,Nordeste,GASNACIO,2025,250.28571552028893,1772022.8658836458,118998.71887269466,50.0,13842000.452792546,7161000.0,90.99609728558391,0.5714285742472349,,
TERMOYOPALG5,TERMOYOPALG5,Thermal,Nordeste,GASNACIO,2026,321.86122491205344,2278777.4723773384,153029.4021762732,50.0,13842000.452792546,7161000.0,72.33483291294714,0.7348429792512634,,
TERMOYOPALG5,TERMOYOPALG5,Thermal,Nordeste,GASNACIO,2027,437.99999820477285,3101039.987289792,208247.75614645658,50.0,13842000.452792546,7161000.0,55.03205602483421,0.9999999959013075,,
TERMOYOPALG5,TERMOYOPALG5,Thermal,Nordeste,GASNACIO,2028,425.6374438810301,3013513.102677693,202369.96114940156,50.0,13842000.452792546,7161000.0,56.4248138896894,0.9717749860297488,,
TERMOYOPALG5,TERMOYOPALG5,Thermal,Nordeste,GASNACIO,2029,437.9999987971563,3101039.9914838662,208247.75642810616,50.0,13842000.452792546,7161000.0,55.03205595998031,0.9999999972537813,,
TERMOYOPALG5,TERMOYOPALG5,Thermal,Nordeste,GASNACIO,2030,437.9999993667669,3101039.995516709,208247.75669892837,50.0,13842000.452792546,7161000.0,55.032055897619585,0.9999999985542621,,
TERMOYOPALG5,TERMOYOPALG5,Thermal,Nordeste,GASNACIO,2031,437.9999994086229,3101039.9958130503,208247.75671882887,50.0,13842000.452792546,7161000.0,55.0320558930372,0.9999999986498238,,
TERMOYOPALG5,TERMOYOPALG5,Thermal,Nordeste,GASNACIO,2032,437.9999996905333,3101039.9978089756,208247.7568528636,50.0,13842000.452792546,7161000.0,55.03205586217377,0.9999999992934547,,
TERMOYOPALG5,TERMOYOPALG5,Thermal,Nordeste,GASNACIO,2033,438.0000000565177,3101040.0004001446,208247.7570268714,50.0,13842000.452792546,7161000.0,55.03205582210595,1.0000000001290357,,
TERMOYOPALG5,TERMOYOPALG5,Thermal,Nordeste,GASNACIO,2034,437.99999924601036,3101039.994661753,208247.7566415145,50.0,13842000.452792546,7161000.0,55.03205591083995,0.9999999982785623,,
TERMOYOPALG5,TERMOYOPALG5,Thermal,Nordeste,GASNACIO,2035,438.000000948326,3101040.006714148,208247.757450883,50.0,13842000.452792546,7161000.0,55.03205572447116,1.0000000021651276,,
T_AutArCairo,T_AutArCairo,Thermal,Antioquia,CARBON,2023,56.94000211503395,477789.70880485827,0.0,6.5,1799460.058863031,930930.0,56.343162074116414,1.0000000371449584,,
T_AutArCairo,T_AutArCairo,Thermal,Antioquia,CARBON,2024,56.94000215023351,477789.70910022163,0.0,6.5,1799460.058863031,930930.0,56.34316204447309,1.0000000377631453,,
T_AutArCairo,T_AutArCairo,Thermal,Antioquia,CARBON,2025,56.94000211595016,477789.70881254633,0.0,6.5,1799460.058863031,930930.0,56.34316207334483,1.0000000371610491,,
T_AutArCairo,T_AutArCairo,Thermal,Antioquia,CARBON,2026,56.940002099500454,477789.70867451513,0.0,6.5,1799460.058863031,930930.0,56.34316208719795,1.0000000368721538,,
T_AutArCairo,T_AutArCairo,Thermal,Antioquia,CARBON,2027,56.940002103874264,477789.7087112162,0.0,6.5,1799460.058863031,930930.0,56.34316208351455,1.000000036948968,,
T_AutArCairo,T_AutArCairo,Thermal,Antioquia,CARBON,2028,56.940002039377916,477789.7081700204,0.0,6.5,1799460.058863031,930930.0,56.343162137830184,1.000000035816261,,
T_AutArCairo,T_AutArCairo,Thermal,Antioquia,CARBON,2029,56.94000203422104,477789.70812674856,0.0,6.5,1799460.058863031,930930.0,56.34316214217304,1.0000000357256942,,
T_AutArCairo,T_AutArCairo,Thermal,Antioquia,CARBON,2030,56.94000204721945,477789.7082358196,0.0,6.5,1799460.058863031,930930.0,56.34316213122644,1.0000000359539767,,
T_AutArCairo,T_AutArCairo,Thermal,Antioquia,CARBON,2031,56.94000204710123,477789.7082348276,0.0,6.5,1799460.058863031,930930.0,56.34316213132598,1.0000000359519006,,
T_AutArCairo,T_AutArCairo,Thermal,Antioquia,CARBON,2032,56.94000204904113,477789.7082511055,0.0,6.5,1799460.058863031,930930.0,56.3431621296923,1.0000000359859698,,
T_AutArCairo,T_AutArCairo,Thermal,Antioquia,CARBON,2033,56.94000205004811,477789.70825955516,0.0,6.5,1799460.058863031,930930.0,56.34316212884428,1.0000000360036547,,
T_AutArCairo,T_AutArCairo,Thermal,Antioquia,CARBON,2034,56.94000200588411,477789.7078889702,0.0,6.5,1799460.058863031,930930.0,56.343162166037004,1.0000000352280312,,
T_AutArCairo,T_AutArCairo,Thermal,Antioquia,CARBON,2035,56.940002080740626,477789.7085170994,0.0,6.5,1799460.058863031,930930.0,56.34316210299655,1.0000000365426873,,
T_TermYopal1,T_TermYopal1,Thermal,Nordeste,CARBON,2023,1.6852205582394147e-06,0.014140867753508172,0.002123865774733273,8.0,1005120.0328789803,1145760.0,1276319610.8092327,2.4047097006840957e-08,,
T_TermYopal1,T_TermYopal1,Thermal,Nordeste,CARBON,2024,2.502993140667739,21002.885834183005,3154.4959737555746,8.0,1005120.0328789803,1145760.0,867.7142911121829,0.03571622632231362,,
T_TermYopal1,T_TermYopal1,Thermal,Nordeste,CARBON,2025,25.028565462038245,210017.39655280407,31543.238251869447,8.0,1005120.0328789803,1145760.0,94.3281161284551,0.3571427720039703,,
T_TermYopal1,T_TermYopal1,Thermal,Nordeste,CARBON,2026,55.062857004199785,462038.38139749394,69395.14052239445,8.0,1005120.0328789803,1145760.0,47.45337522310511,0.7857142837357274,,
T_TermYopal1,T_TermYopal1,Thermal,Nordeste,CARBON,2027,70.07999951676754,588048.8464773044,88321.08755098723,8.0,1005120.0328789803,1145760.0,39.08288952971469,0.9999999931045594,,
T_TermYopal1,T_TermYopal1,Thermal,Nordeste,CARBON,2028,70.0799961040323,588048.8178406742,88321.08324995283,8.0,1005120.0328789803,1145760.0,39.08289102433411,0.9999999444068536,,
T_TermYopal1,T_TermYopal1,Thermal,Nordeste,CARBON,2029,70.079999762581,588048.8485399515,88321.08786078333,8.0,1005120.0328789803,1145760.0,39.08288942205982,0.9999999966121714,,
T_TermYopal1,T_TermYopal1,Thermal,Nordeste,CARBON,2030,70.08000015155903,588048.8518039082,88321.08835100825,8.0,1005120.0328789803,1145760.0,39.082889251705524,1.0000000021626574,,
T_TermYopal1,T_TermYopal1,Thermal,Nordeste,CARBON,2031,70.08000026140246,588048.8527256163,88321.08848944277,8.0,1005120.0328789803,1145760.0,39.082889203599215,1.0000000037300576,,
T_TermYopal1,T_TermYopal1,Thermal,Nordeste,CARBON,2032,70.08000047198155,588048.8544926082,88321.0887548334,8.0,1005120.0328789803,1145760.0,39.082889111375366,1.0000000067348964,,
T_TermYopal1,T_TermYopal1,Thermal,Nordeste,CARBON,2033,70.08000074069643,588048.8567474238,88321.08909349193,8.0,1005120.0328789803,1145760.0,39.082888993690744,1.000000010569298,,
T_TermYopal1,T_TermYopal1,Thermal,Nordeste,CARBON,2034,70.08000025652146,588048.8526846593,88321.08848329131,8.0,1005120.0328789803,1145760.0,39.08288920573687,1.0000000036604086,,
T_TermYopal1,T_TermYopal1,Thermal,Nordeste,CARBON,2035,70.08000126568719,588048.8611526778,88321.08975513229,8.0,1005120.0328789803,1145760.0,39.08288876376921,1.0000000180606046,,
TermoCaribe3,TermoCaribe3,Thermal,Caribe,GASIMPOR,2024,4.3554854683414923e-07,0.0036586077934068536,0.00022092024057085766,52.0,6116760.200088379,7447440.0,31142797518.991707,9.56156802849818e-10,,
TermoCaribe3,TermoCaribe3,Thermal,Caribe,GASIMPOR,2025,4.664999073467505e-07,0.003918599221712705,0.0002366194825041408,52.0,6116760.200088379,7447440.0,29076533543.499023,1.02410411693614e-09,,
TermoCaribe3,TermoCaribe3,Thermal,Caribe,GASIMPOR,2026,4.7238925862087485e-07,0.00396806977241535,0.000239606696925456,52.0,6116760.200088379,7447440.0,28714031821.249897,1.0370329702776493e-09,,
TermoCaribe3,TermoCaribe3,Thermal,Caribe,GASIMPOR,2027,4.917517351220377e-07,0.004130714575025117,0.00024942779034380525,52.0,6116760.200088379,7447440.0,27583431303.710346,1.079539285041354e-09,,
TermoCaribe3,TermoCaribe3,Thermal,Caribe,GASIMPOR,2028,4.7632120325972046e-07,0.004001098107381653,0.00024160106968100522,52.0,6116760.200088379,7447440.0,28477002726.862476,1.0456647419646126e-09,,
TermoCaribe3,TermoCaribe3,Thermal,Caribe,GASIMPOR,2029,4.921814959427289e-07,0.004134324565918924,0.0002496457749165588,52.0,6116760.200088379,7447440.0,27559346127.472168,1.080482736087831e-09,,
TermoCaribe3,TermoCaribe3,Thermal,Caribe,GASIMPOR,2030,5.386360577709687e-07,0.004524542885276138,0.0002732085971307641,52.0,6116760.200088379,7447440.0,25182495692.444897,1.1824641240142443e-09,,
TermoCaribe3,TermoCaribe3,Thermal,Caribe,GASIMPOR,2031,5.717022045807516e-07,0.004802298518478314,0.00028998050731406257,52.0,6116760.200088379,7447440.0,23725988978.541298,1.255054014271056e-09,,
TermoCaribe3,TermoCaribe3,Thermal,Caribe,GASIMPOR,2032,6.067514600613311e-07,0.005096712264515181,0.0003077582958266885,52.0,6116760.200088379,7447440.0,22355447160.87541,1.3319974096885557e-09,,
TermoCaribe3,TermoCaribe3,Thermal,Caribe,GASIMPOR,2033,6.364394993839784e-07,0.00534609179482542,0.00032281675219603963,52.0,6116760.200088379,7447440.0,21312631001.94678,1.3971713632419616e-09,,
TermoCaribe3,TermoCaribe3,Thermal,Caribe,GASIMPOR,2034,6.404798362008254e-07,0.005380030624086934,0.0003248661039572913,52.0,6116760.200088379,7447440.0,21178184602.856552,1.4060410875501085e-09,,
TermoCaribe3,TermoCaribe3,Thermal,Caribe,GASIMPOR,2035,7.969286287216411e-07,0.0066942004812617865,0.00040422052984607695,52.0,6116760.200088379,7447440.0,17020595970.483593,1.7494920721848456e-09,,
URRA,URRA,Hidro,Caribe,Water,2023,1285.2926516613732,1786556.7858093085,0.0,338.0,93784863.0678432,14797640.0,85.8707623598323,0.43409143621537283,,
URRA,URRA,Hidro,Caribe,Water,2024,1285.2926516620687,1786556.7858102752,0.0,338.0,93784863.0678432,14797640.0,85.8707623597866,0.4340914362156077,,
URRA,URRA,Hidro,Caribe,Water,2025,1285.2926516619289,1786556.7858100808,0.0,338.0,93784863.0678432,14797640.0,85.87076235979579,0.4340914362155604,,
URRA,URRA,Hidro,Caribe,Water,2026,1285.292651661023,1786556.7858088217,0.0,338.0,93784863.0678432,14797640.0,85.87076235985532,0.4340914362152545,,
URRA,URRA,Hidro,Caribe,Water,2027,1285.2926516602727,1786556.785807779,0.0,338.0,93784863.0678432,14797640.0,85.87076235990465,0.43409143621500107,,
URRA,URRA,Hidro,Caribe,Water,2028,1285.2926516583148,1786556.7858050573,0.0,338.0,93784863.0678432,14797640.0,85.87076236003334,0.4340914362143398,,
URRA,URRA,Hidro,Caribe,Water,2029,1285.292651656283,1786556.785802233,0.0,338.0,93784863.0678432,14797640.0,85.87076236016689,0.43409143621365354,,
URRA,URRA,Hidro,Caribe,Water,2030,1285.2926516565722,1786556.7858026354,0.0,338.0,93784863.0678432,14797640.0,85.87076236014785,0.43409143621375135,,
URRA,URRA,Hidro,Caribe,Water,2031,1285.2926516560806,1786556.7858019518,0.0,338.0,93784863.0678432,14797640.0,85.8707623601802,0.4340914362135852,,
URRA,URRA,Hidro,Caribe,Water,2032,1285.2926516560894,1786556.7858019643,0.0,338.0,93784863.0678432,14797640.0,85.87076236017961,0.4340914362135882,,
URRA,URRA,Hidro,Caribe,Water,2033,1285.2926516567697,1786556.7858029094,0.0,338.0,93784863.0678432,14797640.0,85.87076236013489,0.434091436213818,,
URRA,URRA,Hidro,Caribe,Water,2034,1285.2926516548018,1786556.7858001743,0.0,338.0,93784863.0678432,14797640.0,85.87076236026424,0.4340914362131534,,
URRA,URRA,Hidro,Caribe,Water,2035,1285.292651656192,1786556.7858021066,0.0,338.0,93784863.0678432,14797640.0,85.87076236017286,0.43409143621362284,,
ZIPAEMG2,ZIPAEMG2,Thermal,Oriental,CARBON,2023,67.57714013286589,567047.083010595,71897.29939756192,36.0,4600800.150499057,5155920.0,152.77011150829577,0.21428570564708868,,
ZIPAEMG2,ZIPAEMG2,Thermal,Oriental,CARBON,2024,112.99005774993464,948111.78055667,120213.43304884752,36.0,4600800.150499057,5155920.0,94.74136171119815,0.35828912274839747,,
ZIPAEMG2,ZIPAEMG2,Thermal,Oriental,CARBON,2025,315.3599904092546,2646219.7469177386,335520.7338441248,36.0,4600800.150499057,5155920.0,39.32946560951195,0.9999999695879455,,
ZIPAEMG2,ZIPAEMG2,Thermal,Oriental,CARBON,2026,315.3600002561593,2646219.8295441805,335520.74432053533,36.0,4600800.150499057,5155920.0,39.32946464348247,1.0000000008122756,,
ZIPAEMG2,ZIPAEMG2,Thermal,Oriental,CARBON,2027,315.3600009339873,2646219.8352319077,335520.74504169635,36.0,4600800.150499057,5155920.0,39.32946457698422,1.0000000029616543,,
ZIPAEMG2,ZIPAEMG2,Thermal,Oriental,CARBON,2028,315.3600004981203,2646219.8315745015,335520.74457796477,36.0,4600800.150499057,5155920.0,39.329464619744904,1.000000001579529,,
ZIPAEMG2,ZIPAEMG2,Thermal,Oriental,CARBON,2029,315.36000080744884,2646219.8341701105,335520.74490706844,36.0,4600800.150499057,5155920.0,39.32946458939827,1.0000000025604032,,
ZIPAEMG2,ZIPAEMG2,Thermal,Oriental,CARBON,2030,315.36000102338687,2646219.83598207,335520.7451368112,36.0,4600800.150499057,5155920.0,39.32946456821369,1.0000000032451384,,
ZIPAEMG2,ZIPAEMG2,Thermal,Oriental,CARBON,2031,315.3600011390166,2646219.8369523315,335520.7452598332,36.0,4600800.150499057,5155920.0,39.32946455686985,1.0000000036117977,,
ZIPAEMG2,ZIPAEMG2,Thermal,Oriental,CARBON,2032,315.36000122710755,2646219.8376915115,335520.7453535556,36.0,4600800.150499057,5155920.0,39.3294645482277,1.0000000038911323,,
ZIPAEMG2,ZIPAEMG2,Thermal,Oriental,CARBON,2033,315.3600012386648,2646219.83778849,335520.74536585173,36.0,4600800.150499057,5155920.0,39.32946454709388,1.0000000039277799,,
ZIPAEMG2,ZIPAEMG2,Thermal,Oriental,CARBON,2034,315.36000103392735,2646219.8360705157,335520.7451480255,36.0,4600800.150499057,5155920.0,39.32946456717961,1.000000003278562,,
ZIPAEMG2,ZIPAEMG2,Thermal,Oriental,CARBON,2035,315.36000160312403,2646219.840846707,335520.7457536106,36.0,4600800.150499057,5155920.0,39.32946451133864,1.0000000050834728,,
ZIPAEMG3,ZIPAEMG3,Thermal,Oriental,CARBON,2023,6.918499651876093e-06,0.0580538779636542,0.007529563680328677,63.0,8057070.263558825,9022860.0,2468733277.5945325,1.2536239131470777e-08,,
ZIPAEMG3,ZIPAEMG3,Thermal,Oriental,CARBON,2024,197.10000024826724,1653887.3942049374,214508.50299019503,63.0,8057070.263558825,9022860.0,95.04727363859278,0.3571428575927143,,
ZIPAEMG3,ZIPAEMG3,Thermal,Oriental,CARBON,2025,424.1290280774196,3558912.491984145,461589.46105010726,63.0,8057070.263558825,9022860.0,48.6617076154844,0.7685167574063555,,
ZIPAEMG3,ZIPAEMG3,Thermal,Oriental,CARBON,2026,551.879999749566,4630884.695839342,600623.8073434469,63.0,8057070.263558825,9022860.0,39.33973865559574,0.9999999995462163,,
ZIPAEMG3,ZIPAEMG3,Thermal,Oriental,CARBON,2027,551.8800006998933,4630884.70381364,600623.8083777102,63.0,8057070.263558825,9022860.0,39.33973860230275,1.0000000012681982,,
ZIPAEMG3,ZIPAEMG3,Thermal,Oriental,CARBON,2028,551.8800002051221,4630884.699661961,600623.8078392391,63.0,8057070.263558825,9022860.0,39.33973863004881,1.0000000003716785,,
ZIPAEMG3,ZIPAEMG3,Thermal,Oriental,CARBON,2029,551.8800005756752,4630884.7027713135,600623.8082425208,63.0,8057070.263558825,9022860.0,39.33973860926872,1.0000000010431165,,
ZIPAEMG3,ZIPAEMG3,Thermal,Oriental,CARBON,2030,551.8800008103926,4630884.704740853,600623.8084979693,63.0,8057070.263558825,9022860.0,39.33973859610611,1.0000000014684216,,
ZIPAEMG3,ZIPAEMG3,Thermal,Oriental,CARBON,2031,551.8800009308418,4630884.705751554,600623.8086290567,63.0,8057070.263558825,9022860.0,39.3397385893515,1.0000000016866741,,
ZIPAEMG3,ZIPAEMG3,Thermal,Oriental,CARBON,2032,551.8800010230659,4630884.706525415,600623.8087294262,63.0,8057070.263558825,9022860.0,39.339738584179706,1.000000001853783,,
ZIPAEMG3,ZIPAEMG3,Thermal,Oriental,CARBON,2033,551.8800010414948,4630884.706680055,600623.808749483,63.0,8057070.263558825,9022860.0,39.33973858314624,1.000000001887176,,
ZIPAEMG3,ZIPAEMG3,Thermal,Oriental,CARBON,2034,551.8800008123412,4630884.704757204,600623.8085000899,63.0,8057070.263558825,9022860.0,39.339738595996835,1.0000000014719523,,
ZIPAEMG3,ZIPAEMG3,Thermal,Oriental,CARBON,2035,551.8800014162632,4630884.709824778,600623.8091573522,63.0,8057070.263558825,9022860.0,39.339738562129774,1.0000000025662519,,
ZIPAEMG4,ZIPAEMG4,Thermal,Oriental,CARBON,2023,2.0878179002730397e-06,0.01751910554189539,0.002524152424723633,64.0,8190720.267930715,9166080.0,8313368844.658311,3.7239902616171505e-09,,
ZIPAEMG4,ZIPAEMG4,Thermal,Oriental,CARBON,2024,80.09142483499318,672055.7978267785,96829.7877752558,64.0,8190720.267930715,9166080.0,225.10345024952548,0.14285713619255344,,
ZIPAEMG4,ZIPAEMG4,Thermal,Oriental,CARBON,2025,200.22857510543054,1680139.6038019508,242074.48517671705,64.0,8190720.267930715,9166080.0,95.07603928015145,0.35714286370118165,,
ZIPAEMG4,ZIPAEMG4,Thermal,Oriental,CARBON,2026,440.5028591195223,3696307.077074274,532563.8599989128,64.0,8190720.267930715,9166080.0,47.793350052451345,0.7857142892400154,,
ZIPAEMG4,ZIPAEMG4,Thermal,Oriental,CARBON,2027,560.640000010596,4704390.804346193,677808.5460608106,64.0,8190720.267930715,9166080.0,39.350012613905456,1.0000000000188995,,
ZIPAEMG4,ZIPAEMG4,Thermal,Oriental,CARBON,2028,560.6399988674427,4704390.79475387,677808.5446787488,64.0,8190720.267930715,9166080.0,39.35001267703113,0.9999999979798848,,
ZIPAEMG4,ZIPAEMG4,Thermal,Oriental,CARBON,2029,560.6399999882261,4704390.804158484,677808.5460337654,64.0,8190720.267930715,9166080.0,39.350012615140734,0.999999999978999,,
ZIPAEMG4,ZIPAEMG4,Thermal,Oriental,CARBON,2030,560.6400003509797,4704390.8072023885,677808.5464723313,64.0,8190720.267930715,9166080.0,39.350012595109256,1.0000000006260337,,
ZIPAEMG4,ZIPAEMG4,Thermal,Oriental,CARBON,2031,560.6400005078501,4704390.808518706,677808.546661986,64.0,8190720.267930715,9166080.0,39.350012586446766,1.0000000009058396,,
ZIPAEMG4,ZIPAEMG4,Thermal,Oriental,CARBON,2032,560.640000656359,4704390.80976486,677808.546841532,64.0,8190720.267930715,9166080.0,39.35001257824601,1.0000000011707315,,
ZIPAEMG4,ZIPAEMG4,Thermal,Oriental,CARBON,2033,560.6400007453658,4704390.810511725,677808.5469491404,64.0,8190720.267930715,9166080.0,39.350012573330986,1.0000000013294907,,
ZIPAEMG4,ZIPAEMG4,Thermal,Oriental,CARBON,2034,560.6400003701058,4704390.807362879,677808.5464954546,64.0,8190720.267930715,9166080.0,39.3500125940531,1.0000000006601484,,
ZIPAEMG4,ZIPAEMG4,Thermal,Oriental,CARBON,2035,560.640001262617,4704390.814852036,677808.5475744922,64.0,8190720.267930715,9166080.0,39.35001254476804,1.0000000022520994,,
ZIPAEMG5,ZIPAEMG5,Thermal,Oriental,CARBON,2023,7.994012747217683e-06,0.06707862453111862,0.008674346399674742,63.0,8068410.263929772,9022860.0,2138008891.3364587,1.448505607599058e-08,,
ZIPAEMG5,ZIPAEMG5,Thermal,Oriental,CARBON,2024,197.10000131808806,1653887.4031819194,213874.2757702645,63.0,8068410.263929772,9022860.0,95.10480741631243,0.35714285953121694,,
ZIPAEMG5,ZIPAEMG5,Thermal,Oriental,CARBON,2025,433.6199872526372,3638552.155703242,470523.3897157678,63.0,8068410.263929772,9022860.0,47.8064273535328,0.7857142626162157,,
ZIPAEMG5,ZIPAEMG5,Thermal,Oriental,CARBON,2026,551.8799998066272,4630884.696318148,598847.9679421701,63.0,8068410.263929772,9022860.0,39.36028659828066,0.9999999996496105,,
ZIPAEMG5,ZIPAEMG5,Thermal,Oriental,CARBON,2027,551.8800007120345,4630884.70391552,598847.9689246325,63.0,8068410.263929772,9022860.0,39.36028654747302,1.000000001290198,,
ZIPAEMG5,ZIPAEMG5,Thermal,Oriental,CARBON,2028,551.8800002246909,4630884.699826165,598847.9683958133,63.0,8068410.263929772,9022860.0,39.36028657482069,1.000000000407137,,
ZIPAEMG5,ZIPAEMG5,Thermal,Oriental,CARBON,2029,551.880000587167,4630884.702867742,598847.9687891382,63.0,8068410.263929772,9022860.0,39.36028655448005,1.0000000010639396,,
ZIPAEMG5,ZIPAEMG5,Thermal,Oriental,CARBON,2030,551.8800008195061,4630884.704817324,598847.9690412504,63.0,8068410.263929772,9022860.0,39.360286541442164,1.0000000014849353,,
ZIPAEMG5,ZIPAEMG5,Thermal,Oriental,CARBON,2031,551.88000093917,4630884.705821438,598847.9691710984,63.0,8068410.263929772,9022860.0,39.36028653472713,1.0000000017017647,,
ZIPAEMG5,ZIPAEMG5,Thermal,Oriental,CARBON,2032,551.8800010304159,4630884.706587091,598847.9692701099,63.0,8068410.263929772,9022860.0,39.360286529606796,1.0000000018671011,,
ZIPAEMG5,ZIPAEMG5,Thermal,Oriental,CARBON,2033,551.8800010476757,4630884.70673192,598847.9692888386,63.0,8068410.263929772,9022860.0,39.36028652863825,1.0000000018983757,,
ZIPAEMG5,ZIPAEMG5,Thermal,Oriental,CARBON,2034,551.8800008211242,4630884.704830902,598847.9690430064,63.0,8068410.263929772,9022860.0,39.36028654135137,1.000000001487867,,
ZIPAEMG5,ZIPAEMG5,Thermal,Oriental,CARBON,2035,551.88000141969,4630884.709853532,598847.9696925132,63.0,8068410.263929772,9022860.0,39.36028650776238,1.0000000025724611,,
