LOAD_ZONE,timepoints,zone_demand_mw
Nordeste,1,963.6863636363636
Oriental,1,2156.8706493506493
Caribe,1,2405.0177922077924
Surocciden,1,1814.571038961039
Antioquia,1,1093.7797402597405
Surocciden,2,1712.9877922077922
Caribe,2,2270.3794805194807
Nordeste,2,909.737922077922
Oriental,2,2036.123896103896
Antioquia,2,1032.5477922077923
Oriental,3,1966.5618181818184
Caribe,3,2192.8136363636363
Surocciden,3,1654.4644155844155
Antioquia,3,997.2715584415585
Nordeste,3,878.6564935064936
Antioquia,4,972.2632467532468
Caribe,4,2137.8255844155847
Surocciden,4,1612.9764935064936
Nordeste,4,856.6228571428572
Oriental,4,1917.2472727272727
Surocciden,5,1593.0489610389611
Caribe,5,2111.4135064935062
Antioquia,5,960.2516883116884
Nordeste,5,846.0405194805195
Oriental,5,1893.55987012987
Antioquia,6,975.0553246753246
Caribe,6,2143.9653246753246
Oriental,6,1922.753246753247
Nordeste,6,859.0824675324676
Surocciden,6,1617.608831168831
Surocciden,7,1684.1725974025974
Antioquia,7,1015.1792207792208
Oriental,7,2001.8742857142856
Nordeste,7,894.4348051948051
Caribe,7,2232.190389610389
Surocciden,8,1723.40974025974
Nordeste,8,915.2724675324674
Oriental,8,2048.512337662338
Antioquia,8,1038.83012987013
Caribe,8,2284.193116883117
Caribe,9,2422.0762337662336
Oriental,9,2172.1687012987013
Surocciden,9,1827.442077922078
Antioquia,9,1101.5377922077923
Nordeste,9,970.521818181818
Surocciden,10,1940.74025974026
Caribe,10,2572.241948051948
Nordeste,10,1030.6937662337662
Oriental,10,2306.84
Antioquia,10,1169.8323376623375
Oriental,11,2390.7055844155843
Surocciden,11,2011.296363636364
Caribe,11,2665.7553246753246
Antioquia,11,1212.3615584415584
Nordeste,11,1068.164025974026
Antioquia,12,1254.4385714285715
Nordeste,12,1105.2374025974025
Oriental,12,2473.681168831169
Surocciden,12,2081.102987012987
Caribe,12,2758.277532467532
Caribe,13,2831.824155844156
Surocciden,13,2136.5945454545454
Oriental,13,2539.6396103896104
Nordeste,13,1134.707012987013
Antioquia,13,1287.8875324675323
Antioquia,14,1282.277012987013
Surocciden,14,2127.2846753246754
Caribe,14,2819.486883116883
Nordeste,14,1129.7638961038965
Oriental,14,2528.575064935065
Caribe,15,2825.6433766233768
Oriental,15,2534.0954545454547
Antioquia,15,1285.0764935064935
Nordeste,15,1132.23012987013
Surocciden,15,2131.93025974026
Nordeste,16,1143.4574025974025
Antioquia,16,1297.818961038961
Surocciden,16,2153.071038961039
Caribe,16,2853.662727272728
Oriental,16,2559.223896103896
Caribe,17,2847.291818181818
Antioquia,17,1294.922857142857
Nordeste,17,1140.904935064935
Oriental,17,2553.510909090909
Surocciden,17,2148.264025974026
Oriental,18,2510.539090909091
Surocciden,18,2112.1123376623377
Caribe,18,2799.376363636364
Nordeste,18,1121.704935064935
Antioquia,18,1273.1306493506493
Nordeste,19,1099.9411688311689
Caribe,19,2745.06
Antioquia,19,1248.427922077922
Surocciden,19,2071.1307792207795
Oriental,19,2461.826753246753
Surocciden,20,2179.1259740259743
Antioquia,20,1313.5250649350648
Oriental,20,2590.194025974026
Nordeste,20,1157.2953246753248
Caribe,20,2888.1954545454546
Oriental,21,2618.546103896104
Surocciden,21,2202.978311688312
Nordeste,21,1169.962987012987
Caribe,21,2919.808831168831
Antioquia,21,1327.901948051948
Surocciden,22,2147.5238961038963
Nordeste,22,1140.5122077922078
Caribe,22,2846.3109090909093
Oriental,22,2552.6305194805195
Antioquia,22,1294.474935064935
Oriental,23,2441.581818181818
Surocciden,23,2054.0993506493505
Nordeste,23,1090.8957142857143
Caribe,23,2722.486233766234
Antioquia,23,1238.1615584415586
Caribe,24,2558.2906493506493
Nordeste,24,1025.1025974025974
Oriental,24,2294.3281818181817
Surocciden,24,1930.2146753246752
Antioquia,24,1163.4871428571428
Surocciden,25,1703.0830769230768
Oriental,25,2024.352307692308
Caribe,25,2257.253846153846
Nordeste,25,904.4769230769232
Antioquia,25,1026.579230769231
Nordeste,26,883.7469230769232
Antioquia,26,1003.0469230769232
Surocciden,26,1664.0484615384617
Caribe,26,2205.514615384616
Oriental,26,1977.9515384615383
Surocciden,27,1608.720769230769
Caribe,27,2132.1876923076925
Oriental,27,1912.190769230769
Antioquia,27,969.7
Nordeste,27,854.3630769230768
Antioquia,28,942.2784615384616
Oriental,28,1858.1215384615384
Nordeste,28,830.2046153846154
Surocciden,28,1563.233846153846
Caribe,28,2071.896923076923
Caribe,29,2026.2692307692307
Oriental,29,1817.2
Nordeste,29,811.9230769230769
Antioquia,29,921.5315384615384
Surocciden,29,1528.8076923076924
Antioquia,30,910.3469230769232
Oriental,30,1795.1515384615386
Caribe,30,2001.6838461538464
Surocciden,30,1510.26
Nordeste,30,802.0715384615385
Caribe,31,1982.18
Nordeste,31,794.2561538461539
Oriental,31,1777.6592307692308
Antioquia,31,901.4776923076922
Surocciden,31,1495.5415384615385
Antioquia,32,873.72
Nordeste,32,769.8007692307692
Oriental,32,1722.9253846153845
Caribe,32,1921.1484615384616
Surocciden,32,1449.4953846153844
Surocciden,33,1496.9930769230768
Caribe,33,1984.103846153846
Antioquia,33,902.3515384615384
Oriental,33,1779.383076923077
Nordeste,33,795.0284615384614
Caribe,34,2098.0176923076924
Surocciden,34,1582.940769230769
Nordeste,34,840.6707692307692
Antioquia,34,954.16
Oriental,34,1881.5461538461536
Surocciden,35,1662.215384615385
Nordeste,35,882.7738461538461
Oriental,35,1975.7746153846156
Antioquia,35,1001.9438461538462
Caribe,35,2203.086923076923
Nordeste,36,916.7023076923076
Caribe,36,2287.7592307692307
Antioquia,36,1040.4515384615386
Oriental,36,2051.710769230769
Surocciden,36,1726.0992307692309
Antioquia,37,1072.9161538461535
Oriental,37,2115.726923076923
Nordeste,37,945.303076923077
Surocciden,37,1779.9584615384615
Caribe,37,2359.1407692307694
Nordeste,38,957.6461538461538
Caribe,38,2389.9453846153847
Antioquia,38,1086.9246153846154
Oriental,38,2143.3546153846155
Surocciden,38,1803.1984615384615
Surocciden,39,1799.78
Oriental,39,2139.286923076923
Caribe,39,2385.412307692308
Nordeste,39,955.8307692307692
Antioquia,39,1084.8638461538462
Surocciden,40,1781.71
Oriental,40,2117.808461538462
Nordeste,40,946.2346153846154
Caribe,40,2361.4615384615386
Antioquia,40,1073.9715384615383
Antioquia,41,1064.5553846153848
Surocciden,41,1766.086923076923
Oriental,41,2099.24
Nordeste,41,937.94
Caribe,41,2340.756923076923
Surocciden,42,1752.0807692307692
Nordeste,42,930.5
Oriental,42,2082.5915384615387
Caribe,42,2322.1953846153847
Antioquia,42,1056.1123076923077
Caribe,43,2335.0015384615385
Nordeste,43,935.6307692307691
Antioquia,43,1061.9376923076925
Oriental,43,2094.0784615384614
Surocciden,43,1761.7446153846154
Antioquia,44,1152.8884615384616
Caribe,44,2534.986923076923
Nordeste,44,1015.7638461538462
Oriental,44,2273.4284615384613
Surocciden,44,1912.633076923077
Surocciden,45,1963.6846153846157
Oriental,45,2334.110769230769
Caribe,45,2602.6484615384616
Antioquia,45,1183.6615384615384
Nordeste,45,1042.8784615384616
Oriental,46,2305.055384615385
Antioquia,46,1168.926923076923
Caribe,46,2570.252307692308
Nordeste,46,1029.8961538461538
Surocciden,46,1939.2384615384613
Surocciden,47,1880.993846153846
Oriental,47,2235.8230769230768
Nordeste,47,998.963076923077
Caribe,47,2493.053076923077
Antioquia,47,1133.819230769231
Antioquia,48,1083.1884615384615
Oriental,48,2135.984615384615
Surocciden,48,1797.0007692307695
Nordeste,48,954.3546153846154
Caribe,48,2381.7276923076925
Nordeste,49,956.5032911392404
Caribe,49,2387.0913924050637
Antioquia,49,1085.626835443038
Surocciden,49,1801.0459493670887
Oriental,49,2140.793164556962
Caribe,50,2247.06253164557
Oriental,50,2015.2121518987344
Antioquia,50,1021.9435443037974
Surocciden,50,1695.394936708861
Nordeste,50,900.3950632911393
Surocciden,51,1638.6650632911392
Antioquia,51,987.7472151898734
Caribe,51,2171.872911392405
Nordeste,51,870.2660759493672
Oriental,51,1947.7803797468357
Oriental,52,1899.739367088608
Caribe,52,2118.304683544304
Antioquia,52,963.3859493670886
Surocciden,52,1598.2482278481014
Nordeste,52,848.8015189873419
Antioquia,53,952.367088607595
Surocciden,53,1579.9689873417722
Caribe,53,2094.0769620253163
Nordeste,53,839.0927848101267
Oriental,53,1878.0122784810128
Oriental,54,1917.5627848101265
Surocciden,54,1613.2418987341773
Nordeste,54,856.7643037974684
Antioquia,54,972.423670886076
Caribe,54,2138.1777215189877
Nordeste,55,899.1637974683545
Antioquia,55,1020.546835443038
Surocciden,55,1693.0782278481013
Oriental,55,2012.4591139240504
Caribe,55,2243.9921518987344
Surocciden,56,1727.1484810126583
Nordeste,56,917.2581012658228
Caribe,56,2289.148860759494
Antioquia,56,1041.083670886076
Oriental,56,2052.955443037975
Oriental,57,2174.219746835443
Surocciden,57,1829.1670886075951
Nordeste,57,971.4383544303798
Caribe,57,2424.362658227848
Antioquia,57,1102.5781012658229
Surocciden,58,1934.846329113924
Oriental,58,2299.8335443037977
Antioquia,58,1166.278227848101
Nordeste,58,1027.562658227848
Caribe,58,2564.428734177215
Caribe,59,2652.8925316455698
Antioquia,59,1206.511012658228
Nordeste,59,1063.0091139240506
Surocciden,59,2001.5912658227849
Oriental,59,2379.168734177216
Antioquia,60,1249.9378481012657
Oriental,60,2464.8044303797465
Nordeste,60,1101.2712658227847
Surocciden,60,2073.635696202532
Caribe,60,2748.3806329113927
Antioquia,61,1282.7022784810126
Nordeste,61,1130.1386075949367
Oriental,61,2529.412911392405
Caribe,61,2820.4218987341774
Surocciden,61,2127.9906329113924
Nordeste,62,1121.3618987341772
Antioquia,62,1272.7406329113924
Caribe,62,2798.517848101266
Oriental,62,2509.769240506329
Surocciden,62,2111.4643037974683
Oriental,63,2522.6911392405063
Caribe,63,2812.9269620253167
Nordeste,63,1127.1354430379747
Surocciden,63,2122.3358227848103
Antioquia,63,1279.2927848101267
Caribe,64,2845.412151898734
Antioquia,64,1294.067341772152
Nordeste,64,1140.152278481013
Oriental,64,2551.8253164556963
Surocciden,64,2146.8462025316458
Caribe,65,2844.141012658228
Antioquia,65,1293.489493670886
Nordeste,65,1139.6420253164556
Surocciden,65,2145.8872151898736
Oriental,65,2550.684683544304
Antioquia,66,1272.7311392405063
Surocciden,66,2111.450506329114
Nordeste,66,1121.353417721519
Oriental,66,2509.7517721518984
Caribe,66,2798.498607594937
Nordeste,67,1092.314556962025
Antioquia,67,1239.7712658227847
Caribe,67,2726.0262025316456
Oriental,67,2444.7575949367088
Surocciden,67,2056.7705063291137
Caribe,68,2860.6764556962025
Nordeste,68,1146.2684810126582
Antioquia,68,1301.0093670886076
Surocciden,68,2158.3627848101264
Oriental,68,2565.5143037974685
Antioquia,69,1327.4648101265825
Oriental,69,2617.6832911392407
Caribe,69,2918.847594936709
Surocciden,69,2202.2527848101267
Nordeste,69,1169.577594936709
Antioquia,70,1297.038227848101
Nordeste,70,1142.7693670886076
Caribe,70,2851.9443037974684
Oriental,70,2557.6830379746834
Surocciden,70,2151.77417721519
Oriental,71,2440.116329113924
Surocciden,71,2052.8662025316453
Nordeste,71,1090.2408860759494
Caribe,71,2720.852025316456
Antioquia,71,1237.4179746835443
Surocciden,72,1919.7492405063288
Antioquia,72,1157.1786075949367
Oriental,72,2281.888734177215
Caribe,72,2544.419746835443
Nordeste,72,1019.5446835443038
Surocciden,73,1686.7407692307693
Nordeste,73,895.8
Caribe,73,2235.593846153846
Antioquia,73,1016.7292307692308
Oriental,73,2004.9284615384613
Oriental,74,1993.413076923077
Surocciden,74,1677.0538461538465
Antioquia,74,1010.8884615384616
Nordeste,74,890.6538461538462
Caribe,74,2222.754615384616
Nordeste,75,855.7638461538462
Surocciden,75,1611.3615384615384
Oriental,75,1915.3246153846155
Caribe,75,2135.683846153846
Antioquia,75,971.2892307692308
Oriental,76,1855.3992307692304
Surocciden,76,1560.945384615385
Antioquia,76,940.9007692307692
Nordeste,76,828.9915384615384
Caribe,76,2068.862307692308
Surocciden,77,1525.1669230769232
Oriental,77,1812.8730769230767
Antioquia,77,919.3346153846154
Nordeste,77,809.9892307692309
Caribe,77,2021.4438461538464
Oriental,78,1792.3184615384614
Surocciden,78,1507.8738461538462
Antioquia,78,908.9115384615384
Nordeste,78,800.8061538461538
Caribe,78,1998.5253846153848
Nordeste,79,788.8892307692307
Antioquia,79,895.3876923076924
Oriental,79,1765.6507692307691
Caribe,79,1968.7892307692307
Surocciden,79,1485.44
Oriental,80,1727.9646153846154
Surocciden,80,1453.7330769230769
Nordeste,80,772.0523076923077
Antioquia,80,876.2769230769231
Caribe,80,1926.7653846153848
Oriental,81,1802.4976923076924
Antioquia,81,914.073846153846
Surocciden,81,1516.4376923076925
Caribe,81,2009.8753846153847
Nordeste,81,805.3538461538462
Surocciden,82,1597.8007692307692
Antioquia,82,963.1153846153846
Caribe,82,2117.713076923077
Nordeste,82,848.5630769230769
Oriental,82,1899.2092307692308
Antioquia,83,1008.4215384615384
Caribe,83,2217.3284615384614
Nordeste,83,888.48
Surocciden,83,1672.9584615384615
Oriental,83,1988.5453846153848
Nordeste,84,921.1792307692308
Antioquia,84,1045.533846153846
Oriental,84,2061.7315384615385
Caribe,84,2298.933076923077
Surocciden,84,1734.5315384615385
Surocciden,85,1785.1392307692308
Nordeste,85,948.0561538461538
Antioquia,85,1076.0384615384614
Caribe,85,2366.0107692307693
Oriental,85,2121.886923076923
Nordeste,86,959.853076923077
Oriental,86,2148.288461538461
Antioquia,86,1089.4292307692308
Caribe,86,2395.45
Surocciden,86,1807.353076923077
Antioquia,87,1088.7369230769232
Surocciden,87,1806.2069230769232
Oriental,87,2146.9284615384613
Nordeste,87,959.2453846153846
Caribe,87,2393.9307692307693
Caribe,88,2362.373076923077
Surocciden,88,1782.397692307692
Oriental,88,2118.626923076923
Nordeste,88,946.5984615384616
Antioquia,88,1074.3861538461538
Caribe,89,2337.972307692308
Antioquia,89,1063.2876923076924
Surocciden,89,1763.983846153846
Oriental,89,2096.742307692308
Nordeste,89,936.8215384615384
Oriental,90,2078.99
Surocciden,90,1749.0484615384617
Caribe,90,2318.1761538461537
Nordeste,90,928.8884615384616
Antioquia,90,1054.286153846154
Caribe,91,2322.6515384615386
Nordeste,91,930.6823076923076
Antioquia,91,1056.319230769231
Surocciden,91,1752.426923076923
Oriental,91,2083.002307692308
Oriental,92,2254.8753846153845
Caribe,92,2514.2992307692307
Surocciden,92,1897.0238461538463
Nordeste,92,1007.4746153846154
Antioquia,92,1143.48
Surocciden,93,1961.6984615384615
Caribe,93,2600.019230769231
Antioquia,93,1182.465384615385
Oriental,93,2331.752307692308
Nordeste,93,1041.823846153846
Oriental,94,2302.712307692308
Nordeste,94,1028.8476923076923
Caribe,94,2567.638461538462
Antioquia,94,1167.7392307692307
Surocciden,94,1937.2684615384612
Oriental,95,2228.123846153846
Nordeste,95,995.5230769230768
Surocciden,95,1874.5184615384617
Caribe,95,2484.4715384615383
Antioquia,95,1129.9146153846154
Oriental,96,2121.4269230769232
Surocciden,96,1784.753076923077
Caribe,96,2365.496153846154
Nordeste,96,947.8507692307692
Antioquia,96,1075.8076923076924
Antioquia,97,1125.3569620253163
Nordeste,97,991.5082278481012
Caribe,97,2474.4507594936717
Surocciden,97,1866.9577215189877
Oriental,97,2219.1386075949367
Antioquia,98,1060.4801265822784
Nordeste,98,934.3469620253164
Surocciden,98,1759.3267088607597
Oriental,98,2091.204683544304
Caribe,98,2331.797215189873
Caribe,99,2250.551012658228
Antioquia,99,1023.5294936708862
Surocciden,99,1698.0260759493672
Oriental,99,2018.340379746836
Nordeste,99,901.7920253164558
Nordeste,100,878.5794936708861
Surocciden,100,1654.3181012658229
Antioquia,100,997.183417721519
Caribe,100,2192.620379746836
Oriental,100,1966.387848101266
Oriental,101,1941.7112658227848
Nordeste,101,867.5548101265823
Antioquia,101,984.6701265822784
Surocciden,101,1633.5582278481013
Caribe,101,2165.106075949367
Caribe,102,2199.7263291139243
Antioquia,102,1000.4150632911392
Nordeste,102,881.426329113924
Oriental,102,1972.7606329113923
Surocciden,102,1659.6803797468351
Oriental,103,2044.873417721519
Caribe,103,2280.1362025316457
Nordeste,103,913.6460759493672
Surocciden,103,1720.3489873417725
Antioquia,103,1036.9856962025317
Surocciden,104,1759.4639240506328
Caribe,104,2331.979746835443
Nordeste,104,934.420506329114
Oriental,104,2091.3678481012657
Antioquia,104,1060.562405063291
Caribe,105,2479.4464556962025
Oriental,105,2223.6191139240505
Surocciden,105,1870.7264556962027
Antioquia,105,1127.6293670886075
Nordeste,105,993.510253164557
Surocciden,106,1980.6212658227848
Antioquia,106,1193.8712658227848
Nordeste,106,1051.8726582278482
Oriental,106,2354.2437974683544
Caribe,106,2625.099240506329
Caribe,107,2718.7893670886074
Surocciden,107,2051.309367088608
Oriental,107,2438.2669620253164
Antioquia,107,1236.4808860759497
Nordeste,107,1089.4140506329115
Nordeste,108,1129.7869620253164
Caribe,108,2819.5449367088604
Antioquia,108,1282.3027848101265
Oriental,108,2528.626202531645
Surocciden,108,2127.329493670886
Antioquia,109,1316.4639240506328
Caribe,109,2894.657594936709
Oriental,109,2595.989746835443
Surocciden,109,2184.0015189873416
Nordeste,109,1159.8843037974684
Nordeste,110,1153.4037974683545
Antioquia,110,1309.1082278481013
Oriental,110,2581.484683544304
Caribe,110,2878.4851898734178
Surocciden,110,2171.799493670886
Oriental,111,2595.168481012658
Antioquia,111,1316.046835443038
Nordeste,111,1159.5178481012658
Surocciden,111,2183.310506329114
Caribe,111,2893.74164556962
Oriental,112,2624.1345569620253
Surocciden,112,2207.6802531645567
Nordeste,112,1172.46
Caribe,112,2926.040506329114
Antioquia,112,1330.7362025316456
Nordeste,113,1169.616835443038
Surocciden,113,2202.3267088607595
Antioquia,113,1327.509493670886
Oriental,113,2617.7712658227847
Caribe,113,2918.9450632911394
Antioquia,114,1307.7007594936708
Surocciden,114,2169.46417721519
Caribe,114,2875.3906329113925
Oriental,114,2578.709873417721
Nordeste,114,1152.1643037974684
Surocciden,115,2108.536202531646
Caribe,115,2794.635696202532
Nordeste,115,1119.8067088607595
Oriental,115,2506.2883544303795
Antioquia,115,1270.9755696202533
Surocciden,116,2192.2951898734177
Oriental,116,2605.847088607595
Nordeste,116,1164.2887341772152
Caribe,116,2905.6493670886075
Antioquia,116,1321.462658227848
Caribe,117,2989.765316455696
Antioquia,117,1359.7169620253164
Nordeste,117,1197.9943037974683
Oriental,117,2681.284050632911
Surocciden,117,2255.760126582278
Antioquia,118,1334.113164556962
Caribe,118,2933.466202531645
Surocciden,118,2213.2822784810123
Oriental,118,2630.793924050633
Nordeste,118,1175.4351898734178
Nordeste,119,1125.5825316455696
Oriental,119,2519.214936708861
Antioquia,119,1277.5301265822786
Caribe,119,2809.050886075949
Surocciden,119,2119.4111392405066
Surocciden,120,1989.7627848101267
Nordeste,120,1056.727341772152
Antioquia,120,1199.380759493671
Oriental,120,2365.1091139240507
Caribe,120,2637.214936708861
Surocciden,121,1742.503846153846
Caribe,121,2309.4992307692305
Nordeste,121,925.4123076923078
Oriental,121,2071.2069230769234
Antioquia,121,1050.3384615384616
Oriental,122,2047.69
Antioquia,122,1038.4138461538462
Surocciden,122,1722.7176923076922
Caribe,122,2283.2753846153846
Nordeste,122,914.9053846153846
Surocciden,123,1659.804615384615
Antioquia,123,1000.4892307692307
Nordeste,123,881.493076923077
Oriental,123,1972.9076923076923
Caribe,123,2199.89
Nordeste,124,854.6315384615384
Oriental,124,1912.79
Caribe,124,2132.856153846154
Antioquia,124,970.003846153846
Surocciden,124,1609.2261538461537
Nordeste,125,834.3915384615385
Caribe,125,2082.3438461538462
Surocciden,125,1571.1138461538462
Antioquia,125,947.0307692307692
Oriental,125,1867.4907692307693
Surocciden,126,1550.1046153846155
Caribe,126,2054.496923076923
Antioquia,126,934.3653846153846
Oriental,126,1842.513846153846
Nordeste,126,823.2338461538462
Surocciden,127,1524.936923076923
Oriental,127,1812.5992307692309
Antioquia,127,919.1946153846154
Nordeste,127,809.8676923076923
Caribe,127,2021.1384615384616
Antioquia,128,897.4676923076923
Caribe,128,1973.363076923077
Nordeste,128,790.7230769230769
Surocciden,128,1488.8907692307694
Oriental,128,1769.7553846153846
Oriental,129,1845.227692307692
Caribe,129,2057.520769230769
Antioquia,129,935.7407692307692
Nordeste,129,824.4453846153847
Surocciden,129,1552.3876923076923
Nordeste,130,867.0330769230769
Oriental,130,1940.544615384616
Antioquia,130,984.0784615384616
Surocciden,130,1632.576923076923
Caribe,130,2163.802307692308
Surocciden,131,1701.4492307692308
Oriental,131,2022.41
Nordeste,131,903.6092307692307
Caribe,131,2255.087692307692
Antioquia,131,1025.5923076923077
Caribe,132,2330.032307692308
Oriental,132,2089.6215384615384
Nordeste,132,933.6392307692308
Surocciden,132,1757.9953846153844
Antioquia,132,1059.676153846154
Surocciden,133,1805.3546153846155
Nordeste,133,958.7930769230768
Oriental,133,2145.916153846154
Caribe,133,2392.800769230769
Antioquia,133,1088.2246153846154
Caribe,134,2429.580769230769
Oriental,134,2178.8984615384616
Nordeste,134,973.5292307692308
Antioquia,134,1104.95
Surocciden,134,1833.102307692308
Caribe,135,2431.9146153846154
Antioquia,135,1106.0130769230768
Oriental,135,2180.9915384615383
Nordeste,135,974.4638461538462
Surocciden,135,1834.8653846153843
Antioquia,136,1092.5
Nordeste,136,962.5584615384616
Caribe,136,2402.203076923077
Surocciden,136,1812.4461538461535
Oriental,136,2154.3438461538462
Surocciden,137,1792.5707692307692
Oriental,137,2130.7192307692308
Nordeste,137,952.003076923077
Antioquia,137,1080.5184615384617
Caribe,137,2375.857692307693
Surocciden,138,1777.603076923077
Caribe,138,2356.019230769231
Nordeste,138,944.0523076923076
Oriental,138,2112.929230769231
Antioquia,138,1071.4953846153846
Antioquia,139,1072.6723076923076
Caribe,139,2358.6046153846155
Oriental,139,2115.246923076923
Surocciden,139,1779.5538461538465
Nordeste,139,945.0892307692308
Nordeste,140,1014.3469230769232
Caribe,140,2531.4484615384617
Oriental,140,2270.256923076923
Antioquia,140,1151.28
Surocciden,140,1909.9630769230769
Caribe,141,2644.9700000000003
Antioquia,141,1202.9076923076923
Nordeste,141,1059.8353846153846
Oriental,141,2372.0646153846155
Surocciden,141,1995.6146153846155
Caribe,142,2619.373846153846
Antioquia,142,1191.266153846154
Oriental,142,2349.10923076923
Nordeste,142,1049.576923076923
Surocciden,142,1976.3015384615385
Surocciden,143,1924.112307692308
Oriental,143,2287.0738461538463
Nordeste,143,1021.8607692307692
Caribe,143,2550.2023076923074
Antioquia,143,1159.8084615384616
Caribe,144,2435.723076923077
Oriental,144,2184.4069230769232
Nordeste,144,975.9892307692307
Surocciden,144,1837.737692307692
Antioquia,144,1107.7461538461537
Caribe,145,2586.7310256410256
Nordeste,145,1036.4998717948718
Antioquia,145,1176.42141025641
Surocciden,145,1951.6739743589744
Oriental,145,2319.834871794872
Nordeste,146,977.5684615384616
Caribe,146,2439.661794871795
Surocciden,146,1840.7097435897435
Antioquia,146,1109.5355128205128
Oriental,146,2187.939230769231
Nordeste,147,944.1551282051284
Surocciden,147,1777.795
Oriental,147,2113.1562820512822
Caribe,147,2356.274487179487
Antioquia,147,1071.6120512820514
Oriental,148,2061.3716666666664
Surocciden,148,1734.2293589743592
Caribe,148,2298.5332051282053
Antioquia,148,1045.351794871795
Nordeste,148,921.0191025641026
Caribe,149,2270.2534615384616
Nordeste,149,909.6866666666666
Surocciden,149,1712.8920512820512
Oriental,149,2036.010512820513
Antioquia,149,1032.4905128205128
Nordeste,150,924.5083333333332
Oriental,150,2069.184487179487
Antioquia,150,1049.3133333333333
Caribe,150,2307.243846153846
Surocciden,150,1740.801282051282
Antioquia,151,1087.2511538461538
Nordeste,151,957.9338461538462
Oriental,151,2143.9942307692304
Caribe,151,2390.6614102564104
Surocciden,151,1803.7393589743592
Antioquia,152,1112.329230769231
Caribe,152,2445.805512820513
Nordeste,152,980.030641025641
Oriental,152,2193.4484615384617
Surocciden,152,1845.3446153846155
Oriental,153,2329.091538461538
Caribe,153,2597.0526923076923
Antioquia,153,1181.1158974358973
Nordeste,153,1040.635
Surocciden,153,1959.460512820513
Antioquia,154,1248.2066666666667
Nordeste,154,1099.7457692307692
Oriental,154,2461.389102564103
Surocciden,154,2070.762948717949
Caribe,154,2744.5717948717947
Oriental,155,2547.5529487179488
Antioquia,155,1291.901153846154
Caribe,155,2840.6488461538465
Nordeste,155,1138.243205128205
Surocciden,155,2143.252820512821
Nordeste,156,1178.7464102564102
Oriental,156,2638.205769230769
Caribe,156,2941.731153846154
Surocciden,156,2219.517820512821
Antioquia,156,1337.871794871795
Oriental,157,2704.6784615384618
Antioquia,157,1371.581794871795
Surocciden,157,2275.441282051282
Nordeste,157,1208.446923076923
Caribe,157,3015.8516666666665
Surocciden,158,2266.0126923076923
Oriental,158,2693.4707692307693
Nordeste,158,1203.439358974359
Antioquia,158,1365.8976923076923
Caribe,158,3003.354743589744
Caribe,159,3020.8451282051283
Antioquia,159,1373.8526923076922
Nordeste,159,1210.448076923077
Surocciden,159,2279.2091025641025
Oriental,159,2709.1576923076923
Caribe,160,3054.132435897436
Antioquia,160,1388.9915384615383
Oriental,160,2739.009358974359
Nordeste,160,1223.7855128205128
Surocciden,160,2304.324358974359
Oriental,161,2733.245512820513
Antioquia,161,1386.0682051282051
Surocciden,161,2299.4753846153844
Nordeste,161,1221.2098717948718
Caribe,161,3047.705512820513
Antioquia,162,1367.7284615384615
Oriental,162,2697.081153846153
Surocciden,162,2269.0502564102567
Nordeste,162,1205.0515384615385
Caribe,162,3007.38
Nordeste,163,1192.0188461538462
Antioquia,163,1352.9360256410257
Oriental,163,2667.9100000000003
Surocciden,163,2244.5084615384617
Caribe,163,2974.853717948718
Surocciden,164,2355.132051282051
Nordeste,164,1250.7696153846157
Oriental,164,2799.40217948718
Antioquia,164,1419.617435897436
Caribe,164,3121.4726923076923
Caribe,165,3116.35923076923
Antioquia,165,1417.291153846154
Nordeste,165,1248.7198717948718
Oriental,165,2794.8155128205126
Surocciden,165,2351.273717948718
Oriental,166,2735.473846153846
Caribe,166,3050.189358974359
Antioquia,166,1387.1978205128205
Surocciden,166,2301.349230769231
Nordeste,166,1222.2055128205127
Surocciden,167,2205.639230769231
Oriental,167,2621.708589743589
Caribe,167,2923.336153846154
Antioquia,167,1329.5065384615384
Nordeste,167,1171.3764102564105
Surocciden,168,2074.962435897436
Oriental,168,2466.380641025641
Antioquia,168,1250.7371794871794
Caribe,168,2750.1383333333333
Nordeste,168,1101.9756410256412
Surocciden,169,1813.883846153846
Nordeste,169,963.3223076923076
Oriental,169,2156.0538461538463
Antioquia,169,1093.3653846153843
Caribe,169,2404.106923076923
Antioquia,170,1070.536153846154
Oriental,170,2111.0376923076924
Caribe,170,2353.912307692308
Surocciden,170,1776.0115384615383
Nordeste,170,943.21
Surocciden,171,1712.809230769231
Oriental,171,2035.9115384615384
Nordeste,171,909.6430769230768
Caribe,171,2270.143846153846
Antioquia,171,1032.4392307692308
Nordeste,172,881.4992307692307
Caribe,172,2199.9069230769232
Antioquia,172,1000.4976923076922
Oriental,172,1972.923076923077
Surocciden,172,1659.8176923076924
Nordeste,173,856.8723076923077
Caribe,173,2138.449230769231
Surocciden,173,1613.4461538461535
Oriental,173,1917.8053846153848
Antioquia,173,972.546153846154
Surocciden,174,1593.6684615384615
Antioquia,174,960.6253846153847
Oriental,174,1894.2992307692307
Nordeste,174,846.3684615384616
Caribe,174,2112.2361538461537
Oriental,175,1865.4315384615384
Surocciden,175,1569.383846153846
Antioquia,175,945.9869230769232
Nordeste,175,833.4715384615386
Caribe,175,2080.046923076923
Antioquia,176,926.0823076923076
Caribe,176,2036.28
Surocciden,176,1536.3623076923077
Nordeste,176,815.9338461538462
Oriental,176,1826.1784615384613
Caribe,177,2119.223076923077
Surocciden,177,1598.9392307692308
Oriental,177,1900.562307692308
Nordeste,177,849.1692307692308
Antioquia,177,963.8023076923076
Nordeste,178,893.5176923076923
Caribe,178,2229.900769230769
Antioquia,178,1014.1376923076924
Surocciden,178,1682.445384615385
Oriental,178,1999.82
Nordeste,179,933.9553846153848
Caribe,179,2330.8184615384616
Oriental,179,2090.326923076923
Antioquia,179,1060.0353846153846
Surocciden,179,1758.5892307692309
Oriental,180,2171.7607692307693
Caribe,180,2421.6215384615384
Surocciden,180,1827.0984615384612
Nordeste,180,970.3376923076922
Antioquia,180,1101.3323076923075
Caribe,181,2495.8784615384616
Nordeste,181,1000.093846153846
Antioquia,181,1135.1015384615384
Surocciden,181,1883.1253846153847
Oriental,181,2238.3553846153845
Surocciden,182,1910.066923076923
Caribe,182,2531.586153846154
Antioquia,182,1151.3423076923077
Oriental,182,2270.38
Nordeste,182,1014.4038461538462
Nordeste,183,1014.3607692307692
Caribe,183,2531.483846153846
Oriental,183,2270.288461538461
Antioquia,183,1151.2953846153846
Surocciden,183,1909.9892307692307
Caribe,184,2502.825384615385
Surocciden,184,1888.366923076923
Antioquia,184,1138.2630769230768
Oriental,184,2244.587692307692
Nordeste,184,1002.8776923076924
Antioquia,185,1130.246153846154
Nordeste,185,995.8138461538462
Surocciden,185,1875.066923076923
Caribe,185,2485.1976923076923
Oriental,185,2228.7784615384617
Oriental,186,2213.136153846154
Antioquia,186,1122.3146153846153
Surocciden,186,1861.9076923076923
Nordeste,186,988.8269230769232
Caribe,186,2467.757692307692
Surocciden,187,1896.8546153846155
Oriental,187,2254.6761538461537
Antioquia,187,1143.3784615384616
Caribe,187,2514.076153846154
Nordeste,187,1007.3846153846154
Caribe,188,2724.8969230769235
Oriental,188,2443.746153846154
Surocciden,188,2055.919230769231
Nordeste,188,1091.8623076923077
Antioquia,188,1239.2584615384617
Antioquia,189,1257.2884615384614
Oriental,189,2479.2992307692307
Caribe,189,2764.542307692308
Nordeste,189,1107.7484615384617
Surocciden,189,2085.8315384615385
Oriental,190,2449.1353846153843
Antioquia,190,1241.9915384615383
Caribe,190,2730.9076923076927
Surocciden,190,2060.4538461538464
Nordeste,190,1094.27
Nordeste,191,1064.0723076923075
Oriental,191,2381.547692307692
Surocciden,191,2003.592307692308
Caribe,191,2655.544615384616
Antioquia,191,1207.7176923076922
Antioquia,192,1154.55
Nordeste,192,1017.2292307692308
Surocciden,192,1915.3884615384616
Caribe,192,2538.6423076923074
Oriental,192,2276.706153846154
Oriental,385,2238.388701298701
Nordeste,385,1000.1089610389612
Surocciden,385,1883.152207792208
Caribe,385,2495.915064935065
Antioquia,385,1135.118961038961
Caribe,386,2370.6462337662338
Antioquia,386,1078.1477922077922
Nordeste,386,949.9144155844156
Oriental,386,2126.044675324675
Surocciden,386,1788.6384415584416
Caribe,387,2290.7646753246754
Antioquia,387,1041.8185714285714
Surocciden,387,1728.3675324675323
Nordeste,387,917.9058441558442
Oriental,387,2054.4055844155846
Surocciden,388,1684.1777922077922
Antioquia,388,1015.181818181818
Caribe,388,2232.195584415585
Nordeste,388,894.4377922077923
Oriental,388,2001.879220779221
Oriental,389,1975.0315584415584
Nordeste,389,882.4422077922078
Antioquia,389,1001.5672727272728
Caribe,389,2202.258961038961
Surocciden,389,1661.59
Nordeste,390,891.9935064935065
Caribe,390,2226.096493506493
Antioquia,390,1012.4092207792208
Oriental,390,1996.41
Surocciden,390,1679.577142857143
Caribe,391,2299.4587012987013
Nordeste,391,921.3892207792208
Oriental,391,2062.202207792208
Surocciden,391,1734.9276623376622
Antioquia,391,1045.7727272727273
Antioquia,392,1061.368831168831
Caribe,392,2333.7536363636364
Nordeste,392,935.1307792207792
Oriental,392,2092.9576623376624
Surocciden,392,1760.8016883116884
Antioquia,393,1121.239220779221
Nordeste,393,987.88012987013
Surocciden,393,1860.126363636364
Oriental,393,2211.0185714285712
Caribe,393,2465.395974025974
Caribe,394,2617.970779220779
Nordeste,394,1049.0163636363636
Oriental,394,2347.8515584415586
Antioquia,394,1190.6287012987011
Surocciden,394,1975.2435064935064
Antioquia,395,1236.577922077922
Nordeste,395,1089.501038961039
Caribe,395,2719.004025974026
Oriental,395,2438.4596103896106
Surocciden,395,2051.4716883116885
Oriental,396,2524.595064935065
Antioquia,396,1280.258831168831
Surocciden,396,2123.9375324675325
Caribe,396,2815.0493506493503
Nordeste,396,1127.9851948051949
Caribe,397,2890.054155844156
Antioquia,397,1314.3698701298702
Oriental,397,2591.861298701299
Surocciden,397,2180.5285714285715
Nordeste,397,1158.0405194805194
Oriental,398,2586.235714285714
Nordeste,398,1155.5263636363636
Caribe,398,2883.7825974025977
Antioquia,398,1311.5175324675326
Surocciden,398,2175.7955844155845
Nordeste,399,1156.8275324675326
Surocciden,399,2178.244285714285
Oriental,399,2589.146623376624
Antioquia,399,1312.992987012987
Caribe,399,2887.0271428571427
Caribe,400,2905.291688311688
Antioquia,400,1321.29987012987
Nordeste,400,1164.145194805195
Surocciden,400,2192.024675324675
Oriental,400,2605.5262337662334
Caribe,401,2895.612857142857
Surocciden,401,2184.722597402598
Nordeste,401,1160.267142857143
Oriental,401,2596.845584415584
Antioquia,401,1316.8983116883117
Oriental,402,2556.19012987013
Antioquia,402,1296.2812987012987
Nordeste,402,1142.102077922078
Surocciden,402,2150.519090909091
Caribe,402,2850.280649350649
Surocciden,403,2116.4457142857145
Caribe,403,2805.1187012987016
Nordeste,403,1124.0067532467533
Antioquia,403,1275.7422077922076
Oriental,403,2515.6896103896106
Caribe,404,2965.301168831169
Antioquia,404,1348.5915584415584
Nordeste,404,1188.1914285714286
Surocciden,404,2237.301298701299
Oriental,404,2659.343376623377
Antioquia,405,1366.8145454545454
Oriental,405,2695.278051948052
Surocciden,405,2267.5331168831167
Caribe,405,3005.3694805194805
Nordeste,405,1204.246753246753
Nordeste,406,1176.1296103896104
Antioquia,406,1334.9012987012986
Oriental,406,2632.347142857143
Caribe,406,2935.198701298701
Surocciden,406,2214.5894805194807
Nordeste,407,1127.4077922077922
Antioquia,407,1279.6027272727274
Caribe,407,2813.6074025974026
Surocciden,407,2122.84974025974
Oriental,407,2523.3016883116884
Caribe,408,2650.158571428571
Nordeste,408,1061.914025974026
Oriental,408,2376.7168831168838
Surocciden,408,1999.5275324675324
Antioquia,408,1205.2672727272727
Surocciden,409,1924.6276923076923
Antioquia,409,1160.1192307692306
Nordeste,409,1022.1353846153846
Oriental,409,2287.686923076923
Caribe,409,2550.8853846153847
Caribe,410,2400.048461538461
Surocciden,410,1810.8223076923075
Nordeste,410,961.6953846153848
Oriental,410,2152.413076923077
Antioquia,410,1091.5192307692307
Caribe,411,2313.882307692308
Nordeste,411,927.1692307692308
Antioquia,411,1052.3315384615385
Surocciden,411,1745.8115384615385
Oriental,411,2075.1384615384613
Oriental,412,2022.716923076923
Nordeste,412,903.7476923076922
Antioquia,412,1025.7507692307693
Surocciden,412,1701.7092307692308
Caribe,412,2255.43
Nordeste,413,889.7153846153846
Oriental,413,1991.3107692307688
Surocciden,413,1675.2876923076924
Antioquia,413,1009.823076923077
Caribe,413,2220.4115384615384
Caribe,414,2256.293076923077
Oriental,414,2023.4915384615383
Nordeste,414,904.093846153846
Surocciden,414,1702.3584615384616
Antioquia,414,1026.1415384615384
Antioquia,415,1069.7015384615383
Oriental,415,2109.3884615384613
Surocciden,415,1774.6238461538462
Nordeste,415,942.4707692307692
Caribe,415,2352.0715384615387
Oriental,416,2159.5738461538463
Antioquia,416,1095.1523076923077
Nordeste,416,964.893846153846
Caribe,416,2408.033076923077
Surocciden,416,1816.8453846153848
Antioquia,417,1159.8946153846157
Oriental,417,2287.244615384616
Caribe,417,2550.3923076923074
Surocciden,417,1924.2569230769232
Nordeste,417,1021.9376923076924
Caribe,418,2700.296923076923
Surocciden,418,2037.3576923076923
Nordeste,418,1082.0046153846156
Oriental,418,2421.682307692308
Antioquia,418,1228.0707692307692
Antioquia,419,1270.5184615384617
Surocciden,419,2107.78
Caribe,419,2793.633846153846
Nordeste,419,1119.4038461538462
Oriental,419,2505.389230769231
Oriental,420,2591.256923076923
Surocciden,420,2180.02
Antioquia,420,1314.0653846153846
Nordeste,420,1157.7692307692307
Caribe,420,2889.38
Nordeste,421,1193.1923076923076
Oriental,421,2670.536153846154
Caribe,421,2977.780769230769
Antioquia,421,1354.2676923076922
Surocciden,421,2246.716923076923
Antioquia,422,1350.9984615384617
Nordeste,422,1190.3115384615385
Caribe,422,2970.5938461538462
Surocciden,422,2241.2953846153846
Oriental,422,2664.0915384615387
Nordeste,423,1196.3546153846155
Antioquia,423,1357.856153846154
Surocciden,423,2252.673846153846
Caribe,423,2985.674615384615
Oriental,423,2677.6138461538458
Surocciden,424,2283.9953846153844
Oriental,424,2714.844615384616
Nordeste,424,1212.9884615384617
Antioquia,424,1376.7392307692307
Caribe,424,3027.188461538461
Caribe,425,3023.4084615384613
Antioquia,425,1375.0192307692307
Nordeste,425,1211.4746153846154
Oriental,425,2711.4569230769234
Surocciden,425,2281.143846153846
Surocciden,426,2244.2215384615383
Antioquia,426,1352.7623076923078
Nordeste,426,1191.8653846153843
Caribe,426,2974.4715384615383
Oriental,426,2667.5684615384616
Antioquia,427,1325.8761538461538
Oriental,427,2614.548461538461
Caribe,427,2915.3515384615384
Nordeste,427,1168.1776923076925
Surocciden,427,2199.614615384616
Caribe,428,3065.6169230769237
Antioquia,428,1394.2130769230769
Oriental,428,2749.3076923076924
Nordeste,428,1228.3876923076923
Surocciden,428,2312.987692307692
Oriental,429,2779.886923076923
Antioquia,429,1409.720769230769
Caribe,429,3099.712307692308
Nordeste,429,1242.05
Surocciden,429,2338.7153846153847
Surocciden,430,2281.8853846153847
Nordeste,430,1211.8692307692306
Caribe,430,3024.391538461539
Oriental,430,2712.336153846154
Antioquia,430,1375.4630769230769
Surocciden,431,2182.949230769231
Caribe,431,2893.262307692308
Antioquia,431,1315.8300000000002
Nordeste,431,1159.3261538461538
Oriental,431,2594.7384615384613
Antioquia,432,1238.1038461538462
Nordeste,432,1090.843846153846
Oriental,432,2441.466923076923
Caribe,432,2722.356923076923
Surocciden,432,2054.002307692308
Antioquia,433,1138.8072151898734
Caribe,433,2504.0240506329114
Surocciden,433,1889.271012658228
Nordeste,433,1003.3587341772152
Oriental,433,2245.660759493671
Caribe,434,2374.1106329113923
Antioquia,434,1079.723417721519
Nordeste,434,951.3013924050632
Oriental,434,2129.1515189873417
Surocciden,434,1791.251898734177
Surocciden,435,1729.8675949367089
Nordeste,435,918.7020253164558
Antioquia,435,1042.7227848101268
Caribe,435,2292.7527848101267
Oriental,435,2056.1881012658228
Antioquia,436,1016.2245569620254
Caribe,436,2234.488734177215
Surocciden,436,1685.9077215189873
Oriental,436,2003.93582278481
Nordeste,436,895.3556962025317
Antioquia,437,1002.8321518987342
Nordeste,437,883.5558227848102
Surocciden,437,1663.688607594937
Caribe,437,2205.038987341772
Oriental,437,1977.524683544304
Caribe,438,2239.250253164557
Oriental,438,2008.2064556962025
Surocciden,438,1689.5007594936708
Nordeste,438,897.2636708860759
Antioquia,438,1018.390253164557
Nordeste,439,931.3605063291138
Oriental,439,2084.5201265822784
Surocciden,439,1753.7037974683544
Antioquia,439,1057.090506329114
Caribe,439,2324.3443037974685
Oriental,440,2114.4516455696203
Surocciden,440,1778.8843037974682
Caribe,440,2357.719367088607
Antioquia,440,1072.2691139240503
Nordeste,440,944.7345569620252
Oriental,441,2236.7845569620254
Caribe,441,2494.1259493670887
Nordeste,441,999.3917721518987
Antioquia,441,1134.3051898734177
Surocciden,441,1881.802151898734
Surocciden,442,1990.7015189873416
Nordeste,442,1057.226329113924
Antioquia,442,1199.946582278481
Caribe,442,2638.459367088608
Oriental,442,2366.2249367088607
Antioquia,443,1244.2198734177214
Surocciden,443,2064.148987341772
Caribe,443,2735.8070886075952
Nordeste,443,1096.2335443037975
Oriental,443,2453.5286075949366
Caribe,444,2834.7867088607595
Surocciden,444,2138.829746835443
Nordeste,444,1135.8943037974682
Oriental,444,2542.29582278481
Antioquia,444,1289.2349367088607
Surocciden,445,2195.068860759494
Antioquia,445,1323.1345569620253
Caribe,445,2909.3262025316453
Nordeste,445,1165.7622784810126
Oriental,445,2609.144050632912
Caribe,446,2896.150253164557
Antioquia,446,1317.1425316455695
Surocciden,446,2185.127974683544
Nordeste,446,1160.4825316455697
Oriental,446,2597.328227848101
Oriental,447,2607.1391139240504
Antioquia,447,1322.1177215189873
Caribe,447,2907.0901265822786
Nordeste,447,1164.866582278481
Surocciden,447,2193.3821518987343
Caribe,448,2927.830759493671
Antioquia,448,1331.550506329114
Oriental,448,2625.7396202531645
Nordeste,448,1173.177088607595
Surocciden,448,2209.0301265822786
Nordeste,449,1170.7883544303795
Caribe,449,2921.869746835443
Surocciden,449,2204.5325316455696
Oriental,449,2620.3935443037976
Antioquia,449,1328.8394936708862
Antioquia,450,1308.8986075949367
Oriental,450,2581.072025316456
Caribe,450,2878.0232911392404
Surocciden,450,2171.4512658227845
Nordeste,450,1153.219746835443
Oriental,451,2525.855569620253
Antioquia,451,1280.8981012658228
Caribe,451,2816.455569620253
Nordeste,451,1128.5493670886076
Surocciden,451,2124.9983544303795
Antioquia,452,1350.5773417721518
Surocciden,452,2240.5943037974685
Nordeste,452,1189.940379746835
Caribe,452,2969.665569620253
Oriental,452,2663.25835443038
Surocciden,453,2290.2551898734177
Oriental,453,2722.286329113924
Nordeste,453,1216.3132911392406
Antioquia,453,1380.5113924050631
Caribe,453,3035.485316455696
Antioquia,454,1351.3246835443038
Oriental,454,2664.7326582278483
Caribe,454,2971.309367088608
Surocciden,454,2241.8350632911392
Nordeste,454,1190.5991139240507
Caribe,455,2841.431012658228
Antioquia,455,1292.2572151898732
Surocciden,455,2143.842911392405
Nordeste,455,1138.5568354430382
Oriental,455,2548.25506329114
Caribe,456,2665.268987341772
Nordeste,456,1067.9689873417722
Oriental,456,2390.269240506329
Antioquia,456,1212.1396202531646
Surocciden,456,2010.9298734177212
Caribe,457,2544.5784615384614
Nordeste,457,1019.6084615384616
Antioquia,457,1157.2515384615383
Oriental,457,2282.033076923077
Surocciden,457,1919.8707692307687
Caribe,458,2417.665384615385
Nordeste,458,968.753846153846
Oriental,458,2168.213076923077
Antioquia,458,1099.5323076923078
Surocciden,458,1824.1146153846155
Nordeste,459,935.6107692307692
Antioquia,459,1061.9115384615384
Surocciden,459,1761.7023076923078
Oriental,459,2094.0284615384617
Caribe,459,2334.946923076923
Antioquia,460,1033.633076923077
Oriental,460,2038.2661538461537
Surocciden,460,1714.79
Caribe,460,2272.7676923076924
Nordeste,460,910.6938461538462
Nordeste,461,899.6584615384616
Surocciden,461,1694.01
Oriental,461,2013.5661538461536
Caribe,461,2245.226923076923
Antioquia,461,1021.1092307692307
Oriental,462,2060.2953846153846
Antioquia,462,1044.804615384615
Surocciden,462,1733.323076923077
Nordeste,462,920.5376923076924
Caribe,462,2297.333846153846
Surocciden,463,1834.07
Oriental,463,2180.0453846153846
Nordeste,463,974.0423076923076
Caribe,463,2430.86
Antioquia,463,1105.5338461538463
Nordeste,464,991.5630769230768
Oriental,464,2219.2615384615387
Surocciden,464,1867.06
Antioquia,464,1125.4184615384615
Caribe,464,2474.586923076923
Nordeste,465,1044.0407692307692
Oriental,465,2336.714615384616
Antioquia,465,1184.9807692307693
Caribe,465,2605.552307692308
Surocciden,465,1965.8746153846157
Caribe,466,2745.85923076923
Oriental,466,2462.544615384616
Antioquia,466,1248.7930769230768
Nordeste,466,1100.2615384615383
Surocciden,466,2071.734615384615
Antioquia,467,1287.19
Oriental,467,2538.263076923077
Surocciden,467,2135.4353846153845
Caribe,467,2830.29
Nordeste,467,1134.0907692307692
Surocciden,468,2211.409230769231
Antioquia,468,1332.983846153846
Nordeste,468,1174.44
Oriental,468,2628.566153846154
Caribe,468,2930.983846153846
Antioquia,469,1370.5723076923075
Oriental,469,2702.685384615385
Surocciden,469,2273.7638461538463
Caribe,469,3013.6276923076925
Nordeste,469,1207.5561538461538
Caribe,470,2983.7161538461537
Surocciden,470,2251.1953846153847
Antioquia,470,1356.966153846154
Oriental,470,2675.857692307693
Nordeste,470,1195.5684615384614
Oriental,471,2698.1030769230774
Surocciden,471,2269.9115384615384
Caribe,471,3008.520769230769
Nordeste,471,1205.5084615384617
Antioquia,471,1368.2484615384617
Surocciden,472,2307.5730769230768
Oriental,472,2742.8723076923075
Nordeste,472,1225.5107692307693
Caribe,472,3058.438461538461
Antioquia,472,1390.9492307692308
Antioquia,473,1391.9215384615384
Caribe,473,3060.576153846154
Surocciden,473,2309.186153846153
Oriental,473,2744.788461538461
Nordeste,473,1226.3676923076923
Oriental,474,2701.0138461538463
Antioquia,474,1369.7246153846156
Caribe,474,3011.7669230769234
Nordeste,474,1206.8107692307692
Surocciden,474,2272.36
Caribe,475,2923.4315384615384
Oriental,475,2621.793846153846
Surocciden,475,2205.710769230769
Nordeste,475,1171.4146153846154
Antioquia,475,1329.5507692307692
Nordeste,476,1227.656153846154
Oriental,476,2747.673846153846
Caribe,476,3063.793076923077
Surocciden,476,2311.6146153846157
Antioquia,476,1393.3861538461538
Caribe,477,3129.786153846154
Surocciden,477,2361.403846153846
Oriental,477,2806.857692307693
Nordeste,477,1254.1
Antioquia,477,1423.396923076923
Oriental,478,2738.976923076923
Antioquia,478,1388.9753846153849
Surocciden,478,2304.2961538461536
Nordeste,478,1223.7707692307692
Caribe,478,3054.097692307692
Oriental,479,2609.717692307692
Surocciden,479,2195.553076923077
Caribe,479,2909.967692307692
Antioquia,479,1323.426153846154
Nordeste,479,1166.0169230769231
Caribe,480,2716.8115384615385
Antioquia,480,1235.58
Nordeste,480,1088.6207692307692
Oriental,480,2436.4915384615383
Surocciden,480,2049.816923076923
Antioquia,481,1177.918846153846
Caribe,481,2590.0235897435896
Oriental,481,2322.787307692308
Surocciden,481,1954.156794871795
Nordeste,481,1037.818076923077
Antioquia,482,1117.441282051282
Caribe,482,2457.045256410257
Oriental,482,2203.5292307692307
Nordeste,482,984.5334615384616
Surocciden,482,1853.8253846153848
Antioquia,483,1078.392948717949
Nordeste,483,950.13
Oriental,483,2126.527435897436
Caribe,483,2371.184487179487
Surocciden,483,1789.0442307692308
Surocciden,484,1741.25858974359
Caribe,484,2307.85
Nordeste,484,924.751923076923
Antioquia,484,1049.5889743589744
Oriental,484,2069.728461538461
Surocciden,485,1716.577564102564
Antioquia,485,1034.711923076923
Caribe,485,2275.1376923076923
Oriental,485,2040.3908974358972
Nordeste,485,911.6434615384616
Antioquia,486,1046.1483333333333
Oriental,486,2062.942435897436
Surocciden,486,1735.549871794872
Caribe,486,2300.284615384616
Nordeste,486,921.72
Antioquia,487,1074.6178205128206
Surocciden,487,1782.7810256410255
Oriental,487,2119.0826923076925
Nordeste,487,946.8039743589744
Caribe,487,2362.883076923077
Antioquia,488,1091.6658974358977
Caribe,488,2400.369871794872
Surocciden,488,1811.0646153846155
Oriental,488,2152.7014102564103
Nordeste,488,961.8242307692308
Surocciden,489,1921.4211538461536
Oriental,489,2283.875641025641
Antioquia,489,1158.1865384615385
Nordeste,489,1020.4323076923076
Caribe,489,2546.6352564102563
Surocciden,490,2034.0967948717948
Oriental,490,2417.807051282052
Nordeste,490,1080.273205128205
Antioquia,490,1226.1052564102563
Caribe,490,2695.975769230769
Nordeste,491,1120.5525641025642
Oriental,491,2507.958333333333
Antioquia,491,1271.821794871795
Surocciden,491,2109.94141025641
Caribe,491,2796.498846153846
Nordeste,492,1161.658076923077
Surocciden,492,2187.34217948718
Oriental,492,2599.959487179487
Antioquia,492,1318.4778205128205
Caribe,492,2899.084871794872
Oriental,493,2669.478846153846
Nordeste,493,1192.7197435897435
Antioquia,493,1353.731282051282
Surocciden,493,2245.8284615384614
Caribe,493,2976.602435897436
Antioquia,494,1350.7151282051282
Caribe,494,2969.9702564102563
Nordeste,494,1190.061794871795
Surocciden,494,2240.8239743589743
Oriental,494,2663.5308974358973
Surocciden,495,2249.701666666667
Antioquia,495,1356.0660256410256
Oriental,495,2674.0829487179485
Nordeste,495,1194.7770512820514
Caribe,495,2981.735641025641
Nordeste,496,1202.7455128205129
Oriental,496,2691.917435897436
Antioquia,496,1365.11
Caribe,496,3001.6229487179485
Surocciden,496,2264.705897435897
Caribe,497,2989.486923076923
Surocciden,497,2255.549358974359
Antioquia,497,1359.5914102564104
Nordeste,497,1197.8821794871794
Oriental,497,2681.0339743589743
Surocciden,498,2223.8660256410253
Antioquia,498,1340.4934615384616
Oriental,498,2643.373717948718
Nordeste,498,1181.0558974358974
Caribe,498,2947.493717948718
Caribe,499,2878.4455128205127
Oriental,499,2581.4500000000003
Surocciden,499,2171.769230769231
Antioquia,499,1309.0902564102564
Nordeste,499,1153.3892307692308
Surocciden,500,2269.0289743589747
Antioquia,500,1367.716282051282
Oriental,500,2697.056153846154
Nordeste,500,1205.041282051282
Caribe,500,3007.3526923076925
Oriental,501,2781.1891025641025
Surocciden,501,2339.809358974359
Caribe,501,3101.1646153846154
Nordeste,501,1242.6314102564102
Antioquia,501,1410.3807692307691
Oriental,502,2732.5678205128206
Surocciden,502,2298.9053846153847
Nordeste,502,1220.908205128205
Antioquia,502,1385.7244871794871
Caribe,502,3046.950641025641
Nordeste,503,1171.995
Oriental,503,2623.0944871794877
Surocciden,503,2206.8044871794878
Antioquia,503,1330.209358974359
Caribe,503,2924.881153846154
Oriental,504,2470.12358974359
Caribe,504,2754.310512820513
Nordeste,504,1103.6473076923078
Surocciden,504,2078.110641025641
Antioquia,504,1252.6348717948715
Antioquia,505,1208.9785714285715
Caribe,505,2658.320714285714
Surocciden,505,2005.6871428571428
Oriental,505,2384.038571428572
Nordeste,505,1065.1857142857143
Surocciden,506,1900.85
Antioquia,506,1145.7885714285717
Oriental,506,2259.427142857143
Nordeste,506,1009.5085714285714
Caribe,506,2519.3728571428574
Caribe,507,2429.212857142857
Nordeste,507,973.3814285714286
Surocciden,507,1832.8271428571427
Oriental,507,2178.566428571429
Antioquia,507,1104.782857142857
Caribe,508,2369.237857142857
Oriental,508,2124.782142857143
Antioquia,508,1077.5085714285717
Surocciden,508,1787.5757142857144
Nordeste,508,949.3485714285716
Nordeste,509,936.4385714285714
Surocciden,509,1763.2657142857145
Caribe,509,2337.0164285714286
Oriental,509,2095.8857142857146
Antioquia,509,1062.855
Surocciden,510,1793.235
Oriental,510,2131.5085714285715
Caribe,510,2376.737857142857
Antioquia,510,1080.9192857142857
Nordeste,510,952.3557142857144
Caribe,511,2476.4814285714283
Oriental,511,2220.9614285714283
Nordeste,511,992.3207142857144
Surocciden,511,1868.490714285714
Antioquia,511,1126.2821428571428
Surocciden,512,1909.5685714285717
Nordeste,512,1014.1392857142856
Antioquia,512,1151.0421428571428
Caribe,512,2530.925714285714
Oriental,512,2269.787142857143
Caribe,513,2681.7364285714284
Antioquia,513,1219.6278571428572
Oriental,513,2405.0371428571425
Nordeste,513,1074.5685714285714
Surocciden,513,2023.3535714285715
Surocciden,514,2132.464285714286
Caribe,514,2826.3478571428573
Antioquia,514,1285.3964285714285
Oriental,514,2534.7257142857147
Nordeste,514,1132.5135714285714
Oriental,515,2616.1114285714284
Surocciden,515,2200.930714285714
Caribe,515,2917.095714285714
Antioquia,515,1326.6685714285716
Nordeste,515,1168.8757142857144
Surocciden,516,2280.4914285714285
Caribe,516,3022.5457142857144
Oriental,516,2710.681428571429
Antioquia,516,1374.6257142857144
Nordeste,516,1211.1292857142855
Nordeste,517,1243.0321428571428
Caribe,517,3102.162857142857
Antioquia,517,1410.8342857142857
Surocciden,517,2340.5628571428574
Oriental,517,2782.085
Oriental,518,2760.8842857142854
Nordeste,518,1233.5578571428573
Antioquia,518,1400.0842857142857
Caribe,518,3078.5221428571426
Surocciden,518,2322.7285714285717
Oriental,519,2786.0714285714284
Nordeste,519,1244.8128571428572
Surocciden,519,2343.918571428572
Caribe,519,3106.6085714285714
Antioquia,519,1412.8557142857142
Nordeste,520,1266.1671428571428
Surocciden,520,2384.1242857142856
Caribe,520,3159.9
Antioquia,520,1437.0928571428572
Oriental,520,2833.862857142857
Caribe,521,3159.087142857143
Surocciden,521,2383.512142857143
Nordeste,521,1265.842142857143
Antioquia,521,1436.725
Oriental,521,2833.1357142857146
Antioquia,522,1415.6535714285717
Oriental,522,2791.585714285714
Surocciden,522,2348.556428571429
Nordeste,522,1247.2757142857142
Caribe,522,3112.757857142857
Caribe,523,3016.566428571429
Antioquia,523,1371.9071428571428
Oriental,523,2705.320714285714
Nordeste,523,1208.7328571428573
Surocciden,523,2275.9807142857144
Oriental,524,2809.945714285714
Antioquia,524,1424.965
Nordeste,524,1255.48
Caribe,524,3133.2307142857144
Surocciden,524,2364.0042857142857
Nordeste,525,1292.634285714286
Surocciden,525,2433.96
Caribe,525,3225.952142857143
Oriental,525,2893.1014285714286
Antioquia,525,1467.134285714286
Antioquia,526,1439.755
Nordeste,526,1268.5114285714285
Caribe,526,3165.752142857142
Surocciden,526,2388.5407142857143
Oriental,526,2839.1121428571428
Oriental,527,2719.962142857143
Antioquia,527,1379.3307142857143
Nordeste,527,1215.275
Caribe,527,3032.891428571428
Surocciden,527,2288.3
Nordeste,528,1138.6814285714286
Surocciden,528,2144.0778571428573
Oriental,528,2548.532857142857
Antioquia,528,1292.3971428571426
Caribe,528,2841.745
Antioquia,529,1229.373717948718
Oriental,529,2424.252820512821
Surocciden,529,2039.5189743589744
Caribe,529,2703.162820512821
Nordeste,529,1083.1528205128204
Antioquia,530,1167.190641025641
Oriental,530,2301.631923076923
Surocciden,530,1936.3596153846152
Caribe,530,2566.434358974359
Nordeste,530,1028.3660256410258
Nordeste,531,992.740128205128
Caribe,531,2477.52641025641
Oriental,531,2221.896282051282
Surocciden,531,1869.2783333333327
Antioquia,531,1126.7558974358976
Oriental,532,2165.362692307692
Nordeste,532,967.4810256410256
Caribe,532,2414.487051282051
Antioquia,532,1098.0864102564103
Surocciden,532,1821.715512820513
Surocciden,533,1794.7252564102564
Caribe,533,2378.713205128205
Nordeste,533,953.1469230769231
Oriental,533,2133.28
Antioquia,533,1081.8173076923076
Surocciden,534,1814.5952564102563
Oriental,534,2156.898717948718
Antioquia,534,1093.7944871794873
Nordeste,534,963.6991025641024
Caribe,534,2405.049487179487
Oriental,535,2214.912435897436
Antioquia,535,1123.214358974359
Surocciden,535,1863.402948717949
Caribe,535,2469.737692307692
Nordeste,535,989.619871794872
Antioquia,536,1141.4734615384614
Caribe,536,2509.8882051282053
Nordeste,536,1005.7085897435898
Surocciden,536,1893.695
Oriental,536,2250.920128205128
Caribe,537,2658.4278205128203
Antioquia,537,1209.029102564103
Nordeste,537,1065.2282051282052
Oriental,537,2384.1329487179487
Surocciden,537,2005.767435897436
Nordeste,538,1126.35
Caribe,538,2810.9678205128203
Surocciden,538,2120.857435897436
Oriental,538,2520.9347435897434
Antioquia,538,1278.4016666666666
Surocciden,539,2198.4253846153847
Oriental,539,2613.1341025641022
Caribe,539,2913.774358974359
Nordeste,539,1167.5451282051283
Antioquia,539,1325.1579487179488
Oriental,540,2708.058846153846
Antioquia,540,1373.2952564102563
Surocciden,540,2278.2852564102564
Nordeste,540,1209.9570512820512
Caribe,540,3019.6201282051284
Nordeste,541,1240.708717948718
Antioquia,541,1408.1989743589745
Surocciden,541,2336.189230769231
Caribe,541,3096.3664102564103
Oriental,541,2776.8862820512823
Antioquia,542,1406.1308974358976
Surocciden,542,2332.75782051282
Caribe,542,3091.818205128205
Oriental,542,2772.8071794871794
Nordeste,542,1238.8866666666668
Nordeste,543,1244.2252564102564
Oriental,543,2784.754743589744
Antioquia,543,1412.1901282051283
Surocciden,543,2342.8096153846154
Caribe,543,3105.1414102564104
Caribe,544,3125.6080769230766
Nordeste,544,1252.4264102564102
Antioquia,544,1421.498076923077
Oriental,544,2803.1116666666667
Surocciden,544,2358.252307692308
Caribe,545,3115.437948717949
Surocciden,545,2350.579871794872
Nordeste,545,1248.3507692307692
Antioquia,545,1416.873076923077
Oriental,545,2793.989871794872
Nordeste,546,1233.446282051282
Caribe,546,3078.2408974358978
Surocciden,546,2322.514230769231
Antioquia,546,1399.956282051282
Oriental,546,2760.631153846154
Oriental,547,2744.3443589743592
Caribe,547,3060.0815384615385
Antioquia,547,1391.696282051282
Surocciden,547,2308.812051282051
Nordeste,547,1226.1694871794873
Caribe,548,3229.3876923076923
Nordeste,548,1294.010512820513
Surocciden,548,2436.5532051282053
Antioquia,548,1468.6952564102564
Oriental,548,2896.182435897436
Surocciden,549,2439.438717948718
Oriental,549,2899.61282051282
Antioquia,549,1470.4352564102564
Caribe,549,3233.2129487179486
Nordeste,549,1295.543076923077
Antioquia,550,1440.6357692307693
Surocciden,550,2390.0017948717946
Oriental,550,2840.849871794872
Nordeste,550,1269.287564102564
Caribe,550,3167.689230769231
Caribe,551,3042.942435897436
Surocciden,551,2295.880897435897
Oriental,551,2728.974230769231
Nordeste,551,1219.3016666666667
Antioquia,551,1383.902435897436
Antioquia,552,1305.9117948717949
Oriental,552,2575.1807692307693
Nordeste,552,1150.5880769230769
Caribe,552,2871.456282051282
Surocciden,552,2166.496282051282
Surocciden,553,2110.415384615385
Oriental,553,2508.5223076923075
Caribe,553,2797.1276923076925
Nordeste,553,1120.804615384615
Antioquia,553,1272.1084615384616
Antioquia,554,1195.226153846154
Surocciden,554,1982.8715384615384
Oriental,554,2356.9176923076925
Caribe,554,2628.08
Nordeste,554,1053.0684615384614
Caribe,555,2541.87
Oriental,555,2279.6015384615384
Nordeste,555,1018.5230769230768
Surocciden,555,1917.827692307692
Antioquia,555,1156.0207692307692
Antioquia,556,1126.9907692307693
Surocciden,556,1869.6661538461535
Oriental,556,2222.3615384615387
Nordeste,556,992.946923076923
Caribe,556,2478.040769230769
Caribe,557,2447.4715384615383
Surocciden,557,1846.602307692308
Nordeste,557,980.6984615384616
Antioquia,557,1113.0884615384616
Oriental,557,2194.9415384615386
Caribe,558,2497.1015384615384
Oriental,558,2239.452307692308
Nordeste,558,1000.586923076923
Antioquia,558,1135.6607692307691
Surocciden,558,1884.047692307692
Caribe,559,2605.811538461538
Nordeste,559,1044.143076923077
Surocciden,559,1966.0676923076924
Antioquia,559,1185.0992307692309
Oriental,559,2336.944615384615
Nordeste,560,1069.6592307692308
Oriental,560,2394.052307692308
Caribe,560,2669.4876923076927
Antioquia,560,1214.0584615384616
Surocciden,560,2014.112307692308
Oriental,561,2537.103846153846
Antioquia,561,1286.6015384615384
Caribe,561,2828.995384615385
Nordeste,561,1133.5753846153846
Surocciden,561,2134.4615384615386
Antioquia,562,1350.8176923076924
Caribe,562,2970.1953846153847
Nordeste,562,1190.153076923077
Oriental,562,2663.734615384616
Surocciden,562,2240.994615384616
Caribe,563,3071.984615384616
Nordeste,563,1230.9384615384615
Antioquia,563,1397.11
Oriental,563,2755.019230769231
Surocciden,563,2317.794615384616
Nordeste,564,1272.8846153846157
Antioquia,564,1444.7184615384615
Surocciden,564,2396.7761538461536
Oriental,564,2848.9015384615386
Caribe,564,3176.6676923076925
Oriental,565,2929.713846153846
Antioquia,565,1485.7007692307693
Caribe,565,3266.777692307692
Nordeste,565,1308.9930769230768
Surocciden,565,2464.764615384616
Nordeste,566,1303.2323076923078
Oriental,566,2916.8230769230768
Caribe,566,3252.4053846153843
Surocciden,566,2453.919230769231
Antioquia,566,1479.163076923077
Nordeste,567,1315.7700000000002
Surocciden,567,2477.5261538461536
Oriental,567,2944.888461538462
Caribe,567,3283.6953846153847
Antioquia,567,1493.393846153846
Antioquia,568,1520.0807692307692
Caribe,568,3342.37
Oriental,568,2997.5069230769227
Surocciden,568,2521.8
Nordeste,568,1339.2823076923075
Caribe,569,3343.783076923077
Oriental,569,2998.773846153846
Antioquia,569,1520.7223076923076
Surocciden,569,2522.863076923077
Nordeste,569,1339.8476923076923
Antioquia,570,1497.07
Caribe,570,3291.776923076923
Nordeste,570,1319.0107692307693
Oriental,570,2952.133846153846
Surocciden,570,2483.626153846154
Caribe,571,3242.8323076923075
Surocciden,571,2446.693846153846
Antioquia,571,1474.8107692307692
Oriental,571,2908.2376923076927
Nordeste,571,1299.3953846153845
Oriental,572,3034.7915384615385
Antioquia,572,1538.9876923076922
Surocciden,572,2553.166923076923
Nordeste,572,1355.940769230769
Caribe,572,3383.944615384615
Nordeste,573,1350.5530769230768
Oriental,573,3022.732307692308
Antioquia,573,1532.87
Caribe,573,3370.495384615385
Surocciden,573,2543.019230769231
Oriental,574,2965.5730769230768
Surocciden,574,2494.9307692307693
Nordeste,574,1325.0146153846154
Caribe,574,3306.7607692307693
Antioquia,574,1503.8846153846157
Oriental,575,2840.9692307692308
Surocciden,575,2390.102307692308
Caribe,575,3167.8215384615387
Nordeste,575,1269.34
Antioquia,575,1440.6961538461535
Oriental,576,2663.770769230769
Nordeste,576,1190.17
Surocciden,576,2241.0261538461536
Antioquia,576,1350.8384615384616
Caribe,576,2970.236923076923
Oriental,1345,2591.33025974026
Nordeste,1345,1157.802987012987
Surocciden,1345,2180.0824675324675
Caribe,1345,2889.462857142857
Antioquia,1345,1314.1009090909092
Oriental,1346,2462.9640259740263
Surocciden,1346,2072.0871428571427
Nordeste,1346,1100.4492207792207
Caribe,1346,2746.327142857143
Antioquia,1346,1249.0049350649351
Surocciden,1347,2001.311428571429
Oriental,1347,2378.837012987013
Antioquia,1347,1206.3422077922078
Nordeste,1347,1062.861038961039
Caribe,1347,2652.521818181818
Caribe,1348,2584.468571428571
Nordeste,1348,1035.5925974025974
Oriental,1348,2317.805844155844
Surocciden,1348,1949.965974025974
Antioquia,1348,1175.3925974025974
Nordeste,1349,1020.86
Antioquia,1349,1158.671038961039
Caribe,1349,2547.70025974026
Oriental,1349,2284.83051948052
Surocciden,1349,1922.224155844156
Antioquia,1350,1171.237922077922
Nordeste,1350,1031.932077922078
Surocciden,1350,1943.0733766233768
Oriental,1350,2309.6132467532466
Caribe,1350,2575.3335064935063
Nordeste,1351,1065.4664935064934
Oriental,1351,2384.66987012987
Surocciden,1351,2006.2187012987013
Caribe,1351,2659.026493506494
Antioquia,1351,1209.3005194805194
Surocciden,1352,2036.0085714285717
Antioquia,1352,1227.2562337662337
Caribe,1352,2698.508701298701
Nordeste,1352,1081.2885714285717
Oriental,1352,2420.079220779221
Caribe,1353,2849.675584415584
Oriental,1353,2555.648831168831
Antioquia,1353,1296.0062337662337
Nordeste,1353,1141.8596103896105
Surocciden,1353,2150.063116883117
Antioquia,1354,1374.6468831168831
Oriental,1354,2710.7232467532467
Surocciden,1354,2280.5270129870128
Caribe,1354,3022.591298701299
Nordeste,1354,1211.147922077922
Nordeste,1355,1257.993896103896
Caribe,1355,3139.504155844156
Antioquia,1355,1427.8181818181818
Surocciden,1355,2368.735844155844
Oriental,1355,2815.572597402597
Surocciden,1356,2451.966493506494
Antioquia,1356,1477.9866233766234
Caribe,1356,3249.8159740259744
Oriental,1356,2914.502727272727
Nordeste,1356,1302.195974025974
Nordeste,1357,1337.82025974026
Antioquia,1357,1518.4193506493505
Surocciden,1357,2519.0437662337663
Caribe,1357,3338.720779220779
Oriental,1357,2994.2338961038963
Oriental,1358,2989.704285714286
Antioquia,1358,1516.1223376623377
Caribe,1358,3333.67
Nordeste,1358,1335.7964935064936
Surocciden,1358,2515.234155844156
Nordeste,1359,1337.888701298701
Antioquia,1359,1518.4971428571428
Oriental,1359,2994.388571428571
Surocciden,1359,2519.1735064935065
Caribe,1359,3338.8918181818185
Nordeste,1360,1346.212597402597
Antioquia,1360,1527.9445454545455
Oriental,1360,3013.017142857143
Surocciden,1360,2534.846363636364
Caribe,1360,3359.664805194805
Nordeste,1361,1341.536883116883
Antioquia,1361,1522.6385714285714
Caribe,1361,3347.996623376623
Surocciden,1361,2526.0433766233764
Oriental,1361,3002.5529870129867
Surocciden,1362,2487.389090909091
Antioquia,1362,1499.3384415584414
Nordeste,1362,1321.009090909091
Caribe,1362,3296.764545454545
Oriental,1362,2956.607792207792
Oriental,1363,2912.4035064935065
Nordeste,1363,1301.257922077922
Surocciden,1363,2450.1998701298703
Caribe,1363,3247.4744155844155
Antioquia,1363,1476.9215584415583
Oriental,1364,3081.9855844155845
Caribe,1364,3436.568441558442
Antioquia,1364,1562.91987012987
Surocciden,1364,2592.8698701298704
Nordeste,1364,1377.0271428571427
Surocciden,1365,2629.47012987013
Antioquia,1365,1584.9810389610388
Caribe,1365,3485.078311688312
Nordeste,1365,1396.4654545454546
Oriental,1365,3125.490519480519
Oriental,1366,3052.3587012987014
Surocciden,1366,2567.9435064935064
Antioquia,1366,1547.894935064935
Caribe,1366,3403.531948051948
Nordeste,1366,1363.7893506493506
Nordeste,1367,1307.0831168831169
Oriental,1367,2925.4405194805195
Surocciden,1367,2461.1690909090908
Antioquia,1367,1483.5337662337663
Caribe,1367,3262.012987012987
Antioquia,1368,1397.3854545454544
Oriental,1368,2755.562337662337
Nordeste,1368,1231.1822077922077
Surocciden,1368,2318.250389610389
Caribe,1368,3072.5889610389613
Caribe,1369,2980.784615384616
Antioquia,1369,1355.6346153846157
Oriental,1369,2673.229230769231
Surocciden,1369,2248.9830769230766
Nordeste,1369,1194.3953846153845
Caribe,1370,2793.5753846153843
Oriental,1370,2505.335384615385
Nordeste,1370,1119.3815384615384
Surocciden,1370,2107.7361538461537
Antioquia,1370,1270.493846153846
Caribe,1371,2700.798461538461
Surocciden,1371,2037.7346153846156
Oriental,1371,2422.132307692308
Nordeste,1371,1082.205384615385
Antioquia,1371,1228.2992307692307
Surocciden,1372,1987.3053846153848
Nordeste,1372,1055.423076923077
Caribe,1372,2633.958461538461
Antioquia,1372,1197.8992307692308
Oriental,1372,2362.19
Oriental,1373,2336.7407692307693
Nordeste,1373,1044.0523076923075
Surocciden,1373,1965.8984615384616
Caribe,1373,2605.5815384615385
Antioquia,1373,1184.9946153846154
Oriental,1374,2374.056923076923
Antioquia,1374,1203.9176923076925
Caribe,1374,2647.191538461538
Surocciden,1374,1997.2907692307688
Nordeste,1374,1060.7246153846154
Nordeste,1375,1108.4284615384615
Caribe,1375,2766.246153846153
Antioquia,1375,1258.063076923077
Surocciden,1375,2087.1153846153848
Oriental,1375,2480.8276923076924
Surocciden,1376,2137.282307692308
Caribe,1376,2832.7353846153846
Antioquia,1376,1288.3023076923075
Oriental,1376,2540.4569230769234
Nordeste,1376,1135.0715384615385
Oriental,1377,2696.132307692308
Antioquia,1377,1367.246923076923
Surocciden,1377,2268.250769230769
Nordeste,1377,1204.6284615384616
Caribe,1377,3006.322307692308
Oriental,1378,2873.0223076923075
Surocciden,1378,2417.0676923076926
Nordeste,1378,1283.6623076923076
Caribe,1378,3203.5615384615385
Antioquia,1378,1456.9530769230769
Surocciden,1379,2499.6553846153847
Caribe,1379,3313.02
Antioquia,1379,1506.7315384615383
Nordeste,1379,1327.5215384615385
Oriental,1379,2971.1846153846154
Nordeste,1380,1374.4461538461535
Caribe,1380,3430.123076923077
Antioquia,1380,1559.9892307692307
Surocciden,1380,2588.0069230769227
Oriental,1380,3076.209230769231
Oriental,1381,3157.740769230769
Nordeste,1381,1410.8753846153847
Antioquia,1381,1601.336923076923
Surocciden,1381,2656.6030769230765
Caribe,1381,3521.039230769231
Caribe,1382,3499.55
Surocciden,1382,2640.3907692307694
Nordeste,1382,1402.263846153846
Oriental,1382,3138.4684615384613
Antioquia,1382,1591.5638461538465
Antioquia,1383,1595.5815384615385
Nordeste,1383,1405.804615384615
Surocciden,1383,2647.0561538461543
Oriental,1383,3146.393076923077
Caribe,1383,3508.3853846153847
Antioquia,1384,1618.5461538461536
Surocciden,1384,2685.1553846153843
Oriental,1384,3191.6807692307693
Nordeste,1384,1426.0384615384614
Caribe,1384,3558.8846153846152
Antioquia,1385,1617.7615384615383
Surocciden,1385,2683.850769230769
Caribe,1385,3557.1530769230767
Nordeste,1385,1425.3446153846153
Oriental,1385,3190.1284615384616
Antioquia,1386,1588.4015384615386
Surocciden,1386,2635.144615384616
Caribe,1386,3492.599230769231
Oriental,1386,3132.2361538461537
Nordeste,1386,1399.4792307692308
Nordeste,1387,1364.7446153846154
Antioquia,1387,1548.9784615384615
Caribe,1387,3405.913846153846
Surocciden,1387,2569.742307692308
Oriental,1387,3054.494615384616
Antioquia,1388,1619.0461538461536
Nordeste,1388,1426.4776923076922
Surocciden,1388,2685.9830769230766
Caribe,1388,3559.979230769231
Oriental,1388,3192.662307692308
Oriental,1389,3217.173846153846
Surocciden,1389,2706.6046153846155
Caribe,1389,3587.31
Antioquia,1389,1631.4746153846152
Nordeste,1389,1437.4292307692308
Oriental,1390,3139.922307692308
Surocciden,1390,2641.61
Nordeste,1390,1402.9138461538462
Caribe,1390,3501.168461538461
Antioquia,1390,1592.2992307692307
Caribe,1391,3352.479230769231
Nordeste,1391,1343.333076923077
Oriental,1391,3006.5730769230768
Surocciden,1391,2529.423846153846
Antioquia,1391,1524.6776923076925
Surocciden,1392,2379.6761538461537
Antioquia,1392,1434.4123076923076
Caribe,1392,3154.004615384615
Nordeste,1392,1263.804615384615
Oriental,1392,2828.576923076923
Caribe,1393,2897.8860759493678
Nordeste,1393,1161.1781012658228
Oriental,1393,2598.884936708861
Surocciden,1393,2186.437341772152
Antioquia,1393,1317.9321518987342
Caribe,1394,2753.7432911392407
Antioquia,1394,1252.3775949367089
Surocciden,1394,2077.682658227848
Oriental,1394,2469.6145569620253
Nordeste,1394,1103.4203797468356
Surocciden,1395,2005.692658227848
Antioquia,1395,1208.9835443037975
Oriental,1395,2384.044556962025
Caribe,1395,2658.328607594937
Nordeste,1395,1065.1883544303798
Nordeste,1396,1037.763670886076
Surocciden,1396,1954.0544303797467
Oriental,1396,2322.665569620253
Antioquia,1396,1177.857088607595
Caribe,1396,2589.8888607594936
Caribe,1397,2555.3636708860763
Antioquia,1397,1162.1559493670886
Surocciden,1397,1928.006835443038
Nordeste,1397,1023.930506329114
Oriental,1397,2291.702658227848
Caribe,1398,2594.469240506329
Surocciden,1398,1957.512151898734
Antioquia,1398,1179.940379746835
Nordeste,1398,1039.5993670886078
Oriental,1398,2326.7743037974683
Caribe,1399,2694.568734177215
Nordeste,1399,1079.709240506329
Oriental,1399,2416.54582278481
Surocciden,1399,2033.0367088607595
Antioquia,1399,1225.4650632911394
Surocciden,1400,2061.795569620253
Oriental,1400,2450.7306329113926
Caribe,1400,2732.6872151898733
Antioquia,1400,1242.8008860759494
Nordeste,1400,1094.9824050632913
Caribe,1401,2889.329493670886
Antioquia,1401,1314.0403797468357
Surocciden,1401,2179.9812658227847
Oriental,1401,2591.2111392405063
Nordeste,1401,1157.7498734177216
Surocciden,1402,2306.436075949367
Caribe,1402,3056.9316455696203
Nordeste,1402,1224.9075949367088
Antioquia,1402,1390.2640506329114
Oriental,1402,2741.5198734177216
Surocciden,1403,2391.205316455696
Caribe,1403,3169.2832911392406
Antioquia,1403,1441.360759493671
Oriental,1403,2842.2796202531645
Nordeste,1403,1269.9269620253165
Nordeste,1404,1315.8627848101266
Antioquia,1404,1493.4974683544303
Surocciden,1404,2477.699367088608
Caribe,1404,3283.921772151899
Oriental,1404,2945.0889873417723
Caribe,1405,3371.734936708861
Antioquia,1405,1533.43417721519
Nordeste,1405,1351.0486075949366
Surocciden,1405,2543.952658227848
Oriental,1405,3023.8425316455696
Oriental,1406,3010.328607594937
Nordeste,1406,1345.0102531645568
Antioquia,1406,1526.5811392405064
Caribe,1406,3356.667088607595
Surocciden,1406,2532.584556962025
Oriental,1407,3022.3049367088606
Antioquia,1407,1532.653924050633
Nordeste,1407,1350.3615189873417
Caribe,1407,3370.0205063291137
Surocciden,1407,2542.659746835443
Antioquia,1408,1543.6210126582278
Surocciden,1408,2560.852151898734
Oriental,1408,3043.9286075949367
Caribe,1408,3394.1327848101264
Nordeste,1408,1360.023164556962
Antioquia,1409,1540.6616455696203
Oriental,1409,3038.095696202532
Surocciden,1409,2555.943797468354
Caribe,1409,3387.627848101265
Nordeste,1409,1357.4172151898736
Nordeste,1410,1337.2207594936708
Surocciden,1410,2517.9172151898733
Antioquia,1410,1517.7398734177216
Caribe,1410,3337.225696202532
Oriental,1410,2992.8941772151898
Caribe,1411,3266.300126582278
Surocciden,1411,2464.403417721519
Nordeste,1411,1308.8011392405062
Antioquia,1411,1485.482911392405
Oriental,1411,2929.2860759493674
Oriental,1412,3091.094810126582
Caribe,1412,3446.724936708861
Surocciden,1412,2600.5325316455696
Antioquia,1412,1567.5388607594937
Nordeste,1412,1381.097088607595
Surocciden,1413,2659.844810126582
Nordeste,1413,1412.596329113924
Antioquia,1413,1603.2903797468357
Oriental,1413,3161.5950632911395
Caribe,1413,3525.336455696203
Caribe,1414,3449.382405063292
Surocciden,1414,2602.538101265823
Oriental,1414,3093.478227848101
Nordeste,1414,1382.1618987341774
Antioquia,1414,1568.747341772152
Oriental,1415,2956.06
Surocciden,1415,2486.9291139240504
Nordeste,1415,1320.76417721519
Caribe,1415,3296.1553164556963
Antioquia,1415,1499.0611392405065
Surocciden,1416,2329.177594936709
Nordeste,1416,1236.9848101265825
Oriental,1416,2768.551392405064
Antioquia,1416,1403.9721518987342
Caribe,1416,3087.0727848101264
Caribe,1417,2980.026923076923
Antioquia,1417,1355.2892307692307
Oriental,1417,2672.5507692307697
Surocciden,1417,2248.413076923077
Nordeste,1417,1194.0923076923077
Nordeste,1418,1119.4
Surocciden,1418,2107.7723076923075
Caribe,1418,2793.623076923077
Antioquia,1418,1270.5146153846154
Oriental,1418,2505.38
Caribe,1419,2704.4076923076927
Nordeste,1419,1083.6507692307691
Surocciden,1419,2040.46
Antioquia,1419,1229.940769230769
Oriental,1419,2425.369230769231
Surocciden,1420,1990.1884615384613
Caribe,1420,2637.78
Oriental,1420,2365.613076923077
Antioquia,1420,1199.6384615384616
Nordeste,1420,1056.9546153846154
Surocciden,1421,1967.8607692307687
Nordeste,1421,1045.0961538461538
Oriental,1421,2339.0746153846158
Caribe,1421,2608.186153846153
Antioquia,1421,1186.1792307692308
Oriental,1422,2396.269230769231
Caribe,1422,2671.96
Nordeste,1422,1070.6492307692308
Surocciden,1422,2015.9769230769232
Antioquia,1422,1215.182307692308
Surocciden,1423,2126.1115384615387
Oriental,1423,2527.1776923076923
Antioquia,1423,1281.5684615384614
Caribe,1423,2817.9307692307693
Nordeste,1423,1129.1392307692308
Oriental,1424,2575.7615384615387
Surocciden,1424,2166.983846153846
Antioquia,1424,1306.205384615385
Caribe,1424,2872.1030769230765
Nordeste,1424,1150.8461538461538
Oriental,1425,2720.0415384615385
Surocciden,1425,2288.366153846154
Nordeste,1425,1215.3107692307692
Antioquia,1425,1379.3707692307692
Caribe,1425,3032.9815384615385
Caribe,1426,3193.933846153846
Antioquia,1426,1452.5715384615385
Oriental,1426,2864.3876923076923
Nordeste,1426,1279.8038461538465
Surocciden,1426,2409.8038461538463
Antioquia,1427,1498.47
Surocciden,1427,2485.9484615384613
Nordeste,1427,1320.2415384615383
Oriental,1427,2954.8953846153845
Caribe,1427,3294.855384615385
Nordeste,1428,1367.276153846154
Surocciden,1428,2574.5107692307693
Oriental,1428,3060.162307692308
Caribe,1428,3412.234615384616
Antioquia,1428,1551.8515384615384
Oriental,1429,3138.4492307692303
Antioquia,1429,1591.5553846153848
Caribe,1429,3499.527692307692
Nordeste,1429,1402.2553846153846
Surocciden,1429,2640.3715384615384
Surocciden,1430,2613.263076923077
Oriental,1430,3106.226923076923
Nordeste,1430,1387.8584615384616
Antioquia,1430,1575.2130769230769
Caribe,1430,3463.599230769231
Surocciden,1431,2631.8792307692306
Oriental,1431,3128.3530769230774
Caribe,1431,3488.269230769231
Antioquia,1431,1586.4353846153847
Nordeste,1431,1397.7446153846154
Surocciden,1432,2675.2246153846154
Nordeste,1432,1420.7653846153846
Oriental,1432,3179.876923076923
Caribe,1432,3545.7215384615383
Antioquia,1432,1612.5615384615385
Oriental,1433,3179.8907692307694
Caribe,1433,3545.737692307692
Surocciden,1433,2675.2353846153846
Antioquia,1433,1612.5684615384614
Nordeste,1433,1420.7715384615385
Surocciden,1434,2630.583076923077
Antioquia,1434,1585.6523076923077
Caribe,1434,3486.5546153846158
Nordeste,1434,1397.0553846153848
Oriental,1434,3126.813076923077
Oriental,1435,3032.533076923077
Caribe,1435,3381.4261538461537
Antioquia,1435,1537.8423076923077
Nordeste,1435,1354.930769230769
Surocciden,1435,2551.264615384616
Surocciden,1436,2661.14
Caribe,1436,3527.053846153846
Nordeste,1436,1413.283076923077
Oriental,1436,3163.1346153846152
Antioquia,1436,1604.0707692307692
Surocciden,1437,2708.274615384616
Caribe,1437,3589.526923076923
Oriental,1437,3219.162307692308
Nordeste,1437,1438.316923076923
Antioquia,1437,1632.4830769230769
Caribe,1438,3511.242307692308
Antioquia,1438,1596.8807692307694
Surocciden,1438,2649.210769230769
Oriental,1438,3148.956153846154
Nordeste,1438,1406.9484615384615
Antioquia,1439,1528.2515384615383
Oriental,1439,3013.6246153846155
Nordeste,1439,1346.483846153846
Caribe,1439,3360.340769230769
Surocciden,1439,2535.355384615385
Caribe,1440,3165.966923076923
Nordeste,1440,1268.5976923076923
Oriental,1440,2839.305384615385
Antioquia,1440,1439.853076923077
Surocciden,1440,2388.703076923077
Nordeste,1441,1202.137341772152
Antioquia,1441,1364.4199999999998
Caribe,1441,3000.1046835443035
Oriental,1441,2690.556582278481
Surocciden,1441,2263.5606329113925
Caribe,1442,2850.4354430379744
Antioquia,1442,1296.351518987342
Surocciden,1442,2150.636329113924
Nordeste,1442,1142.1649367088608
Oriental,1442,2556.329493670886
Nordeste,1443,1101.8877215189873
Surocciden,1443,2074.79670886076
Caribe,1443,2749.9181012658228
Oriental,1443,2466.1837974683544
Antioquia,1443,1250.6369620253165
Antioquia,1444,1217.911012658228
Oriental,1444,2401.6487341772154
Surocciden,1444,2020.503291139241
Caribe,1444,2677.9582278481016
Nordeste,1444,1073.0530379746835
Nordeste,1445,1057.4937974683544
Antioquia,1445,1200.25
Caribe,1445,2639.126582278481
Oriental,1445,2366.8230379746838
Surocciden,1445,1991.2048101265823
Oriental,1446,2392.597088607595
Antioquia,1446,1213.3203797468354
Caribe,1446,2667.865189873418
Nordeste,1446,1069.0086075949366
Surocciden,1446,2012.887974683544
Surocciden,1447,2067.7705063291137
Antioquia,1447,1246.4026582278482
Oriental,1447,2457.832911392405
Caribe,1447,2740.606835443038
Nordeste,1447,1098.1562025316457
Caribe,1448,2782.0888607594934
Antioquia,1448,1265.2691139240503
Oriental,1448,2495.0354430379743
Surocciden,1448,2099.0691139240507
Nordeste,1448,1114.7786075949366
Antioquia,1449,1341.5440506329114
Caribe,1449,2949.805189873418
Nordeste,1449,1181.9816455696202
Oriental,1449,2645.4464556962025
Surocciden,1449,2225.6097468354437
Surocciden,1450,2354.593544303797
Nordeste,1450,1250.483670886076
Antioquia,1450,1419.2930379746836
Caribe,1450,3120.759367088608
Oriental,1450,2798.762151898734
Nordeste,1451,1296.8027848101265
Caribe,1451,3236.3569620253165
Antioquia,1451,1471.86582278481
Oriental,1451,2902.4324050632918
Surocciden,1451,2441.8113924050635
Caribe,1452,3354.9996202531643
Antioquia,1452,1525.823164556962
Nordeste,1452,1344.3424050632912
Oriental,1452,3008.833670886076
Surocciden,1452,2531.326329113924
Caribe,1453,3445.455316455696
Surocciden,1453,2599.5754430379748
Oriental,1453,3089.956835443038
Nordeste,1453,1380.5887341772152
Antioquia,1453,1566.961012658228
Nordeste,1454,1376.9927848101263
Surocciden,1454,2592.803544303797
Caribe,1454,3436.480506329114
Antioquia,1454,1562.8798734177217
Oriental,1454,3081.9069620253163
Caribe,1455,3450.81253164557
Antioquia,1455,1569.3978481012657
Surocciden,1455,2603.6170886075947
Nordeste,1455,1382.7351898734178
Oriental,1455,3094.7598734177213
Caribe,1456,3474.878734177215
Nordeste,1456,1392.3777215189873
Antioquia,1456,1580.343417721519
Oriental,1456,3116.3437974683543
Surocciden,1456,2621.7759493670883
Oriental,1457,3106.102151898734
Nordeste,1457,1387.8020253164557
Antioquia,1457,1575.1493670886075
Caribe,1457,3463.458481012658
Surocciden,1457,2613.15835443038
Oriental,1458,3063.9289873417724
Nordeste,1458,1368.9597468354432
Caribe,1458,3416.433164556962
Antioquia,1458,1553.7613924050631
Surocciden,1458,2577.677594936709
Nordeste,1459,1337.2567088607595
Caribe,1459,3337.314936708861
Antioquia,1459,1517.78
Oriental,1459,2992.9735443037976
Surocciden,1459,2517.983924050633
Surocciden,1460,2633.2845569620254
Nordeste,1460,1398.490506329114
Oriental,1460,3130.0237974683546
Caribe,1460,3490.133037974684
Antioquia,1460,1587.2803797468357
Surocciden,1461,2717.658987341772
Caribe,1461,3601.9624050632915
Antioquia,1461,1638.1393670886075
Nordeste,1461,1443.300253164557
Oriental,1461,3230.3150632911397
Oriental,1462,3173.316962025317
Surocciden,1462,2669.705696202532
Caribe,1462,3538.4070886075947
Antioquia,1462,1609.2345569620254
Nordeste,1462,1417.8343037974685
Surocciden,1463,2562.3172151898734
Caribe,1463,3396.074430379747
Antioquia,1463,1544.5032911392404
Nordeste,1463,1360.801265822785
Oriental,1463,3045.67
Surocciden,1464,2410.221265822785
Nordeste,1464,1280.0256962025317
Caribe,1464,3194.4868354430378
Oriental,1464,2864.882531645569
Antioquia,1464,1452.8232911392404
Caribe,1465,3102.6530769230767
Surocciden,1465,2340.933846153846
Nordeste,1465,1243.2284615384615
Antioquia,1465,1411.0584615384614
Oriental,1465,2782.524615384616
Antioquia,1466,1325.1523076923077
Surocciden,1466,2198.4176923076925
Caribe,1466,2913.7638461538463
Oriental,1466,2613.123846153846
Nordeste,1466,1167.5392307692307
Oriental,1467,2524.3907692307694
Surocciden,1467,2123.766153846154
Caribe,1467,2814.822307692308
Nordeste,1467,1127.8953846153845
Antioquia,1467,1280.1553846153847
Oriental,1468,2454.337692307692
Caribe,1468,2736.7115384615386
Antioquia,1468,1244.6307692307694
Nordeste,1468,1096.596923076923
Surocciden,1468,2064.8323076923075
Nordeste,1469,1083.86
Oriental,1469,2425.833076923077
Surocciden,1469,2040.8492307692309
Antioquia,1469,1230.1738461538462
Caribe,1469,2704.9253846153847
Caribe,1470,2754.780769230769
Antioquia,1470,1252.8484615384616
Surocciden,1470,2078.466153846154
Nordeste,1470,1103.8353846153846
Oriental,1470,2470.5453846153846
Antioquia,1471,1306.4692307692308
Oriental,1471,2576.2838461538463
Caribe,1471,2872.683076923077
Surocciden,1471,2167.4215384615386
Nordeste,1471,1151.08
Oriental,1472,2645.003076923077
Nordeste,1472,1181.783076923077
Surocciden,1472,2225.2361538461537
Caribe,1472,2949.310769230769
Antioquia,1472,1341.3184615384614
Antioquia,1473,1426.1146153846153
Surocciden,1473,2365.9138461538464
Oriental,1473,2812.2153846153847
Caribe,1473,3135.763076923077
Nordeste,1473,1256.4953846153846
Surocciden,1474,2502.040769230769
Oriental,1474,2974.024615384616
Nordeste,1474,1328.7907692307692
Caribe,1474,3316.1853846153845
Antioquia,1474,1508.170769230769
Surocciden,1475,2585.048461538461
Oriental,1475,3072.69
Antioquia,1475,1558.206153846154
Nordeste,1475,1372.8753846153847
Caribe,1475,3426.2038461538464
Caribe,1476,3550.4276923076923
Antioquia,1476,1614.7015384615383
Surocciden,1476,2678.774615384616
Oriental,1476,3184.096153846154
Nordeste,1476,1422.65
Surocciden,1477,2745.8384615384616
Caribe,1477,3639.3138461538474
Nordeste,1477,1458.2653846153846
Antioquia,1477,1655.1261538461538
Oriental,1477,3263.810769230769
Oriental,1478,3244.883076923077
Antioquia,1478,1645.5284615384614
Caribe,1478,3618.206153846154
Nordeste,1478,1449.8107692307692
Surocciden,1478,2729.915384615385
Oriental,1479,3271.616153846154
Surocciden,1479,2752.4061538461538
Caribe,1479,3648.015384615384
Antioquia,1479,1659.0861538461538
Nordeste,1479,1461.7546153846156
Oriental,1480,3324.174615384616
Surocciden,1480,2796.623076923077
Nordeste,1480,1485.2369230769232
Caribe,1480,3706.623076923077
Antioquia,1480,1685.736153846154
Antioquia,1481,1678.4484615384613
Oriental,1481,3309.798461538461
Caribe,1481,3690.591538461538
Nordeste,1481,1478.8153846153846
Surocciden,1481,2784.5292307692307
Oriental,1482,3252.2653846153844
Caribe,1482,3626.4384615384615
Surocciden,1482,2736.1253846153845
Nordeste,1482,1453.1084615384616
Antioquia,1482,1649.2707692307692
Oriental,1483,3145.0338461538463
Surocciden,1483,2645.913076923077
Antioquia,1483,1594.893076923077
Nordeste,1483,1405.1969230769232
Caribe,1483,3506.869230769231
Surocciden,1484,2731.630769230769
Nordeste,1484,1450.720769230769
Antioquia,1484,1646.559230769231
Caribe,1484,3620.479230769231
Oriental,1484,3246.923846153846
Nordeste,1485,1486.2653846153846
Oriental,1485,3326.4746153846154
Surocciden,1485,2798.5576923076924
Antioquia,1485,1686.9038461538462
Caribe,1485,3709.186923076923
Antioquia,1486,1656.8730769230767
Surocciden,1486,2748.740769230769
Caribe,1486,3643.1569230769232
Oriental,1486,3267.2584615384617
Nordeste,1486,1459.8084615384616
Antioquia,1487,1588.6576923076923
Nordeste,1487,1399.7053846153844
Surocciden,1487,2635.5684615384616
Oriental,1487,3132.740769230769
Caribe,1487,3493.159230769231
Caribe,1488,3293.126923076923
Antioquia,1488,1497.6838461538462
Oriental,1488,2953.3453846153843
Nordeste,1488,1319.5507692307692
Surocciden,1488,2484.643846153846
Oriental,1489,2810.9042307692307
Surocciden,1489,2364.80858974359
Antioquia,1489,1425.4502564102563
Nordeste,1489,1255.908076923077
Caribe,1489,3134.298205128205
Antioquia,1490,1351.439358974359
Surocciden,1490,2242.026282051282
Nordeste,1490,1190.7
Oriental,1490,2664.96
Caribe,1490,2971.563205128205
Caribe,1491,2869.779871794872
Antioquia,1491,1305.1498717948718
Nordeste,1491,1149.9157692307692
Surocciden,1491,2165.231282051282
Oriental,1491,2573.6783333333333
Surocciden,1492,2110.714487179487
Nordeste,1492,1120.9630769230769
Oriental,1492,2508.8766666666666
Antioquia,1492,1272.2869230769231
Caribe,1492,2797.5235897435896
Surocciden,1493,2079.750897435897
Nordeste,1493,1104.5194871794872
Antioquia,1493,1253.6244871794872
Caribe,1493,2756.485128205128
Oriental,1493,2472.073076923077
Oriental,1494,2500.8719230769234
Nordeste,1494,1117.3861538461538
Caribe,1494,2788.596923076923
Surocciden,1494,2103.9798717948715
Antioquia,1494,1268.2284615384615
Surocciden,1495,2161.737051282051
Nordeste,1495,1148.0602564102564
Caribe,1495,2865.148333333333
Antioquia,1495,1303.0428205128203
Oriental,1495,2569.524871794872
Nordeste,1496,1166.811153846154
Caribe,1496,2911.9434615384616
Surocciden,1496,2197.0438461538465
Oriental,1496,2611.492435897436
Antioquia,1496,1324.3251282051283
Oriental,1497,2766.610769230769
Antioquia,1497,1402.9883333333332
Nordeste,1497,1236.1179487179486
Surocciden,1497,2327.544743589744
Caribe,1497,3084.9089743589743
Surocciden,1498,2458.2464102564104
Nordeste,1498,1305.5307692307692
Caribe,1498,3258.139102564103
Oriental,1498,2921.9665384615387
Antioquia,1498,1481.7716666666668
Surocciden,1499,2548.5944871794877
Nordeste,1499,1353.5139743589743
Antioquia,1499,1536.2323076923076
Caribe,1499,3377.8866666666663
Oriental,1499,3029.359358974359
Caribe,1500,3500.353846153846
Nordeste,1500,1402.5861538461538
Oriental,1500,3139.19
Surocciden,1500,2640.995641025641
Antioquia,1500,1591.928717948718
Nordeste,1501,1439.0507692307692
Caribe,1501,3591.355384615385
Oriental,1501,3220.802564102564
Surocciden,1501,2709.6560256410257
Antioquia,1501,1633.3155128205128
Surocciden,1502,2705.3653846153848
Caribe,1502,3585.6687179487176
Oriental,1502,3215.703076923077
Antioquia,1502,1630.7291025641025
Nordeste,1502,1436.7715384615385
Antioquia,1503,1638.6257692307693
Nordeste,1503,1443.7289743589745
Caribe,1503,3603.031282051282
Surocciden,1503,2718.464615384615
Oriental,1503,3231.2735897435896
Antioquia,1504,1650.5246153846151
Surocciden,1504,2738.206282051282
Oriental,1504,3254.738846153846
Nordeste,1504,1454.212051282051
Caribe,1504,3629.1958974358977
Oriental,1505,3245.520897435897
Nordeste,1505,1450.0946153846155
Surocciden,1505,2730.451794871795
Antioquia,1505,1645.8507692307692
Caribe,1505,3618.917564102564
Nordeste,1506,1432.8985897435898
Antioquia,1506,1626.3334615384615
Caribe,1506,3576.0030769230766
Oriental,1506,3207.0344871794878
Surocciden,1506,2698.073205128205
Antioquia,1507,1616.196794871795
Nordeste,1507,1423.9674358974355
Oriental,1507,3187.046153846154
Surocciden,1507,2681.256538461538
Caribe,1507,3553.714743589744
Surocciden,1508,2830.201666666667
Nordeste,1508,1503.0702564102564
Antioquia,1508,1705.9776923076925
Caribe,1508,3751.125512820513
Oriental,1508,3364.087564102564
Oriental,1509,3367.8765384615385
Surocciden,1509,2833.388846153846
Nordeste,1509,1504.7626923076923
Antioquia,1509,1707.898846153846
Caribe,1509,3755.350512820514
Nordeste,1510,1474.258076923077
Caribe,1510,3679.222692307692
Surocciden,1510,2775.9510256410254
Oriental,1510,3299.603076923077
Antioquia,1510,1673.2769230769231
Caribe,1511,3534.147820512821
Nordeste,1511,1416.127564102564
Oriental,1511,3169.4969230769234
Surocciden,1511,2666.492435897436
Antioquia,1511,1607.2982051282052
Caribe,1512,3330.128205128205
Surocciden,1512,2512.561153846153
Nordeste,1512,1334.376923076923
Oriental,1512,2986.5284615384617
Antioquia,1512,1514.5115384615383
Caribe,1513,3239.0823076923075
Surocciden,1513,2443.868461538462
Antioquia,1513,1473.106923076923
Oriental,1513,2904.876923076923
Nordeste,1513,1297.8953846153845
Caribe,1514,3068.494615384616
Antioquia,1514,1395.5230769230768
Oriental,1514,2751.888461538462
Nordeste,1514,1229.5392307692307
Surocciden,1514,2315.159230769231
Surocciden,1515,2233.929230769231
Caribe,1515,2960.8323076923075
Oriental,1515,2655.335384615385
Nordeste,1515,1186.4015384615384
Antioquia,1515,1346.559230769231
Nordeste,1516,1154.7746153846151
Surocciden,1516,2174.3792307692306
Caribe,1516,2881.904615384616
Antioquia,1516,1310.6653846153847
Oriental,1516,2584.5507692307697
Surocciden,1517,2145.679230769231
Nordeste,1517,1139.5323076923078
Antioquia,1517,1293.366153846154
Caribe,1517,2843.866153846154
Oriental,1517,2550.438461538461
Caribe,1518,2891.915384615385
Nordeste,1518,1158.786153846154
Oriental,1518,2593.5315384615383
Antioquia,1518,1315.2176923076922
Surocciden,1518,2181.933076923077
Oriental,1519,2698.153846153846
Surocciden,1519,2269.952307692308
Nordeste,1519,1205.5323076923078
Antioquia,1519,1368.2715384615385
Caribe,1519,3008.5753846153843
Nordeste,1520,1234.5092307692307
Caribe,1520,3080.8938461538464
Antioquia,1520,1401.1615384615384
Surocciden,1520,2324.515384615385
Oriental,1520,2763.01
Surocciden,1521,2460.563076923077
Nordeste,1521,1306.7623076923078
Oriental,1521,2924.7207692307693
Antioquia,1521,1483.1676923076925
Caribe,1521,3261.210769230769
Caribe,1522,3446.5284615384617
Nordeste,1522,1381.0176923076922
Oriental,1522,3090.9176923076925
Antioquia,1522,1567.4507692307693
Surocciden,1522,2600.386153846154
Caribe,1523,3561.133076923077
Nordeste,1523,1426.9392307692308
Surocciden,1523,2686.852307692308
Oriental,1523,3193.6976923076923
Antioquia,1523,1619.57
Surocciden,1524,2779.4884615384613
Nordeste,1524,1476.1384615384616
Oriental,1524,3303.8092307692305
Caribe,1524,3683.9115384615375
Antioquia,1524,1675.4084615384616
Oriental,1525,3386.558461538462
Surocciden,1525,2849.1084615384616
Caribe,1525,3776.183846153846
Antioquia,1525,1717.3738461538462
Nordeste,1525,1513.1092307692306
Caribe,1526,3761.9992307692314
Nordeste,1526,1507.4276923076925
Antioquia,1526,1710.9223076923076
Surocciden,1526,2838.4053846153847
Oriental,1526,3373.839230769231
Surocciden,1527,2857.096153846154
Caribe,1527,3786.7715384615385
Antioquia,1527,1722.1884615384615
Oriental,1527,3396.055384615385
Nordeste,1527,1517.353846153846
Surocciden,1528,2897.3846153846152
Caribe,1528,3840.1684615384615
Antioquia,1528,1746.473846153846
Nordeste,1528,1538.75
Oriental,1528,3443.944615384615
Oriental,1529,3437.276923076923
Surocciden,1529,2891.7753846153846
Caribe,1529,3832.7353846153846
Antioquia,1529,1743.0930769230768
Nordeste,1529,1535.7707692307692
Antioquia,1530,1715.106153846154
Oriental,1530,3382.0884615384616
Caribe,1530,3771.197692307692
Nordeste,1530,1511.113076923077
Surocciden,1530,2845.3469230769238
Antioquia,1531,1692.6738461538464
Oriental,1531,3337.855384615385
Nordeste,1531,1491.3469230769233
Caribe,1531,3721.873846153846
Surocciden,1531,2808.13
Caribe,1532,3878.633846153846
Nordeste,1532,1554.1638461538462
Oriental,1532,3478.442307692308
Antioquia,1532,1763.9692307692308
Surocciden,1532,2926.4076923076927
Oriental,1533,3465.5884615384616
Antioquia,1533,1757.4515384615383
Nordeste,1533,1548.420769230769
Surocciden,1533,2915.5953846153843
Caribe,1533,3864.3046153846153
Oriental,1534,3400.230769230769
Surocciden,1534,2860.60923076923
Nordeste,1534,1519.2184615384615
Caribe,1534,3791.4261538461537
Antioquia,1534,1724.3053846153848
Nordeste,1535,1455.7815384615385
Antioquia,1535,1652.3053846153848
Caribe,1535,3633.112307692308
Surocciden,1535,2741.1607692307693
Oriental,1535,3258.251538461538
Oriental,1536,3080.9176923076925
Nordeste,1536,1376.5507692307692
Caribe,1536,3435.3792307692306
Antioquia,1536,1562.3784615384616
Surocciden,1536,2591.9715384615383
Caribe,2305,3382.2536363636364
Oriental,2305,3033.2757142857145
Surocciden,2305,2551.89038961039
Antioquia,2305,1538.2177922077922
Nordeste,2305,1355.2638961038965
Antioquia,2306,1446.1061038961038
Caribe,2306,3179.7166233766234
Oriental,2306,2851.636103896104
Nordeste,2306,1274.106883116883
Surocciden,2306,2399.076493506493
Antioquia,2307,1396.8805194805195
Caribe,2307,3071.4792207792207
Nordeste,2307,1230.736753246753
Surocciden,2307,2317.412337662337
Oriental,2307,2754.5666233766237
Oriental,2308,2686.1957142857145
Caribe,2308,2995.2415584415585
Nordeste,2308,1200.1885714285715
Antioquia,2308,1362.2088311688312
Surocciden,2308,2259.892207792208
Oriental,2309,2649.551038961039
Antioquia,2309,1343.625974025974
Nordeste,2309,1183.815974025974
Caribe,2309,2954.382207792208
Surocciden,2309,2229.062987012987
Oriental,2310,2684.103116883117
Surocciden,2310,2258.1315584415584
Antioquia,2310,1361.147922077922
Nordeste,2310,1199.2537662337663
Caribe,2310,2992.9093506493505
Surocciden,2311,2342.635454545454
Nordeste,2311,1244.1328571428571
Antioquia,2311,1412.0838961038962
Caribe,2311,3104.90974025974
Oriental,2311,2784.547792207792
Surocciden,2312,2383.95025974026
Oriental,2312,2833.656493506493
Nordeste,2312,1266.074025974026
Caribe,2312,3159.668051948052
Antioquia,2312,1436.9877922077922
Caribe,2313,3339.126883116883
Antioquia,2313,1518.6045454545456
Surocciden,2313,2519.3509090909088
Oriental,2313,2994.599220779221
Nordeste,2313,1337.9831168831167
Nordeste,2314,1418.8124675324675
Surocciden,2314,2671.5488311688314
Oriental,2314,3175.507012987013
Caribe,2314,3540.848701298701
Antioquia,2314,1610.3451948051948
Oriental,2315,3293.411948051948
Surocciden,2315,2770.741688311688
Nordeste,2315,1471.4918181818182
Antioquia,2315,1670.1362337662338
Caribe,2315,3672.318571428572
Nordeste,2316,1523.6748051948052
Surocciden,2316,2869.001038961039
Oriental,2316,3410.205454545455
Antioquia,2316,1729.363896103896
Caribe,2316,3802.549870129871
Oriental,2317,3506.180779220779
Nordeste,2317,1566.557012987013
Antioquia,2317,1778.035064935065
Caribe,2317,3909.5663636363633
Surocciden,2317,2949.743506493506
Nordeste,2318,1563.4797402597403
Antioquia,2318,1774.5427272727277
Caribe,2318,3901.888441558441
Surocciden,2318,2943.950909090909
Oriental,2318,3499.2950649350646
Caribe,2319,3917.319090909091
Surocciden,2319,2955.5935064935065
Oriental,2319,3513.132857142857
Antioquia,2319,1781.5603896103896
Nordeste,2319,1569.6632467532468
Antioquia,2320,1801.105974025974
Caribe,2320,3960.296103896104
Nordeste,2320,1586.8838961038962
Oriental,2320,3551.676233766234
Surocciden,2320,2988.018961038961
Nordeste,2321,1583.4424675324676
Surocciden,2321,2981.5387012987017
Oriental,2321,3543.972987012987
Antioquia,2321,1797.1996103896104
Caribe,2321,3951.707402597402
Nordeste,2322,1558.321948051948
Caribe,2322,3889.018051948052
Surocciden,2322,2934.240519480519
Antioquia,2322,1768.6893506493504
Oriental,2322,3487.751688311688
Antioquia,2323,1735.0781818181815
Caribe,2323,3815.111688311688
Nordeste,2323,1528.7093506493509
Surocciden,2323,2878.4794805194806
Oriental,2323,3421.472727272728
Oriental,2324,3606.621948051948
Caribe,2324,4021.5636363636368
Nordeste,2324,1611.434025974026
Surocciden,2324,3034.245064935065
Antioquia,2324,1828.97012987013
Nordeste,2325,1633.804805194805
Surocciden,2325,3076.368051948052
Caribe,2325,4077.392727272728
Antioquia,2325,1854.3609090909088
Oriental,2325,3656.69025974026
Nordeste,2326,1597.111948051948
Antioquia,2326,1812.714935064935
Caribe,2326,3985.822207792208
Oriental,2326,3574.567922077922
Surocciden,2326,3007.279090909091
Antioquia,2327,1738.7944155844157
Surocciden,2327,2884.6433766233768
Oriental,2327,3428.8003896103896
Caribe,2327,3823.2829870129863
Nordeste,2327,1531.983246753247
Oriental,2328,3227.1594805194804
Nordeste,2328,1441.891038961039
Caribe,2328,3598.443766233766
Surocciden,2328,2715.003376623377
Antioquia,2328,1636.5397402597405
Caribe,2329,3262.6046153846155
Nordeste,2329,1307.32
Oriental,2329,2925.972307692308
Surocciden,2329,2461.6169230769237
Antioquia,2329,1483.8023076923075
Oriental,2330,2925.782307692308
Nordeste,2330,1307.2330769230769
Antioquia,2330,1483.7053846153844
Surocciden,2330,2461.4546153846154
Caribe,2330,3262.3915384615384
Oriental,2331,2826.616923076923
Antioquia,2331,1433.4199999999998
Nordeste,2331,1262.9284615384615
Caribe,2331,3151.8184615384616
Surocciden,2331,2378.026923076923
Oriental,2332,2743.023846153846
Surocciden,2332,2307.7
Antioquia,2332,1391.0276923076924
Nordeste,2332,1225.5776923076924
Caribe,2332,3058.606923076923
Nordeste,2333,1208.21
Antioquia,2333,1371.313076923077
Oriental,2333,2704.147692307692
Surocciden,2333,2274.994615384616
Caribe,2333,3015.2584615384617
Oriental,2334,2712.9192307692306
Surocciden,2334,2282.3746153846155
Caribe,2334,3025.042307692308
Antioquia,2334,1375.76
Nordeste,2334,1212.1292307692308
Surocciden,2335,2319.5692307692307
Nordeste,2335,1231.8815384615384
Oriental,2335,2757.13
Caribe,2335,3074.3384615384616
Antioquia,2335,1398.1815384615386
Oriental,2336,2778.519230769231
Antioquia,2336,1409.026923076923
Caribe,2336,3098.1876923076925
Surocciden,2336,2337.5638461538465
Nordeste,2336,1241.4376923076925
Caribe,2337,3274.4553846153844
Antioquia,2337,1489.1938461538462
Nordeste,2337,1312.0684615384614
Surocciden,2337,2470.5576923076924
Oriental,2337,2936.6000000000004
Oriental,2338,3134.944615384615
Nordeste,2338,1400.6892307692308
Antioquia,2338,1589.7753846153848
Caribe,2338,3495.62
Surocciden,2338,2637.423076923077
Caribe,2339,3646.584615384615
Antioquia,2339,1658.433076923077
Nordeste,2339,1461.1815384615386
Oriental,2339,3270.333846153846
Surocciden,2339,2751.325384615385
Oriental,2340,3379.602307692308
Surocciden,2340,2843.2538461538466
Nordeste,2340,1510.0023076923076
Antioquia,2340,1713.8461538461538
Caribe,2340,3768.4261538461537
Surocciden,2341,2905.11
Nordeste,2341,1542.852307692308
Antioquia,2341,1751.13
Caribe,2341,3850.41
Oriental,2341,3453.1276923076925
Surocciden,2342,2894.4615384615386
Nordeste,2342,1537.1984615384615
Oriental,2342,3440.4700000000003
Antioquia,2342,1744.7123076923076
Caribe,2342,3836.296923076923
Oriental,2343,3399.847692307692
Surocciden,2343,2860.286923076923
Caribe,2343,3791.002307692308
Antioquia,2343,1724.1115384615384
Nordeste,2343,1519.0476923076922
Oriental,2344,3351.976153846154
Surocciden,2344,2820.0107692307693
Antioquia,2344,1699.8353846153846
Caribe,2344,3737.62
Nordeste,2344,1497.66
Antioquia,2345,1685.6238461538462
Surocciden,2345,2796.433846153846
Caribe,2345,3706.37
Oriental,2345,3323.9492307692303
Nordeste,2345,1485.136923076923
Antioquia,2346,1660.470769230769
Surocciden,2346,2754.704615384616
Nordeste,2346,1462.9769230769232
Caribe,2346,3651.064615384616
Oriental,2346,3274.3499999999995
Surocciden,2347,2753.806923076923
Oriental,2347,3273.280769230769
Antioquia,2347,1659.9292307692308
Nordeste,2347,1462.4984615384617
Caribe,2347,3649.8715384615375
Oriental,2348,3501.2361538461537
Caribe,2348,3904.053076923077
Antioquia,2348,1775.5284615384614
Nordeste,2348,1564.3476923076923
Surocciden,2348,2945.583846153846
Antioquia,2349,1791.033076923077
Nordeste,2349,1578.0092307692307
Oriental,2349,3531.8115384615385
Caribe,2349,3938.146153846154
Surocciden,2349,2971.3061538461534
Antioquia,2350,1737.633076923077
Oriental,2350,3426.5115384615387
Surocciden,2350,2882.717692307692
Caribe,2350,3820.7315384615385
Nordeste,2350,1530.960769230769
Nordeste,2351,1458.283846153846
Oriental,2351,3263.8500000000004
Surocciden,2351,2745.8715384615384
Caribe,2351,3639.355384615385
Antioquia,2351,1655.146153846154
Nordeste,2352,1378.536153846154
Surocciden,2352,2595.7130769230766
Antioquia,2352,1564.6338461538462
Oriental,2352,3085.3653846153848
Caribe,2352,3440.336153846154
Antioquia,2353,1536.9073417721518
Caribe,2353,3379.37164556962
Surocciden,2353,2549.715189873418
Oriental,2353,3030.6911392405063
Nordeste,2353,1354.1089873417725
Antioquia,2354,1449.1275949367089
Nordeste,2354,1276.769493670886
Caribe,2354,3186.3615189873417
Surocciden,2354,2404.09
Oriental,2354,2857.5945569620253
Nordeste,2355,1233.370886075949
Surocciden,2355,2322.372151898734
Antioquia,2355,1399.87
Caribe,2355,3078.052911392405
Oriental,2355,2760.461772151899
Surocciden,2356,2263.154683544304
Nordeste,2356,1201.9207594936709
Caribe,2356,2999.5662025316456
Antioquia,2356,1364.1750632911392
Oriental,2356,2690.073670886076
Nordeste,2357,1186.572784810127
Surocciden,2357,2234.253797468354
Caribe,2357,2961.261772151898
Oriental,2357,2655.7213924050634
Antioquia,2357,1346.754936708861
Surocciden,2358,2275.99506329114
Oriental,2358,2705.3364556962024
Antioquia,2358,1371.9151898734178
Caribe,2358,3016.585316455696
Nordeste,2358,1208.7403797468355
Nordeste,2359,1264.462658227848
Oriental,2359,2830.049746835443
Antioquia,2359,1435.1593670886075
Caribe,2359,3155.64670886076
Surocciden,2359,2380.9163291139243
Antioquia,2360,1454.7145569620252
Nordeste,2360,1281.692405063291
Surocciden,2360,2413.358987341772
Caribe,2360,3198.646329113924
Oriental,2360,2868.6129113924053
Surocciden,2361,2545.9022784810127
Caribe,2361,3374.3179746835444
Oriental,2361,3026.158987341772
Nordeste,2361,1352.0840506329114
Antioquia,2361,1534.6088607594938
Oriental,2362,3195.1086075949365
Caribe,2362,3562.7054430379744
Antioquia,2362,1620.2856962025317
Surocciden,2362,2688.0396202531647
Nordeste,2362,1427.5706329113923
Antioquia,2363,1677.290759493671
Surocciden,2363,2782.6103797468354
Nordeste,2363,1477.7945569620254
Caribe,2363,3688.048734177215
Oriental,2363,3307.5188607594937
Nordeste,2364,1531.7151898734178
Surocciden,2364,2884.139367088608
Caribe,2364,3822.614936708861
Antioquia,2364,1738.4903797468353
Oriental,2364,3428.200759493671
Antioquia,2365,1786.093164556962
Surocciden,2365,2963.111898734177
Oriental,2365,3522.070886075949
Caribe,2365,3927.284810126582
Nordeste,2365,1573.6564556962026
Caribe,2366,3905.746329113924
Antioquia,2366,1776.2983544303795
Oriental,2366,3502.75506329114
Nordeste,2366,1565.0262025316456
Surocciden,2366,2946.861898734177
Nordeste,2367,1576.2737974683546
Surocciden,2367,2968.039493670886
Oriental,2367,3527.9272151898736
Caribe,2367,3933.8148101265824
Antioquia,2367,1789.0627848101265
Oriental,2368,3570.006329113924
Surocciden,2368,3003.439620253165
Caribe,2368,3980.73417721519
Nordeste,2368,1595.073164556962
Antioquia,2368,1810.402025316456
Caribe,2369,3977.16746835443
Antioquia,2369,1808.779873417721
Nordeste,2369,1593.6449367088608
Surocciden,2369,3000.749240506329
Oriental,2369,3566.80746835443
Oriental,2370,3511.702025316456
Antioquia,2370,1780.8346835443035
Caribe,2370,3915.722784810126
Nordeste,2370,1569.023924050633
Surocciden,2370,2954.3888607594936
Nordeste,2371,1529.940253164557
Surocciden,2371,2880.796835443038
Oriental,2371,3424.227088607595
Antioquia,2371,1736.475316455696
Caribe,2371,3818.1845569620255
Antioquia,2372,1826.5581012658224
Caribe,2372,4016.26
Surocciden,2372,3030.243670886076
Nordeste,2372,1609.3083544303795
Oriental,2372,3601.8654430379747
Surocciden,2373,3100.280886075949
Nordeste,2373,1646.5043037974683
Oriental,2373,3685.114556962025
Antioquia,2373,1868.7748101265825
Caribe,2373,4109.086329113924
Antioquia,2374,1829.7368354430375
Surocciden,2374,3035.517088607595
Oriental,2374,3608.133417721519
Nordeste,2374,1612.1087341772152
Caribe,2374,4023.2497468354422
Oriental,2375,3450.5498734177218
Antioquia,2375,1749.823164556962
Nordeste,2375,1541.7015189873418
Surocciden,2375,2902.942025316456
Caribe,2375,3847.5354430379743
Nordeste,2376,1443.873924050633
Caribe,2376,3603.3937974683545
Antioquia,2376,1638.7910126582278
Surocciden,2376,2718.7382278481014
Oriental,2376,3231.598987341772
Surocciden,2377,2515.1607692307693
Caribe,2377,3333.5730769230768
Nordeste,2377,1335.7584615384617
Oriental,2377,2989.6169230769237
Antioquia,2377,1516.079230769231
Surocciden,2378,2470.916923076923
Oriental,2378,2937.0284615384617
Nordeste,2378,1312.2592307692307
Antioquia,2378,1489.4084615384616
Caribe,2378,3274.933846153846
Oriental,2379,2831.717692307692
Caribe,2379,3157.5069230769227
Nordeste,2379,1265.206153846154
Antioquia,2379,1436.0061538461537
Surocciden,2379,2382.320769230769
Antioquia,2380,1398.5130769230768
Caribe,2380,3075.07
Surocciden,2380,2320.12
Nordeste,2380,1232.1753846153847
Oriental,2380,2757.784615384616
Surocciden,2381,2286.357692307693
Oriental,2381,2717.652307692308
Nordeste,2381,1214.2446153846154
Antioquia,2381,1378.1615384615384
Caribe,2381,3030.3184615384616
Caribe,2382,3043.546923076923
Surocciden,2382,2296.337692307692
Oriental,2382,2729.516153846154
Nordeste,2382,1219.544615384615
Antioquia,2382,1384.176923076923
Oriental,2383,2755.826923076923
Surocciden,2383,2318.472307692308
Caribe,2383,3072.886153846154
Antioquia,2383,1397.5192307692307
Nordeste,2383,1231.2992307692307
Surocciden,2384,2371.310769230769
Caribe,2384,3142.916153846154
Nordeste,2384,1259.3623076923077
Oriental,2384,2818.633076923077
Antioquia,2384,1429.3692307692306
Nordeste,2385,1348.5069230769232
Surocciden,2385,2539.1676923076925
Oriental,2385,3018.1530769230767
Caribe,2385,3365.3915384615384
Antioquia,2385,1530.5492307692307
Caribe,2386,3587.886923076923
Surocciden,2386,2707.036923076923
Oriental,2386,3217.693076923077
Nordeste,2386,1437.6607692307691
Antioquia,2386,1631.7384615384617
Nordeste,2387,1496.4823076923078
Antioquia,2387,1698.500769230769
Caribe,2387,3734.684615384616
Oriental,2387,3349.3423076923077
Surocciden,2387,2817.794615384616
Caribe,2388,3860.617692307692
Nordeste,2388,1546.9430769230771
Antioquia,2388,1755.7738461538463
Oriental,2388,3462.284615384616
Surocciden,2388,2912.8123076923075
Caribe,2389,3944.368461538462
Antioquia,2389,1793.8623076923077
Surocciden,2389,2976.000769230769
Nordeste,2389,1580.503076923077
Oriental,2389,3537.3907692307694
Nordeste,2390,1573.723076923077
Oriental,2390,3522.2184615384617
Antioquia,2390,1786.166923076923
Caribe,2390,3927.4492307692303
Surocciden,2390,2963.234615384616
Nordeste,2391,1554.533076923077
Oriental,2391,3479.2669230769234
Surocciden,2391,2927.1000000000004
Caribe,2391,3879.555384615385
Antioquia,2391,1764.3853846153845
Oriental,2392,3435.630769230769
Caribe,2392,3830.899230769231
Antioquia,2392,1742.2584615384617
Surocciden,2392,2890.39
Nordeste,2392,1535.0353846153846
Surocciden,2393,2872.1784615384613
Caribe,2393,3806.762307692308
Antioquia,2393,1731.2807692307692
Oriental,2393,3413.9830769230766
Nordeste,2393,1525.3623076923077
Antioquia,2394,1708.413076923077
Nordeste,2394,1505.216923076923
Caribe,2394,3756.48
Surocciden,2394,2834.242307692308
Oriental,2394,3368.8915384615384
Surocciden,2395,2812.51
Oriental,2395,3343.06
Caribe,2395,3727.68
Nordeste,2395,1493.6746153846154
Antioquia,2395,1695.3161538461538
Caribe,2396,3963.872307692308
Oriental,2396,3554.8830769230767
Surocciden,2396,2990.716923076923
Antioquia,2396,1802.7330769230769
Nordeste,2396,1588.316923076923
Surocciden,2397,3037.5930769230768
Caribe,2397,4025.998461538461
Antioquia,2397,1830.986153846154
Oriental,2397,3610.6015384615375
Nordeste,2397,1613.2123076923076
Antioquia,2398,1783.5961538461538
Nordeste,2398,1571.456923076923
Oriental,2398,3517.1469230769235
Surocciden,2398,2958.9700000000003
Caribe,2398,3921.794615384616
Oriental,2399,3349.8015384615383
Antioquia,2399,1698.7315384615383
Caribe,2399,3735.196153846154
Nordeste,2399,1496.686923076923
Surocciden,2399,2818.1815384615384
Surocciden,2400,2656.2315384615385
Antioquia,2400,1601.11
Nordeste,2400,1410.6753846153845
Caribe,2400,3520.544615384616
Oriental,2400,3157.2976923076926
Caribe,2401,3506.115569620253
Antioquia,2401,1594.5493670886076
Oriental,2401,3144.3579746835444
Nordeste,2401,1404.8949367088608
Surocciden,2401,2645.343417721519
Caribe,2402,3299.71835443038
Nordeste,2402,1322.192405063291
Surocciden,2402,2489.6170886075947
Oriental,2402,2959.256329113924
Antioquia,2402,1500.6820253164558
Caribe,2403,3184.4274683544304
Antioquia,2403,1448.2488607594937
Oriental,2403,2855.8611392405064
Surocciden,2403,2402.631139240506
Nordeste,2403,1275.9946835443038
Surocciden,2404,2339.7211392405065
Caribe,2404,3101.046329113924
Antioquia,2404,1410.3278481012658
Nordeste,2404,1242.5849367088608
Oriental,2404,2781.0830379746835
Surocciden,2405,2307.7764556962024
Caribe,2405,3058.7084810126585
Oriental,2405,2743.113164556962
Antioquia,2405,1391.072151898734
Nordeste,2405,1225.6196202531646
Oriental,2406,2780.603164556962
Caribe,2406,3100.5106329113923
Antioquia,2406,1410.083417721519
Nordeste,2406,1242.369113924051
Surocciden,2406,2339.3162025316456
Surocciden,2407,2417.152531645569
Caribe,2407,3203.6743037974684
Oriental,2407,2873.121392405063
Nordeste,2407,1283.707341772152
Antioquia,2407,1457.0011392405063
Antioquia,2408,1480.3758227848102
Caribe,2408,3255.070253164557
Nordeste,2408,1304.301392405063
Surocciden,2408,2455.930379746836
Oriental,2408,2919.214936708861
Caribe,2409,3448.4906329113924
Oriental,2409,3092.6778481012657
Antioquia,2409,1568.3415189873415
Surocciden,2409,2601.864936708861
Nordeste,2409,1381.804683544304
Caribe,2410,3644.5111392405065
Oriental,2410,3268.473670886076
Antioquia,2410,1657.4897468354432
Surocciden,2410,2749.76164556962
Nordeste,2410,1460.3493670886078
Caribe,2411,3775.6391139240495
Surocciden,2411,2848.696582278481
Oriental,2411,3386.0711392405065
Antioquia,2411,1717.1254430379747
Nordeste,2411,1512.892151898734
Caribe,2412,3916.089240506329
Oriental,2412,3512.030886075949
Surocciden,2412,2954.665696202532
Nordeste,2412,1569.1703797468356
Antioquia,2412,1781.001265822785
Oriental,2413,3608.8474683544314
Surocciden,2413,3036.1174683544305
Caribe,2413,4024.0451898734177
Nordeste,2413,1612.4284810126585
Antioquia,2413,1830.09835443038
Caribe,2414,4014.16
Antioquia,2414,1825.602911392405
Oriental,2414,3599.982278481012
Surocciden,2414,3028.659367088608
Nordeste,2414,1608.4672151898735
Nordeste,2415,1620.8455696202532
Surocciden,2415,3051.9668354430382
Oriental,2415,3627.68670886076
Antioquia,2415,1839.652278481013
Caribe,2415,4045.051898734177
Nordeste,2416,1639.0303797468357
Caribe,2416,4090.4341772151897
Oriental,2416,3668.386582278481
Surocciden,2416,3086.2069620253164
Antioquia,2416,1860.291392405063
Nordeste,2417,1634.6521518987342
Surocciden,2417,3077.964430379747
Caribe,2417,4079.508987341773
Oriental,2417,3658.588607594937
Antioquia,2417,1855.3234177215188
Antioquia,2418,1828.5945569620253
Caribe,2418,4020.735696202532
Oriental,2418,3605.8797468354433
Surocciden,2418,3033.6208860759493
Nordeste,2418,1611.10164556962
Surocciden,2419,2952.8641772151896
Caribe,2419,3913.703164556962
Antioquia,2419,1779.915443037975
Nordeste,2419,1568.2145569620252
Oriental,2419,3509.8901265822788
Antioquia,2420,1855.6517721518985
Surocciden,2420,3078.509493670886
Caribe,2420,4080.23164556962
Nordeste,2420,1634.9420253164558
Oriental,2420,3659.236202531645
Caribe,2421,4212.291139240507
Nordeste,2421,1687.858227848101
Oriental,2421,3777.670506329114
Surocciden,2421,3178.148227848101
Antioquia,2421,1915.7112658227848
Antioquia,2422,1884.2784810126584
Surocciden,2422,3126.0
Nordeste,2422,1660.1636708860758
Caribe,2422,4143.175696202532
Oriental,2422,3715.6859493670886
Antioquia,2423,1808.2940506329116
Oriental,2423,3565.8506329113925
Surocciden,2423,2999.944050632911
Nordeste,2423,1593.2177215189872
Caribe,2423,3976.101518987342
Oriental,2424,3351.0602531645573
Surocciden,2424,2819.240759493671
Nordeste,2424,1497.248987341772
Caribe,2424,3736.598987341772
Antioquia,2424,1699.3710126582278
Antioquia,2425,1557.9438461538462
Oriental,2425,3072.1761538461537
Nordeste,2425,1372.643846153846
Surocciden,2425,2584.616923076923
Caribe,2425,3425.6284615384616
Nordeste,2426,1364.9876923076922
Caribe,2426,3406.520769230769
Antioquia,2426,1549.2546153846156
Oriental,2426,3055.036923076924
Surocciden,2426,2570.1992307692303
Surocciden,2427,2477.99
Oriental,2427,2945.4346153846154
Antioquia,2427,1493.6723076923076
Nordeste,2427,1316.0169230769231
Caribe,2427,3284.306923076923
Surocciden,2428,2409.480769230769
Antioquia,2428,1452.3761538461538
Nordeste,2428,1279.633076923077
Caribe,2428,3193.5053846153846
Oriental,2428,2864.003076923077
Caribe,2429,3140.3846153846152
Surocciden,2429,2369.402307692308
Nordeste,2429,1258.346923076923
Antioquia,2429,1428.2192307692308
Oriental,2429,2816.363076923077
Oriental,2430,2821.9438461538457
Caribe,2430,3146.607692307693
Surocciden,2430,2374.096923076923
Nordeste,2430,1260.8392307692309
Antioquia,2430,1431.0484615384617
Oriental,2431,2841.868461538462
Nordeste,2431,1269.7430769230768
Caribe,2431,3168.826153846154
Surocciden,2431,2390.856923076923
Antioquia,2431,1441.1538461538462
Caribe,2432,3237.563076923077
Nordeste,2432,1297.2869230769231
Antioquia,2432,1472.4123076923076
Surocciden,2432,2442.7192307692308
Oriental,2432,2903.5153846153844
Nordeste,2433,1386.352307692308
Surocciden,2433,2610.429230769231
Oriental,2433,3102.857692307693
Caribe,2433,3459.8415384615387
Antioquia,2433,1573.503846153846
Surocciden,2434,2778.153846153846
Antioquia,2434,1674.603846153846
Nordeste,2434,1475.4276923076925
Oriental,2434,3302.2215384615383
Caribe,2434,3682.1415384615375
Oriental,2435,3432.306923076923
Caribe,2435,3827.193076923077
Antioquia,2435,1740.5715384615385
Surocciden,2435,2887.5946153846157
Nordeste,2435,1533.5484615384617
Nordeste,2436,1584.1646153846154
Surocciden,2436,2982.897692307692
Caribe,2436,3953.5069230769222
Oriental,2436,3545.5884615384616
Antioquia,2436,1798.0192307692307
Nordeste,2437,1617.9246153846154
Caribe,2437,4037.7615384615383
Antioquia,2437,1836.336923076923
Oriental,2437,3621.1469230769226
Surocciden,2437,3046.4653846153847
Caribe,2438,4010.1392307692304
Nordeste,2438,1606.8553846153843
Surocciden,2438,3025.6253846153845
Antioquia,2438,1823.7730769230768
Oriental,2438,3596.3753846153845
Antioquia,2439,1800.0307692307692
Oriental,2439,3549.5561538461543
Surocciden,2439,2986.234615384616
Nordeste,2439,1585.936923076923
Caribe,2439,3957.93
Caribe,2440,3919.629230769231
Antioquia,2440,1782.6107692307692
Nordeste,2440,1570.5884615384616
Surocciden,2440,2957.336153846154
Oriental,2440,3515.2053846153844
Surocciden,2441,2932.708461538461
Nordeste,2441,1557.51
Caribe,2441,3886.986923076923
Oriental,2441,3485.9315384615384
Antioquia,2441,1767.766153846154
Oriental,2442,3442.436153846153
Caribe,2442,3838.486923076923
Antioquia,2442,1745.7076923076925
Nordeste,2442,1538.0761538461536
Surocciden,2442,2896.1153846153848
Nordeste,2443,1519.823846153846
Surocciden,2443,2861.744615384616
Caribe,2443,3792.933846153846
Antioquia,2443,1724.99
Oriental,2443,3401.5807692307694
Surocciden,2444,3009.8530769230765
Oriental,2444,3577.6284615384616
Antioquia,2444,1814.267692307692
Caribe,2444,3989.2330769230766
Nordeste,2444,1598.4792307692308
Caribe,2445,4077.3715384615375
Surocciden,2445,3076.3500000000004
Nordeste,2445,1633.7961538461536
Oriental,2445,3656.670769230769
Antioquia,2445,1854.3507692307692
Nordeste,2446,1592.0130769230768
Oriental,2446,3563.154615384616
Antioquia,2446,1806.9276923076925
Surocciden,2446,2997.6776923076923
Caribe,2446,3973.096153846154
Surocciden,2447,2875.979230769231
Nordeste,2447,1527.3807692307694
Oriental,2447,3418.500769230769
Caribe,2447,3811.8
Antioquia,2447,1733.57
Oriental,2448,3242.182307692308
Nordeste,2448,1448.602307692308
Caribe,2448,3615.194615384615
Surocciden,2448,2727.6423076923074
Antioquia,2448,1644.1561538461538
Surocciden,2449,2769.077948717949
Oriental,2449,3291.433717948718
Caribe,2449,3670.11217948718
Antioquia,2449,1669.1338461538462
Nordeste,2449,1470.6079487179486
Caribe,2450,3444.3010256410253
Antioquia,2450,1566.4353846153847
Oriental,2450,3088.921153846154
Surocciden,2450,2598.7039743589744
Nordeste,2450,1380.1255128205128
Caribe,2451,3326.8683333333333
Nordeste,2451,1333.070384615385
Antioquia,2451,1513.0288461538462
Surocciden,2451,2510.102051282051
Oriental,2451,2983.604487179487
Caribe,2452,3243.1821794871794
Antioquia,2452,1474.969358974359
Oriental,2452,2908.553717948718
Nordeste,2452,1299.5378205128204
Surocciden,2452,2446.960512820513
Caribe,2453,3197.3515384615384
Oriental,2453,2867.4515384615383
Nordeste,2453,1281.1733333333334
Surocciden,2453,2412.3816666666667
Antioquia,2453,1454.126282051282
Nordeste,2454,1299.9057692307692
Caribe,2454,3244.100512820513
Surocciden,2454,2447.653333333333
Oriental,2454,2909.377179487179
Antioquia,2454,1475.3873076923078
Surocciden,2455,2529.397948717949
Caribe,2455,3352.4433333333336
Antioquia,2455,1524.6603846153846
Oriental,2455,3006.5416666666665
Nordeste,2455,1343.3182051282051
Caribe,2456,3410.7329487179486
Nordeste,2456,1366.6748717948717
Oriental,2456,3058.815769230769
Antioquia,2456,1551.1698717948718
Surocciden,2456,2573.377307692308
Surocciden,2457,2723.975512820513
Oriental,2457,3237.8233333333333
Nordeste,2457,1446.6553846153845
Caribe,2457,3610.334487179488
Antioquia,2457,1641.9470512820512
Antioquia,2458,1732.4842307692306
Caribe,2458,3809.407564102564
Oriental,2458,3416.356153846154
Surocciden,2458,2874.174743589744
Nordeste,2458,1526.4234615384614
Caribe,2459,3944.014615384616
Oriental,2459,3537.0748717948723
Surocciden,2459,2975.7352564102566
Antioquia,2459,1793.701923076923
Nordeste,2459,1580.3603846153846
Surocciden,2460,3084.0794871794874
Oriental,2460,3665.857307692308
Antioquia,2460,1859.0091025641025
Nordeste,2460,1637.9
Caribe,2460,4087.613974358975
Antioquia,2461,1909.581282051282
Surocciden,2461,3167.978974358974
Nordeste,2461,1682.457307692308
Oriental,2461,3765.583076923077
Caribe,2461,4198.8134615384615
Antioquia,2462,1906.873076923077
Oriental,2462,3760.242692307692
Nordeste,2462,1680.071282051282
Caribe,2462,4192.858717948718
Surocciden,2462,3163.4866666666667
Antioquia,2463,1921.610128205128
Caribe,2463,4225.260897435897
Nordeste,2463,1693.0547435897436
Oriental,2463,3789.30217948718
Surocciden,2463,3187.9341025641024
Oriental,2464,3832.251923076924
Surocciden,2464,3224.066923076923
Antioquia,2464,1943.3908974358972
Caribe,2464,4273.152435897436
Nordeste,2464,1712.2453846153849
Caribe,2465,4266.516025641025
Antioquia,2465,1940.3728205128205
Nordeste,2465,1709.5856410256408
Oriental,2465,3826.3007692307697
Surocciden,2465,3219.060769230769
Oriental,2466,3777.5362820512814
Nordeste,2466,1687.7983333333332
Surocciden,2466,3178.034871794872
Caribe,2466,4212.142307692307
Antioquia,2466,1915.6432051282047
Oriental,2467,3741.79717948718
Antioquia,2467,1897.519487179487
Caribe,2467,4172.290641025641
Surocciden,2467,3147.967307692308
Nordeste,2467,1671.8300000000002
Surocciden,2468,3312.1607692307693
Oriental,2468,3936.963205128205
Antioquia,2468,1996.490512820513
Caribe,2468,4389.910641025642
Nordeste,2468,1759.03
Surocciden,2469,3318.13858974359
Caribe,2469,4397.833461538462
Antioquia,2469,2000.0942307692308
Oriental,2469,3944.069102564103
Nordeste,2469,1762.204358974359
Nordeste,2470,1729.8425641025642
Oriental,2470,3871.637307692308
Surocciden,2470,3257.201794871795
Antioquia,2470,1963.362435897436
Caribe,2470,4317.068717948718
Antioquia,2471,1885.4503846153848
Nordeste,2471,1661.1965384615385
Oriental,2471,3717.998846153846
Surocciden,2471,3127.946282051282
Caribe,2471,4145.754102564103
Surocciden,2472,2945.1066666666666
Oriental,2472,3500.668333333333
Nordeste,2472,1564.0938461538462
Caribe,2472,3903.420384615384
Antioquia,2472,1775.24
Caribe,2473,3535.3715384615384
Antioquia,2473,1607.8546153846155
Nordeste,2473,1416.616923076923
Oriental,2473,3170.596153846154
Surocciden,2473,2667.416923076923
Nordeste,2474,1426.71
Caribe,2474,3560.5561538461543
Antioquia,2474,1619.309230769231
Surocciden,2474,2686.418461538461
Oriental,2474,3193.179230769231
Surocciden,2475,2589.708461538461
Oriental,2475,3078.228461538461
Nordeste,2475,1375.3484615384614
Antioquia,2475,1561.0146153846154
Caribe,2475,3432.3776923076925
Surocciden,2476,2520.312307692308
Oriental,2476,2995.74
Antioquia,2476,1519.1823076923076
Caribe,2476,3340.4
Nordeste,2476,1338.4930769230768
Nordeste,2477,1316.63
Caribe,2477,3285.8415384615387
Oriental,2477,2946.81
Surocciden,2477,2479.1476923076925
Antioquia,2477,1494.3723076923077
Caribe,2478,3284.409230769231
Nordeste,2478,1316.0576923076924
Oriental,2478,2945.527692307692
Surocciden,2478,2478.0676923076926
Antioquia,2478,1493.7192307692308
Surocciden,2479,2491.3830769230767
Antioquia,2479,1501.746153846154
Oriental,2479,2961.355384615385
Caribe,2479,3302.06
Nordeste,2479,1323.1284615384614
Caribe,2480,3361.65
Antioquia,2480,1528.8476923076923
Surocciden,2480,2536.3453846153843
Oriental,2480,3014.796923076923
Nordeste,2480,1347.0084615384617
Oriental,2481,3207.1715384615386
Nordeste,2481,1432.9592307692308
Surocciden,2481,2698.1892307692306
Caribe,2481,3576.1561538461538
Antioquia,2481,1626.4023076923077
Surocciden,2482,2868.192307692308
Oriental,2482,3409.246153846153
Nordeste,2482,1523.2453846153844
Caribe,2482,3801.4815384615385
Antioquia,2482,1728.8769230769233
Surocciden,2483,2987.507692307692
Oriental,2483,3551.067692307692
Caribe,2483,3959.616923076923
Nordeste,2483,1586.6123076923077
Antioquia,2483,1800.7976923076922
Antioquia,2484,1861.0938461538465
Nordeste,2484,1639.7369230769232
Caribe,2484,4092.1992307692312
Surocciden,2484,3087.538461538461
Oriental,2484,3669.969230769231
Surocciden,2485,3142.423846153846
Antioquia,2485,1894.1776923076925
Nordeste,2485,1668.8861538461538
Oriental,2485,3735.207692307693
Caribe,2485,4164.943846153846
Caribe,2486,4144.677692307692
Nordeste,2486,1660.7669230769231
Surocciden,2486,3127.133846153846
Oriental,2486,3717.032307692308
Antioquia,2486,1884.9607692307693
Surocciden,2487,3093.230769230769
Oriental,2487,3676.7353846153846
Antioquia,2487,1864.526923076923
Nordeste,2487,1642.7607692307693
Caribe,2487,4099.743846153846
Oriental,2488,3637.7669230769234
Antioquia,2488,1844.7630769230768
Caribe,2488,4056.290769230769
Surocciden,2488,3060.4469230769228
Nordeste,2488,1625.3507692307694
Caribe,2489,4015.995384615385
Nordeste,2489,1609.2023076923078
Antioquia,2489,1826.4376923076925
Oriental,2489,3601.6284615384616
Surocciden,2489,3030.043076923077
Caribe,2490,3972.41
Surocciden,2490,2997.1584615384613
Oriental,2490,3562.54
Antioquia,2490,1806.6153846153843
Nordeste,2490,1591.7392307692307
Oriental,2491,3586.663076923077
Nordeste,2491,1602.5153846153846
Caribe,2491,3999.308461538462
Surocciden,2491,3017.4538461538464
Antioquia,2491,1818.8492307692309
Surocciden,2492,3205.418461538461
Caribe,2492,4248.436153846154
Nordeste,2492,1702.3415384615384
Antioquia,2492,1932.1492307692304
Oriental,2492,3810.086153846154
Nordeste,2493,1688.4123076923076
Surocciden,2493,3179.1892307692306
Caribe,2493,4213.672307692307
Oriental,2493,3778.9076923076927
Antioquia,2493,1916.34
Caribe,2494,4084.254615384615
Nordeste,2494,1636.5553846153848
Surocciden,2494,3081.5476923076926
Oriental,2494,3662.8469230769233
Antioquia,2494,1857.482307692308
Caribe,2495,3919.5215384615385
Oriental,2495,3515.1084615384616
Nordeste,2495,1570.5453846153846
Antioquia,2495,1782.563076923077
Surocciden,2495,2957.254615384615
Nordeste,2496,1492.683076923077
Surocciden,2496,2810.644615384616
Antioquia,2496,1694.1892307692308
Caribe,2496,3725.206153846154
Oriental,2496,3340.8438461538462
Antioquia,3265,1789.685844155844
Surocciden,3265,2969.072857142857
Oriental,3265,3529.155324675325
Nordeste,3265,1576.821948051948
Caribe,3265,3935.184675324675
Antioquia,3266,1689.384155844156
Nordeste,3266,1488.4505194805197
Oriental,3266,3331.3666233766235
Surocciden,3266,2802.6735064935065
Caribe,3266,3714.64077922078
Caribe,3267,3587.8001298701297
Oriental,3267,3217.6136363636365
Surocciden,3267,2706.9732467532467
Antioquia,3267,1631.6987012987013
Nordeste,3267,1437.624935064935
Surocciden,3268,2639.1042857142857
Oriental,3268,3136.942597402597
Caribe,3268,3497.848051948052
Antioquia,3268,1590.7887012987012
Nordeste,3268,1401.581818181818
Oriental,3269,3098.162727272728
Surocciden,3269,2606.478961038961
Nordeste,3269,1384.2554545454543
Caribe,3269,3454.6071428571427
Antioquia,3269,1571.122987012987
Surocciden,3270,2646.752077922078
Oriental,3270,3146.0324675324678
Nordeste,3270,1405.6429870129869
Caribe,3270,3507.9833766233764
Antioquia,3270,1595.398701298701
Oriental,3271,3275.969090909091
Surocciden,3271,2756.067662337662
Nordeste,3271,1463.6989610389612
Caribe,3271,3652.8696103896095
Antioquia,3271,1661.291818181818
Nordeste,3272,1497.775974025974
Surocciden,3272,2820.231818181818
Oriental,3272,3352.2381818181816
Antioquia,3272,1699.9685714285715
Caribe,3272,3737.912597402598
Surocciden,3273,2990.1225974025974
Oriental,3273,3554.176363636364
Nordeste,3273,1588.0003896103897
Caribe,3273,3963.0840259740257
Antioquia,3273,1802.374935064935
Surocciden,3274,3175.4494805194804
Oriental,3274,3774.463896103896
Nordeste,3274,1686.424935064935
Caribe,3274,4208.715974025974
Antioquia,3274,1914.0849350649355
Oriental,3275,3911.594025974026
Antioquia,3275,1983.6255844155849
Caribe,3275,4361.622857142857
Surocciden,3275,3290.8175324675326
Nordeste,3275,1747.6946753246752
Nordeste,3276,1808.3642857142856
Oriental,3276,4047.381168831169
Surocciden,3276,3405.054805194805
Caribe,3276,4513.031558441558
Antioquia,3276,2052.484805194805
Surocciden,3277,3495.887922077922
Oriental,3277,4155.348961038961
Nordeste,3277,1856.604415584416
Caribe,3277,4633.421948051948
Antioquia,3277,2107.2374025974027
Oriental,3278,4137.232597402597
Surocciden,3278,3480.646623376623
Nordeste,3278,1848.51
Caribe,3278,4613.221428571428
Antioquia,3278,2098.0503896103896
Nordeste,3279,1852.627012987013
Oriental,3279,4146.447402597403
Surocciden,3279,3488.3984415584414
Antioquia,3279,2102.7227272727278
Caribe,3279,4623.495064935065
Antioquia,3280,2123.6429870129878
Caribe,3280,4669.494025974026
Surocciden,3280,3523.104805194805
Oriental,3280,4187.69961038961
Nordeste,3280,1871.0585714285717
Surocciden,3281,3515.2824675324678
Oriental,3281,4178.401818181818
Antioquia,3281,2118.9275324675327
Caribe,3281,4659.126883116884
Nordeste,3281,1866.904935064935
Surocciden,3282,3456.1480519480524
Caribe,3282,4580.750389610389
Antioquia,3282,2083.2823376623373
Oriental,3282,4108.112077922078
Nordeste,3282,1835.498571428572
Surocciden,3283,3388.71025974026
Antioquia,3283,2042.6335064935065
Caribe,3283,4491.368701298701
Nordeste,3283,1799.683896103896
Oriental,3283,4027.9527272727273
Caribe,3284,4725.184415584416
Antioquia,3284,2148.970909090909
Nordeste,3284,1893.373116883117
Oriental,3284,4237.643766233767
Surocciden,3284,3565.1224675324675
Antioquia,3285,2172.8692207792205
Oriental,3285,4284.771948051948
Surocciden,3285,3604.7714285714287
Caribe,3285,4777.733636363636
Nordeste,3285,1914.43025974026
Antioquia,3286,2118.2125974025976
Nordeste,3286,1866.274415584416
Surocciden,3286,3514.095714285714
Caribe,3286,4657.5538961038965
Oriental,3286,4176.991038961039
Caribe,3287,4454.9742857142855
Surocciden,3287,3361.2502597402595
Antioquia,3287,2026.081298701299
Nordeste,3287,1785.1006493506493
Oriental,3287,3995.314155844156
Nordeste,3288,1677.391168831169
Surocciden,3288,3158.440389610389
Oriental,3288,3754.245064935065
Caribe,3288,4186.17064935065
Antioquia,3288,1903.831818181818
Surocciden,3289,2790.1169230769237
Antioquia,3289,1681.813076923077
Oriental,3289,3316.44
Caribe,3289,3697.997692307693
Nordeste,3289,1481.7823076923075
Nordeste,3290,1447.853076923077
Antioquia,3290,1643.309230769231
Surocciden,3290,2726.2361538461537
Oriental,3290,3240.51
Caribe,3290,3613.328461538461
Caribe,3291,3493.222307692308
Nordeste,3291,1399.7276923076922
Oriental,3291,3132.794615384616
Antioquia,3291,1588.6853846153847
Surocciden,3291,2635.6146153846157
Antioquia,3292,1543.7807692307692
Oriental,3292,3044.2415384615383
Caribe,3292,3394.483846153846
Nordeste,3292,1360.1638461538462
Surocciden,3292,2561.116153846154
Surocciden,3293,2504.7592307692307
Nordeste,3293,1330.2323076923078
Oriental,3293,2977.253076923077
Caribe,3293,3319.784615384616
Antioquia,3293,1509.8076923076924
Surocciden,3294,2474.3753846153845
Caribe,3294,3279.5176923076924
Nordeste,3294,1314.0976923076923
Oriental,3294,2941.14
Antioquia,3294,1491.4946153846154
Antioquia,3295,1476.9515384615383
Surocciden,3295,2450.25
Caribe,3295,3247.538461538461
Nordeste,3295,1301.283846153846
Oriental,3295,2912.4630769230766
Surocciden,3296,2374.748461538461
Oriental,3296,2822.717692307692
Antioquia,3296,1431.44
Caribe,3296,3147.4707692307693
Nordeste,3296,1261.186923076923
Nordeste,3297,1302.4115384615384
Oriental,3297,2914.9861538461537
Surocciden,3297,2452.3715384615384
Antioquia,3297,1478.2307692307693
Caribe,3297,3250.3546153846155
Antioquia,3298,1563.102307692308
Caribe,3298,3436.967692307692
Oriental,3298,3082.3438461538462
Nordeste,3298,1377.1876923076925
Surocciden,3298,2593.170769230769
Antioquia,3299,1641.353076923077
Surocciden,3299,2722.986923076923
Caribe,3299,3609.026153846154
Nordeste,3299,1446.1315384615384
Oriental,3299,3236.649230769231
Surocciden,3300,2827.612307692308
Antioquia,3300,1704.4161538461535
Nordeste,3300,1501.6946153846152
Oriental,3300,3361.0084615384617
Caribe,3300,3747.693076923077
Caribe,3301,3864.4861538461537
Surocciden,3301,2915.73
Nordeste,3301,1548.4946153846154
Antioquia,3301,1757.533076923077
Oriental,3301,3465.750769230769
Oriental,3302,3511.100769230769
Antioquia,3302,1780.5307692307692
Nordeste,3302,1568.7546153846156
Caribe,3302,3915.053846153846
Surocciden,3302,2953.883076923077
Antioquia,3303,1777.16
Nordeste,3303,1565.7853846153846
Surocciden,3303,2948.293846153846
Caribe,3303,3907.642307692307
Oriental,3303,3504.4569230769234
Oriental,3304,3469.267692307692
Antioquia,3304,1759.3153846153846
Nordeste,3304,1550.0653846153846
Caribe,3304,3868.4061538461538
Surocciden,3304,2918.69
Surocciden,3305,2893.190769230769
Antioquia,3305,1743.9469230769232
Nordeste,3305,1536.5223076923078
Caribe,3305,3834.611538461538
Oriental,3305,3438.958461538461
Nordeste,3306,1524.3661538461538
Antioquia,3306,1730.1484615384616
Surocciden,3306,2870.2992307692307
Caribe,3306,3804.2715384615385
Oriental,3306,3411.75
Antioquia,3307,1739.4984615384617
Caribe,3307,3824.828461538461
Oriental,3307,3430.185384615385
Nordeste,3307,1532.603076923077
Surocciden,3307,2885.8092307692305
Caribe,3308,4152.183076923076
Oriental,3308,3723.763076923077
Nordeste,3308,1663.7715384615385
Antioquia,3308,1888.3738461538464
Surocciden,3308,3132.794615384616
Surocciden,3309,3217.01
Oriental,3309,3823.8646153846153
Antioquia,3309,1939.1353846153847
Nordeste,3309,1708.496923076923
Caribe,3309,4263.799230769231
Caribe,3310,4210.75
Nordeste,3310,1687.2392307692307
Surocciden,3310,3176.986923076923
Oriental,3310,3776.288461538461
Antioquia,3310,1915.01
Nordeste,3311,1636.576923076923
Oriental,3311,3662.896153846154
Antioquia,3311,1857.5069230769232
Caribe,3311,4084.312307692308
Surocciden,3311,3081.589230769231
Surocciden,3312,2943.9523076923074
Nordeste,3312,1563.4807692307693
Antioquia,3312,1774.5453846153846
Caribe,3312,3901.89076923077
Oriental,3312,3499.295384615384
Surocciden,3313,2955.819367088608
Caribe,3313,3917.6182278481015
Nordeste,3313,1569.782658227848
Oriental,3313,3513.4018987341774
Antioquia,3313,1781.6972151898733
Antioquia,3314,1679.936329113924
Caribe,3314,3693.866075949367
Nordeste,3314,1480.126075949367
Oriental,3314,3312.7358227848104
Surocciden,3314,2786.999367088608
Caribe,3315,3568.3069620253164
Oriental,3315,3200.1320253164554
Nordeste,3315,1429.8148101265822
Antioquia,3315,1622.833417721519
Surocciden,3315,2692.265696202532
Antioquia,3316,1581.452911392405
Surocciden,3316,2623.6164556962026
Nordeste,3316,1393.3562025316455
Caribe,3316,3477.3189873417723
Oriental,3316,3118.5322784810123
Surocciden,3317,2590.112658227848
Caribe,3317,3432.913924050633
Nordeste,3317,1375.5631645569622
Oriental,3317,3078.709240506329
Antioquia,3317,1561.2582278481011
Oriental,3318,3136.2264556962023
Surocciden,3318,2638.501392405063
Antioquia,3318,1590.425443037975
Caribe,3318,3497.048607594937
Nordeste,3318,1401.2612658227847
Surocciden,3319,2760.13417721519
Oriental,3319,3280.802784810127
Antioquia,3319,1663.7417721518989
Nordeste,3319,1465.8584810126583
Caribe,3319,3658.2592405063288
Surocciden,3320,2797.7440506329112
Oriental,3320,3325.5082278481013
Nordeste,3320,1485.832658227848
Caribe,3320,3708.107721518988
Antioquia,3320,1686.413164556962
Nordeste,3321,1567.43582278481
Oriental,3321,3508.1475949367086
Caribe,3321,3911.759493670886
Surocciden,3321,2951.3979746835444
Antioquia,3321,1779.0324050632912
Antioquia,3322,1878.355696202532
Nordeste,3322,1654.9450632911394
Caribe,3322,4130.152658227848
Surocciden,3322,3116.174683544304
Oriental,3322,3704.005949367088
Oriental,3323,3834.320886075949
Nordeste,3323,1713.169240506329
Antioquia,3323,1944.4393670886077
Surocciden,3323,3225.807721518988
Caribe,3323,4275.458607594936
Nordeste,3324,1775.6784810126585
Oriental,3324,3974.223924050633
Surocciden,3324,3343.508481012658
Antioquia,3324,2015.3868354430376
Caribe,3324,4431.457974683544
Nordeste,3325,1824.2991139240507
Caribe,3325,4552.799746835443
Oriental,3325,4083.0445569620256
Antioquia,3325,2070.5713924050638
Surocciden,3325,3435.058227848101
Oriental,3326,4060.652405063291
Surocciden,3326,3416.220253164557
Antioquia,3326,2059.21582278481
Caribe,3326,4527.830253164558
Nordeste,3326,1814.2949367088609
Surocciden,3327,3440.7712658227847
Caribe,3327,4560.369746835443
Oriental,3327,4089.834430379746
Antioquia,3327,2074.014050632912
Nordeste,3327,1827.3324050632912
Oriental,3328,4138.61582278481
Antioquia,3328,2098.751012658228
Caribe,3328,4614.762278481012
Surocciden,3328,3481.8101265822784
Nordeste,3328,1849.127848101266
Antioquia,3329,2096.87164556962
Surocciden,3329,3478.690759493671
Oriental,3329,4134.906835443038
Caribe,3329,4610.627974683544
Nordeste,3329,1847.4708860759492
Surocciden,3330,3424.946075949367
Caribe,3330,4539.395696202531
Nordeste,3330,1818.9287341772151
Oriental,3330,4071.024556962025
Antioquia,3330,2064.47582278481
Nordeste,3331,1773.6201265822783
Oriental,3331,3969.6179746835446
Antioquia,3331,2013.0501265822784
Caribe,3331,4426.322278481013
Surocciden,3331,3339.633164556962
Oriental,3332,4175.549873417722
Caribe,3332,4655.94582278481
Antioquia,3332,2117.4818987341773
Surocciden,3332,3512.8829113924053
Nordeste,3332,1865.6301265822783
Surocciden,3333,3594.0753164556963
Caribe,3333,4763.55746835443
Nordeste,3333,1908.7498734177211
Oriental,3333,4272.0573417721525
Antioquia,3333,2166.4227848101264
Caribe,3334,4664.047848101266
Oriental,3334,4182.815696202531
Nordeste,3334,1868.8762025316453
Antioquia,3334,2121.1663291139243
Surocciden,3334,3518.995443037975
Surocciden,3335,3365.304936708861
Caribe,3335,4460.3482278481015
Oriental,3335,4000.1321518987343
Nordeste,3335,1787.2541772151897
Antioquia,3335,2028.5254430379748
Nordeste,3336,1673.8462025316455
Antioquia,3336,1899.807341772152
Oriental,3336,3746.308607594937
Surocciden,3336,3151.7631645569622
Caribe,3336,4177.321265822785
Oriental,3337,3465.787692307692
Surocciden,3337,2915.7607692307693
Nordeste,3337,1548.5084615384617
Antioquia,3337,1757.5507692307692
Caribe,3337,3864.523076923077
Surocciden,3338,2864.4692307692308
Oriental,3338,3404.82
Antioquia,3338,1726.633076923077
Caribe,3338,3796.544615384616
Nordeste,3338,1521.2676923076922
Antioquia,3339,1664.723846153846
Oriental,3339,3282.7392307692307
Nordeste,3339,1466.7223076923076
Caribe,3339,3660.416153846154
Surocciden,3339,2761.762307692308
Oriental,3340,3197.030769230769
Surocciden,3340,2689.6561538461538
Nordeste,3340,1428.4276923076925
Caribe,3340,3564.8484615384614
Antioquia,3340,1621.26
Oriental,3341,3150.504615384615
Nordeste,3341,1407.6415384615384
Caribe,3341,3512.9707692307693
Surocciden,3341,2650.514615384616
Antioquia,3341,1597.6661538461535
Surocciden,3342,2662.084615384615
Oriental,3342,3164.2569230769227
Nordeste,3342,1413.7853846153846
Caribe,3342,3528.305384615385
Antioquia,3342,1604.6415384615384
Antioquia,3343,1620.1084615384616
Oriental,3343,3194.7592307692303
Nordeste,3343,1427.4146153846154
Caribe,3343,3562.3153846153846
Surocciden,3343,2687.745384615385
Caribe,3344,3643.501538461539
Oriental,3344,3267.566923076923
Nordeste,3344,1459.9446153846152
Antioquia,3344,1657.0307692307692
Surocciden,3344,2748.9992307692305
Caribe,3345,3901.410769230769
Surocciden,3345,2943.590769230769
Nordeste,3345,1563.2892307692307
Oriental,3345,3498.866923076923
Antioquia,3345,1774.326153846154
Surocciden,3346,3138.2007692307693
Antioquia,3346,1891.633076923077
Oriental,3346,3730.1861538461535
Nordeste,3346,1666.643076923077
Caribe,3346,4159.346153846154
Surocciden,3347,3266.5984615384614
Oriental,3347,3882.8046153846153
Nordeste,3347,1734.833076923077
Caribe,3347,4329.522307692308
Antioquia,3347,1969.026923076923
Caribe,3348,4475.514615384615
Antioquia,3348,2035.422307692308
Oriental,3348,4013.7353846153846
Surocciden,3348,3376.7476923076924
Nordeste,3348,1793.3315384615385
Surocciden,3349,3450.001538461539
Caribe,3349,4572.6030769230765
Nordeste,3349,1832.2346153846156
Oriental,3349,4100.806153846153
Antioquia,3349,2079.5784615384614
Caribe,3350,4552.990769230769
Oriental,3350,4083.2161538461537
Antioquia,3350,2070.6569230769232
Surocciden,3350,3435.2038461538464
Nordeste,3350,1824.3753846153847
Surocciden,3351,3393.3123076923075
Caribe,3351,4497.468461538462
Oriental,3351,4033.423076923077
Nordeste,3351,1802.1284615384616
Antioquia,3351,2045.4069230769232
Surocciden,3352,3350.7553846153846
Oriental,3352,3982.836153846154
Nordeste,3352,1779.526153846154
Caribe,3352,4441.062307692308
Antioquia,3352,2019.754615384616
Antioquia,3353,2007.0276923076924
Nordeste,3353,1768.313846153846
Oriental,3353,3957.740769230769
Caribe,3353,4413.08076923077
Surocciden,3353,3329.6407692307694
Oriental,3354,3905.468461538461
Antioquia,3354,1980.5207692307688
Nordeste,3354,1744.9576923076925
Caribe,3354,4354.793076923077
Surocciden,3354,3285.662307692308
Nordeste,3355,1731.579230769231
Antioquia,3355,1965.3330769230768
Surocciden,3355,3260.470769230769
Caribe,3355,4321.403076923077
Oriental,3355,3875.523846153846
Surocciden,3356,3467.058461538462
Oriental,3356,4121.083846153846
Caribe,3356,4595.212307692308
Nordeste,3356,1841.293076923077
Antioquia,3356,2089.8615384615387
Caribe,3357,4667.236153846154
Antioquia,3357,2122.6169230769237
Surocciden,3357,3521.4030769230767
Nordeste,3357,1870.1553846153847
Oriental,3357,4185.673846153846
Surocciden,3358,3430.256153846154
Oriental,3358,4077.3361538461536
Nordeste,3358,1821.7476923076924
Antioquia,3358,2067.6761538461537
Caribe,3358,4546.433076923076
Surocciden,3359,3267.045384615384
Antioquia,3359,1969.297692307692
Nordeste,3359,1735.0707692307692
Oriental,3359,3883.337692307692
Caribe,3359,4330.116153846154
Nordeste,3360,1635.3607692307692
Caribe,3360,4081.276923076923
Oriental,3360,3660.173076923077
Antioquia,3360,1856.1261538461536
Surocciden,3360,3079.298461538461
Surocciden,3361,3066.6769620253167
Oriental,3361,3645.172025316456
Nordeste,3361,1628.6577215189875
Caribe,3361,4064.5484810126586
Antioquia,3361,1848.519240506329
Nordeste,3362,1532.7822784810128
Antioquia,3362,1739.7007594936706
Oriental,3362,3430.5889873417723
Surocciden,3362,2886.1484810126585
Caribe,3362,3825.277974683545
Antioquia,3363,1678.9168354430378
Caribe,3363,3691.62417721519
Oriental,3363,3310.725063291139
Nordeste,3363,1479.2274683544304
Surocciden,3363,2785.3079746835447
Caribe,3364,3594.9635443037973
Antioquia,3364,1634.9567088607596
Nordeste,3364,1440.49582278481
Surocciden,3364,2712.377088607595
Oriental,3364,3224.0377215189874
Oriental,3365,3180.019240506329
Caribe,3365,3545.8810126582275
Antioquia,3365,1612.6344303797468
Nordeste,3365,1420.828481012658
Surocciden,3365,2675.3449367088606
Surocciden,3366,2711.909240506329
Oriental,3366,3223.4801265822784
Caribe,3366,3594.341898734177
Antioquia,3366,1634.673670886076
Nordeste,3366,1440.247341772152
Nordeste,3367,1488.1675949367088
Caribe,3367,3713.936202531646
Oriental,3367,3330.7356962025315
Surocciden,3367,2802.1421518987345
Antioquia,3367,1689.0639240506327
Caribe,3368,3773.518607594936
Nordeste,3368,1512.0425316455696
Oriental,3368,3384.170253164557
Surocciden,3368,2847.0962025316458
Antioquia,3368,1716.161518987342
Nordeste,3369,1601.889746835443
Oriental,3369,3585.260886075949
Antioquia,3369,1818.137341772152
Surocciden,3369,3016.2740506329114
Caribe,3369,3997.7449367088607
Surocciden,3370,3187.727341772152
Antioquia,3370,1921.485696202532
Nordeste,3370,1692.945316455696
Oriental,3370,3789.056962025317
Caribe,3370,4224.986835443038
Nordeste,3371,1753.8574683544302
Antioquia,3371,1990.619746835443
Caribe,3371,4376.999746835443
Oriental,3371,3925.384936708861
Surocciden,3371,3302.418987341772
Nordeste,3372,1819.0988607594936
Surocciden,3372,3425.267088607595
Antioquia,3372,2064.668860759494
Caribe,3372,4539.820632911393
Oriental,3372,4071.405949367089
Nordeste,3373,1869.2462025316456
Caribe,3373,4664.970886075949
Antioquia,3373,2121.586202531645
Surocciden,3373,3519.6915189873416
Oriental,3373,4183.644050632912
Caribe,3374,4653.511392405064
Nordeste,3374,1864.6541772151895
Antioquia,3374,2116.37417721519
Oriental,3374,4173.365696202532
Surocciden,3374,3511.045569620253
Caribe,3375,4689.323670886076
Antioquia,3375,2132.661012658228
Nordeste,3375,1879.004683544304
Oriental,3375,4205.482784810127
Surocciden,3375,3538.066329113924
Surocciden,3376,3577.76
Oriental,3376,4252.6653164556965
Nordeste,3376,1900.0850632911392
Antioquia,3376,2156.587848101266
Caribe,3376,4741.934556962025
Surocciden,3377,3568.2036708860765
Oriental,3377,4241.306582278481
Caribe,3377,4729.268227848102
Nordeste,3377,1895.0103797468355
Antioquia,3377,2150.827974683544
Surocciden,3378,3516.798607594937
Oriental,3378,4180.202784810127
Nordeste,3378,1867.7097468354432
Caribe,3378,4661.134936708861
Antioquia,3378,2119.8411392405064
Antioquia,3379,2063.410253164557
Surocciden,3379,3423.179620253165
Caribe,3379,4537.053797468355
Oriental,3379,4068.924303797469
Nordeste,3379,1817.9898734177216
Antioquia,3380,2151.207848101266
Nordeste,3380,1895.345696202532
Caribe,3380,4730.106329113924
Oriental,3380,4242.0573417721525
Surocciden,3380,3568.8365822784813
Nordeste,3381,1956.6901265822785
Caribe,3381,4883.2
Oriental,3381,4379.355696202531
Surocciden,3381,3684.344430379747
Antioquia,3381,2220.834683544304
Caribe,3382,4803.075569620253
Antioquia,3382,2184.394683544304
Oriental,3382,4307.498607594937
Nordeste,3382,1924.5841772151896
Surocciden,3382,3623.891518987342
Nordeste,3383,1846.9750632911391
Antioquia,3383,2096.3088607594937
Caribe,3383,4609.391139240507
Oriental,3383,4133.79835443038
Surocciden,3383,3477.757341772152
Surocciden,3384,3268.273164556962
Oriental,3384,3884.797215189873
Antioquia,3384,1970.036582278481
Nordeste,3384,1735.721898734177
Caribe,3384,4331.742531645569
Oriental,3385,3561.495384615385
Nordeste,3385,1591.2715384615385
Caribe,3385,3971.243846153846
Surocciden,3385,2996.279230769231
Antioquia,3385,1806.0853846153848
Antioquia,3386,1796.0092307692307
Caribe,3386,3949.090769230769
Surocciden,3386,2979.5638461538465
Nordeste,3386,1582.393846153846
Oriental,3386,3541.6253846153845
Nordeste,3387,1525.6246153846153
Antioquia,3387,1731.5753846153846
Surocciden,3387,2872.67
Caribe,3387,3807.410769230769
Oriental,3387,3414.566923076923
Caribe,3388,3702.15
Antioquia,3388,1683.7046153846154
Nordeste,3388,1483.4438461538462
Surocciden,3388,2793.2476923076924
Oriental,3388,3320.1646153846154
Antioquia,3389,1655.695384615385
Caribe,3389,3640.567692307692
Nordeste,3389,1458.7676923076922
Oriental,3389,3264.936923076923
Surocciden,3389,2746.7853846153844
Surocciden,3390,2752.226153846154
Antioquia,3390,1658.9769230769232
Oriental,3390,3271.4061538461538
Caribe,3390,3647.780769230769
Nordeste,3390,1461.6584615384616
Caribe,3391,3673.535384615384
Oriental,3391,3294.5038461538466
Antioquia,3391,1670.6923076923076
Surocciden,3391,2771.6615384615384
Nordeste,3391,1471.9792307692308
Caribe,3392,3753.222307692308
Antioquia,3392,1706.9315384615386
Oriental,3392,3365.967692307692
Surocciden,3392,2831.782307692308
Nordeste,3392,1503.9084615384616
Nordeste,3393,1607.1638461538462
Antioquia,3393,1824.122307692308
Caribe,3393,4010.904615384616
Oriental,3393,3597.0638461538465
Surocciden,3393,3026.2038461538464
Surocciden,3394,3220.6407692307694
Antioquia,3394,1941.3246153846155
Caribe,3394,4268.611538461539
Nordeste,3394,1710.4253846153845
Oriental,3394,3828.178461538461
Antioquia,3395,2017.8007692307688
Nordeste,3395,1777.804615384615
Oriental,3395,3978.983846153846
Caribe,3395,4436.766153846153
Surocciden,3395,3347.5115384615387
Antioquia,3396,2084.396923076923
Nordeste,3396,1836.4792307692308
Caribe,3396,4583.198461538462
Oriental,3396,4110.308461538461
Surocciden,3396,3457.994615384616
Oriental,3397,4197.901538461539
Antioquia,3397,2128.8176923076926
Surocciden,3397,3531.6876923076925
Caribe,3397,4680.87
Nordeste,3397,1875.6176923076923
Antioquia,3398,2114.253846153846
Caribe,3398,4648.849999999999
Surocciden,3398,3507.527692307692
Nordeste,3398,1862.7861538461536
Oriental,3398,4169.183076923076
Caribe,3399,4588.326153846154
Oriental,3399,4114.906153846154
Nordeste,3399,1838.533846153846
Surocciden,3399,3461.863846153846
Antioquia,3399,2086.728461538461
Caribe,3400,4543.925384615384
Surocciden,3400,3428.363846153846
Oriental,3400,4075.086923076923
Antioquia,3400,2066.534615384616
Nordeste,3400,1820.742307692308
Surocciden,3401,3399.8123076923075
Antioquia,3401,2049.325384615385
Caribe,3401,4506.083076923077
Oriental,3401,4041.149230769231
Nordeste,3401,1805.5807692307687
Oriental,3402,3990.725384615384
Caribe,3402,4449.86
Antioquia,3402,2023.756153846154
Surocciden,3402,3357.3907692307694
Nordeste,3402,1783.0507692307692
Caribe,3403,4397.049999999999
Nordeste,3403,1761.8907692307694
Surocciden,3403,3317.545384615384
Antioquia,3403,1999.737692307692
Oriental,3403,3943.3653846153848
Oriental,3404,4147.450769230769
Nordeste,3404,1853.076923076923
Surocciden,3404,3489.243076923077
Caribe,3404,4624.614615384615
Antioquia,3404,2103.2330769230766
Nordeste,3405,1894.017692307692
Caribe,3405,4726.79
Antioquia,3405,2149.7007692307693
Surocciden,3405,3566.333846153846
Oriental,3405,4239.083846153846
Oriental,3406,4130.673076923077
Caribe,3406,4605.907692307693
Antioquia,3406,2094.7246153846154
Surocciden,3406,3475.1284615384616
Nordeste,3406,1845.58
Surocciden,3407,3334.0476923076926
Oriental,3407,3962.98
Caribe,3407,4418.92
Nordeste,3407,1770.6538461538462
Antioquia,3407,2009.683076923077
Nordeste,3408,1679.326153846154
Oriental,3408,3758.578461538461
Antioquia,3408,1906.03
Caribe,3408,4191.001538461538
Surocciden,3408,3162.083846153846
Oriental,3409,3815.674102564103
Caribe,3409,4254.666794871795
Antioquia,3409,1934.9834615384611
Nordeste,3409,1704.8380769230769
Surocciden,3409,3210.120384615385
Antioquia,3410,1815.9296153846155
Caribe,3410,3992.888974358975
Oriental,3410,3580.9060256410253
Surocciden,3410,3012.6103846153846
Nordeste,3410,1599.9441025641026
Oriental,3411,3458.815384615384
Antioquia,3411,1754.0155128205126
Surocciden,3411,2909.895769230769
Caribe,3411,3856.751794871795
Nordeste,3411,1545.394358974359
Antioquia,3412,1709.8942307692307
Nordeste,3412,1506.520641025641
Caribe,3412,3759.737307692308
Surocciden,3412,2836.6985897435898
Oriental,3412,3371.8102564102564
Antioquia,3413,1685.7303846153843
Surocciden,3413,2796.611153846154
Caribe,3413,3706.60641025641
Nordeste,3413,1485.2316666666666
Oriental,3413,3324.1614102564104
Antioquia,3414,1710.3785897435898
Caribe,3414,3760.80217948718
Nordeste,3414,1506.946923076923
Oriental,3414,3372.764743589744
Surocciden,3414,2837.5021794871795
Surocciden,3415,2932.2652564102564
Oriental,3415,3485.405128205128
Nordeste,3415,1557.274487179487
Caribe,3415,3886.401025641026
Antioquia,3415,1767.4991025641025
Caribe,3416,3953.9741025641024
Antioquia,3416,1798.231282051282
Nordeste,3416,1584.3502564102564
Oriental,3416,3546.006282051282
Surocciden,3416,2983.249358974359
Oriental,3417,3753.524230769231
Surocciden,3417,3157.833461538461
Caribe,3417,4185.367435897436
Nordeste,3417,1677.0697435897437
Antioquia,3417,1903.4666666666667
Oriental,3418,3960.49282051282
Surocciden,3418,3331.955769230769
Caribe,3418,4416.148461538462
Nordeste,3418,1769.542692307692
Antioquia,3418,2008.4234615384612
Nordeste,3419,1832.070512820513
Surocciden,3419,3449.693076923077
Antioquia,3419,2079.391153846154
Oriental,3419,4100.43935897436
Caribe,3419,4572.194743589744
Surocciden,3420,3575.293461538461
Oriental,3420,4249.733333333334
Nordeste,3420,1898.7757692307691
Caribe,3420,4738.664487179487
Antioquia,3420,2155.1014102564104
Caribe,3421,4867.576025641026
Antioquia,3421,2213.729230769231
Oriental,3421,4365.343974358974
Nordeste,3421,1950.429871794872
Surocciden,3421,3672.555897435898
Antioquia,3422,2210.59
Surocciden,3422,3667.347820512821
Nordeste,3422,1947.662948717949
Oriental,3422,4359.152435897436
Caribe,3422,4860.672051282051
Caribe,3423,4898.23576923077
Surocciden,3423,3695.689358974359
Antioquia,3423,2227.672692307692
Nordeste,3423,1962.715128205128
Oriental,3423,4392.839487179487
Surocciden,3424,3737.577307692308
Antioquia,3424,2252.92217948718
Oriental,3424,4442.630256410256
Nordeste,3424,1984.9610256410256
Caribe,3424,4953.754102564103
Nordeste,3425,1981.8791025641024
Caribe,3425,4946.0617948717945
Oriental,3425,4435.731538461539
Antioquia,3425,2249.423846153846
Surocciden,3425,3731.773974358974
Caribe,3426,4883.027051282051
Antioquia,3426,2220.756538461538
Surocciden,3426,3684.2135897435896
Oriental,3426,4379.200384615385
Nordeste,3426,1956.6208974358972
Nordeste,3427,1938.1089743589744
Surocciden,3427,3649.357307692308
Oriental,3427,4337.7680769230765
Caribe,3427,4836.828205128205
Antioquia,3427,2199.7450000000003
Antioquia,3428,2314.4801282051285
Surocciden,3428,3839.7020512820513
Oriental,3428,4564.019487179487
Nordeste,3428,2039.197564102564
Caribe,3428,5089.109102564103
Nordeste,3429,2042.8779487179488
Caribe,3429,5098.294743589743
Antioquia,3429,2318.6567948717952
Surocciden,3429,3846.631666666667
Oriental,3429,4572.256666666667
Antioquia,3430,2276.075641025641
Surocciden,3430,3775.989358974359
Oriental,3430,4488.28858974359
Nordeste,3430,2005.3610256410257
Caribe,3430,5004.665641025641
Oriental,3431,4310.180128205128
Caribe,3431,4806.065512820513
Nordeste,3431,1925.7823076923075
Antioquia,3431,2185.754358974359
Surocciden,3431,3626.14641025641
Nordeste,3432,1813.213846153846
Oriental,3432,4058.234743589744
Caribe,3432,4525.134487179487
Surocciden,3432,3414.185897435897
Antioquia,3432,2057.989743589744
Antioquia,3433,1863.9446153846152
Surocciden,3433,3092.2676923076924
Oriental,3433,3675.589230769231
Nordeste,3433,1642.2476923076924
Caribe,3433,4098.465384615385
Antioquia,3434,1877.22
Caribe,3434,4127.661538461538
Surocciden,3434,3114.294615384616
Nordeste,3434,1653.945384615385
Oriental,3434,3701.770769230769
Antioquia,3435,1809.643846153846
Caribe,3435,3979.066923076923
Surocciden,3435,3002.1815384615384
Oriental,3435,3568.5107692307693
Nordeste,3435,1594.4046153846152
Surocciden,3436,2921.7315384615385
Caribe,3436,3872.44
Antioquia,3436,1761.1492307692306
Nordeste,3436,1551.680769230769
Oriental,3436,3472.8846153846152
Nordeste,3437,1526.336923076923
Oriental,3437,3416.163076923077
Surocciden,3437,2874.013076923077
Caribe,3437,3809.192307692308
Antioquia,3437,1732.3853846153847
Caribe,3438,3807.530769230769
Surocciden,3438,2872.757692307692
Antioquia,3438,1731.63
Nordeste,3438,1525.6715384615384
Oriental,3438,3414.673076923077
Oriental,3439,3433.023076923077
Antioquia,3439,1740.9353846153847
Surocciden,3439,2888.1953846153847
Nordeste,3439,1533.8692307692306
Caribe,3439,3827.990769230769
Antioquia,3440,1772.352307692308
Surocciden,3440,2940.317692307692
Caribe,3440,3897.0746153846153
Nordeste,3440,1561.5523076923075
Oriental,3440,3494.978461538461
Oriental,3441,3717.9915384615374
Caribe,3441,4145.744615384616
Surocciden,3441,3127.94
Antioquia,3441,1885.4469230769232
Nordeste,3441,1661.1930769230771
Surocciden,3442,3325.023076923077
Caribe,3442,4406.956153846154
Nordeste,3442,1765.8592307692306
Oriental,3442,3952.2507692307695
Antioquia,3442,2004.242307692308
Oriental,3443,4116.662307692308
Surocciden,3443,3463.3384615384616
Antioquia,3443,2087.618461538462
Caribe,3443,4590.28
Nordeste,3443,1839.32
Antioquia,3444,2157.5176923076924
Nordeste,3444,1900.9038461538464
Caribe,3444,4743.98
Oriental,3444,4254.500769230769
Surocciden,3444,3579.303846153846
Oriental,3445,4330.13
Surocciden,3445,3642.930769230769
Nordeste,3445,1934.6976923076925
Caribe,3445,4828.310769230769
Antioquia,3445,2195.8715384615384
Caribe,3446,4804.815384615385
Oriental,3446,4309.060769230769
Nordeste,3446,1925.2846153846156
Antioquia,3446,2185.186153846153
Surocciden,3446,3625.203076923077
Antioquia,3447,2161.496923076923
Surocciden,3447,3585.904615384616
Nordeste,3447,1904.41
Caribe,3447,4752.726153846154
Oriental,3447,4262.343846153846
Nordeste,3448,1884.2253846153849
Caribe,3448,4702.3530769230765
Oriental,3448,4217.169230769231
Surocciden,3448,3547.8969230769235
Antioquia,3448,2138.586923076923
Oriental,3449,4175.275384615385
Surocciden,3449,3512.6515384615386
Nordeste,3449,1865.5069230769232
Antioquia,3449,2117.342307692308
Caribe,3449,4655.640769230769
Caribe,3450,4605.111538461539
Oriental,3450,4129.96
Antioquia,3450,2094.362307692308
Surocciden,3450,3474.527692307692
Nordeste,3450,1845.2607692307693
Surocciden,3451,3498.055384615385
Nordeste,3451,1857.754615384616
Caribe,3451,4636.294615384615
Oriental,3451,4157.924615384615
Antioquia,3451,2108.544615384616
Nordeste,3452,1973.4807692307693
Antioquia,3452,2239.8907692307694
Oriental,3452,4416.933846153846
Caribe,3452,4925.102307692308
Surocciden,3452,3715.9584615384615
Caribe,3453,4884.800769230769
Surocciden,3453,3685.551538461538
Oriental,3453,4380.790769230769
Nordeste,3453,1957.332307692308
Antioquia,3453,2221.562307692308
Antioquia,3454,2153.330769230769
Oriental,3454,4246.242307692308
Caribe,3454,4734.772307692308
Nordeste,3454,1897.2146153846156
Surocciden,3454,3572.3561538461536
Oriental,3455,4074.974615384616
Surocciden,3455,3428.270769230769
Caribe,3455,4543.801538461538
Nordeste,3455,1820.6938461538464
Antioquia,3455,2066.478461538461
Surocciden,3456,3258.3092307692305
Oriental,3456,3872.953076923077
Nordeste,3456,1730.4292307692308
Caribe,3456,4318.536153846154
Antioquia,3456,1964.03
Antioquia,4225,2074.737012987013
Nordeste,4225,1827.9688311688312
Caribe,4225,4561.958051948052
Oriental,4225,4091.258571428571
Surocciden,4225,3441.9685714285715
Nordeste,4226,1725.5215584415585
Oriental,4226,3861.9671428571423
Surocciden,4226,3249.066883116883
Caribe,4226,4306.2867532467535
Antioquia,4226,1958.4593506493509
Nordeste,4227,1666.6024675324677
Antioquia,4227,1891.5864935064933
Caribe,4227,4159.243376623376
Surocciden,4227,3138.124415584416
Oriental,4227,3730.0964935064935
Nordeste,4228,1624.8176623376623
Antioquia,4228,1844.15987012987
Surocciden,4228,3059.4451948051947
Oriental,4228,3636.576623376624
Caribe,4228,4054.9645454545457
Surocciden,4229,3021.6240259740257
Caribe,4229,4004.835844155844
Antioquia,4229,1821.362987012987
Oriental,4229,3591.62012987013
Nordeste,4229,1604.7312987012988
Oriental,4230,3647.114415584416
Surocciden,4230,3068.3109090909093
Caribe,4230,4066.713896103896
Antioquia,4230,1849.503896103896
Nordeste,4230,1629.5257142857142
Nordeste,4231,1696.8280519480518
Caribe,4231,4234.677142857143
Oriental,4231,3797.746233766234
Antioquia,4231,1925.892207792208
Surocciden,4231,3195.0379220779223
Surocciden,4232,3269.4215584415583
Oriental,4232,3886.162597402598
Antioquia,4232,1970.7289610389607
Caribe,4232,4333.265454545454
Nordeste,4232,1736.3323376623375
Caribe,4233,4594.30025974026
Antioquia,4233,2089.4453246753246
Surocciden,4233,3466.371558441558
Oriental,4233,4120.264155844156
Nordeste,4233,1840.929090909091
Caribe,4234,4879.054155844156
Antioquia,4234,2218.9497402597403
Nordeste,4234,1955.0293506493508
Surocciden,4234,3681.215974025974
Oriental,4234,4375.637532467532
Caribe,4235,5056.315974025974
Nordeste,4235,2026.057922077922
Oriental,4235,4534.61
Antioquia,4235,2299.5664935064933
Surocciden,4235,3814.959740259741
Surocciden,4236,3947.391558441559
Caribe,4236,5231.841428571428
Oriental,4236,4692.024025974026
Antioquia,4236,2379.3929870129878
Nordeste,4236,2096.38987012987
Oriental,4237,4817.188051948052
Antioquia,4237,2442.865714285714
Caribe,4237,5371.405324675325
Nordeste,4237,2152.312987012987
Surocciden,4237,4052.692987012987
Surocciden,4238,4035.024025974026
Oriental,4238,4796.186363636363
Antioquia,4238,2432.2155844155845
Nordeste,4238,2142.9293506493505
Caribe,4238,5347.987402597403
Oriental,4239,4806.868571428571
Antioquia,4239,2437.632207792208
Nordeste,4239,2147.701948051948
Surocciden,4239,4044.0106493506496
Caribe,4239,5359.898051948052
Nordeste,4240,2169.0694805194807
Caribe,4240,5413.223376623377
Oriental,4240,4854.691558441558
Surocciden,4240,4084.244415584416
Antioquia,4240,2461.883766233766
Oriental,4241,4843.912727272727
Antioquia,4241,2456.4172727272726
Caribe,4241,5401.204025974026
Nordeste,4241,2164.253376623377
Surocciden,4241,4075.1753246753246
Antioquia,4242,2415.095844155844
Caribe,4242,5310.344935064935
Nordeste,4242,2127.846363636364
Surocciden,4242,4006.622207792208
Oriental,4242,4762.427792207793
Caribe,4243,5206.727272727273
Oriental,4243,4669.502467532468
Surocciden,4243,3928.444155844156
Nordeste,4243,2086.3274025974024
Antioquia,4243,2367.9725974025973
Antioquia,4244,2491.245064935065
Oriental,4244,4912.590779220779
Surocciden,4244,4132.954025974026
Nordeste,4244,2194.9388311688317
Caribe,4244,5477.782597402597
Caribe,4245,5538.702597402597
Oriental,4245,4967.224025974026
Nordeste,4245,2219.348831168831
Antioquia,4245,2518.950909090909
Surocciden,4245,4178.9174025974025
Oriental,4246,4842.277272727272
Caribe,4246,5399.381818181819
Antioquia,4246,2455.588701298701
Surocciden,4246,4073.80025974026
Nordeste,4246,2163.523116883117
Antioquia,4247,2348.7833766233766
Oriental,4247,4631.663376623377
Nordeste,4247,2069.421168831169
Surocciden,4247,3896.6103896103896
Caribe,4247,5164.535974025975
Caribe,4248,4852.918701298701
Surocciden,4248,3661.4979220779214
Antioquia,4248,2207.0637662337663
Nordeste,4248,1944.5570129870127
Oriental,4248,4352.19948051948
Caribe,4249,4286.991538461539
Surocciden,4249,3234.51
Antioquia,4249,1949.6838461538464
Nordeste,4249,1717.7907692307692
Oriental,4249,3844.664615384616
Oriental,4250,3756.6392307692304
Surocciden,4250,3160.454615384616
Antioquia,4250,1905.0461538461536
Caribe,4250,4188.840769230769
Nordeste,4250,1678.460769230769
Oriental,4251,3631.767692307693
Surocciden,4251,3055.400769230769
Caribe,4251,4049.600769230769
Nordeste,4251,1622.6676923076925
Antioquia,4251,1841.722307692308
Caribe,4252,3935.136153846154
Surocciden,4252,2969.0353846153844
Antioquia,4252,1789.663076923077
Oriental,4252,3529.111538461538
Nordeste,4252,1576.8030769230768
Surocciden,4253,2903.7007692307693
Nordeste,4253,1542.102307692308
Oriental,4253,3451.4523076923074
Caribe,4253,3848.5415384615385
Antioquia,4253,1750.2807692307692
Caribe,4254,3801.86
Antioquia,4254,1729.0515384615385
Surocciden,4254,2868.478461538461
Oriental,4254,3409.586923076923
Nordeste,4254,1523.3984615384616
Antioquia,4255,1712.1930769230771
Nordeste,4255,1508.543846153846
Surocciden,4255,2840.5115384615387
Oriental,4255,3376.3423076923077
Caribe,4255,3764.788461538461
Caribe,4256,3648.783076923077
Nordeste,4256,1462.0623076923075
Oriental,4256,3272.3046153846158
Antioquia,4256,1659.4323076923076
Surocciden,4256,2752.983846153846
Antioquia,4257,1713.6746153846154
Caribe,4257,3768.051538461538
Surocciden,4257,2842.972307692308
Oriental,4257,3379.2669230769234
Nordeste,4257,1509.8507692307694
Caribe,4258,3984.388461538461
Surocciden,4258,3006.196153846154
Oriental,4258,3573.282307692308
Antioquia,4258,1812.063076923077
Nordeste,4258,1596.5376923076922
Oriental,4259,3752.165384615385
Nordeste,4259,1676.4623076923076
Caribe,4259,4183.84923076923
Surocciden,4259,3156.69
Antioquia,4259,1902.7753846153848
Nordeste,4260,1740.8746153846153
Surocciden,4260,3277.9776923076925
Caribe,4260,4344.6030769230765
Oriental,4260,3896.3307692307694
Antioquia,4260,1975.8861538461535
Surocciden,4261,3380.131538461538
Oriental,4261,4017.756153846154
Antioquia,4261,2037.463846153846
Nordeste,4261,1795.1276923076923
Caribe,4261,4479.999230769231
Caribe,4262,4538.617692307692
Surocciden,4262,3424.3607692307696
Oriental,4262,4070.329230769231
Nordeste,4262,1818.6176923076923
Antioquia,4262,2064.122307692308
Antioquia,4263,2060.214615384616
Surocciden,4263,3417.8792307692306
Oriental,4263,4062.624615384616
Nordeste,4263,1815.1753846153845
Caribe,4263,4530.03
Surocciden,4264,3383.5615384615385
Oriental,4264,4021.8315384615385
Nordeste,4264,1796.9507692307693
Antioquia,4264,2039.5284615384612
Caribe,4264,4484.543846153846
Oriental,4265,3986.6969230769223
Antioquia,4265,2021.7115384615383
Caribe,4265,4445.364615384615
Nordeste,4265,1781.250769230769
Surocciden,4265,3354.0
Surocciden,4266,3327.463846153846
Oriental,4266,3955.1530769230767
Caribe,4266,4410.194615384616
Antioquia,4266,2005.716153846154
Nordeste,4266,1767.1569230769232
Antioquia,4267,2016.5546153846155
Nordeste,4267,1776.7076923076925
Caribe,4267,4434.023846153846
Surocciden,4267,3345.4453846153847
Oriental,4267,3976.526923076923
Antioquia,4268,2189.143076923077
Surocciden,4268,3631.7684615384615
Nordeste,4268,1928.7692307692307
Caribe,4268,4813.517692307692
Oriental,4268,4316.862307692308
Nordeste,4269,1980.6176923076923
Oriental,4269,4432.906153846154
Caribe,4269,4942.910769230769
Antioquia,4269,2247.9907692307693
Surocciden,4269,3729.397692307692
Antioquia,4270,2220.0223076923075
Oriental,4270,4377.753846153846
Surocciden,4270,3682.995384615385
Caribe,4270,4881.413846153846
Nordeste,4270,1955.9746153846152
Nordeste,4271,1897.2392307692307
Surocciden,4271,3572.404615384616
Caribe,4271,4734.836153846153
Oriental,4271,4246.301538461538
Antioquia,4271,2153.36
Oriental,4272,4056.643076923077
Caribe,4272,4523.36076923077
Nordeste,4272,1812.503076923077
Surocciden,4272,3412.8469230769238
Antioquia,4272,2057.1815384615384
Antioquia,4273,2080.1740506329115
Caribe,4273,4573.914810126583
Oriental,4273,4101.982025316456
Nordeste,4273,1832.759746835443
Surocciden,4273,3450.9903797468355
Caribe,4274,4305.603164556962
Antioquia,4274,1958.1497468354428
Oriental,4274,3861.3550632911392
Nordeste,4274,1725.2488607594937
Surocciden,4274,3248.5515189873418
Oriental,4275,3732.149367088608
Surocciden,4275,3139.8508860759493
Caribe,4275,4161.53253164557
Antioquia,4275,1892.627341772152
Nordeste,4275,1667.519240506329
Oriental,4276,3640.097341772152
Caribe,4276,4058.890886075949
Nordeste,4276,1626.3910126582275
Surocciden,4276,3062.4079746835446
Antioquia,4276,1845.9456962025315
Oriental,4277,3598.465569620253
Surocciden,4277,3027.3820253164554
Antioquia,4277,1824.8332911392404
Caribe,4277,4012.4681012658234
Nordeste,4277,1607.7891139240503
Surocciden,4278,3091.1388607594936
Nordeste,4278,1641.6494936708862
Caribe,4278,4096.969873417722
Antioquia,4278,1863.264430379747
Oriental,4278,3674.247848101266
Surocciden,4279,3244.1130379746837
Antioquia,4279,1955.4743037974683
Nordeste,4279,1722.891012658228
Caribe,4279,4299.720886075949
Oriental,4279,3856.079367088608
Oriental,4280,3933.677341772152
Antioquia,4280,1994.8241772151896
Surocciden,4280,3309.3955696202534
Nordeste,4280,1757.5618987341777
Caribe,4280,4386.246202531645
Surocciden,4281,3504.873037974683
Nordeste,4281,1861.3759493670889
Oriental,4281,4166.029493670886
Caribe,4281,4645.3298734177215
Antioquia,4281,2112.653164556962
Nordeste,4282,1968.915443037975
Caribe,4282,4913.710632911392
Surocciden,4282,3707.364936708861
Antioquia,4282,2234.710253164557
Oriental,4282,4406.717848101266
Nordeste,4283,2036.8362025316453
Caribe,4283,5083.215063291139
Antioquia,4283,2311.8006329113923
Oriental,4283,4558.733670886077
Surocciden,4283,3835.254936708861
Antioquia,4284,2395.011012658228
Surocciden,4284,3973.3008860759496
Oriental,4284,4722.820632911393
Caribe,4284,5266.180506329114
Nordeste,4284,2110.150253164557
Antioquia,4285,2457.789746835443
Oriental,4285,4846.61746835443
Nordeste,4285,2165.462025316456
Caribe,4285,5404.219873417722
Surocciden,4285,4077.450379746836
Antioquia,4286,2438.702151898734
Caribe,4286,5362.250379746836
Oriental,4286,4808.977341772153
Surocciden,4286,4045.784556962025
Nordeste,4286,2148.644430379747
Antioquia,4287,2451.258481012658
Caribe,4287,5389.858987341772
Oriental,4287,4833.73746835443
Nordeste,4287,2159.7072151898733
Surocciden,4287,4066.615443037975
Caribe,4288,5452.105443037975
Nordeste,4288,2184.650253164557
Antioquia,4288,2479.5675949367087
Oriental,4288,4889.561772151898
Surocciden,4288,4113.58
Caribe,4289,5449.667594936709
Oriental,4289,4887.375949367089
Antioquia,4289,2478.458987341772
Surocciden,4289,4111.740759493671
Nordeste,4289,2183.673164556962
Oriental,4290,4808.944936708861
Nordeste,4290,2148.6298734177217
Surocciden,4290,4045.75670886076
Caribe,4290,5362.213037974684
Antioquia,4290,2438.6859493670886
Oriental,4291,4684.40835443038
Antioquia,4291,2375.531898734177
Caribe,4291,5223.348987341772
Surocciden,4291,3940.984810126582
Nordeste,4291,2092.987848101266
Oriental,4292,4915.791139240507
Nordeste,4292,2196.3688607594936
Caribe,4292,5481.351265822785
Antioquia,4292,2492.86835443038
Surocciden,4292,4135.646835443038
Caribe,4293,5592.814430379747
Surocciden,4293,4219.74417721519
Antioquia,4293,2543.5601265822784
Nordeste,4293,2241.0315189873418
Oriental,4293,5015.752531645569
Caribe,4294,5464.620253164557
Antioquia,4294,2485.259240506329
Surocciden,4294,4123.02329113924
Oriental,4294,4900.785696202532
Nordeste,4294,2189.665316455696
Nordeste,4295,2089.0143037974685
Caribe,4295,5213.43329113924
Oriental,4295,4675.516075949367
Antioquia,4295,2371.0212658227847
Surocciden,4295,3933.5034177215193
Oriental,4296,4372.33417721519
Nordeste,4296,1953.5532911392404
Surocciden,4296,3678.436962025317
Caribe,4296,4875.371012658228
Antioquia,4296,2217.2740506329114
Surocciden,4297,3231.9707692307693
Caribe,4297,4283.63
Nordeste,4297,1716.4438461538462
Oriental,4297,3841.646923076924
Antioquia,4297,1948.1553846153847
Surocciden,4298,3213.4107692307693
Antioquia,4298,1936.9676923076925
Oriental,4298,3819.586923076923
Caribe,4298,4259.029230769231
Nordeste,4298,1706.5861538461538
Antioquia,4299,1861.09
Nordeste,4299,1639.7353846153846
Surocciden,4299,3087.5338461538463
Oriental,4299,3669.9615384615386
Caribe,4299,4092.190769230769
Antioquia,4300,1802.862307692308
Surocciden,4300,2990.932307692308
Caribe,4300,3964.1553846153847
Oriental,4300,3555.136923076923
Nordeste,4300,1588.4292307692308
Caribe,4301,3873.294615384616
Surocciden,4301,2922.3784615384616
Oriental,4301,3473.652307692307
Nordeste,4301,1552.0230769230768
Antioquia,4301,1761.5392307692307
Antioquia,4302,1741.566923076923
Surocciden,4302,2889.243846153846
Oriental,4302,3434.269230769231
Nordeste,4302,1534.426153846154
Caribe,4302,3829.379230769231
Surocciden,4303,2846.2538461538466
Oriental,4303,3383.1676923076925
Caribe,4303,3772.402307692307
Nordeste,4303,1511.5961538461538
Antioquia,4303,1715.6546153846152
Antioquia,4304,1679.036153846154
Oriental,4304,3310.959230769231
Nordeste,4304,1479.3323076923075
Caribe,4304,3691.883846153846
Surocciden,4304,2785.504615384615
Caribe,4305,3851.131538461538
Oriental,4305,3453.773076923077
Antioquia,4305,1751.456153846154
Surocciden,4305,2905.6553846153843
Nordeste,4305,1543.1423076923077
Caribe,4306,4057.756153846154
Antioquia,4306,1845.4292307692308
Oriental,4306,3639.08
Surocciden,4306,3061.5515384615383
Nordeste,4306,1625.9361538461535
Surocciden,4307,3205.564615384615
Caribe,4307,4248.63
Nordeste,4307,1702.4176923076925
Oriental,4307,3810.26
Antioquia,4307,1932.237692307692
Antioquia,4308,2003.3507692307692
Surocciden,4308,3323.5415384615385
Oriental,4308,3950.490769230769
Caribe,4308,4404.994615384616
Nordeste,4308,1765.0746153846155
Antioquia,4309,2061.8038461538463
Surocciden,4309,3420.5115384615387
Nordeste,4309,1816.573076923077
Oriental,4309,4065.7553846153846
Caribe,4309,4533.519230769231
Antioquia,4310,2087.458461538461
Nordeste,4310,1839.1776923076925
Surocciden,4310,3463.0746153846158
Caribe,4310,4589.928461538461
Oriental,4310,4116.344615384615
Caribe,4311,4587.0215384615385
Antioquia,4311,2086.1353846153843
Oriental,4311,4113.737692307692
Nordeste,4311,1838.0107692307693
Surocciden,4311,3460.88
Antioquia,4312,2058.632307692308
Oriental,4312,4059.506153846154
Nordeste,4312,1813.7823076923075
Caribe,4312,4526.553076923077
Surocciden,4312,3415.256153846154
Antioquia,4313,2037.37
Oriental,4313,4017.575384615384
Nordeste,4313,1795.0476923076922
Caribe,4313,4479.795384615384
Surocciden,4313,3379.978461538461
Nordeste,4314,1779.8476923076923
Oriental,4314,3983.557692307693
Surocciden,4314,3351.3607692307696
Caribe,4314,4441.866153846154
Antioquia,4314,2020.1192307692304
Oriental,4315,3991.247692307693
Antioquia,4315,2024.0184615384617
Caribe,4315,4450.441538461539
Surocciden,4315,3357.828461538462
Nordeste,4315,1783.2853846153846
Antioquia,4316,2191.0261538461536
Nordeste,4316,1930.4276923076925
Oriental,4316,4320.577692307693
Surocciden,4316,3634.8938461538464
Caribe,4316,4817.657692307693
Caribe,4317,4981.908461538462
Surocciden,4317,3758.8184615384616
Oriental,4317,4467.877692307693
Nordeste,4317,1996.2415384615383
Antioquia,4317,2265.7253846153844
Antioquia,4318,2237.5076923076927
Caribe,4318,4919.861538461539
Oriental,4318,4412.233076923077
Surocciden,4318,3712.004615384615
Nordeste,4318,1971.38
Nordeste,4319,1907.526923076923
Caribe,4319,4760.503076923077
Surocciden,4319,3591.7715384615385
Oriental,4319,4269.318461538462
Antioquia,4319,2165.032307692308
Oriental,4320,4064.8715384615375
Surocciden,4320,3419.77
Antioquia,4320,2061.3553846153845
Caribe,4320,4532.536153846154
Nordeste,4320,1816.180769230769
Antioquia,4321,2156.3015189873418
Surocciden,4321,3577.28417721519
Caribe,4321,4741.302911392405
Oriental,4321,4252.098481012658
Nordeste,4321,1899.832151898734
Nordeste,4322,1790.306075949367
Antioquia,4322,2031.988987341772
Oriental,4322,4006.963417721519
Caribe,4322,4467.96417721519
Surocciden,4322,3371.052405063291
Nordeste,4323,1727.9267088607594
Surocciden,4323,3253.594810126582
Antioquia,4323,1961.18835443038
Caribe,4323,4312.288481012658
Oriental,4323,3867.3493670886073
Oriental,4324,3767.8015189873418
Antioquia,4324,1910.7064556962025
Caribe,4324,4201.287088607595
Nordeste,4324,1683.4489873417722
Surocciden,4324,3169.845696202532
Surocciden,4325,3130.068101265823
Caribe,4325,4148.566582278481
Oriental,4325,3720.521139240506
Antioquia,4325,1886.7298734177216
Nordeste,4325,1662.3234177215188
Caribe,4326,4214.902658227848
Surocciden,4326,3180.1186075949367
Antioquia,4326,1916.8986075949365
Nordeste,4326,1688.9041772151895
Oriental,4326,3780.0125316455697
Nordeste,4327,1750.6420253164556
Antioquia,4327,1986.9697468354432
Surocciden,4327,3296.3662025316453
Caribe,4327,4368.976202531646
Oriental,4327,3918.1891139240506
Surocciden,4328,3371.3154430379745
Nordeste,4328,1790.4468354430378
Oriental,4328,4007.2769620253166
Antioquia,4328,2032.14835443038
Caribe,4328,4468.314556962025
Antioquia,4329,2160.654683544304
Surocciden,4329,3584.506962025316
Nordeste,4329,1903.6674683544304
Oriental,4329,4260.684810126582
Caribe,4329,4750.876075949367
Oriental,4330,4510.974050632912
Nordeste,4330,2015.4972151898733
Surocciden,4330,3795.075316455696
Antioquia,4330,2287.58
Caribe,4330,5029.961772151899
Antioquia,4331,2369.224683544304
Caribe,4331,5209.481265822785
Surocciden,4331,3930.5227848101263
Nordeste,4331,2087.431265822785
Oriental,4331,4671.972151898734
Nordeste,4332,2164.788227848101
Oriental,4332,4845.110379746835
Surocciden,4332,4076.183164556962
Antioquia,4332,2457.025316455696
Caribe,4332,5402.538987341773
Antioquia,4333,2522.4811392405063
Caribe,4333,5546.463544303798
Nordeste,4333,2222.45835443038
Oriental,4333,4974.184683544304
Surocciden,4333,4184.772658227847
Oriental,4334,4946.391898734178
Nordeste,4334,2210.0411392405063
Surocciden,4334,4161.39164556962
Antioquia,4334,2508.386582278481
Caribe,4334,5515.474556962025
Antioquia,4335,2521.682911392405
Nordeste,4335,2221.755569620253
Surocciden,4335,4183.448734177216
Caribe,4335,5544.709113924051
Oriental,4335,4972.610506329113
Caribe,4336,5606.596455696203
Oriental,4336,5028.113417721519
Surocciden,4336,4230.142911392405
Nordeste,4336,2246.553924050633
Antioquia,4336,2549.828607594937
Antioquia,4337,2543.6454430379745
Caribe,4337,5593.001265822784
Nordeste,4337,2241.106329113924
Oriental,4337,5015.92
Surocciden,4337,4219.884810126582
Oriental,4338,4941.07493670886
Nordeste,4338,2207.665569620253
Surocciden,4338,4156.918481012658
Caribe,4338,5509.545316455697
Antioquia,4338,2505.690253164557
Oriental,4339,4802.307215189873
Surocciden,4339,4040.173037974683
Caribe,4339,5354.811772151898
Nordeste,4339,2145.664556962025
Antioquia,4339,2435.319240506329
Nordeste,4340,2230.897848101266
Antioquia,4340,2532.0588607594937
Surocciden,4340,4200.663164556962
Caribe,4340,5567.524936708861
Oriental,4340,4993.072151898735
Antioquia,4341,2605.3603797468354
Surocciden,4341,4322.269240506329
Oriental,4341,5137.617974683544
Caribe,4341,5728.700253164557
Nordeste,4341,2295.4805063291137
Surocciden,4342,4240.878227848101
Oriental,4342,5040.8729113924055
Caribe,4342,5620.82493670886
Antioquia,4342,2556.2991139240507
Nordeste,4342,2252.25582278481
Nordeste,4343,2156.730886075949
Oriental,4343,4827.076075949367
Surocciden,4343,4061.011012658228
Caribe,4343,5382.431139240506
Antioquia,4343,2447.8797468354437
Nordeste,4344,2024.7998734177213
Caribe,4344,5053.176582278481
Antioquia,4344,2298.138227848101
Oriental,4344,4531.79417721519
Surocciden,4344,3812.590759493671
Nordeste,4345,1773.1861538461535
Caribe,4345,4425.240769230769
Surocciden,4345,3338.816923076923
Antioquia,4345,2012.5584615384612
Oriental,4345,3968.646923076924
Nordeste,4346,1753.0530769230768
Surocciden,4346,3300.9053846153843
Antioquia,4346,1989.706153846154
Caribe,4346,4374.993846153846
Oriental,4346,3923.585384615385
Nordeste,4347,1689.0315384615385
Antioquia,4347,1917.043076923077
Oriental,4347,3780.2961538461536
Caribe,4347,4215.21923076923
Surocciden,4347,3180.356923076923
Oriental,4348,3665.103076923077
Nordeste,4348,1637.563076923077
Antioquia,4348,1858.6261538461536
Caribe,4348,4086.7715384615385
Surocciden,4348,3083.444615384615
Caribe,4349,3989.9861538461537
Oriental,4349,3578.303076923077
Nordeste,4349,1598.783076923077
Surocciden,4349,3010.420769230769
Antioquia,4349,1814.6076923076923
Surocciden,4350,2970.159230769231
Oriental,4350,3530.4484615384617
Caribe,4350,3936.626153846154
Antioquia,4350,1790.3415384615384
Nordeste,4350,1577.4007692307691
Surocciden,4351,2921.935384615385
Oriental,4351,3473.127692307692
Nordeste,4351,1551.79
Caribe,4351,3872.710769230769
Antioquia,4351,1761.2730769230768
Caribe,4352,3781.169230769231
Oriental,4352,3391.030769230769
Nordeste,4352,1515.1084615384616
Surocciden,4352,2852.87
Antioquia,4352,1719.6407692307691
Nordeste,4353,1579.723076923077
Oriental,4353,3535.649230769231
Caribe,4353,3942.424615384615
Antioquia,4353,1792.9776923076922
Surocciden,4353,2974.5353846153844
Antioquia,4354,1885.5961538461536
Surocciden,4354,3128.186153846153
Caribe,4354,4146.072307692308
Nordeste,4354,1661.3246153846155
Oriental,4354,3718.283076923077
Surocciden,4355,3260.153846153846
Antioquia,4355,1965.142307692308
Nordeste,4355,1731.4084615384616
Caribe,4355,4320.982307692308
Oriental,4355,3875.146923076924
Nordeste,4356,1788.9507692307693
Antioquia,4356,2030.4507692307693
Caribe,4356,4464.583076923077
Oriental,4356,4003.93
Surocciden,4356,3368.500769230769
Nordeste,4357,1837.143846153846
Antioquia,4357,2085.150769230769
Oriental,4357,4111.795384615384
Surocciden,4357,3459.246153846153
Caribe,4357,4584.8553846153845
Antioquia,4358,2117.2007692307693
Surocciden,4358,3512.4146153846154
Nordeste,4358,1865.3815384615384
Oriental,4358,4174.994615384616
Caribe,4358,4655.326153846154
Antioquia,4359,2119.2330769230766
Caribe,4359,4659.798461538462
Oriental,4359,4179.003846153846
Surocciden,4359,3515.79
Nordeste,4359,1867.173846153846
Caribe,4360,4602.867692307692
Surocciden,4360,3472.834615384615
Oriental,4360,4127.946153846154
Antioquia,4360,2093.341538461538
Nordeste,4360,1844.3615384615384
Oriental,4361,4082.679230769231
Antioquia,4361,2070.386923076923
Caribe,4361,4552.390769230769
Surocciden,4361,3434.751538461538
Nordeste,4361,1824.1346153846157
Nordeste,4362,1808.9030769230767
Surocciden,4362,3406.0684615384616
Caribe,4362,4514.377692307693
Antioquia,4362,2053.0976923076923
Oriental,4362,4048.587692307692
Surocciden,4363,3409.808461538462
Oriental,4363,4053.03
Caribe,4363,4519.33076923077
Antioquia,4363,2055.3507692307694
Nordeste,4363,1810.8892307692308
Oriental,4364,4350.046923076923
Caribe,4364,4850.520769230769
Nordeste,4364,1943.5961538461536
Antioquia,4364,2205.972307692308
Surocciden,4364,3659.6884615384615
Surocciden,4365,3823.8007692307688
Nordeste,4365,2030.753076923077
Caribe,4365,5068.035384615385
Oriental,4365,4545.119230769231
Antioquia,4365,2304.896153846154
Surocciden,4366,3786.797692307692
Caribe,4366,5018.99
Oriental,4366,4501.134615384615
Nordeste,4366,2011.103076923077
Antioquia,4366,2282.591538461538
Surocciden,4367,3686.7961538461536
Caribe,4367,4886.450769230769
Nordeste,4367,1957.9930769230768
Antioquia,4367,2222.3138461538465
Oriental,4367,4382.2715384615385
Surocciden,4368,3521.294615384616
Antioquia,4368,2122.553076923077
Nordeste,4368,1870.0969230769228
Caribe,4368,4667.095384615384
Oriental,4368,4185.548461538461
Surocciden,4369,3739.6080769230766
Antioquia,4369,2254.146153846154
Oriental,4369,4445.043205128205
Caribe,4369,4956.445512820513
Nordeste,4369,1986.04
Surocciden,4370,3526.9908974358973
Antioquia,4370,2125.9855128205127
Caribe,4370,4674.644358974359
Oriental,4370,4192.318076923077
Nordeste,4370,1873.1228205128205
Nordeste,4371,1809.0994871794876
Caribe,4371,4514.865512820513
Surocciden,4371,3406.438846153846
Oriental,4371,4049.0255128205126
Antioquia,4371,2053.319487179487
Antioquia,4372,2003.001794871795
Surocciden,4372,3322.962948717949
Nordeste,4372,1764.7664102564102
Caribe,4372,4404.227564102564
Oriental,4372,3949.8038461538463
Antioquia,4373,1978.3584615384611
Surocciden,4373,3282.0787179487183
Caribe,4373,4350.040384615385
Nordeste,4373,1743.0543589743588
Oriental,4373,3901.207179487179
Caribe,4374,4420.917692307693
Nordeste,4374,1771.4546153846152
Antioquia,4374,2010.592435897436
Oriental,4374,3964.771153846154
Surocciden,4374,3335.555512820513
Surocciden,4375,3456.1505128205126
Caribe,4375,4580.753076923077
Oriental,4375,4108.115641025642
Antioquia,4375,2083.284743589744
Nordeste,4375,1835.5003846153843
Oriental,4376,4202.874615384616
Nordeste,4376,1877.8385897435896
Caribe,4376,4686.415
Antioquia,4376,2131.337948717949
Surocciden,4376,3535.8715384615384
Antioquia,4377,2263.140128205128
Nordeste,4377,1993.9646153846152
Caribe,4377,4976.222051282051
Surocciden,4377,3754.529743589744
Oriental,4377,4462.780000000001
Caribe,4378,5258.883846153846
Antioquia,4378,2391.692179487179
Nordeste,4378,2107.226282051282
Surocciden,4378,3967.7958974358976
Oriental,4378,4716.277051282051
Caribe,4379,5442.97717948718
Antioquia,4379,2475.416153846153
Surocciden,4379,4106.692820512821
Oriental,4379,4881.375384615385
Nordeste,4379,2180.99217948718
Nordeste,4380,2258.600641025641
Caribe,4380,5636.659743589744
Surocciden,4380,4252.825641025642
Oriental,4380,5055.073974358975
Antioquia,4380,2563.50141025641
Caribe,4381,5778.683846153846
Surocciden,4381,4359.981025641026
Nordeste,4381,2315.508846153846
Oriental,4381,5182.443974358975
Antioquia,4381,2628.092435897436
Oriental,4382,5160.968589743589
Surocciden,4382,4341.914358974359
Nordeste,4382,2305.913846153846
Caribe,4382,5754.737820512821
Antioquia,4382,2617.2015384615383
Antioquia,4383,2632.4442307692307
Surocciden,4383,4367.200512820513
Caribe,4383,5788.25282051282
Nordeste,4383,2319.3434615384617
Oriental,4383,5191.025128205129
Surocciden,4384,4415.323076923077
Oriental,4384,5248.225256410256
Antioquia,4384,2661.450641025641
Caribe,4384,5852.032948717949
Nordeste,4384,2344.899871794872
Oriental,4385,5237.181923076923
Antioquia,4385,2655.8507692307694
Caribe,4385,5839.719487179487
Nordeste,4385,2339.965769230769
Surocciden,4385,4406.03217948718
Antioquia,4386,2620.7096153846155
Nordeste,4386,2309.004615384615
Oriental,4386,5167.88641025641
Caribe,4386,5762.451153846154
Surocciden,4386,4347.734487179487
Surocciden,4387,4300.711282051282
Oriental,4387,5111.992820512821
Antioquia,4387,2592.365641025641
Caribe,4387,5700.126923076923
Nordeste,4387,2284.0320512820517
Antioquia,4388,2720.133205128205
Caribe,4388,5981.0651282051285
Surocciden,4388,4512.677051282051
Nordeste,4388,2396.603205128205
Oriental,4388,5363.943717948718
Caribe,4389,5971.266025641025
Surocciden,4389,4505.283333333333
Oriental,4389,5355.155384615385
Nordeste,4389,2392.6764102564102
Antioquia,4389,2715.6767948717948
Antioquia,4390,2658.015384615385
Surocciden,4390,4409.623076923077
Nordeste,4390,2341.8728205128205
Oriental,4390,5241.450384615385
Caribe,4390,5844.4778205128205
Oriental,4391,5023.465512820513
Surocciden,4391,4226.232820512821
Caribe,4391,5601.415256410257
Antioquia,4391,2547.471666666667
Nordeste,4391,2244.4778205128205
Oriental,4392,4725.841538461538
Nordeste,4392,2111.499487179487
Caribe,4392,5269.548717948718
Antioquia,4392,2396.5428205128205
Surocciden,4392,3975.842051282051
Antioquia,4393,2095.003076923077
Caribe,4393,4606.517692307692
Surocciden,4393,3475.590769230769
Oriental,4393,4131.221538461539
Nordeste,4393,1845.823846153846
Caribe,4394,4510.33923076923
Surocciden,4394,3403.023076923077
Oriental,4394,4044.9653846153847
Nordeste,4394,1807.2853846153848
Antioquia,4394,2051.262307692308
Nordeste,4395,1742.97
Surocciden,4395,3281.9192307692306
Caribe,4395,4349.829230769231
Oriental,4395,3901.017692307693
Antioquia,4395,1978.2630769230768
Nordeste,4396,1689.043846153846
Oriental,4396,3780.3246153846153
Caribe,4396,4215.249230769231
Surocciden,4396,3180.38
Antioquia,4396,1917.0576923076924
Oriental,4397,3674.714615384616
Caribe,4397,4097.490769230769
Surocciden,4397,3091.5315384615387
Antioquia,4397,1863.500769230769
Nordeste,4397,1641.856153846154
Caribe,4398,4047.2638461538463
Nordeste,4398,1621.7307692307693
Oriental,4398,3629.669230769231
Antioquia,4398,1840.6592307692308
Surocciden,4398,3053.6346153846152
Antioquia,4399,1812.606923076923
Oriental,4399,3574.35923076923
Caribe,4399,3985.589230769231
Surocciden,4399,3007.1030769230774
Nordeste,4399,1597.0184615384617
Antioquia,4400,1774.466923076923
Surocciden,4400,2943.8253846153843
Nordeste,4400,1563.413076923077
Caribe,4400,3901.725384615384
Oriental,4400,3499.1469230769235
Nordeste,4401,1627.0946153846153
Surocciden,4401,3063.733846153846
Oriental,4401,3641.6753846153847
Antioquia,4401,1846.7446153846156
Caribe,4401,4060.6484615384616
Caribe,4402,4272.719230769231
Antioquia,4402,1943.1938461538464
Oriental,4402,3831.8638461538458
Surocciden,4402,3223.740769230769
Nordeste,4402,1712.073076923077
Nordeste,4403,1789.5553846153848
Oriental,4403,4005.283076923077
Caribe,4403,4466.091538461538
Surocciden,4403,3369.6376923076923
Antioquia,4403,2031.1376923076923
Caribe,4404,4640.076153846154
Antioquia,4404,2110.265384615385
Nordeste,4404,1859.2707692307688
Oriental,4404,4161.316153846154
Surocciden,4404,3500.9115384615384
Oriental,4405,4288.92
Surocciden,4405,3608.260769230769
Caribe,4405,4782.359230769231
Nordeste,4405,1916.283076923077
Antioquia,4405,2174.9738461538464
Antioquia,4406,2206.090769230769
Caribe,4406,4850.782307692308
Nordeste,4406,1943.7007692307693
Oriental,4406,4350.284615384615
Surocciden,4406,3659.886153846154
Surocciden,4407,3659.7353846153846
Oriental,4407,4350.1053846153845
Antioquia,4407,2206.0015384615385
Nordeste,4407,1943.6207692307687
Caribe,4407,4850.583076923077
Antioquia,4408,2181.0284615384617
Oriental,4408,4300.859230769231
Nordeste,4408,1921.6176923076923
Caribe,4408,4795.673846153846
Surocciden,4408,3618.305384615385
Antioquia,4409,2165.6676923076925
Surocciden,4409,3592.8215384615387
Caribe,4409,4761.894615384616
Nordeste,4409,1908.0838461538465
Oriental,4409,4270.567692307692
Surocciden,4410,3567.60923076923
Oriental,4410,4240.59923076923
Caribe,4410,4728.4800000000005
Antioquia,4410,2150.4684615384617
Nordeste,4410,1894.6946153846152
Nordeste,4411,1930.253846153846
Antioquia,4411,2190.830769230769
Oriental,4411,4320.19076923077
Surocciden,4411,3634.5684615384616
Caribe,4411,4817.2284615384615
Surocciden,4412,3939.353076923077
Nordeste,4412,2092.1207692307694
Caribe,4412,5221.1876923076925
Antioquia,4412,2374.546923076923
Oriental,4412,4682.470769230769
Oriental,4413,4750.593076923077
Surocciden,4413,3996.666153846154
Nordeste,4413,2122.559230769231
Caribe,4413,5297.15076923077
Antioquia,4413,2409.0946153846157
Antioquia,4414,2379.783846153846
Surocciden,4414,3948.042307692308
Caribe,4414,5232.700769230769
Oriental,4414,4692.796923076923
Nordeste,4414,2096.734615384615
Caribe,4415,5088.299230769231
Surocciden,4415,3839.090769230769
Oriental,4415,4563.292307692308
Nordeste,4415,2038.8738461538464
Antioquia,4415,2314.1115384615387
Nordeste,4416,1949.1153846153843
Oriental,4416,4362.405384615385
Caribe,4416,4864.3
Antioquia,4416,2212.2392307692307
Surocciden,4416,3670.085384615385
Antioquia,5185,2383.015194805195
Caribe,5185,5239.805454545455
Oriental,5185,4699.166493506494
Surocciden,5185,3953.401038961039
Nordeste,5185,2099.581818181818
Caribe,5186,5006.772207792208
Surocciden,5186,3777.578571428571
Antioquia,5186,2277.034285714286
Oriental,5186,4490.178181818182
Nordeste,5186,2006.204935064935
Oriental,5187,4337.676363636364
Surocciden,5187,3649.27987012987
Caribe,5187,4836.724675324675
Nordeste,5187,1938.0675324675328
Antioquia,5187,2199.697792207792
Surocciden,5188,3553.771818181818
Nordeste,5188,1887.3451948051948
Oriental,5188,4224.1506493506495
Antioquia,5188,2142.127792207792
Caribe,5188,4710.138701298702
Antioquia,5189,2110.182987012987
Surocciden,5189,3500.774415584416
Nordeste,5189,1859.1997402597403
Caribe,5189,4639.898571428572
Oriental,5189,4161.157272727272
Caribe,5190,4687.54064935065
Antioquia,5190,2131.84987012987
Oriental,5190,4203.884025974026
Nordeste,5190,1878.2898701298705
Surocciden,5190,3536.720649350649
Surocciden,5191,3650.252467532468
Nordeste,5191,1938.5836363636363
Antioquia,5191,2200.2844155844155
Oriental,5191,4338.831948051948
Caribe,5191,4838.014155844156
Oriental,5192,4401.214675324676
Surocciden,5192,3702.734545454545
Nordeste,5192,1966.4572727272723
Caribe,5192,4907.574155844156
Antioquia,5192,2231.91961038961
Nordeste,5193,2075.9655844155845
Oriental,5193,4646.310909090909
Surocciden,5193,3908.933766233767
Antioquia,5193,2356.211948051948
Caribe,5193,5180.868961038961
Caribe,5194,5497.108701298701
Nordeste,5194,2202.6825974025974
Oriental,5194,4929.921168831169
Surocciden,5194,4147.535064935065
Antioquia,5194,2500.034675324675
Surocciden,5195,4303.402597402597
Caribe,5195,5703.693636363636
Nordeste,5195,2285.4606493506494
Antioquia,5195,2593.9871428571428
Oriental,5195,5115.191818181818
Caribe,5196,5903.161428571429
Antioquia,5196,2684.7029870129877
Surocciden,5196,4453.898961038961
Oriental,5196,5294.078571428571
Nordeste,5196,2365.387012987013
Nordeste,5197,2429.5475324675326
Caribe,5197,6063.283636363636
Surocciden,5197,4574.71
Antioquia,5197,2757.525324675325
Oriental,5197,5437.6787012987015
Surocciden,5198,4564.80064935065
Oriental,5198,5425.89987012987
Nordeste,5198,2424.285194805195
Caribe,5198,6050.149480519481
Antioquia,5198,2751.552337662338
Caribe,5199,6056.404545454546
Antioquia,5199,2754.397532467532
Oriental,5199,5431.51012987013
Nordeste,5199,2426.791688311688
Surocciden,5199,4569.520389610389
Oriental,5200,5466.712337662338
Antioquia,5200,2772.248831168831
Nordeste,5200,2442.5196103896105
Surocciden,5200,4599.135844155844
Caribe,5200,6095.656233766234
Nordeste,5201,2434.686363636364
Oriental,5201,5449.181298701299
Surocciden,5201,4584.386883116883
Antioquia,5201,2763.3587012987014
Caribe,5201,6076.108701298701
Oriental,5202,5363.970779220779
Nordeste,5202,2396.6149350649357
Caribe,5202,5981.0940259740255
Surocciden,5202,4512.69948051948
Antioquia,5202,2720.147012987013
Caribe,5203,5888.328311688312
Antioquia,5203,2677.9576623376624
Nordeste,5203,2359.443896103896
Oriental,5203,5280.775194805195
Surocciden,5203,4442.7074025974025
Nordeste,5204,2493.3336363636363
Antioquia,5204,2829.922207792208
Oriental,5204,5580.4403896103895
Surocciden,5204,4694.815584415584
Caribe,5204,6222.47
Antioquia,5205,2866.311688311688
Surocciden,5205,4755.185324675325
Nordeste,5205,2525.395194805195
Oriental,5205,5652.199220779221
Caribe,5205,6302.484545454546
Oriental,5206,5518.752337662338
Caribe,5206,6153.684415584416
Surocciden,5206,4642.916883116883
Antioquia,5206,2798.638961038961
Nordeste,5206,2465.7706493506494
Surocciden,5207,4450.360000000001
Antioquia,5207,2682.56987012987
Oriental,5207,5289.87051948052
Nordeste,5207,2363.507012987013
Caribe,5207,5898.47
Oriental,5208,4987.764155844156
Surocciden,5208,4196.197532467533
Antioquia,5208,2529.367012987013
Caribe,5208,5561.605584415584
Nordeste,5208,2228.5254545454545
Surocciden,5209,3967.557692307693
Antioquia,5209,2391.5492307692307
Oriental,5209,4715.997692307692
Nordeste,5209,2107.100769230769
Caribe,5209,5258.571538461538
Oriental,5210,4277.388461538461
Antioquia,5210,2169.126923076923
Surocciden,5210,3598.5592307692305
Nordeste,5210,1911.1307692307691
Caribe,5210,4769.501538461539
Surocciden,5211,3474.9146153846154
Oriental,5211,4130.418461538462
Antioquia,5211,2094.595384615385
Caribe,5211,4605.621538461539
Nordeste,5211,1845.4676923076925
Oriental,5212,4041.679230769231
Surocciden,5212,3400.256153846154
Caribe,5212,4506.673846153846
Nordeste,5212,1805.8161538461536
Antioquia,5212,2049.5938461538462
Surocciden,5213,3378.717692307692
Nordeste,5213,1794.3776923076923
Antioquia,5213,2036.6092307692304
Caribe,5213,4478.123076923077
Oriental,5213,4016.0746153846153
Nordeste,5214,1829.8707692307687
Surocciden,5214,3445.548461538461
Caribe,5214,4566.702307692308
Antioquia,5214,2076.894615384615
Oriental,5214,4095.513076923077
Caribe,5215,4785.774615384616
Surocciden,5215,3610.839230769231
Nordeste,5215,1917.6530769230767
Antioquia,5215,2176.527692307692
Oriental,5215,4291.982307692308
Caribe,5216,4916.232307692308
Oriental,5216,4408.9807692307695
Surocciden,5216,3709.2669230769234
Antioquia,5216,2235.856923076923
Nordeste,5216,1969.926923076923
Antioquia,5217,2377.710769230769
Surocciden,5217,3944.603076923077
Oriental,5217,4688.708461538461
Nordeste,5217,2094.908461538462
Caribe,5217,5228.143076923077
Oriental,5218,4987.289230769231
Surocciden,5218,4195.799230769231
Antioquia,5218,2529.126153846154
Nordeste,5218,2228.3153846153846
Caribe,5218,5561.076923076923
Nordeste,5219,2318.3830769230767
Caribe,5219,5785.852307692308
Oriental,5219,5188.873076923077
Antioquia,5219,2631.352307692308
Surocciden,5219,4365.391538461538
Nordeste,5220,2402.5815384615385
Antioquia,5220,2726.9192307692306
Caribe,5220,5995.983846153846
Surocciden,5220,4523.933846153846
Oriental,5220,5377.324615384616
Surocciden,5221,4649.83076923077
Oriental,5221,5526.97
Nordeste,5221,2469.440769230769
Antioquia,5221,2802.806923076923
Caribe,5221,6162.846923076922
Oriental,5222,5513.473076923076
Nordeste,5222,2463.412307692308
Surocciden,5222,4638.476153846154
Antioquia,5222,2795.963076923077
Caribe,5222,6147.799230769231
Antioquia,5223,2811.774615384616
Nordeste,5223,2477.3446153846157
Surocciden,5223,4664.708461538461
Oriental,5223,5544.654615384615
Caribe,5223,6182.565384615384
Antioquia,5224,2848.583846153846
Oriental,5224,5617.24076923077
Nordeste,5224,2509.7753846153846
Caribe,5224,6263.503076923076
Surocciden,5224,4725.774615384616
Nordeste,5225,2504.902307692308
Antioquia,5225,2843.053076923077
Surocciden,5225,4716.59923076923
Caribe,5225,6251.342307692307
Oriental,5225,5606.334615384616
Antioquia,5226,2796.7184615384617
Surocciden,5226,4639.7307692307695
Oriental,5226,5514.963076923077
Nordeste,5226,2464.0784615384614
Caribe,5226,6149.46076923077
Antioquia,5227,2735.597692307692
Surocciden,5227,4538.329230769231
Nordeste,5227,2410.2253846153844
Caribe,5227,6015.0653846153855
Oriental,5227,5394.436923076923
Surocciden,5228,4781.263846153846
Oriental,5228,5683.196923076923
Antioquia,5228,2882.032307692308
Nordeste,5228,2539.243846153846
Caribe,5228,6337.047692307692
Oriental,5229,5767.835384615385
Nordeste,5229,2577.059230769231
Caribe,5229,6431.422307692308
Surocciden,5229,4852.468461538461
Antioquia,5229,2924.951538461539
Oriental,5230,5636.373846153846
Caribe,5230,6284.838461538461
Nordeste,5230,2518.3246153846158
Surocciden,5230,4741.873076923077
Antioquia,5230,2858.286923076924
Nordeste,5231,2409.8038461538463
Surocciden,5231,4537.534615384615
Caribe,5231,6014.01
Antioquia,5231,2735.1176923076923
Oriental,5231,5393.491538461539
Antioquia,5232,2557.933076923077
Nordeste,5232,2253.693846153846
Caribe,5232,5624.415384615384
Surocciden,5232,4243.586923076923
Oriental,5232,5044.093846153846
Caribe,5233,5257.962405063291
Surocciden,5233,3967.100886075949
Nordeste,5233,2106.856708860759
Oriental,5233,4715.450379746836
Antioquia,5233,2391.2732911392404
Oriental,5234,4506.072151898735
Surocciden,5234,3790.9511392405066
Nordeste,5234,2013.307088607595
Caribe,5234,5024.495443037975
Antioquia,5234,2285.0945569620253
Caribe,5235,4851.310126582279
Oriental,5235,4350.755949367089
Antioquia,5235,2206.3312658227846
Surocciden,5235,3660.283417721519
Nordeste,5235,1943.912025316456
Nordeste,5236,1893.3988607594936
Surocciden,5236,3565.169873417721
Antioquia,5236,2148.998607594937
Caribe,5236,4725.246708860759
Oriental,5236,4237.699746835443
Antioquia,5237,2119.963797468354
Oriental,5237,4180.446202531645
Surocciden,5237,3517.0022784810126
Nordeste,5237,1867.8177215189876
Caribe,5237,4661.406075949368
Nordeste,5238,1897.113164556962
Oriental,5238,4246.013164556962
Caribe,5238,4734.51670886076
Surocciden,5238,3572.163924050633
Antioquia,5238,2153.214430379747
Antioquia,5239,2238.207848101266
Caribe,5239,4921.399240506329
Nordeste,5239,1971.9969620253169
Surocciden,5239,3713.1659493670886
Oriental,5239,4413.614683544304
Caribe,5240,4991.497215189873
Oriental,5240,4476.478860759494
Surocciden,5240,3766.05417721519
Antioquia,5240,2270.087594936709
Nordeste,5240,2000.084683544304
Surocciden,5241,3977.4996202531647
Oriental,5241,4727.811898734178
Antioquia,5241,2397.541265822785
Caribe,5241,5271.745569620253
Nordeste,5241,2112.380253164557
Antioquia,5242,2532.868860759494
Caribe,5242,5569.3049367088615
Nordeste,5242,2231.6108860759496
Oriental,5242,4994.669367088608
Surocciden,5242,4202.0064556962025
Oriental,5243,5171.021265822785
Antioquia,5243,2622.299620253165
Caribe,5243,5765.947088607595
Surocciden,5243,4350.371139240507
Nordeste,5243,2310.40582278481
Caribe,5244,5971.246455696202
Antioquia,5244,2715.667341772152
Oriental,5244,5355.137341772152
Nordeste,5244,2392.668860759494
Surocciden,5244,4505.268607594936
Antioquia,5245,2786.721518987342
Caribe,5245,6127.479620253164
Surocciden,5245,4623.145696202531
Nordeste,5245,2455.2708860759494
Oriental,5245,5495.251772151899
Surocciden,5246,4596.331139240506
Caribe,5246,6091.939873417721
Antioquia,5246,2770.558227848101
Oriental,5246,5463.378227848101
Nordeste,5246,2441.0315189873418
Caribe,5247,6117.006202531646
Nordeste,5247,2451.074683544304
Antioquia,5247,2781.9588607594937
Oriental,5247,5485.858227848101
Surocciden,5247,4615.244556962026
Surocciden,5248,4652.336962025316
Nordeste,5248,2470.7743037974683
Oriental,5248,5529.9496202531645
Caribe,5248,6166.169493670886
Antioquia,5248,2804.3174683544303
Antioquia,5249,2798.36
Nordeste,5249,2465.525569620253
Caribe,5249,6153.070379746835
Surocciden,5249,4642.454303797468
Oriental,5249,5518.201772151899
Antioquia,5250,2756.7562025316456
Caribe,5250,6061.59
Surocciden,5250,4573.433164556962
Oriental,5250,5436.160506329114
Nordeste,5250,2428.868860759494
Nordeste,5251,2375.2069620253164
Antioquia,5251,2695.8483544303795
Oriental,5251,5316.055063291139
Surocciden,5251,4472.388101265822
Caribe,5251,5927.667088607595
Oriental,5252,5600.102658227848
Nordeste,5252,2502.118227848101
Surocciden,5252,4711.3569620253165
Antioquia,5252,2839.892911392405
Caribe,5252,6244.393797468354
Nordeste,5253,2555.917848101266
Caribe,5253,6378.658734177215
Surocciden,5253,4812.658101265823
Antioquia,5253,2900.95506329114
Oriental,5253,5720.51329113924
Oriental,5254,5595.768860759494
Nordeste,5254,2500.1822784810124
Antioquia,5254,2837.695316455696
Surocciden,5254,4707.710379746835
Caribe,5254,6239.560379746836
Antioquia,5255,2712.8551898734177
Nordeste,5255,2390.1897468354427
Surocciden,5255,4500.602278481013
Oriental,5255,5349.591139240507
Caribe,5255,5965.060506329114
Surocciden,5256,4222.274430379747
Antioquia,5256,2545.0859493670887
Caribe,5256,5596.167594936709
Nordeste,5256,2242.375696202532
Oriental,5256,5018.760379746836
Surocciden,5257,3950.583076923077
Oriental,5257,4695.816923076924
Caribe,5257,5236.068461538462
Antioquia,5257,2381.316153846154
Nordeste,5257,2098.083846153846
Antioquia,5258,2153.94
Surocciden,5258,3573.3676923076923
Oriental,5258,4247.442307692308
Caribe,5258,4736.109230769231
Nordeste,5258,1897.7515384615383
Caribe,5259,4580.177692307692
Antioquia,5259,2083.0223076923075
Oriental,5259,4107.59923076923
Nordeste,5259,1835.27
Surocciden,5259,3455.717692307692
Surocciden,5260,3376.1584615384613
Antioquia,5260,2035.0676923076924
Caribe,5260,4474.732307692308
Nordeste,5260,1793.0192307692307
Oriental,5260,4013.0338461538463
Surocciden,5261,3342.649230769231
Caribe,5261,4430.318461538462
Antioquia,5261,2014.8692307692304
Nordeste,5261,1775.22
Oriental,5261,3973.201538461539
Nordeste,5262,1815.3315384615385
Caribe,5262,4530.42
Oriental,5262,4062.974615384616
Surocciden,5262,3418.173846153846
Antioquia,5262,2060.393076923077
Antioquia,5263,2163.456923076923
Caribe,5263,4757.036153846154
Oriental,5263,4266.209230769231
Surocciden,5263,3589.154615384616
Nordeste,5263,1906.136923076923
Antioquia,5264,2204.493076923077
Oriental,5264,4347.131538461539
Surocciden,5264,3657.2353846153846
Caribe,5264,4847.27
Nordeste,5264,1942.293076923077
Antioquia,5265,2344.0084615384617
Surocciden,5265,3888.687692307693
Nordeste,5265,2065.213076923077
Oriental,5265,4622.246153846154
Caribe,5265,5154.034615384615
Surocciden,5266,4131.619230769231
Nordeste,5266,2194.230769230769
Oriental,5266,4911.003846153846
Antioquia,5266,2490.441538461538
Caribe,5266,5476.014615384615
Nordeste,5267,2282.556153846154
Antioquia,5267,2590.691538461538
Oriental,5267,5108.6900000000005
Surocciden,5267,4297.932307692307
Caribe,5267,5696.444615384616
Caribe,5268,5919.083076923077
Antioquia,5268,2691.9438461538466
Surocciden,5268,4465.911538461538
Nordeste,5268,2371.765384615385
Oriental,5268,5308.356923076923
Antioquia,5269,2770.186153846153
Caribe,5269,6091.12
Oriental,5269,5462.644615384616
Nordeste,5269,2440.702307692308
Surocciden,5269,4595.713076923077
Caribe,5270,6076.820000000001
Oriental,5270,5449.818461538462
Nordeste,5270,2434.972307692308
Surocciden,5270,4584.924615384615
Antioquia,5270,2763.683076923077
Oriental,5271,5484.616923076924
Caribe,5271,6115.62
Antioquia,5271,2781.328461538462
Nordeste,5271,2450.519230769231
Surocciden,5271,4614.196923076923
Caribe,5272,6185.2730769230775
Surocciden,5272,4666.751538461538
Nordeste,5272,2478.4284615384613
Oriental,5272,5547.08
Antioquia,5272,2813.004615384615
Antioquia,5273,2816.746923076923
Nordeste,5273,2481.726153846154
Oriental,5273,5554.461538461538
Surocciden,5273,4672.960769230769
Caribe,5273,6193.501538461539
Nordeste,5274,2439.9884615384613
Caribe,5274,6089.34076923077
Oriental,5274,5461.047692307692
Antioquia,5274,2769.376923076923
Surocciden,5274,4594.37
Surocciden,5275,4477.81
Antioquia,5275,2699.116923076923
Nordeste,5275,2378.086923076923
Oriental,5275,5322.500769230769
Caribe,5275,5934.853846153847
Caribe,5276,6253.418461538462
Antioquia,5276,2843.9976923076924
Surocciden,5276,4718.166923076923
Oriental,5276,5608.196153846154
Nordeste,5276,2505.734615384615
Surocciden,5277,4838.679999999999
Caribe,5277,6413.1461538461535
Nordeste,5277,2569.736923076923
Oriental,5277,5751.443076923077
Antioquia,5277,2916.6407692307694
Surocciden,5278,4740.790769230769
Antioquia,5278,2857.633076923077
Caribe,5278,6283.404615384615
Oriental,5278,5635.086153846153
Nordeste,5278,2517.748461538461
Surocciden,5279,4524.856923076923
Oriental,5279,5378.421538461538
Antioquia,5279,2727.4746153846154
Caribe,5279,5997.206923076923
Nordeste,5279,2403.072307692308
Surocciden,5280,4219.943846153847
Oriental,5280,5015.988461538462
Nordeste,5280,2241.1376923076923
Caribe,5280,5593.076153846153
Antioquia,5280,2543.679230769231
Surocciden,5281,4119.022025316455
Oriental,5281,4896.0302531645575
Antioquia,5281,2482.8488607594936
Nordeste,5281,2187.540126582279
Caribe,5281,5459.318481012658
Oriental,5282,4670.078227848101
Caribe,5282,5207.370379746835
Nordeste,5282,2086.5850632911392
Surocciden,5282,3928.9288607594935
Antioquia,5282,2368.2645569620254
Oriental,5283,4505.763544303798
Caribe,5283,5024.15164556962
Surocciden,5283,3790.6912658227848
Nordeste,5283,2013.1688607594936
Antioquia,5283,2284.93835443038
Oriental,5284,4385.653670886076
Nordeste,5284,1959.505063291139
Surocciden,5284,3689.643164556962
Antioquia,5284,2224.0286075949366
Caribe,5284,4890.22329113924
Caribe,5285,4819.671772151899
Oriental,5285,4322.383291139241
Antioquia,5285,2191.9422784810126
Surocciden,5285,3636.413037974683
Nordeste,5285,1931.234810126582
Oriental,5286,4372.168734177216
Nordeste,5286,1953.4786075949369
Antioquia,5286,2217.1898734177216
Caribe,5286,4875.185443037975
Surocciden,5286,3678.297974683544
Nordeste,5287,2010.61582278481
Antioquia,5287,2282.039873417721
Caribe,5287,5017.780379746836
Oriental,5287,4500.049493670886
Surocciden,5287,3785.883924050633
Caribe,5288,5103.9592405063295
Antioquia,5288,2321.2337974683546
Surocciden,5288,3850.905696202532
Nordeste,5288,2045.148101265823
Oriental,5288,4577.336708860759
Surocciden,5289,4082.23
Oriental,5289,4852.297974683544
Caribe,5289,5410.5543037974685
Nordeste,5289,2168.0
Antioquia,5289,2460.67
Surocciden,5290,4315.695569620253
Caribe,5290,5719.987848101266
Antioquia,5290,2601.397848101266
Nordeste,5290,2291.989746835443
Oriental,5290,5129.804430379747
Surocciden,5291,4469.894683544304
Oriental,5291,5313.090379746835
Antioquia,5291,2694.3450632911395
Nordeste,5291,2373.881772151899
Caribe,5291,5924.361012658228
Caribe,5292,6136.602531645569
Nordeste,5292,2458.9260759493677
Oriental,5292,5503.433037974683
Surocciden,5292,4630.028607594937
Antioquia,5292,2790.870759493671
Nordeste,5293,2523.2711392405063
Caribe,5293,6297.185189873418
Oriental,5293,5647.446962025317
Antioquia,5293,2863.9018987341774
Surocciden,5293,4751.187215189873
Surocciden,5294,4734.370379746835
Caribe,5294,6274.895949367089
Nordeste,5294,2514.340886075949
Antioquia,5294,2853.7643037974685
Oriental,5294,5627.457341772152
Nordeste,5295,2525.828734177215
Oriental,5295,5653.168860759494
Caribe,5295,6303.566075949367
Antioquia,5295,2866.803670886076
Surocciden,5295,4756.002151898734
Surocciden,5296,4796.622405063291
Nordeste,5296,2547.401265822785
Antioquia,5296,2891.2896202531647
Caribe,5296,6357.403924050633
Oriental,5296,5701.452784810127
Caribe,5297,6336.081772151899
Antioquia,5297,2881.59164556962
Surocciden,5297,4780.534936708861
Oriental,5297,5682.330632911392
Nordeste,5297,2538.8575949367087
Oriental,5298,5601.752911392405
Nordeste,5298,2502.8559493670887
Antioquia,5298,2840.7306329113926
Caribe,5298,6246.234810126583
Surocciden,5298,4712.74582278481
Nordeste,5299,2440.325063291139
Surocciden,5299,4595.004050632912
Caribe,5299,6090.180759493671
Antioquia,5299,2769.758101265823
Oriental,5299,5461.800253164557
Surocciden,5300,4793.215063291139
Antioquia,5300,2889.234683544304
Caribe,5300,6352.887215189874
Nordeste,5300,2545.591265822785
Oriental,5300,5697.401898734177
Antioquia,5301,2977.5648101265824
Surocciden,5301,4939.752911392405
Oriental,5301,5871.583164556962
Nordeste,5301,2623.415443037975
Caribe,5301,6547.107974683545
Oriental,5302,5765.747341772151
Antioquia,5302,2923.8937974683545
Surocciden,5302,4850.7131645569625
Caribe,5302,6429.095443037974
Nordeste,5302,2576.127848101266
Nordeste,5303,2472.194050632911
Antioquia,5303,2805.928860759493
Oriental,5303,5533.126835443039
Caribe,5303,6169.712151898734
Surocciden,5303,4655.009620253165
Surocciden,5304,4382.715443037975
Oriental,5304,5209.4664556962025
Caribe,5304,5808.814556962025
Nordeste,5304,2327.5822784810125
Antioquia,5304,2641.795569620253
Caribe,5305,5355.832307692308
Oriental,5305,4803.221538461538
Nordeste,5305,2146.0730769230768
Antioquia,5305,2435.783076923077
Surocciden,5305,4040.943076923077
Nordeste,5306,1964.636923076923
Caribe,5306,4903.029230769231
Oriental,5306,4397.138461538461
Surocciden,5306,3699.303846153846
Antioquia,5306,2229.853846153846
Antioquia,5307,2153.2053846153844
Nordeste,5307,1897.106923076923
Surocciden,5307,3572.1515384615386
Oriental,5307,4245.998461538462
Caribe,5307,4734.500769230769
Antioquia,5308,2099.9907692307693
Caribe,5308,4617.487692307692
Oriental,5308,4141.058461538461
Nordeste,5308,1850.2192307692308
Surocciden,5308,3483.8646153846157
Caribe,5309,4562.61076923077
Surocciden,5309,3442.462307692308
Antioquia,5309,2075.034615384616
Nordeste,5309,1828.2307692307693
Oriental,5309,4091.844615384616
Nordeste,5310,1855.5246153846156
Oriental,5310,4152.932307692308
Surocciden,5310,3493.856923076923
Antioquia,5310,2106.013076923077
Caribe,5310,4630.729230769231
Caribe,5311,4775.5207692307695
Oriental,5311,4282.788461538462
Surocciden,5311,3603.102307692308
Nordeste,5311,1913.543846153846
Antioquia,5311,2171.8646153846157
Antioquia,5312,2203.6930769230767
Oriental,5312,4345.554615384615
Nordeste,5312,1941.5876923076924
Caribe,5312,4845.510769230769
Surocciden,5312,3655.908461538461
Antioquia,5313,2346.67
Surocciden,5313,3893.104615384616
Nordeste,5313,2067.558461538462
Caribe,5313,5159.890769230769
Oriental,5313,4627.499230769231
Caribe,5314,5481.681538461538
Oriental,5314,4916.084615384615
Surocciden,5314,4135.8938461538455
Antioquia,5314,2493.018461538461
Nordeste,5314,2196.5015384615385
Surocciden,5315,4306.029230769231
Oriental,5315,5118.314615384616
Caribe,5315,5707.177692307692
Nordeste,5315,2286.856153846154
Antioquia,5315,2595.572307692308
Antioquia,5316,2703.245384615385
Nordeste,5316,2381.723076923077
Oriental,5316,5330.642307692308
Surocciden,5316,4484.66
Caribe,5316,5943.931538461538
Surocciden,5317,4618.58076923077
Antioquia,5317,2783.9700000000003
Oriental,5317,5489.826153846154
Nordeste,5317,2452.846923076923
Caribe,5317,6121.429230769231
Surocciden,5318,4617.699230769231
Oriental,5318,5488.775384615385
Caribe,5318,6120.25923076923
Nordeste,5318,2452.377692307692
Antioquia,5318,2783.4376923076925
Caribe,5319,6157.170769230769
Oriental,5319,5521.87923076923
Antioquia,5319,2800.2246153846154
Surocciden,5319,4645.547692307692
Nordeste,5319,2467.168461538461
Antioquia,5320,2819.6969230769228
Nordeste,5320,2484.326153846154
Oriental,5320,5560.28
Surocciden,5320,4677.853846153847
Caribe,5320,6199.988461538462
Antioquia,5321,2808.454615384615
Nordeste,5321,2474.42
Caribe,5321,6175.2715384615385
Surocciden,5321,4659.203076923077
Oriental,5321,5538.111538461539
Surocciden,5322,4594.312307692308
Caribe,5322,6089.263076923076
Nordeste,5322,2439.958461538461
Oriental,5322,5460.977692307692
Antioquia,5322,2769.34
Oriental,5323,5339.017692307692
Caribe,5323,5953.2715384615385
Nordeste,5323,2385.4653846153847
Antioquia,5323,2707.4915384615383
Surocciden,5323,4491.706153846154
Caribe,5324,6239.281538461539
Antioquia,5324,2837.5684615384616
Oriental,5324,5595.516923076923
Nordeste,5324,2500.070769230769
Surocciden,5324,4707.501538461538
Caribe,5325,6446.630769230769
Nordeste,5325,2583.153846153846
Surocciden,5325,4863.943846153847
Antioquia,5325,2931.8676923076923
Oriental,5325,5781.472307692307
Surocciden,5326,4788.743076923077
Nordeste,5326,2543.216923076923
Antioquia,5326,2886.5415384615385
Caribe,5326,6346.961538461538
Oriental,5326,5692.086923076923
Surocciden,5327,4594.956923076923
Nordeste,5327,2440.3015384615383
Oriental,5327,5461.746153846154
Antioquia,5327,2769.730769230769
Caribe,5327,6090.119230769231
Nordeste,5328,2287.762307692308
Antioquia,5328,2596.6015384615384
Oriental,5328,5120.346153846154
Caribe,5328,5709.441538461539
Surocciden,5328,4307.739230769231
Caribe,5329,5691.064615384616
Antioquia,5329,2588.243846153846
Surocciden,5329,4293.873076923077
Nordeste,5329,2280.399743589744
Oriental,5329,5103.865512820513
Caribe,5330,5442.071666666667
Nordeste,5330,2180.629358974359
Surocciden,5330,4106.00923076923
Antioquia,5330,2475.004487179487
Oriental,5330,4880.5629487179485
Antioquia,5331,2390.1253846153845
Surocciden,5331,3965.196666666667
Oriental,5331,4713.187307692308
Nordeste,5331,2105.846153846154
Caribe,5331,5255.438974358975
Oriental,5332,4591.8151282051285
Antioquia,5332,2328.5757692307693
Caribe,5332,5120.102435897436
Nordeste,5332,2051.616923076923
Surocciden,5332,3863.0858974358976
Antioquia,5333,2292.898974358974
Caribe,5333,5041.656025641026
Oriental,5333,4521.463076923077
Surocciden,5333,3803.89858974359
Nordeste,5333,2020.183076923077
Surocciden,5334,3847.160641025641
Nordeste,5334,2043.158717948718
Oriental,5334,4572.885384615384
Antioquia,5334,2318.976025641026
Caribe,5334,5098.995256410257
Nordeste,5335,2100.316153846154
Antioquia,5335,2383.849230769231
Surocciden,5335,3954.784743589744
Oriental,5335,4700.8116666666665
Caribe,5335,5241.638717948718
Caribe,5336,5326.311923076923
Antioquia,5336,2422.357307692308
Oriental,5336,4776.747307692307
Nordeste,5336,2134.244487179488
Surocciden,5336,4018.669615384615
Oriental,5337,5052.876153846153
Antioquia,5337,2562.3870512820517
Caribe,5337,5634.209230769231
Surocciden,5337,4250.9764102564095
Nordeste,5337,2257.6182051282053
Nordeste,5338,2382.5594871794874
Oriental,5338,5332.51282051282
Antioquia,5338,2704.194102564102
Caribe,5338,5946.017179487179
Surocciden,5338,4486.234615384616
Antioquia,5339,2801.0267948717947
Oriental,5339,5523.459871794872
Surocciden,5339,4646.878076923077
Caribe,5339,6158.933589743589
Nordeste,5339,2467.874487179487
Antioquia,5340,2899.8192307692307
Surocciden,5340,4810.774230769231
Caribe,5340,6376.160897435897
Nordeste,5340,2554.9170512820515
Oriental,5340,5718.273974358975
Antioquia,5341,2973.047692307692
Nordeste,5341,2619.436153846153
Caribe,5341,6537.177051282051
Oriental,5341,5862.67641025641
Surocciden,5341,4932.25923076923
Nordeste,5342,2614.312051282051
Oriental,5342,5851.208461538462
Caribe,5342,6524.389358974359
Surocciden,5342,4922.611923076923
Antioquia,5342,2967.2328205128206
Antioquia,5343,2980.297051282052
Surocciden,5343,4944.286538461538
Oriental,5343,5876.972051282051
Caribe,5343,6553.116923076923
Nordeste,5343,2625.8234615384617
Antioquia,5344,3004.646794871795
Caribe,5344,6606.657948717949
Nordeste,5344,2647.277051282051
Surocciden,5344,4984.682564102564
Oriental,5344,5924.98858974359
Antioquia,5345,2996.202435897436
Surocciden,5345,4970.674102564103
Nordeste,5345,2639.836923076923
Caribe,5345,6588.089871794872
Oriental,5345,5908.336794871795
Antioquia,5346,2957.165256410256
Caribe,5346,6502.253461538462
Nordeste,5346,2605.441923076923
Oriental,5346,5831.356538461539
Surocciden,5346,4905.909743589744
Surocciden,5347,4871.305512820513
Caribe,5347,6456.388589743589
Nordeste,5347,2587.064230769231
Oriental,5347,5790.224102564102
Antioquia,5347,2936.3064102564103
Surocciden,5348,5134.551153846153
Antioquia,5348,3094.984615384615
Caribe,5348,6805.29282051282
Nordeste,5348,2726.8697435897434
Oriental,5348,6103.127692307693
Surocciden,5349,5133.962179487179
Oriental,5349,6102.428205128205
Nordeste,5349,2726.5565384615384
Caribe,5349,6804.512179487179
Antioquia,5349,3094.629358974359
Surocciden,5350,5029.987948717949
Oriental,5350,5978.839230769231
Nordeste,5350,2671.337051282052
Antioquia,5350,3031.955897435897
Caribe,5350,6666.703461538462
Oriental,5351,5741.691666666667
Surocciden,5351,4830.474743589744
Antioquia,5351,2911.694743589744
Caribe,5351,6402.272307692308
Nordeste,5351,2565.380128205128
Antioquia,5352,2746.681666666667
Surocciden,5352,4556.719743589744
Nordeste,5352,2419.9932051282053
Caribe,5352,6039.438717948719
Oriental,5352,5416.294615384615
Antioquia,5353,2578.256153846154
Oriental,5353,5084.171538461539
Surocciden,5353,4277.304615384615
Nordeste,5353,2271.6
Caribe,5353,5669.103846153847
Oriental,5354,4566.12
Caribe,5354,5091.452307692308
Surocciden,5354,3841.47
Antioquia,5354,2315.546923076923
Nordeste,5354,2040.1361538461535
Oriental,5355,4406.807692307692
Nordeste,5355,1968.956923076923
Antioquia,5355,2234.756923076923
Surocciden,5355,3707.4407692307695
Caribe,5355,4913.81
Nordeste,5356,1923.4538461538464
Caribe,5356,4800.253076923077
Surocciden,5356,3621.760769230769
Oriental,5356,4304.966923076923
Antioquia,5356,2183.1115384615387
Caribe,5357,4757.512307692308
Antioquia,5357,2163.6715384615386
Surocciden,5357,3589.514615384616
Oriental,5357,4266.635384615385
Nordeste,5357,1906.3284615384616
Surocciden,5358,3657.976923076923
Oriental,5358,4348.012307692308
Antioquia,5358,2204.938461538461
Caribe,5358,4848.248461538461
Nordeste,5358,1942.6853846153847
Surocciden,5359,3797.103846153846
Caribe,5359,5032.652307692308
Antioquia,5359,2288.8038461538463
Nordeste,5359,2016.5753846153848
Oriental,5359,4513.388461538461
Antioquia,5360,2347.783846153846
Caribe,5360,5162.334615384616
Nordeste,5360,2068.538461538461
Surocciden,5360,3894.9492307692312
Oriental,5360,4629.6900000000005
Oriental,5361,4945.952307692308
Surocciden,5361,4161.0215384615385
Caribe,5361,5514.983076923077
Antioquia,5361,2508.1638461538464
Nordeste,5361,2209.8438461538462
Nordeste,5362,2346.518461538461
Caribe,5362,5856.073846153847
Surocciden,5362,4418.371538461539
Oriental,5362,5251.84923076923
Antioquia,5362,2663.287692307692
Nordeste,5363,2437.5415384615385
Caribe,5363,6083.233076923077
Surocciden,5363,4589.761538461538
Oriental,5363,5455.570000000001
Antioquia,5363,2766.599230769231
Antioquia,5364,2878.2607692307693
Nordeste,5364,2535.923846153846
Caribe,5364,6328.758461538461
Surocciden,5364,4775.010769230769
Oriental,5364,5675.763076923076
Caribe,5365,6515.474615384615
Antioquia,5365,2963.1769230769232
Oriental,5365,5843.214615384616
Nordeste,5365,2610.74
Surocciden,5365,4915.886153846153
Nordeste,5366,2606.526923076923
Caribe,5366,6504.96
Antioquia,5366,2958.3969230769235
Surocciden,5366,4907.952307692308
Oriental,5366,5833.782307692308
Antioquia,5367,2985.920769230769
Nordeste,5367,2630.776153846154
Oriental,5367,5888.060769230769
Surocciden,5367,4953.614615384615
Caribe,5367,6565.483076923077
Caribe,5368,6624.21076923077
Antioquia,5368,3012.63
Oriental,5368,5940.732307692308
Nordeste,5368,2654.3115384615385
Surocciden,5368,4997.927692307692
Surocciden,5369,4987.820000000001
Nordeste,5369,2648.942307692308
Oriental,5369,5928.716923076923
Antioquia,5369,3006.538461538461
Caribe,5369,6610.814615384616
Nordeste,5370,2624.433846153846
Oriental,5370,5873.859230769231
Antioquia,5370,2978.7200000000003
Caribe,5370,6549.646923076924
Surocciden,5370,4941.66923076923
Oriental,5371,5824.146923076924
Antioquia,5371,2953.509230769231
Caribe,5371,6494.213846153846
Surocciden,5371,4899.845384615384
Nordeste,5371,2602.2215384615383
Surocciden,5372,5148.058461538461
Caribe,5372,6823.195384615384
Antioquia,5372,3103.126153846154
Oriental,5372,6119.183846153846
Nordeste,5372,2734.043076923077
Surocciden,5373,5166.606923076923
Oriental,5373,6141.229230769231
Caribe,5373,6847.776153846154
Nordeste,5373,2743.893076923077
Antioquia,5373,3114.305384615385
Nordeste,5374,2691.9015384615386
Oriental,5374,6024.865384615385
Surocciden,5374,5068.709230769231
Caribe,5374,6718.025384615385
Antioquia,5374,3055.296923076923
Surocciden,5375,4863.884615384615
Oriental,5375,5781.403076923078
Nordeste,5375,2583.1223076923075
Caribe,5375,6446.551538461538
Antioquia,5375,2931.8307692307694
Nordeste,5376,2426.441538461538
Oriental,5376,5430.725384615384
Surocciden,5376,4568.86
Caribe,5376,6055.528461538461
Antioquia,5376,2753.998461538462
